SERIALNO,SPORDER,PWGTP,AGEP,SEX,RAC1P,HISP,SCHL,PINCP,POVPIP,OCCP,COW,ESR,CIT,MAR,NATIVITY,PUMA,ADJINC
2024BG0000001,1,844.37,63,2,6,1,7,17627,125,9800,1,1,1,3,1,2900105,1000000
2024BG0000002,1,844.37,43,1,4,1,13,161594,501,7000,1,1,1,1,1,2900101,1000000
2024BG0000003,1,844.37,64,2,1,1,5,21144,151,5000,1,1,5,1,1,2900102,1000000
2024BG0000004,1,844.37,16,2,3,1,16,18295,130,0,0,6,1,5,1,2900107,1000000
2024BG0000005,1,844.37,9,2,1,1,3,2589,18,0,0,6,1,5,1,2900107,1000000
2024BG0000006,1,844.37,7,1,6,1,9,12532,89,0,0,6,1,5,1,2900105,1000000
2024BG0000007,1,844.37,50,1,1,1,12,27559,196,6000,3,1,1,1,1,2900107,1000000
2024BG0000008,1,844.37,57,2,7,1,7,3153,22,9000,1,2,1,1,1,2900101,1000000
2024BG0000009,1,844.37,16,1,7,1,16,18685,133,0,0,6,1,5,1,2900100,1000000
2024BG0000010,1,844.37,44,1,2,1,9,8838,63,4000,1,1,1,1,1,2900104,1000000
2024BG0000011,1,844.37,74,1,5,1,7,5667,40,0,0,6,1,1,1,2900103,1000000
2024BG0000012,1,844.37,21,2,1,1,17,30863,220,4000,1,1,1,5,1,2900107,1000000
2024BG0000013,1,844.37,28,1,3,1,5,26453,188,9800,1,1,1,1,1,2900104,1000000
2024BG0000014,1,844.37,51,2,1,1,6,69569,496,5000,1,1,1,5,1,2900106,1000000
2024BG0000015,1,844.37,26,1,2,1,8,9174,65,5000,4,1,5,5,1,2900103,1000000
2024BG0000016,1,844.37,16,2,1,1,16,12257,87,0,0,6,1,5,2,2900105,1000000
2024BG0000017,1,844.37,41,1,5,1,9,35524,253,4000,2,1,1,5,1,2900100,1000000
2024BG0000018,1,844.37,40,2,2,1,11,35411,252,7000,1,1,1,5,1,2900101,1000000
2024BG0000019,1,844.37,19,1,1,1,17,53186,379,6000,1,1,1,5,1,2900101,1000000
2024BG0000020,1,844.37,30,1,2,1,12,76808,501,5000,3,3,1,1,1,2900104,1000000
2024BG0000021,1,844.37,94,2,4,1,7,18289,130,0,0,6,1,1,1,2900107,1000000
2024BG0000022,1,844.37,41,1,5,1,6,10555,75,9000,1,1,1,3,1,2900103,1000000
2024BG0000023,1,844.37,26,1,1,1,15,41981,299,4000,1,1,1,1,1,2900106,1000000
2024BG0000024,1,844.37,57,2,5,1,11,53770,384,1000,1,1,1,1,1,2900106,1000000
2024BG0000025,1,844.37,6,2,1,1,7,5260,37,0,0,6,1,5,1,2900101,1000000
2024BG0000026,1,844.37,36,2,1,1,14,55289,394,7000,1,1,5,1,1,2900105,1000000
2024BG0000027,1,844.37,38,2,2,1,5,10191,72,8000,1,1,1,1,1,2900104,1000000
2024BG0000028,1,844.37,6,2,5,1,1,12930,92,0,0,6,1,5,1,2900107,1000000
2024BG0000029,1,844.37,52,2,8,1,8,18276,130,5000,1,1,1,1,1,2900103,1000000
2024BG0000030,1,844.37,41,2,6,1,14,17479,124,4000,1,1,1,2,1,2900102,1000000
2024BG0000031,1,844.37,48,2,1,1,12,54164,386,4000,3,1,1,1,1,2900105,1000000
2024BG0000032,1,844.37,5,2,4,1,6,10222,73,0,0,6,1,5,1,2900104,1000000
2024BG0000033,1,844.37,11,2,1,1,5,3636,25,0,0,6,1,5,1,2900104,1000000
2024BG0000034,1,844.37,37,1,1,1,8,33636,240,9800,3,1,1,1,1,2900104,1000000
2024BG0000035,1,844.37,9,1,2,1,5,16805,120,0,0,6,5,5,1,2900102,1000000
2024BG0000036,1,844.37,87,1,1,1,12,13772,98,0,0,6,1,5,1,2900106,1000000
2024BG0000037,1,844.37,52,1,1,1,9,121205,501,6000,1,1,1,1,1,2900101,1000000
2024BG0000038,1,844.37,7,1,1,1,3,6251,44,0,0,6,1,5,1,2900102,1000000
2024BG0000039,1,844.37,44,1,3,1,13,61042,436,9000,1,5,1,1,1,2900104,1000000
2024BG0000040,1,844.37,22,2,3,1,13,40787,291,4000,1,1,1,5,1,2900106,1000000
2024BG0000041,1,844.37,42,1,1,1,16,229907,501,1000,1,1,1,1,1,2900106,1000000
2024BG0000042,1,844.37,36,1,5,1,8,8000,57,9920,3,1,1,1,1,2900101,1000000
2024BG0000043,1,844.37,22,1,1,1,16,156020,501,6000,3,4,1,5,1,2900104,1000000
2024BG0000044,1,844.37,89,1,5,1,8,5916,42,0,0,6,1,1,1,2900104,1000000
2024BG0000045,1,844.37,15,1,1,1,17,56993,407,0,0,6,1,5,1,2900103,1000000
2024BG0000046,1,844.37,7,2,1,1,3,19238,137,0,0,6,1,5,1,2900101,1000000
2024BG0000047,1,844.37,33,2,4,1,17,64355,459,5000,1,1,1,5,1,2900105,1000000
2024BG0000048,1,844.37,55,2,1,1,7,9511,67,8000,1,1,1,2,1,2900103,1000000
2024BG0000049,1,844.37,35,2,5,1,6,8998,64,7000,1,5,1,1,1,2900100,1000000
2024BG0000050,1,844.37,14,1,1,1,7,7670,54,0,0,6,1,5,1,2900104,1000000
2024BG0000051,1,844.37,2,1,5,1,9,15261,109,0,0,6,1,5,1,2900103,1000000
2024BG0000052,1,844.37,46,1,6,1,9,47012,335,8000,1,5,1,5,1,2900105,1000000
2024BG0000053,1,844.37,9,2,2,1,9,21460,153,0,0,6,1,5,1,2900105,1000000
2024BG0000054,1,844.37,32,1,4,1,11,90680,501,9000,4,1,1,5,1,2900104,1000000
2024BG0000055,1,844.37,3,1,2,1,3,5964,42,0,0,6,1,5,1,2900105,1000000
2024BG0000056,1,844.37,18,1,3,1,20,237959,501,1000,1,1,1,5,1,2900102,1000000
2024BG0000057,1,844.37,6,2,7,1,6,7455,53,0,0,6,1,5,1,2900100,1000000
2024BG0000058,1,844.37,1,1,5,1,5,5385,38,0,0,6,1,5,1,2900104,1000000
2024BG0000059,1,844.37,30,1,2,1,6,7759,55,5000,1,1,1,5,1,2900100,1000000
2024BG0000060,1,844.37,16,1,2,1,14,18381,131,0,0,6,1,5,1,2900102,1000000
2024BG0000061,1,844.37,31,1,2,1,12,116313,501,3000,1,1,1,1,1,2900103,1000000
2024BG0000062,1,844.37,17,2,5,1,15,39549,282,0,0,6,1,5,1,2900106,1000000
2024BG0000063,1,844.37,41,2,9,1,7,73922,501,8000,1,2,1,1,1,2900100,1000000
2024BG0000064,1,844.37,20,2,8,1,14,21525,153,6000,1,1,1,5,2,2900105,1000000
2024BG0000065,1,844.37,36,1,1,1,8,7833,55,6000,3,1,1,3,1,2900105,1000000
2024BG0000066,1,844.37,35,2,2,1,8,7889,56,8000,1,1,1,1,2,2900106,1000000
2024BG0000067,1,844.37,20,2,6,1,14,30202,215,4000,1,2,1,5,1,2900103,1000000
2024BG0000068,1,844.37,29,2,9,1,16,40234,287,4000,2,1,1,1,1,2900106,1000000
2024BG0000069,1,844.37,89,1,2,1,11,26989,192,0,0,6,1,1,1,2900101,1000000
2024BG0000070,1,844.37,46,2,5,1,16,142444,501,5000,1,1,1,1,1,2900106,1000000
2024BG0000071,1,844.37,37,1,6,1,7,15967,114,5000,4,1,1,1,1,2900105,1000000
2024BG0000072,1,844.37,12,1,1,1,6,4549,32,0,0,6,1,5,1,2900101,1000000
2024BG0000073,1,844.37,58,1,5,1,11,19352,138,6000,4,5,1,1,1,2900100,1000000
2024BG0000074,1,844.37,4,2,3,1,8,11857,84,0,0,6,1,5,1,2900101,1000000
2024BG0000075,1,844.37,25,1,3,1,13,35304,252,7000,6,1,1,5,1,2900106,1000000
2024BG0000076,1,844.37,3,1,2,1,5,5512,39,0,0,6,1,5,1,2900103,1000000
2024BG0000077,1,844.37,20,2,2,1,16,22513,160,1000,3,1,1,5,1,2900102,1000000
2024BG0000078,1,844.37,27,2,2,1,5,10346,73,6000,6,1,1,1,1,2900100,1000000
2024BG0000079,1,844.37,5,2,3,1,3,12972,92,0,0,6,1,5,1,2900101,1000000
2024BG0000080,1,844.37,57,1,1,1,6,13978,99,8000,1,3,1,1,1,2900100,1000000
2024BG0000081,1,844.37,41,1,2,1,13,62226,444,8000,4,1,1,5,2,2900105,1000000
2024BG0000082,1,844.37,28,2,5,1,7,10821,77,7000,1,1,1,5,1,2900105,1000000
2024BG0000083,1,844.37,1,1,1,1,4,6020,43,0,0,6,1,5,1,2900103,1000000
2024BG0000084,1,844.37,39,1,3,1,14,13251,94,7000,3,1,1,1,1,2900100,1000000
2024BG0000085,1,844.37,19,2,3,1,13,22299,159,6000,1,1,1,5,1,2900107,1000000
2024BG0000086,1,844.37,17,1,1,1,10,15514,110,0,0,6,1,5,1,2900106,1000000
2024BG0000087,1,844.37,22,1,1,1,12,13172,94,8000,1,1,1,5,1,2900101,1000000
2024BG0000088,1,844.37,19,2,1,1,17,62168,444,1000,3,1,1,5,1,2900107,1000000
2024BG0000089,1,844.37,58,2,1,1,8,58397,417,7000,1,1,1,1,1,2900106,1000000
2024BG0000090,1,844.37,32,1,5,1,14,25075,179,1000,1,1,1,5,1,2900104,1000000
2024BG0000091,1,844.37,22,2,1,1,19,121479,501,4000,3,1,1,5,2,2900102,1000000
2024BG0000092,1,844.37,39,1,6,1,14,28325,202,4000,2,2,1,5,1,2900104,1000000
2024BG0000093,1,844.37,8,1,2,1,7,4163,29,0,0,6,1,5,1,2900104,1000000
2024BG0000094,1,844.37,24,2,1,1,19,719977,501,4000,1,1,1,1,1,2900102,1000000
2024BG0000095,1,844.37,43,1,1,1,11,64105,457,6000,1,1,1,1,1,2900105,1000000
2024BG0000096,1,844.37,25,1,5,1,10,25611,182,5000,1,1,1,5,1,2900106,1000000
2024BG0000097,1,844.37,55,1,5,1,14,60199,429,4000,3,1,1,5,1,2900102,1000000
2024BG0000098,1,844.37,29,2,9,1,10,34047,243,5000,1,1,1,1,1,2900106,1000000
2024BG0000099,1,844.37,16,2,2,1,14,14879,106,0,0,6,1,5,1,2900106,1000000
2024BG0000100,1,844.37,44,2,4,1,7,9829,70,9800,1,1,1,1,1,2900107,1000000
2024BG0000101,1,844.37,15,1,2,1,13,15220,108,0,0,6,1,5,1,2900101,1000000
2024BG0000102,1,844.37,30,2,5,1,15,199818,501,4000,1,1,1,5,1,2900101,1000000
2024BG0000103,1,844.37,23,2,5,1,13,16851,120,8000,6,4,1,5,1,2900104,1000000
2024BG0000104,1,844.37,21,1,5,1,17,73111,501,6000,6,1,1,1,1,2900106,1000000
2024BG0000105,1,844.37,83,2,7,1,5,2678,19,0,0,6,1,1,1,2900102,1000000
2024BG0000106,1,844.37,26,2,1,1,13,43934,313,9800,3,1,1,1,1,2900105,1000000
2024BG0000107,1,844.37,18,2,1,1,17,73592,501,5000,1,1,1,5,1,2900102,1000000
2024BG0000108,1,844.37,44,1,1,1,6,38960,278,7000,3,1,1,1,1,2900101,1000000
2024BG0000109,1,844.37,38,1,1,1,9,60583,432,7000,1,2,1,1,1,2900106,1000000
2024BG0000110,1,844.37,40,1,5,1,7,57278,409,9800,4,1,1,1,1,2900104,1000000
2024BG0000111,1,844.37,74,1,5,1,11,22441,160,0,0,6,1,1,1,2900106,1000000
2024BG0000112,1,844.37,12,1,1,1,6,4416,31,0,0,6,1,5,1,2900104,1000000
2024BG0000113,1,844.37,45,1,1,1,11,173754,501,4000,2,3,1,1,1,2900105,1000000
2024BG0000114,1,844.37,40,1,6,1,6,21206,151,7000,3,5,1,1,1,2900105,1000000
2024BG0000115,1,844.37,12,1,5,1,5,7972,56,0,0,6,1,5,1,2900106,1000000
2024BG0000116,1,844.37,19,1,6,1,20,134153,501,4000,1,1,1,5,1,2900100,1000000
2024BG0000117,1,844.37,15,1,1,1,14,13531,96,0,0,6,1,5,1,2900100,1000000
2024BG0000118,1,844.37,79,1,2,1,8,15967,114,0,0,6,1,1,1,2900103,1000000
2024BG0000119,1,844.37,0,1,5,1,5,3320,23,0,0,6,1,5,1,2900100,1000000
2024BG0000120,1,844.37,44,1,5,1,11,39257,280,6000,1,1,1,1,1,2900103,1000000
2024BG0000121,1,844.37,18,2,1,1,17,40708,290,5000,4,2,1,5,1,2900100,1000000
2024BG0000122,1,844.37,3,1,1,1,7,6747,48,0,0,6,1,5,1,2900102,1000000
2024BG0000123,1,844.37,31,2,1,1,15,210040,501,3000,1,1,1,1,1,2900107,1000000
2024BG0000124,1,844.37,7,1,6,1,6,8741,62,0,0,6,1,5,1,2900105,1000000
2024BG0000125,1,844.37,41,1,6,1,10,75989,501,7000,1,1,1,5,1,2900105,1000000
2024BG0000126,1,844.37,28,1,1,1,5,6491,46,7000,4,1,1,1,1,2900106,1000000
2024BG0000127,1,844.37,27,1,5,1,14,88343,501,7000,4,1,1,1,1,2900103,1000000
2024BG0000128,1,844.37,30,2,3,1,11,43991,314,7000,1,1,1,1,1,2900104,1000000
2024BG0000129,1,844.37,37,2,1,1,11,28422,203,7000,1,1,1,1,1,2900103,1000000
2024BG0000130,1,844.37,46,2,3,1,6,73219,501,8000,1,1,1,1,1,2900105,1000000
2024BG0000131,1,844.37,6,2,1,1,5,3553,25,0,0,6,1,5,1,2900103,1000000
2024BG0000132,1,844.37,29,2,5,1,14,37627,268,2000,1,1,1,1,1,2900101,1000000
2024BG0000133,1,844.37,15,2,3,1,18,37229,265,0,0,6,1,5,1,2900102,1000000
2024BG0000134,1,844.37,34,1,1,1,18,153629,501,4000,2,1,1,1,1,2900103,1000000
2024BG0000135,1,844.37,0,1,2,1,9,35966,256,0,0,6,1,5,1,2900107,1000000
2024BG0000136,1,844.37,1,2,1,1,9,21064,150,0,0,6,1,5,1,2900101,1000000
2024BG0000137,1,844.37,44,1,1,1,14,40910,292,7000,4,1,1,1,1,2900101,1000000
2024BG0000138,1,844.37,32,2,1,1,17,65439,467,4000,1,1,1,1,1,2900106,1000000
2024BG0000139,1,844.37,30,2,1,1,9,58068,414,3000,3,2,1,1,1,2900104,1000000
2024BG0000140,1,844.37,33,1,2,1,10,64943,463,6000,1,1,1,1,1,2900100,1000000
2024BG0000141,1,844.37,22,1,1,1,17,84068,501,4000,1,1,1,5,1,2900101,1000000
2024BG0000142,1,844.37,44,2,1,1,16,320719,501,4000,1,1,1,1,1,2900102,1000000
2024BG0000143,1,844.37,15,1,2,1,18,45910,327,0,0,6,1,5,1,2900103,1000000
2024BG0000144,1,844.37,91,1,1,1,9,22188,158,0,0,6,1,1,1,2900100,1000000
2024BG0000145,1,844.37,24,2,1,1,13,38608,275,6000,3,1,1,5,1,2900107,1000000
2024BG0000146,1,844.37,22,1,8,1,16,230959,501,4000,1,1,1,5,1,2900105,1000000
2024BG0000147,1,844.37,81,1,1,1,5,6390,45,0,0,6,1,5,1,2900101,1000000
2024BG0000148,1,844.37,23,2,4,1,15,42677,304,6000,1,1,1,5,1,2900106,1000000
2024BG0000149,1,844.37,43,2,5,1,14,91410,501,7000,4,1,1,1,1,2900103,1000000
2024BG0000150,1,844.37,41,2,6,1,10,41999,299,5000,1,1,1,1,1,2900107,1000000
2024BG0000151,1,844.37,16,2,2,1,17,37622,268,0,0,6,1,5,1,2900107,1000000
2024BG0000152,1,844.37,18,2,4,1,14,22341,159,4000,3,1,1,5,1,2900103,1000000
2024BG0000153,1,844.37,26,1,1,1,8,29154,208,9000,3,1,1,1,2,2900106,1000000
2024BG0000154,1,844.37,33,1,9,1,12,43901,313,9800,4,1,1,5,1,2900103,1000000
2024BG0000155,1,844.37,51,1,1,1,12,42361,302,6000,1,1,1,2,1,2900102,1000000
2024BG0000156,1,844.37,47,2,1,1,11,36802,262,5000,3,1,1,1,1,2900104,1000000
2024BG0000157,1,844.37,29,2,7,1,14,116454,501,9800,1,1,1,5,1,2900106,1000000
2024BG0000158,1,844.37,36,2,2,1,15,72100,501,4000,2,1,1,1,1,2900100,1000000
2024BG0000159,1,844.37,27,1,6,1,7,16513,117,9800,1,1,1,1,1,2900104,1000000
2024BG0000160,1,844.37,32,1,1,1,10,29152,208,5000,1,1,1,5,1,2900100,1000000
2024BG0000161,1,844.37,33,1,6,1,10,37089,264,7000,1,1,1,5,1,2900103,1000000
2024BG0000162,1,844.37,23,1,7,1,18,37210,265,4000,3,5,1,5,1,2900103,1000000
2024BG0000163,1,844.37,42,1,1,1,16,115745,501,4000,1,1,1,3,1,2900105,1000000
2024BG0000164,1,844.37,19,2,4,1,16,10827,77,4000,1,1,1,1,1,2900103,1000000
2024BG0000165,1,844.37,20,1,6,1,13,19210,137,1000,1,1,1,5,1,2900103,1000000
2024BG0000166,1,844.37,14,1,1,1,4,6270,44,0,0,6,1,5,1,2900100,1000000
2024BG0000167,1,844.37,44,2,1,1,12,32540,232,7000,1,1,1,5,1,2900105,1000000
2024BG0000168,1,844.37,1,2,3,1,6,2626,18,0,0,6,1,5,1,2900104,1000000
2024BG0000169,1,844.37,3,1,2,1,6,4259,30,0,0,6,1,5,1,2900101,1000000
2024BG0000170,1,844.37,16,1,4,1,15,19806,141,0,0,6,1,5,1,2900106,1000000
2024BG0000171,1,844.37,58,1,2,1,6,3568,25,9800,4,1,1,1,1,2900100,1000000
2024BG0000172,1,844.37,43,2,4,1,12,46938,335,6000,1,3,1,1,1,2900105,1000000
2024BG0000173,1,844.37,21,1,5,1,19,73135,501,4000,1,1,1,5,1,2900106,1000000
2024BG0000174,1,844.37,27,1,6,1,7,11514,82,6000,3,1,1,1,1,2900101,1000000
2024BG0000175,1,844.37,49,1,1,1,7,18123,129,8000,1,1,1,5,1,2900101,1000000
2024BG0000176,1,844.37,30,1,7,1,14,53840,384,5000,1,1,1,1,1,2900101,1000000
2024BG0000177,1,844.37,82,1,1,1,8,13020,93,0,0,6,1,1,1,2900104,1000000
2024BG0000178,1,844.37,22,2,2,1,12,65351,466,9800,1,4,1,1,1,2900101,1000000
2024BG0000179,1,844.37,22,2,2,1,15,66378,474,4000,1,1,1,5,1,2900107,1000000
2024BG0000180,1,844.37,14,1,1,1,8,2483,17,0,0,6,1,5,1,2900107,1000000
2024BG0000181,1,844.37,0,2,5,1,1,23067,164,0,0,6,1,5,1,2900102,1000000
2024BG0000182,1,844.37,39,1,1,1,14,90808,501,5000,1,1,1,1,1,2900100,1000000
2024BG0000183,1,844.37,37,2,1,1,14,98089,501,5000,1,4,1,1,1,2900103,1000000
2024BG0000184,1,844.37,8,2,3,1,5,8215,58,0,0,6,1,5,1,2900104,1000000
2024BG0000185,1,844.37,27,2,6,1,7,62971,449,5000,4,4,1,1,1,2900105,1000000
2024BG0000186,1,844.37,24,2,1,1,12,5510,39,5000,1,2,1,5,1,2900101,1000000
2024BG0000187,1,844.37,34,1,4,1,12,9857,70,6000,1,1,1,1,1,2900101,1000000
2024BG0000188,1,844.37,34,1,8,1,5,4659,33,8000,3,1,1,1,1,2900107,1000000
2024BG0000189,1,844.37,3,1,5,1,2,1581,11,0,0,6,1,5,1,2900100,1000000
2024BG0000190,1,844.37,24,1,1,1,12,21621,154,6000,1,1,1,5,1,2900104,1000000
2024BG0000191,1,844.37,24,1,1,1,17,87953,501,3000,3,1,1,5,1,2900106,1000000
2024BG0000192,1,844.37,13,2,7,1,3,12048,86,0,0,6,1,5,1,2900106,1000000
2024BG0000193,1,844.37,46,2,3,1,11,43337,309,5000,1,1,1,1,1,2900103,1000000
2024BG0000194,1,844.37,3,2,3,1,7,20064,143,0,0,6,1,5,1,2900105,1000000
2024BG0000195,1,844.37,13,1,1,1,5,8049,57,0,0,6,1,5,1,2900105,1000000
2024BG0000196,1,844.37,78,2,1,1,5,8553,61,0,0,6,1,1,1,2900104,1000000
2024BG0000197,1,844.37,7,2,5,1,7,8709,62,0,0,6,1,5,1,2900104,1000000
2024BG0000198,1,844.37,47,2,6,1,9,13865,99,9000,1,2,1,1,1,2900103,1000000
2024BG0000199,1,844.37,29,2,6,1,15,131939,501,4000,2,4,1,1,2,2900104,1000000
2024BG0000200,1,844.37,19,1,5,1,19,108095,501,1000,1,1,1,5,1,2900105,1000000
2024BG0000201,1,844.37,17,2,5,1,18,40927,292,0,0,6,1,5,1,2900100,1000000
2024BG0000202,1,844.37,37,1,5,1,5,13999,99,5000,1,1,1,1,1,2900107,1000000
2024BG0000203,1,844.37,25,2,2,1,16,200407,501,4000,1,1,1,1,1,2900107,1000000
2024BG0000204,1,844.37,7,2,3,1,5,6755,48,0,0,6,1,5,1,2900105,1000000
2024BG0000205,1,844.37,18,1,5,1,20,57307,409,3000,1,1,1,5,1,2900107,1000000
2024BG0000206,1,844.37,68,2,1,1,8,17314,123,9800,1,1,1,2,1,2900105,1000000
2024BG0000207,1,844.37,40,2,1,1,5,6562,46,5000,1,1,1,1,1,2900106,1000000
2024BG0000208,1,844.37,34,1,1,1,8,14807,105,5000,3,1,1,5,1,2900100,1000000
2024BG0000209,1,844.37,16,1,7,1,17,82850,501,0,0,6,1,5,1,2900107,1000000
2024BG0000210,1,844.37,43,2,1,1,10,81887,501,5000,1,1,1,1,1,2900104,1000000
2024BG0000211,1,844.37,14,1,3,1,8,5422,38,0,0,6,1,5,1,2900105,1000000
2024BG0000212,1,844.37,58,2,1,1,6,11653,83,5000,1,1,1,1,1,2900105,1000000
2024BG0000213,1,844.37,3,2,3,1,5,6381,45,0,0,6,1,5,1,2900100,1000000
2024BG0000214,1,844.37,0,1,1,1,8,12332,88,0,0,6,1,5,1,2900100,1000000
2024BG0000215,1,844.37,23,1,6,1,10,25778,184,5000,1,1,1,1,1,2900101,1000000
2024BG0000216,1,844.37,41,2,5,1,14,49959,356,4000,1,1,1,1,1,2900104,1000000
2024BG0000217,1,844.37,18,1,1,1,17,111884,501,4000,1,1,1,5,2,2900100,1000000
2024BG0000218,1,844.37,10,1,5,1,2,7577,54,0,0,6,1,5,1,2900101,1000000
2024BG0000219,1,844.37,26,2,1,1,16,199843,501,1000,1,2,1,1,1,2900100,1000000
2024BG0000220,1,844.37,33,1,4,1,9,36523,260,5000,6,1,1,1,1,2900104,1000000
2024BG0000221,1,844.37,36,1,6,1,16,115370,501,5000,4,1,1,1,1,2900104,1000000
2024BG0000222,1,844.37,81,1,1,1,5,19943,142,0,0,6,1,1,1,2900103,1000000
2024BG0000223,1,844.37,6,1,1,1,2,5745,41,0,0,6,1,5,1,2900105,1000000
2024BG0000224,1,844.37,26,2,4,1,14,55154,393,5000,1,1,1,1,1,2900106,1000000
2024BG0000225,1,844.37,17,1,2,1,18,19068,136,0,0,6,1,5,1,2900102,1000000
2024BG0000226,1,844.37,20,1,1,1,18,63271,451,4000,3,1,1,5,1,2900104,1000000
2024BG0000227,1,844.37,9,2,1,1,3,12814,91,0,0,6,1,5,1,2900103,1000000
2024BG0000228,1,844.37,10,2,2,1,9,43443,310,0,0,6,1,5,1,2900100,1000000
2024BG0000229,1,844.37,40,2,1,1,15,144680,501,4000,1,1,1,5,1,2900101,1000000
2024BG0000230,1,844.37,15,2,6,1,19,128584,501,0,0,6,1,5,1,2900102,1000000
2024BG0000231,1,844.37,19,2,1,1,16,9185,65,4000,1,1,1,5,1,2900105,1000000
2024BG0000232,1,844.37,18,2,8,1,18,49700,355,5000,1,1,1,1,1,2900102,1000000
2024BG0000233,1,844.37,39,2,3,1,12,35264,251,6000,1,1,1,1,1,2900101,1000000
2024BG0000234,1,844.37,2,2,1,1,8,2620,18,0,0,6,1,5,1,2900100,1000000
2024BG0000235,1,844.37,47,2,1,1,6,5071,36,9920,1,1,1,1,1,2900104,1000000
2024BG0000236,1,844.37,25,1,1,1,7,14078,100,9800,1,1,1,1,1,2900104,1000000
2024BG0000237,1,844.37,24,1,8,1,19,166359,501,2000,1,1,1,5,1,2900105,1000000
2024BG0000238,1,844.37,87,1,1,1,12,34908,249,0,0,6,1,1,1,2900106,1000000
2024BG0000239,1,844.37,44,1,4,1,11,72297,501,5000,3,1,1,1,2,2900103,1000000
2024BG0000240,1,844.37,46,1,3,1,10,17898,127,9000,1,1,1,1,1,2900105,1000000
2024BG0000241,1,844.37,27,2,2,1,6,7632,54,9800,1,1,1,1,1,2900107,1000000
2024BG0000242,1,844.37,23,2,7,1,17,41594,297,5000,1,1,1,1,1,2900102,1000000
2024BG0000243,1,844.37,35,2,1,1,5,25958,185,9920,3,1,1,1,1,2900102,1000000
2024BG0000244,1,844.37,56,1,1,1,12,25978,185,4000,1,1,1,1,1,2900103,1000000
2024BG0000245,1,844.37,8,2,8,1,4,6245,44,0,0,6,1,5,1,2900102,1000000
2024BG0000246,1,844.37,12,2,3,1,5,2944,21,0,0,6,1,5,1,2900101,1000000
2024BG0000247,1,844.37,2,2,6,1,3,6222,44,0,0,6,1,5,1,2900105,1000000
2024BG0000248,1,844.37,9,2,1,1,5,8100,57,0,0,6,1,5,1,2900106,1000000
2024BG0000249,1,844.37,48,1,1,1,9,73054,501,4000,2,1,1,1,1,2900100,1000000
2024BG0000250,1,844.37,32,2,1,1,8,15263,109,8000,1,2,1,5,1,2900100,1000000
2024BG0000251,1,844.37,33,2,1,1,6,22498,160,9800,1,1,1,5,1,2900103,1000000
2024BG0000252,1,844.37,7,2,1,1,6,1221,8,0,0,6,1,5,1,2900103,1000000
2024BG0000253,1,844.37,26,2,3,1,5,9409,67,7000,3,1,1,5,1,2900103,1000000
2024BG0000254,1,844.37,35,2,2,1,16,120320,501,4000,1,1,1,1,1,2900106,1000000
2024BG0000255,1,844.37,71,1,1,1,6,7018,50,0,0,6,1,1,1,2900100,1000000
2024BG0000256,1,844.37,42,1,1,1,5,17779,126,5000,3,1,1,1,1,2900103,1000000
2024BG0000257,1,844.37,47,2,2,1,9,74552,501,5000,3,1,1,1,1,2900107,1000000
2024BG0000258,1,844.37,51,2,5,1,12,64048,457,4000,1,1,1,1,1,2900104,1000000
2024BG0000259,1,844.37,35,1,3,1,11,26534,189,8000,6,1,1,1,1,2900107,1000000
2024BG0000260,1,844.37,12,1,6,1,3,12156,86,0,0,6,1,5,1,2900102,1000000
2024BG0000261,1,844.37,28,1,7,1,5,3360,24,9800,1,1,1,1,1,2900105,1000000
2024BG0000262,1,844.37,26,1,1,1,15,97573,501,2000,1,1,1,1,1,2900100,1000000
2024BG0000263,1,844.37,26,1,1,1,7,2661,19,8000,1,1,1,5,1,2900101,1000000
2024BG0000264,1,844.37,11,1,2,1,5,964,6,0,0,6,1,5,1,2900102,1000000
2024BG0000265,1,844.37,11,2,4,1,2,41151,293,0,0,6,1,5,1,2900101,1000000
2024BG0000266,1,844.37,43,2,2,1,12,59643,426,4000,1,1,1,1,1,2900102,1000000
2024BG0000267,1,844.37,31,1,3,1,17,79953,501,6000,6,4,1,1,1,2900105,1000000
2024BG0000268,1,844.37,12,2,1,1,8,2847,20,0,0,6,1,5,1,2900105,1000000
2024BG0000269,1,844.37,43,1,1,1,6,22687,162,6000,4,1,1,5,1,2900100,1000000
2024BG0000270,1,844.37,29,2,2,1,7,5568,39,5000,1,1,1,1,2,2900104,1000000
2024BG0000271,1,844.37,20,1,2,1,20,90289,501,4000,3,1,1,5,1,2900100,1000000
2024BG0000272,1,844.37,21,1,1,1,10,5567,39,9000,1,1,1,1,1,2900107,1000000
2024BG0000273,1,844.37,25,1,1,1,11,47506,339,8000,1,1,1,1,1,2900103,1000000
2024BG0000274,1,844.37,14,1,4,1,3,11686,83,0,0,6,1,5,1,2900105,1000000
2024BG0000275,1,844.37,16,1,4,1,13,25343,181,0,0,6,1,5,1,2900103,1000000
2024BG0000276,1,844.37,51,2,7,1,13,37398,267,4000,1,1,1,1,1,2900105,1000000
2024BG0000277,1,844.37,30,1,2,1,12,17655,126,8000,1,1,1,5,1,2900105,1000000
2024BG0000278,1,844.37,38,2,2,1,12,176520,501,4000,2,1,1,5,1,2900102,1000000
2024BG0000279,1,844.37,47,1,6,1,14,128361,501,4000,1,1,1,1,1,2900104,1000000
2024BG0000280,1,844.37,30,2,2,1,9,48023,343,5000,6,1,1,5,1,2900105,1000000
2024BG0000281,1,844.37,10,1,1,1,8,10192,72,0,0,6,1,5,1,2900106,1000000
2024BG0000282,1,844.37,14,2,6,1,9,11633,83,0,0,6,1,5,1,2900107,1000000
2024BG0000283,1,844.37,5,2,1,1,5,8789,62,0,0,6,1,5,1,2900106,1000000
2024BG0000284,1,844.37,31,1,1,1,11,13665,97,1000,1,2,1,1,1,2900106,1000000
2024BG0000285,1,844.37,6,2,1,1,3,3267,23,0,0,6,1,5,1,2900102,1000000
2024BG0000286,1,844.37,54,1,1,1,9,33995,242,7000,1,1,1,1,1,2900101,1000000
2024BG0000287,1,844.37,25,1,2,1,6,7690,54,5000,3,2,1,5,1,2900102,1000000
2024BG0000288,1,844.37,22,1,1,1,14,44497,317,4000,1,1,1,5,1,2900105,1000000
2024BG0000289,1,844.37,9,1,2,1,6,19621,140,0,0,6,1,5,1,2900106,1000000
2024BG0000290,1,844.37,56,1,3,1,12,98133,501,9000,6,1,1,1,1,2900102,1000000
2024BG0000291,1,844.37,25,1,1,1,13,15846,113,4000,2,1,1,5,1,2900100,1000000
2024BG0000292,1,844.37,9,2,7,1,4,10240,73,0,0,6,1,5,1,2900106,1000000
2024BG0000293,1,844.37,57,2,6,1,11,31922,228,3000,1,1,1,4,1,2900101,1000000
2024BG0000294,1,844.37,42,2,6,1,8,23610,168,7000,3,3,1,1,1,2900104,1000000
2024BG0000295,1,844.37,12,2,1,1,5,2160,15,0,0,6,1,5,1,2900104,1000000
2024BG0000296,1,844.37,24,1,3,1,15,138813,501,1000,1,1,2,5,1,2900106,1000000
2024BG0000297,1,844.37,26,1,7,1,11,30747,219,4000,1,1,1,1,1,2900106,1000000
2024BG0000298,1,844.37,44,1,5,1,6,10412,74,8000,1,1,1,1,1,2900100,1000000
2024BG0000299,1,844.37,68,2,1,1,7,8616,61,8000,3,1,1,1,1,2900105,1000000
2024BG0000300,1,844.37,26,1,8,1,7,20424,145,9000,3,1,1,5,1,2900100,1000000
2024BG0000301,1,844.37,45,2,1,1,6,24578,175,5000,4,1,1,1,1,2900107,1000000
2024BG0000302,1,844.37,43,1,1,1,17,133189,501,4000,3,1,1,1,2,2900100,1000000
2024BG0000303,1,844.37,58,1,1,1,12,28199,201,4000,1,1,1,1,1,2900105,1000000
2024BG0000304,1,844.37,49,2,1,1,15,213465,501,4000,1,1,1,1,1,2900106,1000000
2024BG0000305,1,844.37,8,1,6,1,6,10543,75,0,0,6,1,5,1,2900100,1000000
2024BG0000306,1,844.37,21,2,3,1,20,84509,501,2000,1,1,1,5,1,2900106,1000000
2024BG0000307,1,844.37,27,1,1,1,10,22862,163,9000,1,1,1,5,1,2900102,1000000
2024BG0000308,1,844.37,31,1,1,1,7,13293,94,8000,4,1,1,1,1,2900100,1000000
2024BG0000309,1,844.37,1,1,4,1,6,5628,40,0,0,6,1,5,1,2900101,1000000
2024BG0000310,1,844.37,17,2,2,1,16,23029,164,0,0,6,1,5,1,2900107,1000000
2024BG0000311,1,844.37,22,1,1,1,12,17227,123,9000,6,1,1,5,1,2900106,1000000
2024BG0000312,1,844.37,19,2,1,1,19,125062,501,1000,1,1,1,5,1,2900107,1000000
2024BG0000313,1,844.37,35,1,6,1,12,49022,350,3000,3,1,1,1,1,2900106,1000000
2024BG0000314,1,844.37,10,1,4,1,7,9666,69,0,0,6,1,5,1,2900101,1000000
2024BG0000315,1,844.37,32,2,1,1,9,23490,167,5000,1,5,1,5,1,2900102,1000000
2024BG0000316,1,844.37,5,1,1,1,4,5758,41,0,0,6,1,5,1,2900104,1000000
2024BG0000317,1,844.37,41,2,1,1,16,155566,501,5000,1,5,1,1,1,2900105,1000000
2024BG0000318,1,844.37,42,1,5,1,5,8408,60,8000,1,1,1,1,1,2900101,1000000
2024BG0000319,1,844.37,16,1,1,1,16,63393,452,0,0,6,1,5,1,2900103,1000000
2024BG0000320,1,844.37,93,2,2,1,12,65399,467,0,0,6,1,1,1,2900107,1000000
2024BG0000321,1,844.37,22,1,5,1,15,33708,240,6000,1,1,1,5,1,2900107,1000000
2024BG0000322,1,844.37,40,1,1,1,12,100904,501,4000,1,1,1,1,1,2900105,1000000
2024BG0000323,1,844.37,35,1,6,1,9,31577,225,6000,3,1,1,1,1,2900106,1000000
2024BG0000324,1,844.37,37,2,1,1,17,68716,490,4000,1,1,1,1,2,2900106,1000000
2024BG0000325,1,844.37,15,2,6,1,12,18491,132,0,0,6,1,5,1,2900100,1000000
2024BG0000326,1,844.37,18,2,1,1,14,15250,108,5000,1,1,1,5,1,2900107,1000000
2024BG0000327,1,844.37,6,2,3,1,6,2720,19,0,0,6,1,5,1,2900107,1000000
2024BG0000328,1,844.37,12,1,2,1,3,7987,57,0,0,6,1,5,1,2900103,1000000
2024BG0000329,1,844.37,26,2,1,1,13,59539,425,1000,2,1,1,5,1,2900106,1000000
2024BG0000330,1,844.37,12,1,1,1,6,1960,14,0,0,6,1,5,1,2900103,1000000
2024BG0000331,1,844.37,19,2,2,1,16,52695,376,3000,2,1,1,5,1,2900106,1000000
2024BG0000332,1,844.37,11,2,2,1,2,1936,13,0,0,6,5,5,1,2900107,1000000
2024BG0000333,1,844.37,32,1,5,1,6,11779,84,5000,1,1,1,1,1,2900106,1000000
2024BG0000334,1,844.37,51,1,1,1,12,22916,163,9000,1,1,1,5,1,2900100,1000000
2024BG0000335,1,844.37,37,2,4,1,15,94464,501,4000,1,1,1,1,1,2900107,1000000
2024BG0000336,1,844.37,57,2,1,1,9,62249,444,6000,1,5,1,1,1,2900105,1000000
2024BG0000337,1,844.37,16,2,5,1,11,20210,144,0,0,6,1,5,1,2900105,1000000
2024BG0000338,1,844.37,38,2,7,1,12,50829,363,4000,1,1,1,1,1,2900107,1000000
2024BG0000339,1,844.37,26,2,1,1,13,32435,231,7000,6,1,1,1,1,2900102,1000000
2024BG0000340,1,844.37,17,2,5,1,13,8336,59,0,0,6,1,5,2,2900105,1000000
2024BG0000341,1,844.37,31,1,2,1,13,199290,501,1000,1,1,1,1,1,2900107,1000000
2024BG0000342,1,844.37,7,1,1,1,5,13408,95,0,0,6,1,5,1,2900107,1000000
2024BG0000343,1,844.37,26,1,1,1,15,55269,394,6000,1,1,1,1,1,2900103,1000000
2024BG0000344,1,844.37,36,2,3,1,11,26853,191,7000,4,5,1,1,1,2900106,1000000
2024BG0000345,1,844.37,27,1,4,1,10,19174,136,3000,1,1,5,1,1,2900105,1000000
2024BG0000346,1,844.37,39,2,6,1,11,28987,207,1000,3,1,1,5,1,2900103,1000000
2024BG0000347,1,844.37,23,1,2,1,14,22503,160,3000,1,1,1,5,1,2900106,1000000
2024BG0000348,1,844.37,34,1,1,1,8,13369,95,8000,6,4,1,5,1,2900107,1000000
2024BG0000349,1,844.37,54,1,2,1,7,8596,61,9800,4,1,1,3,1,2900105,1000000
2024BG0000350,1,844.37,34,1,1,1,16,235594,501,5000,1,1,1,1,1,2900102,1000000
2024BG0000351,1,844.37,38,1,6,1,14,67701,483,6000,3,2,1,1,1,2900103,1000000
2024BG0000352,1,844.37,23,2,2,1,19,134274,501,4000,1,1,1,5,1,2900105,1000000
2024BG0000353,1,844.37,55,1,6,1,6,7650,54,9920,6,1,1,4,1,2900101,1000000
2024BG0000354,1,844.37,80,1,3,1,8,9893,70,0,0,6,1,5,1,2900104,1000000
2024BG0000355,1,844.37,11,1,1,1,2,13372,95,0,0,6,1,5,1,2900106,1000000
2024BG0000356,1,844.37,6,2,6,1,2,5372,38,0,0,6,1,5,1,2900101,1000000
2024BG0000357,1,844.37,31,2,1,1,12,26473,189,6000,1,3,1,1,1,2900103,1000000
2024BG0000358,1,844.37,45,1,2,1,6,5489,39,6000,6,1,1,1,1,2900103,1000000
2024BG0000359,1,844.37,40,2,2,1,15,263610,501,5000,4,1,1,1,1,2900104,1000000
2024BG0000360,1,844.37,35,1,1,1,5,46500,332,8000,1,1,1,1,1,2900101,1000000
2024BG0000361,1,844.37,46,1,2,1,8,30529,218,6000,1,2,1,1,1,2900107,1000000
2024BG0000362,1,844.37,16,2,6,1,18,44766,319,0,0,6,1,5,1,2900105,1000000
2024BG0000363,1,844.37,43,2,3,1,10,21641,154,6000,1,1,1,1,1,2900102,1000000
2024BG0000364,1,844.37,32,1,6,1,18,176664,501,2000,1,1,1,1,1,2900101,1000000
2024BG0000365,1,844.37,28,1,5,1,8,26539,189,9920,4,1,1,1,1,2900101,1000000
2024BG0000366,1,844.37,28,1,1,1,10,43279,309,6000,1,1,1,5,1,2900101,1000000
2024BG0000367,1,844.37,48,2,2,1,10,56248,401,7000,1,1,1,1,1,2900107,1000000
2024BG0000368,1,844.37,4,1,1,1,3,3799,27,0,0,6,1,5,1,2900106,1000000
2024BG0000369,1,844.37,58,1,5,1,14,42116,300,3000,1,1,1,1,1,2900105,1000000
2024BG0000370,1,844.37,26,2,3,1,13,13244,94,1000,1,1,1,1,1,2900104,1000000
2024BG0000371,1,844.37,14,2,1,1,7,4571,32,0,0,6,1,5,1,2900104,1000000
2024BG0000372,1,844.37,23,1,2,1,11,34924,249,4000,2,1,1,5,1,2900102,1000000
2024BG0000373,1,844.37,19,1,1,1,19,54468,389,1000,1,1,1,5,1,2900107,1000000
2024BG0000374,1,844.37,43,2,6,1,13,42782,305,6000,1,1,1,1,1,2900100,1000000
2024BG0000375,1,844.37,24,1,5,1,12,41111,293,2000,1,1,1,5,1,2900100,1000000
2024BG0000376,1,844.37,15,2,1,1,17,38185,272,0,0,6,1,5,1,2900102,1000000
2024BG0000377,1,844.37,41,2,6,1,10,29106,207,4000,1,1,1,5,1,2900104,1000000
2024BG0000378,1,844.37,23,1,4,1,12,41184,294,1000,1,5,1,5,1,2900100,1000000
2024BG0000379,1,844.37,39,2,3,1,9,20537,146,1000,1,1,1,1,1,2900104,1000000
2024BG0000380,1,844.37,5,2,2,1,7,11107,79,0,0,6,1,5,1,2900102,1000000
2024BG0000381,1,844.37,24,2,6,1,15,89782,501,1000,1,1,1,5,1,2900103,1000000
2024BG0000382,1,844.37,37,1,1,1,10,20507,146,6000,1,1,1,5,1,2900103,1000000
2024BG0000383,1,844.37,35,1,2,1,11,75025,501,3000,1,1,1,5,1,2900106,1000000
2024BG0000384,1,844.37,21,1,2,1,19,197781,501,2000,1,1,1,5,1,2900106,1000000
2024BG0000385,1,844.37,32,2,2,1,13,55069,393,6000,1,1,1,1,1,2900102,1000000
2024BG0000386,1,844.37,23,2,3,1,16,64965,464,6000,3,1,1,5,1,2900101,1000000
2024BG0000387,1,844.37,33,2,1,1,7,4464,31,6000,3,1,1,5,1,2900101,1000000
2024BG0000388,1,844.37,12,2,1,1,2,3587,25,0,0,6,1,5,1,2900106,1000000
2024BG0000389,1,844.37,34,1,3,1,7,65794,469,6000,3,1,1,1,1,2900102,1000000
2024BG0000390,1,844.37,43,1,2,1,7,14660,104,9000,3,1,1,5,1,2900105,1000000
2024BG0000391,1,844.37,39,1,6,1,16,98637,501,6000,1,1,1,1,1,2900106,1000000
2024BG0000392,1,844.37,47,1,1,1,5,6326,45,9920,6,3,1,1,1,2900106,1000000
2024BG0000393,1,844.37,42,2,3,1,14,20100,143,2000,1,1,1,1,1,2900105,1000000
2024BG0000394,1,844.37,55,1,2,1,15,112934,501,4000,1,2,1,5,1,2900104,1000000
2024BG0000395,1,844.37,0,1,1,1,3,10169,72,0,0,6,1,5,1,2900105,1000000
2024BG0000396,1,844.37,59,1,2,1,10,31086,222,3000,1,1,1,1,1,2900106,1000000
2024BG0000397,1,844.37,8,2,6,1,4,3435,24,0,0,6,1,5,1,2900106,1000000
2024BG0000398,1,844.37,49,1,2,1,11,23971,171,9000,3,1,1,1,1,2900101,1000000
2024BG0000399,1,844.37,26,1,6,1,13,62048,443,7000,4,1,1,1,1,2900100,1000000
2024BG0000400,1,844.37,4,2,3,1,2,38632,275,0,0,6,1,5,1,2900101,1000000
2024BG0000401,1,844.37,54,2,5,1,7,20517,146,9800,1,1,1,1,1,2900102,1000000
2024BG0000402,1,844.37,4,1,1,1,1,6783,48,0,0,6,1,5,1,2900106,1000000
2024BG0000403,1,844.37,42,2,5,1,9,33625,240,7000,3,5,1,1,1,2900107,1000000
2024BG0000404,1,844.37,3,2,1,1,4,2427,17,0,0,6,1,5,1,2900106,1000000
2024BG0000405,1,844.37,57,1,6,1,7,21863,156,5000,4,1,1,1,1,2900102,1000000
2024BG0000406,1,844.37,27,2,3,1,19,194696,501,4000,1,1,1,5,1,2900102,1000000
2024BG0000407,1,844.37,29,2,4,1,19,338847,501,4000,1,1,1,5,1,2900103,1000000
2024BG0000408,1,844.37,13,2,1,1,6,7280,52,0,0,6,1,5,1,2900101,1000000
2024BG0000409,1,844.37,44,1,3,1,12,29607,211,7000,3,1,1,5,1,2900102,1000000
2024BG0000410,1,844.37,16,2,1,1,18,33371,238,0,0,6,1,5,1,2900105,1000000
2024BG0000411,1,844.37,93,2,2,1,7,6070,43,0,0,6,1,1,1,2900105,1000000
2024BG0000412,1,844.37,58,2,6,1,7,17487,124,5000,3,1,1,1,1,2900105,1000000
2024BG0000413,1,844.37,22,2,3,1,16,109878,501,1000,3,1,1,5,1,2900101,1000000
2024BG0000414,1,844.37,26,1,6,1,8,26007,185,6000,1,1,1,1,1,2900100,1000000
2024BG0000415,1,844.37,6,1,1,1,4,10421,74,0,0,6,1,5,1,2900105,1000000
2024BG0000416,1,844.37,58,2,4,1,11,115891,501,6000,1,1,1,1,1,2900102,1000000
2024BG0000417,1,844.37,29,1,5,1,15,60768,434,4000,2,1,1,1,1,2900105,1000000
2024BG0000418,1,844.37,42,2,1,1,7,15851,113,9800,6,1,1,2,1,2900101,1000000
2024BG0000419,1,844.37,10,2,2,1,2,2473,17,0,0,6,1,5,1,2900103,1000000
2024BG0000420,1,844.37,0,2,2,1,4,19154,136,0,0,6,1,5,1,2900100,1000000
2024BG0000421,1,844.37,68,1,1,1,8,8557,61,5000,1,3,1,1,1,2900101,1000000
2024BG0000422,1,844.37,50,1,6,1,8,7501,53,7000,1,1,1,2,1,2900106,1000000
2024BG0000423,1,844.37,13,2,1,1,2,1474,10,0,0,6,2,5,1,2900107,1000000
2024BG0000424,1,844.37,15,1,1,1,19,58232,415,0,0,6,1,5,1,2900100,1000000
2024BG0000425,1,844.37,11,2,1,1,3,23483,167,0,0,6,1,5,1,2900103,1000000
2024BG0000426,1,844.37,44,2,1,1,18,143452,501,4000,2,1,1,5,1,2900100,1000000
2024BG0000427,1,844.37,33,2,3,1,17,117250,501,4000,1,1,1,1,1,2900104,1000000
2024BG0000428,1,844.37,17,2,3,1,11,23748,169,0,0,6,1,5,1,2900105,1000000
2024BG0000429,1,844.37,37,1,4,1,8,5943,42,5000,3,1,1,1,1,2900106,1000000
2024BG0000430,1,844.37,22,2,4,1,18,114361,501,6000,1,1,1,1,1,2900100,1000000
2024BG0000431,1,844.37,7,1,4,1,7,8240,58,0,0,6,1,5,1,2900101,1000000
2024BG0000432,1,844.37,3,1,4,1,7,1998,14,0,0,6,1,5,1,2900103,1000000
2024BG0000433,1,844.37,21,2,1,1,17,68813,491,4000,1,1,1,5,1,2900101,1000000
2024BG0000434,1,844.37,17,1,3,1,18,30576,218,0,0,6,1,5,1,2900100,1000000
2024BG0000435,1,844.37,36,1,3,1,9,75674,501,7000,1,1,1,1,1,2900100,1000000
2024BG0000436,1,844.37,14,2,5,1,7,1993,14,0,0,6,1,5,1,2900102,1000000
2024BG0000437,1,844.37,33,2,6,1,13,38912,277,5000,1,1,1,1,1,2900106,1000000
2024BG0000438,1,844.37,19,1,1,1,16,91603,501,5000,6,1,1,5,1,2900102,1000000
2024BG0000439,1,844.37,41,1,1,1,9,29082,207,6000,1,1,1,1,1,2900107,1000000
2024BG0000440,1,844.37,22,1,1,1,15,170580,501,1000,1,1,1,5,1,2900105,1000000
2024BG0000441,1,844.37,15,2,1,1,19,92219,501,0,0,6,1,5,1,2900107,1000000
2024BG0000442,1,844.37,41,1,1,1,10,41549,296,9800,4,1,1,1,1,2900106,1000000
2024BG0000443,1,844.37,36,1,2,1,14,48863,349,2000,3,1,1,5,1,2900103,1000000
2024BG0000444,1,844.37,43,1,4,1,5,13218,94,5000,3,3,1,1,1,2900106,1000000
2024BG0000445,1,844.37,5,2,1,1,5,27678,197,0,0,6,1,5,1,2900104,1000000
2024BG0000446,1,844.37,58,1,6,1,8,20464,146,9800,1,1,1,1,1,2900100,1000000
2024BG0000447,1,844.37,40,1,2,1,11,48221,344,4000,1,1,1,1,1,2900106,1000000
2024BG0000448,1,844.37,99,2,1,1,11,31738,226,0,0,6,1,4,1,2900102,1000000
2024BG0000449,1,844.37,22,1,4,1,15,71778,501,5000,3,1,1,1,1,2900102,1000000
2024BG0000450,1,844.37,54,1,3,1,6,13684,97,8000,1,5,1,1,1,2900101,1000000
2024BG0000451,1,844.37,8,2,6,1,7,3038,21,0,0,6,1,5,1,2900104,1000000
2024BG0000452,1,844.37,24,2,6,1,16,192281,501,4000,1,1,1,5,1,2900102,1000000
2024BG0000453,1,844.37,44,2,1,1,5,9351,66,7000,3,1,1,1,1,2900103,1000000
2024BG0000454,1,844.37,2,2,6,1,1,17284,123,0,0,6,1,5,1,2900100,1000000
2024BG0000455,1,844.37,33,1,6,1,13,44551,318,4000,3,1,1,1,1,2900103,1000000
2024BG0000456,1,844.37,74,2,1,1,10,33453,238,0,0,6,1,1,1,2900105,1000000
2024BG0000457,1,844.37,21,2,1,1,18,54198,387,4000,1,1,1,5,1,2900101,1000000
2024BG0000458,1,844.37,54,2,1,1,8,2773,19,8000,4,1,1,5,1,2900104,1000000
2024BG0000459,1,844.37,26,1,5,1,16,82556,501,4000,2,1,1,1,1,2900106,1000000
2024BG0000460,1,844.37,17,1,2,1,19,105538,501,0,0,6,1,5,1,2900101,1000000
2024BG0000461,1,844.37,4,2,4,1,6,10800,77,0,0,6,1,5,1,2900102,1000000
2024BG0000462,1,844.37,3,1,1,1,6,5183,37,0,0,6,1,5,1,2900102,1000000
2024BG0000463,1,844.37,40,2,7,1,14,32969,235,5000,3,1,1,1,1,2900100,1000000
2024BG0000464,1,844.37,57,1,1,1,15,91805,501,1000,3,1,1,1,1,2900102,1000000
2024BG0000465,1,844.37,0,2,1,1,3,3784,27,0,0,6,1,5,1,2900100,1000000
2024BG0000466,1,844.37,19,2,4,1,19,43865,313,3000,1,1,1,1,1,2900104,1000000
2024BG0000467,1,844.37,36,2,6,1,7,10487,74,7000,4,2,1,1,1,2900106,1000000
2024BG0000468,1,844.37,11,2,3,1,5,1846,13,0,0,6,1,5,1,2900104,1000000
2024BG0000469,1,844.37,13,2,2,1,5,3986,28,0,0,6,1,5,1,2900105,1000000
2024BG0000470,1,844.37,13,2,1,1,6,3539,25,0,0,6,1,5,1,2900101,1000000
2024BG0000471,1,844.37,35,2,5,1,8,14473,103,5000,6,1,1,1,1,2900107,1000000
2024BG0000472,1,844.37,39,2,1,1,9,38161,272,8000,1,1,1,1,1,2900100,1000000
2024BG0000473,1,844.37,39,2,9,1,6,19349,138,8000,3,4,1,1,1,2900106,1000000
2024BG0000474,1,844.37,7,1,2,1,6,11365,81,0,0,6,1,5,1,2900106,1000000
2024BG0000475,1,844.37,0,1,1,1,6,2459,17,0,0,6,1,5,1,2900100,1000000
2024BG0000476,1,844.37,13,1,1,1,1,5855,41,0,0,6,1,5,1,2900107,1000000
2024BG0000477,1,844.37,23,1,5,1,14,36263,259,8000,1,1,1,5,1,2900103,1000000
2024BG0000478,1,844.37,28,2,1,1,11,51566,368,5000,1,1,1,1,1,2900103,1000000
2024BG0000479,1,844.37,66,1,6,1,5,17011,121,9920,4,1,1,5,1,2900103,1000000
2024BG0000480,1,844.37,9,2,6,1,1,3314,23,0,0,6,1,5,2,2900105,1000000
2024BG0000481,1,844.37,10,1,4,1,1,4247,30,0,0,6,1,5,1,2900100,1000000
2024BG0000482,1,844.37,34,1,1,1,5,9610,68,9800,1,1,1,1,1,2900106,1000000
2024BG0000483,1,844.37,0,1,3,1,4,35481,253,0,0,6,1,5,1,2900105,1000000
2024BG0000484,1,844.37,33,2,6,1,13,105056,501,5000,1,1,1,1,1,2900102,1000000
2024BG0000485,1,844.37,8,1,5,1,6,6810,48,0,0,6,1,5,1,2900100,1000000
2024BG0000486,1,844.37,7,1,3,1,8,2954,21,0,0,6,1,5,1,2900103,1000000
2024BG0000487,1,844.37,48,2,1,1,12,260298,501,9000,6,1,1,5,1,2900105,1000000
2024BG0000488,1,844.37,28,2,1,1,10,5302,37,5000,1,1,5,1,1,2900100,1000000
2024BG0000489,1,844.37,43,2,6,1,14,103722,501,8000,1,1,1,1,1,2900100,1000000
2024BG0000490,1,844.37,17,1,1,1,13,19784,141,0,0,6,1,5,1,2900104,1000000
2024BG0000491,1,844.37,42,2,1,1,7,24440,174,8000,1,4,1,1,1,2900103,1000000
2024BG0000492,1,844.37,25,2,1,1,14,13378,95,8000,1,1,1,1,1,2900102,1000000
2024BG0000493,1,844.37,9,1,1,1,5,8820,63,0,0,6,1,5,1,2900107,1000000
2024BG0000494,1,844.37,43,2,1,1,13,85128,501,9800,1,1,1,1,1,2900100,1000000
2024BG0000495,1,844.37,24,2,1,1,13,25953,185,2000,1,1,1,5,1,2900106,1000000
2024BG0000496,1,844.37,16,2,2,1,13,50955,363,0,0,6,1,5,1,2900107,1000000
2024BG0000497,1,844.37,11,2,1,1,6,10081,72,0,0,6,1,5,1,2900105,1000000
2024BG0000498,1,844.37,19,1,5,1,15,26684,190,4000,1,1,1,5,1,2900101,1000000
2024BG0000499,1,844.37,27,2,2,1,15,65622,468,4000,1,1,1,1,1,2900103,1000000
2024BG0000500,1,844.37,15,1,2,1,18,47833,341,0,0,6,1,5,1,2900105,1000000
2024BG0000501,1,844.37,30,1,9,1,7,10050,71,9000,3,1,1,5,1,2900107,1000000
2024BG0000502,1,844.37,28,1,1,1,13,51541,368,5000,3,1,1,5,1,2900101,1000000
2024BG0000503,1,844.37,43,2,1,1,7,14169,101,9000,4,1,1,1,1,2900102,1000000
2024BG0000504,1,844.37,20,2,4,1,13,17031,121,1000,1,1,1,5,1,2900105,1000000
2024BG0000505,1,844.37,39,1,1,1,5,29558,211,7000,1,1,1,1,2,2900105,1000000
2024BG0000506,1,844.37,53,1,6,1,9,23119,165,5000,4,1,1,1,1,2900101,1000000
2024BG0000507,1,844.37,41,2,1,1,8,4371,31,6000,4,1,1,1,1,2900107,1000000
2024BG0000508,1,844.37,26,2,1,1,14,19358,138,4000,2,1,1,5,1,2900105,1000000
2024BG0000509,1,844.37,28,2,5,1,17,49553,353,6000,4,1,1,1,1,2900101,1000000
2024BG0000510,1,844.37,6,2,1,1,4,6414,45,0,0,6,1,5,1,2900106,1000000
2024BG0000511,1,844.37,33,2,1,1,11,74812,501,5000,1,1,1,1,1,2900105,1000000
2024BG0000512,1,844.37,27,1,7,1,10,66706,476,6000,1,1,5,5,1,2900100,1000000
2024BG0000513,1,844.37,24,1,1,1,14,33975,242,6000,6,1,1,1,1,2900102,1000000
2024BG0000514,1,844.37,50,2,9,1,15,32674,233,6000,6,1,1,5,1,2900103,1000000
2024BG0000515,1,844.37,28,2,1,1,8,24712,176,7000,1,1,1,5,1,2900103,1000000
2024BG0000516,1,844.37,28,1,3,1,16,32017,228,4000,1,5,5,1,1,2900101,1000000
2024BG0000517,1,844.37,18,1,1,1,19,49222,351,4000,1,1,1,5,1,2900102,1000000
2024BG0000518,1,844.37,34,2,1,1,13,44276,316,9000,6,1,1,1,1,2900100,1000000
2024BG0000519,1,844.37,27,1,1,1,12,97121,501,4000,2,1,1,1,1,2900102,1000000
2024BG0000520,1,844.37,27,2,6,1,14,7281,52,6000,4,1,1,1,1,2900103,1000000
2024BG0000521,1,844.37,18,2,1,1,16,67753,483,4000,1,1,1,5,1,2900106,1000000
2024BG0000522,1,844.37,11,2,1,1,8,2726,19,0,0,6,1,5,1,2900102,1000000
2024BG0000523,1,844.37,35,2,1,1,14,29959,213,3000,1,1,1,2,1,2900107,1000000
2024BG0000524,1,844.37,37,2,9,1,16,124234,501,4000,2,1,1,1,1,2900101,1000000
2024BG0000525,1,844.37,19,2,1,1,16,35996,257,4000,1,1,1,5,1,2900105,1000000
2024BG0000526,1,844.37,37,2,5,1,9,198966,501,9800,1,1,1,1,1,2900100,1000000
2024BG0000527,1,844.37,58,1,3,1,6,11100,79,5000,1,2,1,1,1,2900105,1000000
2024BG0000528,1,844.37,43,1,6,1,9,47681,340,1000,1,1,1,1,1,2900104,1000000
2024BG0000529,1,844.37,41,2,5,1,16,33965,242,6000,1,2,1,1,1,2900107,1000000
2024BG0000530,1,844.37,43,1,1,1,7,80122,501,7000,1,1,1,1,1,2900101,1000000
2024BG0000531,1,844.37,6,2,1,1,4,18901,135,0,0,6,1,5,2,2900101,1000000
2024BG0000532,1,844.37,13,1,2,1,8,5917,42,0,0,6,1,5,1,2900102,1000000
2024BG0000533,1,844.37,22,2,2,1,20,292841,501,4000,1,1,1,1,1,2900101,1000000
2024BG0000534,1,844.37,26,2,1,1,11,53787,384,2000,1,1,1,1,1,2900102,1000000
2024BG0000535,1,844.37,15,1,1,1,20,85050,501,0,0,6,1,5,1,2900102,1000000
2024BG0000536,1,844.37,58,2,5,1,10,85035,501,5000,4,5,1,1,1,2900106,1000000
2024BG0000537,1,844.37,54,2,1,1,5,10357,73,8000,1,1,1,5,1,2900105,1000000
2024BG0000538,1,844.37,40,1,3,1,11,51422,367,8000,1,5,1,1,1,2900107,1000000
2024BG0000539,1,844.37,19,2,1,1,13,23613,168,1000,1,1,1,5,1,2900101,1000000
2024BG0000540,1,844.37,10,1,5,1,6,3613,25,0,0,6,1,5,1,2900105,1000000
2024BG0000541,1,844.37,5,1,1,1,4,5327,38,0,0,6,1,5,1,2900103,1000000
2024BG0000542,1,844.37,8,1,6,1,1,6597,47,0,0,6,1,5,1,2900100,1000000
2024BG0000543,1,844.37,24,2,1,1,17,103714,501,4000,3,2,1,5,1,2900107,1000000
2024BG0000544,1,844.37,12,1,5,1,4,8323,59,0,0,6,1,5,1,2900100,1000000
2024BG0000545,1,844.37,47,1,1,1,17,30650,218,4000,1,1,1,1,2,2900106,1000000
2024BG0000546,1,844.37,35,1,5,1,10,119445,501,6000,3,1,1,5,1,2900107,1000000
2024BG0000547,1,844.37,31,2,1,1,17,79993,501,3000,1,1,1,1,1,2900104,1000000
2024BG0000548,1,844.37,42,2,7,1,11,25866,184,3000,1,1,1,1,1,2900103,1000000
2024BG0000549,1,844.37,5,2,5,1,6,5109,36,0,0,6,1,5,1,2900100,1000000
2024BG0000550,1,844.37,14,2,3,1,3,18890,134,0,0,6,1,5,1,2900102,1000000
2024BG0000551,1,844.37,14,1,1,1,5,10917,77,0,0,6,1,5,1,2900103,1000000
2024BG0000552,1,844.37,18,2,2,1,17,24672,176,4000,1,1,1,5,1,2900102,1000000
2024BG0000553,1,844.37,25,1,1,1,17,26768,191,5000,3,1,1,5,1,2900100,1000000
2024BG0000554,1,844.37,6,2,5,1,8,4369,31,0,0,6,1,5,1,2900105,1000000
2024BG0000555,1,844.37,38,1,1,1,6,60310,430,8000,1,5,1,1,1,2900102,1000000
2024BG0000556,1,844.37,71,2,5,1,5,12144,86,0,0,6,1,2,1,2900107,1000000
2024BG0000557,1,844.37,12,2,2,1,2,8904,63,0,0,6,1,5,1,2900103,1000000
2024BG0000558,1,844.37,32,1,1,1,11,28413,202,6000,1,1,1,1,1,2900101,1000000
2024BG0000559,1,844.37,6,1,5,1,5,2871,20,0,0,6,1,5,1,2900100,1000000
2024BG0000560,1,844.37,17,2,1,1,16,60886,434,0,0,6,1,5,1,2900102,1000000
2024BG0000561,1,844.37,33,2,1,1,12,44354,316,6000,1,1,1,1,1,2900107,1000000
2024BG0000562,1,844.37,59,2,3,1,11,47494,339,5000,1,5,1,1,1,2900107,1000000
2024BG0000563,1,844.37,33,1,1,1,16,100298,501,4000,2,1,1,1,1,2900106,1000000
2024BG0000564,1,844.37,41,2,3,1,6,20518,146,7000,1,4,1,1,1,2900103,1000000
2024BG0000565,1,844.37,51,2,1,1,7,17980,128,9800,4,1,5,1,2,2900104,1000000
2024BG0000566,1,844.37,8,2,1,1,7,8038,57,0,0,6,1,5,1,2900100,1000000
2024BG0000567,1,844.37,11,2,6,1,9,31670,226,0,0,6,1,5,1,2900100,1000000
2024BG0000568,1,844.37,4,1,6,1,4,7007,50,0,0,6,1,5,1,2900104,1000000
2024BG0000569,1,844.37,47,2,3,1,12,124004,501,1000,1,1,1,1,1,2900102,1000000
2024BG0000570,1,844.37,31,1,2,1,14,36491,260,9000,1,1,1,5,1,2900104,1000000
2024BG0000571,1,844.37,11,1,2,1,3,3759,26,0,0,6,1,5,1,2900102,1000000
2024BG0000572,1,844.37,17,2,2,1,12,22229,158,0,0,6,1,5,1,2900101,1000000
2024BG0000573,1,844.37,13,2,7,1,4,14333,102,0,0,6,1,5,1,2900106,1000000
2024BG0000574,1,844.37,31,2,2,1,12,33899,242,4000,2,1,1,1,1,2900102,1000000
2024BG0000575,1,844.37,52,1,1,1,7,21960,156,9800,4,1,1,1,1,2900100,1000000
2024BG0000576,1,844.37,15,2,5,1,14,24081,172,0,0,6,1,5,1,2900103,1000000
2024BG0000577,1,844.37,26,2,1,1,14,99857,501,6000,1,1,1,1,1,2900100,1000000
2024BG0000578,1,844.37,3,1,3,1,5,11047,78,0,0,6,1,5,1,2900102,1000000
2024BG0000579,1,844.37,32,1,2,1,14,30345,216,4000,2,1,1,1,1,2900102,1000000
2024BG0000580,1,844.37,20,2,5,1,20,217115,501,4000,2,1,1,5,1,2900106,1000000
2024BG0000581,1,844.37,0,2,7,1,1,6103,43,0,0,6,1,5,1,2900105,1000000
2024BG0000582,1,844.37,12,1,1,1,7,6968,49,0,0,6,1,5,1,2900106,1000000
2024BG0000583,1,844.37,20,2,1,1,17,20851,148,4000,1,1,1,1,1,2900101,1000000
2024BG0000584,1,844.37,36,2,1,1,10,80032,501,7000,1,1,1,1,1,2900104,1000000
2024BG0000585,1,844.37,25,2,1,1,12,54617,390,3000,1,1,1,1,1,2900101,1000000
2024BG0000586,1,844.37,25,1,1,1,11,17740,126,9800,6,1,1,5,1,2900102,1000000
2024BG0000587,1,844.37,58,2,1,1,14,68231,487,6000,1,1,1,1,1,2900105,1000000
2024BG0000588,1,844.37,37,2,6,1,13,44716,319,5000,1,1,1,1,1,2900102,1000000
2024BG0000589,1,844.37,19,2,5,1,17,57202,408,3000,2,1,1,5,1,2900101,1000000
2024BG0000590,1,844.37,3,2,2,1,5,2040,14,0,0,6,1,5,1,2900100,1000000
2024BG0000591,1,844.37,12,1,3,1,8,3088,22,0,0,6,2,5,1,2900102,1000000
2024BG0000592,1,844.37,30,2,3,1,10,95711,501,3000,3,1,1,5,1,2900106,1000000
2024BG0000593,1,844.37,28,1,1,1,12,37637,268,5000,3,1,1,1,1,2900105,1000000
2024BG0000594,1,844.37,42,2,1,1,12,103342,501,4000,1,1,1,1,1,2900102,1000000
2024BG0000595,1,844.37,18,2,1,1,18,24737,176,4000,1,1,1,5,1,2900104,1000000
2024BG0000596,1,844.37,21,1,1,1,11,14803,105,8000,6,1,1,5,1,2900106,1000000
2024BG0000597,1,844.37,68,1,5,1,12,21049,150,5000,1,1,1,1,1,2900102,1000000
2024BG0000598,1,844.37,29,1,2,1,9,26579,189,6000,6,1,1,1,1,2900101,1000000
2024BG0000599,1,844.37,29,2,1,1,18,83212,501,3000,2,1,1,1,1,2900107,1000000
2024BG0000600,1,844.37,27,2,6,1,16,89333,501,6000,1,1,1,1,2,2900105,1000000
2024BG0000601,1,844.37,19,2,3,1,15,65793,469,4000,3,1,1,5,1,2900106,1000000
2024BG0000602,1,844.37,22,2,2,1,19,155342,501,4000,1,1,1,5,1,2900100,1000000
2024BG0000603,1,844.37,24,1,1,1,14,25032,178,5000,6,1,1,5,1,2900106,1000000
2024BG0000604,1,844.37,91,2,2,1,5,4787,34,0,0,6,1,1,2,2900107,1000000
2024BG0000605,1,844.37,44,2,1,1,11,35279,251,2000,1,3,1,1,1,2900104,1000000
2024BG0000606,1,844.37,41,1,1,1,12,28602,204,7000,1,1,1,5,1,2900102,1000000
2024BG0000607,1,844.37,36,1,6,1,8,8127,58,9800,1,1,1,2,1,2900100,1000000
2024BG0000608,1,844.37,17,1,4,1,12,15167,108,0,0,6,1,5,1,2900103,1000000
2024BG0000609,1,844.37,1,2,1,1,4,3478,24,0,0,6,1,5,1,2900105,1000000
2024BG0000610,1,844.37,33,1,1,1,14,36393,259,6000,1,1,1,5,1,2900105,1000000
2024BG0000611,1,844.37,56,1,6,1,14,95388,501,4000,2,1,1,1,1,2900105,1000000
2024BG0000612,1,844.37,7,2,4,1,5,5695,40,0,0,6,1,5,1,2900106,1000000
2024BG0000613,1,844.37,29,2,4,1,9,23438,167,5000,1,2,1,1,1,2900100,1000000
2024BG0000614,1,844.37,37,1,5,1,10,37268,266,6000,4,1,1,1,1,2900102,1000000
2024BG0000615,1,844.37,26,1,1,1,12,62884,449,9000,4,1,1,1,1,2900104,1000000
2024BG0000616,1,844.37,0,1,1,1,4,1942,13,0,0,6,1,5,1,2900107,1000000
2024BG0000617,1,844.37,28,2,6,1,13,15838,113,5000,6,5,1,1,2,2900100,1000000
2024BG0000618,1,844.37,31,2,5,1,18,134367,501,5000,1,1,1,5,1,2900103,1000000
2024BG0000619,1,844.37,44,1,1,1,10,16233,115,9000,1,1,1,1,1,2900105,1000000
2024BG0000620,1,844.37,8,1,1,1,6,3931,28,0,0,6,1,5,1,2900103,1000000
2024BG0000621,1,844.37,29,2,1,1,14,23430,167,7000,1,1,1,1,1,2900104,1000000
2024BG0000622,1,844.37,12,1,3,1,5,9628,68,0,0,6,1,5,1,2900107,1000000
2024BG0000623,1,844.37,0,1,1,1,2,5794,41,0,0,6,1,5,1,2900103,1000000
2024BG0000624,1,844.37,32,1,3,1,18,89185,501,6000,1,1,1,1,1,2900106,1000000
2024BG0000625,1,844.37,14,1,1,1,3,2740,19,0,0,6,1,5,1,2900105,1000000
2024BG0000626,1,844.37,26,2,1,1,16,32365,231,5000,6,1,1,1,1,2900106,1000000
2024BG0000627,1,844.37,13,1,6,1,1,2455,17,0,0,6,1,5,1,2900101,1000000
2024BG0000628,1,844.37,48,1,2,1,16,94099,501,4000,1,1,1,1,1,2900107,1000000
2024BG0000629,1,844.37,33,2,4,1,17,259213,501,6000,6,1,1,1,1,2900107,1000000
2024BG0000630,1,844.37,27,2,1,1,8,3725,26,7000,1,1,1,1,1,2900104,1000000
2024BG0000631,1,844.37,12,1,1,1,5,2736,19,0,0,6,1,5,1,2900100,1000000
2024BG0000632,1,844.37,10,1,3,1,3,2846,20,0,0,6,1,5,1,2900105,1000000
2024BG0000633,1,844.37,30,2,3,1,13,38623,275,1000,1,1,1,1,1,2900104,1000000
2024BG0000634,1,844.37,4,1,3,1,4,2096,14,0,0,6,1,5,1,2900104,1000000
2024BG0000635,1,844.37,5,2,6,1,6,9805,70,0,0,6,1,5,2,2900101,1000000
2024BG0000636,1,844.37,51,2,5,1,5,28362,202,9800,1,1,1,2,1,2900102,1000000
2024BG0000637,1,844.37,4,2,4,1,7,15959,113,0,0,6,1,5,1,2900100,1000000
2024BG0000638,1,844.37,33,1,2,1,8,14258,101,9000,4,1,1,5,1,2900107,1000000
2024BG0000639,1,844.37,27,2,2,1,9,41316,295,3000,2,1,1,1,1,2900100,1000000
2024BG0000640,1,844.37,30,1,1,1,12,63294,452,4000,1,1,1,1,1,2900104,1000000
2024BG0000641,1,844.37,26,2,6,1,9,32463,231,4000,1,1,1,1,1,2900105,1000000
2024BG0000642,1,844.37,16,2,6,1,16,80895,501,0,0,6,1,5,1,2900104,1000000
2024BG0000643,1,844.37,38,1,1,1,15,110427,501,6000,4,1,1,1,1,2900101,1000000
2024BG0000644,1,844.37,20,2,2,1,19,141287,501,4000,1,3,1,5,1,2900106,1000000
2024BG0000645,1,844.37,29,2,5,1,12,13345,95,2000,1,1,1,5,1,2900106,1000000
2024BG0000646,1,844.37,8,1,2,1,4,7149,51,0,0,6,1,5,2,2900100,1000000
2024BG0000647,1,844.37,23,2,7,1,14,28534,203,7000,1,1,1,1,1,2900105,1000000
2024BG0000648,1,844.37,42,2,3,1,18,107009,501,4000,1,1,1,1,1,2900107,1000000
2024BG0000649,1,844.37,84,2,1,1,12,20826,148,0,0,6,1,1,1,2900103,1000000
2024BG0000650,1,844.37,37,2,1,1,13,47259,337,4000,1,1,5,1,2,2900107,1000000
2024BG0000651,1,844.37,43,2,7,1,12,40658,290,3000,1,2,1,1,1,2900104,1000000
2024BG0000652,1,844.37,67,2,1,1,6,18046,128,8000,1,1,1,2,1,2900102,1000000
2024BG0000653,1,844.37,40,1,1,1,9,45128,322,7000,3,1,1,1,1,2900107,1000000
2024BG0000654,1,844.37,36,1,5,1,15,139710,501,4000,1,2,1,5,1,2900103,1000000
2024BG0000655,1,844.37,38,1,1,1,8,8500,60,7000,4,1,1,5,1,2900103,1000000
2024BG0000656,1,844.37,1,2,1,1,6,4913,35,0,0,6,1,5,1,2900106,1000000
2024BG0000657,1,844.37,15,2,6,1,12,6376,45,0,0,6,1,5,1,2900102,1000000
2024BG0000658,1,844.37,45,2,3,1,10,40259,287,9800,1,2,1,1,2,2900102,1000000
2024BG0000659,1,844.37,84,2,2,1,7,3038,21,0,0,6,1,5,1,2900104,1000000
2024BG0000660,1,844.37,20,1,2,1,17,57833,413,1000,1,1,1,5,1,2900100,1000000
2024BG0000661,1,844.37,16,2,1,1,14,26695,190,0,0,6,1,5,1,2900103,1000000
2024BG0000662,1,844.37,48,1,1,1,5,20558,146,5000,1,1,1,1,1,2900100,1000000
2024BG0000663,1,844.37,71,2,1,1,7,3213,22,0,0,6,1,1,1,2900105,1000000
2024BG0000664,1,844.37,35,2,1,1,9,130089,501,9000,1,1,1,1,1,2900103,1000000
2024BG0000665,1,844.37,30,1,1,1,13,27229,194,1000,2,1,1,1,1,2900105,1000000
2024BG0000666,1,844.37,41,2,1,1,8,11685,83,9920,3,1,1,5,1,2900107,1000000
2024BG0000667,1,844.37,20,1,2,1,15,74212,501,4000,1,1,1,5,1,2900106,1000000
2024BG0000668,1,844.37,30,2,6,1,15,69163,494,4000,2,1,1,1,1,2900107,1000000
2024BG0000669,1,844.37,23,2,1,1,18,97354,501,3000,1,1,1,1,1,2900102,1000000
2024BG0000670,1,844.37,55,1,1,1,14,49512,353,4000,1,1,1,1,1,2900107,1000000
2024BG0000671,1,844.37,42,2,1,1,11,54501,389,3000,2,1,1,1,1,2900102,1000000
2024BG0000672,1,844.37,28,2,6,1,13,15246,108,5000,4,1,1,1,1,2900101,1000000
2024BG0000673,1,844.37,5,1,1,1,3,3438,24,0,0,6,1,5,1,2900106,1000000
2024BG0000674,1,844.37,3,2,6,1,2,22179,158,0,0,6,1,5,1,2900104,1000000
2024BG0000675,1,844.37,46,1,1,1,12,57646,411,6000,1,1,1,1,1,2900101,1000000
2024BG0000676,1,844.37,53,2,1,1,12,49582,354,5000,1,1,1,1,1,2900101,1000000
2024BG0000677,1,844.37,52,1,1,1,12,21418,152,1000,3,1,1,1,1,2900103,1000000
2024BG0000678,1,844.37,42,2,3,1,17,154921,501,4000,1,1,1,1,1,2900104,1000000
2024BG0000679,1,844.37,43,2,1,1,13,63469,453,6000,1,1,1,1,1,2900102,1000000
2024BG0000680,1,844.37,45,1,2,1,7,50107,357,5000,1,1,1,1,1,2900106,1000000
2024BG0000681,1,844.37,41,2,1,1,6,14506,103,9800,1,1,1,1,1,2900101,1000000
2024BG0000682,1,844.37,8,2,1,1,4,2265,16,0,0,6,1,5,1,2900105,1000000
2024BG0000683,1,844.37,45,1,1,1,17,101399,501,4000,1,4,1,1,1,2900103,1000000
2024BG0000684,1,844.37,32,2,5,1,9,137835,501,6000,1,1,1,1,1,2900101,1000000
2024BG0000685,1,844.37,25,1,2,1,11,21357,152,4000,2,2,1,5,1,2900101,1000000
2024BG0000686,1,844.37,6,1,1,1,2,2276,16,0,0,6,1,5,2,2900102,1000000
2024BG0000687,1,844.37,9,1,6,1,9,9486,67,0,0,6,1,5,2,2900100,1000000
2024BG0000688,1,844.37,0,1,1,1,4,4464,31,0,0,6,1,5,1,2900101,1000000
2024BG0000689,1,844.37,19,1,1,1,15,36733,262,4000,1,1,1,5,1,2900101,1000000
2024BG0000690,1,844.37,35,1,3,1,16,218683,501,2000,1,1,1,5,1,2900107,1000000
2024BG0000691,1,844.37,56,2,5,1,13,71330,501,3000,1,1,1,1,1,2900104,1000000
2024BG0000692,1,844.37,3,2,6,1,6,1896,13,0,0,6,5,5,1,2900106,1000000
2024BG0000693,1,844.37,29,1,1,1,12,54361,388,1000,3,1,1,5,1,2900104,1000000
2024BG0000694,1,844.37,4,1,1,1,6,9230,65,0,0,6,1,5,2,2900107,1000000
2024BG0000695,1,844.37,17,2,6,1,12,23866,170,0,0,6,1,5,1,2900106,1000000
2024BG0000696,1,844.37,24,1,2,1,13,40218,287,1000,1,2,1,5,1,2900106,1000000
2024BG0000697,1,844.37,44,2,3,1,10,36658,261,9000,1,1,1,2,1,2900105,1000000
2024BG0000698,1,844.37,21,2,1,1,16,24552,175,3000,1,1,1,5,1,2900102,1000000
2024BG0000699,1,844.37,43,2,1,1,16,134111,501,6000,1,1,1,5,1,2900102,1000000
2024BG0000700,1,844.37,20,2,1,1,13,17984,128,9000,4,1,1,5,1,2900105,1000000
2024BG0000701,1,844.37,53,2,6,1,11,38089,272,7000,1,1,1,1,1,2900103,1000000
2024BG0000702,1,844.37,1,1,2,1,6,14989,107,0,0,6,1,5,1,2900104,1000000
2024BG0000703,1,844.37,27,2,1,1,11,8858,63,6000,1,1,1,5,1,2900100,1000000
2024BG0000704,1,844.37,61,2,7,1,9,31989,228,4000,3,1,1,5,1,2900104,1000000
2024BG0000705,1,844.37,16,1,1,1,15,45903,327,0,0,6,1,5,1,2900101,1000000
2024BG0000706,1,844.37,41,1,1,1,8,12584,89,9800,1,4,1,1,1,2900101,1000000
2024BG0000707,1,844.37,15,1,1,1,18,66787,477,0,0,6,1,5,1,2900100,1000000
2024BG0000708,1,844.37,38,2,3,1,7,38603,275,8000,1,1,1,1,1,2900107,1000000
2024BG0000709,1,844.37,38,1,6,1,8,12804,91,8000,3,1,1,1,1,2900104,1000000
2024BG0000710,1,844.37,29,2,1,1,11,26797,191,7000,6,1,1,1,1,2900107,1000000
2024BG0000711,1,844.37,51,2,1,1,10,107238,501,5000,1,1,1,5,1,2900101,1000000
2024BG0000712,1,844.37,11,2,1,1,4,1739,12,0,0,6,1,5,1,2900103,1000000
2024BG0000713,1,844.37,22,2,1,1,16,66483,474,1000,1,1,1,5,1,2900102,1000000
2024BG0000714,1,844.37,32,2,3,1,8,29097,207,7000,1,1,1,5,1,2900105,1000000
2024BG0000715,1,844.37,5,2,3,1,5,3080,22,0,0,6,1,5,1,2900105,1000000
2024BG0000716,1,844.37,28,1,1,1,6,30357,216,9800,3,1,1,5,1,2900104,1000000
2024BG0000717,1,844.37,25,1,2,1,16,119211,501,5000,1,1,1,1,1,2900102,1000000
2024BG0000718,1,844.37,53,1,1,1,12,39574,282,6000,1,1,1,1,1,2900105,1000000
2024BG0000719,1,844.37,38,1,1,1,12,119113,501,9000,1,4,1,1,1,2900103,1000000
2024BG0000720,1,844.37,50,2,1,1,11,56079,400,1000,1,2,1,1,1,2900103,1000000
2024BG0000721,1,844.37,49,2,1,1,13,55808,398,6000,4,1,1,1,1,2900101,1000000
2024BG0000722,1,844.37,44,1,1,1,16,85002,501,6000,3,1,1,1,1,2900104,1000000
2024BG0000723,1,844.37,32,1,1,1,13,37559,268,2000,1,1,1,1,1,2900101,1000000
2024BG0000724,1,844.37,18,2,8,1,15,50544,361,6000,1,1,1,5,1,2900103,1000000
2024BG0000725,1,844.37,93,1,1,1,5,18783,134,0,0,6,1,5,1,2900106,1000000
2024BG0000726,1,844.37,23,1,1,1,17,25910,185,3000,1,3,1,5,1,2900103,1000000
2024BG0000727,1,844.37,9,1,4,1,6,3266,23,0,0,6,1,5,2,2900106,1000000
2024BG0000728,1,844.37,53,1,5,1,5,13889,99,5000,1,1,1,1,1,2900103,1000000
2024BG0000729,1,844.37,15,2,1,1,15,57848,413,0,0,6,1,5,1,2900103,1000000
2024BG0000730,1,844.37,3,1,3,1,6,3377,24,0,0,6,1,5,1,2900101,1000000
2024BG0000731,1,844.37,59,1,1,1,7,10840,77,7000,3,1,1,5,1,2900101,1000000
2024BG0000732,1,844.37,7,2,5,1,2,6180,44,0,0,6,1,5,1,2900104,1000000
2024BG0000733,1,844.37,34,2,1,1,15,169022,501,3000,2,1,1,5,1,2900101,1000000
2024BG0000734,1,844.37,23,2,2,1,18,52415,374,4000,2,1,1,5,1,2900104,1000000
2024BG0000735,1,844.37,10,2,2,1,3,7848,56,0,0,6,1,5,1,2900102,1000000
2024BG0000736,1,844.37,10,1,6,1,7,3751,26,0,0,6,1,5,1,2900102,1000000
2024BG0000737,1,844.37,38,2,1,1,9,47973,342,6000,1,1,1,1,1,2900105,1000000
2024BG0000738,1,844.37,29,1,3,1,15,42943,306,1000,1,1,1,5,1,2900107,1000000
2024BG0000739,1,844.37,25,1,1,1,12,201285,501,4000,2,1,1,1,1,2900100,1000000
2024BG0000740,1,844.37,17,1,5,1,19,72562,501,0,0,6,1,5,1,2900101,1000000
2024BG0000741,1,844.37,50,2,1,1,11,28858,206,5000,1,5,1,1,1,2900103,1000000
2024BG0000742,1,844.37,32,1,1,1,13,46106,329,4000,1,1,1,1,1,2900107,1000000
2024BG0000743,1,844.37,4,2,7,1,5,7639,54,0,0,6,1,5,1,2900105,1000000
2024BG0000744,1,844.37,25,2,6,1,14,30810,220,4000,1,1,1,5,1,2900102,1000000
2024BG0000745,1,844.37,16,2,1,1,17,44509,317,0,0,6,1,5,1,2900106,1000000
2024BG0000746,1,844.37,9,2,2,1,3,4672,33,0,0,6,1,5,1,2900105,1000000
2024BG0000747,1,844.37,18,2,2,1,17,41194,294,3000,1,1,2,5,1,2900103,1000000
2024BG0000748,1,844.37,55,1,1,1,9,26419,188,6000,3,1,1,1,1,2900103,1000000
2024BG0000749,1,844.37,26,2,7,1,10,125612,501,4000,1,1,1,1,1,2900100,1000000
2024BG0000750,1,844.37,10,1,6,1,4,3792,27,0,0,6,1,5,1,2900102,1000000
2024BG0000751,1,844.37,15,2,4,1,16,18657,133,0,0,6,1,5,1,2900102,1000000
2024BG0000752,1,844.37,2,1,7,1,1,4095,29,0,0,6,1,5,1,2900101,1000000
2024BG0000753,1,844.37,38,1,1,1,17,116646,501,2000,3,1,1,5,1,2900104,1000000
2024BG0000754,1,844.37,43,1,2,1,12,74757,501,6000,6,1,1,1,1,2900103,1000000
2024BG0000755,1,844.37,30,2,1,1,6,6045,43,9920,1,1,1,1,1,2900107,1000000
2024BG0000756,1,844.37,18,1,3,1,14,13444,96,9000,4,1,1,5,1,2900105,1000000
2024BG0000757,1,844.37,23,1,2,1,18,46929,335,5000,6,3,1,5,1,2900103,1000000
2024BG0000758,1,844.37,25,2,1,1,14,35118,250,9000,1,1,1,1,1,2900100,1000000
2024BG0000759,1,844.37,24,1,5,1,15,47538,339,4000,2,1,1,5,1,2900100,1000000
2024BG0000760,1,844.37,17,2,6,1,14,11358,81,0,0,6,1,5,1,2900104,1000000
2024BG0000761,1,844.37,1,2,4,1,4,10860,77,0,0,6,1,5,1,2900105,1000000
2024BG0000762,1,844.37,22,2,7,1,18,99809,501,3000,1,1,1,5,1,2900104,1000000
2024BG0000763,1,844.37,27,1,1,1,7,48937,349,8000,3,1,1,1,2,2900101,1000000
2024BG0000764,1,844.37,24,2,1,1,14,56028,400,2000,1,1,1,5,1,2900102,1000000
2024BG0000765,1,844.37,14,1,6,1,7,2446,17,0,0,6,1,5,1,2900102,1000000
2024BG0000766,1,844.37,28,2,8,1,10,26336,188,5000,6,1,1,5,1,2900101,1000000
2024BG0000767,1,844.37,73,1,2,1,8,6135,43,0,0,6,1,1,1,2900104,1000000
2024BG0000768,1,844.37,28,1,1,1,16,145263,501,6000,3,1,1,5,1,2900105,1000000
2024BG0000769,1,844.37,28,2,5,1,15,85708,501,4000,2,5,1,5,1,2900105,1000000
2024BG0000770,1,844.37,65,2,1,1,5,3606,25,8000,1,1,1,1,1,2900104,1000000
2024BG0000771,1,844.37,9,1,1,1,6,7127,50,0,0,6,1,5,1,2900100,1000000
2024BG0000772,1,844.37,9,1,2,1,6,33798,241,0,0,6,1,5,2,2900102,1000000
2024BG0000773,1,844.37,50,1,1,1,6,4541,32,5000,3,1,1,3,1,2900103,1000000
2024BG0000774,1,844.37,80,2,5,1,9,21496,153,0,0,6,1,1,1,2900105,1000000
2024BG0000775,1,844.37,28,1,1,1,8,23665,169,6000,1,1,1,1,1,2900107,1000000
2024BG0000776,1,844.37,29,1,1,1,10,16290,116,4000,3,1,1,1,1,2900107,1000000
2024BG0000777,1,844.37,3,2,4,1,2,9314,66,0,0,6,1,5,1,2900102,1000000
2024BG0000778,1,844.37,44,2,1,1,8,15760,112,6000,1,1,1,1,1,2900100,1000000
2024BG0000779,1,844.37,6,2,1,1,3,4284,30,0,0,6,1,5,1,2900106,1000000
2024BG0000780,1,844.37,33,1,3,1,13,57465,410,2000,2,3,1,1,2,2900101,1000000
2024BG0000781,1,844.37,29,1,8,1,13,36861,263,4000,1,5,1,1,1,2900100,1000000
2024BG0000782,1,844.37,16,2,3,1,17,45402,324,0,0,6,1,5,1,2900107,1000000
2024BG0000783,1,844.37,33,2,7,1,17,56727,405,5000,1,1,1,5,1,2900102,1000000
2024BG0000784,1,844.37,19,1,5,1,13,8161,58,7000,1,5,1,5,1,2900102,1000000
2024BG0000785,1,844.37,44,1,1,1,16,58695,419,4000,2,1,1,3,1,2900104,1000000
2024BG0000786,1,844.37,28,1,1,1,11,20984,149,8000,6,1,1,1,1,2900100,1000000
2024BG0000787,1,844.37,40,2,4,1,11,21166,151,2000,3,1,1,5,1,2900100,1000000
2024BG0000788,1,844.37,43,2,2,1,12,81956,501,7000,1,1,1,2,1,2900104,1000000
2024BG0000789,1,844.37,20,2,6,1,11,23905,170,9800,6,1,1,5,1,2900106,1000000
2024BG0000790,1,844.37,33,1,6,1,19,229201,501,4000,3,1,1,1,1,2900101,1000000
2024BG0000791,1,844.37,3,1,4,1,6,9695,69,0,0,6,1,5,1,2900102,1000000
2024BG0000792,1,844.37,40,1,6,1,12,24111,172,4000,1,1,1,5,1,2900103,1000000
2024BG0000793,1,844.37,44,2,5,1,17,355866,501,4000,1,1,1,1,1,2900101,1000000
2024BG0000794,1,844.37,31,1,1,1,17,186699,501,4000,1,1,1,1,1,2900102,1000000
2024BG0000795,1,844.37,27,2,1,1,6,6228,44,5000,3,1,1,5,1,2900100,1000000
2024BG0000796,1,844.37,34,2,1,1,10,31998,228,9800,3,1,1,1,1,2900101,1000000
2024BG0000797,1,844.37,29,1,1,1,9,86603,501,9000,6,1,1,5,1,2900101,1000000
2024BG0000798,1,844.37,42,1,3,1,16,172306,501,4000,1,1,1,1,1,2900103,1000000
2024BG0000799,1,844.37,13,2,1,1,6,6276,44,0,0,6,1,5,1,2900107,1000000
2024BG0000800,1,844.37,18,2,3,1,20,111263,501,1000,3,1,1,5,2,2900103,1000000
2024BG0000801,1,844.37,78,2,1,1,7,3825,27,0,0,6,1,1,1,2900102,1000000
2024BG0000802,1,844.37,30,2,1,1,13,59773,426,9000,1,1,1,1,2,2900102,1000000
2024BG0000803,1,844.37,17,2,5,1,18,53519,382,0,0,6,1,5,1,2900101,1000000
2024BG0000804,1,844.37,15,2,1,1,17,47101,336,0,0,6,1,5,1,2900101,1000000
2024BG0000805,1,844.37,3,1,2,1,5,4199,29,0,0,6,1,5,1,2900101,1000000
2024BG0000806,1,844.37,41,1,1,1,13,74484,501,2000,1,1,1,5,2,2900101,1000000
2024BG0000807,1,844.37,39,1,5,1,10,39464,281,8000,1,1,1,5,1,2900102,1000000
2024BG0000808,1,844.37,1,2,1,1,6,4673,33,0,0,6,1,5,1,2900106,1000000
2024BG0000809,1,844.37,51,1,8,1,10,72586,501,7000,3,1,1,4,1,2900107,1000000
2024BG0000810,1,844.37,3,2,5,1,3,6221,44,0,0,6,1,5,1,2900100,1000000
2024BG0000811,1,844.37,25,1,1,1,8,12189,87,7000,1,1,1,5,1,2900104,1000000
2024BG0000812,1,844.37,24,1,1,1,15,66510,475,6000,1,1,1,5,1,2900105,1000000
2024BG0000813,1,844.37,26,1,2,1,12,12670,90,5000,1,1,1,1,1,2900104,1000000
2024BG0000814,1,844.37,8,2,1,1,5,8883,63,0,0,6,1,5,1,2900106,1000000
2024BG0000815,1,844.37,44,2,2,1,13,73485,501,7000,1,1,5,1,1,2900106,1000000
2024BG0000816,1,844.37,13,1,2,1,5,9750,69,0,0,6,1,5,1,2900107,1000000
2024BG0000817,1,844.37,39,1,3,1,13,80263,501,5000,1,1,1,1,1,2900100,1000000
2024BG0000818,1,844.37,11,2,1,1,6,9445,67,0,0,6,1,5,1,2900103,1000000
2024BG0000819,1,844.37,10,2,2,1,4,10365,74,0,0,6,1,5,1,2900105,1000000
2024BG0000820,1,844.37,44,2,3,1,13,30722,219,4000,3,1,1,2,1,2900105,1000000
2024BG0000821,1,844.37,22,1,3,1,20,96006,501,4000,3,1,1,1,1,2900106,1000000
2024BG0000822,1,844.37,34,1,2,1,10,39431,281,4000,1,2,1,5,1,2900107,1000000
2024BG0000823,1,844.37,32,2,3,1,11,16889,120,6000,1,1,1,5,1,2900106,1000000
2024BG0000824,1,844.37,24,1,4,1,12,36582,261,2000,1,1,1,5,1,2900104,1000000
2024BG0000825,1,844.37,34,2,5,1,13,188108,501,4000,1,1,1,5,1,2900100,1000000
2024BG0000826,1,844.37,50,1,1,1,13,46461,331,3000,1,1,1,1,1,2900101,1000000
2024BG0000827,1,844.37,100,1,3,1,6,7571,54,0,0,6,1,2,1,2900101,1000000
2024BG0000828,1,844.37,32,1,2,1,13,82119,501,5000,1,1,1,1,1,2900104,1000000
2024BG0000829,1,844.37,42,2,1,1,11,68752,491,4000,1,1,1,1,1,2900107,1000000
2024BG0000830,1,844.37,25,2,6,1,12,5801,41,9000,3,3,1,1,1,2900106,1000000
2024BG0000831,1,844.37,53,1,7,1,17,108979,501,6000,1,1,1,1,1,2900101,1000000
2024BG0000832,1,844.37,19,2,1,1,18,93943,501,1000,1,3,1,1,1,2900103,1000000
2024BG0000833,1,844.37,83,2,3,1,8,7157,51,0,0,6,1,1,1,2900103,1000000
2024BG0000834,1,844.37,29,2,1,1,7,6497,46,5000,3,1,1,1,1,2900103,1000000
2024BG0000835,1,844.37,25,2,3,1,13,40505,289,5000,4,1,1,5,1,2900100,1000000
2024BG0000836,1,844.37,2,1,6,1,5,10302,73,0,0,6,1,5,1,2900101,1000000
2024BG0000837,1,844.37,57,1,1,1,7,42599,304,9000,1,1,1,5,1,2900107,1000000
2024BG0000838,1,844.37,22,1,1,1,11,10112,72,7000,3,1,1,5,1,2900101,1000000
2024BG0000839,1,844.37,81,1,1,1,6,3741,26,0,0,6,1,1,1,2900100,1000000
2024BG0000840,1,844.37,17,1,1,1,10,12552,89,0,0,6,1,5,1,2900100,1000000
2024BG0000841,1,844.37,7,1,6,1,2,5306,37,0,0,6,1,5,1,2900105,1000000
2024BG0000842,1,844.37,15,1,5,1,13,9232,65,0,0,6,1,5,2,2900101,1000000
2024BG0000843,1,844.37,70,1,1,1,8,3373,24,5000,1,2,1,2,1,2900103,1000000
2024BG0000844,1,844.37,26,2,1,1,10,34692,247,9000,1,1,1,1,1,2900100,1000000
2024BG0000845,1,844.37,5,1,7,1,6,7448,53,0,0,6,1,5,1,2900102,1000000
2024BG0000846,1,844.37,25,2,1,1,12,28848,206,5000,6,1,1,5,1,2900103,1000000
2024BG0000847,1,844.37,6,1,1,1,4,1504,10,0,0,6,1,5,1,2900100,1000000
2024BG0000848,1,844.37,41,1,6,1,9,43315,309,6000,1,1,1,1,1,2900103,1000000
2024BG0000849,1,844.37,12,2,3,1,4,3310,23,0,0,6,1,5,1,2900106,1000000
2024BG0000850,1,844.37,82,1,1,1,5,4126,29,0,0,6,1,2,1,2900105,1000000
2024BG0000851,1,844.37,10,1,5,1,7,3384,24,0,0,6,1,5,1,2900106,1000000
2024BG0000852,1,844.37,15,2,2,1,17,27347,195,0,0,6,1,5,1,2900104,1000000
2024BG0000853,1,844.37,20,1,3,1,12,27642,197,7000,1,1,1,5,1,2900100,1000000
2024BG0000854,1,844.37,16,1,1,1,14,9222,65,0,0,6,1,5,1,2900106,1000000
2024BG0000855,1,844.37,46,2,3,1,14,50014,357,4000,1,1,1,5,1,2900100,1000000
2024BG0000856,1,844.37,52,2,2,1,9,67266,480,1000,3,1,1,1,1,2900107,1000000
2024BG0000857,1,844.37,0,1,1,1,5,4335,30,0,0,6,1,5,1,2900101,1000000
2024BG0000858,1,844.37,39,2,5,1,16,139040,501,6000,1,1,1,1,1,2900106,1000000
2024BG0000859,1,844.37,5,1,4,1,6,3765,26,0,0,6,1,5,1,2900103,1000000
2024BG0000860,1,844.37,2,1,1,1,7,4252,30,0,0,6,1,5,1,2900101,1000000
2024BG0000861,1,844.37,1,1,7,1,3,3240,23,0,0,6,1,5,1,2900105,1000000
2024BG0000862,1,844.37,44,1,4,1,13,39181,279,5000,4,1,1,1,1,2900101,1000000
2024BG0000863,1,844.37,89,2,4,1,6,12259,87,0,0,6,1,1,1,2900100,1000000
2024BG0000864,1,844.37,10,1,1,1,4,4415,31,0,0,6,1,5,1,2900100,1000000
2024BG0000865,1,844.37,1,1,1,1,3,8363,59,0,0,6,1,5,1,2900102,1000000
2024BG0000866,1,844.37,18,1,1,1,17,38823,277,1000,2,1,1,5,1,2900104,1000000
2024BG0000867,1,844.37,54,2,2,1,5,11824,84,7000,1,1,5,2,2,2900103,1000000
2024BG0000868,1,844.37,19,1,1,1,11,4687,33,7000,1,1,1,1,1,2900101,1000000
2024BG0000869,1,844.37,34,1,4,1,11,61978,442,5000,1,1,1,5,1,2900103,1000000
2024BG0000870,1,844.37,51,1,1,1,7,32476,231,9800,1,1,1,1,2,2900101,1000000
2024BG0000871,1,844.37,8,1,1,1,4,13561,96,0,0,6,1,5,1,2900101,1000000
2024BG0000872,1,844.37,6,2,1,1,4,10494,74,0,0,6,1,5,1,2900103,1000000
2024BG0000873,1,844.37,20,2,4,1,18,71627,501,1000,1,1,1,5,1,2900106,1000000
2024BG0000874,1,844.37,42,2,1,1,18,140335,501,4000,1,1,1,1,1,2900107,1000000
2024BG0000875,1,844.37,25,2,1,1,7,7950,56,5000,3,5,1,1,1,2900106,1000000
2024BG0000876,1,844.37,32,1,3,1,10,57647,411,9800,1,1,1,1,1,2900104,1000000
2024BG0000877,1,844.37,55,1,7,1,13,36614,261,5000,6,1,1,3,1,2900100,1000000
2024BG0000878,1,844.37,13,2,3,1,3,6228,44,0,0,6,1,5,1,2900104,1000000
2024BG0000879,1,844.37,18,2,1,1,17,32196,229,4000,3,1,1,1,1,2900102,1000000
2024BG0000880,1,844.37,2,2,1,1,5,9671,69,0,0,6,1,5,1,2900105,1000000
2024BG0000881,1,844.37,39,1,5,1,9,126365,501,8000,6,1,1,1,1,2900101,1000000
2024BG0000882,1,844.37,24,1,5,1,16,96542,501,6000,3,1,1,5,1,2900106,1000000
2024BG0000883,1,844.37,61,2,1,1,5,22953,163,6000,1,1,1,1,1,2900100,1000000
2024BG0000884,1,844.37,38,2,3,1,5,17420,124,6000,1,1,1,1,1,2900107,1000000
2024BG0000885,1,844.37,21,1,1,1,16,21052,150,1000,2,3,1,1,1,2900107,1000000
2024BG0000886,1,844.37,41,1,1,1,10,16663,119,5000,1,1,1,5,1,2900107,1000000
2024BG0000887,1,844.37,23,1,1,1,18,77353,501,1000,1,2,1,5,1,2900107,1000000
2024BG0000888,1,844.37,4,1,3,1,3,6702,47,0,0,6,1,5,1,2900104,1000000
2024BG0000889,1,844.37,4,2,1,1,5,2344,16,0,0,6,1,5,1,2900104,1000000
2024BG0000890,1,844.37,0,1,1,1,3,12102,86,0,0,6,1,5,1,2900103,1000000
2024BG0000891,1,844.37,54,2,5,1,5,15847,113,6000,1,1,5,2,1,2900104,1000000
2024BG0000892,1,844.37,28,1,2,1,16,86542,501,4000,1,1,1,5,1,2900105,1000000
2024BG0000893,1,844.37,56,2,1,1,17,64317,459,4000,3,1,1,1,1,2900103,1000000
2024BG0000894,1,844.37,38,1,1,1,16,125831,501,6000,1,3,1,1,1,2900102,1000000
2024BG0000895,1,844.37,23,2,6,1,18,161958,501,2000,3,1,1,5,1,2900102,1000000
2024BG0000896,1,844.37,19,2,1,1,18,64168,458,5000,6,1,1,1,1,2900102,1000000
2024BG0000897,1,844.37,25,2,1,1,9,26925,192,6000,6,2,1,1,1,2900100,1000000
2024BG0000898,1,844.37,0,1,1,1,2,3010,21,0,0,6,1,5,1,2900102,1000000
2024BG0000899,1,844.37,7,1,2,1,5,9625,68,0,0,6,1,5,1,2900101,1000000
2024BG0000900,1,844.37,56,2,3,1,12,45910,327,6000,4,1,1,1,1,2900105,1000000
2024BG0000901,1,844.37,27,1,4,1,12,40948,292,6000,3,1,1,5,1,2900107,1000000
2024BG0000902,1,844.37,11,1,2,1,4,4849,34,0,0,6,1,5,2,2900105,1000000
2024BG0000903,1,844.37,42,2,6,1,12,50394,359,4000,3,1,2,1,1,2900104,1000000
2024BG0000904,1,844.37,53,2,3,1,12,33892,242,5000,3,1,1,1,1,2900106,1000000
2024BG0000905,1,844.37,18,1,2,1,13,9811,70,4000,1,1,1,5,1,2900102,1000000
2024BG0000906,1,844.37,28,2,7,1,13,45447,324,6000,1,1,1,1,1,2900105,1000000
2024BG0000907,1,844.37,3,1,2,1,4,11625,83,0,0,6,1,5,1,2900101,1000000
2024BG0000908,1,844.37,7,2,6,1,3,4276,30,0,0,6,1,5,2,2900106,1000000
2024BG0000909,1,844.37,50,1,6,1,11,50614,361,4000,2,1,1,1,1,2900107,1000000
2024BG0000910,1,844.37,12,1,3,1,7,23459,167,0,0,6,1,5,1,2900104,1000000
2024BG0000911,1,844.37,100,1,3,1,8,9077,64,0,0,6,1,1,1,2900102,1000000
2024BG0000912,1,844.37,16,1,1,1,13,30318,216,0,0,6,1,5,1,2900101,1000000
2024BG0000913,1,844.37,31,1,1,1,13,41924,299,9000,3,1,1,5,1,2900105,1000000
2024BG0000914,1,844.37,7,2,1,1,7,18351,131,0,0,6,1,5,1,2900102,1000000
2024BG0000915,1,844.37,3,1,2,1,2,3071,21,0,0,6,1,5,1,2900101,1000000
2024BG0000916,1,844.37,41,1,9,1,5,15595,111,6000,1,1,1,1,1,2900102,1000000
2024BG0000917,1,844.37,26,1,2,1,13,35708,255,6000,6,1,1,5,1,2900100,1000000
2024BG0000918,1,844.37,53,1,6,1,5,9288,66,5000,3,1,1,1,1,2900105,1000000
2024BG0000919,1,844.37,19,1,1,1,19,38479,274,4000,1,1,1,5,1,2900103,1000000
2024BG0000920,1,844.37,39,1,4,1,10,56683,404,1000,1,1,1,1,1,2900100,1000000
2024BG0000921,1,844.37,41,2,9,1,17,147143,501,4000,2,1,1,5,1,2900105,1000000
2024BG0000922,1,844.37,6,2,1,1,2,6486,46,0,0,6,1,5,1,2900104,1000000
2024BG0000923,1,844.37,10,2,5,1,7,4354,31,0,0,6,1,5,1,2900101,1000000
2024BG0000924,1,844.37,41,1,4,1,15,63760,455,6000,3,1,1,1,1,2900100,1000000
2024BG0000925,1,844.37,22,1,3,1,20,127878,501,4000,1,1,1,5,1,2900101,1000000
2024BG0000926,1,844.37,52,2,1,1,8,25215,180,6000,1,1,1,1,1,2900100,1000000
2024BG0000927,1,844.37,38,2,2,1,11,80162,501,4000,2,1,1,1,1,2900106,1000000
2024BG0000928,1,844.37,7,1,3,1,5,3477,24,0,0,6,1,5,1,2900105,1000000
2024BG0000929,1,844.37,55,2,5,1,10,87569,501,6000,1,3,1,1,1,2900100,1000000
2024BG0000930,1,844.37,25,2,4,1,14,9902,70,6000,1,1,1,1,1,2900103,1000000
2024BG0000931,1,844.37,37,1,6,1,5,3175,22,5000,4,3,1,5,1,2900105,1000000
2024BG0000932,1,844.37,26,1,2,1,11,123927,501,2000,2,1,1,1,1,2900104,1000000
2024BG0000933,1,844.37,41,1,5,1,9,39195,279,6000,1,1,1,5,1,2900105,1000000
2024BG0000934,1,844.37,16,1,6,1,17,59503,425,0,0,6,1,5,1,2900106,1000000
2024BG0000935,1,844.37,33,1,6,1,7,15305,109,9920,4,5,1,1,1,2900105,1000000
2024BG0000936,1,844.37,33,1,5,1,13,21782,155,3000,1,1,1,1,1,2900102,1000000
2024BG0000937,1,844.37,35,2,3,1,15,88812,501,3000,1,1,1,1,1,2900101,1000000
2024BG0000938,1,844.37,11,1,1,1,3,3319,23,0,0,6,1,5,1,2900105,1000000
2024BG0000939,1,844.37,40,1,3,1,15,56210,401,4000,1,1,1,1,1,2900102,1000000
2024BG0000940,1,844.37,40,1,7,1,11,96406,501,5000,1,1,1,1,1,2900107,1000000
2024BG0000941,1,844.37,5,1,1,1,4,23304,166,0,0,6,1,5,1,2900102,1000000
2024BG0000942,1,844.37,18,2,2,1,17,59317,423,4000,2,1,1,5,2,2900106,1000000
2024BG0000943,1,844.37,22,2,1,1,18,85191,501,1000,2,1,1,5,1,2900105,1000000
2024BG0000944,1,844.37,2,1,1,1,1,8931,63,0,0,6,1,5,1,2900103,1000000
2024BG0000945,1,844.37,40,2,3,1,16,166260,501,4000,2,1,1,5,1,2900100,1000000
2024BG0000946,1,844.37,24,2,3,1,14,36577,261,4000,1,3,1,5,1,2900102,1000000
2024BG0000947,1,844.37,32,1,5,1,15,167279,501,4000,2,1,1,1,1,2900106,1000000
2024BG0000948,1,844.37,43,2,6,1,11,26577,189,1000,1,1,1,5,1,2900106,1000000
2024BG0000949,1,844.37,12,2,1,1,7,10430,74,0,0,6,1,5,1,2900106,1000000
2024BG0000950,1,844.37,42,2,3,1,14,40491,289,1000,1,1,1,1,1,2900102,1000000
2024BG0000951,1,844.37,49,1,3,1,8,16322,116,8000,3,1,1,1,1,2900107,1000000
2024BG0000952,1,844.37,32,2,6,1,10,24187,172,5000,1,1,1,1,1,2900100,1000000
2024BG0000953,1,844.37,35,1,1,1,9,41740,298,5000,4,1,1,1,1,2900105,1000000
2024BG0000954,1,844.37,31,1,2,1,15,308752,501,5000,1,1,1,1,1,2900104,1000000
2024BG0000955,1,844.37,18,1,3,1,19,97482,501,4000,1,1,1,5,1,2900101,1000000
2024BG0000956,1,844.37,12,1,2,1,6,4072,29,0,0,6,1,5,1,2900100,1000000
2024BG0000957,1,844.37,6,2,1,1,5,11400,81,0,0,6,1,5,1,2900103,1000000
2024BG0000958,1,844.37,51,1,1,1,11,33582,239,6000,6,1,1,5,1,2900105,1000000
2024BG0000959,1,844.37,22,2,6,1,14,41222,294,5000,1,1,1,5,1,2900101,1000000
2024BG0000960,1,844.37,7,2,5,1,6,5977,42,0,0,6,1,5,1,2900101,1000000
2024BG0000961,1,844.37,8,1,2,1,2,1127,8,0,0,6,1,5,1,2900103,1000000
2024BG0000962,1,844.37,18,2,1,1,16,39163,279,4000,1,5,1,5,1,2900104,1000000
2024BG0000963,1,844.37,7,2,1,1,9,15263,109,0,0,6,1,5,1,2900106,1000000
2024BG0000964,1,844.37,19,1,1,1,16,25320,180,4000,1,1,1,1,1,2900103,1000000
2024BG0000965,1,844.37,40,2,6,1,17,86900,501,3000,1,1,1,1,1,2900104,1000000
2024BG0000966,1,844.37,79,1,1,1,6,9664,69,0,0,6,1,1,1,2900103,1000000
2024BG0000967,1,844.37,17,2,1,1,17,52844,377,0,0,6,1,5,1,2900102,1000000
2024BG0000968,1,844.37,10,2,6,1,4,13278,94,0,0,6,1,5,1,2900102,1000000
2024BG0000969,1,844.37,20,1,2,1,19,95635,501,2000,1,1,1,5,1,2900102,1000000
2024BG0000970,1,844.37,37,1,1,1,14,27095,193,6000,4,1,1,1,1,2900105,1000000
2024BG0000971,1,844.37,92,2,3,1,9,35426,253,0,0,6,1,1,1,2900104,1000000
2024BG0000972,1,844.37,8,2,6,1,1,5755,41,0,0,6,1,5,1,2900100,1000000
2024BG0000973,1,844.37,37,1,1,1,14,40828,291,6000,1,1,1,1,1,2900103,1000000
2024BG0000974,1,844.37,29,2,1,1,14,13198,94,9000,1,1,1,5,1,2900103,1000000
2024BG0000975,1,844.37,39,2,1,1,8,6236,44,6000,1,5,1,1,1,2900104,1000000
2024BG0000976,1,844.37,28,2,1,1,5,5730,40,9000,3,1,1,1,1,2900105,1000000
2024BG0000977,1,844.37,25,1,7,1,12,52297,373,4000,3,1,1,1,1,2900103,1000000
2024BG0000978,1,844.37,33,2,1,1,14,13733,98,7000,1,1,1,1,1,2900102,1000000
2024BG0000979,1,844.37,16,2,2,1,10,16211,115,0,0,6,1,5,1,2900107,1000000
2024BG0000980,1,844.37,7,2,1,1,8,21866,156,0,0,6,1,5,1,2900106,1000000
2024BG0000981,1,844.37,36,2,5,1,6,9429,67,6000,1,1,1,1,1,2900102,1000000
2024BG0000982,1,844.37,32,2,1,1,17,74221,501,4000,1,1,1,1,1,2900101,1000000
2024BG0000983,1,844.37,43,2,1,1,12,135496,501,5000,3,1,1,1,1,2900107,1000000
2024BG0000984,1,844.37,15,1,1,1,20,105698,501,0,0,6,1,5,1,2900107,1000000
2024BG0000985,1,844.37,3,1,5,1,1,5134,36,0,0,6,1,5,1,2900100,1000000
2024BG0000986,1,844.37,32,1,1,1,9,46047,328,5000,1,1,1,1,1,2900107,1000000
2024BG0000987,1,844.37,0,1,1,1,6,10830,77,0,0,6,1,5,1,2900102,1000000
2024BG0000988,1,844.37,24,1,1,1,13,68429,488,9000,3,1,1,5,1,2900103,1000000
2024BG0000989,1,844.37,40,1,3,1,13,16601,118,4000,2,2,1,1,1,2900106,1000000
2024BG0000990,1,844.37,24,1,1,1,17,44353,316,4000,1,1,1,5,1,2900100,1000000
2024BG0000991,1,844.37,8,2,4,1,4,4019,28,0,0,6,1,5,1,2900101,1000000
2024BG0000992,1,844.37,1,1,3,1,2,8687,62,0,0,6,1,5,1,2900106,1000000
2024BG0000993,1,844.37,18,1,7,1,16,30874,220,4000,2,1,1,5,1,2900103,1000000
2024BG0000994,1,844.37,21,2,4,1,18,47253,337,5000,1,1,1,5,1,2900101,1000000
2024BG0000995,1,844.37,34,1,1,1,14,140685,501,1000,2,1,1,1,1,2900101,1000000
2024BG0000996,1,844.37,56,1,1,1,9,36743,262,8000,6,1,1,1,1,2900100,1000000
2024BG0000997,1,844.37,22,2,1,1,17,239777,501,6000,3,1,1,5,1,2900105,1000000
2024BG0000998,1,844.37,42,1,3,1,13,83818,501,9000,3,1,1,1,1,2900106,1000000
2024BG0000999,1,844.37,17,2,1,1,16,59630,425,0,0,6,1,5,1,2900107,1000000
2024BG0001000,1,844.37,32,2,2,1,11,28006,200,1000,1,1,1,1,1,2900106,1000000
2024BG0001001,1,844.37,42,2,3,1,11,42552,303,9000,6,1,1,1,1,2900103,1000000
2024BG0001002,1,844.37,42,1,4,1,7,5593,39,7000,6,1,1,1,1,2900106,1000000
2024BG0001003,1,844.37,23,1,1,1,16,68440,488,4000,1,1,1,5,1,2900103,1000000
2024BG0001004,1,844.37,43,1,1,1,12,20450,146,7000,1,1,1,1,1,2900106,1000000
2024BG0001005,1,844.37,30,1,6,1,5,5895,42,7000,4,1,1,1,1,2900100,1000000
2024BG0001006,1,844.37,40,2,9,1,11,40458,288,6000,3,2,1,1,1,2900106,1000000
2024BG0001007,1,844.37,11,1,1,1,5,3079,21,0,0,6,1,5,1,2900101,1000000
2024BG0001008,1,844.37,32,2,1,1,16,52897,377,4000,1,1,1,5,1,2900103,1000000
2024BG0001009,1,844.37,11,1,1,1,7,3471,24,0,0,6,1,5,1,2900106,1000000
2024BG0001010,1,844.37,91,2,5,1,8,21671,154,0,0,6,1,5,1,2900105,1000000
2024BG0001011,1,844.37,5,2,9,1,6,4004,28,0,0,6,1,5,1,2900100,1000000
2024BG0001012,1,844.37,5,2,2,1,2,2886,20,0,0,6,1,5,1,2900107,1000000
2024BG0001013,1,844.37,49,1,1,1,14,26295,187,9800,1,1,1,5,1,2900103,1000000
2024BG0001014,1,844.37,0,1,2,1,6,9515,67,0,0,6,1,5,1,2900101,1000000
2024BG0001015,1,844.37,38,2,1,1,14,51889,370,4000,1,1,1,1,1,2900100,1000000
2024BG0001016,1,844.37,5,1,1,1,3,3482,24,0,0,6,1,5,1,2900106,1000000
2024BG0001017,1,844.37,15,1,3,1,13,21335,152,0,0,6,1,5,1,2900102,1000000
2024BG0001018,1,844.37,24,1,1,1,14,24989,178,4000,1,1,1,5,1,2900106,1000000
2024BG0001019,1,844.37,41,1,6,1,11,57695,412,3000,3,1,1,1,2,2900102,1000000
2024BG0001020,1,844.37,31,2,3,1,11,41544,296,3000,3,1,1,1,1,2900103,1000000
2024BG0001021,1,844.37,46,1,6,1,8,19978,142,9000,1,2,1,1,1,2900102,1000000
2024BG0001022,1,844.37,28,1,8,1,9,17634,125,9000,1,1,1,1,1,2900107,1000000
2024BG0001023,1,844.37,31,1,1,1,9,63829,455,5000,1,1,1,5,1,2900107,1000000
2024BG0001024,1,844.37,6,1,3,1,1,5475,39,0,0,6,1,5,1,2900100,1000000
2024BG0001025,1,844.37,56,2,1,1,9,23341,166,4000,1,1,1,1,1,2900103,1000000
2024BG0001026,1,844.37,0,2,6,1,7,5183,37,0,0,6,1,5,1,2900103,1000000
2024BG0001027,1,844.37,35,1,1,1,15,131375,501,4000,1,1,1,1,1,2900102,1000000
2024BG0001028,1,844.37,15,1,5,1,15,56253,401,0,0,6,1,5,1,2900106,1000000
2024BG0001029,1,844.37,29,1,2,1,14,25023,178,9000,3,1,1,1,1,2900101,1000000
2024BG0001030,1,844.37,27,2,3,1,11,9909,70,6000,1,1,5,5,1,2900100,1000000
2024BG0001031,1,844.37,5,1,1,1,9,15429,110,0,0,6,1,5,1,2900105,1000000
2024BG0001032,1,844.37,18,1,1,1,16,36496,260,4000,1,1,1,5,1,2900101,1000000
2024BG0001033,1,844.37,18,2,6,1,19,91750,501,4000,1,5,1,1,1,2900101,1000000
2024BG0001034,1,844.37,0,2,1,1,3,4486,32,0,0,6,1,5,1,2900102,1000000
2024BG0001035,1,844.37,4,1,2,1,7,3956,28,0,0,6,1,5,1,2900106,1000000
2024BG0001036,1,844.37,47,1,5,1,13,69957,499,8000,1,1,1,1,1,2900104,1000000
2024BG0001037,1,844.37,15,1,1,1,14,13389,95,0,0,6,1,5,1,2900104,1000000
2024BG0001038,1,844.37,33,1,1,1,15,173679,501,4000,3,1,1,1,1,2900101,1000000
2024BG0001039,1,844.37,14,1,5,1,7,6519,46,0,0,6,1,5,1,2900106,1000000
2024BG0001040,1,844.37,17,2,1,1,15,49134,350,0,0,6,1,5,2,2900103,1000000
2024BG0001041,1,844.37,44,2,1,1,9,23838,170,4000,2,1,1,1,1,2900105,1000000
2024BG0001042,1,844.37,17,2,1,1,16,60119,429,0,0,6,1,5,1,2900101,1000000
2024BG0001043,1,844.37,56,2,2,1,10,24734,176,1000,3,1,1,2,1,2900104,1000000
2024BG0001044,1,844.37,24,2,1,1,17,69966,499,4000,2,1,1,1,1,2900102,1000000
2024BG0001045,1,844.37,23,2,1,1,19,250347,501,4000,1,1,1,5,1,2900100,1000000
2024BG0001046,1,844.37,16,2,3,1,14,24917,177,0,0,6,1,5,1,2900100,1000000
2024BG0001047,1,844.37,27,2,5,1,10,67203,480,6000,4,1,1,5,1,2900106,1000000
2024BG0001048,1,844.37,8,2,1,1,5,18721,133,0,0,6,1,5,2,2900104,1000000
2024BG0001049,1,844.37,41,2,9,1,14,45758,326,6000,1,1,1,1,1,2900102,1000000
2024BG0001050,1,844.37,37,1,1,1,16,64180,458,1000,3,5,1,1,2,2900104,1000000
2024BG0001051,1,844.37,5,1,1,1,5,4219,30,0,0,6,1,5,1,2900102,1000000
2024BG0001052,1,844.37,47,1,1,1,14,36206,258,8000,1,5,1,1,1,2900107,1000000
2024BG0001053,1,844.37,6,1,8,1,2,6350,45,0,0,6,1,5,1,2900105,1000000
2024BG0001054,1,844.37,45,2,1,1,7,28262,201,5000,6,1,1,1,1,2900106,1000000
2024BG0001055,1,844.37,24,1,1,1,16,88326,501,4000,1,1,1,5,1,2900104,1000000
2024BG0001056,1,844.37,16,1,5,1,15,65655,468,0,0,6,1,5,1,2900106,1000000
2024BG0001057,1,844.37,13,2,1,1,1,13673,97,0,0,6,1,5,1,2900107,1000000
2024BG0001058,1,844.37,32,1,6,1,8,38154,272,6000,3,1,1,1,1,2900105,1000000
2024BG0001059,1,844.37,53,1,6,1,11,59780,426,3000,3,1,1,1,1,2900101,1000000
2024BG0001060,1,844.37,16,1,1,1,11,37450,267,0,0,6,1,5,1,2900105,1000000
2024BG0001061,1,844.37,49,2,6,1,14,20070,143,8000,1,1,1,1,1,2900105,1000000
2024BG0001062,1,844.37,39,1,1,1,7,29316,209,8000,3,1,1,1,1,2900100,1000000
2024BG0001063,1,844.37,32,2,2,1,10,73522,501,4000,1,1,1,1,1,2900105,1000000
2024BG0001064,1,844.37,30,1,1,1,6,51485,367,6000,1,1,1,1,1,2900101,1000000
2024BG0001065,1,844.37,11,2,1,1,8,5364,38,0,0,6,1,5,1,2900103,1000000
2024BG0001066,1,844.37,38,1,1,1,8,81777,501,6000,3,1,1,1,1,2900107,1000000
2024BG0001067,1,844.37,30,2,3,1,12,20752,148,5000,1,1,1,1,1,2900102,1000000
2024BG0001068,1,844.37,31,1,1,1,15,44367,316,1000,1,4,1,1,1,2900102,1000000
2024BG0001069,1,844.37,52,1,2,1,9,15132,108,4000,2,1,1,1,1,2900105,1000000
2024BG0001070,1,844.37,25,2,4,1,9,24046,171,6000,1,1,1,5,1,2900100,1000000
2024BG0001071,1,844.37,24,1,1,1,15,111594,501,4000,1,1,1,5,1,2900100,1000000
2024BG0001072,1,844.37,64,1,4,1,9,36360,259,4000,1,2,1,4,1,2900104,1000000
2024BG0001073,1,844.37,10,2,1,1,3,6447,46,0,0,6,1,5,1,2900103,1000000
2024BG0001074,1,844.37,4,2,2,1,5,5136,36,0,0,6,1,5,1,2900101,1000000
2024BG0001075,1,844.37,27,2,4,1,10,43284,309,6000,1,1,1,1,1,2900102,1000000
2024BG0001076,1,844.37,44,2,2,1,9,101316,501,7000,3,1,1,1,1,2900103,1000000
2024BG0001077,1,844.37,23,1,9,1,10,29470,210,6000,3,1,1,5,1,2900101,1000000
2024BG0001078,1,844.37,19,1,1,1,13,11972,85,6000,4,1,1,5,1,2900102,1000000
2024BG0001079,1,844.37,31,1,9,1,14,24371,174,6000,1,1,1,5,1,2900106,1000000
2024BG0001080,1,844.37,26,2,6,1,16,187438,501,4000,1,1,1,1,1,2900103,1000000
2024BG0001081,1,844.37,12,2,8,1,9,6036,43,0,0,6,1,5,1,2900102,1000000
2024BG0001082,1,844.37,37,2,5,1,10,28258,201,9000,1,1,1,1,1,2900107,1000000
2024BG0001083,1,844.37,19,2,3,1,13,56795,405,7000,3,1,1,5,1,2900102,1000000
2024BG0001084,1,844.37,29,1,7,1,15,143902,501,4000,1,1,1,1,1,2900100,1000000
2024BG0001085,1,844.37,48,2,1,1,5,5459,38,8000,3,1,1,1,1,2900103,1000000
2024BG0001086,1,844.37,3,1,1,1,1,7397,52,0,0,6,1,5,1,2900106,1000000
2024BG0001087,1,844.37,38,2,1,1,8,72340,501,5000,1,1,1,1,1,2900106,1000000
2024BG0001088,1,844.37,37,2,1,1,15,147039,501,4000,1,5,1,1,1,2900101,1000000
2024BG0001089,1,844.37,18,2,1,1,16,37445,267,4000,1,1,1,1,1,2900102,1000000
2024BG0001090,1,844.37,1,1,1,1,1,7658,54,0,0,6,1,5,1,2900104,1000000
2024BG0001091,1,844.37,26,2,6,1,13,26698,190,6000,1,1,1,5,1,2900102,1000000
2024BG0001092,1,844.37,35,2,1,1,17,170285,501,5000,6,1,1,1,1,2900104,1000000
2024BG0001093,1,844.37,36,1,1,1,18,65914,470,3000,1,1,1,1,1,2900100,1000000
2024BG0001094,1,844.37,63,1,2,1,7,31802,227,5000,1,1,1,1,1,2900103,1000000
2024BG0001095,1,844.37,7,2,6,1,3,2395,17,0,0,6,1,5,1,2900101,1000000
2024BG0001096,1,844.37,45,1,5,1,10,54098,386,9000,1,1,1,1,1,2900104,1000000
2024BG0001097,1,844.37,8,1,1,1,3,2963,21,0,0,6,1,5,1,2900102,1000000
2024BG0001098,1,844.37,23,2,6,1,12,16307,116,5000,1,1,1,5,1,2900105,1000000
2024BG0001099,1,844.37,16,2,6,1,14,34926,249,0,0,6,1,5,1,2900102,1000000
2024BG0001100,1,844.37,4,2,1,1,4,11165,79,0,0,6,1,5,1,2900106,1000000
2024BG0001101,1,844.37,32,2,2,1,17,49406,352,5000,3,1,1,1,1,2900107,1000000
2024BG0001102,1,844.37,39,2,1,1,17,177315,501,4000,1,1,1,1,1,2900105,1000000
2024BG0001103,1,844.37,48,2,1,1,7,56841,406,5000,1,4,1,1,1,2900107,1000000
2024BG0001104,1,844.37,46,2,5,1,11,39768,284,4000,1,1,1,3,1,2900100,1000000
2024BG0001105,1,844.37,24,2,1,1,14,52601,375,6000,1,1,1,5,1,2900103,1000000
2024BG0001106,1,844.37,2,2,1,1,5,10820,77,0,0,6,1,5,1,2900107,1000000
2024BG0001107,1,844.37,31,2,6,1,10,83199,501,9000,1,1,1,1,1,2900107,1000000
2024BG0001108,1,844.37,16,1,4,1,17,56180,401,0,0,6,1,5,1,2900102,1000000
2024BG0001109,1,844.37,43,2,2,1,16,279573,501,4000,3,1,1,1,1,2900107,1000000
2024BG0001110,1,844.37,13,1,6,1,4,6231,44,0,0,6,1,5,1,2900107,1000000
2024BG0001111,1,844.37,0,1,1,1,4,2884,20,0,0,6,1,5,1,2900100,1000000
2024BG0001112,1,844.37,11,2,3,1,2,1971,14,0,0,6,1,5,1,2900106,1000000
2024BG0001113,1,844.37,83,1,1,1,6,11255,80,0,0,6,1,2,2,2900102,1000000
2024BG0001114,1,844.37,16,1,2,1,15,29951,213,0,0,6,1,5,1,2900100,1000000
2024BG0001115,1,844.37,4,2,3,1,4,9894,70,0,0,6,1,5,1,2900100,1000000
2024BG0001116,1,844.37,37,2,2,1,12,40522,289,9800,1,1,1,1,1,2900101,1000000
2024BG0001117,1,844.37,6,2,1,1,5,6833,48,0,0,6,1,5,1,2900106,1000000
2024BG0001118,1,844.37,19,1,4,1,16,58171,415,3000,1,2,1,5,1,2900101,1000000
2024BG0001119,1,844.37,15,2,1,1,12,14237,101,0,0,6,1,5,1,2900101,1000000
2024BG0001120,1,844.37,1,1,1,1,1,2927,20,0,0,6,1,5,1,2900100,1000000
2024BG0001121,1,844.37,20,1,1,1,13,23243,166,6000,3,1,1,5,1,2900104,1000000
2024BG0001122,1,844.37,29,2,3,1,14,123211,501,3000,3,1,1,1,1,2900100,1000000
2024BG0001123,1,844.37,22,1,5,1,14,47867,341,9800,1,1,1,1,1,2900107,1000000
2024BG0001124,1,844.37,39,2,1,1,11,21304,152,6000,4,1,1,1,1,2900107,1000000
2024BG0001125,1,844.37,25,1,1,1,5,18604,132,5000,1,1,1,1,1,2900103,1000000
2024BG0001126,1,844.37,6,2,1,1,6,1810,12,0,0,6,1,5,1,2900104,1000000
2024BG0001127,1,844.37,55,2,7,1,11,50319,359,1000,3,1,1,2,1,2900101,1000000
2024BG0001128,1,844.37,20,2,8,1,18,52441,374,2000,2,1,1,5,1,2900105,1000000
2024BG0001129,1,844.37,23,2,1,1,18,169792,501,2000,1,1,1,5,1,2900107,1000000
2024BG0001130,1,844.37,7,2,1,1,7,5117,36,0,0,6,1,5,1,2900100,1000000
2024BG0001131,1,844.37,92,1,6,1,11,21394,152,0,0,6,1,2,1,2900107,1000000
2024BG0001132,1,844.37,0,1,6,1,3,4696,33,0,0,6,1,5,1,2900106,1000000
2024BG0001133,1,844.37,24,1,1,1,15,42577,304,3000,3,1,1,5,1,2900100,1000000
2024BG0001134,1,844.37,5,2,2,1,3,4038,28,0,0,6,1,5,1,2900101,1000000
2024BG0001135,1,844.37,14,2,5,1,3,8141,58,0,0,6,2,5,1,2900103,1000000
2024BG0001136,1,844.37,27,1,2,1,17,152545,501,4000,1,1,1,5,1,2900100,1000000
2024BG0001137,1,844.37,13,2,7,1,7,11436,81,0,0,6,1,5,1,2900104,1000000
2024BG0001138,1,844.37,27,1,7,1,12,74917,501,3000,1,1,1,1,1,2900100,1000000
2024BG0001139,1,844.37,44,2,3,1,15,138817,501,4000,1,1,1,1,1,2900107,1000000
2024BG0001140,1,844.37,15,2,3,1,18,29646,211,0,0,6,1,5,1,2900102,1000000
2024BG0001141,1,844.37,38,1,4,1,13,30614,218,5000,1,1,1,5,1,2900102,1000000
2024BG0001142,1,844.37,35,2,1,1,16,179044,501,6000,1,3,1,5,1,2900105,1000000
2024BG0001143,1,844.37,41,1,1,1,11,33875,241,8000,3,1,1,1,1,2900103,1000000
2024BG0001144,1,844.37,25,2,1,1,15,102607,501,3000,1,1,1,1,1,2900106,1000000
2024BG0001145,1,844.37,9,2,9,1,1,4937,35,0,0,6,1,5,1,2900104,1000000
2024BG0001146,1,844.37,10,1,2,1,1,3712,26,0,0,6,1,5,1,2900104,1000000
2024BG0001147,1,844.37,43,1,3,1,13,41154,293,6000,1,1,1,1,1,2900100,1000000
2024BG0001148,1,844.37,20,2,2,1,15,97934,501,4000,1,1,1,1,1,2900107,1000000
2024BG0001149,1,844.37,46,2,4,1,14,36930,263,7000,6,1,1,5,1,2900102,1000000
2024BG0001150,1,844.37,23,1,2,1,18,113628,501,1000,1,1,1,5,1,2900107,1000000
2024BG0001151,1,844.37,10,1,1,1,7,8670,61,0,0,6,1,5,2,2900102,1000000
2024BG0001152,1,844.37,35,2,6,1,7,22284,159,7000,3,1,1,1,1,2900101,1000000
2024BG0001153,1,844.37,52,1,1,1,13,20749,148,6000,1,2,1,1,1,2900100,1000000
2024BG0001154,1,844.37,18,1,2,1,10,25327,180,6000,1,1,1,5,1,2900104,1000000
2024BG0001155,1,844.37,43,1,6,1,15,156703,501,2000,1,1,1,1,1,2900101,1000000
2024BG0001156,1,844.37,23,2,3,1,18,80082,501,3000,1,1,1,5,1,2900100,1000000
2024BG0001157,1,844.37,43,1,1,1,14,28426,203,9800,4,5,1,1,1,2900104,1000000
2024BG0001158,1,844.37,41,2,3,1,10,99051,501,4000,1,1,1,1,1,2900106,1000000
2024BG0001159,1,844.37,29,1,1,1,13,120216,501,1000,3,1,1,5,1,2900100,1000000
2024BG0001160,1,844.37,39,1,3,1,9,22283,159,6000,1,1,1,1,1,2900103,1000000
2024BG0001161,1,844.37,41,1,1,1,12,66622,475,4000,3,3,1,1,1,2900100,1000000
2024BG0001162,1,844.37,22,1,4,1,13,25168,179,9000,1,2,5,5,1,2900107,1000000
2024BG0001163,1,844.37,58,1,2,1,6,29924,213,9000,1,1,1,1,1,2900101,1000000
2024BG0001164,1,844.37,34,2,1,1,7,14614,104,9000,6,2,1,1,1,2900100,1000000
2024BG0001165,1,844.37,27,1,2,1,15,135852,501,3000,1,1,1,1,1,2900107,1000000
2024BG0001166,1,844.37,2,2,1,1,3,1629,11,0,0,6,1,5,1,2900100,1000000
2024BG0001167,1,844.37,54,1,3,1,8,48507,346,9920,1,5,1,1,1,2900105,1000000
2024BG0001168,1,844.37,7,2,4,1,2,3041,21,0,0,6,1,5,1,2900107,1000000
2024BG0001169,1,844.37,6,2,1,1,4,3072,21,0,0,6,1,5,1,2900106,1000000
2024BG0001170,1,844.37,10,2,1,1,8,4586,32,0,0,6,1,5,1,2900102,1000000
2024BG0001171,1,844.37,26,2,2,1,13,38105,272,4000,1,1,1,1,1,2900103,1000000
2024BG0001172,1,844.37,49,2,1,1,11,38782,277,6000,1,1,1,1,1,2900102,1000000
2024BG0001173,1,844.37,0,1,6,1,5,2247,16,0,0,6,1,5,1,2900101,1000000
2024BG0001174,1,844.37,9,2,5,1,7,3460,24,0,0,6,1,5,1,2900106,1000000
2024BG0001175,1,844.37,18,1,1,1,19,96535,501,4000,1,1,1,5,1,2900107,1000000
2024BG0001176,1,844.37,37,1,1,1,10,33418,238,9000,6,1,1,2,1,2900100,1000000
2024BG0001177,1,844.37,3,1,6,1,2,4186,29,0,0,6,1,5,1,2900103,1000000
2024BG0001178,1,844.37,14,1,1,1,5,22143,158,0,0,6,1,5,1,2900103,1000000
2024BG0001179,1,844.37,58,2,1,1,10,38983,278,7000,1,1,1,1,2,2900106,1000000
2024BG0001180,1,844.37,51,2,1,1,7,22493,160,5000,1,1,1,5,1,2900106,1000000
2024BG0001181,1,844.37,44,2,6,1,19,404253,501,1000,3,1,1,1,1,2900104,1000000
2024BG0001182,1,844.37,23,2,6,1,15,36414,260,1000,2,1,5,5,1,2900107,1000000
2024BG0001183,1,844.37,0,1,2,1,4,6873,49,0,0,6,1,5,1,2900103,1000000
2024BG0001184,1,844.37,0,2,6,1,3,5747,41,0,0,6,1,5,1,2900105,1000000
2024BG0001185,1,844.37,5,2,1,1,6,4237,30,0,0,6,1,5,1,2900104,1000000
2024BG0001186,1,844.37,20,2,2,1,14,20390,145,9000,4,1,1,5,1,2900102,1000000
2024BG0001187,1,844.37,39,1,1,1,11,46587,332,5000,1,1,1,1,1,2900102,1000000
2024BG0001188,1,844.37,52,1,1,1,6,32899,234,6000,3,1,1,1,2,2900104,1000000
2024BG0001189,1,844.37,17,1,2,1,11,16476,117,0,0,6,1,5,1,2900107,1000000
2024BG0001190,1,844.37,24,2,2,1,14,41139,293,7000,4,1,1,1,1,2900101,1000000
2024BG0001191,1,844.37,30,2,6,1,10,66734,476,1000,1,5,1,5,1,2900105,1000000
2024BG0001192,1,844.37,34,1,1,1,11,43664,311,8000,4,1,1,1,1,2900106,1000000
2024BG0001193,1,844.37,17,2,1,1,19,68597,489,0,0,6,1,5,1,2900104,1000000
2024BG0001194,1,844.37,17,1,6,1,11,7097,50,0,0,6,1,5,1,2900105,1000000
2024BG0001195,1,844.37,38,1,2,1,5,32931,235,6000,1,1,1,1,1,2900105,1000000
2024BG0001196,1,844.37,40,1,1,1,14,46284,330,4000,2,1,1,5,1,2900102,1000000
2024BG0001197,1,844.37,35,2,1,1,11,34240,244,6000,6,2,1,1,2,2900102,1000000
2024BG0001198,1,844.37,84,1,2,1,5,9505,67,0,0,6,1,5,1,2900107,1000000
2024BG0001199,1,844.37,17,1,6,1,17,95780,501,0,0,6,1,5,1,2900104,1000000
2024BG0001200,1,844.37,9,2,9,1,1,11279,80,0,0,6,1,5,2,2900103,1000000
2024BG0001201,1,844.37,10,2,3,1,4,20064,143,0,0,6,1,5,1,2900106,1000000
2024BG0001202,1,844.37,31,1,2,1,8,14094,100,5000,3,1,1,1,1,2900103,1000000
2024BG0001203,1,844.37,97,1,1,1,12,13622,97,0,0,6,1,1,1,2900104,1000000
2024BG0001204,1,844.37,32,1,6,1,18,175634,501,1000,1,1,1,5,1,2900102,1000000
2024BG0001205,1,844.37,3,1,5,1,2,4710,33,0,0,6,1,5,1,2900106,1000000
2024BG0001206,1,844.37,24,2,2,1,12,29851,213,8000,1,1,1,5,1,2900104,1000000
2024BG0001207,1,844.37,23,1,4,1,17,70167,501,3000,1,1,1,5,1,2900101,1000000
2024BG0001208,1,844.37,48,1,3,1,9,31345,223,4000,1,1,1,5,1,2900100,1000000
2024BG0001209,1,844.37,29,1,1,1,10,21277,151,4000,3,1,2,5,1,2900102,1000000
2024BG0001210,1,844.37,44,1,2,1,5,30868,220,6000,3,1,1,1,1,2900103,1000000
2024BG0001211,1,844.37,20,2,1,1,15,59866,427,4000,1,1,1,1,2,2900107,1000000
2024BG0001212,1,844.37,4,1,4,1,7,3927,28,0,0,6,1,5,1,2900101,1000000
2024BG0001213,1,844.37,30,1,4,1,15,124371,501,2000,1,1,1,1,1,2900101,1000000
2024BG0001214,1,844.37,4,2,5,1,1,7088,50,0,0,6,1,5,1,2900107,1000000
2024BG0001215,1,844.37,10,1,1,1,4,5103,36,0,0,6,1,5,1,2900102,1000000
2024BG0001216,1,844.37,50,1,4,1,5,57995,414,6000,1,1,1,2,1,2900106,1000000
2024BG0001217,1,844.37,41,2,1,1,5,9029,64,7000,1,4,1,5,1,2900105,1000000
2024BG0001218,1,844.37,22,2,2,1,13,36331,259,5000,1,2,1,5,1,2900104,1000000
2024BG0001219,1,844.37,36,1,9,1,13,39834,284,4000,1,1,1,1,1,2900105,1000000
2024BG0001220,1,844.37,33,1,5,1,14,16845,120,6000,6,1,1,1,1,2900103,1000000
2024BG0001221,1,844.37,12,1,6,1,2,14312,102,0,0,6,1,5,1,2900107,1000000
2024BG0001222,1,844.37,72,1,3,1,7,3170,22,0,0,6,1,1,1,2900107,1000000
2024BG0001223,1,844.37,32,2,1,1,13,37622,268,1000,2,3,1,1,1,2900100,1000000
2024BG0001224,1,844.37,40,1,1,1,12,47553,339,5000,1,1,1,1,1,2900100,1000000
2024BG0001225,1,844.37,3,1,7,1,5,16107,115,0,0,6,1,5,1,2900107,1000000
2024BG0001226,1,844.37,39,1,5,1,12,37133,265,3000,1,1,1,2,1,2900100,1000000
2024BG0001227,1,844.37,28,2,1,1,12,24121,172,3000,1,1,1,1,1,2900105,1000000
2024BG0001228,1,844.37,100,1,3,1,10,19295,137,0,0,6,1,1,1,2900106,1000000
2024BG0001229,1,844.37,31,1,1,1,12,106075,501,6000,3,1,1,5,1,2900100,1000000
2024BG0001230,1,844.37,58,1,1,1,11,49086,350,3000,3,1,1,1,1,2900102,1000000
2024BG0001231,1,844.37,35,2,7,1,13,66366,474,9800,1,1,1,5,1,2900107,1000000
2024BG0001232,1,844.37,33,1,6,1,11,38356,273,9000,1,4,1,1,1,2900103,1000000
2024BG0001233,1,844.37,56,2,1,1,11,45123,322,3000,3,1,1,1,1,2900105,1000000
2024BG0001234,1,844.37,29,1,9,1,11,97684,501,4000,1,1,1,1,1,2900104,1000000
2024BG0001235,1,844.37,24,1,6,1,18,70157,501,6000,4,1,1,5,1,2900106,1000000
2024BG0001236,1,844.37,24,2,1,1,19,292510,501,4000,2,1,1,5,1,2900102,1000000
2024BG0001237,1,844.37,19,2,1,1,16,44786,319,4000,1,1,1,1,1,2900101,1000000
2024BG0001238,1,844.37,22,1,4,1,19,223513,501,2000,1,1,1,1,1,2900105,1000000
2024BG0001239,1,844.37,58,1,1,1,7,19552,139,7000,1,1,1,1,1,2900104,1000000
2024BG0001240,1,844.37,4,1,1,1,6,5569,39,0,0,6,1,5,1,2900103,1000000
2024BG0001241,1,844.37,45,2,5,1,16,430803,501,4000,2,3,1,1,1,2900105,1000000
2024BG0001242,1,844.37,44,2,3,1,15,106648,501,6000,1,3,1,1,1,2900106,1000000
2024BG0001243,1,844.37,4,2,1,1,5,6849,48,0,0,6,1,5,1,2900101,1000000
2024BG0001244,1,844.37,57,2,1,1,11,58543,418,7000,1,4,1,1,1,2900104,1000000
2024BG0001245,1,844.37,4,1,1,1,6,13316,95,0,0,6,1,5,1,2900105,1000000
2024BG0001246,1,844.37,33,2,2,1,15,347987,501,3000,1,3,1,1,1,2900100,1000000
2024BG0001247,1,844.37,35,1,1,1,11,46759,333,8000,3,1,1,1,1,2900107,1000000
2024BG0001248,1,844.37,21,1,1,1,15,40199,287,3000,3,4,1,5,1,2900106,1000000
2024BG0001249,1,844.37,32,1,6,1,10,43417,310,2000,1,1,2,1,1,2900103,1000000
2024BG0001250,1,844.37,28,1,1,1,12,27648,197,6000,1,1,1,5,1,2900106,1000000
2024BG0001251,1,844.37,30,1,3,1,11,28072,200,4000,3,1,1,5,1,2900103,1000000
2024BG0001252,1,844.37,31,2,1,1,11,19954,142,1000,1,5,1,5,1,2900104,1000000
2024BG0001253,1,844.37,30,2,2,1,11,86076,501,4000,1,5,1,5,1,2900102,1000000
2024BG0001254,1,844.37,19,2,6,1,15,40087,286,5000,4,1,1,5,1,2900100,1000000
2024BG0001255,1,844.37,49,2,1,1,5,24847,177,5000,1,1,1,1,1,2900101,1000000
2024BG0001256,1,844.37,40,2,2,1,8,22892,163,5000,1,3,1,1,1,2900100,1000000
2024BG0001257,1,844.37,22,1,7,1,15,122214,501,1000,1,1,1,5,1,2900101,1000000
2024BG0001258,1,844.37,31,2,1,1,7,7242,51,5000,3,1,1,1,1,2900107,1000000
2024BG0001259,1,844.37,22,1,6,1,19,157701,501,1000,1,1,1,1,1,2900106,1000000
2024BG0001260,1,844.37,81,1,2,1,10,28571,204,0,0,6,1,5,1,2900101,1000000
2024BG0001261,1,844.37,19,1,1,1,14,15506,110,4000,1,1,1,5,1,2900102,1000000
2024BG0001262,1,844.37,8,2,5,1,9,54371,388,0,0,6,1,5,1,2900107,1000000
2024BG0001263,1,844.37,10,2,1,1,1,5467,39,0,0,6,1,5,1,2900104,1000000
2024BG0001264,1,844.37,14,1,2,1,8,3144,22,0,0,6,1,5,1,2900106,1000000
2024BG0001265,1,844.37,12,1,1,1,7,4737,33,0,0,6,1,5,1,2900106,1000000
2024BG0001266,1,844.37,17,1,1,1,14,22567,161,0,0,6,1,5,1,2900104,1000000
2024BG0001267,1,844.37,15,2,6,1,17,27737,198,0,0,6,1,5,1,2900102,1000000
2024BG0001268,1,844.37,16,2,1,1,18,69381,495,0,0,6,1,5,1,2900106,1000000
2024BG0001269,1,844.37,27,2,2,1,13,92136,501,1000,3,1,1,5,1,2900105,1000000
2024BG0001270,1,844.37,23,1,5,1,17,108049,501,4000,1,1,1,5,1,2900102,1000000
2024BG0001271,1,844.37,47,1,2,1,13,86119,501,4000,2,1,1,5,1,2900103,1000000
2024BG0001272,1,844.37,58,1,6,1,12,38475,274,6000,6,1,1,1,1,2900103,1000000
2024BG0001273,1,844.37,46,1,5,1,10,33036,235,4000,3,1,1,1,1,2900107,1000000
2024BG0001274,1,844.37,34,2,1,1,11,37237,265,6000,1,1,1,1,1,2900100,1000000
2024BG0001275,1,844.37,21,2,1,1,13,13827,98,4000,1,1,1,1,1,2900102,1000000
2024BG0001276,1,844.37,17,2,6,1,14,19575,139,0,0,6,1,5,1,2900101,1000000
2024BG0001277,1,844.37,28,1,5,1,14,36860,263,7000,1,1,1,5,1,2900103,1000000
2024BG0001278,1,844.37,34,2,3,1,14,60173,429,4000,3,1,1,5,1,2900105,1000000
2024BG0001279,1,844.37,11,1,2,1,9,18506,132,0,0,6,1,5,1,2900104,1000000
2024BG0001280,1,844.37,31,1,1,1,7,14414,102,9800,3,5,1,1,1,2900104,1000000
2024BG0001281,1,844.37,6,1,3,1,4,3992,28,0,0,6,1,5,1,2900107,1000000
2024BG0001282,1,844.37,24,1,5,1,10,9996,71,7000,3,1,1,5,1,2900106,1000000
2024BG0001283,1,844.37,51,2,2,1,10,90432,501,8000,3,1,1,1,1,2900103,1000000
2024BG0001284,1,844.37,43,2,1,1,14,42276,301,6000,1,1,1,1,1,2900103,1000000
2024BG0001285,1,844.37,24,2,1,1,19,114948,501,4000,1,1,1,5,1,2900100,1000000
2024BG0001286,1,844.37,57,1,1,1,5,5381,38,9920,3,1,1,5,1,2900101,1000000
2024BG0001287,1,844.37,2,2,6,1,1,3928,28,0,0,6,1,5,1,2900103,1000000
2024BG0001288,1,844.37,19,1,4,1,10,30248,216,5000,3,1,1,5,1,2900106,1000000
2024BG0001289,1,844.37,25,2,4,1,6,14786,105,5000,3,1,1,5,2,2900104,1000000
2024BG0001290,1,844.37,21,1,1,1,17,42233,301,4000,3,1,1,1,1,2900105,1000000
2024BG0001291,1,844.37,42,2,5,1,10,44661,319,6000,3,2,1,3,1,2900100,1000000
2024BG0001292,1,844.37,44,2,2,1,18,320561,501,3000,1,3,1,1,1,2900107,1000000
2024BG0001293,1,844.37,15,2,3,1,18,113431,501,0,0,6,1,5,1,2900107,1000000
2024BG0001294,1,844.37,7,1,2,1,4,11983,85,0,0,6,1,5,1,2900105,1000000
2024BG0001295,1,844.37,27,2,1,1,5,26709,190,9800,3,1,1,1,1,2900104,1000000
2024BG0001296,1,844.37,11,2,1,1,2,13028,93,0,0,6,1,5,1,2900101,1000000
2024BG0001297,1,844.37,86,2,5,1,6,6857,48,0,0,6,1,3,1,2900104,1000000
2024BG0001298,1,844.37,40,1,6,1,7,20732,148,7000,3,1,1,1,1,2900103,1000000
2024BG0001299,1,844.37,22,1,1,1,15,163181,501,6000,3,3,1,5,1,2900101,1000000
2024BG0001300,1,844.37,28,2,1,1,14,53254,380,7000,1,1,1,1,1,2900105,1000000
2024BG0001301,1,844.37,35,2,6,1,10,29363,209,6000,1,5,1,1,1,2900103,1000000
2024BG0001302,1,844.37,8,1,6,1,3,11277,80,0,0,6,1,5,1,2900107,1000000
2024BG0001303,1,844.37,13,2,7,1,7,11861,84,0,0,6,1,5,1,2900102,1000000
2024BG0001304,1,844.37,10,1,5,1,1,7570,54,0,0,6,1,5,1,2900105,1000000
2024BG0001305,1,844.37,7,1,2,1,2,7480,53,0,0,6,1,5,1,2900100,1000000
2024BG0001306,1,844.37,30,1,3,1,8,17043,121,7000,3,1,1,1,1,2900100,1000000
2024BG0001307,1,844.37,33,2,2,1,15,137008,501,5000,1,1,1,1,1,2900104,1000000
2024BG0001308,1,844.37,1,1,1,1,1,4894,34,0,0,6,1,5,1,2900107,1000000
2024BG0001309,1,844.37,9,2,1,1,1,5001,35,0,0,6,1,5,1,2900101,1000000
2024BG0001310,1,844.37,41,1,6,1,14,88929,501,6000,1,1,1,1,1,2900100,1000000
2024BG0001311,1,844.37,9,2,3,1,5,6279,44,0,0,6,1,5,1,2900103,1000000
2024BG0001312,1,844.37,28,2,2,1,19,127215,501,4000,1,1,1,5,1,2900103,1000000
2024BG0001313,1,844.37,10,2,5,1,3,6840,48,0,0,6,1,5,1,2900104,1000000
2024BG0001314,1,844.37,17,2,1,1,18,55244,394,0,0,6,1,5,1,2900106,1000000
2024BG0001315,1,844.37,18,2,6,1,17,58755,419,4000,1,1,1,5,1,2900103,1000000
2024BG0001316,1,844.37,35,1,1,1,18,289955,501,4000,3,1,1,1,2,2900100,1000000
2024BG0001317,1,844.37,22,1,2,1,13,57148,408,6000,1,1,1,5,1,2900104,1000000
2024BG0001318,1,844.37,68,2,1,1,10,49050,350,6000,3,1,1,1,1,2900100,1000000
2024BG0001319,1,844.37,2,2,4,1,3,2104,15,0,0,6,1,5,1,2900103,1000000
2024BG0001320,1,844.37,58,2,1,1,8,52062,371,7000,1,1,1,1,1,2900100,1000000
2024BG0001321,1,844.37,53,2,5,1,12,31649,226,5000,6,1,1,5,1,2900102,1000000
2024BG0001322,1,844.37,27,1,3,1,5,6930,49,9920,6,1,1,1,1,2900104,1000000
2024BG0001323,1,844.37,52,2,3,1,6,8589,61,5000,1,1,1,3,1,2900107,1000000
2024BG0001324,1,844.37,30,1,1,1,12,23832,170,7000,1,2,1,1,1,2900107,1000000
2024BG0001325,1,844.37,7,1,4,1,4,2038,14,0,0,6,1,5,1,2900102,1000000
2024BG0001326,1,844.37,7,2,2,1,5,4214,30,0,0,6,1,5,1,2900107,1000000
2024BG0001327,1,844.37,38,2,1,1,14,100407,501,9000,3,4,1,5,1,2900105,1000000
2024BG0001328,1,844.37,31,1,5,1,5,20030,143,5000,3,1,1,5,1,2900105,1000000
2024BG0001329,1,844.37,16,2,5,1,15,49114,350,0,0,6,1,5,1,2900104,1000000
2024BG0001330,1,844.37,32,1,7,1,13,92636,501,3000,1,1,1,1,1,2900103,1000000
2024BG0001331,1,844.37,12,2,6,1,1,8842,63,0,0,6,1,5,1,2900100,1000000
2024BG0001332,1,844.37,67,2,1,1,6,13788,98,5000,3,3,1,5,1,2900107,1000000
2024BG0001333,1,844.37,12,2,7,1,7,4682,33,0,0,6,1,5,1,2900102,1000000
2024BG0001334,1,844.37,38,1,1,1,17,126197,501,4000,1,1,1,1,1,2900103,1000000
2024BG0001335,1,844.37,57,2,4,1,7,2945,21,9800,1,1,1,5,1,2900102,1000000
2024BG0001336,1,844.37,32,1,3,1,18,139879,501,4000,1,1,1,1,1,2900100,1000000
2024BG0001337,1,844.37,50,1,1,1,6,22938,163,8000,3,1,1,2,1,2900103,1000000
2024BG0001338,1,844.37,36,1,1,1,15,159757,501,1000,1,1,1,1,1,2900104,1000000
2024BG0001339,1,844.37,46,2,3,1,13,18625,133,6000,1,1,1,5,1,2900104,1000000
2024BG0001340,1,844.37,39,2,1,1,10,43069,307,8000,1,1,1,1,1,2900103,1000000
2024BG0001341,1,844.37,31,1,1,1,5,68233,487,6000,1,2,1,1,1,2900105,1000000
2024BG0001342,1,844.37,21,1,5,1,16,24836,177,4000,3,1,1,5,1,2900105,1000000
2024BG0001343,1,844.37,29,2,1,1,15,122711,501,1000,1,5,2,5,1,2900107,1000000
2024BG0001344,1,844.37,31,1,1,1,14,92554,501,7000,1,1,1,5,1,2900104,1000000
2024BG0001345,1,844.37,0,2,6,1,5,5016,35,0,0,6,1,5,1,2900106,1000000
2024BG0001346,1,844.37,37,1,4,1,11,72693,501,2000,1,1,1,1,1,2900102,1000000
2024BG0001347,1,844.37,13,1,1,1,8,7922,56,0,0,6,1,5,1,2900101,1000000
2024BG0001348,1,844.37,4,1,1,1,1,1123,8,0,0,6,1,5,1,2900101,1000000
2024BG0001349,1,844.37,22,2,1,1,17,55545,396,4000,1,1,1,5,1,2900104,1000000
2024BG0001350,1,844.37,28,2,4,1,13,50912,363,6000,1,1,1,5,1,2900102,1000000
2024BG0001351,1,844.37,43,2,1,1,12,34324,245,7000,4,1,1,1,1,2900101,1000000
2024BG0001352,1,844.37,24,2,6,1,19,91889,501,4000,1,5,1,5,1,2900103,1000000
2024BG0001353,1,844.37,3,1,6,1,4,3707,26,0,0,6,1,5,1,2900103,1000000
2024BG0001354,1,844.37,12,2,5,1,4,5664,40,0,0,6,1,5,1,2900107,1000000
2024BG0001355,1,844.37,20,1,6,1,19,57257,408,2000,3,3,1,5,1,2900106,1000000
2024BG0001356,1,844.37,31,2,3,1,7,5388,38,9800,1,1,1,1,1,2900105,1000000
2024BG0001357,1,844.37,33,2,1,1,12,39091,279,6000,4,1,1,1,1,2900102,1000000
2024BG0001358,1,844.37,29,2,3,1,5,13370,95,9800,1,1,1,1,1,2900106,1000000
2024BG0001359,1,844.37,26,1,2,1,10,11735,83,1000,2,1,1,1,1,2900107,1000000
2024BG0001360,1,844.37,2,1,1,1,1,9160,65,0,0,6,1,5,1,2900107,1000000
2024BG0001361,1,844.37,100,2,1,1,5,22245,158,0,0,6,1,1,1,2900105,1000000
2024BG0001362,1,844.37,23,1,2,1,17,87375,501,5000,3,1,1,5,1,2900106,1000000
2024BG0001363,1,844.37,44,1,3,1,12,31325,223,1000,2,1,1,3,1,2900105,1000000
2024BG0001364,1,844.37,57,1,2,1,6,16837,120,9920,4,4,1,1,1,2900107,1000000
2024BG0001365,1,844.37,53,1,6,1,13,52280,373,4000,1,2,1,1,1,2900105,1000000
2024BG0001366,1,844.37,12,2,1,1,7,4420,31,0,0,6,1,5,1,2900104,1000000
2024BG0001367,1,844.37,52,1,6,1,10,43919,313,7000,1,1,1,4,1,2900102,1000000
2024BG0001368,1,844.37,46,1,9,1,8,16450,117,7000,3,1,1,1,1,2900105,1000000
2024BG0001369,1,844.37,39,1,5,1,5,6938,49,9800,3,1,1,1,1,2900103,1000000
2024BG0001370,1,844.37,17,1,1,1,17,50690,362,0,0,6,1,5,1,2900102,1000000
2024BG0001371,1,844.37,25,1,6,1,11,87691,501,4000,1,1,1,1,1,2900102,1000000
2024BG0001372,1,844.37,4,1,7,1,6,8392,59,0,0,6,1,5,1,2900104,1000000
2024BG0001373,1,844.37,39,2,1,1,10,82812,501,6000,1,5,1,1,1,2900103,1000000
2024BG0001374,1,844.37,9,1,3,1,2,2285,16,0,0,6,1,5,1,2900101,1000000
2024BG0001375,1,844.37,26,1,1,1,13,36720,262,6000,3,1,1,5,1,2900102,1000000
2024BG0001376,1,844.37,23,1,1,1,15,128632,501,6000,1,1,1,5,1,2900104,1000000
2024BG0001377,1,844.37,21,2,5,1,16,14220,101,5000,1,1,1,5,1,2900103,1000000
2024BG0001378,1,844.37,25,2,6,1,16,28475,203,6000,6,1,1,1,2,2900100,1000000
2024BG0001379,1,844.37,8,1,5,1,5,8763,62,0,0,6,1,5,1,2900100,1000000
2024BG0001380,1,844.37,15,1,2,1,11,36314,259,0,0,6,1,5,1,2900100,1000000
2024BG0001381,1,844.37,47,1,1,1,11,91862,501,7000,1,1,1,1,1,2900104,1000000
2024BG0001382,1,844.37,28,1,1,1,10,37539,268,9000,6,1,1,5,1,2900107,1000000
2024BG0001383,1,844.37,40,1,5,1,12,28823,205,2000,1,5,1,1,1,2900105,1000000
2024BG0001384,1,844.37,51,1,6,1,12,35538,253,4000,1,1,1,2,1,2900104,1000000
2024BG0001385,1,844.37,30,1,5,1,8,17747,126,6000,6,1,1,1,1,2900102,1000000
2024BG0001386,1,844.37,26,2,1,1,5,4450,31,9920,4,5,1,1,1,2900100,1000000
2024BG0001387,1,844.37,2,2,1,1,1,2808,20,0,0,6,1,5,1,2900103,1000000
2024BG0001388,1,844.37,33,2,3,1,10,27685,197,6000,4,1,1,5,1,2900103,1000000
2024BG0001389,1,844.37,11,1,5,1,6,13518,96,0,0,6,1,5,2,2900102,1000000
2024BG0001390,1,844.37,22,2,1,1,14,31209,222,4000,1,2,1,5,1,2900107,1000000
2024BG0001391,1,844.37,5,2,1,1,4,5212,37,0,0,6,1,5,1,2900101,1000000
2024BG0001392,1,844.37,28,1,1,1,16,70509,501,1000,1,1,1,1,1,2900107,1000000
2024BG0001393,1,844.37,34,1,2,1,13,82233,501,6000,6,2,1,5,1,2900100,1000000
2024BG0001394,1,844.37,16,1,4,1,14,6686,47,0,0,6,1,5,1,2900102,1000000
2024BG0001395,1,844.37,4,1,2,1,3,4437,31,0,0,6,1,5,1,2900104,1000000
2024BG0001396,1,844.37,8,1,1,1,5,7649,54,0,0,6,1,5,1,2900105,1000000
2024BG0001397,1,844.37,40,2,2,1,13,57185,408,5000,3,1,1,1,1,2900100,1000000
2024BG0001398,1,844.37,47,2,5,1,13,60948,435,7000,1,1,1,1,1,2900104,1000000
2024BG0001399,1,844.37,6,1,2,1,2,3255,23,0,0,6,1,5,1,2900101,1000000
2024BG0001400,1,844.37,28,2,2,1,11,78942,501,9000,4,1,1,1,1,2900100,1000000
2024BG0001401,1,844.37,17,2,1,1,17,75265,501,0,0,6,1,5,1,2900103,1000000
2024BG0001402,1,844.37,31,1,1,1,7,7654,54,5000,4,1,1,1,1,2900103,1000000
2024BG0001403,1,844.37,24,2,5,1,18,41651,297,4000,1,1,1,5,1,2900102,1000000
2024BG0001404,1,844.37,39,2,1,1,8,17064,121,8000,1,3,1,1,1,2900106,1000000
2024BG0001405,1,844.37,47,2,1,1,14,30365,216,7000,4,2,1,1,1,2900102,1000000
2024BG0001406,1,844.37,30,1,1,1,11,106716,501,9000,1,1,2,1,1,2900103,1000000
2024BG0001407,1,844.37,27,1,2,1,15,57630,411,5000,1,1,1,1,1,2900100,1000000
2024BG0001408,1,844.37,2,1,1,1,6,10737,76,0,0,6,1,5,1,2900104,1000000
2024BG0001409,1,844.37,0,2,5,1,6,10814,77,0,0,6,1,5,1,2900104,1000000
2024BG0001410,1,844.37,8,2,3,1,6,7667,54,0,0,6,1,5,1,2900101,1000000
2024BG0001411,1,844.37,52,1,1,1,12,18167,129,7000,4,3,1,1,1,2900103,1000000
2024BG0001412,1,844.37,14,1,2,1,2,3766,26,0,0,6,1,5,1,2900106,1000000
2024BG0001413,1,844.37,36,2,6,1,15,91651,501,4000,1,1,1,1,1,2900100,1000000
2024BG0001414,1,844.37,43,2,8,1,15,120899,501,2000,1,1,1,1,1,2900102,1000000
2024BG0001415,1,844.37,59,1,3,1,12,30595,218,6000,1,1,1,1,1,2900107,1000000
2024BG0001416,1,844.37,17,2,3,1,14,13687,97,0,0,6,1,5,1,2900103,1000000
2024BG0001417,1,844.37,44,1,1,1,7,19039,135,8000,3,1,1,1,1,2900107,1000000
2024BG0001418,1,844.37,16,2,5,1,14,7046,50,0,0,6,1,5,1,2900101,1000000
2024BG0001419,1,844.37,53,2,1,1,14,27822,198,9000,1,1,1,3,1,2900101,1000000
2024BG0001420,1,844.37,45,1,1,1,5,22858,163,9000,1,1,1,1,1,2900100,1000000
2024BG0001421,1,844.37,8,1,2,1,4,4570,32,0,0,6,1,5,1,2900100,1000000
2024BG0001422,1,844.37,44,2,5,1,5,15355,109,9800,4,1,1,5,1,2900103,1000000
2024BG0001423,1,844.37,35,2,5,1,15,373052,501,6000,3,1,1,1,1,2900100,1000000
2024BG0001424,1,844.37,24,2,2,1,16,45925,328,3000,1,5,2,5,2,2900107,1000000
2024BG0001425,1,844.37,24,1,1,1,16,112071,501,5000,6,1,1,1,1,2900106,1000000
2024BG0001426,1,844.37,6,1,5,1,9,36470,260,0,0,6,1,5,1,2900104,1000000
2024BG0001427,1,844.37,39,1,1,1,15,138125,501,4000,1,1,1,5,1,2900105,1000000
2024BG0001428,1,844.37,0,2,1,1,7,4276,30,0,0,6,1,5,1,2900107,1000000
2024BG0001429,1,844.37,30,2,4,1,14,180272,501,7000,3,1,1,1,1,2900101,1000000
2024BG0001430,1,844.37,96,2,1,1,6,6702,47,0,0,6,1,1,1,2900102,1000000
2024BG0001431,1,844.37,1,1,1,1,3,6553,46,0,0,6,1,5,1,2900107,1000000
2024BG0001432,1,844.37,22,1,1,1,18,57779,412,4000,1,1,1,5,1,2900107,1000000
2024BG0001433,1,844.37,50,2,1,1,6,3485,24,6000,1,1,1,1,1,2900106,1000000
2024BG0001434,1,844.37,41,1,6,1,13,87789,501,6000,1,1,1,5,1,2900104,1000000
2024BG0001435,1,844.37,52,2,1,1,6,9350,66,5000,1,1,1,1,1,2900101,1000000
2024BG0001436,1,844.37,19,2,6,1,15,57913,413,4000,2,4,1,5,1,2900106,1000000
2024BG0001437,1,844.37,50,2,1,1,7,6770,48,5000,3,3,1,1,1,2900105,1000000
2024BG0001438,1,844.37,8,2,2,1,8,2821,20,0,0,6,1,5,1,2900106,1000000
2024BG0001439,1,844.37,46,1,2,1,6,21495,153,8000,1,1,1,1,1,2900101,1000000
2024BG0001440,1,844.37,19,1,4,1,19,78818,501,4000,3,1,1,5,1,2900101,1000000
2024BG0001441,1,844.37,6,2,9,1,1,11694,83,0,0,6,1,5,1,2900107,1000000
2024BG0001442,1,844.37,22,2,3,1,16,159412,501,5000,1,1,1,5,1,2900102,1000000
2024BG0001443,1,844.37,50,1,1,1,11,21633,154,1000,1,1,1,1,1,2900104,1000000
2024BG0001444,1,844.37,31,1,1,1,6,36708,262,6000,6,1,1,5,1,2900104,1000000
2024BG0001445,1,844.37,23,1,2,1,10,47490,339,5000,1,1,1,5,1,2900107,1000000
2024BG0001446,1,844.37,28,2,2,1,8,6091,43,6000,1,1,1,1,1,2900106,1000000
2024BG0001447,1,844.37,1,1,1,1,4,2800,20,0,0,6,1,5,1,2900100,1000000
2024BG0001448,1,844.37,41,2,1,1,17,116429,501,1000,2,1,1,5,1,2900103,1000000
2024BG0001449,1,844.37,60,2,3,1,6,3879,27,5000,3,1,1,5,1,2900104,1000000
2024BG0001450,1,844.37,19,1,1,1,17,27701,197,2000,1,1,1,5,1,2900101,1000000
2024BG0001451,1,844.37,26,1,1,1,11,40559,289,7000,1,3,1,5,1,2900104,1000000
2024BG0001452,1,844.37,56,1,1,1,13,37373,266,2000,1,1,1,1,1,2900100,1000000
2024BG0001453,1,844.37,39,1,3,1,16,89615,501,4000,1,1,1,1,1,2900105,1000000
2024BG0001454,1,844.37,48,2,8,1,10,52818,377,8000,1,1,1,2,1,2900101,1000000
2024BG0001455,1,844.37,23,1,1,1,20,225912,501,4000,1,1,1,5,1,2900102,1000000
2024BG0001456,1,844.37,36,2,5,1,14,64934,463,6000,6,1,1,1,1,2900101,1000000
2024BG0001457,1,844.37,6,1,1,1,3,7292,52,0,0,6,1,5,1,2900101,1000000
2024BG0001458,1,844.37,36,1,1,1,16,34857,248,5000,1,1,5,1,1,2900101,1000000
2024BG0001459,1,844.37,17,2,5,1,16,36013,257,0,0,6,1,5,1,2900103,1000000
2024BG0001460,1,844.37,36,1,1,1,12,30760,219,3000,1,1,1,1,1,2900100,1000000
2024BG0001461,1,844.37,8,2,2,1,6,7393,52,0,0,6,1,5,1,2900106,1000000
2024BG0001462,1,844.37,94,2,7,1,8,4207,30,0,0,6,1,1,1,2900101,1000000
2024BG0001463,1,844.37,27,2,2,1,12,47100,336,5000,1,1,1,1,1,2900105,1000000
2024BG0001464,1,844.37,10,2,5,1,5,4390,31,0,0,6,1,5,1,2900105,1000000
2024BG0001465,1,844.37,26,1,6,1,15,150688,501,4000,1,1,1,5,1,2900104,1000000
2024BG0001466,1,844.37,25,1,4,1,6,3023,21,9800,3,5,1,1,2,2900106,1000000
2024BG0001467,1,844.37,54,1,5,1,13,38589,275,2000,1,1,1,1,1,2900107,1000000
2024BG0001468,1,844.37,36,2,3,1,9,46921,335,4000,1,1,1,1,1,2900102,1000000
2024BG0001469,1,844.37,48,1,5,1,5,28927,206,6000,1,2,1,1,1,2900100,1000000
2024BG0001470,1,844.37,21,1,1,1,18,30135,215,3000,2,1,1,5,1,2900107,1000000
2024BG0001471,1,844.37,16,1,9,1,17,64924,463,0,0,6,1,5,1,2900106,1000000
2024BG0001472,1,844.37,48,2,2,1,5,7429,53,9920,1,1,1,1,1,2900102,1000000
2024BG0001473,1,844.37,40,2,5,1,19,245084,501,2000,3,1,1,1,1,2900106,1000000
2024BG0001474,1,844.37,34,2,1,1,7,12163,86,7000,4,4,1,1,1,2900103,1000000
2024BG0001475,1,844.37,37,1,5,1,7,18904,135,9920,1,2,1,5,2,2900101,1000000
2024BG0001476,1,844.37,6,1,1,1,4,8815,62,0,0,6,1,5,1,2900106,1000000
2024BG0001477,1,844.37,6,2,1,1,7,9120,65,0,0,6,1,5,1,2900103,1000000
2024BG0001478,1,844.37,33,2,2,1,19,290817,501,4000,1,1,1,5,1,2900103,1000000
2024BG0001479,1,844.37,40,2,5,1,15,79933,501,5000,1,1,1,1,1,2900100,1000000
2024BG0001480,1,844.37,11,1,2,1,1,10985,78,0,0,6,2,5,1,2900100,1000000
2024BG0001481,1,844.37,25,1,1,1,11,25746,183,9000,4,1,1,1,1,2900107,1000000
2024BG0001482,1,844.37,88,2,1,1,5,26469,189,0,0,6,1,5,1,2900105,1000000
2024BG0001483,1,844.37,19,1,1,1,16,30677,219,5000,3,5,1,5,1,2900106,1000000
2024BG0001484,1,844.37,16,1,2,1,13,24927,178,0,0,6,1,5,1,2900102,1000000
2024BG0001485,1,844.37,35,2,1,1,10,36232,258,4000,1,2,1,1,1,2900107,1000000
2024BG0001486,1,844.37,27,1,1,1,18,36130,258,4000,1,1,1,1,1,2900107,1000000
2024BG0001487,1,844.37,36,1,1,1,12,23186,165,5000,4,1,1,1,1,2900102,1000000
2024BG0001488,1,844.37,41,2,5,1,11,63109,450,3000,1,1,1,1,1,2900104,1000000
2024BG0001489,1,844.37,9,1,1,1,1,4027,28,0,0,6,1,5,1,2900104,1000000
2024BG0001490,1,844.37,53,1,6,1,13,31974,228,8000,6,2,1,1,1,2900100,1000000
2024BG0001491,1,844.37,20,2,2,1,14,49938,356,4000,2,1,1,1,1,2900103,1000000
2024BG0001492,1,844.37,42,2,6,1,9,73842,501,4000,1,1,1,1,1,2900104,1000000
2024BG0001493,1,844.37,31,1,1,1,11,30252,216,5000,1,1,1,1,1,2900106,1000000
2024BG0001494,1,844.37,21,2,3,1,20,102424,501,1000,3,1,1,5,1,2900105,1000000
2024BG0001495,1,844.37,38,1,1,1,10,20907,149,8000,1,1,1,1,1,2900107,1000000
2024BG0001496,1,844.37,29,1,1,1,15,175663,501,5000,4,1,1,5,1,2900102,1000000
2024BG0001497,1,844.37,28,2,1,1,9,50599,361,4000,1,1,1,1,1,2900103,1000000
2024BG0001498,1,844.37,15,2,2,1,17,107616,501,0,0,6,1,5,1,2900101,1000000
2024BG0001499,1,844.37,26,1,5,1,8,25187,179,9000,6,1,1,1,1,2900103,1000000
2024BG0001500,1,844.37,75,2,6,1,10,36394,259,0,0,6,1,5,1,2900102,1000000
2024BG0001501,1,844.37,3,1,1,1,9,9226,65,0,0,6,1,5,1,2900107,1000000
2024BG0001502,1,844.37,24,1,4,1,13,19144,136,4000,1,1,1,1,1,2900105,1000000
2024BG0001503,1,844.37,0,1,4,1,6,6370,45,0,0,6,1,5,1,2900102,1000000
2024BG0001504,1,844.37,88,1,7,1,6,16533,118,0,0,6,1,1,1,2900102,1000000
2024BG0001505,1,844.37,20,2,1,1,10,35477,253,6000,1,1,1,5,1,2900107,1000000
2024BG0001506,1,844.37,26,1,3,1,15,124128,501,4000,1,1,1,5,1,2900106,1000000
2024BG0001507,1,844.37,22,1,1,1,18,114197,501,2000,1,1,1,5,1,2900100,1000000
2024BG0001508,1,844.37,37,1,4,1,9,11050,78,5000,4,1,1,1,1,2900103,1000000
2024BG0001509,1,844.37,37,1,1,1,9,14689,104,4000,1,2,1,1,1,2900107,1000000
2024BG0001510,1,844.37,18,2,1,1,14,10217,72,7000,4,1,1,5,1,2900102,1000000
2024BG0001511,1,844.37,21,1,3,1,15,64607,461,4000,1,1,1,5,1,2900103,1000000
2024BG0001512,1,844.37,52,1,1,1,13,24079,171,9800,3,1,1,5,1,2900107,1000000
2024BG0001513,1,844.37,35,1,1,1,8,17488,124,9920,1,1,1,5,1,2900105,1000000
2024BG0001514,1,844.37,59,1,5,1,17,168170,501,5000,1,5,1,2,1,2900107,1000000
2024BG0001515,1,844.37,22,2,3,1,15,101222,501,4000,2,1,1,5,1,2900104,1000000
2024BG0001516,1,844.37,12,1,1,1,8,3703,26,0,0,6,1,5,1,2900101,1000000
2024BG0001517,1,844.37,31,2,2,1,6,21427,153,9920,6,1,1,1,1,2900100,1000000
2024BG0001518,1,844.37,39,2,2,1,12,31488,224,7000,1,1,1,5,1,2900101,1000000
2024BG0001519,1,844.37,3,2,5,1,4,2036,14,0,0,6,1,5,1,2900103,1000000
2024BG0001520,1,844.37,18,1,1,1,15,49543,353,4000,2,4,1,5,1,2900102,1000000
2024BG0001521,1,844.37,22,2,3,1,12,36045,257,1000,1,1,1,1,1,2900102,1000000
2024BG0001522,1,844.37,18,2,1,1,10,19330,138,6000,4,1,1,1,1,2900106,1000000
2024BG0001523,1,844.37,11,2,1,1,8,4289,30,0,0,6,1,5,1,2900106,1000000
2024BG0001524,1,844.37,5,2,9,1,1,15051,107,0,0,6,1,5,1,2900102,1000000
2024BG0001525,1,844.37,21,2,5,1,19,141693,501,3000,2,1,1,5,1,2900103,1000000
2024BG0001526,1,844.37,73,1,5,1,6,14413,102,0,0,6,1,1,1,2900105,1000000
2024BG0001527,1,844.37,43,1,1,1,12,50564,361,4000,1,1,1,1,1,2900102,1000000
2024BG0001528,1,844.37,49,1,1,1,9,78447,501,1000,1,3,1,1,1,2900104,1000000
2024BG0001529,1,844.37,25,2,1,1,6,8641,61,7000,1,1,1,5,1,2900102,1000000
2024BG0001530,1,844.37,22,2,4,1,19,114505,501,2000,3,1,1,5,1,2900100,1000000
2024BG0001531,1,844.37,37,2,6,1,6,14032,100,8000,4,1,1,1,1,2900100,1000000
2024BG0001532,1,844.37,12,1,2,1,2,6531,46,0,0,6,1,5,1,2900104,1000000
2024BG0001533,1,844.37,31,1,1,1,14,21176,151,5000,6,1,1,1,1,2900103,1000000
2024BG0001534,1,844.37,10,2,1,1,5,5414,38,0,0,6,1,5,1,2900106,1000000
2024BG0001535,1,844.37,35,2,6,1,9,42109,300,4000,2,1,1,1,1,2900102,1000000
2024BG0001536,1,844.37,39,2,1,1,10,21654,154,9800,6,1,1,1,1,2900102,1000000
2024BG0001537,1,844.37,7,1,1,1,3,6870,49,0,0,6,1,5,1,2900104,1000000
2024BG0001538,1,844.37,17,2,3,1,16,40653,290,0,0,6,1,5,1,2900100,1000000
2024BG0001539,1,844.37,29,2,2,1,12,32235,230,7000,1,1,1,1,1,2900107,1000000
2024BG0001540,1,844.37,17,1,4,1,18,47919,342,0,0,6,1,5,1,2900100,1000000
2024BG0001541,1,844.37,24,1,1,1,18,72854,501,5000,1,1,1,5,1,2900102,1000000
2024BG0001542,1,844.37,10,2,5,1,7,6196,44,0,0,6,1,5,1,2900107,1000000
2024BG0001543,1,844.37,30,1,2,1,10,35206,251,5000,1,1,1,5,1,2900106,1000000
2024BG0001544,1,844.37,15,2,1,1,14,19229,137,0,0,6,1,5,1,2900106,1000000
2024BG0001545,1,844.37,10,1,1,1,6,10936,78,0,0,6,1,5,1,2900106,1000000
2024BG0001546,1,844.37,44,2,5,1,11,11625,83,5000,6,1,1,1,1,2900107,1000000
2024BG0001547,1,844.37,39,2,5,1,7,10050,71,7000,3,1,1,1,1,2900102,1000000
2024BG0001548,1,844.37,12,2,3,1,6,14425,103,0,0,6,1,5,1,2900101,1000000
2024BG0001549,1,844.37,11,1,1,1,7,4218,30,0,0,6,1,5,1,2900104,1000000
2024BG0001550,1,844.37,32,2,1,1,14,26191,187,8000,4,1,1,1,1,2900105,1000000
2024BG0001551,1,844.37,2,2,1,1,9,23509,167,0,0,6,1,5,1,2900101,1000000
2024BG0001552,1,844.37,18,2,2,1,17,38146,272,6000,4,1,1,5,1,2900104,1000000
2024BG0001553,1,844.37,18,2,2,1,16,16508,117,2000,3,1,1,1,1,2900100,1000000
2024BG0001554,1,844.37,49,2,5,1,12,45139,322,9000,1,1,1,1,1,2900107,1000000
2024BG0001555,1,844.37,18,2,1,1,16,23501,167,2000,1,1,1,5,1,2900106,1000000
2024BG0001556,1,844.37,7,1,2,1,1,3501,25,0,0,6,1,5,1,2900100,1000000
2024BG0001557,1,844.37,3,1,1,1,4,2305,16,0,0,6,1,5,1,2900105,1000000
2024BG0001558,1,844.37,17,2,1,1,16,36375,259,0,0,6,1,5,1,2900104,1000000
2024BG0001559,1,844.37,22,2,1,1,17,139430,501,4000,2,1,1,5,1,2900107,1000000
2024BG0001560,1,844.37,98,2,1,1,8,8763,62,0,0,6,1,1,1,2900100,1000000
2024BG0001561,1,844.37,18,1,4,1,20,62762,448,4000,3,1,1,5,1,2900105,1000000
2024BG0001562,1,844.37,6,1,1,1,6,6472,46,0,0,6,1,5,1,2900105,1000000
2024BG0001563,1,844.37,13,1,1,1,3,3559,25,0,0,6,1,5,1,2900100,1000000
2024BG0001564,1,844.37,4,2,3,1,6,3813,27,0,0,6,1,5,2,2900101,1000000
2024BG0001565,1,844.37,36,1,2,1,14,65769,469,7000,1,1,1,1,1,2900100,1000000
2024BG0001566,1,844.37,22,1,2,1,15,147375,501,4000,1,1,1,1,1,2900103,1000000
2024BG0001567,1,844.37,49,2,6,1,11,36585,261,1000,1,1,1,1,1,2900107,1000000
2024BG0001568,1,844.37,11,2,1,1,3,9746,69,0,0,6,1,5,1,2900104,1000000
2024BG0001569,1,844.37,28,1,1,1,8,13826,98,9000,1,1,1,5,1,2900104,1000000
2024BG0001570,1,844.37,34,1,1,1,16,105772,501,5000,1,1,1,1,1,2900101,1000000
2024BG0001571,1,844.37,45,1,1,1,11,27387,195,9800,1,1,1,1,1,2900104,1000000
2024BG0001572,1,844.37,7,2,5,1,4,2849,20,0,0,6,2,5,1,2900102,1000000
2024BG0001573,1,844.37,77,2,6,1,8,6182,44,0,0,6,1,1,1,2900103,1000000
2024BG0001574,1,844.37,13,1,5,1,4,2535,18,0,0,6,1,5,1,2900102,1000000
2024BG0001575,1,844.37,0,1,1,1,4,2117,15,0,0,6,1,5,1,2900107,1000000
2024BG0001576,1,844.37,98,1,5,1,7,3650,26,0,0,6,1,2,1,2900104,1000000
2024BG0001577,1,844.37,58,1,4,1,17,68972,492,3000,2,1,1,1,1,2900102,1000000
2024BG0001578,1,844.37,13,1,3,1,1,2764,19,0,0,6,1,5,1,2900101,1000000
2024BG0001579,1,844.37,2,2,1,1,3,3764,26,0,0,6,1,5,1,2900106,1000000
2024BG0001580,1,844.37,4,2,1,1,1,2182,15,0,0,6,1,5,1,2900100,1000000
2024BG0001581,1,844.37,53,1,2,1,14,25610,182,6000,3,1,1,2,1,2900106,1000000
2024BG0001582,1,844.37,13,2,1,1,3,4133,29,0,0,6,1,5,1,2900106,1000000
2024BG0001583,1,844.37,5,2,6,1,5,7002,50,0,0,6,1,5,1,2900105,1000000
2024BG0001584,1,844.37,8,1,1,1,2,2678,19,0,0,6,1,5,1,2900107,1000000
2024BG0001585,1,844.37,24,1,6,1,18,80907,501,2000,3,1,1,5,2,2900107,1000000
2024BG0001586,1,844.37,16,1,6,1,13,35271,251,0,0,6,1,5,1,2900104,1000000
2024BG0001587,1,844.37,30,2,3,1,16,255727,501,4000,2,1,1,5,1,2900103,1000000
2024BG0001588,1,844.37,5,2,2,1,5,7704,55,0,0,6,1,5,1,2900100,1000000
2024BG0001589,1,844.37,0,2,3,1,5,24908,177,0,0,6,1,5,1,2900107,1000000
2024BG0001590,1,844.37,36,2,2,1,7,21619,154,6000,6,1,1,2,1,2900105,1000000
2024BG0001591,1,844.37,22,1,1,1,14,18708,133,5000,1,1,1,1,1,2900105,1000000
2024BG0001592,1,844.37,36,1,6,1,6,47279,337,9000,1,3,1,1,1,2900102,1000000
2024BG0001593,1,844.37,36,2,2,1,14,24680,176,7000,6,1,1,1,1,2900104,1000000
2024BG0001594,1,844.37,16,1,6,1,15,69255,494,0,0,6,1,5,1,2900102,1000000
2024BG0001595,1,844.37,29,1,1,1,10,104625,501,4000,1,3,1,1,1,2900107,1000000
2024BG0001596,1,844.37,74,2,1,1,5,21427,153,0,0,6,1,1,1,2900104,1000000
2024BG0001597,1,844.37,41,1,3,1,18,184603,501,4000,1,1,1,1,2,2900105,1000000
2024BG0001598,1,844.37,64,2,1,1,9,69303,495,7000,4,2,1,1,1,2900102,1000000
2024BG0001599,1,844.37,38,2,1,1,15,130931,501,6000,4,1,1,1,1,2900104,1000000
2024BG0001600,1,844.37,44,1,3,1,6,12126,86,6000,1,1,1,1,1,2900104,1000000
2024BG0001601,1,844.37,13,2,1,1,3,4769,34,0,0,6,1,5,1,2900107,1000000
2024BG0001602,1,844.37,9,2,1,1,1,27113,193,0,0,6,1,5,1,2900107,1000000
2024BG0001603,1,844.37,30,2,1,1,7,21675,154,6000,1,1,1,1,1,2900103,1000000
2024BG0001604,1,844.37,33,2,1,1,16,142079,501,4000,1,1,1,1,1,2900102,1000000
2024BG0001605,1,844.37,12,1,3,1,9,6892,49,0,0,6,1,5,1,2900104,1000000
2024BG0001606,1,844.37,30,1,5,1,11,34502,246,4000,2,1,1,1,1,2900105,1000000
2024BG0001607,1,844.37,19,2,3,1,20,94409,501,2000,1,1,1,5,1,2900100,1000000
2024BG0001608,1,844.37,28,1,1,1,17,132877,501,2000,1,1,1,5,1,2900106,1000000
2024BG0001609,1,844.37,3,2,1,1,3,2843,20,0,0,6,1,5,1,2900104,1000000
2024BG0001610,1,844.37,47,1,5,1,9,18108,129,4000,1,1,1,1,1,2900106,1000000
2024BG0001611,1,844.37,5,1,5,1,5,7996,57,0,0,6,1,5,1,2900100,1000000
2024BG0001612,1,844.37,30,2,3,1,13,31457,224,5000,1,2,1,5,1,2900100,1000000
2024BG0001613,1,844.37,52,1,1,1,10,26817,191,4000,3,1,1,1,1,2900104,1000000
2024BG0001614,1,844.37,18,1,2,1,18,22428,160,5000,1,5,1,5,1,2900102,1000000
2024BG0001615,1,844.37,17,1,1,1,10,17811,127,0,0,6,1,5,1,2900102,1000000
2024BG0001616,1,844.37,36,1,2,1,12,22766,162,5000,4,1,1,1,1,2900101,1000000
2024BG0001617,1,844.37,5,1,3,1,7,5309,37,0,0,6,1,5,1,2900103,1000000
2024BG0001618,1,844.37,3,1,1,1,7,1991,14,0,0,6,5,5,1,2900102,1000000
2024BG0001619,1,844.37,37,1,5,1,11,148077,501,9000,1,1,1,5,1,2900107,1000000
2024BG0001620,1,844.37,20,2,1,1,15,28080,200,4000,1,1,1,5,1,2900102,1000000
2024BG0001621,1,844.37,15,1,6,1,19,66498,474,0,0,6,1,5,1,2900101,1000000
2024BG0001622,1,844.37,34,1,2,1,13,75575,501,4000,1,2,1,1,1,2900102,1000000
2024BG0001623,1,844.37,27,2,1,1,10,71316,501,8000,4,1,1,1,1,2900103,1000000
2024BG0001624,1,844.37,21,2,4,1,16,33363,238,4000,1,5,1,5,1,2900102,1000000
2024BG0001625,1,844.37,6,2,2,1,6,1568,11,0,0,6,1,5,1,2900101,1000000
2024BG0001626,1,844.37,51,1,1,1,13,80552,501,3000,1,1,1,1,1,2900105,1000000
2024BG0001627,1,844.37,5,1,6,1,7,3105,22,0,0,6,1,5,1,2900106,1000000
2024BG0001628,1,844.37,40,2,1,1,13,104295,501,7000,1,1,1,2,1,2900107,1000000
2024BG0001629,1,844.37,28,2,1,1,9,12605,90,4000,1,1,1,1,1,2900104,1000000
2024BG0001630,1,844.37,39,2,4,1,14,68414,488,3000,1,1,1,1,1,2900106,1000000
2024BG0001631,1,844.37,36,2,3,1,10,68065,486,5000,6,1,1,5,1,2900104,1000000
2024BG0001632,1,844.37,22,1,5,1,14,24929,178,6000,1,2,1,1,1,2900105,1000000
2024BG0001633,1,844.37,12,2,6,1,9,15606,111,0,0,6,1,5,1,2900107,1000000
2024BG0001634,1,844.37,24,1,1,1,18,143503,501,6000,1,4,1,5,1,2900104,1000000
2024BG0001635,1,844.37,99,1,3,1,6,13465,96,0,0,6,1,1,1,2900103,1000000
2024BG0001636,1,844.37,49,2,5,1,9,88103,501,6000,1,1,1,1,1,2900101,1000000
2024BG0001637,1,844.37,0,2,2,1,6,12986,92,0,0,6,1,5,1,2900101,1000000
2024BG0001638,1,844.37,25,1,2,1,11,25687,183,9000,1,1,1,1,1,2900101,1000000
2024BG0001639,1,844.37,17,1,7,1,10,10713,76,0,0,6,1,5,1,2900104,1000000
2024BG0001640,1,844.37,59,1,5,1,5,13614,97,6000,1,1,1,2,1,2900101,1000000
2024BG0001641,1,844.37,2,1,2,1,6,8333,59,0,0,6,1,5,1,2900105,1000000
2024BG0001642,1,844.37,24,2,1,1,20,238462,501,4000,1,1,1,5,1,2900107,1000000
2024BG0001643,1,844.37,25,2,1,1,13,34518,246,1000,1,1,1,1,1,2900101,1000000
2024BG0001644,1,844.37,78,1,2,1,8,12783,91,0,0,6,1,1,1,2900106,1000000
2024BG0001645,1,844.37,21,1,1,1,14,31630,225,4000,1,1,1,5,1,2900106,1000000
2024BG0001646,1,844.37,42,2,1,1,9,42408,302,4000,1,2,5,1,1,2900102,1000000
2024BG0001647,1,844.37,31,1,3,1,16,96597,501,3000,1,1,1,1,1,2900106,1000000
2024BG0001648,1,844.37,12,1,2,1,2,11736,83,0,0,6,1,5,1,2900103,1000000
2024BG0001649,1,844.37,29,2,3,1,11,26893,192,7000,3,1,1,1,1,2900105,1000000
2024BG0001650,1,844.37,7,2,1,1,7,1252,8,0,0,6,5,5,1,2900102,1000000
2024BG0001651,1,844.37,38,2,1,1,9,48623,347,5000,1,1,1,1,1,2900101,1000000
2024BG0001652,1,844.37,48,2,7,1,7,5822,41,9920,6,1,1,1,1,2900106,1000000
2024BG0001653,1,844.37,23,2,1,1,11,15647,111,5000,3,1,1,5,1,2900101,1000000
2024BG0001654,1,844.37,25,1,1,1,18,31761,226,4000,3,2,1,1,1,2900104,1000000
2024BG0001655,1,844.37,30,1,1,1,12,77859,501,9000,1,1,1,1,1,2900100,1000000
2024BG0001656,1,844.37,0,2,1,1,4,6578,46,0,0,6,1,5,1,2900102,1000000
2024BG0001657,1,844.37,75,2,1,1,12,25892,184,0,0,6,1,5,1,2900106,1000000
2024BG0001658,1,844.37,16,1,3,1,16,24937,178,0,0,6,1,5,1,2900102,1000000
2024BG0001659,1,844.37,25,1,4,1,15,97004,501,5000,1,1,1,1,1,2900107,1000000
2024BG0001660,1,844.37,57,2,5,1,9,27806,198,4000,1,1,1,1,1,2900104,1000000
2024BG0001661,1,844.37,27,1,1,1,16,96051,501,4000,1,1,1,1,1,2900101,1000000
2024BG0001662,1,844.37,9,1,3,1,6,20810,148,0,0,6,1,5,1,2900104,1000000
2024BG0001663,1,844.37,0,2,1,1,1,10206,72,0,0,6,1,5,1,2900107,1000000
2024BG0001664,1,844.37,6,2,2,1,5,1957,13,0,0,6,1,5,1,2900101,1000000
2024BG0001665,1,844.37,49,1,1,1,7,39283,280,6000,6,1,1,2,1,2900100,1000000
2024BG0001666,1,844.37,1,1,9,1,4,12973,92,0,0,6,1,5,1,2900104,1000000
2024BG0001667,1,844.37,25,2,2,1,16,97820,501,4000,1,1,1,1,1,2900107,1000000
2024BG0001668,1,844.37,31,1,3,1,12,124360,501,6000,3,4,1,1,1,2900104,1000000
2024BG0001669,1,844.37,35,2,9,1,12,65136,465,7000,1,1,1,5,1,2900104,1000000
2024BG0001670,1,844.37,48,1,5,1,11,25526,182,6000,1,1,1,1,1,2900103,1000000
2024BG0001671,1,844.37,13,1,6,1,4,1706,12,0,0,6,1,5,1,2900101,1000000
2024BG0001672,1,844.37,14,1,2,1,8,3452,24,0,0,6,1,5,1,2900101,1000000
2024BG0001673,1,844.37,10,2,1,1,5,11865,84,0,0,6,1,5,1,2900100,1000000
2024BG0001674,1,844.37,46,2,1,1,7,15812,112,9920,1,1,1,1,1,2900107,1000000
2024BG0001675,1,844.37,29,2,1,1,6,4729,33,9920,1,2,1,5,1,2900102,1000000
2024BG0001676,1,844.37,10,2,3,1,6,2949,21,0,0,6,1,5,1,2900106,1000000
2024BG0001677,1,844.37,0,1,1,1,5,3455,24,0,0,6,1,5,1,2900103,1000000
2024BG0001678,1,844.37,25,2,1,1,9,36865,263,9000,1,1,1,1,1,2900100,1000000
2024BG0001679,1,844.37,11,2,5,1,7,5117,36,0,0,6,1,5,1,2900102,1000000
2024BG0001680,1,844.37,19,1,1,1,18,15180,108,4000,3,1,1,5,1,2900100,1000000
2024BG0001681,1,844.37,27,1,5,1,5,15863,113,8000,3,1,1,1,1,2900102,1000000
2024BG0001682,1,844.37,34,1,5,1,9,133642,501,3000,1,1,1,1,1,2900103,1000000
2024BG0001683,1,844.37,20,2,1,1,10,22584,161,7000,6,1,1,5,1,2900100,1000000
2024BG0001684,1,844.37,15,2,3,1,15,38884,277,0,0,6,1,5,1,2900106,1000000
2024BG0001685,1,844.37,25,2,3,1,11,92831,501,7000,1,1,1,1,1,2900103,1000000
2024BG0001686,1,844.37,46,2,2,1,11,37476,267,8000,1,3,1,5,1,2900104,1000000
2024BG0001687,1,844.37,34,2,2,1,15,228472,501,1000,1,1,1,1,1,2900105,1000000
2024BG0001688,1,844.37,10,1,1,1,5,4784,34,0,0,6,1,5,1,2900106,1000000
2024BG0001689,1,844.37,14,2,7,1,1,4625,33,0,0,6,1,5,1,2900105,1000000
2024BG0001690,1,844.37,12,1,3,1,7,4243,30,0,0,6,1,5,1,2900107,1000000
2024BG0001691,1,844.37,5,1,1,1,5,2360,16,0,0,6,1,5,1,2900107,1000000
2024BG0001692,1,844.37,24,2,1,1,14,48952,349,4000,2,1,1,5,1,2900107,1000000
2024BG0001693,1,844.37,29,1,4,1,14,57154,408,3000,1,1,1,1,1,2900107,1000000
2024BG0001694,1,844.37,20,2,4,1,18,32188,229,5000,4,2,1,5,1,2900100,1000000
2024BG0001695,1,844.37,6,1,5,1,2,2892,20,0,0,6,1,5,1,2900107,1000000
2024BG0001696,1,844.37,19,2,1,1,17,73821,501,4000,1,4,1,1,1,2900101,1000000
2024BG0001697,1,844.37,20,1,2,1,20,109416,501,4000,1,1,1,5,1,2900107,1000000
2024BG0001698,1,844.37,43,2,2,1,12,50535,360,7000,1,2,1,1,1,2900105,1000000
2024BG0001699,1,844.37,85,2,5,1,6,3446,24,0,0,6,1,3,1,2900105,1000000
2024BG0001700,1,844.37,27,2,1,1,13,28235,201,1000,2,1,1,1,1,2900101,1000000
2024BG0001701,1,844.37,51,2,1,1,9,53510,382,8000,1,1,1,2,1,2900107,1000000
2024BG0001702,1,844.37,19,1,1,1,14,36974,264,6000,1,1,1,5,1,2900104,1000000
2024BG0001703,1,844.37,24,1,1,1,13,29836,213,5000,1,1,1,5,1,2900105,1000000
2024BG0001704,1,844.37,59,1,1,1,8,10942,78,9920,1,1,1,5,1,2900106,1000000
2024BG0001705,1,844.37,44,1,5,1,10,72411,501,6000,1,1,1,1,1,2900105,1000000
2024BG0001706,1,844.37,18,2,2,1,16,29960,214,4000,1,2,1,5,1,2900105,1000000
2024BG0001707,1,844.37,3,2,2,1,5,9603,68,0,0,6,1,5,1,2900105,1000000
2024BG0001708,1,844.37,25,2,1,1,11,23704,169,5000,6,1,1,5,1,2900107,1000000
2024BG0001709,1,844.37,18,2,1,1,13,10397,74,5000,1,4,1,5,1,2900100,1000000
2024BG0001710,1,844.37,34,1,2,1,13,96554,501,9000,4,1,1,1,1,2900107,1000000
2024BG0001711,1,844.37,72,2,1,1,5,10263,73,0,0,6,1,5,1,2900105,1000000
2024BG0001712,1,844.37,43,2,1,1,11,36598,261,6000,1,1,1,1,1,2900102,1000000
2024BG0001713,1,844.37,23,2,3,1,13,19968,142,9000,3,1,1,5,1,2900104,1000000
2024BG0001714,1,844.37,24,2,5,1,18,58809,420,6000,1,2,1,5,1,2900107,1000000
2024BG0001715,1,844.37,66,2,1,1,5,5064,36,7000,6,3,1,2,1,2900102,1000000
2024BG0001716,1,844.37,36,2,6,1,13,47276,337,8000,6,1,1,1,1,2900103,1000000
2024BG0001717,1,844.37,32,2,3,1,8,11845,84,8000,1,1,1,1,1,2900105,1000000
2024BG0001718,1,844.37,21,2,2,1,20,110092,501,3000,1,1,1,5,1,2900106,1000000
2024BG0001719,1,844.37,68,1,7,1,7,7106,50,6000,1,3,1,1,1,2900100,1000000
2024BG0001720,1,844.37,40,2,1,1,16,129740,501,1000,1,1,1,1,1,2900101,1000000
2024BG0001721,1,844.37,41,1,2,1,16,59676,426,6000,1,2,1,1,1,2900103,1000000
2024BG0001722,1,844.37,22,2,1,1,17,71169,501,4000,1,1,1,5,1,2900101,1000000
2024BG0001723,1,844.37,56,1,3,1,10,34368,245,6000,1,1,1,1,1,2900105,1000000
2024BG0001724,1,844.37,50,2,2,1,12,54747,391,4000,1,2,1,1,1,2900107,1000000
2024BG0001725,1,844.37,43,1,3,1,8,10765,76,5000,1,1,1,5,1,2900103,1000000
2024BG0001726,1,844.37,34,2,2,1,16,71215,501,1000,1,1,1,1,1,2900102,1000000
2024BG0001727,1,844.37,95,2,1,1,7,9432,67,0,0,6,1,1,1,2900103,1000000
2024BG0001728,1,844.37,57,1,1,1,12,108126,501,3000,1,1,1,1,1,2900100,1000000
2024BG0001729,1,844.37,16,2,1,1,13,18462,131,0,0,6,1,5,1,2900100,1000000
2024BG0001730,1,844.37,28,2,4,1,14,43317,309,6000,3,1,1,5,1,2900101,1000000
2024BG0001731,1,844.37,26,2,1,1,14,26639,190,8000,1,1,1,1,1,2900101,1000000
2024BG0001732,1,844.37,22,1,1,1,19,126601,501,4000,2,3,1,5,2,2900104,1000000
2024BG0001733,1,844.37,22,1,5,1,12,17539,125,8000,1,2,1,1,1,2900104,1000000
2024BG0001734,1,844.37,38,2,6,1,10,15162,108,4000,1,2,1,1,2,2900100,1000000
2024BG0001735,1,844.37,43,1,1,1,14,100459,501,8000,1,1,1,5,1,2900104,1000000
2024BG0001736,1,844.37,32,2,8,1,15,112628,501,5000,3,1,1,1,1,2900106,1000000
2024BG0001737,1,844.37,18,1,1,1,15,44511,317,4000,1,1,1,5,1,2900107,1000000
2024BG0001738,1,844.37,39,1,1,1,18,280605,501,3000,3,1,1,1,1,2900103,1000000
2024BG0001739,1,844.37,41,1,6,1,11,64283,459,1000,2,1,1,1,1,2900107,1000000
2024BG0001740,1,844.37,16,2,4,1,15,17564,125,0,0,6,1,5,1,2900103,1000000
2024BG0001741,1,844.37,22,2,1,1,13,56369,402,3000,1,1,1,5,1,2900105,1000000
2024BG0001742,1,844.37,95,2,6,1,8,7793,55,0,0,6,1,1,1,2900107,1000000
2024BG0001743,1,844.37,37,1,1,1,16,203863,501,3000,1,1,1,1,1,2900104,1000000
2024BG0001744,1,844.37,13,1,1,1,7,2997,21,0,0,6,1,5,1,2900104,1000000
2024BG0001745,1,844.37,25,1,1,1,16,102386,501,4000,1,1,1,1,1,2900101,1000000
2024BG0001746,1,844.37,43,2,1,1,11,69206,494,4000,2,1,1,1,1,2900103,1000000
2024BG0001747,1,844.37,23,1,5,1,18,78272,501,4000,1,1,1,5,1,2900100,1000000
2024BG0001748,1,844.37,44,1,1,1,9,33361,238,4000,1,1,1,1,1,2900102,1000000
2024BG0001749,1,844.37,13,1,6,1,4,2618,18,0,0,6,1,5,1,2900101,1000000
2024BG0001750,1,844.37,13,1,1,1,4,10084,72,0,0,6,1,5,1,2900107,1000000
2024BG0001751,1,844.37,0,1,1,1,8,3718,26,0,0,6,1,5,1,2900105,1000000
2024BG0001752,1,844.37,30,2,6,1,10,28502,203,5000,4,1,1,1,2,2900102,1000000
2024BG0001753,1,844.37,18,2,3,1,14,15127,108,9000,6,5,1,5,1,2900105,1000000
2024BG0001754,1,844.37,3,1,1,1,6,4536,32,0,0,6,1,5,1,2900104,1000000
2024BG0001755,1,844.37,21,1,1,1,16,27345,195,4000,1,4,1,5,1,2900107,1000000
2024BG0001756,1,844.37,27,2,3,1,10,24940,178,4000,2,1,1,1,1,2900103,1000000
2024BG0001757,1,844.37,32,1,1,1,9,35038,250,4000,1,2,1,5,1,2900100,1000000
2024BG0001758,1,844.37,22,1,8,1,15,102457,501,6000,3,1,1,5,1,2900100,1000000
2024BG0001759,1,844.37,18,2,3,1,14,7212,51,6000,4,1,1,5,1,2900101,1000000
2024BG0001760,1,844.37,36,2,1,1,8,13988,99,7000,3,2,1,1,1,2900100,1000000
2024BG0001761,1,844.37,21,2,8,1,16,48651,347,1000,1,2,1,5,1,2900101,1000000
2024BG0001762,1,844.37,8,2,4,1,4,10152,72,0,0,6,1,5,1,2900104,1000000
2024BG0001763,1,844.37,19,1,4,1,17,40268,287,4000,1,1,1,1,1,2900105,1000000
2024BG0001764,1,844.37,4,1,6,1,7,11511,82,0,0,6,1,5,1,2900101,1000000
2024BG0001765,1,844.37,27,1,1,1,16,99415,501,4000,1,5,1,1,1,2900101,1000000
2024BG0001766,1,844.37,22,1,7,1,14,73331,501,6000,1,4,1,5,1,2900104,1000000
2024BG0001767,1,844.37,16,2,5,1,13,13500,96,0,0,6,1,5,1,2900106,1000000
2024BG0001768,1,844.37,15,1,2,1,14,17424,124,0,0,6,1,5,1,2900107,1000000
2024BG0001769,1,844.37,37,1,1,1,11,106138,501,7000,3,1,1,1,1,2900101,1000000
2024BG0001770,1,844.37,50,2,6,1,12,168398,501,1000,2,1,1,1,1,2900100,1000000
2024BG0001771,1,844.37,37,2,6,1,15,159830,501,6000,1,1,1,1,1,2900103,1000000
2024BG0001772,1,844.37,42,2,3,1,12,61254,437,5000,6,1,1,1,1,2900102,1000000
2024BG0001773,1,844.37,20,2,1,1,20,112069,501,2000,1,1,1,5,1,2900103,1000000
2024BG0001774,1,844.37,19,2,1,1,17,44178,315,3000,1,1,1,1,1,2900107,1000000
2024BG0001775,1,844.37,9,1,1,1,8,7603,54,0,0,6,1,5,1,2900107,1000000
2024BG0001776,1,844.37,57,1,3,1,15,199152,501,4000,2,1,1,1,1,2900102,1000000
2024BG0001777,1,844.37,43,2,2,1,10,77205,501,7000,4,1,1,1,1,2900105,1000000
2024BG0001778,1,844.37,28,2,1,1,6,9439,67,9920,1,1,1,1,1,2900104,1000000
2024BG0001779,1,844.37,42,1,3,1,9,19788,141,6000,6,1,1,1,1,2900100,1000000
2024BG0001780,1,844.37,28,2,5,1,10,27907,199,6000,4,1,1,1,1,2900100,1000000
2024BG0001781,1,844.37,25,1,9,1,8,14625,104,6000,1,1,1,5,1,2900105,1000000
2024BG0001782,1,844.37,19,1,7,1,17,29979,214,4000,1,1,1,5,1,2900107,1000000
2024BG0001783,1,844.37,29,1,5,1,11,23166,165,4000,1,1,1,1,1,2900100,1000000
2024BG0001784,1,844.37,8,1,1,1,6,11236,80,0,0,6,1,5,1,2900107,1000000
2024BG0001785,1,844.37,36,1,1,1,5,16396,117,9800,3,3,1,1,1,2900103,1000000
2024BG0001786,1,844.37,18,1,1,1,15,67085,479,3000,2,1,1,5,1,2900101,1000000
2024BG0001787,1,844.37,44,2,3,1,14,19150,136,5000,1,1,1,1,1,2900106,1000000
2024BG0001788,1,844.37,22,1,2,1,16,73526,501,6000,1,1,1,1,1,2900101,1000000
2024BG0001789,1,844.37,20,2,2,1,15,23563,168,5000,1,1,1,5,1,2900107,1000000
2024BG0001790,1,844.37,24,1,5,1,20,161496,501,4000,1,1,1,5,1,2900100,1000000
2024BG0001791,1,844.37,15,2,5,1,17,32476,231,0,0,6,1,5,1,2900103,1000000
2024BG0001792,1,844.37,34,2,1,1,11,112221,501,6000,1,1,1,5,1,2900102,1000000
2024BG0001793,1,844.37,4,2,1,1,3,5134,36,0,0,6,1,5,1,2900103,1000000
2024BG0001794,1,844.37,46,1,1,1,5,14852,106,7000,6,1,1,1,1,2900104,1000000
2024BG0001795,1,844.37,17,1,1,1,10,23185,165,0,0,6,1,5,1,2900102,1000000
2024BG0001796,1,844.37,36,1,5,1,11,61856,441,5000,1,1,1,1,1,2900105,1000000
2024BG0001797,1,844.37,7,1,1,1,6,5584,39,0,0,6,1,5,1,2900100,1000000
2024BG0001798,1,844.37,28,2,1,1,9,41735,298,9000,3,1,1,1,1,2900104,1000000
2024BG0001799,1,844.37,2,2,1,1,4,1642,11,0,0,6,1,5,1,2900107,1000000
2024BG0001800,1,844.37,79,1,1,1,9,20991,149,0,0,6,1,5,1,2900106,1000000
2024BG0001801,1,844.37,25,1,3,1,17,106193,501,3000,2,1,1,1,1,2900106,1000000
2024BG0001802,1,844.37,22,2,1,1,15,203785,501,6000,1,1,1,5,1,2900107,1000000
2024BG0001803,1,844.37,25,2,3,1,13,37660,269,5000,1,1,1,1,1,2900100,1000000
2024BG0001804,1,844.37,11,1,3,1,2,3057,21,0,0,6,5,5,1,2900100,1000000
2024BG0001805,1,844.37,0,1,4,1,9,40759,291,0,0,6,1,5,1,2900102,1000000
2024BG0001806,1,844.37,79,1,1,1,6,20781,148,0,0,6,1,1,1,2900102,1000000
2024BG0001807,1,844.37,37,2,1,1,9,50359,359,1000,3,1,1,1,1,2900102,1000000
2024BG0001808,1,844.37,5,2,5,1,7,4663,33,0,0,6,1,5,1,2900102,1000000
2024BG0001809,1,844.37,40,1,7,1,8,17829,127,7000,1,1,1,2,1,2900107,1000000
2024BG0001810,1,844.37,80,2,5,1,7,4434,31,0,0,6,1,1,1,2900101,1000000
2024BG0001811,1,844.37,10,2,1,1,5,13976,99,0,0,6,1,5,1,2900106,1000000
2024BG0001812,1,844.37,5,2,5,1,5,4612,32,0,0,6,1,5,1,2900102,1000000
2024BG0001813,1,844.37,4,2,6,1,7,4141,29,0,0,6,1,5,1,2900104,1000000
2024BG0001814,1,844.37,1,2,2,1,4,5831,41,0,0,6,1,5,1,2900101,1000000
2024BG0001815,1,844.37,2,1,2,1,8,7744,55,0,0,6,1,5,1,2900103,1000000
2024BG0001816,1,844.37,34,1,6,1,6,40267,287,9800,3,4,1,1,1,2900101,1000000
2024BG0001817,1,844.37,88,2,1,1,8,11786,84,0,0,6,1,5,1,2900103,1000000
2024BG0001818,1,844.37,23,2,1,1,17,63939,456,4000,3,3,1,5,1,2900104,1000000
2024BG0001819,1,844.37,14,2,1,1,5,2823,20,0,0,6,1,5,1,2900103,1000000
2024BG0001820,1,844.37,3,2,2,1,1,10460,74,0,0,6,1,5,1,2900106,1000000
2024BG0001821,1,844.37,43,1,1,1,7,13869,99,9000,3,1,1,1,1,2900102,1000000
2024BG0001822,1,844.37,24,1,1,1,17,123880,501,4000,3,1,1,5,1,2900102,1000000
2024BG0001823,1,844.37,32,1,1,1,13,76710,501,4000,1,1,1,5,1,2900100,1000000
2024BG0001824,1,844.37,11,1,2,1,8,5537,39,0,0,6,1,5,1,2900106,1000000
2024BG0001825,1,844.37,22,1,1,1,17,63531,453,3000,1,1,1,5,1,2900107,1000000
2024BG0001826,1,844.37,11,1,4,1,6,3046,21,0,0,6,2,5,1,2900100,1000000
2024BG0001827,1,844.37,9,1,2,1,1,3745,26,0,0,6,1,5,1,2900101,1000000
2024BG0001828,1,844.37,47,1,4,1,14,40623,290,5000,3,1,1,5,1,2900107,1000000
2024BG0001829,1,844.37,56,2,3,1,16,93021,501,4000,1,1,1,2,2,2900103,1000000
2024BG0001830,1,844.37,39,2,6,1,11,15461,110,6000,1,1,1,1,1,2900105,1000000
2024BG0001831,1,844.37,3,2,3,1,1,2847,20,0,0,6,1,5,1,2900101,1000000
2024BG0001832,1,844.37,9,1,5,1,7,9707,69,0,0,6,1,5,1,2900100,1000000
2024BG0001833,1,844.37,3,2,1,1,3,7979,56,0,0,6,1,5,1,2900101,1000000
2024BG0001834,1,844.37,40,1,1,1,10,27151,193,8000,3,1,1,1,1,2900104,1000000
2024BG0001835,1,844.37,25,2,3,1,12,67193,479,4000,1,1,1,1,1,2900107,1000000
2024BG0001836,1,844.37,48,2,1,1,6,13267,94,9920,1,1,1,1,1,2900104,1000000
2024BG0001837,1,844.37,0,2,4,1,7,9102,65,0,0,6,1,5,1,2900104,1000000
2024BG0001838,1,844.37,50,1,4,1,8,32217,230,9800,1,1,1,1,1,2900101,1000000
2024BG0001839,1,844.37,30,2,1,1,11,26624,190,6000,3,1,1,1,1,2900102,1000000
2024BG0001840,1,844.37,55,1,6,1,7,17105,122,9800,4,1,1,1,1,2900103,1000000
2024BG0001841,1,844.37,90,2,2,1,7,5840,41,0,0,6,1,5,1,2900101,1000000
2024BG0001842,1,844.37,40,1,2,1,9,99233,501,4000,2,1,1,1,2,2900107,1000000
2024BG0001843,1,844.37,21,2,1,1,15,119686,501,4000,3,1,1,1,1,2900102,1000000
2024BG0001844,1,844.37,28,2,2,1,13,19758,141,2000,3,1,1,1,1,2900102,1000000
2024BG0001845,1,844.37,30,1,2,1,9,60512,432,4000,3,1,1,1,1,2900100,1000000
2024BG0001846,1,844.37,13,2,1,1,2,20206,144,0,0,6,1,5,1,2900103,1000000
2024BG0001847,1,844.37,5,1,1,1,5,2878,20,0,0,6,1,5,1,2900104,1000000
2024BG0001848,1,844.37,42,1,1,1,14,40363,288,4000,1,1,1,1,1,2900106,1000000
2024BG0001849,1,844.37,45,2,1,1,10,49692,354,5000,1,1,1,1,2,2900102,1000000
2024BG0001850,1,844.37,10,2,9,1,5,9446,67,0,0,6,1,5,1,2900106,1000000
2024BG0001851,1,844.37,16,2,6,1,16,15732,112,0,0,6,1,5,1,2900103,1000000
2024BG0001852,1,844.37,7,2,5,1,5,5190,37,0,0,6,1,5,1,2900106,1000000
2024BG0001853,1,844.37,43,1,6,1,16,81346,501,3000,3,1,1,5,1,2900101,1000000
2024BG0001854,1,844.37,43,1,4,1,13,43040,307,1000,2,4,2,1,1,2900107,1000000
2024BG0001855,1,844.37,8,1,3,1,9,19653,140,0,0,6,1,5,1,2900105,1000000
2024BG0001856,1,844.37,58,2,2,1,17,100470,501,1000,1,1,1,1,1,2900101,1000000
2024BG0001857,1,844.37,9,2,1,1,3,8635,61,0,0,6,1,5,1,2900103,1000000
2024BG0001858,1,844.37,5,1,3,1,7,18244,130,0,0,6,1,5,1,2900104,1000000
2024BG0001859,1,844.37,52,1,2,1,5,29613,211,8000,4,3,1,1,1,2900107,1000000
2024BG0001860,1,844.37,14,1,2,1,1,9739,69,0,0,6,1,5,1,2900104,1000000
2024BG0001861,1,844.37,38,2,1,1,14,30832,220,6000,3,1,1,1,1,2900106,1000000
2024BG0001862,1,844.37,20,1,6,1,10,19100,136,4000,1,1,1,5,1,2900101,1000000
2024BG0001863,1,844.37,50,1,1,1,15,157832,501,4000,1,3,1,5,1,2900106,1000000
2024BG0001864,1,844.37,52,1,3,1,15,100481,501,6000,3,3,1,2,1,2900102,1000000
2024BG0001865,1,844.37,21,2,6,1,18,34827,248,3000,1,5,1,5,1,2900102,1000000
2024BG0001866,1,844.37,34,2,3,1,10,31442,224,6000,1,1,1,1,1,2900101,1000000
2024BG0001867,1,844.37,3,1,1,1,3,4940,35,0,0,6,1,5,1,2900106,1000000
2024BG0001868,1,844.37,15,1,2,1,11,6840,48,0,0,6,1,5,1,2900107,1000000
2024BG0001869,1,844.37,49,1,2,1,11,15664,111,6000,3,4,1,1,1,2900107,1000000
2024BG0001870,1,844.37,16,1,2,1,16,38996,278,0,0,6,1,5,1,2900106,1000000
2024BG0001871,1,844.37,17,1,1,1,17,55706,397,0,0,6,1,5,1,2900103,1000000
2024BG0001872,1,844.37,28,1,4,1,10,29580,211,5000,1,1,1,5,1,2900102,1000000
2024BG0001873,1,844.37,7,2,2,1,5,11062,79,0,0,6,1,5,1,2900100,1000000
2024BG0001874,1,844.37,31,1,2,1,7,15681,112,9800,4,1,1,5,1,2900105,1000000
2024BG0001875,1,844.37,34,2,1,1,16,110073,501,3000,1,2,1,1,1,2900104,1000000
2024BG0001876,1,844.37,42,1,1,1,15,147894,501,4000,1,1,1,3,1,2900106,1000000
2024BG0001877,1,844.37,23,1,1,1,11,58946,421,4000,1,1,1,5,1,2900106,1000000
2024BG0001878,1,844.37,16,2,1,1,11,28352,202,0,0,6,1,5,1,2900104,1000000
2024BG0001879,1,844.37,41,2,2,1,11,44780,319,5000,3,1,1,1,1,2900106,1000000
2024BG0001880,1,844.37,48,1,2,1,11,23346,166,4000,3,1,1,5,1,2900106,1000000
2024BG0001881,1,844.37,34,2,5,1,16,99527,501,4000,3,1,1,1,1,2900107,1000000
2024BG0001882,1,844.37,43,2,1,1,16,256266,501,4000,1,1,1,1,1,2900107,1000000
2024BG0001883,1,844.37,42,1,1,1,6,23494,167,9800,1,1,1,1,1,2900102,1000000
2024BG0001884,1,844.37,25,2,1,1,16,122149,501,2000,2,1,1,5,1,2900101,1000000
2024BG0001885,1,844.37,17,2,6,1,15,37151,265,0,0,6,1,5,1,2900104,1000000
2024BG0001886,1,844.37,24,1,5,1,15,76630,501,6000,1,1,1,5,1,2900101,1000000
2024BG0001887,1,844.37,28,1,5,1,13,23930,170,3000,1,1,1,1,1,2900107,1000000
2024BG0001888,1,844.37,41,1,3,1,10,88328,501,5000,1,1,1,1,1,2900100,1000000
2024BG0001889,1,844.37,16,2,1,1,18,26840,191,0,0,6,1,5,1,2900103,1000000
2024BG0001890,1,844.37,21,1,6,1,18,36315,259,4000,1,1,1,5,1,2900106,1000000
2024BG0001891,1,844.37,32,2,1,1,17,97505,501,3000,1,4,1,1,1,2900105,1000000
2024BG0001892,1,844.37,47,1,6,1,9,21847,156,5000,1,5,1,1,1,2900103,1000000
2024BG0001893,1,844.37,71,2,1,1,8,5516,39,0,0,6,1,1,1,2900105,1000000
2024BG0001894,1,844.37,70,2,6,1,6,8193,58,9800,4,1,1,1,1,2900100,1000000
2024BG0001895,1,844.37,30,2,1,1,13,42603,304,5000,3,1,1,1,1,2900104,1000000
2024BG0001896,1,844.37,24,2,4,1,20,175297,501,2000,1,1,1,5,1,2900106,1000000
2024BG0001897,1,844.37,20,1,7,1,18,33767,241,6000,6,5,1,5,1,2900104,1000000
2024BG0001898,1,844.37,32,2,3,1,10,16559,118,7000,3,1,1,5,1,2900100,1000000
2024BG0001899,1,844.37,77,1,6,1,6,5842,41,0,0,6,1,1,1,2900103,1000000
2024BG0001900,1,844.37,11,2,1,1,8,11180,79,0,0,6,1,5,1,2900100,1000000
2024BG0001901,1,844.37,28,1,5,1,13,7833,55,3000,1,1,1,1,1,2900107,1000000
2024BG0001902,1,844.37,89,1,5,1,7,14456,103,0,0,6,1,1,1,2900104,1000000
2024BG0001903,1,844.37,20,2,1,1,18,29435,210,1000,1,1,1,5,2,2900106,1000000
2024BG0001904,1,844.37,43,1,6,1,12,48403,345,5000,4,2,1,1,1,2900103,1000000
2024BG0001905,1,844.37,38,2,6,1,9,16929,120,5000,1,1,1,1,1,2900103,1000000
2024BG0001906,1,844.37,43,1,1,1,11,22629,161,9000,6,1,1,1,1,2900106,1000000
2024BG0001907,1,844.37,59,2,4,1,9,29098,207,5000,1,1,1,1,2,2900102,1000000
2024BG0001908,1,844.37,57,1,2,1,10,70820,501,7000,3,1,1,1,1,2900102,1000000
2024BG0001909,1,844.37,9,2,6,1,4,6048,43,0,0,6,1,5,1,2900107,1000000
2024BG0001910,1,844.37,25,2,1,1,13,19070,136,3000,1,1,1,1,1,2900104,1000000
2024BG0001911,1,844.37,48,2,6,1,14,99112,501,6000,1,1,1,1,1,2900106,1000000
2024BG0001912,1,844.37,25,2,6,1,12,25328,180,7000,1,1,1,5,1,2900107,1000000
2024BG0001913,1,844.37,31,2,2,1,10,36438,260,8000,1,1,1,1,1,2900101,1000000
2024BG0001914,1,844.37,2,2,2,1,4,2367,16,0,0,6,1,5,1,2900101,1000000
2024BG0001915,1,844.37,36,2,1,1,6,5205,37,8000,6,1,1,1,1,2900106,1000000
2024BG0001916,1,844.37,27,2,4,1,8,9948,71,9800,3,1,1,1,1,2900103,1000000
2024BG0001917,1,844.37,47,1,7,1,11,119432,501,9800,4,1,1,1,1,2900103,1000000
2024BG0001918,1,844.37,30,1,1,1,16,277482,501,4000,1,1,1,5,1,2900106,1000000
2024BG0001919,1,844.37,17,1,7,1,11,11723,83,0,0,6,1,5,1,2900104,1000000
2024BG0001920,1,844.37,25,1,6,1,12,31447,224,4000,1,1,1,5,1,2900100,1000000
2024BG0001921,1,844.37,20,1,3,1,14,15421,110,4000,1,1,1,5,1,2900101,1000000
2024BG0001922,1,844.37,7,2,5,1,4,3219,22,0,0,6,1,5,1,2900100,1000000
2024BG0001923,1,844.37,55,2,1,1,7,11426,81,8000,1,1,1,1,1,2900106,1000000
2024BG0001924,1,844.37,37,1,1,1,15,83106,501,5000,6,1,1,1,1,2900102,1000000
2024BG0001925,1,844.37,58,1,2,1,10,24765,176,4000,3,3,1,1,1,2900105,1000000
2024BG0001926,1,844.37,27,1,1,1,10,111218,501,8000,4,1,1,1,1,2900102,1000000
2024BG0001927,1,844.37,3,1,3,1,5,8011,57,0,0,6,1,5,1,2900106,1000000
2024BG0001928,1,844.37,15,2,5,1,14,15775,112,0,0,6,1,5,1,2900102,1000000
2024BG0001929,1,844.37,28,2,5,1,14,15355,109,1000,2,1,1,1,1,2900106,1000000
2024BG0001930,1,844.37,53,2,4,1,12,72605,501,4000,2,1,1,1,1,2900104,1000000
2024BG0001931,1,844.37,4,1,1,1,6,1884,13,0,0,6,1,5,1,2900106,1000000
2024BG0001932,1,844.37,26,2,6,1,13,47664,340,8000,1,1,1,1,1,2900104,1000000
2024BG0001933,1,844.37,36,2,2,1,10,37200,265,6000,6,4,1,5,1,2900106,1000000
2024BG0001934,1,844.37,80,2,2,1,8,5667,40,0,0,6,1,1,1,2900106,1000000
2024BG0001935,1,844.37,4,2,7,1,4,2839,20,0,0,6,1,5,2,2900107,1000000
2024BG0001936,1,844.37,18,1,2,1,16,50802,362,4000,3,4,1,1,1,2900105,1000000
2024BG0001937,1,844.37,51,1,2,1,8,6864,49,9920,1,1,1,3,1,2900107,1000000
2024BG0001938,1,844.37,21,1,5,1,13,20423,145,3000,1,1,1,5,1,2900103,1000000
2024BG0001939,1,844.37,27,2,2,1,13,12150,86,8000,4,1,1,5,1,2900102,1000000
2024BG0001940,1,844.37,0,2,1,1,3,7754,55,0,0,6,1,5,1,2900102,1000000
2024BG0001941,1,844.37,7,1,1,1,6,5242,37,0,0,6,1,5,1,2900107,1000000
2024BG0001942,1,844.37,42,2,6,1,9,43008,307,6000,4,1,1,1,1,2900104,1000000
2024BG0001943,1,844.37,8,1,5,1,9,18661,133,0,0,6,1,5,2,2900100,1000000
2024BG0001944,1,844.37,40,2,1,1,8,11654,83,5000,3,1,1,1,1,2900106,1000000
2024BG0001945,1,844.37,10,2,3,1,3,2308,16,0,0,6,1,5,1,2900107,1000000
2024BG0001946,1,844.37,10,2,2,1,8,5404,38,0,0,6,1,5,1,2900106,1000000
2024BG0001947,1,844.37,40,1,1,1,9,27977,199,9000,3,1,1,1,1,2900102,1000000
2024BG0001948,1,844.37,23,1,2,1,19,154661,501,4000,1,1,1,5,1,2900101,1000000
2024BG0001949,1,844.37,13,1,1,1,3,8603,61,0,0,6,1,5,1,2900101,1000000
2024BG0001950,1,844.37,10,1,1,1,7,1406,10,0,0,6,1,5,1,2900105,1000000
2024BG0001951,1,844.37,28,1,2,1,16,156153,501,4000,1,1,1,5,1,2900101,1000000
2024BG0001952,1,844.37,9,2,1,1,4,9018,64,0,0,6,1,5,1,2900104,1000000
2024BG0001953,1,844.37,18,2,5,1,16,44159,315,2000,1,1,1,5,1,2900107,1000000
2024BG0001954,1,844.37,14,1,1,1,7,14850,106,0,0,6,1,5,1,2900104,1000000
2024BG0001955,1,844.37,54,2,5,1,14,134413,501,6000,1,1,1,1,1,2900105,1000000
2024BG0001956,1,844.37,14,2,1,1,6,2176,15,0,0,6,1,5,1,2900103,1000000
2024BG0001957,1,844.37,36,2,4,1,14,41979,299,9000,3,1,1,2,1,2900105,1000000
2024BG0001958,1,844.37,42,2,1,1,17,175844,501,2000,1,1,1,1,1,2900101,1000000
2024BG0001959,1,844.37,18,2,5,1,16,64055,457,1000,3,1,1,1,1,2900107,1000000
2024BG0001960,1,844.37,27,1,6,1,9,48040,343,6000,1,1,1,1,2,2900106,1000000
2024BG0001961,1,844.37,15,2,1,1,12,32268,230,0,0,6,1,5,1,2900107,1000000
2024BG0001962,1,844.37,78,1,1,1,7,5196,37,0,0,6,1,1,1,2900104,1000000
2024BG0001963,1,844.37,49,1,1,1,14,117479,501,8000,1,1,1,1,1,2900101,1000000
2024BG0001964,1,844.37,85,1,5,1,6,11970,85,0,0,6,1,5,1,2900107,1000000
2024BG0001965,1,844.37,34,2,1,1,5,50366,359,9920,1,1,1,1,1,2900106,1000000
2024BG0001966,1,844.37,41,1,2,1,14,88005,501,8000,3,1,1,1,1,2900101,1000000
2024BG0001967,1,844.37,9,1,3,1,6,9466,67,0,0,6,1,5,1,2900100,1000000
2024BG0001968,1,844.37,21,1,6,1,14,18321,130,4000,3,1,1,1,1,2900107,1000000
2024BG0001969,1,844.37,1,1,1,1,4,4220,30,0,0,6,1,5,1,2900101,1000000
2024BG0001970,1,844.37,17,1,5,1,17,35343,252,0,0,6,1,5,1,2900105,1000000
2024BG0001971,1,844.37,29,2,5,1,14,37061,264,8000,6,1,1,5,1,2900104,1000000
2024BG0001972,1,844.37,17,2,1,1,14,11925,85,0,0,6,1,5,1,2900106,1000000
2024BG0001973,1,844.37,35,1,1,1,7,19491,139,9800,3,1,1,1,1,2900103,1000000
2024BG0001974,1,844.37,34,1,1,1,16,47839,341,6000,4,1,1,5,1,2900106,1000000
2024BG0001975,1,844.37,22,2,6,1,13,8065,57,7000,4,1,1,1,1,2900105,1000000
2024BG0001976,1,844.37,46,1,4,1,7,22342,159,8000,1,5,1,1,2,2900102,1000000
2024BG0001977,1,844.37,17,1,3,1,12,21199,151,0,0,6,1,5,1,2900105,1000000
2024BG0001978,1,844.37,17,2,1,1,10,14425,103,0,0,6,1,5,1,2900103,1000000
2024BG0001979,1,844.37,30,2,6,1,8,13216,94,5000,1,1,1,1,1,2900100,1000000
2024BG0001980,1,844.37,4,1,4,1,6,4554,32,0,0,6,1,5,1,2900102,1000000
2024BG0001981,1,844.37,35,1,2,1,9,125852,501,6000,3,1,1,1,1,2900107,1000000
2024BG0001982,1,844.37,5,2,1,1,2,5392,38,0,0,6,1,5,1,2900107,1000000
2024BG0001983,1,844.37,8,2,6,1,6,11349,81,0,0,6,5,5,1,2900101,1000000
2024BG0001984,1,844.37,26,2,1,1,5,2323,16,6000,6,1,1,1,1,2900101,1000000
2024BG0001985,1,844.37,20,2,6,1,19,82561,501,4000,2,1,1,5,1,2900102,1000000
2024BG0001986,1,844.37,15,2,1,1,14,30402,217,0,0,6,1,5,1,2900103,1000000
2024BG0001987,1,844.37,32,2,2,1,13,66668,476,4000,1,1,1,1,1,2900102,1000000
2024BG0001988,1,844.37,35,2,2,1,16,129729,501,6000,1,2,1,1,1,2900104,1000000
2024BG0001989,1,844.37,40,2,1,1,14,31224,223,8000,1,1,1,1,1,2900105,1000000
2024BG0001990,1,844.37,12,2,3,1,4,5833,41,0,0,6,1,5,1,2900106,1000000
2024BG0001991,1,844.37,45,1,1,1,6,20808,148,8000,1,1,1,1,1,2900100,1000000
2024BG0001992,1,844.37,49,1,2,1,10,59738,426,5000,1,3,1,1,1,2900107,1000000
2024BG0001993,1,844.37,6,1,5,1,1,6916,49,0,0,6,1,5,1,2900107,1000000
2024BG0001994,1,844.37,17,2,1,1,17,36112,257,0,0,6,1,5,1,2900100,1000000
2024BG0001995,1,844.37,54,2,9,1,10,71093,501,6000,3,1,1,2,1,2900103,1000000
2024BG0001996,1,844.37,19,1,5,1,14,21091,150,1000,1,1,1,5,1,2900105,1000000
2024BG0001997,1,844.37,38,2,2,1,10,19670,140,8000,1,1,1,1,1,2900105,1000000
2024BG0001998,1,844.37,44,2,3,1,14,52704,376,4000,2,1,1,3,1,2900101,1000000
2024BG0001999,1,844.37,5,2,6,1,8,7052,50,0,0,6,1,5,1,2900103,1000000
2024BG0002000,1,844.37,50,2,6,1,5,13866,99,5000,1,1,1,1,2,2900100,1000000
2024BG0002001,1,844.37,41,1,5,1,8,20412,145,9920,1,2,1,1,1,2900106,1000000
2024BG0002002,1,844.37,27,1,1,1,10,89133,501,5000,4,1,1,5,1,2900102,1000000
2024BG0002003,1,844.37,39,1,1,1,9,125967,501,6000,1,1,1,5,1,2900106,1000000
2024BG0002004,1,844.37,21,2,2,1,13,9820,70,6000,1,1,1,1,1,2900102,1000000
2024BG0002005,1,844.37,5,2,1,1,5,4303,30,0,0,6,1,5,1,2900106,1000000
2024BG0002006,1,844.37,28,1,1,1,12,17119,122,1000,1,1,1,5,1,2900102,1000000
2024BG0002007,1,844.37,78,1,6,1,10,39219,280,0,0,6,1,1,1,2900105,1000000
2024BG0002008,1,844.37,35,2,5,1,12,87360,501,4000,1,1,1,1,1,2900100,1000000
2024BG0002009,1,844.37,43,2,2,1,14,132319,501,6000,1,1,1,2,1,2900107,1000000
2024BG0002010,1,844.37,3,1,6,1,4,4192,29,0,0,6,1,5,1,2900105,1000000
2024BG0002011,1,844.37,77,1,1,1,6,4897,34,0,0,6,1,2,1,2900106,1000000
2024BG0002012,1,844.37,18,1,2,1,17,59527,425,4000,2,1,1,1,1,2900100,1000000
2024BG0002013,1,844.37,26,2,4,1,14,24649,176,6000,1,1,1,5,1,2900103,1000000
2024BG0002014,1,844.37,13,1,1,1,4,2775,19,0,0,6,1,5,1,2900103,1000000
2024BG0002015,1,844.37,36,2,6,1,5,23589,168,9000,1,1,1,2,1,2900103,1000000
2024BG0002016,1,844.37,39,1,2,1,7,5110,36,5000,6,1,1,1,1,2900102,1000000
2024BG0002017,1,844.37,29,2,3,1,13,38756,276,3000,3,5,1,5,1,2900102,1000000
2024BG0002018,1,844.37,1,2,1,1,8,15462,110,0,0,6,1,5,1,2900102,1000000
2024BG0002019,1,844.37,22,2,6,1,16,106592,501,5000,4,2,1,5,1,2900103,1000000
2024BG0002020,1,844.37,33,2,6,1,16,89968,501,5000,6,1,1,1,1,2900107,1000000
2024BG0002021,1,844.37,20,1,3,1,11,17013,121,2000,1,1,1,5,1,2900107,1000000
2024BG0002022,1,844.37,35,2,1,1,16,111571,501,4000,3,1,1,1,1,2900107,1000000
2024BG0002023,1,844.37,5,1,4,1,2,6038,43,0,0,6,1,5,1,2900105,1000000
2024BG0002024,1,844.37,11,1,6,1,1,2971,21,0,0,6,1,5,1,2900105,1000000
2024BG0002025,1,844.37,30,2,3,1,13,70215,501,4000,1,1,1,5,1,2900106,1000000
2024BG0002026,1,844.37,31,1,1,1,15,199366,501,3000,3,1,1,1,1,2900100,1000000
2024BG0002027,1,844.37,14,1,1,1,9,7831,55,0,0,6,1,5,1,2900107,1000000
2024BG0002028,1,844.37,16,2,1,1,17,59032,421,0,0,6,1,5,1,2900107,1000000
2024BG0002029,1,844.37,15,2,1,1,13,8639,61,0,0,6,1,5,1,2900100,1000000
2024BG0002030,1,844.37,26,1,2,1,7,15949,113,9920,3,1,1,5,1,2900106,1000000
2024BG0002031,1,844.37,45,1,5,1,8,41749,298,7000,1,3,1,1,1,2900105,1000000
2024BG0002032,1,844.37,92,2,1,1,8,6177,44,0,0,6,1,1,1,2900101,1000000
2024BG0002033,1,844.37,39,1,1,1,15,166655,501,5000,1,1,1,1,1,2900101,1000000
2024BG0002034,1,844.37,15,2,1,1,11,14985,107,0,0,6,1,5,1,2900101,1000000
2024BG0002035,1,844.37,52,2,3,1,8,26661,190,7000,1,1,1,1,1,2900106,1000000
2024BG0002036,1,844.37,1,2,3,1,5,7899,56,0,0,6,1,5,1,2900102,1000000
2024BG0002037,1,844.37,15,2,7,1,17,64666,461,0,0,6,5,5,1,2900106,1000000
2024BG0002038,1,844.37,43,2,1,1,5,8481,60,7000,1,1,1,1,1,2900101,1000000
2024BG0002039,1,844.37,2,1,1,1,5,4931,35,0,0,6,1,5,1,2900104,1000000
2024BG0002040,1,844.37,24,1,1,1,15,177524,501,4000,1,1,1,5,1,2900104,1000000
2024BG0002041,1,844.37,30,2,5,1,11,34958,249,7000,4,1,1,1,1,2900106,1000000
2024BG0002042,1,844.37,17,1,1,1,16,34125,243,0,0,6,1,5,1,2900100,1000000
2024BG0002043,1,844.37,16,2,1,1,19,24181,172,0,0,6,1,5,1,2900106,1000000
2024BG0002044,1,844.37,6,2,7,1,6,3505,25,0,0,6,1,5,1,2900105,1000000
2024BG0002045,1,844.37,5,1,2,1,2,18024,128,0,0,6,1,5,1,2900101,1000000
2024BG0002046,1,844.37,26,2,6,1,13,28461,203,9000,1,1,1,1,1,2900106,1000000
2024BG0002047,1,844.37,18,1,2,1,14,14074,100,7000,1,1,1,1,1,2900104,1000000
2024BG0002048,1,844.37,91,1,6,1,10,31244,223,0,0,6,1,1,1,2900103,1000000
2024BG0002049,1,844.37,35,1,5,1,14,14154,101,9000,4,1,1,1,1,2900101,1000000
2024BG0002050,1,844.37,7,2,1,1,3,10596,75,0,0,6,1,5,1,2900106,1000000
2024BG0002051,1,844.37,34,1,1,1,15,106517,501,4000,1,1,1,1,1,2900103,1000000
2024BG0002052,1,844.37,17,2,1,1,14,18815,134,0,0,6,1,5,1,2900103,1000000
2024BG0002053,1,844.37,24,1,1,1,20,137046,501,4000,1,1,1,5,1,2900102,1000000
2024BG0002054,1,844.37,72,1,2,1,5,5271,37,0,0,6,1,1,1,2900101,1000000
2024BG0002055,1,844.37,65,1,3,1,5,14712,105,9000,3,1,1,1,1,2900100,1000000
2024BG0002056,1,844.37,19,2,1,1,17,19534,139,4000,1,1,1,5,1,2900100,1000000
2024BG0002057,1,844.37,16,2,1,1,13,27384,195,0,0,6,1,5,1,2900107,1000000
2024BG0002058,1,844.37,49,2,1,1,9,101523,501,6000,3,1,1,1,1,2900105,1000000
2024BG0002059,1,844.37,48,1,6,1,15,70032,500,4000,1,1,1,5,1,2900101,1000000
2024BG0002060,1,844.37,29,2,3,1,6,13697,97,9800,1,1,1,5,1,2900101,1000000
2024BG0002061,1,844.37,17,2,1,1,13,27148,193,0,0,6,1,5,1,2900100,1000000
2024BG0002062,1,844.37,15,2,3,1,15,70492,501,0,0,6,1,5,1,2900101,1000000
2024BG0002063,1,844.37,35,2,5,1,10,19322,138,7000,1,1,1,1,1,2900103,1000000
2024BG0002064,1,844.37,0,1,6,1,6,3898,27,0,0,6,1,5,1,2900105,1000000
2024BG0002065,1,844.37,15,2,1,1,19,49687,354,0,0,6,1,5,1,2900101,1000000
2024BG0002066,1,844.37,17,1,2,1,18,44346,316,0,0,6,1,5,1,2900104,1000000
2024BG0002067,1,844.37,2,1,1,1,1,6313,45,0,0,6,1,5,1,2900107,1000000
2024BG0002068,1,844.37,2,2,2,1,1,26037,185,0,0,6,1,5,1,2900104,1000000
2024BG0002069,1,844.37,16,2,2,1,18,27194,194,0,0,6,1,5,1,2900101,1000000
2024BG0002070,1,844.37,11,1,2,1,7,6513,46,0,0,6,1,5,1,2900107,1000000
2024BG0002071,1,844.37,18,1,5,1,16,55221,394,2000,1,2,1,5,1,2900100,1000000
2024BG0002072,1,844.37,22,2,1,1,18,73171,501,4000,3,1,1,5,1,2900100,1000000
2024BG0002073,1,844.37,31,2,6,1,14,26388,188,1000,1,1,1,1,1,2900106,1000000
2024BG0002074,1,844.37,9,2,2,1,5,2742,19,0,0,6,1,5,1,2900100,1000000
2024BG0002075,1,844.37,61,1,1,1,9,12403,88,7000,1,1,1,2,1,2900101,1000000
2024BG0002076,1,844.37,57,2,1,1,9,12080,86,3000,1,1,1,2,1,2900105,1000000
2024BG0002077,1,844.37,75,2,1,1,5,6034,43,0,0,6,1,2,1,2900102,1000000
2024BG0002078,1,844.37,10,1,5,1,5,2900,20,0,0,6,1,5,1,2900102,1000000
2024BG0002079,1,844.37,2,1,2,1,7,15436,110,0,0,6,1,5,1,2900100,1000000
2024BG0002080,1,844.37,5,1,2,1,2,1457,10,0,0,6,1,5,1,2900107,1000000
2024BG0002081,1,844.37,7,2,2,1,4,4015,28,0,0,6,1,5,1,2900105,1000000
2024BG0002082,1,844.37,34,2,1,1,14,60403,431,4000,1,1,1,1,1,2900106,1000000
2024BG0002083,1,844.37,21,1,2,1,16,56624,404,3000,2,1,1,5,1,2900101,1000000
2024BG0002084,1,844.37,18,1,2,1,12,7385,52,9800,3,1,1,5,1,2900107,1000000
2024BG0002085,1,844.37,43,1,1,1,5,9816,70,9800,3,1,1,1,1,2900103,1000000
2024BG0002086,1,844.37,26,1,1,1,11,19801,141,6000,4,1,1,1,1,2900101,1000000
2024BG0002087,1,844.37,30,2,1,1,12,85864,501,9000,4,1,1,1,1,2900100,1000000
2024BG0002088,1,844.37,45,2,9,1,16,244884,501,4000,1,1,1,1,1,2900103,1000000
2024BG0002089,1,844.37,33,1,1,1,6,22088,157,6000,3,5,1,5,1,2900104,1000000
2024BG0002090,1,844.37,42,1,5,1,7,15508,110,6000,1,1,1,1,1,2900102,1000000
2024BG0002091,1,844.37,15,2,1,1,17,17862,127,0,0,6,1,5,1,2900105,1000000
2024BG0002092,1,844.37,39,2,6,1,16,179608,501,4000,1,1,1,2,1,2900103,1000000
2024BG0002093,1,844.37,51,2,5,1,13,40793,291,4000,1,1,1,1,1,2900106,1000000
2024BG0002094,1,844.37,27,2,1,1,13,65522,468,2000,1,1,2,1,1,2900100,1000000
2024BG0002095,1,844.37,1,1,1,1,1,5529,39,0,0,6,1,5,1,2900107,1000000
2024BG0002096,1,844.37,32,2,1,1,5,77853,501,6000,4,2,1,1,1,2900103,1000000
2024BG0002097,1,844.37,41,2,1,1,16,101328,501,1000,1,1,1,1,1,2900103,1000000
2024BG0002098,1,844.37,32,1,2,1,11,74547,501,3000,2,1,1,5,1,2900100,1000000
2024BG0002099,1,844.37,12,2,1,1,6,2894,20,0,0,6,1,5,1,2900104,1000000
2024BG0002100,1,844.37,32,1,1,1,10,114461,501,9800,1,1,1,1,1,2900103,1000000
2024BG0002101,1,844.37,4,1,1,1,3,8055,57,0,0,6,1,5,1,2900101,1000000
2024BG0002102,1,844.37,43,2,1,1,12,81771,501,4000,1,1,1,1,1,2900101,1000000
2024BG0002103,1,844.37,27,1,6,1,15,63988,457,4000,2,1,1,1,1,2900104,1000000
2024BG0002104,1,844.37,2,2,1,1,3,885,6,0,0,6,1,5,1,2900101,1000000
2024BG0002105,1,844.37,38,2,5,1,8,44748,319,8000,1,1,1,1,1,2900100,1000000
2024BG0002106,1,844.37,42,2,3,1,14,87930,501,8000,3,1,1,5,2,2900107,1000000
2024BG0002107,1,844.37,42,1,1,1,7,10181,72,5000,1,1,1,1,1,2900103,1000000
2024BG0002108,1,844.37,7,1,3,1,6,6487,46,0,0,6,1,5,1,2900100,1000000
2024BG0002109,1,844.37,31,2,1,1,8,14829,105,9920,1,1,1,1,1,2900102,1000000
2024BG0002110,1,844.37,21,1,5,1,19,48763,348,1000,1,1,1,1,1,2900102,1000000
2024BG0002111,1,844.37,14,2,1,1,9,4325,30,0,0,6,1,5,1,2900102,1000000
2024BG0002112,1,844.37,22,2,1,1,16,126495,501,1000,1,1,1,5,1,2900103,1000000
2024BG0002113,1,844.37,41,1,3,1,9,34061,243,6000,1,2,1,1,1,2900100,1000000
2024BG0002114,1,844.37,36,1,9,1,8,15845,113,5000,1,1,1,5,1,2900102,1000000
2024BG0002115,1,844.37,44,2,1,1,6,15157,108,9920,1,1,1,1,1,2900100,1000000
2024BG0002116,1,844.37,37,1,6,1,8,17076,121,7000,1,1,1,1,1,2900101,1000000
2024BG0002117,1,844.37,47,1,2,1,7,17691,126,9800,1,1,1,1,1,2900100,1000000
2024BG0002118,1,844.37,33,2,4,1,18,213922,501,4000,2,1,1,5,1,2900107,1000000
2024BG0002119,1,844.37,35,1,1,1,9,95836,501,5000,3,1,1,1,1,2900100,1000000
2024BG0002120,1,844.37,13,2,1,1,5,6944,49,0,0,6,1,5,1,2900104,1000000
2024BG0002121,1,844.37,58,1,1,1,11,62807,448,2000,1,1,1,1,1,2900102,1000000
2024BG0002122,1,844.37,27,2,6,1,7,5290,37,9800,1,1,1,5,1,2900105,1000000
2024BG0002123,1,844.37,56,1,3,1,5,22228,158,9800,3,1,1,1,1,2900105,1000000
2024BG0002124,1,844.37,91,2,1,1,9,17476,124,0,0,6,1,1,1,2900102,1000000
2024BG0002125,1,844.37,24,1,4,1,15,92130,501,4000,1,1,1,5,1,2900106,1000000
2024BG0002126,1,844.37,31,1,1,1,19,133556,501,4000,1,1,1,5,1,2900104,1000000
2024BG0002127,1,844.37,16,1,5,1,15,35969,256,0,0,6,1,5,1,2900104,1000000
2024BG0002128,1,844.37,71,2,1,1,5,10373,74,0,0,6,1,1,1,2900104,1000000
2024BG0002129,1,844.37,40,2,2,1,13,41970,299,6000,1,1,1,1,1,2900102,1000000
2024BG0002130,1,844.37,25,2,2,1,13,33554,239,7000,1,1,1,5,1,2900102,1000000
2024BG0002131,1,844.37,33,1,1,1,13,32803,234,5000,1,1,1,1,1,2900103,1000000
2024BG0002132,1,844.37,40,2,1,1,12,14587,104,6000,1,1,1,5,1,2900100,1000000
2024BG0002133,1,844.37,36,1,5,1,11,108552,501,6000,6,1,1,1,1,2900106,1000000
2024BG0002134,1,844.37,16,1,6,1,14,12645,90,0,0,6,1,5,1,2900106,1000000
2024BG0002135,1,844.37,4,1,5,1,6,4451,31,0,0,6,1,5,1,2900107,1000000
2024BG0002136,1,844.37,43,2,6,1,8,28231,201,9800,6,1,1,1,1,2900102,1000000
2024BG0002137,1,844.37,18,1,1,1,18,42445,303,3000,1,1,1,5,1,2900102,1000000
2024BG0002138,1,844.37,38,1,1,1,10,28701,205,7000,4,1,1,1,1,2900103,1000000
2024BG0002139,1,844.37,37,1,1,1,8,40097,286,7000,3,1,1,2,1,2900105,1000000
2024BG0002140,1,844.37,49,2,2,1,9,37363,266,4000,1,1,1,1,1,2900103,1000000
2024BG0002141,1,844.37,25,1,4,1,16,44056,314,1000,1,1,1,1,1,2900102,1000000
2024BG0002142,1,844.37,19,1,5,1,13,15418,110,4000,1,1,1,5,1,2900101,1000000
2024BG0002143,1,844.37,41,2,1,1,12,36768,262,4000,3,2,1,5,1,2900103,1000000
2024BG0002144,1,844.37,24,1,4,1,16,74844,501,3000,1,1,1,5,1,2900100,1000000
2024BG0002145,1,844.37,32,2,2,1,11,54395,388,9800,4,1,1,1,1,2900107,1000000
2024BG0002146,1,844.37,21,2,6,1,11,17634,125,6000,1,1,1,1,1,2900101,1000000
2024BG0002147,1,844.37,6,1,5,1,7,8466,60,0,0,6,1,5,1,2900101,1000000
2024BG0002148,1,844.37,20,2,2,1,12,19245,137,5000,4,3,1,5,2,2900105,1000000
2024BG0002149,1,844.37,24,2,3,1,20,129135,501,4000,3,1,1,5,1,2900101,1000000
2024BG0002150,1,844.37,24,1,7,1,17,166557,501,2000,1,1,1,5,1,2900101,1000000
2024BG0002151,1,844.37,3,2,2,1,8,4758,33,0,0,6,1,5,1,2900101,1000000
2024BG0002152,1,844.37,49,1,1,1,14,42800,305,8000,4,1,1,1,1,2900102,1000000
2024BG0002153,1,844.37,50,2,1,1,7,69627,497,9800,1,1,1,1,1,2900102,1000000
2024BG0002154,1,844.37,24,1,2,1,16,81149,501,4000,1,2,1,5,1,2900107,1000000
2024BG0002155,1,844.37,15,1,2,1,20,119374,501,0,0,6,2,5,1,2900102,1000000
2024BG0002156,1,844.37,25,2,5,1,14,25674,183,9800,3,1,1,1,1,2900100,1000000
2024BG0002157,1,844.37,6,2,1,1,4,6311,45,0,0,6,1,5,1,2900101,1000000
2024BG0002158,1,844.37,3,1,5,1,6,7294,52,0,0,6,1,5,1,2900100,1000000
2024BG0002159,1,844.37,2,1,6,1,2,5220,37,0,0,6,1,5,1,2900101,1000000
2024BG0002160,1,844.37,19,2,3,1,18,104132,501,6000,1,1,1,5,1,2900102,1000000
2024BG0002161,1,844.37,31,2,5,1,9,55301,395,7000,1,2,1,1,1,2900105,1000000
2024BG0002162,1,844.37,17,1,1,1,17,45336,323,0,0,6,1,5,1,2900107,1000000
2024BG0002163,1,844.37,59,1,5,1,8,11180,79,9920,3,1,1,1,1,2900104,1000000
2024BG0002164,1,844.37,36,2,2,1,12,8651,61,6000,3,1,1,1,1,2900106,1000000
2024BG0002165,1,844.37,25,2,5,1,17,106900,501,4000,1,1,1,1,2,2900104,1000000
2024BG0002166,1,844.37,33,1,6,1,13,26054,186,2000,1,1,1,1,1,2900104,1000000
2024BG0002167,1,844.37,19,1,7,1,14,26631,190,9800,1,1,1,5,1,2900100,1000000
2024BG0002168,1,844.37,27,1,1,1,6,17499,124,6000,4,1,1,1,1,2900107,1000000
2024BG0002169,1,844.37,42,1,6,1,11,30328,216,4000,1,1,1,5,1,2900100,1000000
2024BG0002170,1,844.37,35,1,1,1,6,11208,80,6000,3,2,1,1,1,2900107,1000000
2024BG0002171,1,844.37,1,2,1,1,3,5982,42,0,0,6,1,5,1,2900106,1000000
2024BG0002172,1,844.37,18,1,3,1,16,25019,178,3000,2,1,1,5,1,2900101,1000000
2024BG0002173,1,844.37,19,1,1,1,14,11522,82,4000,1,1,1,5,1,2900101,1000000
2024BG0002174,1,844.37,35,2,1,1,12,166434,501,9000,6,5,1,1,1,2900105,1000000
2024BG0002175,1,844.37,51,1,2,1,8,20075,143,9800,1,4,1,1,1,2900103,1000000
2024BG0002176,1,844.37,32,1,6,1,7,3316,23,9800,1,5,1,5,1,2900102,1000000
2024BG0002177,1,844.37,13,1,4,1,4,4198,29,0,0,6,1,5,1,2900103,1000000
2024BG0002178,1,844.37,15,1,1,1,18,25486,182,0,0,6,1,5,1,2900105,1000000
2024BG0002179,1,844.37,37,2,5,1,10,21285,152,6000,3,1,1,5,1,2900107,1000000
2024BG0002180,1,844.37,39,2,1,1,13,34008,242,7000,1,1,1,1,1,2900103,1000000
2024BG0002181,1,844.37,39,1,4,1,14,35216,251,4000,1,4,1,1,1,2900105,1000000
2024BG0002182,1,844.37,39,2,1,1,18,108387,501,4000,1,1,1,1,2,2900100,1000000
2024BG0002183,1,844.37,45,1,1,1,11,86939,501,8000,4,1,1,1,1,2900105,1000000
2024BG0002184,1,844.37,28,1,6,1,14,48383,345,3000,1,1,1,5,1,2900103,1000000
2024BG0002185,1,844.37,10,2,1,1,9,14860,106,0,0,6,1,5,1,2900104,1000000
2024BG0002186,1,844.37,35,1,6,1,10,39947,285,1000,1,1,1,1,1,2900107,1000000
2024BG0002187,1,844.37,26,2,3,1,8,33229,237,6000,3,5,1,5,1,2900106,1000000
2024BG0002188,1,844.37,55,1,3,1,18,37856,270,4000,1,1,1,1,1,2900103,1000000
2024BG0002189,1,844.37,43,1,4,1,8,11550,82,7000,6,1,1,1,1,2900101,1000000
2024BG0002190,1,844.37,2,1,7,1,3,5728,40,0,0,6,1,5,1,2900100,1000000
2024BG0002191,1,844.37,39,1,4,1,8,6004,42,9800,1,1,1,1,1,2900103,1000000
2024BG0002192,1,844.37,28,2,1,1,18,67848,484,1000,1,1,1,5,1,2900101,1000000
2024BG0002193,1,844.37,13,2,1,1,5,2653,18,0,0,6,1,5,1,2900103,1000000
2024BG0002194,1,844.37,14,2,1,1,4,4244,30,0,0,6,1,5,1,2900100,1000000
2024BG0002195,1,844.37,34,2,2,1,15,174139,501,4000,1,1,1,5,1,2900104,1000000
2024BG0002196,1,844.37,49,1,3,1,11,61622,440,4000,1,1,1,1,1,2900103,1000000
2024BG0002197,1,844.37,33,2,9,1,12,43643,311,9000,4,1,1,1,2,2900100,1000000
2024BG0002198,1,844.37,11,1,1,1,5,4558,32,0,0,6,1,5,1,2900105,1000000
2024BG0002199,1,844.37,21,1,1,1,17,41585,297,4000,1,3,1,5,1,2900101,1000000
2024BG0002200,1,844.37,38,1,1,1,13,44692,319,1000,1,1,1,1,1,2900103,1000000
2024BG0002201,1,844.37,11,1,4,1,3,4562,32,0,0,6,1,5,1,2900103,1000000
2024BG0002202,1,844.37,14,1,6,1,3,10621,75,0,0,6,1,5,1,2900101,1000000
2024BG0002203,1,844.37,30,2,1,1,10,71991,501,6000,4,1,1,1,1,2900107,1000000
2024BG0002204,1,844.37,22,2,1,1,18,74810,501,4000,1,1,1,5,1,2900103,1000000
2024BG0002205,1,844.37,35,2,1,1,11,26950,192,5000,1,1,1,1,1,2900106,1000000
2024BG0002206,1,844.37,33,1,6,1,9,187058,501,8000,3,1,1,5,1,2900104,1000000
2024BG0002207,1,844.37,23,2,5,1,20,147894,501,4000,1,1,1,5,1,2900105,1000000
2024BG0002208,1,844.37,22,1,1,1,16,68811,491,4000,3,1,1,5,1,2900106,1000000
2024BG0002209,1,844.37,48,2,1,1,5,6994,49,9920,4,1,1,1,1,2900103,1000000
2024BG0002210,1,844.37,19,1,1,1,20,98804,501,1000,1,1,1,5,1,2900104,1000000
2024BG0002211,1,844.37,28,1,2,1,15,91449,501,1000,1,1,1,1,1,2900102,1000000
2024BG0002212,1,844.37,44,1,2,1,10,52176,372,6000,4,1,1,1,1,2900104,1000000
2024BG0002213,1,844.37,21,2,1,1,16,36222,258,4000,2,1,1,5,1,2900102,1000000
2024BG0002214,1,844.37,33,2,4,1,6,49826,355,8000,6,1,1,1,1,2900100,1000000
2024BG0002215,1,844.37,20,1,2,1,18,14935,106,1000,1,1,1,5,1,2900105,1000000
2024BG0002216,1,844.37,34,2,3,1,12,37718,269,5000,1,1,1,1,1,2900107,1000000
2024BG0002217,1,844.37,52,1,1,1,6,3526,25,5000,3,1,1,1,1,2900102,1000000
2024BG0002218,1,844.37,24,2,5,1,11,70294,501,4000,1,1,1,5,1,2900107,1000000
2024BG0002219,1,844.37,56,1,1,1,10,9652,68,6000,1,1,1,1,1,2900102,1000000
2024BG0002220,1,844.37,55,2,2,1,7,14073,100,9000,1,1,1,2,1,2900105,1000000
2024BG0002221,1,844.37,22,1,3,1,16,85449,501,2000,1,1,1,5,1,2900102,1000000
2024BG0002222,1,844.37,15,2,2,1,15,42629,304,0,0,6,1,5,1,2900104,1000000
2024BG0002223,1,844.37,17,2,7,1,17,28967,206,0,0,6,1,5,1,2900103,1000000
2024BG0002224,1,844.37,46,1,1,1,12,47986,342,9000,1,5,1,1,1,2900103,1000000
2024BG0002225,1,844.37,19,2,2,1,19,73838,501,4000,1,1,1,5,1,2900106,1000000
2024BG0002226,1,844.37,26,1,1,1,12,16748,119,8000,1,1,1,1,1,2900102,1000000
2024BG0002227,1,844.37,18,2,3,1,13,5569,39,4000,1,1,1,5,1,2900105,1000000
2024BG0002228,1,844.37,26,2,2,1,14,20844,148,3000,1,1,1,1,1,2900106,1000000
2024BG0002229,1,844.37,28,1,5,1,12,50449,360,2000,3,1,1,5,1,2900105,1000000
2024BG0002230,1,844.37,67,1,1,1,5,24317,173,6000,1,1,1,1,1,2900103,1000000
2024BG0002231,1,844.37,50,1,3,1,12,59157,422,1000,3,1,1,1,1,2900105,1000000
2024BG0002232,1,844.37,56,1,5,1,12,20176,144,6000,1,1,1,1,1,2900103,1000000
2024BG0002233,1,844.37,2,1,3,1,8,1567,11,0,0,6,1,5,1,2900100,1000000
2024BG0002234,1,844.37,25,2,1,1,12,33062,236,7000,1,1,1,1,1,2900105,1000000
2024BG0002235,1,844.37,20,1,4,1,14,18576,132,6000,1,1,1,5,1,2900107,1000000
2024BG0002236,1,844.37,13,2,2,1,5,5932,42,0,0,6,1,5,1,2900107,1000000
2024BG0002237,1,844.37,1,2,3,1,3,4997,35,0,0,6,1,5,1,2900104,1000000
2024BG0002238,1,844.37,70,2,5,1,6,2484,17,5000,1,1,1,1,1,2900103,1000000
2024BG0002239,1,844.37,22,1,1,1,17,103067,501,4000,1,1,1,1,1,2900100,1000000
2024BG0002240,1,844.37,10,2,1,1,7,6409,45,0,0,6,1,5,1,2900100,1000000
2024BG0002241,1,844.37,26,2,1,1,17,152995,501,5000,4,5,1,1,1,2900101,1000000
2024BG0002242,1,844.37,50,1,1,1,5,11524,82,9800,4,4,1,1,1,2900107,1000000
2024BG0002243,1,844.37,70,1,4,1,6,8270,59,8000,3,1,1,1,1,2900102,1000000
2024BG0002244,1,844.37,3,1,3,1,1,3424,24,0,0,6,1,5,1,2900105,1000000
2024BG0002245,1,844.37,39,2,3,1,10,60131,429,9000,3,1,1,1,1,2900107,1000000
2024BG0002246,1,844.37,44,2,1,1,8,20106,143,5000,1,1,1,1,1,2900105,1000000
2024BG0002247,1,844.37,47,1,3,1,8,19250,137,6000,1,1,1,1,1,2900105,1000000
2024BG0002248,1,844.37,34,2,1,1,14,88231,501,4000,1,1,1,1,1,2900105,1000000
2024BG0002249,1,844.37,51,2,2,1,10,45538,325,4000,1,1,1,5,1,2900107,1000000
2024BG0002250,1,844.37,47,2,1,1,11,192088,501,3000,1,1,1,2,1,2900102,1000000
2024BG0002251,1,844.37,6,2,1,1,7,7952,56,0,0,6,1,5,1,2900104,1000000
2024BG0002252,1,844.37,41,1,7,1,9,70307,501,5000,3,1,1,1,1,2900104,1000000
2024BG0002253,1,844.37,19,1,3,1,16,107963,501,6000,1,1,1,5,1,2900103,1000000
2024BG0002254,1,844.37,50,2,5,1,11,60615,432,7000,4,1,1,1,1,2900107,1000000
2024BG0002255,1,844.37,19,2,1,1,17,18621,133,5000,1,4,1,5,1,2900103,1000000
2024BG0002256,1,844.37,40,2,6,1,14,18095,129,2000,1,1,1,1,1,2900107,1000000
2024BG0002257,1,844.37,37,2,1,1,13,41056,293,3000,1,1,1,2,1,2900107,1000000
2024BG0002258,1,844.37,38,1,6,1,11,68725,490,2000,1,1,1,1,1,2900103,1000000
2024BG0002259,1,844.37,6,1,1,1,9,25130,179,0,0,6,1,5,1,2900104,1000000
2024BG0002260,1,844.37,35,2,1,1,13,38078,271,5000,6,1,1,1,1,2900107,1000000
2024BG0002261,1,844.37,30,2,4,1,12,44566,318,3000,2,3,1,1,1,2900101,1000000
2024BG0002262,1,844.37,6,2,1,1,3,4386,31,0,0,6,1,5,1,2900106,1000000
2024BG0002263,1,844.37,11,1,1,1,5,5926,42,0,0,6,1,5,1,2900100,1000000
2024BG0002264,1,844.37,59,1,1,1,5,17821,127,6000,1,1,1,1,1,2900106,1000000
2024BG0002265,1,844.37,53,2,1,1,18,209615,501,2000,1,5,1,1,1,2900105,1000000
2024BG0002266,1,844.37,19,1,1,1,19,321776,501,4000,1,1,1,5,1,2900101,1000000
2024BG0002267,1,844.37,28,2,2,1,14,107423,501,7000,1,1,1,1,1,2900102,1000000
2024BG0002268,1,844.37,40,2,1,1,14,72856,501,4000,1,1,1,1,1,2900104,1000000
2024BG0002269,1,844.37,15,2,5,1,18,106536,501,0,0,6,1,5,1,2900107,1000000
2024BG0002270,1,844.37,44,2,1,1,7,21984,157,8000,1,1,1,2,1,2900102,1000000
2024BG0002271,1,844.37,12,1,1,1,3,13624,97,0,0,6,1,5,1,2900105,1000000
2024BG0002272,1,844.37,50,1,1,1,13,29527,210,9000,1,1,1,5,1,2900105,1000000
2024BG0002273,1,844.37,21,1,2,1,18,27106,193,4000,2,1,1,5,1,2900106,1000000
2024BG0002274,1,844.37,29,1,4,1,14,51450,367,5000,4,1,1,1,1,2900107,1000000
2024BG0002275,1,844.37,4,1,5,1,1,4874,34,0,0,6,1,5,1,2900106,1000000
2024BG0002276,1,844.37,44,1,1,1,18,96659,501,3000,1,1,1,1,1,2900106,1000000
2024BG0002277,1,844.37,4,2,1,1,2,8142,58,0,0,6,1,5,1,2900102,1000000
2024BG0002278,1,844.37,45,2,1,1,11,129926,501,9000,6,1,1,1,1,2900101,1000000
2024BG0002279,1,844.37,16,1,1,1,20,260060,501,0,0,6,1,5,1,2900105,1000000
2024BG0002280,1,844.37,36,1,1,1,8,7521,53,9920,3,1,1,2,1,2900103,1000000
2024BG0002281,1,844.37,20,2,1,1,13,7604,54,4000,1,1,1,5,1,2900101,1000000
2024BG0002282,1,844.37,57,1,6,1,6,15920,113,5000,1,1,1,1,1,2900107,1000000
2024BG0002283,1,844.37,36,1,4,1,9,39532,282,8000,1,1,1,1,1,2900101,1000000
2024BG0002284,1,844.37,83,1,2,1,7,21333,152,0,0,6,1,1,1,2900101,1000000
2024BG0002285,1,844.37,54,1,3,1,11,14702,105,6000,1,2,1,1,1,2900102,1000000
2024BG0002286,1,844.37,58,2,4,1,11,13105,93,6000,1,1,1,1,1,2900101,1000000
2024BG0002287,1,844.37,8,2,3,1,2,7127,50,0,0,6,1,5,1,2900100,1000000
2024BG0002288,1,844.37,5,2,1,1,2,5781,41,0,0,6,1,5,1,2900107,1000000
2024BG0002289,1,844.37,42,1,1,1,10,40868,291,7000,1,1,1,2,1,2900107,1000000
2024BG0002290,1,844.37,33,1,1,1,13,62249,444,9000,1,1,1,1,1,2900100,1000000
2024BG0002291,1,844.37,14,2,3,1,6,4744,33,0,0,6,1,5,1,2900100,1000000
2024BG0002292,1,844.37,19,1,4,1,15,93300,501,4000,3,2,1,5,1,2900104,1000000
2024BG0002293,1,844.37,40,2,1,1,19,81395,501,4000,1,1,1,5,1,2900106,1000000
2024BG0002294,1,844.37,9,2,1,1,9,6263,44,0,0,6,1,5,1,2900101,1000000
2024BG0002295,1,844.37,32,1,1,1,8,16148,115,7000,4,5,1,1,1,2900100,1000000
2024BG0002296,1,844.37,12,1,1,1,9,15439,110,0,0,6,1,5,2,2900100,1000000
2024BG0002297,1,844.37,26,1,2,1,9,20409,145,9800,6,4,1,5,1,2900104,1000000
2024BG0002298,1,844.37,1,2,1,1,5,3157,22,0,0,6,1,5,1,2900105,1000000
2024BG0002299,1,844.37,56,1,1,1,16,247414,501,3000,1,1,2,1,1,2900104,1000000
2024BG0002300,1,844.37,4,2,6,1,6,13930,99,0,0,6,1,5,1,2900106,1000000
2024BG0002301,1,844.37,20,1,1,1,17,24112,172,3000,2,1,1,5,1,2900102,1000000
2024BG0002302,1,844.37,20,1,6,1,17,49045,350,4000,1,1,1,5,1,2900105,1000000
2024BG0002303,1,844.37,18,2,1,1,17,27305,195,6000,1,1,1,5,1,2900102,1000000
2024BG0002304,1,844.37,23,2,6,1,10,48430,345,7000,1,1,1,5,1,2900104,1000000
2024BG0002305,1,844.37,31,2,4,1,11,59690,426,6000,1,1,1,5,1,2900104,1000000
2024BG0002306,1,844.37,31,2,1,1,8,16160,115,9920,1,1,1,1,1,2900107,1000000
2024BG0002307,1,844.37,34,2,4,1,7,11152,79,6000,4,1,1,5,1,2900104,1000000
2024BG0002308,1,844.37,16,2,1,1,12,14718,105,0,0,6,1,5,1,2900101,1000000
2024BG0002309,1,844.37,38,2,1,1,10,64212,458,7000,4,1,1,1,1,2900104,1000000
2024BG0002310,1,844.37,32,1,1,1,10,60263,430,3000,1,2,1,1,1,2900104,1000000
2024BG0002311,1,844.37,40,2,6,1,8,13498,96,9920,1,1,1,1,1,2900100,1000000
2024BG0002312,1,844.37,22,1,2,1,17,69512,496,6000,4,1,1,5,1,2900100,1000000
2024BG0002313,1,844.37,34,1,4,1,16,105148,501,2000,1,2,1,5,1,2900102,1000000
2024BG0002314,1,844.37,89,2,1,1,8,2000,14,0,0,6,5,1,1,2900107,1000000
2024BG0002315,1,844.37,20,2,6,1,17,37389,267,4000,2,1,1,1,1,2900102,1000000
2024BG0002316,1,844.37,53,1,3,1,9,86598,501,9000,3,1,1,1,2,2900104,1000000
2024BG0002317,1,844.37,36,1,1,1,8,9036,64,5000,4,1,1,1,1,2900105,1000000
2024BG0002318,1,844.37,20,2,2,1,19,172688,501,4000,1,1,1,1,1,2900100,1000000
2024BG0002319,1,844.37,37,1,7,1,6,13501,96,5000,6,1,1,1,2,2900101,1000000
2024BG0002320,1,844.37,20,2,1,1,18,35980,257,3000,3,1,1,5,1,2900101,1000000
2024BG0002321,1,844.37,3,2,1,1,7,9521,68,0,0,6,1,5,1,2900107,1000000
2024BG0002322,1,844.37,6,2,8,1,3,9452,67,0,0,6,1,5,1,2900100,1000000
2024BG0002323,1,844.37,33,1,1,1,15,204235,501,3000,3,1,1,1,1,2900104,1000000
2024BG0002324,1,844.37,55,1,3,1,13,19483,139,4000,1,1,1,1,1,2900105,1000000
2024BG0002325,1,844.37,1,2,3,1,5,3012,21,0,0,6,1,5,1,2900101,1000000
2024BG0002326,1,844.37,44,2,6,1,10,40593,289,8000,1,1,1,1,1,2900102,1000000
2024BG0002327,1,844.37,3,1,1,1,3,10822,77,0,0,6,1,5,1,2900100,1000000
2024BG0002328,1,844.37,31,1,6,1,16,136739,501,5000,6,1,1,1,1,2900105,1000000
2024BG0002329,1,844.37,35,2,1,1,11,52255,373,2000,1,2,1,1,1,2900104,1000000
2024BG0002330,1,844.37,29,1,1,1,5,35580,254,9920,4,1,1,5,1,2900106,1000000
2024BG0002331,1,844.37,29,1,9,1,13,21467,153,8000,1,1,1,1,1,2900106,1000000
2024BG0002332,1,844.37,30,1,4,1,5,27212,194,9800,1,1,1,5,1,2900101,1000000
2024BG0002333,1,844.37,48,1,1,1,10,36701,262,7000,1,1,1,5,1,2900105,1000000
2024BG0002334,1,844.37,55,2,1,1,12,62972,449,4000,3,1,1,1,1,2900104,1000000
2024BG0002335,1,844.37,36,1,1,1,14,75697,501,9800,1,1,1,1,1,2900105,1000000
2024BG0002336,1,844.37,34,2,1,1,14,132716,501,6000,1,1,1,1,1,2900101,1000000
2024BG0002337,1,844.37,39,2,1,1,9,58027,414,5000,4,1,1,5,1,2900101,1000000
2024BG0002338,1,844.37,43,1,1,1,15,90985,501,3000,2,4,1,1,1,2900105,1000000
2024BG0002339,1,844.37,19,1,1,1,18,67659,483,4000,1,1,1,1,1,2900101,1000000
2024BG0002340,1,844.37,34,1,2,1,8,55189,394,7000,3,1,1,1,1,2900103,1000000
2024BG0002341,1,844.37,15,2,3,1,12,11673,83,0,0,6,1,5,1,2900101,1000000
2024BG0002342,1,844.37,14,2,1,1,2,12910,92,0,0,6,1,5,1,2900103,1000000
2024BG0002343,1,844.37,21,1,3,1,19,116783,501,4000,2,1,5,5,1,2900107,1000000
2024BG0002344,1,844.37,3,1,1,1,4,21885,156,0,0,6,1,5,1,2900102,1000000
2024BG0002345,1,844.37,8,1,6,1,3,3538,25,0,0,6,1,5,1,2900103,1000000
2024BG0002346,1,844.37,49,2,1,1,10,29843,213,3000,1,1,1,3,1,2900102,1000000
2024BG0002347,1,844.37,26,2,1,1,15,55306,395,4000,3,1,1,1,1,2900100,1000000
2024BG0002348,1,844.37,1,2,3,1,9,15678,111,0,0,6,1,5,1,2900106,1000000
2024BG0002349,1,844.37,21,1,1,1,17,38775,276,3000,1,1,1,1,1,2900106,1000000
2024BG0002350,1,844.37,3,1,7,1,4,6434,45,0,0,6,1,5,1,2900103,1000000
2024BG0002351,1,844.37,2,2,3,1,7,3411,24,0,0,6,1,5,1,2900102,1000000
2024BG0002352,1,844.37,63,2,1,1,7,4595,32,9920,3,1,1,2,1,2900101,1000000
2024BG0002353,1,844.37,48,1,1,1,12,33397,238,8000,1,1,1,5,1,2900103,1000000
2024BG0002354,1,844.37,34,2,3,1,15,189474,501,5000,3,1,1,1,1,2900100,1000000
2024BG0002355,1,844.37,46,1,2,1,14,24229,173,8000,1,1,1,1,1,2900101,1000000
2024BG0002356,1,844.37,51,1,2,1,12,25628,183,4000,2,1,1,1,1,2900101,1000000
2024BG0002357,1,844.37,25,2,1,1,17,185411,501,4000,1,5,1,1,1,2900103,1000000
2024BG0002358,1,844.37,13,2,2,1,5,11751,83,0,0,6,1,5,1,2900102,1000000
2024BG0002359,1,844.37,8,2,1,1,1,23348,166,0,0,6,1,5,2,2900101,1000000
2024BG0002360,1,844.37,41,1,3,1,12,182676,501,6000,4,1,1,1,1,2900100,1000000
2024BG0002361,1,844.37,12,2,1,1,1,6952,49,0,0,6,1,5,1,2900100,1000000
2024BG0002362,1,844.37,24,1,2,1,14,69222,494,6000,4,1,1,5,1,2900102,1000000
2024BG0002363,1,844.37,49,1,5,1,9,32441,231,4000,1,1,1,1,1,2900107,1000000
2024BG0002364,1,844.37,37,1,3,1,10,132724,501,4000,1,1,1,1,1,2900102,1000000
2024BG0002365,1,844.37,8,2,1,1,5,12967,92,0,0,6,1,5,1,2900103,1000000
2024BG0002366,1,844.37,28,1,1,1,12,165470,501,8000,4,1,1,1,1,2900102,1000000
2024BG0002367,1,844.37,9,1,3,1,5,2050,14,0,0,6,1,5,2,2900100,1000000
2024BG0002368,1,844.37,43,1,3,1,7,15366,109,5000,3,1,1,1,1,2900107,1000000
2024BG0002369,1,844.37,18,2,1,1,11,17565,125,4000,1,1,1,5,1,2900101,1000000
2024BG0002370,1,844.37,42,1,1,1,11,124837,501,9800,4,1,1,1,1,2900103,1000000
2024BG0002371,1,844.37,53,1,4,1,8,21208,151,6000,3,1,1,1,1,2900103,1000000
2024BG0002372,1,844.37,33,1,2,1,15,130321,501,4000,1,2,1,1,1,2900102,1000000
2024BG0002373,1,844.37,34,1,5,1,12,60678,433,6000,3,1,1,5,1,2900103,1000000
2024BG0002374,1,844.37,58,1,1,1,9,26875,191,7000,1,1,1,1,1,2900102,1000000
2024BG0002375,1,844.37,96,2,2,1,5,3115,22,0,0,6,1,1,1,2900105,1000000
2024BG0002376,1,844.37,27,1,1,1,10,28372,202,4000,1,1,1,5,1,2900101,1000000
2024BG0002377,1,844.37,23,2,3,1,20,219751,501,4000,1,1,1,1,1,2900104,1000000
2024BG0002378,1,844.37,7,1,7,1,6,17007,121,0,0,6,1,5,1,2900101,1000000
2024BG0002379,1,844.37,6,1,1,1,1,3194,22,0,0,6,1,5,1,2900105,1000000
2024BG0002380,1,844.37,29,1,2,1,14,31231,223,7000,1,1,1,5,1,2900100,1000000
2024BG0002381,1,844.37,37,1,3,1,17,167186,501,3000,1,1,1,1,1,2900104,1000000
2024BG0002382,1,844.37,18,2,1,1,17,22697,162,6000,4,1,1,5,1,2900106,1000000
2024BG0002383,1,844.37,33,1,6,1,9,40674,290,8000,4,1,1,1,1,2900104,1000000
2024BG0002384,1,844.37,23,2,3,1,14,33300,237,5000,1,1,1,5,1,2900106,1000000
2024BG0002385,1,844.37,57,1,4,1,12,205040,501,6000,4,1,5,2,1,2900105,1000000
2024BG0002386,1,844.37,8,1,1,1,5,9989,71,0,0,6,1,5,1,2900105,1000000
2024BG0002387,1,844.37,24,2,2,1,14,25694,183,1000,1,1,1,5,1,2900106,1000000
2024BG0002388,1,844.37,21,2,3,1,16,28705,205,4000,1,1,1,5,1,2900107,1000000
2024BG0002389,1,844.37,16,2,3,1,12,21564,154,0,0,6,1,5,1,2900103,1000000
2024BG0002390,1,844.37,24,1,1,1,18,63248,451,4000,1,1,1,5,1,2900106,1000000
2024BG0002391,1,844.37,13,2,6,1,8,7217,51,0,0,6,1,5,1,2900102,1000000
2024BG0002392,1,844.37,28,1,1,1,7,23627,168,7000,4,5,1,1,1,2900105,1000000
2024BG0002393,1,844.37,13,2,2,1,2,12707,90,0,0,6,1,5,2,2900107,1000000
2024BG0002394,1,844.37,16,1,1,1,10,16051,114,0,0,6,1,5,1,2900103,1000000
2024BG0002395,1,844.37,18,2,1,1,15,26662,190,4000,3,1,1,5,2,2900106,1000000
2024BG0002396,1,844.37,40,2,1,1,9,36556,261,6000,1,1,1,1,1,2900107,1000000
2024BG0002397,1,844.37,37,2,3,1,16,171583,501,6000,1,1,1,5,1,2900103,1000000
2024BG0002398,1,844.37,38,2,1,1,10,30256,216,2000,3,1,1,1,2,2900107,1000000
2024BG0002399,1,844.37,27,2,1,1,7,40129,286,9800,1,1,1,5,2,2900102,1000000
2024BG0002400,1,844.37,56,2,7,1,9,22131,158,6000,1,1,1,1,1,2900100,1000000
2024BG0002401,1,844.37,4,2,8,1,4,1785,12,0,0,6,1,5,1,2900105,1000000
2024BG0002402,1,844.37,19,1,2,1,10,15749,112,9000,1,1,1,5,1,2900104,1000000
2024BG0002403,1,844.37,38,1,1,1,17,132554,501,4000,2,1,1,1,1,2900100,1000000
2024BG0002404,1,844.37,42,2,5,1,13,117687,501,5000,3,1,1,1,1,2900106,1000000
2024BG0002405,1,844.37,40,1,1,1,10,21543,153,4000,1,1,1,1,1,2900106,1000000
2024BG0002406,1,844.37,13,1,1,1,6,2777,19,0,0,6,1,5,1,2900106,1000000
2024BG0002407,1,844.37,20,1,1,1,14,9258,66,3000,2,1,1,5,1,2900106,1000000
2024BG0002408,1,844.37,42,1,1,1,5,7264,51,6000,6,1,1,1,1,2900102,1000000
2024BG0002409,1,844.37,9,1,1,1,8,5018,35,0,0,6,1,5,1,2900104,1000000
2024BG0002410,1,844.37,42,1,1,1,13,92501,501,5000,1,1,1,1,1,2900105,1000000
2024BG0002411,1,844.37,89,2,4,1,6,3111,22,0,0,6,1,1,1,2900103,1000000
2024BG0002412,1,844.37,39,1,1,1,12,15413,110,2000,3,1,1,1,1,2900106,1000000
2024BG0002413,1,844.37,41,1,2,1,16,86482,501,4000,1,1,1,1,1,2900103,1000000
2024BG0002414,1,844.37,0,1,7,1,8,11206,80,0,0,6,1,5,1,2900106,1000000
2024BG0002415,1,844.37,31,1,5,1,17,168095,501,4000,3,1,1,1,2,2900102,1000000
2024BG0002416,1,844.37,52,1,1,1,9,120924,501,1000,3,1,1,1,2,2900105,1000000
2024BG0002417,1,844.37,4,1,1,1,6,3399,24,0,0,6,1,5,1,2900103,1000000
2024BG0002418,1,844.37,27,1,6,1,9,27289,194,9000,1,1,1,5,1,2900105,1000000
2024BG0002419,1,844.37,29,2,1,1,8,10006,71,5000,1,1,1,1,1,2900104,1000000
2024BG0002420,1,844.37,10,2,1,1,2,17290,123,0,0,6,1,5,1,2900103,1000000
2024BG0002421,1,844.37,38,1,1,1,15,54393,388,4000,3,1,1,1,1,2900103,1000000
2024BG0002422,1,844.37,38,2,3,1,16,46062,329,6000,1,1,1,5,1,2900106,1000000
2024BG0002423,1,844.37,28,1,1,1,16,127188,501,4000,2,1,1,1,1,2900101,1000000
2024BG0002424,1,844.37,0,1,5,1,7,7486,53,0,0,6,1,5,2,2900100,1000000
2024BG0002425,1,844.37,31,1,6,1,14,51730,369,5000,1,1,1,5,1,2900107,1000000
2024BG0002426,1,844.37,27,1,6,1,9,24501,175,9800,3,1,1,1,1,2900101,1000000
2024BG0002427,1,844.37,28,2,2,1,11,36138,258,6000,4,1,1,1,1,2900101,1000000
2024BG0002428,1,844.37,29,2,1,1,11,19637,140,4000,3,1,1,1,1,2900103,1000000
2024BG0002429,1,844.37,20,2,1,1,15,73693,501,4000,1,1,1,5,1,2900104,1000000
2024BG0002430,1,844.37,33,2,1,1,16,158059,501,4000,2,1,1,1,1,2900106,1000000
2024BG0002431,1,844.37,19,1,3,1,13,28507,203,6000,1,1,5,5,1,2900104,1000000
2024BG0002432,1,844.37,85,1,2,1,11,20970,149,0,0,6,1,1,1,2900105,1000000
2024BG0002433,1,844.37,16,1,3,1,19,290564,501,0,0,6,1,5,1,2900101,1000000
2024BG0002434,1,844.37,53,1,1,1,8,6017,42,5000,1,1,1,1,1,2900100,1000000
2024BG0002435,1,844.37,21,2,5,1,12,26033,185,4000,2,1,1,5,1,2900102,1000000
2024BG0002436,1,844.37,50,2,3,1,7,44735,319,9920,1,1,1,2,1,2900107,1000000
2024BG0002437,1,844.37,0,1,6,1,1,4574,32,0,0,6,1,5,1,2900103,1000000
2024BG0002438,1,844.37,44,2,1,1,8,14457,103,8000,3,3,1,1,1,2900101,1000000
2024BG0002439,1,844.37,14,2,6,1,7,5470,39,0,0,6,1,5,1,2900107,1000000
2024BG0002440,1,844.37,46,1,1,1,7,7781,55,9920,6,1,1,1,1,2900105,1000000
2024BG0002441,1,844.37,34,2,1,1,12,23434,167,4000,1,3,1,1,1,2900104,1000000
2024BG0002442,1,844.37,23,1,1,1,16,150514,501,2000,1,1,1,5,1,2900100,1000000
2024BG0002443,1,844.37,37,2,1,1,17,171087,501,2000,1,1,1,1,1,2900105,1000000
2024BG0002444,1,844.37,14,1,1,1,5,4166,29,0,0,6,1,5,1,2900100,1000000
2024BG0002445,1,844.37,34,1,7,1,13,93154,501,6000,3,1,1,1,1,2900104,1000000
2024BG0002446,1,844.37,25,2,5,1,13,32424,231,9800,3,1,1,1,1,2900106,1000000
2024BG0002447,1,844.37,2,2,1,1,2,17307,123,0,0,6,1,5,1,2900103,1000000
2024BG0002448,1,844.37,31,2,1,1,17,199977,501,5000,1,1,1,5,1,2900101,1000000
2024BG0002449,1,844.37,40,1,1,1,8,8187,58,7000,1,1,1,1,1,2900100,1000000
2024BG0002450,1,844.37,94,2,2,1,5,8494,60,0,0,6,1,5,1,2900104,1000000
2024BG0002451,1,844.37,5,2,4,1,3,6010,42,0,0,6,1,5,1,2900100,1000000
2024BG0002452,1,844.37,43,1,1,1,13,74088,501,7000,1,1,1,5,2,2900106,1000000
2024BG0002453,1,844.37,26,1,1,1,6,11150,79,7000,1,1,1,1,1,2900103,1000000
2024BG0002454,1,844.37,37,2,1,1,10,111027,501,1000,3,1,1,3,1,2900105,1000000
2024BG0002455,1,844.37,7,2,2,1,6,9398,67,0,0,6,1,5,1,2900104,1000000
2024BG0002456,1,844.37,11,1,1,1,3,8958,63,0,0,6,1,5,1,2900100,1000000
2024BG0002457,1,844.37,66,1,1,1,7,7713,55,8000,1,1,1,1,1,2900105,1000000
2024BG0002458,1,844.37,10,2,2,1,1,7316,52,0,0,6,1,5,1,2900106,1000000
2024BG0002459,1,844.37,14,1,2,1,3,9805,70,0,0,6,1,5,1,2900106,1000000
2024BG0002460,1,844.37,8,2,1,1,5,1516,10,0,0,6,1,5,1,2900100,1000000
2024BG0002461,1,844.37,32,1,6,1,6,12101,86,7000,1,1,1,1,1,2900105,1000000
2024BG0002462,1,844.37,55,1,2,1,5,7490,53,9920,1,1,1,1,1,2900100,1000000
2024BG0002463,1,844.37,23,1,1,1,18,91244,501,3000,1,2,1,1,1,2900106,1000000
2024BG0002464,1,844.37,50,2,3,1,7,8686,62,6000,1,1,1,1,1,2900100,1000000
2024BG0002465,1,844.37,34,2,6,1,12,22554,161,4000,1,1,1,1,1,2900104,1000000
2024BG0002466,1,844.37,49,2,6,1,8,10251,73,8000,1,1,1,5,1,2900105,1000000
2024BG0002467,1,844.37,13,2,2,1,4,7497,53,0,0,6,1,5,1,2900104,1000000
2024BG0002468,1,844.37,25,2,5,1,14,53351,381,6000,3,5,1,5,1,2900105,1000000
2024BG0002469,1,844.37,59,1,6,1,6,47616,340,6000,1,1,1,1,1,2900104,1000000
2024BG0002470,1,844.37,5,1,6,1,2,3130,22,0,0,6,5,5,1,2900103,1000000
2024BG0002471,1,844.37,26,1,1,1,8,7788,55,7000,6,1,1,5,1,2900101,1000000
2024BG0002472,1,844.37,7,1,6,1,6,14855,106,0,0,6,1,5,1,2900107,1000000
2024BG0002473,1,844.37,29,2,6,1,16,176551,501,1000,1,1,1,5,1,2900104,1000000
2024BG0002474,1,844.37,4,2,2,1,6,6850,48,0,0,6,1,5,2,2900102,1000000
2024BG0002475,1,844.37,11,2,1,1,1,4531,32,0,0,6,1,5,1,2900106,1000000
2024BG0002476,1,844.37,0,2,6,1,3,1703,12,0,0,6,1,5,1,2900100,1000000
2024BG0002477,1,844.37,34,2,5,1,11,22681,162,4000,1,1,1,5,1,2900107,1000000
2024BG0002478,1,844.37,22,1,1,1,13,88989,501,8000,4,1,1,5,1,2900102,1000000
2024BG0002479,1,844.37,90,1,1,1,7,4666,33,0,0,6,1,2,1,2900103,1000000
2024BG0002480,1,844.37,21,1,1,1,11,4034,28,3000,1,1,1,1,1,2900103,1000000
2024BG0002481,1,844.37,12,1,6,1,2,13636,97,0,0,6,1,5,1,2900104,1000000
2024BG0002482,1,844.37,54,2,1,1,13,82083,501,5000,4,1,1,1,1,2900105,1000000
2024BG0002483,1,844.37,41,2,2,1,10,38835,277,6000,4,1,1,1,1,2900103,1000000
2024BG0002484,1,844.37,13,2,1,1,6,8883,63,0,0,6,1,5,1,2900107,1000000
2024BG0002485,1,844.37,0,2,1,1,5,3815,27,0,0,6,1,5,1,2900102,1000000
2024BG0002486,1,844.37,52,1,2,1,17,51839,370,6000,1,1,1,1,1,2900103,1000000
2024BG0002487,1,844.37,26,1,6,1,12,83797,501,9800,1,1,1,1,1,2900106,1000000
2024BG0002488,1,844.37,43,1,4,1,8,15458,110,8000,3,1,1,1,1,2900100,1000000
2024BG0002489,1,844.37,23,1,2,1,16,98242,501,3000,2,1,1,5,1,2900101,1000000
2024BG0002490,1,844.37,55,1,2,1,7,7569,54,8000,6,1,1,1,1,2900100,1000000
2024BG0002491,1,844.37,19,2,3,1,14,43292,309,3000,1,1,1,5,1,2900106,1000000
2024BG0002492,1,844.37,53,2,2,1,14,49151,351,4000,3,1,1,5,2,2900102,1000000
2024BG0002493,1,844.37,11,1,7,1,7,5505,39,0,0,6,1,5,1,2900104,1000000
2024BG0002494,1,844.37,21,2,3,1,16,34609,247,4000,1,1,1,5,1,2900104,1000000
2024BG0002495,1,844.37,43,2,2,1,17,221466,501,2000,2,1,1,5,1,2900101,1000000
2024BG0002496,1,844.37,30,1,6,1,9,52874,377,5000,1,3,1,1,1,2900100,1000000
2024BG0002497,1,844.37,29,2,1,1,13,17511,125,6000,1,1,1,1,1,2900102,1000000
2024BG0002498,1,844.37,37,1,1,1,15,253653,501,4000,1,1,1,5,1,2900100,1000000
2024BG0002499,1,844.37,19,1,2,1,18,22660,161,4000,3,1,1,5,1,2900104,1000000
2024BG0002500,1,844.37,34,2,1,1,12,32617,232,1000,1,1,1,1,1,2900102,1000000
2024BG0002501,1,844.37,22,2,1,1,17,160183,501,3000,2,1,1,5,1,2900106,1000000
2024BG0002502,1,844.37,37,2,5,1,13,40597,289,5000,1,1,1,1,1,2900102,1000000
2024BG0002503,1,844.37,39,2,3,1,12,65784,469,9800,1,1,1,5,1,2900102,1000000
2024BG0002504,1,844.37,47,2,1,1,6,63985,457,7000,3,1,5,5,1,2900102,1000000
2024BG0002505,1,844.37,25,2,4,1,15,68980,492,4000,1,1,1,1,1,2900104,1000000
2024BG0002506,1,844.37,20,1,5,1,13,18768,134,4000,2,1,1,5,1,2900106,1000000
2024BG0002507,1,844.37,17,1,1,1,20,54002,385,0,0,6,1,5,1,2900107,1000000
2024BG0002508,1,844.37,37,2,1,1,8,14204,101,9800,4,1,1,1,1,2900103,1000000
2024BG0002509,1,844.37,40,1,8,1,10,53151,379,6000,1,1,1,1,2,2900107,1000000
2024BG0002510,1,844.37,30,1,1,1,8,5875,41,9800,3,1,1,5,1,2900107,1000000
2024BG0002511,1,844.37,27,1,7,1,16,30884,220,2000,2,1,1,5,1,2900101,1000000
2024BG0002512,1,844.37,9,2,1,1,1,12628,90,0,0,6,1,5,1,2900105,1000000
2024BG0002513,1,844.37,28,2,2,1,12,54067,386,5000,1,2,1,5,1,2900102,1000000
2024BG0002514,1,844.37,5,1,2,1,9,35933,256,0,0,6,1,5,1,2900102,1000000
2024BG0002515,1,844.37,29,1,1,1,14,13855,98,5000,1,1,1,5,1,2900104,1000000
2024BG0002516,1,844.37,24,1,1,1,14,41567,296,9000,1,1,1,5,1,2900106,1000000
2024BG0002517,1,844.37,11,2,4,1,5,16054,114,0,0,6,1,5,1,2900101,1000000
2024BG0002518,1,844.37,16,1,6,1,16,49385,352,0,0,6,1,5,1,2900107,1000000
2024BG0002519,1,844.37,14,2,1,1,3,3529,25,0,0,6,1,5,1,2900103,1000000
2024BG0002520,1,844.37,33,2,1,1,8,13284,94,6000,3,1,1,5,1,2900103,1000000
2024BG0002521,1,844.37,17,1,1,1,19,51190,365,0,0,6,1,5,1,2900106,1000000
2024BG0002522,1,844.37,25,1,1,1,5,12228,87,9800,1,3,1,1,1,2900103,1000000
2024BG0002523,1,844.37,37,1,1,1,14,46134,329,6000,1,1,1,5,1,2900106,1000000
2024BG0002524,1,844.37,79,2,1,1,12,11838,84,0,0,6,1,1,1,2900102,1000000
2024BG0002525,1,844.37,10,1,2,1,1,4984,35,0,0,6,1,5,1,2900101,1000000
2024BG0002526,1,844.37,64,1,1,1,6,22487,160,6000,3,1,1,1,1,2900102,1000000
2024BG0002527,1,844.37,53,1,1,1,8,21821,155,6000,3,1,1,2,1,2900107,1000000
2024BG0002528,1,844.37,0,1,5,1,8,3270,23,0,0,6,1,5,1,2900104,1000000
2024BG0002529,1,844.37,41,1,1,1,13,52698,376,7000,3,1,1,1,1,2900104,1000000
2024BG0002530,1,844.37,9,2,2,1,7,10199,72,0,0,6,1,5,1,2900105,1000000
2024BG0002531,1,844.37,15,1,1,1,12,3023,21,0,0,6,1,5,1,2900106,1000000
2024BG0002532,1,844.37,39,1,2,1,17,247821,501,4000,3,1,1,1,1,2900105,1000000
2024BG0002533,1,844.37,29,1,5,1,18,71916,501,4000,1,1,1,5,1,2900101,1000000
2024BG0002534,1,844.37,47,2,1,1,13,41997,299,5000,1,5,1,1,1,2900104,1000000
2024BG0002535,1,844.37,39,2,2,1,10,68529,489,6000,1,1,1,1,1,2900100,1000000
2024BG0002536,1,844.37,12,2,1,1,3,3852,27,0,0,6,1,5,1,2900100,1000000
2024BG0002537,1,844.37,22,1,9,1,14,17199,122,7000,1,1,1,5,1,2900105,1000000
2024BG0002538,1,844.37,28,2,1,1,5,17009,121,6000,1,2,1,1,1,2900103,1000000
2024BG0002539,1,844.37,11,2,1,1,3,6896,49,0,0,6,1,5,1,2900107,1000000
2024BG0002540,1,844.37,18,2,2,1,20,105156,501,2000,2,5,1,5,1,2900102,1000000
2024BG0002541,1,844.37,58,2,5,1,12,44639,318,9000,1,1,1,4,1,2900107,1000000
2024BG0002542,1,844.37,27,1,1,1,17,111129,501,6000,3,1,1,1,1,2900102,1000000
2024BG0002543,1,844.37,37,1,1,1,15,244310,501,4000,1,1,1,1,1,2900106,1000000
2024BG0002544,1,844.37,14,2,5,1,5,11581,82,0,0,6,1,5,1,2900103,1000000
2024BG0002545,1,844.37,53,2,4,1,11,33479,239,6000,3,1,1,1,1,2900107,1000000
2024BG0002546,1,844.37,34,2,6,1,9,51508,367,6000,1,2,1,1,1,2900102,1000000
2024BG0002547,1,844.37,49,2,5,1,14,32479,231,5000,3,1,1,1,1,2900100,1000000
2024BG0002548,1,844.37,20,2,1,1,18,53261,380,2000,1,1,1,1,1,2900100,1000000
2024BG0002549,1,844.37,15,2,1,1,10,18437,131,0,0,6,1,5,1,2900106,1000000
2024BG0002550,1,844.37,31,2,5,1,15,88482,501,3000,1,1,1,1,1,2900101,1000000
2024BG0002551,1,844.37,11,2,1,1,4,6074,43,0,0,6,1,5,1,2900102,1000000
2024BG0002552,1,844.37,12,2,1,1,6,3512,25,0,0,6,1,5,1,2900100,1000000
2024BG0002553,1,844.37,55,1,1,1,8,43538,310,6000,6,1,1,5,1,2900105,1000000
2024BG0002554,1,844.37,7,2,3,1,2,8557,61,0,0,6,1,5,1,2900103,1000000
2024BG0002555,1,844.37,31,1,1,1,16,117849,501,3000,3,1,1,1,1,2900103,1000000
2024BG0002556,1,844.37,31,1,2,1,13,58138,415,6000,1,1,1,1,1,2900101,1000000
2024BG0002557,1,844.37,7,1,3,1,9,18681,133,0,0,6,1,5,1,2900106,1000000
2024BG0002558,1,844.37,42,1,1,1,15,267702,501,4000,1,1,1,1,1,2900105,1000000
2024BG0002559,1,844.37,42,2,6,1,10,29352,209,6000,1,5,1,1,1,2900103,1000000
2024BG0002560,1,844.37,35,1,1,1,6,7583,54,7000,1,1,1,3,1,2900106,1000000
2024BG0002561,1,844.37,22,1,1,1,14,30171,215,5000,1,1,1,1,1,2900106,1000000
2024BG0002562,1,844.37,25,2,1,1,12,17369,124,4000,1,1,1,1,1,2900104,1000000
2024BG0002563,1,844.37,17,1,6,1,13,11778,84,0,0,6,1,5,1,2900101,1000000
2024BG0002564,1,844.37,30,1,5,1,6,11678,83,6000,1,1,1,1,1,2900107,1000000
2024BG0002565,1,844.37,41,2,6,1,14,21153,151,4000,2,1,1,1,1,2900102,1000000
2024BG0002566,1,844.37,42,1,7,1,18,111280,501,4000,3,2,1,1,1,2900102,1000000
2024BG0002567,1,844.37,35,2,4,1,7,10420,74,9800,1,1,1,1,1,2900104,1000000
2024BG0002568,1,844.37,38,1,3,1,10,132853,501,4000,1,1,1,1,1,2900107,1000000
2024BG0002569,1,844.37,2,2,1,1,2,5605,40,0,0,6,1,5,1,2900102,1000000
2024BG0002570,1,844.37,16,1,2,1,16,32064,229,0,0,6,1,5,1,2900106,1000000
2024BG0002571,1,844.37,5,1,1,1,5,9920,70,0,0,6,1,5,1,2900101,1000000
2024BG0002572,1,844.37,17,2,1,1,17,38341,273,0,0,6,1,5,1,2900101,1000000
2024BG0002573,1,844.37,6,2,2,1,4,2863,20,0,0,6,1,5,1,2900101,1000000
2024BG0002574,1,844.37,40,1,9,1,9,69237,494,4000,1,1,1,1,1,2900106,1000000
2024BG0002575,1,844.37,0,1,2,1,6,5077,36,0,0,6,1,5,1,2900101,1000000
2024BG0002576,1,844.37,50,1,5,1,9,47142,336,1000,2,1,1,2,1,2900106,1000000
2024BG0002577,1,844.37,40,1,6,1,8,12383,88,9920,3,5,1,3,1,2900106,1000000
2024BG0002578,1,844.37,34,1,2,1,6,30332,216,7000,1,1,1,1,1,2900102,1000000
2024BG0002579,1,844.37,5,1,1,1,7,1641,11,0,0,6,1,5,1,2900105,1000000
2024BG0002580,1,844.37,16,1,1,1,19,138802,501,0,0,6,1,5,1,2900100,1000000
2024BG0002581,1,844.37,14,1,5,1,7,7088,50,0,0,6,2,5,1,2900105,1000000
2024BG0002582,1,844.37,1,2,3,1,3,9589,68,0,0,6,1,5,1,2900101,1000000
2024BG0002583,1,844.37,20,1,6,1,17,13498,96,4000,1,3,1,5,1,2900105,1000000
2024BG0002584,1,844.37,43,1,1,1,8,14994,107,9000,1,1,1,1,1,2900106,1000000
2024BG0002585,1,844.37,44,2,1,1,11,20065,143,6000,6,1,1,3,1,2900103,1000000
2024BG0002586,1,844.37,20,2,3,1,14,5135,36,5000,3,1,1,1,1,2900101,1000000
2024BG0002587,1,844.37,33,2,1,1,14,114549,501,7000,1,1,1,1,1,2900106,1000000
2024BG0002588,1,844.37,35,1,2,1,7,8595,61,9800,1,1,1,1,1,2900100,1000000
2024BG0002589,1,844.37,82,1,1,1,5,25320,180,0,0,6,1,1,1,2900104,1000000
2024BG0002590,1,844.37,10,1,6,1,5,8544,61,0,0,6,2,5,1,2900102,1000000
2024BG0002591,1,844.37,2,1,4,1,3,10864,77,0,0,6,1,5,1,2900101,1000000
2024BG0002592,1,844.37,17,1,5,1,11,9296,66,0,0,6,1,5,1,2900106,1000000
2024BG0002593,1,844.37,23,2,3,1,16,182481,501,1000,1,1,1,5,1,2900107,1000000
2024BG0002594,1,844.37,13,2,5,1,2,1386,9,0,0,6,1,5,1,2900107,1000000
2024BG0002595,1,844.37,74,1,3,1,8,5180,37,0,0,6,1,1,1,2900105,1000000
2024BG0002596,1,844.37,16,2,3,1,17,59953,428,0,0,6,1,5,1,2900104,1000000
2024BG0002597,1,844.37,26,1,1,1,13,58993,421,4000,1,1,1,1,1,2900104,1000000
2024BG0002598,1,844.37,21,1,4,1,15,54803,391,3000,1,1,1,1,1,2900100,1000000
2024BG0002599,1,844.37,19,1,1,1,17,65492,467,4000,1,1,1,5,1,2900101,1000000
2024BG0002600,1,844.37,21,2,2,1,18,42097,300,4000,1,1,1,1,1,2900101,1000000
2024BG0002601,1,844.37,19,1,1,1,15,13586,97,2000,1,1,1,5,1,2900104,1000000
2024BG0002602,1,844.37,5,1,3,1,6,4537,32,0,0,6,1,5,1,2900101,1000000
2024BG0002603,1,844.37,5,2,7,1,3,13628,97,0,0,6,1,5,1,2900103,1000000
2024BG0002604,1,844.37,36,2,1,1,7,47505,339,9920,1,1,1,1,1,2900104,1000000
2024BG0002605,1,844.37,7,1,3,1,3,8146,58,0,0,6,1,5,1,2900107,1000000
2024BG0002606,1,844.37,13,2,6,1,7,5102,36,0,0,6,1,5,1,2900107,1000000
2024BG0002607,1,844.37,6,1,1,1,4,3943,28,0,0,6,1,5,1,2900101,1000000
2024BG0002608,1,844.37,46,1,3,1,8,10939,78,9920,1,1,1,1,1,2900102,1000000
2024BG0002609,1,844.37,11,2,2,1,2,2602,18,0,0,6,1,5,1,2900100,1000000
2024BG0002610,1,844.37,24,2,1,1,16,34116,243,1000,2,1,1,5,1,2900102,1000000
2024BG0002611,1,844.37,33,2,2,1,12,66211,472,3000,2,1,1,1,1,2900101,1000000
2024BG0002612,1,844.37,26,1,4,1,7,26718,190,6000,1,1,1,1,1,2900104,1000000
2024BG0002613,1,844.37,24,2,1,1,14,66544,475,4000,1,1,1,5,1,2900100,1000000
2024BG0002614,1,844.37,5,2,1,1,7,2380,17,0,0,6,1,5,1,2900102,1000000
2024BG0002615,1,844.37,30,1,2,1,13,46729,333,7000,6,1,1,5,1,2900106,1000000
2024BG0002616,1,844.37,44,2,9,1,11,31630,225,9000,4,1,1,1,1,2900104,1000000
2024BG0002617,1,844.37,44,2,1,1,7,14887,106,7000,4,1,1,1,1,2900101,1000000
2024BG0002618,1,844.37,58,2,5,1,9,31171,222,7000,4,2,1,2,1,2900100,1000000
2024BG0002619,1,844.37,18,2,2,1,20,49280,352,4000,2,2,1,5,1,2900103,1000000
2024BG0002620,1,844.37,11,1,1,1,6,6548,46,0,0,6,1,5,1,2900105,1000000
2024BG0002621,1,844.37,82,1,2,1,5,3031,21,0,0,6,1,2,1,2900101,1000000
2024BG0002622,1,844.37,28,2,1,1,12,46832,334,6000,6,1,1,1,1,2900100,1000000
2024BG0002623,1,844.37,25,1,5,1,9,11603,82,5000,1,1,1,5,1,2900103,1000000
2024BG0002624,1,844.37,44,1,6,1,8,20943,149,8000,4,1,1,1,1,2900104,1000000
2024BG0002625,1,844.37,11,1,7,1,6,6870,49,0,0,6,1,5,1,2900101,1000000
2024BG0002626,1,844.37,16,1,1,1,17,52364,374,0,0,6,1,5,1,2900101,1000000
2024BG0002627,1,844.37,53,2,1,1,11,80319,501,5000,1,1,1,1,1,2900102,1000000
2024BG0002628,1,844.37,19,2,5,1,17,61250,437,4000,3,1,1,5,1,2900102,1000000
2024BG0002629,1,844.37,22,1,3,1,18,60547,432,5000,6,1,1,5,1,2900104,1000000
2024BG0002630,1,844.37,28,1,1,1,19,446691,501,4000,1,1,1,5,1,2900103,1000000
2024BG0002631,1,844.37,53,2,1,1,10,16348,116,3000,2,1,1,1,2,2900106,1000000
2024BG0002632,1,844.37,22,1,7,1,13,20508,146,7000,1,1,1,5,1,2900101,1000000
2024BG0002633,1,844.37,75,1,2,1,6,1231,8,0,0,6,1,5,1,2900107,1000000
2024BG0002634,1,844.37,34,1,1,1,13,50342,359,7000,3,1,1,1,1,2900104,1000000
2024BG0002635,1,844.37,43,2,2,1,17,116500,501,6000,3,1,1,3,1,2900104,1000000
2024BG0002636,1,844.37,37,2,1,1,15,205424,501,4000,1,1,1,1,1,2900102,1000000
2024BG0002637,1,844.37,28,1,5,1,9,46656,333,1000,1,1,1,5,1,2900106,1000000
2024BG0002638,1,844.37,43,2,1,1,6,29587,211,5000,1,1,1,1,1,2900104,1000000
2024BG0002639,1,844.37,61,1,3,1,5,10140,72,9000,1,1,1,1,1,2900107,1000000
2024BG0002640,1,844.37,29,1,3,1,15,45710,326,1000,2,1,1,1,1,2900102,1000000
2024BG0002641,1,844.37,40,2,4,1,10,55149,393,4000,1,1,1,1,1,2900100,1000000
2024BG0002642,1,844.37,29,1,2,1,10,25602,182,7000,6,1,1,1,2,2900100,1000000
2024BG0002643,1,844.37,27,1,1,1,16,32688,233,2000,1,2,1,1,1,2900100,1000000
2024BG0002644,1,844.37,39,2,1,1,11,90056,501,2000,2,1,1,1,1,2900101,1000000
2024BG0002645,1,844.37,7,1,5,1,3,5086,36,0,0,6,1,5,1,2900105,1000000
2024BG0002646,1,844.37,15,1,6,1,16,14611,104,0,0,6,1,5,1,2900106,1000000
2024BG0002647,1,844.37,19,1,1,1,14,33836,241,9000,3,1,1,5,1,2900101,1000000
2024BG0002648,1,844.37,42,2,1,1,7,41900,299,7000,1,1,1,1,1,2900100,1000000
2024BG0002649,1,844.37,33,2,1,1,10,71402,501,6000,1,1,1,5,1,2900102,1000000
2024BG0002650,1,844.37,27,2,1,1,10,67012,478,6000,3,1,1,1,1,2900106,1000000
2024BG0002651,1,844.37,4,2,5,1,6,11478,81,0,0,6,1,5,1,2900105,1000000
2024BG0002652,1,844.37,44,2,2,1,10,85902,501,9000,6,1,1,2,1,2900105,1000000
2024BG0002653,1,844.37,17,2,3,1,15,50078,357,0,0,6,1,5,1,2900107,1000000
2024BG0002654,1,844.37,27,1,2,1,9,35375,252,9000,1,1,1,1,2,2900101,1000000
2024BG0002655,1,844.37,5,2,2,1,9,23285,166,0,0,6,1,5,1,2900105,1000000
2024BG0002656,1,844.37,21,2,6,1,15,51624,368,4000,1,1,1,5,1,2900101,1000000
2024BG0002657,1,844.37,9,2,4,1,7,6131,43,0,0,6,1,5,1,2900101,1000000
2024BG0002658,1,844.37,11,2,1,1,8,4491,32,0,0,6,1,5,1,2900103,1000000
2024BG0002659,1,844.37,13,1,2,1,2,23569,168,0,0,6,1,5,1,2900104,1000000
2024BG0002660,1,844.37,30,2,1,1,12,40439,288,8000,1,1,1,1,1,2900100,1000000
2024BG0002661,1,844.37,48,2,1,1,7,20666,147,8000,3,3,1,1,1,2900104,1000000
2024BG0002662,1,844.37,18,2,1,1,18,34216,244,4000,1,1,2,5,1,2900105,1000000
2024BG0002663,1,844.37,27,2,4,1,18,48011,342,6000,3,1,1,1,1,2900103,1000000
2024BG0002664,1,844.37,58,1,6,1,8,6514,46,8000,3,1,1,1,1,2900102,1000000
2024BG0002665,1,844.37,93,2,5,1,9,15109,107,0,0,6,1,5,1,2900106,1000000
2024BG0002666,1,844.37,42,2,1,1,13,35850,256,6000,3,1,1,1,1,2900101,1000000
2024BG0002667,1,844.37,14,2,2,1,7,2830,20,0,0,6,1,5,1,2900104,1000000
2024BG0002668,1,844.37,11,1,3,1,6,7872,56,0,0,6,1,5,1,2900105,1000000
2024BG0002669,1,844.37,32,1,3,1,15,138420,501,5000,1,1,1,1,1,2900107,1000000
2024BG0002670,1,844.37,53,1,2,1,8,34313,245,9800,1,2,1,1,1,2900100,1000000
2024BG0002671,1,844.37,15,2,1,1,12,8108,57,0,0,6,1,5,1,2900101,1000000
2024BG0002672,1,844.37,25,2,3,1,16,82436,501,4000,1,4,1,5,1,2900102,1000000
2024BG0002673,1,844.37,17,1,1,1,17,25744,183,0,0,6,1,5,1,2900101,1000000
2024BG0002674,1,844.37,20,2,2,1,18,26469,189,6000,4,1,1,5,1,2900101,1000000
2024BG0002675,1,844.37,59,1,6,1,10,45727,326,1000,2,1,1,1,1,2900101,1000000
2024BG0002676,1,844.37,16,1,2,1,16,29711,212,0,0,6,1,5,1,2900103,1000000
2024BG0002677,1,844.37,30,1,3,1,15,84756,501,4000,3,1,1,5,1,2900107,1000000
2024BG0002678,1,844.37,41,2,2,1,14,72120,501,5000,6,1,1,1,1,2900103,1000000
2024BG0002679,1,844.37,34,2,2,1,16,180314,501,3000,1,1,1,5,1,2900102,1000000
2024BG0002680,1,844.37,30,2,2,1,7,15099,107,6000,1,1,1,5,1,2900101,1000000
2024BG0002681,1,844.37,34,2,6,1,16,57390,409,4000,1,1,1,1,1,2900104,1000000
2024BG0002682,1,844.37,5,1,1,1,1,9769,69,0,0,6,1,5,1,2900102,1000000
2024BG0002683,1,844.37,99,2,2,1,5,5478,39,0,0,6,1,2,1,2900102,1000000
2024BG0002684,1,844.37,44,2,5,1,5,8085,57,9000,1,1,1,5,1,2900101,1000000
2024BG0002685,1,844.37,24,2,1,1,20,146931,501,1000,1,1,1,5,1,2900102,1000000
2024BG0002686,1,844.37,5,1,2,1,5,4840,34,0,0,6,1,5,1,2900106,1000000
2024BG0002687,1,844.37,19,2,5,1,10,29450,210,6000,4,2,1,5,1,2900101,1000000
2024BG0002688,1,844.37,39,2,4,1,7,25737,183,6000,3,1,1,5,1,2900105,1000000
2024BG0002689,1,844.37,6,1,2,1,4,9699,69,0,0,6,1,5,1,2900101,1000000
2024BG0002690,1,844.37,32,2,1,1,11,77791,501,6000,1,1,1,1,1,2900107,1000000
2024BG0002691,1,844.37,32,2,1,1,10,100746,501,5000,3,5,1,1,1,2900101,1000000
2024BG0002692,1,844.37,46,2,1,1,5,29357,209,6000,1,1,1,5,1,2900107,1000000
2024BG0002693,1,844.37,8,1,2,1,4,14612,104,0,0,6,1,5,1,2900102,1000000
2024BG0002694,1,844.37,39,2,3,1,13,18264,130,4000,1,1,1,1,1,2900103,1000000
2024BG0002695,1,844.37,20,2,5,1,12,18738,133,5000,4,1,1,5,2,2900101,1000000
2024BG0002696,1,844.37,85,2,2,1,11,19807,141,0,0,6,1,2,1,2900105,1000000
2024BG0002697,1,844.37,39,2,2,1,9,22422,160,5000,1,4,1,1,1,2900103,1000000
2024BG0002698,1,844.37,56,1,6,1,11,35810,255,4000,1,1,1,1,1,2900100,1000000
2024BG0002699,1,844.37,53,1,6,1,13,21545,153,8000,1,1,1,1,1,2900100,1000000
2024BG0002700,1,844.37,12,2,1,1,4,6948,49,0,0,6,1,5,1,2900103,1000000
2024BG0002701,1,844.37,24,1,1,1,19,86196,501,2000,1,1,1,5,1,2900105,1000000
2024BG0002702,1,844.37,3,1,1,1,2,2362,16,0,0,6,1,5,1,2900102,1000000
2024BG0002703,1,844.37,35,1,3,1,12,45612,325,6000,1,1,1,1,1,2900103,1000000
2024BG0002704,1,844.37,11,2,4,1,4,12919,92,0,0,6,1,5,1,2900100,1000000
2024BG0002705,1,844.37,39,1,6,1,11,56660,404,8000,1,1,1,1,1,2900101,1000000
2024BG0002706,1,844.37,22,1,9,1,11,38363,274,7000,1,1,1,5,1,2900102,1000000
2024BG0002707,1,844.37,39,2,1,1,15,170007,501,1000,1,1,1,3,1,2900102,1000000
2024BG0002708,1,844.37,49,1,4,1,15,177144,501,5000,1,1,1,1,1,2900102,1000000
2024BG0002709,1,844.37,36,1,5,1,8,10443,74,9000,3,1,1,1,2,2900103,1000000
2024BG0002710,1,844.37,12,2,1,1,5,3894,27,0,0,6,1,5,1,2900100,1000000
2024BG0002711,1,844.37,13,2,2,1,3,4814,34,0,0,6,1,5,1,2900100,1000000
2024BG0002712,1,844.37,16,1,7,1,17,39948,285,0,0,6,1,5,1,2900106,1000000
2024BG0002713,1,844.37,32,2,5,1,16,208848,501,4000,1,5,1,1,1,2900102,1000000
2024BG0002714,1,844.37,15,1,2,1,16,65814,470,0,0,6,1,5,1,2900106,1000000
2024BG0002715,1,844.37,41,2,1,1,8,58311,416,7000,1,1,1,1,1,2900105,1000000
2024BG0002716,1,844.37,41,1,1,1,14,44156,315,4000,3,1,1,1,1,2900105,1000000
2024BG0002717,1,844.37,37,2,6,1,13,37357,266,2000,1,2,1,1,1,2900104,1000000
2024BG0002718,1,844.37,37,2,1,1,14,127687,501,4000,2,1,1,2,1,2900102,1000000
2024BG0002719,1,844.37,20,1,1,1,18,45685,326,6000,1,1,1,5,1,2900107,1000000
2024BG0002720,1,844.37,75,2,1,1,5,11910,85,0,0,6,1,1,1,2900100,1000000
2024BG0002721,1,844.37,28,1,1,1,15,115362,501,3000,1,1,1,1,1,2900102,1000000
2024BG0002722,1,844.37,68,1,2,1,5,19451,138,5000,1,1,1,3,1,2900106,1000000
2024BG0002723,1,844.37,4,1,3,1,7,1799,12,0,0,6,1,5,1,2900101,1000000
2024BG0002724,1,844.37,39,2,1,1,11,82433,501,9800,4,1,1,1,1,2900103,1000000
2024BG0002725,1,844.37,34,1,6,1,6,9173,65,5000,3,1,1,1,1,2900106,1000000
2024BG0002726,1,844.37,42,2,1,1,10,41999,299,8000,3,1,1,1,1,2900105,1000000
2024BG0002727,1,844.37,19,1,3,1,14,17829,127,1000,2,1,1,5,1,2900102,1000000
2024BG0002728,1,844.37,19,2,2,1,14,13375,95,2000,1,1,1,5,1,2900106,1000000
2024BG0002729,1,844.37,57,2,3,1,8,24062,171,7000,1,1,1,2,1,2900104,1000000
2024BG0002730,1,844.37,30,1,5,1,5,10833,77,6000,1,1,1,1,1,2900103,1000000
2024BG0002731,1,844.37,11,2,3,1,3,4012,28,0,0,6,1,5,1,2900106,1000000
2024BG0002732,1,844.37,13,1,4,1,6,3302,23,0,0,6,1,5,1,2900107,1000000
2024BG0002733,1,844.37,24,1,6,1,17,41825,298,3000,1,2,1,5,1,2900106,1000000
2024BG0002734,1,844.37,10,1,1,1,2,3147,22,0,0,6,1,5,1,2900101,1000000
2024BG0002735,1,844.37,21,1,1,1,19,88998,501,1000,1,1,1,5,2,2900100,1000000
2024BG0002736,1,844.37,23,2,6,1,12,17478,124,8000,1,1,1,5,1,2900102,1000000
2024BG0002737,1,844.37,14,2,1,1,2,5663,40,0,0,6,1,5,1,2900101,1000000
2024BG0002738,1,844.37,24,2,1,1,14,21788,155,3000,1,1,1,5,1,2900104,1000000
2024BG0002739,1,844.37,42,2,1,1,11,109929,501,3000,1,1,1,1,1,2900103,1000000
2024BG0002740,1,844.37,9,2,4,1,6,6237,44,0,0,6,1,5,2,2900102,1000000
2024BG0002741,1,844.37,32,1,2,1,13,64323,459,8000,1,1,1,1,1,2900101,1000000
2024BG0002742,1,844.37,88,1,7,1,9,6966,49,0,0,6,1,1,1,2900102,1000000
2024BG0002743,1,844.37,29,2,2,1,6,45050,321,9800,4,1,1,1,1,2900100,1000000
2024BG0002744,1,844.37,34,1,6,1,13,25980,185,2000,1,1,1,1,2,2900101,1000000
2024BG0002745,1,844.37,23,2,2,1,18,41611,297,4000,1,1,1,5,1,2900100,1000000
2024BG0002746,1,844.37,38,2,2,1,12,51249,366,5000,1,1,1,3,1,2900100,1000000
2024BG0002747,1,844.37,6,2,5,1,7,6295,44,0,0,6,1,5,1,2900103,1000000
2024BG0002748,1,844.37,21,2,1,1,14,11330,80,1000,1,1,1,5,1,2900107,1000000
2024BG0002749,1,844.37,50,2,1,1,14,40785,291,7000,6,1,1,1,1,2900103,1000000
2024BG0002750,1,844.37,46,1,5,1,5,26347,188,7000,1,1,1,1,1,2900107,1000000
2024BG0002751,1,844.37,26,1,1,1,11,44686,319,4000,2,4,1,5,1,2900101,1000000
2024BG0002752,1,844.37,38,2,9,1,9,29575,211,6000,4,1,1,1,1,2900102,1000000
2024BG0002753,1,844.37,18,1,2,1,18,30864,220,5000,3,5,1,1,1,2900107,1000000
2024BG0002754,1,844.37,35,2,1,1,8,17800,127,5000,1,1,1,1,1,2900100,1000000
2024BG0002755,1,844.37,12,1,1,1,4,6694,47,0,0,6,1,5,1,2900106,1000000
2024BG0002756,1,844.37,35,1,6,1,7,20826,148,6000,1,1,1,1,1,2900102,1000000
2024BG0002757,1,844.37,11,1,1,1,3,11071,79,0,0,6,1,5,1,2900105,1000000
2024BG0002758,1,844.37,44,2,1,1,12,39430,281,8000,4,2,1,1,1,2900103,1000000
2024BG0002759,1,844.37,28,2,1,1,6,27399,195,8000,1,1,1,1,1,2900103,1000000
2024BG0002760,1,844.37,21,1,1,1,16,37434,267,6000,4,1,1,5,1,2900104,1000000
2024BG0002761,1,844.37,15,2,2,1,13,5852,41,0,0,6,1,5,1,2900102,1000000
2024BG0002762,1,844.37,32,1,6,1,13,50067,357,8000,4,1,1,5,1,2900106,1000000
2024BG0002763,1,844.37,33,1,1,1,15,238829,501,4000,3,1,1,5,1,2900105,1000000
2024BG0002764,1,844.37,18,1,2,1,12,9185,65,9800,3,1,1,5,1,2900103,1000000
2024BG0002765,1,844.37,31,2,2,1,7,7278,51,9920,1,1,1,5,1,2900103,1000000
2024BG0002766,1,844.37,34,1,2,1,14,28040,200,7000,3,1,1,1,2,2900104,1000000
2024BG0002767,1,844.37,21,2,1,1,17,48601,347,3000,3,1,1,5,1,2900100,1000000
2024BG0002768,1,844.37,40,2,1,1,7,33963,242,9920,4,1,1,1,1,2900100,1000000
2024BG0002769,1,844.37,40,1,2,1,17,266062,501,4000,1,1,1,2,1,2900102,1000000
2024BG0002770,1,844.37,1,2,1,1,2,7458,53,0,0,6,1,5,1,2900105,1000000
2024BG0002771,1,844.37,85,2,1,1,9,34470,246,0,0,6,1,1,1,2900105,1000000
2024BG0002772,1,844.37,19,2,1,1,18,30018,214,2000,3,1,1,5,1,2900106,1000000
2024BG0002773,1,844.37,8,1,3,1,8,1642,11,0,0,6,1,5,1,2900100,1000000
2024BG0002774,1,844.37,40,1,1,1,10,22536,160,1000,1,2,1,2,1,2900103,1000000
2024BG0002775,1,844.37,37,2,4,1,16,118293,501,4000,1,5,1,1,1,2900100,1000000
2024BG0002776,1,844.37,19,1,7,1,13,12304,87,6000,6,5,1,5,1,2900106,1000000
2024BG0002777,1,844.37,1,2,4,1,4,3557,25,0,0,6,1,5,1,2900104,1000000
2024BG0002778,1,844.37,29,2,6,1,15,171293,501,1000,1,1,1,1,1,2900100,1000000
2024BG0002779,1,844.37,87,1,5,1,7,31454,224,0,0,6,1,1,1,2900106,1000000
2024BG0002780,1,844.37,36,1,3,1,8,4683,33,7000,1,1,1,1,1,2900100,1000000
2024BG0002781,1,844.37,8,1,4,1,8,1285,9,0,0,6,1,5,1,2900107,1000000
2024BG0002782,1,844.37,2,2,3,1,8,5168,36,0,0,6,1,5,1,2900107,1000000
2024BG0002783,1,844.37,13,1,5,1,9,16477,117,0,0,6,1,5,1,2900102,1000000
2024BG0002784,1,844.37,44,2,1,1,14,52379,374,5000,1,1,1,1,1,2900101,1000000
2024BG0002785,1,844.37,28,2,3,1,9,22860,163,6000,1,1,1,1,1,2900106,1000000
2024BG0002786,1,844.37,23,1,6,1,20,156797,501,4000,1,1,1,5,1,2900103,1000000
2024BG0002787,1,844.37,22,1,1,1,16,55259,394,5000,1,1,1,5,1,2900107,1000000
2024BG0002788,1,844.37,56,2,3,1,5,24821,177,5000,6,1,1,1,1,2900106,1000000
2024BG0002789,1,844.37,22,2,2,1,17,72579,501,4000,2,1,1,5,1,2900103,1000000
2024BG0002790,1,844.37,26,1,4,1,16,98823,501,4000,1,1,1,1,1,2900106,1000000
2024BG0002791,1,844.37,0,2,3,1,1,7354,52,0,0,6,1,5,1,2900101,1000000
2024BG0002792,1,844.37,52,2,2,1,9,28615,204,3000,1,1,1,1,1,2900105,1000000
2024BG0002793,1,844.37,24,1,1,1,17,38612,275,3000,1,1,1,1,1,2900105,1000000
2024BG0002794,1,844.37,79,2,1,1,9,35318,252,0,0,6,1,1,1,2900107,1000000
2024BG0002795,1,844.37,41,1,3,1,11,30191,215,4000,1,1,1,1,1,2900105,1000000
2024BG0002796,1,844.37,10,2,6,1,1,3697,26,0,0,6,1,5,1,2900106,1000000
2024BG0002797,1,844.37,16,2,6,1,13,4922,35,0,0,6,5,5,1,2900106,1000000
2024BG0002798,1,844.37,71,2,2,1,12,67276,480,0,0,6,1,5,1,2900102,1000000
2024BG0002799,1,844.37,54,2,1,1,9,28063,200,6000,3,1,1,1,1,2900107,1000000
2024BG0002800,1,844.37,20,2,1,1,17,54345,388,4000,1,1,1,1,1,2900107,1000000
2024BG0002801,1,844.37,42,1,5,1,16,181186,501,6000,3,1,1,5,1,2900102,1000000
2024BG0002802,1,844.37,28,2,6,1,14,29005,207,6000,1,1,1,5,1,2900107,1000000
2024BG0002803,1,844.37,32,1,2,1,14,16437,117,4000,1,1,1,1,1,2900106,1000000
2024BG0002804,1,844.37,41,1,2,1,19,99865,501,3000,1,1,1,5,1,2900103,1000000
2024BG0002805,1,844.37,44,2,1,1,10,73876,501,5000,1,1,1,1,1,2900104,1000000
2024BG0002806,1,844.37,22,2,4,1,12,72503,501,6000,6,3,1,1,1,2900107,1000000
2024BG0002807,1,844.37,29,1,1,1,8,31796,227,9800,1,1,5,1,1,2900106,1000000
2024BG0002808,1,844.37,16,1,6,1,16,46707,333,0,0,6,1,5,1,2900101,1000000
2024BG0002809,1,844.37,1,1,3,1,6,12167,86,0,0,6,1,5,1,2900105,1000000
2024BG0002810,1,844.37,50,1,1,1,18,117655,501,4000,2,1,1,1,1,2900104,1000000
2024BG0002811,1,844.37,42,2,2,1,13,35778,255,7000,4,3,1,5,1,2900104,1000000
2024BG0002812,1,844.37,29,1,6,1,13,39877,284,4000,3,1,1,5,1,2900105,1000000
2024BG0002813,1,844.37,25,1,1,1,15,69798,498,5000,4,1,1,5,1,2900101,1000000
2024BG0002814,1,844.37,12,1,1,1,2,4042,28,0,0,6,1,5,1,2900101,1000000
2024BG0002815,1,844.37,26,2,3,1,14,92834,501,4000,1,1,1,1,1,2900105,1000000
2024BG0002816,1,844.37,10,2,5,1,4,4567,32,0,0,6,1,5,1,2900102,1000000
2024BG0002817,1,844.37,15,1,2,1,15,31672,226,0,0,6,1,5,1,2900105,1000000
2024BG0002818,1,844.37,51,2,6,1,5,22522,160,7000,3,1,1,1,1,2900101,1000000
2024BG0002819,1,844.37,59,2,7,1,17,206759,501,1000,3,1,1,1,1,2900104,1000000
2024BG0002820,1,844.37,31,1,3,1,13,55379,395,5000,3,1,1,1,1,2900103,1000000
2024BG0002821,1,844.37,48,2,2,1,6,17222,123,9000,1,1,1,5,1,2900107,1000000
2024BG0002822,1,844.37,16,1,3,1,17,16626,118,0,0,6,1,5,1,2900103,1000000
2024BG0002823,1,844.37,55,1,4,1,9,25770,184,6000,1,1,1,1,1,2900100,1000000
2024BG0002824,1,844.37,13,2,5,1,3,3656,26,0,0,6,1,5,1,2900106,1000000
2024BG0002825,1,844.37,35,1,1,1,13,78071,501,6000,1,1,1,1,1,2900102,1000000
2024BG0002826,1,844.37,24,1,4,1,16,47228,337,4000,1,1,1,1,1,2900101,1000000
2024BG0002827,1,844.37,1,2,4,1,6,7358,52,0,0,6,1,5,1,2900100,1000000
2024BG0002828,1,844.37,39,1,5,1,5,24495,174,6000,6,1,1,1,1,2900103,1000000
2024BG0002829,1,844.37,17,1,2,1,17,36113,257,0,0,6,1,5,1,2900106,1000000
2024BG0002830,1,844.37,5,1,1,1,2,3201,22,0,0,6,1,5,1,2900102,1000000
2024BG0002831,1,844.37,49,1,5,1,14,44437,317,4000,3,1,1,1,1,2900105,1000000
2024BG0002832,1,844.37,50,1,1,1,7,25437,181,9920,1,1,1,5,1,2900100,1000000
2024BG0002833,1,844.37,24,1,6,1,17,70142,501,4000,1,1,1,5,1,2900107,1000000
2024BG0002834,1,844.37,37,2,1,1,10,87012,501,5000,3,5,1,1,1,2900102,1000000
2024BG0002835,1,844.37,4,2,5,1,3,1072,7,0,0,6,1,5,1,2900104,1000000
2024BG0002836,1,844.37,5,1,9,1,3,20998,149,0,0,6,1,5,1,2900105,1000000
2024BG0002837,1,844.37,53,1,1,1,9,103276,501,8000,1,1,1,1,1,2900100,1000000
2024BG0002838,1,844.37,15,2,2,1,17,28145,201,0,0,6,1,5,2,2900103,1000000
2024BG0002839,1,844.37,20,2,1,1,18,70413,501,4000,1,5,1,5,2,2900104,1000000
2024BG0002840,1,844.37,27,1,1,1,11,32745,233,9000,3,1,1,1,1,2900104,1000000
2024BG0002841,1,844.37,15,2,9,1,19,60884,434,0,0,6,1,5,1,2900104,1000000
2024BG0002842,1,844.37,18,1,3,1,13,10414,74,4000,1,1,1,5,1,2900107,1000000
2024BG0002843,1,844.37,13,1,6,1,2,7236,51,0,0,6,1,5,1,2900100,1000000
2024BG0002844,1,844.37,18,2,1,1,14,15834,113,4000,1,1,1,5,1,2900101,1000000
2024BG0002845,1,844.37,82,2,2,1,8,4965,35,0,0,6,1,3,1,2900105,1000000
2024BG0002846,1,844.37,31,2,2,1,12,45901,327,5000,1,1,5,1,1,2900103,1000000
2024BG0002847,1,844.37,23,2,1,1,14,35573,254,4000,1,1,1,5,1,2900107,1000000
2024BG0002848,1,844.37,6,2,6,1,4,3454,24,0,0,6,1,5,1,2900103,1000000
2024BG0002849,1,844.37,35,2,1,1,13,117543,501,6000,6,3,1,1,1,2900100,1000000
2024BG0002850,1,844.37,22,2,3,1,16,39430,281,4000,1,1,1,5,1,2900100,1000000
2024BG0002851,1,844.37,29,2,1,1,13,36926,263,5000,1,1,1,5,1,2900107,1000000
2024BG0002852,1,844.37,15,2,6,1,10,12726,90,0,0,6,1,5,1,2900101,1000000
2024BG0002853,1,844.37,42,1,1,1,18,78455,501,5000,1,1,1,1,1,2900105,1000000
2024BG0002854,1,844.37,17,2,1,1,20,144489,501,0,0,6,1,5,1,2900104,1000000
2024BG0002855,1,844.37,34,2,5,1,10,20305,145,5000,1,1,1,1,2,2900100,1000000
2024BG0002856,1,844.37,30,2,1,1,15,130556,501,3000,1,1,1,1,1,2900103,1000000
2024BG0002857,1,844.37,48,2,2,1,8,17219,122,9920,1,3,1,3,1,2900106,1000000
2024BG0002858,1,844.37,37,2,1,1,6,20151,143,6000,4,1,1,5,1,2900107,1000000
2024BG0002859,1,844.37,70,1,1,1,6,2207,15,9000,4,5,1,1,2,2900107,1000000
2024BG0002860,1,844.37,33,1,2,1,8,41866,299,5000,1,1,1,1,1,2900101,1000000
2024BG0002861,1,844.37,29,1,1,1,15,86015,501,4000,1,2,1,1,2,2900101,1000000
2024BG0002862,1,844.37,35,1,2,1,14,39842,284,5000,4,1,1,1,1,2900105,1000000
2024BG0002863,1,844.37,40,1,2,1,14,28614,204,4000,1,1,1,5,1,2900101,1000000
2024BG0002864,1,844.37,74,1,1,1,8,10966,78,0,0,6,1,1,1,2900100,1000000
2024BG0002865,1,844.37,43,1,6,1,14,23599,168,8000,1,1,1,1,1,2900107,1000000
2024BG0002866,1,844.37,50,2,1,1,12,35310,252,4000,1,1,1,1,1,2900102,1000000
2024BG0002867,1,844.37,18,1,3,1,11,10743,76,6000,3,1,1,5,1,2900105,1000000
2024BG0002868,1,844.37,20,2,1,1,14,26690,190,2000,1,1,1,5,1,2900104,1000000
2024BG0002869,1,844.37,41,2,1,1,16,99890,501,4000,1,1,1,1,1,2900101,1000000
2024BG0002870,1,844.37,28,2,1,1,12,74916,501,9000,4,1,5,1,1,2900107,1000000
2024BG0002871,1,844.37,26,2,1,1,17,75637,501,4000,1,4,1,5,1,2900107,1000000
2024BG0002872,1,844.37,20,1,6,1,14,18009,128,7000,3,1,1,5,1,2900102,1000000
2024BG0002873,1,844.37,19,1,3,1,15,57748,412,4000,1,1,1,5,1,2900103,1000000
2024BG0002874,1,844.37,52,2,1,1,6,11191,79,9800,1,3,1,1,2,2900105,1000000
2024BG0002875,1,844.37,25,1,2,1,10,24857,177,1000,2,2,1,1,1,2900103,1000000
2024BG0002876,1,844.37,23,2,5,1,17,37436,267,4000,1,1,1,5,1,2900104,1000000
2024BG0002877,1,844.37,5,1,4,1,3,1883,13,0,0,6,1,5,1,2900104,1000000
2024BG0002878,1,844.37,65,2,5,1,7,14879,106,9800,1,1,1,1,1,2900100,1000000
2024BG0002879,1,844.37,34,1,3,1,5,18877,134,5000,6,1,1,1,1,2900102,1000000
2024BG0002880,1,844.37,31,1,6,1,15,190143,501,3000,1,1,1,1,1,2900107,1000000
2024BG0002881,1,844.37,22,1,1,1,16,74391,501,3000,1,1,1,5,1,2900103,1000000
2024BG0002882,1,844.37,31,2,6,1,7,9969,71,7000,3,1,1,5,1,2900100,1000000
2024BG0002883,1,844.37,14,2,1,1,1,2648,18,0,0,6,1,5,1,2900101,1000000
2024BG0002884,1,844.37,28,2,1,1,7,9994,71,6000,1,1,1,1,1,2900102,1000000
2024BG0002885,1,844.37,21,2,2,1,17,19976,142,6000,1,1,1,5,1,2900102,1000000
2024BG0002886,1,844.37,1,1,2,1,7,6437,45,0,0,6,1,5,1,2900101,1000000
2024BG0002887,1,844.37,11,2,5,1,6,7136,50,0,0,6,1,5,1,2900106,1000000
2024BG0002888,1,844.37,45,2,3,1,9,16059,114,7000,1,1,1,3,1,2900103,1000000
2024BG0002889,1,844.37,28,1,5,1,14,25341,181,6000,1,1,1,5,1,2900105,1000000
2024BG0002890,1,844.37,39,1,6,1,11,79725,501,2000,1,1,1,1,1,2900102,1000000
2024BG0002891,1,844.37,26,1,2,1,15,148763,501,5000,1,2,1,5,1,2900105,1000000
2024BG0002892,1,844.37,18,1,2,1,15,47308,337,4000,3,1,1,1,1,2900106,1000000
2024BG0002893,1,844.37,46,2,3,1,10,19494,139,5000,4,1,1,5,1,2900106,1000000
2024BG0002894,1,844.37,35,1,2,1,13,19073,136,5000,3,5,1,1,2,2900105,1000000
2024BG0002895,1,844.37,21,1,1,1,16,82274,501,4000,3,5,1,5,1,2900103,1000000
2024BG0002896,1,844.37,15,2,6,1,18,65612,468,0,0,6,1,5,1,2900100,1000000
2024BG0002897,1,844.37,23,1,1,1,15,50462,360,2000,3,1,1,5,1,2900103,1000000
2024BG0002898,1,844.37,55,1,1,1,10,95654,501,4000,1,1,1,5,2,2900100,1000000
2024BG0002899,1,844.37,14,1,1,1,8,23362,166,0,0,6,1,5,1,2900102,1000000
2024BG0002900,1,844.37,22,2,7,1,14,88772,501,5000,1,1,1,5,1,2900103,1000000
2024BG0002901,1,844.37,25,2,1,1,7,12606,90,9800,1,1,1,1,1,2900104,1000000
2024BG0002902,1,844.37,36,2,1,1,6,6131,43,7000,1,1,1,1,1,2900100,1000000
2024BG0002903,1,844.37,1,1,5,1,7,6902,49,0,0,6,1,5,1,2900104,1000000
2024BG0002904,1,844.37,13,1,1,1,6,4009,28,0,0,6,1,5,1,2900103,1000000
2024BG0002905,1,844.37,19,1,1,1,16,39709,283,6000,1,1,1,5,1,2900106,1000000
2024BG0002906,1,844.37,41,1,5,1,9,24362,174,7000,1,1,1,1,1,2900103,1000000
2024BG0002907,1,844.37,36,2,1,1,14,47014,335,6000,1,1,1,1,1,2900102,1000000
2024BG0002908,1,844.37,42,2,1,1,15,149695,501,4000,1,1,1,1,1,2900103,1000000
2024BG0002909,1,844.37,42,2,1,1,11,55420,395,6000,4,1,1,1,1,2900103,1000000
2024BG0002910,1,844.37,13,2,9,1,3,21289,152,0,0,6,1,5,1,2900102,1000000
2024BG0002911,1,844.37,29,1,3,1,9,44932,320,1000,1,1,1,1,1,2900105,1000000
2024BG0002912,1,844.37,21,2,4,1,19,89854,501,4000,3,5,1,1,1,2900103,1000000
2024BG0002913,1,844.37,20,2,3,1,18,111975,501,4000,1,1,1,5,1,2900107,1000000
2024BG0002914,1,844.37,28,2,6,1,9,105471,501,6000,4,1,1,5,1,2900103,1000000
2024BG0002915,1,844.37,36,2,2,1,13,125194,501,7000,1,3,1,1,1,2900106,1000000
2024BG0002916,1,844.37,36,2,1,1,16,83031,501,5000,1,5,1,5,1,2900106,1000000
2024BG0002917,1,844.37,7,1,1,1,6,5332,38,0,0,6,1,5,1,2900102,1000000
2024BG0002918,1,844.37,15,2,2,1,15,40514,289,0,0,6,1,5,1,2900103,1000000
2024BG0002919,1,844.37,15,1,1,1,17,40370,288,0,0,6,1,5,1,2900100,1000000
2024BG0002920,1,844.37,28,1,1,1,11,16150,115,8000,4,1,1,1,1,2900105,1000000
2024BG0002921,1,844.37,33,1,7,1,15,64793,462,4000,3,2,1,5,1,2900104,1000000
2024BG0002922,1,844.37,34,1,2,1,9,19056,136,7000,1,1,1,1,1,2900104,1000000
2024BG0002923,1,844.37,37,2,3,1,11,14962,106,6000,4,1,1,1,1,2900103,1000000
2024BG0002924,1,844.37,43,1,2,1,5,3841,27,9920,1,5,1,1,1,2900101,1000000
2024BG0002925,1,844.37,42,1,1,1,14,41902,299,9000,1,2,1,1,1,2900107,1000000
2024BG0002926,1,844.37,47,1,1,1,12,81766,501,7000,6,1,1,1,1,2900103,1000000
2024BG0002927,1,844.37,20,2,1,1,13,5566,39,5000,1,3,1,5,1,2900107,1000000
2024BG0002928,1,844.37,9,1,1,1,4,7105,50,0,0,6,1,5,1,2900107,1000000
2024BG0002929,1,844.37,36,1,4,1,10,26731,190,4000,1,5,2,1,1,2900101,1000000
2024BG0002930,1,844.37,53,1,1,1,11,38121,272,8000,3,1,1,1,1,2900101,1000000
2024BG0002931,1,844.37,32,1,5,1,15,228102,501,5000,3,1,1,1,1,2900103,1000000
2024BG0002932,1,844.37,42,2,4,1,8,14081,100,6000,1,1,1,1,1,2900105,1000000
2024BG0002933,1,844.37,5,1,7,1,5,9791,69,0,0,6,1,5,1,2900106,1000000
2024BG0002934,1,844.37,35,1,1,1,15,88100,501,4000,1,1,1,1,1,2900100,1000000
2024BG0002935,1,844.37,8,2,1,1,5,20007,142,0,0,6,1,5,1,2900107,1000000
2024BG0002936,1,844.37,1,1,6,1,3,7751,55,0,0,6,1,5,1,2900105,1000000
2024BG0002937,1,844.37,51,1,1,1,11,35186,251,6000,1,1,1,5,1,2900101,1000000
2024BG0002938,1,844.37,9,1,4,1,2,3907,27,0,0,6,1,5,1,2900104,1000000
2024BG0002939,1,844.37,42,2,3,1,8,32743,233,7000,1,1,1,1,1,2900100,1000000
2024BG0002940,1,844.37,19,1,7,1,15,24339,173,4000,1,1,1,1,1,2900106,1000000
2024BG0002941,1,844.37,35,1,1,1,12,15508,110,8000,1,1,1,1,1,2900105,1000000
2024BG0002942,1,844.37,18,2,3,1,16,45624,325,4000,1,1,1,5,1,2900101,1000000
2024BG0002943,1,844.37,36,1,1,1,14,13619,97,9000,1,1,1,1,1,2900102,1000000
2024BG0002944,1,844.37,41,1,1,1,14,26154,186,6000,1,1,1,5,1,2900100,1000000
2024BG0002945,1,844.37,50,1,3,1,10,35096,250,8000,1,1,1,5,1,2900104,1000000
2024BG0002946,1,844.37,25,2,1,1,14,16970,121,7000,1,1,1,5,1,2900106,1000000
2024BG0002947,1,844.37,12,2,6,1,6,5463,39,0,0,6,1,5,1,2900101,1000000
2024BG0002948,1,844.37,21,1,1,1,16,55662,397,6000,1,1,1,5,1,2900105,1000000
2024BG0002949,1,844.37,55,1,4,1,7,13936,99,6000,6,1,1,1,1,2900102,1000000
2024BG0002950,1,844.37,34,2,2,1,16,145248,501,3000,1,1,1,5,1,2900104,1000000
2024BG0002951,1,844.37,76,1,1,1,10,56609,404,0,0,6,1,2,1,2900104,1000000
2024BG0002952,1,844.37,55,2,1,1,10,35680,254,9800,1,2,1,1,1,2900106,1000000
2024BG0002953,1,844.37,32,2,2,1,5,10876,77,7000,4,1,1,1,1,2900105,1000000
2024BG0002954,1,844.37,34,2,1,1,14,25375,181,6000,1,1,1,1,1,2900107,1000000
2024BG0002955,1,844.37,43,1,1,1,18,75427,501,1000,1,1,1,1,1,2900102,1000000
2024BG0002956,1,844.37,26,2,1,1,9,53117,379,9800,4,1,1,1,1,2900103,1000000
2024BG0002957,1,844.37,5,1,5,1,4,2247,16,0,0,6,1,5,1,2900106,1000000
2024BG0002958,1,844.37,36,1,2,1,9,39556,282,6000,1,1,1,1,1,2900102,1000000
2024BG0002959,1,844.37,39,2,5,1,7,26882,192,9800,4,1,1,1,1,2900102,1000000
2024BG0002960,1,844.37,5,2,7,1,2,11542,82,0,0,6,1,5,1,2900103,1000000
2024BG0002961,1,844.37,26,1,1,1,11,38762,276,4000,1,1,1,1,1,2900105,1000000
2024BG0002962,1,844.37,34,2,1,1,13,110390,501,8000,1,1,1,5,1,2900104,1000000
2024BG0002963,1,844.37,32,1,1,1,15,136384,501,4000,1,1,1,1,1,2900100,1000000
2024BG0002964,1,844.37,24,1,1,1,14,20134,143,3000,1,2,1,5,1,2900101,1000000
2024BG0002965,1,844.37,26,2,1,1,5,11009,78,5000,6,1,1,5,1,2900102,1000000
2024BG0002966,1,844.37,30,2,7,1,17,88946,501,1000,3,1,1,5,1,2900107,1000000
2024BG0002967,1,844.37,26,2,1,1,12,70800,501,4000,1,1,2,1,1,2900102,1000000
2024BG0002968,1,844.37,12,2,3,1,6,5984,42,0,0,6,1,5,1,2900103,1000000
2024BG0002969,1,844.37,23,1,3,1,19,111053,501,4000,1,1,1,1,1,2900101,1000000
2024BG0002970,1,844.37,0,1,1,1,6,3685,26,0,0,6,1,5,1,2900105,1000000
2024BG0002971,1,844.37,63,1,3,1,8,7954,56,7000,3,1,1,1,1,2900105,1000000
2024BG0002972,1,844.37,25,2,4,1,10,63732,455,6000,1,1,1,1,1,2900101,1000000
2024BG0002973,1,844.37,58,2,3,1,12,36330,259,4000,1,1,1,1,1,2900105,1000000
2024BG0002974,1,844.37,2,2,1,1,6,3799,27,0,0,6,1,5,1,2900106,1000000
2024BG0002975,1,844.37,34,2,3,1,11,97330,501,6000,1,1,1,1,1,2900102,1000000
2024BG0002976,1,844.37,38,2,2,1,10,31134,222,9800,3,1,2,1,1,2900100,1000000
2024BG0002977,1,844.37,65,2,1,1,11,46969,335,9800,1,3,1,1,1,2900106,1000000
2024BG0002978,1,844.37,9,1,2,1,1,8474,60,0,0,6,1,5,1,2900107,1000000
2024BG0002979,1,844.37,0,2,5,1,8,4624,33,0,0,6,1,5,1,2900106,1000000
2024BG0002980,1,844.37,13,1,1,1,3,5141,36,0,0,6,1,5,1,2900103,1000000
2024BG0002981,1,844.37,98,2,3,1,7,11297,80,0,0,6,1,1,1,2900103,1000000
2024BG0002982,1,844.37,32,2,3,1,15,84189,501,4000,1,1,1,5,1,2900107,1000000
2024BG0002983,1,844.37,29,2,1,1,11,63487,453,6000,6,1,1,5,1,2900106,1000000
2024BG0002984,1,844.37,20,2,6,1,19,38461,274,1000,1,1,1,5,1,2900101,1000000
2024BG0002985,1,844.37,45,1,6,1,13,33459,238,8000,1,1,1,5,1,2900101,1000000
2024BG0002986,1,844.37,35,1,2,1,7,70700,501,5000,1,1,1,1,1,2900105,1000000
2024BG0002987,1,844.37,54,1,1,1,10,39377,281,7000,1,1,1,2,1,2900107,1000000
2024BG0002988,1,844.37,16,2,2,1,19,58157,415,0,0,6,1,5,1,2900103,1000000
2024BG0002989,1,844.37,16,1,5,1,16,77137,501,0,0,6,1,5,1,2900101,1000000
2024BG0002990,1,844.37,15,1,1,1,18,42981,307,0,0,6,1,5,1,2900106,1000000
2024BG0002991,1,844.37,39,2,4,1,8,14602,104,5000,1,1,1,1,1,2900100,1000000
2024BG0002992,1,844.37,28,1,2,1,19,119352,501,4000,1,1,1,5,1,2900105,1000000
2024BG0002993,1,844.37,18,2,1,1,13,47024,335,8000,1,1,1,5,1,2900107,1000000
2024BG0002994,1,844.37,35,2,3,1,19,479865,501,4000,3,1,1,1,1,2900102,1000000
2024BG0002995,1,844.37,26,1,1,1,9,60335,430,5000,3,5,1,1,1,2900103,1000000
2024BG0002996,1,844.37,42,2,5,1,8,16218,115,5000,1,1,1,5,1,2900106,1000000
2024BG0002997,1,844.37,44,1,1,1,11,42398,302,4000,1,1,1,1,1,2900103,1000000
2024BG0002998,1,844.37,7,2,2,1,6,5616,40,0,0,6,1,5,1,2900102,1000000
2024BG0002999,1,844.37,25,1,1,1,9,16180,115,6000,1,2,1,1,1,2900107,1000000
2024BG0003000,1,844.37,16,2,1,1,14,12070,86,0,0,6,1,5,1,2900103,1000000
2024BG0003001,1,844.37,9,1,1,1,8,8401,60,0,0,6,1,5,1,2900106,1000000
2024BG0003002,1,844.37,20,1,3,1,17,50029,357,4000,1,1,1,5,1,2900100,1000000
2024BG0003003,1,844.37,37,2,1,1,7,23114,165,6000,3,1,1,3,1,2900103,1000000
2024BG0003004,1,844.37,26,2,2,1,10,25019,178,9000,1,1,1,5,1,2900107,1000000
2024BG0003005,1,844.37,38,1,6,1,13,30781,219,8000,3,1,1,5,1,2900103,1000000
2024BG0003006,1,844.37,48,1,1,1,11,80788,501,6000,1,1,1,1,1,2900105,1000000
2024BG0003007,1,844.37,39,1,7,1,7,3437,24,9920,1,4,1,1,1,2900106,1000000
2024BG0003008,1,844.37,16,2,1,1,14,11872,84,0,0,6,1,5,1,2900106,1000000
2024BG0003009,1,844.37,0,2,1,1,4,1101,7,0,0,6,1,5,1,2900105,1000000
2024BG0003010,1,844.37,27,1,5,1,12,14399,102,4000,1,2,1,1,1,2900105,1000000
2024BG0003011,1,844.37,15,2,2,1,17,60844,434,0,0,6,1,5,1,2900104,1000000
2024BG0003012,1,844.37,5,1,1,1,3,8623,61,0,0,6,1,5,1,2900101,1000000
2024BG0003013,1,844.37,29,1,4,1,12,45620,325,9000,3,1,1,5,1,2900105,1000000
2024BG0003014,1,844.37,57,2,6,1,9,34846,248,6000,3,1,1,2,1,2900104,1000000
2024BG0003015,1,844.37,11,2,5,1,4,5945,42,0,0,6,1,5,1,2900107,1000000
2024BG0003016,1,844.37,23,2,2,1,14,26911,192,4000,1,1,1,5,1,2900106,1000000
2024BG0003017,1,844.37,5,2,3,1,4,4004,28,0,0,6,1,5,1,2900100,1000000
2024BG0003018,1,844.37,15,2,1,1,18,55203,394,0,0,6,1,5,2,2900102,1000000
2024BG0003019,1,844.37,71,2,1,1,10,9866,70,0,0,6,1,1,1,2900107,1000000
2024BG0003020,1,844.37,18,1,5,1,18,19287,137,4000,1,1,1,5,1,2900104,1000000
2024BG0003021,1,844.37,52,1,1,1,5,5909,42,5000,4,1,1,3,1,2900104,1000000
2024BG0003022,1,844.37,29,2,2,1,14,41591,297,4000,2,1,1,1,1,2900100,1000000
2024BG0003023,1,844.37,8,1,6,1,4,3557,25,0,0,6,2,5,1,2900103,1000000
2024BG0003024,1,844.37,53,2,5,1,16,220218,501,1000,1,1,1,1,1,2900103,1000000
2024BG0003025,1,844.37,55,1,4,1,10,54126,386,1000,2,2,1,1,1,2900101,1000000
2024BG0003026,1,844.37,0,1,5,1,8,12849,91,0,0,6,1,5,1,2900106,1000000
2024BG0003027,1,844.37,51,2,1,1,11,47122,336,6000,6,1,1,1,1,2900101,1000000
2024BG0003028,1,844.37,45,2,2,1,12,48334,345,8000,3,1,1,1,1,2900104,1000000
2024BG0003029,1,844.37,7,1,6,1,4,6440,46,0,0,6,1,5,1,2900105,1000000
2024BG0003030,1,844.37,57,1,6,1,11,34703,247,5000,1,1,1,5,1,2900105,1000000
2024BG0003031,1,844.37,6,2,2,1,9,9436,67,0,0,6,1,5,1,2900102,1000000
2024BG0003032,1,844.37,27,1,5,1,8,23441,167,5000,1,1,1,1,1,2900101,1000000
2024BG0003033,1,844.37,35,2,4,1,12,34484,246,2000,1,1,1,1,1,2900100,1000000
2024BG0003034,1,844.37,15,1,2,1,15,33811,241,0,0,6,1,5,1,2900101,1000000
2024BG0003035,1,844.37,6,1,1,1,4,3755,26,0,0,6,1,5,1,2900104,1000000
2024BG0003036,1,844.37,33,2,1,1,14,39690,283,8000,6,1,1,1,1,2900105,1000000
2024BG0003037,1,844.37,26,1,9,1,10,43655,311,9000,3,1,1,5,1,2900100,1000000
2024BG0003038,1,844.37,21,2,2,1,10,15783,112,8000,1,1,1,5,1,2900102,1000000
2024BG0003039,1,844.37,4,2,6,1,1,4701,33,0,0,6,1,5,1,2900105,1000000
2024BG0003040,1,844.37,6,2,1,1,6,8874,63,0,0,6,1,5,1,2900103,1000000
2024BG0003041,1,844.37,26,2,1,1,14,9423,67,5000,1,1,1,5,1,2900101,1000000
2024BG0003042,1,844.37,72,1,3,1,7,14117,100,0,0,6,1,1,2,2900101,1000000
2024BG0003043,1,844.37,69,1,5,1,8,7593,54,6000,3,1,1,1,1,2900100,1000000
2024BG0003044,1,844.37,25,1,1,1,11,90823,501,5000,1,1,1,1,1,2900105,1000000
2024BG0003045,1,844.37,14,1,4,1,2,11273,80,0,0,6,1,5,1,2900105,1000000
2024BG0003046,1,844.37,4,1,6,1,8,2579,18,0,0,6,1,5,1,2900100,1000000
2024BG0003047,1,844.37,1,2,2,1,6,14132,100,0,0,6,1,5,1,2900105,1000000
2024BG0003048,1,844.37,18,1,5,1,15,47221,337,5000,1,1,1,5,1,2900106,1000000
2024BG0003049,1,844.37,35,2,1,1,15,101601,501,6000,4,1,1,3,1,2900104,1000000
2024BG0003050,1,844.37,90,1,1,1,11,17598,125,0,0,6,1,2,1,2900106,1000000
2024BG0003051,1,844.37,10,2,1,1,9,23807,170,0,0,6,1,5,2,2900105,1000000
2024BG0003052,1,844.37,20,1,4,1,12,16964,121,7000,1,1,1,5,1,2900105,1000000
2024BG0003053,1,844.37,33,2,6,1,12,12156,86,6000,1,1,1,1,1,2900100,1000000
2024BG0003054,1,844.37,11,2,1,1,2,7299,52,0,0,6,1,5,1,2900106,1000000
2024BG0003055,1,844.37,44,1,5,1,13,23065,164,4000,2,1,1,1,1,2900103,1000000
2024BG0003056,1,844.37,17,1,1,1,19,29748,212,0,0,6,1,5,1,2900107,1000000
2024BG0003057,1,844.37,44,1,1,1,11,34274,244,1000,1,1,1,1,1,2900107,1000000
2024BG0003058,1,844.37,24,1,3,1,12,26325,188,9000,6,1,1,5,1,2900107,1000000
2024BG0003059,1,844.37,30,1,1,1,15,144332,501,3000,1,1,1,1,1,2900104,1000000
2024BG0003060,1,844.37,10,2,7,1,3,8437,60,0,0,6,1,5,1,2900104,1000000
2024BG0003061,1,844.37,19,2,1,1,11,6280,44,6000,1,1,1,1,1,2900107,1000000
2024BG0003062,1,844.37,21,2,6,1,20,109195,501,3000,2,1,1,1,1,2900102,1000000
2024BG0003063,1,844.37,66,1,4,1,6,6904,49,9800,4,3,1,2,1,2900102,1000000
2024BG0003064,1,844.37,25,1,1,1,11,22177,158,2000,1,1,1,1,1,2900107,1000000
2024BG0003065,1,844.37,51,1,1,1,12,65507,467,3000,2,5,1,1,1,2900104,1000000
2024BG0003066,1,844.37,36,1,2,1,13,84099,501,9800,1,1,1,1,1,2900100,1000000
2024BG0003067,1,844.37,92,2,1,1,9,23136,165,0,0,6,1,5,1,2900107,1000000
2024BG0003068,1,844.37,7,2,2,1,4,4088,29,0,0,6,1,5,1,2900101,1000000
2024BG0003069,1,844.37,5,1,1,1,5,11658,83,0,0,6,1,5,1,2900106,1000000
2024BG0003070,1,844.37,13,2,1,1,5,19962,142,0,0,6,1,5,1,2900104,1000000
2024BG0003071,1,844.37,36,1,8,1,8,5349,38,5000,1,1,1,1,1,2900104,1000000
2024BG0003072,1,844.37,17,1,3,1,19,106885,501,0,0,6,1,5,1,2900102,1000000
2024BG0003073,1,844.37,46,1,1,1,11,31268,223,3000,3,4,1,1,1,2900105,1000000
2024BG0003074,1,844.37,38,1,1,1,6,59594,425,7000,1,1,5,1,1,2900104,1000000
2024BG0003075,1,844.37,0,1,2,1,8,7088,50,0,0,6,1,5,1,2900107,1000000
2024BG0003076,1,844.37,24,1,3,1,14,23636,168,3000,1,1,1,1,1,2900107,1000000
2024BG0003077,1,844.37,45,2,1,1,5,82785,501,6000,1,2,5,1,2,2900107,1000000
2024BG0003078,1,844.37,5,2,1,1,7,8976,64,0,0,6,1,5,1,2900106,1000000
2024BG0003079,1,844.37,53,2,1,1,9,22573,161,4000,1,1,1,1,1,2900105,1000000
2024BG0003080,1,844.37,36,2,1,1,8,100950,501,7000,4,1,1,1,1,2900106,1000000
2024BG0003081,1,844.37,7,2,1,1,9,21185,151,0,0,6,1,5,1,2900106,1000000
2024BG0003082,1,844.37,4,1,1,1,6,6924,49,0,0,6,1,5,1,2900103,1000000
2024BG0003083,1,844.37,10,2,1,1,3,7237,51,0,0,6,1,5,1,2900103,1000000
2024BG0003084,1,844.37,39,1,3,1,15,100604,501,3000,1,1,1,5,1,2900100,1000000
2024BG0003085,1,844.37,10,1,1,1,6,7326,52,0,0,6,1,5,1,2900100,1000000
2024BG0003086,1,844.37,52,1,1,1,18,50547,361,2000,1,1,1,2,1,2900105,1000000
2024BG0003087,1,844.37,0,1,1,1,2,15693,112,0,0,6,1,5,1,2900101,1000000
2024BG0003088,1,844.37,24,1,6,1,12,21152,151,5000,3,1,1,1,1,2900103,1000000
2024BG0003089,1,844.37,44,1,3,1,12,77240,501,8000,1,1,1,1,1,2900100,1000000
2024BG0003090,1,844.37,35,1,1,1,11,140291,501,4000,3,1,1,5,1,2900103,1000000
2024BG0003091,1,844.37,33,1,2,1,10,25809,184,1000,3,1,1,1,1,2900101,1000000
2024BG0003092,1,844.37,21,1,6,1,17,60811,434,4000,1,5,1,1,1,2900107,1000000
2024BG0003093,1,844.37,3,1,1,1,2,7001,50,0,0,6,1,5,1,2900106,1000000
2024BG0003094,1,844.37,42,2,1,1,14,23137,165,4000,1,1,1,1,1,2900102,1000000
2024BG0003095,1,844.37,29,2,1,1,15,167966,501,5000,4,1,1,5,1,2900103,1000000
2024BG0003096,1,844.37,53,2,1,1,5,62857,448,7000,4,1,1,2,1,2900106,1000000
2024BG0003097,1,844.37,25,2,1,1,7,25448,181,9920,1,1,1,1,1,2900104,1000000
2024BG0003098,1,844.37,8,1,1,1,7,6233,44,0,0,6,1,5,1,2900104,1000000
2024BG0003099,1,844.37,6,1,3,1,1,5971,42,0,0,6,1,5,1,2900104,1000000
2024BG0003100,1,844.37,27,2,6,1,8,25095,179,6000,6,1,1,1,1,2900100,1000000
2024BG0003101,1,844.37,38,2,1,1,15,51434,367,3000,1,1,1,1,1,2900107,1000000
2024BG0003102,1,844.37,28,1,6,1,7,39136,279,6000,1,1,1,5,1,2900102,1000000
2024BG0003103,1,844.37,59,1,1,1,10,39259,280,8000,1,1,1,3,1,2900101,1000000
2024BG0003104,1,844.37,12,2,1,1,5,3532,25,0,0,6,1,5,1,2900102,1000000
2024BG0003105,1,844.37,19,2,1,1,19,51103,365,3000,1,1,1,5,1,2900103,1000000
2024BG0003106,1,844.37,43,2,1,1,10,59884,427,4000,3,1,1,2,1,2900103,1000000
2024BG0003107,1,844.37,10,1,2,1,4,4606,32,0,0,6,1,5,1,2900107,1000000
2024BG0003108,1,844.37,10,2,6,1,5,16380,117,0,0,6,1,5,1,2900107,1000000
2024BG0003109,1,844.37,48,2,3,1,13,76577,501,4000,3,1,1,1,1,2900103,1000000
2024BG0003110,1,844.37,46,1,1,1,17,96616,501,4000,1,1,1,1,1,2900100,1000000
2024BG0003111,1,844.37,22,2,1,1,14,33094,236,5000,1,1,5,5,1,2900107,1000000
2024BG0003112,1,844.37,20,1,3,1,11,8390,59,1000,1,1,1,5,1,2900100,1000000
2024BG0003113,1,844.37,29,1,1,1,13,13270,94,2000,1,3,1,1,1,2900104,1000000
2024BG0003114,1,844.37,32,1,6,1,5,16638,118,5000,1,1,1,5,1,2900103,1000000
2024BG0003115,1,844.37,37,1,1,1,14,19598,139,3000,1,1,1,1,1,2900101,1000000
2024BG0003116,1,844.37,15,2,1,1,17,29430,210,0,0,6,1,5,1,2900101,1000000
2024BG0003117,1,844.37,15,2,1,1,18,35785,255,0,0,6,1,5,1,2900106,1000000
2024BG0003118,1,844.37,22,1,2,1,11,26878,191,8000,6,1,1,1,1,2900104,1000000
2024BG0003119,1,844.37,38,1,6,1,14,39686,283,5000,1,5,1,1,1,2900106,1000000
2024BG0003120,1,844.37,44,1,8,1,13,137857,501,3000,1,1,1,1,1,2900106,1000000
2024BG0003121,1,844.37,38,1,6,1,13,55224,394,9000,3,1,1,5,2,2900106,1000000
2024BG0003122,1,844.37,17,1,1,1,14,22025,157,0,0,6,1,5,1,2900102,1000000
2024BG0003123,1,844.37,47,2,1,1,11,94304,501,7000,1,1,1,1,1,2900107,1000000
2024BG0003124,1,844.37,58,2,2,1,11,44433,317,6000,1,1,1,1,1,2900100,1000000
2024BG0003125,1,844.37,6,2,6,1,4,20794,148,0,0,6,1,5,1,2900104,1000000
2024BG0003126,1,844.37,99,2,2,1,5,1336,9,0,0,6,1,2,1,2900106,1000000
2024BG0003127,1,844.37,37,2,7,1,14,56360,402,5000,3,1,1,1,1,2900102,1000000
2024BG0003128,1,844.37,3,2,4,1,1,20200,144,0,0,6,1,5,1,2900107,1000000
2024BG0003129,1,844.37,25,1,6,1,8,41400,295,6000,6,5,1,1,1,2900107,1000000
2024BG0003130,1,844.37,36,2,1,1,16,134215,501,4000,1,1,1,1,1,2900106,1000000
2024BG0003131,1,844.37,58,2,1,1,13,38504,275,6000,6,1,1,2,1,2900104,1000000
2024BG0003132,1,844.37,36,1,6,1,13,27488,196,6000,1,1,1,1,1,2900102,1000000
2024BG0003133,1,844.37,22,1,1,1,13,24994,178,4000,2,1,1,5,1,2900101,1000000
2024BG0003134,1,844.37,27,2,4,1,14,33498,239,4000,2,1,1,5,1,2900101,1000000
2024BG0003135,1,844.37,43,2,2,1,11,33438,238,6000,6,1,1,5,1,2900102,1000000
2024BG0003136,1,844.37,35,2,2,1,10,51130,365,4000,1,1,1,1,1,2900103,1000000
2024BG0003137,1,844.37,58,1,1,1,8,24395,174,6000,1,1,1,2,1,2900101,1000000
2024BG0003138,1,844.37,21,1,1,1,17,98730,501,2000,1,1,1,5,1,2900107,1000000
2024BG0003139,1,844.37,34,1,1,1,17,68529,489,4000,1,1,1,1,1,2900100,1000000
2024BG0003140,1,844.37,15,2,5,1,14,3410,24,0,0,6,1,5,1,2900101,1000000
2024BG0003141,1,844.37,18,1,1,1,12,8573,61,5000,1,4,1,5,1,2900104,1000000
2024BG0003142,1,844.37,89,1,1,1,5,27574,196,0,0,6,1,3,1,2900107,1000000
2024BG0003143,1,844.37,48,2,6,1,7,13799,98,8000,3,1,1,1,1,2900101,1000000
2024BG0003144,1,844.37,34,2,4,1,13,61781,441,9000,1,1,1,1,1,2900107,1000000
2024BG0003145,1,844.37,38,2,4,1,12,58112,415,4000,1,1,1,5,1,2900102,1000000
2024BG0003146,1,844.37,2,1,1,1,5,15617,111,0,0,6,1,5,1,2900103,1000000
2024BG0003147,1,844.37,15,2,2,1,17,36894,263,0,0,6,1,5,1,2900105,1000000
2024BG0003148,1,844.37,17,1,1,1,14,36756,262,0,0,6,1,5,1,2900102,1000000
2024BG0003149,1,844.37,16,1,1,1,20,53999,385,0,0,6,1,5,1,2900103,1000000
2024BG0003150,1,844.37,27,1,5,1,7,12168,86,7000,1,1,1,1,1,2900106,1000000
2024BG0003151,1,844.37,43,2,1,1,10,18987,135,6000,1,1,1,1,1,2900105,1000000
2024BG0003152,1,844.37,57,1,5,1,6,21243,151,5000,3,1,1,2,1,2900107,1000000
2024BG0003153,1,844.37,18,1,2,1,11,10037,71,9000,4,1,1,5,1,2900105,1000000
2024BG0003154,1,844.37,8,1,5,1,1,7953,56,0,0,6,1,5,1,2900104,1000000
2024BG0003155,1,844.37,49,1,2,1,6,8032,57,9920,3,1,1,1,1,2900101,1000000
2024BG0003156,1,844.37,82,2,1,1,10,15023,107,0,0,6,1,1,1,2900102,1000000
2024BG0003157,1,844.37,5,2,5,1,3,5798,41,0,0,6,1,5,1,2900105,1000000
2024BG0003158,1,844.37,33,1,1,1,11,102098,501,8000,3,1,1,1,1,2900102,1000000
2024BG0003159,1,844.37,46,1,7,1,13,43469,310,4000,1,1,1,1,1,2900106,1000000
2024BG0003160,1,844.37,0,2,1,1,6,2769,19,0,0,6,1,5,1,2900100,1000000
2024BG0003161,1,844.37,5,2,1,1,5,5587,39,0,0,6,1,5,1,2900104,1000000
2024BG0003162,1,844.37,33,2,3,1,14,19621,140,6000,3,1,1,1,1,2900107,1000000
2024BG0003163,1,844.37,29,1,1,1,14,63247,451,8000,1,1,1,5,1,2900100,1000000
2024BG0003164,1,844.37,6,1,1,1,5,8840,63,0,0,6,1,5,1,2900107,1000000
2024BG0003165,1,844.37,2,2,1,1,2,3327,23,0,0,6,1,5,1,2900106,1000000
2024BG0003166,1,844.37,25,1,3,1,11,9924,70,5000,1,3,1,5,1,2900102,1000000
2024BG0003167,1,844.37,14,1,1,1,5,4937,35,0,0,6,1,5,1,2900101,1000000
2024BG0003168,1,844.37,19,1,1,1,13,22489,160,8000,1,1,1,5,1,2900100,1000000
2024BG0003169,1,844.37,43,2,5,1,11,42603,304,1000,1,1,1,1,1,2900104,1000000
2024BG0003170,1,844.37,26,1,2,1,6,31478,224,7000,4,1,1,1,1,2900103,1000000
2024BG0003171,1,844.37,20,1,1,1,15,34348,245,6000,1,1,1,5,1,2900104,1000000
2024BG0003172,1,844.37,16,2,1,1,18,65159,465,0,0,6,1,5,1,2900102,1000000
2024BG0003173,1,844.37,50,1,6,1,5,15189,108,6000,4,1,1,5,1,2900101,1000000
2024BG0003174,1,844.37,20,2,1,1,18,90312,501,4000,1,1,2,5,1,2900103,1000000
2024BG0003175,1,844.37,29,1,2,1,12,33484,239,1000,1,4,1,1,1,2900100,1000000
2024BG0003176,1,844.37,89,2,1,1,9,28855,206,0,0,6,1,2,1,2900100,1000000
2024BG0003177,1,844.37,3,1,2,1,3,7401,52,0,0,6,1,5,1,2900103,1000000
2024BG0003178,1,844.37,32,1,2,1,12,30986,221,8000,4,1,1,1,1,2900106,1000000
2024BG0003179,1,844.37,59,1,1,1,14,82393,501,5000,4,1,1,1,1,2900102,1000000
2024BG0003180,1,844.37,26,2,1,1,11,16705,119,2000,1,1,1,5,1,2900101,1000000
2024BG0003181,1,844.37,23,1,1,1,14,46395,331,8000,1,1,1,5,1,2900102,1000000
2024BG0003182,1,844.37,35,2,6,1,15,266197,501,4000,1,1,1,1,1,2900105,1000000
2024BG0003183,1,844.37,26,1,2,1,10,48009,342,4000,1,4,1,5,1,2900103,1000000
2024BG0003184,1,844.37,2,2,3,1,4,2089,14,0,0,6,1,5,1,2900103,1000000
2024BG0003185,1,844.37,76,1,5,1,5,10813,77,0,0,6,1,1,1,2900105,1000000
2024BG0003186,1,844.37,0,1,3,1,5,7681,54,0,0,6,1,5,1,2900100,1000000
2024BG0003187,1,844.37,23,1,6,1,14,41536,296,4000,1,1,1,1,1,2900107,1000000
2024BG0003188,1,844.37,29,2,1,1,6,10238,73,5000,6,1,1,1,1,2900104,1000000
2024BG0003189,1,844.37,10,2,1,1,9,52263,373,0,0,6,5,5,1,2900105,1000000
2024BG0003190,1,844.37,23,2,3,1,17,159362,501,1000,1,1,1,1,1,2900102,1000000
2024BG0003191,1,844.37,27,2,1,1,16,71730,501,3000,3,1,1,1,1,2900106,1000000
2024BG0003192,1,844.37,37,2,1,1,18,72959,501,4000,1,1,1,3,1,2900107,1000000
2024BG0003193,1,844.37,43,2,1,1,14,66085,472,4000,1,1,2,1,1,2900100,1000000
2024BG0003194,1,844.37,30,1,1,1,14,20717,147,9000,1,1,1,5,1,2900106,1000000
2024BG0003195,1,844.37,18,2,1,1,17,92151,501,2000,1,1,1,1,1,2900102,1000000
2024BG0003196,1,844.37,37,1,3,1,15,169865,501,6000,3,1,1,1,1,2900100,1000000
2024BG0003197,1,844.37,6,1,5,1,7,4159,29,0,0,6,1,5,1,2900101,1000000
2024BG0003198,1,844.37,7,1,1,1,7,2032,14,0,0,6,1,5,1,2900106,1000000
2024BG0003199,1,844.37,16,1,3,1,17,26159,186,0,0,6,1,5,1,2900100,1000000
2024BG0003200,1,844.37,37,2,2,1,7,26362,188,6000,4,1,1,1,1,2900100,1000000
2024BG0003201,1,844.37,33,2,1,1,13,99575,501,9800,1,1,1,1,1,2900105,1000000
2024BG0003202,1,844.37,39,2,1,1,14,49534,353,6000,4,2,1,1,1,2900100,1000000
2024BG0003203,1,844.37,24,1,2,1,13,64020,457,1000,1,1,1,5,1,2900106,1000000
2024BG0003204,1,844.37,40,1,5,1,10,55156,393,4000,3,1,1,5,1,2900105,1000000
2024BG0003205,1,844.37,19,2,2,1,14,26662,190,9000,1,1,1,5,1,2900107,1000000
2024BG0003206,1,844.37,29,2,3,1,15,174040,501,4000,2,5,1,1,1,2900103,1000000
2024BG0003207,1,844.37,39,1,1,1,14,44728,319,6000,1,1,1,1,1,2900103,1000000
2024BG0003208,1,844.37,18,2,1,1,13,40259,287,9800,1,1,1,1,1,2900103,1000000
2024BG0003209,1,844.37,21,1,1,1,19,103101,501,4000,2,1,1,5,1,2900100,1000000
2024BG0003210,1,844.37,38,2,1,1,16,142795,501,4000,1,3,1,1,1,2900104,1000000
2024BG0003211,1,844.37,35,2,2,1,15,88455,501,4000,1,1,1,5,1,2900103,1000000
2024BG0003212,1,844.37,4,2,1,1,2,3710,26,0,0,6,1,5,1,2900101,1000000
2024BG0003213,1,844.37,11,2,2,1,4,5279,37,0,0,6,1,5,1,2900107,1000000
2024BG0003214,1,844.37,44,1,5,1,12,9154,65,4000,3,1,1,1,1,2900101,1000000
2024BG0003215,1,844.37,22,1,1,1,15,107364,501,3000,1,1,1,5,1,2900106,1000000
2024BG0003216,1,844.37,91,2,1,1,7,8487,60,0,0,6,1,1,1,2900104,1000000
2024BG0003217,1,844.37,40,1,1,1,12,32659,233,7000,1,1,1,5,1,2900102,1000000
2024BG0003218,1,844.37,22,2,6,1,11,32413,231,9800,1,1,1,5,1,2900106,1000000
2024BG0003219,1,844.37,48,1,3,1,9,36211,258,6000,3,5,1,1,1,2900104,1000000
2024BG0003220,1,844.37,24,1,2,1,13,15805,112,3000,1,1,1,5,1,2900107,1000000
2024BG0003221,1,844.37,13,1,6,1,5,5286,37,0,0,6,1,5,2,2900105,1000000
2024BG0003222,1,844.37,12,1,1,1,6,5659,40,0,0,6,1,5,2,2900105,1000000
2024BG0003223,1,844.37,78,1,1,1,10,20890,149,0,0,6,1,3,1,2900105,1000000
2024BG0003224,1,844.37,11,2,1,1,3,3345,23,0,0,6,1,5,1,2900106,1000000
2024BG0003225,1,844.37,28,2,1,1,6,11180,79,8000,1,1,1,1,1,2900105,1000000
2024BG0003226,1,844.37,43,1,4,1,14,30716,219,8000,1,1,1,1,1,2900104,1000000
2024BG0003227,1,844.37,29,1,5,1,11,110176,501,9800,3,1,1,1,1,2900101,1000000
2024BG0003228,1,844.37,12,1,1,1,6,3656,26,0,0,6,1,5,1,2900102,1000000
2024BG0003229,1,844.37,37,1,1,1,16,126014,501,2000,1,5,1,5,1,2900107,1000000
2024BG0003230,1,844.37,35,2,6,1,16,138768,501,2000,1,1,1,5,1,2900104,1000000
2024BG0003231,1,844.37,9,1,5,1,3,3558,25,0,0,6,1,5,1,2900100,1000000
2024BG0003232,1,844.37,15,2,2,1,14,22335,159,0,0,6,1,5,1,2900104,1000000
2024BG0003233,1,844.37,53,2,2,1,10,30686,219,6000,6,1,1,5,1,2900101,1000000
2024BG0003234,1,844.37,26,1,3,1,10,32315,230,4000,1,4,1,5,1,2900102,1000000
2024BG0003235,1,844.37,50,2,1,1,8,2726,19,8000,1,1,1,1,1,2900101,1000000
2024BG0003236,1,844.37,40,1,1,1,16,121012,501,4000,1,1,1,5,1,2900101,1000000
2024BG0003237,1,844.37,29,2,2,1,13,31628,225,1000,1,1,1,5,1,2900100,1000000
2024BG0003238,1,844.37,20,1,1,1,14,36712,262,8000,4,3,1,5,1,2900103,1000000
2024BG0003239,1,844.37,32,2,1,1,11,106644,501,5000,1,1,1,1,1,2900105,1000000
2024BG0003240,1,844.37,23,2,5,1,20,240376,501,3000,3,1,1,5,1,2900102,1000000
2024BG0003241,1,844.37,17,1,2,1,12,10590,75,0,0,6,1,5,1,2900106,1000000
2024BG0003242,1,844.37,28,2,2,1,13,45273,323,9000,3,1,1,1,1,2900103,1000000
2024BG0003243,1,844.37,43,1,5,1,16,113864,501,6000,1,1,1,1,2,2900103,1000000
2024BG0003244,1,844.37,35,1,5,1,10,75063,501,8000,1,1,1,1,1,2900107,1000000
2024BG0003245,1,844.37,21,1,1,1,14,26862,191,4000,1,1,1,5,1,2900106,1000000
2024BG0003246,1,844.37,17,1,1,1,13,13122,93,0,0,6,1,5,1,2900102,1000000
2024BG0003247,1,844.37,6,2,2,1,5,2548,18,0,0,6,1,5,1,2900105,1000000
2024BG0003248,1,844.37,11,1,2,1,6,9073,64,0,0,6,1,5,1,2900104,1000000
2024BG0003249,1,844.37,16,1,7,1,11,23702,169,0,0,6,1,5,1,2900103,1000000
2024BG0003250,1,844.37,3,1,1,1,4,6811,48,0,0,6,1,5,1,2900106,1000000
2024BG0003251,1,844.37,42,2,1,1,6,12471,89,5000,1,1,1,1,1,2900106,1000000
2024BG0003252,1,844.37,24,1,3,1,17,74761,501,4000,1,1,1,5,1,2900106,1000000
2024BG0003253,1,844.37,79,1,1,1,7,14248,101,0,0,6,1,2,1,2900103,1000000
2024BG0003254,1,844.37,18,1,3,1,13,24371,174,5000,1,1,1,5,1,2900105,1000000
2024BG0003255,1,844.37,46,1,2,1,8,35756,255,8000,3,1,1,1,1,2900107,1000000
2024BG0003256,1,844.37,31,1,2,1,12,84562,501,1000,1,1,1,5,1,2900100,1000000
2024BG0003257,1,844.37,35,2,1,1,15,104751,501,5000,6,1,1,1,1,2900101,1000000
2024BG0003258,1,844.37,30,1,8,1,7,22824,163,9000,1,1,1,1,1,2900105,1000000
2024BG0003259,1,844.37,34,1,5,1,14,73208,501,2000,1,1,1,5,1,2900104,1000000
2024BG0003260,1,844.37,31,1,5,1,15,147497,501,4000,1,1,1,5,1,2900103,1000000
2024BG0003261,1,844.37,90,2,4,1,10,15765,112,0,0,6,1,5,1,2900106,1000000
2024BG0003262,1,844.37,35,1,1,1,17,79003,501,4000,1,1,1,1,1,2900103,1000000
2024BG0003263,1,844.37,49,2,1,1,13,99617,501,7000,1,1,1,1,1,2900104,1000000
2024BG0003264,1,844.37,44,1,3,1,11,91216,501,6000,4,1,1,1,1,2900102,1000000
2024BG0003265,1,844.37,9,1,6,1,9,14670,104,0,0,6,1,5,1,2900107,1000000
2024BG0003266,1,844.37,55,1,2,1,16,206499,501,4000,1,1,1,2,1,2900100,1000000
2024BG0003267,1,844.37,14,2,7,1,4,6584,47,0,0,6,1,5,1,2900104,1000000
2024BG0003268,1,844.37,37,1,1,1,9,46154,329,4000,1,1,1,1,1,2900102,1000000
2024BG0003269,1,844.37,6,2,2,1,2,2444,17,0,0,6,1,5,1,2900104,1000000
2024BG0003270,1,844.37,9,2,6,1,6,2221,15,0,0,6,1,5,1,2900102,1000000
2024BG0003271,1,844.37,42,2,1,1,16,105191,501,6000,4,1,1,1,1,2900104,1000000
2024BG0003272,1,844.37,25,2,1,1,14,19082,136,3000,1,1,1,1,1,2900100,1000000
2024BG0003273,1,844.37,41,2,6,1,6,26885,192,5000,1,5,1,1,1,2900104,1000000
2024BG0003274,1,844.37,53,1,1,1,6,14898,106,9800,4,1,1,5,1,2900103,1000000
2024BG0003275,1,844.37,56,2,2,1,11,136823,501,8000,1,1,1,1,1,2900107,1000000
2024BG0003276,1,844.37,19,2,1,1,16,54931,392,3000,1,1,1,5,1,2900102,1000000
2024BG0003277,1,844.37,32,1,3,1,9,95521,501,1000,1,1,1,1,1,2900103,1000000
2024BG0003278,1,844.37,58,2,2,1,8,5798,41,9920,1,1,1,1,1,2900105,1000000
2024BG0003279,1,844.37,26,1,3,1,16,87757,501,1000,1,4,1,1,1,2900104,1000000
2024BG0003280,1,844.37,21,1,5,1,13,10480,74,3000,3,1,1,1,1,2900103,1000000
2024BG0003281,1,844.37,28,1,6,1,18,198170,501,4000,3,1,1,1,1,2900103,1000000
2024BG0003282,1,844.37,2,2,6,1,7,2313,16,0,0,6,1,5,1,2900100,1000000
2024BG0003283,1,844.37,26,1,3,1,12,21193,151,4000,2,1,1,1,1,2900105,1000000
2024BG0003284,1,844.37,16,1,6,1,17,51266,366,0,0,6,1,5,1,2900107,1000000
2024BG0003285,1,844.37,18,2,1,1,15,68963,492,6000,3,1,1,5,1,2900101,1000000
2024BG0003286,1,844.37,1,1,2,1,4,1265,9,0,0,6,1,5,1,2900104,1000000
2024BG0003287,1,844.37,12,1,1,1,5,4725,33,0,0,6,1,5,1,2900102,1000000
2024BG0003288,1,844.37,25,1,1,1,7,5004,35,7000,4,1,1,5,1,2900103,1000000
2024BG0003289,1,844.37,32,1,1,1,15,60371,431,5000,1,1,1,1,1,2900100,1000000
2024BG0003290,1,844.37,43,2,3,1,13,35323,252,7000,1,1,1,1,1,2900102,1000000
2024BG0003291,1,844.37,22,1,3,1,13,79339,501,3000,1,4,1,5,1,2900105,1000000
2024BG0003292,1,844.37,17,2,1,1,16,51546,368,0,0,6,1,5,1,2900104,1000000
2024BG0003293,1,844.37,57,1,5,1,14,31004,221,4000,2,1,1,1,1,2900100,1000000
2024BG0003294,1,844.37,15,1,1,1,11,9023,64,0,0,6,1,5,1,2900101,1000000
2024BG0003295,1,844.37,19,1,2,1,16,46199,329,4000,2,1,1,5,1,2900100,1000000
2024BG0003296,1,844.37,16,2,8,1,19,139730,501,0,0,6,1,5,1,2900105,1000000
2024BG0003297,1,844.37,55,2,2,1,10,88319,501,6000,3,1,1,2,1,2900106,1000000
2024BG0003298,1,844.37,35,1,1,1,10,43266,309,6000,4,1,1,1,1,2900106,1000000
2024BG0003299,1,844.37,9,2,6,1,8,3778,26,0,0,6,1,5,1,2900104,1000000
2024BG0003300,1,844.37,27,1,2,1,10,39789,284,5000,3,1,1,1,1,2900105,1000000
2024BG0003301,1,844.37,38,1,2,1,7,45564,325,9800,1,1,1,1,1,2900106,1000000
2024BG0003302,1,844.37,78,2,3,1,9,23514,167,0,0,6,1,1,1,2900100,1000000
2024BG0003303,1,844.37,23,2,5,1,18,188222,501,4000,1,1,1,5,1,2900101,1000000
2024BG0003304,1,844.37,3,1,8,1,8,5639,40,0,0,6,1,5,1,2900103,1000000
2024BG0003305,1,844.37,58,1,7,1,13,56747,405,1000,1,1,1,1,1,2900106,1000000
2024BG0003306,1,844.37,17,2,1,1,19,53635,383,0,0,6,1,5,1,2900102,1000000
2024BG0003307,1,844.37,55,1,3,1,8,31245,223,9800,1,1,1,5,1,2900104,1000000
2024BG0003308,1,844.37,35,2,6,1,11,63437,453,7000,6,1,1,1,1,2900104,1000000
2024BG0003309,1,844.37,14,1,7,1,7,1678,11,0,0,6,1,5,1,2900101,1000000
2024BG0003310,1,844.37,15,1,4,1,15,81038,501,0,0,6,1,5,1,2900100,1000000
2024BG0003311,1,844.37,25,1,1,1,14,18969,135,9000,1,1,1,5,1,2900101,1000000
2024BG0003312,1,844.37,18,2,4,1,15,34069,243,4000,2,1,1,5,1,2900100,1000000
2024BG0003313,1,844.37,27,2,1,1,12,27996,199,1000,1,1,1,5,1,2900101,1000000
2024BG0003314,1,844.37,42,1,8,1,8,10642,76,6000,6,1,1,1,1,2900102,1000000
2024BG0003315,1,844.37,55,1,5,1,10,96299,501,8000,3,1,1,5,1,2900103,1000000
2024BG0003316,1,844.37,67,2,2,1,8,11081,79,5000,1,2,1,2,1,2900105,1000000
2024BG0003317,1,844.37,18,2,1,1,12,48273,344,5000,1,1,1,5,1,2900106,1000000
2024BG0003318,1,844.37,51,2,1,1,12,19346,138,4000,1,3,1,1,1,2900103,1000000
2024BG0003319,1,844.37,17,1,2,1,19,136117,501,0,0,6,1,5,1,2900102,1000000
2024BG0003320,1,844.37,0,1,4,1,1,5097,36,0,0,6,1,5,1,2900101,1000000
2024BG0003321,1,844.37,33,1,3,1,9,18473,131,2000,1,1,1,5,1,2900101,1000000
2024BG0003322,1,844.37,29,2,1,1,9,36665,261,6000,1,1,1,1,1,2900100,1000000
2024BG0003323,1,844.37,21,1,2,1,19,56582,404,4000,1,1,1,5,1,2900106,1000000
2024BG0003324,1,844.37,31,1,1,1,8,20144,143,5000,4,1,1,1,1,2900100,1000000
2024BG0003325,1,844.37,54,2,1,1,14,36035,257,5000,4,1,1,1,1,2900104,1000000
2024BG0003326,1,844.37,7,1,2,1,1,7183,51,0,0,6,1,5,1,2900106,1000000
2024BG0003327,1,844.37,46,2,1,1,6,7122,50,6000,3,1,1,1,1,2900107,1000000
2024BG0003328,1,844.37,100,1,6,1,5,10210,72,0,0,6,1,1,1,2900103,1000000
2024BG0003329,1,844.37,24,2,6,1,15,41629,297,6000,3,1,1,5,1,2900102,1000000
2024BG0003330,1,844.37,94,2,2,1,6,24443,174,0,0,6,1,5,1,2900106,1000000
2024BG0003331,1,844.37,22,2,2,1,16,169131,501,4000,1,2,1,5,1,2900101,1000000
2024BG0003332,1,844.37,2,2,3,1,1,2459,17,0,0,6,1,5,1,2900101,1000000
2024BG0003333,1,844.37,8,2,3,1,9,11404,81,0,0,6,1,5,1,2900101,1000000
2024BG0003334,1,844.37,50,2,2,1,5,6799,48,9800,1,5,1,1,1,2900100,1000000
2024BG0003335,1,844.37,59,2,1,1,6,16062,114,5000,3,1,1,3,1,2900102,1000000
2024BG0003336,1,844.37,27,2,1,1,13,72607,501,5000,6,1,1,5,2,2900105,1000000
2024BG0003337,1,844.37,35,1,6,1,12,33100,236,4000,1,1,1,1,1,2900106,1000000
2024BG0003338,1,844.37,1,2,1,1,1,16532,118,0,0,6,1,5,1,2900106,1000000
2024BG0003339,1,844.37,58,1,1,1,12,38815,277,5000,6,1,1,1,1,2900100,1000000
2024BG0003340,1,844.37,26,1,1,1,18,58168,415,1000,1,1,1,1,1,2900106,1000000
2024BG0003341,1,844.37,25,1,1,1,10,24739,176,5000,1,1,1,1,1,2900104,1000000
2024BG0003342,1,844.37,48,2,6,1,11,59483,424,1000,1,1,1,1,1,2900103,1000000
2024BG0003343,1,844.37,43,1,7,1,6,32592,232,5000,4,1,1,2,1,2900101,1000000
2024BG0003344,1,844.37,15,1,3,1,18,34075,243,0,0,6,1,5,1,2900100,1000000
2024BG0003345,1,844.37,15,1,1,1,17,49913,356,0,0,6,1,5,1,2900101,1000000
2024BG0003346,1,844.37,4,1,1,1,5,18900,135,0,0,6,1,5,1,2900107,1000000
2024BG0003347,1,844.37,38,1,2,1,15,100571,501,4000,1,1,1,1,1,2900106,1000000
2024BG0003348,1,844.37,40,1,6,1,15,106963,501,3000,1,1,1,1,1,2900106,1000000
2024BG0003349,1,844.37,7,1,1,1,3,7992,57,0,0,6,1,5,2,2900104,1000000
2024BG0003350,1,844.37,15,2,2,1,15,19500,139,0,0,6,1,5,1,2900107,1000000
2024BG0003351,1,844.37,54,2,1,1,13,37030,264,4000,1,1,1,1,1,2900101,1000000
2024BG0003352,1,844.37,18,2,1,1,18,38105,272,4000,1,1,1,5,1,2900105,1000000
2024BG0003353,1,844.37,45,2,5,1,10,43845,313,1000,2,1,1,3,1,2900103,1000000
2024BG0003354,1,844.37,56,2,3,1,7,21812,155,5000,1,1,1,1,1,2900101,1000000
2024BG0003355,1,844.37,24,1,5,1,17,426360,501,4000,1,1,1,5,1,2900103,1000000
2024BG0003356,1,844.37,23,1,2,1,12,22141,158,5000,1,1,1,1,1,2900106,1000000
2024BG0003357,1,844.37,35,2,6,1,7,17855,127,6000,6,5,1,1,1,2900106,1000000
2024BG0003358,1,844.37,85,1,1,1,10,6693,47,0,0,6,1,1,1,2900104,1000000
2024BG0003359,1,844.37,22,2,6,1,16,65348,466,5000,1,1,1,5,1,2900104,1000000
2024BG0003360,1,844.37,54,1,1,1,17,104062,501,4000,3,1,1,1,1,2900101,1000000
2024BG0003361,1,844.37,7,1,6,1,4,6724,48,0,0,6,1,5,1,2900105,1000000
2024BG0003362,1,844.37,31,1,1,1,18,263079,501,6000,1,1,1,5,1,2900103,1000000
2024BG0003363,1,844.37,32,1,1,1,10,52045,371,4000,1,1,1,1,1,2900105,1000000
2024BG0003364,1,844.37,28,1,5,1,11,13681,97,6000,3,2,1,1,1,2900104,1000000
2024BG0003365,1,844.37,37,1,3,1,13,74250,501,4000,1,1,1,5,1,2900107,1000000
2024BG0003366,1,844.37,8,2,1,1,7,11545,82,0,0,6,1,5,1,2900104,1000000
2024BG0003367,1,844.37,35,1,5,1,10,55218,394,7000,1,1,5,2,1,2900107,1000000
2024BG0003368,1,844.37,28,2,3,1,16,57201,408,4000,1,5,2,1,1,2900101,1000000
2024BG0003369,1,844.37,14,2,6,1,8,5405,38,0,0,6,1,5,1,2900100,1000000
2024BG0003370,1,844.37,21,2,1,1,15,22649,161,3000,1,1,1,1,1,2900107,1000000
2024BG0003371,1,844.37,34,1,1,1,6,12958,92,5000,3,1,1,1,1,2900105,1000000
2024BG0003372,1,844.37,28,1,3,1,13,38022,271,6000,3,1,1,1,1,2900106,1000000
2024BG0003373,1,844.37,40,2,1,1,7,7115,50,8000,1,1,1,1,1,2900102,1000000
2024BG0003374,1,844.37,29,2,4,1,6,13743,98,8000,6,1,1,1,1,2900107,1000000
2024BG0003375,1,844.37,36,1,1,1,13,33558,239,7000,1,1,1,1,1,2900103,1000000
2024BG0003376,1,844.37,41,1,7,1,13,42845,306,4000,1,1,1,1,1,2900106,1000000
2024BG0003377,1,844.37,28,2,4,1,9,16331,116,4000,1,1,1,1,1,2900102,1000000
2024BG0003378,1,844.37,20,2,6,1,13,15461,110,9000,1,1,1,1,1,2900103,1000000
2024BG0003379,1,844.37,26,1,3,1,10,48475,346,1000,1,1,1,1,1,2900102,1000000
2024BG0003380,1,844.37,39,2,2,1,6,5367,38,9800,1,1,1,1,1,2900103,1000000
2024BG0003381,1,844.37,19,2,5,1,20,78921,501,1000,1,1,1,5,1,2900106,1000000
2024BG0003382,1,844.37,16,1,6,1,15,56888,406,0,0,6,1,5,1,2900105,1000000
2024BG0003383,1,844.37,59,2,6,1,6,13921,99,5000,6,1,1,1,1,2900104,1000000
2024BG0003384,1,844.37,39,2,1,1,11,176930,501,6000,1,4,1,1,1,2900105,1000000
2024BG0003385,1,844.37,21,1,2,1,17,39052,278,6000,1,4,1,1,1,2900100,1000000
2024BG0003386,1,844.37,26,2,5,1,6,12101,86,6000,6,1,1,1,1,2900102,1000000
2024BG0003387,1,844.37,53,1,1,1,11,16927,120,6000,3,4,1,1,1,2900107,1000000
2024BG0003388,1,844.37,19,1,5,1,20,174527,501,1000,3,1,1,5,1,2900104,1000000
2024BG0003389,1,844.37,5,2,2,1,5,6353,45,0,0,6,1,5,1,2900107,1000000
2024BG0003390,1,844.37,37,1,5,1,11,29763,212,4000,1,1,1,1,1,2900100,1000000
2024BG0003391,1,844.37,45,1,1,1,8,41365,295,7000,1,1,1,5,1,2900103,1000000
2024BG0003392,1,844.37,9,1,1,1,5,7274,51,0,0,6,1,5,1,2900105,1000000
2024BG0003393,1,844.37,29,2,1,1,7,20566,146,6000,3,1,1,1,1,2900107,1000000
2024BG0003394,1,844.37,19,2,4,1,10,6888,49,8000,4,1,1,5,1,2900102,1000000
2024BG0003395,1,844.37,24,1,1,1,19,235945,501,4000,3,1,1,5,1,2900107,1000000
2024BG0003396,1,844.37,43,1,1,1,9,43971,314,6000,1,1,1,1,1,2900107,1000000
2024BG0003397,1,844.37,27,1,3,1,17,64013,457,3000,1,1,1,5,1,2900105,1000000
2024BG0003398,1,844.37,23,1,6,1,13,17627,125,4000,1,5,5,5,1,2900106,1000000
2024BG0003399,1,844.37,55,1,2,1,10,31810,227,6000,6,1,1,1,1,2900101,1000000
2024BG0003400,1,844.37,27,1,1,1,12,86246,501,5000,6,1,1,1,1,2900100,1000000
2024BG0003401,1,844.37,34,2,6,1,9,25127,179,4000,1,1,1,1,1,2900103,1000000
2024BG0003402,1,844.37,40,1,1,1,10,87090,501,5000,1,1,1,5,1,2900107,1000000
2024BG0003403,1,844.37,44,2,7,1,12,70964,501,1000,1,1,1,1,1,2900106,1000000
2024BG0003404,1,844.37,43,2,1,1,11,67577,482,5000,4,1,1,1,1,2900106,1000000
2024BG0003405,1,844.37,28,1,5,1,6,4941,35,9800,4,1,1,1,2,2900100,1000000
2024BG0003406,1,844.37,52,1,2,1,11,14543,103,9800,1,1,1,5,1,2900100,1000000
2024BG0003407,1,844.37,55,1,8,1,14,43446,310,6000,1,1,1,1,1,2900102,1000000
2024BG0003408,1,844.37,27,1,1,1,11,75481,501,5000,4,1,1,1,1,2900107,1000000
2024BG0003409,1,844.37,21,2,2,1,11,4409,31,6000,3,1,1,5,1,2900106,1000000
2024BG0003410,1,844.37,66,2,1,1,12,17829,127,9000,4,1,1,1,1,2900102,1000000
2024BG0003411,1,844.37,22,1,6,1,14,32906,235,2000,1,1,1,5,1,2900103,1000000
2024BG0003412,1,844.37,36,2,1,1,12,55337,395,1000,1,1,1,1,1,2900100,1000000
2024BG0003413,1,844.37,48,2,4,1,11,67808,484,9800,6,1,1,1,1,2900105,1000000
2024BG0003414,1,844.37,44,2,1,1,11,32953,235,2000,2,2,1,1,1,2900103,1000000
2024BG0003415,1,844.37,47,2,1,1,5,12662,90,9800,4,1,1,1,1,2900100,1000000
2024BG0003416,1,844.37,36,1,6,1,7,25356,181,5000,1,1,1,1,1,2900105,1000000
2024BG0003417,1,844.37,33,2,2,1,8,33098,236,7000,6,1,1,1,2,2900101,1000000
2024BG0003418,1,844.37,12,2,1,1,9,21587,154,0,0,6,1,5,1,2900104,1000000
2024BG0003419,1,844.37,95,1,1,1,9,38697,276,0,0,6,1,1,1,2900104,1000000
2024BG0003420,1,844.37,20,1,1,1,17,32178,229,4000,1,1,1,5,1,2900100,1000000
2024BG0003421,1,844.37,24,2,2,1,20,295986,501,4000,2,3,1,5,2,2900105,1000000
2024BG0003422,1,844.37,48,2,1,1,9,56537,403,8000,1,1,1,1,1,2900106,1000000
2024BG0003423,1,844.37,26,1,3,1,14,17559,125,4000,1,1,1,1,2,2900104,1000000
2024BG0003424,1,844.37,41,1,1,1,5,26513,189,8000,6,1,1,1,1,2900106,1000000
2024BG0003425,1,844.37,20,2,5,1,17,88723,501,4000,1,1,1,1,1,2900105,1000000
2024BG0003426,1,844.37,4,1,1,1,6,6265,44,0,0,6,5,5,1,2900106,1000000
2024BG0003427,1,844.37,25,1,1,1,8,18624,133,5000,1,1,1,1,1,2900104,1000000
2024BG0003428,1,844.37,31,1,2,1,11,79699,501,4000,1,1,1,1,1,2900107,1000000
2024BG0003429,1,844.37,39,2,3,1,13,21747,155,7000,1,1,1,1,1,2900105,1000000
2024BG0003430,1,844.37,31,2,6,1,9,17065,121,5000,1,1,1,1,1,2900100,1000000
2024BG0003431,1,844.37,26,1,5,1,15,57654,411,1000,3,4,1,1,2,2900100,1000000
2024BG0003432,1,844.37,24,2,2,1,19,82999,501,4000,1,1,1,5,1,2900104,1000000
2024BG0003433,1,844.37,92,1,1,1,6,26511,189,0,0,6,1,1,1,2900106,1000000
2024BG0003434,1,844.37,48,1,5,1,6,24592,175,5000,1,1,1,1,1,2900107,1000000
2024BG0003435,1,844.37,34,2,7,1,5,17884,127,5000,1,1,1,1,1,2900101,1000000
2024BG0003436,1,844.37,98,1,2,1,5,1869,13,0,0,6,1,4,1,2900103,1000000
2024BG0003437,1,844.37,35,1,2,1,10,10200,72,4000,1,1,1,1,1,2900100,1000000
2024BG0003438,1,844.37,58,2,1,1,7,21111,150,5000,1,2,1,1,1,2900103,1000000
2024BG0003439,1,844.37,16,1,1,1,19,244262,501,0,0,6,1,5,1,2900107,1000000
2024BG0003440,1,844.37,10,1,1,1,8,2582,18,0,0,6,1,5,1,2900102,1000000
2024BG0003441,1,844.37,43,2,1,1,10,66552,475,7000,1,1,1,1,1,2900104,1000000
2024BG0003442,1,844.37,60,2,5,1,6,11962,85,7000,1,1,1,1,1,2900105,1000000
2024BG0003443,1,844.37,23,2,2,1,18,75814,501,5000,4,1,1,5,1,2900107,1000000
2024BG0003444,1,844.37,51,2,2,1,9,19675,140,9000,3,1,1,1,1,2900107,1000000
2024BG0003445,1,844.37,34,2,3,1,13,111708,501,4000,2,1,1,1,1,2900103,1000000
2024BG0003446,1,844.37,8,2,1,1,6,5328,38,0,0,6,1,5,1,2900102,1000000
2024BG0003447,1,844.37,28,2,1,1,5,5477,39,5000,1,1,1,5,1,2900105,1000000
2024BG0003448,1,844.37,30,2,1,1,9,42074,300,4000,3,1,1,5,1,2900100,1000000
2024BG0003449,1,844.37,4,1,5,1,8,8912,63,0,0,6,1,5,1,2900103,1000000
2024BG0003450,1,844.37,57,1,1,1,6,53467,381,9800,6,1,1,3,1,2900103,1000000
2024BG0003451,1,844.37,27,2,2,1,9,36620,261,4000,1,1,1,5,1,2900102,1000000
2024BG0003452,1,844.37,5,2,1,1,6,1977,14,0,0,6,1,5,1,2900107,1000000
2024BG0003453,1,844.37,13,2,1,1,1,3036,21,0,0,6,1,5,1,2900107,1000000
2024BG0003454,1,844.37,16,2,1,1,17,31757,226,0,0,6,1,5,2,2900101,1000000
2024BG0003455,1,844.37,55,1,1,1,11,15276,109,4000,1,1,1,1,1,2900105,1000000
2024BG0003456,1,844.37,55,1,1,1,8,3192,22,9920,1,1,1,1,1,2900104,1000000
2024BG0003457,1,844.37,13,1,2,1,6,26131,186,0,0,6,1,5,1,2900106,1000000
2024BG0003458,1,844.37,16,2,6,1,18,43103,307,0,0,6,1,5,1,2900106,1000000
2024BG0003459,1,844.37,43,1,1,1,13,65736,469,6000,3,2,1,1,1,2900106,1000000
2024BG0003460,1,844.37,9,2,1,1,6,13066,93,0,0,6,2,5,1,2900107,1000000
2024BG0003461,1,844.37,94,1,3,1,5,5464,39,0,0,6,1,1,1,2900101,1000000
2024BG0003462,1,844.37,11,1,1,1,5,3483,24,0,0,6,1,5,1,2900105,1000000
2024BG0003463,1,844.37,18,2,6,1,11,5985,42,6000,1,1,1,5,1,2900107,1000000
2024BG0003464,1,844.37,91,1,5,1,5,6325,45,0,0,6,1,2,1,2900101,1000000
2024BG0003465,1,844.37,59,2,1,1,9,25595,182,6000,1,1,1,1,1,2900103,1000000
2024BG0003466,1,844.37,5,2,2,1,5,8513,60,0,0,6,1,5,1,2900105,1000000
2024BG0003467,1,844.37,6,2,1,1,3,7605,54,0,0,6,1,5,1,2900102,1000000
2024BG0003468,1,844.37,9,1,1,1,3,3448,24,0,0,6,1,5,1,2900107,1000000
2024BG0003469,1,844.37,21,1,6,1,18,34141,243,4000,1,1,1,5,1,2900101,1000000
2024BG0003470,1,844.37,3,2,6,1,7,2198,15,0,0,6,1,5,1,2900107,1000000
2024BG0003471,1,844.37,37,2,1,1,13,37307,266,9000,1,1,1,1,1,2900101,1000000
2024BG0003472,1,844.37,86,1,9,1,8,3230,23,0,0,6,1,1,1,2900102,1000000
2024BG0003473,1,844.37,43,1,1,1,7,13878,99,9800,1,1,1,5,1,2900107,1000000
2024BG0003474,1,844.37,2,1,1,1,3,14092,100,0,0,6,1,5,1,2900104,1000000
2024BG0003475,1,844.37,26,1,3,1,5,57511,410,9800,3,1,1,1,1,2900107,1000000
2024BG0003476,1,844.37,9,1,1,1,5,8411,60,0,0,6,1,5,2,2900100,1000000
2024BG0003477,1,844.37,43,2,2,1,16,168670,501,4000,3,1,1,1,1,2900101,1000000
2024BG0003478,1,844.37,50,1,6,1,10,85945,501,9800,6,1,1,2,1,2900106,1000000
2024BG0003479,1,844.37,45,1,7,1,12,37797,269,3000,1,1,1,5,1,2900107,1000000
2024BG0003480,1,844.37,15,2,6,1,17,28577,204,0,0,6,1,5,1,2900100,1000000
2024BG0003481,1,844.37,43,2,5,1,14,51434,367,4000,1,1,1,1,1,2900105,1000000
2024BG0003482,1,844.37,41,2,3,1,8,31541,225,9920,1,4,1,1,1,2900106,1000000
2024BG0003483,1,844.37,6,1,6,1,2,5997,42,0,0,6,1,5,1,2900104,1000000
2024BG0003484,1,844.37,2,1,1,1,7,30614,218,0,0,6,1,5,1,2900107,1000000
2024BG0003485,1,844.37,16,2,1,1,12,6106,43,0,0,6,1,5,1,2900107,1000000
2024BG0003486,1,844.37,34,1,1,1,10,27578,196,9000,1,3,1,1,1,2900106,1000000
2024BG0003487,1,844.37,76,2,6,1,7,25033,178,0,0,6,1,1,1,2900100,1000000
2024BG0003488,1,844.37,1,1,1,1,3,12095,86,0,0,6,1,5,1,2900106,1000000
2024BG0003489,1,844.37,39,2,1,1,17,334845,501,4000,3,1,1,1,1,2900106,1000000
2024BG0003490,1,844.37,6,2,3,1,5,1417,10,0,0,6,1,5,1,2900104,1000000
2024BG0003491,1,844.37,18,1,3,1,13,10647,76,8000,4,4,1,5,1,2900104,1000000
2024BG0003492,1,844.37,39,2,3,1,18,256235,501,6000,1,1,1,5,2,2900104,1000000
2024BG0003493,1,844.37,18,1,1,1,19,65383,467,3000,2,1,1,5,1,2900102,1000000
2024BG0003494,1,844.37,20,1,1,1,12,12310,87,5000,6,1,1,1,1,2900101,1000000
2024BG0003495,1,844.37,17,1,4,1,18,92529,501,0,0,6,1,5,1,2900106,1000000
2024BG0003496,1,844.37,26,2,1,1,11,56540,403,4000,1,1,1,1,1,2900102,1000000
2024BG0003497,1,844.37,27,1,1,1,10,145469,501,8000,1,4,1,1,1,2900100,1000000
2024BG0003498,1,844.37,96,1,1,1,5,10842,77,0,0,6,1,5,1,2900105,1000000
2024BG0003499,1,844.37,27,1,5,1,15,61256,437,1000,1,1,1,1,1,2900104,1000000
2024BG0003500,1,844.37,22,2,5,1,14,35846,256,7000,6,1,1,1,1,2900106,1000000
2024BG0003501,1,844.37,40,2,1,1,10,44793,319,6000,6,1,1,1,1,2900107,1000000
2024BG0003502,1,844.37,8,2,5,1,6,2573,18,0,0,6,1,5,1,2900106,1000000
2024BG0003503,1,844.37,22,1,7,1,20,149341,501,4000,1,1,1,5,2,2900105,1000000
2024BG0003504,1,844.37,52,2,2,1,8,17362,124,9000,1,1,1,2,1,2900100,1000000
2024BG0003505,1,844.37,23,1,1,1,18,107653,501,3000,1,1,2,5,1,2900107,1000000
2024BG0003506,1,844.37,53,1,2,1,8,15586,111,5000,4,1,1,5,1,2900103,1000000
2024BG0003507,1,844.37,14,1,4,1,4,9356,66,0,0,6,1,5,1,2900100,1000000
2024BG0003508,1,844.37,43,1,6,1,9,33133,236,4000,3,1,1,1,1,2900105,1000000
2024BG0003509,1,844.37,80,1,1,1,8,6783,48,0,0,6,1,1,1,2900103,1000000
2024BG0003510,1,844.37,32,1,1,1,15,85170,501,4000,1,4,1,1,1,2900101,1000000
2024BG0003511,1,844.37,21,1,5,1,14,29489,210,9000,1,1,1,5,1,2900105,1000000
2024BG0003512,1,844.37,89,2,5,1,9,14401,102,0,0,6,1,2,1,2900103,1000000
2024BG0003513,1,844.37,3,1,6,1,5,4436,31,0,0,6,1,5,1,2900101,1000000
2024BG0003514,1,844.37,25,2,1,1,9,30958,221,6000,6,1,1,1,1,2900106,1000000
2024BG0003515,1,844.37,28,2,6,1,13,53405,381,5000,4,5,1,5,1,2900102,1000000
2024BG0003516,1,844.37,18,2,1,1,13,24607,175,9800,1,1,1,5,1,2900104,1000000
2024BG0003517,1,844.37,8,1,5,1,3,1713,12,0,0,6,1,5,1,2900101,1000000
2024BG0003518,1,844.37,15,1,2,1,19,120878,501,0,0,6,1,5,2,2900102,1000000
2024BG0003519,1,844.37,0,1,1,1,3,10282,73,0,0,6,1,5,1,2900105,1000000
2024BG0003520,1,844.37,18,2,1,1,13,18839,134,6000,1,1,1,5,1,2900102,1000000
2024BG0003521,1,844.37,3,2,1,1,2,5731,40,0,0,6,1,5,1,2900101,1000000
2024BG0003522,1,844.37,15,2,5,1,16,88599,501,0,0,6,1,5,1,2900105,1000000
2024BG0003523,1,844.37,17,1,2,1,12,10831,77,0,0,6,1,5,1,2900102,1000000
2024BG0003524,1,844.37,22,1,1,1,14,55801,398,3000,1,1,1,5,1,2900103,1000000
2024BG0003525,1,844.37,45,1,6,1,6,30095,214,6000,3,1,1,2,1,2900100,1000000
2024BG0003526,1,844.37,8,2,1,1,4,5307,37,0,0,6,1,5,1,2900104,1000000
2024BG0003527,1,844.37,23,1,7,1,18,106505,501,4000,3,1,1,5,1,2900106,1000000
2024BG0003528,1,844.37,33,2,2,1,13,40397,288,2000,1,1,1,5,1,2900105,1000000
2024BG0003529,1,844.37,2,1,1,1,3,2159,15,0,0,6,1,5,1,2900103,1000000
2024BG0003530,1,844.37,4,2,4,1,8,4309,30,0,0,6,1,5,1,2900103,1000000
2024BG0003531,1,844.37,19,1,1,1,14,10106,72,9800,4,1,1,5,1,2900100,1000000
2024BG0003532,1,844.37,36,1,3,1,18,117505,501,4000,1,2,1,1,1,2900102,1000000
2024BG0003533,1,844.37,34,1,1,1,9,39813,284,5000,1,1,1,1,1,2900105,1000000
2024BG0003534,1,844.37,32,1,1,1,14,27160,194,5000,1,1,1,1,1,2900104,1000000
2024BG0003535,1,844.37,31,2,2,1,16,107465,501,4000,2,1,1,5,1,2900106,1000000
2024BG0003536,1,844.37,27,2,3,1,6,6538,46,9920,3,2,1,5,1,2900105,1000000
2024BG0003537,1,844.37,28,1,1,1,12,26133,186,3000,1,1,1,5,1,2900105,1000000
2024BG0003538,1,844.37,16,1,1,1,18,19071,136,0,0,6,1,5,1,2900107,1000000
2024BG0003539,1,844.37,16,1,1,1,18,96110,501,0,0,6,1,5,1,2900102,1000000
2024BG0003540,1,844.37,30,2,6,1,6,9649,68,5000,3,2,1,5,1,2900105,1000000
2024BG0003541,1,844.37,33,2,6,1,12,48878,349,1000,3,1,1,5,1,2900100,1000000
2024BG0003542,1,844.37,2,2,5,1,7,6705,47,0,0,6,1,5,1,2900102,1000000
2024BG0003543,1,844.37,27,2,3,1,17,107522,501,5000,1,1,1,1,1,2900105,1000000
2024BG0003544,1,844.37,3,2,5,1,5,4773,34,0,0,6,1,5,1,2900102,1000000
2024BG0003545,1,844.37,9,2,8,1,6,3630,25,0,0,6,1,5,1,2900107,1000000
2024BG0003546,1,844.37,33,2,6,1,9,158717,501,4000,1,1,1,5,1,2900106,1000000
2024BG0003547,1,844.37,23,2,1,1,18,175488,501,5000,1,1,1,5,1,2900101,1000000
2024BG0003548,1,844.37,56,2,2,1,13,64282,459,5000,1,1,1,1,1,2900106,1000000
2024BG0003549,1,844.37,11,2,1,1,6,3405,24,0,0,6,1,5,1,2900103,1000000
2024BG0003550,1,844.37,36,2,5,1,14,55489,396,5000,1,1,1,1,1,2900107,1000000
2024BG0003551,1,844.37,100,1,1,1,10,19087,136,0,0,6,1,1,1,2900104,1000000
2024BG0003552,1,844.37,27,1,8,1,12,18515,132,4000,1,1,1,1,1,2900103,1000000
2024BG0003553,1,844.37,43,2,1,1,8,25308,180,9000,1,2,1,5,1,2900100,1000000
2024BG0003554,1,844.37,30,1,1,1,16,70788,501,6000,6,1,1,1,1,2900103,1000000
2024BG0003555,1,844.37,36,1,8,1,16,463504,501,1000,1,1,1,1,1,2900106,1000000
2024BG0003556,1,844.37,19,2,4,1,14,42705,305,9000,1,1,1,5,1,2900102,1000000
2024BG0003557,1,844.37,26,1,1,1,13,18368,131,9000,1,1,1,1,1,2900100,1000000
2024BG0003558,1,844.37,34,1,2,1,10,33093,236,4000,3,1,1,1,1,2900103,1000000
2024BG0003559,1,844.37,29,1,3,1,11,51524,368,8000,4,1,1,1,1,2900104,1000000
2024BG0003560,1,844.37,55,1,2,1,5,7774,55,8000,1,1,1,1,1,2900106,1000000
2024BG0003561,1,844.37,37,2,8,1,10,57675,411,4000,2,1,1,1,1,2900102,1000000
2024BG0003562,1,844.37,19,2,1,1,13,29981,214,1000,3,1,1,5,1,2900105,1000000
2024BG0003563,1,844.37,45,1,1,1,11,52111,372,6000,6,1,1,1,1,2900101,1000000
2024BG0003564,1,844.37,42,2,1,1,9,11584,82,4000,1,1,1,1,1,2900104,1000000
2024BG0003565,1,844.37,8,2,3,1,3,1290,9,0,0,6,1,5,1,2900103,1000000
2024BG0003566,1,844.37,32,1,2,1,6,6905,49,5000,1,1,1,5,1,2900105,1000000
2024BG0003567,1,844.37,58,1,1,1,10,43311,309,4000,1,1,1,1,1,2900102,1000000
2024BG0003568,1,844.37,27,1,5,1,15,61465,439,4000,2,1,1,1,1,2900103,1000000
2024BG0003569,1,844.37,91,1,3,1,8,1552,11,0,0,6,1,2,1,2900100,1000000
2024BG0003570,1,844.37,13,1,5,1,4,2299,16,0,0,6,1,5,1,2900101,1000000
2024BG0003571,1,844.37,33,2,3,1,16,161115,501,6000,4,4,1,1,1,2900103,1000000
2024BG0003572,1,844.37,53,2,1,1,9,14564,104,6000,6,1,1,5,1,2900104,1000000
2024BG0003573,1,844.37,25,2,1,1,7,15873,113,9800,4,1,1,1,1,2900102,1000000
2024BG0003574,1,844.37,37,2,1,1,13,49029,350,6000,6,1,1,1,1,2900100,1000000
2024BG0003575,1,844.37,39,1,1,1,7,60387,431,6000,1,1,1,1,1,2900103,1000000
2024BG0003576,1,844.37,7,1,1,1,6,4053,28,0,0,6,1,5,1,2900106,1000000
2024BG0003577,1,844.37,14,1,1,1,9,17650,126,0,0,6,1,5,1,2900106,1000000
2024BG0003578,1,844.37,22,1,1,1,16,90961,501,6000,1,2,1,5,1,2900106,1000000
2024BG0003579,1,844.37,31,1,6,1,18,63398,452,3000,1,1,1,1,1,2900102,1000000
2024BG0003580,1,844.37,31,1,2,1,8,31917,227,8000,1,1,1,1,1,2900105,1000000
2024BG0003581,1,844.37,43,1,3,1,11,48308,345,6000,4,1,1,3,1,2900106,1000000
2024BG0003582,1,844.37,14,1,1,1,9,3794,27,0,0,6,1,5,1,2900101,1000000
2024BG0003583,1,844.37,6,1,4,1,5,6289,44,0,0,6,1,5,2,2900104,1000000
2024BG0003584,1,844.37,39,1,1,1,14,40684,290,7000,4,5,1,1,1,2900104,1000000
2024BG0003585,1,844.37,13,2,5,1,4,9300,66,0,0,6,1,5,1,2900103,1000000
2024BG0003586,1,844.37,9,2,1,1,6,5134,36,0,0,6,1,5,1,2900100,1000000
2024BG0003587,1,844.37,21,1,3,1,18,61465,439,6000,3,1,1,5,1,2900105,1000000
2024BG0003588,1,844.37,40,1,2,1,6,5653,40,5000,1,1,1,1,1,2900105,1000000
2024BG0003589,1,844.37,7,1,1,1,1,12545,89,0,0,6,1,5,1,2900100,1000000
2024BG0003590,1,844.37,21,1,5,1,12,8093,57,9000,1,2,1,5,1,2900101,1000000
2024BG0003591,1,844.37,16,1,1,1,14,20852,148,0,0,6,1,5,1,2900103,1000000
2024BG0003592,1,844.37,4,1,2,1,6,7979,56,0,0,6,1,5,1,2900106,1000000
2024BG0003593,1,844.37,22,2,4,1,14,29141,208,3000,1,1,1,5,1,2900102,1000000
2024BG0003594,1,844.37,15,2,1,1,18,101041,501,0,0,6,1,5,1,2900107,1000000
2024BG0003595,1,844.37,39,2,3,1,15,134667,501,4000,2,1,1,3,1,2900105,1000000
2024BG0003596,1,844.37,13,1,6,1,1,8787,62,0,0,6,1,5,1,2900100,1000000
2024BG0003597,1,844.37,33,2,3,1,13,32266,230,4000,2,4,1,5,1,2900104,1000000
2024BG0003598,1,844.37,0,1,1,1,4,8043,57,0,0,6,1,5,1,2900102,1000000
2024BG0003599,1,844.37,36,1,2,1,13,48395,345,1000,1,5,1,2,1,2900103,1000000
2024BG0003600,1,844.37,8,1,3,1,3,12353,88,0,0,6,1,5,1,2900101,1000000
2024BG0003601,1,844.37,2,2,1,1,3,2854,20,0,0,6,1,5,1,2900101,1000000
2024BG0003602,1,844.37,37,1,1,1,9,107578,501,8000,1,1,1,1,1,2900100,1000000
2024BG0003603,1,844.37,34,2,3,1,8,15355,109,6000,6,1,1,1,1,2900101,1000000
2024BG0003604,1,844.37,16,1,6,1,12,10414,74,0,0,6,1,5,1,2900100,1000000
2024BG0003605,1,844.37,18,1,3,1,19,85831,501,4000,1,1,1,5,1,2900101,1000000
2024BG0003606,1,844.37,31,1,3,1,8,9717,69,6000,1,5,1,1,1,2900100,1000000
2024BG0003607,1,844.37,29,1,1,1,8,12019,85,9000,1,1,1,1,1,2900105,1000000
2024BG0003608,1,844.37,34,2,3,1,14,40668,290,3000,3,1,1,1,1,2900105,1000000
2024BG0003609,1,844.37,11,1,3,1,4,2802,20,0,0,6,1,5,1,2900103,1000000
2024BG0003610,1,844.37,30,1,5,1,9,27846,198,4000,1,2,1,1,1,2900103,1000000
2024BG0003611,1,844.37,6,1,1,1,8,4759,33,0,0,6,1,5,1,2900102,1000000
2024BG0003612,1,844.37,16,2,4,1,17,24975,178,0,0,6,1,5,1,2900101,1000000
2024BG0003613,1,844.37,29,1,6,1,10,69890,499,1000,3,1,1,5,1,2900105,1000000
2024BG0003614,1,844.37,54,2,5,1,11,20107,143,3000,1,1,1,1,1,2900107,1000000
2024BG0003615,1,844.37,11,2,1,1,9,7065,50,0,0,6,1,5,1,2900105,1000000
2024BG0003616,1,844.37,26,1,5,1,15,90460,501,4000,1,1,1,1,1,2900104,1000000
2024BG0003617,1,844.37,26,1,1,1,15,130666,501,4000,1,1,1,1,1,2900106,1000000
2024BG0003618,1,844.37,15,2,1,1,17,40119,286,0,0,6,1,5,2,2900104,1000000
2024BG0003619,1,844.37,35,1,2,1,14,87418,501,7000,1,1,1,1,1,2900106,1000000
2024BG0003620,1,844.37,12,1,1,1,5,3423,24,0,0,6,1,5,1,2900101,1000000
2024BG0003621,1,844.37,18,2,4,1,14,57358,409,5000,1,5,1,1,1,2900106,1000000
2024BG0003622,1,844.37,26,1,6,1,15,100582,501,4000,1,1,5,5,1,2900107,1000000
2024BG0003623,1,844.37,53,1,6,1,15,80421,501,5000,3,1,1,1,1,2900101,1000000
2024BG0003624,1,844.37,8,1,6,1,6,13753,98,0,0,6,1,5,1,2900107,1000000
2024BG0003625,1,844.37,17,2,1,1,12,36430,260,0,0,6,1,5,1,2900100,1000000
2024BG0003626,1,844.37,24,1,2,1,14,46986,335,6000,1,1,1,5,1,2900104,1000000
2024BG0003627,1,844.37,54,1,2,1,7,20115,143,7000,1,1,1,3,1,2900100,1000000
2024BG0003628,1,844.37,30,1,1,1,12,40780,291,6000,1,1,1,1,1,2900107,1000000
2024BG0003629,1,844.37,42,2,4,1,9,37750,269,9800,1,1,1,1,1,2900104,1000000
2024BG0003630,1,844.37,43,1,7,1,11,155626,501,1000,3,5,1,1,1,2900107,1000000
2024BG0003631,1,844.37,43,1,2,1,13,31475,224,4000,1,1,1,1,1,2900106,1000000
2024BG0003632,1,844.37,42,2,2,1,16,95744,501,4000,1,1,1,1,1,2900102,1000000
2024BG0003633,1,844.37,30,1,1,1,11,15762,112,9000,4,2,1,1,1,2900105,1000000
2024BG0003634,1,844.37,13,2,5,1,4,8714,62,0,0,6,1,5,1,2900102,1000000
2024BG0003635,1,844.37,16,2,1,1,20,94338,501,0,0,6,1,5,1,2900105,1000000
2024BG0003636,1,844.37,31,2,2,1,19,361170,501,1000,3,1,1,1,1,2900103,1000000
2024BG0003637,1,844.37,71,2,4,1,9,11504,82,0,0,6,1,1,1,2900107,1000000
2024BG0003638,1,844.37,35,2,1,1,10,14393,102,7000,4,2,1,1,1,2900105,1000000
2024BG0003639,1,844.37,22,1,3,1,14,51506,367,8000,1,1,1,5,1,2900103,1000000
2024BG0003640,1,844.37,18,1,3,1,14,7837,55,9800,6,1,1,5,1,2900101,1000000
2024BG0003641,1,844.37,21,2,5,1,13,35787,255,8000,4,2,1,5,1,2900106,1000000
2024BG0003642,1,844.37,26,1,2,1,10,33354,238,8000,1,1,1,5,1,2900107,1000000
2024BG0003643,1,844.37,29,1,7,1,14,14141,101,5000,1,1,1,1,1,2900103,1000000
2024BG0003644,1,844.37,43,2,3,1,11,84406,501,9000,6,1,1,3,1,2900105,1000000
2024BG0003645,1,844.37,18,1,3,1,17,41986,299,1000,1,5,1,5,1,2900104,1000000
2024BG0003646,1,844.37,42,2,1,1,18,124745,501,4000,1,5,1,1,1,2900106,1000000
2024BG0003647,1,844.37,91,2,1,1,5,9877,70,0,0,6,1,1,1,2900103,1000000
2024BG0003648,1,844.37,15,1,1,1,17,67549,482,0,0,6,1,5,1,2900105,1000000
2024BG0003649,1,844.37,45,2,2,1,11,28761,205,4000,1,1,1,5,1,2900100,1000000
2024BG0003650,1,844.37,20,1,1,1,17,61973,442,4000,2,1,1,5,1,2900100,1000000
2024BG0003651,1,844.37,30,1,2,1,12,85484,501,7000,1,1,1,1,1,2900103,1000000
2024BG0003652,1,844.37,47,1,5,1,13,43362,309,5000,1,4,1,1,1,2900100,1000000
2024BG0003653,1,844.37,24,2,1,1,17,206272,501,2000,1,1,1,5,1,2900101,1000000
2024BG0003654,1,844.37,53,2,1,1,7,4102,29,9920,1,1,1,2,1,2900102,1000000
2024BG0003655,1,844.37,39,1,6,1,15,161206,501,6000,1,1,1,1,2,2900106,1000000
2024BG0003656,1,844.37,68,1,1,1,10,46036,328,8000,1,1,1,4,1,2900107,1000000
2024BG0003657,1,844.37,40,2,6,1,11,51177,365,4000,1,1,1,1,1,2900105,1000000
2024BG0003658,1,844.37,21,2,1,1,17,48279,344,5000,1,1,1,5,1,2900107,1000000
2024BG0003659,1,844.37,42,2,1,1,11,42488,303,8000,1,1,1,1,1,2900101,1000000
2024BG0003660,1,844.37,1,2,5,1,7,1875,13,0,0,6,1,5,1,2900100,1000000
2024BG0003661,1,844.37,38,1,5,1,11,37779,269,7000,1,1,1,1,1,2900106,1000000
2024BG0003662,1,844.37,22,2,1,1,17,63100,450,1000,3,1,1,5,1,2900102,1000000
2024BG0003663,1,844.37,33,1,1,1,11,38201,272,6000,1,1,1,1,1,2900103,1000000
2024BG0003664,1,844.37,14,2,1,1,7,1872,13,0,0,6,1,5,1,2900103,1000000
2024BG0003665,1,844.37,35,2,3,1,13,28086,200,4000,2,1,1,1,1,2900105,1000000
2024BG0003666,1,844.37,22,1,1,1,14,37271,266,9000,1,1,1,1,1,2900102,1000000
2024BG0003667,1,844.37,15,2,5,1,11,19548,139,0,0,6,1,5,1,2900104,1000000
2024BG0003668,1,844.37,54,1,4,1,10,18300,130,7000,1,1,1,1,1,2900100,1000000
2024BG0003669,1,844.37,23,1,3,1,17,133935,501,4000,1,1,1,5,1,2900103,1000000
2024BG0003670,1,844.37,39,2,1,1,14,33744,241,3000,1,1,1,5,1,2900102,1000000
2024BG0003671,1,844.37,16,2,5,1,18,59897,427,0,0,6,1,5,1,2900102,1000000
2024BG0003672,1,844.37,2,2,6,1,8,14858,106,0,0,6,1,5,1,2900107,1000000
2024BG0003673,1,844.37,51,2,1,1,7,4333,30,9920,1,1,1,1,1,2900104,1000000
2024BG0003674,1,844.37,37,2,1,1,8,13996,99,9920,1,1,1,2,1,2900101,1000000
2024BG0003675,1,844.37,2,1,1,1,4,4078,29,0,0,6,1,5,1,2900104,1000000
2024BG0003676,1,844.37,18,1,6,1,14,11375,81,7000,4,1,1,5,1,2900106,1000000
2024BG0003677,1,844.37,51,1,6,1,12,30876,220,6000,1,1,1,5,1,2900107,1000000
2024BG0003678,1,844.37,39,1,1,1,13,70266,501,5000,1,1,1,1,1,2900107,1000000
2024BG0003679,1,844.37,21,1,2,1,18,41962,299,5000,4,5,1,5,1,2900107,1000000
2024BG0003680,1,844.37,43,2,2,1,12,27194,194,8000,1,1,1,5,1,2900107,1000000
2024BG0003681,1,844.37,32,1,1,1,10,49945,356,4000,1,1,1,1,1,2900103,1000000
2024BG0003682,1,844.37,60,1,1,1,8,10871,77,6000,4,1,1,1,1,2900100,1000000
2024BG0003683,1,844.37,22,2,3,1,13,32949,235,6000,3,1,1,1,1,2900105,1000000
2024BG0003684,1,844.37,5,1,1,1,7,2322,16,0,0,6,1,5,1,2900104,1000000
2024BG0003685,1,844.37,11,1,1,1,6,5086,36,0,0,6,1,5,1,2900107,1000000
2024BG0003686,1,844.37,2,2,5,1,5,4640,33,0,0,6,1,5,1,2900103,1000000
2024BG0003687,1,844.37,13,2,2,1,7,5753,41,0,0,6,1,5,1,2900105,1000000
2024BG0003688,1,844.37,8,1,5,1,5,1783,12,0,0,6,1,5,1,2900100,1000000
2024BG0003689,1,844.37,38,2,2,1,14,102552,501,6000,1,1,1,1,1,2900103,1000000
2024BG0003690,1,844.37,22,1,4,1,17,50711,362,2000,1,1,1,5,1,2900106,1000000
2024BG0003691,1,844.37,27,2,1,1,12,23559,168,8000,1,1,1,1,1,2900106,1000000
2024BG0003692,1,844.37,42,1,2,1,15,177842,501,6000,3,1,1,1,1,2900101,1000000
2024BG0003693,1,844.37,13,1,1,1,3,16027,114,0,0,6,1,5,1,2900104,1000000
2024BG0003694,1,844.37,41,1,3,1,12,23444,167,4000,1,1,1,1,2,2900103,1000000
2024BG0003695,1,844.37,34,2,6,1,12,41484,296,8000,1,2,1,1,1,2900104,1000000
2024BG0003696,1,844.37,26,2,4,1,12,10974,78,6000,6,1,1,5,1,2900101,1000000
2024BG0003697,1,844.37,10,1,1,1,6,8319,59,0,0,6,1,5,1,2900100,1000000
2024BG0003698,1,844.37,40,2,1,1,16,104633,501,4000,2,1,1,1,1,2900107,1000000
2024BG0003699,1,844.37,46,1,2,1,10,69561,496,4000,3,1,1,1,2,2900105,1000000
2024BG0003700,1,844.37,2,2,3,1,6,11128,79,0,0,6,1,5,1,2900107,1000000
2024BG0003701,1,844.37,20,1,2,1,14,11292,80,5000,6,1,1,5,2,2900100,1000000
2024BG0003702,1,844.37,71,1,1,1,7,4614,32,0,0,6,1,1,2,2900107,1000000
2024BG0003703,1,844.37,17,2,2,1,15,36369,259,0,0,6,1,5,1,2900106,1000000
2024BG0003704,1,844.37,66,2,3,1,6,35330,252,7000,6,1,1,2,1,2900102,1000000
2024BG0003705,1,844.37,40,2,1,1,9,38546,275,5000,1,1,1,1,1,2900105,1000000
2024BG0003706,1,844.37,27,2,2,1,8,6911,49,7000,4,1,1,5,1,2900104,1000000
2024BG0003707,1,844.37,77,1,2,1,9,37184,265,0,0,6,1,1,1,2900106,1000000
2024BG0003708,1,844.37,5,1,2,1,5,10219,72,0,0,6,1,5,1,2900103,1000000
2024BG0003709,1,844.37,74,1,1,1,5,14760,105,0,0,6,1,5,1,2900100,1000000
2024BG0003710,1,844.37,44,1,2,1,12,43789,312,3000,1,1,1,1,1,2900101,1000000
2024BG0003711,1,844.37,27,1,2,1,9,26028,185,7000,4,1,1,5,1,2900107,1000000
2024BG0003712,1,844.37,8,2,1,1,3,6549,46,0,0,6,1,5,1,2900106,1000000
2024BG0003713,1,844.37,35,1,2,1,11,11489,82,5000,3,1,1,1,1,2900102,1000000
2024BG0003714,1,844.37,33,1,1,1,11,30846,220,7000,4,1,1,1,1,2900102,1000000
2024BG0003715,1,844.37,13,1,1,1,1,14387,102,0,0,6,1,5,1,2900103,1000000
2024BG0003716,1,844.37,14,1,1,1,1,3969,28,0,0,6,1,5,1,2900104,1000000
2024BG0003717,1,844.37,37,1,1,1,7,15617,111,5000,6,1,1,1,1,2900102,1000000
2024BG0003718,1,844.37,36,2,1,1,10,26183,187,6000,4,3,1,1,1,2900100,1000000
2024BG0003719,1,844.37,4,2,1,1,4,14302,102,0,0,6,1,5,1,2900103,1000000
2024BG0003720,1,844.37,23,2,1,1,18,53408,381,3000,1,1,1,5,1,2900104,1000000
2024BG0003721,1,844.37,40,2,1,1,10,59529,425,4000,1,1,1,1,1,2900106,1000000
2024BG0003722,1,844.37,11,1,7,1,5,7503,53,0,0,6,1,5,1,2900101,1000000
2024BG0003723,1,844.37,34,1,1,1,14,60374,431,4000,1,1,1,5,1,2900107,1000000
2024BG0003724,1,844.37,18,2,1,1,14,26132,186,4000,1,1,1,5,1,2900101,1000000
2024BG0003725,1,844.37,26,2,6,1,6,9924,70,9000,1,5,1,1,1,2900106,1000000
2024BG0003726,1,844.37,34,1,1,1,8,24292,173,8000,1,1,1,1,1,2900100,1000000
2024BG0003727,1,844.37,55,2,5,1,18,152685,501,3000,1,1,1,1,1,2900104,1000000
2024BG0003728,1,844.37,52,1,1,1,18,151302,501,4000,2,1,1,4,1,2900104,1000000
2024BG0003729,1,844.37,58,1,6,1,17,70797,501,4000,1,1,1,1,1,2900101,1000000
2024BG0003730,1,844.37,12,2,3,1,6,3247,23,0,0,6,1,5,1,2900101,1000000
2024BG0003731,1,844.37,35,2,1,1,14,57735,412,7000,6,1,1,1,1,2900103,1000000
2024BG0003732,1,844.37,56,1,5,1,6,15324,109,8000,1,1,1,1,1,2900106,1000000
2024BG0003733,1,844.37,39,1,3,1,15,38264,273,6000,3,5,1,5,1,2900102,1000000
2024BG0003734,1,844.37,27,1,1,1,8,16548,118,9920,1,1,1,1,1,2900101,1000000
2024BG0003735,1,844.37,4,1,1,1,5,1880,13,0,0,6,1,5,1,2900100,1000000
2024BG0003736,1,844.37,18,2,1,1,19,59207,422,2000,1,1,1,1,1,2900103,1000000
2024BG0003737,1,844.37,11,1,1,1,1,2748,19,0,0,6,1,5,1,2900100,1000000
2024BG0003738,1,844.37,29,1,2,1,13,30168,215,5000,1,5,1,1,1,2900102,1000000
2024BG0003739,1,844.37,2,1,1,1,3,3694,26,0,0,6,1,5,1,2900100,1000000
2024BG0003740,1,844.37,30,2,8,1,16,227103,501,2000,3,1,1,1,1,2900101,1000000
2024BG0003741,1,844.37,46,1,3,1,12,67289,480,5000,1,1,1,5,1,2900102,1000000
2024BG0003742,1,844.37,17,2,1,1,16,38104,272,0,0,6,1,5,1,2900106,1000000
2024BG0003743,1,844.37,12,2,6,1,5,36692,262,0,0,6,1,5,1,2900107,1000000
2024BG0003744,1,844.37,0,2,7,1,2,2378,16,0,0,6,1,5,1,2900105,1000000
2024BG0003745,1,844.37,14,1,1,1,3,10038,71,0,0,6,1,5,1,2900106,1000000
2024BG0003746,1,844.37,33,2,1,1,14,36326,259,1000,1,1,1,5,1,2900107,1000000
2024BG0003747,1,844.37,39,2,2,1,10,53123,379,7000,3,3,1,1,1,2900105,1000000
2024BG0003748,1,844.37,41,1,4,1,15,153507,501,4000,3,1,1,1,1,2900104,1000000
2024BG0003749,1,844.37,32,1,3,1,10,133023,501,5000,1,1,1,5,1,2900103,1000000
2024BG0003750,1,844.37,21,1,1,1,14,16154,115,6000,3,1,1,5,1,2900100,1000000
2024BG0003751,1,844.37,40,2,5,1,14,120093,501,6000,3,1,1,1,1,2900106,1000000
2024BG0003752,1,844.37,55,1,1,1,9,30094,214,6000,1,1,1,2,1,2900107,1000000
2024BG0003753,1,844.37,36,2,1,1,13,16388,117,9800,1,1,1,2,1,2900101,1000000
2024BG0003754,1,844.37,35,1,1,1,17,332188,501,6000,6,1,1,1,1,2900107,1000000
2024BG0003755,1,844.37,9,1,2,1,9,75990,501,0,0,6,1,5,1,2900101,1000000
2024BG0003756,1,844.37,20,2,4,1,16,47383,338,5000,1,1,1,5,1,2900101,1000000
2024BG0003757,1,844.37,42,1,3,1,19,339174,501,4000,1,1,1,1,1,2900105,1000000
2024BG0003758,1,844.37,38,2,7,1,6,14325,102,9800,1,1,1,1,1,2900100,1000000
2024BG0003759,1,844.37,21,1,1,1,18,42105,300,1000,3,1,1,5,1,2900103,1000000
2024BG0003760,1,844.37,38,1,2,1,13,17405,124,9000,4,1,1,1,1,2900102,1000000
2024BG0003761,1,844.37,12,2,3,1,5,3990,28,0,0,6,1,5,1,2900105,1000000
2024BG0003762,1,844.37,23,2,7,1,18,65144,465,1000,1,1,1,5,1,2900103,1000000
2024BG0003763,1,844.37,25,2,1,1,12,32662,233,4000,1,1,1,5,1,2900104,1000000
2024BG0003764,1,844.37,31,1,6,1,11,87765,501,1000,1,1,1,1,1,2900103,1000000
2024BG0003765,1,844.37,33,1,1,1,10,85274,501,6000,3,1,1,1,1,2900103,1000000
2024BG0003766,1,844.37,17,2,6,1,18,53688,383,0,0,6,1,5,1,2900102,1000000
2024BG0003767,1,844.37,7,1,2,1,2,7192,51,0,0,6,1,5,2,2900101,1000000
2024BG0003768,1,844.37,31,1,5,1,16,108894,501,4000,2,1,1,5,1,2900102,1000000
2024BG0003769,1,844.37,18,1,1,1,15,33290,237,4000,1,1,5,5,1,2900105,1000000
2024BG0003770,1,844.37,43,1,1,1,10,58002,414,3000,1,1,1,1,1,2900101,1000000
2024BG0003771,1,844.37,6,2,1,1,5,7452,53,0,0,6,1,5,1,2900103,1000000
2024BG0003772,1,844.37,25,2,1,1,12,80389,501,5000,6,1,1,1,1,2900106,1000000
2024BG0003773,1,844.37,38,1,7,1,9,84693,501,4000,1,1,1,1,1,2900105,1000000
2024BG0003774,1,844.37,33,1,1,1,11,62202,444,2000,1,1,1,1,1,2900102,1000000
2024BG0003775,1,844.37,22,1,6,1,19,250073,501,4000,1,1,1,5,1,2900100,1000000
2024BG0003776,1,844.37,18,2,1,1,15,48092,343,6000,6,1,1,5,1,2900101,1000000
2024BG0003777,1,844.37,38,2,1,1,7,15861,113,5000,3,2,1,2,1,2900106,1000000
2024BG0003778,1,844.37,3,1,1,1,4,5576,39,0,0,6,1,5,1,2900107,1000000
2024BG0003779,1,844.37,57,1,3,1,10,55384,395,1000,3,1,1,1,1,2900103,1000000
2024BG0003780,1,844.37,23,1,1,1,17,61438,438,4000,1,1,1,5,1,2900106,1000000
2024BG0003781,1,844.37,38,2,4,1,8,21847,156,8000,3,1,1,1,1,2900102,1000000
2024BG0003782,1,844.37,55,1,3,1,5,9580,68,5000,1,1,1,1,1,2900104,1000000
2024BG0003783,1,844.37,19,1,3,1,17,118503,501,3000,1,1,1,1,1,2900102,1000000
2024BG0003784,1,844.37,23,2,5,1,18,40670,290,3000,2,3,1,5,1,2900102,1000000
2024BG0003785,1,844.37,16,2,8,1,19,66579,475,0,0,6,1,5,2,2900104,1000000
2024BG0003786,1,844.37,53,1,5,1,8,11870,84,9920,3,1,1,1,1,2900107,1000000
2024BG0003787,1,844.37,32,1,1,1,10,52982,378,3000,3,3,1,5,1,2900107,1000000
2024BG0003788,1,844.37,23,2,5,1,10,13211,94,8000,6,1,1,1,1,2900105,1000000
2024BG0003789,1,844.37,15,2,1,1,16,23035,164,0,0,6,1,5,1,2900105,1000000
2024BG0003790,1,844.37,33,2,5,1,6,6329,45,9800,1,1,1,1,1,2900103,1000000
2024BG0003791,1,844.37,1,2,6,1,2,4087,29,0,0,6,1,5,1,2900101,1000000
2024BG0003792,1,844.37,46,1,2,1,14,33397,238,4000,1,3,1,1,1,2900103,1000000
2024BG0003793,1,844.37,32,1,1,1,17,94249,501,4000,1,1,1,5,1,2900101,1000000
2024BG0003794,1,844.37,16,2,1,1,15,41348,295,0,0,6,1,5,2,2900106,1000000
2024BG0003795,1,844.37,34,2,3,1,18,247370,501,3000,1,1,1,1,2,2900107,1000000
2024BG0003796,1,844.37,32,1,3,1,11,63458,453,1000,3,1,1,1,1,2900107,1000000
2024BG0003797,1,844.37,6,1,3,1,4,9887,70,0,0,6,1,5,1,2900104,1000000
2024BG0003798,1,844.37,34,1,1,1,17,87779,501,5000,6,1,1,5,1,2900104,1000000
2024BG0003799,1,844.37,5,1,1,1,5,5049,36,0,0,6,1,5,1,2900102,1000000
2024BG0003800,1,844.37,38,1,1,1,15,154209,501,6000,4,4,1,1,1,2900104,1000000
2024BG0003801,1,844.37,34,1,6,1,16,96753,501,1000,1,1,1,1,1,2900100,1000000
2024BG0003802,1,844.37,24,2,6,1,12,6658,47,6000,3,1,1,1,1,2900102,1000000
2024BG0003803,1,844.37,3,1,1,1,5,3989,28,0,0,6,1,5,1,2900103,1000000
2024BG0003804,1,844.37,44,2,5,1,13,60888,434,2000,1,1,1,1,1,2900104,1000000
2024BG0003805,1,844.37,51,2,1,1,6,6260,44,7000,4,1,1,5,1,2900101,1000000
2024BG0003806,1,844.37,70,1,2,1,7,4313,30,5000,3,1,1,1,1,2900106,1000000
2024BG0003807,1,844.37,91,2,7,1,7,12406,88,0,0,6,1,1,1,2900106,1000000
2024BG0003808,1,844.37,24,2,3,1,14,57867,413,5000,3,1,1,5,1,2900104,1000000
2024BG0003809,1,844.37,40,1,1,1,10,10529,75,7000,3,1,1,1,1,2900106,1000000
2024BG0003810,1,844.37,38,2,1,1,13,19258,137,4000,1,4,1,1,1,2900101,1000000
2024BG0003811,1,844.37,19,1,2,1,14,35431,253,9800,3,1,1,5,1,2900104,1000000
2024BG0003812,1,844.37,4,2,2,1,7,5382,38,0,0,6,1,5,1,2900103,1000000
2024BG0003813,1,844.37,33,2,1,1,11,45138,322,1000,1,2,1,5,1,2900107,1000000
2024BG0003814,1,844.37,64,1,1,1,5,11328,80,8000,1,1,1,1,1,2900102,1000000
2024BG0003815,1,844.37,20,2,1,1,17,36476,260,4000,3,1,1,5,2,2900106,1000000
2024BG0003816,1,844.37,20,1,1,1,17,48794,348,1000,1,1,1,5,1,2900100,1000000
2024BG0003817,1,844.37,22,1,3,1,18,98994,501,4000,1,1,1,5,1,2900102,1000000
2024BG0003818,1,844.37,24,1,1,1,17,115785,501,4000,1,1,1,5,1,2900106,1000000
2024BG0003819,1,844.37,31,2,3,1,12,149312,501,6000,4,1,1,1,1,2900100,1000000
2024BG0003820,1,844.37,23,1,1,1,16,88801,501,6000,1,1,1,5,1,2900105,1000000
2024BG0003821,1,844.37,33,1,4,1,15,201532,501,4000,1,5,1,5,1,2900103,1000000
2024BG0003822,1,844.37,33,2,3,1,7,11758,83,5000,1,1,1,5,1,2900102,1000000
2024BG0003823,1,844.37,45,2,1,1,13,54743,391,1000,1,1,1,1,1,2900107,1000000
2024BG0003824,1,844.37,43,2,6,1,14,23636,168,5000,1,1,1,1,1,2900107,1000000
2024BG0003825,1,844.37,37,2,6,1,10,74080,501,5000,1,2,1,1,1,2900103,1000000
2024BG0003826,1,844.37,10,2,6,1,4,7344,52,0,0,6,1,5,1,2900105,1000000
2024BG0003827,1,844.37,18,1,2,1,14,29277,209,4000,1,1,1,5,1,2900104,1000000
2024BG0003828,1,844.37,8,2,1,1,4,4769,34,0,0,6,1,5,1,2900103,1000000
2024BG0003829,1,844.37,30,1,1,1,15,109372,501,4000,3,1,1,1,1,2900104,1000000
2024BG0003830,1,844.37,34,2,4,1,12,60450,431,4000,1,1,1,5,1,2900104,1000000
2024BG0003831,1,844.37,13,2,1,1,5,8402,60,0,0,6,1,5,1,2900106,1000000
2024BG0003832,1,844.37,18,1,5,1,14,30996,221,8000,4,1,1,1,1,2900101,1000000
2024BG0003833,1,844.37,34,1,1,1,6,7939,56,5000,1,1,1,5,1,2900101,1000000
2024BG0003834,1,844.37,34,1,1,1,9,156832,501,5000,4,1,1,5,1,2900107,1000000
2024BG0003835,1,844.37,6,1,7,1,6,1020,7,0,0,6,1,5,1,2900103,1000000
2024BG0003836,1,844.37,55,1,2,1,13,38404,274,7000,1,1,1,1,1,2900100,1000000
2024BG0003837,1,844.37,73,1,2,1,5,16657,118,0,0,6,1,2,1,2900107,1000000
2024BG0003838,1,844.37,11,1,2,1,3,5625,40,0,0,6,1,5,1,2900101,1000000
2024BG0003839,1,844.37,49,2,1,1,5,8033,57,5000,1,1,1,5,1,2900103,1000000
2024BG0003840,1,844.37,40,2,1,1,8,5465,39,9920,1,5,1,5,1,2900100,1000000
2024BG0003841,1,844.37,14,2,1,1,3,2872,20,0,0,6,1,5,1,2900106,1000000
2024BG0003842,1,844.37,4,2,3,1,3,1498,10,0,0,6,1,5,1,2900106,1000000
2024BG0003843,1,844.37,16,2,2,1,17,44111,315,0,0,6,1,5,1,2900106,1000000
2024BG0003844,1,844.37,27,1,1,1,8,15596,111,8000,6,1,1,1,1,2900106,1000000
2024BG0003845,1,844.37,27,1,1,1,13,71026,501,6000,4,1,1,5,1,2900103,1000000
2024BG0003846,1,844.37,37,2,3,1,5,13613,97,7000,4,1,1,1,1,2900107,1000000
2024BG0003847,1,844.37,29,2,2,1,8,3352,23,5000,3,3,1,5,1,2900103,1000000
2024BG0003848,1,844.37,14,2,6,1,6,13931,99,0,0,6,1,5,1,2900104,1000000
2024BG0003849,1,844.37,28,2,2,1,5,8381,59,5000,3,1,1,1,1,2900103,1000000
2024BG0003850,1,844.37,54,1,6,1,10,35879,256,6000,3,1,1,1,1,2900105,1000000
2024BG0003851,1,844.37,0,1,1,1,3,5078,36,0,0,6,1,5,1,2900103,1000000
2024BG0003852,1,844.37,22,1,1,1,16,122568,501,2000,1,1,1,5,1,2900100,1000000
2024BG0003853,1,844.37,6,1,1,1,1,8455,60,0,0,6,1,5,1,2900101,1000000
2024BG0003854,1,844.37,77,2,1,1,6,6264,44,0,0,6,1,1,1,2900107,1000000
2024BG0003855,1,844.37,11,1,5,1,4,15044,107,0,0,6,1,5,1,2900104,1000000
2024BG0003856,1,844.37,47,2,1,1,12,28691,204,5000,1,1,1,1,1,2900107,1000000
2024BG0003857,1,844.37,25,2,6,1,16,79151,501,3000,2,1,1,1,1,2900101,1000000
2024BG0003858,1,844.37,7,2,2,1,6,4321,30,0,0,6,1,5,1,2900101,1000000
2024BG0003859,1,844.37,47,1,6,1,9,54218,387,7000,1,4,1,1,1,2900106,1000000
2024BG0003860,1,844.37,41,2,2,1,14,48421,345,8000,4,1,1,1,1,2900105,1000000
2024BG0003861,1,844.37,19,1,1,1,15,42474,303,3000,2,1,1,5,1,2900100,1000000
2024BG0003862,1,844.37,27,2,5,1,11,12958,92,5000,3,1,1,1,1,2900102,1000000
2024BG0003863,1,844.37,16,2,2,1,14,7431,53,0,0,6,1,5,1,2900104,1000000
2024BG0003864,1,844.37,7,2,1,1,2,4685,33,0,0,6,1,5,1,2900106,1000000
2024BG0003865,1,844.37,31,1,5,1,14,25778,184,4000,1,1,1,5,1,2900100,1000000
2024BG0003866,1,844.37,27,2,6,1,14,59126,422,8000,1,1,1,5,1,2900107,1000000
2024BG0003867,1,844.37,56,1,5,1,7,7983,57,9000,1,1,1,2,1,2900101,1000000
2024BG0003868,1,844.37,25,2,3,1,14,18449,131,1000,3,1,1,1,1,2900106,1000000
2024BG0003869,1,844.37,19,1,1,1,17,12428,88,5000,4,2,1,5,1,2900105,1000000
2024BG0003870,1,844.37,30,2,7,1,15,130377,501,3000,1,1,1,1,1,2900100,1000000
2024BG0003871,1,844.37,3,1,2,1,5,3485,24,0,0,6,1,5,1,2900104,1000000
2024BG0003872,1,844.37,25,2,1,1,16,74843,501,2000,1,1,1,1,1,2900100,1000000
2024BG0003873,1,844.37,16,2,1,1,17,29602,211,0,0,6,1,5,1,2900107,1000000
2024BG0003874,1,844.37,43,1,1,1,6,22381,159,9800,4,1,1,1,1,2900100,1000000
2024BG0003875,1,844.37,6,1,1,1,1,2142,15,0,0,6,1,5,1,2900102,1000000
2024BG0003876,1,844.37,28,1,3,1,7,8941,63,5000,1,1,1,1,1,2900106,1000000
2024BG0003877,1,844.37,18,2,9,1,18,81719,501,4000,2,1,1,5,1,2900107,1000000
2024BG0003878,1,844.37,25,1,1,1,8,24883,177,6000,1,1,1,1,1,2900106,1000000
2024BG0003879,1,844.37,35,2,8,1,11,16524,118,4000,2,1,1,1,1,2900101,1000000
2024BG0003880,1,844.37,24,1,1,1,16,109644,501,3000,3,1,1,5,1,2900101,1000000
2024BG0003881,1,844.37,32,1,1,1,9,27770,198,7000,1,1,1,1,1,2900103,1000000
2024BG0003882,1,844.37,34,2,6,1,15,354445,501,4000,1,1,1,1,1,2900105,1000000
2024BG0003883,1,844.37,18,1,2,1,16,58873,420,2000,1,5,1,5,1,2900106,1000000
2024BG0003884,1,844.37,32,1,9,1,5,22866,163,9920,1,1,1,1,1,2900106,1000000
2024BG0003885,1,844.37,24,2,5,1,12,28291,202,6000,4,1,1,5,1,2900107,1000000
2024BG0003886,1,844.37,7,2,6,1,3,9772,69,0,0,6,1,5,1,2900103,1000000
2024BG0003887,1,844.37,20,1,3,1,18,88748,501,4000,1,1,1,5,1,2900106,1000000
2024BG0003888,1,844.37,21,1,2,1,11,17769,126,6000,1,1,1,5,1,2900103,1000000
2024BG0003889,1,844.37,26,1,3,1,12,70530,501,5000,1,2,1,1,1,2900100,1000000
2024BG0003890,1,844.37,26,2,5,1,5,17644,126,9920,3,1,1,1,1,2900105,1000000
2024BG0003891,1,844.37,26,2,1,1,13,25735,183,7000,1,1,1,5,1,2900105,1000000
2024BG0003892,1,844.37,37,2,2,1,13,27088,193,7000,4,4,1,5,1,2900103,1000000
2024BG0003893,1,844.37,55,1,1,1,13,14560,104,1000,1,1,1,1,1,2900101,1000000
2024BG0003894,1,844.37,6,1,2,1,3,2346,16,0,0,6,1,5,1,2900105,1000000
2024BG0003895,1,844.37,2,1,1,1,7,22372,159,0,0,6,1,5,1,2900106,1000000
2024BG0003896,1,844.37,22,2,1,1,17,150130,501,4000,2,1,1,1,1,2900101,1000000
2024BG0003897,1,844.37,5,2,1,1,3,2388,17,0,0,6,1,5,1,2900105,1000000
2024BG0003898,1,844.37,25,2,2,1,19,200038,501,3000,3,4,1,1,2,2900104,1000000
2024BG0003899,1,844.37,2,2,1,1,6,7097,50,0,0,6,1,5,1,2900103,1000000
2024BG0003900,1,844.37,29,2,1,1,6,25725,183,9920,4,1,1,5,1,2900104,1000000
2024BG0003901,1,844.37,33,1,1,1,15,92403,501,4000,1,1,1,5,1,2900106,1000000
2024BG0003902,1,844.37,22,1,2,1,19,139980,501,3000,1,1,1,5,1,2900103,1000000
2024BG0003903,1,844.37,49,1,6,1,9,40816,291,6000,1,1,1,1,1,2900107,1000000
2024BG0003904,1,844.37,11,2,2,1,6,3430,24,0,0,6,1,5,1,2900103,1000000
2024BG0003905,1,844.37,37,2,1,1,13,18614,132,5000,1,1,1,1,1,2900102,1000000
2024BG0003906,1,844.37,26,1,1,1,13,17384,124,6000,1,1,1,1,1,2900103,1000000
2024BG0003907,1,844.37,39,1,1,1,10,48189,344,7000,1,1,1,1,1,2900105,1000000
2024BG0003908,1,844.37,8,1,1,1,6,10909,77,0,0,6,1,5,1,2900105,1000000
2024BG0003909,1,844.37,11,2,7,1,5,3639,25,0,0,6,1,5,1,2900107,1000000
2024BG0003910,1,844.37,27,1,1,1,15,55468,396,1000,3,4,1,5,1,2900102,1000000
2024BG0003911,1,844.37,40,2,7,1,9,85106,501,9000,4,1,1,1,1,2900105,1000000
2024BG0003912,1,844.37,41,1,1,1,13,14033,100,7000,4,1,1,1,1,2900101,1000000
2024BG0003913,1,844.37,27,1,1,1,6,4914,35,9920,1,1,1,1,1,2900104,1000000
2024BG0003914,1,844.37,89,2,2,1,5,13851,98,0,0,6,1,1,1,2900107,1000000
2024BG0003915,1,844.37,33,2,6,1,10,39372,281,5000,1,1,1,1,1,2900104,1000000
2024BG0003916,1,844.37,23,2,1,1,14,43700,312,6000,3,1,1,5,1,2900103,1000000
2024BG0003917,1,844.37,44,1,1,1,12,11500,82,8000,1,1,1,1,1,2900104,1000000
2024BG0003918,1,844.37,32,2,3,1,8,36871,263,5000,1,1,1,1,1,2900102,1000000
2024BG0003919,1,844.37,36,2,7,1,8,51242,366,9800,3,1,1,1,1,2900105,1000000
2024BG0003920,1,844.37,31,2,1,1,5,32473,231,8000,4,1,1,1,1,2900102,1000000
2024BG0003921,1,844.37,26,2,1,1,13,19591,139,4000,1,1,1,1,1,2900105,1000000
2024BG0003922,1,844.37,18,1,1,1,17,28692,204,5000,6,3,1,5,1,2900106,1000000
2024BG0003923,1,844.37,10,2,3,1,5,3121,22,0,0,6,1,5,1,2900105,1000000
2024BG0003924,1,844.37,36,1,2,1,16,206708,501,3000,2,2,1,1,1,2900104,1000000
2024BG0003925,1,844.37,53,1,3,1,9,56696,404,3000,1,1,1,1,1,2900102,1000000
2024BG0003926,1,844.37,14,2,1,1,8,8777,62,0,0,6,1,5,1,2900100,1000000
2024BG0003927,1,844.37,11,1,2,1,4,4236,30,0,0,6,1,5,1,2900100,1000000
2024BG0003928,1,844.37,66,1,1,1,5,7445,53,5000,4,1,1,1,1,2900105,1000000
2024BG0003929,1,844.37,74,2,5,1,10,17422,124,0,0,6,1,1,1,2900106,1000000
2024BG0003930,1,844.37,59,2,1,1,10,77331,501,9000,3,1,1,2,1,2900103,1000000
2024BG0003931,1,844.37,41,2,1,1,13,103690,501,6000,1,1,1,1,1,2900104,1000000
2024BG0003932,1,844.37,1,2,5,1,3,6976,49,0,0,6,1,5,1,2900107,1000000
2024BG0003933,1,844.37,16,1,1,1,19,152264,501,0,0,6,1,5,1,2900104,1000000
2024BG0003934,1,844.37,29,1,1,1,12,12264,87,6000,1,2,1,1,1,2900102,1000000
2024BG0003935,1,844.37,31,2,1,1,17,59287,423,1000,2,1,1,1,1,2900101,1000000
2024BG0003936,1,844.37,20,2,1,1,13,46615,332,2000,1,1,1,5,1,2900106,1000000
2024BG0003937,1,844.37,11,2,1,1,8,11866,84,0,0,6,1,5,1,2900105,1000000
2024BG0003938,1,844.37,31,2,6,1,16,179805,501,4000,1,1,1,5,1,2900105,1000000
2024BG0003939,1,844.37,25,1,1,1,14,40624,290,5000,4,2,1,1,1,2900100,1000000
2024BG0003940,1,844.37,12,1,1,1,1,13673,97,0,0,6,1,5,1,2900105,1000000
2024BG0003941,1,844.37,23,1,4,1,14,20451,146,5000,1,1,1,5,1,2900106,1000000
2024BG0003942,1,844.37,44,1,7,1,13,88419,501,6000,3,1,1,1,1,2900105,1000000
2024BG0003943,1,844.37,27,2,3,1,14,91677,501,1000,3,1,1,1,1,2900104,1000000
2024BG0003944,1,844.37,19,1,1,1,16,33840,241,5000,1,1,1,5,1,2900102,1000000
2024BG0003945,1,844.37,8,1,1,1,2,971,6,0,0,6,1,5,1,2900103,1000000
2024BG0003946,1,844.37,50,1,1,1,5,16346,116,7000,1,2,1,1,1,2900107,1000000
2024BG0003947,1,844.37,26,2,1,1,11,23075,164,5000,6,1,1,5,1,2900107,1000000
2024BG0003948,1,844.37,25,1,8,1,12,55485,396,9000,3,1,1,1,1,2900107,1000000
2024BG0003949,1,844.37,42,1,3,1,10,34260,244,7000,1,1,1,1,1,2900106,1000000
2024BG0003950,1,844.37,50,1,1,1,14,57005,407,5000,1,1,1,2,1,2900107,1000000
2024BG0003951,1,844.37,25,1,1,1,9,78279,501,3000,1,1,1,1,1,2900104,1000000
2024BG0003952,1,844.37,55,2,2,1,8,38098,272,6000,1,1,1,5,1,2900101,1000000
2024BG0003953,1,844.37,15,1,1,1,16,31417,224,0,0,6,1,5,1,2900102,1000000
2024BG0003954,1,844.37,12,1,1,1,1,7111,50,0,0,6,1,5,1,2900105,1000000
2024BG0003955,1,844.37,9,2,1,1,9,12111,86,0,0,6,1,5,1,2900105,1000000
2024BG0003956,1,844.37,26,2,1,1,7,77404,501,9800,6,1,1,1,1,2900107,1000000
2024BG0003957,1,844.37,28,1,7,1,14,11774,84,7000,1,2,1,5,1,2900104,1000000
2024BG0003958,1,844.37,38,1,1,1,10,79399,501,6000,1,1,1,1,1,2900107,1000000
2024BG0003959,1,844.37,37,1,6,1,11,29172,208,2000,3,1,1,5,1,2900107,1000000
2024BG0003960,1,844.37,14,2,4,1,1,12465,89,0,0,6,1,5,1,2900105,1000000
2024BG0003961,1,844.37,33,1,1,1,9,65203,465,8000,6,1,1,5,1,2900104,1000000
2024BG0003962,1,844.37,22,1,6,1,19,195268,501,4000,1,1,1,1,1,2900106,1000000
2024BG0003963,1,844.37,3,2,7,1,3,10850,77,0,0,6,1,5,1,2900101,1000000
2024BG0003964,1,844.37,15,2,6,1,17,40732,290,0,0,6,1,5,1,2900105,1000000
2024BG0003965,1,844.37,11,1,1,1,8,3008,21,0,0,6,1,5,1,2900102,1000000
2024BG0003966,1,844.37,23,2,3,1,14,37615,268,5000,4,1,1,1,1,2900101,1000000
2024BG0003967,1,844.37,16,2,6,1,16,17516,125,0,0,6,1,5,1,2900107,1000000
2024BG0003968,1,844.37,4,2,3,1,7,2466,17,0,0,6,1,5,1,2900101,1000000
2024BG0003969,1,844.37,80,2,3,1,5,6354,45,0,0,6,1,1,1,2900104,1000000
2024BG0003970,1,844.37,24,2,1,1,17,72115,501,2000,1,1,1,5,1,2900102,1000000
2024BG0003971,1,844.37,34,2,6,1,13,59285,423,5000,1,1,1,5,1,2900107,1000000
2024BG0003972,1,844.37,31,1,1,1,11,30448,217,5000,1,1,1,1,1,2900100,1000000
2024BG0003973,1,844.37,15,2,1,1,14,27773,198,0,0,6,1,5,1,2900101,1000000
2024BG0003974,1,844.37,3,1,1,1,2,3996,28,0,0,6,1,5,1,2900105,1000000
2024BG0003975,1,844.37,12,1,1,1,1,3798,27,0,0,6,1,5,1,2900106,1000000
2024BG0003976,1,844.37,43,2,5,1,6,21699,154,7000,1,1,1,5,1,2900103,1000000
2024BG0003977,1,844.37,4,2,2,1,2,15343,109,0,0,6,1,5,1,2900100,1000000
2024BG0003978,1,844.37,3,1,1,1,4,7930,56,0,0,6,1,5,1,2900100,1000000
2024BG0003979,1,844.37,9,2,1,1,6,11550,82,0,0,6,1,5,1,2900101,1000000
2024BG0003980,1,844.37,26,2,1,1,15,81025,501,4000,1,1,1,1,1,2900100,1000000
2024BG0003981,1,844.37,56,2,4,1,5,11426,81,9920,1,1,1,1,1,2900100,1000000
2024BG0003982,1,844.37,19,2,1,1,13,2896,20,5000,1,1,1,5,1,2900100,1000000
2024BG0003983,1,844.37,28,1,1,1,7,8461,60,6000,1,1,1,1,1,2900102,1000000
2024BG0003984,1,844.37,6,1,2,1,5,7234,51,0,0,6,1,5,1,2900103,1000000
2024BG0003985,1,844.37,0,2,4,1,7,7952,56,0,0,6,1,5,1,2900106,1000000
2024BG0003986,1,844.37,38,1,2,1,9,93763,501,6000,1,1,1,1,1,2900107,1000000
2024BG0003987,1,844.37,47,1,6,1,12,70258,501,4000,2,1,1,5,1,2900106,1000000
2024BG0003988,1,844.37,29,1,7,1,11,32899,234,9000,1,1,1,1,1,2900105,1000000
2024BG0003989,1,844.37,25,2,2,1,5,12156,86,8000,4,4,1,1,1,2900106,1000000
2024BG0003990,1,844.37,34,2,1,1,9,40948,292,5000,4,1,1,5,1,2900101,1000000
2024BG0003991,1,844.37,10,1,3,1,4,922,6,0,0,6,1,5,1,2900105,1000000
2024BG0003992,1,844.37,53,2,7,1,11,60974,435,9800,1,1,1,1,1,2900107,1000000
2024BG0003993,1,844.37,58,1,3,1,8,14295,102,8000,1,1,1,2,1,2900107,1000000
2024BG0003994,1,844.37,8,1,1,1,6,3016,21,0,0,6,1,5,1,2900102,1000000
2024BG0003995,1,844.37,31,2,1,1,18,312705,501,6000,4,1,1,1,1,2900104,1000000
2024BG0003996,1,844.37,19,2,2,1,15,27794,198,5000,4,1,1,5,1,2900103,1000000
2024BG0003997,1,844.37,46,1,3,1,12,19988,142,8000,4,1,1,1,1,2900102,1000000
2024BG0003998,1,844.37,23,2,6,1,14,26012,185,4000,1,1,1,5,1,2900105,1000000
2024BG0003999,1,844.37,12,1,1,1,6,2498,17,0,0,6,1,5,1,2900104,1000000
2024BG0004000,1,844.37,43,1,2,1,6,22163,158,8000,6,1,1,1,1,2900105,1000000
2024BG0004001,1,844.37,18,1,5,1,17,29732,212,5000,1,1,1,5,1,2900107,1000000
2024BG0004002,1,844.37,8,2,3,1,5,7512,53,0,0,6,1,5,1,2900104,1000000
2024BG0004003,1,844.37,16,2,3,1,19,46611,332,0,0,6,1,5,1,2900102,1000000
2024BG0004004,1,844.37,13,1,3,1,4,19925,142,0,0,6,1,5,1,2900105,1000000
2024BG0004005,1,844.37,28,2,1,1,12,20803,148,6000,3,1,1,1,1,2900107,1000000
2024BG0004006,1,844.37,35,1,1,1,16,156951,501,4000,2,1,1,5,1,2900106,1000000
2024BG0004007,1,844.37,1,2,1,1,3,1363,9,0,0,6,1,5,1,2900105,1000000
2024BG0004008,1,844.37,51,2,1,1,5,7382,52,5000,6,5,1,1,1,2900105,1000000
2024BG0004009,1,844.37,0,2,4,1,9,9420,67,0,0,6,1,5,1,2900103,1000000
2024BG0004010,1,844.37,41,2,1,1,12,80596,501,6000,4,1,5,1,1,2900105,1000000
2024BG0004011,1,844.37,24,1,1,1,16,170992,501,3000,3,1,1,5,1,2900101,1000000
2024BG0004012,1,844.37,57,1,1,1,12,54357,388,7000,1,1,1,1,1,2900103,1000000
2024BG0004013,1,844.37,34,1,4,1,5,27266,194,7000,1,1,1,5,1,2900105,1000000
2024BG0004014,1,844.37,43,2,4,1,11,36733,262,4000,1,1,1,1,1,2900100,1000000
2024BG0004015,1,844.37,49,2,1,1,8,24531,175,9800,3,1,1,1,1,2900105,1000000
2024BG0004016,1,844.37,11,2,1,1,5,16392,117,0,0,6,1,5,1,2900106,1000000
2024BG0004017,1,844.37,10,1,2,1,4,6751,48,0,0,6,1,5,1,2900102,1000000
2024BG0004018,1,844.37,38,2,1,1,16,114088,501,1000,1,1,1,1,1,2900107,1000000
2024BG0004019,1,844.37,34,2,1,1,16,168875,501,4000,3,1,1,1,1,2900106,1000000
2024BG0004020,1,844.37,14,2,3,1,5,1024,7,0,0,6,1,5,1,2900103,1000000
2024BG0004021,1,844.37,17,2,1,1,14,7610,54,0,0,6,1,5,1,2900101,1000000
2024BG0004022,1,844.37,39,1,9,1,11,58720,419,5000,3,1,1,1,1,2900101,1000000
2024BG0004023,1,844.37,28,2,1,1,19,226013,501,4000,1,1,1,1,1,2900107,1000000
2024BG0004024,1,844.37,34,1,1,1,12,41380,295,4000,1,1,1,5,1,2900102,1000000
2024BG0004025,1,844.37,36,1,1,1,8,75486,501,7000,1,1,1,5,1,2900101,1000000
2024BG0004026,1,844.37,38,1,6,1,9,127170,501,8000,1,1,5,5,1,2900105,1000000
2024BG0004027,1,844.37,20,1,6,1,16,39671,283,1000,1,1,1,5,1,2900104,1000000
2024BG0004028,1,844.37,37,1,5,1,16,381043,501,1000,1,1,1,1,1,2900104,1000000
2024BG0004029,1,844.37,9,2,2,1,5,2774,19,0,0,6,1,5,1,2900102,1000000
2024BG0004030,1,844.37,50,2,1,1,9,61591,439,9800,1,1,1,1,1,2900104,1000000
2024BG0004031,1,844.37,34,1,1,1,9,30733,219,5000,1,1,1,1,1,2900100,1000000
2024BG0004032,1,844.37,19,1,5,1,17,30943,221,6000,1,1,1,5,1,2900106,1000000
2024BG0004033,1,844.37,53,2,1,1,13,44942,321,6000,1,1,1,3,1,2900101,1000000
2024BG0004034,1,844.37,54,1,4,1,7,26961,192,9920,1,1,1,1,1,2900104,1000000
2024BG0004035,1,844.37,35,1,2,1,12,38460,274,4000,3,1,2,1,1,2900106,1000000
2024BG0004036,1,844.37,29,1,5,1,8,23461,167,7000,3,1,1,1,1,2900107,1000000
2024BG0004037,1,844.37,18,1,1,1,13,17191,122,7000,1,1,1,1,1,2900101,1000000
2024BG0004038,1,844.37,26,2,4,1,13,42535,303,1000,3,1,1,5,1,2900100,1000000
2024BG0004039,1,844.37,14,1,3,1,1,2555,18,0,0,6,1,5,2,2900101,1000000
2024BG0004040,1,844.37,49,1,1,1,5,10861,77,9920,1,1,1,1,1,2900104,1000000
2024BG0004041,1,844.37,40,1,6,1,15,158020,501,3000,1,1,1,1,1,2900107,1000000
2024BG0004042,1,844.37,49,1,3,1,8,40755,291,8000,1,1,1,1,1,2900106,1000000
2024BG0004043,1,844.37,26,2,4,1,15,89492,501,4000,2,1,1,1,1,2900107,1000000
2024BG0004044,1,844.37,15,2,1,1,13,3248,23,0,0,6,1,5,1,2900107,1000000
2024BG0004045,1,844.37,42,2,1,1,19,274027,501,4000,2,1,1,1,1,2900103,1000000
2024BG0004046,1,844.37,11,1,4,1,4,7376,52,0,0,6,1,5,1,2900100,1000000
2024BG0004047,1,844.37,38,2,1,1,7,21241,151,7000,1,1,1,1,1,2900102,1000000
2024BG0004048,1,844.37,57,1,1,1,9,13168,94,5000,1,1,1,1,1,2900106,1000000
2024BG0004049,1,844.37,45,1,1,1,9,88702,501,3000,1,1,1,1,1,2900106,1000000
2024BG0004050,1,844.37,23,1,1,1,14,110314,501,2000,2,1,1,5,1,2900107,1000000
2024BG0004051,1,844.37,2,1,1,1,3,9991,71,0,0,6,1,5,1,2900106,1000000
2024BG0004052,1,844.37,11,2,1,1,6,14994,107,0,0,6,1,5,1,2900106,1000000
2024BG0004053,1,844.37,30,1,1,1,17,141910,501,4000,1,1,1,5,1,2900102,1000000
2024BG0004054,1,844.37,23,1,1,1,17,222029,501,4000,1,4,1,1,1,2900106,1000000
2024BG0004055,1,844.37,59,1,5,1,5,4166,29,9000,4,1,1,2,1,2900101,1000000
2024BG0004056,1,844.37,61,2,2,1,5,7143,51,9920,1,1,1,1,1,2900103,1000000
2024BG0004057,1,844.37,38,1,4,1,8,18014,128,6000,1,1,1,1,1,2900102,1000000
2024BG0004058,1,844.37,13,1,2,1,6,13946,99,0,0,6,1,5,2,2900105,1000000
2024BG0004059,1,844.37,14,1,6,1,4,4926,35,0,0,6,1,5,1,2900107,1000000
2024BG0004060,1,844.37,98,1,5,1,12,35309,252,0,0,6,1,5,1,2900107,1000000
2024BG0004061,1,844.37,30,1,2,1,5,11661,83,9920,1,1,1,5,1,2900106,1000000
2024BG0004062,1,844.37,24,2,1,1,12,39878,284,2000,3,1,1,5,1,2900100,1000000
2024BG0004063,1,844.37,16,1,6,1,17,55657,397,0,0,6,1,5,1,2900103,1000000
2024BG0004064,1,844.37,28,2,4,1,14,31010,221,4000,1,1,1,1,1,2900106,1000000
2024BG0004065,1,844.37,36,2,4,1,13,51652,368,5000,6,1,1,1,1,2900104,1000000
2024BG0004066,1,844.37,42,2,1,1,15,125081,501,3000,1,1,1,1,1,2900105,1000000
2024BG0004067,1,844.37,51,2,6,1,9,21687,154,9000,1,1,1,1,1,2900105,1000000
2024BG0004068,1,844.37,11,2,1,1,6,5842,41,0,0,6,1,5,1,2900103,1000000
2024BG0004069,1,844.37,56,1,2,1,6,8556,61,7000,3,1,1,1,2,2900104,1000000
2024BG0004070,1,844.37,24,1,1,1,12,47855,341,7000,1,1,1,5,1,2900101,1000000
2024BG0004071,1,844.37,64,2,1,1,7,4561,32,8000,1,1,1,1,1,2900105,1000000
2024BG0004072,1,844.37,34,2,2,1,12,21076,150,4000,1,1,1,1,1,2900101,1000000
2024BG0004073,1,844.37,18,1,1,1,18,32877,234,6000,4,1,1,1,1,2900101,1000000
2024BG0004074,1,844.37,36,2,2,1,5,6027,43,9800,3,1,1,1,1,2900105,1000000
2024BG0004075,1,844.37,24,2,1,1,11,37512,267,9000,1,1,1,5,1,2900100,1000000
2024BG0004076,1,844.37,16,1,5,1,12,5579,39,0,0,6,1,5,1,2900106,1000000
2024BG0004077,1,844.37,22,1,1,1,10,47612,340,3000,1,1,1,1,1,2900105,1000000
2024BG0004078,1,844.37,57,1,2,1,15,118220,501,5000,6,1,1,2,1,2900105,1000000
2024BG0004079,1,844.37,30,2,1,1,6,19354,138,8000,1,5,1,1,1,2900106,1000000
2024BG0004080,1,844.37,19,2,7,1,14,14257,101,4000,2,1,1,5,1,2900107,1000000
2024BG0004081,1,844.37,39,2,3,1,16,250927,501,4000,2,1,1,1,1,2900101,1000000
2024BG0004082,1,844.37,12,2,8,1,4,9205,65,0,0,6,1,5,1,2900105,1000000
2024BG0004083,1,844.37,7,2,6,1,9,10326,73,0,0,6,1,5,1,2900107,1000000
2024BG0004084,1,844.37,51,2,3,1,9,28109,200,5000,1,1,1,1,2,2900101,1000000
2024BG0004085,1,844.37,27,2,1,1,12,10757,76,6000,6,1,1,1,1,2900102,1000000
2024BG0004086,1,844.37,4,2,5,1,8,2687,19,0,0,6,1,5,1,2900101,1000000
2024BG0004087,1,844.37,21,1,3,1,20,54953,392,4000,2,1,1,1,2,2900106,1000000
2024BG0004088,1,844.37,44,1,1,1,11,32315,230,4000,1,1,1,1,1,2900104,1000000
2024BG0004089,1,844.37,77,1,1,1,9,15215,108,0,0,6,1,1,2,2900102,1000000
2024BG0004090,1,844.37,10,1,1,1,3,7388,52,0,0,6,1,5,1,2900101,1000000
2024BG0004091,1,844.37,56,2,1,1,18,243853,501,3000,1,1,1,1,1,2900106,1000000
2024BG0004092,1,844.37,25,2,1,1,18,236624,501,4000,1,1,1,5,1,2900105,1000000
2024BG0004093,1,844.37,42,1,6,1,17,89200,501,6000,3,1,1,1,1,2900103,1000000
2024BG0004094,1,844.37,14,1,2,1,2,7076,50,0,0,6,1,5,1,2900102,1000000
2024BG0004095,1,844.37,62,2,1,1,5,3142,22,6000,3,5,1,5,1,2900103,1000000
2024BG0004096,1,844.37,11,2,2,1,6,4931,35,0,0,6,1,5,1,2900104,1000000
2024BG0004097,1,844.37,9,2,1,1,1,1462,10,0,0,6,1,5,1,2900103,1000000
2024BG0004098,1,844.37,23,2,1,1,12,198424,501,8000,1,1,1,5,1,2900100,1000000
2024BG0004099,1,844.37,20,1,5,1,14,8725,62,9000,1,5,1,5,1,2900107,1000000
2024BG0004100,1,844.37,30,2,1,1,8,15211,108,9800,3,1,1,1,1,2900101,1000000
2024BG0004101,1,844.37,7,2,6,1,3,9446,67,0,0,6,1,5,1,2900102,1000000
2024BG0004102,1,844.37,3,1,6,1,2,4932,35,0,0,6,1,5,1,2900104,1000000
2024BG0004103,1,844.37,33,2,2,1,15,186514,501,3000,1,1,1,1,1,2900107,1000000
2024BG0004104,1,844.37,24,2,1,1,15,112912,501,4000,1,1,1,5,1,2900104,1000000
2024BG0004105,1,844.37,28,2,4,1,14,27472,196,4000,1,1,1,1,1,2900103,1000000
2024BG0004106,1,844.37,46,2,3,1,11,40602,290,2000,1,3,1,1,1,2900105,1000000
2024BG0004107,1,844.37,44,1,1,1,14,13547,96,6000,6,1,1,1,1,2900101,1000000
2024BG0004108,1,844.37,17,1,6,1,16,20505,146,0,0,6,1,5,1,2900107,1000000
2024BG0004109,1,844.37,19,1,2,1,11,86350,501,6000,1,2,1,5,1,2900100,1000000
2024BG0004110,1,844.37,53,1,1,1,12,122769,501,5000,6,1,1,1,1,2900104,1000000
2024BG0004111,1,844.37,18,1,8,1,13,15213,108,6000,4,1,1,5,1,2900106,1000000
2024BG0004112,1,844.37,30,2,5,1,13,36717,262,2000,2,1,1,1,1,2900103,1000000
2024BG0004113,1,844.37,22,1,3,1,12,36829,263,1000,1,1,1,5,1,2900100,1000000
2024BG0004114,1,844.37,59,1,1,1,14,40531,289,5000,3,1,1,5,1,2900103,1000000
2024BG0004115,1,844.37,29,1,1,1,13,26800,191,9800,1,1,1,5,1,2900103,1000000
2024BG0004116,1,844.37,1,2,6,1,6,17187,122,0,0,6,1,5,1,2900102,1000000
2024BG0004117,1,844.37,21,1,6,1,12,12571,89,4000,1,1,1,5,1,2900100,1000000
2024BG0004118,1,844.37,40,1,1,1,16,113871,501,4000,1,1,1,5,1,2900101,1000000
2024BG0004119,1,844.37,19,2,1,1,10,13936,99,4000,1,1,1,5,1,2900101,1000000
2024BG0004120,1,844.37,6,2,3,1,4,3748,26,0,0,6,1,5,2,2900103,1000000
2024BG0004121,1,844.37,7,2,1,1,8,2313,16,0,0,6,1,5,1,2900107,1000000
2024BG0004122,1,844.37,13,2,1,1,3,7222,51,0,0,6,1,5,1,2900106,1000000
2024BG0004123,1,844.37,20,2,5,1,15,31709,226,6000,1,1,1,5,1,2900103,1000000
2024BG0004124,1,844.37,58,1,9,1,8,19116,136,7000,1,1,1,1,1,2900101,1000000
2024BG0004125,1,844.37,42,1,1,1,10,29687,212,6000,4,1,1,5,1,2900103,1000000
2024BG0004126,1,844.37,11,2,1,1,5,6071,43,0,0,6,1,5,1,2900106,1000000
2024BG0004127,1,844.37,16,2,2,1,13,21430,153,0,0,6,1,5,1,2900106,1000000
2024BG0004128,1,844.37,18,1,1,1,16,113858,501,6000,4,5,1,5,1,2900101,1000000
2024BG0004129,1,844.37,20,1,8,1,18,26468,189,5000,6,1,1,1,1,2900102,1000000
2024BG0004130,1,844.37,26,1,1,1,8,3357,23,8000,4,5,1,1,1,2900106,1000000
2024BG0004131,1,844.37,50,2,4,1,12,48603,347,4000,2,1,1,1,1,2900101,1000000
2024BG0004132,1,844.37,39,1,3,1,6,5993,42,6000,1,1,1,1,1,2900105,1000000
2024BG0004133,1,844.37,82,1,2,1,12,18028,128,0,0,6,1,5,1,2900105,1000000
2024BG0004134,1,844.37,18,2,9,1,14,14459,103,4000,2,1,1,1,2,2900107,1000000
2024BG0004135,1,844.37,54,1,1,1,14,12767,91,6000,1,1,1,5,1,2900105,1000000
2024BG0004136,1,844.37,8,2,6,1,1,5061,36,0,0,6,1,5,1,2900102,1000000
2024BG0004137,1,844.37,35,2,1,1,11,60760,434,7000,3,1,1,1,1,2900100,1000000
2024BG0004138,1,844.37,67,1,1,1,7,17793,127,6000,1,1,1,3,1,2900102,1000000
2024BG0004139,1,844.37,59,2,1,1,9,21558,153,7000,6,1,1,5,1,2900100,1000000
2024BG0004140,1,844.37,40,1,1,1,14,42642,304,1000,2,1,1,5,1,2900105,1000000
2024BG0004141,1,844.37,38,1,2,1,10,70701,501,4000,3,1,1,1,1,2900106,1000000
2024BG0004142,1,844.37,43,2,6,1,12,57173,408,7000,4,1,5,1,1,2900106,1000000
2024BG0004143,1,844.37,10,2,1,1,7,10325,73,0,0,6,1,5,1,2900100,1000000
2024BG0004144,1,844.37,6,1,1,1,9,20404,145,0,0,6,1,5,1,2900100,1000000
2024BG0004145,1,844.37,36,2,4,1,13,34638,247,4000,1,1,1,1,1,2900106,1000000
2024BG0004146,1,844.37,21,1,3,1,15,17212,122,1000,1,2,1,5,1,2900100,1000000
2024BG0004147,1,844.37,9,1,6,1,4,4636,33,0,0,6,1,5,1,2900100,1000000
2024BG0004148,1,844.37,4,2,1,1,3,1084,7,0,0,6,1,5,1,2900100,1000000
2024BG0004149,1,844.37,45,1,3,1,13,19264,137,6000,1,1,1,1,1,2900100,1000000
2024BG0004150,1,844.37,31,1,2,1,12,95549,501,6000,3,1,1,5,2,2900106,1000000
2024BG0004151,1,844.37,44,2,1,1,10,51383,367,4000,1,1,1,1,1,2900105,1000000
2024BG0004152,1,844.37,22,1,1,1,17,88054,501,6000,1,1,1,1,1,2900101,1000000
2024BG0004153,1,844.37,3,2,3,1,4,3179,22,0,0,6,1,5,1,2900100,1000000
2024BG0004154,1,844.37,40,1,3,1,11,44140,315,1000,2,4,1,1,1,2900104,1000000
2024BG0004155,1,844.37,27,2,1,1,15,478673,501,4000,1,1,1,5,1,2900101,1000000
2024BG0004156,1,844.37,39,1,2,1,6,26682,190,5000,3,1,1,1,1,2900102,1000000
2024BG0004157,1,844.37,27,1,1,1,10,31958,228,3000,3,1,1,1,1,2900103,1000000
2024BG0004158,1,844.37,4,1,6,1,4,14412,102,0,0,6,1,5,1,2900107,1000000
2024BG0004159,1,844.37,7,1,7,1,5,9784,69,0,0,6,1,5,1,2900106,1000000
2024BG0004160,1,844.37,20,2,6,1,17,36097,257,5000,1,1,1,1,1,2900101,1000000
2024BG0004161,1,844.37,17,1,5,1,11,34081,243,0,0,6,1,5,1,2900101,1000000
2024BG0004162,1,844.37,26,2,1,1,6,57979,414,5000,1,2,1,1,1,2900106,1000000
2024BG0004163,1,844.37,51,1,2,1,11,78494,501,8000,3,1,1,5,1,2900106,1000000
2024BG0004164,1,844.37,16,2,7,1,18,25221,180,0,0,6,1,5,1,2900107,1000000
2024BG0004165,1,844.37,24,2,1,1,15,103595,501,4000,1,3,1,5,1,2900105,1000000
2024BG0004166,1,844.37,22,2,9,1,13,39057,278,7000,4,1,1,1,1,2900104,1000000
2024BG0004167,1,844.37,53,1,3,1,11,17354,123,2000,1,1,1,1,1,2900101,1000000
2024BG0004168,1,844.37,39,1,1,1,12,22369,159,6000,6,1,1,1,1,2900107,1000000
2024BG0004169,1,844.37,24,2,4,1,12,43501,310,5000,1,1,1,5,1,2900104,1000000
2024BG0004170,1,844.37,58,1,3,1,10,25640,183,8000,3,1,1,1,1,2900107,1000000
2024BG0004171,1,844.37,20,1,7,1,16,81062,501,5000,6,1,1,5,1,2900101,1000000
2024BG0004172,1,844.37,17,2,1,1,12,7144,51,0,0,6,1,5,1,2900103,1000000
2024BG0004173,1,844.37,36,1,1,1,14,29206,208,8000,6,1,1,1,1,2900102,1000000
2024BG0004174,1,844.37,23,2,2,1,12,33357,238,6000,1,1,1,5,1,2900106,1000000
2024BG0004175,1,844.37,43,2,1,1,14,39490,282,4000,2,1,1,1,1,2900104,1000000
2024BG0004176,1,844.37,58,2,1,1,10,55884,399,2000,3,1,1,2,1,2900101,1000000
2024BG0004177,1,844.37,42,2,7,1,10,15873,113,9000,1,1,1,1,1,2900103,1000000
2024BG0004178,1,844.37,15,2,1,1,14,26018,185,0,0,6,1,5,1,2900100,1000000
2024BG0004179,1,844.37,44,1,1,1,10,91989,501,2000,3,4,1,5,1,2900100,1000000
2024BG0004180,1,844.37,7,1,1,1,6,3565,25,0,0,6,1,5,1,2900101,1000000
2024BG0004181,1,844.37,32,2,5,1,15,260328,501,3000,1,1,1,1,1,2900103,1000000
2024BG0004182,1,844.37,2,2,5,1,6,6138,43,0,0,6,1,5,1,2900100,1000000
2024BG0004183,1,844.37,9,2,1,1,8,3767,26,0,0,6,1,5,1,2900106,1000000
2024BG0004184,1,844.37,29,2,9,1,9,14450,103,4000,1,1,1,5,1,2900107,1000000
2024BG0004185,1,844.37,4,1,3,1,4,2626,18,0,0,6,1,5,2,2900104,1000000
2024BG0004186,1,844.37,40,2,2,1,13,45861,327,4000,1,1,1,1,1,2900100,1000000
2024BG0004187,1,844.37,38,1,1,1,13,26683,190,4000,3,1,1,1,1,2900104,1000000
2024BG0004188,1,844.37,49,2,6,1,17,145961,501,4000,1,1,1,5,1,2900101,1000000
2024BG0004189,1,844.37,34,1,1,1,9,33989,242,4000,1,1,1,1,1,2900101,1000000
2024BG0004190,1,844.37,15,2,1,1,13,13526,96,0,0,6,1,5,1,2900100,1000000
2024BG0004191,1,844.37,41,1,3,1,11,20191,144,6000,1,1,1,1,1,2900102,1000000
2024BG0004192,1,844.37,29,1,6,1,11,25928,185,7000,6,1,1,1,1,2900104,1000000
2024BG0004193,1,844.37,23,1,5,1,16,101093,501,4000,3,5,1,5,1,2900101,1000000
2024BG0004194,1,844.37,9,1,1,1,4,6420,45,0,0,6,1,5,1,2900106,1000000
2024BG0004195,1,844.37,2,2,4,1,6,1873,13,0,0,6,1,5,1,2900103,1000000
2024BG0004196,1,844.37,35,2,1,1,5,22889,163,8000,4,1,1,1,1,2900107,1000000
2024BG0004197,1,844.37,21,1,5,1,18,42293,302,4000,1,1,1,1,1,2900104,1000000
2024BG0004198,1,844.37,2,1,1,1,3,4816,34,0,0,6,1,5,1,2900100,1000000
2024BG0004199,1,844.37,44,1,4,1,11,110549,501,4000,1,1,1,1,1,2900104,1000000
2024BG0004200,1,844.37,29,2,2,1,6,14323,102,6000,1,1,1,5,1,2900103,1000000
2024BG0004201,1,844.37,23,1,1,1,15,74518,501,5000,4,1,1,5,1,2900100,1000000
2024BG0004202,1,844.37,19,1,2,1,16,60180,429,4000,1,1,1,5,1,2900101,1000000
2024BG0004203,1,844.37,59,1,6,1,12,18217,130,4000,1,2,1,1,1,2900102,1000000
2024BG0004204,1,844.37,2,2,2,1,9,14914,106,0,0,6,1,5,1,2900105,1000000
2024BG0004205,1,844.37,29,1,3,1,8,17142,122,6000,3,1,1,5,1,2900107,1000000
2024BG0004206,1,844.37,52,1,6,1,10,51173,365,8000,1,1,1,1,1,2900105,1000000
2024BG0004207,1,844.37,4,2,1,1,1,1032,7,0,0,6,1,5,1,2900100,1000000
2024BG0004208,1,844.37,66,1,3,1,12,15871,113,6000,1,1,1,5,1,2900104,1000000
2024BG0004209,1,844.37,15,1,3,1,12,27687,197,0,0,6,1,5,1,2900102,1000000
2024BG0004210,1,844.37,18,2,2,1,18,22142,158,4000,1,1,1,5,1,2900104,1000000
2024BG0004211,1,844.37,50,1,7,1,7,11918,85,5000,1,1,1,1,1,2900106,1000000
2024BG0004212,1,844.37,47,2,1,1,7,8390,59,8000,1,1,1,1,1,2900102,1000000
2024BG0004213,1,844.37,15,2,3,1,15,103509,501,0,0,6,1,5,1,2900102,1000000
2024BG0004214,1,844.37,33,2,3,1,15,206818,501,4000,2,1,1,1,1,2900102,1000000
2024BG0004215,1,844.37,50,1,1,1,10,91418,501,3000,1,1,1,2,1,2900105,1000000
2024BG0004216,1,844.37,10,2,2,1,3,27641,197,0,0,6,1,5,1,2900106,1000000
2024BG0004217,1,844.37,20,2,1,1,19,74287,501,2000,1,1,1,5,1,2900105,1000000
2024BG0004218,1,844.37,48,1,4,1,18,77747,501,4000,2,1,1,1,1,2900107,1000000
2024BG0004219,1,844.37,8,2,2,1,2,5085,36,0,0,6,1,5,1,2900103,1000000
2024BG0004220,1,844.37,44,2,1,1,10,26939,192,5000,1,1,1,5,1,2900107,1000000
2024BG0004221,1,844.37,34,1,2,1,8,42477,303,9800,3,1,1,5,1,2900104,1000000
2024BG0004222,1,844.37,45,2,6,1,12,36925,263,5000,3,1,1,1,1,2900105,1000000
2024BG0004223,1,844.37,23,2,1,1,18,62979,449,2000,1,1,1,5,1,2900102,1000000
2024BG0004224,1,844.37,35,1,1,1,7,21078,150,5000,1,1,1,1,1,2900106,1000000
2024BG0004225,1,844.37,0,2,2,1,7,10314,73,0,0,6,1,5,1,2900104,1000000
2024BG0004226,1,844.37,9,1,3,1,4,5411,38,0,0,6,1,5,1,2900107,1000000
2024BG0004227,1,844.37,52,1,9,1,13,25899,184,4000,1,1,1,1,1,2900102,1000000
2024BG0004228,1,844.37,33,2,8,1,12,26697,190,4000,1,1,1,1,1,2900104,1000000
2024BG0004229,1,844.37,0,1,2,1,2,3298,23,0,0,6,1,5,1,2900104,1000000
2024BG0004230,1,844.37,28,2,1,1,14,37690,269,6000,4,5,1,1,1,2900100,1000000
2024BG0004231,1,844.37,58,1,3,1,5,16951,121,9920,1,1,1,1,1,2900105,1000000
2024BG0004232,1,844.37,56,1,1,1,16,108870,501,4000,2,1,1,2,1,2900100,1000000
2024BG0004233,1,844.37,19,1,3,1,19,60482,432,2000,1,1,1,5,1,2900105,1000000
2024BG0004234,1,844.37,31,2,3,1,13,17781,127,4000,2,1,1,1,1,2900107,1000000
2024BG0004235,1,844.37,7,1,3,1,8,3948,28,0,0,6,1,5,1,2900104,1000000
2024BG0004236,1,844.37,21,1,1,1,19,174686,501,4000,1,1,1,1,1,2900102,1000000
2024BG0004237,1,844.37,24,2,3,1,15,60278,430,4000,2,2,1,5,1,2900100,1000000
2024BG0004238,1,844.37,44,1,1,1,11,42428,303,7000,1,1,1,5,1,2900107,1000000
2024BG0004239,1,844.37,10,1,1,1,2,2371,16,0,0,6,1,5,1,2900106,1000000
2024BG0004240,1,844.37,10,1,2,1,8,6836,48,0,0,6,1,5,1,2900101,1000000
2024BG0004241,1,844.37,28,1,1,1,16,131383,501,2000,1,1,1,5,1,2900103,1000000
2024BG0004242,1,844.37,43,1,2,1,12,49833,355,7000,1,1,1,1,1,2900107,1000000
2024BG0004243,1,844.37,8,1,1,1,6,3860,27,0,0,6,1,5,1,2900107,1000000
2024BG0004244,1,844.37,2,1,6,1,3,12428,88,0,0,6,1,5,1,2900100,1000000
2024BG0004245,1,844.37,35,1,5,1,16,90802,501,3000,1,2,1,1,1,2900107,1000000
2024BG0004246,1,844.37,17,2,4,1,17,31474,224,0,0,6,1,5,1,2900102,1000000
2024BG0004247,1,844.37,11,2,1,1,8,343,2,0,0,6,1,5,1,2900105,1000000
2024BG0004248,1,844.37,27,1,1,1,11,22100,157,4000,1,1,1,1,1,2900101,1000000
2024BG0004249,1,844.37,12,1,1,1,3,7402,52,0,0,6,1,5,2,2900100,1000000
2024BG0004250,1,844.37,16,1,1,1,17,47925,342,0,0,6,1,5,1,2900104,1000000
2024BG0004251,1,844.37,47,1,1,1,9,40553,289,6000,1,5,1,1,1,2900101,1000000
2024BG0004252,1,844.37,7,1,2,1,3,14715,105,0,0,6,1,5,1,2900100,1000000
2024BG0004253,1,844.37,18,1,5,1,19,83376,501,1000,1,1,1,5,1,2900102,1000000
2024BG0004254,1,844.37,6,2,6,1,4,4067,29,0,0,6,1,5,1,2900107,1000000
2024BG0004255,1,844.37,14,2,4,1,4,2600,18,0,0,6,1,5,1,2900106,1000000
2024BG0004256,1,844.37,21,2,6,1,11,28737,205,5000,1,1,1,5,1,2900103,1000000
2024BG0004257,1,844.37,8,2,1,1,1,9031,64,0,0,6,1,5,1,2900106,1000000
2024BG0004258,1,844.37,14,1,2,1,7,11066,79,0,0,6,1,5,1,2900105,1000000
2024BG0004259,1,844.37,55,2,1,1,15,213673,501,4000,1,1,1,5,1,2900103,1000000
2024BG0004260,1,844.37,56,2,4,1,6,23141,165,7000,3,1,1,1,1,2900106,1000000
2024BG0004261,1,844.37,2,1,5,1,1,13884,99,0,0,6,1,5,1,2900105,1000000
2024BG0004262,1,844.37,25,2,1,1,13,14785,105,2000,1,1,1,5,1,2900101,1000000
2024BG0004263,1,844.37,81,1,1,1,7,4482,32,0,0,6,1,5,1,2900105,1000000
2024BG0004264,1,844.37,53,2,4,1,13,185841,501,4000,1,1,1,1,1,2900100,1000000
2024BG0004265,1,844.37,48,2,2,1,5,14209,101,9000,3,1,1,1,1,2900105,1000000
2024BG0004266,1,844.37,36,2,2,1,11,38953,278,5000,6,1,1,1,1,2900106,1000000
2024BG0004267,1,844.37,26,2,6,1,14,33665,240,9000,4,1,1,5,1,2900101,1000000
2024BG0004268,1,844.37,12,2,1,1,5,7190,51,0,0,6,1,5,1,2900104,1000000
2024BG0004269,1,844.37,7,2,1,1,6,4964,35,0,0,6,1,5,1,2900104,1000000
2024BG0004270,1,844.37,18,2,1,1,18,49224,351,2000,1,1,1,5,1,2900105,1000000
2024BG0004271,1,844.37,42,1,4,1,8,24392,174,9920,1,1,1,1,2,2900107,1000000
2024BG0004272,1,844.37,7,1,1,1,9,6968,49,0,0,6,1,5,1,2900103,1000000
2024BG0004273,1,844.37,14,2,4,1,5,22872,163,0,0,6,1,5,1,2900102,1000000
2024BG0004274,1,844.37,27,2,5,1,12,67835,484,8000,4,1,1,5,1,2900101,1000000
2024BG0004275,1,844.37,49,1,7,1,6,30073,214,5000,1,1,1,1,1,2900104,1000000
2024BG0004276,1,844.37,27,1,1,1,14,46653,333,2000,3,1,1,1,1,2900106,1000000
2024BG0004277,1,844.37,31,1,2,1,6,9272,66,7000,1,1,1,1,1,2900102,1000000
2024BG0004278,1,844.37,48,2,1,1,14,48526,346,6000,1,1,1,1,1,2900104,1000000
2024BG0004279,1,844.37,35,1,2,1,13,67896,484,6000,3,1,1,1,1,2900101,1000000
2024BG0004280,1,844.37,11,2,3,1,6,3214,22,0,0,6,1,5,1,2900103,1000000
2024BG0004281,1,844.37,95,2,5,1,7,2952,21,0,0,6,1,1,1,2900101,1000000
2024BG0004282,1,844.37,26,1,7,1,5,24217,172,9000,1,1,1,1,1,2900100,1000000
2024BG0004283,1,844.37,58,1,2,1,15,110424,501,4000,1,1,1,1,1,2900105,1000000
2024BG0004284,1,844.37,27,1,1,1,14,69101,493,3000,1,1,1,1,1,2900101,1000000
2024BG0004285,1,844.37,21,2,5,1,15,59358,423,6000,3,1,1,5,1,2900107,1000000
2024BG0004286,1,844.37,29,2,6,1,13,12047,86,1000,1,1,1,1,1,2900107,1000000
2024BG0004287,1,844.37,17,1,2,1,19,219319,501,0,0,6,1,5,1,2900104,1000000
2024BG0004288,1,844.37,41,2,1,1,16,127720,501,5000,1,3,1,1,1,2900101,1000000
2024BG0004289,1,844.37,41,1,6,1,11,91000,501,4000,1,1,1,1,1,2900102,1000000
2024BG0004290,1,844.37,52,2,4,1,12,19014,135,8000,1,4,1,2,1,2900106,1000000
2024BG0004291,1,844.37,39,1,1,1,6,17182,122,9000,1,1,1,5,1,2900105,1000000
2024BG0004292,1,844.37,47,2,1,1,16,159785,501,4000,1,1,1,2,1,2900105,1000000
2024BG0004293,1,844.37,57,1,5,1,16,154341,501,3000,2,1,1,1,1,2900107,1000000
2024BG0004294,1,844.37,28,1,3,1,14,21686,154,6000,3,1,1,5,1,2900106,1000000
2024BG0004295,1,844.37,82,1,1,1,6,2711,19,0,0,6,1,1,1,2900105,1000000
2024BG0004296,1,844.37,7,2,1,1,8,7454,53,0,0,6,1,5,1,2900100,1000000
2024BG0004297,1,844.37,22,1,1,1,18,44251,316,4000,1,1,1,5,1,2900102,1000000
2024BG0004298,1,844.37,36,1,1,1,15,95573,501,4000,1,1,1,1,1,2900101,1000000
2024BG0004299,1,844.37,19,1,1,1,15,20836,148,4000,1,1,1,5,1,2900106,1000000
2024BG0004300,1,844.37,0,1,1,1,3,6228,44,0,0,6,1,5,1,2900107,1000000
2024BG0004301,1,844.37,35,2,1,1,14,41319,295,4000,1,1,1,1,1,2900100,1000000
2024BG0004302,1,844.37,19,1,1,1,18,93907,501,2000,1,1,1,5,1,2900104,1000000
2024BG0004303,1,844.37,32,1,2,1,9,54160,386,6000,3,1,1,1,1,2900102,1000000
2024BG0004304,1,844.37,31,1,1,1,15,108963,501,3000,1,1,1,1,1,2900106,1000000
2024BG0004305,1,844.37,37,1,2,1,16,205565,501,5000,4,1,1,1,1,2900100,1000000
2024BG0004306,1,844.37,34,2,3,1,9,22852,163,3000,1,1,1,5,1,2900103,1000000
2024BG0004307,1,844.37,46,1,1,1,12,78360,501,7000,1,1,1,1,1,2900100,1000000
2024BG0004308,1,844.37,19,1,9,1,18,33115,236,4000,3,1,1,5,1,2900101,1000000
2024BG0004309,1,844.37,27,2,1,1,17,277239,501,1000,1,1,1,5,1,2900105,1000000
2024BG0004310,1,844.37,42,2,2,1,14,28834,205,4000,1,2,1,1,1,2900101,1000000
2024BG0004311,1,844.37,8,2,2,1,3,10087,72,0,0,6,1,5,1,2900101,1000000
2024BG0004312,1,844.37,45,1,2,1,12,46498,332,2000,2,1,1,1,1,2900100,1000000
2024BG0004313,1,844.37,18,1,5,1,13,15259,108,8000,3,1,1,5,1,2900100,1000000
2024BG0004314,1,844.37,13,1,3,1,5,3152,22,0,0,6,1,5,1,2900101,1000000
2024BG0004315,1,844.37,16,1,1,1,14,8763,62,0,0,6,1,5,1,2900101,1000000
2024BG0004316,1,844.37,74,1,1,1,6,5147,36,0,0,6,1,1,1,2900105,1000000
2024BG0004317,1,844.37,52,1,2,1,6,11030,78,6000,1,3,1,1,1,2900106,1000000
2024BG0004318,1,844.37,56,1,6,1,7,11128,79,5000,6,5,1,1,1,2900103,1000000
2024BG0004319,1,844.37,63,2,1,1,6,24317,173,9920,3,1,1,5,1,2900104,1000000
2024BG0004320,1,844.37,7,1,1,1,4,4769,34,0,0,6,1,5,1,2900101,1000000
2024BG0004321,1,844.37,36,2,2,1,14,84994,501,4000,1,1,5,1,1,2900107,1000000
2024BG0004322,1,844.37,35,1,1,1,12,74592,501,6000,4,1,1,1,1,2900103,1000000
2024BG0004323,1,844.37,39,1,1,1,16,204067,501,4000,1,1,1,1,1,2900106,1000000
2024BG0004324,1,844.37,30,1,3,1,12,32658,233,6000,1,1,1,1,1,2900105,1000000
2024BG0004325,1,844.37,28,2,1,1,11,26128,186,7000,1,1,1,1,1,2900107,1000000
2024BG0004326,1,844.37,37,1,4,1,10,105280,501,6000,3,1,1,1,1,2900102,1000000
2024BG0004327,1,844.37,9,2,6,1,3,2783,19,0,0,6,1,5,1,2900107,1000000
2024BG0004328,1,844.37,32,2,2,1,11,104515,501,7000,6,1,1,1,1,2900100,1000000
2024BG0004329,1,844.37,24,2,1,1,16,76469,501,1000,1,1,1,5,1,2900106,1000000
2024BG0004330,1,844.37,31,2,1,1,9,32217,230,5000,1,1,1,1,1,2900101,1000000
2024BG0004331,1,844.37,25,1,5,1,5,7151,51,8000,3,1,1,1,1,2900105,1000000
2024BG0004332,1,844.37,12,2,3,1,9,20805,148,0,0,6,1,5,1,2900103,1000000
2024BG0004333,1,844.37,15,2,2,1,20,62577,446,0,0,6,1,5,1,2900104,1000000
2024BG0004334,1,844.37,17,2,3,1,13,32545,232,0,0,6,1,5,1,2900102,1000000
2024BG0004335,1,844.37,38,1,1,1,14,28773,205,9000,4,1,1,1,1,2900105,1000000
2024BG0004336,1,844.37,21,1,1,1,10,5269,37,4000,1,4,1,1,1,2900103,1000000
2024BG0004337,1,844.37,83,1,1,1,5,9584,68,0,0,6,1,2,1,2900101,1000000
2024BG0004338,1,844.37,10,1,4,1,1,12799,91,0,0,6,1,5,1,2900107,1000000
2024BG0004339,1,844.37,8,1,1,1,7,2833,20,0,0,6,1,5,1,2900103,1000000
2024BG0004340,1,844.37,9,2,5,1,1,3451,24,0,0,6,1,5,1,2900104,1000000
2024BG0004341,1,844.37,35,1,3,1,8,40474,289,5000,1,1,1,1,1,2900101,1000000
2024BG0004342,1,844.37,27,2,6,1,15,48253,344,4000,3,1,1,1,1,2900101,1000000
2024BG0004343,1,844.37,10,1,6,1,2,16943,121,0,0,6,1,5,1,2900106,1000000
2024BG0004344,1,844.37,25,1,1,1,17,102083,501,4000,3,1,1,1,1,2900103,1000000
2024BG0004345,1,844.37,42,2,1,1,12,16850,120,5000,1,4,5,1,1,2900107,1000000
2024BG0004346,1,844.37,13,2,3,1,1,3696,26,0,0,6,1,5,1,2900107,1000000
2024BG0004347,1,844.37,8,2,6,1,7,4032,28,0,0,6,1,5,1,2900106,1000000
2024BG0004348,1,844.37,85,2,1,1,5,16879,120,0,0,6,1,1,1,2900105,1000000
2024BG0004349,1,844.37,44,1,6,1,14,21224,151,6000,4,1,1,1,2,2900107,1000000
2024BG0004350,1,844.37,39,2,5,1,14,23316,166,3000,1,3,1,1,1,2900101,1000000
2024BG0004351,1,844.37,2,1,1,1,4,17110,122,0,0,6,1,5,1,2900102,1000000
2024BG0004352,1,844.37,2,1,6,1,8,1207,8,0,0,6,1,5,1,2900101,1000000
2024BG0004353,1,844.37,42,2,1,1,16,64924,463,4000,2,1,1,1,1,2900103,1000000
2024BG0004354,1,844.37,44,2,3,1,16,113544,501,3000,1,1,1,5,1,2900102,1000000
2024BG0004355,1,844.37,33,1,5,1,8,92209,501,6000,3,1,1,1,1,2900103,1000000
2024BG0004356,1,844.37,54,1,6,1,7,4603,32,9800,1,4,1,1,1,2900104,1000000
2024BG0004357,1,844.37,0,2,3,1,4,9639,68,0,0,6,1,5,1,2900100,1000000
2024BG0004358,1,844.37,15,2,1,1,13,9376,66,0,0,6,1,5,1,2900100,1000000
2024BG0004359,1,844.37,13,1,2,1,1,5213,37,0,0,6,1,5,1,2900102,1000000
2024BG0004360,1,844.37,4,2,1,1,4,18873,134,0,0,6,1,5,1,2900101,1000000
2024BG0004361,1,844.37,49,1,4,1,13,59600,425,7000,1,1,1,1,1,2900104,1000000
2024BG0004362,1,844.37,22,2,3,1,17,73429,501,4000,2,4,1,5,1,2900104,1000000
2024BG0004363,1,844.37,15,1,1,1,17,18029,128,0,0,6,1,5,1,2900102,1000000
2024BG0004364,1,844.37,49,2,6,1,9,25104,179,5000,6,1,1,1,1,2900107,1000000
2024BG0004365,1,844.37,53,1,1,1,11,70406,501,7000,4,1,1,1,2,2900100,1000000
2024BG0004366,1,844.37,27,2,1,1,6,14830,105,8000,4,1,2,1,1,2900102,1000000
2024BG0004367,1,844.37,50,2,1,1,14,47947,342,6000,4,1,5,2,1,2900106,1000000
2024BG0004368,1,844.37,39,2,1,1,15,77246,501,4000,1,1,1,1,1,2900101,1000000
2024BG0004369,1,844.37,9,1,1,1,5,3196,22,0,0,6,1,5,1,2900105,1000000
2024BG0004370,1,844.37,26,2,1,1,10,40818,291,3000,2,1,1,1,1,2900103,1000000
2024BG0004371,1,844.37,2,1,6,1,1,9680,69,0,0,6,1,5,1,2900104,1000000
2024BG0004372,1,844.37,12,2,5,1,7,3919,27,0,0,6,1,5,1,2900101,1000000
2024BG0004373,1,844.37,48,2,6,1,14,81290,501,9800,6,1,1,5,1,2900106,1000000
2024BG0004374,1,844.37,22,1,1,1,17,124843,501,5000,1,1,1,5,1,2900100,1000000
2024BG0004375,1,844.37,55,1,3,1,17,142409,501,5000,1,1,1,3,1,2900101,1000000
2024BG0004376,1,844.37,22,1,2,1,17,88759,501,3000,1,1,1,5,1,2900105,1000000
2024BG0004377,1,844.37,40,2,3,1,9,35994,257,4000,3,2,1,1,1,2900107,1000000
2024BG0004378,1,844.37,35,2,5,1,8,13292,94,5000,6,1,1,1,1,2900103,1000000
2024BG0004379,1,844.37,3,1,3,1,3,5627,40,0,0,6,1,5,1,2900104,1000000
2024BG0004380,1,844.37,10,2,6,1,3,13390,95,0,0,6,1,5,1,2900106,1000000
2024BG0004381,1,844.37,81,1,3,1,9,11856,84,0,0,6,1,2,1,2900105,1000000
2024BG0004382,1,844.37,28,1,6,1,13,58544,418,4000,1,1,1,5,1,2900105,1000000
2024BG0004383,1,844.37,11,1,1,1,4,5585,39,0,0,6,1,5,1,2900105,1000000
2024BG0004384,1,844.37,8,1,5,1,5,5271,37,0,0,6,1,5,1,2900107,1000000
2024BG0004385,1,844.37,20,1,3,1,17,61430,438,4000,1,1,1,5,1,2900104,1000000
2024BG0004386,1,844.37,18,1,6,1,12,10466,74,9000,3,1,1,5,1,2900107,1000000
2024BG0004387,1,844.37,7,1,6,1,8,3461,24,0,0,6,1,5,1,2900101,1000000
2024BG0004388,1,844.37,62,2,7,1,5,14584,104,9000,1,2,1,1,2,2900106,1000000
2024BG0004389,1,844.37,11,1,8,1,7,2355,16,0,0,6,1,5,1,2900101,1000000
2024BG0004390,1,844.37,19,1,1,1,16,44768,319,4000,1,2,1,5,2,2900103,1000000
2024BG0004391,1,844.37,22,2,2,1,13,29508,210,4000,1,1,1,1,1,2900104,1000000
2024BG0004392,1,844.37,20,1,1,1,18,74228,501,2000,1,1,1,5,1,2900100,1000000
2024BG0004393,1,844.37,30,1,1,1,7,80438,501,9000,1,1,1,1,1,2900105,1000000
2024BG0004394,1,844.37,43,2,1,1,12,13062,93,7000,3,1,1,1,2,2900103,1000000
2024BG0004395,1,844.37,20,1,1,1,12,27465,196,4000,3,1,1,5,1,2900100,1000000
2024BG0004396,1,844.37,45,2,1,1,11,53852,384,7000,1,1,1,1,1,2900105,1000000
2024BG0004397,1,844.37,41,2,5,1,9,79236,501,9000,3,1,1,1,1,2900107,1000000
2024BG0004398,1,844.37,20,1,6,1,19,164647,501,4000,3,1,1,5,1,2900101,1000000
2024BG0004399,1,844.37,33,2,5,1,14,15207,108,2000,1,4,1,1,1,2900102,1000000
2024BG0004400,1,844.37,27,2,1,1,6,23572,168,6000,4,2,1,5,1,2900102,1000000
2024BG0004401,1,844.37,94,1,1,1,5,7318,52,0,0,6,1,2,1,2900104,1000000
2024BG0004402,1,844.37,42,1,1,1,14,37310,266,4000,1,1,1,1,1,2900105,1000000
2024BG0004403,1,844.37,33,2,1,1,16,433620,501,4000,1,1,1,5,1,2900100,1000000
2024BG0004404,1,844.37,2,1,1,1,8,10604,75,0,0,6,1,5,1,2900105,1000000
2024BG0004405,1,844.37,22,2,2,1,14,13806,98,8000,4,1,1,5,1,2900106,1000000
2024BG0004406,1,844.37,30,2,1,1,15,230757,501,4000,1,2,1,1,1,2900103,1000000
2024BG0004407,1,844.37,54,2,4,1,5,5890,42,8000,4,1,1,1,1,2900104,1000000
2024BG0004408,1,844.37,36,1,3,1,13,66800,477,7000,1,1,1,1,1,2900103,1000000
2024BG0004409,1,844.37,40,2,1,1,10,50966,364,8000,4,1,1,1,1,2900103,1000000
2024BG0004410,1,844.37,40,2,6,1,15,179576,501,4000,1,1,1,1,1,2900107,1000000
2024BG0004411,1,844.37,21,1,1,1,15,55425,395,4000,2,1,1,5,1,2900102,1000000
2024BG0004412,1,844.37,14,1,1,1,6,3603,25,0,0,6,1,5,1,2900107,1000000
2024BG0004413,1,844.37,47,2,6,1,7,13825,98,7000,1,1,1,1,1,2900102,1000000
2024BG0004414,1,844.37,5,1,6,1,9,50734,362,0,0,6,1,5,1,2900106,1000000
2024BG0004415,1,844.37,4,2,1,1,2,4621,33,0,0,6,1,5,1,2900104,1000000
2024BG0004416,1,844.37,25,2,1,1,18,94334,501,1000,3,1,1,5,1,2900102,1000000
2024BG0004417,1,844.37,8,2,8,1,7,6099,43,0,0,6,1,5,1,2900103,1000000
2024BG0004418,1,844.37,43,2,5,1,13,27075,193,1000,1,1,1,1,1,2900104,1000000
2024BG0004419,1,844.37,12,2,1,1,4,8184,58,0,0,6,1,5,1,2900105,1000000
2024BG0004420,1,844.37,47,2,2,1,5,11324,80,5000,3,2,1,1,1,2900105,1000000
2024BG0004421,1,844.37,22,2,6,1,16,105625,501,6000,1,1,1,5,1,2900102,1000000
2024BG0004422,1,844.37,15,1,8,1,15,24228,173,0,0,6,1,5,1,2900105,1000000
2024BG0004423,1,844.37,28,2,2,1,18,142410,501,4000,2,1,1,5,1,2900105,1000000
2024BG0004424,1,844.37,29,1,1,1,11,11015,78,9000,1,1,1,5,1,2900102,1000000
2024BG0004425,1,844.37,23,1,6,1,20,182459,501,4000,1,1,1,5,1,2900107,1000000
2024BG0004426,1,844.37,38,2,1,1,15,56819,405,4000,1,1,1,1,1,2900101,1000000
2024BG0004427,1,844.37,50,1,1,1,12,93181,501,6000,1,2,1,5,1,2900107,1000000
2024BG0004428,1,844.37,14,1,1,1,9,23645,168,0,0,6,1,5,1,2900106,1000000
2024BG0004429,1,844.37,15,1,1,1,16,49815,355,0,0,6,1,5,1,2900104,1000000
2024BG0004430,1,844.37,3,2,5,1,2,3968,28,0,0,6,1,5,1,2900104,1000000
2024BG0004431,1,844.37,13,1,1,1,2,5279,37,0,0,6,1,5,1,2900100,1000000
2024BG0004432,1,844.37,71,1,1,1,10,67497,482,0,0,6,1,1,2,2900103,1000000
2024BG0004433,1,844.37,24,1,3,1,14,26073,186,1000,2,1,2,5,1,2900105,1000000
2024BG0004434,1,844.37,2,1,1,1,3,7902,56,0,0,6,1,5,1,2900105,1000000
2024BG0004435,1,844.37,0,1,6,1,2,7995,57,0,0,6,1,5,1,2900100,1000000
2024BG0004436,1,844.37,42,1,6,1,10,48888,349,3000,1,1,1,1,2,2900105,1000000
2024BG0004437,1,844.37,39,2,1,1,16,260010,501,4000,1,1,1,1,1,2900102,1000000
2024BG0004438,1,844.37,57,2,2,1,14,46867,334,3000,1,1,1,1,1,2900102,1000000
2024BG0004439,1,844.37,25,1,5,1,10,52024,371,6000,3,1,1,1,1,2900104,1000000
2024BG0004440,1,844.37,5,2,4,1,6,7285,52,0,0,6,1,5,1,2900103,1000000
2024BG0004441,1,844.37,4,1,2,1,3,3621,25,0,0,6,1,5,1,2900102,1000000
2024BG0004442,1,844.37,55,2,4,1,8,5316,37,8000,1,1,1,1,1,2900104,1000000
2024BG0004443,1,844.37,15,1,2,1,14,17180,122,0,0,6,1,5,1,2900100,1000000
2024BG0004444,1,844.37,47,2,1,1,5,29560,211,8000,1,1,1,1,1,2900101,1000000
2024BG0004445,1,844.37,38,1,1,1,14,9649,68,7000,4,1,1,1,1,2900105,1000000
2024BG0004446,1,844.37,28,1,1,1,13,36003,257,8000,1,3,1,1,1,2900105,1000000
2024BG0004447,1,844.37,84,2,1,1,10,19778,141,0,0,6,1,1,1,2900107,1000000
2024BG0004448,1,844.37,31,2,1,1,10,19434,138,1000,1,1,1,1,1,2900104,1000000
2024BG0004449,1,844.37,15,1,1,1,18,31196,222,0,0,6,1,5,1,2900103,1000000
2024BG0004450,1,844.37,23,1,1,1,16,78309,501,4000,1,1,1,1,1,2900107,1000000
2024BG0004451,1,844.37,11,2,1,1,4,3294,23,0,0,6,1,5,1,2900107,1000000
2024BG0004452,1,844.37,27,1,1,1,9,25405,181,6000,3,1,1,1,1,2900103,1000000
2024BG0004453,1,844.37,38,2,7,1,9,31376,224,4000,1,1,1,1,1,2900104,1000000
2024BG0004454,1,844.37,44,2,3,1,9,33636,240,5000,1,1,1,1,1,2900105,1000000
2024BG0004455,1,844.37,36,2,3,1,12,31182,222,4000,2,1,1,1,1,2900104,1000000
2024BG0004456,1,844.37,2,1,2,1,6,6654,47,0,0,6,1,5,1,2900107,1000000
2024BG0004457,1,844.37,9,1,5,1,2,7294,52,0,0,6,1,5,1,2900106,1000000
2024BG0004458,1,844.37,54,2,1,1,10,31156,222,8000,1,1,1,1,1,2900105,1000000
2024BG0004459,1,844.37,21,1,3,1,12,11323,80,8000,3,1,1,5,1,2900107,1000000
2024BG0004460,1,844.37,0,1,6,1,2,3523,25,0,0,6,1,5,1,2900107,1000000
2024BG0004461,1,844.37,94,2,5,1,12,46466,331,0,0,6,1,1,1,2900105,1000000
2024BG0004462,1,844.37,59,2,1,1,7,12258,87,9800,1,2,1,1,1,2900103,1000000
2024BG0004463,1,844.37,10,1,6,1,2,6577,46,0,0,6,1,5,1,2900100,1000000
2024BG0004464,1,844.37,21,1,5,1,15,83861,501,4000,1,1,1,5,1,2900105,1000000
2024BG0004465,1,844.37,20,2,6,1,16,155909,501,4000,1,1,1,1,1,2900107,1000000
2024BG0004466,1,844.37,30,2,7,1,11,41640,297,4000,1,1,1,1,1,2900105,1000000
2024BG0004467,1,844.37,40,2,5,1,13,23810,170,5000,4,1,1,1,1,2900102,1000000
2024BG0004468,1,844.37,12,1,5,1,1,27956,199,0,0,6,1,5,1,2900104,1000000
2024BG0004469,1,844.37,27,1,6,1,13,35436,253,6000,4,1,1,1,1,2900107,1000000
2024BG0004470,1,844.37,31,1,1,1,15,166461,501,5000,1,1,1,5,1,2900104,1000000
2024BG0004471,1,844.37,49,2,3,1,6,22167,158,5000,6,1,1,3,1,2900101,1000000
2024BG0004472,1,844.37,27,2,1,1,14,47297,337,5000,4,1,1,5,1,2900100,1000000
2024BG0004473,1,844.37,9,2,2,1,6,6969,49,0,0,6,1,5,1,2900107,1000000
2024BG0004474,1,844.37,39,1,1,1,15,92141,501,6000,1,1,1,1,1,2900106,1000000
2024BG0004475,1,844.37,24,2,1,1,11,53416,381,5000,1,1,1,5,1,2900103,1000000
2024BG0004476,1,844.37,1,1,4,1,6,8074,57,0,0,6,1,5,1,2900105,1000000
2024BG0004477,1,844.37,37,1,5,1,6,9268,66,6000,1,1,1,2,1,2900107,1000000
2024BG0004478,1,844.37,7,1,2,1,4,2942,21,0,0,6,1,5,1,2900106,1000000
2024BG0004479,1,844.37,27,2,6,1,15,87935,501,4000,1,1,1,1,1,2900100,1000000
2024BG0004480,1,844.37,26,1,9,1,16,32541,232,4000,1,1,1,1,1,2900107,1000000
2024BG0004481,1,844.37,10,1,1,1,1,3430,24,0,0,6,1,5,1,2900106,1000000
2024BG0004482,1,844.37,8,1,6,1,3,15361,109,0,0,6,1,5,1,2900106,1000000
2024BG0004483,1,844.37,4,2,3,1,8,14029,100,0,0,6,1,5,1,2900102,1000000
2024BG0004484,1,844.37,23,2,1,1,17,30769,219,1000,1,1,1,5,1,2900100,1000000
2024BG0004485,1,844.37,41,1,1,1,13,41423,295,8000,4,1,1,1,1,2900103,1000000
2024BG0004486,1,844.37,6,1,1,1,3,9316,66,0,0,6,1,5,1,2900101,1000000
2024BG0004487,1,844.37,3,1,3,1,3,3928,28,0,0,6,1,5,1,2900107,1000000
2024BG0004488,1,844.37,39,1,2,1,12,56176,401,6000,4,1,1,1,1,2900106,1000000
2024BG0004489,1,844.37,13,2,6,1,6,6541,46,0,0,6,1,5,1,2900102,1000000
2024BG0004490,1,844.37,20,2,5,1,14,24600,175,5000,1,3,1,5,1,2900106,1000000
2024BG0004491,1,844.37,66,1,1,1,7,3759,26,5000,3,1,1,5,1,2900106,1000000
2024BG0004492,1,844.37,10,1,6,1,4,7142,51,0,0,6,1,5,1,2900101,1000000
2024BG0004493,1,844.37,44,1,5,1,8,3257,23,9000,1,1,1,1,1,2900100,1000000
2024BG0004494,1,844.37,39,1,4,1,5,28447,203,5000,1,1,1,1,1,2900104,1000000
2024BG0004495,1,844.37,43,1,1,1,19,199605,501,3000,3,1,1,2,1,2900103,1000000
2024BG0004496,1,844.37,8,2,5,1,4,2123,15,0,0,6,1,5,1,2900105,1000000
2024BG0004497,1,844.37,10,1,1,1,5,2009,14,0,0,6,1,5,1,2900101,1000000
2024BG0004498,1,844.37,1,1,1,1,9,18888,134,0,0,6,1,5,1,2900103,1000000
2024BG0004499,1,844.37,50,1,2,1,11,34935,249,8000,4,1,1,1,1,2900100,1000000
2024BG0004500,1,844.37,8,1,1,1,7,2122,15,0,0,6,1,5,1,2900103,1000000
2024BG0004501,1,844.37,17,2,1,1,14,34444,246,0,0,6,1,5,1,2900101,1000000
2024BG0004502,1,844.37,21,1,3,1,15,56069,400,5000,1,5,1,1,1,2900105,1000000
2024BG0004503,1,844.37,22,2,5,1,17,42939,306,5000,1,2,1,5,1,2900104,1000000
2024BG0004504,1,844.37,42,1,1,1,9,50897,363,8000,6,1,1,1,1,2900101,1000000
2024BG0004505,1,844.37,37,2,1,1,12,88903,501,4000,1,1,1,1,1,2900102,1000000
2024BG0004506,1,844.37,59,1,5,1,7,66931,478,9800,1,2,1,1,1,2900103,1000000
2024BG0004507,1,844.37,13,1,4,1,1,10721,76,0,0,6,1,5,1,2900104,1000000
2024BG0004508,1,844.37,19,2,1,1,17,45396,324,4000,1,5,1,5,1,2900100,1000000
2024BG0004509,1,844.37,15,1,1,1,16,43545,311,0,0,6,1,5,1,2900102,1000000
2024BG0004510,1,844.37,18,1,6,1,12,29270,209,9800,3,1,1,5,1,2900100,1000000
2024BG0004511,1,844.37,8,1,1,1,1,7576,54,0,0,6,1,5,1,2900100,1000000
2024BG0004512,1,844.37,37,2,1,1,7,5511,39,6000,1,5,1,5,1,2900104,1000000
2024BG0004513,1,844.37,37,2,2,1,7,8899,63,7000,1,1,1,1,1,2900101,1000000
2024BG0004514,1,844.37,35,2,5,1,7,17013,121,9800,1,3,1,1,1,2900104,1000000
2024BG0004515,1,844.37,26,1,1,1,11,36739,262,9000,1,1,1,1,2,2900103,1000000
2024BG0004516,1,844.37,12,1,1,1,3,13936,99,0,0,6,1,5,1,2900103,1000000
2024BG0004517,1,844.37,18,1,7,1,17,72669,501,4000,1,1,1,1,2,2900104,1000000
2024BG0004518,1,844.37,1,1,2,1,2,7971,56,0,0,6,1,5,1,2900102,1000000
2024BG0004519,1,844.37,2,2,1,1,4,15317,109,0,0,6,1,5,1,2900103,1000000
2024BG0004520,1,844.37,27,2,1,1,15,44884,320,5000,4,1,1,5,1,2900106,1000000
2024BG0004521,1,844.37,28,2,8,1,13,83668,501,5000,1,1,1,1,1,2900103,1000000
2024BG0004522,1,844.37,22,2,1,1,16,118690,501,6000,1,1,1,5,1,2900103,1000000
2024BG0004523,1,844.37,1,1,5,1,5,1125,8,0,0,6,1,5,1,2900105,1000000
2024BG0004524,1,844.37,5,1,1,1,7,18254,130,0,0,6,1,5,1,2900104,1000000
2024BG0004525,1,844.37,48,1,1,1,8,8757,62,9920,3,1,1,1,1,2900101,1000000
2024BG0004526,1,844.37,34,2,2,1,11,188326,501,6000,3,1,1,1,1,2900107,1000000
2024BG0004527,1,844.37,34,1,1,1,12,27166,194,9000,1,1,1,1,1,2900102,1000000
2024BG0004528,1,844.37,20,1,2,1,10,12673,90,6000,3,1,1,1,1,2900107,1000000
2024BG0004529,1,844.37,43,1,1,1,14,93193,501,9000,4,1,1,1,1,2900106,1000000
2024BG0004530,1,844.37,77,2,5,1,7,10184,72,0,0,6,1,1,1,2900105,1000000
2024BG0004531,1,844.37,40,1,1,1,13,44108,315,5000,1,1,1,5,1,2900101,1000000
2024BG0004532,1,844.37,38,2,1,1,15,71165,501,6000,1,1,1,5,1,2900103,1000000
2024BG0004533,1,844.37,22,1,1,1,18,56231,401,4000,1,1,1,1,1,2900104,1000000
2024BG0004534,1,844.37,57,1,7,1,12,52439,374,3000,3,1,1,5,1,2900107,1000000
2024BG0004535,1,844.37,4,2,2,1,4,8525,60,0,0,6,1,5,1,2900100,1000000
2024BG0004536,1,844.37,30,2,1,1,14,52178,372,5000,4,1,1,1,1,2900100,1000000
2024BG0004537,1,844.37,31,1,1,1,11,92883,501,2000,3,1,1,5,1,2900105,1000000
2024BG0004538,1,844.37,9,2,2,1,6,6593,47,0,0,6,1,5,1,2900103,1000000
2024BG0004539,1,844.37,11,1,2,1,6,13391,95,0,0,6,1,5,1,2900104,1000000
2024BG0004540,1,844.37,5,2,1,1,5,5954,42,0,0,6,1,5,1,2900104,1000000
2024BG0004541,1,844.37,22,1,1,1,17,58173,415,6000,1,1,1,5,1,2900105,1000000
2024BG0004542,1,844.37,56,2,1,1,9,54706,390,6000,3,1,1,5,1,2900100,1000000
2024BG0004543,1,844.37,92,2,1,1,9,21618,154,0,0,6,1,1,1,2900106,1000000
2024BG0004544,1,844.37,38,1,1,1,6,24860,177,5000,6,2,1,1,1,2900103,1000000
2024BG0004545,1,844.37,7,1,6,1,2,5570,39,0,0,6,1,5,1,2900101,1000000
2024BG0004546,1,844.37,29,1,8,1,12,42325,302,9800,6,1,1,5,1,2900104,1000000
2024BG0004547,1,844.37,8,2,5,1,6,9668,69,0,0,6,1,5,1,2900107,1000000
2024BG0004548,1,844.37,40,2,3,1,7,6767,48,5000,1,1,1,2,1,2900107,1000000
2024BG0004549,1,844.37,37,1,3,1,7,16775,119,7000,1,1,1,1,1,2900105,1000000
2024BG0004550,1,844.37,3,1,5,1,6,10102,72,0,0,6,1,5,1,2900101,1000000
2024BG0004551,1,844.37,25,2,1,1,16,82844,501,5000,1,1,1,1,1,2900103,1000000
2024BG0004552,1,844.37,82,1,1,1,5,8869,63,0,0,6,1,1,1,2900106,1000000
2024BG0004553,1,844.37,14,2,6,1,6,10620,75,0,0,6,1,5,1,2900106,1000000
2024BG0004554,1,844.37,47,2,5,1,7,9991,71,8000,1,1,1,1,1,2900106,1000000
2024BG0004555,1,844.37,15,2,3,1,17,59464,424,0,0,6,1,5,1,2900105,1000000
2024BG0004556,1,844.37,40,1,1,1,13,31598,225,6000,1,2,1,5,1,2900107,1000000
2024BG0004557,1,844.37,28,1,4,1,9,37796,269,9000,6,1,1,1,1,2900100,1000000
2024BG0004558,1,844.37,58,1,1,1,17,76140,501,6000,4,1,1,1,1,2900101,1000000
2024BG0004559,1,844.37,35,1,1,1,14,53430,381,7000,4,1,1,5,1,2900100,1000000
2024BG0004560,1,844.37,35,1,1,1,6,10485,74,8000,3,1,1,1,1,2900102,1000000
2024BG0004561,1,844.37,32,1,3,1,5,21696,154,7000,1,2,1,1,1,2900107,1000000
2024BG0004562,1,844.37,40,1,2,1,5,11218,80,9920,1,1,1,1,1,2900104,1000000
2024BG0004563,1,844.37,11,2,4,1,3,4163,29,0,0,6,1,5,1,2900101,1000000
2024BG0004564,1,844.37,46,2,5,1,10,55237,394,1000,1,1,1,1,1,2900100,1000000
2024BG0004565,1,844.37,21,2,1,1,13,20075,143,6000,1,3,1,5,1,2900106,1000000
2024BG0004566,1,844.37,52,2,2,1,8,46314,330,5000,3,2,1,2,1,2900102,1000000
2024BG0004567,1,844.37,6,2,1,1,7,9095,64,0,0,6,1,5,1,2900106,1000000
2024BG0004568,1,844.37,24,1,1,1,17,99547,501,1000,1,1,1,5,1,2900103,1000000
2024BG0004569,1,844.37,6,2,5,1,6,1985,14,0,0,6,1,5,1,2900107,1000000
2024BG0004570,1,844.37,29,2,2,1,14,13279,94,3000,1,1,1,1,1,2900105,1000000
2024BG0004571,1,844.37,34,1,1,1,8,25748,183,9920,1,1,1,1,1,2900101,1000000
2024BG0004572,1,844.37,22,2,6,1,17,27351,195,4000,1,1,1,5,1,2900107,1000000
2024BG0004573,1,844.37,8,2,1,1,2,9940,71,0,0,6,1,5,1,2900100,1000000
2024BG0004574,1,844.37,33,2,1,1,14,86166,501,9800,3,1,1,1,1,2900105,1000000
2024BG0004575,1,844.37,27,2,2,1,13,8745,62,4000,1,1,1,5,1,2900103,1000000
2024BG0004576,1,844.37,41,1,1,1,11,32624,233,5000,3,1,1,1,1,2900100,1000000
2024BG0004577,1,844.37,16,2,1,1,10,9248,66,0,0,6,1,5,1,2900103,1000000
2024BG0004578,1,844.37,25,2,6,1,11,36478,260,4000,1,1,1,1,1,2900106,1000000
2024BG0004579,1,844.37,27,1,2,1,7,7991,57,6000,3,1,1,1,1,2900103,1000000
2024BG0004580,1,844.37,30,2,5,1,6,38936,278,5000,1,1,1,5,1,2900103,1000000
2024BG0004581,1,844.37,18,1,2,1,17,25764,184,3000,1,1,1,5,1,2900105,1000000
2024BG0004582,1,844.37,22,1,7,1,16,141486,501,4000,1,1,1,1,1,2900107,1000000
2024BG0004583,1,844.37,6,2,2,1,5,5580,39,0,0,6,1,5,1,2900101,1000000
2024BG0004584,1,844.37,43,2,1,1,10,66317,473,5000,6,1,1,1,1,2900103,1000000
2024BG0004585,1,844.37,20,1,2,1,15,42815,305,5000,1,1,1,5,1,2900105,1000000
2024BG0004586,1,844.37,62,1,6,1,8,9764,69,6000,1,3,1,1,1,2900103,1000000
2024BG0004587,1,844.37,40,1,3,1,14,30132,215,8000,1,1,1,1,1,2900106,1000000
2024BG0004588,1,844.37,28,2,2,1,11,28159,201,5000,1,1,1,5,1,2900105,1000000
2024BG0004589,1,844.37,10,2,1,1,9,9656,68,0,0,6,1,5,1,2900100,1000000
2024BG0004590,1,844.37,30,1,5,1,9,49212,351,8000,3,1,1,5,2,2900103,1000000
2024BG0004591,1,844.37,42,1,4,1,11,32387,231,4000,1,1,1,1,1,2900107,1000000
2024BG0004592,1,844.37,43,1,3,1,13,51637,368,6000,4,1,1,1,1,2900100,1000000
2024BG0004593,1,844.37,21,2,1,1,15,39378,281,4000,1,1,1,5,1,2900107,1000000
2024BG0004594,1,844.37,43,2,5,1,9,98965,501,4000,1,1,1,1,2,2900105,1000000
2024BG0004595,1,844.37,25,1,6,1,14,33741,241,6000,6,1,1,5,1,2900103,1000000
2024BG0004596,1,844.37,52,2,6,1,7,22632,161,9920,3,1,1,2,1,2900104,1000000
2024BG0004597,1,844.37,35,1,1,1,15,268032,501,4000,1,1,1,1,1,2900102,1000000
2024BG0004598,1,844.37,27,2,3,1,10,35781,255,3000,1,1,1,5,1,2900101,1000000
2024BG0004599,1,844.37,33,1,3,1,16,118959,501,5000,3,1,1,5,1,2900100,1000000
2024BG0004600,1,844.37,17,1,3,1,19,118645,501,0,0,6,1,5,1,2900106,1000000
2024BG0004601,1,844.37,38,2,2,1,16,275351,501,4000,3,1,1,1,1,2900102,1000000
2024BG0004602,1,844.37,22,2,5,1,17,169984,501,1000,1,1,1,5,1,2900101,1000000
2024BG0004603,1,844.37,25,1,1,1,11,44995,321,6000,1,1,1,1,1,2900103,1000000
2024BG0004604,1,844.37,24,2,1,1,18,82789,501,4000,1,1,1,5,1,2900103,1000000
2024BG0004605,1,844.37,1,1,4,1,5,1344,9,0,0,6,1,5,1,2900101,1000000
2024BG0004606,1,844.37,20,2,1,1,18,25618,182,6000,4,1,1,1,1,2900102,1000000
2024BG0004607,1,844.37,13,1,2,1,6,4284,30,0,0,6,1,5,1,2900100,1000000
2024BG0004608,1,844.37,35,2,3,1,8,21787,155,9000,1,1,1,1,1,2900106,1000000
2024BG0004609,1,844.37,30,1,1,1,5,21050,150,6000,1,1,1,1,1,2900101,1000000
2024BG0004610,1,844.37,6,2,6,1,3,8024,57,0,0,6,1,5,1,2900100,1000000
2024BG0004611,1,844.37,59,1,1,1,7,23700,169,5000,6,1,1,1,1,2900106,1000000
2024BG0004612,1,844.37,5,2,5,1,8,5497,39,0,0,6,1,5,1,2900104,1000000
2024BG0004613,1,844.37,13,1,6,1,4,6713,47,0,0,6,1,5,1,2900102,1000000
2024BG0004614,1,844.37,27,1,2,1,5,7804,55,7000,3,1,1,1,1,2900100,1000000
2024BG0004615,1,844.37,17,2,2,1,14,16408,117,0,0,6,1,5,1,2900100,1000000
2024BG0004616,1,844.37,37,2,6,1,14,70388,501,8000,4,1,1,5,1,2900100,1000000
2024BG0004617,1,844.37,38,1,1,1,10,27424,195,7000,6,1,1,1,1,2900100,1000000
2024BG0004618,1,844.37,11,2,1,1,3,4086,29,0,0,6,1,5,1,2900101,1000000
2024BG0004619,1,844.37,16,1,1,1,17,47855,341,0,0,6,1,5,1,2900101,1000000
2024BG0004620,1,844.37,36,1,1,1,5,4880,34,9800,4,4,1,5,1,2900104,1000000
2024BG0004621,1,844.37,26,2,1,1,6,14689,104,9800,4,4,1,1,1,2900101,1000000
2024BG0004622,1,844.37,89,1,3,1,12,19225,137,0,0,6,1,1,1,2900103,1000000
2024BG0004623,1,844.37,2,1,4,1,6,6704,47,0,0,6,1,5,1,2900100,1000000
2024BG0004624,1,844.37,8,1,5,1,2,3510,25,0,0,6,1,5,1,2900100,1000000
2024BG0004625,1,844.37,37,1,2,1,11,35968,256,1000,1,1,1,5,1,2900107,1000000
2024BG0004626,1,844.37,21,2,1,1,17,94970,501,4000,1,1,1,1,1,2900100,1000000
2024BG0004627,1,844.37,40,2,3,1,11,66125,472,5000,3,1,1,1,1,2900104,1000000
2024BG0004628,1,844.37,55,1,1,1,5,14713,105,8000,1,1,1,1,1,2900101,1000000
2024BG0004629,1,844.37,44,2,2,1,14,20636,147,9800,3,1,1,1,1,2900101,1000000
2024BG0004630,1,844.37,16,1,6,1,17,29702,212,0,0,6,1,5,1,2900101,1000000
2024BG0004631,1,844.37,54,1,6,1,7,4052,28,7000,1,2,1,1,1,2900101,1000000
2024BG0004632,1,844.37,15,1,1,1,15,39925,285,0,0,6,1,5,1,2900103,1000000
2024BG0004633,1,844.37,54,1,2,1,10,45642,326,1000,1,1,1,2,1,2900102,1000000
2024BG0004634,1,844.37,38,1,1,1,6,6786,48,8000,3,1,1,1,1,2900106,1000000
2024BG0004635,1,844.37,17,2,1,1,18,39649,283,0,0,6,1,5,1,2900107,1000000
2024BG0004636,1,844.37,30,1,1,1,9,78990,501,6000,6,1,1,1,1,2900102,1000000
2024BG0004637,1,844.37,17,1,1,1,16,84137,501,0,0,6,1,5,1,2900103,1000000
2024BG0004638,1,844.37,1,1,5,1,4,6924,49,0,0,6,1,5,1,2900107,1000000
2024BG0004639,1,844.37,74,2,7,1,6,9872,70,0,0,6,1,1,1,2900100,1000000
2024BG0004640,1,844.37,6,1,5,1,3,6483,46,0,0,6,1,5,1,2900106,1000000
2024BG0004641,1,844.37,2,1,4,1,6,14575,104,0,0,6,1,5,1,2900104,1000000
2024BG0004642,1,844.37,11,2,1,1,4,1737,12,0,0,6,1,5,1,2900103,1000000
2024BG0004643,1,844.37,26,1,3,1,5,8464,60,9800,1,1,1,5,1,2900100,1000000
2024BG0004644,1,844.37,14,2,1,1,2,2155,15,0,0,6,1,5,2,2900101,1000000
2024BG0004645,1,844.37,3,1,1,1,5,7929,56,0,0,6,1,5,1,2900100,1000000
2024BG0004646,1,844.37,73,2,1,1,7,22564,161,0,0,6,1,1,1,2900101,1000000
2024BG0004647,1,844.37,14,2,6,1,6,12363,88,0,0,6,1,5,1,2900105,1000000
2024BG0004648,1,844.37,27,2,2,1,13,99649,501,1000,1,1,1,5,1,2900103,1000000
2024BG0004649,1,844.37,36,2,1,1,12,99495,501,9800,4,1,1,1,1,2900102,1000000
2024BG0004650,1,844.37,25,2,1,1,13,22294,159,3000,1,1,1,5,1,2900102,1000000
2024BG0004651,1,844.37,16,2,1,1,18,30786,219,0,0,6,1,5,1,2900103,1000000
2024BG0004652,1,844.37,21,2,7,1,18,19665,140,4000,1,3,1,5,1,2900105,1000000
2024BG0004653,1,844.37,6,1,3,1,3,5858,41,0,0,6,1,5,1,2900104,1000000
2024BG0004654,1,844.37,29,1,5,1,15,109368,501,3000,2,1,1,5,1,2900104,1000000
2024BG0004655,1,844.37,93,1,4,1,6,7860,56,0,0,6,5,1,1,2900104,1000000
2024BG0004656,1,844.37,7,2,5,1,6,9713,69,0,0,6,1,5,1,2900100,1000000
2024BG0004657,1,844.37,8,1,5,1,5,6571,46,0,0,6,1,5,1,2900100,1000000
2024BG0004658,1,844.37,93,2,5,1,5,20262,144,0,0,6,1,5,1,2900106,1000000
2024BG0004659,1,844.37,1,1,6,1,3,10439,74,0,0,6,1,5,1,2900101,1000000
2024BG0004660,1,844.37,28,2,1,1,10,31306,223,6000,1,1,1,1,1,2900104,1000000
2024BG0004661,1,844.37,28,1,5,1,13,18448,131,4000,1,1,1,5,1,2900101,1000000
2024BG0004662,1,844.37,14,2,1,1,4,12352,88,0,0,6,1,5,2,2900105,1000000
2024BG0004663,1,844.37,24,2,1,1,13,26311,187,2000,1,1,1,5,1,2900105,1000000
2024BG0004664,1,844.37,19,1,5,1,12,12489,89,5000,3,5,1,5,1,2900101,1000000
2024BG0004665,1,844.37,29,2,1,1,11,44799,319,5000,1,1,1,5,1,2900107,1000000
2024BG0004666,1,844.37,14,2,1,1,5,4658,33,0,0,6,1,5,1,2900104,1000000
2024BG0004667,1,844.37,17,1,1,1,19,81303,501,0,0,6,1,5,1,2900104,1000000
2024BG0004668,1,844.37,58,1,2,1,10,25904,185,5000,1,1,1,1,1,2900107,1000000
2024BG0004669,1,844.37,11,2,1,1,5,4414,31,0,0,6,1,5,1,2900103,1000000
2024BG0004670,1,844.37,10,1,3,1,2,23865,170,0,0,6,1,5,1,2900104,1000000
2024BG0004671,1,844.37,11,1,2,1,5,7333,52,0,0,6,1,5,1,2900106,1000000
2024BG0004672,1,844.37,21,1,1,1,15,41137,293,6000,1,1,1,5,1,2900106,1000000
2024BG0004673,1,844.37,24,2,1,1,14,27292,194,6000,1,1,1,5,1,2900100,1000000
2024BG0004674,1,844.37,6,1,2,1,4,5918,42,0,0,6,1,5,1,2900107,1000000
2024BG0004675,1,844.37,2,2,3,1,3,8924,63,0,0,6,1,5,1,2900103,1000000
2024BG0004676,1,844.37,42,1,1,1,15,218994,501,4000,1,1,1,1,1,2900104,1000000
2024BG0004677,1,844.37,8,1,1,1,7,11522,82,0,0,6,1,5,1,2900106,1000000
2024BG0004678,1,844.37,28,1,4,1,5,9114,65,6000,1,1,1,5,1,2900100,1000000
2024BG0004679,1,844.37,22,2,1,1,13,16415,117,4000,1,1,1,5,1,2900101,1000000
2024BG0004680,1,844.37,25,1,1,1,5,24644,176,9800,3,1,1,1,1,2900106,1000000
2024BG0004681,1,844.37,3,2,3,1,3,4366,31,0,0,6,1,5,1,2900107,1000000
2024BG0004682,1,844.37,59,1,1,1,10,38427,274,7000,1,1,1,2,1,2900106,1000000
2024BG0004683,1,844.37,26,1,2,1,5,2773,19,6000,1,2,1,1,1,2900104,1000000
2024BG0004684,1,844.37,56,1,5,1,9,93564,501,4000,1,5,1,5,1,2900105,1000000
2024BG0004685,1,844.37,17,1,1,1,13,47709,340,0,0,6,1,5,1,2900106,1000000
2024BG0004686,1,844.37,24,2,1,1,18,58532,418,4000,1,1,1,1,1,2900104,1000000
2024BG0004687,1,844.37,24,2,1,1,17,133067,501,4000,2,1,1,5,1,2900102,1000000
2024BG0004688,1,844.37,53,1,4,1,11,32427,231,1000,2,1,1,1,1,2900104,1000000
2024BG0004689,1,844.37,21,1,1,1,16,31378,224,1000,3,1,1,5,1,2900100,1000000
2024BG0004690,1,844.37,6,2,2,1,5,2340,16,0,0,6,1,5,1,2900107,1000000
2024BG0004691,1,844.37,26,2,1,1,7,16101,115,7000,4,1,1,1,1,2900101,1000000
2024BG0004692,1,844.37,4,2,5,1,5,3404,24,0,0,6,1,5,2,2900102,1000000
2024BG0004693,1,844.37,21,1,4,1,18,17811,127,4000,1,1,1,5,1,2900104,1000000
2024BG0004694,1,844.37,19,1,5,1,17,37755,269,4000,1,1,1,5,1,2900100,1000000
2024BG0004695,1,844.37,8,2,4,1,7,3999,28,0,0,6,1,5,1,2900102,1000000
2024BG0004696,1,844.37,4,2,1,1,8,19515,139,0,0,6,1,5,1,2900100,1000000
2024BG0004697,1,844.37,28,2,1,1,11,26989,192,2000,2,1,1,1,1,2900107,1000000
2024BG0004698,1,844.37,90,1,1,1,6,7926,56,0,0,6,1,5,1,2900100,1000000
2024BG0004699,1,844.37,36,1,1,1,7,14688,104,7000,3,1,1,1,1,2900101,1000000
2024BG0004700,1,844.37,35,1,5,1,12,154823,501,5000,3,1,1,1,1,2900100,1000000
2024BG0004701,1,844.37,46,2,7,1,6,36121,258,9800,4,3,1,1,1,2900105,1000000
2024BG0004702,1,844.37,18,1,3,1,11,23281,166,7000,1,1,1,5,1,2900104,1000000
2024BG0004703,1,844.37,17,2,1,1,15,43240,308,0,0,6,5,5,2,2900100,1000000
2024BG0004704,1,844.37,37,2,4,1,14,24556,175,1000,2,1,1,1,1,2900107,1000000
2024BG0004705,1,844.37,34,2,4,1,16,131948,501,4000,1,1,1,1,1,2900107,1000000
2024BG0004706,1,844.37,0,1,3,1,4,5623,40,0,0,6,1,5,1,2900106,1000000
2024BG0004707,1,844.37,30,2,3,1,7,13031,93,7000,3,1,1,1,1,2900102,1000000
2024BG0004708,1,844.37,29,1,4,1,14,52716,376,3000,3,1,1,1,1,2900104,1000000
2024BG0004709,1,844.37,37,2,3,1,13,53705,383,4000,1,1,1,5,1,2900100,1000000
2024BG0004710,1,844.37,28,2,3,1,14,135963,501,9800,3,2,1,1,1,2900101,1000000
2024BG0004711,1,844.37,17,2,5,1,11,8103,57,0,0,6,1,5,1,2900107,1000000
2024BG0004712,1,844.37,18,2,1,1,13,22126,158,4000,1,1,1,1,1,2900107,1000000
2024BG0004713,1,844.37,99,1,6,1,7,5130,36,0,0,6,5,1,1,2900101,1000000
2024BG0004714,1,844.37,29,1,1,1,9,55935,399,2000,1,1,1,1,1,2900105,1000000
2024BG0004715,1,844.37,19,1,3,1,12,9969,71,8000,1,1,1,5,1,2900100,1000000
2024BG0004716,1,844.37,41,2,1,1,13,105045,501,5000,4,1,1,1,1,2900104,1000000
2024BG0004717,1,844.37,10,1,3,1,3,8623,61,0,0,6,1,5,1,2900107,1000000
2024BG0004718,1,844.37,32,1,2,1,12,80344,501,1000,3,4,1,1,1,2900107,1000000
2024BG0004719,1,844.37,57,1,1,1,6,14655,104,9800,1,1,1,5,1,2900107,1000000
2024BG0004720,1,844.37,5,2,3,1,6,2500,17,0,0,6,1,5,1,2900106,1000000
2024BG0004721,1,844.37,10,1,2,1,3,11221,80,0,0,6,1,5,1,2900105,1000000
2024BG0004722,1,844.37,4,2,3,1,1,4738,33,0,0,6,1,5,1,2900102,1000000
2024BG0004723,1,844.37,10,2,2,1,2,6746,48,0,0,6,1,5,1,2900105,1000000
2024BG0004724,1,844.37,36,2,5,1,12,67663,483,5000,4,1,1,1,1,2900103,1000000
2024BG0004725,1,844.37,6,1,5,1,8,2986,21,0,0,6,1,5,1,2900104,1000000
2024BG0004726,1,844.37,41,2,1,1,14,123840,501,6000,4,1,1,1,1,2900102,1000000
2024BG0004727,1,844.37,32,2,5,1,9,65775,469,1000,1,1,1,5,1,2900106,1000000
2024BG0004728,1,844.37,17,1,1,1,15,33779,241,0,0,6,1,5,2,2900106,1000000
2024BG0004729,1,844.37,11,2,1,1,3,19075,136,0,0,6,1,5,1,2900103,1000000
2024BG0004730,1,844.37,18,2,1,1,17,45066,321,4000,1,1,1,1,1,2900101,1000000
2024BG0004731,1,844.37,39,1,1,1,8,20603,147,5000,1,1,1,1,1,2900101,1000000
2024BG0004732,1,844.37,41,2,1,1,16,76273,501,6000,1,1,1,1,1,2900101,1000000
2024BG0004733,1,844.37,56,2,1,1,10,53147,379,7000,3,1,1,1,1,2900107,1000000
2024BG0004734,1,844.37,38,2,1,1,11,39767,284,8000,6,1,1,1,1,2900104,1000000
2024BG0004735,1,844.37,30,2,4,1,13,35752,255,9000,3,1,1,1,1,2900106,1000000
2024BG0004736,1,844.37,44,1,1,1,13,54982,392,7000,1,1,1,1,1,2900100,1000000
2024BG0004737,1,844.37,11,2,2,1,4,1775,12,0,0,6,1,5,1,2900101,1000000
2024BG0004738,1,844.37,26,2,1,1,12,164110,501,3000,3,1,1,1,1,2900102,1000000
2024BG0004739,1,844.37,11,1,3,1,2,6979,49,0,0,6,1,5,1,2900101,1000000
2024BG0004740,1,844.37,35,1,6,1,18,120992,501,6000,1,1,1,1,1,2900104,1000000
2024BG0004741,1,844.37,52,1,1,1,8,18382,131,9920,1,1,1,2,1,2900106,1000000
2024BG0004742,1,844.37,39,1,3,1,11,73550,501,6000,1,2,1,1,1,2900100,1000000
2024BG0004743,1,844.37,40,1,6,1,11,128619,501,1000,1,1,1,1,1,2900101,1000000
2024BG0004744,1,844.37,42,1,8,1,9,114857,501,4000,1,1,1,1,1,2900107,1000000
2024BG0004745,1,844.37,20,2,1,1,17,47856,341,5000,6,1,1,5,1,2900101,1000000
2024BG0004746,1,844.37,49,1,1,1,7,20193,144,6000,1,1,1,1,1,2900104,1000000
2024BG0004747,1,844.37,41,2,1,1,14,18226,130,5000,3,1,1,5,1,2900104,1000000
2024BG0004748,1,844.37,10,1,5,1,2,6998,49,0,0,6,1,5,1,2900102,1000000
2024BG0004749,1,844.37,18,1,1,1,19,92997,501,4000,2,1,1,5,1,2900106,1000000
2024BG0004750,1,844.37,15,1,1,1,14,7334,52,0,0,6,1,5,1,2900105,1000000
2024BG0004751,1,844.37,42,1,1,1,10,77700,501,8000,3,1,1,1,1,2900100,1000000
2024BG0004752,1,844.37,33,2,6,1,15,115464,501,1000,1,1,1,1,1,2900100,1000000
2024BG0004753,1,844.37,41,1,3,1,18,144915,501,5000,4,1,1,5,1,2900104,1000000
2024BG0004754,1,844.37,38,2,3,1,11,59140,422,2000,2,1,1,1,1,2900106,1000000
2024BG0004755,1,844.37,36,2,7,1,10,32032,228,6000,1,1,1,1,1,2900105,1000000
2024BG0004756,1,844.37,39,2,5,1,15,50195,358,4000,1,1,1,3,1,2900103,1000000
2024BG0004757,1,844.37,27,1,1,1,9,25162,179,6000,1,4,1,1,1,2900107,1000000
2024BG0004758,1,844.37,15,2,5,1,17,77813,501,0,0,6,1,5,2,2900106,1000000
2024BG0004759,1,844.37,43,1,1,1,19,273717,501,4000,1,1,1,1,1,2900105,1000000
2024BG0004760,1,844.37,54,2,5,1,5,26345,188,9920,6,1,1,1,1,2900101,1000000
2024BG0004761,1,844.37,33,1,3,1,17,82560,501,5000,3,1,1,5,1,2900101,1000000
2024BG0004762,1,844.37,39,1,3,1,13,53936,385,5000,4,1,1,1,1,2900107,1000000
2024BG0004763,1,844.37,20,2,1,1,13,28161,201,6000,3,2,1,5,1,2900105,1000000
2024BG0004764,1,844.37,77,1,6,1,7,28004,200,0,0,6,1,1,1,2900107,1000000
2024BG0004765,1,844.37,21,2,6,1,19,75603,501,4000,1,1,1,5,1,2900105,1000000
2024BG0004766,1,844.37,13,1,1,1,4,1739,12,0,0,6,1,5,1,2900102,1000000
2024BG0004767,1,844.37,41,2,2,1,13,15763,112,4000,1,1,1,1,1,2900107,1000000
2024BG0004768,1,844.37,2,2,2,1,3,5634,40,0,0,6,1,5,1,2900106,1000000
2024BG0004769,1,844.37,22,1,4,1,16,280658,501,4000,3,1,1,5,1,2900101,1000000
2024BG0004770,1,844.37,22,2,4,1,18,71736,501,3000,2,1,1,5,1,2900101,1000000
2024BG0004771,1,844.37,29,2,1,1,5,9193,65,7000,1,1,1,5,1,2900104,1000000
2024BG0004772,1,844.37,52,2,3,1,6,20589,147,9800,1,1,1,5,1,2900107,1000000
2024BG0004773,1,844.37,23,2,1,1,17,70053,500,4000,1,1,1,5,1,2900105,1000000
2024BG0004774,1,844.37,25,2,1,1,9,22768,162,2000,2,1,1,1,1,2900105,1000000
2024BG0004775,1,844.37,26,1,5,1,5,13891,99,9920,1,1,1,5,1,2900107,1000000
2024BG0004776,1,844.37,41,2,1,1,8,33806,241,5000,3,1,1,1,1,2900100,1000000
2024BG0004777,1,844.37,15,1,1,1,15,34202,244,0,0,6,1,5,1,2900107,1000000
2024BG0004778,1,844.37,18,1,1,1,18,33468,239,4000,1,1,1,5,1,2900107,1000000
2024BG0004779,1,844.37,10,1,2,1,7,2710,19,0,0,6,1,5,1,2900104,1000000
2024BG0004780,1,844.37,4,2,8,1,1,8883,63,0,0,6,1,5,1,2900107,1000000
2024BG0004781,1,844.37,13,2,1,1,8,8997,64,0,0,6,1,5,1,2900104,1000000
2024BG0004782,1,844.37,31,1,5,1,14,46965,335,5000,1,1,1,1,1,2900107,1000000
2024BG0004783,1,844.37,16,1,1,1,15,36079,257,0,0,6,1,5,1,2900103,1000000
2024BG0004784,1,844.37,31,1,1,1,14,83882,501,5000,4,2,1,1,1,2900102,1000000
2024BG0004785,1,844.37,54,1,1,1,12,33538,239,6000,4,1,1,1,1,2900100,1000000
2024BG0004786,1,844.37,44,2,1,1,11,39009,278,7000,1,1,1,1,1,2900102,1000000
2024BG0004787,1,844.37,13,2,1,1,2,5236,37,0,0,6,1,5,1,2900101,1000000
2024BG0004788,1,844.37,17,1,6,1,18,52171,372,0,0,6,1,5,1,2900102,1000000
2024BG0004789,1,844.37,0,1,5,1,9,9934,70,0,0,6,1,5,1,2900103,1000000
2024BG0004790,1,844.37,25,2,3,1,9,62157,443,4000,1,1,1,1,1,2900101,1000000
2024BG0004791,1,844.37,55,2,5,1,13,118546,501,3000,2,1,1,1,1,2900104,1000000
2024BG0004792,1,844.37,41,2,1,1,7,7000,50,9920,1,1,1,1,1,2900106,1000000
2024BG0004793,1,844.37,37,1,6,1,10,104416,501,4000,1,1,1,1,1,2900107,1000000
2024BG0004794,1,844.37,18,1,1,1,16,38738,276,4000,2,1,1,5,1,2900107,1000000
2024BG0004795,1,844.37,38,2,1,1,15,92478,501,4000,1,1,1,1,1,2900106,1000000
2024BG0004796,1,844.37,13,2,5,1,3,7637,54,0,0,6,1,5,1,2900107,1000000
2024BG0004797,1,844.37,58,1,3,1,7,15823,113,9920,1,2,1,1,1,2900107,1000000
2024BG0004798,1,844.37,9,2,3,1,3,10931,78,0,0,6,1,5,1,2900105,1000000
2024BG0004799,1,844.37,18,1,6,1,17,101171,501,3000,2,1,1,5,1,2900103,1000000
2024BG0004800,1,844.37,17,1,1,1,16,16929,120,0,0,6,1,5,1,2900103,1000000
2024BG0004801,1,844.37,16,2,2,1,11,22812,162,0,0,6,1,5,1,2900103,1000000
2024BG0004802,1,844.37,36,2,3,1,9,26478,189,4000,1,1,1,1,1,2900106,1000000
2024BG0004803,1,844.37,54,1,1,1,8,17132,122,5000,4,1,1,1,1,2900107,1000000
2024BG0004804,1,844.37,81,2,4,1,9,53935,385,0,0,6,1,2,1,2900104,1000000
2024BG0004805,1,844.37,34,1,5,1,13,112010,501,3000,3,1,1,5,1,2900103,1000000
2024BG0004806,1,844.37,8,2,2,1,2,21079,150,0,0,6,1,5,1,2900100,1000000
2024BG0004807,1,844.37,15,2,3,1,20,174539,501,0,0,6,1,5,1,2900101,1000000
2024BG0004808,1,844.37,38,1,1,1,17,134947,501,4000,1,1,1,1,1,2900101,1000000
2024BG0004809,1,844.37,36,2,1,1,11,78257,501,3000,3,1,1,1,1,2900101,1000000
2024BG0004810,1,844.37,49,2,1,1,12,51434,367,2000,2,1,1,1,1,2900105,1000000
2024BG0004811,1,844.37,43,1,1,1,11,87619,501,7000,1,1,1,1,1,2900104,1000000
2024BG0004812,1,844.37,23,1,3,1,17,222240,501,2000,1,1,1,5,1,2900102,1000000
2024BG0004813,1,844.37,26,1,1,1,16,99604,501,5000,1,1,1,1,1,2900103,1000000
2024BG0004814,1,844.37,27,1,2,1,6,16904,120,5000,1,1,1,1,1,2900102,1000000
2024BG0004815,1,844.37,29,1,1,1,11,19910,142,1000,2,1,1,1,1,2900107,1000000
2024BG0004816,1,844.37,13,2,8,1,6,6763,48,0,0,6,1,5,1,2900101,1000000
2024BG0004817,1,844.37,33,1,2,1,16,70992,501,5000,3,1,1,5,1,2900107,1000000
2024BG0004818,1,844.37,16,1,1,1,16,29262,209,0,0,6,1,5,1,2900105,1000000
2024BG0004819,1,844.37,7,1,2,1,1,12780,91,0,0,6,1,5,1,2900105,1000000
2024BG0004820,1,844.37,50,2,1,1,8,11922,85,5000,1,1,1,1,1,2900103,1000000
2024BG0004821,1,844.37,25,2,9,1,16,56208,401,3000,1,1,1,5,1,2900103,1000000
2024BG0004822,1,844.37,33,2,1,1,9,40883,292,4000,1,1,1,1,1,2900106,1000000
2024BG0004823,1,844.37,28,1,2,1,15,127408,501,3000,1,1,1,1,1,2900100,1000000
2024BG0004824,1,844.37,9,1,2,1,4,14399,102,0,0,6,1,5,1,2900102,1000000
2024BG0004825,1,844.37,3,1,7,1,1,5206,37,0,0,6,1,5,1,2900103,1000000
2024BG0004826,1,844.37,36,2,1,1,16,66592,475,4000,3,1,1,1,1,2900100,1000000
2024BG0004827,1,844.37,26,1,5,1,13,23110,165,6000,1,1,1,1,1,2900102,1000000
2024BG0004828,1,844.37,36,1,3,1,10,97703,501,2000,1,1,1,5,1,2900104,1000000
2024BG0004829,1,844.37,22,1,1,1,20,341335,501,1000,3,1,1,5,1,2900106,1000000
2024BG0004830,1,844.37,9,1,1,1,8,7440,53,0,0,6,1,5,1,2900105,1000000
2024BG0004831,1,844.37,41,1,1,1,10,20478,146,2000,3,1,1,1,1,2900102,1000000
2024BG0004832,1,844.37,3,1,5,1,1,2091,14,0,0,6,1,5,1,2900101,1000000
2024BG0004833,1,844.37,27,1,4,1,16,122025,501,4000,2,1,1,5,1,2900104,1000000
2024BG0004834,1,844.37,20,2,1,1,18,40097,286,4000,1,1,1,5,1,2900105,1000000
2024BG0004835,1,844.37,54,1,1,1,7,29739,212,5000,3,1,1,2,1,2900102,1000000
2024BG0004836,1,844.37,23,2,1,1,15,92743,501,1000,3,1,1,5,1,2900105,1000000
2024BG0004837,1,844.37,42,2,6,1,16,144927,501,4000,1,1,1,1,1,2900105,1000000
2024BG0004838,1,844.37,26,2,1,1,7,7671,54,9920,3,1,1,1,1,2900106,1000000
2024BG0004839,1,844.37,43,2,7,1,9,12343,88,6000,4,1,1,1,1,2900101,1000000
2024BG0004840,1,844.37,57,1,2,1,6,17386,124,9800,1,1,1,1,1,2900107,1000000
2024BG0004841,1,844.37,1,1,1,1,7,5047,36,0,0,6,1,5,1,2900100,1000000
2024BG0004842,1,844.37,10,2,1,1,5,2189,15,0,0,6,1,5,1,2900107,1000000
2024BG0004843,1,844.37,31,2,1,1,13,30970,221,3000,1,1,1,5,1,2900101,1000000
2024BG0004844,1,844.37,27,2,2,1,11,155036,501,6000,1,1,1,1,2,2900102,1000000
2024BG0004845,1,844.37,6,1,1,1,5,7596,54,0,0,6,1,5,1,2900103,1000000
2024BG0004846,1,844.37,8,2,3,1,5,43218,308,0,0,6,1,5,1,2900104,1000000
2024BG0004847,1,844.37,63,1,1,1,7,19691,140,9920,1,1,1,5,1,2900101,1000000
2024BG0004848,1,844.37,15,1,6,1,16,43560,311,0,0,6,1,5,1,2900104,1000000
2024BG0004849,1,844.37,9,2,3,1,6,8413,60,0,0,6,1,5,1,2900103,1000000
2024BG0004850,1,844.37,4,1,5,1,1,8020,57,0,0,6,1,5,1,2900102,1000000
2024BG0004851,1,844.37,26,1,6,1,16,100466,501,4000,2,1,1,1,1,2900104,1000000
2024BG0004852,1,844.37,25,2,1,1,8,6139,43,9800,1,1,1,1,1,2900101,1000000
2024BG0004853,1,844.37,53,2,6,1,13,26789,191,9800,1,1,1,1,1,2900106,1000000
2024BG0004854,1,844.37,26,1,3,1,11,12331,88,6000,3,1,1,1,1,2900102,1000000
2024BG0004855,1,844.37,26,2,3,1,13,101466,501,9000,1,1,1,1,1,2900107,1000000
2024BG0004856,1,844.37,13,1,5,1,9,24835,177,0,0,6,1,5,1,2900100,1000000
2024BG0004857,1,844.37,29,2,5,1,15,84177,501,1000,1,1,1,5,1,2900104,1000000
2024BG0004858,1,844.37,47,2,3,1,9,37824,270,9800,4,1,1,1,1,2900106,1000000
2024BG0004859,1,844.37,14,1,5,1,2,5337,38,0,0,6,1,5,1,2900107,1000000
2024BG0004860,1,844.37,58,2,1,1,7,28163,201,5000,6,1,1,1,1,2900100,1000000
2024BG0004861,1,844.37,22,2,7,1,20,358931,501,4000,1,1,1,5,1,2900102,1000000
2024BG0004862,1,844.37,2,2,1,1,3,11355,81,0,0,6,1,5,1,2900104,1000000
2024BG0004863,1,844.37,16,2,1,1,11,22749,162,0,0,6,1,5,1,2900103,1000000
2024BG0004864,1,844.37,25,1,1,1,8,2659,18,9920,3,1,1,1,1,2900100,1000000
2024BG0004865,1,844.37,51,1,6,1,11,45816,327,4000,1,1,1,1,1,2900100,1000000
2024BG0004866,1,844.37,23,2,5,1,12,32563,232,6000,4,1,1,5,1,2900105,1000000
2024BG0004867,1,844.37,29,2,1,1,13,41293,294,6000,1,1,1,1,1,2900106,1000000
2024BG0004868,1,844.37,6,2,1,1,7,2807,20,0,0,6,1,5,1,2900100,1000000
2024BG0004869,1,844.37,39,2,3,1,13,41397,295,1000,2,1,1,1,1,2900105,1000000
2024BG0004870,1,844.37,20,1,1,1,16,14828,105,4000,1,1,1,5,1,2900102,1000000
2024BG0004871,1,844.37,25,1,2,1,16,264259,501,3000,1,1,1,1,1,2900105,1000000
2024BG0004872,1,844.37,29,2,6,1,6,26967,192,5000,4,1,1,1,1,2900101,1000000
2024BG0004873,1,844.37,30,2,1,1,15,117527,501,4000,1,1,1,1,1,2900101,1000000
2024BG0004874,1,844.37,4,2,1,1,4,1022,7,0,0,6,1,5,1,2900102,1000000
2024BG0004875,1,844.37,34,1,1,1,15,49992,357,3000,1,1,2,5,1,2900101,1000000
2024BG0004876,1,844.37,24,1,3,1,14,5456,38,8000,6,1,1,1,1,2900106,1000000
2024BG0004877,1,844.37,16,1,1,1,14,27550,196,0,0,6,1,5,1,2900100,1000000
2024BG0004878,1,844.37,3,1,4,1,2,3051,21,0,0,6,1,5,1,2900104,1000000
2024BG0004879,1,844.37,18,1,1,1,14,6318,45,6000,1,1,1,5,1,2900104,1000000
2024BG0004880,1,844.37,41,1,4,1,7,19546,139,5000,1,1,1,1,1,2900104,1000000
2024BG0004881,1,844.37,29,1,2,1,10,53154,379,4000,1,1,1,1,1,2900104,1000000
2024BG0004882,1,844.37,25,2,4,1,8,7156,51,9920,3,5,1,5,1,2900106,1000000
2024BG0004883,1,844.37,29,1,2,1,9,37204,265,6000,4,4,1,5,1,2900106,1000000
2024BG0004884,1,844.37,22,2,1,1,17,50877,363,4000,1,5,1,1,1,2900100,1000000
2024BG0004885,1,844.37,34,1,1,1,8,8376,59,9000,4,1,1,1,1,2900100,1000000
2024BG0004886,1,844.37,33,1,2,1,8,69945,499,6000,4,1,1,1,1,2900101,1000000
2024BG0004887,1,844.37,19,1,2,1,15,130260,501,5000,1,1,1,1,1,2900100,1000000
2024BG0004888,1,844.37,6,2,6,1,5,12608,90,0,0,6,1,5,2,2900103,1000000
2024BG0004889,1,844.37,13,2,3,1,8,5110,36,0,0,6,1,5,1,2900107,1000000
2024BG0004890,1,844.37,9,2,6,1,9,28575,204,0,0,6,1,5,1,2900104,1000000
2024BG0004891,1,844.37,25,1,4,1,7,41115,293,6000,1,5,1,1,1,2900106,1000000
2024BG0004892,1,844.37,45,2,6,1,5,29152,208,5000,1,3,1,2,1,2900106,1000000
2024BG0004893,1,844.37,24,1,1,1,18,133267,501,5000,1,3,1,5,1,2900101,1000000
2024BG0004894,1,844.37,28,1,1,1,5,6521,46,9800,1,1,1,5,1,2900100,1000000
2024BG0004895,1,844.37,29,1,6,1,8,14436,103,9000,4,1,1,5,1,2900104,1000000
2024BG0004896,1,844.37,4,2,2,1,6,32303,230,0,0,6,1,5,1,2900103,1000000
2024BG0004897,1,844.37,13,2,1,1,9,16948,121,0,0,6,1,5,1,2900104,1000000
2024BG0004898,1,844.37,40,2,6,1,13,42339,302,4000,1,1,2,1,1,2900100,1000000
2024BG0004899,1,844.37,27,1,1,1,18,96678,501,4000,1,2,1,1,1,2900104,1000000
2024BG0004900,1,844.37,11,1,1,1,7,17319,123,0,0,6,1,5,1,2900103,1000000
2024BG0004901,1,844.37,10,1,2,1,7,12108,86,0,0,6,1,5,1,2900101,1000000
2024BG0004902,1,844.37,12,2,3,1,6,6455,46,0,0,6,1,5,1,2900106,1000000
2024BG0004903,1,844.37,12,1,1,1,9,14523,103,0,0,6,1,5,1,2900106,1000000
2024BG0004904,1,844.37,68,2,9,1,8,8094,57,5000,6,1,1,2,2,2900100,1000000
2024BG0004905,1,844.37,17,1,1,1,11,37138,265,0,0,6,1,5,1,2900107,1000000
2024BG0004906,1,844.37,44,1,1,1,14,41852,298,3000,1,1,1,1,1,2900100,1000000
2024BG0004907,1,844.37,19,2,5,1,16,29123,208,5000,4,1,1,5,1,2900104,1000000
2024BG0004908,1,844.37,21,1,3,1,16,24914,177,4000,1,1,1,5,2,2900102,1000000
2024BG0004909,1,844.37,80,2,1,1,7,3155,22,0,0,6,1,2,1,2900103,1000000
2024BG0004910,1,844.37,32,2,2,1,12,9437,67,9000,6,1,1,5,1,2900101,1000000
2024BG0004911,1,844.37,30,2,6,1,11,140748,501,8000,1,1,1,1,1,2900102,1000000
2024BG0004912,1,844.37,16,1,4,1,14,25738,183,0,0,6,1,5,1,2900104,1000000
2024BG0004913,1,844.37,23,2,1,1,17,69091,493,5000,1,2,1,5,1,2900105,1000000
2024BG0004914,1,844.37,47,1,3,1,7,41253,294,9800,1,1,1,1,1,2900102,1000000
2024BG0004915,1,844.37,43,2,4,1,15,175385,501,6000,1,1,1,1,1,2900101,1000000
2024BG0004916,1,844.37,1,2,4,1,7,3563,25,0,0,6,1,5,1,2900101,1000000
2024BG0004917,1,844.37,9,2,4,1,2,26664,190,0,0,6,1,5,1,2900103,1000000
2024BG0004918,1,844.37,18,1,1,1,10,20172,144,8000,1,1,1,5,1,2900105,1000000
2024BG0004919,1,844.37,79,1,5,1,7,4212,30,0,0,6,1,1,1,2900104,1000000
2024BG0004920,1,844.37,22,1,1,1,12,8546,61,6000,3,1,1,5,1,2900105,1000000
2024BG0004921,1,844.37,50,1,3,1,10,144204,501,6000,6,1,1,1,1,2900101,1000000
2024BG0004922,1,844.37,22,2,1,1,14,36963,264,8000,4,1,1,1,1,2900102,1000000
2024BG0004923,1,844.37,27,1,6,1,7,5505,39,7000,1,3,1,1,1,2900106,1000000
2024BG0004924,1,844.37,6,2,1,1,5,2678,19,0,0,6,1,5,1,2900100,1000000
2024BG0004925,1,844.37,5,1,6,1,3,17579,125,0,0,6,1,5,1,2900101,1000000
2024BG0004926,1,844.37,29,1,1,1,11,32188,229,9000,1,1,1,1,1,2900105,1000000
2024BG0004927,1,844.37,44,2,1,1,5,9608,68,9920,1,1,1,1,1,2900100,1000000
2024BG0004928,1,844.37,29,1,1,1,12,20805,148,4000,1,1,1,5,1,2900103,1000000
2024BG0004929,1,844.37,15,2,1,1,17,45132,322,0,0,6,1,5,1,2900107,1000000
2024BG0004930,1,844.37,22,1,1,1,18,146257,501,5000,3,1,1,1,1,2900104,1000000
2024BG0004931,1,844.37,20,1,3,1,19,49114,350,1000,1,1,1,5,2,2900104,1000000
2024BG0004932,1,844.37,14,2,5,1,6,15095,107,0,0,6,1,5,1,2900102,1000000
2024BG0004933,1,844.37,31,1,1,1,5,74547,501,9800,1,4,1,1,1,2900106,1000000
2024BG0004934,1,844.37,37,1,1,1,8,17721,126,7000,1,1,1,1,1,2900103,1000000
2024BG0004935,1,844.37,3,1,1,1,5,6297,44,0,0,6,1,5,1,2900105,1000000
2024BG0004936,1,844.37,27,2,5,1,6,13857,98,8000,4,4,1,1,1,2900104,1000000
2024BG0004937,1,844.37,39,2,1,1,14,37803,270,8000,6,1,1,1,1,2900105,1000000
2024BG0004938,1,844.37,20,2,1,1,17,22485,160,2000,3,1,5,1,1,2900104,1000000
2024BG0004939,1,844.37,17,2,6,1,17,19677,140,0,0,6,1,5,2,2900105,1000000
2024BG0004940,1,844.37,43,2,5,1,12,42402,302,9000,1,1,1,1,1,2900102,1000000
2024BG0004941,1,844.37,92,1,3,1,5,8004,57,0,0,6,1,1,1,2900105,1000000
2024BG0004942,1,844.37,56,2,3,1,13,51863,370,6000,1,1,1,2,1,2900101,1000000
2024BG0004943,1,844.37,32,2,3,1,9,34608,247,4000,1,1,1,1,1,2900102,1000000
2024BG0004944,1,844.37,43,2,5,1,10,49077,350,4000,1,1,1,1,1,2900102,1000000
2024BG0004945,1,844.37,44,2,6,1,15,55307,395,4000,1,2,1,1,1,2900102,1000000
2024BG0004946,1,844.37,13,1,3,1,2,8383,59,0,0,6,1,5,1,2900100,1000000
2024BG0004947,1,844.37,8,2,1,1,4,5024,35,0,0,6,1,5,1,2900103,1000000
2024BG0004948,1,844.37,58,2,4,1,9,13994,99,7000,4,1,1,3,1,2900107,1000000
2024BG0004949,1,844.37,55,2,6,1,5,22726,162,9920,3,1,1,1,1,2900103,1000000
2024BG0004950,1,844.37,15,1,2,1,13,22452,160,0,0,6,1,5,1,2900102,1000000
2024BG0004951,1,844.37,41,2,1,1,12,43385,309,1000,1,1,1,1,1,2900106,1000000
2024BG0004952,1,844.37,27,2,2,1,7,22078,157,9920,1,2,1,1,1,2900105,1000000
2024BG0004953,1,844.37,44,1,1,1,16,89479,501,5000,4,1,1,1,1,2900100,1000000
2024BG0004954,1,844.37,38,1,1,1,12,68937,492,5000,3,1,1,1,1,2900107,1000000
2024BG0004955,1,844.37,4,1,3,1,8,1719,12,0,0,6,2,5,1,2900105,1000000
2024BG0004956,1,844.37,48,1,5,1,16,105247,501,3000,1,1,1,1,1,2900100,1000000
2024BG0004957,1,844.37,15,1,2,1,13,9997,71,0,0,6,1,5,1,2900104,1000000
2024BG0004958,1,844.37,25,1,4,1,5,57090,407,9000,6,1,1,1,1,2900102,1000000
2024BG0004959,1,844.37,33,2,2,1,8,16606,118,8000,3,1,1,5,1,2900104,1000000
2024BG0004960,1,844.37,28,2,2,1,14,13192,94,7000,3,1,1,1,1,2900102,1000000
2024BG0004961,1,844.37,12,1,1,1,3,7315,52,0,0,6,1,5,1,2900107,1000000
2024BG0004962,1,844.37,36,2,3,1,6,26945,192,9800,3,1,1,1,1,2900104,1000000
2024BG0004963,1,844.37,17,1,1,1,18,23006,164,0,0,6,1,5,1,2900105,1000000
2024BG0004964,1,844.37,10,1,6,1,5,8358,59,0,0,6,1,5,1,2900103,1000000
2024BG0004965,1,844.37,24,1,1,1,17,157941,501,3000,3,1,1,5,1,2900107,1000000
2024BG0004966,1,844.37,76,1,4,1,12,46267,330,0,0,6,1,1,1,2900101,1000000
2024BG0004967,1,844.37,57,1,1,1,13,43613,311,9800,3,1,1,1,1,2900100,1000000
2024BG0004968,1,844.37,13,1,2,1,2,7768,55,0,0,6,1,5,1,2900100,1000000
2024BG0004969,1,844.37,16,2,1,1,19,173220,501,0,0,6,1,5,1,2900104,1000000
2024BG0004970,1,844.37,27,2,3,1,11,26005,185,6000,1,2,1,1,1,2900105,1000000
2024BG0004971,1,844.37,10,1,1,1,1,8307,59,0,0,6,1,5,1,2900101,1000000
2024BG0004972,1,844.37,39,1,4,1,17,111800,501,1000,2,1,1,5,1,2900103,1000000
2024BG0004973,1,844.37,45,2,7,1,5,16949,121,5000,4,1,1,1,1,2900105,1000000
2024BG0004974,1,844.37,34,2,6,1,16,66656,476,4000,1,1,1,1,1,2900104,1000000
2024BG0004975,1,844.37,56,2,4,1,13,45210,322,3000,1,1,1,1,1,2900106,1000000
2024BG0004976,1,844.37,38,1,6,1,13,64929,463,1000,2,1,1,1,1,2900100,1000000
2024BG0004977,1,844.37,31,1,3,1,11,24640,176,2000,1,1,1,1,1,2900106,1000000
2024BG0004978,1,844.37,52,1,4,1,5,10544,75,9920,1,1,1,3,1,2900103,1000000
2024BG0004979,1,844.37,44,2,1,1,8,8884,63,9800,1,1,1,1,1,2900103,1000000
2024BG0004980,1,844.37,27,2,1,1,11,10193,72,3000,1,1,1,1,1,2900106,1000000
2024BG0004981,1,844.37,25,2,1,1,14,10569,75,3000,1,1,1,5,1,2900105,1000000
2024BG0004982,1,844.37,23,1,1,1,20,145305,501,4000,3,1,1,5,1,2900105,1000000
2024BG0004983,1,844.37,6,1,1,1,8,13166,94,0,0,6,1,5,1,2900105,1000000
2024BG0004984,1,844.37,54,2,2,1,14,47611,340,5000,4,1,1,1,1,2900104,1000000
2024BG0004985,1,844.37,57,2,1,1,7,8250,58,7000,4,1,1,1,1,2900105,1000000
2024BG0004986,1,844.37,20,2,1,1,14,11057,78,6000,4,1,1,5,1,2900106,1000000
2024BG0004987,1,844.37,7,2,7,1,4,2483,17,0,0,6,1,5,1,2900104,1000000
2024BG0004988,1,844.37,33,2,1,1,9,27135,193,1000,1,1,1,1,1,2900107,1000000
2024BG0004989,1,844.37,23,2,9,1,12,30789,219,6000,1,1,1,1,1,2900106,1000000
2024BG0004990,1,844.37,37,1,3,1,11,76855,501,6000,1,4,1,1,1,2900104,1000000
2024BG0004991,1,844.37,5,1,6,1,4,11067,79,0,0,6,1,5,1,2900107,1000000
2024BG0004992,1,844.37,22,2,1,1,18,98179,501,3000,1,1,2,5,1,2900101,1000000
2024BG0004993,1,844.37,55,2,5,1,9,73430,501,4000,1,1,1,2,1,2900102,1000000
2024BG0004994,1,844.37,14,1,3,1,5,22309,159,0,0,6,1,5,1,2900106,1000000
2024BG0004995,1,844.37,5,1,5,1,4,6911,49,0,0,6,1,5,1,2900104,1000000
2024BG0004996,1,844.37,75,2,3,1,9,21129,150,0,0,6,1,1,1,2900100,1000000
2024BG0004997,1,844.37,0,1,1,1,3,12642,90,0,0,6,1,5,2,2900107,1000000
2024BG0004998,1,844.37,7,2,4,1,6,3310,23,0,0,6,1,5,1,2900104,1000000
2024BG0004999,1,844.37,16,2,6,1,16,42460,303,0,0,6,1,5,1,2900100,1000000
2024BG0005000,1,844.37,27,2,8,1,7,6031,43,9920,6,1,1,5,1,2900102,1000000
2024BG0005001,1,844.37,38,2,1,1,12,32641,233,6000,6,1,1,1,1,2900101,1000000
2024BG0005002,1,844.37,46,1,1,1,7,10228,73,9920,3,1,1,1,1,2900104,1000000
2024BG0005003,1,844.37,3,1,1,1,2,8070,57,0,0,6,1,5,1,2900106,1000000
2024BG0005004,1,844.37,8,1,6,1,3,10059,71,0,0,6,1,5,1,2900100,1000000
2024BG0005005,1,844.37,41,2,1,1,7,22029,157,7000,1,1,1,1,1,2900102,1000000
2024BG0005006,1,844.37,44,1,1,1,12,56037,400,5000,3,3,1,1,1,2900103,1000000
2024BG0005007,1,844.37,34,1,5,1,16,91541,501,5000,1,2,1,1,1,2900102,1000000
2024BG0005008,1,844.37,4,1,6,1,6,4188,29,0,0,6,1,5,1,2900103,1000000
2024BG0005009,1,844.37,23,2,1,1,14,17389,124,9000,1,5,1,5,1,2900101,1000000
2024BG0005010,1,844.37,22,1,1,1,19,171331,501,4000,1,1,1,5,1,2900105,1000000
2024BG0005011,1,844.37,33,1,1,1,19,159435,501,4000,1,2,1,1,1,2900103,1000000
2024BG0005012,1,844.37,26,1,5,1,11,69843,498,2000,1,1,1,1,2,2900102,1000000
2024BG0005013,1,844.37,51,1,5,1,5,16347,116,7000,6,1,1,1,1,2900104,1000000
2024BG0005014,1,844.37,49,1,4,1,13,5523,39,5000,4,1,1,1,1,2900107,1000000
2024BG0005015,1,844.37,6,2,1,1,3,8902,63,0,0,6,1,5,1,2900104,1000000
2024BG0005016,1,844.37,6,2,2,1,4,1339,9,0,0,6,1,5,1,2900105,1000000
2024BG0005017,1,844.37,39,1,1,1,10,43791,312,4000,3,1,1,2,1,2900100,1000000
2024BG0005018,1,844.37,20,1,2,1,19,75487,501,4000,2,1,1,5,1,2900103,1000000
2024BG0005019,1,844.37,23,2,3,1,19,243130,501,4000,1,1,1,5,1,2900104,1000000
2024BG0005020,1,844.37,36,1,1,1,13,95956,501,5000,1,1,1,1,1,2900100,1000000
2024BG0005021,1,844.37,9,2,3,1,8,1616,11,0,0,6,1,5,1,2900107,1000000
2024BG0005022,1,844.37,5,2,1,1,7,2320,16,0,0,6,1,5,2,2900100,1000000
2024BG0005023,1,844.37,23,2,3,1,18,99967,501,4000,1,5,1,5,1,2900106,1000000
2024BG0005024,1,844.37,6,2,6,1,2,7266,51,0,0,6,1,5,1,2900100,1000000
2024BG0005025,1,844.37,91,1,6,1,5,6771,48,0,0,6,1,1,1,2900104,1000000
2024BG0005026,1,844.37,18,2,5,1,12,39248,280,2000,1,1,1,5,1,2900107,1000000
2024BG0005027,1,844.37,58,2,1,1,5,8269,59,9920,1,1,1,1,1,2900102,1000000
2024BG0005028,1,844.37,36,2,2,1,14,42636,304,6000,1,1,1,1,1,2900104,1000000
2024BG0005029,1,844.37,26,2,1,1,15,470095,501,5000,3,1,1,1,1,2900107,1000000
2024BG0005030,1,844.37,21,1,1,1,19,52183,372,4000,3,1,1,5,1,2900107,1000000
2024BG0005031,1,844.37,28,1,5,1,6,5783,41,9000,3,1,1,1,1,2900107,1000000
2024BG0005032,1,844.37,33,1,3,1,12,70693,501,9000,4,2,1,5,1,2900106,1000000
2024BG0005033,1,844.37,25,1,1,1,8,6258,44,5000,3,1,1,1,1,2900104,1000000
2024BG0005034,1,844.37,37,2,3,1,17,95657,501,3000,1,1,1,1,1,2900102,1000000
2024BG0005035,1,844.37,14,2,1,1,3,3427,24,0,0,6,1,5,1,2900105,1000000
2024BG0005036,1,844.37,19,2,7,1,14,12334,88,5000,3,1,1,5,1,2900102,1000000
2024BG0005037,1,844.37,34,1,2,1,12,24829,177,4000,2,1,1,1,1,2900103,1000000
2024BG0005038,1,844.37,39,1,2,1,13,76956,501,8000,1,1,1,1,1,2900105,1000000
2024BG0005039,1,844.37,16,1,1,1,14,18482,132,0,0,6,1,5,1,2900106,1000000
2024BG0005040,1,844.37,40,2,1,1,11,22779,162,5000,1,1,1,1,1,2900105,1000000
2024BG0005041,1,844.37,1,1,2,1,1,5637,40,0,0,6,1,5,1,2900105,1000000
2024BG0005042,1,844.37,11,1,1,1,1,14002,100,0,0,6,1,5,1,2900101,1000000
2024BG0005043,1,844.37,26,2,1,1,11,68300,487,8000,1,1,1,5,1,2900101,1000000
2024BG0005044,1,844.37,25,1,5,1,12,20853,148,7000,1,2,1,5,1,2900105,1000000
2024BG0005045,1,844.37,8,1,5,1,2,2332,16,0,0,6,1,5,1,2900103,1000000
2024BG0005046,1,844.37,22,1,3,1,20,49045,350,2000,1,1,1,5,1,2900101,1000000
2024BG0005047,1,844.37,10,2,3,1,6,6356,45,0,0,6,1,5,1,2900104,1000000
2024BG0005048,1,844.37,18,1,5,1,12,10176,72,6000,6,2,1,1,1,2900104,1000000
2024BG0005049,1,844.37,21,1,6,1,20,47440,338,4000,2,1,1,5,2,2900105,1000000
2024BG0005050,1,844.37,56,2,2,1,17,97377,501,4000,2,1,1,3,1,2900103,1000000
2024BG0005051,1,844.37,11,1,6,1,3,3894,27,0,0,6,1,5,1,2900103,1000000
2024BG0005052,1,844.37,15,2,5,1,11,10868,77,0,0,6,1,5,1,2900104,1000000
2024BG0005053,1,844.37,15,2,4,1,12,18911,135,0,0,6,1,5,1,2900101,1000000
2024BG0005054,1,844.37,14,2,1,1,4,5199,37,0,0,6,1,5,1,2900102,1000000
2024BG0005055,1,844.37,40,1,3,1,10,72395,501,6000,1,1,1,5,1,2900103,1000000
2024BG0005056,1,844.37,19,1,5,1,13,18852,134,6000,4,1,1,1,1,2900100,1000000
2024BG0005057,1,844.37,43,2,1,1,7,6650,47,6000,4,4,1,1,1,2900106,1000000
2024BG0005058,1,844.37,6,2,1,1,8,3212,22,0,0,6,1,5,1,2900104,1000000
2024BG0005059,1,844.37,11,2,4,1,3,3444,24,0,0,6,1,5,1,2900103,1000000
2024BG0005060,1,844.37,11,2,4,1,5,2207,15,0,0,6,1,5,1,2900102,1000000
2024BG0005061,1,844.37,37,1,2,1,16,150487,501,1000,1,5,1,1,1,2900107,1000000
2024BG0005062,1,844.37,22,1,5,1,17,120419,501,4000,3,1,1,5,1,2900100,1000000
2024BG0005063,1,844.37,34,2,1,1,8,43849,313,9000,1,1,1,5,1,2900106,1000000
2024BG0005064,1,844.37,56,2,3,1,9,30814,220,6000,1,5,1,1,1,2900103,1000000
2024BG0005065,1,844.37,31,2,1,1,8,38573,275,5000,1,1,1,5,1,2900105,1000000
2024BG0005066,1,844.37,26,2,1,1,10,20828,148,6000,1,1,1,1,1,2900105,1000000
2024BG0005067,1,844.37,59,2,1,1,17,77338,501,4000,3,1,1,1,1,2900106,1000000
2024BG0005068,1,844.37,40,2,1,1,6,29011,207,9920,1,5,1,1,1,2900106,1000000
2024BG0005069,1,844.37,32,2,1,1,8,27913,199,6000,3,1,1,5,1,2900104,1000000
2024BG0005070,1,844.37,31,1,5,1,5,4093,29,5000,1,1,1,5,1,2900103,1000000
2024BG0005071,1,844.37,6,1,6,1,6,8238,58,0,0,6,1,5,1,2900101,1000000
2024BG0005072,1,844.37,21,2,5,1,18,88144,501,2000,2,3,1,5,1,2900105,1000000
2024BG0005073,1,844.37,35,2,4,1,12,81374,501,4000,3,1,1,1,1,2900101,1000000
2024BG0005074,1,844.37,40,1,2,1,14,34996,249,6000,1,1,1,1,1,2900103,1000000
2024BG0005075,1,844.37,6,1,1,1,5,7685,54,0,0,6,1,5,1,2900100,1000000
2024BG0005076,1,844.37,13,1,1,1,4,4766,34,0,0,6,1,5,1,2900105,1000000
2024BG0005077,1,844.37,0,1,2,1,5,3807,27,0,0,6,1,5,1,2900102,1000000
2024BG0005078,1,844.37,21,1,4,1,11,66472,474,9800,1,1,2,1,1,2900103,1000000
2024BG0005079,1,844.37,4,2,3,1,2,3965,28,0,0,6,1,5,1,2900105,1000000
2024BG0005080,1,844.37,35,1,5,1,12,64686,462,6000,1,1,1,1,1,2900101,1000000
2024BG0005081,1,844.37,74,2,1,1,5,5819,41,0,0,6,1,1,1,2900102,1000000
2024BG0005082,1,844.37,30,1,6,1,18,249498,501,1000,3,1,1,5,1,2900104,1000000
2024BG0005083,1,844.37,12,1,4,1,6,16956,121,0,0,6,1,5,1,2900101,1000000
2024BG0005084,1,844.37,50,2,6,1,10,19473,139,3000,1,1,1,1,1,2900100,1000000
2024BG0005085,1,844.37,58,1,4,1,7,16188,115,8000,3,3,1,1,2,2900106,1000000
2024BG0005086,1,844.37,40,1,3,1,11,42698,304,6000,1,1,1,1,1,2900107,1000000
2024BG0005087,1,844.37,43,2,5,1,9,77195,501,6000,3,3,1,1,1,2900100,1000000
2024BG0005088,1,844.37,13,2,6,1,7,16233,115,0,0,6,1,5,1,2900100,1000000
2024BG0005089,1,844.37,0,1,6,1,2,2416,17,0,0,6,1,5,1,2900102,1000000
2024BG0005090,1,844.37,35,1,1,1,9,37063,264,6000,1,1,1,2,1,2900101,1000000
2024BG0005091,1,844.37,14,2,2,1,4,3583,25,0,0,6,1,5,1,2900105,1000000
2024BG0005092,1,844.37,30,2,1,1,10,99353,501,9000,1,4,1,5,1,2900107,1000000
2024BG0005093,1,844.37,11,2,6,1,2,8586,61,0,0,6,1,5,1,2900102,1000000
2024BG0005094,1,844.37,28,2,1,1,12,42730,305,5000,4,4,2,5,1,2900105,1000000
2024BG0005095,1,844.37,19,1,1,1,13,5743,41,9000,4,1,1,5,1,2900100,1000000
2024BG0005096,1,844.37,43,1,8,1,12,75541,501,9000,6,1,1,1,1,2900101,1000000
2024BG0005097,1,844.37,8,1,1,1,6,3334,23,0,0,6,1,5,1,2900106,1000000
2024BG0005098,1,844.37,38,2,1,1,10,28888,206,6000,3,1,1,1,1,2900105,1000000
2024BG0005099,1,844.37,34,2,7,1,16,151599,501,4000,1,1,1,5,1,2900101,1000000
2024BG0005100,1,844.37,6,1,3,1,7,4212,30,0,0,6,1,5,1,2900100,1000000
2024BG0005101,1,844.37,20,2,6,1,17,17447,124,6000,6,1,1,5,1,2900102,1000000
2024BG0005102,1,844.37,22,2,1,1,14,20580,147,7000,4,1,1,5,1,2900104,1000000
2024BG0005103,1,844.37,41,2,1,1,18,179130,501,4000,1,1,1,1,1,2900105,1000000
2024BG0005104,1,844.37,17,1,1,1,10,12122,86,0,0,6,1,5,1,2900103,1000000
2024BG0005105,1,844.37,54,1,7,1,9,37843,270,5000,1,1,1,5,1,2900101,1000000
2024BG0005106,1,844.37,22,1,1,1,13,10096,72,6000,1,3,1,5,1,2900105,1000000
2024BG0005107,1,844.37,48,2,9,1,8,34021,243,5000,1,2,1,3,1,2900104,1000000
2024BG0005108,1,844.37,55,2,1,1,10,61794,441,5000,1,1,1,1,1,2900106,1000000
2024BG0005109,1,844.37,44,1,5,1,13,100402,501,4000,2,1,1,1,1,2900107,1000000
2024BG0005110,1,844.37,24,2,9,1,14,49115,350,6000,6,1,1,5,1,2900104,1000000
2024BG0005111,1,844.37,27,2,1,1,14,14602,104,8000,4,3,1,5,1,2900106,1000000
2024BG0005112,1,844.37,22,1,1,1,18,76762,501,3000,1,1,1,5,1,2900106,1000000
2024BG0005113,1,844.37,38,2,1,1,12,32399,231,4000,1,3,1,1,1,2900100,1000000
2024BG0005114,1,844.37,5,1,2,1,4,3200,22,0,0,6,1,5,1,2900105,1000000
2024BG0005115,1,844.37,29,2,1,1,11,41711,297,6000,3,2,1,1,1,2900103,1000000
2024BG0005116,1,844.37,29,2,1,1,5,8168,58,9000,6,1,1,1,1,2900107,1000000
2024BG0005117,1,844.37,54,2,1,1,10,40601,290,9000,1,1,1,1,1,2900102,1000000
2024BG0005118,1,844.37,1,2,1,1,3,45524,325,0,0,6,1,5,1,2900107,1000000
2024BG0005119,1,844.37,33,2,6,1,12,26911,192,6000,1,2,1,5,1,2900104,1000000
2024BG0005120,1,844.37,54,1,7,1,8,3980,28,5000,3,1,1,1,1,2900105,1000000
2024BG0005121,1,844.37,28,2,1,1,14,78839,501,7000,1,1,1,1,2,2900106,1000000
2024BG0005122,1,844.37,18,2,1,1,19,41317,295,4000,1,1,1,5,1,2900100,1000000
2024BG0005123,1,844.37,32,2,1,1,7,7210,51,5000,3,1,1,1,1,2900106,1000000
2024BG0005124,1,844.37,29,1,1,1,10,32429,231,9000,4,1,1,1,1,2900101,1000000
2024BG0005125,1,844.37,16,2,2,1,15,41897,299,0,0,6,1,5,1,2900107,1000000
2024BG0005126,1,844.37,26,1,6,1,7,13075,93,9000,1,1,1,1,1,2900106,1000000
2024BG0005127,1,844.37,57,2,1,1,11,22335,159,7000,1,1,1,1,1,2900103,1000000
2024BG0005128,1,844.37,30,1,1,1,8,2259,16,9800,3,1,1,5,1,2900102,1000000
2024BG0005129,1,844.37,26,2,1,1,14,38334,273,4000,1,1,1,5,1,2900102,1000000
2024BG0005130,1,844.37,21,2,5,1,10,6285,44,8000,1,1,1,5,1,2900107,1000000
2024BG0005131,1,844.37,18,1,5,1,16,47151,336,6000,1,1,1,1,1,2900101,1000000
2024BG0005132,1,844.37,36,1,2,1,17,190595,501,5000,4,1,1,1,1,2900101,1000000
2024BG0005133,1,844.37,20,2,1,1,19,88691,501,4000,1,1,1,1,1,2900100,1000000
2024BG0005134,1,844.37,8,2,5,1,3,4173,29,0,0,6,1,5,1,2900107,1000000
2024BG0005135,1,844.37,37,1,6,1,6,59442,424,9920,1,1,1,5,1,2900100,1000000
2024BG0005136,1,844.37,73,2,2,1,9,64971,464,0,0,6,1,1,1,2900102,1000000
2024BG0005137,1,844.37,54,1,5,1,11,42264,301,6000,1,2,1,1,1,2900106,1000000
2024BG0005138,1,844.37,34,1,1,1,10,51417,367,5000,3,1,1,1,1,2900104,1000000
2024BG0005139,1,844.37,39,1,2,1,16,90228,501,2000,1,1,5,1,1,2900105,1000000
2024BG0005140,1,844.37,14,2,2,1,7,6067,43,0,0,6,1,5,1,2900101,1000000
2024BG0005141,1,844.37,72,2,4,1,6,4876,34,0,0,6,1,1,1,2900107,1000000
2024BG0005142,1,844.37,22,1,4,1,18,130904,501,6000,1,1,1,5,1,2900104,1000000
2024BG0005143,1,844.37,31,1,2,1,8,10273,73,5000,3,1,1,1,1,2900107,1000000
2024BG0005144,1,844.37,9,2,5,1,8,9905,70,0,0,6,1,5,1,2900103,1000000
2024BG0005145,1,844.37,35,1,1,1,8,8629,61,5000,1,1,1,1,1,2900105,1000000
2024BG0005146,1,844.37,34,2,2,1,15,95836,501,4000,1,1,1,5,1,2900107,1000000
2024BG0005147,1,844.37,24,2,1,1,18,75825,501,6000,3,1,1,5,1,2900101,1000000
2024BG0005148,1,844.37,35,1,2,1,11,92955,501,7000,3,1,1,1,1,2900101,1000000
2024BG0005149,1,844.37,50,2,2,1,8,15416,110,9920,4,1,1,2,1,2900104,1000000
2024BG0005150,1,844.37,84,1,5,1,6,19071,136,0,0,6,1,1,1,2900101,1000000
2024BG0005151,1,844.37,43,1,4,1,8,34419,245,7000,3,1,1,1,1,2900104,1000000
2024BG0005152,1,844.37,6,2,1,1,7,3431,24,0,0,6,1,5,1,2900102,1000000
2024BG0005153,1,844.37,20,1,6,1,17,51995,371,1000,1,1,1,5,1,2900104,1000000
2024BG0005154,1,844.37,20,1,1,1,18,62423,445,4000,1,1,1,1,1,2900102,1000000
2024BG0005155,1,844.37,44,1,4,1,8,8820,63,7000,1,1,1,1,1,2900106,1000000
2024BG0005156,1,844.37,14,2,1,1,3,8344,59,0,0,6,1,5,1,2900105,1000000
2024BG0005157,1,844.37,17,1,2,1,19,73920,501,0,0,6,1,5,1,2900103,1000000
2024BG0005158,1,844.37,24,2,2,1,14,19766,141,9800,3,1,1,5,1,2900105,1000000
2024BG0005159,1,844.37,28,1,6,1,8,14936,106,5000,6,1,1,1,1,2900102,1000000
2024BG0005160,1,844.37,14,1,1,1,2,10943,78,0,0,6,1,5,1,2900100,1000000
2024BG0005161,1,844.37,24,2,1,1,10,63793,455,4000,1,1,1,1,1,2900105,1000000
2024BG0005162,1,844.37,19,1,1,1,12,26827,191,6000,6,1,1,5,1,2900107,1000000
2024BG0005163,1,844.37,50,1,5,1,12,91155,501,9000,1,1,1,1,1,2900106,1000000
2024BG0005164,1,844.37,44,1,1,1,10,50574,361,6000,4,1,1,5,1,2900103,1000000
2024BG0005165,1,844.37,78,2,3,1,7,2623,18,0,0,6,1,2,1,2900101,1000000
2024BG0005166,1,844.37,26,1,6,1,11,19617,140,8000,4,1,1,5,1,2900103,1000000
2024BG0005167,1,844.37,51,1,2,1,9,33176,236,6000,6,5,1,5,1,2900100,1000000
2024BG0005168,1,844.37,52,2,7,1,12,72671,501,9000,3,1,1,1,1,2900104,1000000
2024BG0005169,1,844.37,39,2,2,1,14,31403,224,6000,1,1,1,1,1,2900105,1000000
2024BG0005170,1,844.37,31,1,5,1,14,37413,267,6000,3,1,1,5,1,2900106,1000000
2024BG0005171,1,844.37,20,1,2,1,18,38047,271,1000,1,1,1,5,1,2900103,1000000
2024BG0005172,1,844.37,44,1,1,1,8,4635,33,8000,1,1,1,1,1,2900104,1000000
2024BG0005173,1,844.37,15,2,1,1,18,51607,368,0,0,6,1,5,1,2900104,1000000
2024BG0005174,1,844.37,36,1,2,1,15,217401,501,5000,3,1,1,1,1,2900106,1000000
2024BG0005175,1,844.37,55,1,1,1,9,60005,428,9000,3,1,1,5,1,2900105,1000000
2024BG0005176,1,844.37,37,2,3,1,13,89451,501,6000,6,1,1,5,1,2900105,1000000
2024BG0005177,1,844.37,26,2,2,1,13,79382,501,9000,1,1,1,1,1,2900107,1000000
2024BG0005178,1,844.37,53,1,1,1,6,20491,146,6000,6,1,1,3,2,2900106,1000000
2024BG0005179,1,844.37,22,1,6,1,17,60408,431,2000,1,2,1,5,1,2900102,1000000
2024BG0005180,1,844.37,27,2,5,1,6,11046,78,7000,6,1,1,1,1,2900106,1000000
2024BG0005181,1,844.37,9,2,3,1,4,7559,53,0,0,6,1,5,1,2900100,1000000
2024BG0005182,1,844.37,4,1,1,1,1,3114,22,0,0,6,1,5,1,2900102,1000000
2024BG0005183,1,844.37,11,1,1,1,3,6527,46,0,0,6,1,5,1,2900104,1000000
2024BG0005184,1,844.37,58,2,2,1,11,21217,151,5000,4,1,1,1,1,2900100,1000000
2024BG0005185,1,844.37,38,1,1,1,11,54257,387,7000,3,1,1,1,1,2900100,1000000
2024BG0005186,1,844.37,36,1,1,1,10,19356,138,8000,1,1,5,1,1,2900106,1000000
2024BG0005187,1,844.37,2,1,1,1,2,2126,15,0,0,6,1,5,1,2900102,1000000
2024BG0005188,1,844.37,52,2,2,1,9,28954,206,9000,6,1,1,2,1,2900107,1000000
2024BG0005189,1,844.37,20,1,5,1,15,49135,350,6000,1,1,1,5,1,2900103,1000000
2024BG0005190,1,844.37,47,1,2,1,10,64701,462,9000,3,1,1,1,1,2900107,1000000
2024BG0005191,1,844.37,31,2,5,1,9,43146,308,9000,1,1,1,1,1,2900101,1000000
2024BG0005192,1,844.37,100,1,1,1,12,28067,200,0,0,6,1,1,1,2900102,1000000
2024BG0005193,1,844.37,55,2,1,1,8,9205,65,5000,1,5,1,1,1,2900107,1000000
2024BG0005194,1,844.37,36,2,1,1,7,33703,240,5000,3,1,1,1,1,2900102,1000000
2024BG0005195,1,844.37,47,1,4,1,13,24741,176,4000,1,4,1,1,1,2900106,1000000
2024BG0005196,1,844.37,23,2,1,1,10,50456,360,5000,1,1,1,5,1,2900103,1000000
2024BG0005197,1,844.37,29,1,1,1,17,87909,501,6000,3,1,1,5,1,2900100,1000000
2024BG0005198,1,844.37,41,1,6,1,11,110070,501,3000,1,1,1,2,1,2900106,1000000
2024BG0005199,1,844.37,38,1,9,1,15,195645,501,4000,3,1,1,1,1,2900102,1000000
2024BG0005200,1,844.37,29,1,3,1,16,119026,501,1000,1,1,1,1,1,2900100,1000000
2024BG0005201,1,844.37,45,1,4,1,10,49551,353,5000,1,1,1,1,1,2900102,1000000
2024BG0005202,1,844.37,25,2,2,1,13,24476,174,1000,1,1,1,5,1,2900101,1000000
2024BG0005203,1,844.37,40,1,1,1,7,22595,161,9000,3,1,1,1,1,2900102,1000000
2024BG0005204,1,844.37,43,1,1,1,15,124933,501,5000,4,1,2,5,1,2900107,1000000
2024BG0005205,1,844.37,12,2,6,1,4,689,4,0,0,6,1,5,1,2900100,1000000
2024BG0005206,1,844.37,48,1,1,1,9,43214,308,3000,1,1,1,5,1,2900107,1000000
2024BG0005207,1,844.37,43,1,1,1,13,34953,249,8000,4,1,1,1,1,2900106,1000000
2024BG0005208,1,844.37,26,1,1,1,13,57074,407,9000,1,1,1,1,1,2900101,1000000
2024BG0005209,1,844.37,14,2,1,1,6,16766,119,0,0,6,1,5,1,2900100,1000000
2024BG0005210,1,844.37,2,1,6,1,3,2011,14,0,0,6,1,5,1,2900102,1000000
2024BG0005211,1,844.37,28,1,6,1,11,33670,240,6000,1,1,1,1,1,2900103,1000000
2024BG0005212,1,844.37,59,1,1,1,10,37610,268,8000,1,2,1,1,1,2900104,1000000
2024BG0005213,1,844.37,31,2,1,1,17,68443,488,2000,3,1,1,1,1,2900102,1000000
2024BG0005214,1,844.37,33,1,1,1,13,24765,176,5000,3,1,1,5,1,2900107,1000000
2024BG0005215,1,844.37,54,1,8,1,10,19461,139,9000,1,1,1,1,1,2900106,1000000
2024BG0005216,1,844.37,49,1,1,1,6,14555,103,8000,1,1,1,1,1,2900102,1000000
2024BG0005217,1,844.37,20,1,2,1,19,194271,501,3000,3,1,1,5,1,2900103,1000000
2024BG0005218,1,844.37,23,1,1,1,17,186691,501,5000,4,1,1,5,1,2900101,1000000
2024BG0005219,1,844.37,24,1,1,1,17,82010,501,4000,1,1,1,5,1,2900107,1000000
2024BG0005220,1,844.37,17,1,3,1,12,35764,255,0,0,6,1,5,1,2900101,1000000
2024BG0005221,1,844.37,21,1,3,1,15,94920,501,3000,1,1,1,5,1,2900105,1000000
2024BG0005222,1,844.37,40,2,6,1,5,21215,151,5000,3,1,1,5,1,2900100,1000000
2024BG0005223,1,844.37,53,2,5,1,17,110380,501,5000,6,1,1,1,1,2900105,1000000
2024BG0005224,1,844.37,25,1,1,1,17,193273,501,4000,3,1,1,1,1,2900101,1000000
2024BG0005225,1,844.37,53,2,6,1,12,33659,240,9000,3,1,1,5,1,2900101,1000000
2024BG0005226,1,844.37,33,2,1,1,15,83286,501,4000,1,1,1,1,1,2900103,1000000
2024BG0005227,1,844.37,85,1,1,1,8,28245,201,0,0,6,1,1,1,2900105,1000000
2024BG0005228,1,844.37,41,1,2,1,19,141083,501,4000,1,1,1,5,1,2900100,1000000
2024BG0005229,1,844.37,26,2,1,1,11,38386,274,5000,1,4,1,1,1,2900103,1000000
2024BG0005230,1,844.37,18,2,5,1,14,8842,63,1000,1,1,1,5,1,2900105,1000000
2024BG0005231,1,844.37,17,2,1,1,16,81262,501,0,0,6,1,5,1,2900106,1000000
2024BG0005232,1,844.37,18,1,3,1,15,26465,189,3000,1,1,1,1,1,2900100,1000000
2024BG0005233,1,844.37,39,1,6,1,10,57320,409,4000,1,1,2,1,1,2900103,1000000
2024BG0005234,1,844.37,24,1,2,1,12,38809,277,4000,1,1,1,5,1,2900100,1000000
2024BG0005235,1,844.37,23,1,5,1,15,144512,501,2000,1,1,1,5,1,2900105,1000000
2024BG0005236,1,844.37,30,1,5,1,13,82409,501,5000,4,1,1,1,1,2900100,1000000
2024BG0005237,1,844.37,3,1,1,1,1,3659,26,0,0,6,1,5,1,2900107,1000000
2024BG0005238,1,844.37,15,1,2,1,17,38228,273,0,0,6,1,5,1,2900103,1000000
2024BG0005239,1,844.37,42,2,2,1,15,127920,501,4000,1,3,1,1,1,2900104,1000000
2024BG0005240,1,844.37,30,1,2,1,5,13643,97,8000,1,1,1,5,1,2900101,1000000
2024BG0005241,1,844.37,8,2,1,1,7,3900,27,0,0,6,1,5,1,2900105,1000000
2024BG0005242,1,844.37,33,1,1,1,8,15259,108,8000,1,1,1,5,1,2900101,1000000
2024BG0005243,1,844.37,26,2,3,1,7,12216,87,9800,1,1,1,5,1,2900104,1000000
2024BG0005244,1,844.37,28,1,6,1,12,43344,309,8000,3,1,1,5,1,2900104,1000000
2024BG0005245,1,844.37,32,2,1,1,8,25015,178,9000,3,1,1,1,1,2900107,1000000
2024BG0005246,1,844.37,30,1,1,1,8,19537,139,9920,1,1,1,5,1,2900106,1000000
2024BG0005247,1,844.37,49,2,2,1,14,36642,261,6000,1,3,1,1,1,2900106,1000000
2024BG0005248,1,844.37,51,2,1,1,8,30074,214,9000,1,4,1,1,1,2900100,1000000
2024BG0005249,1,844.37,15,2,9,1,18,27562,196,0,0,6,1,5,1,2900102,1000000
2024BG0005250,1,844.37,21,1,1,1,14,17785,127,5000,1,1,1,5,1,2900105,1000000
2024BG0005251,1,844.37,17,1,1,1,16,49914,356,0,0,6,1,5,1,2900106,1000000
2024BG0005252,1,844.37,12,2,2,1,2,7960,56,0,0,6,1,5,1,2900105,1000000
2024BG0005253,1,844.37,9,2,6,1,4,3794,27,0,0,6,1,5,1,2900102,1000000
2024BG0005254,1,844.37,23,1,7,1,17,130740,501,4000,1,1,1,5,1,2900103,1000000
2024BG0005255,1,844.37,23,1,2,1,18,58451,417,1000,1,1,1,5,2,2900105,1000000
2024BG0005256,1,844.37,22,2,7,1,17,70962,501,4000,1,4,1,5,1,2900100,1000000
2024BG0005257,1,844.37,45,2,7,1,6,34460,246,9920,1,1,1,1,1,2900107,1000000
2024BG0005258,1,844.37,23,2,1,1,19,194032,501,4000,2,1,1,5,1,2900101,1000000
2024BG0005259,1,844.37,41,2,1,1,9,66691,476,6000,3,1,1,1,1,2900102,1000000
2024BG0005260,1,844.37,46,2,2,1,16,114583,501,4000,1,2,1,5,1,2900106,1000000
2024BG0005261,1,844.37,32,1,1,1,15,77670,501,4000,1,1,1,1,1,2900106,1000000
2024BG0005262,1,844.37,1,1,1,1,4,1058,7,0,0,6,1,5,1,2900100,1000000
2024BG0005263,1,844.37,20,2,1,1,18,20209,144,3000,1,1,1,5,1,2900103,1000000
2024BG0005264,1,844.37,17,2,1,1,18,64579,461,0,0,6,1,5,1,2900107,1000000
2024BG0005265,1,844.37,6,2,6,1,8,6442,46,0,0,6,1,5,1,2900107,1000000
2024BG0005266,1,844.37,5,1,1,1,4,2957,21,0,0,6,2,5,1,2900104,1000000
2024BG0005267,1,844.37,52,2,6,1,13,47974,342,6000,4,1,1,1,1,2900102,1000000
2024BG0005268,1,844.37,21,2,2,1,19,106848,501,4000,2,1,1,5,1,2900105,1000000
2024BG0005269,1,844.37,17,1,6,1,18,64753,462,0,0,6,1,5,1,2900103,1000000
2024BG0005270,1,844.37,38,2,1,1,8,5205,37,7000,1,1,1,1,1,2900104,1000000
2024BG0005271,1,844.37,22,2,2,1,16,76765,501,4000,1,1,1,5,1,2900103,1000000
2024BG0005272,1,844.37,35,1,5,1,10,14096,100,4000,1,1,1,1,1,2900105,1000000
2024BG0005273,1,844.37,15,2,6,1,14,14575,104,0,0,6,1,5,1,2900103,1000000
2024BG0005274,1,844.37,3,1,6,1,6,8053,57,0,0,6,1,5,1,2900105,1000000
2024BG0005275,1,844.37,22,2,6,1,18,47503,339,6000,6,1,1,5,1,2900103,1000000
2024BG0005276,1,844.37,15,1,5,1,17,52031,371,0,0,6,1,5,1,2900102,1000000
2024BG0005277,1,844.37,51,2,5,1,8,32753,233,9800,1,1,1,2,1,2900104,1000000
2024BG0005278,1,844.37,17,1,6,1,16,32057,228,0,0,6,1,5,1,2900100,1000000
2024BG0005279,1,844.37,2,1,5,1,4,4307,30,0,0,6,1,5,1,2900107,1000000
2024BG0005280,1,844.37,34,2,1,1,11,45191,322,5000,3,1,1,1,1,2900100,1000000
2024BG0005281,1,844.37,17,2,1,1,20,55704,397,0,0,6,1,5,1,2900104,1000000
2024BG0005282,1,844.37,14,2,5,1,5,10098,72,0,0,6,1,5,1,2900102,1000000
2024BG0005283,1,844.37,18,1,1,1,19,56813,405,1000,1,1,1,1,2,2900104,1000000
2024BG0005284,1,844.37,14,2,7,1,9,10171,72,0,0,6,1,5,1,2900104,1000000
2024BG0005285,1,844.37,27,1,3,1,6,10356,73,7000,3,1,1,5,1,2900104,1000000
2024BG0005286,1,844.37,13,2,1,1,6,3877,27,0,0,6,1,5,1,2900102,1000000
2024BG0005287,1,844.37,40,1,4,1,14,50708,362,6000,4,1,1,1,1,2900101,1000000
2024BG0005288,1,844.37,43,2,1,1,14,51074,364,5000,6,1,1,1,1,2900105,1000000
2024BG0005289,1,844.37,42,2,1,1,13,28111,200,5000,3,1,1,1,1,2900107,1000000
2024BG0005290,1,844.37,58,1,3,1,7,48372,345,6000,1,1,1,1,1,2900101,1000000
2024BG0005291,1,844.37,18,2,1,1,19,86914,501,4000,2,1,1,5,1,2900102,1000000
2024BG0005292,1,844.37,42,1,1,1,15,137038,501,4000,1,1,1,5,1,2900105,1000000
2024BG0005293,1,844.37,13,1,2,1,4,5915,42,0,0,6,1,5,1,2900104,1000000
2024BG0005294,1,844.37,2,2,4,1,4,2284,16,0,0,6,1,5,1,2900106,1000000
2024BG0005295,1,844.37,37,1,1,1,16,99060,501,4000,1,1,1,5,1,2900102,1000000
2024BG0005296,1,844.37,33,1,2,1,10,40695,290,6000,1,1,1,1,1,2900106,1000000
2024BG0005297,1,844.37,71,2,2,1,5,30715,219,0,0,6,1,1,1,2900105,1000000
2024BG0005298,1,844.37,20,2,2,1,16,31888,227,4000,2,1,1,1,1,2900106,1000000
2024BG0005299,1,844.37,19,1,1,1,13,9841,70,6000,4,1,1,5,1,2900101,1000000
2024BG0005300,1,844.37,27,1,1,1,17,106222,501,3000,1,1,1,1,1,2900100,1000000
2024BG0005301,1,844.37,24,1,1,1,18,272365,501,4000,1,3,1,5,1,2900100,1000000
2024BG0005302,1,844.37,30,1,1,1,11,10507,75,5000,1,1,1,1,1,2900106,1000000
2024BG0005303,1,844.37,12,2,2,1,1,3236,23,0,0,6,1,5,1,2900103,1000000
2024BG0005304,1,844.37,6,1,1,1,7,5162,36,0,0,6,1,5,1,2900107,1000000
2024BG0005305,1,844.37,1,2,6,1,3,9779,69,0,0,6,1,5,1,2900104,1000000
2024BG0005306,1,844.37,44,2,1,1,15,166011,501,4000,2,1,1,1,1,2900106,1000000
2024BG0005307,1,844.37,29,1,1,1,5,14157,101,9920,6,3,1,5,1,2900106,1000000
2024BG0005308,1,844.37,14,1,6,1,2,2119,15,0,0,6,1,5,1,2900105,1000000
2024BG0005309,1,844.37,25,1,1,1,9,66126,472,6000,4,1,1,1,1,2900101,1000000
2024BG0005310,1,844.37,44,2,5,1,11,34001,242,5000,3,1,1,1,1,2900105,1000000
2024BG0005311,1,844.37,34,2,1,1,9,154712,501,2000,1,1,1,5,2,2900101,1000000
2024BG0005312,1,844.37,22,1,1,1,14,43193,308,4000,1,4,1,1,1,2900101,1000000
2024BG0005313,1,844.37,25,1,3,1,13,42849,306,2000,1,1,1,1,1,2900102,1000000
2024BG0005314,1,844.37,57,2,1,1,11,17633,125,1000,1,2,1,1,1,2900106,1000000
2024BG0005315,1,844.37,53,1,1,1,10,28058,200,5000,1,5,1,1,1,2900103,1000000
2024BG0005316,1,844.37,34,1,2,1,12,75499,501,7000,3,3,1,1,1,2900106,1000000
2024BG0005317,1,844.37,12,2,1,1,2,9803,70,0,0,6,1,5,1,2900102,1000000
2024BG0005318,1,844.37,36,2,4,1,13,37236,265,3000,2,1,1,2,1,2900106,1000000
2024BG0005319,1,844.37,10,1,6,1,7,10225,73,0,0,6,1,5,1,2900102,1000000
2024BG0005320,1,844.37,8,1,1,1,1,6003,42,0,0,6,1,5,1,2900107,1000000
2024BG0005321,1,844.37,7,1,2,1,6,5060,36,0,0,6,1,5,1,2900105,1000000
2024BG0005322,1,844.37,49,1,6,1,7,27347,195,9000,3,1,1,1,1,2900100,1000000
2024BG0005323,1,844.37,27,2,6,1,14,34763,248,6000,6,1,1,5,1,2900101,1000000
2024BG0005324,1,844.37,56,1,5,1,14,59480,424,4000,1,5,1,1,1,2900106,1000000
2024BG0005325,1,844.37,29,1,1,1,12,112103,501,8000,6,4,1,5,1,2900104,1000000
2024BG0005326,1,844.37,22,1,3,1,17,67594,482,4000,1,1,1,5,2,2900102,1000000
2024BG0005327,1,844.37,3,1,8,1,3,6008,42,0,0,6,1,5,1,2900104,1000000
2024BG0005328,1,844.37,54,1,3,1,7,15843,113,9800,3,1,1,2,1,2900100,1000000
2024BG0005329,1,844.37,30,2,5,1,10,35095,250,9000,4,1,1,1,1,2900104,1000000
2024BG0005330,1,844.37,22,2,4,1,13,30745,219,4000,3,1,1,5,1,2900104,1000000
2024BG0005331,1,844.37,36,2,1,1,16,61827,441,4000,1,2,1,1,1,2900103,1000000
2024BG0005332,1,844.37,69,1,2,1,9,7021,50,9000,1,1,1,1,1,2900107,1000000
2024BG0005333,1,844.37,40,2,1,1,6,9206,65,6000,1,2,1,1,1,2900106,1000000
2024BG0005334,1,844.37,42,1,3,1,11,24866,177,1000,1,1,1,1,1,2900102,1000000
2024BG0005335,1,844.37,20,1,1,1,18,17804,127,4000,1,5,1,5,1,2900102,1000000
2024BG0005336,1,844.37,33,1,7,1,5,21930,156,7000,1,1,1,1,1,2900102,1000000
2024BG0005337,1,844.37,29,2,6,1,15,71885,501,6000,4,1,1,5,1,2900107,1000000
2024BG0005338,1,844.37,24,2,4,1,14,13173,94,1000,1,1,1,5,1,2900100,1000000
2024BG0005339,1,844.37,26,2,1,1,10,45842,327,3000,1,4,1,5,1,2900102,1000000
2024BG0005340,1,844.37,15,2,1,1,15,53577,382,0,0,6,1,5,1,2900100,1000000
2024BG0005341,1,844.37,41,1,2,1,13,30933,220,2000,1,1,1,1,1,2900103,1000000
2024BG0005342,1,844.37,39,2,2,1,10,24548,175,4000,1,1,1,5,1,2900100,1000000
2024BG0005343,1,844.37,19,2,6,1,15,48896,349,3000,3,1,1,1,1,2900102,1000000
2024BG0005344,1,844.37,73,1,2,1,8,8168,58,0,0,6,1,4,1,2900106,1000000
2024BG0005345,1,844.37,16,2,1,1,14,46826,334,0,0,6,1,5,1,2900103,1000000
2024BG0005346,1,844.37,6,2,5,1,1,1847,13,0,0,6,5,5,1,2900105,1000000
2024BG0005347,1,844.37,37,1,3,1,14,22352,159,9000,1,1,1,1,1,2900100,1000000
2024BG0005348,1,844.37,18,1,1,1,14,36091,257,4000,1,1,1,5,1,2900105,1000000
2024BG0005349,1,844.37,37,1,1,1,12,67610,482,6000,1,3,1,1,1,2900104,1000000
2024BG0005350,1,844.37,23,2,1,1,18,79237,501,6000,1,1,1,5,2,2900103,1000000
2024BG0005351,1,844.37,31,1,1,1,10,80072,501,9000,3,1,1,5,1,2900100,1000000
2024BG0005352,1,844.37,8,2,5,1,3,2765,19,0,0,6,1,5,1,2900106,1000000
2024BG0005353,1,844.37,44,2,1,1,12,40122,286,9000,1,1,1,1,1,2900103,1000000
2024BG0005354,1,844.37,70,2,1,1,5,9729,69,9920,1,1,1,1,1,2900107,1000000
2024BG0005355,1,844.37,13,2,6,1,4,8197,58,0,0,6,1,5,1,2900107,1000000
2024BG0005356,1,844.37,36,1,5,1,14,51659,368,7000,1,2,1,1,1,2900103,1000000
2024BG0005357,1,844.37,24,2,1,1,20,217211,501,4000,1,1,1,5,1,2900104,1000000
2024BG0005358,1,844.37,54,1,5,1,11,39920,285,4000,1,1,1,2,1,2900107,1000000
2024BG0005359,1,844.37,17,2,1,1,12,8455,60,0,0,6,1,5,1,2900107,1000000
2024BG0005360,1,844.37,3,1,3,1,5,11515,82,0,0,6,1,5,1,2900100,1000000
2024BG0005361,1,844.37,17,2,3,1,18,60513,432,0,0,6,1,5,1,2900107,1000000
2024BG0005362,1,844.37,66,1,1,1,5,13249,94,9920,1,1,1,5,1,2900101,1000000
2024BG0005363,1,844.37,45,2,5,1,14,43584,311,4000,3,1,1,1,1,2900104,1000000
2024BG0005364,1,844.37,78,2,1,1,5,12479,89,0,0,6,1,1,1,2900106,1000000
2024BG0005365,1,844.37,25,2,3,1,18,152109,501,5000,1,1,1,1,1,2900107,1000000
2024BG0005366,1,844.37,27,1,1,1,5,6854,48,5000,1,1,1,5,1,2900107,1000000
2024BG0005367,1,844.37,59,2,5,1,12,30826,220,5000,3,4,5,1,1,2900107,1000000
2024BG0005368,1,844.37,54,1,1,1,17,74041,501,4000,1,5,1,1,1,2900102,1000000
2024BG0005369,1,844.37,35,1,2,1,12,68332,488,5000,4,5,1,3,1,2900103,1000000
2024BG0005370,1,844.37,12,1,1,1,5,3455,24,0,0,6,1,5,1,2900101,1000000
2024BG0005371,1,844.37,18,2,6,1,18,14759,105,4000,1,1,1,5,1,2900104,1000000
2024BG0005372,1,844.37,15,2,1,1,17,26832,191,0,0,6,1,5,1,2900106,1000000
2024BG0005373,1,844.37,24,1,1,1,13,65986,471,9000,1,1,1,5,1,2900103,1000000
2024BG0005374,1,844.37,38,1,2,1,10,38959,278,5000,3,1,1,1,1,2900105,1000000
2024BG0005375,1,844.37,40,1,1,1,8,13322,95,5000,3,2,1,1,1,2900107,1000000
2024BG0005376,1,844.37,14,1,2,1,3,10529,75,0,0,6,1,5,1,2900107,1000000
2024BG0005377,1,844.37,53,2,2,1,10,48323,345,7000,3,1,1,2,1,2900103,1000000
2024BG0005378,1,844.37,26,2,1,1,12,10570,75,4000,1,1,1,5,1,2900102,1000000
2024BG0005379,1,844.37,91,1,1,1,7,8016,57,0,0,6,1,1,1,2900103,1000000
2024BG0005380,1,844.37,35,1,4,1,7,10052,71,9000,4,2,1,1,1,2900103,1000000
2024BG0005381,1,844.37,43,2,1,1,17,143319,501,6000,3,1,1,1,1,2900103,1000000
2024BG0005382,1,844.37,27,1,3,1,15,130726,501,4000,1,3,1,1,1,2900104,1000000
2024BG0005383,1,844.37,25,1,2,1,6,30599,218,6000,3,1,1,5,1,2900107,1000000
2024BG0005384,1,844.37,34,2,1,1,17,176201,501,4000,1,2,1,5,1,2900103,1000000
2024BG0005385,1,844.37,62,2,3,1,5,4646,33,9920,1,1,1,1,1,2900106,1000000
2024BG0005386,1,844.37,23,1,1,1,16,60828,434,4000,2,1,1,1,1,2900107,1000000
2024BG0005387,1,844.37,33,2,7,1,15,273263,501,4000,1,1,1,5,1,2900101,1000000
2024BG0005388,1,844.37,8,1,5,1,4,17483,124,0,0,6,1,5,1,2900100,1000000
2024BG0005389,1,844.37,97,1,5,1,6,23364,166,0,0,6,1,1,1,2900106,1000000
2024BG0005390,1,844.37,29,2,5,1,16,79194,501,4000,1,1,1,1,1,2900103,1000000
2024BG0005391,1,844.37,16,2,6,1,19,82337,501,0,0,6,1,5,1,2900101,1000000
2024BG0005392,1,844.37,26,1,4,1,14,6411,45,4000,1,1,1,1,1,2900100,1000000
2024BG0005393,1,844.37,29,2,1,1,16,112562,501,3000,1,2,1,1,2,2900103,1000000
2024BG0005394,1,844.37,0,1,3,1,3,4418,31,0,0,6,1,5,1,2900100,1000000
2024BG0005395,1,844.37,31,2,3,1,14,10733,76,6000,1,1,1,1,1,2900101,1000000
2024BG0005396,1,844.37,12,2,5,1,2,10570,75,0,0,6,1,5,1,2900102,1000000
2024BG0005397,1,844.37,12,1,1,1,5,6191,44,0,0,6,1,5,1,2900106,1000000
2024BG0005398,1,844.37,35,1,3,1,9,31881,227,4000,1,1,1,1,1,2900103,1000000
2024BG0005399,1,844.37,20,1,1,1,12,19738,140,6000,3,1,1,5,1,2900103,1000000
2024BG0005400,1,844.37,7,2,4,1,5,13063,93,0,0,6,1,5,1,2900104,1000000
2024BG0005401,1,844.37,25,1,1,1,14,22101,157,4000,1,1,1,1,1,2900100,1000000
2024BG0005402,1,844.37,29,1,5,1,11,43894,313,1000,3,4,1,1,1,2900106,1000000
2024BG0005403,1,844.37,51,2,2,1,6,9964,71,8000,4,1,1,1,1,2900101,1000000
2024BG0005404,1,844.37,59,2,2,1,11,49369,352,7000,3,1,1,1,1,2900105,1000000
2024BG0005405,1,844.37,30,1,1,1,11,46579,332,6000,4,1,1,5,1,2900104,1000000
2024BG0005406,1,844.37,62,2,7,1,10,28259,201,6000,4,1,1,1,1,2900105,1000000
2024BG0005407,1,844.37,15,2,1,1,11,34270,244,0,0,6,1,5,1,2900104,1000000
2024BG0005408,1,844.37,3,1,1,1,3,26572,189,0,0,6,1,5,1,2900107,1000000
2024BG0005409,1,844.37,54,1,5,1,18,224062,501,4000,1,1,1,1,1,2900100,1000000
2024BG0005410,1,844.37,47,2,5,1,9,7126,50,5000,6,1,1,1,1,2900106,1000000
2024BG0005411,1,844.37,30,2,1,1,6,7275,51,9920,1,1,1,1,1,2900106,1000000
2024BG0005412,1,844.37,54,2,6,1,11,41218,294,3000,1,1,1,1,1,2900102,1000000
2024BG0005413,1,844.37,42,2,6,1,13,173519,501,6000,1,1,1,5,1,2900106,1000000
2024BG0005414,1,844.37,21,2,2,1,17,19792,141,1000,1,1,1,5,1,2900101,1000000
2024BG0005415,1,844.37,33,2,1,1,17,71174,501,5000,6,1,1,1,1,2900105,1000000
2024BG0005416,1,844.37,19,1,4,1,14,36585,261,7000,1,1,1,5,1,2900101,1000000
2024BG0005417,1,844.37,44,2,1,1,15,186520,501,5000,1,2,1,1,1,2900105,1000000
2024BG0005418,1,844.37,13,2,1,1,4,2217,15,0,0,6,1,5,1,2900105,1000000
2024BG0005419,1,844.37,37,2,4,1,10,66170,472,4000,1,1,1,1,1,2900106,1000000
2024BG0005420,1,844.37,5,1,1,1,8,4680,33,0,0,6,1,5,1,2900101,1000000
2024BG0005421,1,844.37,21,1,1,1,13,20357,145,1000,1,1,1,1,1,2900107,1000000
2024BG0005422,1,844.37,19,2,9,1,17,29974,214,1000,1,1,1,5,1,2900101,1000000
2024BG0005423,1,844.37,10,2,6,1,7,6158,43,0,0,6,1,5,1,2900102,1000000
2024BG0005424,1,844.37,17,2,7,1,13,9927,70,0,0,6,1,5,2,2900104,1000000
2024BG0005425,1,844.37,37,2,1,1,12,29485,210,4000,3,1,1,1,1,2900105,1000000
2024BG0005426,1,844.37,23,1,1,1,13,16848,120,4000,2,1,1,5,1,2900102,1000000
2024BG0005427,1,844.37,44,1,1,1,14,58088,414,6000,6,1,1,1,1,2900106,1000000
2024BG0005428,1,844.37,41,1,6,1,13,50747,362,9800,4,1,1,1,1,2900103,1000000
2024BG0005429,1,844.37,76,2,2,1,6,3906,27,0,0,6,1,1,1,2900104,1000000
2024BG0005430,1,844.37,5,1,1,1,3,1581,11,0,0,6,1,5,1,2900107,1000000
2024BG0005431,1,844.37,28,2,1,1,5,3376,24,9920,1,1,1,1,1,2900103,1000000
2024BG0005432,1,844.37,68,1,6,1,7,2691,19,9800,1,1,1,1,1,2900106,1000000
2024BG0005433,1,844.37,38,1,1,1,6,9620,68,6000,1,1,1,1,1,2900103,1000000
2024BG0005434,1,844.37,14,2,1,1,6,24732,176,0,0,6,1,5,1,2900105,1000000
2024BG0005435,1,844.37,15,1,3,1,12,32048,228,0,0,6,1,5,1,2900107,1000000
2024BG0005436,1,844.37,0,1,5,1,3,934,6,0,0,6,1,5,1,2900102,1000000
2024BG0005437,1,844.37,15,1,5,1,12,58654,418,0,0,6,1,5,1,2900107,1000000
2024BG0005438,1,844.37,26,1,2,1,15,109926,501,5000,1,1,1,1,1,2900101,1000000
2024BG0005439,1,844.37,58,2,4,1,6,22051,157,9000,3,5,1,1,1,2900104,1000000
2024BG0005440,1,844.37,59,1,3,1,6,23378,166,9000,3,1,1,1,1,2900102,1000000
2024BG0005441,1,844.37,0,2,1,1,6,11378,81,0,0,6,1,5,1,2900101,1000000
2024BG0005442,1,844.37,31,1,1,1,14,46786,334,4000,2,1,1,1,1,2900102,1000000
2024BG0005443,1,844.37,5,1,5,1,6,4581,32,0,0,6,2,5,1,2900107,1000000
2024BG0005444,1,844.37,87,1,1,1,11,8066,57,0,0,6,1,1,1,2900106,1000000
2024BG0005445,1,844.37,10,1,3,1,7,8466,60,0,0,6,1,5,1,2900100,1000000
2024BG0005446,1,844.37,28,1,2,1,14,26019,185,4000,1,1,5,1,1,2900101,1000000
2024BG0005447,1,844.37,19,1,1,1,15,11683,83,4000,1,5,1,1,1,2900100,1000000
2024BG0005448,1,844.37,1,2,6,1,6,10558,75,0,0,6,1,5,1,2900106,1000000
2024BG0005449,1,844.37,35,1,6,1,9,77126,501,4000,1,1,1,5,1,2900102,1000000
2024BG0005450,1,844.37,24,1,1,1,19,214152,501,4000,1,1,1,5,1,2900101,1000000
2024BG0005451,1,844.37,18,1,3,1,12,8586,61,4000,1,1,1,5,1,2900103,1000000
2024BG0005452,1,844.37,39,1,1,1,5,33190,237,7000,4,1,1,1,1,2900107,1000000
2024BG0005453,1,844.37,41,1,2,1,10,20345,145,4000,1,1,1,1,1,2900102,1000000
2024BG0005454,1,844.37,22,2,6,1,11,54146,386,5000,3,1,1,5,1,2900107,1000000
2024BG0005455,1,844.37,27,1,1,1,13,27840,198,4000,1,1,1,1,1,2900107,1000000
2024BG0005456,1,844.37,13,2,1,1,2,4474,31,0,0,6,1,5,1,2900101,1000000
2024BG0005457,1,844.37,23,1,3,1,17,91368,501,4000,1,1,1,1,1,2900101,1000000
2024BG0005458,1,844.37,26,1,1,1,13,46058,328,4000,3,1,1,1,1,2900106,1000000
2024BG0005459,1,844.37,24,2,1,1,16,111126,501,5000,6,2,1,5,1,2900103,1000000
2024BG0005460,1,844.37,18,2,3,1,17,14735,105,2000,1,5,1,5,1,2900101,1000000
2024BG0005461,1,844.37,28,2,5,1,19,160669,501,4000,3,1,1,1,1,2900105,1000000
2024BG0005462,1,844.37,37,2,7,1,12,29015,207,9000,4,1,1,1,1,2900101,1000000
2024BG0005463,1,844.37,28,1,1,1,9,41488,296,4000,1,4,1,1,1,2900105,1000000
2024BG0005464,1,844.37,39,2,1,1,9,37524,268,4000,3,1,1,5,1,2900106,1000000
2024BG0005465,1,844.37,10,2,8,1,6,5291,37,0,0,6,1,5,1,2900101,1000000
2024BG0005466,1,844.37,52,1,1,1,10,71360,501,3000,1,1,1,1,1,2900101,1000000
2024BG0005467,1,844.37,58,2,8,1,18,216162,501,4000,1,1,1,2,1,2900100,1000000
2024BG0005468,1,844.37,4,2,1,1,3,3517,25,0,0,6,1,5,1,2900105,1000000
2024BG0005469,1,844.37,15,2,1,1,18,45986,328,0,0,6,1,5,1,2900102,1000000
2024BG0005470,1,844.37,11,2,3,1,6,3075,21,0,0,6,1,5,1,2900107,1000000
2024BG0005471,1,844.37,37,2,1,1,16,301503,501,6000,1,5,1,1,1,2900100,1000000
2024BG0005472,1,844.37,26,1,2,1,12,19804,141,6000,6,1,1,1,1,2900106,1000000
2024BG0005473,1,844.37,2,1,3,1,8,6183,44,0,0,6,1,5,1,2900107,1000000
2024BG0005474,1,844.37,54,2,1,1,17,225358,501,1000,1,1,1,2,1,2900101,1000000
2024BG0005475,1,844.37,22,1,1,1,14,13802,98,4000,3,1,1,5,1,2900107,1000000
2024BG0005476,1,844.37,11,2,7,1,4,4571,32,0,0,6,1,5,1,2900101,1000000
2024BG0005477,1,844.37,8,1,2,1,1,36245,258,0,0,6,1,5,1,2900105,1000000
2024BG0005478,1,844.37,20,1,3,1,14,4390,31,5000,4,1,1,5,1,2900105,1000000
2024BG0005479,1,844.37,43,2,1,1,14,56867,406,4000,1,1,1,5,1,2900104,1000000
2024BG0005480,1,844.37,17,2,1,1,14,33642,240,0,0,6,1,5,1,2900102,1000000
2024BG0005481,1,844.37,6,1,1,1,8,5799,41,0,0,6,1,5,1,2900107,1000000
2024BG0005482,1,844.37,9,2,1,1,7,2424,17,0,0,6,1,5,1,2900100,1000000
2024BG0005483,1,844.37,25,2,4,1,15,74302,501,4000,1,5,1,1,1,2900105,1000000
2024BG0005484,1,844.37,27,2,5,1,17,50762,362,5000,6,1,1,5,1,2900107,1000000
2024BG0005485,1,844.37,21,1,1,1,11,19033,135,4000,1,1,1,5,1,2900101,1000000
2024BG0005486,1,844.37,26,2,5,1,14,35188,251,1000,1,1,1,5,1,2900102,1000000
2024BG0005487,1,844.37,13,1,7,1,5,6172,44,0,0,6,1,5,2,2900100,1000000
2024BG0005488,1,844.37,43,2,1,1,9,53150,379,4000,3,1,1,1,1,2900102,1000000
2024BG0005489,1,844.37,43,2,9,1,5,8660,61,7000,1,4,1,5,1,2900103,1000000
2024BG0005490,1,844.37,58,1,1,1,7,10065,71,9920,1,1,1,1,1,2900102,1000000
2024BG0005491,1,844.37,24,1,1,1,12,9700,69,9000,3,5,1,5,1,2900101,1000000
2024BG0005492,1,844.37,16,2,3,1,19,95625,501,0,0,6,1,5,1,2900102,1000000
2024BG0005493,1,844.37,56,2,1,1,10,48303,345,6000,1,1,1,1,1,2900103,1000000
2024BG0005494,1,844.37,37,2,6,1,12,46682,333,7000,4,1,1,5,1,2900106,1000000
2024BG0005495,1,844.37,7,2,6,1,5,6651,47,0,0,6,1,5,1,2900100,1000000
2024BG0005496,1,844.37,39,2,1,1,9,31613,225,9000,1,5,1,1,1,2900103,1000000
2024BG0005497,1,844.37,22,1,1,1,17,104144,501,3000,1,1,1,5,1,2900102,1000000
2024BG0005498,1,844.37,44,1,3,1,12,22592,161,4000,1,1,1,1,1,2900100,1000000
2024BG0005499,1,844.37,53,1,9,1,5,9935,70,6000,4,1,1,1,1,2900103,1000000
2024BG0005500,1,844.37,96,2,1,1,7,12124,86,0,0,6,1,1,2,2900105,1000000
2024BG0005501,1,844.37,30,2,6,1,12,59137,422,7000,3,1,1,1,1,2900101,1000000
2024BG0005502,1,844.37,49,1,1,1,9,38314,273,9000,1,1,1,5,1,2900103,1000000
2024BG0005503,1,844.37,9,1,5,1,7,17521,125,0,0,6,1,5,1,2900106,1000000
2024BG0005504,1,844.37,3,2,5,1,9,38485,274,0,0,6,1,5,1,2900107,1000000
2024BG0005505,1,844.37,57,1,1,1,15,84951,501,4000,1,1,1,3,1,2900105,1000000
2024BG0005506,1,844.37,38,2,1,1,14,29321,209,6000,1,1,1,1,1,2900100,1000000
2024BG0005507,1,844.37,7,1,1,1,5,35320,252,0,0,6,1,5,1,2900106,1000000
2024BG0005508,1,844.37,52,1,5,1,11,36560,261,8000,4,2,1,2,1,2900104,1000000
2024BG0005509,1,844.37,5,2,1,1,6,9160,65,0,0,6,1,5,1,2900103,1000000
2024BG0005510,1,844.37,14,1,5,1,8,9946,71,0,0,6,1,5,1,2900100,1000000
2024BG0005511,1,844.37,38,1,4,1,5,42381,302,9000,6,5,1,1,1,2900100,1000000
2024BG0005512,1,844.37,44,1,2,1,13,33399,238,3000,1,1,1,1,1,2900106,1000000
2024BG0005513,1,844.37,98,2,2,1,6,9560,68,0,0,6,1,1,1,2900106,1000000
2024BG0005514,1,844.37,21,1,4,1,18,74327,501,5000,4,1,1,5,1,2900107,1000000
2024BG0005515,1,844.37,48,2,5,1,12,11524,82,7000,1,1,2,1,1,2900106,1000000
2024BG0005516,1,844.37,7,1,1,1,7,6741,48,0,0,6,1,5,1,2900101,1000000
2024BG0005517,1,844.37,27,1,1,1,15,49032,350,4000,2,1,1,1,1,2900107,1000000
2024BG0005518,1,844.37,0,2,3,1,3,2842,20,0,0,6,1,5,2,2900105,1000000
2024BG0005519,1,844.37,25,2,4,1,14,39861,284,6000,1,1,1,1,1,2900105,1000000
2024BG0005520,1,844.37,67,2,1,1,5,7545,53,9920,4,1,1,1,1,2900104,1000000
2024BG0005521,1,844.37,68,1,3,1,10,61797,441,8000,1,1,1,1,1,2900100,1000000
2024BG0005522,1,844.37,21,1,5,1,16,14013,100,4000,2,1,1,5,1,2900107,1000000
2024BG0005523,1,844.37,52,1,2,1,7,14764,105,9920,1,1,1,2,1,2900105,1000000
2024BG0005524,1,844.37,34,1,5,1,8,3254,23,9000,1,1,1,1,1,2900107,1000000
2024BG0005525,1,844.37,59,1,1,1,6,21473,153,7000,1,1,1,5,1,2900107,1000000
2024BG0005526,1,844.37,30,2,3,1,8,7451,53,9920,1,1,1,1,1,2900103,1000000
2024BG0005527,1,844.37,33,1,1,1,7,17099,122,9800,4,1,1,1,1,2900107,1000000
2024BG0005528,1,844.37,54,1,3,1,9,26424,188,6000,3,1,1,1,1,2900102,1000000
2024BG0005529,1,844.37,26,1,1,1,11,67952,485,6000,4,1,1,1,2,2900102,1000000
2024BG0005530,1,844.37,18,2,5,1,16,40345,288,4000,1,4,1,5,1,2900102,1000000
2024BG0005531,1,844.37,19,1,2,1,13,17442,124,4000,1,1,1,1,1,2900103,1000000
2024BG0005532,1,844.37,52,1,6,1,7,22601,161,5000,1,1,1,2,1,2900100,1000000
2024BG0005533,1,844.37,25,1,1,1,14,19933,142,7000,4,1,1,1,1,2900104,1000000
2024BG0005534,1,844.37,34,2,1,1,11,101144,501,4000,1,1,1,1,1,2900102,1000000
2024BG0005535,1,844.37,55,1,2,1,11,24596,175,6000,1,1,1,1,1,2900106,1000000
2024BG0005536,1,844.37,58,1,6,1,7,11519,82,9000,6,3,1,1,1,2900107,1000000
2024BG0005537,1,844.37,42,2,4,1,12,109239,501,5000,1,1,1,1,1,2900104,1000000
2024BG0005538,1,844.37,36,2,1,1,10,63140,451,5000,1,1,1,1,1,2900106,1000000
2024BG0005539,1,844.37,32,1,2,1,5,7400,52,8000,4,1,1,1,1,2900104,1000000
2024BG0005540,1,844.37,1,2,2,1,3,3372,24,0,0,6,1,5,1,2900104,1000000
2024BG0005541,1,844.37,69,1,5,1,8,15272,109,9920,6,1,1,5,1,2900106,1000000
2024BG0005542,1,844.37,58,2,2,1,15,64925,463,1000,1,1,1,1,1,2900102,1000000
2024BG0005543,1,844.37,57,1,1,1,10,48470,346,3000,1,1,1,2,1,2900106,1000000
2024BG0005544,1,844.37,34,1,1,1,17,133592,501,6000,1,2,1,1,1,2900100,1000000
2024BG0005545,1,844.37,27,2,6,1,6,6322,45,5000,1,1,1,5,1,2900106,1000000
2024BG0005546,1,844.37,26,1,1,1,8,24320,173,5000,1,1,1,1,1,2900100,1000000
2024BG0005547,1,844.37,53,1,5,1,9,46866,334,3000,3,5,1,1,1,2900102,1000000
2024BG0005548,1,844.37,15,1,1,1,14,29024,207,0,0,6,1,5,1,2900104,1000000
2024BG0005549,1,844.37,0,2,1,1,1,19987,142,0,0,6,1,5,1,2900103,1000000
2024BG0005550,1,844.37,41,1,5,1,16,183765,501,5000,1,2,1,1,1,2900102,1000000
2024BG0005551,1,844.37,24,2,2,1,13,8998,64,7000,1,2,1,5,1,2900105,1000000
2024BG0005552,1,844.37,53,2,1,1,15,27457,196,6000,1,1,1,2,1,2900107,1000000
2024BG0005553,1,844.37,25,1,7,1,9,89574,501,9800,1,1,1,1,2,2900103,1000000
2024BG0005554,1,844.37,17,1,8,1,17,37263,266,0,0,6,1,5,1,2900106,1000000
2024BG0005555,1,844.37,34,2,6,1,16,153771,501,5000,6,1,1,1,1,2900107,1000000
2024BG0005556,1,844.37,89,1,2,1,5,11670,83,0,0,6,1,1,1,2900104,1000000
2024BG0005557,1,844.37,35,2,1,1,7,23078,164,5000,1,1,1,1,1,2900105,1000000
2024BG0005558,1,844.37,30,1,3,1,13,26749,191,3000,1,1,1,5,1,2900103,1000000
2024BG0005559,1,844.37,57,1,1,1,13,74029,501,8000,1,1,1,1,1,2900104,1000000
2024BG0005560,1,844.37,8,1,1,1,3,5360,38,0,0,6,2,5,1,2900106,1000000
2024BG0005561,1,844.37,0,1,1,1,4,5181,37,0,0,6,1,5,1,2900103,1000000
2024BG0005562,1,844.37,74,1,1,1,7,4805,34,0,0,6,1,2,1,2900102,1000000
2024BG0005563,1,844.37,15,1,3,1,18,47579,339,0,0,6,1,5,1,2900102,1000000
2024BG0005564,1,844.37,20,2,1,1,17,17613,125,3000,2,1,1,5,1,2900104,1000000
2024BG0005565,1,844.37,64,2,1,1,5,8447,60,8000,1,1,1,5,1,2900103,1000000
2024BG0005566,1,844.37,26,1,3,1,8,5586,39,8000,1,1,1,5,1,2900101,1000000
2024BG0005567,1,844.37,59,1,3,1,12,37014,264,1000,1,1,1,3,1,2900104,1000000
2024BG0005568,1,844.37,77,2,3,1,11,28261,201,0,0,6,1,1,1,2900106,1000000
2024BG0005569,1,844.37,41,1,3,1,9,43814,312,6000,3,1,1,1,1,2900107,1000000
2024BG0005570,1,844.37,45,1,5,1,12,79392,501,8000,1,1,1,1,1,2900103,1000000
2024BG0005571,1,844.37,47,2,1,1,6,32250,230,5000,4,1,1,1,1,2900106,1000000
2024BG0005572,1,844.37,3,2,1,1,4,10407,74,0,0,6,1,5,1,2900105,1000000
2024BG0005573,1,844.37,34,1,1,1,11,155425,501,4000,3,2,1,5,1,2900100,1000000
2024BG0005574,1,844.37,58,2,2,1,10,37492,267,1000,3,4,1,1,1,2900105,1000000
2024BG0005575,1,844.37,31,1,6,1,14,15067,107,3000,1,1,1,5,1,2900104,1000000
2024BG0005576,1,844.37,32,2,1,1,12,73701,501,7000,6,1,1,1,1,2900106,1000000
2024BG0005577,1,844.37,29,2,1,1,7,8918,63,7000,1,1,1,5,2,2900105,1000000
2024BG0005578,1,844.37,11,2,1,1,4,4923,35,0,0,6,1,5,1,2900105,1000000
2024BG0005579,1,844.37,26,1,1,1,10,129507,501,3000,2,1,1,5,1,2900100,1000000
2024BG0005580,1,844.37,14,1,2,1,4,12175,86,0,0,6,1,5,1,2900105,1000000
2024BG0005581,1,844.37,24,2,6,1,11,112064,501,5000,1,3,1,5,1,2900104,1000000
2024BG0005582,1,844.37,29,1,1,1,12,6928,49,5000,1,1,1,1,1,2900102,1000000
2024BG0005583,1,844.37,21,1,3,1,19,87130,501,4000,1,1,1,5,1,2900107,1000000
2024BG0005584,1,844.37,25,1,2,1,7,4307,30,8000,3,2,1,5,1,2900101,1000000
2024BG0005585,1,844.37,31,1,2,1,8,13003,92,9800,3,1,1,1,1,2900106,1000000
2024BG0005586,1,844.37,26,1,1,1,11,22436,160,9800,1,1,1,5,1,2900107,1000000
2024BG0005587,1,844.37,34,1,1,1,12,14858,106,4000,1,2,1,1,1,2900103,1000000
2024BG0005588,1,844.37,18,2,1,1,15,42394,302,4000,3,1,1,5,1,2900104,1000000
2024BG0005589,1,844.37,15,1,1,1,18,44756,319,0,0,6,1,5,1,2900106,1000000
2024BG0005590,1,844.37,36,2,2,1,10,13233,94,7000,1,1,1,1,1,2900101,1000000
2024BG0005591,1,844.37,31,2,1,1,13,106996,501,8000,4,1,1,1,1,2900100,1000000
2024BG0005592,1,844.37,38,2,2,1,7,2062,14,9800,3,1,1,1,1,2900107,1000000
2024BG0005593,1,844.37,37,1,4,1,7,9032,64,6000,4,1,1,1,2,2900105,1000000
2024BG0005594,1,844.37,34,1,3,1,6,11557,82,6000,3,1,1,5,1,2900105,1000000
2024BG0005595,1,844.37,21,1,4,1,18,68640,490,3000,1,1,1,5,1,2900107,1000000
2024BG0005596,1,844.37,48,1,1,1,14,101590,501,1000,1,1,1,5,1,2900103,1000000
2024BG0005597,1,844.37,4,1,5,1,3,6413,45,0,0,6,1,5,1,2900101,1000000
2024BG0005598,1,844.37,31,2,1,1,7,31705,226,9800,1,1,1,1,1,2900106,1000000
2024BG0005599,1,844.37,24,2,1,1,18,139152,501,4000,1,1,1,5,2,2900103,1000000
2024BG0005600,1,844.37,29,1,5,1,8,4395,31,6000,1,1,1,1,1,2900104,1000000
2024BG0005601,1,844.37,29,2,6,1,13,39083,279,4000,3,3,1,5,1,2900106,1000000
2024BG0005602,1,844.37,24,2,6,1,18,94771,501,6000,3,1,1,5,1,2900102,1000000
2024BG0005603,1,844.37,1,2,2,1,3,5520,39,0,0,6,1,5,1,2900105,1000000
2024BG0005604,1,844.37,32,1,3,1,10,33388,238,4000,2,1,1,5,1,2900101,1000000
2024BG0005605,1,844.37,23,2,1,1,19,219409,501,4000,3,1,1,1,1,2900100,1000000
2024BG0005606,1,844.37,59,1,7,1,5,16360,116,6000,3,1,1,1,1,2900103,1000000
2024BG0005607,1,844.37,3,2,3,1,8,9506,67,0,0,6,1,5,1,2900102,1000000
2024BG0005608,1,844.37,46,1,1,1,15,200909,501,4000,3,1,1,1,1,2900105,1000000
2024BG0005609,1,844.37,46,2,1,1,12,61755,441,6000,3,1,1,5,1,2900107,1000000
2024BG0005610,1,844.37,32,2,6,1,16,239968,501,4000,1,2,1,5,1,2900102,1000000
2024BG0005611,1,844.37,25,1,3,1,9,11235,80,7000,1,1,1,1,1,2900102,1000000
2024BG0005612,1,844.37,8,2,1,1,3,19231,137,0,0,6,1,5,1,2900105,1000000
2024BG0005613,1,844.37,18,1,6,1,16,41111,293,3000,1,1,1,1,1,2900102,1000000
2024BG0005614,1,844.37,27,1,7,1,8,19384,138,9000,1,3,1,1,1,2900100,1000000
2024BG0005615,1,844.37,20,2,7,1,19,133043,501,4000,1,1,1,5,1,2900102,1000000
2024BG0005616,1,844.37,57,1,1,1,9,24079,171,9000,3,2,1,2,1,2900101,1000000
2024BG0005617,1,844.37,8,1,2,1,6,2655,18,0,0,6,1,5,1,2900103,1000000
2024BG0005618,1,844.37,8,2,5,1,2,7675,54,0,0,6,1,5,1,2900103,1000000
2024BG0005619,1,844.37,10,2,1,1,8,3131,22,0,0,6,1,5,1,2900100,1000000
2024BG0005620,1,844.37,41,1,6,1,14,12840,91,3000,1,1,1,5,1,2900106,1000000
2024BG0005621,1,844.37,58,1,1,1,10,136718,501,4000,1,1,1,1,1,2900101,1000000
2024BG0005622,1,844.37,44,1,2,1,7,46104,329,6000,4,3,1,1,1,2900103,1000000
2024BG0005623,1,844.37,41,2,1,1,18,123493,501,4000,3,1,1,1,1,2900107,1000000
2024BG0005624,1,844.37,43,1,9,1,12,33072,236,5000,1,1,1,1,2,2900103,1000000
2024BG0005625,1,844.37,37,1,4,1,10,14116,100,1000,3,1,1,1,1,2900106,1000000
2024BG0005626,1,844.37,27,1,2,1,5,14197,101,9920,6,1,1,1,1,2900106,1000000
2024BG0005627,1,844.37,5,1,1,1,2,10234,73,0,0,6,1,5,1,2900100,1000000
2024BG0005628,1,844.37,4,1,3,1,1,3153,22,0,0,6,1,5,1,2900106,1000000
2024BG0005629,1,844.37,51,2,2,1,8,20290,144,7000,1,4,1,1,1,2900104,1000000
2024BG0005630,1,844.37,87,2,1,1,6,3176,22,0,0,6,1,5,1,2900101,1000000
2024BG0005631,1,844.37,15,1,5,1,15,29302,209,0,0,6,1,5,1,2900100,1000000
2024BG0005632,1,844.37,23,1,5,1,17,56190,401,4000,1,5,1,5,1,2900104,1000000
2024BG0005633,1,844.37,16,1,1,1,10,25597,182,0,0,6,1,5,1,2900105,1000000
2024BG0005634,1,844.37,10,2,1,1,2,5721,40,0,0,6,1,5,1,2900103,1000000
2024BG0005635,1,844.37,6,1,1,1,2,2897,20,0,0,6,1,5,1,2900100,1000000
2024BG0005636,1,844.37,19,2,5,1,16,139211,501,6000,6,1,1,1,1,2900101,1000000
2024BG0005637,1,844.37,15,1,1,1,15,67918,485,0,0,6,5,5,2,2900100,1000000
2024BG0005638,1,844.37,32,2,1,1,14,19225,137,5000,1,1,1,1,1,2900106,1000000
2024BG0005639,1,844.37,30,2,2,1,7,37064,264,8000,1,1,1,1,1,2900106,1000000
2024BG0005640,1,844.37,35,1,4,1,9,53973,385,8000,1,1,1,1,1,2900104,1000000
2024BG0005641,1,844.37,38,1,1,1,10,37864,270,8000,6,1,1,1,1,2900106,1000000
2024BG0005642,1,844.37,24,2,6,1,15,48508,346,1000,2,1,1,5,1,2900100,1000000
2024BG0005643,1,844.37,52,2,3,1,10,32565,232,2000,2,1,1,1,1,2900103,1000000
2024BG0005644,1,844.37,15,1,1,1,18,38615,275,0,0,6,1,5,1,2900100,1000000
2024BG0005645,1,844.37,19,2,1,1,17,32738,233,6000,1,1,1,5,1,2900100,1000000
2024BG0005646,1,844.37,17,2,1,1,17,48535,346,0,0,6,1,5,1,2900107,1000000
2024BG0005647,1,844.37,25,1,3,1,18,84846,501,4000,1,1,1,1,1,2900106,1000000
2024BG0005648,1,844.37,14,1,6,1,4,8573,61,0,0,6,1,5,1,2900105,1000000
2024BG0005649,1,844.37,49,2,1,1,5,14674,104,9800,1,1,1,1,1,2900100,1000000
2024BG0005650,1,844.37,20,1,1,1,15,23332,166,2000,1,1,1,5,1,2900103,1000000
2024BG0005651,1,844.37,27,2,3,1,10,29127,208,7000,1,1,5,1,1,2900103,1000000
2024BG0005652,1,844.37,36,2,6,1,12,62409,445,6000,4,1,1,1,1,2900101,1000000
2024BG0005653,1,844.37,10,2,1,1,2,10532,75,0,0,6,1,5,1,2900106,1000000
2024BG0005654,1,844.37,35,2,1,1,6,6824,48,9800,4,1,1,1,1,2900107,1000000
2024BG0005655,1,844.37,43,2,3,1,11,48286,344,6000,4,1,1,3,1,2900100,1000000
2024BG0005656,1,844.37,30,1,1,1,7,49986,357,9000,1,1,1,5,1,2900106,1000000
2024BG0005657,1,844.37,23,1,2,1,16,68110,486,4000,1,1,1,5,1,2900102,1000000
2024BG0005658,1,844.37,12,2,1,1,2,12443,88,0,0,6,1,5,1,2900105,1000000
2024BG0005659,1,844.37,23,2,4,1,14,36144,258,4000,1,1,1,5,1,2900102,1000000
2024BG0005660,1,844.37,85,1,3,1,8,8250,58,0,0,6,1,1,1,2900102,1000000
2024BG0005661,1,844.37,40,2,3,1,12,16483,117,9000,3,1,1,1,1,2900107,1000000
2024BG0005662,1,844.37,6,1,6,1,4,4521,32,0,0,6,1,5,1,2900104,1000000
2024BG0005663,1,844.37,20,2,2,1,14,13076,93,7000,1,1,1,1,1,2900105,1000000
2024BG0005664,1,844.37,32,2,6,1,13,33501,239,1000,3,1,1,5,2,2900102,1000000
2024BG0005665,1,844.37,16,1,5,1,17,35396,252,0,0,6,1,5,1,2900101,1000000
2024BG0005666,1,844.37,61,2,1,1,10,53496,382,4000,1,2,1,1,1,2900101,1000000
2024BG0005667,1,844.37,25,2,2,1,17,127479,501,1000,3,1,1,5,1,2900101,1000000
2024BG0005668,1,844.37,17,1,5,1,18,36845,263,0,0,6,1,5,1,2900105,1000000
2024BG0005669,1,844.37,2,2,1,1,5,3126,22,0,0,6,1,5,1,2900105,1000000
2024BG0005670,1,844.37,29,2,6,1,7,4530,32,6000,1,1,1,1,1,2900101,1000000
2024BG0005671,1,844.37,30,2,5,1,6,23900,170,8000,1,1,1,5,1,2900106,1000000
2024BG0005672,1,844.37,39,1,6,1,9,48414,345,7000,3,1,1,1,1,2900101,1000000
2024BG0005673,1,844.37,47,1,3,1,9,170346,501,8000,1,1,1,1,1,2900107,1000000
2024BG0005674,1,844.37,40,2,1,1,14,81477,501,4000,1,1,1,1,1,2900106,1000000
2024BG0005675,1,844.37,54,2,1,1,10,34747,248,3000,1,1,1,1,1,2900101,1000000
2024BG0005676,1,844.37,17,1,7,1,15,52197,372,0,0,6,1,5,1,2900105,1000000
2024BG0005677,1,844.37,22,1,5,1,13,39351,281,5000,1,1,1,5,1,2900105,1000000
2024BG0005678,1,844.37,22,1,4,1,18,304117,501,4000,1,1,1,5,1,2900102,1000000
2024BG0005679,1,844.37,83,2,2,1,12,7040,50,0,0,6,1,1,1,2900104,1000000
2024BG0005680,1,844.37,43,2,2,1,11,33540,239,7000,4,1,1,1,1,2900107,1000000
2024BG0005681,1,844.37,18,1,2,1,16,25131,179,2000,1,1,1,5,1,2900103,1000000
2024BG0005682,1,844.37,19,1,6,1,12,26707,190,6000,1,1,1,5,1,2900105,1000000
2024BG0005683,1,844.37,55,2,1,1,12,32689,233,5000,3,1,1,5,1,2900107,1000000
2024BG0005684,1,844.37,7,1,3,1,5,4989,35,0,0,6,1,5,1,2900104,1000000
2024BG0005685,1,844.37,2,1,1,1,4,1847,13,0,0,6,5,5,1,2900106,1000000
2024BG0005686,1,844.37,5,1,2,1,6,4471,31,0,0,6,1,5,1,2900100,1000000
2024BG0005687,1,844.37,12,2,1,1,6,26928,192,0,0,6,1,5,2,2900105,1000000
2024BG0005688,1,844.37,52,1,3,1,10,57182,408,5000,1,1,1,5,1,2900104,1000000
2024BG0005689,1,844.37,36,2,1,1,5,7096,50,8000,3,4,1,1,1,2900105,1000000
2024BG0005690,1,844.37,36,1,5,1,9,35034,250,7000,1,1,1,5,1,2900107,1000000
2024BG0005691,1,844.37,27,1,1,1,10,5282,37,3000,3,1,1,1,1,2900102,1000000
2024BG0005692,1,844.37,19,2,2,1,19,98159,501,3000,1,1,1,5,1,2900101,1000000
2024BG0005693,1,844.37,28,2,6,1,11,41265,294,8000,1,1,1,5,1,2900100,1000000
2024BG0005694,1,844.37,31,1,3,1,19,786480,501,3000,1,1,1,1,1,2900105,1000000
2024BG0005695,1,844.37,9,1,5,1,2,3861,27,0,0,6,1,5,1,2900102,1000000
2024BG0005696,1,844.37,16,1,1,1,15,15396,109,0,0,6,1,5,1,2900107,1000000
2024BG0005697,1,844.37,41,2,1,1,15,106773,501,4000,1,1,1,1,1,2900106,1000000
2024BG0005698,1,844.37,25,1,4,1,9,46147,329,5000,3,1,1,5,2,2900103,1000000
2024BG0005699,1,844.37,23,2,1,1,19,116836,501,4000,1,1,1,5,1,2900107,1000000
2024BG0005700,1,844.37,31,2,1,1,10,48188,344,5000,3,1,1,1,2,2900102,1000000
2024BG0005701,1,844.37,2,1,2,1,6,12466,89,0,0,6,1,5,1,2900103,1000000
2024BG0005702,1,844.37,19,1,2,1,14,18013,128,5000,3,2,1,5,1,2900104,1000000
2024BG0005703,1,844.37,7,2,3,1,1,4070,29,0,0,6,1,5,1,2900106,1000000
2024BG0005704,1,844.37,0,2,5,1,2,6701,47,0,0,6,1,5,1,2900103,1000000
2024BG0005705,1,844.37,36,1,1,1,12,58345,416,5000,1,1,1,1,1,2900105,1000000
2024BG0005706,1,844.37,52,2,1,1,16,137698,501,4000,1,1,1,1,1,2900101,1000000
2024BG0005707,1,844.37,7,2,4,1,1,4601,32,0,0,6,1,5,1,2900107,1000000
2024BG0005708,1,844.37,30,2,1,1,14,89282,501,5000,3,1,1,5,1,2900106,1000000
2024BG0005709,1,844.37,10,2,7,1,7,1338,9,0,0,6,2,5,1,2900103,1000000
2024BG0005710,1,844.37,48,1,1,1,11,70752,501,7000,4,1,1,5,1,2900105,1000000
2024BG0005711,1,844.37,68,1,2,1,8,19928,142,8000,1,3,1,1,1,2900105,1000000
2024BG0005712,1,844.37,31,2,1,1,14,29792,212,4000,1,1,1,1,1,2900101,1000000
2024BG0005713,1,844.37,49,1,3,1,7,12118,86,7000,3,1,1,1,1,2900104,1000000
2024BG0005714,1,844.37,21,1,3,1,16,31512,225,4000,1,1,1,5,1,2900107,1000000
2024BG0005715,1,844.37,54,2,6,1,8,9232,65,7000,1,1,1,1,1,2900104,1000000
2024BG0005716,1,844.37,50,1,2,1,11,87804,501,7000,3,1,1,1,1,2900105,1000000
2024BG0005717,1,844.37,43,2,1,1,14,104031,501,4000,1,1,1,1,1,2900101,1000000
2024BG0005718,1,844.37,17,2,6,1,13,6786,48,0,0,6,1,5,1,2900101,1000000
2024BG0005719,1,844.37,84,1,2,1,5,6227,44,0,0,6,1,1,1,2900102,1000000
2024BG0005720,1,844.37,42,2,1,1,7,3336,23,9000,6,1,1,1,1,2900103,1000000
2024BG0005721,1,844.37,27,2,1,1,10,29698,212,4000,1,1,1,1,1,2900100,1000000
2024BG0005722,1,844.37,17,1,5,1,19,287224,501,0,0,6,1,5,1,2900106,1000000
2024BG0005723,1,844.37,35,2,2,1,10,40848,291,9000,1,1,1,1,1,2900105,1000000
2024BG0005724,1,844.37,39,1,6,1,12,48730,348,1000,1,5,1,1,1,2900104,1000000
2024BG0005725,1,844.37,83,1,5,1,6,8686,62,0,0,6,1,1,1,2900105,1000000
2024BG0005726,1,844.37,36,1,1,1,13,25028,178,5000,1,1,1,1,1,2900101,1000000
2024BG0005727,1,844.37,48,2,6,1,18,219748,501,6000,3,1,1,1,1,2900102,1000000
2024BG0005728,1,844.37,29,1,1,1,17,124201,501,1000,1,1,1,1,1,2900107,1000000
2024BG0005729,1,844.37,20,1,1,1,12,17375,124,9000,1,1,1,5,1,2900100,1000000
2024BG0005730,1,844.37,28,1,7,1,10,41488,296,6000,4,1,1,5,1,2900103,1000000
2024BG0005731,1,844.37,15,1,6,1,20,114551,501,0,0,6,1,5,1,2900105,1000000
2024BG0005732,1,844.37,38,2,6,1,7,18633,133,9920,6,1,1,1,1,2900104,1000000
2024BG0005733,1,844.37,16,1,5,1,14,11854,84,0,0,6,1,5,1,2900103,1000000
2024BG0005734,1,844.37,29,2,2,1,13,32133,229,6000,1,1,1,1,1,2900100,1000000
2024BG0005735,1,844.37,76,2,6,1,7,33270,237,0,0,6,1,5,1,2900101,1000000
2024BG0005736,1,844.37,5,2,6,1,7,2691,19,0,0,6,1,5,1,2900101,1000000
2024BG0005737,1,844.37,39,2,1,1,9,93607,501,5000,1,1,1,1,1,2900104,1000000
2024BG0005738,1,844.37,26,1,1,1,15,427753,501,2000,1,1,1,5,1,2900101,1000000
2024BG0005739,1,844.37,22,1,3,1,17,74131,501,4000,2,1,1,1,1,2900102,1000000
2024BG0005740,1,844.37,3,1,3,1,6,1767,12,0,0,6,1,5,1,2900104,1000000
2024BG0005741,1,844.37,14,2,8,1,6,5047,36,0,0,6,1,5,1,2900106,1000000
2024BG0005742,1,844.37,22,2,2,1,14,39085,279,4000,1,1,1,5,1,2900101,1000000
2024BG0005743,1,844.37,4,1,4,1,9,13568,96,0,0,6,1,5,1,2900100,1000000
2024BG0005744,1,844.37,59,2,5,1,14,27995,199,9000,6,1,1,5,1,2900107,1000000
2024BG0005745,1,844.37,76,1,7,1,10,19918,142,0,0,6,1,1,1,2900100,1000000
2024BG0005746,1,844.37,53,1,1,1,6,59172,422,6000,1,1,1,1,1,2900105,1000000
2024BG0005747,1,844.37,28,1,2,1,6,9968,71,7000,1,1,1,1,1,2900102,1000000
2024BG0005748,1,844.37,8,1,2,1,7,3678,26,0,0,6,1,5,1,2900101,1000000
2024BG0005749,1,844.37,46,1,5,1,13,26993,192,6000,1,5,1,1,1,2900105,1000000
2024BG0005750,1,844.37,30,1,3,1,13,114457,501,2000,3,1,1,1,1,2900105,1000000
2024BG0005751,1,844.37,43,1,9,1,8,17933,128,6000,1,1,1,1,1,2900107,1000000
2024BG0005752,1,844.37,50,2,5,1,17,105257,501,5000,6,2,1,1,1,2900103,1000000
2024BG0005753,1,844.37,5,2,3,1,4,1000,7,0,0,6,1,5,1,2900100,1000000
2024BG0005754,1,844.37,21,2,1,1,17,59505,425,4000,2,1,1,1,1,2900104,1000000
2024BG0005755,1,844.37,38,1,1,1,15,126739,501,3000,1,1,1,1,1,2900104,1000000
2024BG0005756,1,844.37,14,2,5,1,4,9246,66,0,0,6,1,5,1,2900105,1000000
2024BG0005757,1,844.37,38,1,1,1,10,94603,501,9000,6,1,1,1,1,2900102,1000000
2024BG0005758,1,844.37,41,2,1,1,13,11560,82,6000,1,1,1,1,1,2900102,1000000
2024BG0005759,1,844.37,0,1,4,1,4,8315,59,0,0,6,1,5,1,2900102,1000000
2024BG0005760,1,844.37,44,2,9,1,12,98313,501,5000,4,1,1,1,1,2900100,1000000
2024BG0005761,1,844.37,7,1,2,1,8,5095,36,0,0,6,1,5,2,2900100,1000000
2024BG0005762,1,844.37,21,1,1,1,14,48142,343,5000,1,1,1,1,1,2900104,1000000
2024BG0005763,1,844.37,6,1,5,1,1,2936,20,0,0,6,1,5,1,2900101,1000000
2024BG0005764,1,844.37,19,1,4,1,11,6117,43,3000,1,1,1,5,1,2900100,1000000
2024BG0005765,1,844.37,21,1,1,1,16,44558,318,3000,1,1,1,1,1,2900102,1000000
2024BG0005766,1,844.37,14,1,1,1,5,5600,40,0,0,6,1,5,2,2900107,1000000
2024BG0005767,1,844.37,40,1,1,1,9,60917,435,7000,6,1,1,1,1,2900105,1000000
2024BG0005768,1,844.37,41,1,1,1,11,42983,307,6000,1,1,1,1,1,2900104,1000000
2024BG0005769,1,844.37,30,1,5,1,14,52920,378,6000,4,1,1,5,1,2900104,1000000
2024BG0005770,1,844.37,9,1,1,1,6,2622,18,0,0,6,1,5,1,2900107,1000000
2024BG0005771,1,844.37,21,2,2,1,15,23949,171,5000,1,5,1,5,1,2900102,1000000
2024BG0005772,1,844.37,31,1,1,1,13,67995,485,7000,1,1,1,1,1,2900101,1000000
2024BG0005773,1,844.37,28,2,3,1,12,49695,354,3000,1,2,1,5,2,2900103,1000000
2024BG0005774,1,844.37,54,2,6,1,6,12856,91,9920,1,1,1,2,1,2900106,1000000
2024BG0005775,1,844.37,8,1,1,1,4,2240,16,0,0,6,1,5,1,2900105,1000000
2024BG0005776,1,844.37,36,1,5,1,9,27183,194,4000,2,1,1,5,1,2900104,1000000
2024BG0005777,1,844.37,3,1,3,1,3,10860,77,0,0,6,1,5,1,2900100,1000000
2024BG0005778,1,844.37,31,1,6,1,8,31789,227,5000,1,1,1,1,1,2900100,1000000
2024BG0005779,1,844.37,29,2,1,1,11,49137,350,4000,1,1,1,1,1,2900101,1000000
2024BG0005780,1,844.37,26,2,1,1,14,43229,308,9800,4,1,1,1,1,2900102,1000000
2024BG0005781,1,844.37,48,2,3,1,11,143576,501,5000,4,1,1,1,1,2900106,1000000
2024BG0005782,1,844.37,22,2,6,1,17,75129,501,4000,1,1,1,5,1,2900103,1000000
2024BG0005783,1,844.37,25,1,4,1,6,20606,147,9000,1,1,1,5,1,2900102,1000000
2024BG0005784,1,844.37,7,1,3,1,4,1622,11,0,0,6,5,5,1,2900103,1000000
2024BG0005785,1,844.37,30,1,8,1,16,214539,501,4000,1,1,1,1,1,2900101,1000000
2024BG0005786,1,844.37,10,2,7,1,2,6176,44,0,0,6,1,5,1,2900101,1000000
2024BG0005787,1,844.37,22,1,6,1,17,53910,385,1000,1,1,1,5,1,2900103,1000000
2024BG0005788,1,844.37,43,1,1,1,17,173229,501,4000,1,1,1,1,1,2900105,1000000
2024BG0005789,1,844.37,23,2,1,1,18,187307,501,1000,1,1,1,5,1,2900100,1000000
2024BG0005790,1,844.37,18,2,5,1,16,31189,222,3000,1,1,1,5,1,2900101,1000000
2024BG0005791,1,844.37,25,1,1,1,14,27991,199,1000,1,1,1,1,1,2900103,1000000
2024BG0005792,1,844.37,36,2,6,1,14,65955,471,4000,3,1,1,1,1,2900102,1000000
2024BG0005793,1,844.37,17,2,6,1,14,10702,76,0,0,6,1,5,1,2900107,1000000
2024BG0005794,1,844.37,21,1,1,1,15,44938,320,4000,1,1,1,5,1,2900107,1000000
2024BG0005795,1,844.37,35,1,6,1,13,22407,160,5000,4,1,1,1,1,2900106,1000000
2024BG0005796,1,844.37,0,2,7,1,4,2139,15,0,0,6,1,5,1,2900102,1000000
2024BG0005797,1,844.37,24,1,5,1,16,286958,501,4000,1,1,1,5,1,2900102,1000000
2024BG0005798,1,844.37,12,1,6,1,4,1380,9,0,0,6,1,5,1,2900102,1000000
2024BG0005799,1,844.37,2,1,5,1,3,5400,38,0,0,6,1,5,1,2900102,1000000
2024BG0005800,1,844.37,24,1,5,1,16,130990,501,5000,4,1,1,5,1,2900106,1000000
2024BG0005801,1,844.37,40,1,1,1,14,53428,381,2000,2,1,1,5,1,2900105,1000000
2024BG0005802,1,844.37,41,1,7,1,12,28693,204,6000,1,1,1,1,1,2900103,1000000
2024BG0005803,1,844.37,25,1,1,1,13,19762,141,6000,1,1,1,1,1,2900105,1000000
2024BG0005804,1,844.37,48,2,3,1,11,151549,501,3000,3,1,1,1,1,2900106,1000000
2024BG0005805,1,844.37,38,2,2,1,6,19941,142,9800,1,1,1,5,1,2900105,1000000
2024BG0005806,1,844.37,34,1,1,1,10,67392,481,5000,3,2,1,1,1,2900101,1000000
2024BG0005807,1,844.37,58,1,1,1,10,27509,196,6000,1,1,1,1,1,2900106,1000000
2024BG0005808,1,844.37,58,2,1,1,6,42940,306,6000,1,1,1,1,1,2900106,1000000
2024BG0005809,1,844.37,18,1,1,1,14,15946,113,9000,6,1,1,5,1,2900104,1000000
2024BG0005810,1,844.37,11,2,1,1,1,22586,161,0,0,6,1,5,1,2900100,1000000
2024BG0005811,1,844.37,52,2,3,1,8,14283,102,5000,1,1,1,1,1,2900100,1000000
2024BG0005812,1,844.37,33,2,1,1,11,60599,432,3000,1,1,1,1,1,2900106,1000000
2024BG0005813,1,844.37,31,2,6,1,7,13081,93,6000,6,1,1,1,1,2900101,1000000
2024BG0005814,1,844.37,30,1,1,1,12,24072,171,5000,3,1,1,1,1,2900100,1000000
2024BG0005815,1,844.37,14,1,6,1,3,5315,37,0,0,6,1,5,1,2900100,1000000
2024BG0005816,1,844.37,22,1,1,1,14,68119,486,3000,1,5,1,1,1,2900101,1000000
2024BG0005817,1,844.37,3,1,5,1,7,21245,151,0,0,6,1,5,1,2900101,1000000
2024BG0005818,1,844.37,20,1,3,1,17,52728,376,3000,1,1,1,5,1,2900107,1000000
2024BG0005819,1,844.37,40,1,1,1,8,13161,94,5000,6,1,1,1,1,2900102,1000000
2024BG0005820,1,844.37,24,1,2,1,19,170602,501,3000,1,1,1,5,1,2900101,1000000
2024BG0005821,1,844.37,53,2,1,1,9,29785,212,4000,3,1,1,1,1,2900103,1000000
2024BG0005822,1,844.37,47,1,3,1,8,19763,141,7000,1,1,1,1,1,2900105,1000000
2024BG0005823,1,844.37,27,1,9,1,5,4594,32,5000,6,1,1,1,1,2900105,1000000
2024BG0005824,1,844.37,95,1,1,1,7,14704,105,0,0,6,1,1,1,2900103,1000000
2024BG0005825,1,844.37,19,2,1,1,17,22539,160,6000,4,1,1,5,1,2900106,1000000
2024BG0005826,1,844.37,24,1,2,1,17,103311,501,3000,1,1,1,5,2,2900106,1000000
2024BG0005827,1,844.37,57,1,1,1,13,22186,158,7000,1,1,1,2,1,2900103,1000000
2024BG0005828,1,844.37,46,1,5,1,5,63642,454,9800,3,1,1,1,1,2900100,1000000
2024BG0005829,1,844.37,18,2,7,1,19,222555,501,1000,1,1,1,5,1,2900107,1000000
2024BG0005830,1,844.37,49,2,4,1,8,11200,80,7000,1,1,1,1,1,2900103,1000000
2024BG0005831,1,844.37,13,1,1,1,2,5285,37,0,0,6,1,5,1,2900103,1000000
2024BG0005832,1,844.37,24,1,5,1,15,118332,501,5000,3,1,1,5,1,2900100,1000000
2024BG0005833,1,844.37,33,2,1,1,12,67926,485,2000,1,1,1,5,1,2900103,1000000
2024BG0005834,1,844.37,22,1,9,1,18,119188,501,3000,1,1,1,5,1,2900100,1000000
2024BG0005835,1,844.37,9,1,3,1,1,2812,20,0,0,6,1,5,1,2900104,1000000
2024BG0005836,1,844.37,9,2,5,1,8,2782,19,0,0,6,1,5,1,2900105,1000000
2024BG0005837,1,844.37,43,2,1,1,15,162851,501,2000,1,1,1,1,1,2900105,1000000
2024BG0005838,1,844.37,30,2,3,1,15,109665,501,5000,4,1,1,5,1,2900104,1000000
2024BG0005839,1,844.37,23,1,1,1,18,41980,299,4000,1,5,1,5,1,2900105,1000000
2024BG0005840,1,844.37,50,1,4,1,14,21370,152,8000,1,1,1,1,1,2900107,1000000
2024BG0005841,1,844.37,36,2,2,1,11,44399,317,3000,1,2,1,1,1,2900107,1000000
2024BG0005842,1,844.37,41,1,4,1,13,59450,424,5000,3,1,1,1,1,2900103,1000000
2024BG0005843,1,844.37,22,1,5,1,20,197665,501,4000,3,1,1,5,1,2900102,1000000
2024BG0005844,1,844.37,36,2,5,1,13,27566,196,4000,1,3,1,1,1,2900103,1000000
2024BG0005845,1,844.37,24,1,1,1,17,85112,501,4000,3,2,1,5,1,2900106,1000000
2024BG0005846,1,844.37,26,2,3,1,12,84747,501,5000,1,1,1,5,1,2900102,1000000
2024BG0005847,1,844.37,29,1,3,1,13,140792,501,6000,6,1,1,1,1,2900100,1000000
2024BG0005848,1,844.37,26,2,1,1,14,13109,93,4000,3,1,1,1,1,2900106,1000000
2024BG0005849,1,844.37,18,2,1,1,11,13625,97,5000,1,3,1,5,1,2900102,1000000
2024BG0005850,1,844.37,12,2,3,1,3,8646,61,0,0,6,1,5,1,2900103,1000000
2024BG0005851,1,844.37,0,2,1,1,6,5431,38,0,0,6,1,5,1,2900100,1000000
2024BG0005852,1,844.37,38,1,3,1,15,84075,501,5000,1,1,1,1,1,2900100,1000000
2024BG0005853,1,844.37,18,1,6,1,14,11674,83,7000,3,1,1,5,1,2900106,1000000
2024BG0005854,1,844.37,31,1,2,1,11,53037,378,2000,1,1,1,1,1,2900107,1000000
2024BG0005855,1,844.37,33,1,1,1,9,28084,200,6000,4,1,1,1,1,2900104,1000000
2024BG0005856,1,844.37,13,2,1,1,6,7322,52,0,0,6,1,5,1,2900104,1000000
2024BG0005857,1,844.37,35,1,7,1,17,157503,501,6000,1,1,1,1,1,2900107,1000000
2024BG0005858,1,844.37,29,2,1,1,11,35342,252,5000,3,1,1,1,1,2900107,1000000
2024BG0005859,1,844.37,2,1,5,1,7,1850,13,0,0,6,1,5,1,2900101,1000000
2024BG0005860,1,844.37,17,1,3,1,15,31174,222,0,0,6,1,5,1,2900104,1000000
2024BG0005861,1,844.37,7,2,1,1,7,22893,163,0,0,6,1,5,2,2900107,1000000
2024BG0005862,1,844.37,58,2,1,1,12,36339,259,2000,1,1,1,1,1,2900102,1000000
2024BG0005863,1,844.37,20,1,2,1,17,60969,435,3000,1,3,1,5,1,2900100,1000000
2024BG0005864,1,844.37,8,2,5,1,1,4413,31,0,0,6,1,5,1,2900105,1000000
2024BG0005865,1,844.37,14,1,2,1,6,18649,133,0,0,6,1,5,1,2900101,1000000
2024BG0005866,1,844.37,5,1,2,1,3,5178,36,0,0,6,1,5,1,2900102,1000000
2024BG0005867,1,844.37,31,1,8,1,11,18364,131,6000,1,1,1,1,1,2900107,1000000
2024BG0005868,1,844.37,49,1,2,1,7,27506,196,5000,1,1,1,1,1,2900101,1000000
2024BG0005869,1,844.37,25,1,2,1,12,20301,145,4000,1,1,1,1,1,2900106,1000000
2024BG0005870,1,844.37,4,2,1,1,4,4764,34,0,0,6,1,5,1,2900102,1000000
2024BG0005871,1,844.37,3,1,4,1,1,4505,32,0,0,6,1,5,1,2900100,1000000
2024BG0005872,1,844.37,26,1,1,1,6,8094,57,9920,4,1,1,1,1,2900102,1000000
2024BG0005873,1,844.37,19,1,5,1,17,52619,375,1000,3,1,1,5,1,2900105,1000000
2024BG0005874,1,844.37,8,1,1,1,3,2786,19,0,0,6,1,5,1,2900106,1000000
2024BG0005875,1,844.37,18,2,1,1,14,16077,114,6000,4,1,1,5,1,2900102,1000000
2024BG0005876,1,844.37,49,1,1,1,10,80157,501,5000,1,1,1,1,1,2900103,1000000
2024BG0005877,1,844.37,38,1,3,1,12,84812,501,7000,4,1,1,5,1,2900100,1000000
2024BG0005878,1,844.37,46,1,5,1,12,82742,501,9000,3,1,1,1,1,2900101,1000000
2024BG0005879,1,844.37,22,1,1,1,11,13239,94,3000,1,1,1,5,1,2900101,1000000
2024BG0005880,1,844.37,30,2,1,1,14,48207,344,6000,3,1,1,5,1,2900103,1000000
2024BG0005881,1,844.37,24,2,1,1,18,109623,501,4000,3,1,1,1,1,2900104,1000000
2024BG0005882,1,844.37,31,2,1,1,12,44848,320,9000,1,1,1,5,1,2900103,1000000
2024BG0005883,1,844.37,66,1,3,1,8,5244,37,5000,4,1,1,1,1,2900102,1000000
2024BG0005884,1,844.37,45,2,6,1,9,21510,153,6000,6,1,1,3,1,2900106,1000000
2024BG0005885,1,844.37,3,1,3,1,5,2512,17,0,0,6,1,5,1,2900101,1000000
2024BG0005886,1,844.37,43,1,1,1,17,127852,501,5000,1,1,1,1,1,2900104,1000000
2024BG0005887,1,844.37,10,1,1,1,8,3888,27,0,0,6,1,5,1,2900101,1000000
2024BG0005888,1,844.37,3,2,1,1,5,10796,77,0,0,6,1,5,1,2900105,1000000
2024BG0005889,1,844.37,50,1,3,1,9,26303,187,8000,3,1,1,1,1,2900105,1000000
2024BG0005890,1,844.37,15,2,3,1,19,96380,501,0,0,6,1,5,1,2900100,1000000
2024BG0005891,1,844.37,26,1,6,1,11,52181,372,5000,1,1,1,5,1,2900105,1000000
2024BG0005892,1,844.37,21,1,1,1,13,10723,76,4000,1,1,1,1,1,2900103,1000000
2024BG0005893,1,844.37,18,2,2,1,10,2973,21,4000,3,1,1,5,1,2900100,1000000
2024BG0005894,1,844.37,25,2,1,1,14,47466,339,7000,1,1,1,1,1,2900100,1000000
2024BG0005895,1,844.37,47,1,3,1,11,28513,203,9800,1,1,1,1,1,2900102,1000000
2024BG0005896,1,844.37,14,1,4,1,7,3339,23,0,0,6,1,5,1,2900101,1000000
2024BG0005897,1,844.37,25,2,1,1,8,3579,25,9920,3,1,1,1,1,2900107,1000000
2024BG0005898,1,844.37,40,1,5,1,9,44866,320,8000,6,1,1,1,1,2900101,1000000
2024BG0005899,1,844.37,33,1,1,1,15,306989,501,5000,1,1,1,1,1,2900103,1000000
2024BG0005900,1,844.37,19,2,5,1,15,137424,501,5000,1,1,1,5,1,2900101,1000000
2024BG0005901,1,844.37,51,1,2,1,5,35730,255,8000,1,1,1,1,1,2900105,1000000
2024BG0005902,1,844.37,26,1,2,1,9,24631,175,8000,1,1,1,5,1,2900104,1000000
2024BG0005903,1,844.37,24,1,6,1,16,138695,501,4000,2,4,1,1,1,2900105,1000000
2024BG0005904,1,844.37,50,2,6,1,15,247296,501,4000,1,1,1,1,1,2900101,1000000
2024BG0005905,1,844.37,11,2,1,1,3,3271,23,0,0,6,1,5,2,2900102,1000000
2024BG0005906,1,844.37,34,1,6,1,16,83480,501,4000,1,4,1,1,1,2900102,1000000
2024BG0005907,1,844.37,10,1,4,1,5,4781,34,0,0,6,1,5,1,2900106,1000000
2024BG0005908,1,844.37,35,2,1,1,7,60262,430,9920,1,1,2,1,1,2900100,1000000
2024BG0005909,1,844.37,35,2,2,1,9,83976,501,3000,1,2,1,1,1,2900102,1000000
2024BG0005910,1,844.37,26,1,5,1,11,75420,501,1000,1,1,1,5,1,2900103,1000000
2024BG0005911,1,844.37,75,2,3,1,7,5454,38,0,0,6,1,5,1,2900107,1000000
2024BG0005912,1,844.37,9,2,6,1,6,4229,30,0,0,6,2,5,1,2900105,1000000
2024BG0005913,1,844.37,10,2,4,1,4,5550,39,0,0,6,1,5,1,2900100,1000000
2024BG0005914,1,844.37,35,1,2,1,8,11540,82,9800,6,1,1,1,2,2900103,1000000
2024BG0005915,1,844.37,10,1,4,1,1,23037,164,0,0,6,1,5,1,2900103,1000000
2024BG0005916,1,844.37,22,1,1,1,15,81350,501,4000,1,1,1,1,1,2900107,1000000
2024BG0005917,1,844.37,30,2,1,1,13,63924,456,1000,3,2,1,1,1,2900105,1000000
2024BG0005918,1,844.37,45,1,1,1,11,50950,363,8000,1,1,1,1,1,2900102,1000000
2024BG0005919,1,844.37,36,2,1,1,10,82935,501,5000,3,1,1,1,1,2900106,1000000
2024BG0005920,1,844.37,42,1,4,1,14,132158,501,3000,1,1,1,3,1,2900103,1000000
2024BG0005921,1,844.37,19,2,6,1,14,10616,75,2000,3,1,1,5,2,2900105,1000000
2024BG0005922,1,844.37,2,1,6,1,4,2635,18,0,0,6,1,5,1,2900101,1000000
2024BG0005923,1,844.37,50,1,1,1,18,94184,501,4000,1,1,1,1,1,2900104,1000000
2024BG0005924,1,844.37,3,2,2,1,4,4229,30,0,0,6,1,5,1,2900106,1000000
2024BG0005925,1,844.37,22,2,1,1,18,79319,501,1000,1,1,1,5,1,2900101,1000000
2024BG0005926,1,844.37,29,1,1,1,9,49034,350,6000,1,1,1,1,1,2900107,1000000
2024BG0005927,1,844.37,43,1,9,1,14,26922,192,4000,1,1,1,1,1,2900105,1000000
2024BG0005928,1,844.37,58,2,1,1,17,33727,240,3000,1,1,1,1,1,2900106,1000000
2024BG0005929,1,844.37,6,1,7,1,8,5592,39,0,0,6,1,5,1,2900100,1000000
2024BG0005930,1,844.37,29,2,2,1,8,14707,105,9800,4,2,1,1,1,2900105,1000000
2024BG0005931,1,844.37,38,1,2,1,16,61938,442,3000,1,1,1,1,1,2900105,1000000
2024BG0005932,1,844.37,16,1,3,1,16,60817,434,0,0,6,1,5,1,2900100,1000000
2024BG0005933,1,844.37,57,2,2,1,14,94463,501,4000,1,1,1,5,1,2900101,1000000
2024BG0005934,1,844.37,24,1,3,1,17,88539,501,4000,1,5,1,1,2,2900103,1000000
2024BG0005935,1,844.37,32,1,1,1,9,22609,161,9000,1,1,1,5,1,2900107,1000000
2024BG0005936,1,844.37,23,1,1,1,18,47702,340,6000,1,1,1,5,1,2900107,1000000
2024BG0005937,1,844.37,11,2,4,1,6,2810,20,0,0,6,1,5,1,2900100,1000000
2024BG0005938,1,844.37,14,1,3,1,6,8580,61,0,0,6,1,5,1,2900101,1000000
2024BG0005939,1,844.37,22,1,6,1,17,131831,501,4000,1,1,1,5,1,2900103,1000000
2024BG0005940,1,844.37,31,1,1,1,14,36842,263,9000,1,1,1,1,1,2900102,1000000
2024BG0005941,1,844.37,52,1,2,1,8,24205,172,5000,1,1,1,2,1,2900100,1000000
2024BG0005942,1,844.37,44,2,6,1,15,60906,435,3000,2,1,1,1,1,2900101,1000000
2024BG0005943,1,844.37,18,1,5,1,12,29911,213,7000,1,2,1,1,1,2900103,1000000
2024BG0005944,1,844.37,19,1,1,1,15,23021,164,2000,1,1,1,5,1,2900105,1000000
2024BG0005945,1,844.37,43,2,3,1,9,43097,307,6000,1,1,1,1,1,2900102,1000000
2024BG0005946,1,844.37,39,2,2,1,9,111464,501,5000,3,1,1,1,1,2900100,1000000
2024BG0005947,1,844.37,37,2,2,1,8,38044,271,9800,3,1,1,2,1,2900103,1000000
2024BG0005948,1,844.37,85,1,5,1,11,38367,274,0,0,6,1,1,1,2900106,1000000
2024BG0005949,1,844.37,5,1,1,1,1,3835,27,0,0,6,1,5,1,2900103,1000000
2024BG0005950,1,844.37,56,1,3,1,14,91130,501,6000,1,1,1,1,1,2900101,1000000
2024BG0005951,1,844.37,11,1,5,1,3,3881,27,0,0,6,1,5,1,2900102,1000000
2024BG0005952,1,844.37,28,2,1,1,6,56532,403,5000,3,1,1,1,1,2900106,1000000
2024BG0005953,1,844.37,6,1,3,1,3,6304,45,0,0,6,1,5,1,2900107,1000000
2024BG0005954,1,844.37,26,2,1,1,8,3717,26,9000,6,1,1,5,1,2900100,1000000
2024BG0005955,1,844.37,9,1,1,1,9,34529,246,0,0,6,1,5,1,2900102,1000000
2024BG0005956,1,844.37,7,2,5,1,7,9482,67,0,0,6,1,5,1,2900104,1000000
2024BG0005957,1,844.37,0,2,2,1,7,9240,66,0,0,6,1,5,1,2900105,1000000
2024BG0005958,1,844.37,52,1,1,1,11,32493,232,7000,1,1,1,2,1,2900107,1000000
2024BG0005959,1,844.37,39,1,2,1,11,22103,157,7000,4,1,1,1,1,2900105,1000000
2024BG0005960,1,844.37,44,1,1,1,15,144202,501,4000,3,1,1,5,1,2900101,1000000
2024BG0005961,1,844.37,31,2,2,1,14,11253,80,5000,3,1,1,1,1,2900106,1000000
2024BG0005962,1,844.37,17,2,6,1,18,21954,156,0,0,6,1,5,1,2900107,1000000
2024BG0005963,1,844.37,48,1,5,1,9,41963,299,4000,2,1,1,1,1,2900100,1000000
2024BG0005964,1,844.37,32,2,1,1,10,69289,494,5000,1,1,1,1,1,2900103,1000000
2024BG0005965,1,844.37,80,2,1,1,12,30574,218,0,0,6,1,1,1,2900100,1000000
2024BG0005966,1,844.37,25,2,1,1,12,27991,199,9800,1,1,1,1,1,2900105,1000000
2024BG0005967,1,844.37,9,1,2,1,5,2680,19,0,0,6,1,5,1,2900104,1000000
2024BG0005968,1,844.37,20,2,1,1,17,51725,369,4000,1,1,1,5,1,2900101,1000000
2024BG0005969,1,844.37,30,2,1,1,6,28763,205,5000,3,1,1,5,1,2900107,1000000
2024BG0005970,1,844.37,7,1,2,1,3,6514,46,0,0,6,1,5,1,2900103,1000000
2024BG0005971,1,844.37,21,2,1,1,19,63848,456,4000,1,1,1,1,1,2900100,1000000
2024BG0005972,1,844.37,24,2,6,1,17,67020,478,4000,1,1,1,1,1,2900104,1000000
2024BG0005973,1,844.37,18,2,1,1,10,11988,85,6000,6,1,1,5,1,2900104,1000000
2024BG0005974,1,844.37,36,2,1,1,9,63056,450,2000,1,1,1,1,1,2900100,1000000
2024BG0005975,1,844.37,46,1,1,1,10,26623,190,6000,1,2,1,1,1,2900102,1000000
2024BG0005976,1,844.37,26,2,1,1,13,47841,341,6000,1,1,1,5,1,2900100,1000000
2024BG0005977,1,844.37,42,2,2,1,12,54678,390,8000,1,5,1,1,1,2900102,1000000
2024BG0005978,1,844.37,50,2,2,1,11,56650,404,9800,4,1,1,1,1,2900106,1000000
2024BG0005979,1,844.37,12,1,3,1,2,4279,30,0,0,6,1,5,1,2900104,1000000
2024BG0005980,1,844.37,15,1,1,1,18,38656,276,0,0,6,1,5,1,2900102,1000000
2024BG0005981,1,844.37,68,1,1,1,7,16009,114,9920,6,1,1,1,1,2900107,1000000
2024BG0005982,1,844.37,5,2,2,1,4,11069,79,0,0,6,1,5,2,2900100,1000000
2024BG0005983,1,844.37,67,1,5,1,6,3527,25,5000,1,1,1,1,1,2900105,1000000
2024BG0005984,1,844.37,6,2,5,1,5,5877,41,0,0,6,1,5,1,2900107,1000000
2024BG0005985,1,844.37,32,1,1,1,10,33450,238,8000,4,1,1,1,1,2900105,1000000
2024BG0005986,1,844.37,33,2,1,1,10,73690,501,9000,1,1,1,1,1,2900101,1000000
2024BG0005987,1,844.37,61,2,1,1,8,15193,108,5000,6,1,1,2,1,2900101,1000000
2024BG0005988,1,844.37,17,2,5,1,17,32038,228,0,0,6,1,5,1,2900107,1000000
2024BG0005989,1,844.37,16,2,6,1,15,25130,179,0,0,6,1,5,1,2900103,1000000
2024BG0005990,1,844.37,44,1,9,1,13,20131,143,8000,4,5,1,1,1,2900106,1000000
2024BG0005991,1,844.37,12,1,1,1,3,6052,43,0,0,6,1,5,1,2900100,1000000
2024BG0005992,1,844.37,32,1,6,1,12,33300,237,8000,4,1,1,1,1,2900105,1000000
2024BG0005993,1,844.37,24,2,2,1,13,32313,230,4000,1,1,1,5,1,2900104,1000000
2024BG0005994,1,844.37,3,2,1,1,1,7625,54,0,0,6,1,5,1,2900104,1000000
2024BG0005995,1,844.37,1,1,5,1,1,16572,118,0,0,6,1,5,1,2900102,1000000
2024BG0005996,1,844.37,17,2,4,1,16,20263,144,0,0,6,1,5,1,2900105,1000000
2024BG0005997,1,844.37,32,2,1,1,12,60237,430,7000,6,1,1,1,1,2900103,1000000
2024BG0005998,1,844.37,19,2,4,1,17,35134,250,4000,3,1,1,5,1,2900104,1000000
2024BG0005999,1,844.37,18,2,4,1,14,12350,88,4000,1,1,1,5,1,2900103,1000000
2024BG0006000,1,844.37,16,2,1,1,17,59265,423,0,0,6,1,5,1,2900105,1000000
2024BG0006001,1,844.37,3,1,5,1,8,20690,147,0,0,6,1,5,1,2900106,1000000
2024BG0006002,1,844.37,15,2,5,1,11,17207,122,0,0,6,1,5,1,2900101,1000000
2024BG0006003,1,844.37,31,2,9,1,12,40579,289,6000,1,1,1,1,1,2900104,1000000
2024BG0006004,1,844.37,70,2,1,1,8,11447,81,7000,3,1,1,5,1,2900103,1000000
2024BG0006005,1,844.37,15,1,1,1,18,41270,294,0,0,6,1,5,1,2900102,1000000
2024BG0006006,1,844.37,16,2,1,1,14,11591,82,0,0,6,1,5,1,2900101,1000000
2024BG0006007,1,844.37,9,1,1,1,6,19788,141,0,0,6,1,5,1,2900107,1000000
2024BG0006008,1,844.37,23,1,7,1,18,96846,501,3000,1,1,1,5,1,2900102,1000000
2024BG0006009,1,844.37,33,2,6,1,6,84764,501,9920,4,1,1,5,1,2900102,1000000
2024BG0006010,1,844.37,11,1,3,1,6,8601,61,0,0,6,1,5,1,2900106,1000000
2024BG0006011,1,844.37,13,2,7,1,3,3977,28,0,0,6,1,5,1,2900101,1000000
2024BG0006012,1,844.37,26,1,5,1,10,70139,500,9000,1,1,1,1,1,2900102,1000000
2024BG0006013,1,844.37,21,2,6,1,15,63628,454,2000,1,1,1,5,1,2900101,1000000
2024BG0006014,1,844.37,22,1,1,1,17,116882,501,6000,6,1,1,1,1,2900104,1000000
2024BG0006015,1,844.37,31,2,5,1,11,41496,296,4000,3,1,1,5,1,2900102,1000000
2024BG0006016,1,844.37,18,2,1,1,13,22946,163,6000,3,1,1,5,1,2900106,1000000
2024BG0006017,1,844.37,22,2,2,1,11,21507,153,9800,1,1,1,5,2,2900101,1000000
2024BG0006018,1,844.37,37,2,2,1,9,109155,501,7000,3,3,1,1,1,2900105,1000000
2024BG0006019,1,844.37,34,1,2,1,15,201348,501,4000,1,3,1,1,1,2900106,1000000
2024BG0006020,1,844.37,3,1,4,1,9,15193,108,0,0,6,1,5,1,2900100,1000000
2024BG0006021,1,844.37,45,1,6,1,12,19286,137,4000,1,1,1,5,1,2900107,1000000
2024BG0006022,1,844.37,42,2,2,1,17,209952,501,4000,3,1,1,1,1,2900102,1000000
2024BG0006023,1,844.37,40,2,3,1,8,7285,52,5000,6,1,1,5,1,2900107,1000000
2024BG0006024,1,844.37,59,2,1,1,14,155824,501,6000,3,1,1,1,1,2900102,1000000
2024BG0006025,1,844.37,51,1,1,1,15,111963,501,5000,1,3,1,2,1,2900104,1000000
2024BG0006026,1,844.37,12,2,1,1,2,4533,32,0,0,6,1,5,1,2900106,1000000
2024BG0006027,1,844.37,59,2,1,1,13,17566,125,6000,3,1,1,2,1,2900105,1000000
2024BG0006028,1,844.37,23,2,5,1,16,40540,289,4000,1,1,1,5,1,2900105,1000000
2024BG0006029,1,844.37,38,1,1,1,9,46282,330,6000,3,1,1,3,1,2900103,1000000
2024BG0006030,1,844.37,11,2,4,1,7,47897,342,0,0,6,1,5,2,2900107,1000000
2024BG0006031,1,844.37,40,1,6,1,13,152287,501,8000,1,1,1,1,1,2900106,1000000
2024BG0006032,1,844.37,30,2,5,1,13,46282,330,1000,1,1,1,1,1,2900101,1000000
2024BG0006033,1,844.37,22,1,5,1,20,166134,501,4000,1,1,1,5,1,2900107,1000000
2024BG0006034,1,844.37,3,1,4,1,1,14812,105,0,0,6,1,5,1,2900101,1000000
2024BG0006035,1,844.37,52,1,2,1,13,23370,166,5000,3,1,1,5,1,2900102,1000000
2024BG0006036,1,844.37,28,1,4,1,9,38775,276,7000,1,1,1,5,1,2900101,1000000
2024BG0006037,1,844.37,17,1,2,1,13,17818,127,0,0,6,1,5,1,2900107,1000000
2024BG0006038,1,844.37,20,1,6,1,11,13692,97,7000,3,1,1,5,1,2900104,1000000
2024BG0006039,1,844.37,95,1,1,1,6,4492,32,0,0,6,1,1,1,2900104,1000000
2024BG0006040,1,844.37,27,1,1,1,12,30824,220,3000,1,1,1,1,1,2900105,1000000
2024BG0006041,1,844.37,27,2,5,1,11,53662,383,9800,1,1,1,1,1,2900103,1000000
2024BG0006042,1,844.37,52,2,1,1,17,73831,501,5000,3,5,1,1,1,2900103,1000000
2024BG0006043,1,844.37,1,2,1,1,3,8227,58,0,0,6,1,5,1,2900107,1000000
2024BG0006044,1,844.37,35,2,2,1,6,10594,75,9920,3,1,1,1,1,2900107,1000000
2024BG0006045,1,844.37,57,1,3,1,5,8018,57,5000,4,1,1,1,1,2900102,1000000
2024BG0006046,1,844.37,11,2,1,1,4,3405,24,0,0,6,1,5,1,2900103,1000000
2024BG0006047,1,844.37,97,2,3,1,9,11284,80,0,0,6,1,1,1,2900104,1000000
2024BG0006048,1,844.37,27,2,1,1,13,62648,447,5000,1,1,1,1,1,2900102,1000000
2024BG0006049,1,844.37,16,2,2,1,13,11817,84,0,0,6,1,5,1,2900105,1000000
2024BG0006050,1,844.37,26,2,5,1,15,94070,501,4000,2,2,1,1,1,2900101,1000000
2024BG0006051,1,844.37,46,1,2,1,11,41136,293,4000,3,5,1,5,1,2900103,1000000
2024BG0006052,1,844.37,29,1,1,1,5,2934,20,9000,1,1,1,5,1,2900106,1000000
2024BG0006053,1,844.37,31,2,1,1,15,145832,501,3000,2,1,1,1,1,2900104,1000000
2024BG0006054,1,844.37,42,2,5,1,10,51395,367,9000,3,1,1,5,1,2900102,1000000
2024BG0006055,1,844.37,26,1,7,1,11,13378,95,9000,1,1,1,1,1,2900107,1000000
2024BG0006056,1,844.37,31,2,3,1,9,40042,286,6000,1,1,1,1,1,2900102,1000000
2024BG0006057,1,844.37,38,1,1,1,11,13342,95,5000,1,1,1,1,1,2900100,1000000
2024BG0006058,1,844.37,12,2,5,1,8,30748,219,0,0,6,1,5,1,2900105,1000000
2024BG0006059,1,844.37,2,1,4,1,5,6358,45,0,0,6,1,5,1,2900100,1000000
2024BG0006060,1,844.37,0,2,1,1,3,9860,70,0,0,6,1,5,1,2900103,1000000
2024BG0006061,1,844.37,95,2,1,1,7,6605,47,0,0,6,1,1,1,2900103,1000000
2024BG0006062,1,844.37,7,1,4,1,5,1925,13,0,0,6,1,5,1,2900101,1000000
2024BG0006063,1,844.37,4,1,1,1,4,11060,79,0,0,6,1,5,1,2900101,1000000
2024BG0006064,1,844.37,20,1,1,1,14,18450,131,2000,1,1,1,5,1,2900102,1000000
2024BG0006065,1,844.37,37,1,6,1,16,79909,501,4000,3,1,1,1,1,2900103,1000000
2024BG0006066,1,844.37,8,2,1,1,6,3695,26,0,0,6,1,5,1,2900103,1000000
2024BG0006067,1,844.37,42,2,3,1,9,44096,314,4000,1,1,1,1,1,2900101,1000000
2024BG0006068,1,844.37,20,1,3,1,17,23009,164,6000,4,1,1,5,1,2900104,1000000
2024BG0006069,1,844.37,65,1,2,1,12,22538,160,4000,1,1,1,1,1,2900105,1000000
2024BG0006070,1,844.37,44,1,5,1,7,6608,47,5000,1,1,1,5,1,2900102,1000000
2024BG0006071,1,844.37,36,2,1,1,14,25064,179,4000,1,1,1,5,1,2900103,1000000
2024BG0006072,1,844.37,18,2,1,1,20,31924,228,4000,2,3,1,5,2,2900103,1000000
2024BG0006073,1,844.37,7,2,8,1,9,27693,197,0,0,6,1,5,1,2900105,1000000
2024BG0006074,1,844.37,32,1,1,1,10,17952,128,1000,1,1,1,5,1,2900104,1000000
2024BG0006075,1,844.37,13,2,2,1,2,2525,18,0,0,6,1,5,1,2900106,1000000
2024BG0006076,1,844.37,38,1,1,1,17,166761,501,5000,3,1,1,1,1,2900101,1000000
2024BG0006077,1,844.37,32,1,6,1,13,47238,337,4000,2,4,1,1,1,2900101,1000000
2024BG0006078,1,844.37,42,2,6,1,11,56927,406,5000,3,3,1,1,1,2900102,1000000
2024BG0006079,1,844.37,2,2,2,1,6,5025,35,0,0,6,1,5,1,2900105,1000000
2024BG0006080,1,844.37,37,2,1,1,7,6248,44,7000,1,4,1,1,1,2900104,1000000
2024BG0006081,1,844.37,30,1,5,1,10,21782,155,1000,3,1,1,1,1,2900106,1000000
2024BG0006082,1,844.37,29,1,1,1,13,26725,190,6000,1,1,1,1,1,2900104,1000000
2024BG0006083,1,844.37,5,1,3,1,4,9970,71,0,0,6,1,5,1,2900100,1000000
2024BG0006084,1,844.37,22,2,4,1,12,51620,368,1000,2,5,1,5,1,2900102,1000000
2024BG0006085,1,844.37,15,2,4,1,19,133990,501,0,0,6,1,5,1,2900105,1000000
2024BG0006086,1,844.37,12,2,4,1,1,1772,12,0,0,6,1,5,1,2900107,1000000
2024BG0006087,1,844.37,44,1,1,1,6,26856,191,5000,1,1,1,1,1,2900106,1000000
2024BG0006088,1,844.37,93,1,2,1,6,8548,61,0,0,6,1,1,1,2900103,1000000
2024BG0006089,1,844.37,39,2,1,1,15,131036,501,5000,1,2,1,1,1,2900103,1000000
2024BG0006090,1,844.37,6,2,1,1,2,23931,170,0,0,6,1,5,1,2900104,1000000
2024BG0006091,1,844.37,23,1,1,1,17,79210,501,6000,1,1,1,5,1,2900103,1000000
2024BG0006092,1,844.37,30,2,1,1,13,49563,354,4000,1,1,1,5,1,2900100,1000000
2024BG0006093,1,844.37,27,2,1,1,12,31020,221,4000,1,1,1,5,1,2900105,1000000
2024BG0006094,1,844.37,7,1,8,1,2,18680,133,0,0,6,1,5,1,2900102,1000000
2024BG0006095,1,844.37,48,2,2,1,8,19350,138,6000,4,1,1,1,1,2900102,1000000
2024BG0006096,1,844.37,24,2,3,1,12,26768,191,6000,1,3,1,5,1,2900103,1000000
2024BG0006097,1,844.37,59,2,1,1,12,27603,197,6000,1,4,1,2,1,2900107,1000000
2024BG0006098,1,844.37,42,1,4,1,16,190554,501,1000,1,1,1,1,1,2900104,1000000
2024BG0006099,1,844.37,15,2,6,1,16,112291,501,0,0,6,1,5,1,2900107,1000000
2024BG0006100,1,844.37,37,1,1,1,14,61776,441,5000,4,1,1,1,1,2900106,1000000
2024BG0006101,1,844.37,16,2,1,1,14,20231,144,0,0,6,1,5,1,2900103,1000000
2024BG0006102,1,844.37,34,1,1,1,9,20794,148,9000,3,1,1,5,1,2900106,1000000
2024BG0006103,1,844.37,34,2,1,1,12,10365,74,8000,4,1,1,5,1,2900103,1000000
2024BG0006104,1,844.37,63,2,1,1,12,25832,184,9000,1,1,1,5,1,2900104,1000000
2024BG0006105,1,844.37,29,1,1,1,11,64352,459,7000,1,1,1,1,1,2900101,1000000
2024BG0006106,1,844.37,37,1,3,1,6,45107,322,9800,1,1,1,1,1,2900106,1000000
2024BG0006107,1,844.37,27,2,5,1,9,54908,392,9000,1,1,1,1,1,2900101,1000000
2024BG0006108,1,844.37,29,2,7,1,11,10137,72,3000,1,1,1,5,1,2900104,1000000
2024BG0006109,1,844.37,16,1,6,1,13,7443,53,0,0,6,1,5,1,2900103,1000000
2024BG0006110,1,844.37,17,2,5,1,17,57753,412,0,0,6,1,5,1,2900103,1000000
2024BG0006111,1,844.37,24,2,1,1,19,324852,501,2000,1,4,1,5,1,2900105,1000000
2024BG0006112,1,844.37,12,2,1,1,6,13506,96,0,0,6,1,5,1,2900102,1000000
2024BG0006113,1,844.37,2,1,4,1,5,6934,49,0,0,6,1,5,1,2900106,1000000
2024BG0006114,1,844.37,50,2,4,1,11,61851,441,4000,1,2,1,1,1,2900102,1000000
2024BG0006115,1,844.37,16,1,3,1,13,11179,79,0,0,6,1,5,1,2900100,1000000
2024BG0006116,1,844.37,23,1,4,1,18,79602,501,4000,1,1,1,5,1,2900103,1000000
2024BG0006117,1,844.37,16,2,7,1,18,24842,177,0,0,6,1,5,1,2900105,1000000
2024BG0006118,1,844.37,16,2,2,1,14,37137,265,0,0,6,1,5,1,2900107,1000000
2024BG0006119,1,844.37,5,1,3,1,1,5858,41,0,0,6,1,5,1,2900107,1000000
2024BG0006120,1,844.37,10,1,1,1,7,3577,25,0,0,6,1,5,1,2900106,1000000
2024BG0006121,1,844.37,49,1,2,1,17,96268,501,4000,1,1,1,1,1,2900101,1000000
2024BG0006122,1,844.37,10,2,2,1,3,10478,74,0,0,6,1,5,1,2900102,1000000
2024BG0006123,1,844.37,30,2,2,1,9,36152,258,5000,1,1,1,5,1,2900107,1000000
2024BG0006124,1,844.37,24,1,2,1,17,79868,501,1000,3,5,1,5,1,2900102,1000000
2024BG0006125,1,844.37,29,1,3,1,15,151150,501,5000,1,5,1,5,1,2900101,1000000
2024BG0006126,1,844.37,35,2,1,1,7,40795,291,6000,1,1,1,1,1,2900100,1000000
2024BG0006127,1,844.37,19,2,4,1,20,46771,334,1000,3,1,1,5,1,2900107,1000000
2024BG0006128,1,844.37,27,2,2,1,12,12970,92,4000,1,1,1,5,1,2900100,1000000
2024BG0006129,1,844.37,40,1,2,1,7,17903,127,9920,1,1,1,1,1,2900100,1000000
2024BG0006130,1,844.37,55,2,1,1,10,14185,101,6000,4,1,1,1,1,2900100,1000000
2024BG0006131,1,844.37,24,1,3,1,12,30803,220,5000,1,1,1,1,1,2900105,1000000
2024BG0006132,1,844.37,20,1,6,1,11,44260,316,6000,1,1,1,5,1,2900105,1000000
2024BG0006133,1,844.37,58,1,4,1,9,34761,248,7000,1,1,1,1,1,2900105,1000000
2024BG0006134,1,844.37,39,1,1,1,12,18479,131,9000,4,2,1,1,1,2900100,1000000
2024BG0006135,1,844.37,0,2,1,1,7,6353,45,0,0,6,1,5,1,2900101,1000000
2024BG0006136,1,844.37,32,1,6,1,16,255169,501,6000,4,1,1,1,1,2900103,1000000
2024BG0006137,1,844.37,16,1,3,1,15,28239,201,0,0,6,1,5,1,2900105,1000000
2024BG0006138,1,844.37,32,2,3,1,14,35942,256,1000,1,1,1,1,1,2900102,1000000
2024BG0006139,1,844.37,8,1,1,1,7,5650,40,0,0,6,1,5,1,2900100,1000000
2024BG0006140,1,844.37,42,1,5,1,12,34704,247,7000,1,2,1,1,1,2900106,1000000
2024BG0006141,1,844.37,42,1,2,1,9,56997,407,6000,4,1,1,1,1,2900106,1000000
2024BG0006142,1,844.37,11,1,1,1,5,22518,160,0,0,6,1,5,1,2900103,1000000
2024BG0006143,1,844.37,1,2,5,1,2,6809,48,0,0,6,1,5,1,2900101,1000000
2024BG0006144,1,844.37,55,2,6,1,6,6854,48,9000,1,1,1,1,1,2900100,1000000
2024BG0006145,1,844.37,57,2,5,1,7,12384,88,5000,1,1,1,4,1,2900101,1000000
2024BG0006146,1,844.37,34,1,1,1,13,22457,160,6000,4,1,1,1,1,2900105,1000000
2024BG0006147,1,844.37,7,1,9,1,7,3954,28,0,0,6,1,5,1,2900102,1000000
2024BG0006148,1,844.37,45,1,1,1,13,39868,284,6000,4,4,1,2,1,2900101,1000000
2024BG0006149,1,844.37,33,1,2,1,12,81897,501,5000,1,1,1,1,1,2900106,1000000
2024BG0006150,1,844.37,26,1,6,1,6,4872,34,9800,6,1,1,5,1,2900104,1000000
2024BG0006151,1,844.37,26,1,1,1,6,12032,85,7000,1,1,1,1,1,2900102,1000000
2024BG0006152,1,844.37,35,1,8,1,10,49051,350,6000,1,3,1,1,1,2900104,1000000
2024BG0006153,1,844.37,0,2,2,1,5,20276,144,0,0,6,1,5,1,2900102,1000000
2024BG0006154,1,844.37,43,2,5,1,7,5475,39,9920,4,1,1,1,1,2900106,1000000
2024BG0006155,1,844.37,17,2,6,1,17,44660,319,0,0,6,1,5,1,2900104,1000000
2024BG0006156,1,844.37,13,1,5,1,6,3457,24,0,0,6,1,5,1,2900101,1000000
2024BG0006157,1,844.37,15,2,6,1,15,30949,221,0,0,6,1,5,1,2900100,1000000
2024BG0006158,1,844.37,10,2,1,1,5,5246,37,0,0,6,1,5,1,2900102,1000000
2024BG0006159,1,844.37,12,1,3,1,7,14594,104,0,0,6,1,5,1,2900106,1000000
2024BG0006160,1,844.37,100,2,6,1,9,13343,95,0,0,6,1,1,1,2900104,1000000
2024BG0006161,1,844.37,42,2,6,1,10,38101,272,5000,4,1,1,1,1,2900107,1000000
2024BG0006162,1,844.37,28,2,5,1,13,21289,152,6000,1,3,1,1,1,2900102,1000000
2024BG0006163,1,844.37,57,2,1,1,7,3539,25,6000,1,5,1,1,1,2900102,1000000
2024BG0006164,1,844.37,17,1,1,1,17,55032,393,0,0,6,1,5,1,2900100,1000000
2024BG0006165,1,844.37,25,1,1,1,5,4691,33,9800,1,1,1,1,1,2900106,1000000
2024BG0006166,1,844.37,37,2,1,1,12,56200,401,2000,3,1,1,1,1,2900102,1000000
2024BG0006167,1,844.37,55,1,6,1,10,64494,460,5000,3,1,1,1,1,2900104,1000000
2024BG0006168,1,844.37,47,1,2,1,9,57163,408,4000,2,1,1,1,1,2900100,1000000
2024BG0006169,1,844.37,51,2,1,1,7,53508,382,9800,1,1,1,1,1,2900101,1000000
2024BG0006170,1,844.37,26,1,1,1,12,53885,384,6000,1,1,1,1,1,2900106,1000000
2024BG0006171,1,844.37,17,2,1,1,17,33167,236,0,0,6,1,5,1,2900107,1000000
2024BG0006172,1,844.37,45,2,2,1,8,20767,148,5000,4,1,1,1,1,2900100,1000000
2024BG0006173,1,844.37,59,1,2,1,8,4982,35,8000,1,1,1,1,1,2900104,1000000
2024BG0006174,1,844.37,20,1,1,1,13,30026,214,4000,1,1,1,5,1,2900102,1000000
2024BG0006175,1,844.37,25,1,4,1,15,119710,501,6000,1,1,1,1,1,2900101,1000000
2024BG0006176,1,844.37,39,1,1,1,17,114088,501,4000,1,1,1,1,1,2900102,1000000
2024BG0006177,1,844.37,8,1,6,1,1,20184,144,0,0,6,1,5,1,2900101,1000000
2024BG0006178,1,844.37,19,1,1,1,15,27971,199,5000,3,1,1,5,1,2900101,1000000
2024BG0006179,1,844.37,44,2,2,1,11,66210,472,6000,3,1,1,1,1,2900104,1000000
2024BG0006180,1,844.37,8,1,6,1,3,4164,29,0,0,6,1,5,1,2900100,1000000
2024BG0006181,1,844.37,54,2,1,1,7,20597,147,5000,4,1,1,1,1,2900105,1000000
2024BG0006182,1,844.37,39,1,1,1,6,19482,139,6000,4,1,1,1,1,2900102,1000000
2024BG0006183,1,844.37,57,1,1,1,9,26621,190,3000,3,1,1,3,1,2900105,1000000
2024BG0006184,1,844.37,11,2,4,1,3,3403,24,0,0,6,1,5,1,2900105,1000000
2024BG0006185,1,844.37,8,1,5,1,8,26585,189,0,0,6,1,5,1,2900107,1000000
2024BG0006186,1,844.37,24,1,2,1,18,50570,361,4000,1,3,1,5,1,2900103,1000000
2024BG0006187,1,844.37,34,1,1,1,12,79023,501,6000,3,1,1,5,1,2900104,1000000
2024BG0006188,1,844.37,29,1,6,1,12,41213,294,4000,1,1,1,1,1,2900107,1000000
2024BG0006189,1,844.37,43,2,3,1,15,183419,501,2000,1,1,1,1,1,2900100,1000000
2024BG0006190,1,844.37,29,1,4,1,16,53333,380,4000,1,1,1,1,1,2900105,1000000
2024BG0006191,1,844.37,34,2,5,1,9,67781,484,6000,1,1,1,1,1,2900101,1000000
2024BG0006192,1,844.37,27,1,1,1,15,90553,501,4000,2,1,1,1,1,2900101,1000000
2024BG0006193,1,844.37,17,1,2,1,15,22991,164,0,0,6,1,5,1,2900105,1000000
2024BG0006194,1,844.37,36,1,1,1,12,31368,224,4000,1,1,1,5,1,2900104,1000000
2024BG0006195,1,844.37,31,1,1,1,15,80802,501,1000,2,1,1,5,1,2900101,1000000
2024BG0006196,1,844.37,38,1,2,1,14,36796,262,4000,1,1,1,1,1,2900104,1000000
2024BG0006197,1,844.37,5,1,1,1,5,4426,31,0,0,6,1,5,1,2900107,1000000
2024BG0006198,1,844.37,18,1,1,1,16,146257,501,4000,3,2,1,5,1,2900100,1000000
2024BG0006199,1,844.37,20,1,3,1,12,12166,86,4000,1,1,1,5,1,2900107,1000000
2024BG0006200,1,844.37,13,2,2,1,8,5168,36,0,0,6,1,5,1,2900100,1000000
2024BG0006201,1,844.37,13,2,2,1,3,857,6,0,0,6,1,5,1,2900101,1000000
2024BG0006202,1,844.37,31,1,4,1,10,314222,501,9800,1,1,1,1,1,2900102,1000000
2024BG0006203,1,844.37,91,2,1,1,7,14430,103,0,0,6,1,1,1,2900103,1000000
2024BG0006204,1,844.37,38,1,2,1,18,147317,501,6000,1,1,1,1,1,2900106,1000000
2024BG0006205,1,844.37,54,1,2,1,12,59717,426,5000,1,1,1,1,1,2900105,1000000
2024BG0006206,1,844.37,22,2,1,1,13,27927,199,7000,1,1,1,1,1,2900104,1000000
2024BG0006207,1,844.37,20,2,1,1,17,41141,293,1000,2,1,1,5,1,2900105,1000000
2024BG0006208,1,844.37,39,1,1,1,14,18240,130,2000,1,1,1,2,1,2900104,1000000
2024BG0006209,1,844.37,12,2,5,1,1,4379,31,0,0,6,1,5,1,2900104,1000000
2024BG0006210,1,844.37,30,2,1,1,14,25023,178,6000,1,1,1,5,1,2900103,1000000
2024BG0006211,1,844.37,44,1,7,1,11,101838,501,7000,3,1,1,1,1,2900103,1000000
2024BG0006212,1,844.37,19,1,3,1,17,43445,310,5000,4,1,1,1,1,2900103,1000000
2024BG0006213,1,844.37,27,2,6,1,9,19197,137,6000,3,1,1,1,1,2900100,1000000
2024BG0006214,1,844.37,7,1,1,1,1,4891,34,0,0,6,1,5,1,2900100,1000000
2024BG0006215,1,844.37,22,1,7,1,13,42070,300,5000,3,1,1,5,1,2900104,1000000
2024BG0006216,1,844.37,11,1,1,1,4,11715,83,0,0,6,1,5,1,2900104,1000000
2024BG0006217,1,844.37,35,2,1,1,8,8060,57,9800,1,1,1,1,1,2900101,1000000
2024BG0006218,1,844.37,24,2,1,1,17,133416,501,6000,6,1,1,5,1,2900101,1000000
2024BG0006219,1,844.37,35,2,1,1,13,235292,501,5000,4,1,1,1,1,2900100,1000000
2024BG0006220,1,844.37,17,1,2,1,12,12819,91,0,0,6,1,5,1,2900106,1000000
2024BG0006221,1,844.37,25,1,5,1,15,99844,501,5000,3,1,1,1,1,2900105,1000000
2024BG0006222,1,844.37,14,1,5,1,2,12343,88,0,0,6,1,5,1,2900106,1000000
2024BG0006223,1,844.37,30,2,2,1,13,70648,501,9000,6,5,1,1,1,2900102,1000000
2024BG0006224,1,844.37,81,1,5,1,7,7469,53,0,0,6,1,1,1,2900104,1000000
2024BG0006225,1,844.37,7,1,1,1,1,31117,222,0,0,6,1,5,1,2900103,1000000
2024BG0006226,1,844.37,84,2,6,1,10,48677,347,0,0,6,1,3,1,2900101,1000000
2024BG0006227,1,844.37,39,1,1,1,7,12398,88,8000,1,1,1,1,1,2900101,1000000
2024BG0006228,1,844.37,100,2,3,1,10,17395,124,0,0,6,1,1,1,2900107,1000000
2024BG0006229,1,844.37,56,2,1,1,13,17700,126,5000,3,1,1,1,1,2900102,1000000
2024BG0006230,1,844.37,37,1,1,1,14,39784,284,6000,1,3,1,1,2,2900106,1000000
2024BG0006231,1,844.37,58,1,3,1,11,21623,154,8000,1,3,1,1,1,2900104,1000000
2024BG0006232,1,844.37,66,1,1,1,5,15856,113,6000,6,1,1,5,1,2900105,1000000
2024BG0006233,1,844.37,35,1,2,1,15,174649,501,4000,2,1,1,1,1,2900104,1000000
2024BG0006234,1,844.37,36,2,1,1,13,31703,226,8000,1,5,1,1,1,2900102,1000000
2024BG0006235,1,844.37,28,1,1,1,15,52463,374,1000,2,1,1,5,1,2900107,1000000
2024BG0006236,1,844.37,48,2,1,1,9,137156,501,7000,4,1,1,1,1,2900100,1000000
2024BG0006237,1,844.37,58,1,1,1,6,53635,383,9800,3,3,1,3,1,2900104,1000000
2024BG0006238,1,844.37,99,1,1,1,12,26458,188,0,0,6,1,3,1,2900105,1000000
2024BG0006239,1,844.37,45,1,6,1,11,42578,304,9000,1,1,1,1,2,2900100,1000000
2024BG0006240,1,844.37,84,2,3,1,11,17096,122,0,0,6,1,1,1,2900101,1000000
2024BG0006241,1,844.37,15,1,1,1,13,24087,172,0,0,6,1,5,1,2900100,1000000
2024BG0006242,1,844.37,20,2,1,1,14,29061,207,7000,4,1,1,1,1,2900105,1000000
2024BG0006243,1,844.37,55,1,1,1,10,18605,132,7000,4,1,1,1,1,2900106,1000000
2024BG0006244,1,844.37,29,2,3,1,11,37980,271,4000,1,1,1,1,1,2900106,1000000
2024BG0006245,1,844.37,36,2,1,1,12,17968,128,9000,1,1,1,1,2,2900100,1000000
2024BG0006246,1,844.37,40,2,1,1,10,51076,364,3000,3,2,1,1,1,2900101,1000000
2024BG0006247,1,844.37,44,2,2,1,11,76202,501,9000,4,1,5,1,1,2900103,1000000
2024BG0006248,1,844.37,27,1,5,1,15,52022,371,3000,2,1,1,5,1,2900101,1000000
2024BG0006249,1,844.37,33,1,2,1,9,85376,501,5000,4,1,1,5,1,2900103,1000000
2024BG0006250,1,844.37,88,1,5,1,10,25052,178,0,0,6,1,5,1,2900100,1000000
2024BG0006251,1,844.37,23,2,1,1,14,31266,223,1000,1,1,1,5,1,2900100,1000000
2024BG0006252,1,844.37,51,2,6,1,9,62339,445,6000,3,1,1,2,1,2900107,1000000
2024BG0006253,1,844.37,1,1,5,1,8,6754,48,0,0,6,1,5,1,2900105,1000000
2024BG0006254,1,844.37,45,2,1,1,6,13809,98,7000,1,1,1,1,1,2900106,1000000
2024BG0006255,1,844.37,10,2,6,1,4,10460,74,0,0,6,1,5,1,2900107,1000000
2024BG0006256,1,844.37,53,2,9,1,17,149574,501,5000,6,4,1,1,1,2900101,1000000
2024BG0006257,1,844.37,17,1,4,1,16,20837,148,0,0,6,1,5,1,2900104,1000000
2024BG0006258,1,844.37,44,1,1,1,10,28241,201,5000,3,1,1,1,1,2900102,1000000
2024BG0006259,1,844.37,12,1,1,1,3,23381,167,0,0,6,1,5,2,2900107,1000000
2024BG0006260,1,844.37,32,1,5,1,10,46345,331,8000,4,1,1,1,1,2900103,1000000
2024BG0006261,1,844.37,24,1,2,1,12,5104,36,3000,1,5,1,5,1,2900101,1000000
2024BG0006262,1,844.37,21,1,6,1,15,84317,501,2000,3,1,1,1,1,2900107,1000000
2024BG0006263,1,844.37,12,1,3,1,4,10173,72,0,0,6,1,5,1,2900102,1000000
2024BG0006264,1,844.37,11,1,1,1,7,3653,26,0,0,6,1,5,1,2900101,1000000
2024BG0006265,1,844.37,1,2,1,1,4,13388,95,0,0,6,1,5,1,2900105,1000000
2024BG0006266,1,844.37,77,2,2,1,12,15887,113,0,0,6,1,2,1,2900107,1000000
2024BG0006267,1,844.37,9,1,5,1,1,3121,22,0,0,6,1,5,1,2900105,1000000
2024BG0006268,1,844.37,27,1,5,1,10,16438,117,9800,3,3,1,1,1,2900104,1000000
2024BG0006269,1,844.37,85,1,4,1,8,5950,42,0,0,6,1,1,1,2900107,1000000
2024BG0006270,1,844.37,44,2,1,1,14,57838,413,8000,3,3,1,1,1,2900102,1000000
2024BG0006271,1,844.37,21,1,1,1,14,28798,205,1000,2,1,1,5,1,2900104,1000000
2024BG0006272,1,844.37,22,2,3,1,13,34439,245,1000,1,1,1,5,1,2900105,1000000
2024BG0006273,1,844.37,16,1,5,1,15,101453,501,0,0,6,1,5,1,2900107,1000000
2024BG0006274,1,844.37,27,1,4,1,11,39325,280,9000,6,1,2,1,1,2900102,1000000
2024BG0006275,1,844.37,59,1,4,1,17,104534,501,4000,2,1,1,1,1,2900104,1000000
2024BG0006276,1,844.37,22,2,6,1,14,15644,111,6000,1,1,1,5,1,2900100,1000000
2024BG0006277,1,844.37,32,2,5,1,5,13935,99,5000,1,1,1,1,1,2900100,1000000
2024BG0006278,1,844.37,41,1,6,1,8,31312,223,9920,1,1,1,2,1,2900106,1000000
2024BG0006279,1,844.37,31,2,5,1,13,46832,334,6000,1,1,1,1,1,2900107,1000000
2024BG0006280,1,844.37,35,2,1,1,12,67033,478,7000,3,1,1,1,1,2900106,1000000
2024BG0006281,1,844.37,20,1,5,1,18,33136,236,1000,1,5,1,5,1,2900100,1000000
2024BG0006282,1,844.37,35,2,2,1,7,10753,76,9000,1,1,1,1,1,2900104,1000000
2024BG0006283,1,844.37,17,1,4,1,20,136939,501,0,0,6,1,5,1,2900105,1000000
2024BG0006284,1,844.37,19,1,3,1,10,22481,160,9000,4,1,1,5,1,2900104,1000000
2024BG0006285,1,844.37,4,2,1,1,3,5698,40,0,0,6,1,5,1,2900107,1000000
2024BG0006286,1,844.37,43,2,1,1,6,13830,98,9800,1,1,1,1,1,2900107,1000000
2024BG0006287,1,844.37,14,2,3,1,3,9204,65,0,0,6,1,5,1,2900100,1000000
2024BG0006288,1,844.37,12,1,8,1,6,5483,39,0,0,6,1,5,1,2900101,1000000
2024BG0006289,1,844.37,36,1,1,1,10,41651,297,4000,1,1,1,1,1,2900102,1000000
2024BG0006290,1,844.37,14,1,1,1,5,9908,70,0,0,6,1,5,1,2900102,1000000
2024BG0006291,1,844.37,5,1,1,1,1,3296,23,0,0,6,1,5,1,2900104,1000000
2024BG0006292,1,844.37,54,2,2,1,17,58798,419,4000,3,1,1,2,1,2900103,1000000
2024BG0006293,1,844.37,41,1,1,1,10,39567,282,7000,1,1,2,1,1,2900106,1000000
2024BG0006294,1,844.37,39,1,1,1,14,44132,315,1000,2,1,1,1,1,2900102,1000000
2024BG0006295,1,844.37,25,2,5,1,5,5088,36,8000,1,2,1,1,1,2900103,1000000
2024BG0006296,1,844.37,21,2,1,1,14,33188,237,3000,1,1,1,5,1,2900104,1000000
2024BG0006297,1,844.37,25,2,5,1,12,36562,261,5000,1,1,1,1,1,2900103,1000000
2024BG0006298,1,844.37,21,2,3,1,12,93098,501,5000,4,1,1,5,1,2900103,1000000
2024BG0006299,1,844.37,30,1,6,1,12,21474,153,4000,2,1,1,1,1,2900107,1000000
2024BG0006300,1,844.37,16,1,1,1,17,20580,147,0,0,6,1,5,1,2900102,1000000
2024BG0006301,1,844.37,37,1,1,1,10,15368,109,5000,1,1,1,1,1,2900104,1000000
2024BG0006302,1,844.37,34,1,3,1,9,39710,283,9000,1,1,1,1,1,2900102,1000000
2024BG0006303,1,844.37,22,2,1,1,19,82900,501,2000,1,5,1,5,1,2900101,1000000
2024BG0006304,1,844.37,16,1,2,1,17,47831,341,0,0,6,1,5,1,2900105,1000000
2024BG0006305,1,844.37,54,2,1,1,12,31137,222,4000,1,1,1,1,1,2900107,1000000
2024BG0006306,1,844.37,20,2,9,1,17,38639,275,4000,1,1,1,1,1,2900102,1000000
2024BG0006307,1,844.37,18,1,3,1,17,36778,262,3000,1,1,2,5,1,2900107,1000000
2024BG0006308,1,844.37,0,1,5,1,5,7886,56,0,0,6,1,5,1,2900103,1000000
2024BG0006309,1,844.37,2,1,1,1,7,4855,34,0,0,6,1,5,1,2900101,1000000
2024BG0006310,1,844.37,32,1,4,1,16,161823,501,3000,3,1,1,5,1,2900100,1000000
2024BG0006311,1,844.37,39,1,6,1,10,32506,232,6000,1,1,1,1,1,2900100,1000000
2024BG0006312,1,844.37,31,2,3,1,13,26690,190,4000,1,1,1,1,1,2900107,1000000
2024BG0006313,1,844.37,55,1,1,1,18,74504,501,4000,1,1,1,1,1,2900104,1000000
2024BG0006314,1,844.37,44,2,2,1,11,44240,316,6000,3,1,1,1,1,2900106,1000000
2024BG0006315,1,844.37,20,1,4,1,17,57895,413,4000,1,1,1,5,1,2900106,1000000
2024BG0006316,1,844.37,13,1,1,1,3,3987,28,0,0,6,1,5,1,2900106,1000000
2024BG0006317,1,844.37,58,2,6,1,10,25538,182,6000,4,1,1,1,1,2900104,1000000
2024BG0006318,1,844.37,25,1,3,1,6,15949,113,5000,4,1,1,5,1,2900102,1000000
2024BG0006319,1,844.37,21,2,2,1,11,38996,278,1000,3,5,1,5,1,2900102,1000000
2024BG0006320,1,844.37,28,2,3,1,5,20221,144,8000,4,1,1,1,1,2900102,1000000
2024BG0006321,1,844.37,41,2,1,1,16,93932,501,1000,1,1,1,1,1,2900101,1000000
2024BG0006322,1,844.37,14,2,1,1,6,9126,65,0,0,6,1,5,1,2900100,1000000
2024BG0006323,1,844.37,35,1,1,1,15,227328,501,2000,1,1,1,1,1,2900102,1000000
2024BG0006324,1,844.37,41,2,2,1,12,21552,153,4000,2,1,1,1,1,2900103,1000000
2024BG0006325,1,844.37,46,2,2,1,15,192829,501,3000,1,4,1,1,1,2900103,1000000
2024BG0006326,1,844.37,39,2,6,1,16,146539,501,4000,1,1,1,1,1,2900101,1000000
2024BG0006327,1,844.37,59,2,3,1,9,65372,466,6000,1,5,1,5,1,2900104,1000000
2024BG0006328,1,844.37,2,1,2,1,6,9278,66,0,0,6,1,5,1,2900104,1000000
2024BG0006329,1,844.37,29,1,5,1,11,13528,96,4000,1,1,1,1,1,2900100,1000000
2024BG0006330,1,844.37,39,2,5,1,6,29902,213,5000,1,1,1,1,1,2900104,1000000
2024BG0006331,1,844.37,34,1,1,1,12,37335,266,4000,1,1,1,1,1,2900107,1000000
2024BG0006332,1,844.37,68,2,1,1,12,22193,158,6000,6,1,1,4,1,2900101,1000000
2024BG0006333,1,844.37,26,2,3,1,13,19510,139,1000,2,1,1,1,2,2900100,1000000
2024BG0006334,1,844.37,46,2,4,1,15,97902,501,4000,1,1,1,1,1,2900106,1000000
2024BG0006335,1,844.37,23,1,5,1,12,130389,501,8000,1,3,1,5,1,2900101,1000000
2024BG0006336,1,844.37,17,1,1,1,13,11049,78,0,0,6,1,5,1,2900101,1000000
2024BG0006337,1,844.37,28,1,7,1,11,84943,501,9000,1,1,1,5,1,2900105,1000000
2024BG0006338,1,844.37,33,1,3,1,5,63819,455,5000,6,1,1,1,1,2900107,1000000
2024BG0006339,1,844.37,44,2,4,1,13,85358,501,4000,1,3,1,5,1,2900101,1000000
2024BG0006340,1,844.37,10,1,6,1,3,8633,61,0,0,6,1,5,1,2900104,1000000
2024BG0006341,1,844.37,56,2,1,1,11,78568,501,4000,3,1,1,1,1,2900101,1000000
2024BG0006342,1,844.37,31,1,3,1,8,8761,62,9920,1,1,1,1,1,2900101,1000000
2024BG0006343,1,844.37,23,1,1,1,19,373793,501,4000,1,1,1,1,1,2900104,1000000
2024BG0006344,1,844.37,24,1,1,1,19,358089,501,4000,1,1,1,5,1,2900104,1000000
2024BG0006345,1,844.37,34,1,3,1,15,92810,501,1000,2,1,1,1,1,2900102,1000000
2024BG0006346,1,844.37,30,1,6,1,7,42566,304,6000,1,1,1,1,1,2900105,1000000
2024BG0006347,1,844.37,2,2,5,1,5,2053,14,0,0,6,1,5,1,2900103,1000000
2024BG0006348,1,844.37,14,1,1,1,1,8730,62,0,0,6,1,5,1,2900103,1000000
2024BG0006349,1,844.37,29,2,2,1,15,132502,501,3000,1,5,1,5,1,2900107,1000000
2024BG0006350,1,844.37,6,1,1,1,2,28541,203,0,0,6,1,5,1,2900100,1000000
2024BG0006351,1,844.37,29,2,1,1,6,19228,137,7000,4,1,1,1,1,2900102,1000000
2024BG0006352,1,844.37,55,1,3,1,8,11156,79,5000,3,1,1,1,1,2900106,1000000
2024BG0006353,1,844.37,23,1,2,1,13,48755,348,3000,1,1,1,5,2,2900102,1000000
2024BG0006354,1,844.37,34,1,1,1,5,23357,166,7000,1,1,1,5,1,2900106,1000000
2024BG0006355,1,844.37,34,2,1,1,9,121461,501,5000,1,1,1,5,1,2900100,1000000
2024BG0006356,1,844.37,15,1,5,1,18,39234,280,0,0,6,1,5,1,2900100,1000000
2024BG0006357,1,844.37,0,2,1,1,7,3754,26,0,0,6,1,5,1,2900105,1000000
2024BG0006358,1,844.37,35,2,1,1,17,156543,501,6000,6,3,1,1,1,2900101,1000000
2024BG0006359,1,844.37,41,2,2,1,14,52804,377,5000,4,1,1,1,1,2900102,1000000
2024BG0006360,1,844.37,7,2,1,1,1,21893,156,0,0,6,1,5,1,2900104,1000000
2024BG0006361,1,844.37,83,1,1,1,8,17158,122,0,0,6,1,1,1,2900106,1000000
2024BG0006362,1,844.37,2,2,3,1,6,8221,58,0,0,6,1,5,1,2900104,1000000
2024BG0006363,1,844.37,59,2,1,1,15,38897,277,4000,1,1,1,1,1,2900102,1000000
2024BG0006364,1,844.37,32,1,1,1,15,67822,484,3000,1,1,1,1,1,2900104,1000000
2024BG0006365,1,844.37,37,1,1,1,11,90267,501,2000,1,1,1,1,1,2900101,1000000
2024BG0006366,1,844.37,44,1,2,1,12,92290,501,4000,2,1,1,2,1,2900100,1000000
2024BG0006367,1,844.37,45,1,3,1,10,60515,432,1000,1,1,1,3,1,2900107,1000000
2024BG0006368,1,844.37,29,1,5,1,16,63270,451,5000,3,1,1,5,1,2900102,1000000
2024BG0006369,1,844.37,18,1,7,1,14,8371,59,6000,1,2,1,5,1,2900101,1000000
2024BG0006370,1,844.37,16,2,1,1,17,45077,321,0,0,6,1,5,1,2900107,1000000
2024BG0006371,1,844.37,54,2,1,1,11,35846,256,6000,6,1,1,2,1,2900107,1000000
2024BG0006372,1,844.37,22,2,2,1,12,33638,240,8000,1,4,1,5,1,2900104,1000000
2024BG0006373,1,844.37,25,2,3,1,19,215765,501,4000,2,1,1,1,1,2900106,1000000
2024BG0006374,1,844.37,49,1,1,1,17,125107,501,4000,2,1,1,5,1,2900102,1000000
2024BG0006375,1,844.37,29,1,9,1,9,20695,147,1000,1,1,1,5,1,2900103,1000000
2024BG0006376,1,844.37,32,2,3,1,9,78851,501,8000,4,1,1,5,1,2900102,1000000
2024BG0006377,1,844.37,48,2,1,1,11,67018,478,7000,1,1,1,1,1,2900106,1000000
2024BG0006378,1,844.37,48,2,2,1,10,47932,342,7000,4,5,1,1,1,2900101,1000000
2024BG0006379,1,844.37,16,2,5,1,11,14444,103,0,0,6,1,5,1,2900105,1000000
2024BG0006380,1,844.37,9,1,4,1,1,15236,108,0,0,6,1,5,1,2900106,1000000
2024BG0006381,1,844.37,38,2,2,1,13,36905,263,7000,1,1,1,1,1,2900107,1000000
2024BG0006382,1,844.37,39,2,6,1,19,363632,501,3000,1,5,1,2,1,2900102,1000000
2024BG0006383,1,844.37,43,1,1,1,7,67282,480,9800,1,1,1,1,1,2900102,1000000
2024BG0006384,1,844.37,28,1,5,1,10,18882,134,3000,3,1,1,5,1,2900102,1000000
2024BG0006385,1,844.37,45,1,6,1,12,6840,48,5000,4,1,1,1,1,2900101,1000000
2024BG0006386,1,844.37,53,1,1,1,9,17978,128,5000,3,1,1,1,1,2900102,1000000
2024BG0006387,1,844.37,2,2,2,1,7,5798,41,0,0,6,1,5,1,2900105,1000000
2024BG0006388,1,844.37,34,1,1,1,14,44211,315,4000,1,1,1,1,1,2900104,1000000
2024BG0006389,1,844.37,5,1,4,1,2,6676,47,0,0,6,1,5,1,2900100,1000000
2024BG0006390,1,844.37,41,2,1,1,10,64034,457,6000,3,1,1,5,1,2900107,1000000
2024BG0006391,1,844.37,21,1,6,1,15,98695,501,4000,3,1,1,5,1,2900101,1000000
2024BG0006392,1,844.37,25,2,6,1,12,20822,148,4000,1,2,1,1,1,2900107,1000000
2024BG0006393,1,844.37,45,1,3,1,11,32213,230,2000,1,4,1,1,1,2900106,1000000
2024BG0006394,1,844.37,23,1,5,1,17,114628,501,4000,1,1,1,5,1,2900105,1000000
2024BG0006395,1,844.37,2,2,1,1,8,3350,23,0,0,6,1,5,1,2900103,1000000
2024BG0006396,1,844.37,30,2,2,1,15,42129,300,6000,3,3,1,1,1,2900107,1000000
2024BG0006397,1,844.37,16,1,3,1,13,33796,241,0,0,6,1,5,1,2900103,1000000
2024BG0006398,1,844.37,11,1,1,1,8,7142,51,0,0,6,1,5,1,2900100,1000000
2024BG0006399,1,844.37,0,2,1,1,5,8825,63,0,0,6,1,5,2,2900107,1000000
2024BG0006400,1,844.37,11,1,2,1,4,1749,12,0,0,6,1,5,1,2900104,1000000
2024BG0006401,1,844.37,10,2,7,1,9,22228,158,0,0,6,1,5,1,2900107,1000000
2024BG0006402,1,844.37,0,2,4,1,9,17151,122,0,0,6,1,5,1,2900100,1000000
2024BG0006403,1,844.37,16,2,6,1,13,9181,65,0,0,6,1,5,1,2900106,1000000
2024BG0006404,1,844.37,83,2,4,1,11,56391,402,0,0,6,1,2,1,2900101,1000000
2024BG0006405,1,844.37,8,2,1,1,3,12527,89,0,0,6,1,5,1,2900102,1000000
2024BG0006406,1,844.37,40,2,2,1,10,31794,227,9800,1,1,1,1,1,2900104,1000000
2024BG0006407,1,844.37,26,1,5,1,11,16408,117,9000,1,1,1,1,1,2900101,1000000
2024BG0006408,1,844.37,26,1,1,1,6,11376,81,6000,1,1,1,1,1,2900107,1000000
2024BG0006409,1,844.37,6,1,2,1,6,3915,27,0,0,6,1,5,1,2900102,1000000
2024BG0006410,1,844.37,30,1,3,1,19,286944,501,4000,1,1,1,5,1,2900100,1000000
2024BG0006411,1,844.37,1,1,8,1,2,6738,48,0,0,6,1,5,1,2900104,1000000
2024BG0006412,1,844.37,13,2,7,1,2,4379,31,0,0,6,1,5,1,2900105,1000000
2024BG0006413,1,844.37,99,2,5,1,5,6840,48,0,0,6,1,3,1,2900101,1000000
2024BG0006414,1,844.37,49,2,6,1,14,22802,162,2000,3,1,1,1,1,2900104,1000000
2024BG0006415,1,844.37,21,2,1,1,17,22429,160,4000,1,1,1,5,1,2900100,1000000
2024BG0006416,1,844.37,30,2,3,1,5,4314,30,5000,4,1,1,1,1,2900101,1000000
2024BG0006417,1,844.37,33,2,1,1,14,88056,501,4000,3,1,1,1,1,2900101,1000000
2024BG0006418,1,844.37,37,1,1,1,12,30097,214,8000,4,1,1,1,1,2900103,1000000
2024BG0006419,1,844.37,15,2,6,1,15,39266,280,0,0,6,1,5,1,2900107,1000000
2024BG0006420,1,844.37,8,1,1,1,3,7058,50,0,0,6,1,5,1,2900102,1000000
2024BG0006421,1,844.37,74,1,1,1,7,14679,104,0,0,6,1,1,1,2900102,1000000
2024BG0006422,1,844.37,46,2,2,1,8,24612,175,6000,4,1,1,1,1,2900104,1000000
2024BG0006423,1,844.37,32,2,5,1,8,31677,226,8000,3,1,1,1,1,2900104,1000000
2024BG0006424,1,844.37,8,1,3,1,1,2078,14,0,0,6,1,5,1,2900100,1000000
2024BG0006425,1,844.37,9,1,1,1,5,5631,40,0,0,6,1,5,1,2900107,1000000
2024BG0006426,1,844.37,27,1,1,1,9,18497,132,5000,1,1,1,1,1,2900105,1000000
2024BG0006427,1,844.37,73,1,2,1,10,33929,242,0,0,6,1,1,1,2900100,1000000
2024BG0006428,1,844.37,23,1,3,1,11,67937,485,4000,3,2,1,1,1,2900105,1000000
2024BG0006429,1,844.37,55,2,7,1,16,196429,501,4000,1,1,1,1,1,2900102,1000000
2024BG0006430,1,844.37,15,2,7,1,18,40358,288,0,0,6,1,5,1,2900103,1000000
2024BG0006431,1,844.37,27,2,1,1,10,22756,162,9800,1,1,1,1,1,2900102,1000000
2024BG0006432,1,844.37,23,2,1,1,16,89870,501,1000,1,1,1,5,1,2900103,1000000
2024BG0006433,1,844.37,50,1,1,1,12,117130,501,8000,1,1,1,1,1,2900106,1000000
2024BG0006434,1,844.37,0,2,1,1,5,3164,22,0,0,6,1,5,1,2900104,1000000
2024BG0006435,1,844.37,3,2,2,1,5,3642,26,0,0,6,1,5,1,2900101,1000000
2024BG0006436,1,844.37,13,1,3,1,4,4689,33,0,0,6,1,5,1,2900104,1000000
2024BG0006437,1,844.37,43,2,1,1,15,156575,501,4000,3,1,1,5,2,2900101,1000000
2024BG0006438,1,844.37,1,2,3,1,5,6134,43,0,0,6,1,5,1,2900105,1000000
2024BG0006439,1,844.37,37,2,6,1,11,20906,149,7000,1,4,1,1,1,2900105,1000000
2024BG0006440,1,844.37,31,2,1,1,5,27032,193,5000,1,1,1,1,1,2900102,1000000
2024BG0006441,1,844.37,9,1,5,1,3,3513,25,0,0,6,1,5,1,2900102,1000000
2024BG0006442,1,844.37,23,1,6,1,14,29852,213,6000,1,1,1,1,1,2900105,1000000
2024BG0006443,1,844.37,89,2,2,1,6,4657,33,0,0,6,1,5,1,2900103,1000000
2024BG0006444,1,844.37,37,1,1,1,12,28776,205,4000,1,1,1,1,1,2900107,1000000
2024BG0006445,1,844.37,13,2,3,1,2,10562,75,0,0,6,1,5,1,2900102,1000000
2024BG0006446,1,844.37,22,1,2,1,15,81750,501,2000,1,5,1,5,1,2900101,1000000
2024BG0006447,1,844.37,11,2,3,1,4,6258,44,0,0,6,1,5,1,2900106,1000000
2024BG0006448,1,844.37,24,1,1,1,18,84628,501,1000,1,2,1,1,1,2900104,1000000
2024BG0006449,1,844.37,34,1,1,1,18,158475,501,3000,1,3,1,5,1,2900100,1000000
2024BG0006450,1,844.37,12,1,1,1,9,13320,95,0,0,6,1,5,1,2900101,1000000
2024BG0006451,1,844.37,23,1,3,1,11,8416,60,8000,4,1,1,5,1,2900101,1000000
2024BG0006452,1,844.37,22,1,4,1,19,88792,501,4000,1,1,1,1,1,2900104,1000000
2024BG0006453,1,844.37,14,1,6,1,1,6374,45,0,0,6,1,5,1,2900102,1000000
2024BG0006454,1,844.37,5,1,1,1,8,3207,22,0,0,6,1,5,1,2900104,1000000
2024BG0006455,1,844.37,41,2,3,1,11,41747,298,1000,1,1,1,1,1,2900101,1000000
2024BG0006456,1,844.37,33,1,1,1,6,10351,73,5000,3,1,1,5,1,2900104,1000000
2024BG0006457,1,844.37,52,2,1,1,7,22293,159,9800,4,1,1,1,1,2900102,1000000
2024BG0006458,1,844.37,16,1,6,1,16,33222,237,0,0,6,1,5,1,2900100,1000000
2024BG0006459,1,844.37,39,1,1,1,10,26036,185,8000,3,1,1,1,1,2900104,1000000
2024BG0006460,1,844.37,37,1,2,1,12,35313,252,6000,1,1,1,1,1,2900100,1000000
2024BG0006461,1,844.37,43,1,1,1,7,15826,113,9920,3,1,1,5,1,2900103,1000000
2024BG0006462,1,844.37,62,2,1,1,7,5296,37,9800,1,3,1,1,1,2900101,1000000
2024BG0006463,1,844.37,16,2,1,1,18,20572,146,0,0,6,1,5,1,2900101,1000000
2024BG0006464,1,844.37,27,1,1,1,5,14534,103,6000,1,1,1,1,1,2900106,1000000
2024BG0006465,1,844.37,31,1,4,1,14,65928,470,5000,1,3,1,1,1,2900101,1000000
2024BG0006466,1,844.37,25,1,7,1,10,32015,228,1000,1,1,1,1,1,2900101,1000000
2024BG0006467,1,844.37,39,2,8,1,9,54089,386,9000,1,1,1,1,1,2900103,1000000
2024BG0006468,1,844.37,25,1,1,1,12,79795,501,6000,1,1,1,5,1,2900101,1000000
2024BG0006469,1,844.37,48,1,6,1,8,26336,188,9800,6,3,1,2,1,2900103,1000000
2024BG0006470,1,844.37,4,2,1,1,3,2890,20,0,0,6,1,5,1,2900101,1000000
2024BG0006471,1,844.37,7,2,6,1,1,2110,15,0,0,6,1,5,1,2900101,1000000
2024BG0006472,1,844.37,84,1,3,1,8,7252,51,0,0,6,1,1,1,2900103,1000000
2024BG0006473,1,844.37,8,1,1,1,3,3601,25,0,0,6,1,5,1,2900100,1000000
2024BG0006474,1,844.37,31,2,2,1,11,112424,501,6000,6,3,1,1,1,2900105,1000000
2024BG0006475,1,844.37,22,1,1,1,16,104804,501,4000,1,1,1,5,1,2900106,1000000
2024BG0006476,1,844.37,24,1,6,1,15,141316,501,3000,1,1,1,1,1,2900102,1000000
2024BG0006477,1,844.37,26,1,2,1,16,115724,501,2000,2,1,1,1,1,2900103,1000000
2024BG0006478,1,844.37,58,1,1,1,11,8129,58,8000,1,1,1,2,1,2900101,1000000
2024BG0006479,1,844.37,36,1,3,1,15,43396,309,4000,1,2,1,5,1,2900106,1000000
2024BG0006480,1,844.37,33,1,3,1,5,29851,213,9000,1,1,1,1,1,2900104,1000000
2024BG0006481,1,844.37,25,2,1,1,10,28228,201,2000,3,1,1,1,1,2900103,1000000
2024BG0006482,1,844.37,38,1,5,1,15,142654,501,6000,3,1,1,1,1,2900104,1000000
2024BG0006483,1,844.37,39,2,3,1,8,11115,79,8000,1,1,1,1,1,2900100,1000000
2024BG0006484,1,844.37,37,2,1,1,7,24519,175,9800,1,2,1,1,2,2900105,1000000
2024BG0006485,1,844.37,39,1,3,1,7,23180,165,9800,4,1,1,1,1,2900102,1000000
2024BG0006486,1,844.37,7,1,1,1,2,4612,32,0,0,6,1,5,1,2900102,1000000
2024BG0006487,1,844.37,10,1,1,1,4,5422,38,0,0,6,1,5,1,2900104,1000000
2024BG0006488,1,844.37,4,1,1,1,6,4669,33,0,0,6,1,5,1,2900102,1000000
2024BG0006489,1,844.37,8,2,9,1,1,5478,39,0,0,6,1,5,1,2900101,1000000
2024BG0006490,1,844.37,54,2,1,1,11,59797,427,9800,6,1,1,1,1,2900104,1000000
2024BG0006491,1,844.37,38,1,1,1,11,115233,501,6000,1,1,1,1,1,2900101,1000000
2024BG0006492,1,844.37,17,1,3,1,17,29692,212,0,0,6,1,5,1,2900106,1000000
2024BG0006493,1,844.37,8,1,4,1,3,1726,12,0,0,6,1,5,1,2900103,1000000
2024BG0006494,1,844.37,15,2,1,1,14,9142,65,0,0,6,1,5,1,2900105,1000000
2024BG0006495,1,844.37,14,1,2,1,7,6681,47,0,0,6,1,5,1,2900106,1000000
2024BG0006496,1,844.37,48,1,3,1,16,78405,501,5000,1,1,1,1,1,2900100,1000000
2024BG0006497,1,844.37,11,1,1,1,5,9772,69,0,0,6,1,5,1,2900104,1000000
2024BG0006498,1,844.37,25,1,5,1,11,34415,245,6000,4,2,1,1,1,2900102,1000000
2024BG0006499,1,844.37,31,2,6,1,12,10222,73,7000,4,2,1,5,1,2900100,1000000
2024BG0006500,1,844.37,35,1,4,1,14,120127,501,6000,3,1,1,1,1,2900101,1000000
2024BG0006501,1,844.37,1,1,4,1,5,4049,28,0,0,6,1,5,1,2900105,1000000
2024BG0006502,1,844.37,38,2,2,1,12,122487,501,7000,1,1,1,1,1,2900107,1000000
2024BG0006503,1,844.37,18,1,3,1,19,113745,501,4000,1,1,1,5,1,2900103,1000000
2024BG0006504,1,844.37,2,2,1,1,1,4230,30,0,0,6,1,5,1,2900104,1000000
2024BG0006505,1,844.37,15,2,2,1,20,58543,418,0,0,6,1,5,1,2900107,1000000
2024BG0006506,1,844.37,47,2,2,1,9,55937,399,6000,1,1,1,1,1,2900102,1000000
2024BG0006507,1,844.37,24,1,4,1,17,173538,501,3000,1,1,1,5,1,2900101,1000000
2024BG0006508,1,844.37,21,2,6,1,17,42445,303,1000,1,1,1,5,1,2900104,1000000
2024BG0006509,1,844.37,38,2,9,1,12,124459,501,8000,3,1,1,1,1,2900100,1000000
2024BG0006510,1,844.37,9,2,1,1,3,5756,41,0,0,6,1,5,1,2900102,1000000
2024BG0006511,1,844.37,18,1,6,1,13,16112,115,9000,3,1,1,5,1,2900100,1000000
2024BG0006512,1,844.37,96,1,2,1,8,6838,48,0,0,6,1,1,1,2900104,1000000
2024BG0006513,1,844.37,13,1,1,1,6,35640,254,0,0,6,1,5,1,2900100,1000000
2024BG0006514,1,844.37,29,1,1,1,6,9465,67,9800,1,1,1,1,1,2900102,1000000
2024BG0006515,1,844.37,40,1,1,1,15,166608,501,4000,1,1,1,5,1,2900102,1000000
2024BG0006516,1,844.37,40,2,1,1,11,35772,255,3000,1,2,1,1,1,2900104,1000000
2024BG0006517,1,844.37,28,2,1,1,16,78226,501,4000,1,1,1,5,1,2900103,1000000
2024BG0006518,1,844.37,20,2,1,1,20,47804,341,4000,1,1,1,1,1,2900106,1000000
2024BG0006519,1,844.37,15,2,1,1,15,74843,501,0,0,6,1,5,1,2900100,1000000
2024BG0006520,1,844.37,58,2,4,1,13,23888,170,4000,2,1,1,5,1,2900103,1000000
2024BG0006521,1,844.37,33,2,6,1,13,239328,501,3000,2,1,1,5,1,2900105,1000000
2024BG0006522,1,844.37,32,1,1,1,19,264139,501,1000,1,1,1,1,1,2900104,1000000
2024BG0006523,1,844.37,6,1,2,1,4,10685,76,0,0,6,1,5,1,2900100,1000000
2024BG0006524,1,844.37,37,2,1,1,5,7830,55,9800,1,1,1,1,1,2900107,1000000
2024BG0006525,1,844.37,16,1,6,1,18,30849,220,0,0,6,1,5,1,2900104,1000000
2024BG0006526,1,844.37,2,2,6,1,1,12167,86,0,0,6,1,5,1,2900107,1000000
2024BG0006527,1,844.37,54,2,1,1,9,26986,192,3000,1,5,1,1,1,2900103,1000000
2024BG0006528,1,844.37,10,1,3,1,5,3927,28,0,0,6,1,5,1,2900102,1000000
2024BG0006529,1,844.37,21,2,9,1,14,19674,140,6000,6,1,1,5,1,2900106,1000000
2024BG0006530,1,844.37,61,1,3,1,8,8232,58,9800,3,1,1,1,1,2900100,1000000
2024BG0006531,1,844.37,98,1,4,1,7,9098,64,0,0,6,1,1,2,2900104,1000000
2024BG0006532,1,844.37,18,1,1,1,15,42201,301,4000,2,1,1,1,1,2900100,1000000
2024BG0006533,1,844.37,83,1,6,1,5,12410,88,0,0,6,1,1,1,2900100,1000000
2024BG0006534,1,844.37,50,1,5,1,8,37251,266,9920,1,1,1,2,1,2900103,1000000
2024BG0006535,1,844.37,81,2,7,1,6,2913,20,0,0,6,1,1,1,2900101,1000000
2024BG0006536,1,844.37,28,1,1,1,15,125527,501,4000,1,4,1,1,1,2900105,1000000
2024BG0006537,1,844.37,40,2,6,1,11,30777,219,9000,1,1,1,5,1,2900107,1000000
2024BG0006538,1,844.37,17,2,1,1,14,14267,101,0,0,6,1,5,1,2900106,1000000
2024BG0006539,1,844.37,27,2,2,1,16,68223,487,4000,1,1,1,1,1,2900105,1000000
2024BG0006540,1,844.37,0,2,3,1,3,10838,77,0,0,6,1,5,1,2900106,1000000
2024BG0006541,1,844.37,27,1,5,1,12,21904,156,4000,1,1,1,1,1,2900101,1000000
2024BG0006542,1,844.37,12,1,4,1,4,2519,17,0,0,6,1,5,1,2900101,1000000
2024BG0006543,1,844.37,57,2,3,1,17,66843,477,4000,1,3,1,2,1,2900101,1000000
2024BG0006544,1,844.37,26,1,1,1,11,14536,103,4000,2,4,1,1,1,2900105,1000000
2024BG0006545,1,844.37,24,1,5,1,11,16767,119,6000,4,1,1,5,1,2900102,1000000
2024BG0006546,1,844.37,3,1,1,1,4,4219,30,0,0,6,2,5,1,2900104,1000000
2024BG0006547,1,844.37,43,1,5,1,12,33212,237,9000,1,1,1,1,1,2900105,1000000
2024BG0006548,1,844.37,18,1,1,1,18,17990,128,4000,3,1,1,5,1,2900105,1000000
2024BG0006549,1,844.37,5,2,1,1,7,7055,50,0,0,6,1,5,1,2900104,1000000
2024BG0006550,1,844.37,23,2,3,1,16,64299,459,4000,1,1,1,5,1,2900102,1000000
2024BG0006551,1,844.37,21,2,5,1,17,47538,339,4000,2,1,1,5,1,2900102,1000000
2024BG0006552,1,844.37,25,2,1,1,8,9402,67,6000,1,1,1,1,1,2900101,1000000
2024BG0006553,1,844.37,39,1,5,1,11,60839,434,7000,4,1,1,5,1,2900100,1000000
2024BG0006554,1,844.37,35,1,6,1,15,75927,501,2000,2,1,1,1,1,2900100,1000000
2024BG0006555,1,844.37,42,1,2,1,18,89126,501,4000,2,1,1,5,1,2900104,1000000
2024BG0006556,1,844.37,63,2,5,1,8,14004,100,9920,1,1,1,1,1,2900107,1000000
2024BG0006557,1,844.37,41,1,6,1,9,73488,501,8000,1,1,1,1,1,2900107,1000000
2024BG0006558,1,844.37,19,2,1,1,15,43736,312,4000,2,1,1,5,1,2900100,1000000
2024BG0006559,1,844.37,25,2,1,1,6,21265,151,9000,3,1,1,1,1,2900103,1000000
2024BG0006560,1,844.37,44,1,2,1,15,145766,501,5000,4,4,1,1,1,2900101,1000000
2024BG0006561,1,844.37,35,2,1,1,19,321926,501,4000,1,1,1,1,1,2900101,1000000
2024BG0006562,1,844.37,37,2,3,1,7,24533,175,7000,1,1,1,5,1,2900103,1000000
2024BG0006563,1,844.37,10,1,3,1,5,5385,38,0,0,6,1,5,1,2900101,1000000
2024BG0006564,1,844.37,40,2,3,1,12,80543,501,9000,1,1,5,5,1,2900106,1000000
2024BG0006565,1,844.37,43,1,1,1,13,118303,501,5000,1,2,1,1,1,2900105,1000000
2024BG0006566,1,844.37,59,2,1,1,7,13244,94,5000,1,1,1,1,1,2900101,1000000
2024BG0006567,1,844.37,41,1,4,1,15,195448,501,2000,1,1,1,1,1,2900104,1000000
2024BG0006568,1,844.37,54,2,6,1,12,43812,312,5000,4,1,1,1,1,2900101,1000000
2024BG0006569,1,844.37,24,2,1,1,14,57006,407,9000,1,1,1,1,1,2900105,1000000
2024BG0006570,1,844.37,32,1,5,1,15,121187,501,5000,4,5,1,1,1,2900104,1000000
2024BG0006571,1,844.37,8,1,2,1,4,17924,128,0,0,6,1,5,1,2900106,1000000
2024BG0006572,1,844.37,41,2,1,1,14,113865,501,4000,2,1,5,1,1,2900100,1000000
2024BG0006573,1,844.37,15,1,2,1,18,34923,249,0,0,6,1,5,1,2900103,1000000
2024BG0006574,1,844.37,59,1,1,1,10,19067,136,4000,1,1,1,5,1,2900100,1000000
2024BG0006575,1,844.37,34,1,6,1,12,10395,74,4000,3,1,1,1,1,2900101,1000000
2024BG0006576,1,844.37,49,1,1,1,14,20851,148,4000,1,5,1,1,1,2900103,1000000
2024BG0006577,1,844.37,22,2,2,1,11,35570,254,8000,1,1,1,5,1,2900107,1000000
2024BG0006578,1,844.37,50,1,5,1,9,53123,379,9000,4,3,1,3,1,2900105,1000000
2024BG0006579,1,844.37,100,2,2,1,7,5062,36,0,0,6,1,1,1,2900106,1000000
2024BG0006580,1,844.37,37,1,1,1,8,15884,113,6000,3,1,1,1,1,2900101,1000000
2024BG0006581,1,844.37,36,1,5,1,9,36926,263,9000,1,1,1,3,1,2900101,1000000
2024BG0006582,1,844.37,52,2,3,1,10,28907,206,9000,3,1,1,5,1,2900101,1000000
2024BG0006583,1,844.37,27,2,5,1,12,63348,452,8000,4,1,1,5,1,2900101,1000000
2024BG0006584,1,844.37,7,2,2,1,5,6503,46,0,0,6,1,5,1,2900100,1000000
2024BG0006585,1,844.37,30,1,2,1,9,63610,454,2000,1,1,1,1,1,2900104,1000000
2024BG0006586,1,844.37,59,2,1,1,8,24472,174,5000,3,1,1,1,1,2900105,1000000
2024BG0006587,1,844.37,45,1,1,1,9,56895,406,4000,2,1,2,3,1,2900101,1000000
2024BG0006588,1,844.37,9,2,1,1,4,1936,13,0,0,6,1,5,1,2900104,1000000
2024BG0006589,1,844.37,42,2,6,1,17,83005,501,5000,3,4,1,1,1,2900106,1000000
2024BG0006590,1,844.37,4,2,5,1,4,6200,44,0,0,6,1,5,1,2900100,1000000
2024BG0006591,1,844.37,40,1,5,1,13,41875,299,4000,1,1,1,1,1,2900103,1000000
2024BG0006592,1,844.37,42,1,1,1,9,18158,129,5000,4,1,1,1,1,2900107,1000000
2024BG0006593,1,844.37,44,1,1,1,9,150439,501,4000,2,1,1,1,1,2900100,1000000
2024BG0006594,1,844.37,23,1,8,1,13,66080,472,9800,3,1,1,1,1,2900107,1000000
2024BG0006595,1,844.37,4,1,5,1,7,3414,24,0,0,6,1,5,1,2900105,1000000
2024BG0006596,1,844.37,35,2,5,1,18,72425,501,5000,1,1,1,1,1,2900107,1000000
2024BG0006597,1,844.37,11,2,6,1,4,17099,122,0,0,6,1,5,1,2900101,1000000
2024BG0006598,1,844.37,10,1,1,1,1,3555,25,0,0,6,1,5,1,2900106,1000000
2024BG0006599,1,844.37,15,2,1,1,19,96425,501,0,0,6,1,5,1,2900103,1000000
2024BG0006600,1,844.37,8,2,5,1,2,5697,40,0,0,6,1,5,1,2900106,1000000
2024BG0006601,1,844.37,2,2,3,1,5,7524,53,0,0,6,1,5,1,2900105,1000000
2024BG0006602,1,844.37,56,2,5,1,12,27649,197,4000,1,1,1,1,1,2900107,1000000
2024BG0006603,1,844.37,10,2,4,1,3,3713,26,0,0,6,1,5,1,2900104,1000000
2024BG0006604,1,844.37,4,2,2,1,5,9557,68,0,0,6,1,5,1,2900107,1000000
2024BG0006605,1,844.37,44,1,1,1,11,44356,316,6000,4,1,1,1,1,2900107,1000000
2024BG0006606,1,844.37,15,2,2,1,16,62473,446,0,0,6,1,5,1,2900104,1000000
2024BG0006607,1,844.37,39,2,1,1,6,22088,157,9920,1,1,1,1,1,2900101,1000000
2024BG0006608,1,844.37,52,1,9,1,10,62399,445,5000,1,1,1,2,1,2900101,1000000
2024BG0006609,1,844.37,52,2,1,1,14,16242,116,3000,1,1,1,1,1,2900106,1000000
2024BG0006610,1,844.37,48,2,1,1,14,150801,501,8000,4,1,1,1,1,2900107,1000000
2024BG0006611,1,844.37,55,2,5,1,17,116220,501,6000,1,3,1,1,1,2900101,1000000
2024BG0006612,1,844.37,36,1,1,1,15,138107,501,4000,1,1,1,1,1,2900100,1000000
2024BG0006613,1,844.37,13,1,1,1,6,6343,45,0,0,6,1,5,1,2900107,1000000
2024BG0006614,1,844.37,2,2,3,1,4,8814,62,0,0,6,1,5,1,2900101,1000000
2024BG0006615,1,844.37,19,1,6,1,18,82092,501,1000,1,1,5,5,1,2900104,1000000
2024BG0006616,1,844.37,17,2,6,1,15,19174,136,0,0,6,1,5,1,2900106,1000000
2024BG0006617,1,844.37,71,1,6,1,8,9960,71,0,0,6,1,1,1,2900104,1000000
2024BG0006618,1,844.37,59,1,1,1,10,57753,412,6000,3,1,1,1,1,2900104,1000000
2024BG0006619,1,844.37,1,1,1,1,5,11159,79,0,0,6,1,5,1,2900103,1000000
2024BG0006620,1,844.37,4,2,4,1,1,7220,51,0,0,6,1,5,1,2900106,1000000
2024BG0006621,1,844.37,31,2,6,1,12,33410,238,5000,1,1,1,5,1,2900101,1000000
2024BG0006622,1,844.37,43,2,1,1,10,53781,384,6000,1,1,1,1,1,2900103,1000000
2024BG0006623,1,844.37,4,2,3,1,2,5190,37,0,0,6,1,5,1,2900100,1000000
2024BG0006624,1,844.37,14,1,3,1,3,7668,54,0,0,6,1,5,1,2900107,1000000
2024BG0006625,1,844.37,29,1,4,1,8,28811,205,5000,1,1,1,1,1,2900104,1000000
2024BG0006626,1,844.37,15,2,3,1,16,52234,373,0,0,6,1,5,1,2900101,1000000
2024BG0006627,1,844.37,16,2,1,1,17,21827,155,0,0,6,1,5,1,2900106,1000000
2024BG0006628,1,844.37,42,2,5,1,9,29771,212,9800,1,5,1,5,1,2900102,1000000
2024BG0006629,1,844.37,1,2,1,1,4,12441,88,0,0,6,1,5,1,2900101,1000000
2024BG0006630,1,844.37,51,2,2,1,11,60623,433,4000,1,1,1,1,1,2900107,1000000
2024BG0006631,1,844.37,44,1,4,1,12,25569,182,7000,1,1,1,5,1,2900100,1000000
2024BG0006632,1,844.37,16,2,1,1,18,31988,228,0,0,6,1,5,1,2900107,1000000
2024BG0006633,1,844.37,40,2,1,1,15,152120,501,4000,1,1,1,1,1,2900100,1000000
2024BG0006634,1,844.37,30,1,1,1,9,57167,408,5000,3,1,1,1,1,2900101,1000000
2024BG0006635,1,844.37,10,2,3,1,2,22257,158,0,0,6,1,5,1,2900107,1000000
2024BG0006636,1,844.37,11,2,1,1,6,11162,79,0,0,6,1,5,1,2900107,1000000
2024BG0006637,1,844.37,15,1,1,1,14,7316,52,0,0,6,1,5,2,2900102,1000000
2024BG0006638,1,844.37,10,2,1,1,2,5372,38,0,0,6,1,5,1,2900102,1000000
2024BG0006639,1,844.37,24,2,1,1,17,87699,501,6000,4,1,1,1,1,2900103,1000000
2024BG0006640,1,844.37,28,2,1,1,8,17086,122,6000,3,1,1,1,1,2900107,1000000
2024BG0006641,1,844.37,38,2,1,1,6,29755,212,8000,1,2,1,1,1,2900106,1000000
2024BG0006642,1,844.37,29,1,6,1,12,27355,195,6000,1,1,1,5,1,2900104,1000000
2024BG0006643,1,844.37,50,2,2,1,9,27437,195,2000,1,1,1,1,1,2900106,1000000
2024BG0006644,1,844.37,38,1,1,1,13,62205,444,5000,1,1,1,3,1,2900106,1000000
2024BG0006645,1,844.37,27,2,2,1,13,71134,501,8000,1,1,1,1,1,2900106,1000000
2024BG0006646,1,844.37,10,1,1,1,4,1394,9,0,0,6,1,5,1,2900104,1000000
2024BG0006647,1,844.37,20,1,1,1,20,97262,501,4000,1,3,1,1,1,2900102,1000000
2024BG0006648,1,844.37,41,2,1,1,18,135796,501,3000,3,3,1,1,1,2900105,1000000
2024BG0006649,1,844.37,13,2,2,1,3,4007,28,0,0,6,5,5,1,2900102,1000000
2024BG0006650,1,844.37,6,2,1,1,1,9534,68,0,0,6,1,5,1,2900104,1000000
2024BG0006651,1,844.37,47,2,1,1,9,53240,380,6000,1,1,1,1,1,2900105,1000000
2024BG0006652,1,844.37,10,1,3,1,1,2670,19,0,0,6,1,5,1,2900105,1000000
2024BG0006653,1,844.37,1,1,1,1,1,2268,16,0,0,6,1,5,1,2900105,1000000
2024BG0006654,1,844.37,21,1,5,1,14,22251,158,5000,3,1,1,1,2,2900101,1000000
2024BG0006655,1,844.37,15,1,5,1,17,61814,441,0,0,6,1,5,1,2900105,1000000
2024BG0006656,1,844.37,20,2,5,1,16,74493,501,4000,1,1,1,5,1,2900106,1000000
2024BG0006657,1,844.37,20,2,5,1,12,9369,66,7000,1,1,1,5,1,2900104,1000000
2024BG0006658,1,844.37,59,2,1,1,14,19184,137,5000,4,1,2,5,1,2900105,1000000
2024BG0006659,1,844.37,35,2,4,1,10,92124,501,3000,1,1,1,1,1,2900106,1000000
2024BG0006660,1,844.37,72,2,1,1,10,41781,298,0,0,6,1,1,1,2900107,1000000
2024BG0006661,1,844.37,11,2,1,1,1,6225,44,0,0,6,1,5,2,2900106,1000000
2024BG0006662,1,844.37,54,1,6,1,13,45694,326,9000,1,1,1,1,1,2900103,1000000
2024BG0006663,1,844.37,8,2,1,1,1,6750,48,0,0,6,1,5,1,2900105,1000000
2024BG0006664,1,844.37,39,1,2,1,6,29151,208,6000,3,1,1,1,1,2900106,1000000
2024BG0006665,1,844.37,25,1,3,1,11,18898,134,9800,4,1,1,1,1,2900105,1000000
2024BG0006666,1,844.37,97,1,6,1,5,15382,109,0,0,6,1,1,1,2900105,1000000
2024BG0006667,1,844.37,13,1,6,1,3,9883,70,0,0,6,1,5,1,2900104,1000000
2024BG0006668,1,844.37,25,2,2,1,15,124238,501,4000,1,1,1,1,1,2900104,1000000
2024BG0006669,1,844.37,31,2,4,1,12,34552,246,4000,1,1,1,1,1,2900106,1000000
2024BG0006670,1,844.37,56,2,1,1,6,12906,92,9920,1,1,1,1,1,2900101,1000000
2024BG0006671,1,844.37,36,2,1,1,14,39305,280,7000,4,2,1,1,1,2900100,1000000
2024BG0006672,1,844.37,57,2,3,1,11,62717,447,6000,1,1,1,1,1,2900106,1000000
2024BG0006673,1,844.37,32,2,1,1,10,92416,501,3000,3,1,1,1,1,2900104,1000000
2024BG0006674,1,844.37,34,1,1,1,5,30547,218,5000,1,1,1,1,1,2900104,1000000
2024BG0006675,1,844.37,4,1,2,1,1,2481,17,0,0,6,1,5,1,2900100,1000000
2024BG0006676,1,844.37,16,1,2,1,14,10584,75,0,0,6,1,5,1,2900102,1000000
2024BG0006677,1,844.37,34,1,1,1,5,20586,147,9800,1,1,1,1,1,2900104,1000000
2024BG0006678,1,844.37,25,2,1,1,15,152277,501,1000,1,1,1,1,1,2900101,1000000
2024BG0006679,1,844.37,57,1,2,1,7,19140,136,7000,1,2,1,2,1,2900104,1000000
2024BG0006680,1,844.37,18,1,5,1,15,40297,287,5000,1,1,1,5,1,2900100,1000000
2024BG0006681,1,844.37,33,2,1,1,10,17063,121,4000,1,1,1,5,1,2900104,1000000
2024BG0006682,1,844.37,20,2,2,1,17,42645,304,5000,1,1,1,5,1,2900104,1000000
2024BG0006683,1,844.37,30,1,1,1,14,40039,285,5000,3,1,1,1,1,2900101,1000000
2024BG0006684,1,844.37,8,2,3,1,7,6188,44,0,0,6,1,5,1,2900104,1000000
2024BG0006685,1,844.37,49,2,1,1,10,25618,182,4000,1,1,1,1,1,2900105,1000000
2024BG0006686,1,844.37,28,2,1,1,7,3300,23,9800,4,1,1,1,1,2900104,1000000
2024BG0006687,1,844.37,6,2,2,1,4,4851,34,0,0,6,1,5,1,2900104,1000000
2024BG0006688,1,844.37,30,2,3,1,10,21159,151,8000,1,1,1,5,1,2900104,1000000
2024BG0006689,1,844.37,51,1,1,1,11,47643,340,9800,1,1,1,2,1,2900100,1000000
2024BG0006690,1,844.37,13,2,3,1,4,17467,124,0,0,6,1,5,1,2900104,1000000
2024BG0006691,1,844.37,28,1,1,1,8,3437,24,6000,1,1,1,5,1,2900104,1000000
2024BG0006692,1,844.37,17,1,5,1,19,24853,177,0,0,6,1,5,1,2900106,1000000
2024BG0006693,1,844.37,22,1,7,1,14,17140,122,1000,1,1,1,5,1,2900103,1000000
2024BG0006694,1,844.37,19,2,2,1,16,147286,501,4000,3,1,1,5,1,2900103,1000000
2024BG0006695,1,844.37,36,2,5,1,11,23646,168,8000,1,1,1,1,1,2900100,1000000
2024BG0006696,1,844.37,35,1,1,1,14,93777,501,8000,4,1,1,1,1,2900104,1000000
2024BG0006697,1,844.37,30,1,2,1,10,92911,501,9000,4,2,1,1,1,2900100,1000000
2024BG0006698,1,844.37,22,2,5,1,17,73083,501,4000,1,1,5,5,1,2900106,1000000
2024BG0006699,1,844.37,49,2,1,1,8,12015,85,9800,1,1,1,1,1,2900103,1000000
2024BG0006700,1,844.37,48,2,7,1,10,56065,400,6000,1,1,1,1,1,2900102,1000000
2024BG0006701,1,844.37,23,2,6,1,17,75170,501,5000,3,1,1,5,1,2900100,1000000
2024BG0006702,1,844.37,25,1,1,1,11,77008,501,9800,1,1,1,1,1,2900100,1000000
2024BG0006703,1,844.37,21,2,6,1,17,85476,501,4000,1,1,1,5,1,2900102,1000000
2024BG0006704,1,844.37,1,2,1,1,3,13675,97,0,0,6,1,5,1,2900107,1000000
2024BG0006705,1,844.37,39,2,9,1,13,36830,263,7000,1,1,1,1,1,2900105,1000000
2024BG0006706,1,844.37,59,1,6,1,14,72922,501,6000,3,1,1,1,1,2900103,1000000
2024BG0006707,1,844.37,30,2,5,1,9,37177,265,8000,1,1,1,1,1,2900105,1000000
2024BG0006708,1,844.37,9,1,1,1,4,19929,142,0,0,6,1,5,1,2900105,1000000
2024BG0006709,1,844.37,13,2,1,1,3,4554,32,0,0,6,1,5,1,2900103,1000000
2024BG0006710,1,844.37,35,2,2,1,9,88600,501,6000,6,1,1,1,1,2900101,1000000
2024BG0006711,1,844.37,27,1,6,1,14,20872,149,3000,3,1,1,1,1,2900105,1000000
2024BG0006712,1,844.37,82,1,4,1,6,6544,46,0,0,6,1,1,1,2900103,1000000
2024BG0006713,1,844.37,27,2,1,1,7,9640,68,9800,1,1,1,1,1,2900102,1000000
2024BG0006714,1,844.37,34,1,3,1,12,31664,226,9000,1,2,5,1,1,2900107,1000000
2024BG0006715,1,844.37,46,2,3,1,8,9667,69,8000,4,1,1,1,1,2900100,1000000
2024BG0006716,1,844.37,39,2,1,1,8,47873,341,9800,4,1,1,5,1,2900100,1000000
2024BG0006717,1,844.37,7,2,3,1,2,1796,12,0,0,6,1,5,1,2900100,1000000
2024BG0006718,1,844.37,24,2,6,1,17,127368,501,5000,3,1,1,1,1,2900106,1000000
2024BG0006719,1,844.37,16,1,4,1,17,28285,202,0,0,6,1,5,1,2900106,1000000
2024BG0006720,1,844.37,23,2,2,1,10,46960,335,9800,1,1,1,5,1,2900107,1000000
2024BG0006721,1,844.37,41,1,9,1,7,7553,53,5000,1,2,5,2,1,2900107,1000000
2024BG0006722,1,844.37,15,2,3,1,13,17798,127,0,0,6,1,5,1,2900105,1000000
2024BG0006723,1,844.37,42,2,1,1,14,60816,434,6000,4,3,1,1,1,2900105,1000000
2024BG0006724,1,844.37,20,1,1,1,14,12583,89,4000,3,1,1,1,1,2900107,1000000
2024BG0006725,1,844.37,95,2,1,1,8,12160,86,0,0,6,1,2,1,2900104,1000000
2024BG0006726,1,844.37,50,1,3,1,8,22799,162,9800,3,1,1,1,1,2900105,1000000
2024BG0006727,1,844.37,25,2,3,1,12,54263,387,4000,1,1,1,1,1,2900100,1000000
2024BG0006728,1,844.37,44,1,1,1,11,57614,411,8000,1,1,1,1,1,2900105,1000000
2024BG0006729,1,844.37,3,1,1,1,5,8896,63,0,0,6,1,5,1,2900105,1000000
2024BG0006730,1,844.37,57,1,1,1,7,28754,205,9800,4,1,1,1,1,2900103,1000000
2024BG0006731,1,844.37,3,2,2,1,8,4598,32,0,0,6,1,5,1,2900107,1000000
2024BG0006732,1,844.37,56,1,1,1,5,11548,82,9800,1,1,1,2,1,2900102,1000000
2024BG0006733,1,844.37,19,1,1,1,13,10059,71,4000,1,1,1,5,1,2900105,1000000
2024BG0006734,1,844.37,33,2,1,1,7,12212,87,9800,3,1,1,1,1,2900105,1000000
2024BG0006735,1,844.37,8,1,1,1,5,2479,17,0,0,6,1,5,1,2900103,1000000
2024BG0006736,1,844.37,35,2,7,1,8,53738,383,5000,1,1,1,1,1,2900107,1000000
2024BG0006737,1,844.37,22,1,6,1,10,43256,308,3000,1,1,1,5,1,2900103,1000000
2024BG0006738,1,844.37,41,2,1,1,14,40899,292,9000,1,3,1,1,1,2900103,1000000
2024BG0006739,1,844.37,37,1,6,1,7,8525,60,5000,1,3,1,1,1,2900102,1000000
2024BG0006740,1,844.37,59,1,5,1,14,40405,288,1000,1,4,1,1,1,2900100,1000000
2024BG0006741,1,844.37,51,1,6,1,12,62526,446,9800,1,1,1,2,1,2900107,1000000
2024BG0006742,1,844.37,37,2,4,1,17,276365,501,1000,3,1,1,1,1,2900106,1000000
2024BG0006743,1,844.37,16,1,4,1,17,15145,108,0,0,6,1,5,1,2900103,1000000
2024BG0006744,1,844.37,28,2,2,1,18,88206,501,6000,1,1,1,5,1,2900107,1000000
2024BG0006745,1,844.37,19,2,6,1,12,29201,208,1000,1,1,5,5,1,2900102,1000000
2024BG0006746,1,844.37,15,2,1,1,11,11579,82,0,0,6,1,5,1,2900106,1000000
2024BG0006747,1,844.37,24,1,7,1,18,100305,501,3000,1,1,1,1,1,2900106,1000000
2024BG0006748,1,844.37,15,2,6,1,17,47183,337,0,0,6,1,5,2,2900106,1000000
2024BG0006749,1,844.37,4,1,6,1,6,4081,29,0,0,6,1,5,1,2900102,1000000
2024BG0006750,1,844.37,46,1,1,1,16,339918,501,5000,1,1,1,1,1,2900102,1000000
2024BG0006751,1,844.37,17,1,1,1,18,37694,269,0,0,6,1,5,1,2900106,1000000
2024BG0006752,1,844.37,47,2,2,1,9,43123,308,5000,1,1,1,1,1,2900103,1000000
2024BG0006753,1,844.37,31,1,3,1,5,25141,179,9920,1,1,1,1,1,2900107,1000000
2024BG0006754,1,844.37,44,2,1,1,5,16391,117,5000,1,2,1,5,1,2900102,1000000
2024BG0006755,1,844.37,16,1,2,1,14,43592,311,0,0,6,1,5,1,2900105,1000000
2024BG0006756,1,844.37,82,1,5,1,7,7828,55,0,0,6,1,1,1,2900106,1000000
2024BG0006757,1,844.37,19,2,1,1,18,52660,376,4000,2,1,1,5,1,2900103,1000000
2024BG0006758,1,844.37,18,1,1,1,13,20695,147,6000,6,5,1,5,1,2900103,1000000
2024BG0006759,1,844.37,42,1,1,1,18,160627,501,4000,1,1,1,1,1,2900106,1000000
2024BG0006760,1,844.37,57,1,4,1,8,2807,20,9920,3,1,1,1,1,2900107,1000000
2024BG0006761,1,844.37,12,1,6,1,3,10188,72,0,0,6,1,5,1,2900106,1000000
2024BG0006762,1,844.37,25,2,1,1,9,66840,477,2000,3,1,1,1,1,2900103,1000000
2024BG0006763,1,844.37,37,1,6,1,16,162817,501,4000,1,3,1,1,1,2900103,1000000
2024BG0006764,1,844.37,35,2,5,1,15,142624,501,1000,1,1,1,1,1,2900102,1000000
2024BG0006765,1,844.37,68,2,5,1,8,4923,35,5000,4,1,1,5,1,2900105,1000000
2024BG0006766,1,844.37,35,2,8,1,7,14887,106,9000,1,1,1,1,1,2900102,1000000
2024BG0006767,1,844.37,12,2,3,1,3,8050,57,0,0,6,1,5,1,2900107,1000000
2024BG0006768,1,844.37,56,1,9,1,7,17278,123,9800,4,1,1,1,1,2900101,1000000
2024BG0006769,1,844.37,36,2,5,1,8,9525,68,6000,1,1,1,1,1,2900106,1000000
2024BG0006770,1,844.37,35,2,1,1,13,37257,266,4000,3,4,1,1,1,2900104,1000000
2024BG0006771,1,844.37,22,2,6,1,12,11418,81,4000,1,1,1,5,1,2900105,1000000
2024BG0006772,1,844.37,2,2,1,1,4,6514,46,0,0,6,1,5,1,2900103,1000000
2024BG0006773,1,844.37,22,2,1,1,15,52779,376,3000,3,1,1,5,1,2900104,1000000
2024BG0006774,1,844.37,19,1,2,1,13,10451,74,4000,1,3,1,5,1,2900100,1000000
2024BG0006775,1,844.37,41,2,1,1,13,25010,178,9800,4,1,1,2,1,2900107,1000000
2024BG0006776,1,844.37,36,2,1,1,15,110817,501,3000,1,1,1,1,1,2900104,1000000
2024BG0006777,1,844.37,8,1,6,1,2,2218,15,0,0,6,1,5,1,2900107,1000000
2024BG0006778,1,844.37,36,2,1,1,16,215896,501,5000,6,2,1,2,1,2900102,1000000
2024BG0006779,1,844.37,24,2,1,1,18,36512,260,5000,3,2,1,5,1,2900107,1000000
2024BG0006780,1,844.37,12,2,2,1,4,10556,75,0,0,6,1,5,1,2900101,1000000
2024BG0006781,1,844.37,38,2,3,1,8,6453,46,8000,3,4,1,2,1,2900104,1000000
2024BG0006782,1,844.37,6,2,5,1,9,11409,81,0,0,6,1,5,1,2900103,1000000
2024BG0006783,1,844.37,37,1,1,1,13,80037,501,5000,1,1,1,5,2,2900101,1000000
2024BG0006784,1,844.37,21,1,1,1,13,18797,134,5000,1,1,1,1,1,2900107,1000000
2024BG0006785,1,844.37,32,1,1,1,8,44402,317,6000,3,1,1,5,1,2900107,1000000
2024BG0006786,1,844.37,5,1,1,1,5,4933,35,0,0,6,1,5,1,2900101,1000000
2024BG0006787,1,844.37,28,1,4,1,11,14324,102,5000,1,1,1,5,1,2900105,1000000
2024BG0006788,1,844.37,27,2,5,1,11,36406,260,4000,3,5,1,1,1,2900104,1000000
2024BG0006789,1,844.37,15,2,6,1,12,19905,142,0,0,6,1,5,1,2900105,1000000
2024BG0006790,1,844.37,40,2,1,1,15,315676,501,4000,1,1,1,1,1,2900104,1000000
2024BG0006791,1,844.37,5,2,7,1,2,18661,133,0,0,6,1,5,1,2900104,1000000
2024BG0006792,1,844.37,24,2,2,1,16,58149,415,1000,1,3,1,5,1,2900101,1000000
2024BG0006793,1,844.37,100,1,3,1,8,5645,40,0,0,6,1,2,1,2900107,1000000
2024BG0006794,1,844.37,15,2,2,1,17,30282,216,0,0,6,1,5,1,2900107,1000000
2024BG0006795,1,844.37,23,2,5,1,15,123654,501,1000,1,1,1,1,1,2900103,1000000
2024BG0006796,1,844.37,16,2,6,1,14,25325,180,0,0,6,1,5,1,2900106,1000000
2024BG0006797,1,844.37,9,1,1,1,4,2234,15,0,0,6,1,5,1,2900107,1000000
2024BG0006798,1,844.37,49,1,6,1,9,59021,421,6000,1,1,1,1,1,2900106,1000000
2024BG0006799,1,844.37,36,2,1,1,16,241903,501,4000,3,1,1,1,1,2900102,1000000
2024BG0006800,1,844.37,45,1,1,1,8,5370,38,9800,3,2,1,1,1,2900102,1000000
2024BG0006801,1,844.37,87,1,3,1,9,26828,191,0,0,6,1,1,1,2900107,1000000
2024BG0006802,1,844.37,22,2,1,1,15,67333,480,4000,1,1,1,5,1,2900101,1000000
2024BG0006803,1,844.37,28,1,6,1,15,102227,501,5000,4,1,1,1,1,2900101,1000000
2024BG0006804,1,844.37,33,1,6,1,5,11452,81,6000,4,1,1,1,2,2900103,1000000
2024BG0006805,1,844.37,58,2,2,1,9,27726,198,6000,4,1,1,2,1,2900106,1000000
2024BG0006806,1,844.37,41,2,1,1,5,7561,54,5000,1,1,1,2,1,2900101,1000000
2024BG0006807,1,844.37,36,2,1,1,14,58219,415,6000,4,1,1,5,1,2900100,1000000
2024BG0006808,1,844.37,51,1,7,1,10,108041,501,6000,1,1,1,1,1,2900101,1000000
2024BG0006809,1,844.37,40,1,1,1,10,33885,242,4000,3,1,1,1,1,2900106,1000000
2024BG0006810,1,844.37,36,1,2,1,9,57027,407,5000,3,1,1,1,1,2900101,1000000
2024BG0006811,1,844.37,34,2,1,1,8,29369,209,5000,4,1,1,5,1,2900107,1000000
2024BG0006812,1,844.37,13,2,3,1,5,4857,34,0,0,6,1,5,1,2900102,1000000
2024BG0006813,1,844.37,35,1,1,1,14,81695,501,4000,1,1,1,1,1,2900106,1000000
2024BG0006814,1,844.37,34,2,3,1,10,51816,370,3000,3,1,1,1,2,2900105,1000000
2024BG0006815,1,844.37,25,2,1,1,14,20342,145,5000,4,1,1,5,1,2900105,1000000
2024BG0006816,1,844.37,38,2,1,1,13,35981,257,3000,1,1,1,1,1,2900103,1000000
2024BG0006817,1,844.37,0,1,4,1,6,4974,35,0,0,6,1,5,1,2900104,1000000
2024BG0006818,1,844.37,20,2,3,1,12,32253,230,4000,2,1,1,5,1,2900107,1000000
2024BG0006819,1,844.37,7,2,1,1,6,7847,56,0,0,6,1,5,1,2900104,1000000
2024BG0006820,1,844.37,67,1,9,1,10,48379,345,5000,6,1,1,5,1,2900107,1000000
2024BG0006821,1,844.37,22,1,3,1,13,51521,368,5000,4,1,1,5,1,2900102,1000000
2024BG0006822,1,844.37,18,2,6,1,17,45572,325,4000,1,1,1,5,1,2900107,1000000
2024BG0006823,1,844.37,26,1,6,1,13,38271,273,2000,1,1,1,1,1,2900100,1000000
2024BG0006824,1,844.37,40,2,1,1,6,20679,147,8000,4,1,1,5,1,2900103,1000000
2024BG0006825,1,844.37,49,1,4,1,17,58000,414,5000,4,1,1,1,1,2900102,1000000
2024BG0006826,1,844.37,23,2,3,1,14,74541,501,9000,1,1,1,5,1,2900101,1000000
2024BG0006827,1,844.37,48,1,1,1,9,47466,339,9000,1,5,1,1,1,2900105,1000000
2024BG0006828,1,844.37,7,1,3,1,3,8867,63,0,0,6,1,5,1,2900100,1000000
2024BG0006829,1,844.37,29,2,7,1,9,31207,222,6000,1,2,1,1,1,2900100,1000000
2024BG0006830,1,844.37,24,2,1,1,18,102595,501,1000,3,1,1,5,1,2900104,1000000
2024BG0006831,1,844.37,31,1,5,1,14,85656,501,4000,1,1,1,1,1,2900105,1000000
2024BG0006832,1,844.37,16,2,6,1,15,35348,252,0,0,6,1,5,2,2900100,1000000
2024BG0006833,1,844.37,10,1,1,1,7,8918,63,0,0,6,1,5,1,2900101,1000000
2024BG0006834,1,844.37,26,2,4,1,10,22759,162,9800,1,1,1,1,1,2900105,1000000
2024BG0006835,1,844.37,31,2,1,1,12,24114,172,9800,1,1,1,1,1,2900102,1000000
2024BG0006836,1,844.37,19,2,1,1,15,29140,208,4000,1,5,1,5,1,2900106,1000000
2024BG0006837,1,844.37,31,2,2,1,13,74216,501,8000,3,1,1,1,1,2900101,1000000
2024BG0006838,1,844.37,49,2,2,1,7,19261,137,6000,1,1,1,5,1,2900103,1000000
2024BG0006839,1,844.37,31,2,4,1,14,87269,501,1000,1,1,1,5,1,2900103,1000000
2024BG0006840,1,844.37,42,2,4,1,15,46306,330,4000,1,5,1,1,1,2900107,1000000
2024BG0006841,1,844.37,86,1,6,1,5,3048,21,0,0,6,1,1,1,2900103,1000000
2024BG0006842,1,844.37,27,2,2,1,17,111539,501,4000,3,1,1,5,1,2900100,1000000
2024BG0006843,1,844.37,66,1,1,1,7,25221,180,6000,1,1,1,2,1,2900101,1000000
2024BG0006844,1,844.37,27,2,1,1,10,34771,248,9800,6,1,1,1,1,2900106,1000000
2024BG0006845,1,844.37,29,2,1,1,9,70919,501,4000,1,1,1,5,1,2900105,1000000
2024BG0006846,1,844.37,55,2,2,1,14,15144,108,8000,6,1,1,1,1,2900107,1000000
2024BG0006847,1,844.37,48,1,6,1,18,210642,501,4000,3,1,1,1,1,2900103,1000000
2024BG0006848,1,844.37,19,2,1,1,17,69094,493,5000,1,1,1,5,1,2900104,1000000
2024BG0006849,1,844.37,95,2,2,1,11,42326,302,0,0,6,1,1,1,2900105,1000000
2024BG0006850,1,844.37,52,1,1,1,7,18027,128,7000,1,1,1,1,1,2900105,1000000
2024BG0006851,1,844.37,25,1,2,1,6,22954,163,9920,3,1,1,5,1,2900104,1000000
2024BG0006852,1,844.37,34,1,5,1,7,12476,89,5000,3,1,1,5,1,2900103,1000000
2024BG0006853,1,844.37,52,1,4,1,15,155768,501,4000,1,1,1,1,1,2900103,1000000
2024BG0006854,1,844.37,41,2,6,1,5,40812,291,8000,1,1,1,1,1,2900101,1000000
2024BG0006855,1,844.37,71,2,2,1,6,24040,171,0,0,6,1,1,1,2900103,1000000
2024BG0006856,1,844.37,10,1,1,1,9,23864,170,0,0,6,1,5,1,2900102,1000000
2024BG0006857,1,844.37,52,1,1,1,17,150919,501,3000,3,1,1,1,1,2900105,1000000
2024BG0006858,1,844.37,20,1,5,1,15,100466,501,5000,1,1,1,1,1,2900102,1000000
2024BG0006859,1,844.37,40,2,4,1,11,93540,501,9800,6,1,1,1,1,2900103,1000000
2024BG0006860,1,844.37,16,1,1,1,20,24569,175,0,0,6,1,5,1,2900107,1000000
2024BG0006861,1,844.37,7,1,3,1,7,26017,185,0,0,6,1,5,1,2900104,1000000
2024BG0006862,1,844.37,17,2,2,1,17,50173,358,0,0,6,1,5,1,2900100,1000000
2024BG0006863,1,844.37,11,1,2,1,4,2807,20,0,0,6,1,5,1,2900107,1000000
2024BG0006864,1,844.37,41,2,3,1,10,48286,344,5000,1,1,1,1,1,2900106,1000000
2024BG0006865,1,844.37,11,2,4,1,4,5899,42,0,0,6,1,5,1,2900105,1000000
2024BG0006866,1,844.37,32,1,4,1,5,7691,54,9800,3,1,1,1,1,2900100,1000000
2024BG0006867,1,844.37,32,1,5,1,14,20095,143,5000,1,1,1,1,1,2900106,1000000
2024BG0006868,1,844.37,13,1,3,1,3,4850,34,0,0,6,1,5,1,2900102,1000000
2024BG0006869,1,844.37,11,1,5,1,7,11872,84,0,0,6,1,5,1,2900103,1000000
2024BG0006870,1,844.37,10,1,1,1,3,4456,31,0,0,6,2,5,1,2900101,1000000
2024BG0006871,1,844.37,13,2,5,1,8,5933,42,0,0,6,1,5,1,2900104,1000000
2024BG0006872,1,844.37,26,1,5,1,7,9914,70,6000,1,1,2,5,1,2900100,1000000
2024BG0006873,1,844.37,18,1,5,1,12,47468,339,3000,3,1,1,5,1,2900101,1000000
2024BG0006874,1,844.37,22,1,1,1,15,120305,501,4000,1,1,1,5,1,2900102,1000000
2024BG0006875,1,844.37,6,2,1,1,5,4131,29,0,0,6,1,5,1,2900100,1000000
2024BG0006876,1,844.37,64,1,3,1,11,25429,181,9000,1,1,1,2,1,2900102,1000000
2024BG0006877,1,844.37,24,2,6,1,15,44367,316,5000,1,1,1,5,2,2900103,1000000
2024BG0006878,1,844.37,33,1,1,1,16,125560,501,4000,1,1,1,1,1,2900105,1000000
2024BG0006879,1,844.37,3,1,8,1,4,18068,129,0,0,6,1,5,1,2900104,1000000
2024BG0006880,1,844.37,42,2,1,1,17,74776,501,5000,1,1,1,1,1,2900102,1000000
2024BG0006881,1,844.37,58,2,5,1,8,7357,52,6000,1,1,1,3,1,2900107,1000000
2024BG0006882,1,844.37,36,1,1,1,10,29513,210,5000,1,1,1,5,1,2900107,1000000
2024BG0006883,1,844.37,15,1,5,1,16,48112,343,0,0,6,1,5,1,2900106,1000000
2024BG0006884,1,844.37,54,2,1,1,6,16629,118,7000,1,1,1,1,1,2900106,1000000
2024BG0006885,1,844.37,55,2,1,1,13,26663,190,4000,1,1,1,5,1,2900106,1000000
2024BG0006886,1,844.37,7,2,4,1,4,4527,32,0,0,6,1,5,1,2900106,1000000
2024BG0006887,1,844.37,30,2,2,1,8,14547,103,5000,1,1,1,5,1,2900103,1000000
2024BG0006888,1,844.37,32,2,6,1,12,85984,501,5000,1,1,1,1,1,2900106,1000000
2024BG0006889,1,844.37,5,1,1,1,2,3072,21,0,0,6,1,5,1,2900101,1000000
2024BG0006890,1,844.37,11,1,4,1,7,9759,69,0,0,6,1,5,1,2900101,1000000
2024BG0006891,1,844.37,42,1,2,1,10,18465,131,1000,1,1,1,1,1,2900101,1000000
2024BG0006892,1,844.37,15,1,4,1,17,36835,263,0,0,6,1,5,1,2900100,1000000
2024BG0006893,1,844.37,31,2,2,1,12,20712,147,9800,6,2,1,5,1,2900107,1000000
2024BG0006894,1,844.37,42,2,2,1,13,83523,501,4000,2,1,1,1,1,2900100,1000000
2024BG0006895,1,844.37,0,1,6,1,4,2669,19,0,0,6,1,5,1,2900107,1000000
2024BG0006896,1,844.37,57,2,1,1,7,3964,28,9800,1,3,1,1,1,2900106,1000000
2024BG0006897,1,844.37,87,2,1,1,7,7943,56,0,0,6,1,1,1,2900106,1000000
2024BG0006898,1,844.37,31,2,1,1,11,9824,70,5000,6,1,1,1,1,2900107,1000000
2024BG0006899,1,844.37,11,2,1,1,4,5490,39,0,0,6,1,5,2,2900104,1000000
2024BG0006900,1,844.37,23,1,8,1,15,213175,501,6000,1,1,1,5,1,2900102,1000000
2024BG0006901,1,844.37,29,1,3,1,10,49688,354,9800,4,1,1,5,1,2900102,1000000
2024BG0006902,1,844.37,43,1,5,1,12,53887,384,6000,1,1,1,1,1,2900102,1000000
2024BG0006903,1,844.37,42,1,1,1,13,129305,501,1000,1,1,1,1,1,2900106,1000000
2024BG0006904,1,844.37,60,1,1,1,11,59841,427,3000,1,3,1,1,1,2900100,1000000
2024BG0006905,1,844.37,41,2,2,1,11,76453,501,5000,3,1,1,1,1,2900101,1000000
2024BG0006906,1,844.37,43,2,6,1,10,41313,295,9000,6,1,1,5,1,2900106,1000000
2024BG0006907,1,844.37,29,2,3,1,10,39333,280,5000,1,1,1,1,1,2900104,1000000
2024BG0006908,1,844.37,18,2,1,1,16,74839,501,5000,1,1,2,5,1,2900100,1000000
2024BG0006909,1,844.37,26,2,1,1,10,37082,264,8000,1,1,1,1,1,2900104,1000000
2024BG0006910,1,844.37,41,1,3,1,16,88916,501,1000,1,1,1,1,1,2900104,1000000
2024BG0006911,1,844.37,38,1,1,1,8,37476,267,6000,1,1,1,1,1,2900105,1000000
2024BG0006912,1,844.37,26,1,1,1,7,7049,50,9920,1,1,1,1,2,2900106,1000000
2024BG0006913,1,844.37,30,1,3,1,12,30110,215,6000,1,5,1,1,1,2900105,1000000
2024BG0006914,1,844.37,89,1,2,1,9,61525,439,0,0,6,1,3,2,2900105,1000000
2024BG0006915,1,844.37,20,2,6,1,15,28799,205,5000,3,1,1,5,1,2900106,1000000
2024BG0006916,1,844.37,45,2,4,1,17,83481,501,1000,1,1,1,1,1,2900102,1000000
2024BG0006917,1,844.37,38,2,6,1,16,82164,501,3000,1,1,1,1,1,2900105,1000000
2024BG0006918,1,844.37,13,1,1,1,4,25145,179,0,0,6,1,5,1,2900107,1000000
2024BG0006919,1,844.37,9,1,5,1,5,27593,197,0,0,6,1,5,1,2900102,1000000
2024BG0006920,1,844.37,37,1,4,1,15,130395,501,1000,1,1,1,1,1,2900101,1000000
2024BG0006921,1,844.37,27,1,1,1,15,178123,501,3000,1,1,1,1,1,2900107,1000000
2024BG0006922,1,844.37,32,2,5,1,14,88729,501,4000,1,1,1,1,1,2900105,1000000
2024BG0006923,1,844.37,1,1,1,1,3,2918,20,0,0,6,1,5,1,2900106,1000000
2024BG0006924,1,844.37,31,2,1,1,10,50591,361,4000,3,1,1,1,1,2900105,1000000
2024BG0006925,1,844.37,23,2,1,1,13,20562,146,4000,3,1,1,5,1,2900104,1000000
2024BG0006926,1,844.37,34,1,1,1,10,48911,349,9800,1,1,1,5,2,2900100,1000000
2024BG0006927,1,844.37,5,1,1,1,5,4274,30,0,0,6,1,5,1,2900100,1000000
2024BG0006928,1,844.37,32,2,1,1,15,217366,501,4000,1,1,1,1,1,2900106,1000000
2024BG0006929,1,844.37,37,1,2,1,13,79734,501,6000,4,1,1,5,1,2900106,1000000
2024BG0006930,1,844.37,70,1,5,1,7,8917,63,9920,1,1,1,1,1,2900103,1000000
2024BG0006931,1,844.37,4,2,4,1,2,9810,70,0,0,6,1,5,1,2900100,1000000
2024BG0006932,1,844.37,50,1,6,1,6,3407,24,9000,1,1,1,1,1,2900102,1000000
2024BG0006933,1,844.37,30,1,1,1,7,16321,116,9920,3,1,1,5,1,2900100,1000000
2024BG0006934,1,844.37,92,2,3,1,5,9791,69,0,0,6,1,1,1,2900105,1000000
2024BG0006935,1,844.37,29,1,1,1,13,32403,231,6000,1,1,1,1,1,2900106,1000000
2024BG0006936,1,844.37,20,2,1,1,14,10707,76,4000,1,1,1,5,1,2900104,1000000
2024BG0006937,1,844.37,14,1,5,1,2,6037,43,0,0,6,1,5,1,2900107,1000000
2024BG0006938,1,844.37,20,1,3,1,19,40187,287,4000,1,1,1,5,1,2900105,1000000
2024BG0006939,1,844.37,45,2,6,1,10,34547,246,8000,1,1,1,2,1,2900107,1000000
2024BG0006940,1,844.37,36,2,2,1,14,248042,501,8000,1,5,1,1,1,2900102,1000000
2024BG0006941,1,844.37,7,1,5,1,5,11509,82,0,0,6,1,5,1,2900103,1000000
2024BG0006942,1,844.37,19,2,1,1,16,122972,501,6000,1,1,1,1,1,2900101,1000000
2024BG0006943,1,844.37,21,2,1,1,16,46297,330,4000,3,1,1,5,1,2900100,1000000
2024BG0006944,1,844.37,56,1,1,1,8,17238,123,9800,1,1,1,5,1,2900100,1000000
2024BG0006945,1,844.37,24,1,2,1,11,42082,300,4000,1,1,1,5,1,2900105,1000000
2024BG0006946,1,844.37,16,1,1,1,14,18029,128,0,0,6,1,5,1,2900104,1000000
2024BG0006947,1,844.37,21,1,1,1,18,80742,501,5000,4,1,1,1,1,2900104,1000000
2024BG0006948,1,844.37,30,2,1,1,12,36671,261,5000,1,2,1,5,2,2900106,1000000
2024BG0006949,1,844.37,5,1,7,1,6,6064,43,0,0,6,1,5,1,2900104,1000000
2024BG0006950,1,844.37,32,1,6,1,10,53075,379,3000,1,1,1,5,1,2900105,1000000
2024BG0006951,1,844.37,25,2,1,1,10,11913,85,4000,1,5,1,5,1,2900105,1000000
2024BG0006952,1,844.37,5,2,9,1,9,14244,101,0,0,6,1,5,2,2900104,1000000
2024BG0006953,1,844.37,35,2,1,1,16,181341,501,5000,3,1,1,1,1,2900102,1000000
2024BG0006954,1,844.37,2,2,1,1,2,14038,100,0,0,6,1,5,1,2900101,1000000
2024BG0006955,1,844.37,20,2,1,1,16,24537,175,6000,1,1,1,5,1,2900103,1000000
2024BG0006956,1,844.37,24,2,2,1,13,52119,372,4000,1,1,1,5,1,2900102,1000000
2024BG0006957,1,844.37,50,2,1,1,8,17780,127,8000,1,1,1,1,1,2900107,1000000
2024BG0006958,1,844.37,41,2,5,1,11,14639,104,4000,1,1,1,5,1,2900105,1000000
2024BG0006959,1,844.37,20,2,3,1,12,11409,81,6000,3,1,1,1,1,2900100,1000000
2024BG0006960,1,844.37,33,1,5,1,18,86130,501,5000,3,1,1,5,1,2900106,1000000
2024BG0006961,1,844.37,92,1,5,1,10,9342,66,0,0,6,1,1,1,2900106,1000000
2024BG0006962,1,844.37,33,2,2,1,17,108945,501,6000,1,4,1,5,1,2900106,1000000
2024BG0006963,1,844.37,56,1,1,1,15,104132,501,4000,1,1,1,1,1,2900101,1000000
2024BG0006964,1,844.37,5,2,1,1,8,2966,21,0,0,6,1,5,1,2900103,1000000
2024BG0006965,1,844.37,24,1,2,1,14,19975,142,6000,4,1,1,5,1,2900106,1000000
2024BG0006966,1,844.37,4,1,3,1,4,3722,26,0,0,6,1,5,1,2900100,1000000
2024BG0006967,1,844.37,16,2,1,1,20,88720,501,0,0,6,1,5,1,2900102,1000000
2024BG0006968,1,844.37,50,2,2,1,8,19089,136,9000,1,1,1,1,1,2900101,1000000
2024BG0006969,1,844.37,30,2,2,1,15,301030,501,4000,1,1,1,1,1,2900101,1000000
2024BG0006970,1,844.37,56,2,1,1,5,10458,74,9920,1,1,1,4,1,2900105,1000000
2024BG0006971,1,844.37,31,2,1,1,15,106103,501,6000,3,1,1,5,1,2900103,1000000
2024BG0006972,1,844.37,53,1,2,1,14,30822,220,5000,1,2,1,2,1,2900103,1000000
2024BG0006973,1,844.37,42,1,5,1,15,60838,434,4000,1,1,1,1,2,2900103,1000000
2024BG0006974,1,844.37,19,2,1,1,14,10601,75,9800,6,4,1,5,1,2900105,1000000
2024BG0006975,1,844.37,36,2,1,1,12,20436,145,6000,1,3,1,1,1,2900102,1000000
2024BG0006976,1,844.37,58,1,1,1,9,57818,412,8000,6,5,1,5,1,2900103,1000000
2024BG0006977,1,844.37,17,1,2,1,13,19846,141,0,0,6,1,5,1,2900106,1000000
2024BG0006978,1,844.37,19,1,1,1,19,142252,501,4000,1,1,1,5,1,2900106,1000000
2024BG0006979,1,844.37,36,1,1,1,5,12779,91,5000,3,1,1,5,1,2900106,1000000
2024BG0006980,1,844.37,34,1,1,1,16,98549,501,6000,3,1,1,1,1,2900101,1000000
2024BG0006981,1,844.37,43,1,1,1,13,76040,501,6000,1,1,1,1,1,2900107,1000000
2024BG0006982,1,844.37,56,2,4,1,9,38163,272,6000,1,1,1,1,1,2900100,1000000
2024BG0006983,1,844.37,45,1,1,1,9,70558,501,9800,1,1,1,1,1,2900101,1000000
2024BG0006984,1,844.37,53,1,3,1,9,55650,397,6000,1,1,1,1,1,2900100,1000000
2024BG0006985,1,844.37,18,1,4,1,17,65583,468,4000,1,1,1,1,1,2900106,1000000
2024BG0006986,1,844.37,17,2,6,1,20,60249,430,0,0,6,1,5,1,2900103,1000000
2024BG0006987,1,844.37,51,1,1,1,11,45401,324,4000,3,1,1,1,1,2900104,1000000
2024BG0006988,1,844.37,31,1,2,1,18,63890,456,4000,3,1,1,1,1,2900106,1000000
2024BG0006989,1,844.37,1,1,1,1,3,11951,85,0,0,6,1,5,1,2900107,1000000
2024BG0006990,1,844.37,1,2,1,1,5,7042,50,0,0,6,1,5,2,2900106,1000000
2024BG0006991,1,844.37,40,1,5,1,15,198347,501,1000,1,1,1,1,1,2900106,1000000
2024BG0006992,1,844.37,52,2,6,1,15,129190,501,4000,1,5,1,1,1,2900103,1000000
2024BG0006993,1,844.37,46,2,1,1,10,80304,501,9800,3,1,1,1,1,2900102,1000000
2024BG0006994,1,844.37,56,2,5,1,7,34895,249,9920,3,1,1,2,1,2900102,1000000
2024BG0006995,1,844.37,42,2,5,1,12,97540,501,8000,1,1,1,1,2,2900104,1000000
2024BG0006996,1,844.37,48,2,3,1,8,10432,74,8000,1,1,1,1,1,2900105,1000000
2024BG0006997,1,844.37,40,2,6,1,11,143859,501,8000,6,1,1,1,1,2900107,1000000
2024BG0006998,1,844.37,43,2,1,1,5,25743,183,9800,1,1,1,1,1,2900100,1000000
2024BG0006999,1,844.37,34,2,6,1,17,54032,385,1000,1,1,1,1,1,2900102,1000000
2024BG0007000,1,844.37,11,1,6,1,5,8354,59,0,0,6,1,5,1,2900102,1000000
2024BG0007001,1,844.37,35,1,1,1,11,65223,465,4000,3,1,1,1,1,2900106,1000000
2024BG0007002,1,844.37,34,1,1,1,5,33713,240,5000,1,1,1,5,1,2900105,1000000
2024BG0007003,1,844.37,6,2,5,1,2,21315,152,0,0,6,1,5,1,2900102,1000000
2024BG0007004,1,844.37,16,1,1,1,10,21769,155,0,0,6,1,5,1,2900102,1000000
2024BG0007005,1,844.37,8,2,4,1,4,6832,48,0,0,6,1,5,1,2900104,1000000
2024BG0007006,1,844.37,19,2,1,1,14,11527,82,4000,1,1,1,5,1,2900100,1000000
2024BG0007007,1,844.37,23,2,1,1,14,16533,118,5000,4,1,1,5,1,2900101,1000000
2024BG0007008,1,844.37,20,2,3,1,15,45342,323,4000,1,1,1,5,1,2900101,1000000
2024BG0007009,1,844.37,56,2,6,1,8,8064,57,9800,3,1,1,1,1,2900106,1000000
2024BG0007010,1,844.37,34,1,7,1,14,79285,501,4000,1,1,1,5,1,2900104,1000000
2024BG0007011,1,844.37,8,1,4,1,3,7753,55,0,0,6,1,5,1,2900106,1000000
2024BG0007012,1,844.37,18,1,3,1,18,39031,278,6000,3,1,1,1,1,2900103,1000000
2024BG0007013,1,844.37,44,2,1,1,11,75165,501,5000,1,3,1,1,1,2900101,1000000
2024BG0007014,1,844.37,15,1,6,1,12,12406,88,0,0,6,1,5,1,2900105,1000000
2024BG0007015,1,844.37,39,2,1,1,18,111714,501,3000,1,1,1,1,1,2900101,1000000
2024BG0007016,1,844.37,15,1,5,1,16,121700,501,0,0,6,1,5,1,2900105,1000000
2024BG0007017,1,844.37,21,2,6,1,14,5495,39,4000,1,1,1,5,1,2900103,1000000
2024BG0007018,1,844.37,23,2,1,1,13,49912,356,7000,1,1,1,5,1,2900101,1000000
2024BG0007019,1,844.37,50,1,1,1,8,36009,257,9920,3,1,1,1,1,2900101,1000000
2024BG0007020,1,844.37,11,1,4,1,1,16370,116,0,0,6,1,5,1,2900103,1000000
2024BG0007021,1,844.37,57,2,3,1,9,49097,350,5000,1,1,1,1,1,2900106,1000000
2024BG0007022,1,844.37,26,1,3,1,13,24068,171,6000,3,1,1,5,1,2900106,1000000
2024BG0007023,1,844.37,45,2,1,1,10,82050,501,4000,1,1,1,1,1,2900103,1000000
2024BG0007024,1,844.37,12,2,2,1,4,18537,132,0,0,6,1,5,1,2900107,1000000
2024BG0007025,1,844.37,42,2,1,1,12,35180,251,9000,1,1,1,1,1,2900105,1000000
2024BG0007026,1,844.37,33,1,2,1,11,14641,104,7000,1,1,1,1,1,2900105,1000000
2024BG0007027,1,844.37,19,2,6,1,13,23280,166,3000,2,1,1,5,1,2900106,1000000
2024BG0007028,1,844.37,3,1,5,1,3,6244,44,0,0,6,1,5,1,2900107,1000000
2024BG0007029,1,844.37,8,1,5,1,7,2816,20,0,0,6,1,5,1,2900100,1000000
2024BG0007030,1,844.37,20,1,1,1,17,96893,501,3000,1,1,1,5,2,2900102,1000000
2024BG0007031,1,844.37,38,1,6,1,6,7253,51,7000,1,1,1,1,1,2900105,1000000
2024BG0007032,1,844.37,58,1,2,1,10,70249,501,6000,1,1,1,1,1,2900100,1000000
2024BG0007033,1,844.37,24,2,1,1,15,103441,501,4000,3,2,1,5,1,2900101,1000000
2024BG0007034,1,844.37,40,2,1,1,15,170370,501,5000,6,1,1,1,1,2900101,1000000
2024BG0007035,1,844.37,17,2,1,1,16,56164,401,0,0,6,1,5,1,2900102,1000000
2024BG0007036,1,844.37,31,1,2,1,15,155479,501,1000,1,1,1,5,1,2900101,1000000
2024BG0007037,1,844.37,2,2,1,1,6,8722,62,0,0,6,1,5,1,2900103,1000000
2024BG0007038,1,844.37,22,1,1,1,13,56742,405,6000,3,1,1,5,1,2900104,1000000
2024BG0007039,1,844.37,31,1,2,1,11,34302,245,4000,1,1,1,1,1,2900105,1000000
2024BG0007040,1,844.37,17,1,3,1,18,54110,386,0,0,6,1,5,1,2900106,1000000
2024BG0007041,1,844.37,19,1,1,1,13,23326,166,5000,1,1,1,5,1,2900100,1000000
2024BG0007042,1,844.37,55,2,2,1,15,240402,501,1000,2,1,1,1,1,2900101,1000000
2024BG0007043,1,844.37,9,1,5,1,7,6475,46,0,0,6,1,5,1,2900101,1000000
2024BG0007044,1,844.37,48,1,7,1,11,68137,486,6000,1,1,1,1,1,2900100,1000000
2024BG0007045,1,844.37,29,2,2,1,7,28017,200,9920,6,1,1,1,1,2900107,1000000
2024BG0007046,1,844.37,18,1,1,1,15,47527,339,5000,6,1,1,5,1,2900103,1000000
2024BG0007047,1,844.37,58,2,1,1,10,55347,395,6000,4,4,1,3,1,2900104,1000000
2024BG0007048,1,844.37,15,1,6,1,17,41747,298,0,0,6,1,5,1,2900104,1000000
2024BG0007049,1,844.37,27,1,2,1,9,56149,401,8000,4,1,1,1,1,2900105,1000000
2024BG0007050,1,844.37,46,2,2,1,13,33245,237,8000,3,1,1,1,1,2900103,1000000
2024BG0007051,1,844.37,40,1,2,1,12,130283,501,6000,1,1,1,1,1,2900105,1000000
2024BG0007052,1,844.37,8,2,1,1,4,8785,62,0,0,6,1,5,1,2900105,1000000
2024BG0007053,1,844.37,100,2,1,1,8,14905,106,0,0,6,1,1,1,2900102,1000000
2024BG0007054,1,844.37,21,2,2,1,11,28047,200,4000,3,1,1,5,1,2900104,1000000
2024BG0007055,1,844.37,19,2,1,1,14,29445,210,7000,1,1,1,5,1,2900102,1000000
2024BG0007056,1,844.37,9,1,2,1,5,6780,48,0,0,6,1,5,1,2900105,1000000
2024BG0007057,1,844.37,33,1,5,1,9,31697,226,6000,1,1,1,1,2,2900104,1000000
2024BG0007058,1,844.37,42,1,1,1,14,59638,425,1000,1,1,1,1,1,2900103,1000000
2024BG0007059,1,844.37,7,2,2,1,5,3382,24,0,0,6,1,5,1,2900101,1000000
2024BG0007060,1,844.37,58,2,1,1,8,17502,125,9000,1,1,1,1,1,2900100,1000000
2024BG0007061,1,844.37,41,2,1,1,13,78706,501,6000,1,4,1,1,1,2900101,1000000
2024BG0007062,1,844.37,21,2,2,1,18,20483,146,4000,1,1,1,5,1,2900104,1000000
2024BG0007063,1,844.37,32,1,1,1,12,46783,334,7000,1,1,1,1,1,2900107,1000000
2024BG0007064,1,844.37,5,1,1,1,3,3430,24,0,0,6,1,5,1,2900100,1000000
2024BG0007065,1,844.37,29,2,3,1,10,42632,304,8000,4,1,1,5,1,2900101,1000000
2024BG0007066,1,844.37,29,1,2,1,8,37549,268,5000,1,1,1,1,1,2900105,1000000
2024BG0007067,1,844.37,38,1,1,1,18,456303,501,4000,1,1,1,5,1,2900106,1000000
2024BG0007068,1,844.37,15,2,1,1,13,6181,44,0,0,6,1,5,1,2900104,1000000
2024BG0007069,1,844.37,54,1,7,1,17,138360,501,4000,1,5,1,1,1,2900106,1000000
2024BG0007070,1,844.37,42,1,4,1,7,19667,140,8000,4,1,1,1,1,2900102,1000000
2024BG0007071,1,844.37,8,1,5,1,3,3990,28,0,0,6,1,5,2,2900103,1000000
2024BG0007072,1,844.37,39,2,2,1,10,115071,501,4000,1,4,1,1,1,2900106,1000000
2024BG0007073,1,844.37,44,2,1,1,7,11814,84,7000,6,1,1,5,1,2900100,1000000
2024BG0007074,1,844.37,41,1,1,1,17,260360,501,4000,1,1,1,1,1,2900106,1000000
2024BG0007075,1,844.37,26,2,1,1,12,19468,139,5000,3,1,1,1,1,2900100,1000000
2024BG0007076,1,844.37,34,2,1,1,12,73149,501,9000,3,1,1,1,1,2900104,1000000
2024BG0007077,1,844.37,6,2,2,1,6,3783,27,0,0,6,1,5,1,2900106,1000000
2024BG0007078,1,844.37,8,2,1,1,3,5885,42,0,0,6,5,5,1,2900103,1000000
2024BG0007079,1,844.37,6,1,1,1,3,10998,78,0,0,6,1,5,1,2900103,1000000
2024BG0007080,1,844.37,21,2,3,1,16,115902,501,1000,1,1,1,1,1,2900107,1000000
2024BG0007081,1,844.37,50,2,2,1,17,256880,501,3000,1,1,1,1,1,2900106,1000000
2024BG0007082,1,844.37,30,1,3,1,7,22498,160,6000,1,5,1,5,1,2900107,1000000
2024BG0007083,1,844.37,32,2,1,1,6,5735,40,7000,1,4,1,1,1,2900107,1000000
2024BG0007084,1,844.37,5,1,4,1,5,8266,59,0,0,6,1,5,1,2900107,1000000
2024BG0007085,1,844.37,43,2,9,1,11,125827,501,4000,1,1,1,1,1,2900103,1000000
2024BG0007086,1,844.37,11,2,8,1,5,16073,114,0,0,6,1,5,1,2900100,1000000
2024BG0007087,1,844.37,21,2,1,1,17,23769,169,6000,1,1,1,5,1,2900105,1000000
2024BG0007088,1,844.37,43,2,3,1,8,16310,116,9000,1,1,1,5,1,2900101,1000000
2024BG0007089,1,844.37,0,1,6,1,4,5318,37,0,0,6,1,5,1,2900105,1000000
2024BG0007090,1,844.37,40,1,1,1,10,55126,393,7000,1,1,1,1,1,2900106,1000000
2024BG0007091,1,844.37,66,2,2,1,10,21805,155,1000,1,1,1,1,1,2900105,1000000
2024BG0007092,1,844.37,19,2,1,1,17,30730,219,2000,1,2,1,5,1,2900106,1000000
2024BG0007093,1,844.37,15,2,1,1,10,17220,123,0,0,6,1,5,1,2900102,1000000
2024BG0007094,1,844.37,5,2,2,1,6,2943,21,0,0,6,1,5,1,2900107,1000000
2024BG0007095,1,844.37,28,1,1,1,6,13888,99,9920,3,1,1,1,1,2900104,1000000
2024BG0007096,1,844.37,42,1,3,1,12,50979,364,4000,1,2,1,1,1,2900105,1000000
2024BG0007097,1,844.37,25,2,6,1,9,22423,160,5000,1,1,1,5,1,2900106,1000000
2024BG0007098,1,844.37,15,1,3,1,16,19936,142,0,0,6,1,5,1,2900107,1000000
2024BG0007099,1,844.37,36,1,1,1,11,52161,372,8000,1,1,1,1,1,2900100,1000000
2024BG0007100,1,844.37,34,2,4,1,6,7753,55,5000,1,1,1,1,1,2900101,1000000
2024BG0007101,1,844.37,27,2,2,1,7,9164,65,5000,1,1,1,1,1,2900105,1000000
2024BG0007102,1,844.37,54,1,1,1,13,16366,116,5000,6,1,1,5,1,2900106,1000000
2024BG0007103,1,844.37,15,2,3,1,12,24837,177,0,0,6,1,5,1,2900104,1000000
2024BG0007104,1,844.37,45,2,1,1,10,35162,251,6000,4,2,1,1,1,2900105,1000000
2024BG0007105,1,844.37,31,1,9,1,15,142477,501,5000,3,1,1,1,1,2900104,1000000
2024BG0007106,1,844.37,55,1,4,1,8,21691,154,8000,1,1,1,2,1,2900107,1000000
2024BG0007107,1,844.37,35,2,1,1,10,67926,485,6000,3,1,1,1,1,2900103,1000000
2024BG0007108,1,844.37,38,2,1,1,11,66288,473,9800,6,5,1,1,1,2900100,1000000
2024BG0007109,1,844.37,46,1,4,1,10,66932,478,6000,1,1,1,1,1,2900107,1000000
2024BG0007110,1,844.37,43,2,5,1,5,20940,149,9800,4,1,1,1,1,2900102,1000000
2024BG0007111,1,844.37,1,1,7,1,4,2266,16,0,0,6,1,5,2,2900103,1000000
2024BG0007112,1,844.37,15,1,6,1,17,45282,323,0,0,6,1,5,1,2900100,1000000
2024BG0007113,1,844.37,16,1,1,1,14,7051,50,0,0,6,1,5,1,2900104,1000000
2024BG0007114,1,844.37,6,2,1,1,3,7119,50,0,0,6,1,5,1,2900102,1000000
2024BG0007115,1,844.37,9,1,5,1,2,11601,82,0,0,6,1,5,1,2900100,1000000
2024BG0007116,1,844.37,37,2,3,1,15,174585,501,5000,3,1,1,1,1,2900107,1000000
2024BG0007117,1,844.37,42,2,6,1,10,32238,230,4000,1,1,1,1,1,2900100,1000000
2024BG0007118,1,844.37,41,2,1,1,6,23091,164,9920,4,1,1,1,1,2900102,1000000
2024BG0007119,1,844.37,22,2,2,1,18,55655,397,4000,3,1,1,5,1,2900101,1000000
2024BG0007120,1,844.37,20,1,3,1,14,8074,57,7000,1,1,1,5,2,2900101,1000000
2024BG0007121,1,844.37,37,2,3,1,17,200131,501,4000,1,1,1,1,1,2900101,1000000
2024BG0007122,1,844.37,0,1,2,1,7,3799,27,0,0,6,1,5,1,2900106,1000000
2024BG0007123,1,844.37,52,1,2,1,9,38356,273,4000,1,1,1,1,1,2900107,1000000
2024BG0007124,1,844.37,11,1,3,1,1,3265,23,0,0,6,1,5,1,2900105,1000000
2024BG0007125,1,844.37,35,2,1,1,10,89560,501,8000,1,1,1,1,1,2900106,1000000
2024BG0007126,1,844.37,21,1,6,1,19,91122,501,4000,1,1,1,5,1,2900102,1000000
2024BG0007127,1,844.37,44,1,6,1,11,122478,501,4000,1,1,1,1,1,2900101,1000000
2024BG0007128,1,844.37,1,2,1,1,7,7893,56,0,0,6,1,5,1,2900102,1000000
2024BG0007129,1,844.37,8,1,1,1,4,11294,80,0,0,6,1,5,1,2900105,1000000
2024BG0007130,1,844.37,29,1,1,1,12,22178,158,3000,1,1,1,1,1,2900101,1000000
2024BG0007131,1,844.37,10,1,1,1,1,15808,112,0,0,6,1,5,1,2900100,1000000
2024BG0007132,1,844.37,53,1,1,1,7,24935,178,9800,1,1,1,1,1,2900104,1000000
2024BG0007133,1,844.37,33,2,1,1,11,32506,232,4000,3,1,1,5,1,2900102,1000000
2024BG0007134,1,844.37,23,1,1,1,17,44037,314,4000,1,1,1,5,1,2900106,1000000
2024BG0007135,1,844.37,17,1,1,1,14,15937,113,0,0,6,1,5,1,2900100,1000000
2024BG0007136,1,844.37,26,2,6,1,11,16982,121,6000,1,1,1,1,1,2900107,1000000
2024BG0007137,1,844.37,21,1,1,1,16,41543,296,4000,1,1,1,1,1,2900103,1000000
2024BG0007138,1,844.37,57,2,1,1,14,32978,235,6000,1,1,1,2,1,2900101,1000000
2024BG0007139,1,844.37,39,1,5,1,9,88166,501,5000,1,1,1,1,1,2900103,1000000
2024BG0007140,1,844.37,24,2,1,1,12,36495,260,6000,3,1,1,5,1,2900103,1000000
2024BG0007141,1,844.37,99,1,1,1,10,10173,72,0,0,6,1,1,1,2900107,1000000
2024BG0007142,1,844.37,20,2,1,1,17,40461,289,6000,4,2,1,1,1,2900104,1000000
2024BG0007143,1,844.37,26,2,6,1,9,70375,501,9000,1,3,1,1,1,2900104,1000000
2024BG0007144,1,844.37,22,1,1,1,15,129185,501,6000,3,1,1,1,1,2900101,1000000
2024BG0007145,1,844.37,40,1,1,1,11,19050,136,9000,3,1,1,1,1,2900101,1000000
2024BG0007146,1,844.37,24,2,1,1,12,80353,501,9000,1,1,1,5,2,2900104,1000000
2024BG0007147,1,844.37,18,1,1,1,19,47481,339,2000,1,1,1,5,1,2900101,1000000
2024BG0007148,1,844.37,18,1,1,1,17,23013,164,4000,3,1,1,5,1,2900105,1000000
2024BG0007149,1,844.37,25,2,2,1,13,18469,131,6000,3,1,1,5,1,2900106,1000000
2024BG0007150,1,844.37,17,1,6,1,14,26708,190,0,0,6,1,5,1,2900106,1000000
2024BG0007151,1,844.37,31,2,2,1,8,11831,84,5000,3,1,1,1,1,2900101,1000000
2024BG0007152,1,844.37,18,2,2,1,18,22020,157,5000,1,1,1,5,1,2900105,1000000
2024BG0007153,1,844.37,42,2,1,1,14,52452,374,4000,2,1,1,1,1,2900105,1000000
2024BG0007154,1,844.37,16,2,1,1,18,44951,321,0,0,6,1,5,1,2900106,1000000
2024BG0007155,1,844.37,6,2,2,1,6,15639,111,0,0,6,1,5,1,2900106,1000000
2024BG0007156,1,844.37,12,2,2,1,4,7464,53,0,0,6,1,5,1,2900104,1000000
2024BG0007157,1,844.37,9,2,3,1,3,5266,37,0,0,6,1,5,1,2900106,1000000
2024BG0007158,1,844.37,17,2,4,1,15,35059,250,0,0,6,1,5,1,2900102,1000000
2024BG0007159,1,844.37,27,2,2,1,16,66706,476,5000,1,1,1,5,1,2900106,1000000
2024BG0007160,1,844.37,80,1,8,1,8,12168,86,0,0,6,1,1,1,2900102,1000000
2024BG0007161,1,844.37,1,1,4,1,5,8543,61,0,0,6,1,5,1,2900106,1000000
2024BG0007162,1,844.37,21,1,9,1,17,40300,287,4000,2,1,1,1,1,2900105,1000000
2024BG0007163,1,844.37,15,1,2,1,14,12063,86,0,0,6,1,5,1,2900102,1000000
2024BG0007164,1,844.37,36,2,2,1,13,37433,267,9800,4,1,1,1,1,2900101,1000000
2024BG0007165,1,844.37,10,2,1,1,6,4826,34,0,0,6,1,5,1,2900100,1000000
2024BG0007166,1,844.37,3,2,3,1,5,8888,63,0,0,6,1,5,1,2900106,1000000
2024BG0007167,1,844.37,63,2,1,1,9,23350,166,5000,4,1,1,1,1,2900107,1000000
2024BG0007168,1,844.37,23,2,6,1,20,140786,501,4000,1,1,1,5,1,2900102,1000000
2024BG0007169,1,844.37,21,1,5,1,17,29970,214,4000,3,1,1,5,1,2900101,1000000
2024BG0007170,1,844.37,8,2,1,1,1,2688,19,0,0,6,1,5,1,2900104,1000000
2024BG0007171,1,844.37,15,1,1,1,19,159051,501,0,0,6,1,5,1,2900107,1000000
2024BG0007172,1,844.37,33,1,1,1,11,95315,501,1000,2,1,1,1,1,2900104,1000000
2024BG0007173,1,844.37,27,2,4,1,8,6566,46,7000,1,1,1,1,1,2900100,1000000
2024BG0007174,1,844.37,18,2,3,1,17,68871,491,6000,1,1,1,5,1,2900107,1000000
2024BG0007175,1,844.37,9,2,3,1,8,4299,30,0,0,6,1,5,1,2900104,1000000
2024BG0007176,1,844.37,5,2,1,1,6,6667,47,0,0,6,1,5,1,2900106,1000000
2024BG0007177,1,844.37,12,1,6,1,3,4347,31,0,0,6,1,5,1,2900106,1000000
2024BG0007178,1,844.37,25,1,4,1,11,52038,371,4000,2,1,1,1,1,2900105,1000000
2024BG0007179,1,844.37,23,1,3,1,12,29303,209,6000,3,5,1,5,1,2900106,1000000
2024BG0007180,1,844.37,11,1,1,1,6,11265,80,0,0,6,1,5,1,2900105,1000000
2024BG0007181,1,844.37,18,2,1,1,16,27219,194,4000,1,1,1,5,1,2900100,1000000
2024BG0007182,1,844.37,19,1,1,1,18,78793,501,1000,1,1,1,5,1,2900102,1000000
2024BG0007183,1,844.37,26,2,4,1,15,75821,501,4000,1,4,1,1,1,2900103,1000000
2024BG0007184,1,844.37,44,2,2,1,15,217009,501,6000,1,1,1,5,1,2900100,1000000
2024BG0007185,1,844.37,29,2,1,1,11,25783,184,7000,1,1,1,1,1,2900101,1000000
2024BG0007186,1,844.37,23,1,1,1,17,59352,423,6000,1,1,1,5,1,2900104,1000000
2024BG0007187,1,844.37,33,2,2,1,17,114669,501,4000,1,1,1,5,1,2900102,1000000
2024BG0007188,1,844.37,5,1,2,1,2,3475,24,0,0,6,1,5,1,2900107,1000000
2024BG0007189,1,844.37,26,2,1,1,10,18491,132,4000,1,1,1,1,1,2900104,1000000
2024BG0007190,1,844.37,40,2,1,1,10,54992,392,6000,3,1,1,5,1,2900105,1000000
2024BG0007191,1,844.37,14,1,2,1,7,12747,91,0,0,6,1,5,2,2900107,1000000
2024BG0007192,1,844.37,10,2,6,1,1,17095,122,0,0,6,1,5,1,2900100,1000000
2024BG0007193,1,844.37,38,2,6,1,16,107170,501,4000,2,1,1,1,1,2900102,1000000
2024BG0007194,1,844.37,17,2,6,1,16,38104,272,0,0,6,1,5,1,2900102,1000000
2024BG0007195,1,844.37,20,2,2,1,13,10676,76,5000,1,1,1,1,1,2900106,1000000
2024BG0007196,1,844.37,16,1,6,1,18,26770,191,0,0,6,1,5,1,2900104,1000000
2024BG0007197,1,844.37,24,1,1,1,18,53280,380,3000,1,1,1,1,1,2900100,1000000
2024BG0007198,1,844.37,39,2,6,1,19,145375,501,3000,3,1,1,1,1,2900107,1000000
2024BG0007199,1,844.37,26,1,7,1,16,29352,209,1000,1,1,1,1,1,2900103,1000000
2024BG0007200,1,844.37,16,1,6,1,11,6320,45,0,0,6,1,5,1,2900102,1000000
2024BG0007201,1,844.37,74,2,1,1,9,90547,501,0,0,6,1,1,1,2900106,1000000
2024BG0007202,1,844.37,4,1,3,1,8,15004,107,0,0,6,1,5,1,2900103,1000000
2024BG0007203,1,844.37,82,1,6,1,7,9148,65,0,0,6,1,1,1,2900104,1000000
2024BG0007204,1,844.37,29,1,2,1,6,4572,32,6000,3,1,1,1,1,2900101,1000000
2024BG0007205,1,844.37,26,1,2,1,16,93742,501,1000,1,1,1,5,1,2900102,1000000
2024BG0007206,1,844.37,43,1,2,1,9,44250,316,4000,1,1,1,1,1,2900104,1000000
2024BG0007207,1,844.37,44,1,1,1,8,20652,147,9920,1,1,1,1,1,2900105,1000000
2024BG0007208,1,844.37,24,1,4,1,15,85456,501,6000,3,1,1,1,1,2900102,1000000
2024BG0007209,1,844.37,36,2,1,1,10,50594,361,2000,1,1,1,1,1,2900106,1000000
2024BG0007210,1,844.37,45,1,3,1,8,21107,150,9920,4,1,1,1,1,2900105,1000000
2024BG0007211,1,844.37,11,2,6,1,7,6552,46,0,0,6,1,5,1,2900103,1000000
2024BG0007212,1,844.37,23,1,5,1,14,80062,501,1000,1,1,1,5,1,2900104,1000000
2024BG0007213,1,844.37,52,2,1,1,10,20416,145,6000,1,1,1,2,1,2900101,1000000
2024BG0007214,1,844.37,19,2,3,1,19,204596,501,3000,1,1,1,1,1,2900104,1000000
2024BG0007215,1,844.37,50,2,5,1,14,55182,394,9000,4,1,1,1,1,2900101,1000000
2024BG0007216,1,844.37,20,2,1,1,15,44457,317,4000,1,1,1,1,1,2900100,1000000
2024BG0007217,1,844.37,6,1,2,1,4,3845,27,0,0,6,1,5,1,2900100,1000000
2024BG0007218,1,844.37,53,2,2,1,12,56425,403,6000,1,1,1,1,1,2900101,1000000
2024BG0007219,1,844.37,33,1,1,1,12,40315,287,9000,1,1,1,1,1,2900103,1000000
2024BG0007220,1,844.37,28,2,4,1,14,17714,126,6000,1,1,1,5,1,2900107,1000000
2024BG0007221,1,844.37,57,2,2,1,11,53985,385,3000,3,1,1,2,1,2900105,1000000
2024BG0007222,1,844.37,4,1,8,1,6,12924,92,0,0,6,1,5,1,2900106,1000000
2024BG0007223,1,844.37,27,2,5,1,11,65633,468,7000,1,2,1,5,1,2900107,1000000
2024BG0007224,1,844.37,26,1,1,1,11,39427,281,9000,1,1,1,1,1,2900100,1000000
2024BG0007225,1,844.37,24,1,5,1,20,228435,501,4000,1,5,1,1,1,2900107,1000000
2024BG0007226,1,844.37,56,1,6,1,13,44771,319,5000,3,1,1,1,1,2900105,1000000
2024BG0007227,1,844.37,25,2,3,1,16,182420,501,6000,6,1,1,1,1,2900100,1000000
2024BG0007228,1,844.37,55,1,1,1,9,80315,501,4000,1,1,1,1,1,2900104,1000000
2024BG0007229,1,844.37,20,2,4,1,18,45034,321,4000,1,1,1,5,1,2900106,1000000
2024BG0007230,1,844.37,18,1,2,1,12,19347,138,3000,1,1,1,5,1,2900101,1000000
2024BG0007231,1,844.37,51,2,2,1,13,47060,336,7000,4,1,1,1,2,2900102,1000000
2024BG0007232,1,844.37,37,1,1,1,14,35345,252,3000,2,1,1,1,1,2900104,1000000
2024BG0007233,1,844.37,30,2,1,1,15,66591,475,4000,2,1,1,1,1,2900102,1000000
2024BG0007234,1,844.37,42,1,1,1,9,23704,169,3000,1,1,1,1,1,2900101,1000000
2024BG0007235,1,844.37,18,2,3,1,15,18942,135,6000,1,3,1,5,1,2900103,1000000
2024BG0007236,1,844.37,55,2,2,1,9,183883,501,9000,3,1,1,2,2,2900106,1000000
2024BG0007237,1,844.37,18,1,1,1,17,22944,163,3000,3,5,1,5,1,2900107,1000000
2024BG0007238,1,844.37,15,1,1,1,13,4397,31,0,0,6,1,5,1,2900100,1000000
2024BG0007239,1,844.37,16,2,9,1,15,50988,364,0,0,6,1,5,1,2900102,1000000
2024BG0007240,1,844.37,99,1,1,1,5,7105,50,0,0,6,1,3,1,2900100,1000000
2024BG0007241,1,844.37,15,2,1,1,15,38330,273,0,0,6,1,5,1,2900107,1000000
2024BG0007242,1,844.37,58,2,5,1,13,34287,244,9800,6,1,1,1,1,2900102,1000000
2024BG0007243,1,844.37,34,1,5,1,7,36630,261,8000,1,1,1,1,2,2900105,1000000
2024BG0007244,1,844.37,25,1,2,1,14,80186,501,6000,1,1,1,5,1,2900103,1000000
2024BG0007245,1,844.37,59,1,6,1,14,90630,501,9800,4,1,1,5,1,2900106,1000000
2024BG0007246,1,844.37,34,1,5,1,7,3885,27,9800,1,1,1,5,1,2900102,1000000
2024BG0007247,1,844.37,18,1,6,1,13,23335,166,4000,1,2,1,1,1,2900102,1000000
2024BG0007248,1,844.37,90,2,1,1,11,43830,313,0,0,6,2,2,2,2900102,1000000
2024BG0007249,1,844.37,0,1,5,1,8,1801,12,0,0,6,1,5,1,2900107,1000000
2024BG0007250,1,844.37,53,2,5,1,8,26586,189,7000,1,1,1,2,1,2900102,1000000
2024BG0007251,1,844.37,18,2,6,1,19,65114,465,3000,1,1,1,5,1,2900103,1000000
2024BG0007252,1,844.37,33,1,1,1,14,45974,328,8000,3,1,1,5,1,2900107,1000000
2024BG0007253,1,844.37,17,2,1,1,16,41859,298,0,0,6,1,5,1,2900105,1000000
2024BG0007254,1,844.37,51,2,2,1,7,27835,198,9920,6,1,5,1,1,2900101,1000000
2024BG0007255,1,844.37,23,1,7,1,13,20014,142,6000,4,1,1,5,1,2900107,1000000
2024BG0007256,1,844.37,59,1,1,1,18,201446,501,2000,3,2,1,2,1,2900106,1000000
2024BG0007257,1,844.37,25,1,1,1,17,86820,501,3000,1,1,1,1,1,2900107,1000000
2024BG0007258,1,844.37,25,1,1,1,8,14597,104,5000,1,2,1,1,1,2900105,1000000
2024BG0007259,1,844.37,38,1,3,1,14,29760,212,6000,4,1,1,1,1,2900101,1000000
2024BG0007260,1,844.37,33,1,1,1,11,27865,199,1000,1,3,1,5,1,2900104,1000000
2024BG0007261,1,844.37,20,2,1,1,19,42441,303,4000,3,1,1,5,1,2900103,1000000
2024BG0007262,1,844.37,39,2,7,1,11,40757,291,3000,1,1,1,1,1,2900102,1000000
2024BG0007263,1,844.37,15,2,1,1,18,86252,501,0,0,6,1,5,1,2900106,1000000
2024BG0007264,1,844.37,47,1,5,1,10,26856,191,5000,4,1,1,1,2,2900100,1000000
2024BG0007265,1,844.37,26,1,1,1,13,38912,277,2000,1,1,1,5,1,2900104,1000000
2024BG0007266,1,844.37,21,2,3,1,17,52501,375,6000,1,1,1,5,1,2900106,1000000
2024BG0007267,1,844.37,8,1,1,1,6,8553,61,0,0,6,1,5,1,2900100,1000000
2024BG0007268,1,844.37,34,2,2,1,11,32806,234,7000,1,1,1,5,1,2900103,1000000
2024BG0007269,1,844.37,0,2,3,1,3,6769,48,0,0,6,1,5,1,2900101,1000000
2024BG0007270,1,844.37,9,2,6,1,7,2678,19,0,0,6,1,5,2,2900106,1000000
2024BG0007271,1,844.37,41,1,5,1,11,105137,501,9800,4,1,1,1,1,2900101,1000000
2024BG0007272,1,844.37,57,2,2,1,9,35551,253,8000,1,1,1,2,1,2900102,1000000
2024BG0007273,1,844.37,35,1,2,1,7,27759,198,6000,1,1,1,1,1,2900105,1000000
2024BG0007274,1,844.37,33,1,1,1,14,52073,371,2000,1,1,1,1,1,2900106,1000000
2024BG0007275,1,844.37,42,1,1,1,12,13473,96,7000,1,1,1,2,1,2900106,1000000
2024BG0007276,1,844.37,21,2,3,1,15,45816,327,6000,3,1,1,5,1,2900101,1000000
2024BG0007277,1,844.37,19,2,2,1,13,11048,78,5000,3,1,1,5,1,2900101,1000000
2024BG0007278,1,844.37,19,1,1,1,12,20303,145,5000,1,1,1,5,1,2900100,1000000
2024BG0007279,1,844.37,27,1,6,1,15,99347,501,5000,1,1,1,1,1,2900101,1000000
2024BG0007280,1,844.37,93,2,6,1,6,15118,107,0,0,6,1,1,1,2900101,1000000
2024BG0007281,1,844.37,22,1,1,1,18,109046,501,5000,1,1,1,5,1,2900105,1000000
2024BG0007282,1,844.37,26,1,1,1,14,31124,222,8000,4,1,1,1,1,2900102,1000000
2024BG0007283,1,844.37,14,1,1,1,6,14509,103,0,0,6,1,5,1,2900100,1000000
2024BG0007284,1,844.37,25,1,1,1,7,8413,60,9800,3,1,1,1,1,2900100,1000000
2024BG0007285,1,844.37,24,1,1,1,17,55612,397,6000,4,1,1,5,1,2900101,1000000
2024BG0007286,1,844.37,14,1,2,1,5,18952,135,0,0,6,1,5,1,2900104,1000000
2024BG0007287,1,844.37,25,1,1,1,12,13798,98,8000,4,1,1,5,1,2900105,1000000
2024BG0007288,1,844.37,33,2,3,1,14,24609,175,6000,3,1,1,1,1,2900107,1000000
2024BG0007289,1,844.37,4,2,3,1,5,11996,85,0,0,6,1,5,1,2900106,1000000
2024BG0007290,1,844.37,58,2,1,1,7,17820,127,9000,3,1,1,1,1,2900104,1000000
2024BG0007291,1,844.37,40,1,1,1,18,196932,501,5000,6,1,1,1,1,2900106,1000000
2024BG0007292,1,844.37,28,2,7,1,6,34648,247,9920,1,1,1,5,1,2900103,1000000
2024BG0007293,1,844.37,32,2,6,1,11,35646,254,6000,1,4,1,1,1,2900103,1000000
2024BG0007294,1,844.37,24,1,3,1,19,134818,501,3000,2,1,1,5,1,2900104,1000000
2024BG0007295,1,844.37,17,1,4,1,16,26768,191,0,0,6,1,5,1,2900101,1000000
2024BG0007296,1,844.37,8,2,3,1,8,3479,24,0,0,6,1,5,1,2900106,1000000
2024BG0007297,1,844.37,24,1,1,1,10,30262,216,6000,1,1,1,5,1,2900103,1000000
2024BG0007298,1,844.37,55,2,5,1,8,11371,81,9800,1,1,1,5,1,2900103,1000000
2024BG0007299,1,844.37,0,1,1,1,7,10270,73,0,0,6,1,5,1,2900105,1000000
2024BG0007300,1,844.37,26,1,1,1,12,15395,109,4000,3,1,1,1,1,2900104,1000000
2024BG0007301,1,844.37,18,1,3,1,17,76580,501,5000,1,1,1,5,1,2900102,1000000
2024BG0007302,1,844.37,40,2,1,1,5,7579,54,8000,4,1,1,5,1,2900105,1000000
2024BG0007303,1,844.37,32,1,4,1,14,47663,340,4000,1,1,1,1,1,2900104,1000000
2024BG0007304,1,844.37,32,1,5,1,8,6306,45,5000,4,1,1,1,1,2900107,1000000
2024BG0007305,1,844.37,36,1,2,1,9,65580,468,1000,1,1,1,1,1,2900106,1000000
2024BG0007306,1,844.37,5,2,2,1,6,29875,213,0,0,6,1,5,1,2900103,1000000
2024BG0007307,1,844.37,31,2,1,1,12,63184,451,9800,1,1,1,5,1,2900107,1000000
2024BG0007308,1,844.37,0,1,3,1,4,1944,13,0,0,6,1,5,1,2900101,1000000
2024BG0007309,1,844.37,33,2,3,1,9,176683,501,1000,1,1,1,1,1,2900104,1000000
2024BG0007310,1,844.37,40,1,1,1,15,117282,501,6000,1,1,1,5,1,2900106,1000000
2024BG0007311,1,844.37,44,2,1,1,10,78338,501,9000,1,1,1,1,1,2900101,1000000
2024BG0007312,1,844.37,18,1,3,1,13,48800,348,4000,1,1,1,1,1,2900100,1000000
2024BG0007313,1,844.37,8,1,7,1,3,6366,45,0,0,6,1,5,1,2900104,1000000
2024BG0007314,1,844.37,41,2,4,1,19,241956,501,4000,1,2,1,1,1,2900102,1000000
2024BG0007315,1,844.37,54,2,4,1,9,38800,277,4000,1,4,1,1,1,2900100,1000000
2024BG0007316,1,844.37,94,1,5,1,7,5761,41,0,0,6,1,1,1,2900105,1000000
2024BG0007317,1,844.37,13,1,7,1,4,6916,49,0,0,6,1,5,1,2900101,1000000
2024BG0007318,1,844.37,22,1,1,1,14,11821,84,6000,1,1,1,5,1,2900102,1000000
2024BG0007319,1,844.37,35,1,3,1,12,21327,152,2000,1,1,1,1,1,2900102,1000000
2024BG0007320,1,844.37,39,1,3,1,16,41076,293,2000,3,5,1,1,1,2900105,1000000
2024BG0007321,1,844.37,49,1,1,1,11,45277,323,5000,1,1,1,1,1,2900105,1000000
2024BG0007322,1,844.37,38,2,1,1,8,37493,267,6000,1,1,1,1,1,2900107,1000000
2024BG0007323,1,844.37,48,1,1,1,5,16068,114,5000,3,1,1,1,1,2900106,1000000
2024BG0007324,1,844.37,16,1,1,1,19,85562,501,0,0,6,1,5,1,2900104,1000000
2024BG0007325,1,844.37,31,1,1,1,10,14239,101,9000,6,1,1,1,1,2900102,1000000
2024BG0007326,1,844.37,7,2,2,1,5,8186,58,0,0,6,1,5,1,2900100,1000000
2024BG0007327,1,844.37,21,1,2,1,18,71914,501,6000,3,1,1,5,2,2900106,1000000
2024BG0007328,1,844.37,28,2,1,1,5,16841,120,6000,4,1,1,5,1,2900105,1000000
2024BG0007329,1,844.37,38,1,4,1,12,27957,199,6000,3,1,1,1,1,2900101,1000000
2024BG0007330,1,844.37,5,1,5,1,7,3423,24,0,0,6,1,5,1,2900106,1000000
2024BG0007331,1,844.37,55,1,3,1,5,7059,50,7000,3,1,1,1,1,2900107,1000000
2024BG0007332,1,844.37,37,2,5,1,10,34227,244,9800,4,1,1,5,1,2900107,1000000
2024BG0007333,1,844.37,22,1,5,1,16,129409,501,6000,1,1,1,1,1,2900103,1000000
2024BG0007334,1,844.37,30,1,1,1,11,60777,434,4000,3,1,1,1,1,2900105,1000000
2024BG0007335,1,844.37,24,1,3,1,14,91608,501,5000,1,1,1,1,1,2900106,1000000
2024BG0007336,1,844.37,11,2,2,1,3,1773,12,0,0,6,1,5,1,2900100,1000000
2024BG0007337,1,844.37,42,1,1,1,15,96058,501,6000,1,1,1,1,1,2900104,1000000
2024BG0007338,1,844.37,16,2,1,1,19,113318,501,0,0,6,1,5,1,2900100,1000000
2024BG0007339,1,844.37,27,1,4,1,11,12164,86,6000,4,1,1,5,1,2900102,1000000
2024BG0007340,1,844.37,18,2,7,1,14,15363,109,6000,1,1,1,1,1,2900106,1000000
2024BG0007341,1,844.37,57,1,1,1,13,55000,392,5000,1,1,1,2,1,2900100,1000000
2024BG0007342,1,844.37,53,1,1,1,17,111623,501,5000,4,1,1,1,1,2900105,1000000
2024BG0007343,1,844.37,37,2,1,1,15,55926,399,4000,1,1,1,1,1,2900100,1000000
2024BG0007344,1,844.37,10,2,1,1,8,6158,43,0,0,6,1,5,1,2900103,1000000
2024BG0007345,1,844.37,59,1,6,1,9,34030,243,4000,1,1,1,1,1,2900107,1000000
2024BG0007346,1,844.37,7,2,1,1,7,3586,25,0,0,6,1,5,1,2900101,1000000
2024BG0007347,1,844.37,21,1,6,1,12,14087,100,2000,3,1,1,1,1,2900107,1000000
2024BG0007348,1,844.37,23,1,9,1,16,105841,501,6000,4,1,1,5,1,2900106,1000000
2024BG0007349,1,844.37,31,1,5,1,11,149367,501,5000,3,1,1,1,1,2900106,1000000
2024BG0007350,1,844.37,94,2,6,1,9,18480,132,0,0,6,1,5,1,2900104,1000000
2024BG0007351,1,844.37,53,2,5,1,8,9253,66,9000,1,1,1,2,1,2900102,1000000
2024BG0007352,1,844.37,29,1,1,1,19,112552,501,3000,1,4,1,5,1,2900107,1000000
2024BG0007353,1,844.37,29,2,5,1,7,14705,105,7000,3,1,1,1,1,2900102,1000000
2024BG0007354,1,844.37,59,1,1,1,9,151706,501,1000,1,1,1,4,1,2900105,1000000
2024BG0007355,1,844.37,11,1,1,1,2,2220,15,0,0,6,1,5,1,2900101,1000000
2024BG0007356,1,844.37,15,2,5,1,19,44832,320,0,0,6,1,5,1,2900104,1000000
2024BG0007357,1,844.37,25,1,3,1,13,52876,377,6000,1,1,1,1,1,2900107,1000000
2024BG0007358,1,844.37,24,1,8,1,17,109758,501,6000,1,2,1,5,1,2900101,1000000
2024BG0007359,1,844.37,13,2,2,1,2,1952,13,0,0,6,1,5,1,2900107,1000000
2024BG0007360,1,844.37,22,1,1,1,17,107578,501,6000,4,1,1,5,1,2900100,1000000
2024BG0007361,1,844.37,40,1,1,1,10,40862,291,1000,3,1,1,1,1,2900107,1000000
2024BG0007362,1,844.37,11,1,1,1,4,17982,128,0,0,6,1,5,1,2900101,1000000
2024BG0007363,1,844.37,31,2,6,1,11,69875,499,7000,3,1,1,1,1,2900100,1000000
2024BG0007364,1,844.37,16,1,3,1,16,79331,501,0,0,6,1,5,1,2900106,1000000
2024BG0007365,1,844.37,25,1,5,1,14,20141,143,5000,3,1,1,1,1,2900107,1000000
2024BG0007366,1,844.37,58,2,3,1,15,233224,501,4000,1,1,1,1,1,2900102,1000000
2024BG0007367,1,844.37,90,1,7,1,10,23891,170,0,0,6,1,1,1,2900101,1000000
2024BG0007368,1,844.37,36,2,1,1,6,28114,200,9920,4,1,1,1,1,2900103,1000000
2024BG0007369,1,844.37,20,1,2,1,17,27695,197,2000,1,1,1,5,1,2900104,1000000
2024BG0007370,1,844.37,14,1,6,1,6,15971,114,0,0,6,1,5,1,2900106,1000000
2024BG0007371,1,844.37,8,1,5,1,9,11064,79,0,0,6,1,5,1,2900107,1000000
2024BG0007372,1,844.37,59,2,1,1,9,38628,275,9000,4,2,1,1,1,2900103,1000000
2024BG0007373,1,844.37,42,1,2,1,14,60831,434,8000,1,3,1,1,1,2900107,1000000
2024BG0007374,1,844.37,18,1,1,1,17,23782,169,6000,1,1,1,5,1,2900102,1000000
2024BG0007375,1,844.37,26,2,5,1,11,25553,182,3000,1,5,1,5,1,2900104,1000000
2024BG0007376,1,844.37,28,2,1,1,12,40392,288,5000,4,1,1,1,1,2900105,1000000
2024BG0007377,1,844.37,43,1,4,1,7,2751,19,6000,1,2,1,1,1,2900104,1000000
2024BG0007378,1,844.37,36,2,2,1,14,35348,252,7000,4,1,1,1,1,2900104,1000000
2024BG0007379,1,844.37,11,2,1,1,3,5547,39,0,0,6,2,5,1,2900100,1000000
2024BG0007380,1,844.37,24,1,3,1,16,82175,501,5000,1,1,1,5,1,2900101,1000000
2024BG0007381,1,844.37,1,2,3,1,3,4140,29,0,0,6,1,5,1,2900105,1000000
2024BG0007382,1,844.37,8,1,5,1,4,2657,18,0,0,6,1,5,1,2900107,1000000
2024BG0007383,1,844.37,11,1,1,1,1,6551,46,0,0,6,1,5,1,2900105,1000000
2024BG0007384,1,844.37,21,2,1,1,17,34190,244,5000,3,1,1,5,1,2900101,1000000
2024BG0007385,1,844.37,34,2,3,1,13,38626,275,6000,1,1,1,1,1,2900105,1000000
2024BG0007386,1,844.37,25,2,4,1,11,76693,501,6000,4,5,1,1,1,2900101,1000000
2024BG0007387,1,844.37,36,2,3,1,8,18007,128,6000,1,1,1,1,1,2900101,1000000
2024BG0007388,1,844.37,39,2,1,1,14,28320,202,1000,1,4,1,1,1,2900102,1000000
2024BG0007389,1,844.37,32,2,5,1,15,45889,327,4000,1,2,1,1,1,2900106,1000000
2024BG0007390,1,844.37,1,1,1,1,2,13313,95,0,0,6,1,5,1,2900102,1000000
2024BG0007391,1,844.37,38,1,7,1,14,46710,333,4000,1,1,1,1,1,2900105,1000000
2024BG0007392,1,844.37,25,1,6,1,13,26315,187,5000,1,1,1,5,1,2900100,1000000
2024BG0007393,1,844.37,25,1,4,1,12,59246,423,4000,1,3,1,1,1,2900106,1000000
2024BG0007394,1,844.37,20,1,7,1,13,11504,82,6000,1,1,1,5,1,2900107,1000000
2024BG0007395,1,844.37,24,2,1,1,14,49059,350,6000,1,2,1,5,1,2900100,1000000
2024BG0007396,1,844.37,28,2,3,1,15,86268,501,1000,1,1,1,1,1,2900101,1000000
2024BG0007397,1,844.37,42,1,5,1,10,20532,146,8000,3,3,1,1,1,2900105,1000000
2024BG0007398,1,844.37,41,1,3,1,17,91890,501,1000,1,1,1,3,1,2900107,1000000
2024BG0007399,1,844.37,18,1,1,1,16,27962,199,4000,3,1,1,1,1,2900100,1000000
2024BG0007400,1,844.37,18,1,5,1,18,23731,169,4000,2,1,1,5,1,2900105,1000000
2024BG0007401,1,844.37,21,1,1,1,13,13258,94,7000,1,1,1,5,1,2900104,1000000
2024BG0007402,1,844.37,22,1,2,1,15,105094,501,3000,1,1,1,5,1,2900106,1000000
2024BG0007403,1,844.37,35,1,1,1,14,32550,232,5000,1,1,1,1,1,2900101,1000000
2024BG0007404,1,844.37,8,1,2,1,7,3986,28,0,0,6,1,5,1,2900107,1000000
2024BG0007405,1,844.37,6,2,5,1,1,6426,45,0,0,6,1,5,1,2900103,1000000
2024BG0007406,1,844.37,7,1,6,1,6,9231,65,0,0,6,1,5,1,2900105,1000000
2024BG0007407,1,844.37,12,1,1,1,7,5132,36,0,0,6,1,5,1,2900105,1000000
2024BG0007408,1,844.37,25,2,1,1,9,20200,144,6000,3,1,1,5,1,2900103,1000000
2024BG0007409,1,844.37,94,1,1,1,7,11543,82,0,0,6,1,5,1,2900104,1000000
2024BG0007410,1,844.37,47,2,5,1,14,16316,116,7000,1,1,1,5,1,2900101,1000000
2024BG0007411,1,844.37,17,1,1,1,11,8522,60,0,0,6,1,5,1,2900105,1000000
2024BG0007412,1,844.37,76,2,1,1,5,3928,28,0,0,6,1,1,1,2900103,1000000
2024BG0007413,1,844.37,3,1,2,1,3,11406,81,0,0,6,1,5,1,2900103,1000000
2024BG0007414,1,844.37,61,2,1,1,12,15456,110,3000,2,1,1,1,1,2900105,1000000
2024BG0007415,1,844.37,16,1,1,1,16,50923,363,0,0,6,1,5,1,2900104,1000000
2024BG0007416,1,844.37,23,2,5,1,16,30516,217,5000,4,1,1,5,1,2900103,1000000
2024BG0007417,1,844.37,27,1,1,1,14,39474,281,6000,1,1,1,1,1,2900103,1000000
2024BG0007418,1,844.37,40,1,4,1,10,30178,215,7000,1,5,1,5,1,2900105,1000000
2024BG0007419,1,844.37,31,2,1,1,11,104331,501,6000,6,1,1,1,1,2900100,1000000
2024BG0007420,1,844.37,7,2,5,1,3,3634,25,0,0,6,1,5,1,2900101,1000000
2024BG0007421,1,844.37,54,1,1,1,12,13525,96,8000,1,1,1,1,2,2900104,1000000
2024BG0007422,1,844.37,34,2,2,1,11,56196,401,8000,1,1,1,1,1,2900103,1000000
2024BG0007423,1,844.37,5,2,5,1,6,5346,38,0,0,6,1,5,1,2900103,1000000
2024BG0007424,1,844.37,40,1,4,1,12,35450,253,4000,3,2,1,1,1,2900106,1000000
2024BG0007425,1,844.37,53,1,1,1,14,36836,263,4000,1,1,1,1,1,2900101,1000000
2024BG0007426,1,844.37,57,1,6,1,10,21527,153,3000,3,1,1,1,1,2900101,1000000
2024BG0007427,1,844.37,1,1,6,1,6,1932,13,0,0,6,1,5,1,2900101,1000000
2024BG0007428,1,844.37,17,2,7,1,16,42492,303,0,0,6,1,5,1,2900106,1000000
2024BG0007429,1,844.37,6,1,5,1,7,25510,182,0,0,6,2,5,1,2900107,1000000
2024BG0007430,1,844.37,8,2,1,1,3,10277,73,0,0,6,1,5,1,2900101,1000000
2024BG0007431,1,844.37,11,1,1,1,4,23904,170,0,0,6,1,5,1,2900107,1000000
2024BG0007432,1,844.37,36,1,2,1,9,22528,160,7000,1,1,2,1,1,2900107,1000000
2024BG0007433,1,844.37,23,1,6,1,15,68968,492,4000,3,1,1,5,1,2900104,1000000
2024BG0007434,1,844.37,24,1,2,1,16,184781,501,2000,3,1,1,1,1,2900103,1000000
2024BG0007435,1,844.37,1,2,3,1,5,7529,53,0,0,6,1,5,1,2900106,1000000
2024BG0007436,1,844.37,7,1,3,1,5,4080,29,0,0,6,1,5,1,2900100,1000000
2024BG0007437,1,844.37,41,2,8,1,8,11448,81,6000,1,1,1,1,1,2900100,1000000
2024BG0007438,1,844.37,28,2,1,1,14,44733,319,9000,1,1,1,1,1,2900104,1000000
2024BG0007439,1,844.37,77,1,2,1,7,6394,45,0,0,6,1,1,1,2900100,1000000
2024BG0007440,1,844.37,16,1,1,1,12,38613,275,0,0,6,1,5,1,2900106,1000000
2024BG0007441,1,844.37,26,1,1,1,6,27511,196,6000,1,1,1,1,1,2900103,1000000
2024BG0007442,1,844.37,17,1,3,1,16,13572,96,0,0,6,1,5,1,2900106,1000000
2024BG0007443,1,844.37,75,2,2,1,5,14596,104,0,0,6,1,1,1,2900103,1000000
2024BG0007444,1,844.37,36,2,4,1,8,38562,275,7000,1,5,1,1,1,2900106,1000000
2024BG0007445,1,844.37,21,1,5,1,12,22459,160,4000,1,1,1,5,1,2900106,1000000
2024BG0007446,1,844.37,15,2,7,1,18,45669,326,0,0,6,1,5,2,2900103,1000000
2024BG0007447,1,844.37,47,1,1,1,9,27241,194,4000,1,1,1,2,1,2900104,1000000
2024BG0007448,1,844.37,8,2,6,1,1,2747,19,0,0,6,1,5,1,2900102,1000000
2024BG0007449,1,844.37,40,2,1,1,12,26938,192,6000,3,1,1,5,1,2900100,1000000
2024BG0007450,1,844.37,28,1,2,1,9,21305,152,9800,1,1,1,1,1,2900105,1000000
2024BG0007451,1,844.37,6,2,5,1,2,3557,25,0,0,6,1,5,1,2900100,1000000
2024BG0007452,1,844.37,0,2,5,1,2,6094,43,0,0,6,1,5,1,2900105,1000000
2024BG0007453,1,844.37,22,1,5,1,14,21033,150,9000,6,1,1,1,1,2900102,1000000
2024BG0007454,1,844.37,56,1,4,1,11,57068,407,5000,4,1,1,2,1,2900106,1000000
2024BG0007455,1,844.37,34,1,1,1,9,17904,127,4000,1,1,1,5,1,2900103,1000000
2024BG0007456,1,844.37,23,2,1,1,14,35645,254,6000,1,5,2,5,1,2900102,1000000
2024BG0007457,1,844.37,27,1,6,1,14,23128,165,3000,1,1,1,5,1,2900101,1000000
2024BG0007458,1,844.37,43,2,1,1,14,166644,501,5000,1,1,1,5,1,2900106,1000000
2024BG0007459,1,844.37,11,2,1,1,7,7608,54,0,0,6,1,5,1,2900103,1000000
2024BG0007460,1,844.37,34,1,2,1,13,45710,326,5000,1,1,1,1,1,2900106,1000000
2024BG0007461,1,844.37,16,2,1,1,11,9490,67,0,0,6,1,5,1,2900104,1000000
2024BG0007462,1,844.37,7,1,1,1,6,7853,56,0,0,6,1,5,1,2900101,1000000
2024BG0007463,1,844.37,4,1,6,1,4,16430,117,0,0,6,1,5,1,2900103,1000000
2024BG0007464,1,844.37,49,2,4,1,8,22247,158,6000,3,1,1,1,2,2900107,1000000
2024BG0007465,1,844.37,31,2,1,1,18,87808,501,4000,1,1,1,1,1,2900104,1000000
2024BG0007466,1,844.37,7,1,1,1,6,2354,16,0,0,6,1,5,1,2900102,1000000
2024BG0007467,1,844.37,70,1,3,1,5,3461,24,9000,3,5,1,1,1,2900105,1000000
2024BG0007468,1,844.37,7,1,3,1,3,7795,55,0,0,6,1,5,1,2900105,1000000
2024BG0007469,1,844.37,40,1,7,1,10,94817,501,8000,3,1,1,1,1,2900100,1000000
2024BG0007470,1,844.37,17,2,3,1,18,45925,328,0,0,6,1,5,1,2900103,1000000
2024BG0007471,1,844.37,20,1,5,1,19,172090,501,3000,2,1,1,1,1,2900106,1000000
2024BG0007472,1,844.37,57,1,1,1,14,38328,273,6000,1,2,1,2,1,2900105,1000000
2024BG0007473,1,844.37,27,2,3,1,13,22983,164,4000,1,1,1,5,1,2900102,1000000
2024BG0007474,1,844.37,43,1,5,1,13,73686,501,4000,1,1,2,3,1,2900101,1000000
2024BG0007475,1,844.37,20,1,1,1,17,25808,184,1000,1,1,1,5,1,2900107,1000000
2024BG0007476,1,844.37,39,1,6,1,16,80187,501,4000,1,1,1,1,1,2900102,1000000
2024BG0007477,1,844.37,58,1,1,1,9,51808,370,9800,4,1,1,1,1,2900107,1000000
2024BG0007478,1,844.37,3,2,5,1,7,7858,56,0,0,6,1,5,1,2900105,1000000
2024BG0007479,1,844.37,29,1,6,1,13,62820,448,7000,1,1,1,1,1,2900104,1000000
2024BG0007480,1,844.37,24,2,5,1,17,58515,417,1000,3,1,1,5,1,2900107,1000000
2024BG0007481,1,844.37,10,2,2,1,9,10386,74,0,0,6,1,5,1,2900101,1000000
2024BG0007482,1,844.37,35,2,4,1,16,37960,271,4000,1,1,2,1,1,2900107,1000000
2024BG0007483,1,844.37,25,2,1,1,7,15461,110,6000,6,2,1,1,1,2900107,1000000
2024BG0007484,1,844.37,19,2,1,1,13,8981,64,4000,1,4,1,5,1,2900106,1000000
2024BG0007485,1,844.37,9,1,1,1,3,2291,16,0,0,6,1,5,1,2900105,1000000
2024BG0007486,1,844.37,38,1,1,1,13,31127,222,1000,2,1,1,1,1,2900105,1000000
2024BG0007487,1,844.37,42,2,3,1,13,29009,207,4000,1,1,1,1,1,2900101,1000000
2024BG0007488,1,844.37,27,2,1,1,10,28194,201,8000,1,1,1,5,1,2900100,1000000
2024BG0007489,1,844.37,10,2,1,1,3,16589,118,0,0,6,1,5,1,2900104,1000000
2024BG0007490,1,844.37,7,1,2,1,1,3468,24,0,0,6,1,5,1,2900105,1000000
2024BG0007491,1,844.37,21,1,2,1,16,42763,305,4000,1,1,1,5,1,2900104,1000000
2024BG0007492,1,844.37,7,1,1,1,5,3608,25,0,0,6,1,5,1,2900106,1000000
2024BG0007493,1,844.37,28,1,6,1,11,32417,231,8000,1,1,1,1,1,2900105,1000000
2024BG0007494,1,844.37,53,1,6,1,10,33034,235,7000,1,1,1,1,1,2900106,1000000
2024BG0007495,1,844.37,36,1,4,1,17,167446,501,4000,2,1,1,5,1,2900102,1000000
2024BG0007496,1,844.37,1,1,6,1,1,4426,31,0,0,6,1,5,1,2900102,1000000
2024BG0007497,1,844.37,39,1,6,1,13,50396,359,2000,1,1,1,1,1,2900102,1000000
2024BG0007498,1,844.37,36,1,7,1,7,5497,39,5000,1,1,1,1,1,2900100,1000000
2024BG0007499,1,844.37,29,1,5,1,10,13126,93,7000,3,1,1,5,1,2900104,1000000
2024BG0007500,1,844.37,14,2,2,1,6,9208,65,0,0,6,1,5,1,2900105,1000000
2024BG0007501,1,844.37,21,1,2,1,15,9493,67,2000,1,5,1,5,1,2900100,1000000
2024BG0007502,1,844.37,24,1,1,1,18,68720,490,4000,2,1,1,1,1,2900105,1000000
2024BG0007503,1,844.37,12,2,1,1,1,22182,158,0,0,6,1,5,1,2900101,1000000
2024BG0007504,1,844.37,0,1,3,1,4,16943,121,0,0,6,1,5,1,2900102,1000000
2024BG0007505,1,844.37,21,2,4,1,14,33869,241,8000,4,1,1,5,1,2900102,1000000
2024BG0007506,1,844.37,38,2,2,1,13,32946,235,5000,1,5,1,1,1,2900107,1000000
2024BG0007507,1,844.37,56,1,3,1,10,14629,104,5000,1,1,1,3,1,2900107,1000000
2024BG0007508,1,844.37,3,1,2,1,3,3010,21,0,0,6,1,5,1,2900102,1000000
2024BG0007509,1,844.37,35,1,9,1,7,52247,373,9800,4,1,1,5,1,2900107,1000000
2024BG0007510,1,844.37,19,2,1,1,16,67838,484,4000,1,3,1,5,1,2900107,1000000
2024BG0007511,1,844.37,11,2,5,1,7,4105,29,0,0,6,1,5,1,2900107,1000000
2024BG0007512,1,844.37,44,2,5,1,15,38416,274,5000,3,1,1,5,1,2900104,1000000
2024BG0007513,1,844.37,27,2,1,1,8,37810,270,7000,3,1,1,5,1,2900107,1000000
2024BG0007514,1,844.37,36,1,5,1,9,22228,158,1000,1,1,1,1,1,2900107,1000000
2024BG0007515,1,844.37,19,2,2,1,13,26075,186,6000,1,2,1,5,2,2900106,1000000
2024BG0007516,1,844.37,31,1,6,1,13,62262,444,3000,1,1,1,1,1,2900103,1000000
2024BG0007517,1,844.37,27,2,1,1,12,28707,205,5000,6,1,1,1,1,2900103,1000000
2024BG0007518,1,844.37,92,1,4,1,6,9784,69,0,0,6,1,1,1,2900107,1000000
2024BG0007519,1,844.37,3,1,2,1,2,5326,38,0,0,6,1,5,2,2900102,1000000
2024BG0007520,1,844.37,36,1,1,1,10,9758,69,9000,1,1,1,1,1,2900100,1000000
2024BG0007521,1,844.37,20,2,1,1,20,35856,256,4000,3,5,1,1,1,2900106,1000000
2024BG0007522,1,844.37,57,2,2,1,17,200010,501,4000,2,1,1,2,1,2900103,1000000
2024BG0007523,1,844.37,39,2,1,1,5,39082,279,9920,1,1,1,1,1,2900102,1000000
2024BG0007524,1,844.37,17,2,2,1,20,28825,205,0,0,6,1,5,1,2900100,1000000
2024BG0007525,1,844.37,0,1,6,1,5,9101,65,0,0,6,1,5,1,2900104,1000000
2024BG0007526,1,844.37,12,1,1,1,3,5671,40,0,0,6,1,5,1,2900103,1000000
2024BG0007527,1,844.37,22,2,1,1,10,58024,414,9000,1,1,1,5,1,2900103,1000000
2024BG0007528,1,844.37,16,1,6,1,16,49615,354,0,0,6,1,5,1,2900101,1000000
2024BG0007529,1,844.37,29,1,1,1,10,32061,229,9000,6,1,1,1,1,2900101,1000000
2024BG0007530,1,844.37,27,2,3,1,13,36475,260,4000,1,1,1,5,1,2900101,1000000
2024BG0007531,1,844.37,14,2,5,1,5,3391,24,0,0,6,1,5,1,2900103,1000000
2024BG0007532,1,844.37,20,1,5,1,12,29865,213,6000,1,2,1,5,1,2900107,1000000
2024BG0007533,1,844.37,11,1,1,1,5,1188,8,0,0,6,1,5,1,2900107,1000000
2024BG0007534,1,844.37,20,1,1,1,20,45552,325,4000,1,2,1,5,1,2900105,1000000
2024BG0007535,1,844.37,24,2,4,1,17,52963,378,5000,6,1,1,5,1,2900104,1000000
2024BG0007536,1,844.37,35,1,2,1,17,158359,501,2000,1,1,1,1,1,2900104,1000000
2024BG0007537,1,844.37,32,2,4,1,8,14027,100,9920,4,1,1,1,1,2900106,1000000
2024BG0007538,1,844.37,14,2,4,1,2,9424,67,0,0,6,1,5,1,2900107,1000000
2024BG0007539,1,844.37,5,1,1,1,3,5634,40,0,0,6,1,5,1,2900100,1000000
2024BG0007540,1,844.37,39,2,1,1,7,24499,174,9800,3,1,1,1,1,2900102,1000000
2024BG0007541,1,844.37,42,1,2,1,9,100226,501,9800,4,1,1,1,1,2900107,1000000
2024BG0007542,1,844.37,24,1,1,1,14,22224,158,7000,1,1,1,1,1,2900103,1000000
2024BG0007543,1,844.37,32,2,2,1,13,51976,371,5000,6,4,1,5,1,2900105,1000000
2024BG0007544,1,844.37,68,1,1,1,7,10051,71,5000,1,1,1,1,1,2900106,1000000
2024BG0007545,1,844.37,3,2,1,1,7,1576,11,0,0,6,1,5,1,2900102,1000000
2024BG0007546,1,844.37,36,1,7,1,12,61455,438,5000,1,1,1,1,1,2900102,1000000
2024BG0007547,1,844.37,2,1,5,1,7,6267,44,0,0,6,1,5,1,2900106,1000000
2024BG0007548,1,844.37,47,2,1,1,5,20717,147,5000,1,1,1,1,1,2900104,1000000
2024BG0007549,1,844.37,18,1,3,1,14,8428,60,4000,1,1,1,5,1,2900103,1000000
2024BG0007550,1,844.37,0,2,6,1,4,2568,18,0,0,6,1,5,1,2900107,1000000
2024BG0007551,1,844.37,28,1,1,1,13,19100,136,5000,1,1,1,1,1,2900106,1000000
2024BG0007552,1,844.37,24,2,6,1,19,80253,501,1000,2,1,1,5,1,2900106,1000000
2024BG0007553,1,844.37,14,1,3,1,2,9018,64,0,0,6,1,5,1,2900107,1000000
2024BG0007554,1,844.37,24,2,1,1,13,20389,145,6000,6,1,1,5,1,2900101,1000000
2024BG0007555,1,844.37,12,1,3,1,9,19547,139,0,0,6,1,5,1,2900101,1000000
2024BG0007556,1,844.37,6,2,1,1,8,7939,56,0,0,6,1,5,1,2900101,1000000
2024BG0007557,1,844.37,37,2,1,1,14,48920,349,5000,1,1,1,1,1,2900104,1000000
2024BG0007558,1,844.37,4,1,1,1,2,11308,80,0,0,6,1,5,1,2900106,1000000
2024BG0007559,1,844.37,54,2,2,1,16,255080,501,6000,1,2,1,1,1,2900105,1000000
2024BG0007560,1,844.37,32,1,2,1,9,29556,211,5000,1,1,1,1,1,2900103,1000000
2024BG0007561,1,844.37,51,2,1,1,11,51655,368,9000,4,1,1,4,1,2900104,1000000
2024BG0007562,1,844.37,29,2,1,1,12,14805,105,5000,4,1,1,5,1,2900102,1000000
2024BG0007563,1,844.37,50,2,5,1,7,15666,111,7000,3,1,1,1,1,2900100,1000000
2024BG0007564,1,844.37,51,1,2,1,9,46447,331,9800,6,1,1,2,1,2900104,1000000
2024BG0007565,1,844.37,59,1,4,1,8,16322,116,9800,6,1,1,1,1,2900102,1000000
2024BG0007566,1,844.37,21,2,4,1,14,28478,203,4000,1,1,1,5,1,2900107,1000000
2024BG0007567,1,844.37,19,2,1,1,18,84447,501,4000,1,1,1,1,1,2900105,1000000
2024BG0007568,1,844.37,33,2,1,1,17,101074,501,4000,3,1,1,1,1,2900105,1000000
2024BG0007569,1,844.37,16,2,1,1,16,65988,471,0,0,6,1,5,1,2900103,1000000
2024BG0007570,1,844.37,31,2,6,1,16,143738,501,4000,1,1,1,5,1,2900101,1000000
2024BG0007571,1,844.37,76,1,3,1,5,8604,61,0,0,6,1,1,1,2900101,1000000
2024BG0007572,1,844.37,53,1,2,1,10,47807,341,4000,2,1,5,1,1,2900107,1000000
2024BG0007573,1,844.37,37,1,1,1,5,18626,133,7000,1,5,1,5,1,2900102,1000000
2024BG0007574,1,844.37,25,2,1,1,16,79450,501,1000,2,1,1,1,1,2900104,1000000
2024BG0007575,1,844.37,16,1,6,1,19,58555,418,0,0,6,1,5,1,2900101,1000000
2024BG0007576,1,844.37,31,2,1,1,14,66066,471,6000,3,1,1,1,1,2900103,1000000
2024BG0007577,1,844.37,22,1,1,1,17,137576,501,4000,2,5,1,1,1,2900101,1000000
2024BG0007578,1,844.37,19,2,4,1,16,32072,229,4000,1,1,1,1,1,2900102,1000000
2024BG0007579,1,844.37,12,1,1,1,8,10327,73,0,0,6,1,5,1,2900104,1000000
2024BG0007580,1,844.37,36,2,1,1,11,29213,208,5000,1,1,1,1,1,2900104,1000000
2024BG0007581,1,844.37,1,2,1,1,5,4908,35,0,0,6,1,5,1,2900106,1000000
2024BG0007582,1,844.37,55,2,2,1,6,8543,61,6000,6,1,1,1,1,2900101,1000000
2024BG0007583,1,844.37,81,2,6,1,5,8868,63,0,0,6,1,1,1,2900101,1000000
2024BG0007584,1,844.37,35,1,6,1,6,12514,89,9000,3,1,1,1,1,2900104,1000000
2024BG0007585,1,844.37,16,1,6,1,17,62398,445,0,0,6,1,5,1,2900105,1000000
2024BG0007586,1,844.37,24,2,1,1,10,53496,382,3000,1,3,1,5,1,2900106,1000000
2024BG0007587,1,844.37,39,2,1,1,13,72259,501,3000,1,1,1,1,1,2900104,1000000
2024BG0007588,1,844.37,53,1,5,1,11,36389,259,6000,1,1,1,1,1,2900104,1000000
2024BG0007589,1,844.37,1,2,1,1,3,7352,52,0,0,6,1,5,1,2900102,1000000
2024BG0007590,1,844.37,18,2,2,1,17,64488,460,4000,3,1,1,5,1,2900106,1000000
2024BG0007591,1,844.37,42,1,5,1,5,42795,305,8000,3,1,1,1,1,2900102,1000000
2024BG0007592,1,844.37,31,1,1,1,8,21909,156,7000,1,1,1,1,2,2900101,1000000
2024BG0007593,1,844.37,17,1,1,1,14,6438,45,0,0,6,1,5,1,2900107,1000000
2024BG0007594,1,844.37,36,1,1,1,16,102217,501,6000,1,1,1,1,2,2900100,1000000
2024BG0007595,1,844.37,30,1,5,1,13,123384,501,5000,4,1,1,1,1,2900107,1000000
2024BG0007596,1,844.37,59,2,2,1,7,6100,43,6000,1,3,1,2,1,2900103,1000000
2024BG0007597,1,844.37,23,2,2,1,12,116121,501,2000,1,1,1,5,1,2900100,1000000
2024BG0007598,1,844.37,19,1,1,1,16,39415,281,4000,1,1,1,5,1,2900105,1000000
2024BG0007599,1,844.37,57,1,4,1,14,17739,126,6000,1,5,1,1,1,2900102,1000000
2024BG0007600,1,844.37,32,1,1,1,12,73171,501,5000,1,5,1,1,1,2900103,1000000
2024BG0007601,1,844.37,10,2,4,1,4,3909,27,0,0,6,1,5,1,2900104,1000000
2024BG0007602,1,844.37,8,2,6,1,1,7127,50,0,0,6,1,5,1,2900103,1000000
2024BG0007603,1,844.37,19,2,3,1,17,16821,120,4000,1,1,1,5,1,2900104,1000000
2024BG0007604,1,844.37,17,1,3,1,18,60702,433,0,0,6,1,5,1,2900101,1000000
2024BG0007605,1,844.37,34,1,2,1,10,45971,328,6000,1,5,1,1,1,2900104,1000000
2024BG0007606,1,844.37,98,2,1,1,9,5604,40,0,0,6,1,1,1,2900104,1000000
2024BG0007607,1,844.37,21,2,1,1,18,44166,315,2000,1,1,1,1,1,2900101,1000000
2024BG0007608,1,844.37,20,2,2,1,18,56662,404,1000,3,1,1,5,1,2900102,1000000
2024BG0007609,1,844.37,3,1,5,1,2,3931,28,0,0,6,1,5,1,2900102,1000000
2024BG0007610,1,844.37,19,1,6,1,14,7548,53,6000,1,1,1,5,1,2900106,1000000
2024BG0007611,1,844.37,40,2,6,1,8,11025,78,5000,1,1,1,1,1,2900107,1000000
2024BG0007612,1,844.37,7,2,5,1,8,2604,18,0,0,6,1,5,1,2900103,1000000
2024BG0007613,1,844.37,20,1,2,1,12,13113,93,6000,3,1,1,1,1,2900101,1000000
2024BG0007614,1,844.37,57,1,1,1,9,60525,432,2000,2,1,1,1,1,2900103,1000000
2024BG0007615,1,844.37,34,2,3,1,13,48983,349,4000,1,1,1,1,1,2900101,1000000
2024BG0007616,1,844.37,19,1,2,1,11,16600,118,4000,1,1,1,5,1,2900105,1000000
2024BG0007617,1,844.37,18,2,2,1,18,26523,189,2000,3,1,5,5,1,2900105,1000000
2024BG0007618,1,844.37,19,1,3,1,20,103096,501,3000,1,2,1,5,1,2900107,1000000
2024BG0007619,1,844.37,22,1,9,1,20,162505,501,4000,1,5,1,5,1,2900105,1000000
2024BG0007620,1,844.37,39,2,1,1,16,165497,501,4000,1,1,1,2,1,2900103,1000000
2024BG0007621,1,844.37,16,1,1,1,13,15868,113,0,0,6,1,5,1,2900106,1000000
2024BG0007622,1,844.37,22,2,3,1,16,100829,501,2000,1,1,1,5,1,2900102,1000000
2024BG0007623,1,844.37,46,1,6,1,10,41379,295,4000,1,5,1,1,1,2900100,1000000
2024BG0007624,1,844.37,55,2,6,1,9,69970,499,7000,3,1,1,1,1,2900103,1000000
2024BG0007625,1,844.37,88,1,1,1,12,40891,292,0,0,6,1,2,1,2900105,1000000
2024BG0007626,1,844.37,18,1,1,1,18,54041,386,4000,1,1,1,1,1,2900106,1000000
2024BG0007627,1,844.37,4,1,6,1,6,8846,63,0,0,6,1,5,1,2900103,1000000
2024BG0007628,1,844.37,46,2,3,1,7,8075,57,9920,4,5,1,5,1,2900100,1000000
2024BG0007629,1,844.37,38,2,2,1,12,91905,501,9800,1,1,1,2,1,2900100,1000000
2024BG0007630,1,844.37,22,2,5,1,19,234341,501,4000,1,3,1,1,1,2900101,1000000
2024BG0007631,1,844.37,32,1,5,1,11,11641,83,3000,3,1,1,1,1,2900103,1000000
2024BG0007632,1,844.37,19,1,3,1,18,61806,441,4000,1,4,1,5,1,2900103,1000000
2024BG0007633,1,844.37,5,2,3,1,2,3664,26,0,0,6,1,5,1,2900104,1000000
2024BG0007634,1,844.37,5,1,4,1,7,3535,25,0,0,6,1,5,1,2900100,1000000
2024BG0007635,1,844.37,62,2,5,1,8,26574,189,9000,1,1,1,3,2,2900107,1000000
2024BG0007636,1,844.37,53,1,1,1,11,47284,337,5000,1,1,1,5,1,2900103,1000000
2024BG0007637,1,844.37,23,1,1,1,18,73527,501,2000,3,1,1,5,1,2900101,1000000
2024BG0007638,1,844.37,46,2,5,1,10,64453,460,2000,1,1,1,1,1,2900107,1000000
2024BG0007639,1,844.37,39,1,1,1,13,59450,424,5000,1,1,1,5,1,2900105,1000000
2024BG0007640,1,844.37,8,2,1,1,7,6858,48,0,0,6,1,5,1,2900102,1000000
2024BG0007641,1,844.37,16,1,1,1,17,21615,154,0,0,6,1,5,1,2900104,1000000
2024BG0007642,1,844.37,34,2,6,1,15,141489,501,3000,1,1,1,1,1,2900100,1000000
2024BG0007643,1,844.37,22,2,3,1,19,163504,501,4000,1,1,1,5,1,2900107,1000000
2024BG0007644,1,844.37,56,1,1,1,6,16900,120,6000,1,3,1,1,1,2900100,1000000
2024BG0007645,1,844.37,37,2,5,1,13,82489,501,5000,1,2,1,1,1,2900105,1000000
2024BG0007646,1,844.37,5,1,6,1,6,11208,80,0,0,6,1,5,1,2900102,1000000
2024BG0007647,1,844.37,25,1,7,1,5,8626,61,7000,1,1,1,1,1,2900105,1000000
2024BG0007648,1,844.37,10,1,1,1,2,4015,28,0,0,6,1,5,1,2900101,1000000
2024BG0007649,1,844.37,25,2,6,1,17,85714,501,4000,3,1,1,1,1,2900101,1000000
2024BG0007650,1,844.37,18,1,9,1,14,15494,110,4000,1,1,1,5,1,2900106,1000000
2024BG0007651,1,844.37,19,2,4,1,19,116062,501,1000,1,1,1,1,1,2900100,1000000
2024BG0007652,1,844.37,0,2,1,1,5,6782,48,0,0,6,1,5,1,2900104,1000000
2024BG0007653,1,844.37,46,2,3,1,14,51290,366,5000,1,1,1,1,1,2900103,1000000
2024BG0007654,1,844.37,17,2,1,1,15,25438,181,0,0,6,1,5,1,2900103,1000000
2024BG0007655,1,844.37,52,1,4,1,11,25876,184,5000,4,2,1,1,1,2900100,1000000
2024BG0007656,1,844.37,1,1,1,1,3,9131,65,0,0,6,1,5,2,2900102,1000000
2024BG0007657,1,844.37,50,2,2,1,7,46930,335,8000,1,1,1,1,1,2900107,1000000
2024BG0007658,1,844.37,36,2,6,1,5,9288,66,8000,1,1,1,1,1,2900100,1000000
2024BG0007659,1,844.37,18,2,1,1,18,27663,197,1000,1,1,1,5,1,2900100,1000000
2024BG0007660,1,844.37,22,2,3,1,17,146590,501,5000,1,1,1,1,1,2900101,1000000
2024BG0007661,1,844.37,47,2,6,1,13,22180,158,8000,6,3,1,1,1,2900104,1000000
2024BG0007662,1,844.37,21,1,1,1,14,61624,440,8000,4,1,1,5,1,2900104,1000000
2024BG0007663,1,844.37,17,1,2,1,19,185975,501,0,0,6,1,5,1,2900103,1000000
2024BG0007664,1,844.37,22,1,3,1,18,82845,501,4000,1,1,1,5,1,2900101,1000000
2024BG0007665,1,844.37,14,1,3,1,7,11073,79,0,0,6,1,5,1,2900104,1000000
2024BG0007666,1,844.37,7,1,5,1,1,5067,36,0,0,6,1,5,1,2900105,1000000
2024BG0007667,1,844.37,7,2,3,1,6,1210,8,0,0,6,1,5,1,2900102,1000000
2024BG0007668,1,844.37,20,1,5,1,19,102252,501,4000,1,1,1,5,2,2900102,1000000
2024BG0007669,1,844.37,98,1,3,1,5,20343,145,0,0,6,1,1,1,2900100,1000000
2024BG0007670,1,844.37,55,1,2,1,9,35311,252,4000,1,1,1,1,1,2900100,1000000
2024BG0007671,1,844.37,24,1,4,1,12,29950,213,7000,6,1,1,5,1,2900100,1000000
2024BG0007672,1,844.37,38,2,5,1,17,120383,501,4000,1,1,1,1,1,2900101,1000000
2024BG0007673,1,844.37,4,2,1,1,5,6211,44,0,0,6,1,5,1,2900106,1000000
2024BG0007674,1,844.37,18,1,4,1,17,34072,243,3000,3,2,1,5,1,2900102,1000000
2024BG0007675,1,844.37,21,1,1,1,20,58034,414,4000,1,1,1,5,1,2900106,1000000
2024BG0007676,1,844.37,30,1,3,1,14,78297,501,6000,1,1,1,1,1,2900106,1000000
2024BG0007677,1,844.37,31,2,3,1,10,66464,474,4000,1,1,1,5,1,2900105,1000000
2024BG0007678,1,844.37,42,1,1,1,13,36114,257,7000,1,1,1,1,1,2900103,1000000
2024BG0007679,1,844.37,0,1,1,1,4,11020,78,0,0,6,1,5,1,2900102,1000000
2024BG0007680,1,844.37,44,2,7,1,5,15544,111,5000,6,1,1,1,1,2900105,1000000
2024BG0007681,1,844.37,30,2,4,1,12,17320,123,6000,3,1,1,5,1,2900106,1000000
2024BG0007682,1,844.37,18,2,1,1,11,14669,104,5000,1,1,1,1,1,2900104,1000000
2024BG0007683,1,844.37,52,2,4,1,15,69550,496,2000,1,1,1,1,1,2900106,1000000
2024BG0007684,1,844.37,32,2,1,1,6,14865,106,8000,1,1,1,1,1,2900102,1000000
2024BG0007685,1,844.37,28,2,3,1,13,13006,92,9800,1,3,1,5,1,2900106,1000000
2024BG0007686,1,844.37,19,2,4,1,20,177966,501,1000,2,1,1,5,1,2900103,1000000
2024BG0007687,1,844.37,58,2,6,1,11,58260,416,4000,1,1,1,1,1,2900101,1000000
2024BG0007688,1,844.37,5,2,2,1,5,8197,58,0,0,6,1,5,1,2900103,1000000
2024BG0007689,1,844.37,8,2,1,1,2,12385,88,0,0,6,1,5,1,2900103,1000000
2024BG0007690,1,844.37,0,1,5,1,7,6889,49,0,0,6,1,5,1,2900101,1000000
2024BG0007691,1,844.37,29,2,1,1,10,5456,38,9800,1,4,1,1,1,2900105,1000000
2024BG0007692,1,844.37,44,2,1,1,13,188383,501,5000,1,1,1,1,1,2900103,1000000
2024BG0007693,1,844.37,16,1,5,1,16,24425,174,0,0,6,1,5,1,2900101,1000000
2024BG0007694,1,844.37,40,2,1,1,12,221567,501,7000,1,1,1,2,1,2900102,1000000
2024BG0007695,1,844.37,0,1,4,1,4,13356,95,0,0,6,1,5,2,2900106,1000000
2024BG0007696,1,844.37,38,2,1,1,6,13109,93,6000,1,1,1,1,1,2900107,1000000
2024BG0007697,1,844.37,54,1,5,1,16,112789,501,1000,2,1,1,1,1,2900104,1000000
2024BG0007698,1,844.37,23,1,5,1,19,216727,501,1000,1,1,1,5,1,2900103,1000000
2024BG0007699,1,844.37,51,2,1,1,13,15586,111,7000,3,1,1,1,1,2900102,1000000
2024BG0007700,1,844.37,36,1,4,1,13,7455,53,2000,3,1,1,1,1,2900106,1000000
2024BG0007701,1,844.37,27,1,4,1,5,6073,43,5000,3,1,1,1,1,2900101,1000000
2024BG0007702,1,844.37,19,1,1,1,15,33334,238,5000,3,3,1,5,1,2900103,1000000
2024BG0007703,1,844.37,41,2,4,1,7,15872,113,5000,3,1,1,1,1,2900103,1000000
2024BG0007704,1,844.37,18,2,1,1,14,24152,172,7000,4,1,1,5,1,2900104,1000000
2024BG0007705,1,844.37,9,2,4,1,3,10908,77,0,0,6,1,5,1,2900104,1000000
2024BG0007706,1,844.37,0,1,6,1,7,3419,24,0,0,6,1,5,1,2900103,1000000
2024BG0007707,1,844.37,89,1,7,1,9,31332,223,0,0,6,1,5,1,2900100,1000000
2024BG0007708,1,844.37,23,1,1,1,17,24509,175,4000,1,1,1,5,1,2900102,1000000
2024BG0007709,1,844.37,32,1,6,1,12,34013,242,4000,2,1,1,1,1,2900103,1000000
2024BG0007710,1,844.37,20,2,5,1,13,7635,54,4000,1,1,1,5,1,2900100,1000000
2024BG0007711,1,844.37,45,2,1,1,5,16159,115,9800,1,1,1,1,1,2900107,1000000
2024BG0007712,1,844.37,27,2,1,1,12,27168,194,8000,4,5,1,5,1,2900105,1000000
2024BG0007713,1,844.37,9,1,4,1,5,8144,58,0,0,6,1,5,1,2900107,1000000
2024BG0007714,1,844.37,43,2,5,1,12,30063,214,7000,1,1,1,1,1,2900101,1000000
2024BG0007715,1,844.37,87,1,4,1,5,13926,99,0,0,6,1,1,1,2900105,1000000
2024BG0007716,1,844.37,23,1,6,1,18,54064,386,3000,3,5,1,1,1,2900105,1000000
2024BG0007717,1,844.37,39,2,1,1,5,24297,173,9920,1,3,1,1,1,2900107,1000000
2024BG0007718,1,844.37,26,1,1,1,11,15656,111,8000,3,1,1,1,1,2900103,1000000
2024BG0007719,1,844.37,23,2,1,1,16,64190,458,1000,1,4,1,5,1,2900101,1000000
2024BG0007720,1,844.37,11,2,1,1,5,3554,25,0,0,6,1,5,1,2900101,1000000
2024BG0007721,1,844.37,20,2,9,1,12,93798,501,2000,1,1,1,5,1,2900106,1000000
2024BG0007722,1,844.37,45,1,2,1,13,34926,249,7000,1,1,1,1,1,2900104,1000000
2024BG0007723,1,844.37,43,1,2,1,6,12919,92,9000,1,1,1,2,1,2900107,1000000
2024BG0007724,1,844.37,29,2,1,1,13,16498,117,7000,1,1,1,1,1,2900101,1000000
2024BG0007725,1,844.37,86,2,7,1,7,10888,77,0,0,6,1,5,1,2900105,1000000
2024BG0007726,1,844.37,24,1,1,1,19,247889,501,3000,1,1,1,1,1,2900103,1000000
2024BG0007727,1,844.37,17,1,9,1,15,92600,501,0,0,6,1,5,1,2900107,1000000
2024BG0007728,1,844.37,49,2,1,1,17,111961,501,3000,1,1,1,1,1,2900103,1000000
2024BG0007729,1,844.37,26,1,6,1,13,43998,314,8000,1,1,1,1,1,2900100,1000000
2024BG0007730,1,844.37,47,1,3,1,13,70250,501,4000,2,1,1,1,1,2900100,1000000
2024BG0007731,1,844.37,20,2,4,1,18,20750,148,2000,1,2,1,1,1,2900101,1000000
2024BG0007732,1,844.37,8,2,2,1,1,4254,30,0,0,6,1,5,1,2900102,1000000
2024BG0007733,1,844.37,54,1,5,1,14,66836,477,2000,1,1,1,1,1,2900103,1000000
2024BG0007734,1,844.37,1,1,5,1,7,4598,32,0,0,6,1,5,1,2900105,1000000
2024BG0007735,1,844.37,55,1,5,1,11,54933,392,6000,1,1,1,1,1,2900104,1000000
2024BG0007736,1,844.37,44,2,6,1,13,10914,77,8000,6,1,1,1,1,2900104,1000000
2024BG0007737,1,844.37,45,2,1,1,6,23734,169,9800,3,1,1,1,1,2900102,1000000
2024BG0007738,1,844.37,18,2,3,1,11,29472,210,4000,1,1,1,1,1,2900101,1000000
2024BG0007739,1,844.37,13,1,6,1,4,5544,39,0,0,6,1,5,1,2900103,1000000
2024BG0007740,1,844.37,18,2,1,1,16,41879,299,6000,1,5,1,5,1,2900106,1000000
2024BG0007741,1,844.37,29,1,1,1,8,15428,110,9800,3,1,1,1,1,2900101,1000000
2024BG0007742,1,844.37,46,1,1,1,7,3258,23,6000,4,1,1,1,1,2900105,1000000
2024BG0007743,1,844.37,30,2,1,1,16,119876,501,4000,1,1,1,1,1,2900102,1000000
2024BG0007744,1,844.37,12,2,2,1,8,3001,21,0,0,6,1,5,1,2900104,1000000
2024BG0007745,1,844.37,23,1,2,1,20,201724,501,4000,2,1,1,5,1,2900104,1000000
2024BG0007746,1,844.37,32,2,6,1,12,61744,441,9000,6,1,1,1,1,2900106,1000000
2024BG0007747,1,844.37,33,1,6,1,11,12519,89,5000,1,1,1,1,1,2900107,1000000
2024BG0007748,1,844.37,24,1,1,1,12,41191,294,6000,1,1,1,5,1,2900100,1000000
2024BG0007749,1,844.37,8,1,3,1,7,4130,29,0,0,6,1,5,1,2900101,1000000
2024BG0007750,1,844.37,10,2,1,1,9,22754,162,0,0,6,1,5,1,2900100,1000000
2024BG0007751,1,844.37,42,1,2,1,17,116918,501,1000,1,1,1,1,1,2900100,1000000
2024BG0007752,1,844.37,14,1,3,1,9,22586,161,0,0,6,1,5,1,2900104,1000000
2024BG0007753,1,844.37,37,2,6,1,13,87322,501,9800,4,1,1,1,1,2900103,1000000
2024BG0007754,1,844.37,23,2,2,1,11,45958,328,4000,3,1,1,5,1,2900107,1000000
2024BG0007755,1,844.37,40,2,3,1,6,17463,124,9920,3,1,1,5,1,2900106,1000000
2024BG0007756,1,844.37,10,1,1,1,6,2924,20,0,0,6,1,5,1,2900100,1000000
2024BG0007757,1,844.37,23,2,6,1,10,46695,333,9000,1,2,1,1,1,2900105,1000000
2024BG0007758,1,844.37,44,1,4,1,11,88246,501,5000,1,1,1,5,1,2900103,1000000
2024BG0007759,1,844.37,23,2,5,1,13,37621,268,4000,1,1,1,5,1,2900105,1000000
2024BG0007760,1,844.37,36,2,1,1,13,94325,501,3000,2,1,1,1,1,2900107,1000000
2024BG0007761,1,844.37,1,1,2,1,4,6091,43,0,0,6,1,5,1,2900101,1000000
2024BG0007762,1,844.37,34,2,1,1,5,3531,25,9800,3,2,1,5,1,2900107,1000000
2024BG0007763,1,844.37,11,2,2,1,3,7948,56,0,0,6,1,5,1,2900101,1000000
2024BG0007764,1,844.37,52,2,1,1,12,46402,331,5000,1,1,1,1,1,2900104,1000000
2024BG0007765,1,844.37,24,1,6,1,13,23280,166,5000,1,1,1,5,1,2900101,1000000
2024BG0007766,1,844.37,23,1,1,1,14,47779,341,5000,1,1,1,5,1,2900103,1000000
2024BG0007767,1,844.37,15,1,1,1,20,139463,501,0,0,6,1,5,1,2900101,1000000
2024BG0007768,1,844.37,42,1,1,1,12,60897,434,4000,1,1,1,1,1,2900104,1000000
2024BG0007769,1,844.37,3,1,1,1,2,3907,27,0,0,6,1,5,1,2900101,1000000
2024BG0007770,1,844.37,18,1,1,1,15,56339,402,3000,3,1,1,5,1,2900100,1000000
2024BG0007771,1,844.37,39,1,2,1,12,43648,311,4000,1,2,1,1,1,2900104,1000000
2024BG0007772,1,844.37,54,1,7,1,11,115789,501,4000,2,1,1,1,1,2900101,1000000
2024BG0007773,1,844.37,12,1,5,1,2,4439,31,0,0,6,1,5,1,2900102,1000000
2024BG0007774,1,844.37,85,2,3,1,7,2457,17,0,0,6,1,1,1,2900106,1000000
2024BG0007775,1,844.37,22,1,2,1,18,29701,212,1000,1,5,1,5,1,2900103,1000000
2024BG0007776,1,844.37,45,1,4,1,9,57255,408,9800,1,4,1,1,1,2900107,1000000
2024BG0007777,1,844.37,17,1,1,1,16,86127,501,0,0,6,1,5,1,2900107,1000000
2024BG0007778,1,844.37,29,2,1,1,14,66503,475,4000,1,1,1,1,1,2900106,1000000
2024BG0007779,1,844.37,16,1,3,1,17,52856,377,0,0,6,1,5,1,2900105,1000000
2024BG0007780,1,844.37,43,1,2,1,11,42285,302,9000,1,1,1,1,1,2900101,1000000
2024BG0007781,1,844.37,29,2,6,1,10,45769,326,6000,6,1,1,1,1,2900104,1000000
2024BG0007782,1,844.37,34,1,5,1,13,29021,207,5000,1,5,1,5,1,2900100,1000000
2024BG0007783,1,844.37,11,1,3,1,1,3302,23,0,0,6,1,5,1,2900102,1000000
2024BG0007784,1,844.37,41,2,3,1,16,92610,501,1000,1,1,1,1,1,2900105,1000000
2024BG0007785,1,844.37,24,1,1,1,15,116950,501,2000,1,1,1,1,1,2900103,1000000
2024BG0007786,1,844.37,5,1,7,1,3,17239,123,0,0,6,1,5,1,2900107,1000000
2024BG0007787,1,844.37,17,1,1,1,17,31911,227,0,0,6,2,5,1,2900103,1000000
2024BG0007788,1,844.37,49,1,2,1,5,13043,93,9800,3,1,1,1,2,2900105,1000000
2024BG0007789,1,844.37,4,2,4,1,5,6314,45,0,0,6,1,5,1,2900103,1000000
2024BG0007790,1,844.37,23,2,1,1,13,63280,451,4000,1,1,1,5,1,2900107,1000000
2024BG0007791,1,844.37,25,1,5,1,7,11063,79,5000,1,1,1,1,1,2900102,1000000
2024BG0007792,1,844.37,23,1,3,1,17,101686,501,4000,1,1,1,1,1,2900106,1000000
2024BG0007793,1,844.37,29,1,1,1,9,70968,501,9000,1,1,1,5,1,2900105,1000000
2024BG0007794,1,844.37,51,2,1,1,12,27734,198,1000,1,1,1,1,1,2900103,1000000
2024BG0007795,1,844.37,52,2,3,1,9,15250,108,4000,3,1,1,1,1,2900103,1000000
2024BG0007796,1,844.37,10,1,1,1,7,13270,94,0,0,6,1,5,1,2900107,1000000
2024BG0007797,1,844.37,19,1,6,1,13,22249,158,5000,4,1,1,1,1,2900103,1000000
2024BG0007798,1,844.37,45,2,3,1,14,38306,273,5000,1,1,1,1,1,2900102,1000000
2024BG0007799,1,844.37,23,1,5,1,16,137318,501,5000,1,1,1,5,1,2900106,1000000
2024BG0007800,1,844.37,34,1,5,1,8,30744,219,5000,1,1,1,5,1,2900106,1000000
2024BG0007801,1,844.37,29,1,1,1,14,54429,388,7000,1,1,1,1,1,2900101,1000000
2024BG0007802,1,844.37,21,1,1,1,18,31552,225,1000,1,1,1,5,1,2900106,1000000
2024BG0007803,1,844.37,45,2,4,1,5,5953,42,9800,4,1,1,1,1,2900102,1000000
2024BG0007804,1,844.37,38,1,1,1,15,66248,473,5000,6,3,1,1,1,2900102,1000000
2024BG0007805,1,844.37,34,2,6,1,15,69186,494,4000,2,1,1,1,1,2900102,1000000
2024BG0007806,1,844.37,73,2,1,1,5,7309,52,0,0,6,1,3,1,2900103,1000000
2024BG0007807,1,844.37,37,2,3,1,11,21558,153,4000,1,3,1,1,1,2900102,1000000
2024BG0007808,1,844.37,15,1,1,1,20,81549,501,0,0,6,1,5,1,2900102,1000000
2024BG0007809,1,844.37,16,1,1,1,17,46943,335,0,0,6,1,5,1,2900104,1000000
2024BG0007810,1,844.37,14,2,1,1,4,14128,100,0,0,6,1,5,1,2900106,1000000
2024BG0007811,1,844.37,57,2,1,1,9,110983,501,6000,4,1,1,1,1,2900106,1000000
2024BG0007812,1,844.37,6,1,1,1,6,5270,37,0,0,6,1,5,1,2900103,1000000
2024BG0007813,1,844.37,16,1,1,1,19,119896,501,0,0,6,2,5,1,2900107,1000000
2024BG0007814,1,844.37,20,1,1,1,17,48542,346,3000,1,1,1,1,1,2900103,1000000
2024BG0007815,1,844.37,26,2,5,1,6,3608,25,7000,1,5,1,1,1,2900101,1000000
2024BG0007816,1,844.37,27,1,2,1,8,9741,69,9920,1,2,1,1,2,2900106,1000000
2024BG0007817,1,844.37,22,1,3,1,12,22925,163,8000,4,1,1,1,1,2900105,1000000
2024BG0007818,1,844.37,19,1,1,1,12,15234,108,6000,3,1,1,1,1,2900105,1000000
2024BG0007819,1,844.37,47,2,2,1,10,34137,243,6000,1,1,1,1,1,2900106,1000000
2024BG0007820,1,844.37,44,2,2,1,10,44755,319,1000,1,3,1,1,1,2900101,1000000
2024BG0007821,1,844.37,55,1,5,1,11,28983,207,1000,2,1,1,1,1,2900104,1000000
2024BG0007822,1,844.37,30,1,2,1,6,60681,433,6000,4,3,1,5,1,2900106,1000000
2024BG0007823,1,844.37,20,2,2,1,11,15440,110,6000,4,1,1,1,1,2900101,1000000
2024BG0007824,1,844.37,15,1,1,1,15,31807,227,0,0,6,1,5,1,2900106,1000000
2024BG0007825,1,844.37,2,2,5,1,6,3158,22,0,0,6,1,5,1,2900105,1000000
2024BG0007826,1,844.37,5,1,1,1,3,1600,11,0,0,6,1,5,1,2900106,1000000
2024BG0007827,1,844.37,8,2,2,1,5,2275,16,0,0,6,1,5,1,2900102,1000000
2024BG0007828,1,844.37,39,1,1,1,5,21147,151,5000,1,1,1,5,1,2900107,1000000
2024BG0007829,1,844.37,35,1,1,1,16,94751,501,6000,6,1,1,1,1,2900106,1000000
2024BG0007830,1,844.37,8,2,1,1,3,5012,35,0,0,6,1,5,1,2900101,1000000
2024BG0007831,1,844.37,16,1,1,1,14,10927,78,0,0,6,1,5,1,2900107,1000000
2024BG0007832,1,844.37,29,1,3,1,14,11756,83,9800,1,1,1,1,1,2900101,1000000
2024BG0007833,1,844.37,9,1,3,1,5,22889,163,0,0,6,1,5,1,2900106,1000000
2024BG0007834,1,844.37,17,2,1,1,14,23333,166,0,0,6,1,5,1,2900102,1000000
2024BG0007835,1,844.37,27,2,1,1,14,38897,277,4000,1,1,1,1,1,2900100,1000000
2024BG0007836,1,844.37,29,2,5,1,12,51923,370,8000,1,1,1,5,1,2900103,1000000
2024BG0007837,1,844.37,37,1,1,1,8,19005,135,7000,6,1,1,5,1,2900107,1000000
2024BG0007838,1,844.37,27,2,3,1,15,45076,321,4000,1,1,1,1,1,2900100,1000000
2024BG0007839,1,844.37,38,1,6,1,19,103698,501,2000,1,1,1,1,1,2900100,1000000
2024BG0007840,1,844.37,26,1,4,1,12,47683,340,1000,1,1,1,5,1,2900100,1000000
2024BG0007841,1,844.37,34,1,1,1,6,10406,74,5000,1,1,1,1,1,2900102,1000000
2024BG0007842,1,844.37,27,1,1,1,11,34865,249,5000,4,1,1,5,1,2900102,1000000
2024BG0007843,1,844.37,16,1,2,1,14,22043,157,0,0,6,1,5,1,2900107,1000000
2024BG0007844,1,844.37,49,2,1,1,10,190495,501,5000,3,1,1,1,1,2900101,1000000
2024BG0007845,1,844.37,2,2,5,1,4,11531,82,0,0,6,1,5,1,2900103,1000000
2024BG0007846,1,844.37,22,1,1,1,12,19687,140,6000,1,2,1,5,1,2900105,1000000
2024BG0007847,1,844.37,4,1,6,1,5,11214,80,0,0,6,1,5,1,2900101,1000000
2024BG0007848,1,844.37,37,1,5,1,19,205111,501,1000,3,1,2,1,2,2900104,1000000
2024BG0007849,1,844.37,5,1,1,1,4,7158,51,0,0,6,1,5,1,2900106,1000000
2024BG0007850,1,844.37,44,1,1,1,7,15174,108,5000,6,1,1,1,1,2900100,1000000
2024BG0007851,1,844.37,14,2,5,1,5,6178,44,0,0,6,1,5,1,2900107,1000000
2024BG0007852,1,844.37,57,1,6,1,7,11297,80,9800,4,1,1,1,1,2900104,1000000
2024BG0007853,1,844.37,43,1,6,1,8,8087,57,5000,1,1,1,1,1,2900101,1000000
2024BG0007854,1,844.37,41,1,3,1,15,144059,501,3000,3,1,1,1,1,2900105,1000000
2024BG0007855,1,844.37,13,2,3,1,7,2723,19,0,0,6,1,5,1,2900107,1000000
2024BG0007856,1,844.37,15,2,1,1,15,41604,297,0,0,6,1,5,2,2900101,1000000
2024BG0007857,1,844.37,17,1,2,1,18,51936,370,0,0,6,1,5,2,2900105,1000000
2024BG0007858,1,844.37,4,2,1,1,5,11525,82,0,0,6,1,5,1,2900107,1000000
2024BG0007859,1,844.37,42,1,6,1,13,51394,367,1000,3,1,1,5,1,2900107,1000000
2024BG0007860,1,844.37,32,1,1,1,5,6458,46,6000,4,1,1,5,1,2900107,1000000
2024BG0007861,1,844.37,30,1,1,1,7,33335,238,7000,1,1,1,1,1,2900102,1000000
2024BG0007862,1,844.37,36,2,2,1,12,107138,501,6000,4,2,1,1,1,2900107,1000000
2024BG0007863,1,844.37,34,2,1,1,9,17295,123,4000,2,1,1,5,1,2900106,1000000
2024BG0007864,1,844.37,22,1,5,1,14,80189,501,6000,1,1,1,5,1,2900105,1000000
2024BG0007865,1,844.37,43,2,3,1,11,75161,501,6000,1,1,1,1,1,2900105,1000000
2024BG0007866,1,844.37,82,1,7,1,12,40346,288,0,0,6,1,1,1,2900103,1000000
2024BG0007867,1,844.37,75,1,1,1,5,14666,104,0,0,6,1,1,1,2900103,1000000
2024BG0007868,1,844.37,30,1,5,1,11,94398,501,6000,1,1,1,1,1,2900100,1000000
2024BG0007869,1,844.37,19,2,1,1,16,52184,372,5000,1,1,1,5,1,2900103,1000000
2024BG0007870,1,844.37,45,2,5,1,12,25856,184,8000,1,1,1,5,1,2900102,1000000
2024BG0007871,1,844.37,66,2,2,1,9,31327,223,6000,6,5,1,1,1,2900104,1000000
2024BG0007872,1,844.37,29,1,2,1,13,25226,180,1000,1,1,1,1,1,2900103,1000000
2024BG0007873,1,844.37,29,1,5,1,6,24296,173,8000,3,1,1,1,1,2900103,1000000
2024BG0007874,1,844.37,36,1,2,1,9,67114,479,6000,1,5,1,1,1,2900102,1000000
2024BG0007875,1,844.37,49,1,2,1,6,29922,213,7000,1,1,1,1,1,2900106,1000000
2024BG0007876,1,844.37,46,1,2,1,11,64719,462,4000,1,1,1,5,1,2900107,1000000
2024BG0007877,1,844.37,26,1,4,1,9,9496,67,9800,1,4,1,1,1,2900106,1000000
2024BG0007878,1,844.37,19,1,5,1,16,108768,501,6000,3,1,1,5,1,2900103,1000000
2024BG0007879,1,844.37,35,1,5,1,8,15130,108,9800,3,1,1,2,1,2900103,1000000
2024BG0007880,1,844.37,28,2,3,1,8,33739,240,8000,3,2,1,1,1,2900103,1000000
2024BG0007881,1,844.37,36,1,1,1,17,65812,470,4000,1,1,1,1,1,2900101,1000000
2024BG0007882,1,844.37,42,1,2,1,10,139841,501,5000,1,1,1,1,1,2900104,1000000
2024BG0007883,1,844.37,23,2,3,1,14,21168,151,4000,1,1,1,5,1,2900101,1000000
2024BG0007884,1,844.37,43,2,1,1,9,26562,189,3000,3,1,1,1,1,2900106,1000000
2024BG0007885,1,844.37,8,2,1,1,7,5767,41,0,0,6,1,5,1,2900106,1000000
2024BG0007886,1,844.37,38,2,2,1,14,51138,365,6000,3,1,1,1,1,2900107,1000000
2024BG0007887,1,844.37,52,1,2,1,8,17906,127,8000,4,1,1,1,1,2900107,1000000
2024BG0007888,1,844.37,35,1,1,1,15,207955,501,4000,1,1,1,1,1,2900103,1000000
2024BG0007889,1,844.37,26,1,4,1,19,198656,501,4000,1,1,1,1,1,2900106,1000000
2024BG0007890,1,844.37,22,2,1,1,16,84521,501,4000,1,1,1,5,1,2900100,1000000
2024BG0007891,1,844.37,35,1,1,1,6,38368,274,6000,6,1,1,1,1,2900105,1000000
2024BG0007892,1,844.37,37,1,6,1,11,63521,453,9000,1,1,1,1,1,2900103,1000000
2024BG0007893,1,844.37,5,1,1,1,9,7678,54,0,0,6,1,5,1,2900103,1000000
2024BG0007894,1,844.37,32,2,5,1,11,28560,204,8000,3,1,1,1,1,2900101,1000000
2024BG0007895,1,844.37,38,1,2,1,15,138008,501,5000,3,1,1,1,1,2900101,1000000
2024BG0007896,1,844.37,18,2,3,1,17,36852,263,6000,3,1,1,5,1,2900104,1000000
2024BG0007897,1,844.37,33,1,1,1,15,57044,407,6000,3,1,1,1,1,2900105,1000000
2024BG0007898,1,844.37,32,2,4,1,12,35627,254,3000,3,1,1,1,1,2900101,1000000
2024BG0007899,1,844.37,18,1,5,1,15,66795,477,6000,4,1,1,5,1,2900105,1000000
2024BG0007900,1,844.37,11,2,1,1,7,3194,22,0,0,6,1,5,1,2900100,1000000
2024BG0007901,1,844.37,1,1,3,1,8,17150,122,0,0,6,1,5,1,2900106,1000000
2024BG0007902,1,844.37,23,2,3,1,18,66688,476,1000,1,1,1,5,1,2900102,1000000
2024BG0007903,1,844.37,36,1,2,1,13,36974,264,4000,1,1,1,1,1,2900102,1000000
2024BG0007904,1,844.37,32,2,5,1,16,159579,501,4000,1,1,1,1,1,2900103,1000000
2024BG0007905,1,844.37,49,2,6,1,11,30694,219,5000,6,1,1,1,1,2900103,1000000
2024BG0007906,1,844.37,17,1,1,1,20,125862,501,0,0,6,1,5,1,2900103,1000000
2024BG0007907,1,844.37,43,1,1,1,15,67898,484,3000,3,1,1,1,1,2900107,1000000
2024BG0007908,1,844.37,47,1,1,1,8,21601,154,8000,1,1,1,1,1,2900101,1000000
2024BG0007909,1,844.37,77,2,1,1,11,15440,110,0,0,6,1,5,1,2900100,1000000
2024BG0007910,1,844.37,7,2,6,1,1,10246,73,0,0,6,1,5,1,2900106,1000000
2024BG0007911,1,844.37,24,2,6,1,16,232209,501,3000,1,1,1,1,1,2900104,1000000
2024BG0007912,1,844.37,6,1,6,1,5,3255,23,0,0,6,1,5,1,2900101,1000000
2024BG0007913,1,844.37,17,2,5,1,18,28212,201,0,0,6,1,5,1,2900104,1000000
2024BG0007914,1,844.37,73,1,3,1,11,7974,56,0,0,6,1,1,1,2900100,1000000
2024BG0007915,1,844.37,25,1,2,1,10,28975,206,7000,1,1,1,1,1,2900105,1000000
2024BG0007916,1,844.37,22,2,6,1,16,66093,472,4000,2,1,1,5,1,2900107,1000000
2024BG0007917,1,844.37,21,1,2,1,15,26371,188,4000,3,1,1,5,1,2900106,1000000
2024BG0007918,1,844.37,58,1,1,1,6,13423,95,9800,1,3,1,1,1,2900102,1000000
2024BG0007919,1,844.37,22,1,4,1,18,62963,449,5000,1,1,1,5,1,2900106,1000000
2024BG0007920,1,844.37,10,1,1,1,1,3157,22,0,0,6,1,5,1,2900102,1000000
2024BG0007921,1,844.37,33,2,6,1,9,68178,486,6000,3,1,1,5,1,2900101,1000000
2024BG0007922,1,844.37,29,2,7,1,18,165512,501,4000,1,1,1,1,1,2900102,1000000
2024BG0007923,1,844.37,19,1,1,1,16,29316,209,4000,1,1,1,5,1,2900102,1000000
2024BG0007924,1,844.37,20,1,3,1,16,22027,157,3000,1,1,1,5,1,2900103,1000000
2024BG0007925,1,844.37,8,1,1,1,2,1491,10,0,0,6,1,5,1,2900100,1000000
2024BG0007926,1,844.37,48,2,1,1,15,159814,501,6000,4,1,1,1,1,2900106,1000000
2024BG0007927,1,844.37,57,1,1,1,6,16872,120,5000,4,5,1,1,1,2900106,1000000
2024BG0007928,1,844.37,24,2,1,1,16,179089,501,2000,2,1,2,5,1,2900105,1000000
2024BG0007929,1,844.37,33,1,7,1,15,128024,501,4000,3,2,1,1,1,2900107,1000000
2024BG0007930,1,844.37,18,2,1,1,20,98317,501,1000,2,1,1,5,1,2900106,1000000
2024BG0007931,1,844.37,6,1,1,1,2,6429,45,0,0,6,1,5,1,2900106,1000000
2024BG0007932,1,844.37,22,2,1,1,18,134882,501,1000,1,1,1,5,1,2900100,1000000
2024BG0007933,1,844.37,21,1,1,1,11,19038,135,9000,4,1,1,5,1,2900104,1000000
2024BG0007934,1,844.37,38,1,1,1,6,49068,350,7000,1,1,1,3,1,2900105,1000000
2024BG0007935,1,844.37,5,1,3,1,5,12788,91,0,0,6,1,5,1,2900107,1000000
2024BG0007936,1,844.37,4,1,4,1,7,8541,61,0,0,6,1,5,1,2900102,1000000
2024BG0007937,1,844.37,69,2,6,1,5,17747,126,9800,3,1,1,2,1,2900104,1000000
2024BG0007938,1,844.37,35,1,6,1,12,20303,145,5000,6,2,1,1,1,2900104,1000000
2024BG0007939,1,844.37,33,2,3,1,14,58989,421,4000,1,1,1,1,1,2900100,1000000
2024BG0007940,1,844.37,11,2,1,1,6,3259,23,0,0,6,1,5,1,2900107,1000000
2024BG0007941,1,844.37,29,2,4,1,17,100135,501,5000,3,1,1,5,1,2900106,1000000
2024BG0007942,1,844.37,33,1,1,1,8,4736,33,9800,1,1,1,1,1,2900102,1000000
2024BG0007943,1,844.37,3,1,2,1,3,7972,56,0,0,6,1,5,1,2900102,1000000
2024BG0007944,1,844.37,99,1,5,1,6,26117,186,0,0,6,1,1,1,2900107,1000000
2024BG0007945,1,844.37,33,2,1,1,9,101229,501,8000,6,4,1,1,1,2900105,1000000
2024BG0007946,1,844.37,37,2,2,1,14,83356,501,9000,1,1,1,1,1,2900101,1000000
2024BG0007947,1,844.37,45,1,1,1,7,17329,123,5000,6,1,1,1,1,2900103,1000000
2024BG0007948,1,844.37,16,1,1,1,17,50078,357,0,0,6,1,5,1,2900104,1000000
2024BG0007949,1,844.37,25,1,4,1,11,17203,122,6000,1,1,1,1,1,2900104,1000000
2024BG0007950,1,844.37,18,1,1,1,15,45077,321,6000,4,1,1,5,1,2900107,1000000
2024BG0007951,1,844.37,59,1,1,1,11,39541,282,6000,6,1,1,1,1,2900102,1000000
2024BG0007952,1,844.37,26,1,1,1,16,49520,353,3000,2,1,1,1,1,2900106,1000000
2024BG0007953,1,844.37,55,1,7,1,9,77693,501,5000,3,5,1,2,1,2900105,1000000
2024BG0007954,1,844.37,15,1,4,1,10,15924,113,0,0,6,1,5,1,2900106,1000000
2024BG0007955,1,844.37,32,1,3,1,13,30670,219,1000,1,1,5,1,1,2900101,1000000
2024BG0007956,1,844.37,14,1,1,1,2,4578,32,0,0,6,1,5,1,2900106,1000000
2024BG0007957,1,844.37,32,2,1,1,9,25032,178,5000,3,1,1,1,1,2900100,1000000
2024BG0007958,1,844.37,20,2,6,1,14,5773,41,3000,2,1,1,5,1,2900107,1000000
2024BG0007959,1,844.37,16,1,5,1,17,42361,302,0,0,6,1,5,1,2900103,1000000
2024BG0007960,1,844.37,12,2,1,1,3,13812,98,0,0,6,1,5,1,2900107,1000000
2024BG0007961,1,844.37,13,1,1,1,1,4320,30,0,0,6,1,5,1,2900103,1000000
2024BG0007962,1,844.37,35,2,4,1,14,30615,218,5000,3,1,1,1,1,2900104,1000000
2024BG0007963,1,844.37,33,2,2,1,16,123627,501,4000,1,1,1,1,1,2900106,1000000
2024BG0007964,1,844.37,49,2,1,1,9,80416,501,7000,4,1,1,1,1,2900101,1000000
2024BG0007965,1,844.37,48,1,1,1,9,26333,188,4000,3,1,1,1,1,2900102,1000000
2024BG0007966,1,844.37,86,2,1,1,11,40990,292,0,0,6,1,1,1,2900102,1000000
2024BG0007967,1,844.37,19,2,2,1,16,48940,349,4000,3,1,1,5,1,2900103,1000000
2024BG0007968,1,844.37,31,2,2,1,9,28542,203,3000,1,1,1,5,1,2900101,1000000
2024BG0007969,1,844.37,30,1,1,1,15,72926,501,4000,1,1,1,5,1,2900102,1000000
2024BG0007970,1,844.37,24,1,2,1,19,98936,501,2000,1,1,1,5,1,2900104,1000000
2024BG0007971,1,844.37,33,2,5,1,8,26332,188,9920,6,1,1,1,1,2900100,1000000
2024BG0007972,1,844.37,50,2,2,1,8,6033,43,8000,3,1,1,2,1,2900106,1000000
2024BG0007973,1,844.37,30,2,2,1,12,85812,501,2000,3,1,1,5,1,2900100,1000000
2024BG0007974,1,844.37,6,1,1,1,4,9104,65,0,0,6,1,5,1,2900102,1000000
2024BG0007975,1,844.37,19,2,1,1,15,35550,253,4000,1,1,1,1,1,2900104,1000000
2024BG0007976,1,844.37,18,1,5,1,18,31729,226,4000,3,1,1,5,1,2900107,1000000
2024BG0007977,1,844.37,3,1,3,1,6,5045,36,0,0,6,1,5,1,2900106,1000000
2024BG0007978,1,844.37,35,2,5,1,16,177799,501,4000,2,1,1,2,1,2900101,1000000
2024BG0007979,1,844.37,9,1,3,1,1,14414,102,0,0,6,1,5,1,2900106,1000000
2024BG0007980,1,844.37,2,2,4,1,4,5959,42,0,0,6,1,5,1,2900105,1000000
2024BG0007981,1,844.37,23,1,3,1,20,143804,501,2000,1,1,1,5,1,2900107,1000000
2024BG0007982,1,844.37,39,1,6,1,15,155859,501,1000,1,1,1,1,1,2900107,1000000
2024BG0007983,1,844.37,27,2,7,1,10,24562,175,6000,4,1,1,5,1,2900106,1000000
2024BG0007984,1,844.37,30,1,5,1,5,17779,126,5000,1,1,1,1,1,2900106,1000000
2024BG0007985,1,844.37,37,1,7,1,5,6221,44,7000,3,1,1,1,1,2900106,1000000
2024BG0007986,1,844.37,22,1,4,1,12,29055,207,3000,1,5,1,5,1,2900104,1000000
2024BG0007987,1,844.37,28,1,3,1,15,124369,501,4000,2,1,1,5,1,2900105,1000000
2024BG0007988,1,844.37,14,2,6,1,6,1630,11,0,0,6,1,5,1,2900107,1000000
2024BG0007989,1,844.37,15,1,1,1,17,44831,320,0,0,6,1,5,1,2900104,1000000
2024BG0007990,1,844.37,43,1,1,1,10,49395,352,1000,1,1,1,1,1,2900104,1000000
2024BG0007991,1,844.37,53,1,1,1,9,43092,307,8000,4,1,1,1,1,2900104,1000000
2024BG0007992,1,844.37,28,1,8,1,7,16372,116,6000,1,1,1,1,1,2900105,1000000
2024BG0007993,1,844.37,15,2,1,1,17,23014,164,0,0,6,1,5,1,2900107,1000000
2024BG0007994,1,844.37,4,1,1,1,3,1110,7,0,0,6,1,5,1,2900100,1000000
2024BG0007995,1,844.37,22,1,1,1,15,44656,318,6000,1,1,1,5,1,2900106,1000000
2024BG0007996,1,844.37,37,2,5,1,14,42886,306,7000,1,1,1,1,1,2900106,1000000
2024BG0007997,1,844.37,19,2,1,1,12,25785,184,4000,1,1,1,5,1,2900101,1000000
2024BG0007998,1,844.37,39,1,6,1,6,35152,251,9800,1,1,1,1,1,2900102,1000000
2024BG0007999,1,844.37,97,2,3,1,8,4397,31,0,0,6,1,5,1,2900106,1000000
2024BG0008000,1,844.37,39,1,1,1,12,69705,497,5000,1,1,1,5,1,2900106,1000000
2024BG0008001,1,844.37,20,1,1,1,14,58708,419,5000,4,2,1,5,1,2900106,1000000
2024BG0008002,1,844.37,30,1,1,1,5,28525,203,6000,6,1,1,1,1,2900100,1000000
2024BG0008003,1,844.37,19,1,2,1,15,35203,251,4000,1,1,1,5,1,2900107,1000000
2024BG0008004,1,844.37,0,1,1,1,6,1394,9,0,0,6,1,5,1,2900101,1000000
2024BG0008005,1,844.37,59,2,1,1,6,10479,74,9000,1,1,1,1,2,2900104,1000000
2024BG0008006,1,844.37,29,1,1,1,6,14813,105,9000,1,3,1,5,1,2900107,1000000
2024BG0008007,1,844.37,32,2,3,1,19,303461,501,4000,1,5,1,1,1,2900101,1000000
2024BG0008008,1,844.37,25,1,3,1,9,42694,304,9000,1,1,1,5,1,2900104,1000000
2024BG0008009,1,844.37,58,1,2,1,12,45952,328,4000,2,1,1,4,1,2900107,1000000
2024BG0008010,1,844.37,3,1,2,1,2,10097,72,0,0,6,1,5,1,2900100,1000000
2024BG0008011,1,844.37,18,1,1,1,15,47277,337,6000,6,1,1,5,1,2900106,1000000
2024BG0008012,1,844.37,20,1,1,1,18,67960,485,4000,1,1,1,5,1,2900105,1000000
2024BG0008013,1,844.37,38,2,7,1,16,120992,501,4000,3,1,1,1,1,2900100,1000000
2024BG0008014,1,844.37,18,1,1,1,16,30448,217,5000,1,1,1,5,1,2900104,1000000
2024BG0008015,1,844.37,43,1,3,1,15,102243,501,4000,1,1,1,1,1,2900105,1000000
2024BG0008016,1,844.37,24,2,3,1,18,128031,501,4000,1,1,1,5,1,2900105,1000000
2024BG0008017,1,844.37,45,1,1,1,14,52070,371,8000,3,1,1,1,1,2900104,1000000
2024BG0008018,1,844.37,30,2,3,1,13,54754,391,6000,1,1,1,1,1,2900100,1000000
2024BG0008019,1,844.37,20,2,3,1,17,108652,501,2000,2,1,1,5,1,2900102,1000000
2024BG0008020,1,844.37,1,2,1,1,6,15334,109,0,0,6,1,5,1,2900102,1000000
2024BG0008021,1,844.37,54,1,2,1,6,19500,139,9920,3,1,1,2,1,2900101,1000000
2024BG0008022,1,844.37,13,1,5,1,5,1369,9,0,0,6,1,5,1,2900106,1000000
2024BG0008023,1,844.37,41,2,1,1,11,38726,276,4000,1,1,1,1,1,2900107,1000000
2024BG0008024,1,844.37,24,1,6,1,15,70716,501,3000,1,1,1,5,1,2900105,1000000
2024BG0008025,1,844.37,32,2,1,1,16,146247,501,3000,1,1,1,1,1,2900105,1000000
2024BG0008026,1,844.37,21,1,1,1,14,52220,373,9800,4,1,1,5,1,2900107,1000000
2024BG0008027,1,844.37,10,2,4,1,3,8509,60,0,0,6,1,5,1,2900104,1000000
2024BG0008028,1,844.37,16,2,1,1,18,19434,138,0,0,6,1,5,1,2900102,1000000
2024BG0008029,1,844.37,52,2,1,1,9,66481,474,5000,1,1,1,1,1,2900105,1000000
2024BG0008030,1,844.37,19,1,4,1,18,41454,296,4000,1,1,1,5,1,2900106,1000000
2024BG0008031,1,844.37,23,1,1,1,11,19927,142,6000,1,5,1,5,1,2900100,1000000
2024BG0008032,1,844.37,23,2,6,1,13,24513,175,7000,6,1,1,5,1,2900107,1000000
2024BG0008033,1,844.37,74,1,2,1,6,2193,15,0,0,6,1,1,1,2900103,1000000
2024BG0008034,1,844.37,24,1,1,1,13,22965,164,2000,1,3,1,5,1,2900104,1000000
2024BG0008035,1,844.37,54,2,6,1,13,27054,193,7000,1,1,1,1,1,2900106,1000000
2024BG0008036,1,844.37,53,1,1,1,10,50810,362,9000,1,1,1,5,1,2900104,1000000
2024BG0008037,1,844.37,9,2,6,1,6,15277,109,0,0,6,1,5,1,2900106,1000000
2024BG0008038,1,844.37,0,1,3,1,3,7551,53,0,0,6,1,5,1,2900101,1000000
2024BG0008039,1,844.37,32,1,1,1,15,86994,501,5000,3,1,1,1,1,2900106,1000000
2024BG0008040,1,844.37,43,2,1,1,7,12923,92,9000,1,1,1,1,1,2900103,1000000
2024BG0008041,1,844.37,36,1,5,1,13,24355,173,6000,4,4,1,2,1,2900102,1000000
2024BG0008042,1,844.37,39,2,8,1,9,56593,404,3000,1,1,1,1,1,2900103,1000000
2024BG0008043,1,844.37,25,1,3,1,14,94480,501,4000,1,1,1,1,1,2900101,1000000
2024BG0008044,1,844.37,8,1,4,1,4,3497,24,0,0,6,1,5,1,2900105,1000000
2024BG0008045,1,844.37,71,2,5,1,5,18157,129,0,0,6,1,1,1,2900102,1000000
2024BG0008046,1,844.37,23,2,1,1,19,122162,501,1000,3,1,1,5,1,2900106,1000000
2024BG0008047,1,844.37,14,2,1,1,5,2876,20,0,0,6,1,5,1,2900107,1000000
2024BG0008048,1,844.37,44,1,4,1,12,79983,501,6000,3,1,1,1,1,2900101,1000000
2024BG0008049,1,844.37,21,1,8,1,17,50425,360,4000,1,1,1,5,1,2900103,1000000
2024BG0008050,1,844.37,21,2,9,1,15,22979,164,6000,1,2,1,5,1,2900104,1000000
2024BG0008051,1,844.37,2,1,1,1,2,5685,40,0,0,6,1,5,1,2900101,1000000
2024BG0008052,1,844.37,7,1,9,1,5,1615,11,0,0,6,1,5,1,2900103,1000000
2024BG0008053,1,844.37,58,2,4,1,11,37506,267,9800,4,1,1,1,1,2900103,1000000
2024BG0008054,1,844.37,35,2,5,1,13,24129,172,9800,1,1,1,1,1,2900107,1000000
2024BG0008055,1,844.37,43,2,1,1,12,73968,501,4000,1,1,1,1,1,2900105,1000000
2024BG0008056,1,844.37,18,1,2,1,17,40679,290,2000,1,1,1,5,1,2900103,1000000
2024BG0008057,1,844.37,69,2,5,1,5,2411,17,5000,3,1,1,1,1,2900107,1000000
2024BG0008058,1,844.37,62,2,6,1,12,20505,146,6000,1,1,1,1,1,2900107,1000000
2024BG0008059,1,844.37,23,2,5,1,16,33751,241,3000,2,1,1,5,2,2900101,1000000
2024BG0008060,1,844.37,24,1,1,1,16,47524,339,4000,2,1,1,5,1,2900105,1000000
2024BG0008061,1,844.37,19,1,1,1,10,11728,83,6000,1,1,1,5,1,2900102,1000000
2024BG0008062,1,844.37,52,1,1,1,8,14310,102,7000,1,2,1,1,1,2900101,1000000
2024BG0008063,1,844.37,31,2,3,1,6,29337,209,7000,4,1,1,1,1,2900101,1000000
2024BG0008064,1,844.37,50,2,5,1,11,45374,324,7000,1,1,1,2,1,2900100,1000000
2024BG0008065,1,844.37,21,2,1,1,12,21139,150,8000,6,1,1,5,1,2900103,1000000
2024BG0008066,1,844.37,1,2,2,1,4,1690,12,0,0,6,1,5,1,2900103,1000000
2024BG0008067,1,844.37,73,1,1,1,8,9263,66,0,0,6,1,1,1,2900104,1000000
2024BG0008068,1,844.37,19,1,1,1,17,50963,364,1000,1,1,1,1,1,2900107,1000000
2024BG0008069,1,844.37,97,2,2,1,9,24152,172,0,0,6,1,1,1,2900106,1000000
2024BG0008070,1,844.37,23,2,1,1,20,101531,501,4000,1,3,1,5,1,2900105,1000000
2024BG0008071,1,844.37,12,1,1,1,6,7294,52,0,0,6,5,5,1,2900100,1000000
2024BG0008072,1,844.37,0,1,4,1,6,2261,16,0,0,6,1,5,1,2900105,1000000
2024BG0008073,1,844.37,16,1,1,1,12,17505,125,0,0,6,1,5,1,2900102,1000000
2024BG0008074,1,844.37,9,1,5,1,4,10071,71,0,0,6,1,5,1,2900106,1000000
2024BG0008075,1,844.37,26,2,6,1,14,48370,345,5000,6,1,1,5,1,2900102,1000000
2024BG0008076,1,844.37,19,2,6,1,13,7956,56,8000,1,1,1,5,1,2900102,1000000
2024BG0008077,1,844.37,1,1,8,1,3,11708,83,0,0,6,1,5,1,2900101,1000000
2024BG0008078,1,844.37,8,1,5,1,4,3624,25,0,0,6,1,5,1,2900107,1000000
2024BG0008079,1,844.37,3,2,2,1,5,2362,16,0,0,6,1,5,1,2900104,1000000
2024BG0008080,1,844.37,5,2,1,1,2,2882,20,0,0,6,1,5,1,2900100,1000000
2024BG0008081,1,844.37,12,1,5,1,4,4170,29,0,0,6,1,5,1,2900103,1000000
2024BG0008082,1,844.37,26,1,4,1,14,79378,501,7000,6,1,1,1,1,2900102,1000000
2024BG0008083,1,844.37,29,1,2,1,10,11831,84,6000,1,1,1,1,1,2900106,1000000
2024BG0008084,1,844.37,49,2,1,1,7,15262,109,9920,1,1,1,1,1,2900103,1000000
2024BG0008085,1,844.37,43,1,1,1,14,15615,111,7000,3,1,1,1,1,2900107,1000000
2024BG0008086,1,844.37,31,2,6,1,13,73973,501,6000,6,1,1,1,1,2900106,1000000
2024BG0008087,1,844.37,26,1,1,1,9,24596,175,8000,1,1,1,5,2,2900106,1000000
2024BG0008088,1,844.37,16,2,1,1,18,53914,385,0,0,6,1,5,1,2900100,1000000
2024BG0008089,1,844.37,39,2,3,1,13,30234,215,5000,1,1,1,1,1,2900107,1000000
2024BG0008090,1,844.37,40,1,1,1,18,155596,501,5000,1,1,1,1,1,2900100,1000000
2024BG0008091,1,844.37,36,1,6,1,16,171895,501,4000,3,1,1,2,1,2900104,1000000
2024BG0008092,1,844.37,12,2,2,1,3,11506,82,0,0,6,1,5,1,2900103,1000000
2024BG0008093,1,844.37,45,2,1,1,8,9686,69,8000,3,1,1,5,1,2900106,1000000
2024BG0008094,1,844.37,26,2,1,1,15,57648,411,4000,2,1,1,5,1,2900106,1000000
2024BG0008095,1,844.37,38,1,2,1,18,95845,501,2000,1,1,1,1,1,2900106,1000000
2024BG0008096,1,844.37,87,1,5,1,11,9976,71,0,0,6,1,1,1,2900105,1000000
2024BG0008097,1,844.37,18,1,1,1,14,9823,70,6000,1,1,1,5,1,2900100,1000000
2024BG0008098,1,844.37,16,2,3,1,18,72827,501,0,0,6,1,5,1,2900103,1000000
2024BG0008099,1,844.37,33,1,1,1,10,30017,214,3000,1,1,1,1,1,2900102,1000000
2024BG0008100,1,844.37,5,2,6,1,5,12233,87,0,0,6,1,5,1,2900103,1000000
2024BG0008101,1,844.37,25,2,3,1,15,59536,425,6000,3,1,1,1,1,2900100,1000000
2024BG0008102,1,844.37,46,2,5,1,9,65517,467,3000,3,1,1,1,1,2900100,1000000
2024BG0008103,1,844.37,4,1,6,1,5,7322,52,0,0,6,1,5,1,2900102,1000000
2024BG0008104,1,844.37,30,2,3,1,10,24550,175,5000,1,1,1,5,1,2900107,1000000
2024BG0008105,1,844.37,22,2,5,1,17,195102,501,5000,4,1,1,5,1,2900104,1000000
2024BG0008106,1,844.37,26,1,3,1,5,10737,76,5000,1,1,1,5,1,2900100,1000000
2024BG0008107,1,844.37,17,2,1,1,13,11377,81,0,0,6,1,5,1,2900100,1000000
2024BG0008108,1,844.37,11,1,1,1,3,3610,25,0,0,6,1,5,1,2900107,1000000
2024BG0008109,1,844.37,18,2,1,1,14,22039,157,4000,1,1,1,5,1,2900103,1000000
2024BG0008110,1,844.37,13,1,1,1,5,7045,50,0,0,6,1,5,1,2900104,1000000
2024BG0008111,1,844.37,30,1,4,1,5,16054,114,6000,1,3,2,5,1,2900103,1000000
2024BG0008112,1,844.37,29,1,7,1,15,226150,501,6000,1,1,1,5,1,2900106,1000000
2024BG0008113,1,844.37,27,2,3,1,12,59686,426,2000,1,1,1,1,1,2900107,1000000
2024BG0008114,1,844.37,23,1,4,1,14,23015,164,5000,1,1,1,5,1,2900106,1000000
2024BG0008115,1,844.37,34,2,6,1,12,62876,449,8000,4,1,1,5,2,2900104,1000000
2024BG0008116,1,844.37,31,1,2,1,17,221749,501,3000,2,1,1,1,1,2900102,1000000
2024BG0008117,1,844.37,31,2,1,1,11,61628,440,9800,1,1,1,1,1,2900103,1000000
2024BG0008118,1,844.37,25,2,6,1,10,19316,137,7000,1,1,1,1,1,2900101,1000000
2024BG0008119,1,844.37,33,2,3,1,13,78414,501,6000,3,1,1,1,1,2900101,1000000
2024BG0008120,1,844.37,16,1,5,1,11,19854,141,0,0,6,1,5,1,2900104,1000000
2024BG0008121,1,844.37,53,1,2,1,5,13860,99,5000,3,1,1,2,1,2900107,1000000
2024BG0008122,1,844.37,17,2,1,1,11,16195,115,0,0,6,1,5,1,2900106,1000000
2024BG0008123,1,844.37,40,2,2,1,18,105633,501,4000,1,1,1,1,1,2900100,1000000
2024BG0008124,1,844.37,44,2,4,1,18,407703,501,5000,1,4,1,1,1,2900101,1000000
2024BG0008125,1,844.37,59,1,3,1,14,56087,400,9800,1,1,1,1,1,2900104,1000000
2024BG0008126,1,844.37,43,2,3,1,15,85329,501,4000,1,1,1,1,1,2900106,1000000
2024BG0008127,1,844.37,24,1,2,1,15,49798,355,4000,2,1,1,1,1,2900103,1000000
2024BG0008128,1,844.37,39,1,4,1,12,63289,452,3000,1,1,1,1,1,2900101,1000000
2024BG0008129,1,844.37,18,1,3,1,13,14876,106,7000,4,1,1,5,1,2900107,1000000
2024BG0008130,1,844.37,15,1,1,1,18,42429,303,0,0,6,5,5,1,2900105,1000000
2024BG0008131,1,844.37,26,2,3,1,15,92578,501,4000,1,1,1,1,2,2900100,1000000
2024BG0008132,1,844.37,8,2,5,1,2,12099,86,0,0,6,1,5,1,2900107,1000000
2024BG0008133,1,844.37,6,2,1,1,1,8241,58,0,0,6,1,5,1,2900100,1000000
2024BG0008134,1,844.37,35,1,3,1,10,21498,153,4000,1,1,1,1,1,2900104,1000000
2024BG0008135,1,844.37,12,1,2,1,9,23265,166,0,0,6,1,5,1,2900107,1000000
2024BG0008136,1,844.37,31,2,3,1,10,69686,497,8000,4,1,1,1,1,2900105,1000000
2024BG0008137,1,844.37,18,2,1,1,16,28760,205,4000,3,1,1,5,1,2900104,1000000
2024BG0008138,1,844.37,25,1,2,1,9,27521,196,7000,1,3,1,1,1,2900104,1000000
2024BG0008139,1,844.37,46,1,6,1,5,8097,57,9800,6,1,1,1,1,2900102,1000000
2024BG0008140,1,844.37,7,2,4,1,4,6865,49,0,0,6,1,5,1,2900106,1000000
2024BG0008141,1,844.37,58,1,2,1,8,16929,120,5000,1,2,1,1,1,2900103,1000000
2024BG0008142,1,844.37,27,1,1,1,15,83565,501,5000,1,4,1,1,1,2900104,1000000
2024BG0008143,1,844.37,53,1,2,1,6,31051,221,8000,4,1,1,2,1,2900102,1000000
2024BG0008144,1,844.37,39,1,2,1,14,40851,291,4000,1,1,1,1,1,2900102,1000000
2024BG0008145,1,844.37,49,1,1,1,8,21105,150,7000,1,1,1,1,1,2900104,1000000
2024BG0008146,1,844.37,2,2,2,1,6,14655,104,0,0,6,1,5,1,2900107,1000000
2024BG0008147,1,844.37,57,1,1,1,10,29687,212,5000,3,1,1,1,1,2900101,1000000
2024BG0008148,1,844.37,17,1,2,1,13,20742,148,0,0,6,1,5,1,2900106,1000000
2024BG0008149,1,844.37,47,1,1,1,14,62485,446,5000,6,1,1,1,1,2900100,1000000
2024BG0008150,1,844.37,26,2,1,1,14,52459,374,3000,1,2,1,1,1,2900100,1000000
2024BG0008151,1,844.37,42,1,2,1,8,24815,177,5000,3,1,1,1,1,2900104,1000000
2024BG0008152,1,844.37,6,1,5,1,1,3715,26,0,0,6,1,5,1,2900101,1000000
2024BG0008153,1,844.37,11,2,3,1,3,2644,18,0,0,6,1,5,1,2900100,1000000
2024BG0008154,1,844.37,55,2,1,1,12,84397,501,6000,1,1,1,1,1,2900102,1000000
2024BG0008155,1,844.37,26,1,4,1,12,61089,436,1000,1,1,1,1,1,2900105,1000000
2024BG0008156,1,844.37,20,2,1,1,18,30889,220,6000,3,1,1,5,1,2900104,1000000
2024BG0008157,1,844.37,11,1,1,1,6,5635,40,0,0,6,1,5,1,2900106,1000000
2024BG0008158,1,844.37,58,2,5,1,11,48556,346,2000,2,1,1,1,1,2900100,1000000
2024BG0008159,1,844.37,32,2,6,1,10,47260,337,6000,1,1,1,5,1,2900107,1000000
2024BG0008160,1,844.37,81,1,4,1,5,4938,35,0,0,6,1,5,1,2900104,1000000
2024BG0008161,1,844.37,30,1,3,1,14,28354,202,8000,1,1,1,5,1,2900101,1000000
2024BG0008162,1,844.37,18,1,5,1,13,40392,288,8000,1,1,1,5,1,2900100,1000000
2024BG0008163,1,844.37,30,2,4,1,14,35673,254,4000,1,1,1,5,1,2900101,1000000
2024BG0008164,1,844.37,39,1,1,1,11,39563,282,5000,6,1,1,1,1,2900105,1000000
2024BG0008165,1,844.37,0,1,1,1,2,3240,23,0,0,6,1,5,1,2900107,1000000
2024BG0008166,1,844.37,30,1,6,1,14,55072,393,8000,4,1,1,1,1,2900106,1000000
2024BG0008167,1,844.37,43,1,3,1,14,117517,501,6000,1,1,1,1,1,2900103,1000000
2024BG0008168,1,844.37,10,2,2,1,4,17524,125,0,0,6,1,5,1,2900100,1000000
2024BG0008169,1,844.37,57,2,4,1,11,148585,501,4000,1,1,1,1,1,2900102,1000000
2024BG0008170,1,844.37,52,1,6,1,10,41500,296,6000,1,1,1,1,1,2900102,1000000
2024BG0008171,1,844.37,27,1,1,1,13,54860,391,8000,1,1,1,1,1,2900102,1000000
2024BG0008172,1,844.37,44,2,1,1,8,21840,156,9000,1,2,1,1,1,2900103,1000000
2024BG0008173,1,844.37,40,2,1,1,17,79966,501,5000,1,1,1,1,1,2900107,1000000
2024BG0008174,1,844.37,34,2,1,1,18,236554,501,5000,3,3,1,5,1,2900101,1000000
2024BG0008175,1,844.37,18,2,4,1,17,28649,204,5000,1,1,1,5,1,2900104,1000000
2024BG0008176,1,844.37,26,1,6,1,12,23307,166,4000,3,1,1,1,1,2900101,1000000
2024BG0008177,1,844.37,44,1,6,1,6,12744,91,9000,3,1,1,1,1,2900105,1000000
2024BG0008178,1,844.37,44,2,3,1,12,23642,168,6000,1,1,1,1,1,2900102,1000000
2024BG0008179,1,844.37,12,1,1,1,4,8803,62,0,0,6,1,5,1,2900107,1000000
2024BG0008180,1,844.37,26,2,1,1,16,44717,319,3000,1,2,1,5,1,2900106,1000000
2024BG0008181,1,844.37,30,1,1,1,8,11318,80,7000,1,1,1,5,1,2900103,1000000
2024BG0008182,1,844.37,10,1,1,1,1,4567,32,0,0,6,1,5,1,2900106,1000000
2024BG0008183,1,844.37,14,2,5,1,7,24424,174,0,0,6,1,5,1,2900102,1000000
2024BG0008184,1,844.37,36,2,1,1,13,33244,237,5000,3,1,1,1,1,2900101,1000000
2024BG0008185,1,844.37,54,2,2,1,9,65628,468,7000,1,1,1,3,1,2900100,1000000
2024BG0008186,1,844.37,38,1,6,1,7,25739,183,8000,1,1,1,1,1,2900105,1000000
2024BG0008187,1,844.37,95,1,1,1,7,14258,101,0,0,6,1,1,1,2900103,1000000
2024BG0008188,1,844.37,44,1,1,1,13,55840,398,9800,1,1,1,1,1,2900106,1000000
2024BG0008189,1,844.37,47,2,1,1,9,113991,501,6000,6,1,1,1,1,2900100,1000000
2024BG0008190,1,844.37,33,1,6,1,9,25333,180,3000,2,1,1,5,1,2900105,1000000
2024BG0008191,1,844.37,6,2,1,1,3,15327,109,0,0,6,1,5,1,2900104,1000000
2024BG0008192,1,844.37,24,1,1,1,14,28110,200,6000,1,3,1,5,1,2900100,1000000
2024BG0008193,1,844.37,44,2,1,1,15,68083,486,1000,2,1,1,1,1,2900106,1000000
2024BG0008194,1,844.37,38,1,1,1,7,12353,88,7000,4,1,1,1,1,2900106,1000000
2024BG0008195,1,844.37,19,1,3,1,18,81982,501,1000,1,1,1,1,2,2900103,1000000
2024BG0008196,1,844.37,38,2,6,1,9,27877,199,5000,1,1,1,1,1,2900102,1000000
2024BG0008197,1,844.37,40,1,1,1,11,31729,226,9800,1,1,1,1,1,2900103,1000000
2024BG0008198,1,844.37,36,1,2,1,10,30800,220,6000,4,1,1,2,1,2900106,1000000
2024BG0008199,1,844.37,38,2,1,1,11,121143,501,4000,1,5,1,1,1,2900105,1000000
2024BG0008200,1,844.37,28,2,2,1,7,14952,106,9920,3,1,1,5,1,2900102,1000000
2024BG0008201,1,844.37,16,1,1,1,16,53951,385,0,0,6,1,5,1,2900106,1000000
2024BG0008202,1,844.37,24,1,1,1,15,51228,365,4000,1,1,1,5,1,2900103,1000000
2024BG0008203,1,844.37,24,2,2,1,18,52290,373,6000,1,1,1,5,1,2900107,1000000
2024BG0008204,1,844.37,5,1,5,1,5,10277,73,0,0,6,1,5,1,2900104,1000000
2024BG0008205,1,844.37,24,1,1,1,16,96887,501,1000,1,3,1,5,1,2900102,1000000
2024BG0008206,1,844.37,57,2,2,1,6,8198,58,9000,3,1,1,5,1,2900103,1000000
2024BG0008207,1,844.37,40,2,5,1,7,21851,156,6000,3,1,1,1,1,2900106,1000000
2024BG0008208,1,844.37,29,2,3,1,7,15022,107,9920,1,1,1,5,1,2900106,1000000
2024BG0008209,1,844.37,17,1,3,1,11,12606,90,0,0,6,1,5,1,2900101,1000000
2024BG0008210,1,844.37,61,2,1,1,6,16384,117,8000,4,1,1,1,1,2900105,1000000
2024BG0008211,1,844.37,37,2,1,1,13,25037,178,3000,3,1,1,1,2,2900107,1000000
2024BG0008212,1,844.37,33,2,1,1,7,42470,303,9800,1,4,1,1,1,2900100,1000000
2024BG0008213,1,844.37,39,1,1,1,12,29552,211,6000,3,1,1,1,1,2900106,1000000
2024BG0008214,1,844.37,40,2,6,1,8,72316,501,5000,4,1,1,1,1,2900104,1000000
2024BG0008215,1,844.37,5,1,2,1,8,21113,150,0,0,6,1,5,1,2900103,1000000
2024BG0008216,1,844.37,28,2,1,1,15,79719,501,2000,1,1,1,1,1,2900102,1000000
2024BG0008217,1,844.37,21,2,4,1,16,21805,155,1000,1,1,1,1,1,2900106,1000000
2024BG0008218,1,844.37,25,2,2,1,13,30558,218,4000,1,1,1,5,1,2900103,1000000
2024BG0008219,1,844.37,42,1,1,1,11,29287,209,7000,1,1,1,5,1,2900100,1000000
2024BG0008220,1,844.37,18,1,1,1,14,10817,77,6000,1,1,1,5,1,2900102,1000000
2024BG0008221,1,844.37,20,1,1,1,16,36408,260,3000,2,4,1,5,1,2900102,1000000
2024BG0008222,1,844.37,45,2,2,1,13,32955,235,5000,1,1,1,1,1,2900101,1000000
2024BG0008223,1,844.37,3,1,1,1,6,1526,10,0,0,6,1,5,1,2900100,1000000
2024BG0008224,1,844.37,7,1,5,1,5,4464,31,0,0,6,1,5,1,2900107,1000000
2024BG0008225,1,844.37,34,2,1,1,14,28531,203,7000,1,1,1,5,1,2900102,1000000
2024BG0008226,1,844.37,44,1,6,1,14,53410,381,3000,2,1,1,1,1,2900100,1000000
2024BG0008227,1,844.37,0,1,6,1,7,2777,19,0,0,6,1,5,1,2900104,1000000
2024BG0008228,1,844.37,6,2,2,1,1,7649,54,0,0,6,1,5,1,2900100,1000000
2024BG0008229,1,844.37,31,1,8,1,12,44830,320,6000,4,1,1,5,2,2900104,1000000
2024BG0008230,1,844.37,44,2,2,1,13,42294,302,8000,4,1,5,1,1,2900105,1000000
2024BG0008231,1,844.37,16,1,2,1,12,23752,169,0,0,6,1,5,1,2900106,1000000
2024BG0008232,1,844.37,38,2,1,1,12,51980,371,6000,1,1,1,1,1,2900105,1000000
2024BG0008233,1,844.37,24,2,1,1,16,87814,501,6000,6,1,1,5,1,2900106,1000000
2024BG0008234,1,844.37,21,2,5,1,17,50469,360,3000,1,1,1,5,1,2900102,1000000
2024BG0008235,1,844.37,2,2,1,1,2,9461,67,0,0,6,1,5,2,2900103,1000000
2024BG0008236,1,844.37,30,2,2,1,11,31648,226,1000,1,1,1,1,1,2900101,1000000
2024BG0008237,1,844.37,22,1,1,1,18,120872,501,5000,1,1,1,5,1,2900102,1000000
2024BG0008238,1,844.37,17,1,2,1,15,30228,215,0,0,6,1,5,1,2900106,1000000
2024BG0008239,1,844.37,45,2,1,1,14,97082,501,5000,3,3,2,1,1,2900104,1000000
2024BG0008240,1,844.37,39,1,1,1,16,163430,501,4000,1,1,5,1,1,2900100,1000000
2024BG0008241,1,844.37,31,2,2,1,8,53071,379,9800,1,1,1,1,1,2900107,1000000
2024BG0008242,1,844.37,25,2,9,1,9,110007,501,6000,1,1,1,5,1,2900102,1000000
2024BG0008243,1,844.37,47,1,1,1,12,26816,191,2000,1,1,1,5,1,2900107,1000000
2024BG0008244,1,844.37,5,1,4,1,7,5719,40,0,0,6,1,5,1,2900102,1000000
2024BG0008245,1,844.37,25,1,5,1,15,243087,501,4000,1,1,1,1,1,2900105,1000000
2024BG0008246,1,844.37,27,1,6,1,12,21554,153,4000,1,1,1,1,1,2900106,1000000
2024BG0008247,1,844.37,33,1,1,1,6,21345,152,9920,3,1,1,1,1,2900102,1000000
2024BG0008248,1,844.37,32,2,7,1,13,168539,501,9800,3,1,1,1,1,2900101,1000000
2024BG0008249,1,844.37,28,2,7,1,18,27090,193,2000,1,1,1,1,1,2900103,1000000
2024BG0008250,1,844.37,30,1,2,1,13,74981,501,2000,3,1,1,1,1,2900102,1000000
2024BG0008251,1,844.37,19,1,2,1,13,20931,149,7000,3,1,1,5,1,2900104,1000000
2024BG0008252,1,844.37,2,1,5,1,4,15258,108,0,0,6,1,5,1,2900101,1000000
2024BG0008253,1,844.37,18,1,6,1,17,18389,131,3000,1,1,1,1,1,2900106,1000000
2024BG0008254,1,844.37,31,1,6,1,11,81422,501,8000,6,1,1,5,1,2900107,1000000
2024BG0008255,1,844.37,39,2,1,1,9,106125,501,6000,3,1,1,1,1,2900100,1000000
2024BG0008256,1,844.37,3,2,1,1,1,22301,159,0,0,6,1,5,1,2900107,1000000
2024BG0008257,1,844.37,42,1,6,1,6,30158,215,5000,1,1,1,1,1,2900104,1000000
2024BG0008258,1,844.37,57,2,3,1,8,25860,184,9920,1,1,1,2,1,2900107,1000000
2024BG0008259,1,844.37,94,2,3,1,7,9885,70,0,0,6,1,1,1,2900102,1000000
2024BG0008260,1,844.37,37,1,3,1,19,199488,501,4000,1,1,1,5,1,2900107,1000000
2024BG0008261,1,844.37,50,2,3,1,6,21248,151,9920,4,1,1,2,1,2900103,1000000
2024BG0008262,1,844.37,24,2,5,1,16,56288,402,6000,1,1,1,5,1,2900104,1000000
2024BG0008263,1,844.37,38,2,1,1,11,39772,284,6000,1,1,1,1,1,2900106,1000000
2024BG0008264,1,844.37,4,2,2,1,7,6089,43,0,0,6,1,5,1,2900107,1000000
2024BG0008265,1,844.37,59,1,2,1,5,7143,51,7000,1,1,1,2,1,2900105,1000000
2024BG0008266,1,844.37,46,2,1,1,9,78888,501,5000,3,1,1,1,1,2900106,1000000
2024BG0008267,1,844.37,36,2,1,1,9,50735,362,5000,3,1,1,1,1,2900105,1000000
2024BG0008268,1,844.37,3,1,2,1,1,8941,63,0,0,6,1,5,1,2900107,1000000
2024BG0008269,1,844.37,47,1,1,1,15,143631,501,4000,1,1,1,3,1,2900101,1000000
2024BG0008270,1,844.37,16,1,1,1,15,49161,351,0,0,6,1,5,1,2900101,1000000
2024BG0008271,1,844.37,22,2,1,1,17,209100,501,1000,1,1,1,1,1,2900100,1000000
2024BG0008272,1,844.37,95,2,1,1,12,6970,49,0,0,6,1,1,1,2900101,1000000
2024BG0008273,1,844.37,41,1,3,1,15,248374,501,5000,1,1,1,1,1,2900104,1000000
2024BG0008274,1,844.37,14,2,1,1,4,7174,51,0,0,6,1,5,1,2900101,1000000
2024BG0008275,1,844.37,40,2,3,1,16,69102,493,6000,3,3,1,5,1,2900106,1000000
2024BG0008276,1,844.37,8,1,2,1,2,13678,97,0,0,6,1,5,1,2900107,1000000
2024BG0008277,1,844.37,33,2,1,1,12,42682,304,8000,3,1,1,1,1,2900100,1000000
2024BG0008278,1,844.37,21,1,5,1,16,44863,320,6000,3,1,1,5,1,2900107,1000000
2024BG0008279,1,844.37,10,1,1,1,6,12119,86,0,0,6,1,5,1,2900103,1000000
2024BG0008280,1,844.37,30,1,1,1,10,44789,319,4000,1,1,1,1,1,2900101,1000000
2024BG0008281,1,844.37,26,1,1,1,14,17134,122,2000,2,1,1,5,1,2900102,1000000
2024BG0008282,1,844.37,16,1,1,1,18,28569,204,0,0,6,1,5,1,2900100,1000000
2024BG0008283,1,844.37,31,1,7,1,16,181414,501,2000,1,1,1,1,1,2900107,1000000
2024BG0008284,1,844.37,6,2,1,1,4,1871,13,0,0,6,1,5,1,2900103,1000000
2024BG0008285,1,844.37,36,1,2,1,11,67473,481,7000,1,1,1,5,1,2900106,1000000
2024BG0008286,1,844.37,5,2,6,1,1,3314,23,0,0,6,1,5,1,2900105,1000000
2024BG0008287,1,844.37,43,2,1,1,11,32993,235,6000,3,1,1,1,1,2900104,1000000
2024BG0008288,1,844.37,40,1,1,1,11,101119,501,6000,1,1,1,1,1,2900103,1000000
2024BG0008289,1,844.37,18,1,5,1,18,87713,501,3000,1,3,1,5,1,2900103,1000000
2024BG0008290,1,844.37,10,1,1,1,7,4674,33,0,0,6,1,5,1,2900104,1000000
2024BG0008291,1,844.37,39,2,5,1,12,57519,410,1000,1,1,1,5,1,2900102,1000000
2024BG0008292,1,844.37,17,1,2,1,15,25658,183,0,0,6,1,5,1,2900106,1000000
2024BG0008293,1,844.37,54,1,2,1,10,13077,93,6000,1,1,1,3,1,2900105,1000000
2024BG0008294,1,844.37,43,1,3,1,6,26242,187,5000,1,1,1,1,1,2900101,1000000
2024BG0008295,1,844.37,27,2,6,1,10,22934,163,1000,1,2,1,5,1,2900106,1000000
2024BG0008296,1,844.37,21,2,2,1,14,4755,33,5000,6,1,1,1,1,2900106,1000000
2024BG0008297,1,844.37,2,2,4,1,8,4409,31,0,0,6,1,5,1,2900100,1000000
2024BG0008298,1,844.37,42,1,1,1,17,126338,501,5000,1,1,1,5,1,2900107,1000000
2024BG0008299,1,844.37,88,1,1,1,7,7496,53,0,0,6,2,1,1,2900106,1000000
2024BG0008300,1,844.37,39,2,2,1,12,25495,182,8000,1,1,1,1,1,2900100,1000000
2024BG0008301,1,844.37,11,1,1,1,8,6625,47,0,0,6,1,5,1,2900101,1000000
2024BG0008302,1,844.37,31,2,2,1,12,45945,328,5000,3,1,1,1,1,2900101,1000000
2024BG0008303,1,844.37,73,2,2,1,7,6585,47,0,0,6,1,2,1,2900101,1000000
2024BG0008304,1,844.37,44,1,5,1,13,85416,501,5000,3,1,1,1,1,2900100,1000000
2024BG0008305,1,844.37,6,1,5,1,5,12388,88,0,0,6,1,5,1,2900105,1000000
2024BG0008306,1,844.37,4,1,6,1,7,5301,37,0,0,6,2,5,1,2900101,1000000
2024BG0008307,1,844.37,40,1,2,1,15,89916,501,2000,1,1,1,1,1,2900106,1000000
2024BG0008308,1,844.37,40,1,1,1,18,118101,501,4000,3,2,1,1,1,2900105,1000000
2024BG0008309,1,844.37,61,1,1,1,12,62076,443,2000,1,1,1,1,1,2900100,1000000
2024BG0008310,1,844.37,23,2,3,1,17,72392,501,4000,1,1,1,1,1,2900106,1000000
2024BG0008311,1,844.37,57,1,2,1,9,129824,501,9000,1,1,1,3,1,2900100,1000000
2024BG0008312,1,844.37,18,2,7,1,15,54448,388,3000,3,1,1,5,2,2900101,1000000
2024BG0008313,1,844.37,50,1,1,1,5,15891,113,9920,1,1,1,1,1,2900102,1000000
2024BG0008314,1,844.37,29,2,1,1,5,6559,46,5000,3,1,1,5,1,2900103,1000000
2024BG0008315,1,844.37,11,2,6,1,6,5301,37,0,0,6,1,5,1,2900102,1000000
2024BG0008316,1,844.37,35,2,1,1,13,38623,275,5000,3,1,1,1,1,2900101,1000000
2024BG0008317,1,844.37,39,1,3,1,11,33233,237,5000,1,1,1,5,1,2900102,1000000
2024BG0008318,1,844.37,8,1,6,1,6,2931,20,0,0,6,1,5,1,2900104,1000000
2024BG0008319,1,844.37,85,2,3,1,6,3510,25,0,0,6,1,1,1,2900101,1000000
2024BG0008320,1,844.37,56,1,7,1,14,10837,77,7000,3,4,1,1,1,2900107,1000000
2024BG0008321,1,844.37,23,2,3,1,12,43299,309,5000,6,3,1,5,1,2900106,1000000
2024BG0008322,1,844.37,49,1,6,1,6,26377,188,6000,4,5,1,2,1,2900102,1000000
2024BG0008323,1,844.37,62,2,1,1,5,10676,76,6000,1,1,1,2,1,2900101,1000000
2024BG0008324,1,844.37,55,2,1,1,13,40221,287,2000,2,1,1,1,1,2900106,1000000
2024BG0008325,1,844.37,51,2,3,1,11,50147,358,4000,1,1,1,1,1,2900105,1000000
2024BG0008326,1,844.37,32,1,1,1,15,70989,501,6000,4,1,1,1,1,2900103,1000000
2024BG0008327,1,844.37,51,2,1,1,9,68760,491,5000,1,1,1,1,1,2900105,1000000
2024BG0008328,1,844.37,9,1,6,1,7,7974,56,0,0,6,1,5,1,2900102,1000000
2024BG0008329,1,844.37,97,1,9,1,10,59858,427,0,0,6,1,1,1,2900101,1000000
2024BG0008330,1,844.37,6,2,4,1,9,34441,246,0,0,6,1,5,1,2900102,1000000
2024BG0008331,1,844.37,19,1,2,1,18,33373,238,1000,2,1,1,1,2,2900103,1000000
2024BG0008332,1,844.37,45,1,2,1,11,24633,175,9000,3,1,1,1,1,2900101,1000000
2024BG0008333,1,844.37,44,1,1,1,13,83614,501,8000,1,1,1,1,1,2900103,1000000
2024BG0008334,1,844.37,43,1,6,1,10,32692,233,2000,3,1,1,1,1,2900104,1000000
2024BG0008335,1,844.37,21,2,7,1,17,46230,330,4000,1,1,1,5,1,2900101,1000000
2024BG0008336,1,844.37,58,1,1,1,7,11244,80,9920,4,4,1,1,1,2900100,1000000
2024BG0008337,1,844.37,18,2,6,1,11,18730,133,9000,6,1,1,5,1,2900103,1000000
2024BG0008338,1,844.37,26,2,2,1,13,32837,234,9800,3,1,1,5,1,2900106,1000000
2024BG0008339,1,844.37,0,1,1,1,9,68622,490,0,0,6,1,5,1,2900104,1000000
2024BG0008340,1,844.37,15,1,3,1,12,29929,213,0,0,6,1,5,1,2900107,1000000
2024BG0008341,1,844.37,33,1,1,1,15,113316,501,1000,1,1,1,1,1,2900100,1000000
2024BG0008342,1,844.37,27,1,6,1,15,425076,501,4000,3,5,1,5,1,2900102,1000000
2024BG0008343,1,844.37,44,1,7,1,13,29112,207,1000,1,2,1,1,1,2900104,1000000
2024BG0008344,1,844.37,100,2,2,1,5,14351,102,0,0,6,1,3,1,2900104,1000000
2024BG0008345,1,844.37,16,1,1,1,14,12849,91,0,0,6,1,5,1,2900101,1000000
2024BG0008346,1,844.37,29,2,1,1,18,127278,501,6000,3,1,1,1,2,2900103,1000000
2024BG0008347,1,844.37,9,1,1,1,8,6183,44,0,0,6,1,5,1,2900104,1000000
2024BG0008348,1,844.37,1,1,1,1,6,6407,45,0,0,6,1,5,1,2900107,1000000
2024BG0008349,1,844.37,14,1,5,1,4,5471,39,0,0,6,1,5,1,2900102,1000000
2024BG0008350,1,844.37,8,1,5,1,5,4353,31,0,0,6,1,5,1,2900104,1000000
2024BG0008351,1,844.37,27,1,3,1,7,6689,47,5000,6,1,1,1,1,2900102,1000000
2024BG0008352,1,844.37,37,2,5,1,11,165040,501,6000,3,1,1,1,1,2900106,1000000
2024BG0008353,1,844.37,1,2,1,1,2,5755,41,0,0,6,1,5,1,2900103,1000000
2024BG0008354,1,844.37,34,2,2,1,6,20580,147,5000,3,1,1,5,1,2900101,1000000
2024BG0008355,1,844.37,14,2,3,1,6,3345,23,0,0,6,1,5,1,2900106,1000000
2024BG0008356,1,844.37,33,1,3,1,8,23241,166,7000,1,1,1,1,1,2900102,1000000
2024BG0008357,1,844.37,29,1,5,1,8,7251,51,7000,1,1,1,5,1,2900107,1000000
2024BG0008358,1,844.37,42,2,1,1,16,142629,501,2000,1,1,1,1,1,2900106,1000000
2024BG0008359,1,844.37,41,2,3,1,13,32522,232,2000,1,1,1,1,1,2900105,1000000
2024BG0008360,1,844.37,37,2,4,1,14,37933,270,9800,6,1,1,1,1,2900104,1000000
2024BG0008361,1,844.37,24,1,3,1,13,89118,501,6000,1,1,1,5,1,2900104,1000000
2024BG0008362,1,844.37,35,1,2,1,16,32768,234,4000,3,1,1,5,2,2900107,1000000
2024BG0008363,1,844.37,12,2,5,1,7,8053,57,0,0,6,1,5,1,2900104,1000000
2024BG0008364,1,844.37,59,1,4,1,14,24237,173,1000,1,1,1,2,1,2900105,1000000
2024BG0008365,1,844.37,20,1,2,1,14,9248,66,2000,1,2,1,5,1,2900103,1000000
2024BG0008366,1,844.37,51,2,2,1,11,39220,280,7000,1,1,1,5,1,2900100,1000000
2024BG0008367,1,844.37,3,2,4,1,5,6370,45,0,0,6,1,5,1,2900107,1000000
2024BG0008368,1,844.37,57,2,1,1,6,13977,99,9000,1,1,1,1,1,2900105,1000000
2024BG0008369,1,844.37,13,1,7,1,4,2139,15,0,0,6,2,5,1,2900101,1000000
2024BG0008370,1,844.37,53,1,1,1,15,114934,501,2000,1,3,1,1,1,2900106,1000000
2024BG0008371,1,844.37,45,2,3,1,14,85559,501,7000,1,1,1,1,1,2900101,1000000
2024BG0008372,1,844.37,19,2,3,1,14,22873,163,6000,1,1,1,5,1,2900101,1000000
2024BG0008373,1,844.37,1,1,1,1,2,7539,53,0,0,6,2,5,1,2900100,1000000
2024BG0008374,1,844.37,16,1,5,1,20,107551,501,0,0,6,1,5,1,2900103,1000000
2024BG0008375,1,844.37,1,2,5,1,6,2205,15,0,0,6,1,5,1,2900107,1000000
2024BG0008376,1,844.37,57,2,1,1,11,20622,147,8000,6,2,1,1,1,2900103,1000000
2024BG0008377,1,844.37,44,2,6,1,15,105279,501,6000,1,1,1,1,1,2900102,1000000
2024BG0008378,1,844.37,7,1,3,1,7,3282,23,0,0,6,1,5,1,2900103,1000000
2024BG0008379,1,844.37,34,1,6,1,16,83543,501,2000,1,2,1,1,1,2900107,1000000
2024BG0008380,1,844.37,26,2,6,1,9,16196,115,4000,1,1,1,5,1,2900103,1000000
2024BG0008381,1,844.37,4,2,2,1,7,10030,71,0,0,6,1,5,1,2900106,1000000
2024BG0008382,1,844.37,29,2,2,1,6,71341,501,9920,1,1,1,1,2,2900103,1000000
2024BG0008383,1,844.37,5,1,1,1,2,2745,19,0,0,6,1,5,1,2900102,1000000
2024BG0008384,1,844.37,1,2,1,1,1,1383,9,0,0,6,1,5,1,2900100,1000000
2024BG0008385,1,844.37,51,1,2,1,14,26220,187,6000,4,1,1,2,1,2900105,1000000
2024BG0008386,1,844.37,41,2,2,1,7,4415,31,5000,4,1,1,1,1,2900103,1000000
2024BG0008387,1,844.37,27,1,3,1,16,46894,334,4000,3,2,1,1,1,2900106,1000000
2024BG0008388,1,844.37,35,1,4,1,12,68373,488,8000,3,2,1,1,1,2900106,1000000
2024BG0008389,1,844.37,7,2,1,1,5,3146,22,0,0,6,1,5,1,2900105,1000000
2024BG0008390,1,844.37,0,2,6,1,4,12012,85,0,0,6,1,5,1,2900105,1000000
2024BG0008391,1,844.37,23,1,1,1,18,46396,331,6000,4,1,1,5,1,2900100,1000000
2024BG0008392,1,844.37,30,2,1,1,14,44882,320,4000,3,1,5,1,1,2900100,1000000
2024BG0008393,1,844.37,0,2,1,1,1,12610,90,0,0,6,1,5,1,2900103,1000000
2024BG0008394,1,844.37,23,1,1,1,15,102481,501,4000,2,1,1,5,1,2900107,1000000
2024BG0008395,1,844.37,44,1,5,1,12,85887,501,4000,1,1,1,5,1,2900107,1000000
2024BG0008396,1,844.37,24,2,1,1,14,60439,431,4000,3,1,1,5,1,2900100,1000000
2024BG0008397,1,844.37,6,1,3,1,7,5065,36,0,0,6,1,5,1,2900103,1000000
2024BG0008398,1,844.37,21,2,6,1,18,53021,378,3000,2,1,1,5,1,2900101,1000000
2024BG0008399,1,844.37,31,1,2,1,11,155000,501,7000,1,1,1,1,1,2900105,1000000
2024BG0008400,1,844.37,33,1,5,1,9,28463,203,5000,3,2,1,1,1,2900103,1000000
2024BG0008401,1,844.37,38,1,4,1,12,108537,501,4000,1,1,1,1,1,2900104,1000000
2024BG0008402,1,844.37,56,2,1,1,9,41288,294,5000,1,1,1,1,1,2900101,1000000
2024BG0008403,1,844.37,23,1,3,1,14,22705,162,5000,6,1,1,5,1,2900107,1000000
2024BG0008404,1,844.37,25,2,1,1,12,21004,150,7000,1,1,1,1,1,2900101,1000000
2024BG0008405,1,844.37,18,1,6,1,20,86775,501,4000,1,1,1,5,1,2900100,1000000
2024BG0008406,1,844.37,1,2,6,1,5,16516,117,0,0,6,1,5,1,2900104,1000000
2024BG0008407,1,844.37,40,2,5,1,15,161702,501,4000,1,1,1,1,1,2900102,1000000
2024BG0008408,1,844.37,74,1,2,1,8,15575,111,0,0,6,1,1,1,2900105,1000000
2024BG0008409,1,844.37,33,1,6,1,18,77597,501,5000,3,1,1,1,1,2900105,1000000
2024BG0008410,1,844.37,17,2,6,1,14,13179,94,0,0,6,1,5,1,2900103,1000000
2024BG0008411,1,844.37,13,1,1,1,3,10626,75,0,0,6,1,5,1,2900104,1000000
2024BG0008412,1,844.37,15,1,1,1,18,20951,149,0,0,6,1,5,1,2900105,1000000
2024BG0008413,1,844.37,43,2,1,1,9,107241,501,6000,1,1,1,1,1,2900103,1000000
2024BG0008414,1,844.37,12,1,1,1,8,11264,80,0,0,6,1,5,1,2900107,1000000
2024BG0008415,1,844.37,0,2,1,1,6,3589,25,0,0,6,1,5,1,2900102,1000000
2024BG0008416,1,844.37,33,2,1,1,5,8092,57,7000,1,1,1,1,1,2900101,1000000
2024BG0008417,1,844.37,9,1,6,1,4,2490,17,0,0,6,1,5,1,2900107,1000000
2024BG0008418,1,844.37,32,2,2,1,14,320704,501,9800,6,1,1,5,1,2900104,1000000
2024BG0008419,1,844.37,25,2,3,1,9,29131,208,4000,3,1,1,5,1,2900105,1000000
2024BG0008420,1,844.37,44,1,1,1,13,83299,501,5000,1,1,1,5,1,2900103,1000000
2024BG0008421,1,844.37,35,1,2,1,10,85481,501,7000,1,4,1,1,1,2900102,1000000
2024BG0008422,1,844.37,15,2,4,1,17,25440,181,0,0,6,1,5,1,2900107,1000000
2024BG0008423,1,844.37,41,1,2,1,13,116689,501,5000,3,1,1,1,1,2900100,1000000
2024BG0008424,1,844.37,19,1,1,1,19,72302,501,2000,1,1,1,1,1,2900103,1000000
2024BG0008425,1,844.37,39,2,7,1,5,16654,118,9920,1,1,1,1,1,2900103,1000000
2024BG0008426,1,844.37,15,1,1,1,19,84271,501,0,0,6,1,5,1,2900103,1000000
2024BG0008427,1,844.37,18,1,1,1,11,9700,69,5000,3,4,1,5,1,2900106,1000000
2024BG0008428,1,844.37,13,2,4,1,2,10388,74,0,0,6,1,5,1,2900101,1000000
2024BG0008429,1,844.37,22,1,5,1,11,31321,223,5000,1,1,1,5,1,2900103,1000000
2024BG0008430,1,844.37,59,2,1,1,11,61672,440,9000,1,1,1,1,1,2900107,1000000
2024BG0008431,1,844.37,16,2,1,1,19,45140,322,0,0,6,1,5,1,2900100,1000000
2024BG0008432,1,844.37,15,2,1,1,18,82404,501,0,0,6,1,5,1,2900105,1000000
2024BG0008433,1,844.37,36,1,2,1,13,54235,387,8000,1,1,1,1,1,2900102,1000000
2024BG0008434,1,844.37,39,1,1,1,14,107511,501,5000,3,1,1,1,1,2900104,1000000
2024BG0008435,1,844.37,16,2,7,1,19,134204,501,0,0,6,1,5,1,2900101,1000000
2024BG0008436,1,844.37,19,2,1,1,17,41586,297,1000,3,1,1,5,2,2900101,1000000
2024BG0008437,1,844.37,22,1,1,1,15,170524,501,4000,1,1,1,5,1,2900107,1000000
2024BG0008438,1,844.37,48,1,5,1,9,46327,330,5000,1,1,1,1,1,2900102,1000000
2024BG0008439,1,844.37,38,2,1,1,14,62599,447,8000,6,1,1,2,1,2900104,1000000
2024BG0008440,1,844.37,42,1,5,1,11,49002,350,6000,1,1,1,1,1,2900107,1000000
2024BG0008441,1,844.37,34,2,3,1,16,74867,501,4000,1,1,1,1,1,2900107,1000000
2024BG0008442,1,844.37,0,2,2,1,7,6656,47,0,0,6,1,5,1,2900104,1000000
2024BG0008443,1,844.37,70,2,5,1,10,12458,88,5000,1,1,1,2,1,2900103,1000000
2024BG0008444,1,844.37,36,2,1,1,17,85078,501,4000,1,1,1,1,1,2900103,1000000
2024BG0008445,1,844.37,29,1,1,1,12,84443,501,5000,1,1,1,1,1,2900102,1000000
2024BG0008446,1,844.37,57,1,5,1,7,11832,84,9920,1,1,1,1,1,2900103,1000000
2024BG0008447,1,844.37,16,1,1,1,17,18089,129,0,0,6,1,5,1,2900104,1000000
2024BG0008448,1,844.37,40,1,1,1,17,151526,501,3000,1,1,1,2,1,2900102,1000000
2024BG0008449,1,844.37,27,1,8,1,10,37423,267,4000,2,1,1,5,1,2900107,1000000
2024BG0008450,1,844.37,27,1,2,1,11,41447,296,4000,1,1,1,1,1,2900101,1000000
2024BG0008451,1,844.37,48,2,1,1,15,140532,501,4000,1,1,1,1,1,2900100,1000000
2024BG0008452,1,844.37,29,2,3,1,11,11356,81,9000,3,1,1,5,1,2900105,1000000
2024BG0008453,1,844.37,11,1,1,1,6,10068,71,0,0,6,1,5,1,2900101,1000000
2024BG0008454,1,844.37,15,2,2,1,19,116282,501,0,0,6,1,5,1,2900102,1000000
2024BG0008455,1,844.37,53,2,1,1,8,29983,214,9800,4,5,1,1,1,2900103,1000000
2024BG0008456,1,844.37,0,1,8,1,3,4183,29,0,0,6,1,5,1,2900101,1000000
2024BG0008457,1,844.37,42,1,2,1,6,81344,501,5000,1,1,1,1,1,2900101,1000000
2024BG0008458,1,844.37,21,1,1,1,17,39275,280,1000,1,1,1,5,1,2900100,1000000
2024BG0008459,1,844.37,18,2,7,1,20,117634,501,3000,1,1,1,5,1,2900107,1000000
2024BG0008460,1,844.37,13,1,6,1,5,1725,12,0,0,6,1,5,1,2900101,1000000
2024BG0008461,1,844.37,17,2,1,1,12,16363,116,0,0,6,1,5,1,2900106,1000000
2024BG0008462,1,844.37,32,1,4,1,12,118592,501,9800,1,1,1,1,1,2900103,1000000
2024BG0008463,1,844.37,28,1,1,1,7,38145,272,5000,6,1,1,1,1,2900102,1000000
2024BG0008464,1,844.37,39,2,1,1,14,74465,501,5000,1,5,1,1,1,2900105,1000000
2024BG0008465,1,844.37,57,1,3,1,9,32997,235,3000,1,1,1,1,1,2900104,1000000
2024BG0008466,1,844.37,1,1,3,1,3,1742,12,0,0,6,1,5,1,2900101,1000000
2024BG0008467,1,844.37,43,1,1,1,15,103178,501,6000,6,1,1,5,1,2900100,1000000
2024BG0008468,1,844.37,28,1,1,1,14,47207,337,4000,3,1,1,1,2,2900104,1000000
2024BG0008469,1,844.37,56,1,4,1,6,10657,76,9920,1,1,1,1,1,2900106,1000000
2024BG0008470,1,844.37,17,1,3,1,11,9060,64,0,0,6,1,5,1,2900100,1000000
2024BG0008471,1,844.37,34,2,1,1,5,9621,68,9920,3,1,1,1,1,2900102,1000000
2024BG0008472,1,844.37,98,2,1,1,10,10027,71,0,0,6,1,1,1,2900100,1000000
2024BG0008473,1,844.37,16,1,6,1,20,59990,428,0,0,6,1,5,1,2900107,1000000
2024BG0008474,1,844.37,12,1,1,1,1,3861,27,0,0,6,1,5,1,2900103,1000000
2024BG0008475,1,844.37,29,2,1,1,14,35803,255,6000,4,1,1,5,1,2900100,1000000
2024BG0008476,1,844.37,27,2,1,1,12,42685,304,7000,4,1,1,5,1,2900101,1000000
2024BG0008477,1,844.37,35,2,1,1,15,85739,501,2000,1,1,1,1,1,2900104,1000000
2024BG0008478,1,844.37,26,1,1,1,13,19977,142,4000,1,1,1,1,1,2900102,1000000
2024BG0008479,1,844.37,42,1,1,1,13,72832,501,4000,1,1,1,1,1,2900102,1000000
2024BG0008480,1,844.37,18,2,5,1,17,39919,285,4000,1,1,1,5,1,2900107,1000000
2024BG0008481,1,844.37,30,2,2,1,11,57004,407,9000,4,1,1,5,1,2900103,1000000
2024BG0008482,1,844.37,43,1,3,1,13,27676,197,9800,6,1,1,1,1,2900105,1000000
2024BG0008483,1,844.37,19,1,5,1,14,4592,32,7000,3,1,1,5,1,2900101,1000000
2024BG0008484,1,844.37,8,2,6,1,8,12290,87,0,0,6,1,5,1,2900100,1000000
2024BG0008485,1,844.37,15,1,3,1,14,6191,44,0,0,6,1,5,1,2900106,1000000
2024BG0008486,1,844.37,25,1,5,1,9,20763,148,6000,4,3,1,5,1,2900100,1000000
2024BG0008487,1,844.37,81,1,1,1,8,6569,46,0,0,6,1,1,1,2900104,1000000
2024BG0008488,1,844.37,23,1,1,1,13,49092,350,2000,1,1,1,5,1,2900101,1000000
2024BG0008489,1,844.37,25,1,1,1,14,46092,329,3000,1,4,1,1,1,2900102,1000000
2024BG0008490,1,844.37,88,1,1,1,8,14551,103,0,0,6,1,1,1,2900102,1000000
2024BG0008491,1,844.37,58,1,1,1,10,68166,486,7000,6,1,1,1,1,2900104,1000000
2024BG0008492,1,844.37,26,2,2,1,14,48319,345,5000,1,1,5,1,1,2900102,1000000
2024BG0008493,1,844.37,55,1,1,1,13,64818,462,8000,6,1,1,1,1,2900101,1000000
2024BG0008494,1,844.37,49,2,3,1,9,41347,295,4000,3,1,1,1,1,2900100,1000000
2024BG0008495,1,844.37,17,1,6,1,20,31032,221,0,0,6,1,5,1,2900107,1000000
2024BG0008496,1,844.37,21,2,5,1,12,10789,77,1000,1,1,1,5,1,2900100,1000000
2024BG0008497,1,844.37,30,2,4,1,15,133104,501,6000,1,1,1,1,1,2900100,1000000
2024BG0008498,1,844.37,36,1,1,1,7,25004,178,5000,3,1,1,5,1,2900100,1000000
2024BG0008499,1,844.37,34,2,1,1,14,76205,501,6000,3,4,1,1,1,2900106,1000000
2024BG0008500,1,844.37,1,2,1,1,3,4754,33,0,0,6,1,5,1,2900101,1000000
2024BG0008501,1,844.37,3,1,2,1,4,1869,13,0,0,6,1,5,1,2900101,1000000
2024BG0008502,1,844.37,99,1,1,1,8,45222,323,0,0,6,1,1,1,2900102,1000000
2024BG0008503,1,844.37,41,2,2,1,11,21162,151,6000,1,1,1,1,1,2900106,1000000
2024BG0008504,1,844.37,21,1,5,1,13,15927,113,9000,4,1,1,1,1,2900102,1000000
2024BG0008505,1,844.37,10,2,2,1,3,3144,22,0,0,6,1,5,1,2900107,1000000
2024BG0008506,1,844.37,26,1,7,1,11,27516,196,9000,6,5,1,1,1,2900104,1000000
2024BG0008507,1,844.37,25,2,1,1,12,13872,99,7000,3,1,1,5,1,2900100,1000000
2024BG0008508,1,844.37,18,2,6,1,18,31222,223,4000,2,1,1,5,1,2900105,1000000
2024BG0008509,1,844.37,52,2,1,1,7,21361,152,9000,1,1,1,5,1,2900105,1000000
2024BG0008510,1,844.37,38,1,6,1,14,31468,224,5000,1,5,1,1,1,2900102,1000000
2024BG0008511,1,844.37,44,1,8,1,6,10794,77,9920,3,1,1,1,1,2900102,1000000
2024BG0008512,1,844.37,18,2,1,1,13,19279,137,2000,2,1,1,5,1,2900106,1000000
2024BG0008513,1,844.37,40,2,3,1,11,37780,269,6000,1,1,1,1,1,2900104,1000000
2024BG0008514,1,844.37,22,1,3,1,20,153034,501,1000,1,1,1,5,1,2900105,1000000
2024BG0008515,1,844.37,7,1,8,1,1,11375,81,0,0,6,1,5,1,2900101,1000000
2024BG0008516,1,844.37,0,1,1,1,6,5254,37,0,0,6,1,5,1,2900101,1000000
2024BG0008517,1,844.37,13,2,1,1,6,5966,42,0,0,6,1,5,1,2900103,1000000
2024BG0008518,1,844.37,28,2,3,1,13,33038,235,9800,4,2,1,5,1,2900106,1000000
2024BG0008519,1,844.37,25,2,1,1,14,17286,123,3000,2,1,1,5,1,2900103,1000000
2024BG0008520,1,844.37,31,2,1,1,5,10065,71,8000,4,1,1,1,1,2900103,1000000
2024BG0008521,1,844.37,56,2,6,1,6,3584,25,6000,4,1,1,1,1,2900103,1000000
2024BG0008522,1,844.37,44,1,1,1,16,82279,501,4000,1,1,1,1,1,2900105,1000000
2024BG0008523,1,844.37,3,1,1,1,3,4262,30,0,0,6,1,5,1,2900107,1000000
2024BG0008524,1,844.37,42,2,1,1,6,38912,277,7000,3,1,1,1,1,2900101,1000000
2024BG0008525,1,844.37,2,2,1,1,1,5936,42,0,0,6,1,5,1,2900101,1000000
2024BG0008526,1,844.37,10,2,3,1,3,5511,39,0,0,6,1,5,1,2900107,1000000
2024BG0008527,1,844.37,39,1,1,1,7,11545,82,5000,1,1,1,1,1,2900101,1000000
2024BG0008528,1,844.37,44,1,1,1,13,18549,132,5000,3,1,1,1,1,2900104,1000000
2024BG0008529,1,844.37,0,1,1,1,7,5159,36,0,0,6,1,5,1,2900103,1000000
2024BG0008530,1,844.37,21,1,5,1,15,21522,153,6000,3,1,1,1,1,2900100,1000000
2024BG0008531,1,844.37,18,1,1,1,17,30065,214,4000,1,1,1,5,1,2900104,1000000
2024BG0008532,1,844.37,19,2,6,1,14,5823,41,6000,3,1,5,5,1,2900104,1000000
2024BG0008533,1,844.37,56,1,7,1,11,47907,342,8000,1,1,1,1,1,2900105,1000000
2024BG0008534,1,844.37,34,1,1,1,17,102650,501,1000,1,1,1,1,1,2900101,1000000
2024BG0008535,1,844.37,13,1,6,1,4,7147,51,0,0,6,1,5,1,2900102,1000000
2024BG0008536,1,844.37,32,2,3,1,7,12389,88,8000,4,1,1,1,1,2900106,1000000
2024BG0008537,1,844.37,16,2,1,1,17,37552,268,0,0,6,1,5,1,2900102,1000000
2024BG0008538,1,844.37,24,2,1,1,10,11758,83,9000,1,1,1,5,1,2900103,1000000
2024BG0008539,1,844.37,15,2,1,1,18,30943,221,0,0,6,1,5,1,2900107,1000000
2024BG0008540,1,844.37,33,2,6,1,11,32090,229,9800,3,1,1,1,1,2900107,1000000
2024BG0008541,1,844.37,8,1,1,1,5,4280,30,0,0,6,1,5,1,2900107,1000000
2024BG0008542,1,844.37,27,2,2,1,8,8844,63,9920,1,3,1,5,1,2900106,1000000
2024BG0008543,1,844.37,4,1,1,1,2,7487,53,0,0,6,1,5,1,2900103,1000000
2024BG0008544,1,844.37,18,1,1,1,17,84198,501,6000,1,1,1,1,1,2900103,1000000
2024BG0008545,1,844.37,13,1,5,1,2,29049,207,0,0,6,1,5,1,2900101,1000000
2024BG0008546,1,844.37,36,2,7,1,10,71263,501,5000,1,1,1,1,1,2900104,1000000
2024BG0008547,1,844.37,2,2,2,1,3,14410,102,0,0,6,1,5,1,2900102,1000000
2024BG0008548,1,844.37,76,2,1,1,12,16665,119,0,0,6,1,1,1,2900104,1000000
2024BG0008549,1,844.37,39,2,2,1,10,58389,417,6000,1,1,1,1,1,2900106,1000000
2024BG0008550,1,844.37,23,1,4,1,17,111723,501,2000,1,1,1,5,1,2900107,1000000
2024BG0008551,1,844.37,44,1,6,1,9,20181,144,6000,3,1,1,1,1,2900105,1000000
2024BG0008552,1,844.37,51,1,3,1,8,5485,39,9000,1,1,1,2,1,2900106,1000000
2024BG0008553,1,844.37,22,1,4,1,17,51144,365,3000,3,1,1,5,1,2900100,1000000
2024BG0008554,1,844.37,32,2,2,1,16,116328,501,4000,1,1,5,5,1,2900103,1000000
2024BG0008555,1,844.37,30,1,1,1,13,37409,267,4000,1,2,1,1,1,2900102,1000000
2024BG0008556,1,844.37,20,1,1,1,15,37982,271,5000,6,1,1,1,1,2900104,1000000
2024BG0008557,1,844.37,25,2,2,1,9,18984,135,5000,3,1,1,1,1,2900105,1000000
2024BG0008558,1,844.37,41,1,1,1,16,52139,372,4000,2,1,1,5,1,2900106,1000000
2024BG0008559,1,844.37,24,2,2,1,10,28722,205,6000,3,1,1,5,1,2900102,1000000
2024BG0008560,1,844.37,52,2,2,1,7,10425,74,9800,1,1,1,1,1,2900102,1000000
2024BG0008561,1,844.37,29,1,1,1,16,56377,402,2000,1,1,1,1,1,2900106,1000000
2024BG0008562,1,844.37,0,2,2,1,7,9131,65,0,0,6,1,5,1,2900106,1000000
2024BG0008563,1,844.37,19,2,6,1,20,68135,486,4000,1,1,1,5,1,2900105,1000000
2024BG0008564,1,844.37,17,2,1,1,17,34606,247,0,0,6,1,5,1,2900103,1000000
2024BG0008565,1,844.37,28,1,6,1,14,101310,501,6000,1,1,1,5,1,2900102,1000000
2024BG0008566,1,844.37,33,2,1,1,14,44061,314,5000,1,1,1,1,1,2900105,1000000
2024BG0008567,1,844.37,30,2,6,1,11,91168,501,8000,1,1,1,1,1,2900101,1000000
2024BG0008568,1,844.37,57,2,1,1,10,36937,263,3000,2,1,1,1,1,2900104,1000000
2024BG0008569,1,844.37,24,1,3,1,10,63515,453,2000,1,5,1,5,1,2900102,1000000
2024BG0008570,1,844.37,23,2,1,1,14,64924,463,8000,1,1,1,1,1,2900105,1000000
2024BG0008571,1,844.37,30,1,1,1,6,28993,207,6000,1,1,1,1,1,2900104,1000000
2024BG0008572,1,844.37,50,1,2,1,6,46974,335,9000,1,5,1,1,1,2900106,1000000
2024BG0008573,1,844.37,26,2,2,1,7,1715,12,6000,3,1,1,1,1,2900102,1000000
2024BG0008574,1,844.37,29,2,2,1,5,9933,70,5000,1,1,1,5,1,2900103,1000000
2024BG0008575,1,844.37,0,1,1,1,6,9315,66,0,0,6,1,5,1,2900103,1000000
2024BG0008576,1,844.37,24,1,1,1,16,68745,491,4000,1,1,1,5,1,2900103,1000000
2024BG0008577,1,844.37,22,1,7,1,18,116516,501,3000,2,1,1,5,1,2900101,1000000
2024BG0008578,1,844.37,36,1,1,1,5,24692,176,7000,3,1,1,1,1,2900104,1000000
2024BG0008579,1,844.37,12,2,2,1,2,11145,79,0,0,6,1,5,1,2900101,1000000
2024BG0008580,1,844.37,22,2,1,1,18,44285,316,1000,3,1,1,5,1,2900104,1000000
2024BG0008581,1,844.37,80,1,1,1,10,29782,212,0,0,6,1,1,1,2900107,1000000
2024BG0008582,1,844.37,1,1,2,1,5,4681,33,0,0,6,1,5,2,2900104,1000000
2024BG0008583,1,844.37,59,1,1,1,9,15471,110,7000,1,1,1,1,1,2900100,1000000
2024BG0008584,1,844.37,3,2,2,1,3,4185,29,0,0,6,1,5,1,2900104,1000000
2024BG0008585,1,844.37,61,1,1,1,5,8469,60,9920,6,1,1,2,1,2900107,1000000
2024BG0008586,1,844.37,53,1,2,1,14,25505,182,5000,1,1,1,1,1,2900101,1000000
2024BG0008587,1,844.37,35,2,1,1,17,95158,501,4000,1,4,1,1,1,2900104,1000000
2024BG0008588,1,844.37,17,2,1,1,18,30099,214,0,0,6,1,5,1,2900103,1000000
2024BG0008589,1,844.37,14,2,1,1,3,14085,100,0,0,6,1,5,1,2900105,1000000
2024BG0008590,1,844.37,19,2,7,1,13,6655,47,8000,1,1,1,5,1,2900100,1000000
2024BG0008591,1,844.37,25,2,4,1,14,118004,501,8000,1,1,1,5,1,2900107,1000000
2024BG0008592,1,844.37,47,2,2,1,13,86237,501,8000,1,1,1,1,1,2900107,1000000
2024BG0008593,1,844.37,2,2,1,1,3,9612,68,0,0,6,1,5,2,2900107,1000000
2024BG0008594,1,844.37,38,2,1,1,15,125123,501,4000,2,1,1,5,1,2900105,1000000
2024BG0008595,1,844.37,43,2,5,1,13,87500,501,9000,1,3,1,1,1,2900101,1000000
2024BG0008596,1,844.37,42,2,6,1,15,72890,501,4000,2,1,1,1,1,2900100,1000000
2024BG0008597,1,844.37,29,1,1,1,7,17021,121,5000,1,1,1,1,1,2900104,1000000
2024BG0008598,1,844.37,29,1,1,1,5,7711,55,9000,1,5,1,1,1,2900105,1000000
2024BG0008599,1,844.37,26,1,3,1,8,11335,80,9000,1,1,1,5,1,2900101,1000000
2024BG0008600,1,844.37,16,2,1,1,18,51847,370,0,0,6,1,5,1,2900105,1000000
2024BG0008601,1,844.37,34,1,1,1,12,47047,336,6000,1,1,1,1,1,2900103,1000000
2024BG0008602,1,844.37,37,1,6,1,14,105997,501,3000,1,1,1,1,1,2900102,1000000
2024BG0008603,1,844.37,24,2,6,1,12,50493,360,7000,1,1,1,5,1,2900101,1000000
2024BG0008604,1,844.37,30,2,4,1,14,54188,387,4000,1,1,1,5,1,2900106,1000000
2024BG0008605,1,844.37,22,1,1,1,17,111129,501,5000,4,1,2,5,1,2900105,1000000
2024BG0008606,1,844.37,27,1,1,1,7,12465,89,9800,3,2,1,5,1,2900101,1000000
2024BG0008607,1,844.37,76,1,2,1,7,5352,38,0,0,6,5,1,1,2900100,1000000
2024BG0008608,1,844.37,41,1,5,1,14,43019,307,1000,1,1,1,1,1,2900106,1000000
2024BG0008609,1,844.37,10,2,1,1,6,9337,66,0,0,6,1,5,1,2900107,1000000
2024BG0008610,1,844.37,44,2,5,1,11,60489,432,6000,1,1,1,1,1,2900100,1000000
2024BG0008611,1,844.37,16,2,1,1,16,39513,282,0,0,6,1,5,1,2900102,1000000
2024BG0008612,1,844.37,83,1,6,1,9,28717,205,0,0,6,1,2,1,2900104,1000000
2024BG0008613,1,844.37,89,2,1,1,7,7465,53,0,0,6,1,1,1,2900106,1000000
2024BG0008614,1,844.37,16,1,3,1,14,18884,134,0,0,6,1,5,1,2900105,1000000
2024BG0008615,1,844.37,42,1,6,1,15,106824,501,3000,1,5,1,1,1,2900103,1000000
2024BG0008616,1,844.37,22,2,6,1,19,106070,501,3000,1,3,1,5,1,2900106,1000000
2024BG0008617,1,844.37,9,2,5,1,7,2277,16,0,0,6,1,5,1,2900104,1000000
2024BG0008618,1,844.37,33,2,4,1,13,49468,353,7000,4,1,1,1,1,2900100,1000000
2024BG0008619,1,844.37,0,1,1,1,4,5139,36,0,0,6,1,5,1,2900105,1000000
2024BG0008620,1,844.37,41,2,6,1,16,61234,437,2000,1,1,1,1,1,2900104,1000000
2024BG0008621,1,844.37,42,2,2,1,14,43601,311,6000,6,1,1,1,1,2900106,1000000
2024BG0008622,1,844.37,18,2,2,1,19,41389,295,4000,1,1,1,1,1,2900100,1000000
2024BG0008623,1,844.37,7,2,1,1,6,5761,41,0,0,6,1,5,1,2900103,1000000
2024BG0008624,1,844.37,20,2,1,1,12,13530,96,8000,4,1,1,5,1,2900104,1000000
2024BG0008625,1,844.37,7,2,1,1,4,3090,22,0,0,6,1,5,1,2900104,1000000
2024BG0008626,1,844.37,35,1,3,1,16,74971,501,4000,1,1,1,1,1,2900104,1000000
2024BG0008627,1,844.37,76,2,7,1,10,14353,102,0,0,6,1,5,1,2900103,1000000
2024BG0008628,1,844.37,43,2,1,1,14,34125,243,8000,6,1,1,1,1,2900106,1000000
2024BG0008629,1,844.37,31,1,1,1,5,13579,96,7000,1,1,1,1,2,2900105,1000000
2024BG0008630,1,844.37,34,1,7,1,7,11799,84,6000,1,1,1,5,1,2900104,1000000
2024BG0008631,1,844.37,40,1,5,1,8,9848,70,9920,3,1,1,1,1,2900101,1000000
2024BG0008632,1,844.37,9,2,3,1,7,9552,68,0,0,6,1,5,2,2900100,1000000
2024BG0008633,1,844.37,24,2,1,1,14,32182,229,1000,1,5,1,5,1,2900105,1000000
2024BG0008634,1,844.37,32,1,1,1,15,99048,501,4000,1,1,1,5,1,2900101,1000000
2024BG0008635,1,844.37,28,1,4,1,10,20473,146,8000,3,4,1,1,1,2900103,1000000
2024BG0008636,1,844.37,21,2,3,1,12,28781,205,6000,6,4,1,5,1,2900100,1000000
2024BG0008637,1,844.37,50,2,1,1,7,8745,62,5000,3,1,1,5,1,2900106,1000000
2024BG0008638,1,844.37,44,2,5,1,12,14468,103,7000,4,1,1,5,1,2900100,1000000
2024BG0008639,1,844.37,49,1,6,1,13,98772,501,5000,4,1,1,1,1,2900104,1000000
2024BG0008640,1,844.37,48,2,1,1,10,86202,501,1000,1,1,1,1,1,2900100,1000000
2024BG0008641,1,844.37,28,1,1,1,14,75082,501,3000,1,1,1,1,1,2900107,1000000
2024BG0008642,1,844.37,29,2,6,1,13,33397,238,9000,1,1,1,1,1,2900100,1000000
2024BG0008643,1,844.37,7,2,2,1,4,11168,79,0,0,6,1,5,1,2900103,1000000
2024BG0008644,1,844.37,13,2,1,1,3,11183,79,0,0,6,1,5,1,2900102,1000000
2024BG0008645,1,844.37,17,2,1,1,14,16896,120,0,0,6,1,5,1,2900101,1000000
2024BG0008646,1,844.37,38,1,4,1,12,86694,501,1000,1,1,1,1,1,2900100,1000000
2024BG0008647,1,844.37,27,1,1,1,14,21642,154,5000,3,1,1,5,1,2900100,1000000
2024BG0008648,1,844.37,13,2,1,1,6,19759,141,0,0,6,1,5,1,2900104,1000000
2024BG0008649,1,844.37,6,1,6,1,4,8098,57,0,0,6,1,5,1,2900104,1000000
2024BG0008650,1,844.37,26,2,1,1,14,19108,136,6000,1,1,1,1,1,2900102,1000000
2024BG0008651,1,844.37,0,2,1,1,4,3465,24,0,0,6,1,5,1,2900104,1000000
2024BG0008652,1,844.37,13,2,1,1,8,4437,31,0,0,6,1,5,1,2900107,1000000
2024BG0008653,1,844.37,97,1,1,1,6,6800,48,0,0,6,1,1,1,2900103,1000000
2024BG0008654,1,844.37,46,1,1,1,9,100586,501,4000,1,1,1,1,1,2900103,1000000
2024BG0008655,1,844.37,44,2,8,1,10,26380,188,6000,1,1,1,1,1,2900107,1000000
2024BG0008656,1,844.37,33,1,3,1,18,86962,501,4000,1,1,1,1,1,2900103,1000000
2024BG0008657,1,844.37,25,2,4,1,12,36840,263,6000,1,1,1,1,2,2900106,1000000
2024BG0008658,1,844.37,55,2,5,1,12,69905,499,6000,1,1,1,1,1,2900103,1000000
2024BG0008659,1,844.37,37,1,5,1,11,98689,501,4000,1,1,1,2,1,2900105,1000000
2024BG0008660,1,844.37,15,1,2,1,15,55263,394,0,0,6,5,5,1,2900103,1000000
2024BG0008661,1,844.37,22,2,1,1,10,26092,186,4000,1,1,1,5,1,2900106,1000000
2024BG0008662,1,844.37,21,2,4,1,17,26258,187,4000,1,5,1,5,1,2900105,1000000
2024BG0008663,1,844.37,28,1,6,1,13,117084,501,4000,1,1,1,1,1,2900105,1000000
2024BG0008664,1,844.37,14,1,1,1,1,4827,34,0,0,6,1,5,1,2900104,1000000
2024BG0008665,1,844.37,49,1,1,1,5,23359,166,5000,3,1,1,1,1,2900107,1000000
2024BG0008666,1,844.37,52,1,6,1,13,37532,268,5000,1,5,1,1,1,2900100,1000000
2024BG0008667,1,844.37,52,2,2,1,8,17758,126,8000,1,1,1,1,1,2900103,1000000
2024BG0008668,1,844.37,27,1,2,1,8,12711,90,7000,4,1,1,1,1,2900101,1000000
2024BG0008669,1,844.37,6,1,4,1,4,6462,46,0,0,6,1,5,1,2900107,1000000
2024BG0008670,1,844.37,24,1,1,1,18,177007,501,6000,4,1,1,5,1,2900103,1000000
2024BG0008671,1,844.37,20,1,3,1,12,29323,209,3000,2,1,1,5,1,2900104,1000000
2024BG0008672,1,844.37,20,1,6,1,16,39793,284,4000,1,1,1,5,1,2900102,1000000
2024BG0008673,1,844.37,23,1,1,1,15,79718,501,4000,1,1,1,5,2,2900102,1000000
2024BG0008674,1,844.37,59,1,2,1,5,23030,164,5000,6,1,1,1,1,2900105,1000000
2024BG0008675,1,844.37,55,2,1,1,6,16435,117,5000,3,1,1,1,1,2900102,1000000
2024BG0008676,1,844.37,18,1,4,1,17,60264,430,4000,3,1,1,5,1,2900103,1000000
2024BG0008677,1,844.37,43,1,1,1,9,73269,501,4000,1,1,1,5,1,2900101,1000000
2024BG0008678,1,844.37,37,1,1,1,14,11368,81,4000,1,1,1,1,1,2900107,1000000
2024BG0008679,1,844.37,24,2,1,1,13,29246,208,9800,1,1,1,5,1,2900105,1000000
2024BG0008680,1,844.37,18,1,5,1,15,75043,501,4000,1,1,1,5,1,2900106,1000000
2024BG0008681,1,844.37,1,1,1,1,7,4302,30,0,0,6,1,5,1,2900100,1000000
2024BG0008682,1,844.37,19,1,6,1,17,69861,499,1000,1,2,1,5,1,2900107,1000000
2024BG0008683,1,844.37,17,1,5,1,16,35611,254,0,0,6,1,5,2,2900106,1000000
2024BG0008684,1,844.37,7,1,1,1,6,9873,70,0,0,6,1,5,1,2900100,1000000
2024BG0008685,1,844.37,55,2,1,1,6,13744,98,5000,6,1,1,1,1,2900106,1000000
2024BG0008686,1,844.37,11,2,1,1,2,4957,35,0,0,6,1,5,1,2900100,1000000
2024BG0008687,1,844.37,20,2,1,1,19,241580,501,1000,1,2,1,5,1,2900104,1000000
2024BG0008688,1,844.37,41,1,1,1,7,5551,39,9800,1,1,1,1,1,2900107,1000000
2024BG0008689,1,844.37,51,2,2,1,15,64204,458,6000,4,1,1,1,2,2900105,1000000
2024BG0008690,1,844.37,44,2,1,1,16,97660,501,5000,1,1,1,1,1,2900103,1000000
2024BG0008691,1,844.37,17,1,1,1,15,56732,405,0,0,6,1,5,1,2900103,1000000
2024BG0008692,1,844.37,27,2,2,1,7,18096,129,7000,3,1,1,5,1,2900103,1000000
2024BG0008693,1,844.37,7,2,1,1,4,3493,24,0,0,6,1,5,1,2900104,1000000
2024BG0008694,1,844.37,15,2,2,1,10,25477,181,0,0,6,1,5,1,2900106,1000000
2024BG0008695,1,844.37,49,1,5,1,5,13469,96,6000,4,1,1,5,1,2900104,1000000
2024BG0008696,1,844.37,44,2,2,1,7,10295,73,6000,1,1,1,1,1,2900100,1000000
2024BG0008697,1,844.37,37,1,5,1,14,32086,229,7000,1,4,1,1,1,2900100,1000000
2024BG0008698,1,844.37,24,2,1,1,17,67249,480,4000,3,1,1,5,2,2900105,1000000
2024BG0008699,1,844.37,44,1,2,1,11,28254,201,2000,1,3,1,5,1,2900100,1000000
2024BG0008700,1,844.37,39,1,2,1,17,212239,501,1000,1,1,1,1,1,2900106,1000000
2024BG0008701,1,844.37,61,1,5,1,5,10478,74,9920,1,1,1,5,1,2900102,1000000
2024BG0008702,1,844.37,88,1,1,1,9,60066,429,0,0,6,1,1,1,2900101,1000000
2024BG0008703,1,844.37,80,2,3,1,12,19344,138,0,0,6,1,1,1,2900100,1000000
2024BG0008704,1,844.37,38,1,1,1,14,75089,501,2000,1,3,1,1,1,2900106,1000000
2024BG0008705,1,844.37,43,2,1,1,14,25056,178,4000,1,1,1,5,1,2900107,1000000
2024BG0008706,1,844.37,2,2,1,1,6,5731,40,0,0,6,1,5,1,2900107,1000000
2024BG0008707,1,844.37,18,1,1,1,13,6188,44,8000,1,1,1,5,1,2900104,1000000
2024BG0008708,1,844.37,41,2,4,1,14,130927,501,6000,1,3,1,1,1,2900100,1000000
2024BG0008709,1,844.37,19,1,2,1,13,19871,141,6000,1,1,1,1,1,2900105,1000000
2024BG0008710,1,844.37,11,1,5,1,5,5400,38,0,0,6,1,5,2,2900104,1000000
2024BG0008711,1,844.37,72,2,2,1,8,11667,83,0,0,6,1,1,1,2900103,1000000
2024BG0008712,1,844.37,21,2,1,1,15,34643,247,5000,1,1,1,5,1,2900107,1000000
2024BG0008713,1,844.37,24,2,6,1,12,29441,210,9000,1,1,1,5,1,2900104,1000000
2024BG0008714,1,844.37,37,1,4,1,13,47884,342,4000,1,5,1,1,1,2900106,1000000
2024BG0008715,1,844.37,33,1,1,1,13,26840,191,5000,1,1,1,1,1,2900107,1000000
2024BG0008716,1,844.37,51,1,1,1,18,61882,442,6000,1,1,1,2,1,2900104,1000000
2024BG0008717,1,844.37,34,1,1,1,15,104135,501,4000,2,1,1,1,1,2900105,1000000
2024BG0008718,1,844.37,22,1,5,1,15,139017,501,4000,3,1,1,5,1,2900103,1000000
2024BG0008719,1,844.37,23,1,2,1,17,59995,428,6000,6,1,1,5,1,2900105,1000000
2024BG0008720,1,844.37,29,2,1,1,12,66481,474,7000,3,1,1,5,1,2900104,1000000
2024BG0008721,1,844.37,42,1,2,1,15,62795,448,4000,3,1,1,1,1,2900103,1000000
2024BG0008722,1,844.37,9,1,2,1,5,8208,58,0,0,6,1,5,1,2900103,1000000
2024BG0008723,1,844.37,5,1,1,1,6,7929,56,0,0,6,1,5,1,2900100,1000000
2024BG0008724,1,844.37,0,1,1,1,3,6573,46,0,0,6,1,5,1,2900103,1000000
2024BG0008725,1,844.37,29,1,2,1,11,50178,358,9000,1,1,1,1,1,2900107,1000000
2024BG0008726,1,844.37,5,2,1,1,4,22935,163,0,0,6,1,5,1,2900106,1000000
2024BG0008727,1,844.37,17,2,3,1,18,72144,501,0,0,6,1,5,1,2900106,1000000
2024BG0008728,1,844.37,45,1,6,1,17,122056,501,6000,6,1,1,1,1,2900100,1000000
2024BG0008729,1,844.37,12,2,1,1,3,5968,42,0,0,6,1,5,1,2900105,1000000
2024BG0008730,1,844.37,7,2,3,1,5,4153,29,0,0,6,1,5,1,2900101,1000000
2024BG0008731,1,844.37,36,1,1,1,12,53798,384,7000,3,1,1,1,1,2900105,1000000
2024BG0008732,1,844.37,25,2,3,1,12,22302,159,5000,1,1,1,1,1,2900101,1000000
2024BG0008733,1,844.37,25,1,1,1,14,28142,201,6000,1,1,1,1,1,2900100,1000000
2024BG0008734,1,844.37,42,1,3,1,10,20853,148,6000,4,1,1,1,1,2900104,1000000
2024BG0008735,1,844.37,15,2,1,1,14,9841,70,0,0,6,1,5,1,2900103,1000000
2024BG0008736,1,844.37,73,2,2,1,12,27803,198,0,0,6,1,1,1,2900103,1000000
2024BG0008737,1,844.37,3,1,1,1,6,12917,92,0,0,6,1,5,1,2900102,1000000
2024BG0008738,1,844.37,46,2,2,1,14,55131,393,1000,3,4,1,1,1,2900105,1000000
2024BG0008739,1,844.37,11,2,2,1,2,8913,63,0,0,6,1,5,1,2900102,1000000
2024BG0008740,1,844.37,46,1,1,1,13,78222,501,9000,1,1,1,1,1,2900104,1000000
2024BG0008741,1,844.37,21,2,3,1,15,23629,168,4000,1,1,1,5,1,2900106,1000000
2024BG0008742,1,844.37,45,1,3,1,10,36357,259,4000,3,4,1,5,2,2900106,1000000
2024BG0008743,1,844.37,38,1,7,1,9,61854,441,4000,1,1,1,1,1,2900106,1000000
2024BG0008744,1,844.37,11,2,1,1,1,14502,103,0,0,6,1,5,1,2900102,1000000
2024BG0008745,1,844.37,2,2,1,1,1,8677,61,0,0,6,1,5,1,2900103,1000000
2024BG0008746,1,844.37,1,2,2,1,1,5088,36,0,0,6,1,5,1,2900103,1000000
2024BG0008747,1,844.37,15,1,1,1,17,58449,417,0,0,6,1,5,1,2900100,1000000
2024BG0008748,1,844.37,30,1,2,1,14,32371,231,5000,4,1,1,5,1,2900106,1000000
2024BG0008749,1,844.37,0,1,5,1,6,6881,49,0,0,6,1,5,1,2900101,1000000
2024BG0008750,1,844.37,36,1,1,1,8,6739,48,6000,1,1,1,1,1,2900104,1000000
2024BG0008751,1,844.37,6,1,2,1,1,13373,95,0,0,6,1,5,1,2900103,1000000
2024BG0008752,1,844.37,19,1,2,1,13,12265,87,4000,3,1,1,5,1,2900100,1000000
2024BG0008753,1,844.37,23,1,3,1,13,29243,208,4000,3,1,1,5,1,2900101,1000000
2024BG0008754,1,844.37,36,2,3,1,13,14752,105,7000,1,1,1,5,1,2900106,1000000
2024BG0008755,1,844.37,17,1,7,1,20,217173,501,0,0,6,1,5,1,2900100,1000000
2024BG0008756,1,844.37,16,2,3,1,17,43628,311,0,0,6,1,5,1,2900100,1000000
2024BG0008757,1,844.37,31,2,6,1,15,97970,501,1000,1,3,1,1,1,2900104,1000000
2024BG0008758,1,844.37,42,2,1,1,5,66712,476,5000,4,5,1,1,1,2900101,1000000
2024BG0008759,1,844.37,45,1,1,1,7,56342,402,5000,1,1,1,1,1,2900107,1000000
2024BG0008760,1,844.37,38,1,1,1,8,8117,57,5000,6,1,1,5,1,2900101,1000000
2024BG0008761,1,844.37,31,1,1,1,15,70602,501,4000,1,1,1,1,1,2900106,1000000
2024BG0008762,1,844.37,30,2,1,1,15,391076,501,5000,1,1,1,1,1,2900101,1000000
2024BG0008763,1,844.37,100,2,2,1,8,40137,286,0,0,6,1,2,1,2900107,1000000
2024BG0008764,1,844.37,97,2,1,1,5,10351,73,0,0,6,1,1,1,2900107,1000000
2024BG0008765,1,844.37,23,1,3,1,17,52529,375,4000,1,3,1,5,1,2900106,1000000
2024BG0008766,1,844.37,2,1,6,1,4,6331,45,0,0,6,1,5,1,2900102,1000000
2024BG0008767,1,844.37,28,1,1,1,9,77627,501,3000,1,1,1,5,1,2900103,1000000
2024BG0008768,1,844.37,8,1,1,1,5,5747,41,0,0,6,1,5,2,2900107,1000000
2024BG0008769,1,844.37,28,2,2,1,14,34696,247,6000,1,1,1,1,1,2900106,1000000
2024BG0008770,1,844.37,52,2,4,1,11,28751,205,6000,3,1,1,1,1,2900107,1000000
2024BG0008771,1,844.37,14,1,2,1,4,3987,28,0,0,6,1,5,1,2900101,1000000
2024BG0008772,1,844.37,27,2,1,1,7,15245,108,9800,1,1,1,5,1,2900104,1000000
2024BG0008773,1,844.37,24,1,1,1,19,152025,501,4000,1,1,2,5,2,2900101,1000000
2024BG0008774,1,844.37,21,2,5,1,15,33026,235,4000,1,1,1,5,1,2900103,1000000
2024BG0008775,1,844.37,19,2,5,1,18,33934,242,4000,1,1,1,5,2,2900103,1000000
2024BG0008776,1,844.37,20,1,6,1,15,42295,302,6000,1,1,1,5,1,2900104,1000000
2024BG0008777,1,844.37,15,2,2,1,12,5873,41,0,0,6,1,5,1,2900103,1000000
2024BG0008778,1,844.37,20,1,6,1,10,31207,222,1000,1,1,1,5,1,2900105,1000000
2024BG0008779,1,844.37,30,1,1,1,12,65056,464,6000,3,1,1,1,1,2900102,1000000
2024BG0008780,1,844.37,10,2,1,1,5,7965,56,0,0,6,1,5,1,2900101,1000000
2024BG0008781,1,844.37,18,1,9,1,17,40364,288,4000,1,1,1,5,1,2900104,1000000
2024BG0008782,1,844.37,41,2,6,1,14,69539,496,6000,6,1,1,1,1,2900100,1000000
2024BG0008783,1,844.37,26,2,6,1,14,67702,483,3000,2,1,1,1,1,2900102,1000000
2024BG0008784,1,844.37,19,1,1,1,16,26182,187,6000,4,5,1,1,1,2900104,1000000
2024BG0008785,1,844.37,33,1,7,1,16,100813,501,5000,1,1,1,1,1,2900104,1000000
2024BG0008786,1,844.37,18,1,5,1,14,8924,63,4000,1,1,1,5,1,2900100,1000000
2024BG0008787,1,844.37,27,1,1,1,12,27424,195,5000,1,1,1,1,1,2900100,1000000
2024BG0008788,1,844.37,2,1,6,1,6,2428,17,0,0,6,1,5,1,2900104,1000000
2024BG0008789,1,844.37,41,2,6,1,13,15713,112,1000,2,1,1,1,1,2900101,1000000
2024BG0008790,1,844.37,34,2,1,1,13,72012,501,5000,1,1,1,1,1,2900101,1000000
2024BG0008791,1,844.37,20,2,1,1,17,31312,223,4000,1,2,1,5,1,2900104,1000000
2024BG0008792,1,844.37,37,2,3,1,5,35542,253,9920,1,2,1,1,1,2900101,1000000
2024BG0008793,1,844.37,44,1,5,1,11,45523,325,9000,1,1,1,1,1,2900106,1000000
2024BG0008794,1,844.37,19,1,2,1,15,30689,219,2000,1,5,1,5,1,2900104,1000000
2024BG0008795,1,844.37,29,2,1,1,13,6415,45,7000,3,1,1,1,1,2900106,1000000
2024BG0008796,1,844.37,87,1,2,1,5,5541,39,0,0,6,1,1,1,2900106,1000000
2024BG0008797,1,844.37,10,1,6,1,6,3218,22,0,0,6,1,5,1,2900103,1000000
2024BG0008798,1,844.37,1,1,2,1,7,7559,53,0,0,6,1,5,1,2900107,1000000
2024BG0008799,1,844.37,45,1,1,1,6,11086,79,9000,3,5,1,1,1,2900107,1000000
2024BG0008800,1,844.37,18,2,3,1,14,11119,79,6000,1,1,1,5,1,2900105,1000000
2024BG0008801,1,844.37,30,1,1,1,12,160570,501,6000,3,1,1,1,1,2900102,1000000
2024BG0008802,1,844.37,38,2,5,1,11,65416,467,7000,3,1,1,1,1,2900102,1000000
2024BG0008803,1,844.37,31,2,6,1,16,137405,501,6000,1,1,1,1,1,2900104,1000000
2024BG0008804,1,844.37,9,1,1,1,7,5701,40,0,0,6,1,5,1,2900106,1000000
2024BG0008805,1,844.37,16,1,6,1,14,11059,78,0,0,6,1,5,1,2900103,1000000
2024BG0008806,1,844.37,30,2,1,1,15,83378,501,6000,3,1,1,1,1,2900105,1000000
2024BG0008807,1,844.37,34,1,3,1,16,161453,501,1000,1,1,1,1,1,2900105,1000000
2024BG0008808,1,844.37,0,1,5,1,9,29680,212,0,0,6,1,5,1,2900104,1000000
2024BG0008809,1,844.37,22,1,5,1,19,182806,501,4000,1,1,1,5,1,2900101,1000000
2024BG0008810,1,844.37,25,2,5,1,12,17181,122,5000,4,1,1,5,1,2900106,1000000
2024BG0008811,1,844.37,29,1,7,1,12,43730,312,5000,1,1,1,1,1,2900106,1000000
2024BG0008812,1,844.37,19,1,2,1,18,63714,455,1000,3,1,1,1,1,2900104,1000000
2024BG0008813,1,844.37,16,2,1,1,13,32225,230,0,0,6,1,5,1,2900107,1000000
2024BG0008814,1,844.37,10,2,6,1,4,1425,10,0,0,6,1,5,1,2900100,1000000
2024BG0008815,1,844.37,47,2,1,1,13,27587,197,5000,3,4,1,1,1,2900104,1000000
2024BG0008816,1,844.37,0,2,2,1,8,2647,18,0,0,6,1,5,1,2900101,1000000
2024BG0008817,1,844.37,38,1,1,1,11,84649,501,4000,1,1,1,1,1,2900103,1000000
2024BG0008818,1,844.37,96,2,1,1,6,17522,125,0,0,6,1,1,1,2900105,1000000
2024BG0008819,1,844.37,29,2,1,1,11,27797,198,6000,1,3,1,1,1,2900101,1000000
2024BG0008820,1,844.37,13,2,5,1,5,5476,39,0,0,6,1,5,1,2900102,1000000
2024BG0008821,1,844.37,4,2,3,1,6,5818,41,0,0,6,1,5,1,2900100,1000000
2024BG0008822,1,844.37,28,1,1,1,6,64210,458,5000,1,1,1,1,1,2900107,1000000
2024BG0008823,1,844.37,35,1,5,1,13,22166,158,6000,1,1,1,1,1,2900107,1000000
2024BG0008824,1,844.37,6,1,2,1,6,3054,21,0,0,6,1,5,1,2900103,1000000
2024BG0008825,1,844.37,36,1,3,1,12,71023,501,4000,1,1,1,5,1,2900105,1000000
2024BG0008826,1,844.37,33,2,1,1,9,41801,298,2000,1,1,1,5,1,2900105,1000000
2024BG0008827,1,844.37,31,1,1,1,8,26452,188,6000,1,1,1,1,1,2900100,1000000
2024BG0008828,1,844.37,3,1,6,1,4,2791,19,0,0,6,1,5,1,2900101,1000000
2024BG0008829,1,844.37,27,2,5,1,15,81111,501,4000,1,4,1,5,1,2900102,1000000
2024BG0008830,1,844.37,1,2,5,1,7,3951,28,0,0,6,1,5,1,2900104,1000000
2024BG0008831,1,844.37,26,2,1,1,9,35092,250,5000,1,1,1,5,1,2900102,1000000
2024BG0008832,1,844.37,26,2,6,1,8,19575,139,6000,6,1,1,1,1,2900101,1000000
2024BG0008833,1,844.37,33,1,1,1,7,13204,94,9920,6,1,1,1,1,2900104,1000000
2024BG0008834,1,844.37,22,2,1,1,17,163022,501,2000,1,1,1,1,1,2900101,1000000
2024BG0008835,1,844.37,35,2,5,1,17,104799,501,4000,3,5,1,1,1,2900100,1000000
2024BG0008836,1,844.37,34,2,1,1,15,101083,501,4000,2,1,1,5,1,2900102,1000000
2024BG0008837,1,844.37,42,1,3,1,6,9646,68,9800,1,1,1,1,1,2900105,1000000
2024BG0008838,1,844.37,40,1,1,1,18,54161,386,3000,1,1,1,1,1,2900100,1000000
2024BG0008839,1,844.37,50,2,1,1,13,21659,154,8000,1,1,1,1,1,2900102,1000000
2024BG0008840,1,844.37,20,1,3,1,18,41041,293,4000,1,1,1,1,1,2900102,1000000
2024BG0008841,1,844.37,11,1,1,1,1,5036,35,0,0,6,1,5,1,2900102,1000000
2024BG0008842,1,844.37,24,1,1,1,14,50133,358,6000,1,1,1,5,1,2900103,1000000
2024BG0008843,1,844.37,25,1,6,1,8,9252,66,7000,1,1,1,5,1,2900106,1000000
2024BG0008844,1,844.37,100,2,1,1,9,59863,427,0,0,6,1,2,1,2900103,1000000
2024BG0008845,1,844.37,11,1,1,1,5,3864,27,0,0,6,1,5,1,2900107,1000000
2024BG0008846,1,844.37,93,1,4,1,8,31269,223,0,0,6,1,1,1,2900102,1000000
2024BG0008847,1,844.37,22,1,6,1,18,75732,501,6000,6,1,1,5,1,2900101,1000000
2024BG0008848,1,844.37,41,2,1,1,10,90935,501,4000,2,1,1,1,1,2900105,1000000
2024BG0008849,1,844.37,20,2,1,1,14,17681,126,3000,1,2,1,5,1,2900104,1000000
2024BG0008850,1,844.37,21,2,5,1,15,55210,394,4000,2,5,1,5,1,2900103,1000000
2024BG0008851,1,844.37,12,2,1,1,3,2981,21,0,0,6,1,5,1,2900100,1000000
2024BG0008852,1,844.37,25,2,1,1,14,47350,338,3000,1,1,1,1,1,2900103,1000000
2024BG0008853,1,844.37,66,2,7,1,6,17437,124,6000,4,1,1,1,1,2900100,1000000
2024BG0008854,1,844.37,66,2,1,1,5,6204,44,9800,1,1,1,1,1,2900104,1000000
2024BG0008855,1,844.37,51,2,1,1,11,43019,307,7000,4,1,1,1,1,2900104,1000000
2024BG0008856,1,844.37,24,2,2,1,20,220312,501,1000,1,1,1,5,1,2900103,1000000
2024BG0008857,1,844.37,41,1,3,1,6,8487,60,9000,1,1,1,1,1,2900103,1000000
2024BG0008858,1,844.37,4,2,3,1,7,5772,41,0,0,6,1,5,1,2900101,1000000
2024BG0008859,1,844.37,9,2,2,1,6,4771,34,0,0,6,1,5,1,2900102,1000000
2024BG0008860,1,844.37,15,2,4,1,17,33384,238,0,0,6,1,5,1,2900106,1000000
2024BG0008861,1,844.37,52,2,2,1,12,25397,181,3000,1,1,1,1,1,2900107,1000000
2024BG0008862,1,844.37,43,1,1,1,17,251200,501,4000,3,1,1,1,1,2900102,1000000
2024BG0008863,1,844.37,27,1,1,1,10,37633,268,6000,1,1,5,1,1,2900106,1000000
2024BG0008864,1,844.37,48,2,1,1,10,29859,213,1000,1,2,1,1,1,2900103,1000000
2024BG0008865,1,844.37,0,2,1,1,4,2548,18,0,0,6,1,5,1,2900106,1000000
2024BG0008866,1,844.37,7,2,1,1,5,7679,54,0,0,6,1,5,1,2900102,1000000
2024BG0008867,1,844.37,39,2,6,1,12,52212,372,4000,1,1,1,1,1,2900100,1000000
2024BG0008868,1,844.37,30,2,1,1,14,23058,164,9000,1,1,1,1,1,2900101,1000000
2024BG0008869,1,844.37,1,1,3,1,6,1721,12,0,0,6,1,5,1,2900101,1000000
2024BG0008870,1,844.37,14,2,4,1,2,11109,79,0,0,6,1,5,1,2900102,1000000
2024BG0008871,1,844.37,93,2,2,1,6,3163,22,0,0,6,1,1,1,2900106,1000000
2024BG0008872,1,844.37,31,1,1,1,15,129667,501,2000,1,1,1,1,1,2900103,1000000
2024BG0008873,1,844.37,7,2,1,1,3,2529,18,0,0,6,1,5,2,2900106,1000000
2024BG0008874,1,844.37,20,1,1,1,13,21184,151,5000,4,3,5,5,1,2900100,1000000
2024BG0008875,1,844.37,27,2,3,1,7,20796,148,8000,1,1,1,5,1,2900100,1000000
2024BG0008876,1,844.37,9,2,6,1,7,4750,33,0,0,6,1,5,1,2900102,1000000
2024BG0008877,1,844.37,24,2,4,1,16,132399,501,4000,3,1,1,5,1,2900106,1000000
2024BG0008878,1,844.37,32,1,3,1,9,47559,339,2000,1,1,1,5,1,2900107,1000000
2024BG0008879,1,844.37,19,1,4,1,16,40913,292,6000,1,1,1,5,1,2900105,1000000
2024BG0008880,1,844.37,39,1,2,1,12,56269,401,1000,1,4,1,1,1,2900103,1000000
2024BG0008881,1,844.37,26,2,1,1,13,28820,205,7000,1,1,1,1,1,2900104,1000000
2024BG0008882,1,844.37,42,2,3,1,10,70881,501,8000,1,1,1,1,1,2900107,1000000
2024BG0008883,1,844.37,34,2,1,1,16,74642,501,1000,2,1,1,5,1,2900106,1000000
2024BG0008884,1,844.37,57,1,2,1,13,58227,415,2000,1,1,1,2,1,2900103,1000000
2024BG0008885,1,844.37,53,2,1,1,11,83964,501,8000,3,1,1,1,1,2900101,1000000
2024BG0008886,1,844.37,19,1,6,1,17,38678,276,4000,1,1,1,1,1,2900100,1000000
2024BG0008887,1,844.37,14,1,5,1,6,8184,58,0,0,6,1,5,1,2900103,1000000
2024BG0008888,1,844.37,21,1,2,1,14,28049,200,5000,1,1,1,5,1,2900102,1000000
2024BG0008889,1,844.37,27,1,2,1,9,22365,159,5000,3,2,1,1,1,2900102,1000000
2024BG0008890,1,844.37,51,1,1,1,6,11818,84,7000,1,1,1,1,1,2900101,1000000
2024BG0008891,1,844.37,39,1,1,1,15,112265,501,2000,1,1,1,1,1,2900101,1000000
2024BG0008892,1,844.37,25,2,3,1,15,91686,501,4000,1,3,1,1,1,2900101,1000000
2024BG0008893,1,844.37,1,2,1,1,3,5823,41,0,0,6,1,5,1,2900107,1000000
2024BG0008894,1,844.37,25,1,3,1,12,33871,241,4000,1,1,1,1,1,2900102,1000000
2024BG0008895,1,844.37,89,1,1,1,5,7765,55,0,0,6,1,1,1,2900104,1000000
2024BG0008896,1,844.37,42,1,1,1,15,156063,501,4000,1,1,1,1,1,2900101,1000000
2024BG0008897,1,844.37,20,2,2,1,17,39134,279,1000,3,2,1,5,1,2900103,1000000
2024BG0008898,1,844.37,21,1,6,1,10,11947,85,7000,1,1,1,5,1,2900105,1000000
2024BG0008899,1,844.37,34,1,2,1,19,140288,501,4000,2,2,1,5,1,2900107,1000000
2024BG0008900,1,844.37,40,1,1,1,6,22636,161,8000,4,3,1,1,1,2900100,1000000
2024BG0008901,1,844.37,53,2,2,1,12,16228,115,2000,1,1,1,2,1,2900101,1000000
2024BG0008902,1,844.37,4,1,6,1,6,3169,22,0,0,6,1,5,1,2900105,1000000
2024BG0008903,1,844.37,19,2,9,1,13,53893,384,4000,1,1,1,5,1,2900104,1000000
2024BG0008904,1,844.37,25,1,2,1,6,7062,50,9920,1,1,1,1,1,2900101,1000000
2024BG0008905,1,844.37,2,1,3,1,7,3378,24,0,0,6,1,5,1,2900103,1000000
2024BG0008906,1,844.37,9,2,5,1,4,3041,21,0,0,6,1,5,1,2900106,1000000
2024BG0008907,1,844.37,26,2,2,1,10,33991,242,4000,1,1,1,1,1,2900107,1000000
2024BG0008908,1,844.37,37,2,1,1,13,60974,435,2000,2,2,1,1,1,2900102,1000000
2024BG0008909,1,844.37,38,2,1,1,18,131888,501,6000,1,1,1,1,1,2900106,1000000
2024BG0008910,1,844.37,17,2,1,1,13,21477,153,0,0,6,1,5,1,2900101,1000000
2024BG0008911,1,844.37,54,2,6,1,8,18908,135,9800,1,1,1,1,1,2900106,1000000
2024BG0008912,1,844.37,98,1,6,1,8,11353,81,0,0,6,1,1,1,2900104,1000000
2024BG0008913,1,844.37,24,2,4,1,17,28685,204,4000,3,1,1,1,1,2900103,1000000
2024BG0008914,1,844.37,5,1,1,1,7,6304,45,0,0,6,1,5,1,2900101,1000000
2024BG0008915,1,844.37,37,1,1,1,11,36857,263,5000,4,4,2,1,1,2900105,1000000
2024BG0008916,1,844.37,11,1,5,1,5,9125,65,0,0,6,1,5,1,2900102,1000000
2024BG0008917,1,844.37,31,2,2,1,9,33629,240,8000,1,1,1,1,2,2900104,1000000
2024BG0008918,1,844.37,17,1,1,1,16,63246,451,0,0,6,1,5,1,2900107,1000000
2024BG0008919,1,844.37,17,2,1,1,10,29048,207,0,0,6,1,5,1,2900101,1000000
2024BG0008920,1,844.37,36,2,3,1,8,36650,261,6000,1,1,1,1,1,2900104,1000000
2024BG0008921,1,844.37,2,2,5,1,3,3582,25,0,0,6,1,5,1,2900100,1000000
2024BG0008922,1,844.37,19,2,1,1,12,13194,94,6000,4,1,1,5,1,2900105,1000000
2024BG0008923,1,844.37,25,1,2,1,12,86073,501,4000,1,1,1,1,1,2900101,1000000
2024BG0008924,1,844.37,37,2,1,1,13,71622,501,9800,1,1,1,1,1,2900102,1000000
2024BG0008925,1,844.37,24,2,6,1,14,26782,191,5000,4,1,1,5,1,2900100,1000000
2024BG0008926,1,844.37,3,1,3,1,4,1702,12,0,0,6,1,5,1,2900103,1000000
2024BG0008927,1,844.37,25,2,3,1,6,28893,206,9800,4,1,1,1,1,2900102,1000000
2024BG0008928,1,844.37,58,2,3,1,14,24849,177,6000,1,1,1,1,1,2900100,1000000
2024BG0008929,1,844.37,54,2,1,1,8,4592,32,9800,1,1,1,1,1,2900101,1000000
2024BG0008930,1,844.37,33,1,3,1,6,15627,111,9800,1,1,1,1,1,2900106,1000000
2024BG0008931,1,844.37,26,1,1,1,8,5555,39,6000,3,1,1,1,1,2900105,1000000
2024BG0008932,1,844.37,16,1,3,1,18,14144,101,0,0,6,1,5,1,2900100,1000000
2024BG0008933,1,844.37,6,2,3,1,1,1498,10,0,0,6,1,5,1,2900106,1000000
2024BG0008934,1,844.37,27,1,3,1,14,37801,270,2000,1,1,1,5,1,2900100,1000000
2024BG0008935,1,844.37,53,1,1,1,6,17444,124,9000,4,1,1,1,1,2900101,1000000
2024BG0008936,1,844.37,8,1,3,1,6,11141,79,0,0,6,1,5,1,2900105,1000000
2024BG0008937,1,844.37,39,2,1,1,11,15015,107,4000,1,4,1,1,1,2900104,1000000
2024BG0008938,1,844.37,22,1,5,1,19,108023,501,4000,3,2,1,5,1,2900101,1000000
2024BG0008939,1,844.37,50,2,1,1,13,89317,501,4000,2,3,1,1,1,2900104,1000000
2024BG0008940,1,844.37,27,2,5,1,9,51277,366,8000,6,1,2,1,1,2900107,1000000
2024BG0008941,1,844.37,26,2,6,1,12,42716,305,6000,3,1,1,1,1,2900106,1000000
2024BG0008942,1,844.37,55,1,1,1,12,32139,229,6000,1,1,1,1,1,2900102,1000000
2024BG0008943,1,844.37,30,2,2,1,11,16502,117,4000,2,1,1,5,1,2900103,1000000
2024BG0008944,1,844.37,26,1,1,1,6,6266,44,9800,1,1,1,1,1,2900105,1000000
2024BG0008945,1,844.37,41,1,5,1,13,22227,158,7000,6,5,1,1,1,2900103,1000000
2024BG0008946,1,844.37,15,2,2,1,10,7654,54,0,0,6,1,5,1,2900107,1000000
2024BG0008947,1,844.37,44,2,1,1,16,60803,434,5000,1,2,1,1,1,2900107,1000000
2024BG0008948,1,844.37,9,1,7,1,2,5831,41,0,0,6,1,5,1,2900103,1000000
2024BG0008949,1,844.37,52,2,2,1,7,31089,222,6000,4,1,1,1,2,2900100,1000000
2024BG0008950,1,844.37,39,2,5,1,12,25008,178,1000,2,1,1,1,1,2900106,1000000
2024BG0008951,1,844.37,23,2,2,1,17,157219,501,4000,2,1,1,5,1,2900103,1000000
2024BG0008952,1,844.37,54,2,3,1,10,33985,242,9000,4,1,1,4,1,2900105,1000000
2024BG0008953,1,844.37,49,2,1,1,10,52155,372,1000,1,1,1,1,1,2900101,1000000
2024BG0008954,1,844.37,28,2,1,1,10,12508,89,3000,3,1,1,1,1,2900100,1000000
2024BG0008955,1,844.37,38,2,1,1,5,12049,86,9800,3,1,1,1,1,2900101,1000000
2024BG0008956,1,844.37,19,2,1,1,18,34349,245,4000,1,3,1,1,2,2900103,1000000
2024BG0008957,1,844.37,47,2,1,1,8,132226,501,9920,1,1,1,1,1,2900104,1000000
2024BG0008958,1,844.37,40,2,1,1,12,61638,440,6000,1,1,1,1,1,2900102,1000000
2024BG0008959,1,844.37,34,1,1,1,14,43942,313,8000,4,1,1,5,1,2900107,1000000
2024BG0008960,1,844.37,49,1,1,1,11,69866,499,4000,1,1,1,1,1,2900107,1000000
2024BG0008961,1,844.37,38,1,2,1,11,106827,501,7000,1,2,1,1,1,2900103,1000000
2024BG0008962,1,844.37,31,1,3,1,14,33381,238,6000,1,1,1,1,1,2900101,1000000
2024BG0008963,1,844.37,38,2,1,1,10,23674,169,7000,6,1,1,1,1,2900103,1000000
2024BG0008964,1,844.37,12,2,1,1,5,5892,42,0,0,6,1,5,1,2900107,1000000
2024BG0008965,1,844.37,32,2,1,1,13,33480,239,8000,1,1,1,1,1,2900104,1000000
2024BG0008966,1,844.37,43,2,1,1,11,21042,150,6000,6,2,1,1,1,2900104,1000000
2024BG0008967,1,844.37,30,1,1,1,18,61380,438,4000,2,1,1,5,1,2900107,1000000
2024BG0008968,1,844.37,44,2,1,1,14,22937,163,4000,1,1,1,5,1,2900103,1000000
2024BG0008969,1,844.37,57,2,9,1,6,12672,90,7000,1,3,1,1,1,2900106,1000000
2024BG0008970,1,844.37,19,2,2,1,12,8897,63,9800,1,1,1,5,1,2900107,1000000
2024BG0008971,1,844.37,32,2,1,1,10,21979,156,7000,1,1,1,1,1,2900100,1000000
2024BG0008972,1,844.37,25,2,2,1,14,57072,407,7000,1,1,1,1,1,2900103,1000000
2024BG0008973,1,844.37,40,1,1,1,14,31239,223,5000,1,1,1,1,1,2900100,1000000
2024BG0008974,1,844.37,17,2,1,1,13,20175,144,0,0,6,1,5,1,2900104,1000000
2024BG0008975,1,844.37,34,1,1,1,16,100034,501,4000,1,1,1,1,1,2900101,1000000
2024BG0008976,1,844.37,14,1,1,1,4,9531,68,0,0,6,1,5,1,2900100,1000000
2024BG0008977,1,844.37,30,1,1,1,7,26487,189,5000,4,1,1,5,1,2900100,1000000
2024BG0008978,1,844.37,12,1,1,1,4,7247,51,0,0,6,1,5,1,2900107,1000000
2024BG0008979,1,844.37,0,2,6,1,9,10281,73,0,0,6,1,5,1,2900101,1000000
2024BG0008980,1,844.37,21,2,7,1,16,54661,390,4000,1,2,1,5,1,2900103,1000000
2024BG0008981,1,844.37,81,2,2,1,12,7689,54,0,0,6,1,1,1,2900101,1000000
2024BG0008982,1,844.37,20,2,1,1,17,32917,235,4000,1,1,1,5,1,2900104,1000000
2024BG0008983,1,844.37,36,2,1,1,12,185025,501,5000,6,1,1,1,1,2900100,1000000
2024BG0008984,1,844.37,43,2,3,1,9,45666,326,4000,3,1,1,1,1,2900104,1000000
2024BG0008985,1,844.37,21,1,5,1,18,33048,236,4000,1,1,1,5,1,2900104,1000000
2024BG0008986,1,844.37,19,1,2,1,18,55137,393,4000,3,1,1,5,1,2900103,1000000
2024BG0008987,1,844.37,13,1,1,1,5,12496,89,0,0,6,1,5,1,2900102,1000000
2024BG0008988,1,844.37,14,1,3,1,4,4335,30,0,0,6,1,5,1,2900105,1000000
2024BG0008989,1,844.37,29,2,3,1,9,59397,424,3000,1,1,1,5,1,2900104,1000000
2024BG0008990,1,844.37,28,2,1,1,15,401757,501,4000,1,1,1,5,1,2900100,1000000
2024BG0008991,1,844.37,22,2,5,1,17,210436,501,4000,1,2,1,5,1,2900106,1000000
2024BG0008992,1,844.37,2,1,1,1,1,24520,175,0,0,6,1,5,1,2900101,1000000
2024BG0008993,1,844.37,36,2,1,1,10,38947,278,6000,1,1,1,1,1,2900105,1000000
2024BG0008994,1,844.37,21,1,7,1,13,24486,174,5000,6,1,1,5,1,2900100,1000000
2024BG0008995,1,844.37,20,1,3,1,17,33151,236,4000,2,1,1,5,1,2900107,1000000
2024BG0008996,1,844.37,30,1,1,1,12,29998,214,6000,1,2,1,1,1,2900104,1000000
2024BG0008997,1,844.37,95,2,4,1,8,4852,34,0,0,6,1,5,1,2900103,1000000
2024BG0008998,1,844.37,39,1,1,1,7,17073,121,9800,1,1,1,5,1,2900100,1000000
2024BG0008999,1,844.37,7,2,3,1,7,2457,17,0,0,6,1,5,1,2900106,1000000
2024BG0009000,1,844.37,85,1,1,1,6,8861,63,0,0,6,1,1,1,2900103,1000000
2024BG0009001,1,844.37,86,1,4,1,12,28748,205,0,0,6,1,1,1,2900100,1000000
2024BG0009002,1,844.37,26,2,1,1,12,41405,295,4000,1,1,1,1,1,2900104,1000000
2024BG0009003,1,844.37,24,1,6,1,16,35054,250,1000,1,1,1,5,1,2900105,1000000
2024BG0009004,1,844.37,41,2,6,1,14,21297,152,2000,3,1,1,1,1,2900101,1000000
2024BG0009005,1,844.37,4,1,1,1,2,2814,20,0,0,6,1,5,1,2900106,1000000
2024BG0009006,1,844.37,46,1,1,1,9,17103,122,4000,3,1,1,1,1,2900106,1000000
2024BG0009007,1,844.37,27,2,3,1,13,20079,143,6000,1,1,1,5,1,2900107,1000000
2024BG0009008,1,844.37,49,2,1,1,9,168549,501,7000,1,1,1,5,1,2900105,1000000
2024BG0009009,1,844.37,41,1,1,1,13,29722,212,1000,2,1,1,1,1,2900107,1000000
2024BG0009010,1,844.37,26,2,9,1,7,33552,239,6000,4,1,1,1,1,2900100,1000000
2024BG0009011,1,844.37,36,2,2,1,12,29146,208,3000,1,1,1,1,1,2900102,1000000
2024BG0009012,1,844.37,49,1,1,1,5,32710,233,7000,1,1,1,1,1,2900106,1000000
2024BG0009013,1,844.37,30,1,1,1,7,8130,58,7000,1,2,1,5,1,2900104,1000000
2024BG0009014,1,844.37,10,1,1,1,3,10975,78,0,0,6,1,5,1,2900107,1000000
2024BG0009015,1,844.37,20,2,5,1,17,30890,220,4000,1,1,1,5,1,2900106,1000000
2024BG0009016,1,844.37,44,2,1,1,15,127020,501,4000,2,1,1,1,1,2900106,1000000
2024BG0009017,1,844.37,7,2,1,1,5,5033,35,0,0,6,1,5,1,2900103,1000000
2024BG0009018,1,844.37,16,1,6,1,12,55541,396,0,0,6,1,5,1,2900103,1000000
2024BG0009019,1,844.37,10,2,1,1,6,4933,35,0,0,6,1,5,1,2900100,1000000
2024BG0009020,1,844.37,39,1,6,1,15,309032,501,2000,2,1,1,1,1,2900105,1000000
2024BG0009021,1,844.37,36,2,1,1,7,19205,137,9000,1,1,1,1,1,2900102,1000000
2024BG0009022,1,844.37,24,1,1,1,16,132304,501,1000,1,1,1,1,1,2900104,1000000
2024BG0009023,1,844.37,51,2,5,1,17,93885,501,4000,1,1,1,2,1,2900104,1000000
2024BG0009024,1,844.37,42,2,1,1,13,48274,344,6000,3,1,1,1,1,2900103,1000000
2024BG0009025,1,844.37,29,1,4,1,17,60471,431,2000,1,1,1,1,1,2900107,1000000
2024BG0009026,1,844.37,10,2,1,1,3,7425,53,0,0,6,1,5,1,2900106,1000000
2024BG0009027,1,844.37,25,2,1,1,12,29033,207,5000,1,1,1,1,1,2900104,1000000
2024BG0009028,1,844.37,25,2,4,1,15,141668,501,4000,1,2,1,5,1,2900102,1000000
2024BG0009029,1,844.37,58,1,1,1,15,135980,501,5000,1,2,1,1,1,2900103,1000000
2024BG0009030,1,844.37,16,2,6,1,15,24560,175,0,0,6,1,5,1,2900107,1000000
2024BG0009031,1,844.37,28,2,1,1,12,29347,209,4000,2,1,1,1,1,2900102,1000000
2024BG0009032,1,844.37,24,1,7,1,19,121921,501,4000,1,1,1,1,1,2900107,1000000
2024BG0009033,1,844.37,40,2,2,1,17,218242,501,3000,1,4,1,1,1,2900105,1000000
2024BG0009034,1,844.37,28,2,2,1,16,54179,386,4000,1,1,1,1,1,2900107,1000000
2024BG0009035,1,844.37,20,2,5,1,18,48163,344,4000,1,1,1,1,1,2900106,1000000
2024BG0009036,1,844.37,15,2,5,1,17,51875,370,0,0,6,1,5,1,2900102,1000000
2024BG0009037,1,844.37,12,1,3,1,8,4569,32,0,0,6,1,5,1,2900101,1000000
2024BG0009038,1,844.37,7,1,2,1,5,19496,139,0,0,6,1,5,1,2900105,1000000
2024BG0009039,1,844.37,36,2,1,1,12,58734,419,3000,1,5,1,1,1,2900102,1000000
2024BG0009040,1,844.37,100,1,1,1,7,13671,97,0,0,6,1,1,1,2900106,1000000
2024BG0009041,1,844.37,12,2,1,1,3,2101,15,0,0,6,1,5,1,2900106,1000000
2024BG0009042,1,844.37,0,1,1,1,6,7895,56,0,0,6,1,5,1,2900101,1000000
2024BG0009043,1,844.37,6,1,5,1,5,983,7,0,0,6,1,5,1,2900103,1000000
2024BG0009044,1,844.37,0,1,2,1,2,6570,46,0,0,6,1,5,1,2900103,1000000
2024BG0009045,1,844.37,8,1,3,1,6,6483,46,0,0,6,1,5,1,2900103,1000000
2024BG0009046,1,844.37,20,1,4,1,17,110726,501,2000,3,3,1,1,1,2900104,1000000
2024BG0009047,1,844.37,5,1,2,1,4,5135,36,0,0,6,1,5,1,2900100,1000000
2024BG0009048,1,844.37,8,1,2,1,9,29912,213,0,0,6,1,5,1,2900102,1000000
2024BG0009049,1,844.37,17,2,1,1,16,34238,244,0,0,6,1,5,1,2900105,1000000
2024BG0009050,1,844.37,28,1,5,1,8,24589,175,5000,1,1,1,1,1,2900101,1000000
2024BG0009051,1,844.37,36,1,4,1,11,24026,171,5000,1,1,1,1,1,2900102,1000000
2024BG0009052,1,844.37,33,1,1,1,9,29985,214,6000,3,4,1,1,1,2900103,1000000
2024BG0009053,1,844.37,39,1,4,1,8,26907,192,7000,3,2,1,1,1,2900101,1000000
2024BG0009054,1,844.37,4,1,5,1,4,2463,17,0,0,6,1,5,1,2900101,1000000
2024BG0009055,1,844.37,18,2,5,1,16,54626,390,5000,3,1,1,5,1,2900105,1000000
2024BG0009056,1,844.37,8,1,1,1,2,4605,32,0,0,6,1,5,1,2900101,1000000
2024BG0009057,1,844.37,29,2,2,1,11,25959,185,2000,1,1,1,1,1,2900106,1000000
2024BG0009058,1,844.37,44,1,3,1,11,108790,501,7000,1,1,1,1,1,2900106,1000000
2024BG0009059,1,844.37,35,2,4,1,12,59812,427,3000,1,1,1,1,1,2900103,1000000
2024BG0009060,1,844.37,30,2,2,1,14,21370,152,7000,6,1,1,5,1,2900107,1000000
2024BG0009061,1,844.37,43,2,4,1,12,47111,336,5000,6,4,1,5,2,2900106,1000000
2024BG0009062,1,844.37,35,1,2,1,16,171425,501,5000,1,1,1,1,1,2900101,1000000
2024BG0009063,1,844.37,38,2,5,1,13,55830,398,7000,1,1,1,5,1,2900100,1000000
2024BG0009064,1,844.37,6,1,1,1,9,8468,60,0,0,6,1,5,1,2900103,1000000
2024BG0009065,1,844.37,57,1,1,1,8,6759,48,9800,1,1,1,1,1,2900106,1000000
2024BG0009066,1,844.37,75,2,1,1,5,2080,14,0,0,6,1,1,1,2900107,1000000
2024BG0009067,1,844.37,35,1,3,1,16,51803,370,6000,1,1,1,1,1,2900107,1000000
2024BG0009068,1,844.37,6,1,3,1,1,4353,31,0,0,6,1,5,1,2900100,1000000
2024BG0009069,1,844.37,49,1,2,1,10,86672,501,5000,6,1,1,1,1,2900107,1000000
2024BG0009070,1,844.37,25,1,3,1,7,3213,22,7000,1,1,1,1,1,2900101,1000000
2024BG0009071,1,844.37,3,2,5,1,6,4530,32,0,0,6,1,5,1,2900100,1000000
2024BG0009072,1,844.37,29,2,1,1,9,19098,136,9000,3,5,1,1,1,2900105,1000000
2024BG0009073,1,844.37,7,1,1,1,5,4288,30,0,0,6,1,5,1,2900101,1000000
2024BG0009074,1,844.37,16,1,3,1,16,51649,368,0,0,6,1,5,1,2900101,1000000
2024BG0009075,1,844.37,18,1,1,1,16,19749,141,5000,3,1,1,1,1,2900104,1000000
2024BG0009076,1,844.37,22,2,7,1,14,30302,216,4000,2,2,2,5,1,2900105,1000000
2024BG0009077,1,844.37,40,2,3,1,9,36405,260,8000,3,1,1,1,1,2900102,1000000
2024BG0009078,1,844.37,27,2,1,1,14,44118,315,9000,1,1,1,5,1,2900104,1000000
2024BG0009079,1,844.37,18,2,1,1,13,9345,66,8000,6,1,1,5,1,2900105,1000000
2024BG0009080,1,844.37,42,2,1,1,14,18160,129,9800,4,1,1,1,1,2900105,1000000
2024BG0009081,1,844.37,54,2,1,1,7,13123,93,9800,1,1,1,1,1,2900103,1000000
2024BG0009082,1,844.37,39,1,6,1,17,254607,501,3000,1,1,1,1,1,2900101,1000000
2024BG0009083,1,844.37,23,2,1,1,14,37278,266,3000,1,1,1,5,1,2900103,1000000
2024BG0009084,1,844.37,30,1,1,1,13,94714,501,6000,4,1,1,5,1,2900103,1000000
2024BG0009085,1,844.37,42,2,1,1,11,44253,316,9800,4,4,1,1,1,2900102,1000000
2024BG0009086,1,844.37,34,2,1,1,7,11795,84,9920,4,4,1,1,1,2900102,1000000
2024BG0009087,1,844.37,38,2,9,1,12,75661,501,4000,1,1,1,1,1,2900100,1000000
2024BG0009088,1,844.37,43,1,2,1,13,85112,501,7000,1,1,1,1,1,2900107,1000000
2024BG0009089,1,844.37,13,1,7,1,4,1059,7,0,0,6,1,5,1,2900106,1000000
2024BG0009090,1,844.37,45,2,1,1,16,180068,501,5000,1,1,1,5,1,2900106,1000000
2024BG0009091,1,844.37,16,1,1,1,18,48273,344,0,0,6,1,5,1,2900102,1000000
2024BG0009092,1,844.37,18,1,1,1,12,27652,197,9000,4,5,1,5,1,2900101,1000000
2024BG0009093,1,844.37,12,1,1,1,1,1350,9,0,0,6,1,5,1,2900105,1000000
2024BG0009094,1,844.37,24,2,5,1,11,32821,234,1000,2,1,1,5,1,2900104,1000000
2024BG0009095,1,844.37,12,2,1,1,2,2852,20,0,0,6,1,5,1,2900107,1000000
2024BG0009096,1,844.37,27,1,5,1,9,28604,204,5000,1,1,1,1,1,2900106,1000000
2024BG0009097,1,844.37,17,1,6,1,18,20367,145,0,0,6,1,5,1,2900102,1000000
2024BG0009098,1,844.37,47,2,6,1,11,43400,310,4000,1,1,1,1,1,2900104,1000000
2024BG0009099,1,844.37,2,1,1,1,1,4085,29,0,0,6,1,5,1,2900101,1000000
2024BG0009100,1,844.37,7,1,6,1,2,3703,26,0,0,6,1,5,1,2900102,1000000
2024BG0009101,1,844.37,14,2,1,1,7,14091,100,0,0,6,1,5,1,2900101,1000000
2024BG0009102,1,844.37,69,1,5,1,11,16823,120,1000,1,1,1,1,1,2900103,1000000
2024BG0009103,1,844.37,8,1,1,1,1,6390,45,0,0,6,1,5,1,2900107,1000000
2024BG0009104,1,844.37,47,1,1,1,13,60700,433,7000,1,1,5,1,1,2900104,1000000
2024BG0009105,1,844.37,6,1,1,1,3,2239,15,0,0,6,1,5,1,2900100,1000000
2024BG0009106,1,844.37,36,1,9,1,16,74114,501,4000,1,1,1,1,1,2900104,1000000
2024BG0009107,1,844.37,18,2,1,1,16,15641,111,2000,1,1,1,1,1,2900100,1000000
2024BG0009108,1,844.37,23,2,1,1,18,78434,501,2000,1,1,1,1,1,2900103,1000000
2024BG0009109,1,844.37,4,2,1,1,8,5372,38,0,0,6,1,5,1,2900100,1000000
2024BG0009110,1,844.37,20,1,1,1,13,21054,150,4000,1,2,1,1,2,2900105,1000000
2024BG0009111,1,844.37,22,1,1,1,18,124736,501,6000,6,1,5,5,1,2900106,1000000
2024BG0009112,1,844.37,37,2,1,1,8,12871,91,5000,4,3,1,1,1,2900106,1000000
2024BG0009113,1,844.37,49,2,1,1,11,72472,501,7000,3,1,1,1,1,2900104,1000000
2024BG0009114,1,844.37,52,2,4,1,8,3982,28,9920,1,5,1,1,1,2900105,1000000
2024BG0009115,1,844.37,24,1,1,1,15,299802,501,6000,1,1,1,5,1,2900105,1000000
2024BG0009116,1,844.37,22,1,4,1,17,73563,501,4000,1,1,1,5,1,2900103,1000000
2024BG0009117,1,844.37,22,2,6,1,18,170542,501,6000,4,1,1,5,1,2900100,1000000
2024BG0009118,1,844.37,10,1,2,1,6,2199,15,0,0,6,1,5,1,2900103,1000000
2024BG0009119,1,844.37,37,2,1,1,14,50113,357,5000,6,4,1,1,1,2900107,1000000
2024BG0009120,1,844.37,1,1,5,1,1,2927,20,0,0,6,1,5,1,2900105,1000000
2024BG0009121,1,844.37,46,2,1,1,11,35936,256,6000,1,1,1,1,2,2900102,1000000
2024BG0009122,1,844.37,16,2,2,1,17,39669,283,0,0,6,1,5,1,2900107,1000000
2024BG0009123,1,844.37,39,2,1,1,9,54935,392,7000,1,1,1,1,1,2900106,1000000
2024BG0009124,1,844.37,44,2,1,1,9,70923,501,2000,1,1,1,1,1,2900101,1000000
2024BG0009125,1,844.37,30,1,1,1,17,132837,501,4000,1,1,1,5,2,2900103,1000000
2024BG0009126,1,844.37,26,2,2,1,6,4235,30,6000,4,1,1,1,1,2900101,1000000
2024BG0009127,1,844.37,5,1,1,1,1,4328,30,0,0,6,1,5,1,2900102,1000000
2024BG0009128,1,844.37,22,2,7,1,13,33820,241,4000,3,1,1,1,1,2900104,1000000
2024BG0009129,1,844.37,39,1,6,1,13,24489,174,5000,1,1,1,1,1,2900102,1000000
2024BG0009130,1,844.37,6,1,4,1,6,4796,34,0,0,6,1,5,2,2900106,1000000
2024BG0009131,1,844.37,22,1,3,1,16,142927,501,4000,3,1,1,5,1,2900106,1000000
2024BG0009132,1,844.37,14,1,1,1,2,5936,42,0,0,6,1,5,1,2900105,1000000
2024BG0009133,1,844.37,6,2,1,1,6,3796,27,0,0,6,1,5,1,2900101,1000000
2024BG0009134,1,844.37,35,1,2,1,14,51200,365,8000,6,5,1,5,1,2900100,1000000
2024BG0009135,1,844.37,33,2,1,1,9,16464,117,7000,3,1,2,1,1,2900101,1000000
2024BG0009136,1,844.37,21,1,2,1,15,22713,162,4000,1,1,1,5,1,2900105,1000000
2024BG0009137,1,844.37,1,2,1,1,5,3185,22,0,0,6,1,5,1,2900101,1000000
2024BG0009138,1,844.37,16,2,1,1,14,13419,95,0,0,6,1,5,1,2900103,1000000
2024BG0009139,1,844.37,15,2,3,1,10,34288,244,0,0,6,1,5,1,2900100,1000000
2024BG0009140,1,844.37,47,2,5,1,11,30375,216,5000,4,1,1,1,1,2900101,1000000
2024BG0009141,1,844.37,37,2,6,1,5,8244,58,7000,1,1,5,1,1,2900103,1000000
2024BG0009142,1,844.37,25,2,5,1,8,23902,170,7000,6,2,1,1,1,2900105,1000000
2024BG0009143,1,844.37,13,1,1,1,4,7002,50,0,0,6,1,5,1,2900103,1000000
2024BG0009144,1,844.37,43,2,2,1,6,17082,122,8000,3,1,1,1,1,2900101,1000000
2024BG0009145,1,844.37,84,1,2,1,11,21493,153,0,0,6,1,1,1,2900106,1000000
2024BG0009146,1,844.37,41,1,5,1,14,41582,297,2000,1,1,1,1,1,2900103,1000000
2024BG0009147,1,844.37,11,1,3,1,8,14410,102,0,0,6,1,5,1,2900100,1000000
2024BG0009148,1,844.37,34,2,3,1,15,99793,501,4000,1,1,1,5,1,2900100,1000000
2024BG0009149,1,844.37,5,1,5,1,4,4679,33,0,0,6,1,5,1,2900107,1000000
2024BG0009150,1,844.37,20,1,1,1,18,71134,501,4000,1,1,1,5,1,2900105,1000000
2024BG0009151,1,844.37,68,1,6,1,7,7238,51,7000,1,1,1,1,1,2900106,1000000
2024BG0009152,1,844.37,68,2,5,1,10,101686,501,9800,3,1,1,5,1,2900105,1000000
2024BG0009153,1,844.37,8,1,3,1,2,9359,66,0,0,6,1,5,1,2900105,1000000
2024BG0009154,1,844.37,25,2,1,1,6,17495,124,9920,1,1,1,1,1,2900102,1000000
2024BG0009155,1,844.37,9,2,6,1,8,1544,11,0,0,6,1,5,1,2900100,1000000
2024BG0009156,1,844.37,41,1,2,1,15,219495,501,4000,1,1,1,1,1,2900104,1000000
2024BG0009157,1,844.37,32,1,2,1,11,24226,173,4000,2,4,1,5,1,2900103,1000000
2024BG0009158,1,844.37,75,1,2,1,11,24335,173,0,0,6,1,1,1,2900103,1000000
2024BG0009159,1,844.37,2,2,1,1,1,8393,59,0,0,6,1,5,1,2900103,1000000
2024BG0009160,1,844.37,11,1,1,1,8,5502,39,0,0,6,1,5,1,2900102,1000000
2024BG0009161,1,844.37,36,1,1,1,9,61229,437,4000,2,1,1,5,1,2900104,1000000
2024BG0009162,1,844.37,21,2,4,1,13,15067,107,8000,6,1,1,5,1,2900107,1000000
2024BG0009163,1,844.37,3,2,2,1,4,7492,53,0,0,6,1,5,1,2900106,1000000
2024BG0009164,1,844.37,87,2,3,1,10,14742,105,0,0,6,1,5,1,2900107,1000000
2024BG0009165,1,844.37,32,1,1,1,16,309799,501,4000,1,1,1,5,1,2900100,1000000
2024BG0009166,1,844.37,85,1,5,1,8,8858,63,0,0,6,1,1,1,2900106,1000000
2024BG0009167,1,844.37,43,1,3,1,13,31956,228,5000,6,1,1,1,1,2900101,1000000
2024BG0009168,1,844.37,0,1,1,1,4,4926,35,0,0,6,1,5,1,2900101,1000000
2024BG0009169,1,844.37,33,1,1,1,14,23439,167,9000,1,1,1,1,1,2900103,1000000
2024BG0009170,1,844.37,27,2,1,1,10,36695,262,6000,1,1,1,1,1,2900105,1000000
2024BG0009171,1,844.37,38,2,1,1,11,26784,191,6000,1,1,1,1,1,2900100,1000000
2024BG0009172,1,844.37,37,1,5,1,14,51589,368,8000,3,1,1,5,1,2900105,1000000
2024BG0009173,1,844.37,7,2,5,1,5,1099,7,0,0,6,1,5,1,2900101,1000000
2024BG0009174,1,844.37,11,1,5,1,5,6279,44,0,0,6,1,5,1,2900107,1000000
2024BG0009175,1,844.37,41,2,7,1,15,168194,501,4000,1,1,1,1,1,2900103,1000000
2024BG0009176,1,844.37,14,2,6,1,8,2766,19,0,0,6,1,5,1,2900101,1000000
2024BG0009177,1,844.37,11,1,1,1,9,38972,278,0,0,6,1,5,1,2900101,1000000
2024BG0009178,1,844.37,44,1,1,1,12,41975,299,8000,3,1,1,1,1,2900105,1000000
2024BG0009179,1,844.37,20,1,2,1,15,55936,399,4000,3,1,1,5,1,2900100,1000000
2024BG0009180,1,844.37,21,1,5,1,17,37191,265,4000,1,1,1,1,1,2900106,1000000
2024BG0009181,1,844.37,18,1,1,1,17,65075,464,6000,3,1,1,5,1,2900101,1000000
2024BG0009182,1,844.37,20,1,1,1,12,16037,114,6000,1,1,1,5,1,2900100,1000000
2024BG0009183,1,844.37,42,2,2,1,6,6946,49,5000,6,1,1,1,1,2900103,1000000
2024BG0009184,1,844.37,43,1,2,1,9,34360,245,4000,1,2,1,1,1,2900105,1000000
2024BG0009185,1,844.37,57,2,4,1,15,267792,501,3000,1,1,1,1,1,2900106,1000000
2024BG0009186,1,844.37,47,1,5,1,15,305590,501,4000,3,1,1,1,1,2900103,1000000
2024BG0009187,1,844.37,36,1,1,1,7,17130,122,9000,6,1,1,1,1,2900104,1000000
2024BG0009188,1,844.37,26,2,6,1,16,80857,501,6000,1,1,1,1,1,2900100,1000000
2024BG0009189,1,844.37,17,1,1,1,15,18300,130,0,0,6,1,5,1,2900100,1000000
2024BG0009190,1,844.37,41,1,1,1,19,369702,501,1000,1,1,1,1,1,2900104,1000000
2024BG0009191,1,844.37,33,1,4,1,13,25650,183,5000,1,1,1,1,1,2900105,1000000
2024BG0009192,1,844.37,5,2,1,1,4,7331,52,0,0,6,1,5,1,2900107,1000000
2024BG0009193,1,844.37,33,2,4,1,11,22167,158,9000,1,1,1,1,1,2900103,1000000
2024BG0009194,1,844.37,37,2,3,1,16,299336,501,6000,1,4,1,1,2,2900103,1000000
2024BG0009195,1,844.37,32,1,1,1,7,13811,98,5000,4,1,1,5,1,2900102,1000000
2024BG0009196,1,844.37,40,1,5,1,17,116440,501,4000,1,1,1,1,1,2900101,1000000
2024BG0009197,1,844.37,23,2,1,1,16,103008,501,1000,1,1,1,5,1,2900103,1000000
2024BG0009198,1,844.37,1,2,7,1,6,6273,44,0,0,6,1,5,1,2900102,1000000
2024BG0009199,1,844.37,10,1,1,1,7,1990,14,0,0,6,1,5,1,2900100,1000000
2024BG0009200,1,844.37,19,1,1,1,14,29475,210,7000,4,1,1,5,1,2900100,1000000
2024BG0009201,1,844.37,49,1,1,1,9,40097,286,9000,3,1,1,5,1,2900102,1000000
2024BG0009202,1,844.37,9,2,7,1,4,9394,67,0,0,6,1,5,1,2900106,1000000
2024BG0009203,1,844.37,14,1,3,1,7,3798,27,0,0,6,5,5,1,2900101,1000000
2024BG0009204,1,844.37,9,1,1,1,7,3077,21,0,0,6,1,5,1,2900101,1000000
2024BG0009205,1,844.37,11,2,1,1,9,15186,108,0,0,6,1,5,1,2900105,1000000
2024BG0009206,1,844.37,15,2,4,1,16,60660,433,0,0,6,1,5,1,2900101,1000000
2024BG0009207,1,844.37,63,2,1,1,11,46410,331,5000,6,1,1,2,1,2900103,1000000
2024BG0009208,1,844.37,44,1,4,1,6,7610,54,6000,1,1,1,1,1,2900103,1000000
2024BG0009209,1,844.37,31,1,3,1,13,40603,290,8000,4,1,1,5,1,2900100,1000000
2024BG0009210,1,844.37,35,1,5,1,12,135908,501,7000,1,1,1,1,1,2900102,1000000
2024BG0009211,1,844.37,27,2,2,1,7,31720,226,7000,3,1,1,1,1,2900106,1000000
2024BG0009212,1,844.37,18,1,1,1,19,43883,313,1000,1,1,1,1,2,2900107,1000000
2024BG0009213,1,844.37,1,1,2,1,6,18720,133,0,0,6,1,5,1,2900102,1000000
2024BG0009214,1,844.37,50,1,1,1,10,22396,159,6000,6,1,1,1,1,2900101,1000000
2024BG0009215,1,844.37,29,2,1,1,10,30215,215,6000,6,1,1,5,1,2900102,1000000
2024BG0009216,1,844.37,23,2,1,1,11,16630,118,2000,1,1,1,5,1,2900107,1000000
2024BG0009217,1,844.37,12,1,7,1,9,20736,148,0,0,6,1,5,1,2900101,1000000
2024BG0009218,1,844.37,42,1,1,1,11,24852,177,5000,1,1,1,1,1,2900102,1000000
2024BG0009219,1,844.37,40,2,1,1,14,87914,501,5000,1,1,1,1,1,2900103,1000000
2024BG0009220,1,844.37,6,1,1,1,4,15732,112,0,0,6,1,5,1,2900107,1000000
2024BG0009221,1,844.37,35,1,2,1,15,143917,501,1000,1,1,1,1,1,2900100,1000000
2024BG0009222,1,844.37,23,2,6,1,11,11243,80,9000,6,1,1,5,1,2900102,1000000
2024BG0009223,1,844.37,39,1,1,1,12,49523,353,4000,3,1,1,1,1,2900104,1000000
2024BG0009224,1,844.37,43,1,6,1,7,4044,28,9000,3,1,1,1,1,2900105,1000000
2024BG0009225,1,844.37,45,1,7,1,14,58112,415,4000,1,1,1,1,1,2900101,1000000
2024BG0009226,1,844.37,43,2,3,1,10,71123,501,5000,3,1,1,1,1,2900105,1000000
2024BG0009227,1,844.37,45,1,6,1,14,61513,439,5000,4,1,1,1,1,2900103,1000000
2024BG0009228,1,844.37,21,2,1,1,15,22236,158,6000,6,1,1,5,1,2900105,1000000
2024BG0009229,1,844.37,28,2,1,1,13,119364,501,4000,1,5,1,1,1,2900103,1000000
2024BG0009230,1,844.37,48,1,9,1,11,263683,501,5000,1,1,1,1,1,2900100,1000000
2024BG0009231,1,844.37,32,1,1,1,7,17906,127,9920,1,1,1,5,1,2900105,1000000
2024BG0009232,1,844.37,9,2,1,1,4,4328,30,0,0,6,1,5,1,2900103,1000000
2024BG0009233,1,844.37,25,2,1,1,11,48517,346,7000,1,1,1,1,1,2900103,1000000
2024BG0009234,1,844.37,3,2,1,1,7,6398,45,0,0,6,1,5,1,2900102,1000000
2024BG0009235,1,844.37,37,2,2,1,14,19374,138,3000,1,1,1,1,1,2900107,1000000
2024BG0009236,1,844.37,34,2,6,1,9,35670,254,6000,6,1,1,1,1,2900102,1000000
2024BG0009237,1,844.37,19,1,2,1,15,67443,481,4000,2,1,1,5,1,2900102,1000000
2024BG0009238,1,844.37,25,1,5,1,6,4647,33,9920,3,1,1,1,1,2900105,1000000
2024BG0009239,1,844.37,100,1,5,1,12,22799,162,0,0,6,1,1,1,2900103,1000000
2024BG0009240,1,844.37,51,1,1,1,11,34698,247,4000,1,1,1,3,2,2900104,1000000
2024BG0009241,1,844.37,43,2,1,1,13,137977,501,3000,2,1,1,1,1,2900101,1000000
2024BG0009242,1,844.37,57,1,1,1,13,22808,162,7000,3,1,1,3,1,2900106,1000000
2024BG0009243,1,844.37,35,2,6,1,9,21341,152,4000,1,1,1,1,1,2900100,1000000
2024BG0009244,1,844.37,12,2,6,1,5,7803,55,0,0,6,1,5,1,2900102,1000000
2024BG0009245,1,844.37,43,1,3,1,14,36784,262,5000,4,1,1,1,1,2900106,1000000
2024BG0009246,1,844.37,10,2,1,1,5,5926,42,0,0,6,1,5,1,2900106,1000000
2024BG0009247,1,844.37,12,1,3,1,2,6180,44,0,0,6,1,5,1,2900106,1000000
2024BG0009248,1,844.37,36,1,1,1,16,107724,501,1000,1,1,1,5,1,2900101,1000000
2024BG0009249,1,844.37,10,1,2,1,1,3776,26,0,0,6,1,5,1,2900107,1000000
2024BG0009250,1,844.37,57,2,1,1,11,67327,480,4000,1,1,1,1,1,2900107,1000000
2024BG0009251,1,844.37,19,1,1,1,18,32092,229,5000,3,1,1,5,1,2900103,1000000
2024BG0009252,1,844.37,28,1,1,1,7,2550,18,7000,1,1,1,1,1,2900107,1000000
2024BG0009253,1,844.37,28,2,3,1,5,7653,54,9920,1,1,1,5,1,2900105,1000000
2024BG0009254,1,844.37,42,2,1,1,12,14221,101,4000,1,1,1,1,1,2900105,1000000
2024BG0009255,1,844.37,28,2,3,1,14,63372,452,6000,3,1,1,5,1,2900100,1000000
2024BG0009256,1,844.37,38,2,1,1,15,100505,501,4000,1,1,1,1,1,2900105,1000000
2024BG0009257,1,844.37,77,2,3,1,11,44189,315,0,0,6,1,5,1,2900106,1000000
2024BG0009258,1,844.37,48,2,5,1,9,20126,143,4000,2,1,1,1,1,2900105,1000000
2024BG0009259,1,844.37,27,2,6,1,13,20225,144,5000,1,2,1,5,1,2900105,1000000
2024BG0009260,1,844.37,53,1,1,1,13,20318,145,5000,1,1,1,1,1,2900101,1000000
2024BG0009261,1,844.37,35,1,3,1,15,208976,501,3000,2,1,1,1,1,2900100,1000000
2024BG0009262,1,844.37,33,2,1,1,12,12061,86,6000,4,5,1,1,1,2900105,1000000
2024BG0009263,1,844.37,4,1,3,1,6,1293,9,0,0,6,1,5,1,2900104,1000000
2024BG0009264,1,844.37,43,2,2,1,12,53795,384,9000,6,1,1,1,1,2900105,1000000
2024BG0009265,1,844.37,32,1,2,1,8,22206,158,9800,3,1,1,1,1,2900101,1000000
2024BG0009266,1,844.37,19,1,1,1,19,131813,501,1000,2,1,1,1,1,2900103,1000000
2024BG0009267,1,844.37,22,2,1,1,15,27903,199,4000,1,1,1,5,1,2900100,1000000
2024BG0009268,1,844.37,38,1,9,1,13,75023,501,7000,1,1,1,5,2,2900107,1000000
2024BG0009269,1,844.37,37,1,2,1,16,105038,501,4000,1,1,1,1,1,2900105,1000000
2024BG0009270,1,844.37,57,1,3,1,8,9989,71,9800,1,1,1,1,1,2900103,1000000
2024BG0009271,1,844.37,55,1,3,1,10,30896,220,4000,1,1,1,1,1,2900105,1000000
2024BG0009272,1,844.37,13,1,1,1,3,8926,63,0,0,6,1,5,1,2900106,1000000
2024BG0009273,1,844.37,27,1,1,1,12,37731,269,6000,6,1,1,1,1,2900105,1000000
2024BG0009274,1,844.37,20,2,1,1,12,22613,161,1000,1,1,1,5,1,2900106,1000000
2024BG0009275,1,844.37,3,2,1,1,2,6424,45,0,0,6,1,5,1,2900100,1000000
2024BG0009276,1,844.37,47,1,1,1,7,27470,196,6000,4,1,1,2,1,2900107,1000000
2024BG0009277,1,844.37,45,1,3,1,13,61360,438,5000,3,1,1,1,1,2900103,1000000
2024BG0009278,1,844.37,17,1,5,1,14,80094,501,0,0,6,1,5,1,2900106,1000000
2024BG0009279,1,844.37,42,2,2,1,8,34241,244,5000,1,2,1,1,1,2900103,1000000
2024BG0009280,1,844.37,48,1,4,1,6,36092,257,5000,1,1,1,1,1,2900105,1000000
2024BG0009281,1,844.37,30,1,1,1,14,61327,438,9000,3,1,1,1,1,2900101,1000000
2024BG0009282,1,844.37,18,1,2,1,18,39686,283,3000,1,1,1,5,1,2900107,1000000
2024BG0009283,1,844.37,34,2,2,1,5,15610,111,6000,1,1,1,1,1,2900106,1000000
2024BG0009284,1,844.37,36,2,5,1,15,157821,501,5000,1,1,1,1,1,2900107,1000000
2024BG0009285,1,844.37,9,1,1,1,3,12723,90,0,0,6,1,5,1,2900100,1000000
2024BG0009286,1,844.37,4,1,1,1,9,14536,103,0,0,6,1,5,1,2900107,1000000
2024BG0009287,1,844.37,38,1,1,1,17,174519,501,6000,4,4,1,1,1,2900106,1000000
2024BG0009288,1,844.37,41,1,6,1,11,18044,128,6000,6,1,1,1,1,2900104,1000000
2024BG0009289,1,844.37,37,1,4,1,12,53622,383,1000,1,1,1,5,1,2900101,1000000
2024BG0009290,1,844.37,20,1,1,1,17,30453,217,2000,2,1,1,1,1,2900107,1000000
2024BG0009291,1,844.37,16,1,2,1,19,108475,501,0,0,6,1,5,2,2900107,1000000
2024BG0009292,1,844.37,25,2,5,1,9,43573,311,5000,1,1,1,1,1,2900105,1000000
2024BG0009293,1,844.37,0,2,6,1,6,4416,31,0,0,6,1,5,1,2900105,1000000
2024BG0009294,1,844.37,34,1,6,1,10,58241,416,5000,1,1,1,1,1,2900103,1000000
2024BG0009295,1,844.37,40,2,5,1,12,63912,456,8000,1,1,1,1,1,2900106,1000000
2024BG0009296,1,844.37,42,2,5,1,18,180549,501,6000,1,1,1,1,1,2900102,1000000
2024BG0009297,1,844.37,20,2,1,1,18,67519,482,4000,1,3,1,5,1,2900107,1000000
2024BG0009298,1,844.37,51,1,2,1,8,12653,90,9800,1,1,1,1,1,2900101,1000000
2024BG0009299,1,844.37,38,1,5,1,5,13576,96,6000,3,1,1,1,1,2900103,1000000
2024BG0009300,1,844.37,26,2,3,1,8,30059,214,9920,1,1,1,1,1,2900100,1000000
2024BG0009301,1,844.37,4,2,5,1,9,7810,55,0,0,6,1,5,2,2900100,1000000
2024BG0009302,1,844.37,27,2,6,1,11,40363,288,7000,1,1,1,1,1,2900101,1000000
2024BG0009303,1,844.37,54,1,1,1,15,157173,501,4000,1,1,1,1,1,2900102,1000000
2024BG0009304,1,844.37,93,1,1,1,6,8537,60,0,0,6,1,1,1,2900107,1000000
2024BG0009305,1,844.37,97,1,1,1,7,7880,56,0,0,6,1,1,1,2900106,1000000
2024BG0009306,1,844.37,12,2,6,1,5,2564,18,0,0,6,1,5,2,2900107,1000000
2024BG0009307,1,844.37,36,1,3,1,9,80509,501,2000,1,1,1,1,1,2900100,1000000
2024BG0009308,1,844.37,44,1,2,1,14,36263,259,9000,1,1,1,1,2,2900100,1000000
2024BG0009309,1,844.37,91,1,2,1,10,33147,236,0,0,6,1,1,1,2900107,1000000
2024BG0009310,1,844.37,8,2,2,1,3,4878,34,0,0,6,1,5,1,2900102,1000000
2024BG0009311,1,844.37,12,2,1,1,5,4622,33,0,0,6,1,5,1,2900104,1000000
2024BG0009312,1,844.37,53,1,1,1,12,37867,270,3000,1,1,1,1,1,2900107,1000000
2024BG0009313,1,844.37,31,2,1,1,11,72972,501,5000,1,1,1,1,1,2900105,1000000
2024BG0009314,1,844.37,40,1,1,1,5,3872,27,7000,4,1,1,5,1,2900103,1000000
2024BG0009315,1,844.37,39,2,1,1,7,15235,108,6000,1,1,1,1,1,2900104,1000000
2024BG0009316,1,844.37,29,1,9,1,11,33926,242,6000,1,1,1,5,1,2900100,1000000
2024BG0009317,1,844.37,39,2,2,1,14,57540,411,1000,3,1,1,1,1,2900101,1000000
2024BG0009318,1,844.37,0,2,5,1,5,1943,13,0,0,6,2,5,1,2900100,1000000
2024BG0009319,1,844.37,21,1,1,1,17,43035,307,4000,1,4,1,1,1,2900106,1000000
2024BG0009320,1,844.37,47,1,1,1,10,45495,324,4000,1,1,1,1,1,2900105,1000000
2024BG0009321,1,844.37,25,2,5,1,14,64074,457,5000,1,1,1,1,1,2900100,1000000
2024BG0009322,1,844.37,41,2,4,1,10,76004,501,1000,1,3,1,2,1,2900103,1000000
2024BG0009323,1,844.37,22,2,1,1,16,131300,501,5000,3,1,1,5,1,2900105,1000000
2024BG0009324,1,844.37,7,1,5,1,2,4360,31,0,0,6,1,5,1,2900103,1000000
2024BG0009325,1,844.37,23,1,2,1,17,216747,501,4000,1,1,1,5,1,2900103,1000000
2024BG0009326,1,844.37,29,2,1,1,15,170562,501,5000,1,1,1,1,1,2900104,1000000
2024BG0009327,1,844.37,33,1,1,1,13,36691,262,5000,4,1,1,1,1,2900105,1000000
2024BG0009328,1,844.37,20,1,3,1,15,48980,349,6000,1,1,1,5,1,2900103,1000000
2024BG0009329,1,844.37,32,1,2,1,19,92030,501,4000,1,1,5,1,1,2900107,1000000
2024BG0009330,1,844.37,43,1,2,1,11,42480,303,8000,4,2,1,1,1,2900103,1000000
2024BG0009331,1,844.37,53,2,7,1,14,14289,102,9000,6,1,1,1,1,2900104,1000000
2024BG0009332,1,844.37,3,2,2,1,9,22289,159,0,0,6,1,5,1,2900107,1000000
2024BG0009333,1,844.37,12,1,1,1,5,1927,13,0,0,6,1,5,1,2900102,1000000
2024BG0009334,1,844.37,55,1,6,1,13,82649,501,7000,3,4,1,1,1,2900105,1000000
2024BG0009335,1,844.37,28,1,4,1,12,19490,139,5000,1,1,1,1,1,2900101,1000000
2024BG0009336,1,844.37,36,2,1,1,9,36979,264,4000,1,1,1,5,1,2900102,1000000
2024BG0009337,1,844.37,33,1,2,1,7,34629,247,7000,1,1,1,1,1,2900107,1000000
2024BG0009338,1,844.37,20,2,1,1,16,45100,322,6000,1,1,1,5,1,2900103,1000000
2024BG0009339,1,844.37,30,2,1,1,13,45155,322,9800,3,4,1,5,1,2900106,1000000
2024BG0009340,1,844.37,41,1,2,1,15,124368,501,1000,1,1,1,1,1,2900105,1000000
2024BG0009341,1,844.37,5,1,6,1,4,2092,14,0,0,6,1,5,1,2900105,1000000
2024BG0009342,1,844.37,6,1,8,1,5,30050,214,0,0,6,1,5,1,2900101,1000000
2024BG0009343,1,844.37,2,2,3,1,6,8973,64,0,0,6,1,5,1,2900100,1000000
2024BG0009344,1,844.37,26,1,3,1,13,40981,292,5000,1,1,1,1,1,2900104,1000000
2024BG0009345,1,844.37,24,1,2,1,16,58349,416,3000,1,1,2,5,1,2900102,1000000
2024BG0009346,1,844.37,25,2,4,1,16,145337,501,6000,1,1,1,1,1,2900103,1000000
2024BG0009347,1,844.37,50,1,1,1,16,147935,501,4000,1,1,1,1,1,2900106,1000000
2024BG0009348,1,844.37,40,1,1,1,12,49909,356,6000,3,1,1,1,1,2900104,1000000
2024BG0009349,1,844.37,51,1,1,1,17,112273,501,5000,6,1,1,1,1,2900105,1000000
2024BG0009350,1,844.37,51,2,6,1,12,37400,267,8000,1,1,1,4,1,2900104,1000000
2024BG0009351,1,844.37,21,2,3,1,20,115856,501,3000,2,1,1,5,1,2900103,1000000
2024BG0009352,1,844.37,47,1,1,1,10,67327,480,4000,2,1,1,5,1,2900107,1000000
2024BG0009353,1,844.37,38,2,1,1,6,26348,188,6000,1,1,1,1,1,2900100,1000000
2024BG0009354,1,844.37,39,2,3,1,12,55820,398,8000,3,1,1,1,1,2900106,1000000
2024BG0009355,1,844.37,26,1,1,1,10,51696,369,7000,6,1,1,1,1,2900105,1000000
2024BG0009356,1,844.37,13,1,1,1,9,27174,194,0,0,6,1,5,1,2900103,1000000
2024BG0009357,1,844.37,17,2,8,1,18,29443,210,0,0,6,1,5,1,2900103,1000000
2024BG0009358,1,844.37,26,2,4,1,16,36624,261,3000,1,1,1,5,1,2900107,1000000
2024BG0009359,1,844.37,27,1,5,1,8,17548,125,9920,1,1,1,1,1,2900106,1000000
2024BG0009360,1,844.37,42,1,1,1,5,18631,133,9800,1,1,1,1,1,2900106,1000000
2024BG0009361,1,844.37,58,1,1,1,6,27409,195,7000,1,1,1,1,1,2900107,1000000
2024BG0009362,1,844.37,41,1,2,1,10,92617,501,4000,1,1,1,1,1,2900101,1000000
2024BG0009363,1,844.37,6,2,3,1,4,11704,83,0,0,6,1,5,1,2900100,1000000
2024BG0009364,1,844.37,15,1,1,1,12,55301,395,0,0,6,2,5,1,2900100,1000000
2024BG0009365,1,844.37,40,1,2,1,16,102692,501,4000,1,1,1,1,1,2900100,1000000
2024BG0009366,1,844.37,43,1,1,1,15,140669,501,4000,1,1,1,1,1,2900103,1000000
2024BG0009367,1,844.37,49,2,6,1,9,78318,501,5000,3,1,1,1,1,2900101,1000000
2024BG0009368,1,844.37,27,2,6,1,11,43200,308,5000,3,1,1,1,1,2900104,1000000
2024BG0009369,1,844.37,2,2,6,1,7,3270,23,0,0,6,1,5,1,2900105,1000000
2024BG0009370,1,844.37,25,1,1,1,13,75172,501,4000,1,4,1,1,1,2900101,1000000
2024BG0009371,1,844.37,18,2,6,1,17,50524,360,6000,4,1,1,5,1,2900104,1000000
2024BG0009372,1,844.37,33,1,5,1,13,114490,501,5000,1,1,1,1,1,2900100,1000000
2024BG0009373,1,844.37,52,2,4,1,5,7358,52,7000,1,1,1,1,1,2900102,1000000
2024BG0009374,1,844.37,42,2,2,1,17,54477,389,6000,4,1,1,2,1,2900100,1000000
2024BG0009375,1,844.37,42,1,2,1,5,20931,149,9000,3,1,1,2,1,2900107,1000000
2024BG0009376,1,844.37,12,1,4,1,2,10065,71,0,0,6,1,5,1,2900101,1000000
2024BG0009377,1,844.37,75,2,4,1,11,58987,421,0,0,6,1,5,1,2900100,1000000
2024BG0009378,1,844.37,21,2,4,1,13,13528,96,1000,1,2,1,5,1,2900104,1000000
2024BG0009379,1,844.37,21,1,4,1,11,27503,196,5000,1,1,1,5,1,2900102,1000000
2024BG0009380,1,844.37,58,2,6,1,5,50881,363,8000,1,1,1,1,1,2900100,1000000
2024BG0009381,1,844.37,46,2,1,1,11,40552,289,8000,1,1,1,1,1,2900102,1000000
2024BG0009382,1,844.37,23,1,1,1,19,325765,501,4000,3,1,1,5,1,2900105,1000000
2024BG0009383,1,844.37,5,2,7,1,2,13540,96,0,0,6,1,5,1,2900101,1000000
2024BG0009384,1,844.37,9,2,5,1,7,2309,16,0,0,6,1,5,1,2900100,1000000
2024BG0009385,1,844.37,29,2,2,1,16,152833,501,2000,3,2,1,1,1,2900106,1000000
2024BG0009386,1,844.37,3,1,4,1,5,5697,40,0,0,6,1,5,1,2900101,1000000
2024BG0009387,1,844.37,27,1,1,1,16,59988,428,6000,1,1,1,1,1,2900103,1000000
2024BG0009388,1,844.37,32,1,1,1,13,36652,261,9000,1,1,1,5,1,2900102,1000000
2024BG0009389,1,844.37,3,2,3,1,4,5483,39,0,0,6,1,5,1,2900107,1000000
2024BG0009390,1,844.37,11,2,4,1,7,5272,37,0,0,6,1,5,1,2900105,1000000
2024BG0009391,1,844.37,28,1,2,1,8,21874,156,7000,4,1,1,1,1,2900103,1000000
2024BG0009392,1,844.37,20,2,4,1,15,81347,501,6000,6,1,1,5,1,2900103,1000000
2024BG0009393,1,844.37,22,1,2,1,17,119136,501,5000,1,1,1,5,1,2900107,1000000
2024BG0009394,1,844.37,37,2,1,1,17,75286,501,1000,1,1,1,1,1,2900101,1000000
2024BG0009395,1,844.37,16,1,3,1,19,42102,300,0,0,6,1,5,1,2900100,1000000
2024BG0009396,1,844.37,37,2,1,1,14,18294,130,4000,1,5,1,5,1,2900102,1000000
2024BG0009397,1,844.37,84,1,6,1,8,18448,131,0,0,6,1,1,1,2900106,1000000
2024BG0009398,1,844.37,21,2,1,1,15,21207,151,4000,2,1,1,5,1,2900102,1000000
2024BG0009399,1,844.37,17,1,1,1,12,27948,199,0,0,6,1,5,1,2900101,1000000
2024BG0009400,1,844.37,30,1,3,1,13,43138,308,4000,2,1,1,5,1,2900103,1000000
2024BG0009401,1,844.37,71,2,5,1,6,9102,65,0,0,6,1,1,1,2900106,1000000
2024BG0009402,1,844.37,42,1,1,1,11,71916,501,6000,6,1,1,1,1,2900104,1000000
2024BG0009403,1,844.37,23,1,1,1,18,87343,501,5000,1,1,1,5,1,2900101,1000000
2024BG0009404,1,844.37,21,2,1,1,18,112684,501,3000,1,1,1,5,1,2900104,1000000
2024BG0009405,1,844.37,45,2,5,1,10,43396,309,8000,1,1,1,1,1,2900103,1000000
2024BG0009406,1,844.37,37,2,1,1,12,39413,281,6000,1,1,1,1,1,2900106,1000000
2024BG0009407,1,844.37,42,1,2,1,14,30598,218,6000,1,2,1,5,1,2900103,1000000
2024BG0009408,1,844.37,49,2,5,1,8,32547,232,6000,3,1,1,1,1,2900101,1000000
2024BG0009409,1,844.37,3,2,1,1,8,4934,35,0,0,6,1,5,1,2900101,1000000
2024BG0009410,1,844.37,40,2,1,1,13,73147,501,6000,1,1,1,1,1,2900106,1000000
2024BG0009411,1,844.37,31,2,3,1,10,23844,170,2000,1,4,1,5,1,2900100,1000000
2024BG0009412,1,844.37,39,2,1,1,12,123529,501,5000,1,3,1,1,1,2900101,1000000
2024BG0009413,1,844.37,33,2,8,1,15,100958,501,4000,2,1,1,1,1,2900105,1000000
2024BG0009414,1,844.37,53,1,2,1,10,62667,447,9000,1,1,1,5,1,2900107,1000000
2024BG0009415,1,844.37,10,2,1,1,9,7556,53,0,0,6,1,5,1,2900102,1000000
2024BG0009416,1,844.37,7,1,2,1,8,10970,78,0,0,6,1,5,1,2900102,1000000
2024BG0009417,1,844.37,34,2,1,1,14,44285,316,4000,1,2,1,1,1,2900107,1000000
2024BG0009418,1,844.37,2,2,1,1,1,6709,47,0,0,6,1,5,1,2900106,1000000
2024BG0009419,1,844.37,19,2,3,1,20,128765,501,4000,1,1,1,5,1,2900104,1000000
2024BG0009420,1,844.37,17,1,4,1,16,43740,312,0,0,6,1,5,1,2900100,1000000
2024BG0009421,1,844.37,2,2,1,1,7,15229,108,0,0,6,1,5,1,2900105,1000000
2024BG0009422,1,844.37,43,1,1,1,9,35588,254,5000,4,1,1,1,1,2900101,1000000
2024BG0009423,1,844.37,32,2,5,1,15,172260,501,6000,1,1,1,5,1,2900100,1000000
2024BG0009424,1,844.37,8,2,1,1,3,8076,57,0,0,6,1,5,1,2900105,1000000
2024BG0009425,1,844.37,47,1,1,1,6,19082,136,9920,1,1,1,1,1,2900100,1000000
2024BG0009426,1,844.37,3,2,1,1,1,8106,57,0,0,6,1,5,1,2900102,1000000
2024BG0009427,1,844.37,24,2,6,1,18,115506,501,4000,2,1,1,5,1,2900100,1000000
2024BG0009428,1,844.37,31,1,1,1,7,10908,77,9000,1,1,1,1,1,2900104,1000000
2024BG0009429,1,844.37,31,1,1,1,8,7938,56,7000,1,1,1,1,1,2900105,1000000
2024BG0009430,1,844.37,55,2,6,1,8,11630,83,9800,1,1,1,3,1,2900102,1000000
2024BG0009431,1,844.37,8,1,6,1,5,4688,33,0,0,6,1,5,1,2900100,1000000
2024BG0009432,1,844.37,18,1,3,1,16,15281,109,5000,4,1,1,5,2,2900105,1000000
2024BG0009433,1,844.37,15,1,1,1,19,177748,501,0,0,6,1,5,1,2900100,1000000
2024BG0009434,1,844.37,24,2,5,1,13,17807,127,9800,1,1,1,5,1,2900105,1000000
2024BG0009435,1,844.37,89,1,3,1,11,13081,93,0,0,6,1,1,1,2900104,1000000
2024BG0009436,1,844.37,17,1,9,1,16,142020,501,0,0,6,1,5,1,2900104,1000000
2024BG0009437,1,844.37,28,1,1,1,17,61819,441,4000,1,1,1,1,1,2900106,1000000
2024BG0009438,1,844.37,52,1,5,1,9,44455,317,1000,1,1,1,5,1,2900106,1000000
2024BG0009439,1,844.37,21,1,1,1,13,12437,88,7000,1,1,1,5,1,2900105,1000000
2024BG0009440,1,844.37,29,2,2,1,5,9414,67,6000,3,1,1,1,1,2900104,1000000
2024BG0009441,1,844.37,11,2,2,1,6,3089,22,0,0,6,1,5,1,2900106,1000000
2024BG0009442,1,844.37,27,1,1,1,7,9292,66,7000,4,4,1,1,1,2900104,1000000
2024BG0009443,1,844.37,20,1,2,1,15,32378,231,4000,2,1,1,5,1,2900107,1000000
2024BG0009444,1,844.37,18,1,1,1,12,43654,311,6000,3,1,1,1,1,2900104,1000000
2024BG0009445,1,844.37,43,2,2,1,16,140380,501,5000,4,5,1,1,1,2900101,1000000
2024BG0009446,1,844.37,8,2,1,1,5,8255,58,0,0,6,1,5,1,2900103,1000000
2024BG0009447,1,844.37,56,2,2,1,17,115376,501,6000,1,1,1,1,1,2900107,1000000
2024BG0009448,1,844.37,11,1,3,1,4,14583,104,0,0,6,1,5,1,2900105,1000000
2024BG0009449,1,844.37,25,1,3,1,10,10544,75,6000,3,1,1,1,1,2900102,1000000
2024BG0009450,1,844.37,50,1,1,1,11,47816,341,8000,3,1,1,1,1,2900101,1000000
2024BG0009451,1,844.37,21,1,2,1,18,31847,227,6000,1,1,1,5,1,2900103,1000000
2024BG0009452,1,844.37,2,1,6,1,4,2588,18,0,0,6,1,5,1,2900106,1000000
2024BG0009453,1,844.37,52,1,2,1,10,10853,77,1000,1,1,1,1,1,2900102,1000000
2024BG0009454,1,844.37,19,1,2,1,11,10835,77,5000,1,1,1,5,1,2900100,1000000
2024BG0009455,1,844.37,11,2,2,1,5,1389,9,0,0,6,1,5,1,2900107,1000000
2024BG0009456,1,844.37,38,2,1,1,14,43486,310,1000,1,1,1,1,2,2900104,1000000
2024BG0009457,1,844.37,30,2,5,1,10,29742,212,5000,1,1,1,1,1,2900103,1000000
2024BG0009458,1,844.37,22,1,1,1,10,15631,111,4000,3,1,1,5,1,2900103,1000000
2024BG0009459,1,844.37,35,1,6,1,14,56376,402,6000,1,3,1,5,1,2900102,1000000
2024BG0009460,1,844.37,41,2,2,1,12,52886,377,9000,3,1,1,1,1,2900106,1000000
2024BG0009461,1,844.37,17,1,1,1,16,21779,155,0,0,6,1,5,1,2900101,1000000
2024BG0009462,1,844.37,16,1,1,1,13,9873,70,0,0,6,1,5,1,2900101,1000000
2024BG0009463,1,844.37,56,2,1,1,13,28729,205,4000,1,1,1,1,1,2900100,1000000
2024BG0009464,1,844.37,42,1,7,1,14,24338,173,5000,3,1,1,1,1,2900105,1000000
2024BG0009465,1,844.37,52,2,3,1,16,170275,501,6000,1,1,1,4,1,2900107,1000000
2024BG0009466,1,844.37,21,1,6,1,17,50702,362,4000,1,1,1,1,1,2900105,1000000
2024BG0009467,1,844.37,8,1,1,1,6,5345,38,0,0,6,1,5,1,2900104,1000000
2024BG0009468,1,844.37,29,2,5,1,13,57015,407,9800,6,1,1,1,1,2900107,1000000
2024BG0009469,1,844.37,59,1,1,1,8,14823,105,5000,1,1,1,2,1,2900103,1000000
2024BG0009470,1,844.37,5,1,6,1,2,9462,67,0,0,6,1,5,1,2900103,1000000
2024BG0009471,1,844.37,66,2,2,1,5,10613,75,6000,3,1,1,1,1,2900106,1000000
2024BG0009472,1,844.37,26,1,2,1,14,16312,116,3000,3,1,1,1,1,2900105,1000000
2024BG0009473,1,844.37,37,1,2,1,5,8192,58,5000,6,1,1,1,1,2900101,1000000
2024BG0009474,1,844.37,15,2,5,1,11,11881,84,0,0,6,1,5,1,2900101,1000000
2024BG0009475,1,844.37,12,2,2,1,1,3966,28,0,0,6,1,5,1,2900106,1000000
2024BG0009476,1,844.37,81,1,1,1,7,17467,124,0,0,6,1,1,1,2900101,1000000
2024BG0009477,1,844.37,36,2,1,1,7,5567,39,5000,1,1,1,1,1,2900107,1000000
2024BG0009478,1,844.37,4,1,9,1,2,5922,42,0,0,6,1,5,1,2900104,1000000
2024BG0009479,1,844.37,29,1,1,1,5,4271,30,7000,1,1,1,1,1,2900106,1000000
2024BG0009480,1,844.37,14,2,1,1,3,7250,51,0,0,6,1,5,1,2900102,1000000
2024BG0009481,1,844.37,28,1,1,1,14,17977,128,6000,1,5,1,1,1,2900104,1000000
2024BG0009482,1,844.37,25,2,9,1,16,82536,501,4000,1,5,1,1,1,2900105,1000000
2024BG0009483,1,844.37,34,2,1,1,5,39013,278,9800,1,1,1,1,1,2900104,1000000
2024BG0009484,1,844.37,30,2,1,1,5,12352,88,6000,1,1,1,1,1,2900102,1000000
2024BG0009485,1,844.37,12,1,2,1,1,7215,51,0,0,6,1,5,1,2900107,1000000
2024BG0009486,1,844.37,1,1,4,1,7,4603,32,0,0,6,1,5,1,2900105,1000000
2024BG0009487,1,844.37,15,1,3,1,13,10748,76,0,0,6,1,5,1,2900102,1000000
2024BG0009488,1,844.37,41,2,2,1,6,18585,132,9920,1,1,1,1,1,2900106,1000000
2024BG0009489,1,844.37,13,2,1,1,3,5661,40,0,0,6,1,5,1,2900101,1000000
2024BG0009490,1,844.37,28,2,3,1,9,67673,483,4000,3,1,1,1,1,2900103,1000000
2024BG0009491,1,844.37,12,2,2,1,1,5199,37,0,0,6,1,5,1,2900101,1000000
2024BG0009492,1,844.37,31,1,1,1,9,29556,211,3000,1,2,1,5,1,2900104,1000000
2024BG0009493,1,844.37,13,1,2,1,3,7512,53,0,0,6,1,5,1,2900106,1000000
2024BG0009494,1,844.37,33,2,1,1,14,39512,282,6000,1,1,1,1,1,2900101,1000000
2024BG0009495,1,844.37,32,1,3,1,11,106209,501,5000,1,1,1,1,1,2900104,1000000
2024BG0009496,1,844.37,25,1,1,1,8,24345,173,9000,4,1,1,1,1,2900107,1000000
2024BG0009497,1,844.37,6,1,3,1,4,6323,45,0,0,6,1,5,1,2900103,1000000
2024BG0009498,1,844.37,92,1,3,1,9,14768,105,0,0,6,1,1,1,2900106,1000000
2024BG0009499,1,844.37,4,1,5,1,1,1330,9,0,0,6,1,5,1,2900105,1000000
2024BG0009500,1,844.37,36,2,1,1,5,22057,157,9920,3,5,1,1,1,2900106,1000000
2024BG0009501,1,844.37,10,2,1,1,7,14307,102,0,0,6,1,5,1,2900105,1000000
2024BG0009502,1,844.37,88,2,1,1,12,17037,121,0,0,6,1,2,1,2900100,1000000
2024BG0009503,1,844.37,34,1,1,1,14,30529,218,4000,2,1,1,1,1,2900104,1000000
2024BG0009504,1,844.37,36,1,1,1,8,36716,262,7000,1,1,1,1,1,2900106,1000000
2024BG0009505,1,844.37,27,1,1,1,15,203367,501,5000,3,1,1,5,1,2900101,1000000
2024BG0009506,1,844.37,43,1,5,1,12,96805,501,7000,1,5,1,5,1,2900101,1000000
2024BG0009507,1,844.37,41,2,4,1,18,64537,460,5000,4,1,1,1,1,2900106,1000000
2024BG0009508,1,844.37,28,2,6,1,6,1812,12,7000,3,1,1,5,1,2900107,1000000
2024BG0009509,1,844.37,46,2,1,1,14,79022,501,5000,1,1,1,1,1,2900101,1000000
2024BG0009510,1,844.37,42,1,1,1,12,64647,461,5000,6,1,1,5,1,2900104,1000000
2024BG0009511,1,844.37,1,2,2,1,3,3021,21,0,0,6,1,5,1,2900100,1000000
2024BG0009512,1,844.37,28,1,9,1,17,45149,322,4000,1,1,1,1,1,2900103,1000000
2024BG0009513,1,844.37,42,2,1,1,17,52811,377,5000,1,1,1,1,1,2900106,1000000
2024BG0009514,1,844.37,29,1,2,1,11,66210,472,7000,1,1,1,1,1,2900102,1000000
2024BG0009515,1,844.37,27,2,9,1,8,3985,28,9800,1,1,1,1,2,2900105,1000000
2024BG0009516,1,844.37,28,1,1,1,15,80554,501,4000,1,1,1,1,1,2900106,1000000
2024BG0009517,1,844.37,29,1,6,1,11,7413,52,9000,1,1,1,1,1,2900100,1000000
2024BG0009518,1,844.37,5,2,1,1,7,8415,60,0,0,6,1,5,1,2900101,1000000
2024BG0009519,1,844.37,31,1,1,1,6,79011,501,6000,6,1,1,5,1,2900101,1000000
2024BG0009520,1,844.37,59,2,6,1,7,20654,147,9000,1,1,1,1,1,2900107,1000000
2024BG0009521,1,844.37,25,1,1,1,10,43081,307,9000,3,1,1,1,1,2900107,1000000
2024BG0009522,1,844.37,5,2,5,1,3,4898,34,0,0,6,1,5,1,2900102,1000000
2024BG0009523,1,844.37,47,2,1,1,10,60273,430,9000,3,1,1,1,1,2900101,1000000
2024BG0009524,1,844.37,46,1,3,1,18,92146,501,6000,1,1,1,2,1,2900102,1000000
2024BG0009525,1,844.37,1,1,5,1,9,8435,60,0,0,6,1,5,1,2900102,1000000
2024BG0009526,1,844.37,1,2,1,1,4,3073,21,0,0,6,1,5,1,2900101,1000000
2024BG0009527,1,844.37,75,1,2,1,7,16123,115,0,0,6,1,1,1,2900106,1000000
2024BG0009528,1,844.37,41,2,6,1,12,47328,338,4000,1,2,1,1,1,2900102,1000000
2024BG0009529,1,844.37,35,1,1,1,8,26942,192,5000,1,1,1,1,1,2900100,1000000
2024BG0009530,1,844.37,18,2,1,1,16,74858,501,4000,1,1,1,5,1,2900104,1000000
2024BG0009531,1,844.37,35,1,4,1,8,11322,80,6000,3,1,1,5,1,2900100,1000000
2024BG0009532,1,844.37,41,1,6,1,5,16468,117,5000,3,4,1,1,1,2900106,1000000
2024BG0009533,1,844.37,29,2,1,1,12,39375,281,8000,3,1,1,1,1,2900103,1000000
2024BG0009534,1,844.37,23,2,4,1,14,24423,174,9000,3,1,1,5,1,2900105,1000000
2024BG0009535,1,844.37,45,2,1,1,5,7293,52,8000,1,1,1,1,1,2900107,1000000
2024BG0009536,1,844.37,40,2,6,1,6,22044,157,8000,1,1,1,1,1,2900101,1000000
2024BG0009537,1,844.37,22,1,3,1,19,243942,501,4000,1,1,1,5,1,2900102,1000000
2024BG0009538,1,844.37,42,2,1,1,13,43921,313,1000,1,1,1,1,1,2900102,1000000
2024BG0009539,1,844.37,31,2,1,1,14,23607,168,6000,1,1,1,1,1,2900106,1000000
2024BG0009540,1,844.37,0,1,9,1,4,1603,11,0,0,6,1,5,1,2900103,1000000
2024BG0009541,1,844.37,8,2,6,1,4,11048,78,0,0,6,1,5,1,2900106,1000000
2024BG0009542,1,844.37,27,1,2,1,8,14891,106,6000,1,1,1,5,1,2900102,1000000
2024BG0009543,1,844.37,10,1,2,1,6,7352,52,0,0,6,1,5,1,2900106,1000000
2024BG0009544,1,844.37,35,1,1,1,10,34841,248,7000,1,1,1,1,1,2900104,1000000
2024BG0009545,1,844.37,34,1,1,1,5,55700,397,7000,1,1,1,1,2,2900102,1000000
2024BG0009546,1,844.37,31,2,1,1,9,58589,418,9000,3,2,1,1,1,2900102,1000000
2024BG0009547,1,844.37,13,2,1,1,4,3693,26,0,0,6,1,5,1,2900102,1000000
2024BG0009548,1,844.37,40,1,1,1,5,48567,346,7000,1,1,1,1,1,2900101,1000000
2024BG0009549,1,844.37,44,2,1,1,14,24793,177,1000,1,1,1,2,1,2900101,1000000
2024BG0009550,1,844.37,21,1,3,1,13,10200,72,7000,1,1,1,5,1,2900106,1000000
2024BG0009551,1,844.37,46,2,2,1,17,87785,501,5000,3,1,1,1,1,2900104,1000000
2024BG0009552,1,844.37,25,1,5,1,16,77236,501,4000,1,1,1,1,1,2900105,1000000
2024BG0009553,1,844.37,6,1,6,1,7,5209,37,0,0,6,1,5,1,2900104,1000000
2024BG0009554,1,844.37,11,1,5,1,4,9433,67,0,0,6,1,5,1,2900103,1000000
2024BG0009555,1,844.37,88,2,1,1,8,25163,179,0,0,6,1,1,1,2900101,1000000
2024BG0009556,1,844.37,47,1,1,1,11,120119,501,6000,1,1,1,1,1,2900101,1000000
2024BG0009557,1,844.37,38,1,3,1,8,20909,149,9800,1,4,1,1,1,2900103,1000000
2024BG0009558,1,844.37,20,1,2,1,18,71178,501,3000,1,1,1,5,1,2900105,1000000
2024BG0009559,1,844.37,19,2,2,1,16,41678,297,4000,1,1,1,5,1,2900106,1000000
2024BG0009560,1,844.37,42,1,1,1,13,71815,501,9000,3,1,1,1,1,2900101,1000000
2024BG0009561,1,844.37,30,1,1,1,9,37560,268,6000,3,1,1,5,1,2900104,1000000
2024BG0009562,1,844.37,21,1,5,1,18,48229,344,4000,2,1,1,5,1,2900105,1000000
2024BG0009563,1,844.37,44,1,1,1,11,24128,172,9000,1,1,1,5,1,2900102,1000000
2024BG0009564,1,844.37,0,2,1,1,1,5370,38,0,0,6,1,5,1,2900106,1000000
2024BG0009565,1,844.37,36,1,1,1,12,27937,199,6000,4,1,1,1,1,2900102,1000000
2024BG0009566,1,844.37,21,1,5,1,10,40634,290,7000,1,2,1,1,1,2900103,1000000
2024BG0009567,1,844.37,34,2,6,1,14,61090,436,7000,3,1,1,1,1,2900106,1000000
2024BG0009568,1,844.37,22,1,1,1,14,36679,261,7000,6,1,1,5,1,2900105,1000000
2024BG0009569,1,844.37,27,1,1,1,7,22219,158,6000,6,5,1,1,1,2900104,1000000
2024BG0009570,1,844.37,39,2,1,1,10,29427,210,4000,1,1,1,1,1,2900102,1000000
2024BG0009571,1,844.37,47,1,1,1,14,22331,159,7000,6,1,1,1,1,2900104,1000000
2024BG0009572,1,844.37,19,2,1,1,16,53539,382,3000,1,1,1,5,1,2900104,1000000
2024BG0009573,1,844.37,34,1,6,1,11,37444,267,6000,4,1,1,5,1,2900101,1000000
2024BG0009574,1,844.37,58,1,1,1,6,10532,75,9800,1,2,1,2,1,2900102,1000000
2024BG0009575,1,844.37,2,1,5,1,5,3810,27,0,0,6,1,5,1,2900106,1000000
2024BG0009576,1,844.37,3,1,4,1,2,4397,31,0,0,6,1,5,1,2900106,1000000
2024BG0009577,1,844.37,78,1,5,1,8,16216,115,0,0,6,1,1,1,2900100,1000000
2024BG0009578,1,844.37,28,2,1,1,8,11663,83,9920,1,1,1,1,1,2900103,1000000
2024BG0009579,1,844.37,29,2,1,1,5,3886,27,7000,1,1,1,1,1,2900100,1000000
2024BG0009580,1,844.37,30,2,1,1,15,153391,501,4000,1,2,1,5,1,2900103,1000000
2024BG0009581,1,844.37,15,2,7,1,19,56492,403,0,0,6,1,5,1,2900100,1000000
2024BG0009582,1,844.37,17,1,3,1,14,28914,206,0,0,6,1,5,1,2900101,1000000
2024BG0009583,1,844.37,23,2,5,1,14,40182,287,4000,2,1,1,5,1,2900103,1000000
2024BG0009584,1,844.37,15,1,3,1,19,100386,501,0,0,6,1,5,1,2900105,1000000
2024BG0009585,1,844.37,48,1,5,1,10,84473,501,5000,1,1,1,5,1,2900100,1000000
2024BG0009586,1,844.37,30,2,1,1,14,51105,365,4000,1,1,1,1,1,2900100,1000000
2024BG0009587,1,844.37,26,2,1,1,6,7853,56,9800,6,1,1,5,1,2900107,1000000
2024BG0009588,1,844.37,13,2,1,1,1,1043,7,0,0,6,1,5,1,2900106,1000000
2024BG0009589,1,844.37,18,1,8,1,18,22108,157,2000,1,1,1,1,1,2900100,1000000
2024BG0009590,1,844.37,53,1,1,1,14,15918,113,4000,2,1,1,5,1,2900105,1000000
2024BG0009591,1,844.37,0,1,6,1,2,3718,26,0,0,6,1,5,1,2900106,1000000
2024BG0009592,1,844.37,32,2,7,1,10,18848,134,7000,1,1,1,5,1,2900107,1000000
2024BG0009593,1,844.37,7,2,1,1,1,3785,27,0,0,6,1,5,1,2900102,1000000
2024BG0009594,1,844.37,14,2,1,1,9,15121,108,0,0,6,1,5,1,2900100,1000000
2024BG0009595,1,844.37,20,1,4,1,15,39873,284,5000,4,1,1,5,1,2900104,1000000
2024BG0009596,1,844.37,24,2,5,1,18,106614,501,6000,1,1,1,5,1,2900101,1000000
2024BG0009597,1,844.37,38,1,1,1,16,264041,501,5000,4,1,1,1,1,2900107,1000000
2024BG0009598,1,844.37,17,2,2,1,13,32758,233,0,0,6,1,5,1,2900106,1000000
2024BG0009599,1,844.37,41,2,1,1,11,86958,501,9000,4,1,1,1,1,2900105,1000000
2024BG0009600,1,844.37,41,2,6,1,16,108097,501,4000,3,1,1,1,1,2900104,1000000
2024BG0009601,1,844.37,52,2,1,1,7,9035,64,7000,1,1,1,1,1,2900103,1000000
2024BG0009602,1,844.37,20,1,1,1,12,49773,355,1000,1,1,1,1,1,2900107,1000000
2024BG0009603,1,844.37,12,2,2,1,1,12129,86,0,0,6,1,5,1,2900107,1000000
2024BG0009604,1,844.37,53,1,3,1,12,18666,133,9000,1,1,1,5,1,2900104,1000000
2024BG0009605,1,844.37,33,1,1,1,15,234576,501,4000,1,2,1,1,1,2900103,1000000
2024BG0009606,1,844.37,40,1,1,1,14,26852,191,6000,3,1,1,1,2,2900105,1000000
2024BG0009607,1,844.37,35,2,6,1,12,17805,127,5000,1,4,1,1,1,2900101,1000000
2024BG0009608,1,844.37,1,2,4,1,1,5241,37,0,0,6,1,5,1,2900106,1000000
2024BG0009609,1,844.37,58,1,1,1,7,54337,388,9920,6,1,1,1,1,2900103,1000000
2024BG0009610,1,844.37,37,2,2,1,10,33396,238,9800,1,1,1,1,1,2900103,1000000
2024BG0009611,1,844.37,39,1,5,1,10,12344,88,9800,6,1,1,1,1,2900106,1000000
2024BG0009612,1,844.37,31,2,4,1,15,52097,372,4000,1,1,1,5,1,2900106,1000000
2024BG0009613,1,844.37,39,1,1,1,8,3834,27,5000,3,1,1,5,1,2900102,1000000
2024BG0009614,1,844.37,30,1,3,1,11,26032,185,7000,1,4,1,5,1,2900101,1000000
2024BG0009615,1,844.37,6,1,1,1,1,8773,62,0,0,6,1,5,1,2900101,1000000
2024BG0009616,1,844.37,1,1,2,1,3,21026,150,0,0,6,1,5,1,2900100,1000000
2024BG0009617,1,844.37,39,1,1,1,14,29326,209,4000,1,1,1,2,1,2900105,1000000
2024BG0009618,1,844.37,1,1,5,1,3,3533,25,0,0,6,2,5,1,2900101,1000000
2024BG0009619,1,844.37,13,2,2,1,5,7907,56,0,0,6,1,5,1,2900104,1000000
2024BG0009620,1,844.37,1,2,1,1,3,10319,73,0,0,6,1,5,1,2900102,1000000
2024BG0009621,1,844.37,19,2,2,1,18,21324,152,4000,1,1,1,1,1,2900104,1000000
2024BG0009622,1,844.37,36,1,6,1,13,82292,501,7000,4,1,1,1,1,2900101,1000000
2024BG0009623,1,844.37,45,2,1,1,8,18089,129,9920,4,1,1,5,1,2900105,1000000
2024BG0009624,1,844.37,43,2,1,1,9,91043,501,9000,1,1,1,1,1,2900107,1000000
2024BG0009625,1,844.37,25,1,1,1,14,18681,133,4000,1,1,1,5,1,2900106,1000000
2024BG0009626,1,844.37,47,2,1,1,11,102280,501,7000,3,1,1,1,1,2900103,1000000
2024BG0009627,1,844.37,23,2,1,1,19,198119,501,4000,1,1,1,5,1,2900103,1000000
2024BG0009628,1,844.37,6,2,2,1,6,2514,17,0,0,6,1,5,1,2900103,1000000
2024BG0009629,1,844.37,29,1,1,1,14,22656,161,7000,1,1,1,1,1,2900106,1000000
2024BG0009630,1,844.37,34,1,1,1,14,97312,501,9000,1,1,1,1,1,2900102,1000000
2024BG0009631,1,844.37,38,1,1,1,14,37295,266,6000,1,1,1,1,1,2900100,1000000
2024BG0009632,1,844.37,17,1,6,1,19,234591,501,0,0,6,1,5,1,2900103,1000000
2024BG0009633,1,844.37,6,1,6,1,4,7734,55,0,0,6,1,5,1,2900106,1000000
2024BG0009634,1,844.37,35,1,4,1,6,8684,62,7000,3,1,1,5,1,2900105,1000000
2024BG0009635,1,844.37,5,2,1,1,1,7922,56,0,0,6,1,5,1,2900107,1000000
2024BG0009636,1,844.37,17,2,3,1,15,101696,501,0,0,6,1,5,1,2900105,1000000
2024BG0009637,1,844.37,21,2,6,1,18,46591,332,4000,3,1,1,1,1,2900107,1000000
2024BG0009638,1,844.37,10,2,1,1,4,22471,160,0,0,6,1,5,1,2900101,1000000
2024BG0009639,1,844.37,55,1,1,1,6,7656,54,6000,1,1,1,2,1,2900106,1000000
2024BG0009640,1,844.37,11,1,2,1,5,6694,47,0,0,6,1,5,1,2900103,1000000
2024BG0009641,1,844.37,24,2,7,1,18,52257,373,4000,1,1,1,1,1,2900104,1000000
2024BG0009642,1,844.37,0,2,3,1,5,8201,58,0,0,6,1,5,1,2900102,1000000
2024BG0009643,1,844.37,28,2,1,1,17,71595,501,5000,1,1,1,5,1,2900100,1000000
2024BG0009644,1,844.37,23,2,2,1,17,59698,426,6000,3,2,1,5,1,2900105,1000000
2024BG0009645,1,844.37,87,1,7,1,5,5782,41,0,0,6,1,1,1,2900105,1000000
2024BG0009646,1,844.37,54,2,2,1,5,27059,193,5000,1,1,1,1,1,2900105,1000000
2024BG0009647,1,844.37,7,2,2,1,3,9132,65,0,0,6,1,5,1,2900106,1000000
2024BG0009648,1,844.37,23,1,1,1,13,38213,272,7000,4,1,1,5,1,2900102,1000000
2024BG0009649,1,844.37,59,1,7,1,8,23867,170,9000,1,5,1,1,1,2900105,1000000
2024BG0009650,1,844.37,31,2,4,1,10,28738,205,4000,2,1,1,1,1,2900101,1000000
2024BG0009651,1,844.37,56,1,1,1,5,31095,222,9800,1,1,1,5,1,2900101,1000000
2024BG0009652,1,844.37,16,1,5,1,11,7568,54,0,0,6,1,5,1,2900102,1000000
2024BG0009653,1,844.37,27,2,4,1,18,106606,501,4000,1,1,1,5,1,2900104,1000000
2024BG0009654,1,844.37,26,1,1,1,16,119126,501,1000,1,1,1,1,1,2900107,1000000
2024BG0009655,1,844.37,50,2,4,1,9,66291,473,3000,1,1,1,1,1,2900103,1000000
2024BG0009656,1,844.37,43,1,1,1,10,66523,475,7000,1,1,1,1,1,2900105,1000000
2024BG0009657,1,844.37,5,1,2,1,7,3872,27,0,0,6,1,5,1,2900101,1000000
2024BG0009658,1,844.37,8,1,3,1,3,5529,39,0,0,6,1,5,1,2900100,1000000
2024BG0009659,1,844.37,35,2,1,1,7,19829,141,9800,1,1,1,1,1,2900103,1000000
2024BG0009660,1,844.37,10,2,1,1,3,4430,31,0,0,6,1,5,1,2900104,1000000
2024BG0009661,1,844.37,21,2,4,1,18,91586,501,5000,3,1,1,5,1,2900103,1000000
2024BG0009662,1,844.37,47,1,3,1,16,58858,420,4000,1,1,1,1,1,2900102,1000000
2024BG0009663,1,844.37,28,2,1,1,10,37070,264,1000,1,1,1,1,1,2900107,1000000
2024BG0009664,1,844.37,3,1,1,1,3,13752,98,0,0,6,1,5,1,2900107,1000000
2024BG0009665,1,844.37,55,2,1,1,10,105847,501,5000,1,1,1,1,1,2900106,1000000
2024BG0009666,1,844.37,16,1,1,1,19,152909,501,0,0,6,1,5,1,2900105,1000000
2024BG0009667,1,844.37,30,2,3,1,16,101836,501,4000,1,1,1,1,2,2900106,1000000
2024BG0009668,1,844.37,24,2,1,1,14,41337,295,9000,1,1,1,5,1,2900105,1000000
2024BG0009669,1,844.37,43,2,1,1,10,46024,328,3000,1,1,1,1,1,2900107,1000000
2024BG0009670,1,844.37,2,2,5,1,5,8905,63,0,0,6,1,5,1,2900101,1000000
2024BG0009671,1,844.37,76,2,3,1,7,13834,98,0,0,6,1,1,1,2900103,1000000
2024BG0009672,1,844.37,1,2,2,1,4,6806,48,0,0,6,1,5,1,2900107,1000000
2024BG0009673,1,844.37,7,2,1,1,6,4801,34,0,0,6,1,5,1,2900102,1000000
2024BG0009674,1,844.37,23,1,1,1,14,22347,159,9000,4,1,1,5,1,2900107,1000000
2024BG0009675,1,844.37,14,2,2,1,2,2132,15,0,0,6,1,5,1,2900104,1000000
2024BG0009676,1,844.37,28,1,1,1,11,7770,55,9000,1,1,1,1,1,2900102,1000000
2024BG0009677,1,844.37,55,2,1,1,12,115130,501,5000,1,1,1,1,1,2900107,1000000
2024BG0009678,1,844.37,13,1,1,1,3,4927,35,0,0,6,1,5,1,2900107,1000000
2024BG0009679,1,844.37,56,1,1,1,6,21049,150,9800,1,1,1,1,1,2900101,1000000
2024BG0009680,1,844.37,35,1,3,1,10,24238,173,5000,3,1,1,1,1,2900104,1000000
2024BG0009681,1,844.37,31,2,1,1,12,22935,163,4000,1,1,1,5,1,2900103,1000000
2024BG0009682,1,844.37,56,2,1,1,6,40351,288,8000,1,1,1,1,1,2900102,1000000
2024BG0009683,1,844.37,2,1,1,1,7,4967,35,0,0,6,1,5,1,2900101,1000000
2024BG0009684,1,844.37,1,1,5,1,6,16758,119,0,0,6,1,5,1,2900103,1000000
2024BG0009685,1,844.37,26,1,2,1,10,62594,447,4000,1,1,1,1,1,2900100,1000000
2024BG0009686,1,844.37,1,1,5,1,9,8909,63,0,0,6,1,5,1,2900103,1000000
2024BG0009687,1,844.37,29,1,1,1,7,15691,112,5000,1,2,1,1,1,2900102,1000000
2024BG0009688,1,844.37,10,2,6,1,2,5819,41,0,0,6,1,5,1,2900102,1000000
2024BG0009689,1,844.37,33,1,2,1,13,22173,158,9800,1,5,1,1,1,2900107,1000000
2024BG0009690,1,844.37,32,2,3,1,18,64314,459,5000,6,1,1,1,1,2900103,1000000
2024BG0009691,1,844.37,28,1,1,1,7,11563,82,6000,1,1,1,5,1,2900102,1000000
2024BG0009692,1,844.37,6,2,2,1,3,11844,84,0,0,6,1,5,2,2900103,1000000
2024BG0009693,1,844.37,42,1,3,1,8,18036,128,6000,1,1,1,1,1,2900104,1000000
2024BG0009694,1,844.37,43,1,1,1,16,47556,339,4000,1,1,1,1,1,2900101,1000000
2024BG0009695,1,844.37,48,1,4,1,5,23409,167,5000,3,5,1,1,1,2900107,1000000
2024BG0009696,1,844.37,0,2,1,1,8,7130,50,0,0,6,1,5,1,2900101,1000000
2024BG0009697,1,844.37,22,2,1,1,15,60901,435,4000,1,1,1,5,1,2900100,1000000
2024BG0009698,1,844.37,17,1,2,1,12,18550,132,0,0,6,1,5,1,2900100,1000000
2024BG0009699,1,844.37,7,2,1,1,1,6558,46,0,0,6,1,5,1,2900102,1000000
2024BG0009700,1,844.37,24,2,1,1,19,137207,501,3000,1,1,1,5,1,2900107,1000000
2024BG0009701,1,844.37,41,1,1,1,10,86598,501,8000,1,4,1,1,2,2900106,1000000
2024BG0009702,1,844.37,32,1,1,1,14,65627,468,5000,1,1,1,1,1,2900101,1000000
2024BG0009703,1,844.37,24,1,2,1,10,124583,501,4000,3,1,1,5,1,2900101,1000000
2024BG0009704,1,844.37,44,2,6,1,18,52496,374,3000,2,1,1,1,1,2900104,1000000
2024BG0009705,1,844.37,38,1,5,1,7,17803,127,9920,4,1,1,5,2,2900102,1000000
2024BG0009706,1,844.37,10,2,1,1,4,7851,56,0,0,6,1,5,2,2900100,1000000
2024BG0009707,1,844.37,39,1,1,1,16,168835,501,4000,2,1,1,1,1,2900102,1000000
2024BG0009708,1,844.37,57,2,4,1,6,16351,116,8000,6,1,1,2,1,2900106,1000000
2024BG0009709,1,844.37,11,2,1,1,5,9841,70,0,0,6,1,5,1,2900100,1000000
2024BG0009710,1,844.37,30,1,2,1,8,3963,28,9920,6,1,1,1,1,2900105,1000000
2024BG0009711,1,844.37,44,2,6,1,9,50635,361,8000,3,1,1,1,1,2900100,1000000
2024BG0009712,1,844.37,3,2,4,1,7,15360,109,0,0,6,1,5,1,2900105,1000000
2024BG0009713,1,844.37,26,2,2,1,12,31709,226,5000,3,1,1,5,1,2900105,1000000
2024BG0009714,1,844.37,10,1,5,1,9,29428,210,0,0,6,1,5,1,2900106,1000000
2024BG0009715,1,844.37,38,2,5,1,7,10382,74,9920,1,1,1,1,1,2900100,1000000
2024BG0009716,1,844.37,36,2,1,1,8,12040,86,9920,1,1,1,5,1,2900104,1000000
2024BG0009717,1,844.37,39,2,2,1,5,20622,147,5000,1,1,1,3,1,2900101,1000000
2024BG0009718,1,844.37,15,2,1,1,18,29301,209,0,0,6,1,5,1,2900103,1000000
2024BG0009719,1,844.37,27,1,2,1,7,19937,142,9800,6,1,1,1,1,2900104,1000000
2024BG0009720,1,844.37,49,2,3,1,9,35787,255,6000,1,3,1,2,1,2900101,1000000
2024BG0009721,1,844.37,8,1,1,1,5,1024,7,0,0,6,1,5,1,2900103,1000000
2024BG0009722,1,844.37,58,2,5,1,5,54346,388,9920,4,1,1,1,1,2900101,1000000
2024BG0009723,1,844.37,6,1,1,1,8,14191,101,0,0,6,1,5,1,2900103,1000000
2024BG0009724,1,844.37,14,1,1,1,3,1873,13,0,0,6,1,5,1,2900103,1000000
2024BG0009725,1,844.37,41,2,4,1,10,38514,275,9000,6,1,1,5,1,2900102,1000000
2024BG0009726,1,844.37,52,2,3,1,9,48320,345,5000,1,1,1,2,1,2900101,1000000
2024BG0009727,1,844.37,19,2,1,1,18,115187,501,3000,1,1,1,5,1,2900105,1000000
2024BG0009728,1,844.37,7,1,6,1,3,3234,23,0,0,6,1,5,1,2900104,1000000
2024BG0009729,1,844.37,11,2,1,1,3,2315,16,0,0,6,1,5,1,2900106,1000000
2024BG0009730,1,844.37,34,2,3,1,7,5864,41,9800,1,1,1,1,2,2900102,1000000
2024BG0009731,1,844.37,36,2,1,1,9,54365,388,9000,1,1,1,5,1,2900106,1000000
2024BG0009732,1,844.37,22,2,2,1,18,170327,501,4000,3,1,1,5,1,2900105,1000000
2024BG0009733,1,844.37,21,1,4,1,15,33003,235,6000,4,2,1,5,1,2900105,1000000
2024BG0009734,1,844.37,29,2,2,1,11,77498,501,5000,1,2,1,1,1,2900101,1000000
2024BG0009735,1,844.37,3,1,1,1,7,5653,40,0,0,6,1,5,1,2900105,1000000
2024BG0009736,1,844.37,6,2,2,1,8,10908,77,0,0,6,1,5,2,2900100,1000000
2024BG0009737,1,844.37,22,2,4,1,12,20208,144,7000,1,1,1,5,1,2900107,1000000
2024BG0009738,1,844.37,41,1,5,1,13,45999,328,9000,1,1,1,5,1,2900104,1000000
2024BG0009739,1,844.37,6,1,8,1,7,4377,31,0,0,6,1,5,2,2900102,1000000
2024BG0009740,1,844.37,21,1,1,1,19,69977,499,4000,2,1,1,5,1,2900103,1000000
2024BG0009741,1,844.37,27,1,1,1,10,44321,316,4000,1,1,1,1,1,2900105,1000000
2024BG0009742,1,844.37,24,2,2,1,13,22372,159,6000,1,1,1,1,1,2900103,1000000
2024BG0009743,1,844.37,21,2,1,1,16,15181,108,4000,1,1,1,5,1,2900102,1000000
2024BG0009744,1,844.37,29,2,2,1,13,37857,270,4000,1,1,1,1,1,2900107,1000000
2024BG0009745,1,844.37,34,2,3,1,11,27644,197,3000,1,1,1,1,1,2900100,1000000
2024BG0009746,1,844.37,18,1,7,1,17,33900,242,3000,3,1,1,5,1,2900103,1000000
2024BG0009747,1,844.37,2,1,3,1,6,5211,37,0,0,6,1,5,1,2900100,1000000
2024BG0009748,1,844.37,38,2,1,1,11,66738,476,4000,3,1,1,5,1,2900103,1000000
2024BG0009749,1,844.37,17,1,2,1,18,29481,210,0,0,6,1,5,1,2900107,1000000
2024BG0009750,1,844.37,30,1,2,1,12,27432,195,6000,1,1,1,1,1,2900103,1000000
2024BG0009751,1,844.37,41,1,3,1,18,145775,501,4000,3,1,1,1,1,2900100,1000000
2024BG0009752,1,844.37,10,2,5,1,6,26801,191,0,0,6,1,5,1,2900106,1000000
2024BG0009753,1,844.37,28,1,6,1,15,90388,501,3000,1,1,1,5,1,2900103,1000000
2024BG0009754,1,844.37,11,2,5,1,8,12541,89,0,0,6,1,5,1,2900101,1000000
2024BG0009755,1,844.37,10,1,6,1,1,5701,40,0,0,6,1,5,1,2900106,1000000
2024BG0009756,1,844.37,3,2,3,1,5,5749,41,0,0,6,1,5,1,2900101,1000000
2024BG0009757,1,844.37,21,2,4,1,18,51684,369,4000,1,1,1,5,1,2900101,1000000
2024BG0009758,1,844.37,43,1,7,1,8,11036,78,9920,3,1,1,1,1,2900102,1000000
2024BG0009759,1,844.37,30,2,6,1,11,28993,207,6000,1,1,1,1,1,2900105,1000000
2024BG0009760,1,844.37,49,1,5,1,6,16274,116,9800,3,1,1,1,2,2900104,1000000
2024BG0009761,1,844.37,11,2,5,1,1,5534,39,0,0,6,1,5,1,2900101,1000000
2024BG0009762,1,844.37,5,1,3,1,7,6726,48,0,0,6,1,5,1,2900101,1000000
2024BG0009763,1,844.37,38,2,2,1,14,62022,443,9000,1,1,1,1,1,2900107,1000000
2024BG0009764,1,844.37,13,2,1,1,5,1707,12,0,0,6,1,5,2,2900103,1000000
2024BG0009765,1,844.37,14,1,3,1,9,12231,87,0,0,6,1,5,1,2900103,1000000
2024BG0009766,1,844.37,37,2,2,1,12,19845,141,7000,1,1,1,1,2,2900100,1000000
2024BG0009767,1,844.37,61,1,3,1,5,51793,369,6000,1,1,1,1,1,2900100,1000000
2024BG0009768,1,844.37,43,2,1,1,14,75801,501,9000,1,1,1,1,1,2900105,1000000
2024BG0009769,1,844.37,16,2,2,1,10,27729,198,0,0,6,1,5,1,2900102,1000000
2024BG0009770,1,844.37,1,2,7,1,8,7554,53,0,0,6,1,5,1,2900104,1000000
2024BG0009771,1,844.37,55,1,3,1,14,18131,129,6000,1,1,1,1,1,2900101,1000000
2024BG0009772,1,844.37,54,1,4,1,6,23485,167,9920,1,1,1,2,1,2900104,1000000
2024BG0009773,1,844.37,36,1,1,1,15,142897,501,5000,1,1,1,1,1,2900102,1000000
2024BG0009774,1,844.37,24,1,1,1,16,70467,501,3000,1,1,1,1,1,2900106,1000000
2024BG0009775,1,844.37,26,1,4,1,7,22783,162,5000,1,1,1,1,1,2900101,1000000
2024BG0009776,1,844.37,52,1,2,1,8,4610,32,8000,3,1,1,1,1,2900106,1000000
2024BG0009777,1,844.37,43,2,1,1,9,47512,339,6000,1,1,1,1,1,2900101,1000000
2024BG0009778,1,844.37,53,1,1,1,12,46230,330,5000,1,1,1,1,1,2900103,1000000
2024BG0009779,1,844.37,91,1,3,1,7,3465,24,0,0,6,1,1,1,2900107,1000000
2024BG0009780,1,844.37,43,1,1,1,15,55876,399,4000,1,1,1,3,1,2900102,1000000
2024BG0009781,1,844.37,17,2,3,1,17,44836,320,0,0,6,1,5,1,2900100,1000000
2024BG0009782,1,844.37,34,2,3,1,14,53909,385,1000,1,1,1,5,1,2900106,1000000
2024BG0009783,1,844.37,27,1,1,1,15,72900,501,4000,2,1,1,1,1,2900101,1000000
2024BG0009784,1,844.37,46,1,2,1,15,68264,487,4000,1,1,1,1,1,2900103,1000000
2024BG0009785,1,844.37,40,2,5,1,13,29986,214,5000,1,1,1,1,1,2900106,1000000
2024BG0009786,1,844.37,20,1,9,1,16,57106,407,2000,1,1,1,1,1,2900104,1000000
2024BG0009787,1,844.37,22,2,1,1,11,40565,289,5000,1,1,1,5,1,2900102,1000000
2024BG0009788,1,844.37,26,1,1,1,5,14604,104,9000,1,1,1,1,1,2900100,1000000
2024BG0009789,1,844.37,5,2,2,1,8,7363,52,0,0,6,1,5,1,2900103,1000000
2024BG0009790,1,844.37,9,1,4,1,3,8988,64,0,0,6,1,5,1,2900100,1000000
2024BG0009791,1,844.37,31,1,1,1,15,490975,501,4000,1,1,1,5,1,2900104,1000000
2024BG0009792,1,844.37,22,2,1,1,12,22215,158,5000,1,1,1,5,1,2900106,1000000
2024BG0009793,1,844.37,10,1,2,1,4,3275,23,0,0,6,1,5,1,2900101,1000000
2024BG0009794,1,844.37,11,1,1,1,1,2628,18,0,0,6,1,5,1,2900102,1000000
2024BG0009795,1,844.37,28,1,6,1,17,150310,501,4000,2,1,1,1,1,2900106,1000000
2024BG0009796,1,844.37,43,1,3,1,18,313498,501,4000,3,1,1,5,1,2900106,1000000
2024BG0009797,1,844.37,0,2,3,1,1,6539,46,0,0,6,5,5,1,2900103,1000000
2024BG0009798,1,844.37,14,2,2,1,2,5512,39,0,0,6,1,5,1,2900100,1000000
2024BG0009799,1,844.37,13,2,4,1,2,18117,129,0,0,6,1,5,1,2900106,1000000
2024BG0009800,1,844.37,17,1,8,1,18,60623,433,0,0,6,1,5,1,2900104,1000000
2024BG0009801,1,844.37,2,2,1,1,1,2202,15,0,0,6,1,5,2,2900103,1000000
2024BG0009802,1,844.37,23,2,1,1,20,166791,501,4000,2,1,1,5,1,2900107,1000000
2024BG0009803,1,844.37,58,2,2,1,10,34427,245,6000,4,1,1,1,2,2900102,1000000
2024BG0009804,1,844.37,10,1,2,1,2,12030,85,0,0,6,1,5,1,2900101,1000000
2024BG0009805,1,844.37,21,2,5,1,17,31308,223,3000,1,1,1,5,1,2900103,1000000
2024BG0009806,1,844.37,24,1,6,1,16,92652,501,2000,1,3,1,5,1,2900106,1000000
2024BG0009807,1,844.37,7,1,3,1,4,5027,35,0,0,6,1,5,1,2900104,1000000
2024BG0009808,1,844.37,50,2,1,1,14,30655,218,6000,1,1,1,2,1,2900105,1000000
2024BG0009809,1,844.37,14,1,1,1,1,15504,110,0,0,6,1,5,1,2900107,1000000
2024BG0009810,1,844.37,25,2,5,1,11,20228,144,2000,2,1,1,5,2,2900100,1000000
2024BG0009811,1,844.37,8,2,1,1,3,5705,40,0,0,6,1,5,1,2900104,1000000
2024BG0009812,1,844.37,30,2,2,1,5,71078,501,5000,1,1,1,1,1,2900106,1000000
2024BG0009813,1,844.37,2,1,4,1,6,9322,66,0,0,6,1,5,1,2900105,1000000
2024BG0009814,1,844.37,0,2,1,1,6,912,6,0,0,6,1,5,1,2900102,1000000
2024BG0009815,1,844.37,23,2,6,1,17,93903,501,4000,1,1,1,5,1,2900105,1000000
2024BG0009816,1,844.37,30,2,6,1,8,13700,97,6000,4,5,1,1,1,2900106,1000000
2024BG0009817,1,844.37,40,2,1,1,6,15959,113,8000,1,1,1,1,1,2900107,1000000
2024BG0009818,1,844.37,82,2,5,1,11,34863,249,0,0,6,1,5,1,2900105,1000000
2024BG0009819,1,844.37,33,2,2,1,14,56151,401,4000,2,1,1,1,1,2900105,1000000
2024BG0009820,1,844.37,1,1,1,1,5,2324,16,0,0,6,1,5,1,2900104,1000000
2024BG0009821,1,844.37,47,1,1,1,13,38036,271,9000,1,1,1,1,1,2900107,1000000
2024BG0009822,1,844.37,22,1,1,1,17,71184,501,1000,3,1,1,5,1,2900100,1000000
2024BG0009823,1,844.37,1,1,1,1,4,4559,32,0,0,6,1,5,1,2900101,1000000
2024BG0009824,1,844.37,35,2,3,1,8,7966,56,9000,1,1,1,1,1,2900100,1000000
2024BG0009825,1,844.37,37,2,1,1,11,47351,338,2000,1,4,1,1,1,2900106,1000000
2024BG0009826,1,844.37,31,1,1,1,9,42357,302,8000,1,1,1,1,1,2900106,1000000
2024BG0009827,1,844.37,87,2,2,1,5,28552,203,0,0,6,1,1,1,2900102,1000000
2024BG0009828,1,844.37,21,1,1,1,10,22165,158,5000,1,1,1,5,1,2900100,1000000
2024BG0009829,1,844.37,21,1,6,1,19,93645,501,4000,3,1,5,5,1,2900102,1000000
2024BG0009830,1,844.37,36,1,1,1,16,70691,501,2000,1,1,1,1,1,2900104,1000000
2024BG0009831,1,844.37,4,2,4,1,3,7986,57,0,0,6,1,5,1,2900106,1000000
2024BG0009832,1,844.37,15,2,1,1,17,64267,459,0,0,6,1,5,1,2900103,1000000
2024BG0009833,1,844.37,17,2,3,1,14,6216,44,0,0,6,1,5,1,2900107,1000000
2024BG0009834,1,844.37,20,1,1,1,12,22064,157,6000,1,1,1,5,1,2900101,1000000
2024BG0009835,1,844.37,40,1,7,1,14,53742,383,6000,1,3,1,1,1,2900103,1000000
2024BG0009836,1,844.37,37,1,1,1,15,125249,501,3000,2,1,1,1,1,2900106,1000000
2024BG0009837,1,844.37,1,2,1,1,9,8043,57,0,0,6,1,5,1,2900103,1000000
2024BG0009838,1,844.37,57,2,1,1,14,51444,367,3000,3,1,1,1,1,2900104,1000000
2024BG0009839,1,844.37,33,2,1,1,16,106711,501,3000,2,1,1,1,1,2900104,1000000
2024BG0009840,1,844.37,30,1,1,1,8,13857,98,9920,1,1,1,1,1,2900104,1000000
2024BG0009841,1,844.37,29,2,2,1,14,56254,401,5000,1,1,1,5,1,2900103,1000000
2024BG0009842,1,844.37,28,1,1,1,11,13855,98,1000,1,1,1,5,1,2900101,1000000
2024BG0009843,1,844.37,20,1,3,1,16,13192,94,3000,1,1,1,5,1,2900104,1000000
2024BG0009844,1,844.37,37,2,1,1,14,20235,144,4000,3,2,1,1,1,2900102,1000000
2024BG0009845,1,844.37,18,1,1,1,12,42019,300,7000,3,5,1,5,1,2900105,1000000
2024BG0009846,1,844.37,0,2,1,1,6,8757,62,0,0,6,1,5,1,2900103,1000000
2024BG0009847,1,844.37,28,2,3,1,9,29830,213,3000,1,1,1,1,1,2900106,1000000
2024BG0009848,1,844.37,21,2,7,1,17,54466,389,5000,1,1,1,5,1,2900103,1000000
2024BG0009849,1,844.37,1,1,1,1,6,4870,34,0,0,6,1,5,1,2900100,1000000
2024BG0009850,1,844.37,29,1,6,1,11,12874,91,4000,1,2,1,1,1,2900100,1000000
2024BG0009851,1,844.37,7,1,1,1,8,36466,260,0,0,6,1,5,1,2900106,1000000
2024BG0009852,1,844.37,72,1,6,1,6,10198,72,0,0,6,1,2,1,2900104,1000000
2024BG0009853,1,844.37,1,2,1,1,4,12506,89,0,0,6,1,5,1,2900101,1000000
2024BG0009854,1,844.37,58,1,4,1,12,7168,51,9800,3,1,1,1,1,2900102,1000000
2024BG0009855,1,844.37,39,2,6,1,11,65874,470,6000,1,1,1,5,1,2900105,1000000
2024BG0009856,1,844.37,1,2,7,1,4,8834,63,0,0,6,1,5,1,2900107,1000000
2024BG0009857,1,844.37,90,2,4,1,11,18468,131,0,0,6,1,1,1,2900101,1000000
2024BG0009858,1,844.37,0,2,5,1,3,1440,10,0,0,6,1,5,1,2900105,1000000
2024BG0009859,1,844.37,10,2,2,1,3,5167,36,0,0,6,1,5,1,2900105,1000000
2024BG0009860,1,844.37,1,1,2,1,7,4857,34,0,0,6,1,5,1,2900101,1000000
2024BG0009861,1,844.37,7,1,1,1,2,13284,94,0,0,6,1,5,1,2900105,1000000
2024BG0009862,1,844.37,36,2,1,1,8,8985,64,9000,1,1,1,1,1,2900102,1000000
2024BG0009863,1,844.37,17,2,3,1,14,19267,137,0,0,6,1,5,1,2900104,1000000
2024BG0009864,1,844.37,6,2,5,1,8,10179,72,0,0,6,1,5,1,2900104,1000000
2024BG0009865,1,844.37,18,1,4,1,12,20992,149,9800,1,1,1,1,1,2900107,1000000
2024BG0009866,1,844.37,52,1,6,1,15,144218,501,5000,1,4,1,2,1,2900100,1000000
2024BG0009867,1,844.37,7,2,3,1,6,2865,20,0,0,6,1,5,1,2900100,1000000
2024BG0009868,1,844.37,6,1,5,1,2,11817,84,0,0,6,1,5,1,2900103,1000000
2024BG0009869,1,844.37,21,1,7,1,10,24752,176,4000,3,1,1,5,1,2900101,1000000
2024BG0009870,1,844.37,6,2,1,1,5,4942,35,0,0,6,1,5,1,2900104,1000000
2024BG0009871,1,844.37,26,1,1,1,11,37632,268,9000,3,1,1,5,1,2900104,1000000
2024BG0009872,1,844.37,16,2,1,1,14,9294,66,0,0,6,1,5,1,2900102,1000000
2024BG0009873,1,844.37,19,1,1,1,15,22484,160,2000,1,1,1,5,1,2900107,1000000
2024BG0009874,1,844.37,15,2,1,1,14,26613,190,0,0,6,1,5,1,2900107,1000000
2024BG0009875,1,844.37,35,1,1,1,10,30247,216,5000,6,3,1,3,1,2900102,1000000
2024BG0009876,1,844.37,17,1,9,1,18,93390,501,0,0,6,1,5,1,2900100,1000000
2024BG0009877,1,844.37,23,2,2,1,20,151547,501,4000,1,1,1,1,1,2900104,1000000
2024BG0009878,1,844.37,60,1,1,1,6,6385,45,9920,1,2,1,1,1,2900102,1000000
2024BG0009879,1,844.37,47,1,1,1,6,10198,72,8000,4,1,1,1,1,2900105,1000000
2024BG0009880,1,844.37,23,2,5,1,12,30670,219,5000,1,1,1,1,1,2900103,1000000
2024BG0009881,1,844.37,26,2,3,1,12,54808,391,7000,4,1,1,1,1,2900102,1000000
2024BG0009882,1,844.37,52,2,6,1,5,6945,49,9920,1,1,1,2,1,2900104,1000000
2024BG0009883,1,844.37,27,2,3,1,6,12686,90,9000,1,1,1,1,1,2900102,1000000
2024BG0009884,1,844.37,54,1,3,1,6,5519,39,9000,4,1,1,1,1,2900102,1000000
2024BG0009885,1,844.37,36,2,5,1,11,45044,321,6000,3,1,1,1,1,2900106,1000000
2024BG0009886,1,844.37,25,2,1,1,6,24342,173,7000,1,1,1,1,1,2900104,1000000
2024BG0009887,1,844.37,30,1,4,1,14,19748,141,7000,1,1,1,1,1,2900101,1000000
2024BG0009888,1,844.37,39,2,1,1,8,9702,69,5000,6,1,1,2,1,2900106,1000000
2024BG0009889,1,844.37,15,2,6,1,14,19620,140,0,0,6,1,5,1,2900104,1000000
2024BG0009890,1,844.37,30,2,1,1,9,58556,418,6000,6,1,1,1,1,2900100,1000000
2024BG0009891,1,844.37,19,1,1,1,13,4146,29,4000,2,1,1,5,1,2900107,1000000
2024BG0009892,1,844.37,54,2,6,1,8,4901,35,5000,4,1,1,5,1,2900105,1000000
2024BG0009893,1,844.37,23,2,5,1,20,206990,501,4000,1,1,1,5,2,2900100,1000000
2024BG0009894,1,844.37,28,2,2,1,12,112251,501,6000,6,2,1,1,1,2900105,1000000
2024BG0009895,1,844.37,15,2,1,1,20,72060,501,0,0,6,1,5,1,2900102,1000000
2024BG0009896,1,844.37,4,2,4,1,3,5344,38,0,0,6,1,5,1,2900107,1000000
2024BG0009897,1,844.37,52,1,1,1,11,18839,134,8000,1,1,1,1,1,2900103,1000000
2024BG0009898,1,844.37,14,1,1,1,2,4592,32,0,0,6,1,5,1,2900101,1000000
2024BG0009899,1,844.37,28,2,1,1,16,138263,501,6000,3,5,1,1,1,2900104,1000000
2024BG0009900,1,844.37,44,1,2,1,13,101412,501,9000,6,1,1,2,1,2900100,1000000
2024BG0009901,1,844.37,58,2,1,1,13,47443,338,3000,1,1,1,1,1,2900100,1000000
2024BG0009902,1,844.37,18,2,1,1,16,56185,401,4000,1,4,1,1,1,2900106,1000000
2024BG0009903,1,844.37,11,2,2,1,3,5532,39,0,0,6,1,5,1,2900100,1000000
2024BG0009904,1,844.37,0,1,3,1,7,21163,151,0,0,6,1,5,1,2900100,1000000
2024BG0009905,1,844.37,47,1,2,1,12,63674,454,6000,3,1,1,5,1,2900104,1000000
2024BG0009906,1,844.37,3,1,6,1,7,3288,23,0,0,6,1,5,1,2900103,1000000
2024BG0009907,1,844.37,40,1,2,1,12,79710,501,3000,1,1,1,5,1,2900101,1000000
2024BG0009908,1,844.37,21,2,2,1,18,22036,157,5000,3,1,1,1,1,2900107,1000000
2024BG0009909,1,844.37,15,1,8,1,19,109543,501,0,0,6,1,5,1,2900106,1000000
2024BG0009910,1,844.37,24,1,6,1,18,73321,501,5000,1,1,1,5,1,2900107,1000000
2024BG0009911,1,844.37,36,2,5,1,9,34307,245,8000,1,1,1,1,1,2900105,1000000
2024BG0009912,1,844.37,28,1,7,1,13,37013,264,4000,2,1,1,5,1,2900107,1000000
2024BG0009913,1,844.37,4,1,2,1,3,5741,41,0,0,6,1,5,1,2900107,1000000
2024BG0009914,1,844.37,43,2,5,1,11,68196,487,3000,1,1,1,1,1,2900105,1000000
2024BG0009915,1,844.37,37,1,1,1,8,23170,165,6000,1,2,1,1,1,2900107,1000000
2024BG0009916,1,844.37,24,1,7,1,19,462087,501,4000,1,5,1,5,1,2900103,1000000
2024BG0009917,1,844.37,35,2,7,1,12,35793,255,6000,4,1,1,5,1,2900104,1000000
2024BG0009918,1,844.37,18,2,8,1,19,97278,501,1000,1,1,1,1,1,2900105,1000000
2024BG0009919,1,844.37,10,1,2,1,3,16789,119,0,0,6,1,5,1,2900105,1000000
2024BG0009920,1,844.37,55,1,1,1,7,9702,69,9800,1,1,1,1,1,2900102,1000000
2024BG0009921,1,844.37,25,2,1,1,11,27009,192,2000,1,1,1,5,1,2900106,1000000
2024BG0009922,1,844.37,35,2,2,1,10,85920,501,7000,1,1,1,1,1,2900102,1000000
2024BG0009923,1,844.37,94,2,2,1,9,19297,137,0,0,6,1,1,1,2900103,1000000
2024BG0009924,1,844.37,20,1,5,1,15,23961,171,4000,1,1,1,5,1,2900105,1000000
2024BG0009925,1,844.37,58,1,2,1,10,19826,141,6000,1,1,1,5,1,2900100,1000000
2024BG0009926,1,844.37,20,2,3,1,19,100485,501,1000,1,1,1,1,1,2900104,1000000
2024BG0009927,1,844.37,2,2,1,1,9,46577,332,0,0,6,1,5,1,2900103,1000000
2024BG0009928,1,844.37,33,1,2,1,14,56692,404,4000,1,1,1,5,1,2900102,1000000
2024BG0009929,1,844.37,21,1,1,1,14,35703,255,1000,3,1,1,5,1,2900104,1000000
2024BG0009930,1,844.37,25,2,1,1,15,161281,501,3000,1,1,1,1,1,2900100,1000000
2024BG0009931,1,844.37,47,1,3,1,10,30145,215,4000,1,1,1,1,1,2900107,1000000
2024BG0009932,1,844.37,15,2,1,1,13,20926,149,0,0,6,1,5,1,2900107,1000000
2024BG0009933,1,844.37,59,1,1,1,7,10600,75,9800,1,1,1,1,1,2900106,1000000
2024BG0009934,1,844.37,43,1,4,1,15,307759,501,3000,1,1,1,1,1,2900106,1000000
2024BG0009935,1,844.37,65,1,6,1,6,6557,46,9800,6,1,1,2,2,2900104,1000000
2024BG0009936,1,844.37,32,1,2,1,10,112833,501,9000,3,1,1,1,1,2900100,1000000
2024BG0009937,1,844.37,12,2,6,1,4,5541,39,0,0,6,1,5,1,2900102,1000000
2024BG0009938,1,844.37,27,1,2,1,16,51345,366,4000,1,1,1,1,1,2900103,1000000
2024BG0009939,1,844.37,22,2,1,1,19,132667,501,4000,1,4,1,5,1,2900100,1000000
2024BG0009940,1,844.37,15,2,2,1,15,21745,155,0,0,6,1,5,1,2900106,1000000
2024BG0009941,1,844.37,14,2,1,1,7,2174,15,0,0,6,1,5,1,2900107,1000000
2024BG0009942,1,844.37,18,1,1,1,20,77411,501,4000,3,1,1,5,1,2900104,1000000
2024BG0009943,1,844.37,63,1,6,1,5,10588,75,9920,3,1,2,1,1,2900103,1000000
2024BG0009944,1,844.37,25,1,1,1,9,58229,415,1000,1,1,1,1,1,2900106,1000000
2024BG0009945,1,844.37,30,1,1,1,13,62007,442,2000,3,1,1,1,1,2900100,1000000
2024BG0009946,1,844.37,25,2,6,1,19,136600,501,4000,1,1,1,1,1,2900102,1000000
2024BG0009947,1,844.37,5,1,1,1,7,3401,24,0,0,6,1,5,1,2900102,1000000
2024BG0009948,1,844.37,45,1,1,1,12,29121,208,4000,1,1,1,1,1,2900100,1000000
2024BG0009949,1,844.37,64,2,1,1,9,45167,322,7000,1,1,1,1,1,2900103,1000000
2024BG0009950,1,844.37,32,1,1,1,13,58146,415,7000,1,1,1,1,1,2900102,1000000
2024BG0009951,1,844.37,36,1,1,1,6,7883,56,5000,1,1,1,1,1,2900103,1000000
2024BG0009952,1,844.37,48,2,5,1,12,83050,501,8000,4,1,1,1,1,2900106,1000000
2024BG0009953,1,844.37,10,2,1,1,3,8870,63,0,0,6,1,5,1,2900101,1000000
2024BG0009954,1,844.37,62,1,4,1,6,29286,209,9800,1,1,1,1,1,2900101,1000000
2024BG0009955,1,844.37,1,2,5,1,4,4969,35,0,0,6,1,5,1,2900107,1000000
2024BG0009956,1,844.37,19,2,7,1,18,37554,268,5000,3,1,1,5,2,2900103,1000000
2024BG0009957,1,844.37,16,2,5,1,13,25998,185,0,0,6,1,5,1,2900101,1000000
2024BG0009958,1,844.37,15,2,1,1,11,11666,83,0,0,6,1,5,1,2900107,1000000
2024BG0009959,1,844.37,39,2,4,1,7,8231,58,6000,1,1,1,5,1,2900106,1000000
2024BG0009960,1,844.37,2,1,1,1,4,3263,23,0,0,6,1,5,1,2900102,1000000
2024BG0009961,1,844.37,32,1,1,1,12,41132,293,7000,1,1,1,1,1,2900106,1000000
2024BG0009962,1,844.37,3,2,1,1,7,6989,49,0,0,6,1,5,1,2900102,1000000
2024BG0009963,1,844.37,10,1,3,1,5,2400,17,0,0,6,1,5,1,2900107,1000000
2024BG0009964,1,844.37,16,1,3,1,17,84443,501,0,0,6,1,5,1,2900102,1000000
2024BG0009965,1,844.37,0,1,5,1,5,3472,24,0,0,6,1,5,1,2900104,1000000
2024BG0009966,1,844.37,43,2,1,1,5,21694,154,7000,1,1,1,1,1,2900103,1000000
2024BG0009967,1,844.37,88,2,1,1,8,12239,87,0,0,6,1,1,1,2900103,1000000
2024BG0009968,1,844.37,42,1,5,1,13,84617,501,4000,1,1,1,1,1,2900103,1000000
2024BG0009969,1,844.37,28,2,1,1,7,26360,188,9000,6,1,1,1,1,2900102,1000000
2024BG0009970,1,844.37,69,2,6,1,9,11258,80,9000,1,1,1,1,1,2900102,1000000
2024BG0009971,1,844.37,35,2,1,1,7,20862,149,9000,1,1,1,1,1,2900107,1000000
2024BG0009972,1,844.37,43,2,6,1,15,112388,501,1000,2,1,1,5,1,2900102,1000000
2024BG0009973,1,844.37,15,1,6,1,15,26644,190,0,0,6,1,5,1,2900105,1000000
2024BG0009974,1,844.37,17,1,3,1,18,28553,203,0,0,6,1,5,1,2900100,1000000
2024BG0009975,1,844.37,21,2,1,1,18,74747,501,4000,1,1,5,5,1,2900102,1000000
2024BG0009976,1,844.37,32,2,1,1,10,67067,479,6000,1,1,1,5,1,2900101,1000000
2024BG0009977,1,844.37,28,2,1,1,10,22575,161,1000,1,5,1,1,1,2900103,1000000
2024BG0009978,1,844.37,29,1,3,1,11,31166,222,2000,1,1,1,5,1,2900107,1000000
2024BG0009979,1,844.37,50,2,1,1,5,8576,61,6000,1,1,5,1,1,2900104,1000000
2024BG0009980,1,844.37,55,2,1,1,8,43547,311,5000,4,1,1,1,1,2900102,1000000
2024BG0009981,1,844.37,6,2,3,1,6,2569,18,0,0,6,1,5,1,2900106,1000000
2024BG0009982,1,844.37,23,2,3,1,17,60357,431,4000,2,1,1,5,1,2900102,1000000
2024BG0009983,1,844.37,59,2,2,1,11,37285,266,6000,1,2,1,1,1,2900104,1000000
2024BG0009984,1,844.37,15,2,1,1,12,6470,46,0,0,6,1,5,1,2900100,1000000
2024BG0009985,1,844.37,24,2,6,1,14,13506,96,8000,6,1,1,1,1,2900100,1000000
2024BG0009986,1,844.37,17,1,7,1,15,54628,390,0,0,6,1,5,1,2900100,1000000
2024BG0009987,1,844.37,4,1,1,1,8,15452,110,0,0,6,1,5,1,2900104,1000000
2024BG0009988,1,844.37,20,1,2,1,11,27212,194,4000,1,1,1,5,1,2900104,1000000
2024BG0009989,1,844.37,46,1,6,1,11,88562,501,4000,3,1,1,1,1,2900107,1000000
2024BG0009990,1,844.37,39,2,2,1,13,138780,501,2000,2,1,1,1,1,2900103,1000000
2024BG0009991,1,844.37,29,1,1,1,12,30686,219,7000,1,1,1,1,1,2900107,1000000
2024BG0009992,1,844.37,1,2,5,1,2,1393,9,0,0,6,1,5,1,2900103,1000000
2024BG0009993,1,844.37,23,1,1,1,17,115046,501,4000,2,5,1,5,1,2900103,1000000
2024BG0009994,1,844.37,7,1,1,1,1,25558,182,0,0,6,1,5,1,2900104,1000000
2024BG0009995,1,844.37,21,2,3,1,14,14393,102,4000,1,1,1,5,1,2900104,1000000
2024BG0009996,1,844.37,16,2,1,1,12,4955,35,0,0,6,1,5,1,2900102,1000000
2024BG0009997,1,844.37,43,1,9,1,13,39552,282,5000,1,1,1,2,1,2900101,1000000
2024BG0009998,1,844.37,10,1,1,1,2,9948,71,0,0,6,2,5,1,2900103,1000000
2024BG0009999,1,844.37,24,2,1,1,19,94940,501,4000,1,1,1,5,1,2900100,1000000
2024BG0010000,1,844.37,14,1,1,1,7,8037,57,0,0,6,1,5,1,2900106,1000000
