SERIALNO,SPORDER,PWGTP,AGEP,SEX,RAC1P,HISP,SCHL,PINCP,POVPIP,OCCP,COW,ESR,CIT,MAR,NATIVITY,PUMA,ADJINC
2024DL0000001,1,1678.79,1,2,1,1,4,22353,149,0,0,6,1,5,2,700705,1000000
2024DL0000002,1,1678.79,0,2,1,1,4,13708,91,0,0,6,1,5,1,700710,1000000
2024DL0000003,1,1678.79,11,2,3,1,1,11405,76,0,0,6,5,5,1,700709,1000000
2024DL0000004,1,1678.79,59,1,3,1,11,21135,140,3000,1,4,1,1,1,700700,1000000
2024DL0000005,1,1678.79,0,1,3,1,3,10531,70,0,0,6,1,5,1,700708,1000000
2024DL0000006,1,1678.79,2,2,1,1,3,4422,29,0,0,6,1,5,1,700703,1000000
2024DL0000007,1,1678.79,9,1,3,1,5,3161,21,0,0,6,1,5,2,700709,1000000
2024DL0000008,1,1678.79,47,2,1,1,12,11241,74,7000,1,1,1,2,1,700703,1000000
2024DL0000009,1,1678.79,18,2,6,1,17,17052,113,4000,3,1,1,5,1,700705,1000000
2024DL0000010,1,1678.79,49,2,1,1,9,49052,327,9000,3,2,1,1,2,700708,1000000
2024DL0000011,1,1678.79,42,1,6,1,9,70929,472,6000,1,2,1,1,2,700710,1000000
2024DL0000012,1,1678.79,15,1,1,1,13,11423,76,0,0,6,1,5,1,700710,1000000
2024DL0000013,1,1678.79,45,1,1,1,6,18948,126,6000,6,1,1,1,2,700706,1000000
2024DL0000014,1,1678.79,30,2,4,1,10,63776,425,7000,3,4,1,1,1,700702,1000000
2024DL0000015,1,1678.79,23,1,5,1,19,41392,275,2000,1,1,1,5,1,700700,1000000
2024DL0000016,1,1678.79,22,2,8,1,14,30215,201,2000,2,1,1,5,1,700710,1000000
2024DL0000017,1,1678.79,38,1,5,1,17,54486,363,4000,3,1,1,1,1,700705,1000000
2024DL0000018,1,1678.79,48,2,5,1,13,62027,413,8000,6,1,1,1,1,700703,1000000
2024DL0000019,1,1678.79,41,2,5,1,14,39235,261,6000,1,1,1,1,1,700705,1000000
2024DL0000020,1,1678.79,0,1,4,1,7,2708,18,0,0,6,1,5,1,700710,1000000
2024DL0000021,1,1678.79,25,2,3,1,10,21249,141,6000,1,3,1,5,1,700701,1000000
2024DL0000022,1,1678.79,35,1,3,1,19,121275,501,1000,2,1,1,1,1,700710,1000000
2024DL0000023,1,1678.79,26,1,6,1,9,59549,396,9000,1,3,1,1,1,700704,1000000
2024DL0000024,1,1678.79,58,1,3,1,10,18096,120,1000,3,1,1,1,1,700704,1000000
2024DL0000025,1,1678.79,3,2,2,1,6,10992,73,0,0,6,1,5,1,700706,1000000
2024DL0000026,1,1678.79,55,1,5,1,7,10440,69,5000,4,1,1,1,1,700707,1000000
2024DL0000027,1,1678.79,22,2,3,1,14,85622,501,1000,2,1,1,5,1,700710,1000000
2024DL0000028,1,1678.79,36,2,1,1,8,19640,130,5000,1,1,1,1,1,700707,1000000
2024DL0000029,1,1678.79,36,1,3,1,13,59133,394,7000,3,1,1,1,1,700703,1000000
2024DL0000030,1,1678.79,52,2,1,1,9,19935,132,6000,1,2,1,3,1,700703,1000000
2024DL0000031,1,1678.79,14,2,1,1,4,5434,36,0,0,6,1,5,1,700707,1000000
2024DL0000032,1,1678.79,48,2,5,1,8,53457,356,6000,1,1,1,1,1,700702,1000000
2024DL0000033,1,1678.79,44,1,1,1,5,12253,81,6000,4,1,1,1,1,700708,1000000
2024DL0000034,1,1678.79,40,2,3,1,9,62055,413,8000,1,5,1,1,1,700700,1000000
2024DL0000035,1,1678.79,15,2,3,1,10,8929,59,0,0,6,1,5,1,700706,1000000
2024DL0000036,1,1678.79,44,2,2,1,15,82222,501,4000,1,1,1,5,1,700710,1000000
2024DL0000037,1,1678.79,37,1,2,1,6,21056,140,5000,6,1,1,1,1,700704,1000000
2024DL0000038,1,1678.79,31,1,1,1,9,19272,128,5000,1,1,1,1,1,700701,1000000
2024DL0000039,1,1678.79,50,1,1,1,7,6530,43,9800,1,1,1,1,1,700705,1000000
2024DL0000040,1,1678.79,0,1,3,1,2,9899,65,0,0,6,1,5,1,700708,1000000
2024DL0000041,1,1678.79,24,1,5,1,13,30706,204,6000,3,1,1,5,2,700705,1000000
2024DL0000042,1,1678.79,36,1,3,1,8,16658,111,5000,1,1,1,1,1,700710,1000000
2024DL0000043,1,1678.79,56,2,2,1,11,11771,78,7000,6,1,5,1,1,700708,1000000
2024DL0000044,1,1678.79,19,2,2,1,14,11627,77,5000,3,1,1,5,1,700703,1000000
2024DL0000045,1,1678.79,96,2,1,1,9,46623,310,0,0,6,1,1,1,700708,1000000
2024DL0000046,1,1678.79,34,1,6,1,6,18831,125,6000,3,1,1,5,1,700707,1000000
2024DL0000047,1,1678.79,85,2,1,1,9,22367,149,0,0,6,1,1,1,700701,1000000
2024DL0000048,1,1678.79,38,2,2,1,14,14968,99,6000,1,2,1,1,1,700704,1000000
2024DL0000049,1,1678.79,46,1,1,1,10,44911,299,8000,3,2,1,1,1,700703,1000000
2024DL0000050,1,1678.79,65,1,1,1,5,6918,46,6000,6,1,1,5,1,700701,1000000
2024DL0000051,1,1678.79,10,2,2,1,1,6785,45,0,0,6,1,5,2,700704,1000000
2024DL0000052,1,1678.79,23,2,8,1,18,150245,501,4000,1,1,1,5,1,700700,1000000
2024DL0000053,1,1678.79,94,2,1,1,7,43747,291,0,0,6,1,2,1,700709,1000000
2024DL0000054,1,1678.79,18,1,1,1,16,21995,146,6000,4,1,1,5,1,700707,1000000
2024DL0000055,1,1678.79,17,2,3,1,13,27883,185,0,0,6,1,5,2,700706,1000000
2024DL0000056,1,1678.79,32,1,2,1,11,84257,501,6000,1,1,1,1,1,700708,1000000
2024DL0000057,1,1678.79,44,1,3,1,10,15239,101,7000,1,1,1,1,1,700706,1000000
2024DL0000058,1,1678.79,35,1,2,1,12,17806,118,1000,1,1,1,1,2,700705,1000000
2024DL0000059,1,1678.79,80,1,1,1,10,15073,100,0,0,6,2,2,1,700700,1000000
2024DL0000060,1,1678.79,52,2,5,1,9,44013,293,5000,4,1,1,5,2,700704,1000000
2024DL0000061,1,1678.79,32,2,3,1,5,46958,313,9920,1,1,1,5,1,700710,1000000
2024DL0000062,1,1678.79,9,2,1,1,7,10795,71,0,0,6,1,5,1,700707,1000000
2024DL0000063,1,1678.79,44,2,2,1,11,36945,246,9000,3,1,1,1,1,700707,1000000
2024DL0000064,1,1678.79,3,2,2,1,2,12032,80,0,0,6,1,5,1,700701,1000000
2024DL0000065,1,1678.79,10,2,5,1,3,8239,54,0,0,6,1,5,1,700707,1000000
2024DL0000066,1,1678.79,28,2,6,1,15,80669,501,4000,1,1,1,1,1,700705,1000000
2024DL0000067,1,1678.79,10,1,1,1,2,5939,39,0,0,6,1,5,1,700706,1000000
2024DL0000068,1,1678.79,88,2,4,1,6,7802,52,0,0,6,1,1,1,700700,1000000
2024DL0000069,1,1678.79,0,1,9,1,8,5251,35,0,0,6,1,5,1,700708,1000000
2024DL0000070,1,1678.79,36,1,2,1,13,37127,247,7000,1,2,1,5,1,700704,1000000
2024DL0000071,1,1678.79,52,1,2,1,15,104645,501,4000,2,1,1,2,1,700709,1000000
2024DL0000072,1,1678.79,40,2,4,1,12,37507,250,7000,1,1,1,1,1,700706,1000000
2024DL0000073,1,1678.79,16,1,3,1,17,43499,289,0,0,6,1,5,1,700709,1000000
2024DL0000074,1,1678.79,39,1,8,1,18,64741,431,4000,3,1,1,1,1,700701,1000000
2024DL0000075,1,1678.79,31,1,1,1,15,115014,501,6000,6,3,1,5,1,700704,1000000
2024DL0000076,1,1678.79,26,1,1,1,7,14198,94,6000,4,1,1,1,1,700706,1000000
2024DL0000077,1,1678.79,41,1,1,1,15,61505,410,6000,6,1,1,1,1,700706,1000000
2024DL0000078,1,1678.79,7,1,1,1,6,8524,56,0,0,6,1,5,1,700703,1000000
2024DL0000079,1,1678.79,3,2,1,1,2,10346,68,0,0,6,1,5,1,700709,1000000
2024DL0000080,1,1678.79,30,2,6,1,10,61615,410,2000,1,1,1,1,1,700702,1000000
2024DL0000081,1,1678.79,32,2,9,1,9,11000,73,5000,1,1,1,5,1,700705,1000000
2024DL0000082,1,1678.79,17,1,6,1,11,10749,71,0,0,6,1,5,1,700707,1000000
2024DL0000083,1,1678.79,64,1,5,1,7,28165,187,9000,1,1,1,5,2,700708,1000000
2024DL0000084,1,1678.79,43,2,6,1,13,109363,501,9800,1,1,1,1,1,700700,1000000
2024DL0000085,1,1678.79,49,2,1,1,9,58318,388,6000,1,1,1,1,1,700710,1000000
2024DL0000086,1,1678.79,36,2,6,1,12,24418,162,1000,1,1,1,1,1,700701,1000000
2024DL0000087,1,1678.79,11,2,1,1,4,2678,17,0,0,6,1,5,1,700701,1000000
2024DL0000088,1,1678.79,18,2,3,1,20,54959,366,4000,1,3,2,5,1,700702,1000000
2024DL0000089,1,1678.79,52,1,1,1,8,27044,180,6000,1,1,1,1,1,700708,1000000
2024DL0000090,1,1678.79,29,1,2,1,13,41477,276,9800,3,1,1,5,1,700709,1000000
2024DL0000091,1,1678.79,16,2,3,1,17,33595,223,0,0,6,1,5,1,700706,1000000
2024DL0000092,1,1678.79,23,2,8,1,15,117058,501,6000,4,2,1,5,1,700709,1000000
2024DL0000093,1,1678.79,42,2,1,1,6,11733,78,8000,4,1,1,1,1,700704,1000000
2024DL0000094,1,1678.79,21,1,4,1,12,14436,96,6000,1,1,1,5,1,700701,1000000
2024DL0000095,1,1678.79,50,1,2,1,9,16750,111,7000,1,1,1,1,1,700702,1000000
2024DL0000096,1,1678.79,0,2,1,1,3,12555,83,0,0,6,1,5,1,700709,1000000
2024DL0000097,1,1678.79,43,2,8,1,16,74003,493,4000,1,1,1,1,1,700709,1000000
2024DL0000098,1,1678.79,45,1,2,1,11,24404,162,9000,1,1,1,1,1,700705,1000000
2024DL0000099,1,1678.79,38,1,3,1,5,22082,147,8000,1,1,1,2,1,700708,1000000
2024DL0000100,1,1678.79,46,2,5,1,14,52087,347,6000,4,1,1,5,2,700707,1000000
2024DL0000101,1,1678.79,44,1,5,1,12,29375,195,6000,1,5,1,1,1,700701,1000000
2024DL0000102,1,1678.79,20,2,3,1,13,13252,88,8000,1,1,1,5,1,700707,1000000
2024DL0000103,1,1678.79,9,2,5,1,5,13006,86,0,0,6,1,5,1,700708,1000000
2024DL0000104,1,1678.79,13,2,1,1,2,13937,92,0,0,6,1,5,1,700701,1000000
2024DL0000105,1,1678.79,54,2,2,1,10,71587,477,4000,1,1,1,5,1,700710,1000000
2024DL0000106,1,1678.79,3,2,1,1,1,23526,156,0,0,6,1,5,1,700703,1000000
2024DL0000107,1,1678.79,30,1,3,1,11,19690,131,7000,4,3,1,5,1,700706,1000000
2024DL0000108,1,1678.79,20,1,4,1,17,33391,222,3000,1,1,1,5,1,700710,1000000
2024DL0000109,1,1678.79,1,2,1,1,6,4428,29,0,0,6,1,5,1,700709,1000000
2024DL0000110,1,1678.79,25,2,1,1,12,18650,124,9800,4,5,1,5,1,700706,1000000
2024DL0000111,1,1678.79,10,1,5,1,4,21109,140,0,0,6,1,5,1,700706,1000000
2024DL0000112,1,1678.79,91,2,3,1,5,5686,37,0,0,6,1,1,1,700700,1000000
2024DL0000113,1,1678.79,39,2,5,1,7,41402,276,6000,3,3,1,1,1,700705,1000000
2024DL0000114,1,1678.79,22,1,1,1,20,89717,501,1000,1,5,1,5,1,700705,1000000
2024DL0000115,1,1678.79,9,1,1,1,2,2656,17,0,0,6,1,5,1,700710,1000000
2024DL0000116,1,1678.79,38,1,2,1,12,70624,470,7000,1,1,1,1,1,700706,1000000
2024DL0000117,1,1678.79,4,2,1,1,7,12453,83,0,0,6,1,5,1,700710,1000000
2024DL0000118,1,1678.79,11,2,4,1,1,8623,57,0,0,6,1,5,1,700701,1000000
2024DL0000119,1,1678.79,25,2,1,1,17,46571,310,6000,1,1,1,1,1,700700,1000000
2024DL0000120,1,1678.79,31,2,1,1,12,33216,221,6000,6,1,2,5,1,700703,1000000
2024DL0000121,1,1678.79,3,1,4,1,2,8334,55,0,0,6,1,5,1,700704,1000000
2024DL0000122,1,1678.79,33,1,1,1,11,39221,261,1000,1,1,1,1,1,700704,1000000
2024DL0000123,1,1678.79,37,1,2,1,13,65938,439,2000,1,1,1,1,1,700703,1000000
2024DL0000124,1,1678.79,2,2,3,1,1,8981,59,0,0,6,1,5,1,700709,1000000
2024DL0000125,1,1678.79,1,2,5,1,5,12193,81,0,0,6,1,5,1,700702,1000000
2024DL0000126,1,1678.79,15,2,2,1,17,75372,501,0,0,6,1,5,1,700706,1000000
2024DL0000127,1,1678.79,66,1,6,1,5,14044,93,5000,4,1,1,1,1,700710,1000000
2024DL0000128,1,1678.79,20,1,2,1,14,18527,123,3000,3,1,1,5,2,700709,1000000
2024DL0000129,1,1678.79,69,2,1,1,6,15293,101,7000,1,4,1,1,1,700706,1000000
2024DL0000130,1,1678.79,24,1,1,1,20,115936,501,3000,3,2,1,1,1,700704,1000000
2024DL0000131,1,1678.79,55,1,4,1,10,67612,450,1000,2,1,1,1,1,700703,1000000
2024DL0000132,1,1678.79,4,1,4,1,3,2929,19,0,0,6,1,5,1,700701,1000000
2024DL0000133,1,1678.79,19,1,4,1,20,71152,474,4000,1,1,1,5,1,700709,1000000
2024DL0000134,1,1678.79,13,1,2,1,9,17338,115,0,0,6,1,5,1,700705,1000000
2024DL0000135,1,1678.79,38,2,4,1,14,76606,501,1000,1,1,1,5,1,700701,1000000
2024DL0000136,1,1678.79,29,1,6,1,15,117709,501,4000,2,1,1,5,1,700708,1000000
2024DL0000137,1,1678.79,25,1,1,1,12,16033,106,7000,1,1,1,1,1,700708,1000000
2024DL0000138,1,1678.79,0,1,2,1,6,6420,42,0,0,6,1,5,1,700708,1000000
2024DL0000139,1,1678.79,29,2,2,1,16,124777,501,1000,1,1,1,1,2,700703,1000000
2024DL0000140,1,1678.79,20,2,4,1,16,19464,129,1000,2,1,1,5,1,700703,1000000
2024DL0000141,1,1678.79,39,1,2,1,14,28575,190,2000,1,1,1,5,1,700709,1000000
2024DL0000142,1,1678.79,22,1,9,1,10,27998,186,5000,6,1,1,1,1,700706,1000000
2024DL0000143,1,1678.79,1,1,1,1,3,11454,76,0,0,6,1,5,1,700703,1000000
2024DL0000144,1,1678.79,1,2,5,1,3,6216,41,0,0,6,1,5,1,700706,1000000
2024DL0000145,1,1678.79,38,1,1,1,15,144876,501,4000,1,5,1,1,1,700710,1000000
2024DL0000146,1,1678.79,45,2,1,1,17,97458,501,2000,1,2,1,1,1,700708,1000000
2024DL0000147,1,1678.79,14,2,3,1,4,2988,19,0,0,6,1,5,1,700705,1000000
2024DL0000148,1,1678.79,5,2,1,1,3,10571,70,0,0,6,1,5,1,700700,1000000
2024DL0000149,1,1678.79,16,2,1,1,18,23929,159,0,0,6,2,5,2,700701,1000000
2024DL0000150,1,1678.79,21,1,1,1,15,20624,137,1000,2,1,1,5,1,700710,1000000
2024DL0000151,1,1678.79,45,1,1,1,10,37721,251,3000,1,2,1,1,1,700709,1000000
2024DL0000152,1,1678.79,28,2,1,1,10,21598,143,1000,1,1,1,5,2,700704,1000000
2024DL0000153,1,1678.79,83,1,2,1,8,2148,14,0,0,6,1,5,1,700709,1000000
2024DL0000154,1,1678.79,39,2,3,1,9,31535,210,7000,6,1,1,5,1,700708,1000000
2024DL0000155,1,1678.79,47,1,5,1,5,19005,126,9800,3,1,1,1,1,700700,1000000
2024DL0000156,1,1678.79,33,2,4,1,10,75425,501,8000,3,1,1,1,1,700710,1000000
2024DL0000157,1,1678.79,43,2,2,1,12,77331,501,7000,1,1,1,1,2,700700,1000000
2024DL0000158,1,1678.79,54,2,3,1,12,14855,99,6000,1,1,1,1,1,700705,1000000
2024DL0000159,1,1678.79,9,2,3,1,4,7222,48,0,0,6,1,5,1,700709,1000000
2024DL0000160,1,1678.79,9,1,1,1,5,13185,87,0,0,6,1,5,1,700704,1000000
2024DL0000161,1,1678.79,32,2,2,1,18,143306,501,4000,1,1,1,5,1,700708,1000000
2024DL0000162,1,1678.79,43,1,8,1,5,9745,64,9920,6,2,1,1,1,700705,1000000
2024DL0000163,1,1678.79,38,2,4,1,9,14554,97,9800,4,1,1,1,1,700708,1000000
2024DL0000164,1,1678.79,27,2,5,1,14,23360,155,6000,6,1,1,1,1,700700,1000000
2024DL0000165,1,1678.79,2,1,5,1,3,8680,57,0,0,6,1,5,1,700702,1000000
2024DL0000166,1,1678.79,31,1,8,1,9,29730,198,6000,3,1,1,1,2,700705,1000000
2024DL0000167,1,1678.79,3,1,2,1,1,8108,54,0,0,6,1,5,1,700707,1000000
2024DL0000168,1,1678.79,25,2,5,1,16,34283,228,4000,2,1,1,5,2,700702,1000000
2024DL0000169,1,1678.79,16,1,6,1,18,26410,176,0,0,6,1,5,1,700705,1000000
2024DL0000170,1,1678.79,23,2,5,1,13,11832,78,6000,3,1,1,5,2,700701,1000000
2024DL0000171,1,1678.79,26,2,1,1,12,22986,153,5000,1,1,1,1,1,700703,1000000
2024DL0000172,1,1678.79,15,2,6,1,20,45463,303,0,0,6,1,5,1,700706,1000000
2024DL0000173,1,1678.79,49,2,2,1,10,25868,172,2000,1,1,1,1,1,700703,1000000
2024DL0000174,1,1678.79,28,1,4,1,9,51296,341,7000,1,5,1,1,1,700710,1000000
2024DL0000175,1,1678.79,14,1,1,1,5,4763,31,0,0,6,1,5,1,700706,1000000
2024DL0000176,1,1678.79,18,1,3,1,20,38927,259,1000,1,1,1,5,1,700706,1000000
2024DL0000177,1,1678.79,57,1,6,1,6,59488,396,8000,3,4,1,2,1,700703,1000000
2024DL0000178,1,1678.79,6,2,1,1,3,12997,86,0,0,6,1,5,1,700708,1000000
2024DL0000179,1,1678.79,24,2,5,1,12,14802,98,2000,1,3,1,5,1,700709,1000000
2024DL0000180,1,1678.79,9,1,4,1,9,26200,174,0,0,6,1,5,1,700700,1000000
2024DL0000181,1,1678.79,9,2,3,1,2,17376,115,0,0,6,1,5,1,700701,1000000
2024DL0000182,1,1678.79,48,2,5,1,9,40025,266,6000,1,1,1,1,1,700700,1000000
2024DL0000183,1,1678.79,21,1,3,1,14,13673,91,5000,4,1,1,1,1,700703,1000000
2024DL0000184,1,1678.79,41,2,9,1,5,31933,212,8000,1,1,1,1,1,700706,1000000
2024DL0000185,1,1678.79,53,1,3,1,16,63508,423,1000,2,1,1,2,1,700709,1000000
2024DL0000186,1,1678.79,2,2,3,1,5,7594,50,0,0,6,1,5,1,700701,1000000
2024DL0000187,1,1678.79,47,2,5,1,9,32598,217,9000,1,1,1,1,1,700707,1000000
2024DL0000188,1,1678.79,1,2,1,1,4,5810,38,0,0,6,1,5,1,700708,1000000
2024DL0000189,1,1678.79,28,2,1,1,8,9738,64,9920,6,1,1,1,2,700701,1000000
2024DL0000190,1,1678.79,19,1,1,1,20,110388,501,2000,2,1,1,5,1,700708,1000000
2024DL0000191,1,1678.79,50,1,3,1,14,106942,501,6000,4,1,1,1,1,700703,1000000
2024DL0000192,1,1678.79,10,2,1,1,4,8075,53,0,0,6,1,5,1,700710,1000000
2024DL0000193,1,1678.79,98,1,3,1,8,11293,75,0,0,6,1,2,1,700707,1000000
2024DL0000194,1,1678.79,11,1,2,1,6,4801,32,0,0,6,1,5,2,700705,1000000
2024DL0000195,1,1678.79,17,2,1,1,10,30863,205,0,0,6,1,5,1,700707,1000000
2024DL0000196,1,1678.79,17,2,4,1,17,29082,193,0,0,6,1,5,1,700710,1000000
2024DL0000197,1,1678.79,52,2,2,1,9,56347,375,8000,4,1,1,1,1,700706,1000000
2024DL0000198,1,1678.79,47,2,2,1,9,96146,501,3000,1,1,1,1,1,700704,1000000
2024DL0000199,1,1678.79,3,2,2,1,4,2862,19,0,0,6,1,5,1,700702,1000000
2024DL0000200,1,1678.79,37,1,2,1,10,64135,427,6000,3,1,2,1,1,700708,1000000
2024DL0000201,1,1678.79,23,1,8,1,15,84780,501,1000,1,1,1,1,1,700708,1000000
2024DL0000202,1,1678.79,33,1,2,1,12,26931,179,9800,6,1,1,5,1,700708,1000000
2024DL0000203,1,1678.79,29,2,4,1,13,36517,243,9000,3,3,1,1,2,700710,1000000
2024DL0000204,1,1678.79,91,1,4,1,7,18232,121,0,0,6,1,1,1,700702,1000000
2024DL0000205,1,1678.79,37,1,2,1,11,45966,306,9800,3,5,1,5,1,700709,1000000
2024DL0000206,1,1678.79,67,2,1,1,10,37992,253,3000,1,2,1,1,1,700705,1000000
2024DL0000207,1,1678.79,27,2,4,1,5,25046,166,9920,4,1,1,5,1,700710,1000000
2024DL0000208,1,1678.79,46,2,2,1,6,50380,335,8000,1,1,1,1,1,700710,1000000
2024DL0000209,1,1678.79,44,1,4,1,7,16189,107,6000,3,1,1,1,1,700700,1000000
2024DL0000210,1,1678.79,23,2,3,1,12,49348,328,9800,3,1,1,5,2,700703,1000000
2024DL0000211,1,1678.79,74,2,6,1,5,11072,73,0,0,6,1,2,1,700708,1000000
2024DL0000212,1,1678.79,6,2,5,1,6,5737,38,0,0,6,1,5,1,700710,1000000
2024DL0000213,1,1678.79,97,1,6,1,5,43665,291,0,0,6,1,1,1,700709,1000000
2024DL0000214,1,1678.79,71,1,6,1,6,10631,70,0,0,6,1,5,1,700702,1000000
2024DL0000215,1,1678.79,34,2,4,1,12,58260,388,8000,3,1,1,1,1,700707,1000000
2024DL0000216,1,1678.79,37,2,1,1,6,19757,131,5000,1,1,1,1,2,700705,1000000
2024DL0000217,1,1678.79,14,2,1,1,6,6775,45,0,0,6,1,5,1,700704,1000000
2024DL0000218,1,1678.79,31,2,2,1,15,73947,492,6000,1,1,1,1,1,700707,1000000
2024DL0000219,1,1678.79,29,1,2,1,10,84481,501,7000,1,1,1,5,1,700708,1000000
2024DL0000220,1,1678.79,26,1,2,1,13,22784,151,2000,1,4,1,1,1,700701,1000000
2024DL0000221,1,1678.79,10,1,1,1,1,8407,56,0,0,6,1,5,2,700701,1000000
2024DL0000222,1,1678.79,24,2,3,1,12,33402,222,6000,1,1,1,5,2,700702,1000000
2024DL0000223,1,1678.79,37,2,2,1,6,11822,78,5000,3,1,1,5,2,700708,1000000
2024DL0000224,1,1678.79,16,1,5,1,13,22321,148,0,0,6,1,5,1,700700,1000000
2024DL0000225,1,1678.79,43,2,5,1,16,121272,501,1000,1,1,1,2,1,700700,1000000
2024DL0000226,1,1678.79,38,2,6,1,13,23072,153,9000,4,1,1,1,1,700705,1000000
2024DL0000227,1,1678.79,18,2,1,1,14,17113,114,5000,1,1,1,5,1,700707,1000000
2024DL0000228,1,1678.79,2,1,1,1,4,3227,21,0,0,6,5,5,2,700704,1000000
2024DL0000229,1,1678.79,64,2,1,1,8,98284,501,5000,1,1,1,3,1,700706,1000000
2024DL0000230,1,1678.79,45,2,1,1,5,34275,228,8000,3,1,1,1,1,700700,1000000
2024DL0000231,1,1678.79,2,2,1,1,6,2399,15,0,0,6,1,5,1,700701,1000000
2024DL0000232,1,1678.79,32,2,6,1,9,36646,244,9800,1,1,5,1,2,700710,1000000
2024DL0000233,1,1678.79,46,2,1,1,7,36759,245,9800,1,1,1,1,2,700702,1000000
2024DL0000234,1,1678.79,9,2,2,1,3,10099,67,0,0,6,1,5,1,700702,1000000
2024DL0000235,1,1678.79,35,1,3,1,15,152451,501,4000,3,2,1,1,1,700703,1000000
2024DL0000236,1,1678.79,8,1,3,1,2,10010,66,0,0,6,1,5,1,700707,1000000
2024DL0000237,1,1678.79,24,2,6,1,16,20202,134,1000,1,1,1,5,2,700705,1000000
2024DL0000238,1,1678.79,41,2,5,1,11,97487,501,3000,2,1,1,1,1,700706,1000000
2024DL0000239,1,1678.79,23,2,4,1,14,64959,433,6000,1,1,1,5,1,700701,1000000
2024DL0000240,1,1678.79,49,2,1,1,11,39038,260,3000,2,3,1,1,1,700710,1000000
2024DL0000241,1,1678.79,41,1,2,1,10,55042,366,5000,4,1,1,1,1,700707,1000000
2024DL0000242,1,1678.79,10,1,6,1,4,8207,54,0,0,6,1,5,1,700708,1000000
2024DL0000243,1,1678.79,16,2,2,1,15,39192,261,0,0,6,1,5,2,700706,1000000
2024DL0000244,1,1678.79,19,1,1,1,16,28341,188,4000,1,1,1,5,1,700708,1000000
2024DL0000245,1,1678.79,27,1,4,1,13,20225,134,7000,1,3,1,1,1,700703,1000000
2024DL0000246,1,1678.79,10,1,6,1,5,24849,165,0,0,6,1,5,1,700703,1000000
2024DL0000247,1,1678.79,5,1,1,1,2,10967,73,0,0,6,1,5,1,700709,1000000
2024DL0000248,1,1678.79,38,1,5,1,14,98555,501,5000,1,1,1,1,1,700701,1000000
2024DL0000249,1,1678.79,52,2,2,1,10,93668,501,5000,3,1,1,2,1,700701,1000000
2024DL0000250,1,1678.79,23,2,1,1,13,24390,162,5000,6,1,1,5,1,700702,1000000
2024DL0000251,1,1678.79,36,2,8,1,7,66336,442,6000,1,1,1,1,1,700710,1000000
2024DL0000252,1,1678.79,50,2,1,1,11,70467,469,3000,1,1,1,1,1,700706,1000000
2024DL0000253,1,1678.79,2,1,3,1,7,6220,41,0,0,6,2,5,1,700710,1000000
2024DL0000254,1,1678.79,28,2,2,1,13,25872,172,8000,4,1,1,5,1,700710,1000000
2024DL0000255,1,1678.79,36,1,9,1,12,106659,501,6000,4,1,1,2,1,700709,1000000
2024DL0000256,1,1678.79,72,2,1,1,8,17355,115,0,0,6,1,2,1,700708,1000000
2024DL0000257,1,1678.79,48,2,4,1,9,73290,488,7000,1,2,1,1,1,700700,1000000
2024DL0000258,1,1678.79,10,1,1,1,1,3988,26,0,0,6,1,5,1,700707,1000000
2024DL0000259,1,1678.79,48,1,1,1,10,32221,214,2000,1,1,1,1,1,700700,1000000
2024DL0000260,1,1678.79,57,1,3,1,12,56400,376,7000,4,5,2,2,1,700702,1000000
2024DL0000261,1,1678.79,1,1,1,1,3,8844,58,0,0,6,5,5,1,700702,1000000
2024DL0000262,1,1678.79,44,1,5,1,10,25158,167,6000,6,1,1,1,1,700704,1000000
2024DL0000263,1,1678.79,18,2,3,1,12,29532,196,6000,1,1,1,5,1,700709,1000000
2024DL0000264,1,1678.79,97,1,1,1,10,23379,155,0,0,6,1,1,1,700706,1000000
2024DL0000265,1,1678.79,52,1,1,1,12,20350,135,1000,2,1,1,2,1,700705,1000000
2024DL0000266,1,1678.79,32,2,1,1,16,136926,501,6000,1,5,2,5,1,700706,1000000
2024DL0000267,1,1678.79,25,2,1,1,13,53928,359,9800,4,2,1,1,1,700703,1000000
2024DL0000268,1,1678.79,41,1,5,1,5,42245,281,9920,1,1,1,1,1,700706,1000000
2024DL0000269,1,1678.79,67,1,3,1,7,9015,60,9800,1,1,1,5,1,700710,1000000
2024DL0000270,1,1678.79,22,1,3,1,15,89746,501,3000,1,1,1,5,2,700700,1000000
2024DL0000271,1,1678.79,48,1,5,1,9,77415,501,8000,1,1,1,1,1,700707,1000000
2024DL0000272,1,1678.79,59,2,6,1,8,25756,171,9920,4,1,1,1,1,700703,1000000
2024DL0000273,1,1678.79,50,2,4,1,14,103156,501,6000,3,1,2,1,1,700709,1000000
2024DL0000274,1,1678.79,29,2,5,1,17,80145,501,4000,2,2,1,5,1,700700,1000000
2024DL0000275,1,1678.79,21,2,2,1,13,6622,44,6000,3,1,1,1,1,700701,1000000
2024DL0000276,1,1678.79,21,2,3,1,16,24648,164,4000,3,1,1,5,1,700708,1000000
2024DL0000277,1,1678.79,44,2,1,1,13,85490,501,7000,1,1,1,1,1,700700,1000000
2024DL0000278,1,1678.79,21,1,1,1,14,22392,149,1000,1,1,1,1,1,700707,1000000
2024DL0000279,1,1678.79,23,2,1,1,15,78103,501,4000,1,1,1,5,1,700705,1000000
2024DL0000280,1,1678.79,12,1,5,1,6,12780,85,0,0,6,2,5,1,700701,1000000
2024DL0000281,1,1678.79,17,2,1,1,18,14700,98,0,0,6,1,5,1,700700,1000000
2024DL0000282,1,1678.79,58,1,4,1,5,28218,188,9920,4,1,1,4,1,700700,1000000
2024DL0000283,1,1678.79,22,2,1,1,17,97454,501,6000,4,5,1,1,2,700705,1000000
2024DL0000284,1,1678.79,50,1,6,1,16,46451,309,1000,1,5,1,2,1,700707,1000000
2024DL0000285,1,1678.79,16,2,2,1,16,99806,501,0,0,6,1,5,1,700707,1000000
2024DL0000286,1,1678.79,46,1,4,1,6,12585,83,8000,3,1,1,1,1,700708,1000000
2024DL0000287,1,1678.79,93,1,2,1,7,10181,67,0,0,6,1,1,1,700709,1000000
2024DL0000288,1,1678.79,24,2,2,1,18,36412,242,5000,6,1,1,5,2,700710,1000000
2024DL0000289,1,1678.79,86,2,1,1,7,3316,22,0,0,6,1,1,1,700710,1000000
2024DL0000290,1,1678.79,15,1,1,1,19,38621,257,0,0,6,1,5,1,700703,1000000
2024DL0000291,1,1678.79,83,1,3,1,8,6233,41,0,0,6,1,1,1,700700,1000000
2024DL0000292,1,1678.79,44,2,9,1,6,8685,57,9800,3,1,1,1,1,700700,1000000
2024DL0000293,1,1678.79,23,1,1,1,17,104715,501,4000,1,1,1,5,1,700706,1000000
2024DL0000294,1,1678.79,37,2,5,1,6,30307,202,9800,4,1,1,5,1,700703,1000000
2024DL0000295,1,1678.79,44,2,1,1,5,54952,366,5000,4,1,1,1,2,700706,1000000
2024DL0000296,1,1678.79,47,1,8,1,13,84647,501,8000,1,1,1,1,1,700706,1000000
2024DL0000297,1,1678.79,31,2,7,1,9,95051,501,5000,3,1,1,5,1,700704,1000000
2024DL0000298,1,1678.79,25,1,4,1,13,63822,425,6000,3,1,1,1,1,700700,1000000
2024DL0000299,1,1678.79,39,2,5,1,18,82565,501,4000,1,1,1,1,1,700707,1000000
2024DL0000300,1,1678.79,58,1,1,1,10,29036,193,6000,1,1,1,2,1,700703,1000000
2024DL0000301,1,1678.79,48,1,1,1,16,56743,378,2000,3,4,1,1,1,700706,1000000
2024DL0000302,1,1678.79,14,1,2,1,7,9025,60,0,0,6,1,5,1,700710,1000000
2024DL0000303,1,1678.79,16,2,3,1,12,27934,186,0,0,6,1,5,2,700709,1000000
2024DL0000304,1,1678.79,41,2,1,1,7,24242,161,8000,1,3,1,1,1,700704,1000000
2024DL0000305,1,1678.79,47,2,1,1,10,25425,169,2000,1,2,1,1,1,700706,1000000
2024DL0000306,1,1678.79,2,2,4,1,9,13713,91,0,0,6,1,5,1,700703,1000000
2024DL0000307,1,1678.79,28,2,5,1,16,132962,501,1000,1,2,1,1,1,700700,1000000
2024DL0000308,1,1678.79,56,1,4,1,8,10498,69,5000,1,1,1,1,1,700710,1000000
2024DL0000309,1,1678.79,36,1,6,1,10,20035,133,9000,1,1,1,1,1,700705,1000000
2024DL0000310,1,1678.79,12,1,1,1,2,5987,39,0,0,6,1,5,1,700709,1000000
2024DL0000311,1,1678.79,31,1,1,1,10,164881,501,9000,1,1,5,5,1,700704,1000000
2024DL0000312,1,1678.79,43,2,1,1,7,63393,422,7000,1,1,1,1,1,700703,1000000
2024DL0000313,1,1678.79,17,2,7,1,12,25797,171,0,0,6,1,5,1,700709,1000000
2024DL0000314,1,1678.79,29,1,2,1,9,18146,120,6000,1,1,1,1,1,700705,1000000
2024DL0000315,1,1678.79,33,2,2,1,8,66418,442,5000,4,1,1,1,1,700706,1000000
2024DL0000316,1,1678.79,38,1,1,1,10,46990,313,5000,3,1,1,1,1,700708,1000000
2024DL0000317,1,1678.79,40,2,1,1,17,81456,501,6000,3,3,1,1,1,700700,1000000
2024DL0000318,1,1678.79,25,2,1,1,14,33384,222,5000,6,3,1,1,2,700702,1000000
2024DL0000319,1,1678.79,23,2,2,1,13,5013,33,7000,6,5,1,5,2,700709,1000000
2024DL0000320,1,1678.79,13,2,3,1,5,6049,40,0,0,6,1,5,1,700701,1000000
2024DL0000321,1,1678.79,58,2,3,1,10,43286,288,5000,1,1,1,1,1,700708,1000000
2024DL0000322,1,1678.79,23,1,5,1,15,77437,501,4000,3,1,1,5,1,700710,1000000
2024DL0000323,1,1678.79,24,1,6,1,14,40365,269,7000,3,2,1,5,1,700704,1000000
2024DL0000324,1,1678.79,22,1,1,1,15,48863,325,2000,1,3,1,5,1,700703,1000000
2024DL0000325,1,1678.79,22,2,5,1,15,135537,501,1000,2,1,1,5,2,700705,1000000
2024DL0000326,1,1678.79,27,1,3,1,9,19578,130,5000,1,5,1,5,1,700706,1000000
2024DL0000327,1,1678.79,3,2,5,1,8,10903,72,0,0,6,1,5,1,700704,1000000
2024DL0000328,1,1678.79,5,1,1,1,2,5755,38,0,0,6,1,5,1,700707,1000000
2024DL0000329,1,1678.79,24,2,8,1,14,35296,235,1000,1,1,1,5,1,700701,1000000
2024DL0000330,1,1678.79,53,1,1,1,8,19552,130,9920,1,2,1,1,1,700707,1000000
2024DL0000331,1,1678.79,30,2,1,1,8,12872,85,6000,1,2,1,1,1,700704,1000000
2024DL0000332,1,1678.79,13,2,6,1,3,17314,115,0,0,6,1,5,2,700706,1000000
2024DL0000333,1,1678.79,1,1,4,1,1,5957,39,0,0,6,2,5,1,700701,1000000
2024DL0000334,1,1678.79,37,2,2,1,12,52009,346,9000,3,1,1,1,1,700702,1000000
2024DL0000335,1,1678.79,10,1,5,1,5,12508,83,0,0,6,5,5,2,700706,1000000
2024DL0000336,1,1678.79,27,2,6,1,8,8968,59,6000,1,1,1,5,1,700701,1000000
2024DL0000337,1,1678.79,12,2,5,1,7,5957,39,0,0,6,2,5,1,700706,1000000
2024DL0000338,1,1678.79,9,1,3,1,3,5904,39,0,0,6,1,5,1,700709,1000000
2024DL0000339,1,1678.79,9,1,1,1,1,6503,43,0,0,6,1,5,1,700703,1000000
2024DL0000340,1,1678.79,36,2,1,1,16,131365,501,1000,3,1,1,1,2,700705,1000000
2024DL0000341,1,1678.79,14,1,1,1,3,48842,325,0,0,6,1,5,1,700706,1000000
2024DL0000342,1,1678.79,26,1,1,1,6,54848,365,5000,4,2,1,1,1,700703,1000000
2024DL0000343,1,1678.79,23,1,6,1,18,99785,501,5000,1,1,1,5,2,700707,1000000
2024DL0000344,1,1678.79,40,2,1,1,10,74425,496,6000,1,1,1,5,1,700700,1000000
2024DL0000345,1,1678.79,22,1,2,1,16,48641,324,3000,2,1,1,5,1,700708,1000000
2024DL0000346,1,1678.79,30,1,1,1,15,167944,501,5000,1,1,1,5,1,700704,1000000
2024DL0000347,1,1678.79,26,2,4,1,10,31524,210,5000,6,1,1,5,1,700700,1000000
2024DL0000348,1,1678.79,11,1,4,1,9,24311,162,0,0,6,1,5,1,700700,1000000
2024DL0000349,1,1678.79,31,1,1,1,5,18279,121,9800,4,2,1,5,1,700708,1000000
2024DL0000350,1,1678.79,11,2,1,1,2,30162,201,0,0,6,1,5,1,700706,1000000
2024DL0000351,1,1678.79,17,1,6,1,16,57620,384,0,0,6,1,5,1,700710,1000000
2024DL0000352,1,1678.79,2,1,6,1,5,3824,25,0,0,6,1,5,1,700701,1000000
2024DL0000353,1,1678.79,100,2,3,1,7,5154,34,0,0,6,2,5,1,700708,1000000
2024DL0000354,1,1678.79,22,1,1,1,20,158068,501,3000,1,1,1,1,1,700701,1000000
2024DL0000355,1,1678.79,8,2,1,1,4,6557,43,0,0,6,1,5,1,700708,1000000
2024DL0000356,1,1678.79,23,2,1,1,10,70833,472,6000,1,3,1,5,1,700710,1000000
2024DL0000357,1,1678.79,5,2,1,1,1,1341,8,0,0,6,1,5,1,700703,1000000
2024DL0000358,1,1678.79,19,1,1,1,14,7463,49,5000,1,1,1,5,1,700701,1000000
2024DL0000359,1,1678.79,31,2,1,1,14,44806,298,6000,1,1,1,5,1,700703,1000000
2024DL0000360,1,1678.79,50,1,6,1,7,26171,174,9920,1,1,1,2,1,700705,1000000
2024DL0000361,1,1678.79,26,1,4,1,10,41987,279,2000,2,1,1,1,1,700704,1000000
2024DL0000362,1,1678.79,29,2,1,1,5,21663,144,5000,1,2,1,5,2,700709,1000000
2024DL0000363,1,1678.79,36,1,5,1,14,15088,100,7000,1,1,2,2,1,700707,1000000
2024DL0000364,1,1678.79,4,2,1,1,4,8545,56,0,0,6,1,5,1,700703,1000000
2024DL0000365,1,1678.79,56,1,1,1,9,54537,363,9800,1,1,1,2,1,700709,1000000
2024DL0000366,1,1678.79,36,2,4,1,11,65345,435,1000,3,1,1,5,1,700707,1000000
2024DL0000367,1,1678.79,19,2,4,1,14,27947,186,3000,2,2,1,5,2,700705,1000000
2024DL0000368,1,1678.79,30,2,6,1,6,10759,71,5000,4,1,1,1,1,700700,1000000
2024DL0000369,1,1678.79,35,1,6,1,8,33833,225,9920,1,1,1,1,2,700703,1000000
2024DL0000370,1,1678.79,27,2,5,1,9,64133,427,4000,1,5,1,1,2,700701,1000000
2024DL0000371,1,1678.79,28,1,6,1,14,30183,201,2000,2,2,1,1,1,700706,1000000
2024DL0000372,1,1678.79,33,1,2,1,12,42403,282,6000,1,2,1,1,2,700701,1000000
2024DL0000373,1,1678.79,87,1,1,1,9,14169,94,0,0,6,1,1,1,700706,1000000
2024DL0000374,1,1678.79,48,1,5,1,8,16052,107,5000,1,1,2,1,1,700705,1000000
2024DL0000375,1,1678.79,30,1,1,1,10,69553,463,4000,1,1,1,1,1,700705,1000000
2024DL0000376,1,1678.79,76,1,5,1,8,5459,36,0,0,6,1,2,1,700705,1000000
2024DL0000377,1,1678.79,42,1,3,1,15,78946,501,1000,1,3,1,1,1,700703,1000000
2024DL0000378,1,1678.79,28,1,2,1,9,36623,244,1000,1,1,1,1,1,700709,1000000
2024DL0000379,1,1678.79,19,2,1,1,13,29804,198,5000,4,1,1,5,1,700705,1000000
2024DL0000380,1,1678.79,44,2,2,1,14,32372,215,7000,1,1,1,5,1,700707,1000000
2024DL0000381,1,1678.79,24,2,6,1,14,19271,128,5000,4,1,1,5,1,700707,1000000
2024DL0000382,1,1678.79,3,1,1,1,8,10921,72,0,0,6,1,5,1,700700,1000000
2024DL0000383,1,1678.79,2,1,3,1,4,6392,42,0,0,6,1,5,1,700701,1000000
2024DL0000384,1,1678.79,10,1,6,1,4,4346,28,0,0,6,1,5,1,700702,1000000
2024DL0000385,1,1678.79,49,1,3,1,13,52046,346,2000,3,1,1,2,1,700705,1000000
2024DL0000386,1,1678.79,1,1,1,1,7,7920,52,0,0,6,2,5,1,700708,1000000
2024DL0000387,1,1678.79,30,2,2,1,9,125323,501,9000,6,1,1,5,1,700707,1000000
2024DL0000388,1,1678.79,13,2,1,1,3,8715,58,0,0,6,1,5,1,700709,1000000
2024DL0000389,1,1678.79,17,1,3,1,18,66986,446,0,0,6,1,5,1,700705,1000000
2024DL0000390,1,1678.79,26,2,5,1,11,15560,103,5000,1,1,1,1,1,700705,1000000
2024DL0000391,1,1678.79,7,2,1,1,4,6117,40,0,0,6,1,5,1,700707,1000000
2024DL0000392,1,1678.79,33,1,5,1,6,18991,126,9800,6,1,1,1,2,700706,1000000
2024DL0000393,1,1678.79,28,2,2,1,5,39272,261,5000,1,1,1,1,1,700704,1000000
2024DL0000394,1,1678.79,59,1,4,1,9,15782,105,8000,6,1,1,1,1,700704,1000000
2024DL0000395,1,1678.79,11,1,5,1,1,3784,25,0,0,6,1,5,1,700708,1000000
2024DL0000396,1,1678.79,1,1,1,1,2,10478,69,0,0,6,1,5,1,700706,1000000
2024DL0000397,1,1678.79,85,2,5,1,5,20709,138,0,0,6,1,1,1,700708,1000000
2024DL0000398,1,1678.79,13,1,1,1,9,15406,102,0,0,6,1,5,1,700708,1000000
2024DL0000399,1,1678.79,11,1,1,1,1,5572,37,0,0,6,1,5,1,700704,1000000
2024DL0000400,1,1678.79,31,2,1,1,16,65528,436,3000,3,1,1,5,1,700707,1000000
2024DL0000401,1,1678.79,20,2,2,1,19,122484,501,4000,3,1,1,5,2,700700,1000000
2024DL0000402,1,1678.79,14,1,1,1,4,7685,51,0,0,6,1,5,1,700700,1000000
2024DL0000403,1,1678.79,33,1,6,1,10,39314,262,6000,4,1,1,1,1,700700,1000000
2024DL0000404,1,1678.79,27,1,6,1,13,41073,273,6000,1,1,1,5,1,700703,1000000
2024DL0000405,1,1678.79,5,2,4,1,9,8677,57,0,0,6,1,5,1,700706,1000000
2024DL0000406,1,1678.79,1,1,1,1,5,2217,14,0,0,6,1,5,1,700700,1000000
2024DL0000407,1,1678.79,39,1,3,1,12,131406,501,7000,1,1,1,1,1,700701,1000000
2024DL0000408,1,1678.79,33,1,4,1,12,76578,501,9000,4,1,1,1,1,700705,1000000
2024DL0000409,1,1678.79,17,2,1,1,12,58232,388,0,0,6,1,5,1,700706,1000000
2024DL0000410,1,1678.79,21,2,8,1,15,23718,158,2000,3,1,1,5,1,700701,1000000
2024DL0000411,1,1678.79,19,1,4,1,10,18001,120,6000,1,1,1,5,1,700707,1000000
2024DL0000412,1,1678.79,37,1,2,1,6,9527,63,9000,1,1,1,1,1,700702,1000000
2024DL0000413,1,1678.79,19,1,4,1,14,14556,97,6000,1,1,1,5,1,700708,1000000
2024DL0000414,1,1678.79,7,2,3,1,2,3822,25,0,0,6,1,5,1,700706,1000000
2024DL0000415,1,1678.79,31,1,6,1,16,141921,501,5000,4,1,1,5,1,700707,1000000
2024DL0000416,1,1678.79,39,1,5,1,5,37055,247,5000,3,1,1,1,1,700706,1000000
2024DL0000417,1,1678.79,18,2,3,1,14,19813,132,1000,3,1,1,5,1,700703,1000000
2024DL0000418,1,1678.79,30,1,1,1,11,67506,450,6000,3,1,1,5,1,700700,1000000
2024DL0000419,1,1678.79,58,2,1,1,16,98326,501,5000,1,1,1,4,1,700703,1000000
2024DL0000420,1,1678.79,14,1,2,1,4,6707,44,0,0,6,1,5,1,700709,1000000
2024DL0000421,1,1678.79,35,2,6,1,13,102098,501,1000,1,1,1,1,1,700701,1000000
2024DL0000422,1,1678.79,17,1,1,1,13,28846,192,0,0,6,1,5,2,700709,1000000
2024DL0000423,1,1678.79,15,2,2,1,12,8601,57,0,0,6,1,5,2,700707,1000000
2024DL0000424,1,1678.79,50,2,2,1,6,20272,135,9000,1,3,1,1,1,700707,1000000
2024DL0000425,1,1678.79,29,1,4,1,13,68571,457,9000,1,1,1,1,1,700701,1000000
2024DL0000426,1,1678.79,21,1,9,1,11,14386,95,9000,6,1,1,5,1,700704,1000000
2024DL0000427,1,1678.79,8,2,2,1,7,15455,103,0,0,6,1,5,1,700701,1000000
2024DL0000428,1,1678.79,20,1,1,1,14,18320,122,9800,1,2,1,5,1,700704,1000000
2024DL0000429,1,1678.79,33,2,2,1,8,60138,400,6000,1,1,1,1,1,700704,1000000
2024DL0000430,1,1678.79,15,1,4,1,10,48521,323,0,0,6,1,5,2,700700,1000000
2024DL0000431,1,1678.79,92,2,1,1,10,17112,114,0,0,6,1,1,1,700708,1000000
2024DL0000432,1,1678.79,77,1,1,1,6,11217,74,0,0,6,1,1,1,700708,1000000
2024DL0000433,1,1678.79,17,1,6,1,18,37213,248,0,0,6,1,5,1,700706,1000000
2024DL0000434,1,1678.79,37,1,1,1,11,30187,201,7000,3,1,1,1,1,700710,1000000
2024DL0000435,1,1678.79,32,1,1,1,15,103513,501,3000,3,1,1,1,2,700707,1000000
2024DL0000436,1,1678.79,75,1,3,1,6,7821,52,0,0,6,1,5,1,700702,1000000
2024DL0000437,1,1678.79,49,1,3,1,6,63214,421,6000,4,1,1,1,1,700703,1000000
2024DL0000438,1,1678.79,11,1,1,1,4,6770,45,0,0,6,1,5,1,700704,1000000
2024DL0000439,1,1678.79,58,1,1,1,6,13927,92,8000,1,1,1,1,1,700703,1000000
2024DL0000440,1,1678.79,26,2,1,1,8,12551,83,9000,3,1,1,1,1,700700,1000000
2024DL0000441,1,1678.79,1,1,3,1,3,15846,105,0,0,6,1,5,1,700704,1000000
2024DL0000442,1,1678.79,9,2,2,1,9,16047,106,0,0,6,1,5,1,700708,1000000
2024DL0000443,1,1678.79,39,2,1,1,13,111220,501,8000,4,1,1,1,1,700702,1000000
2024DL0000444,1,1678.79,37,1,1,1,10,28569,190,6000,6,1,1,1,1,700705,1000000
2024DL0000445,1,1678.79,24,1,3,1,15,66736,444,4000,1,1,1,5,1,700706,1000000
2024DL0000446,1,1678.79,23,1,4,1,18,61603,410,2000,2,1,2,5,1,700700,1000000
2024DL0000447,1,1678.79,41,2,1,1,12,31304,208,6000,4,1,1,1,1,700702,1000000
2024DL0000448,1,1678.79,38,2,1,1,14,51964,346,6000,1,1,1,1,1,700705,1000000
2024DL0000449,1,1678.79,13,1,1,1,6,8111,54,0,0,6,1,5,1,700703,1000000
2024DL0000450,1,1678.79,17,1,5,1,17,60324,402,0,0,6,1,5,1,700706,1000000
2024DL0000451,1,1678.79,16,1,1,1,19,37840,252,0,0,6,1,5,1,700700,1000000
2024DL0000452,1,1678.79,30,1,1,1,15,183662,501,6000,1,1,1,1,2,700705,1000000
2024DL0000453,1,1678.79,44,1,5,1,14,57935,386,5000,1,1,1,1,1,700710,1000000
2024DL0000454,1,1678.79,14,2,9,1,4,4455,29,0,0,6,1,5,1,700708,1000000
2024DL0000455,1,1678.79,20,1,1,1,17,11591,77,4000,1,1,1,5,1,700703,1000000
2024DL0000456,1,1678.79,21,2,3,1,14,6214,41,5000,3,3,1,5,1,700703,1000000
2024DL0000457,1,1678.79,54,2,2,1,11,24516,163,9000,1,1,1,5,1,700701,1000000
2024DL0000458,1,1678.79,60,1,6,1,6,9649,64,8000,3,1,2,1,1,700703,1000000
2024DL0000459,1,1678.79,27,1,8,1,8,18485,123,8000,1,1,1,1,1,700706,1000000
2024DL0000460,1,1678.79,9,2,1,1,7,31343,208,0,0,6,1,5,1,700702,1000000
2024DL0000461,1,1678.79,41,2,1,1,13,44296,295,9000,1,2,1,1,2,700707,1000000
2024DL0000462,1,1678.79,11,1,1,1,1,4476,29,0,0,6,1,5,1,700708,1000000
2024DL0000463,1,1678.79,7,1,5,1,4,11347,75,0,0,6,1,5,1,700708,1000000
2024DL0000464,1,1678.79,35,2,4,1,15,74501,496,4000,2,1,1,1,1,700701,1000000
2024DL0000465,1,1678.79,16,1,1,1,15,44211,294,0,0,6,1,5,1,700704,1000000
2024DL0000466,1,1678.79,44,2,1,1,10,37557,250,5000,4,1,1,1,1,700700,1000000
2024DL0000467,1,1678.79,15,2,5,1,10,12635,84,0,0,6,1,5,1,700707,1000000
2024DL0000468,1,1678.79,22,2,4,1,12,17753,118,7000,3,1,1,1,1,700702,1000000
2024DL0000469,1,1678.79,15,1,5,1,12,26266,175,0,0,6,1,5,1,700706,1000000
2024DL0000470,1,1678.79,17,1,1,1,12,11821,78,0,0,6,1,5,1,700706,1000000
2024DL0000471,1,1678.79,38,2,1,1,8,67151,447,7000,1,1,1,2,1,700705,1000000
2024DL0000472,1,1678.79,39,1,3,1,8,12668,84,9920,6,1,1,1,1,700706,1000000
2024DL0000473,1,1678.79,26,1,6,1,12,139320,501,1000,2,1,1,1,1,700700,1000000
2024DL0000474,1,1678.79,77,2,4,1,7,7291,48,0,0,6,1,2,1,700706,1000000
2024DL0000475,1,1678.79,23,2,5,1,18,54000,360,3000,1,1,2,5,1,700703,1000000
2024DL0000476,1,1678.79,85,1,3,1,12,31081,207,0,0,6,1,1,1,700706,1000000
2024DL0000477,1,1678.79,45,1,2,1,11,38105,254,9000,1,1,1,1,2,700706,1000000
2024DL0000478,1,1678.79,43,1,2,1,15,87955,501,4000,1,1,1,1,1,700705,1000000
2024DL0000479,1,1678.79,43,1,3,1,16,138581,501,3000,1,3,1,1,1,700704,1000000
2024DL0000480,1,1678.79,28,1,1,1,7,8241,54,9920,3,1,1,5,1,700705,1000000
2024DL0000481,1,1678.79,22,2,1,1,13,52325,348,8000,1,1,1,5,1,700700,1000000
2024DL0000482,1,1678.79,53,1,1,1,8,16729,111,6000,3,1,1,2,1,700701,1000000
2024DL0000483,1,1678.79,7,2,1,1,1,9115,60,0,0,6,1,5,1,700700,1000000
2024DL0000484,1,1678.79,49,1,3,1,7,20767,138,6000,4,1,2,1,2,700705,1000000
2024DL0000485,1,1678.79,28,2,1,1,14,24967,166,7000,4,1,2,5,1,700704,1000000
2024DL0000486,1,1678.79,12,1,1,1,1,9985,66,0,0,6,1,5,1,700710,1000000
2024DL0000487,1,1678.79,10,2,6,1,8,6899,45,0,0,6,1,5,1,700701,1000000
2024DL0000488,1,1678.79,14,1,5,1,7,13813,92,0,0,6,1,5,2,700707,1000000
2024DL0000489,1,1678.79,31,1,1,1,11,46142,307,9000,3,3,1,1,1,700706,1000000
2024DL0000490,1,1678.79,54,1,5,1,10,150382,501,1000,1,2,1,2,1,700700,1000000
2024DL0000491,1,1678.79,51,2,1,1,10,26638,177,5000,1,1,1,1,1,700702,1000000
2024DL0000492,1,1678.79,91,2,1,1,7,12640,84,0,0,6,1,1,1,700708,1000000
2024DL0000493,1,1678.79,34,2,1,1,6,11068,73,9800,4,1,1,5,1,700705,1000000
2024DL0000494,1,1678.79,21,2,5,1,17,38532,256,1000,2,1,1,5,1,700703,1000000
2024DL0000495,1,1678.79,58,1,4,1,14,41236,274,4000,2,5,1,2,1,700709,1000000
2024DL0000496,1,1678.79,6,1,1,1,1,8342,55,0,0,6,1,5,1,700708,1000000
2024DL0000497,1,1678.79,28,2,3,1,13,19782,131,7000,1,1,1,5,1,700703,1000000
2024DL0000498,1,1678.79,39,2,6,1,9,65303,435,9000,4,1,1,1,1,700700,1000000
2024DL0000499,1,1678.79,7,2,5,1,6,7332,48,0,0,6,1,5,1,700704,1000000
2024DL0000500,1,1678.79,59,1,3,1,15,70634,470,4000,1,5,1,1,2,700702,1000000
2024DL0000501,1,1678.79,35,2,1,1,18,126985,501,5000,1,2,1,1,1,700700,1000000
2024DL0000502,1,1678.79,18,1,1,1,11,10470,69,3000,1,1,1,5,2,700701,1000000
2024DL0000503,1,1678.79,19,2,4,1,20,48755,325,1000,2,1,1,5,1,700705,1000000
2024DL0000504,1,1678.79,11,2,6,1,3,13766,91,0,0,6,1,5,1,700701,1000000
2024DL0000505,1,1678.79,47,1,1,1,10,60692,404,3000,3,3,1,1,1,700700,1000000
2024DL0000506,1,1678.79,4,1,1,1,1,6684,44,0,0,6,1,5,1,700710,1000000
2024DL0000507,1,1678.79,98,1,1,1,9,21032,140,0,0,6,1,1,1,700700,1000000
2024DL0000508,1,1678.79,19,1,4,1,14,24513,163,5000,6,2,1,5,1,700703,1000000
2024DL0000509,1,1678.79,5,1,2,1,6,8803,58,0,0,6,1,5,1,700702,1000000
2024DL0000510,1,1678.79,6,2,6,1,4,8627,57,0,0,6,1,5,1,700709,1000000
2024DL0000511,1,1678.79,22,1,4,1,15,58191,387,5000,3,1,1,5,1,700702,1000000
2024DL0000512,1,1678.79,38,2,1,1,5,21678,144,9800,4,1,1,1,1,700707,1000000
2024DL0000513,1,1678.79,26,2,6,1,14,29594,197,7000,1,1,1,5,1,700706,1000000
2024DL0000514,1,1678.79,56,2,1,1,13,109417,501,6000,6,2,1,1,1,700708,1000000
2024DL0000515,1,1678.79,8,1,1,1,5,3269,21,0,0,6,1,5,1,700707,1000000
2024DL0000516,1,1678.79,17,1,2,1,14,15707,104,0,0,6,1,5,1,700709,1000000
2024DL0000517,1,1678.79,40,1,8,1,10,81716,501,7000,6,1,1,1,1,700707,1000000
2024DL0000518,1,1678.79,41,2,5,1,10,42764,285,7000,4,5,1,1,1,700708,1000000
2024DL0000519,1,1678.79,28,2,1,1,5,63739,424,8000,3,1,1,5,2,700700,1000000
2024DL0000520,1,1678.79,3,2,5,1,1,8960,59,0,0,6,1,5,1,700702,1000000
2024DL0000521,1,1678.79,53,1,6,1,17,30493,203,4000,3,1,1,2,1,700710,1000000
2024DL0000522,1,1678.79,51,2,9,1,8,30339,202,8000,6,1,1,5,1,700702,1000000
2024DL0000523,1,1678.79,16,2,4,1,15,36177,241,0,0,6,1,5,1,700708,1000000
2024DL0000524,1,1678.79,19,1,1,1,12,14010,93,4000,1,1,1,5,1,700700,1000000
2024DL0000525,1,1678.79,5,1,4,1,3,14686,97,0,0,6,2,5,1,700707,1000000
2024DL0000526,1,1678.79,61,1,1,1,5,82054,501,9800,1,1,1,1,1,700709,1000000
2024DL0000527,1,1678.79,32,1,5,1,17,108657,501,2000,1,1,1,5,1,700700,1000000
2024DL0000528,1,1678.79,88,1,5,1,7,19209,128,0,0,6,1,1,1,700702,1000000
2024DL0000529,1,1678.79,33,2,6,1,8,15239,101,9000,6,1,1,1,1,700709,1000000
2024DL0000530,1,1678.79,3,1,4,1,1,8217,54,0,0,6,1,5,1,700701,1000000
2024DL0000531,1,1678.79,16,1,6,1,13,8393,55,0,0,6,1,5,2,700706,1000000
2024DL0000532,1,1678.79,29,1,5,1,6,26200,174,9800,1,4,1,5,1,700708,1000000
2024DL0000533,1,1678.79,46,2,4,1,14,86313,501,5000,1,1,1,5,1,700704,1000000
2024DL0000534,1,1678.79,31,2,1,1,6,27985,186,6000,1,5,1,1,1,700701,1000000
2024DL0000535,1,1678.79,45,1,1,1,18,111269,501,4000,2,1,1,5,1,700702,1000000
2024DL0000536,1,1678.79,4,2,1,1,2,1468,9,0,0,6,1,5,2,700708,1000000
2024DL0000537,1,1678.79,2,1,1,1,4,7719,51,0,0,6,1,5,2,700706,1000000
2024DL0000538,1,1678.79,71,2,3,1,7,10722,71,0,0,6,1,2,1,700707,1000000
2024DL0000539,1,1678.79,77,1,1,1,7,5037,33,0,0,6,1,1,2,700701,1000000
2024DL0000540,1,1678.79,37,2,4,1,11,46549,310,6000,1,1,1,2,1,700704,1000000
2024DL0000541,1,1678.79,5,2,1,1,2,9887,65,0,0,6,1,5,2,700701,1000000
2024DL0000542,1,1678.79,31,2,5,1,16,41178,274,2000,3,1,1,5,1,700709,1000000
2024DL0000543,1,1678.79,28,1,2,1,7,23377,155,5000,1,1,1,5,1,700702,1000000
2024DL0000544,1,1678.79,25,1,1,1,11,23660,157,9000,4,1,1,1,1,700710,1000000
2024DL0000545,1,1678.79,61,2,1,1,5,11268,75,6000,1,1,1,5,1,700700,1000000
2024DL0000546,1,1678.79,10,1,1,1,4,12638,84,0,0,6,1,5,1,700702,1000000
2024DL0000547,1,1678.79,14,2,2,1,8,5536,36,0,0,6,1,5,1,700701,1000000
2024DL0000548,1,1678.79,25,1,2,1,15,99871,501,5000,1,1,1,1,1,700706,1000000
2024DL0000549,1,1678.79,4,2,3,1,8,10956,73,0,0,6,1,5,1,700703,1000000
2024DL0000550,1,1678.79,44,1,1,1,5,8222,54,9920,1,1,1,1,1,700710,1000000
2024DL0000551,1,1678.79,8,2,1,1,8,8548,56,0,0,6,1,5,1,700701,1000000
2024DL0000552,1,1678.79,91,1,3,1,5,7477,49,0,0,6,1,1,1,700702,1000000
2024DL0000553,1,1678.79,14,2,6,1,9,5679,37,0,0,6,1,5,1,700707,1000000
2024DL0000554,1,1678.79,42,1,4,1,5,30713,204,6000,1,1,1,1,1,700704,1000000
2024DL0000555,1,1678.79,9,1,1,1,3,4023,26,0,0,6,1,5,1,700704,1000000
2024DL0000556,1,1678.79,0,2,3,1,3,17118,114,0,0,6,1,5,1,700705,1000000
2024DL0000557,1,1678.79,16,1,6,1,14,21705,144,0,0,6,1,5,1,700706,1000000
2024DL0000558,1,1678.79,50,1,1,1,9,23046,153,6000,1,1,1,1,1,700703,1000000
2024DL0000559,1,1678.79,25,1,6,1,8,7718,51,8000,1,1,1,5,1,700703,1000000
2024DL0000560,1,1678.79,34,1,4,1,7,56519,376,9800,3,1,5,5,2,700706,1000000
2024DL0000561,1,1678.79,58,1,7,1,13,22633,150,5000,1,1,1,1,1,700710,1000000
2024DL0000562,1,1678.79,30,1,1,1,13,31020,206,4000,1,1,1,1,2,700708,1000000
2024DL0000563,1,1678.79,2,2,6,1,5,4404,29,0,0,6,1,5,1,700708,1000000
2024DL0000564,1,1678.79,89,1,4,1,9,46543,310,0,0,6,1,1,1,700703,1000000
2024DL0000565,1,1678.79,29,1,1,1,5,8198,54,9920,3,1,1,1,1,700700,1000000
2024DL0000566,1,1678.79,71,2,1,1,6,6660,44,0,0,6,1,2,1,700707,1000000
2024DL0000567,1,1678.79,20,1,4,1,17,100134,501,4000,1,1,5,1,1,700708,1000000
2024DL0000568,1,1678.79,31,1,4,1,13,47247,314,7000,3,5,1,5,1,700701,1000000
2024DL0000569,1,1678.79,51,1,1,1,14,14234,94,6000,3,1,1,1,1,700708,1000000
2024DL0000570,1,1678.79,4,1,6,1,1,3906,26,0,0,6,1,5,1,700705,1000000
2024DL0000571,1,1678.79,28,2,2,1,5,8455,56,5000,4,1,1,1,1,700710,1000000
2024DL0000572,1,1678.79,70,1,5,1,8,11547,76,5000,1,1,1,4,1,700709,1000000
2024DL0000573,1,1678.79,11,1,3,1,4,4827,32,0,0,6,1,5,1,700705,1000000
2024DL0000574,1,1678.79,9,1,1,1,3,6047,40,0,0,6,1,5,1,700704,1000000
2024DL0000575,1,1678.79,56,2,3,1,17,146692,501,5000,1,2,1,1,1,700703,1000000
2024DL0000576,1,1678.79,47,2,2,1,14,77254,501,6000,1,1,2,5,1,700705,1000000
2024DL0000577,1,1678.79,16,2,1,1,13,3558,23,0,0,6,1,5,1,700701,1000000
2024DL0000578,1,1678.79,44,2,9,1,12,36358,242,7000,6,1,1,1,2,700710,1000000
2024DL0000579,1,1678.79,70,2,1,1,8,3884,25,7000,6,1,1,1,1,700708,1000000
2024DL0000580,1,1678.79,100,1,1,1,10,39466,263,0,0,6,1,1,1,700706,1000000
2024DL0000581,1,1678.79,52,2,6,1,9,52752,351,3000,1,2,1,2,1,700708,1000000
2024DL0000582,1,1678.79,20,1,1,1,18,101055,501,1000,2,1,1,5,1,700700,1000000
2024DL0000583,1,1678.79,15,2,2,1,18,50380,335,0,0,6,1,5,1,700701,1000000
2024DL0000584,1,1678.79,15,1,2,1,15,37537,250,0,0,6,1,5,1,700708,1000000
2024DL0000585,1,1678.79,27,1,6,1,18,56615,377,2000,2,1,1,1,1,700710,1000000
2024DL0000586,1,1678.79,16,1,1,1,20,156316,501,0,0,6,2,5,1,700703,1000000
2024DL0000587,1,1678.79,21,2,2,1,12,2746,18,2000,1,1,1,5,1,700709,1000000
2024DL0000588,1,1678.79,37,1,1,1,10,53111,354,7000,3,1,1,5,2,700709,1000000
2024DL0000589,1,1678.79,13,2,1,1,3,11158,74,0,0,6,1,5,1,700708,1000000
2024DL0000590,1,1678.79,16,2,5,1,16,45013,300,0,0,6,1,5,1,700708,1000000
2024DL0000591,1,1678.79,32,1,1,1,5,75058,500,9920,3,1,1,5,2,700708,1000000
2024DL0000592,1,1678.79,39,1,5,1,13,114256,501,6000,1,1,1,1,1,700700,1000000
2024DL0000593,1,1678.79,20,1,1,1,14,7924,52,7000,1,3,1,1,2,700709,1000000
2024DL0000594,1,1678.79,8,1,1,1,7,9676,64,0,0,6,1,5,1,700701,1000000
2024DL0000595,1,1678.79,51,1,5,1,5,99725,501,9000,6,1,1,2,1,700707,1000000
2024DL0000596,1,1678.79,29,1,3,1,7,20457,136,9800,1,1,1,1,1,700704,1000000
2024DL0000597,1,1678.79,72,1,1,1,8,13760,91,0,0,6,1,1,1,700703,1000000
2024DL0000598,1,1678.79,30,1,3,1,11,26998,179,6000,1,1,1,5,1,700708,1000000
2024DL0000599,1,1678.79,21,1,3,1,16,32716,218,4000,1,2,1,5,1,700702,1000000
2024DL0000600,1,1678.79,32,2,1,1,12,45148,300,9800,1,1,1,5,1,700704,1000000
2024DL0000601,1,1678.79,2,1,3,1,4,8150,54,0,0,6,1,5,1,700710,1000000
2024DL0000602,1,1678.79,42,2,2,1,12,15549,103,8000,1,1,2,1,1,700705,1000000
2024DL0000603,1,1678.79,14,2,1,1,4,61705,411,0,0,6,5,5,1,700707,1000000
2024DL0000604,1,1678.79,22,2,1,1,13,37182,247,6000,6,1,1,5,1,700700,1000000
2024DL0000605,1,1678.79,15,2,4,1,12,9581,63,0,0,6,1,5,1,700702,1000000
2024DL0000606,1,1678.79,4,2,2,1,2,5778,38,0,0,6,1,5,1,700700,1000000
2024DL0000607,1,1678.79,5,2,1,1,2,12364,82,0,0,6,1,5,1,700701,1000000
2024DL0000608,1,1678.79,58,1,1,1,13,37656,251,5000,4,1,1,1,1,700708,1000000
2024DL0000609,1,1678.79,35,2,1,1,6,50218,334,9920,1,1,1,1,1,700702,1000000
2024DL0000610,1,1678.79,21,2,6,1,14,30755,205,7000,1,1,1,5,1,700710,1000000
2024DL0000611,1,1678.79,28,1,4,1,15,69133,460,3000,1,1,1,5,1,700701,1000000
2024DL0000612,1,1678.79,42,2,1,1,12,89114,501,8000,6,1,1,1,1,700707,1000000
2024DL0000613,1,1678.79,37,1,1,1,11,69939,466,1000,2,1,1,1,1,700709,1000000
2024DL0000614,1,1678.79,0,1,2,1,6,4933,32,0,0,6,1,5,2,700704,1000000
2024DL0000615,1,1678.79,26,1,6,1,7,6283,41,6000,1,1,1,5,1,700704,1000000
2024DL0000616,1,1678.79,0,1,2,1,8,3611,24,0,0,6,1,5,1,700709,1000000
2024DL0000617,1,1678.79,18,2,4,1,13,12971,86,9000,1,1,1,5,1,700707,1000000
2024DL0000618,1,1678.79,0,2,3,1,6,2488,16,0,0,6,1,5,1,700706,1000000
2024DL0000619,1,1678.79,52,1,3,1,8,6100,40,6000,4,1,1,1,1,700702,1000000
2024DL0000620,1,1678.79,31,2,1,1,10,26373,175,2000,1,1,1,5,2,700708,1000000
2024DL0000621,1,1678.79,53,2,4,1,6,11113,74,9920,3,1,1,1,1,700707,1000000
2024DL0000622,1,1678.79,32,1,5,1,11,54170,361,6000,1,1,1,5,1,700709,1000000
2024DL0000623,1,1678.79,41,1,5,1,7,7309,48,9800,1,1,1,1,2,700703,1000000
2024DL0000624,1,1678.79,16,1,5,1,12,4858,32,0,0,6,1,5,1,700703,1000000
2024DL0000625,1,1678.79,38,2,3,1,9,30297,201,9000,1,1,2,1,1,700706,1000000
2024DL0000626,1,1678.79,43,1,6,1,8,78338,501,9000,1,1,1,1,1,700706,1000000
2024DL0000627,1,1678.79,56,2,1,1,11,32890,219,5000,6,5,1,1,1,700701,1000000
2024DL0000628,1,1678.79,45,2,5,1,17,81178,501,4000,3,1,1,1,1,700702,1000000
2024DL0000629,1,1678.79,56,1,1,1,8,37432,249,6000,1,1,1,1,1,700708,1000000
2024DL0000630,1,1678.79,9,2,1,1,2,23428,156,0,0,6,1,5,1,700700,1000000
2024DL0000631,1,1678.79,15,2,2,1,17,27074,180,0,0,6,1,5,1,700705,1000000
2024DL0000632,1,1678.79,22,1,1,1,12,22705,151,1000,2,1,1,5,1,700709,1000000
2024DL0000633,1,1678.79,29,2,6,1,7,3671,24,5000,4,1,1,5,1,700707,1000000
2024DL0000634,1,1678.79,1,1,6,1,4,3212,21,0,0,6,1,5,1,700702,1000000
2024DL0000635,1,1678.79,40,2,2,1,7,31238,208,8000,1,1,1,5,1,700709,1000000
2024DL0000636,1,1678.79,3,1,6,1,1,15839,105,0,0,6,1,5,1,700700,1000000
2024DL0000637,1,1678.79,4,2,1,1,4,7229,48,0,0,6,1,5,2,700705,1000000
2024DL0000638,1,1678.79,14,2,8,1,3,12606,84,0,0,6,1,5,1,700707,1000000
2024DL0000639,1,1678.79,20,2,1,1,15,27768,185,5000,1,3,1,5,1,700710,1000000
2024DL0000640,1,1678.79,49,1,1,1,11,58086,387,2000,1,2,1,1,1,700702,1000000
2024DL0000641,1,1678.79,15,2,1,1,15,66484,443,0,0,6,1,5,2,700702,1000000
2024DL0000642,1,1678.79,35,1,1,1,9,85426,501,2000,3,1,1,5,1,700706,1000000
2024DL0000643,1,1678.79,25,1,5,1,15,66830,445,6000,1,1,1,5,1,700700,1000000
2024DL0000644,1,1678.79,24,1,2,1,12,69776,465,6000,1,1,1,5,2,700702,1000000
2024DL0000645,1,1678.79,36,1,6,1,11,39086,260,5000,4,1,1,3,1,700702,1000000
2024DL0000646,1,1678.79,4,1,1,1,4,7277,48,0,0,6,1,5,1,700705,1000000
2024DL0000647,1,1678.79,34,1,2,1,6,33701,224,5000,6,4,1,5,2,700702,1000000
2024DL0000648,1,1678.79,26,1,1,1,14,33025,220,9000,1,1,1,5,2,700707,1000000
2024DL0000649,1,1678.79,12,2,1,1,4,15964,106,0,0,6,1,5,1,700703,1000000
2024DL0000650,1,1678.79,2,2,2,1,4,5453,36,0,0,6,1,5,1,700700,1000000
2024DL0000651,1,1678.79,56,2,4,1,9,100232,501,5000,6,1,1,1,1,700703,1000000
2024DL0000652,1,1678.79,58,1,6,1,15,83438,501,4000,2,1,1,1,1,700700,1000000
2024DL0000653,1,1678.79,29,1,3,1,15,54156,361,3000,2,1,1,1,1,700704,1000000
2024DL0000654,1,1678.79,4,1,1,1,2,26014,173,0,0,6,1,5,1,700700,1000000
2024DL0000655,1,1678.79,5,2,6,1,3,13274,88,0,0,6,1,5,1,700707,1000000
2024DL0000656,1,1678.79,10,2,3,1,3,4098,27,0,0,6,1,5,1,700706,1000000
2024DL0000657,1,1678.79,5,1,2,1,6,11481,76,0,0,6,1,5,1,700710,1000000
2024DL0000658,1,1678.79,45,2,1,1,9,103933,501,9000,4,1,1,1,1,700707,1000000
2024DL0000659,1,1678.79,65,2,2,1,6,20274,135,9800,6,1,1,1,1,700700,1000000
2024DL0000660,1,1678.79,53,2,2,1,12,26672,177,6000,4,5,1,1,1,700702,1000000
2024DL0000661,1,1678.79,1,2,5,1,3,7949,52,0,0,6,1,5,1,700707,1000000
2024DL0000662,1,1678.79,2,1,3,1,6,3598,23,0,0,6,1,5,1,700702,1000000
2024DL0000663,1,1678.79,9,2,3,1,6,10809,72,0,0,6,1,5,2,700709,1000000
2024DL0000664,1,1678.79,69,1,1,1,6,17819,118,6000,1,1,1,1,1,700700,1000000
2024DL0000665,1,1678.79,16,2,1,1,19,34488,229,0,0,6,1,5,1,700702,1000000
2024DL0000666,1,1678.79,97,2,1,1,5,12260,81,0,0,6,1,1,1,700704,1000000
2024DL0000667,1,1678.79,18,1,2,1,14,27489,183,7000,3,5,1,5,1,700704,1000000
2024DL0000668,1,1678.79,17,1,1,1,20,85399,501,0,0,6,1,5,1,700701,1000000
2024DL0000669,1,1678.79,14,2,1,1,1,8792,58,0,0,6,1,5,1,700703,1000000
2024DL0000670,1,1678.79,57,1,3,1,6,8411,56,9920,1,1,1,1,1,700701,1000000
2024DL0000671,1,1678.79,36,2,2,1,12,38854,259,9000,6,1,1,2,1,700700,1000000
2024DL0000672,1,1678.79,13,1,3,1,8,15737,104,0,0,6,1,5,1,700700,1000000
2024DL0000673,1,1678.79,59,2,6,1,9,15435,102,2000,2,1,1,2,2,700700,1000000
2024DL0000674,1,1678.79,32,1,4,1,10,114234,501,6000,1,1,1,5,1,700704,1000000
2024DL0000675,1,1678.79,1,2,1,1,4,12894,85,0,0,6,1,5,2,700704,1000000
2024DL0000676,1,1678.79,0,1,4,1,6,15947,106,0,0,6,1,5,1,700703,1000000
2024DL0000677,1,1678.79,7,2,8,1,5,2592,17,0,0,6,1,5,1,700710,1000000
2024DL0000678,1,1678.79,38,1,1,1,7,8836,58,7000,1,1,1,1,1,700710,1000000
2024DL0000679,1,1678.79,33,2,6,1,12,24164,161,1000,3,1,2,5,1,700701,1000000
2024DL0000680,1,1678.79,0,2,1,1,3,1795,11,0,0,6,1,5,2,700710,1000000
2024DL0000681,1,1678.79,8,1,4,1,4,15078,100,0,0,6,1,5,1,700707,1000000
2024DL0000682,1,1678.79,56,2,6,1,11,74111,494,6000,4,2,1,5,1,700703,1000000
2024DL0000683,1,1678.79,53,1,1,1,12,50047,333,9000,1,3,1,1,1,700707,1000000
2024DL0000684,1,1678.79,20,1,2,1,11,12808,85,2000,1,1,1,5,1,700708,1000000
2024DL0000685,1,1678.79,28,2,4,1,13,36655,244,4000,2,5,1,5,1,700701,1000000
2024DL0000686,1,1678.79,23,1,2,1,17,96090,501,4000,2,1,1,5,1,700700,1000000
2024DL0000687,1,1678.79,24,1,2,1,10,133469,501,6000,1,1,1,5,1,700703,1000000
2024DL0000688,1,1678.79,13,1,1,1,7,17624,117,0,0,6,1,5,1,700708,1000000
2024DL0000689,1,1678.79,36,2,2,1,8,23607,157,7000,1,2,1,1,1,700710,1000000
2024DL0000690,1,1678.79,6,2,3,1,3,3874,25,0,0,6,1,5,2,700705,1000000
2024DL0000691,1,1678.79,2,2,1,1,6,6742,44,0,0,6,1,5,1,700706,1000000
2024DL0000692,1,1678.79,40,1,5,1,13,69165,461,7000,1,1,1,5,1,700710,1000000
2024DL0000693,1,1678.79,30,1,3,1,7,21862,145,5000,3,1,1,5,2,700704,1000000
2024DL0000694,1,1678.79,28,1,3,1,16,48262,321,4000,1,1,1,1,1,700710,1000000
2024DL0000695,1,1678.79,25,2,1,1,9,39674,264,7000,1,1,1,5,1,700704,1000000
2024DL0000696,1,1678.79,6,1,4,1,2,3884,25,0,0,6,1,5,1,700702,1000000
2024DL0000697,1,1678.79,49,2,1,1,7,14850,99,9920,3,1,1,5,1,700710,1000000
2024DL0000698,1,1678.79,50,1,6,1,15,89151,501,2000,1,1,1,1,1,700710,1000000
2024DL0000699,1,1678.79,34,1,4,1,19,122520,501,2000,2,2,1,1,1,700705,1000000
2024DL0000700,1,1678.79,20,1,5,1,12,19575,130,7000,3,2,1,5,1,700707,1000000
2024DL0000701,1,1678.79,4,2,4,1,6,8616,57,0,0,6,1,5,1,700702,1000000
2024DL0000702,1,1678.79,30,2,4,1,15,52144,347,4000,1,1,1,5,1,700706,1000000
2024DL0000703,1,1678.79,53,1,5,1,12,135418,501,7000,1,1,1,5,1,700706,1000000
2024DL0000704,1,1678.79,45,1,3,1,9,26319,175,7000,1,1,1,1,1,700705,1000000
2024DL0000705,1,1678.79,31,2,1,1,13,84397,501,5000,3,1,1,1,1,700703,1000000
2024DL0000706,1,1678.79,32,2,1,1,15,78140,501,6000,3,2,1,5,1,700705,1000000
2024DL0000707,1,1678.79,63,1,1,1,6,7796,51,9920,3,1,1,1,1,700702,1000000
2024DL0000708,1,1678.79,28,1,8,1,14,20945,139,5000,1,5,1,5,1,700700,1000000
2024DL0000709,1,1678.79,0,2,1,1,3,4398,29,0,0,6,1,5,1,700709,1000000
2024DL0000710,1,1678.79,21,2,1,1,16,54396,362,5000,4,1,1,5,1,700701,1000000
2024DL0000711,1,1678.79,72,1,1,1,7,4531,30,0,0,6,1,2,1,700707,1000000
2024DL0000712,1,1678.79,13,1,3,1,2,3021,20,0,0,6,1,5,1,700706,1000000
2024DL0000713,1,1678.79,42,1,4,1,7,11150,74,9800,6,1,1,1,1,700710,1000000
2024DL0000714,1,1678.79,13,1,1,1,5,4657,31,0,0,6,1,5,1,700700,1000000
2024DL0000715,1,1678.79,4,2,1,1,4,9448,62,0,0,6,1,5,1,700701,1000000
2024DL0000716,1,1678.79,54,2,5,1,9,90188,501,7000,4,1,1,5,1,700703,1000000
2024DL0000717,1,1678.79,57,1,1,1,9,28642,190,2000,1,2,1,4,1,700707,1000000
2024DL0000718,1,1678.79,55,2,1,1,11,27050,180,8000,1,1,1,1,1,700703,1000000
2024DL0000719,1,1678.79,4,2,1,1,5,5751,38,0,0,6,1,5,1,700703,1000000
2024DL0000720,1,1678.79,33,2,6,1,7,21261,141,5000,1,3,1,1,1,700705,1000000
2024DL0000721,1,1678.79,45,1,1,1,10,148570,501,9000,1,5,1,1,1,700705,1000000
2024DL0000722,1,1678.79,20,2,3,1,18,34302,228,3000,1,4,1,5,1,700708,1000000
2024DL0000723,1,1678.79,43,2,3,1,6,15676,104,6000,1,1,1,1,2,700706,1000000
2024DL0000724,1,1678.79,5,1,3,1,2,4799,31,0,0,6,1,5,2,700710,1000000
2024DL0000725,1,1678.79,15,2,6,1,19,120328,501,0,0,6,2,5,1,700708,1000000
2024DL0000726,1,1678.79,18,2,2,1,16,28060,187,4000,1,1,1,5,1,700705,1000000
2024DL0000727,1,1678.79,43,2,9,1,16,75094,500,3000,1,1,1,5,1,700703,1000000
2024DL0000728,1,1678.79,43,2,1,1,10,30501,203,3000,3,1,1,1,1,700710,1000000
2024DL0000729,1,1678.79,50,2,3,1,6,11854,79,9000,6,1,1,1,1,700700,1000000
2024DL0000730,1,1678.79,39,1,1,1,13,23801,158,7000,1,3,5,1,1,700702,1000000
2024DL0000731,1,1678.79,16,1,5,1,18,35462,236,0,0,6,1,5,1,700703,1000000
2024DL0000732,1,1678.79,28,1,1,1,15,208447,501,1000,1,1,1,5,2,700704,1000000
2024DL0000733,1,1678.79,2,1,1,1,7,12730,84,0,0,6,1,5,1,700706,1000000
2024DL0000734,1,1678.79,25,1,1,1,7,9689,64,6000,3,1,1,1,1,700703,1000000
2024DL0000735,1,1678.79,28,2,5,1,7,22163,147,9920,4,2,1,1,2,700705,1000000
2024DL0000736,1,1678.79,3,1,2,1,4,19575,130,0,0,6,2,5,1,700709,1000000
2024DL0000737,1,1678.79,31,1,3,1,8,7110,47,7000,3,1,1,1,1,700701,1000000
2024DL0000738,1,1678.79,51,2,1,1,8,20813,138,5000,6,1,1,5,1,700703,1000000
2024DL0000739,1,1678.79,8,2,3,1,3,11563,77,0,0,6,1,5,1,700708,1000000
2024DL0000740,1,1678.79,9,2,1,1,3,16473,109,0,0,6,1,5,1,700709,1000000
2024DL0000741,1,1678.79,18,1,2,1,13,9724,64,6000,6,1,1,5,1,700710,1000000
2024DL0000742,1,1678.79,18,2,1,1,10,16499,109,6000,4,1,1,5,1,700709,1000000
2024DL0000743,1,1678.79,41,2,3,1,10,72863,485,1000,1,1,1,1,1,700706,1000000
2024DL0000744,1,1678.79,29,1,1,1,9,51822,345,6000,4,1,1,1,1,700706,1000000
2024DL0000745,1,1678.79,24,2,2,1,20,101139,501,4000,1,1,1,5,1,700708,1000000
2024DL0000746,1,1678.79,34,2,6,1,16,52274,348,6000,4,2,1,5,1,700703,1000000
2024DL0000747,1,1678.79,6,1,1,1,6,3403,22,0,0,6,1,5,1,700710,1000000
2024DL0000748,1,1678.79,9,2,5,1,6,15995,106,0,0,6,1,5,1,700703,1000000
2024DL0000749,1,1678.79,89,1,2,1,5,3991,26,0,0,6,1,2,1,700702,1000000
2024DL0000750,1,1678.79,28,2,4,1,10,20913,139,7000,3,1,1,1,1,700709,1000000
2024DL0000751,1,1678.79,36,2,2,1,10,37158,247,6000,1,3,1,1,1,700710,1000000
2024DL0000752,1,1678.79,8,2,1,1,1,8198,54,0,0,6,1,5,1,700704,1000000
2024DL0000753,1,1678.79,27,1,1,1,9,45011,300,8000,1,1,2,1,1,700702,1000000
2024DL0000754,1,1678.79,6,2,5,1,5,10120,67,0,0,6,1,5,1,700709,1000000
2024DL0000755,1,1678.79,15,1,1,1,13,19447,129,0,0,6,1,5,1,700709,1000000
2024DL0000756,1,1678.79,1,1,2,1,6,3103,20,0,0,6,1,5,1,700708,1000000
2024DL0000757,1,1678.79,8,1,1,1,6,4530,30,0,0,6,1,5,1,700706,1000000
2024DL0000758,1,1678.79,49,2,1,1,10,20885,139,6000,1,1,1,1,2,700703,1000000
2024DL0000759,1,1678.79,12,2,1,1,8,5035,33,0,0,6,1,5,1,700706,1000000
2024DL0000760,1,1678.79,3,2,5,1,6,9744,64,0,0,6,1,5,1,700708,1000000
2024DL0000761,1,1678.79,75,2,4,1,6,11953,79,0,0,6,1,1,1,700709,1000000
2024DL0000762,1,1678.79,13,2,1,1,1,6927,46,0,0,6,1,5,1,700704,1000000
2024DL0000763,1,1678.79,54,2,5,1,6,15243,101,6000,1,5,1,1,1,700708,1000000
2024DL0000764,1,1678.79,3,2,3,1,4,9970,66,0,0,6,1,5,1,700710,1000000
2024DL0000765,1,1678.79,11,2,5,1,8,2824,18,0,0,6,1,5,1,700710,1000000
2024DL0000766,1,1678.79,44,2,4,1,14,66589,443,5000,6,1,2,1,1,700702,1000000
2024DL0000767,1,1678.79,59,2,4,1,17,69690,464,5000,1,1,1,5,1,700705,1000000
2024DL0000768,1,1678.79,38,1,1,1,6,26266,175,6000,3,1,1,2,1,700700,1000000
2024DL0000769,1,1678.79,26,1,3,1,15,93514,501,5000,4,1,1,5,1,700705,1000000
2024DL0000770,1,1678.79,58,2,5,1,9,19792,131,5000,1,2,1,1,1,700701,1000000
2024DL0000771,1,1678.79,51,2,5,1,8,17964,119,9000,3,1,1,1,1,700705,1000000
2024DL0000772,1,1678.79,54,2,6,1,10,59511,396,9000,6,1,1,2,1,700700,1000000
2024DL0000773,1,1678.79,14,1,2,1,5,5463,36,0,0,6,1,5,2,700701,1000000
2024DL0000774,1,1678.79,12,2,8,1,3,4362,29,0,0,6,1,5,1,700710,1000000
2024DL0000775,1,1678.79,38,2,3,1,12,26717,178,7000,3,1,1,1,1,700700,1000000
2024DL0000776,1,1678.79,35,2,5,1,14,27810,185,1000,1,1,1,1,1,700708,1000000
2024DL0000777,1,1678.79,69,1,1,1,5,31872,212,5000,1,1,1,1,1,700705,1000000
2024DL0000778,1,1678.79,35,1,1,1,10,24008,160,1000,2,1,1,1,1,700708,1000000
2024DL0000779,1,1678.79,5,1,2,1,6,2080,13,0,0,6,1,5,1,700705,1000000
2024DL0000780,1,1678.79,24,1,2,1,14,30319,202,5000,3,1,1,1,1,700704,1000000
2024DL0000781,1,1678.79,24,2,4,1,18,83263,501,5000,1,1,1,5,1,700700,1000000
2024DL0000782,1,1678.79,44,1,1,1,20,237000,501,4000,1,1,1,5,1,700705,1000000
2024DL0000783,1,1678.79,40,2,1,1,20,75244,501,4000,1,1,1,1,1,700704,1000000
2024DL0000784,1,1678.79,9,1,3,1,3,12637,84,0,0,6,1,5,1,700710,1000000
2024DL0000785,1,1678.79,33,1,3,1,11,16608,110,1000,2,5,1,5,1,700710,1000000
2024DL0000786,1,1678.79,58,1,5,1,5,4140,27,6000,1,1,1,1,1,700709,1000000
2024DL0000787,1,1678.79,40,1,1,1,6,25683,171,6000,4,3,1,5,1,700709,1000000
2024DL0000788,1,1678.79,4,1,1,1,1,2084,13,0,0,6,1,5,1,700707,1000000
2024DL0000789,1,1678.79,16,2,2,1,16,32948,219,0,0,6,1,5,1,700707,1000000
2024DL0000790,1,1678.79,56,2,1,1,7,138545,501,7000,3,1,1,1,1,700709,1000000
2024DL0000791,1,1678.79,38,2,8,1,9,90143,501,9800,1,1,1,1,2,700709,1000000
2024DL0000792,1,1678.79,15,2,6,1,19,81643,501,0,0,6,2,5,1,700703,1000000
2024DL0000793,1,1678.79,37,2,1,1,13,75713,501,6000,4,1,1,1,1,700705,1000000
2024DL0000794,1,1678.79,21,1,4,1,12,13346,88,9800,1,1,1,5,1,700709,1000000
2024DL0000795,1,1678.79,10,2,3,1,2,10738,71,0,0,6,1,5,1,700700,1000000
2024DL0000796,1,1678.79,61,1,1,1,5,19721,131,5000,1,1,1,5,1,700710,1000000
2024DL0000797,1,1678.79,49,2,1,1,12,131991,501,6000,1,1,1,1,1,700700,1000000
2024DL0000798,1,1678.79,31,2,2,1,10,44025,293,1000,1,1,1,1,1,700704,1000000
2024DL0000799,1,1678.79,51,1,8,1,12,86523,501,4000,1,3,1,5,1,700709,1000000
2024DL0000800,1,1678.79,31,1,1,1,19,233668,501,3000,2,2,2,1,1,700703,1000000
2024DL0000801,1,1678.79,11,2,1,1,7,4507,30,0,0,6,1,5,1,700700,1000000
2024DL0000802,1,1678.79,37,2,1,1,7,7760,51,5000,1,4,1,1,1,700707,1000000
2024DL0000803,1,1678.79,14,2,3,1,7,13770,91,0,0,6,1,5,1,700700,1000000
2024DL0000804,1,1678.79,23,1,4,1,10,28246,188,5000,1,5,5,1,1,700704,1000000
2024DL0000805,1,1678.79,14,1,1,1,1,6903,46,0,0,6,2,5,2,700703,1000000
2024DL0000806,1,1678.79,51,1,4,1,5,16307,108,9800,1,1,1,5,1,700705,1000000
2024DL0000807,1,1678.79,5,1,1,1,8,28079,187,0,0,6,1,5,2,700707,1000000
2024DL0000808,1,1678.79,38,1,6,1,9,107921,501,7000,4,1,1,1,1,700702,1000000
2024DL0000809,1,1678.79,48,1,5,1,13,19815,132,8000,1,1,1,1,1,700701,1000000
2024DL0000810,1,1678.79,38,2,3,1,9,11935,79,8000,4,3,1,1,1,700703,1000000
2024DL0000811,1,1678.79,16,2,9,1,10,15485,103,0,0,6,1,5,2,700708,1000000
2024DL0000812,1,1678.79,17,1,4,1,17,20888,139,0,0,6,1,5,1,700710,1000000
2024DL0000813,1,1678.79,23,2,2,1,17,68111,454,4000,2,1,2,5,1,700702,1000000
2024DL0000814,1,1678.79,26,2,6,1,14,56842,378,7000,1,1,1,1,1,700700,1000000
2024DL0000815,1,1678.79,20,1,5,1,17,34911,232,3000,1,1,1,5,1,700708,1000000
2024DL0000816,1,1678.79,20,2,6,1,12,8377,55,1000,3,1,1,5,1,700705,1000000
2024DL0000817,1,1678.79,5,2,5,1,9,14336,95,0,0,6,1,5,1,700707,1000000
2024DL0000818,1,1678.79,4,2,1,1,3,4522,30,0,0,6,1,5,1,700710,1000000
2024DL0000819,1,1678.79,1,2,2,1,1,14826,98,0,0,6,1,5,1,700707,1000000
2024DL0000820,1,1678.79,20,1,1,1,18,41432,276,1000,1,1,1,1,1,700702,1000000
2024DL0000821,1,1678.79,26,2,2,1,14,102089,501,9800,6,1,1,5,1,700709,1000000
2024DL0000822,1,1678.79,11,2,5,1,2,22380,149,0,0,6,1,5,1,700707,1000000
2024DL0000823,1,1678.79,79,1,2,1,12,18230,121,0,0,6,1,1,2,700708,1000000
2024DL0000824,1,1678.79,34,1,3,1,8,35759,238,9000,1,1,1,1,1,700702,1000000
2024DL0000825,1,1678.79,10,2,4,1,3,3591,23,0,0,6,1,5,1,700706,1000000
2024DL0000826,1,1678.79,31,2,5,1,12,101096,501,9000,3,1,1,1,1,700702,1000000
2024DL0000827,1,1678.79,2,1,2,1,3,11044,73,0,0,6,1,5,1,700700,1000000
2024DL0000828,1,1678.79,9,1,1,1,2,3112,20,0,0,6,1,5,1,700704,1000000
2024DL0000829,1,1678.79,18,1,1,1,17,37246,248,4000,2,1,1,5,1,700700,1000000
2024DL0000830,1,1678.79,49,2,1,1,8,4530,30,9800,1,1,2,1,2,700709,1000000
2024DL0000831,1,1678.79,11,1,2,1,5,14848,98,0,0,6,2,5,1,700700,1000000
2024DL0000832,1,1678.79,20,1,3,1,10,26162,174,4000,2,1,2,5,1,700700,1000000
2024DL0000833,1,1678.79,29,2,3,1,11,41707,278,6000,1,1,1,5,1,700704,1000000
2024DL0000834,1,1678.79,16,2,1,1,11,7171,47,0,0,6,1,5,1,700700,1000000
2024DL0000835,1,1678.79,58,1,6,1,11,190043,501,8000,1,1,1,1,1,700710,1000000
2024DL0000836,1,1678.79,30,2,1,1,11,45329,302,9000,1,1,5,5,1,700708,1000000
2024DL0000837,1,1678.79,48,2,1,1,10,28221,188,8000,4,5,1,1,1,700704,1000000
2024DL0000838,1,1678.79,21,2,2,1,14,20280,135,7000,1,1,1,1,1,700709,1000000
2024DL0000839,1,1678.79,28,2,5,1,5,11354,75,7000,3,1,1,1,1,700701,1000000
2024DL0000840,1,1678.79,43,2,4,1,6,20729,138,7000,4,1,1,1,1,700707,1000000
2024DL0000841,1,1678.79,37,1,2,1,14,65274,435,9000,1,1,1,1,1,700708,1000000
2024DL0000842,1,1678.79,28,1,1,1,6,11010,73,9000,4,1,1,1,1,700707,1000000
2024DL0000843,1,1678.79,23,2,9,1,10,19666,131,9800,1,1,1,5,1,700701,1000000
2024DL0000844,1,1678.79,5,2,5,1,4,6757,45,0,0,6,1,5,2,700709,1000000
2024DL0000845,1,1678.79,45,1,2,1,12,30773,205,5000,1,1,1,5,1,700709,1000000
2024DL0000846,1,1678.79,35,1,1,1,5,84057,501,9800,3,1,1,1,1,700708,1000000
2024DL0000847,1,1678.79,24,1,3,1,15,75645,501,3000,3,1,1,5,1,700700,1000000
2024DL0000848,1,1678.79,11,1,6,1,1,3743,24,0,0,6,1,5,1,700701,1000000
2024DL0000849,1,1678.79,12,2,4,1,6,5441,36,0,0,6,1,5,1,700700,1000000
2024DL0000850,1,1678.79,3,1,2,1,6,23378,155,0,0,6,1,5,1,700701,1000000
2024DL0000851,1,1678.79,6,1,1,1,1,18737,124,0,0,6,1,5,1,700709,1000000
2024DL0000852,1,1678.79,37,2,3,1,8,19918,132,9920,3,1,1,1,1,700706,1000000
2024DL0000853,1,1678.79,11,1,2,1,1,8941,59,0,0,6,1,5,1,700709,1000000
2024DL0000854,1,1678.79,23,2,5,1,16,107486,501,1000,2,1,1,5,1,700705,1000000
2024DL0000855,1,1678.79,29,2,1,1,6,9518,63,9920,1,1,2,5,1,700702,1000000
2024DL0000856,1,1678.79,26,1,6,1,5,4130,27,9000,6,1,1,1,1,700709,1000000
2024DL0000857,1,1678.79,51,2,5,1,10,54711,364,5000,4,1,1,1,1,700708,1000000
2024DL0000858,1,1678.79,11,1,3,1,7,3251,21,0,0,6,1,5,1,700701,1000000
2024DL0000859,1,1678.79,6,1,4,1,3,13677,91,0,0,6,1,5,1,700710,1000000
2024DL0000860,1,1678.79,16,2,1,1,18,19456,129,0,0,6,1,5,1,700707,1000000
2024DL0000861,1,1678.79,55,1,3,1,6,22067,147,5000,1,1,1,1,1,700709,1000000
2024DL0000862,1,1678.79,25,2,5,1,16,83186,501,6000,1,1,1,1,1,700705,1000000
2024DL0000863,1,1678.79,54,2,4,1,14,27776,185,9000,4,1,1,5,1,700708,1000000
2024DL0000864,1,1678.79,31,2,2,1,13,18246,121,6000,1,1,1,1,1,700710,1000000
2024DL0000865,1,1678.79,59,1,6,1,6,22113,147,6000,4,1,1,1,1,700709,1000000
2024DL0000866,1,1678.79,35,2,1,1,8,17628,117,6000,3,1,1,1,1,700707,1000000
2024DL0000867,1,1678.79,49,2,1,1,15,145897,501,5000,6,1,1,1,2,700707,1000000
2024DL0000868,1,1678.79,81,1,9,1,7,5561,37,0,0,6,1,1,1,700708,1000000
2024DL0000869,1,1678.79,38,1,2,1,9,24298,161,3000,2,5,1,1,1,700700,1000000
2024DL0000870,1,1678.79,15,1,6,1,14,12332,82,0,0,6,1,5,1,700709,1000000
2024DL0000871,1,1678.79,20,1,4,1,13,9183,61,7000,1,1,1,1,1,700708,1000000
2024DL0000872,1,1678.79,19,1,3,1,19,41128,274,1000,1,1,1,5,1,700703,1000000
2024DL0000873,1,1678.79,44,1,5,1,5,17921,119,9800,1,1,1,1,1,700700,1000000
2024DL0000874,1,1678.79,59,2,9,1,11,29782,198,6000,1,1,1,1,1,700707,1000000
2024DL0000875,1,1678.79,42,1,2,1,16,138313,501,2000,1,1,1,1,1,700704,1000000
2024DL0000876,1,1678.79,8,1,4,1,5,3069,20,0,0,6,1,5,1,700702,1000000
2024DL0000877,1,1678.79,30,2,1,1,11,38874,259,6000,6,1,1,1,1,700701,1000000
2024DL0000878,1,1678.79,23,1,1,1,12,31131,207,9000,3,1,1,5,1,700700,1000000
2024DL0000879,1,1678.79,25,2,1,1,13,72844,485,7000,1,1,1,1,1,700704,1000000
2024DL0000880,1,1678.79,29,1,3,1,12,28326,188,4000,3,1,1,5,1,700704,1000000
2024DL0000881,1,1678.79,56,1,4,1,9,33671,224,6000,4,2,1,3,1,700700,1000000
2024DL0000882,1,1678.79,14,1,5,1,3,15449,102,0,0,6,1,5,2,700703,1000000
2024DL0000883,1,1678.79,46,2,1,1,10,68776,458,9000,3,1,1,3,1,700700,1000000
2024DL0000884,1,1678.79,10,2,2,1,2,1947,12,0,0,6,1,5,2,700703,1000000
2024DL0000885,1,1678.79,11,2,2,1,8,8767,58,0,0,6,1,5,1,700706,1000000
2024DL0000886,1,1678.79,32,2,8,1,15,168681,501,1000,1,4,1,1,1,700700,1000000
2024DL0000887,1,1678.79,21,2,3,1,14,27916,186,1000,3,1,1,1,1,700700,1000000
2024DL0000888,1,1678.79,25,1,1,1,9,48537,323,5000,1,1,1,1,1,700701,1000000
2024DL0000889,1,1678.79,82,2,6,1,8,2563,17,0,0,6,1,3,1,700709,1000000
2024DL0000890,1,1678.79,34,1,1,1,9,16387,109,6000,3,1,1,1,2,700704,1000000
2024DL0000891,1,1678.79,8,1,7,1,4,7884,52,0,0,6,1,5,1,700700,1000000
2024DL0000892,1,1678.79,0,2,1,1,4,6053,40,0,0,6,1,5,1,700709,1000000
2024DL0000893,1,1678.79,17,1,5,1,18,28532,190,0,0,6,1,5,1,700710,1000000
2024DL0000894,1,1678.79,57,1,1,1,12,39991,266,5000,4,5,1,5,1,700706,1000000
2024DL0000895,1,1678.79,1,2,9,1,1,5058,33,0,0,6,1,5,1,700702,1000000
2024DL0000896,1,1678.79,1,1,3,1,5,11390,75,0,0,6,5,5,1,700706,1000000
2024DL0000897,1,1678.79,2,1,1,1,1,2596,17,0,0,6,1,5,1,700706,1000000
2024DL0000898,1,1678.79,25,1,2,1,13,133118,501,3000,1,1,1,1,2,700710,1000000
2024DL0000899,1,1678.79,45,1,2,1,11,60054,400,6000,1,1,1,1,1,700705,1000000
2024DL0000900,1,1678.79,34,2,1,1,11,57462,383,5000,3,2,2,1,1,700705,1000000
2024DL0000901,1,1678.79,46,1,1,1,12,16469,109,6000,1,5,1,1,1,700701,1000000
2024DL0000902,1,1678.79,36,1,1,1,20,104053,501,4000,1,2,1,1,1,700702,1000000
2024DL0000903,1,1678.79,39,1,2,1,7,22377,149,9800,1,1,1,1,1,700702,1000000
2024DL0000904,1,1678.79,7,1,1,1,6,3332,22,0,0,6,1,5,1,700707,1000000
2024DL0000905,1,1678.79,8,2,9,1,3,11420,76,0,0,6,1,5,2,700701,1000000
2024DL0000906,1,1678.79,34,2,1,1,11,17505,116,8000,1,1,1,5,1,700707,1000000
2024DL0000907,1,1678.79,16,1,2,1,12,5839,38,0,0,6,1,5,1,700707,1000000
2024DL0000908,1,1678.79,12,1,6,1,5,17008,113,0,0,6,1,5,1,700704,1000000
2024DL0000909,1,1678.79,7,2,6,1,3,2286,15,0,0,6,1,5,1,700707,1000000
2024DL0000910,1,1678.79,39,2,1,1,17,62668,417,4000,2,1,2,1,1,700707,1000000
2024DL0000911,1,1678.79,15,2,1,1,11,18364,122,0,0,6,2,5,1,700704,1000000
2024DL0000912,1,1678.79,13,1,8,1,1,12009,80,0,0,6,1,5,1,700705,1000000
2024DL0000913,1,1678.79,28,2,1,1,14,46458,309,1000,3,1,5,1,1,700704,1000000
2024DL0000914,1,1678.79,55,2,6,1,5,6308,42,5000,6,1,1,2,2,700701,1000000
2024DL0000915,1,1678.79,43,2,3,1,12,40909,272,9000,1,1,1,5,1,700709,1000000
2024DL0000916,1,1678.79,58,2,4,1,8,16267,108,7000,1,1,1,1,1,700702,1000000
2024DL0000917,1,1678.79,37,1,4,1,14,129396,501,7000,1,1,1,5,2,700706,1000000
2024DL0000918,1,1678.79,0,2,1,1,1,10724,71,0,0,6,1,5,1,700709,1000000
2024DL0000919,1,1678.79,3,2,1,1,6,12081,80,0,0,6,1,5,1,700701,1000000
2024DL0000920,1,1678.79,42,2,3,1,9,46109,307,8000,1,1,1,3,2,700700,1000000
2024DL0000921,1,1678.79,52,1,1,1,9,28454,189,6000,3,5,1,1,1,700705,1000000
2024DL0000922,1,1678.79,25,2,3,1,10,22470,149,6000,1,4,1,1,1,700700,1000000
2024DL0000923,1,1678.79,0,1,2,1,7,2539,16,0,0,6,1,5,2,700703,1000000
2024DL0000924,1,1678.79,76,2,1,1,6,31983,213,0,0,6,1,1,1,700707,1000000
2024DL0000925,1,1678.79,20,1,4,1,12,9296,61,7000,3,1,1,5,1,700707,1000000
2024DL0000926,1,1678.79,21,1,4,1,16,34401,229,6000,4,1,1,5,1,700702,1000000
2024DL0000927,1,1678.79,51,2,4,1,8,19822,132,8000,1,1,1,2,1,700708,1000000
2024DL0000928,1,1678.79,22,2,8,1,15,28938,192,2000,1,1,1,5,1,700703,1000000
2024DL0000929,1,1678.79,53,1,1,1,9,20940,139,9800,4,4,2,1,1,700706,1000000
2024DL0000930,1,1678.79,40,2,3,1,12,52594,350,3000,3,1,1,1,1,700704,1000000
2024DL0000931,1,1678.79,18,1,2,1,18,50116,334,4000,1,1,1,5,1,700706,1000000
2024DL0000932,1,1678.79,31,2,5,1,12,23746,158,6000,3,4,1,5,1,700702,1000000
2024DL0000933,1,1678.79,10,1,2,1,3,12856,85,0,0,6,1,5,1,700707,1000000
2024DL0000934,1,1678.79,10,1,1,1,3,4552,30,0,0,6,5,5,1,700707,1000000
2024DL0000935,1,1678.79,49,1,1,1,12,32492,216,7000,4,1,1,5,1,700702,1000000
2024DL0000936,1,1678.79,20,1,1,1,12,9333,62,6000,1,1,1,5,1,700710,1000000
2024DL0000937,1,1678.79,40,1,3,1,9,43583,290,5000,3,2,1,1,1,700710,1000000
2024DL0000938,1,1678.79,24,1,5,1,17,48843,325,1000,3,5,1,5,1,700702,1000000
2024DL0000939,1,1678.79,55,2,9,1,10,22520,150,7000,1,1,1,1,1,700708,1000000
2024DL0000940,1,1678.79,17,1,1,1,13,25575,170,0,0,6,1,5,1,700709,1000000
2024DL0000941,1,1678.79,36,2,2,1,12,27542,183,8000,4,1,1,1,1,700703,1000000
2024DL0000942,1,1678.79,58,1,5,1,10,87638,501,8000,3,2,1,1,1,700710,1000000
2024DL0000943,1,1678.79,44,1,2,1,13,31614,210,1000,2,1,1,1,1,700708,1000000
2024DL0000944,1,1678.79,10,2,2,1,2,23390,155,0,0,6,1,5,1,700703,1000000
2024DL0000945,1,1678.79,10,1,1,1,1,16926,112,0,0,6,1,5,1,700708,1000000
2024DL0000946,1,1678.79,16,1,1,1,13,27334,182,0,0,6,1,5,1,700705,1000000
2024DL0000947,1,1678.79,26,2,3,1,15,72071,480,2000,3,1,1,5,2,700706,1000000
2024DL0000948,1,1678.79,5,1,6,1,8,3121,20,0,0,6,1,5,1,700707,1000000
2024DL0000949,1,1678.79,10,1,2,1,6,6571,43,0,0,6,5,5,1,700706,1000000
2024DL0000950,1,1678.79,69,2,3,1,9,32502,216,1000,3,1,1,5,1,700707,1000000
2024DL0000951,1,1678.79,23,1,1,1,19,146463,501,4000,1,1,1,5,1,700703,1000000
2024DL0000952,1,1678.79,19,1,1,1,14,18294,121,1000,1,1,5,5,1,700702,1000000
2024DL0000953,1,1678.79,41,1,2,1,9,45108,300,7000,1,2,2,1,1,700700,1000000
2024DL0000954,1,1678.79,29,1,1,1,12,31011,206,9000,1,1,2,1,1,700710,1000000
2024DL0000955,1,1678.79,41,1,3,1,10,91113,501,9000,3,1,1,1,1,700703,1000000
2024DL0000956,1,1678.79,28,2,2,1,11,28086,187,3000,1,1,1,1,1,700700,1000000
2024DL0000957,1,1678.79,8,1,4,1,3,2797,18,0,0,6,1,5,1,700706,1000000
2024DL0000958,1,1678.79,46,1,6,1,11,150028,501,9800,3,1,1,1,1,700700,1000000
2024DL0000959,1,1678.79,1,2,5,1,7,2521,16,0,0,6,1,5,1,700701,1000000
2024DL0000960,1,1678.79,40,2,2,1,9,77574,501,3000,3,3,1,2,2,700702,1000000
2024DL0000961,1,1678.79,5,1,1,1,6,5132,34,0,0,6,5,5,1,700709,1000000
2024DL0000962,1,1678.79,43,1,4,1,12,40149,267,9000,1,3,1,1,1,700709,1000000
2024DL0000963,1,1678.79,36,2,3,1,9,65178,434,5000,1,1,1,1,1,700708,1000000
2024DL0000964,1,1678.79,17,1,3,1,18,40229,268,0,0,6,1,5,1,700709,1000000
2024DL0000965,1,1678.79,51,2,1,1,12,23390,155,7000,1,1,1,1,2,700700,1000000
2024DL0000966,1,1678.79,1,1,1,1,1,2646,17,0,0,6,1,5,1,700700,1000000
2024DL0000967,1,1678.79,26,2,4,1,13,44792,298,1000,1,1,1,1,1,700709,1000000
2024DL0000968,1,1678.79,45,1,4,1,14,35769,238,9000,4,1,1,1,1,700704,1000000
2024DL0000969,1,1678.79,6,1,1,1,4,7936,52,0,0,6,1,5,1,700700,1000000
2024DL0000970,1,1678.79,36,2,6,1,8,49041,326,8000,4,4,1,5,1,700704,1000000
2024DL0000971,1,1678.79,35,1,6,1,7,24925,166,9000,1,1,1,1,1,700709,1000000
2024DL0000972,1,1678.79,40,2,1,1,14,86632,501,6000,1,1,1,1,2,700705,1000000
2024DL0000973,1,1678.79,92,1,3,1,8,15136,100,0,0,6,1,2,1,700701,1000000
2024DL0000974,1,1678.79,55,1,2,1,11,34252,228,5000,1,1,1,1,1,700702,1000000
2024DL0000975,1,1678.79,8,1,1,1,6,5474,36,0,0,6,1,5,1,700707,1000000
2024DL0000976,1,1678.79,50,2,5,1,10,11433,76,4000,1,2,1,3,1,700710,1000000
2024DL0000977,1,1678.79,28,1,2,1,18,127120,501,5000,1,1,1,1,1,700702,1000000
2024DL0000978,1,1678.79,32,1,2,1,10,63758,425,2000,3,1,1,5,2,700706,1000000
2024DL0000979,1,1678.79,31,1,1,1,10,22816,152,6000,4,1,2,5,1,700700,1000000
2024DL0000980,1,1678.79,29,1,1,1,14,30092,200,9800,1,1,1,5,1,700704,1000000
2024DL0000981,1,1678.79,58,2,2,1,13,20274,135,7000,6,1,5,1,1,700710,1000000
2024DL0000982,1,1678.79,11,1,2,1,9,15066,100,0,0,6,1,5,1,700710,1000000
2024DL0000983,1,1678.79,19,1,6,1,11,28169,187,6000,1,1,1,5,1,700702,1000000
2024DL0000984,1,1678.79,25,2,1,1,8,3191,21,7000,3,1,2,1,1,700707,1000000
2024DL0000985,1,1678.79,0,2,5,1,5,10349,68,0,0,6,1,5,2,700708,1000000
2024DL0000986,1,1678.79,59,2,5,1,7,106655,501,9000,3,3,1,1,1,700702,1000000
2024DL0000987,1,1678.79,88,2,2,1,5,21844,145,0,0,6,1,2,1,700703,1000000
2024DL0000988,1,1678.79,1,1,1,1,8,2254,15,0,0,6,1,5,1,700702,1000000
2024DL0000989,1,1678.79,9,1,7,1,2,4033,26,0,0,6,1,5,1,700706,1000000
2024DL0000990,1,1678.79,3,1,4,1,2,13270,88,0,0,6,1,5,1,700705,1000000
2024DL0000991,1,1678.79,20,1,3,1,20,67836,452,1000,2,1,1,5,1,700706,1000000
2024DL0000992,1,1678.79,2,1,1,1,3,11630,77,0,0,6,1,5,1,700710,1000000
2024DL0000993,1,1678.79,26,2,6,1,10,28371,189,6000,4,1,1,1,1,700701,1000000
2024DL0000994,1,1678.79,29,1,9,1,11,29009,193,1000,1,1,1,5,1,700701,1000000
2024DL0000995,1,1678.79,46,1,5,1,18,216040,501,1000,1,1,1,1,1,700707,1000000
2024DL0000996,1,1678.79,27,1,1,1,15,151267,501,5000,6,1,1,1,1,700709,1000000
2024DL0000997,1,1678.79,52,1,3,1,13,32690,217,8000,1,1,1,1,1,700702,1000000
2024DL0000998,1,1678.79,18,2,2,1,14,9343,62,7000,1,1,1,5,1,700702,1000000
2024DL0000999,1,1678.79,43,1,6,1,10,20697,137,3000,3,1,1,1,1,700706,1000000
2024DL0001000,1,1678.79,17,2,1,1,16,19382,129,0,0,6,1,5,1,700700,1000000
2024DL0001001,1,1678.79,86,2,3,1,9,67246,448,0,0,6,1,2,1,700700,1000000
2024DL0001002,1,1678.79,27,1,6,1,11,32017,213,1000,1,1,1,1,1,700700,1000000
2024DL0001003,1,1678.79,41,1,1,1,7,16688,111,7000,4,1,1,5,1,700702,1000000
2024DL0001004,1,1678.79,40,2,1,1,7,15064,100,7000,4,1,2,1,1,700706,1000000
2024DL0001005,1,1678.79,56,1,2,1,9,31188,207,6000,1,5,1,5,1,700704,1000000
2024DL0001006,1,1678.79,10,1,6,1,3,10283,68,0,0,6,1,5,1,700703,1000000
2024DL0001007,1,1678.79,37,2,1,1,12,53796,358,6000,1,1,1,1,1,700703,1000000
2024DL0001008,1,1678.79,12,1,1,1,1,3425,22,0,0,6,1,5,1,700703,1000000
2024DL0001009,1,1678.79,40,1,3,1,9,124736,501,4000,1,1,1,1,1,700707,1000000
2024DL0001010,1,1678.79,2,1,1,1,7,16892,112,0,0,6,1,5,2,700710,1000000
2024DL0001011,1,1678.79,3,2,6,1,4,5966,39,0,0,6,1,5,1,700700,1000000
2024DL0001012,1,1678.79,2,1,1,1,4,7242,48,0,0,6,1,5,1,700700,1000000
2024DL0001013,1,1678.79,30,2,3,1,5,7232,48,6000,1,1,1,1,1,700710,1000000
2024DL0001014,1,1678.79,43,2,4,1,5,7960,53,8000,4,1,2,1,1,700709,1000000
2024DL0001015,1,1678.79,18,2,6,1,15,44810,298,1000,3,4,2,5,1,700707,1000000
2024DL0001016,1,1678.79,44,1,1,1,8,44178,294,5000,3,1,1,1,2,700708,1000000
2024DL0001017,1,1678.79,10,2,5,1,6,3817,25,0,0,6,1,5,1,700710,1000000
2024DL0001018,1,1678.79,21,1,1,1,12,12452,83,6000,1,2,1,5,1,700709,1000000
2024DL0001019,1,1678.79,56,2,3,1,11,143456,501,6000,6,1,1,1,1,700709,1000000
2024DL0001020,1,1678.79,10,2,2,1,8,8331,55,0,0,6,1,5,2,700704,1000000
2024DL0001021,1,1678.79,40,2,3,1,7,10390,69,5000,4,1,1,1,1,700706,1000000
2024DL0001022,1,1678.79,5,2,3,1,4,3509,23,0,0,6,1,5,1,700704,1000000
2024DL0001023,1,1678.79,34,2,1,1,6,17650,117,9800,1,1,2,1,1,700706,1000000
2024DL0001024,1,1678.79,36,2,1,1,6,22864,152,9920,1,1,1,1,1,700710,1000000
2024DL0001025,1,1678.79,59,2,2,1,9,68051,453,5000,4,1,1,1,2,700709,1000000
2024DL0001026,1,1678.79,32,1,1,1,9,64955,433,6000,4,2,1,1,1,700708,1000000
2024DL0001027,1,1678.79,10,1,1,1,6,4080,27,0,0,6,1,5,1,700705,1000000
2024DL0001028,1,1678.79,22,1,1,1,19,107933,501,4000,1,1,1,5,1,700704,1000000
2024DL0001029,1,1678.79,12,2,6,1,8,4028,26,0,0,6,1,5,2,700707,1000000
2024DL0001030,1,1678.79,32,2,5,1,13,58145,387,1000,1,1,1,1,1,700710,1000000
2024DL0001031,1,1678.79,41,2,1,1,12,96245,501,8000,4,3,1,1,1,700705,1000000
2024DL0001032,1,1678.79,57,2,1,1,14,23451,156,5000,1,1,1,1,1,700707,1000000
2024DL0001033,1,1678.79,77,2,1,1,7,9392,62,0,0,6,1,5,1,700704,1000000
2024DL0001034,1,1678.79,8,2,4,1,8,14298,95,0,0,6,1,5,2,700706,1000000
2024DL0001035,1,1678.79,36,1,1,1,9,139835,501,7000,1,1,1,1,1,700706,1000000
2024DL0001036,1,1678.79,48,1,2,1,6,10115,67,9000,1,1,1,1,1,700704,1000000
2024DL0001037,1,1678.79,24,1,2,1,14,34395,229,9800,1,1,1,1,1,700702,1000000
2024DL0001038,1,1678.79,16,2,4,1,18,58533,390,0,0,6,1,5,1,700707,1000000
2024DL0001039,1,1678.79,16,2,1,1,14,10893,72,0,0,6,1,5,1,700705,1000000
2024DL0001040,1,1678.79,28,1,1,1,7,11685,77,9000,3,1,1,1,1,700700,1000000
2024DL0001041,1,1678.79,50,1,3,1,9,114509,501,5000,1,1,1,1,1,700707,1000000
2024DL0001042,1,1678.79,37,1,6,1,11,33368,222,2000,2,1,1,1,1,700706,1000000
2024DL0001043,1,1678.79,47,2,1,1,10,19920,132,9000,6,1,1,1,1,700707,1000000
2024DL0001044,1,1678.79,95,2,1,1,9,25922,172,0,0,6,1,1,1,700708,1000000
2024DL0001045,1,1678.79,33,2,3,1,12,26393,175,7000,4,1,1,1,1,700707,1000000
2024DL0001046,1,1678.79,14,2,3,1,4,8860,59,0,0,6,1,5,1,700704,1000000
2024DL0001047,1,1678.79,34,2,6,1,7,7961,53,7000,4,1,1,1,1,700703,1000000
2024DL0001048,1,1678.79,30,2,5,1,11,125877,501,3000,1,5,1,1,1,700702,1000000
2024DL0001049,1,1678.79,22,2,2,1,13,29541,196,7000,1,4,1,1,1,700709,1000000
2024DL0001050,1,1678.79,32,1,1,1,5,12800,85,8000,1,1,1,1,1,700709,1000000
2024DL0001051,1,1678.79,13,1,4,1,2,4526,30,0,0,6,1,5,1,700707,1000000
2024DL0001052,1,1678.79,28,1,1,1,8,14253,95,6000,1,1,1,1,1,700701,1000000
2024DL0001053,1,1678.79,51,1,2,1,5,25431,169,5000,4,1,1,1,1,700703,1000000
2024DL0001054,1,1678.79,13,1,1,1,1,4286,28,0,0,6,1,5,1,700700,1000000
2024DL0001055,1,1678.79,41,1,2,1,15,57977,386,4000,1,1,1,1,1,700705,1000000
2024DL0001056,1,1678.79,21,2,4,1,12,13591,90,6000,1,1,1,1,1,700702,1000000
2024DL0001057,1,1678.79,30,2,5,1,17,217961,501,6000,1,1,2,5,1,700704,1000000
2024DL0001058,1,1678.79,11,2,1,1,6,1401,9,0,0,6,1,5,2,700707,1000000
2024DL0001059,1,1678.79,3,2,2,1,4,4045,26,0,0,6,1,5,1,700703,1000000
2024DL0001060,1,1678.79,40,2,2,1,10,121443,501,5000,1,1,1,1,1,700702,1000000
2024DL0001061,1,1678.79,18,1,4,1,15,53803,358,5000,4,1,1,5,2,700700,1000000
2024DL0001062,1,1678.79,53,1,5,1,7,11496,76,9000,1,5,1,1,1,700709,1000000
2024DL0001063,1,1678.79,29,1,1,1,16,92764,501,4000,1,1,1,5,1,700701,1000000
2024DL0001064,1,1678.79,50,2,1,1,15,63234,421,4000,2,1,1,5,1,700705,1000000
2024DL0001065,1,1678.79,17,2,1,1,14,8301,55,0,0,6,1,5,2,700706,1000000
2024DL0001066,1,1678.79,14,2,6,1,6,5369,35,0,0,6,1,5,1,700701,1000000
2024DL0001067,1,1678.79,1,1,1,1,6,5143,34,0,0,6,2,5,1,700708,1000000
2024DL0001068,1,1678.79,4,1,1,1,1,65711,438,0,0,6,1,5,1,700707,1000000
2024DL0001069,1,1678.79,43,1,1,1,14,21542,143,4000,1,5,1,1,1,700707,1000000
2024DL0001070,1,1678.79,12,1,2,1,3,8903,59,0,0,6,1,5,1,700706,1000000
2024DL0001071,1,1678.79,0,1,2,1,3,5520,36,0,0,6,1,5,1,700709,1000000
2024DL0001072,1,1678.79,53,2,1,1,5,17459,116,6000,3,1,1,1,1,700703,1000000
2024DL0001073,1,1678.79,17,2,4,1,12,11556,77,0,0,6,1,5,1,700707,1000000
2024DL0001074,1,1678.79,56,2,6,1,5,24175,161,5000,1,1,1,1,1,700705,1000000
2024DL0001075,1,1678.79,28,2,1,1,16,122972,501,5000,3,1,1,5,1,700702,1000000
2024DL0001076,1,1678.79,42,2,4,1,8,21526,143,8000,3,1,1,1,1,700703,1000000
2024DL0001077,1,1678.79,38,1,3,1,8,16755,111,9800,1,4,1,5,1,700700,1000000
2024DL0001078,1,1678.79,37,1,3,1,5,9057,60,9800,1,2,1,1,2,700708,1000000
2024DL0001079,1,1678.79,30,1,9,1,11,28790,191,3000,1,2,1,1,1,700706,1000000
2024DL0001080,1,1678.79,74,1,2,1,5,7717,51,0,0,6,1,1,2,700709,1000000
2024DL0001081,1,1678.79,24,2,4,1,12,24915,166,4000,3,1,1,5,1,700708,1000000
2024DL0001082,1,1678.79,37,1,1,1,16,31318,208,5000,1,1,1,1,1,700701,1000000
2024DL0001083,1,1678.79,20,1,3,1,11,21843,145,1000,1,1,1,5,1,700709,1000000
2024DL0001084,1,1678.79,36,1,6,1,14,21799,145,1000,3,4,1,5,1,700704,1000000
2024DL0001085,1,1678.79,100,2,1,1,8,47654,317,0,0,6,1,1,1,700705,1000000
2024DL0001086,1,1678.79,34,1,4,1,11,29464,196,8000,4,1,1,5,1,700704,1000000
2024DL0001087,1,1678.79,2,1,2,1,3,7532,50,0,0,6,1,5,1,700708,1000000
2024DL0001088,1,1678.79,4,2,2,1,4,14540,96,0,0,6,1,5,1,700704,1000000
2024DL0001089,1,1678.79,56,2,3,1,13,78478,501,7000,1,2,1,1,1,700705,1000000
2024DL0001090,1,1678.79,27,1,2,1,5,12409,82,9920,3,1,1,1,2,700705,1000000
2024DL0001091,1,1678.79,26,1,1,1,8,36463,243,7000,1,5,1,1,1,700708,1000000
2024DL0001092,1,1678.79,19,1,1,1,16,51742,344,2000,1,4,1,5,1,700702,1000000
2024DL0001093,1,1678.79,16,1,2,1,14,9358,62,0,0,6,1,5,1,700706,1000000
2024DL0001094,1,1678.79,36,2,5,1,19,195852,501,1000,2,4,1,1,1,700704,1000000
2024DL0001095,1,1678.79,26,2,4,1,10,37895,252,6000,4,1,1,1,1,700710,1000000
2024DL0001096,1,1678.79,16,1,5,1,13,6838,45,0,0,6,1,5,1,700707,1000000
2024DL0001097,1,1678.79,36,2,1,1,12,39937,266,7000,1,4,1,5,1,700704,1000000
2024DL0001098,1,1678.79,16,2,2,1,14,15664,104,0,0,6,1,5,1,700706,1000000
2024DL0001099,1,1678.79,4,1,1,1,5,5109,34,0,0,6,1,5,1,700706,1000000
2024DL0001100,1,1678.79,31,1,4,1,7,26484,176,5000,1,5,1,1,1,700708,1000000
2024DL0001101,1,1678.79,43,2,1,1,16,244282,501,6000,6,3,1,5,2,700703,1000000
2024DL0001102,1,1678.79,23,2,2,1,12,17632,117,9000,3,1,1,5,1,700703,1000000
2024DL0001103,1,1678.79,10,2,3,1,9,19362,129,0,0,6,1,5,1,700700,1000000
2024DL0001104,1,1678.79,16,1,1,1,10,3951,26,0,0,6,1,5,1,700708,1000000
2024DL0001105,1,1678.79,50,1,1,1,10,44000,293,8000,1,1,1,1,1,700707,1000000
2024DL0001106,1,1678.79,19,1,2,1,18,56468,376,1000,1,1,1,5,1,700703,1000000
2024DL0001107,1,1678.79,24,1,9,1,19,228458,501,4000,3,1,2,5,1,700701,1000000
2024DL0001108,1,1678.79,27,2,2,1,14,66482,443,8000,1,1,1,5,1,700704,1000000
2024DL0001109,1,1678.79,41,2,1,1,8,42131,280,5000,3,1,1,1,1,700700,1000000
2024DL0001110,1,1678.79,26,1,1,1,7,73917,492,7000,3,1,1,1,1,700702,1000000
2024DL0001111,1,1678.79,16,1,2,1,14,14955,99,0,0,6,1,5,1,700705,1000000
2024DL0001112,1,1678.79,45,2,3,1,10,100525,501,2000,1,1,1,1,1,700703,1000000
2024DL0001113,1,1678.79,27,1,9,1,17,92749,501,1000,1,1,2,5,1,700705,1000000
2024DL0001114,1,1678.79,22,1,1,1,16,82726,501,1000,1,1,1,5,1,700709,1000000
2024DL0001115,1,1678.79,46,2,1,1,7,32356,215,9920,1,1,1,1,1,700702,1000000
2024DL0001116,1,1678.79,25,2,9,1,12,16429,109,5000,1,5,1,1,1,700709,1000000
2024DL0001117,1,1678.79,53,1,5,1,10,26964,179,6000,3,1,1,1,1,700700,1000000
2024DL0001118,1,1678.79,52,2,1,1,9,21528,143,3000,2,1,1,1,1,700707,1000000
2024DL0001119,1,1678.79,3,2,3,1,6,4281,28,0,0,6,1,5,1,700701,1000000
2024DL0001120,1,1678.79,7,2,1,1,3,2544,16,0,0,6,1,5,2,700709,1000000
2024DL0001121,1,1678.79,35,2,1,1,10,32616,217,1000,1,1,1,1,1,700710,1000000
2024DL0001122,1,1678.79,6,1,5,1,1,5670,37,0,0,6,1,5,2,700700,1000000
2024DL0001123,1,1678.79,1,2,1,1,4,3940,26,0,0,6,1,5,1,700706,1000000
2024DL0001124,1,1678.79,43,1,5,1,7,5138,34,9800,4,1,1,1,1,700701,1000000
2024DL0001125,1,1678.79,9,2,5,1,1,32759,218,0,0,6,1,5,1,700700,1000000
2024DL0001126,1,1678.79,10,2,3,1,1,1896,12,0,0,6,1,5,2,700700,1000000
2024DL0001127,1,1678.79,0,1,3,1,2,2359,15,0,0,6,1,5,1,700709,1000000
2024DL0001128,1,1678.79,7,2,5,1,1,5918,39,0,0,6,1,5,1,700702,1000000
2024DL0001129,1,1678.79,39,1,4,1,17,74369,495,4000,1,1,1,1,1,700709,1000000
2024DL0001130,1,1678.79,11,1,5,1,1,13016,86,0,0,6,1,5,1,700701,1000000
2024DL0001131,1,1678.79,19,1,2,1,20,67581,450,4000,3,1,1,5,1,700707,1000000
2024DL0001132,1,1678.79,34,1,3,1,10,52793,351,2000,2,1,1,1,1,700703,1000000
2024DL0001133,1,1678.79,9,2,2,1,1,10142,67,0,0,6,1,5,1,700706,1000000
2024DL0001134,1,1678.79,38,2,5,1,17,142947,501,1000,3,1,1,1,2,700703,1000000
2024DL0001135,1,1678.79,9,1,2,1,3,10781,71,0,0,6,1,5,1,700700,1000000
2024DL0001136,1,1678.79,18,2,3,1,11,22045,146,2000,1,1,2,5,1,700709,1000000
2024DL0001137,1,1678.79,10,2,5,1,1,2611,17,0,0,6,1,5,1,700708,1000000
2024DL0001138,1,1678.79,42,1,1,1,5,8731,58,9920,3,1,1,1,2,700709,1000000
2024DL0001139,1,1678.79,41,1,4,1,9,24656,164,7000,1,1,1,2,1,700708,1000000
2024DL0001140,1,1678.79,24,1,5,1,18,63303,422,6000,4,1,1,5,1,700705,1000000
2024DL0001141,1,1678.79,43,1,4,1,12,73035,486,5000,1,1,1,5,1,700703,1000000
2024DL0001142,1,1678.79,26,1,2,1,5,35727,238,9000,4,2,1,5,1,700702,1000000
2024DL0001143,1,1678.79,79,1,5,1,10,50540,336,0,0,6,1,4,1,700710,1000000
2024DL0001144,1,1678.79,7,2,4,1,7,17366,115,0,0,6,1,5,1,700701,1000000
2024DL0001145,1,1678.79,27,1,1,1,11,18685,124,1000,1,1,1,1,1,700709,1000000
2024DL0001146,1,1678.79,7,1,6,1,7,8490,56,0,0,6,1,5,1,700703,1000000
2024DL0001147,1,1678.79,15,1,3,1,19,37323,248,0,0,6,1,5,1,700701,1000000
2024DL0001148,1,1678.79,35,1,4,1,8,5850,39,9800,4,1,1,1,1,700708,1000000
2024DL0001149,1,1678.79,6,2,2,1,1,11639,77,0,0,6,1,5,1,700705,1000000
2024DL0001150,1,1678.79,65,2,1,1,6,11875,79,6000,4,1,1,1,2,700704,1000000
2024DL0001151,1,1678.79,32,2,1,1,6,21787,145,6000,6,1,1,1,2,700709,1000000
2024DL0001152,1,1678.79,17,1,6,1,14,20738,138,0,0,6,1,5,1,700700,1000000
2024DL0001153,1,1678.79,10,1,1,1,7,2780,18,0,0,6,1,5,1,700710,1000000
2024DL0001154,1,1678.79,9,2,4,1,5,11357,75,0,0,6,1,5,1,700704,1000000
2024DL0001155,1,1678.79,11,2,6,1,3,1459,9,0,0,6,1,5,1,700703,1000000
2024DL0001156,1,1678.79,13,1,1,1,2,3830,25,0,0,6,1,5,1,700702,1000000
2024DL0001157,1,1678.79,20,2,5,1,19,45763,305,4000,3,1,1,5,1,700708,1000000
2024DL0001158,1,1678.79,68,1,5,1,10,32691,217,1000,1,2,2,1,2,700709,1000000
2024DL0001159,1,1678.79,8,2,8,1,4,8770,58,0,0,6,1,5,1,700700,1000000
2024DL0001160,1,1678.79,18,2,4,1,13,13913,92,2000,3,2,1,5,1,700702,1000000
2024DL0001161,1,1678.79,52,1,1,1,14,26346,175,6000,3,1,5,1,1,700707,1000000
2024DL0001162,1,1678.79,10,2,1,1,9,35647,237,0,0,6,1,5,1,700708,1000000
2024DL0001163,1,1678.79,58,2,2,1,5,31296,208,9800,1,3,1,4,1,700701,1000000
2024DL0001164,1,1678.79,4,2,1,1,7,6907,46,0,0,6,1,5,1,700706,1000000
2024DL0001165,1,1678.79,59,2,1,1,6,4539,30,5000,1,4,1,1,1,700709,1000000
2024DL0001166,1,1678.79,20,2,1,1,19,92828,501,1000,2,1,1,5,2,700705,1000000
2024DL0001167,1,1678.79,20,1,4,1,13,15582,103,1000,2,1,1,5,1,700701,1000000
2024DL0001168,1,1678.79,49,2,4,1,17,185449,501,6000,3,1,1,1,1,700703,1000000
2024DL0001169,1,1678.79,39,2,5,1,10,23833,158,9800,1,1,1,1,1,700705,1000000
2024DL0001170,1,1678.79,33,1,6,1,13,12450,83,7000,1,1,1,5,1,700708,1000000
2024DL0001171,1,1678.79,57,2,1,1,11,97630,501,6000,4,1,1,1,1,700700,1000000
2024DL0001172,1,1678.79,29,2,1,1,16,53804,358,3000,1,1,1,5,1,700701,1000000
2024DL0001173,1,1678.79,6,1,2,1,1,11468,76,0,0,6,1,5,1,700709,1000000
2024DL0001174,1,1678.79,11,1,1,1,5,12635,84,0,0,6,2,5,2,700704,1000000
2024DL0001175,1,1678.79,31,1,6,1,13,27187,181,9000,1,1,1,5,1,700704,1000000
2024DL0001176,1,1678.79,19,2,1,1,17,45607,304,3000,3,1,1,5,1,700705,1000000
2024DL0001177,1,1678.79,12,2,3,1,5,3658,24,0,0,6,2,5,1,700700,1000000
2024DL0001178,1,1678.79,96,2,1,1,9,27647,184,0,0,6,1,2,2,700701,1000000
2024DL0001179,1,1678.79,21,2,1,1,20,110574,501,4000,3,3,1,5,1,700702,1000000
2024DL0001180,1,1678.79,40,1,5,1,8,18772,125,8000,4,1,1,2,1,700707,1000000
2024DL0001181,1,1678.79,12,2,7,1,5,9154,61,0,0,6,1,5,1,700709,1000000
2024DL0001182,1,1678.79,15,1,1,1,17,31776,211,0,0,6,1,5,1,700710,1000000
2024DL0001183,1,1678.79,7,1,6,1,1,2733,18,0,0,6,1,5,2,700705,1000000
2024DL0001184,1,1678.79,39,2,8,1,8,15910,106,9000,4,1,1,1,1,700702,1000000
2024DL0001185,1,1678.79,6,2,5,1,7,11888,79,0,0,6,1,5,1,700707,1000000
2024DL0001186,1,1678.79,53,1,4,1,15,60166,401,5000,1,1,1,1,1,700710,1000000
2024DL0001187,1,1678.79,19,2,5,1,11,11534,76,9000,1,1,5,5,1,700705,1000000
2024DL0001188,1,1678.79,32,1,4,1,16,84150,501,2000,2,1,1,5,1,700702,1000000
2024DL0001189,1,1678.79,25,1,5,1,16,172421,501,6000,1,1,1,5,1,700704,1000000
2024DL0001190,1,1678.79,17,2,4,1,14,36646,244,0,0,6,1,5,1,700708,1000000
2024DL0001191,1,1678.79,31,2,2,1,6,13823,92,6000,3,1,1,1,1,700702,1000000
2024DL0001192,1,1678.79,23,2,4,1,15,70922,472,5000,4,1,2,5,1,700708,1000000
2024DL0001193,1,1678.79,38,2,1,1,16,187839,501,4000,3,1,1,1,1,700708,1000000
2024DL0001194,1,1678.79,24,1,1,1,17,65892,439,5000,1,1,1,1,1,700706,1000000
2024DL0001195,1,1678.79,20,2,1,1,11,7065,47,5000,3,1,1,5,1,700700,1000000
2024DL0001196,1,1678.79,24,1,5,1,12,33274,221,6000,4,1,1,5,1,700702,1000000
2024DL0001197,1,1678.79,58,2,8,1,12,35470,236,3000,1,1,1,1,1,700708,1000000
2024DL0001198,1,1678.79,24,1,1,1,17,90068,501,2000,1,1,1,5,1,700700,1000000
2024DL0001199,1,1678.79,7,2,4,1,6,2391,15,0,0,6,5,5,1,700704,1000000
2024DL0001200,1,1678.79,83,1,2,1,6,18767,125,0,0,6,1,3,1,700702,1000000
2024DL0001201,1,1678.79,18,1,3,1,14,22533,150,6000,4,2,1,5,1,700705,1000000
2024DL0001202,1,1678.79,3,2,1,1,9,43809,292,0,0,6,1,5,1,700703,1000000
2024DL0001203,1,1678.79,11,1,2,1,5,7074,47,0,0,6,1,5,2,700707,1000000
2024DL0001204,1,1678.79,18,1,3,1,17,22491,149,4000,1,3,2,5,1,700710,1000000
2024DL0001205,1,1678.79,42,1,1,1,5,13441,89,9800,4,1,1,5,1,700701,1000000
2024DL0001206,1,1678.79,13,1,3,1,4,7057,47,0,0,6,1,5,1,700704,1000000
2024DL0001207,1,1678.79,20,2,1,1,14,30385,202,6000,3,4,1,5,1,700702,1000000
2024DL0001208,1,1678.79,22,1,5,1,15,36681,244,4000,2,1,1,1,1,700709,1000000
2024DL0001209,1,1678.79,34,2,1,1,14,51510,343,8000,4,1,1,1,1,700708,1000000
2024DL0001210,1,1678.79,37,2,5,1,8,65355,435,9920,1,5,1,5,1,700706,1000000
2024DL0001211,1,1678.79,55,1,5,1,8,11181,74,9800,4,1,1,1,1,700704,1000000
2024DL0001212,1,1678.79,20,2,4,1,14,9327,62,2000,1,1,1,1,1,700704,1000000
2024DL0001213,1,1678.79,56,2,1,1,14,68874,459,7000,3,2,1,1,1,700701,1000000
2024DL0001214,1,1678.79,90,1,3,1,5,15674,104,0,0,6,1,1,1,700702,1000000
2024DL0001215,1,1678.79,31,1,1,1,5,11245,74,6000,3,5,1,5,1,700704,1000000
2024DL0001216,1,1678.79,18,2,1,1,12,15704,104,9800,4,1,2,5,2,700708,1000000
2024DL0001217,1,1678.79,12,1,3,1,3,6631,44,0,0,6,1,5,1,700702,1000000
2024DL0001218,1,1678.79,12,1,4,1,3,5109,34,0,0,6,1,5,1,700705,1000000
2024DL0001219,1,1678.79,59,2,1,1,9,22494,149,9000,3,1,1,2,1,700708,1000000
2024DL0001220,1,1678.79,52,2,6,1,11,27919,186,5000,1,1,1,5,1,700701,1000000
2024DL0001221,1,1678.79,48,1,1,1,15,137427,501,4000,1,1,1,1,2,700709,1000000
2024DL0001222,1,1678.79,11,1,3,1,2,15775,105,0,0,6,1,5,1,700706,1000000
2024DL0001223,1,1678.79,15,1,5,1,10,17245,114,0,0,6,1,5,1,700700,1000000
2024DL0001224,1,1678.79,0,2,1,1,8,16986,113,0,0,6,1,5,2,700705,1000000
2024DL0001225,1,1678.79,4,1,1,1,5,12716,84,0,0,6,1,5,1,700701,1000000
2024DL0001226,1,1678.79,43,1,3,1,7,22529,150,7000,1,1,1,5,2,700700,1000000
2024DL0001227,1,1678.79,33,1,1,1,12,46932,312,7000,1,1,1,5,1,700708,1000000
2024DL0001228,1,1678.79,29,1,5,1,14,36419,242,9000,4,1,1,5,2,700706,1000000
2024DL0001229,1,1678.79,26,1,6,1,15,113753,501,4000,1,1,1,5,1,700701,1000000
2024DL0001230,1,1678.79,25,2,1,1,14,17430,116,8000,4,1,2,1,1,700705,1000000
2024DL0001231,1,1678.79,22,1,3,1,13,30350,202,7000,1,1,1,1,1,700702,1000000
2024DL0001232,1,1678.79,18,1,5,1,14,24652,164,5000,1,4,5,5,1,700706,1000000
2024DL0001233,1,1678.79,37,2,7,1,12,87840,501,4000,2,1,1,3,1,700708,1000000
2024DL0001234,1,1678.79,14,2,7,1,4,7992,53,0,0,6,1,5,1,700700,1000000
2024DL0001235,1,1678.79,21,2,1,1,12,9819,65,8000,4,1,1,5,1,700710,1000000
2024DL0001236,1,1678.79,31,2,1,1,7,7815,52,7000,3,1,1,5,1,700709,1000000
2024DL0001237,1,1678.79,27,2,5,1,10,73459,489,7000,1,2,1,5,1,700700,1000000
2024DL0001238,1,1678.79,38,2,5,1,8,36482,243,6000,1,1,1,3,1,700702,1000000
2024DL0001239,1,1678.79,45,1,1,1,9,47326,315,1000,1,1,1,1,1,700704,1000000
2024DL0001240,1,1678.79,10,2,1,1,2,3702,24,0,0,6,1,5,1,700707,1000000
2024DL0001241,1,1678.79,28,1,4,1,15,45950,306,4000,2,5,1,1,2,700710,1000000
2024DL0001242,1,1678.79,47,1,5,1,11,64464,429,9000,4,1,1,1,1,700709,1000000
2024DL0001243,1,1678.79,31,2,1,1,12,27252,181,9000,6,1,1,5,1,700702,1000000
2024DL0001244,1,1678.79,27,2,3,1,13,40252,268,6000,1,1,1,1,1,700710,1000000
2024DL0001245,1,1678.79,15,2,5,1,13,12180,81,0,0,6,1,5,1,700700,1000000
2024DL0001246,1,1678.79,40,1,1,1,10,83789,501,8000,3,4,2,1,2,700708,1000000
2024DL0001247,1,1678.79,18,2,5,1,13,7027,46,2000,1,1,1,5,1,700707,1000000
2024DL0001248,1,1678.79,7,1,1,1,9,70545,470,0,0,6,2,5,1,700705,1000000
2024DL0001249,1,1678.79,29,2,2,1,12,42345,282,6000,1,1,1,5,2,700709,1000000
2024DL0001250,1,1678.79,7,2,1,1,1,20084,133,0,0,6,2,5,1,700701,1000000
2024DL0001251,1,1678.79,29,2,3,1,12,45656,304,1000,1,2,1,1,1,700706,1000000
2024DL0001252,1,1678.79,8,1,4,1,3,9977,66,0,0,6,1,5,1,700710,1000000
2024DL0001253,1,1678.79,34,1,5,1,15,203865,501,5000,1,2,1,5,1,700706,1000000
2024DL0001254,1,1678.79,27,2,1,1,12,20967,139,9000,1,1,1,5,2,700705,1000000
2024DL0001255,1,1678.79,5,2,3,1,2,12297,81,0,0,6,1,5,1,700708,1000000
2024DL0001256,1,1678.79,0,1,5,1,2,1761,11,0,0,6,1,5,2,700708,1000000
2024DL0001257,1,1678.79,10,1,4,1,1,6493,43,0,0,6,1,5,1,700703,1000000
2024DL0001258,1,1678.79,56,1,1,1,10,28356,189,9800,1,1,1,1,1,700700,1000000
2024DL0001259,1,1678.79,0,1,3,1,5,3518,23,0,0,6,1,5,1,700706,1000000
2024DL0001260,1,1678.79,17,1,5,1,17,50635,337,0,0,6,1,5,1,700708,1000000
2024DL0001261,1,1678.79,27,1,5,1,14,30979,206,5000,6,1,1,5,1,700708,1000000
2024DL0001262,1,1678.79,3,1,1,1,3,7400,49,0,0,6,1,5,1,700707,1000000
2024DL0001263,1,1678.79,57,2,1,1,6,20959,139,9000,1,1,1,1,2,700707,1000000
2024DL0001264,1,1678.79,25,1,6,1,14,103691,501,1000,1,1,5,1,1,700704,1000000
2024DL0001265,1,1678.79,19,1,2,1,20,54747,364,1000,1,3,1,5,1,700709,1000000
2024DL0001266,1,1678.79,42,1,5,1,5,5149,34,9920,4,1,2,1,1,700702,1000000
2024DL0001267,1,1678.79,28,1,2,1,14,28677,191,5000,6,1,1,1,1,700708,1000000
2024DL0001268,1,1678.79,32,2,3,1,8,37609,250,7000,3,1,1,1,1,700704,1000000
2024DL0001269,1,1678.79,21,2,9,1,14,35143,234,6000,1,1,1,5,1,700703,1000000
2024DL0001270,1,1678.79,9,1,1,1,4,6116,40,0,0,6,1,5,2,700701,1000000
2024DL0001271,1,1678.79,53,1,2,1,12,172722,501,8000,1,1,1,2,1,700704,1000000
2024DL0001272,1,1678.79,2,1,1,1,1,7114,47,0,0,6,1,5,1,700706,1000000
2024DL0001273,1,1678.79,38,1,2,1,5,14431,96,9920,1,1,1,1,1,700709,1000000
2024DL0001274,1,1678.79,8,1,1,1,1,2431,16,0,0,6,5,5,1,700701,1000000
2024DL0001275,1,1678.79,57,2,3,1,15,83520,501,4000,1,1,1,1,1,700704,1000000
2024DL0001276,1,1678.79,57,1,2,1,16,92500,501,5000,4,2,1,1,1,700700,1000000
2024DL0001277,1,1678.79,54,1,9,1,11,33589,223,1000,1,1,1,1,1,700706,1000000
2024DL0001278,1,1678.79,23,2,1,1,14,33607,224,5000,1,1,1,5,1,700709,1000000
2024DL0001279,1,1678.79,51,2,2,1,13,21061,140,7000,3,1,1,1,1,700708,1000000
2024DL0001280,1,1678.79,28,2,3,1,20,183135,501,1000,3,1,1,5,1,700703,1000000
2024DL0001281,1,1678.79,16,2,2,1,15,35276,235,0,0,6,1,5,1,700702,1000000
2024DL0001282,1,1678.79,30,2,6,1,9,30639,204,8000,3,1,1,5,1,700702,1000000
2024DL0001283,1,1678.79,31,1,1,1,13,29103,194,1000,1,1,1,5,1,700700,1000000
2024DL0001284,1,1678.79,16,2,4,1,11,29580,197,0,0,6,1,5,1,700703,1000000
2024DL0001285,1,1678.79,39,1,2,1,11,96543,501,7000,1,2,1,1,1,700709,1000000
2024DL0001286,1,1678.79,59,1,3,1,5,12186,81,6000,1,1,1,1,1,700707,1000000
2024DL0001287,1,1678.79,59,2,1,1,9,35023,233,1000,1,2,1,1,1,700702,1000000
2024DL0001288,1,1678.79,22,1,5,1,17,108555,501,6000,1,1,1,5,1,700700,1000000
2024DL0001289,1,1678.79,25,1,1,1,18,40274,268,4000,1,1,1,5,2,700706,1000000
2024DL0001290,1,1678.79,97,2,6,1,6,6794,45,0,0,6,2,2,2,700705,1000000
2024DL0001291,1,1678.79,26,1,2,1,10,17775,118,2000,1,1,1,1,1,700704,1000000
2024DL0001292,1,1678.79,24,2,5,1,15,29037,193,6000,6,1,1,5,1,700710,1000000
2024DL0001293,1,1678.79,21,1,2,1,17,23413,156,6000,1,1,1,1,1,700707,1000000
2024DL0001294,1,1678.79,7,2,9,1,3,3715,24,0,0,6,1,5,1,700704,1000000
2024DL0001295,1,1678.79,17,1,5,1,20,92472,501,0,0,6,1,5,2,700710,1000000
2024DL0001296,1,1678.79,8,2,4,1,1,5663,37,0,0,6,1,5,2,700708,1000000
2024DL0001297,1,1678.79,38,2,6,1,15,89968,501,1000,1,1,1,2,1,700707,1000000
2024DL0001298,1,1678.79,9,2,6,1,6,3448,22,0,0,6,1,5,1,700703,1000000
2024DL0001299,1,1678.79,85,1,3,1,5,36520,243,0,0,6,1,1,2,700709,1000000
2024DL0001300,1,1678.79,75,1,2,1,9,11842,78,0,0,6,1,1,2,700708,1000000
2024DL0001301,1,1678.79,57,1,5,1,11,74293,495,7000,1,1,1,1,1,700703,1000000
2024DL0001302,1,1678.79,5,1,1,1,2,10517,70,0,0,6,1,5,1,700701,1000000
2024DL0001303,1,1678.79,53,2,3,1,6,8381,55,8000,6,1,2,5,1,700709,1000000
2024DL0001304,1,1678.79,17,1,1,1,11,11202,74,0,0,6,1,5,2,700705,1000000
2024DL0001305,1,1678.79,5,1,3,1,6,10639,70,0,0,6,1,5,1,700701,1000000
2024DL0001306,1,1678.79,25,2,4,1,14,21266,141,9000,1,1,1,5,1,700702,1000000
2024DL0001307,1,1678.79,14,1,1,1,4,6914,46,0,0,6,1,5,1,700700,1000000
2024DL0001308,1,1678.79,20,1,5,1,12,30134,200,2000,3,1,1,5,1,700702,1000000
2024DL0001309,1,1678.79,36,2,2,1,11,45474,303,1000,2,1,1,1,1,700700,1000000
2024DL0001310,1,1678.79,25,2,4,1,14,35066,233,8000,4,1,1,1,1,700706,1000000
2024DL0001311,1,1678.79,3,2,1,1,7,5330,35,0,0,6,1,5,1,700703,1000000
2024DL0001312,1,1678.79,32,1,1,1,11,31059,207,7000,4,1,1,5,1,700705,1000000
2024DL0001313,1,1678.79,31,2,5,1,12,47996,319,5000,1,1,1,1,1,700710,1000000
2024DL0001314,1,1678.79,31,1,1,1,11,31467,209,6000,3,1,1,1,2,700704,1000000
2024DL0001315,1,1678.79,28,2,2,1,5,6161,41,5000,4,1,1,5,1,700710,1000000
2024DL0001316,1,1678.79,37,1,6,1,6,10130,67,6000,4,1,1,1,1,700710,1000000
2024DL0001317,1,1678.79,4,1,1,1,4,14276,95,0,0,6,1,5,1,700708,1000000
2024DL0001318,1,1678.79,17,2,5,1,11,41722,278,0,0,6,1,5,1,700706,1000000
2024DL0001319,1,1678.79,28,2,6,1,8,10638,70,9920,1,1,1,5,1,700707,1000000
2024DL0001320,1,1678.79,15,1,1,1,15,35413,236,0,0,6,1,5,1,700704,1000000
2024DL0001321,1,1678.79,36,1,5,1,14,65508,436,5000,3,1,1,1,1,700708,1000000
2024DL0001322,1,1678.79,66,2,1,1,9,27010,180,7000,6,1,1,2,1,700710,1000000
2024DL0001323,1,1678.79,28,1,3,1,15,70985,473,2000,1,1,1,5,1,700702,1000000
2024DL0001324,1,1678.79,18,1,4,1,12,25546,170,8000,4,1,1,5,1,700700,1000000
2024DL0001325,1,1678.79,8,2,1,1,4,9539,63,0,0,6,1,5,1,700706,1000000
2024DL0001326,1,1678.79,44,1,4,1,13,84191,501,1000,1,1,1,1,1,700708,1000000
2024DL0001327,1,1678.79,43,2,2,1,13,53439,356,7000,1,1,1,1,1,700708,1000000
2024DL0001328,1,1678.79,23,2,1,1,18,70520,470,3000,3,1,1,5,1,700702,1000000
2024DL0001329,1,1678.79,39,1,1,1,11,68740,458,6000,4,4,1,1,1,700702,1000000
2024DL0001330,1,1678.79,98,1,1,1,5,7422,49,0,0,6,1,1,2,700700,1000000
2024DL0001331,1,1678.79,75,1,1,1,5,69263,461,0,0,6,1,1,1,700701,1000000
2024DL0001332,1,1678.79,10,2,1,1,1,6530,43,0,0,6,1,5,1,700708,1000000
2024DL0001333,1,1678.79,92,1,3,1,7,4400,29,0,0,6,1,1,1,700710,1000000
2024DL0001334,1,1678.79,29,2,8,1,10,43006,286,6000,6,1,1,1,1,700708,1000000
2024DL0001335,1,1678.79,4,1,5,1,2,18268,121,0,0,6,1,5,1,700706,1000000
2024DL0001336,1,1678.79,10,1,3,1,4,6665,44,0,0,6,5,5,1,700707,1000000
2024DL0001337,1,1678.79,16,1,3,1,16,29680,197,0,0,6,1,5,1,700709,1000000
2024DL0001338,1,1678.79,29,1,1,1,13,34453,229,8000,1,1,1,1,1,700702,1000000
2024DL0001339,1,1678.79,48,1,1,1,16,106214,501,6000,1,1,1,1,2,700702,1000000
2024DL0001340,1,1678.79,4,2,3,1,3,7430,49,0,0,6,1,5,1,700710,1000000
2024DL0001341,1,1678.79,32,1,1,1,9,32819,218,1000,1,1,1,5,1,700709,1000000
2024DL0001342,1,1678.79,55,1,2,1,5,50141,334,9800,1,5,1,1,2,700708,1000000
2024DL0001343,1,1678.79,21,1,1,1,13,36218,241,5000,1,1,1,5,1,700702,1000000
2024DL0001344,1,1678.79,54,2,4,1,5,24313,162,5000,1,3,1,1,1,700704,1000000
2024DL0001345,1,1678.79,63,1,1,1,7,18515,123,8000,4,1,2,1,1,700707,1000000
2024DL0001346,1,1678.79,19,1,3,1,15,24007,160,4000,1,1,1,5,1,700709,1000000
2024DL0001347,1,1678.79,21,2,3,1,18,15815,105,6000,3,2,1,5,1,700701,1000000
2024DL0001348,1,1678.79,46,1,6,1,8,9337,62,8000,3,1,1,1,1,700706,1000000
2024DL0001349,1,1678.79,17,2,6,1,18,23184,154,0,0,6,1,5,2,700704,1000000
2024DL0001350,1,1678.79,11,2,1,1,1,3029,20,0,0,6,1,5,1,700708,1000000
2024DL0001351,1,1678.79,35,1,4,1,12,82347,501,4000,2,1,1,5,1,700710,1000000
2024DL0001352,1,1678.79,15,1,1,1,11,10318,68,0,0,6,1,5,1,700708,1000000
2024DL0001353,1,1678.79,24,1,1,1,17,38088,253,4000,1,1,1,5,1,700708,1000000
2024DL0001354,1,1678.79,12,2,6,1,2,10104,67,0,0,6,1,5,1,700708,1000000
2024DL0001355,1,1678.79,3,1,3,1,5,7162,47,0,0,6,1,5,2,700709,1000000
2024DL0001356,1,1678.79,25,1,1,1,7,5162,34,8000,6,2,1,5,2,700707,1000000
2024DL0001357,1,1678.79,42,1,1,1,11,64222,428,9000,4,1,2,1,1,700704,1000000
2024DL0001358,1,1678.79,9,1,2,1,3,8526,56,0,0,6,1,5,1,700710,1000000
2024DL0001359,1,1678.79,19,1,3,1,14,26848,178,6000,4,1,1,5,1,700706,1000000
2024DL0001360,1,1678.79,75,1,1,1,5,4895,32,0,0,6,1,5,1,700705,1000000
2024DL0001361,1,1678.79,91,1,1,1,6,10232,68,0,0,6,1,4,1,700700,1000000
2024DL0001362,1,1678.79,31,1,1,1,11,43005,286,6000,1,1,2,5,1,700705,1000000
2024DL0001363,1,1678.79,33,1,2,1,13,111909,501,9000,1,3,1,5,1,700710,1000000
2024DL0001364,1,1678.79,24,2,3,1,18,26222,174,2000,2,1,1,5,1,700704,1000000
2024DL0001365,1,1678.79,50,1,5,1,13,21984,146,1000,1,1,1,1,1,700704,1000000
2024DL0001366,1,1678.79,7,2,3,1,5,20584,137,0,0,6,1,5,1,700706,1000000
2024DL0001367,1,1678.79,24,1,8,1,14,27265,181,6000,1,1,1,1,1,700706,1000000
2024DL0001368,1,1678.79,59,2,4,1,6,12962,86,9920,4,1,1,1,1,700708,1000000
2024DL0001369,1,1678.79,41,1,1,1,8,7198,47,9920,4,1,1,1,1,700710,1000000
2024DL0001370,1,1678.79,1,2,3,1,5,6019,40,0,0,6,1,5,1,700706,1000000
2024DL0001371,1,1678.79,15,1,1,1,15,33089,220,0,0,6,1,5,1,700708,1000000
2024DL0001372,1,1678.79,32,2,7,1,13,33100,220,5000,4,1,1,5,2,700706,1000000
2024DL0001373,1,1678.79,37,1,1,1,12,27038,180,3000,1,1,1,1,1,700709,1000000
2024DL0001374,1,1678.79,45,1,5,1,19,153594,501,3000,1,1,2,5,1,700706,1000000
2024DL0001375,1,1678.79,30,1,2,1,10,30157,201,4000,2,1,1,5,1,700707,1000000
2024DL0001376,1,1678.79,73,1,1,1,5,36227,241,0,0,6,1,5,1,700708,1000000
2024DL0001377,1,1678.79,43,1,3,1,6,24526,163,9920,1,1,1,1,1,700704,1000000
2024DL0001378,1,1678.79,22,2,4,1,17,56724,378,6000,1,1,1,5,1,700703,1000000
2024DL0001379,1,1678.79,57,1,2,1,8,16972,113,8000,1,1,5,1,1,700707,1000000
2024DL0001380,1,1678.79,37,1,4,1,9,47877,319,7000,4,1,1,1,1,700701,1000000
2024DL0001381,1,1678.79,17,1,7,1,18,20889,139,0,0,6,1,5,1,700700,1000000
2024DL0001382,1,1678.79,18,2,3,1,12,7074,47,6000,6,2,1,5,1,700705,1000000
2024DL0001383,1,1678.79,13,1,5,1,7,9560,63,0,0,6,1,5,1,700707,1000000
2024DL0001384,1,1678.79,16,2,3,1,13,28328,188,0,0,6,1,5,1,700703,1000000
2024DL0001385,1,1678.79,42,2,5,1,20,82778,501,2000,1,4,1,1,2,700709,1000000
2024DL0001386,1,1678.79,22,1,2,1,18,47132,314,1000,1,1,1,5,1,700707,1000000
2024DL0001387,1,1678.79,24,2,1,1,10,22741,151,5000,1,1,1,5,1,700704,1000000
2024DL0001388,1,1678.79,9,2,4,1,1,10726,71,0,0,6,1,5,1,700709,1000000
2024DL0001389,1,1678.79,30,2,1,1,8,13931,92,8000,1,1,1,1,1,700701,1000000
2024DL0001390,1,1678.79,13,2,5,1,5,3388,22,0,0,6,1,5,1,700708,1000000
2024DL0001391,1,1678.79,54,1,1,1,12,49084,327,1000,1,2,1,2,1,700700,1000000
2024DL0001392,1,1678.79,2,1,5,1,5,7440,49,0,0,6,1,5,1,700703,1000000
2024DL0001393,1,1678.79,34,1,7,1,12,26136,174,7000,3,1,1,5,1,700704,1000000
2024DL0001394,1,1678.79,37,2,1,1,15,102079,501,1000,2,5,1,1,1,700710,1000000
2024DL0001395,1,1678.79,46,2,2,1,6,14848,98,6000,3,3,1,1,1,700710,1000000
2024DL0001396,1,1678.79,75,1,6,1,10,29710,198,0,0,6,1,1,1,700703,1000000
2024DL0001397,1,1678.79,92,2,2,1,9,17321,115,0,0,6,1,1,1,700700,1000000
2024DL0001398,1,1678.79,34,2,3,1,18,64610,430,4000,1,2,1,5,1,700704,1000000
2024DL0001399,1,1678.79,79,1,2,1,10,18114,120,0,0,6,1,2,1,700701,1000000
2024DL0001400,1,1678.79,47,1,4,1,9,91550,501,1000,1,4,1,1,1,700709,1000000
2024DL0001401,1,1678.79,20,2,1,1,18,20853,139,4000,2,4,1,1,1,700703,1000000
2024DL0001402,1,1678.79,14,2,2,1,6,13532,90,0,0,6,1,5,2,700707,1000000
2024DL0001403,1,1678.79,27,2,3,1,17,65386,435,4000,1,1,1,5,1,700707,1000000
2024DL0001404,1,1678.79,21,2,2,1,12,14287,95,6000,1,1,1,5,1,700701,1000000
2024DL0001405,1,1678.79,42,1,1,1,15,102769,501,1000,1,1,1,1,1,700700,1000000
2024DL0001406,1,1678.79,16,2,1,1,18,31169,207,0,0,6,1,5,1,700703,1000000
2024DL0001407,1,1678.79,71,1,1,1,5,3582,23,0,0,6,1,5,1,700706,1000000
2024DL0001408,1,1678.79,87,2,2,1,5,6998,46,0,0,6,1,1,1,700706,1000000
2024DL0001409,1,1678.79,9,1,3,1,3,6832,45,0,0,6,1,5,2,700707,1000000
2024DL0001410,1,1678.79,34,1,3,1,15,101011,501,3000,3,1,1,1,1,700708,1000000
2024DL0001411,1,1678.79,39,1,5,1,6,14845,98,5000,1,1,1,1,1,700707,1000000
2024DL0001412,1,1678.79,42,2,4,1,9,99366,501,6000,4,1,1,1,1,700705,1000000
2024DL0001413,1,1678.79,14,2,2,1,4,3537,23,0,0,6,1,5,1,700710,1000000
2024DL0001414,1,1678.79,37,1,3,1,13,84153,501,7000,1,1,1,1,2,700701,1000000
2024DL0001415,1,1678.79,55,1,5,1,12,13081,87,1000,1,1,1,1,1,700705,1000000
2024DL0001416,1,1678.79,39,2,3,1,7,9976,66,9000,4,1,1,1,2,700706,1000000
2024DL0001417,1,1678.79,7,1,2,1,4,8993,59,0,0,6,1,5,1,700710,1000000
2024DL0001418,1,1678.79,50,1,4,1,13,31397,209,9000,1,1,1,1,1,700710,1000000
2024DL0001419,1,1678.79,19,2,1,1,12,14359,95,9800,1,1,1,5,2,700701,1000000
2024DL0001420,1,1678.79,35,1,4,1,12,50954,339,9000,1,1,1,5,1,700708,1000000
2024DL0001421,1,1678.79,14,1,6,1,4,7951,53,0,0,6,1,5,1,700702,1000000
2024DL0001422,1,1678.79,46,2,3,1,9,25624,170,7000,1,4,1,1,1,700709,1000000
2024DL0001423,1,1678.79,22,1,2,1,16,34747,231,5000,1,1,1,5,1,700710,1000000
2024DL0001424,1,1678.79,25,1,5,1,6,29842,198,6000,1,1,1,5,1,700703,1000000
2024DL0001425,1,1678.79,7,2,6,1,6,7342,48,0,0,6,2,5,1,700704,1000000
2024DL0001426,1,1678.79,35,1,2,1,6,14329,95,5000,1,1,1,1,1,700708,1000000
2024DL0001427,1,1678.79,12,1,5,1,5,8184,54,0,0,6,1,5,1,700703,1000000
2024DL0001428,1,1678.79,5,2,5,1,6,23918,159,0,0,6,1,5,1,700700,1000000
2024DL0001429,1,1678.79,8,1,1,1,8,12702,84,0,0,6,1,5,1,700706,1000000
2024DL0001430,1,1678.79,2,1,3,1,4,7789,51,0,0,6,1,5,1,700709,1000000
2024DL0001431,1,1678.79,27,1,8,1,6,5545,36,9000,3,1,2,5,1,700700,1000000
2024DL0001432,1,1678.79,23,1,6,1,13,41231,274,9000,1,1,2,5,2,700702,1000000
2024DL0001433,1,1678.79,25,1,5,1,8,38230,254,8000,1,1,1,1,1,700703,1000000
2024DL0001434,1,1678.79,7,2,4,1,6,8929,59,0,0,6,1,5,1,700706,1000000
2024DL0001435,1,1678.79,4,2,1,1,4,6141,40,0,0,6,2,5,1,700701,1000000
2024DL0001436,1,1678.79,27,1,7,1,11,31644,210,9000,4,1,1,5,1,700704,1000000
2024DL0001437,1,1678.79,20,2,1,1,14,49710,331,4000,1,1,1,5,1,700700,1000000
2024DL0001438,1,1678.79,40,2,5,1,12,31390,209,7000,4,2,1,1,1,700700,1000000
2024DL0001439,1,1678.79,18,2,3,1,12,16302,108,5000,1,1,1,5,1,700706,1000000
2024DL0001440,1,1678.79,33,1,7,1,18,114618,501,1000,1,1,1,5,1,700704,1000000
2024DL0001441,1,1678.79,100,1,1,1,9,17943,119,0,0,6,1,1,1,700707,1000000
2024DL0001442,1,1678.79,19,1,1,1,14,10323,68,1000,1,3,1,5,2,700709,1000000
2024DL0001443,1,1678.79,58,2,5,1,8,17747,118,6000,1,4,1,1,1,700701,1000000
2024DL0001444,1,1678.79,30,1,2,1,7,8632,57,6000,1,3,1,1,1,700702,1000000
2024DL0001445,1,1678.79,52,1,4,1,12,23356,155,7000,3,1,1,5,1,700708,1000000
2024DL0001446,1,1678.79,44,1,4,1,6,14589,97,7000,1,1,1,1,1,700705,1000000
2024DL0001447,1,1678.79,12,1,2,1,4,6978,46,0,0,6,1,5,1,700709,1000000
2024DL0001448,1,1678.79,19,2,6,1,20,98251,501,4000,1,1,5,5,1,700700,1000000
2024DL0001449,1,1678.79,6,1,5,1,5,4939,32,0,0,6,5,5,1,700700,1000000
2024DL0001450,1,1678.79,37,2,3,1,10,34764,231,2000,2,1,2,5,1,700710,1000000
2024DL0001451,1,1678.79,39,1,4,1,10,30885,205,5000,1,1,1,1,1,700700,1000000
2024DL0001452,1,1678.79,4,2,1,1,8,3909,26,0,0,6,1,5,2,700710,1000000
2024DL0001453,1,1678.79,23,2,2,1,12,35080,233,4000,3,1,1,5,1,700707,1000000
2024DL0001454,1,1678.79,65,1,1,1,5,9043,60,5000,1,1,1,1,1,700707,1000000
2024DL0001455,1,1678.79,1,2,2,1,7,3610,24,0,0,6,1,5,1,700700,1000000
2024DL0001456,1,1678.79,17,2,4,1,11,8034,53,0,0,6,1,5,1,700701,1000000
2024DL0001457,1,1678.79,28,2,1,1,11,24537,163,7000,1,1,1,5,1,700709,1000000
2024DL0001458,1,1678.79,11,2,2,1,1,6234,41,0,0,6,1,5,1,700706,1000000
2024DL0001459,1,1678.79,42,1,1,1,14,52936,352,5000,6,1,1,3,2,700702,1000000
2024DL0001460,1,1678.79,57,1,4,1,10,54203,361,4000,1,1,1,1,1,700707,1000000
2024DL0001461,1,1678.79,29,1,6,1,18,60163,401,5000,1,1,1,5,2,700702,1000000
2024DL0001462,1,1678.79,15,2,2,1,19,143216,501,0,0,6,1,5,2,700708,1000000
2024DL0001463,1,1678.79,40,2,1,1,8,22683,151,7000,1,4,1,1,1,700710,1000000
2024DL0001464,1,1678.79,44,2,2,1,13,28584,190,6000,1,3,1,1,1,700701,1000000
2024DL0001465,1,1678.79,14,1,2,1,4,7355,49,0,0,6,1,5,1,700703,1000000
2024DL0001466,1,1678.79,5,2,2,1,3,13567,90,0,0,6,1,5,1,700700,1000000
2024DL0001467,1,1678.79,34,2,5,1,9,61311,408,3000,1,1,1,1,2,700706,1000000
2024DL0001468,1,1678.79,58,1,1,1,5,46745,311,9000,3,1,1,1,2,700707,1000000
2024DL0001469,1,1678.79,20,1,5,1,12,15099,100,9800,4,1,1,1,1,700709,1000000
2024DL0001470,1,1678.79,56,1,2,1,13,31499,209,1000,1,1,1,4,1,700704,1000000
2024DL0001471,1,1678.79,40,1,1,1,9,63006,420,2000,2,1,1,1,1,700707,1000000
2024DL0001472,1,1678.79,38,2,6,1,8,6814,45,6000,1,5,1,5,1,700704,1000000
2024DL0001473,1,1678.79,17,1,3,1,11,6164,41,0,0,6,1,5,1,700710,1000000
2024DL0001474,1,1678.79,33,1,4,1,13,29384,195,9000,4,1,1,1,1,700705,1000000
2024DL0001475,1,1678.79,41,1,1,1,16,74848,498,4000,2,1,1,1,1,700708,1000000
2024DL0001476,1,1678.79,43,2,3,1,6,13362,89,6000,1,1,1,1,1,700704,1000000
2024DL0001477,1,1678.79,44,1,2,1,11,86140,501,5000,1,1,1,2,1,700701,1000000
2024DL0001478,1,1678.79,16,1,4,1,13,9760,65,0,0,6,1,5,1,700702,1000000
2024DL0001479,1,1678.79,37,1,3,1,12,28626,190,9000,1,1,1,5,1,700706,1000000
2024DL0001480,1,1678.79,52,2,1,1,8,12329,82,9920,3,1,1,3,1,700701,1000000
2024DL0001481,1,1678.79,17,1,3,1,16,55021,366,0,0,6,1,5,1,700710,1000000
2024DL0001482,1,1678.79,18,2,6,1,14,38922,259,9000,3,1,1,5,2,700709,1000000
2024DL0001483,1,1678.79,5,1,3,1,1,1635,10,0,0,6,1,5,1,700700,1000000
2024DL0001484,1,1678.79,35,1,2,1,8,17868,119,9800,3,3,1,1,1,700704,1000000
2024DL0001485,1,1678.79,77,1,2,1,10,86859,501,0,0,6,1,2,1,700710,1000000
2024DL0001486,1,1678.79,41,1,8,1,6,15759,105,9800,3,4,1,1,1,700701,1000000
2024DL0001487,1,1678.79,39,2,1,1,13,22869,152,2000,2,1,1,5,1,700706,1000000
2024DL0001488,1,1678.79,22,2,1,1,18,211029,501,6000,1,1,5,5,1,700703,1000000
2024DL0001489,1,1678.79,37,2,2,1,8,22101,147,6000,6,1,1,1,1,700702,1000000
2024DL0001490,1,1678.79,22,2,2,1,19,143199,501,1000,1,1,1,5,1,700704,1000000
2024DL0001491,1,1678.79,54,1,2,1,15,100308,501,3000,2,1,1,2,1,700700,1000000
2024DL0001492,1,1678.79,19,2,6,1,19,38264,255,4000,1,5,1,5,1,700704,1000000
2024DL0001493,1,1678.79,19,2,2,1,18,63774,425,4000,1,1,1,5,1,700708,1000000
2024DL0001494,1,1678.79,14,2,8,1,6,2837,18,0,0,6,1,5,1,700702,1000000
2024DL0001495,1,1678.79,6,1,1,1,1,9718,64,0,0,6,1,5,1,700700,1000000
2024DL0001496,1,1678.79,41,1,1,1,10,51203,341,2000,1,1,1,1,1,700709,1000000
2024DL0001497,1,1678.79,5,1,6,1,4,8534,56,0,0,6,1,5,1,700708,1000000
2024DL0001498,1,1678.79,26,2,3,1,7,27564,183,7000,1,1,1,5,1,700700,1000000
2024DL0001499,1,1678.79,17,1,1,1,19,149711,501,0,0,6,1,5,1,700704,1000000
2024DL0001500,1,1678.79,1,1,7,1,5,7849,52,0,0,6,1,5,1,700710,1000000
2024DL0001501,1,1678.79,55,1,1,1,5,66065,440,9920,4,5,1,1,1,700710,1000000
2024DL0001502,1,1678.79,19,1,1,1,15,19248,128,3000,3,1,1,5,1,700700,1000000
2024DL0001503,1,1678.79,6,2,1,1,1,17295,115,0,0,6,1,5,1,700702,1000000
2024DL0001504,1,1678.79,1,1,1,1,1,3920,26,0,0,6,1,5,1,700710,1000000
2024DL0001505,1,1678.79,6,2,3,1,4,3942,26,0,0,6,1,5,1,700701,1000000
2024DL0001506,1,1678.79,48,1,9,1,8,12864,85,9800,1,1,1,1,2,700710,1000000
2024DL0001507,1,1678.79,25,2,1,1,9,63501,423,2000,1,1,1,5,1,700706,1000000
2024DL0001508,1,1678.79,38,1,6,1,6,24163,161,5000,3,1,1,1,1,700709,1000000
2024DL0001509,1,1678.79,37,2,6,1,7,8204,54,9920,4,5,1,1,1,700710,1000000
2024DL0001510,1,1678.79,34,1,3,1,9,63179,421,6000,3,1,5,5,1,700709,1000000
2024DL0001511,1,1678.79,60,1,4,1,5,21354,142,7000,1,1,1,2,1,700703,1000000
2024DL0001512,1,1678.79,16,1,6,1,14,14157,94,0,0,6,1,5,2,700702,1000000
2024DL0001513,1,1678.79,34,1,1,1,11,90069,501,8000,1,1,1,1,1,700707,1000000
2024DL0001514,1,1678.79,43,2,2,1,20,97602,501,1000,2,1,1,1,1,700705,1000000
2024DL0001515,1,1678.79,29,2,1,1,13,30496,203,6000,1,3,1,5,1,700707,1000000
2024DL0001516,1,1678.79,26,2,2,1,5,6167,41,9920,3,1,1,1,1,700707,1000000
2024DL0001517,1,1678.79,44,2,2,1,5,20286,135,9920,1,2,1,2,1,700708,1000000
2024DL0001518,1,1678.79,65,2,6,1,9,13093,87,6000,3,3,1,1,1,700706,1000000
2024DL0001519,1,1678.79,5,2,3,1,4,19823,132,0,0,6,1,5,1,700704,1000000
2024DL0001520,1,1678.79,58,1,3,1,5,4248,28,5000,1,1,1,5,1,700703,1000000
2024DL0001521,1,1678.79,15,1,1,1,11,18030,120,0,0,6,1,5,1,700700,1000000
2024DL0001522,1,1678.79,29,1,6,1,8,15038,100,9000,1,1,1,1,1,700703,1000000
2024DL0001523,1,1678.79,32,1,5,1,5,29008,193,9800,1,1,1,1,2,700710,1000000
2024DL0001524,1,1678.79,44,2,1,1,16,143645,501,6000,6,2,1,1,1,700702,1000000
2024DL0001525,1,1678.79,12,1,1,1,3,5572,37,0,0,6,1,5,1,700708,1000000
2024DL0001526,1,1678.79,43,1,4,1,15,86558,501,5000,1,2,1,1,1,700703,1000000
2024DL0001527,1,1678.79,44,1,1,1,10,45625,304,7000,4,1,1,1,1,700703,1000000
2024DL0001528,1,1678.79,40,1,1,1,9,33150,221,1000,2,1,1,2,1,700707,1000000
2024DL0001529,1,1678.79,30,2,7,1,7,6046,40,6000,4,1,1,1,1,700707,1000000
2024DL0001530,1,1678.79,8,1,5,1,4,8803,58,0,0,6,1,5,1,700702,1000000
2024DL0001531,1,1678.79,6,2,3,1,1,3180,21,0,0,6,1,5,1,700706,1000000
2024DL0001532,1,1678.79,34,1,5,1,17,112659,501,2000,1,1,1,5,1,700707,1000000
2024DL0001533,1,1678.79,42,2,4,1,11,18238,121,5000,1,1,1,1,1,700706,1000000
2024DL0001534,1,1678.79,14,2,1,1,4,11020,73,0,0,6,1,5,1,700707,1000000
2024DL0001535,1,1678.79,21,1,3,1,15,43357,289,6000,1,1,1,5,1,700705,1000000
2024DL0001536,1,1678.79,5,2,2,1,2,11122,74,0,0,6,1,5,1,700700,1000000
2024DL0001537,1,1678.79,3,2,3,1,4,9371,62,0,0,6,1,5,1,700707,1000000
2024DL0001538,1,1678.79,40,1,6,1,14,30741,204,7000,1,1,1,3,1,700708,1000000
2024DL0001539,1,1678.79,57,2,5,1,9,18526,123,6000,3,2,1,5,1,700710,1000000
2024DL0001540,1,1678.79,29,2,1,1,10,35310,235,5000,1,1,1,1,1,700705,1000000
2024DL0001541,1,1678.79,17,2,6,1,14,10985,73,0,0,6,1,5,1,700704,1000000
2024DL0001542,1,1678.79,13,2,1,1,5,53857,359,0,0,6,1,5,1,700703,1000000
2024DL0001543,1,1678.79,34,2,6,1,17,94872,501,3000,2,1,1,5,1,700708,1000000
2024DL0001544,1,1678.79,76,2,3,1,9,24653,164,0,0,6,1,1,1,700702,1000000
2024DL0001545,1,1678.79,16,1,1,1,18,38895,259,0,0,6,1,5,1,700708,1000000
2024DL0001546,1,1678.79,44,1,3,1,10,54642,364,5000,4,1,1,1,2,700703,1000000
2024DL0001547,1,1678.79,0,1,5,1,7,2180,14,0,0,6,1,5,1,700701,1000000
2024DL0001548,1,1678.79,22,1,5,1,13,15963,106,9800,1,1,1,5,1,700708,1000000
2024DL0001549,1,1678.79,13,2,3,1,6,15084,100,0,0,6,1,5,1,700702,1000000
2024DL0001550,1,1678.79,0,2,2,1,1,39734,264,0,0,6,1,5,1,700703,1000000
2024DL0001551,1,1678.79,30,1,1,1,5,13076,87,8000,1,5,1,5,2,700706,1000000
2024DL0001552,1,1678.79,30,2,1,1,11,36575,243,7000,3,1,1,1,1,700703,1000000
2024DL0001553,1,1678.79,13,1,7,1,4,6102,40,0,0,6,1,5,1,700705,1000000
2024DL0001554,1,1678.79,49,2,1,1,5,19133,127,5000,4,1,1,1,2,700700,1000000
2024DL0001555,1,1678.79,31,2,2,1,5,73902,492,9920,1,1,2,1,1,700707,1000000
2024DL0001556,1,1678.79,11,1,6,1,6,7945,52,0,0,6,1,5,1,700710,1000000
2024DL0001557,1,1678.79,7,2,1,1,5,9078,60,0,0,6,1,5,1,700705,1000000
2024DL0001558,1,1678.79,8,2,5,1,4,11605,77,0,0,6,2,5,1,700706,1000000
2024DL0001559,1,1678.79,21,1,7,1,13,22364,149,9000,4,4,1,5,1,700701,1000000
2024DL0001560,1,1678.79,17,1,2,1,16,48298,321,0,0,6,1,5,1,700704,1000000
2024DL0001561,1,1678.79,7,2,1,1,1,15084,100,0,0,6,2,5,1,700704,1000000
2024DL0001562,1,1678.79,31,2,4,1,14,12372,82,5000,4,4,1,1,1,700710,1000000
2024DL0001563,1,1678.79,22,2,5,1,15,53384,355,4000,1,1,1,1,1,700702,1000000
2024DL0001564,1,1678.79,1,2,1,1,7,26055,173,0,0,6,1,5,1,700709,1000000
2024DL0001565,1,1678.79,34,2,1,1,11,63545,423,7000,4,1,1,5,1,700705,1000000
2024DL0001566,1,1678.79,11,1,1,1,7,10179,67,0,0,6,1,5,1,700703,1000000
2024DL0001567,1,1678.79,7,2,1,1,2,15370,102,0,0,6,1,5,1,700700,1000000
2024DL0001568,1,1678.79,22,2,3,1,12,111685,501,3000,1,1,1,5,1,700705,1000000
2024DL0001569,1,1678.79,17,1,2,1,12,4328,28,0,0,6,1,5,1,700703,1000000
2024DL0001570,1,1678.79,29,2,4,1,15,25802,172,4000,2,1,1,1,1,700700,1000000
2024DL0001571,1,1678.79,14,2,4,1,9,21163,141,0,0,6,1,5,1,700705,1000000
2024DL0001572,1,1678.79,20,1,6,1,11,42820,285,5000,6,1,1,5,1,700703,1000000
2024DL0001573,1,1678.79,6,2,4,1,3,11274,75,0,0,6,1,5,1,700707,1000000
2024DL0001574,1,1678.79,24,1,1,1,11,56436,376,1000,1,1,1,5,1,700707,1000000
2024DL0001575,1,1678.79,33,1,1,1,14,30395,202,6000,3,1,1,1,1,700700,1000000
2024DL0001576,1,1678.79,13,1,9,1,2,5289,35,0,0,6,5,5,1,700700,1000000
2024DL0001577,1,1678.79,41,1,1,1,5,25284,168,9800,3,2,5,1,1,700701,1000000
2024DL0001578,1,1678.79,0,2,9,1,6,35890,239,0,0,6,1,5,1,700700,1000000
2024DL0001579,1,1678.79,42,1,1,1,15,110381,501,4000,2,4,1,1,1,700700,1000000
2024DL0001580,1,1678.79,34,1,6,1,7,31375,209,9800,3,1,1,5,1,700700,1000000
2024DL0001581,1,1678.79,15,2,2,1,11,13470,89,0,0,6,1,5,1,700705,1000000
2024DL0001582,1,1678.79,6,2,2,1,9,4901,32,0,0,6,1,5,1,700706,1000000
2024DL0001583,1,1678.79,2,1,4,1,5,6415,42,0,0,6,1,5,1,700710,1000000
2024DL0001584,1,1678.79,2,1,5,1,4,20258,135,0,0,6,1,5,2,700706,1000000
2024DL0001585,1,1678.79,8,2,2,1,7,10840,72,0,0,6,1,5,1,700701,1000000
2024DL0001586,1,1678.79,22,1,9,1,19,76332,501,2000,1,1,1,5,1,700707,1000000
2024DL0001587,1,1678.79,50,2,2,1,19,365479,501,3000,2,4,1,1,1,700706,1000000
2024DL0001588,1,1678.79,37,2,1,1,14,40232,268,5000,1,1,1,1,1,700704,1000000
2024DL0001589,1,1678.79,42,1,2,1,8,19077,127,5000,4,1,2,1,1,700701,1000000
2024DL0001590,1,1678.79,36,1,8,1,5,16648,110,9000,1,1,1,1,1,700700,1000000
2024DL0001591,1,1678.79,45,2,3,1,7,14047,93,5000,1,3,1,5,1,700708,1000000
2024DL0001592,1,1678.79,47,2,6,1,11,15363,102,9800,1,1,1,1,1,700700,1000000
2024DL0001593,1,1678.79,14,2,3,1,5,5193,34,0,0,6,1,5,1,700707,1000000
2024DL0001594,1,1678.79,6,1,6,1,1,6800,45,0,0,6,1,5,1,700709,1000000
2024DL0001595,1,1678.79,14,1,2,1,6,20608,137,0,0,6,1,5,2,700704,1000000
2024DL0001596,1,1678.79,8,1,1,1,3,25951,173,0,0,6,1,5,1,700709,1000000
2024DL0001597,1,1678.79,53,2,6,1,9,57680,384,7000,3,1,1,1,1,700708,1000000
2024DL0001598,1,1678.79,30,1,1,1,19,192547,501,2000,1,2,1,1,1,700704,1000000
2024DL0001599,1,1678.79,42,1,4,1,8,20047,133,5000,1,1,1,3,1,700707,1000000
2024DL0001600,1,1678.79,3,1,1,1,2,10976,73,0,0,6,1,5,2,700702,1000000
2024DL0001601,1,1678.79,12,2,3,1,3,8989,59,0,0,6,1,5,2,700708,1000000
2024DL0001602,1,1678.79,55,2,6,1,5,9237,61,9920,3,2,1,1,1,700705,1000000
2024DL0001603,1,1678.79,85,2,4,1,7,7375,49,0,0,6,1,3,2,700707,1000000
2024DL0001604,1,1678.79,1,1,3,1,3,26925,179,0,0,6,1,5,1,700705,1000000
2024DL0001605,1,1678.79,22,1,4,1,12,42817,285,4000,1,1,1,5,1,700702,1000000
2024DL0001606,1,1678.79,37,1,2,1,7,24397,162,5000,1,5,1,1,1,700700,1000000
2024DL0001607,1,1678.79,13,2,1,1,6,9807,65,0,0,6,1,5,1,700708,1000000
2024DL0001608,1,1678.79,20,2,6,1,13,6918,46,3000,3,1,1,5,2,700705,1000000
2024DL0001609,1,1678.79,2,1,7,1,2,7820,52,0,0,6,1,5,2,700702,1000000
2024DL0001610,1,1678.79,81,1,3,1,9,11380,75,0,0,6,1,1,1,700703,1000000
2024DL0001611,1,1678.79,25,1,4,1,14,33403,222,6000,4,1,1,1,1,700710,1000000
2024DL0001612,1,1678.79,49,2,1,1,12,76013,501,1000,2,1,1,1,1,700708,1000000
2024DL0001613,1,1678.79,24,2,2,1,13,31517,210,9000,3,4,1,5,2,700710,1000000
2024DL0001614,1,1678.79,19,1,6,1,12,9311,62,7000,4,1,1,5,1,700709,1000000
2024DL0001615,1,1678.79,98,1,4,1,9,10926,72,0,0,6,1,1,1,700709,1000000
2024DL0001616,1,1678.79,34,2,4,1,9,97324,501,2000,1,1,1,1,1,700705,1000000
2024DL0001617,1,1678.79,39,2,1,1,18,54185,361,4000,1,1,1,1,1,700704,1000000
2024DL0001618,1,1678.79,13,1,4,1,1,15617,104,0,0,6,1,5,1,700704,1000000
2024DL0001619,1,1678.79,39,1,3,1,5,31037,206,9000,3,5,1,1,1,700702,1000000
2024DL0001620,1,1678.79,21,1,1,1,15,35841,238,4000,2,1,1,5,1,700704,1000000
2024DL0001621,1,1678.79,4,2,1,1,1,11177,74,0,0,6,1,5,1,700704,1000000
2024DL0001622,1,1678.79,54,1,3,1,17,46424,309,4000,2,3,1,1,1,700708,1000000
2024DL0001623,1,1678.79,9,1,1,1,4,9781,65,0,0,6,1,5,1,700708,1000000
2024DL0001624,1,1678.79,20,1,1,1,14,10348,68,7000,1,1,1,5,1,700701,1000000
2024DL0001625,1,1678.79,28,1,1,1,17,44194,294,1000,3,2,1,5,2,700701,1000000
2024DL0001626,1,1678.79,53,1,2,1,17,33400,222,2000,1,1,1,4,1,700706,1000000
2024DL0001627,1,1678.79,22,2,5,1,18,168487,501,4000,1,1,1,5,1,700703,1000000
2024DL0001628,1,1678.79,35,2,1,1,5,21205,141,5000,4,1,1,1,1,700705,1000000
2024DL0001629,1,1678.79,27,1,5,1,13,36071,240,7000,6,1,2,1,1,700703,1000000
2024DL0001630,1,1678.79,44,1,1,1,7,8816,58,5000,3,3,1,1,1,700708,1000000
2024DL0001631,1,1678.79,13,1,1,1,9,13348,88,0,0,6,1,5,1,700700,1000000
2024DL0001632,1,1678.79,13,1,1,1,2,46177,307,0,0,6,2,5,1,700710,1000000
2024DL0001633,1,1678.79,17,1,1,1,18,64222,428,0,0,6,1,5,1,700703,1000000
2024DL0001634,1,1678.79,40,1,6,1,15,76761,501,4000,1,2,1,1,1,700702,1000000
2024DL0001635,1,1678.79,39,1,5,1,17,108925,501,5000,3,1,1,1,1,700707,1000000
2024DL0001636,1,1678.79,19,2,5,1,11,6381,42,5000,1,1,1,5,2,700707,1000000
2024DL0001637,1,1678.79,16,1,3,1,17,30107,200,0,0,6,1,5,1,700700,1000000
2024DL0001638,1,1678.79,13,1,3,1,3,4801,32,0,0,6,1,5,1,700709,1000000
2024DL0001639,1,1678.79,82,2,2,1,9,17947,119,0,0,6,2,5,1,700707,1000000
2024DL0001640,1,1678.79,4,1,5,1,8,2397,15,0,0,6,1,5,1,700705,1000000
2024DL0001641,1,1678.79,2,1,1,1,9,14737,98,0,0,6,1,5,1,700706,1000000
2024DL0001642,1,1678.79,15,2,1,1,17,36630,244,0,0,6,1,5,1,700703,1000000
2024DL0001643,1,1678.79,46,1,4,1,7,64210,428,9800,1,1,1,1,2,700704,1000000
2024DL0001644,1,1678.79,17,2,1,1,16,29573,197,0,0,6,1,5,1,700708,1000000
2024DL0001645,1,1678.79,10,1,6,1,7,8977,59,0,0,6,1,5,1,700704,1000000
2024DL0001646,1,1678.79,23,1,1,1,20,140912,501,3000,1,1,1,1,1,700706,1000000
2024DL0001647,1,1678.79,66,2,5,1,7,13033,86,6000,6,1,1,1,1,700702,1000000
2024DL0001648,1,1678.79,30,1,3,1,17,54594,363,2000,1,1,1,1,1,700701,1000000
2024DL0001649,1,1678.79,37,1,3,1,6,16119,107,7000,1,1,1,1,1,700705,1000000
2024DL0001650,1,1678.79,97,2,2,1,6,3425,22,0,0,6,1,1,1,700701,1000000
2024DL0001651,1,1678.79,64,2,4,1,8,12571,83,8000,4,1,1,2,2,700703,1000000
2024DL0001652,1,1678.79,0,2,1,1,4,4666,31,0,0,6,1,5,1,700710,1000000
2024DL0001653,1,1678.79,39,2,1,1,13,22688,151,7000,1,1,1,1,1,700703,1000000
2024DL0001654,1,1678.79,31,2,1,1,9,89223,501,5000,1,3,1,1,1,700710,1000000
2024DL0001655,1,1678.79,35,1,1,1,10,23745,158,1000,1,1,1,2,1,700707,1000000
2024DL0001656,1,1678.79,18,1,2,1,14,46834,312,5000,3,3,1,5,1,700702,1000000
2024DL0001657,1,1678.79,0,1,2,1,8,35862,239,0,0,6,1,5,2,700702,1000000
2024DL0001658,1,1678.79,50,1,1,1,11,59375,395,6000,1,1,1,1,2,700702,1000000
2024DL0001659,1,1678.79,33,1,4,1,10,24742,164,6000,4,1,1,5,1,700710,1000000
2024DL0001660,1,1678.79,57,1,3,1,11,68085,453,8000,4,1,1,4,1,700706,1000000
2024DL0001661,1,1678.79,42,1,3,1,10,10194,67,6000,3,1,1,1,1,700708,1000000
2024DL0001662,1,1678.79,44,2,6,1,14,21672,144,9000,1,4,1,1,1,700707,1000000
2024DL0001663,1,1678.79,45,1,3,1,8,16942,112,9000,1,1,1,1,2,700701,1000000
2024DL0001664,1,1678.79,49,2,7,1,7,38485,256,8000,3,1,1,1,1,700708,1000000
2024DL0001665,1,1678.79,15,1,5,1,12,16014,106,0,0,6,2,5,1,700701,1000000
2024DL0001666,1,1678.79,0,1,1,1,5,5213,34,0,0,6,1,5,1,700702,1000000
2024DL0001667,1,1678.79,12,2,1,1,7,6840,45,0,0,6,1,5,1,700702,1000000
2024DL0001668,1,1678.79,21,1,1,1,18,27311,182,6000,1,5,1,5,1,700703,1000000
2024DL0001669,1,1678.79,13,1,5,1,5,8496,56,0,0,6,1,5,1,700706,1000000
2024DL0001670,1,1678.79,60,2,2,1,9,14645,97,4000,1,1,1,5,1,700704,1000000
2024DL0001671,1,1678.79,34,1,1,1,12,51616,344,2000,1,1,1,5,1,700701,1000000
2024DL0001672,1,1678.79,37,2,3,1,8,12665,84,7000,4,1,1,2,1,700709,1000000
2024DL0001673,1,1678.79,13,1,1,1,4,6706,44,0,0,6,1,5,1,700700,1000000
2024DL0001674,1,1678.79,57,2,3,1,14,32908,219,5000,1,1,1,1,1,700707,1000000
2024DL0001675,1,1678.79,7,1,3,1,2,6028,40,0,0,6,1,5,1,700701,1000000
2024DL0001676,1,1678.79,93,2,2,1,7,6315,42,0,0,6,1,1,1,700703,1000000
2024DL0001677,1,1678.79,48,1,1,1,10,58064,387,6000,3,1,2,1,1,700703,1000000
2024DL0001678,1,1678.79,56,1,2,1,8,16579,110,7000,1,1,1,1,1,700702,1000000
2024DL0001679,1,1678.79,11,1,6,1,9,30017,200,0,0,6,1,5,1,700701,1000000
2024DL0001680,1,1678.79,25,2,3,1,10,66776,445,3000,2,1,1,1,1,700703,1000000
2024DL0001681,1,1678.79,7,1,1,1,3,18803,125,0,0,6,1,5,1,700706,1000000
2024DL0001682,1,1678.79,18,1,3,1,19,34750,231,4000,2,2,1,5,1,700704,1000000
2024DL0001683,1,1678.79,40,2,6,1,8,7304,48,9800,1,1,1,1,1,700701,1000000
2024DL0001684,1,1678.79,9,1,5,1,6,11772,78,0,0,6,1,5,1,700705,1000000
2024DL0001685,1,1678.79,18,1,6,1,17,41699,277,1000,1,1,1,5,1,700700,1000000
2024DL0001686,1,1678.79,23,2,1,1,13,29865,199,6000,1,1,2,5,1,700708,1000000
2024DL0001687,1,1678.79,25,1,1,1,10,20302,135,5000,4,1,2,5,1,700704,1000000
2024DL0001688,1,1678.79,4,2,2,1,3,3907,26,0,0,6,1,5,1,700703,1000000
2024DL0001689,1,1678.79,5,1,2,1,8,9810,65,0,0,6,1,5,1,700700,1000000
2024DL0001690,1,1678.79,6,1,1,1,3,11937,79,0,0,6,1,5,1,700700,1000000
2024DL0001691,1,1678.79,9,1,2,1,6,11261,75,0,0,6,1,5,1,700709,1000000
2024DL0001692,1,1678.79,5,1,5,1,3,6503,43,0,0,6,1,5,1,700707,1000000
2024DL0001693,1,1678.79,86,1,4,1,5,7077,47,0,0,6,1,1,1,700709,1000000
2024DL0001694,1,1678.79,77,1,1,1,9,23566,157,0,0,6,1,1,1,700701,1000000
2024DL0001695,1,1678.79,12,1,1,1,6,1833,12,0,0,6,1,5,1,700701,1000000
2024DL0001696,1,1678.79,35,1,3,1,7,13408,89,5000,3,1,1,1,1,700707,1000000
2024DL0001697,1,1678.79,1,1,1,1,1,2996,19,0,0,6,2,5,1,700703,1000000
2024DL0001698,1,1678.79,9,1,2,1,8,4913,32,0,0,6,1,5,1,700708,1000000
2024DL0001699,1,1678.79,47,2,3,1,14,33594,223,6000,1,1,1,1,2,700702,1000000
2024DL0001700,1,1678.79,2,2,2,1,5,7362,49,0,0,6,1,5,1,700705,1000000
2024DL0001701,1,1678.79,42,2,1,1,11,158607,501,8000,4,1,1,3,1,700704,1000000
2024DL0001702,1,1678.79,3,2,1,1,8,7153,47,0,0,6,2,5,1,700706,1000000
2024DL0001703,1,1678.79,58,1,1,1,11,53401,356,7000,1,1,1,2,1,700702,1000000
2024DL0001704,1,1678.79,29,2,6,1,12,40537,270,8000,1,2,5,1,1,700701,1000000
2024DL0001705,1,1678.79,27,1,1,1,16,115145,501,3000,1,1,1,1,1,700702,1000000
2024DL0001706,1,1678.79,1,1,1,1,6,3087,20,0,0,6,1,5,1,700706,1000000
2024DL0001707,1,1678.79,9,2,1,1,1,1022,6,0,0,6,1,5,1,700710,1000000
2024DL0001708,1,1678.79,8,2,7,1,2,7695,51,0,0,6,1,5,1,700700,1000000
2024DL0001709,1,1678.79,38,2,6,1,13,28056,187,1000,3,1,1,2,1,700706,1000000
2024DL0001710,1,1678.79,43,2,1,1,13,35609,237,2000,3,1,1,3,1,700701,1000000
2024DL0001711,1,1678.79,41,1,2,1,8,39224,261,9920,1,1,1,1,2,700701,1000000
2024DL0001712,1,1678.79,90,1,7,1,5,3426,22,0,0,6,1,1,1,700706,1000000
2024DL0001713,1,1678.79,42,1,3,1,5,16578,110,9800,4,1,1,1,1,700705,1000000
2024DL0001714,1,1678.79,7,1,1,1,1,4134,27,0,0,6,1,5,1,700701,1000000
2024DL0001715,1,1678.79,22,2,3,1,20,79410,501,4000,1,1,1,5,1,700700,1000000
2024DL0001716,1,1678.79,27,1,1,1,7,12331,82,9800,6,1,1,1,1,700700,1000000
2024DL0001717,1,1678.79,16,2,1,1,17,69005,460,0,0,6,1,5,1,700701,1000000
2024DL0001718,1,1678.79,50,2,3,1,12,16425,109,8000,1,1,1,1,2,700709,1000000
2024DL0001719,1,1678.79,4,2,5,1,4,2141,14,0,0,6,1,5,1,700704,1000000
2024DL0001720,1,1678.79,39,1,1,1,16,188187,501,6000,1,1,1,1,1,700705,1000000
2024DL0001721,1,1678.79,52,2,1,1,11,85145,501,7000,1,1,1,2,1,700700,1000000
2024DL0001722,1,1678.79,58,1,6,1,15,202327,501,1000,1,1,1,1,1,700704,1000000
2024DL0001723,1,1678.79,55,2,5,1,11,61478,409,8000,1,1,1,1,1,700706,1000000
2024DL0001724,1,1678.79,30,2,1,1,11,77300,501,5000,1,2,1,1,2,700700,1000000
2024DL0001725,1,1678.79,17,2,1,1,13,18170,121,0,0,6,1,5,1,700705,1000000
2024DL0001726,1,1678.79,51,1,1,1,6,12494,83,5000,1,3,1,1,1,700705,1000000
2024DL0001727,1,1678.79,21,1,1,1,13,86360,501,7000,6,1,1,5,1,700707,1000000
2024DL0001728,1,1678.79,46,2,6,1,9,47978,319,6000,3,1,1,1,1,700708,1000000
2024DL0001729,1,1678.79,19,1,2,1,17,34401,229,2000,2,1,1,5,1,700700,1000000
2024DL0001730,1,1678.79,39,2,2,1,9,19576,130,8000,1,1,1,1,1,700709,1000000
2024DL0001731,1,1678.79,22,1,3,1,17,44648,297,3000,2,1,1,5,1,700709,1000000
2024DL0001732,1,1678.79,41,1,1,1,19,106931,501,3000,3,2,1,1,1,700708,1000000
2024DL0001733,1,1678.79,25,1,2,1,7,17892,119,6000,1,1,1,5,1,700710,1000000
2024DL0001734,1,1678.79,1,2,5,1,2,13626,90,0,0,6,2,5,1,700704,1000000
2024DL0001735,1,1678.79,34,2,2,1,5,15470,103,6000,3,1,1,5,1,700705,1000000
2024DL0001736,1,1678.79,55,2,4,1,14,79648,501,5000,1,1,1,1,1,700701,1000000
2024DL0001737,1,1678.79,25,2,6,1,5,23919,159,5000,1,1,1,5,1,700706,1000000
2024DL0001738,1,1678.79,10,1,4,1,7,8648,57,0,0,6,1,5,1,700707,1000000
2024DL0001739,1,1678.79,84,2,3,1,5,6604,44,0,0,6,1,1,2,700707,1000000
2024DL0001740,1,1678.79,4,2,4,1,2,7998,53,0,0,6,1,5,1,700709,1000000
2024DL0001741,1,1678.79,40,2,2,1,7,78385,501,9920,6,1,1,1,1,700700,1000000
2024DL0001742,1,1678.79,56,1,1,1,6,28277,188,5000,6,1,1,5,1,700701,1000000
2024DL0001743,1,1678.79,26,2,4,1,10,167671,501,2000,1,1,1,1,1,700704,1000000
2024DL0001744,1,1678.79,43,1,6,1,8,12021,80,5000,1,1,1,1,1,700709,1000000
2024DL0001745,1,1678.79,44,1,5,1,15,58331,388,4000,2,2,1,1,2,700707,1000000
2024DL0001746,1,1678.79,42,1,3,1,11,36921,246,8000,4,1,1,1,1,700703,1000000
2024DL0001747,1,1678.79,15,1,6,1,20,62158,414,0,0,6,1,5,1,700701,1000000
2024DL0001748,1,1678.79,7,1,2,1,6,9589,63,0,0,6,1,5,1,700704,1000000
2024DL0001749,1,1678.79,36,1,4,1,10,46817,312,9000,1,1,1,1,2,700700,1000000
2024DL0001750,1,1678.79,7,2,4,1,2,4386,29,0,0,6,1,5,2,700702,1000000
2024DL0001751,1,1678.79,19,1,5,1,18,37148,247,5000,1,1,1,5,1,700706,1000000
2024DL0001752,1,1678.79,57,1,2,1,14,33284,221,2000,2,1,1,1,1,700702,1000000
2024DL0001753,1,1678.79,21,2,1,1,20,62122,414,1000,3,1,1,5,1,700703,1000000
2024DL0001754,1,1678.79,0,1,5,1,6,13105,87,0,0,6,1,5,1,700701,1000000
2024DL0001755,1,1678.79,41,1,5,1,8,7988,53,9800,4,1,1,3,1,700702,1000000
2024DL0001756,1,1678.79,43,2,3,1,10,56799,378,9800,4,1,1,1,1,700706,1000000
2024DL0001757,1,1678.79,7,1,3,1,6,9105,60,0,0,6,1,5,1,700710,1000000
2024DL0001758,1,1678.79,25,2,6,1,6,9421,62,7000,6,1,1,5,1,700710,1000000
2024DL0001759,1,1678.79,15,1,1,1,15,25947,172,0,0,6,1,5,1,700705,1000000
2024DL0001760,1,1678.79,55,2,1,1,18,115138,501,6000,4,1,1,1,1,700708,1000000
2024DL0001761,1,1678.79,8,1,3,1,6,20822,138,0,0,6,1,5,1,700706,1000000
2024DL0001762,1,1678.79,20,1,6,1,19,68274,455,3000,3,1,1,5,1,700706,1000000
2024DL0001763,1,1678.79,28,1,5,1,11,58218,388,6000,6,2,1,5,2,700708,1000000
2024DL0001764,1,1678.79,1,2,7,1,2,2965,19,0,0,6,1,5,2,700707,1000000
2024DL0001765,1,1678.79,3,1,3,1,3,6933,46,0,0,6,2,5,2,700709,1000000
2024DL0001766,1,1678.79,20,2,1,1,10,6756,45,9000,4,1,1,1,1,700708,1000000
2024DL0001767,1,1678.79,17,1,1,1,14,22358,149,0,0,6,1,5,1,700705,1000000
2024DL0001768,1,1678.79,5,1,4,1,2,10479,69,0,0,6,1,5,1,700700,1000000
2024DL0001769,1,1678.79,37,1,5,1,14,24539,163,1000,2,2,1,1,1,700710,1000000
2024DL0001770,1,1678.79,37,1,1,1,11,31537,210,8000,4,1,1,5,1,700706,1000000
2024DL0001771,1,1678.79,21,2,2,1,14,15081,100,7000,6,1,1,5,1,700703,1000000
2024DL0001772,1,1678.79,9,1,1,1,4,3849,25,0,0,6,1,5,2,700708,1000000
2024DL0001773,1,1678.79,21,1,3,1,18,30707,204,4000,3,1,1,1,1,700702,1000000
2024DL0001774,1,1678.79,20,1,1,1,14,14773,98,1000,3,1,1,5,1,700705,1000000
2024DL0001775,1,1678.79,24,2,2,1,15,42180,281,1000,3,1,2,5,2,700704,1000000
2024DL0001776,1,1678.79,16,1,1,1,14,12765,85,0,0,6,1,5,1,700709,1000000
2024DL0001777,1,1678.79,47,2,2,1,5,56404,376,9800,3,1,1,1,1,700702,1000000
2024DL0001778,1,1678.79,43,1,1,1,19,201300,501,3000,3,1,1,1,1,700709,1000000
2024DL0001779,1,1678.79,36,2,1,1,14,12889,85,1000,1,1,1,5,1,700703,1000000
2024DL0001780,1,1678.79,49,2,6,1,20,222848,501,3000,2,2,1,1,1,700705,1000000
2024DL0001781,1,1678.79,29,1,1,1,7,18231,121,9800,1,3,1,1,1,700703,1000000
2024DL0001782,1,1678.79,35,2,1,1,6,12464,83,6000,4,1,1,1,1,700705,1000000
2024DL0001783,1,1678.79,5,2,2,1,5,10936,72,0,0,6,1,5,1,700700,1000000
2024DL0001784,1,1678.79,9,2,5,1,4,10946,72,0,0,6,1,5,1,700710,1000000
2024DL0001785,1,1678.79,46,2,1,1,11,32018,213,1000,3,1,1,1,1,700700,1000000
2024DL0001786,1,1678.79,50,1,6,1,8,28299,188,6000,1,1,1,5,1,700705,1000000
2024DL0001787,1,1678.79,15,1,4,1,20,96639,501,0,0,6,1,5,1,700707,1000000
2024DL0001788,1,1678.79,18,1,5,1,16,61408,409,4000,2,1,1,5,1,700709,1000000
2024DL0001789,1,1678.79,45,1,1,1,8,9663,64,9800,1,3,1,1,1,700700,1000000
2024DL0001790,1,1678.79,58,1,5,1,6,17233,114,9920,6,1,1,1,2,700705,1000000
2024DL0001791,1,1678.79,38,2,4,1,5,5170,34,9920,3,1,1,1,1,700706,1000000
2024DL0001792,1,1678.79,31,2,1,1,10,14843,98,5000,1,1,2,5,2,700704,1000000
2024DL0001793,1,1678.79,44,1,4,1,9,25007,166,1000,3,1,1,1,2,700700,1000000
2024DL0001794,1,1678.79,15,1,2,1,12,38291,255,0,0,6,2,5,1,700710,1000000
2024DL0001795,1,1678.79,1,1,3,1,5,5512,36,0,0,6,2,5,1,700704,1000000
2024DL0001796,1,1678.79,5,1,5,1,5,11660,77,0,0,6,1,5,2,700709,1000000
2024DL0001797,1,1678.79,43,2,1,1,7,10355,69,9800,3,1,1,1,2,700701,1000000
2024DL0001798,1,1678.79,30,2,4,1,5,19337,128,9920,1,2,1,1,1,700702,1000000
2024DL0001799,1,1678.79,21,1,1,1,12,3363,22,6000,1,1,5,5,2,700700,1000000
2024DL0001800,1,1678.79,22,2,5,1,17,103730,501,5000,6,1,1,1,1,700706,1000000
2024DL0001801,1,1678.79,18,1,2,1,12,20969,139,4000,3,3,1,5,1,700707,1000000
2024DL0001802,1,1678.79,15,1,7,1,14,48611,324,0,0,6,1,5,1,700705,1000000
2024DL0001803,1,1678.79,1,2,6,1,8,1689,11,0,0,6,1,5,1,700705,1000000
2024DL0001804,1,1678.79,36,2,2,1,12,14481,96,5000,3,2,1,1,1,700701,1000000
2024DL0001805,1,1678.79,6,2,2,1,5,15293,101,0,0,6,1,5,1,700708,1000000
2024DL0001806,1,1678.79,10,1,9,1,1,12357,82,0,0,6,1,5,1,700710,1000000
2024DL0001807,1,1678.79,36,2,2,1,11,12688,84,1000,3,1,1,1,1,700709,1000000
2024DL0001808,1,1678.79,51,2,6,1,5,11606,77,8000,1,2,1,1,2,700709,1000000
2024DL0001809,1,1678.79,21,2,6,1,12,32410,216,4000,1,3,1,5,1,700705,1000000
2024DL0001810,1,1678.79,14,1,5,1,7,25939,172,0,0,6,1,5,1,700705,1000000
2024DL0001811,1,1678.79,54,1,1,1,9,43248,288,1000,1,1,1,2,1,700709,1000000
2024DL0001812,1,1678.79,43,1,1,1,13,87374,501,9000,1,1,2,1,1,700701,1000000
2024DL0001813,1,1678.79,28,1,4,1,10,20600,137,1000,3,5,2,5,1,700710,1000000
2024DL0001814,1,1678.79,57,2,1,1,6,28126,187,5000,1,1,1,3,2,700705,1000000
2024DL0001815,1,1678.79,58,2,3,1,15,240476,501,4000,3,1,1,1,1,700705,1000000
2024DL0001816,1,1678.79,10,1,3,1,1,3365,22,0,0,6,1,5,1,700710,1000000
2024DL0001817,1,1678.79,27,1,6,1,9,11671,77,1000,1,3,1,1,1,700705,1000000
2024DL0001818,1,1678.79,51,2,1,1,7,12848,85,7000,3,1,1,3,1,700705,1000000
2024DL0001819,1,1678.79,3,1,3,1,2,14171,94,0,0,6,1,5,2,700706,1000000
2024DL0001820,1,1678.79,20,2,2,1,20,81120,501,1000,2,5,1,5,1,700704,1000000
2024DL0001821,1,1678.79,47,2,2,1,20,171912,501,1000,3,5,1,1,1,700703,1000000
2024DL0001822,1,1678.79,42,2,1,1,6,10958,73,9800,1,1,1,1,1,700705,1000000
2024DL0001823,1,1678.79,38,2,3,1,9,29162,194,1000,1,1,1,1,1,700704,1000000
2024DL0001824,1,1678.79,43,2,1,1,5,11462,76,5000,1,1,1,5,1,700709,1000000
2024DL0001825,1,1678.79,41,1,5,1,12,85382,501,6000,1,1,1,1,1,700708,1000000
2024DL0001826,1,1678.79,6,2,4,1,4,5046,33,0,0,6,1,5,1,700705,1000000
2024DL0001827,1,1678.79,33,2,7,1,19,253766,501,3000,1,1,1,1,2,700705,1000000
2024DL0001828,1,1678.79,15,1,1,1,14,12626,84,0,0,6,1,5,1,700702,1000000
2024DL0001829,1,1678.79,39,2,3,1,6,18481,123,9000,6,1,1,1,1,700709,1000000
2024DL0001830,1,1678.79,11,2,1,1,3,12254,81,0,0,6,1,5,1,700709,1000000
2024DL0001831,1,1678.79,3,1,1,1,2,16129,107,0,0,6,1,5,1,700709,1000000
2024DL0001832,1,1678.79,39,1,9,1,8,5860,39,9000,1,1,1,5,1,700702,1000000
2024DL0001833,1,1678.79,16,2,4,1,10,10970,73,0,0,6,1,5,1,700702,1000000
2024DL0001834,1,1678.79,36,2,2,1,8,14798,98,6000,1,1,1,5,2,700709,1000000
2024DL0001835,1,1678.79,31,1,3,1,12,46072,307,7000,1,1,1,1,1,700708,1000000
2024DL0001836,1,1678.79,36,1,3,1,11,58543,390,7000,6,1,1,1,1,700703,1000000
2024DL0001837,1,1678.79,22,1,5,1,19,68876,459,2000,1,1,1,1,1,700706,1000000
2024DL0001838,1,1678.79,26,1,3,1,12,65091,433,7000,4,2,1,1,1,700703,1000000
2024DL0001839,1,1678.79,12,2,6,1,4,4008,26,0,0,6,1,5,1,700701,1000000
2024DL0001840,1,1678.79,22,1,3,1,16,52951,353,6000,1,1,1,5,1,700707,1000000
2024DL0001841,1,1678.79,1,1,1,1,8,17047,113,0,0,6,1,5,2,700702,1000000
2024DL0001842,1,1678.79,2,2,1,1,5,2265,15,0,0,6,1,5,2,700708,1000000
2024DL0001843,1,1678.79,14,2,1,1,6,1630,10,0,0,6,1,5,2,700708,1000000
2024DL0001844,1,1678.79,4,1,4,1,5,2486,16,0,0,6,1,5,1,700700,1000000
2024DL0001845,1,1678.79,16,1,3,1,14,32350,215,0,0,6,2,5,1,700708,1000000
2024DL0001846,1,1678.79,39,1,5,1,9,84505,501,9000,1,1,1,1,1,700708,1000000
2024DL0001847,1,1678.79,20,2,1,1,19,159771,501,1000,1,2,1,1,1,700702,1000000
2024DL0001848,1,1678.79,32,1,5,1,19,228334,501,3000,3,1,1,1,1,700704,1000000
2024DL0001849,1,1678.79,24,2,3,1,19,201671,501,4000,1,1,1,5,1,700706,1000000
2024DL0001850,1,1678.79,22,2,1,1,17,68937,459,4000,2,1,1,1,1,700707,1000000
2024DL0001851,1,1678.79,26,1,2,1,10,114038,501,8000,3,2,1,5,1,700701,1000000
2024DL0001852,1,1678.79,55,2,7,1,12,27196,181,5000,1,1,1,1,1,700705,1000000
2024DL0001853,1,1678.79,7,2,2,1,5,1464,9,0,0,6,1,5,1,700710,1000000
2024DL0001854,1,1678.79,44,2,6,1,15,233220,501,2000,1,1,1,3,1,700710,1000000
2024DL0001855,1,1678.79,34,2,5,1,5,21188,141,5000,1,1,1,5,2,700702,1000000
2024DL0001856,1,1678.79,12,2,4,1,1,3615,24,0,0,6,1,5,1,700704,1000000
2024DL0001857,1,1678.79,9,1,3,1,2,2931,19,0,0,6,1,5,1,700708,1000000
2024DL0001858,1,1678.79,18,1,4,1,14,25622,170,1000,1,1,1,5,1,700706,1000000
2024DL0001859,1,1678.79,7,1,5,1,9,15572,103,0,0,6,1,5,1,700702,1000000
2024DL0001860,1,1678.79,16,1,2,1,15,30502,203,0,0,6,1,5,1,700704,1000000
2024DL0001861,1,1678.79,48,1,1,1,14,93333,501,1000,2,1,1,5,1,700704,1000000
2024DL0001862,1,1678.79,27,1,1,1,18,69760,465,5000,4,1,1,5,1,700701,1000000
2024DL0001863,1,1678.79,19,1,1,1,20,40705,271,3000,1,1,2,5,1,700710,1000000
2024DL0001864,1,1678.79,15,2,6,1,14,14941,99,0,0,6,2,5,1,700702,1000000
2024DL0001865,1,1678.79,6,1,4,1,7,4221,28,0,0,6,2,5,1,700704,1000000
2024DL0001866,1,1678.79,45,2,8,1,8,9578,63,5000,3,1,1,1,1,700708,1000000
2024DL0001867,1,1678.79,8,2,3,1,8,8625,57,0,0,6,1,5,1,700708,1000000
2024DL0001868,1,1678.79,21,1,1,1,20,91955,501,3000,1,1,1,5,2,700700,1000000
2024DL0001869,1,1678.79,3,1,1,1,2,6441,42,0,0,6,1,5,1,700705,1000000
2024DL0001870,1,1678.79,21,1,2,1,12,17505,116,6000,1,1,2,5,1,700704,1000000
2024DL0001871,1,1678.79,34,2,1,1,12,39658,264,7000,1,1,5,5,1,700701,1000000
2024DL0001872,1,1678.79,39,2,5,1,11,65745,438,9000,4,1,5,1,1,700702,1000000
2024DL0001873,1,1678.79,10,1,5,1,9,22054,147,0,0,6,1,5,1,700701,1000000
2024DL0001874,1,1678.79,55,1,1,1,11,95622,501,9000,3,1,1,1,1,700707,1000000
2024DL0001875,1,1678.79,55,1,2,1,11,47428,316,6000,1,1,1,4,1,700708,1000000
2024DL0001876,1,1678.79,13,1,1,1,2,19718,131,0,0,6,1,5,1,700704,1000000
2024DL0001877,1,1678.79,49,2,1,1,12,43612,290,6000,3,1,1,1,1,700701,1000000
2024DL0001878,1,1678.79,23,1,3,1,19,146393,501,3000,1,1,1,5,1,700700,1000000
2024DL0001879,1,1678.79,10,1,2,1,7,16515,110,0,0,6,1,5,2,700703,1000000
2024DL0001880,1,1678.79,46,2,6,1,6,75314,501,8000,1,1,1,1,1,700707,1000000
2024DL0001881,1,1678.79,55,1,3,1,11,46857,312,7000,1,1,1,3,1,700703,1000000
2024DL0001882,1,1678.79,53,1,1,1,5,12880,85,7000,1,1,1,1,1,700701,1000000
2024DL0001883,1,1678.79,12,2,6,1,1,2715,18,0,0,6,1,5,1,700709,1000000
2024DL0001884,1,1678.79,57,1,5,1,11,30469,203,2000,2,1,1,2,1,700708,1000000
2024DL0001885,1,1678.79,32,1,1,1,15,52350,349,1000,3,1,1,1,1,700701,1000000
2024DL0001886,1,1678.79,44,1,1,1,11,95471,501,1000,2,1,1,1,1,700703,1000000
2024DL0001887,1,1678.79,49,1,1,1,7,9102,60,5000,3,2,1,1,1,700705,1000000
2024DL0001888,1,1678.79,33,1,3,1,10,49821,332,2000,1,1,1,1,1,700707,1000000
2024DL0001889,1,1678.79,6,2,6,1,1,2854,19,0,0,6,1,5,1,700702,1000000
2024DL0001890,1,1678.79,44,2,2,1,7,6915,46,9800,3,1,1,2,1,700701,1000000
2024DL0001891,1,1678.79,44,1,3,1,12,22118,147,9000,1,1,1,3,1,700706,1000000
2024DL0001892,1,1678.79,0,2,1,1,1,16770,111,0,0,6,1,5,2,700710,1000000
2024DL0001893,1,1678.79,4,1,3,1,3,7066,47,0,0,6,1,5,1,700709,1000000
2024DL0001894,1,1678.79,9,1,3,1,3,8807,58,0,0,6,1,5,1,700707,1000000
2024DL0001895,1,1678.79,19,2,5,1,17,23865,159,4000,3,2,1,5,1,700704,1000000
2024DL0001896,1,1678.79,16,2,2,1,17,51505,343,0,0,6,1,5,1,700703,1000000
2024DL0001897,1,1678.79,33,1,3,1,8,20967,139,8000,3,1,1,1,2,700709,1000000
2024DL0001898,1,1678.79,55,2,5,1,10,40980,273,7000,1,1,1,1,1,700708,1000000
2024DL0001899,1,1678.79,46,2,8,1,11,69329,462,8000,1,1,1,1,1,700709,1000000
2024DL0001900,1,1678.79,45,1,3,1,7,26101,174,7000,3,1,1,1,1,700702,1000000
2024DL0001901,1,1678.79,47,1,2,1,7,26253,175,9920,3,5,1,1,1,700707,1000000
2024DL0001902,1,1678.79,17,1,2,1,16,15794,105,0,0,6,2,5,2,700708,1000000
2024DL0001903,1,1678.79,1,2,1,1,3,4611,30,0,0,6,1,5,1,700705,1000000
2024DL0001904,1,1678.79,51,1,2,1,12,30511,203,6000,6,1,1,1,1,700702,1000000
2024DL0001905,1,1678.79,20,1,1,1,19,48174,321,2000,1,2,1,5,1,700701,1000000
2024DL0001906,1,1678.79,7,2,1,1,6,21584,143,0,0,6,1,5,1,700708,1000000
2024DL0001907,1,1678.79,27,2,4,1,15,53250,355,5000,1,1,1,1,1,700709,1000000
2024DL0001908,1,1678.79,6,1,1,1,2,13360,89,0,0,6,1,5,1,700706,1000000
2024DL0001909,1,1678.79,12,1,1,1,4,3314,22,0,0,6,1,5,1,700703,1000000
2024DL0001910,1,1678.79,32,2,2,1,9,32639,217,6000,4,1,1,1,1,700700,1000000
2024DL0001911,1,1678.79,35,2,2,1,15,211941,501,5000,4,1,1,1,1,700702,1000000
2024DL0001912,1,1678.79,51,1,4,1,13,8475,56,6000,1,1,1,1,1,700702,1000000
2024DL0001913,1,1678.79,28,1,1,1,5,7404,49,7000,1,1,1,5,1,700700,1000000
2024DL0001914,1,1678.79,15,1,5,1,17,23610,157,0,0,6,5,5,2,700700,1000000
2024DL0001915,1,1678.79,13,1,6,1,9,8064,53,0,0,6,1,5,1,700706,1000000
2024DL0001916,1,1678.79,29,2,9,1,15,79715,501,1000,1,1,1,5,1,700704,1000000
2024DL0001917,1,1678.79,10,1,5,1,3,6077,40,0,0,6,1,5,1,700704,1000000
2024DL0001918,1,1678.79,17,1,4,1,16,13177,87,0,0,6,1,5,1,700707,1000000
2024DL0001919,1,1678.79,41,1,6,1,11,28838,192,2000,1,1,1,2,1,700700,1000000
2024DL0001920,1,1678.79,15,1,5,1,19,49592,330,0,0,6,1,5,1,700702,1000000
2024DL0001921,1,1678.79,17,2,5,1,12,18075,120,0,0,6,1,5,1,700705,1000000
2024DL0001922,1,1678.79,6,1,1,1,8,12760,85,0,0,6,1,5,1,700709,1000000
2024DL0001923,1,1678.79,24,2,6,1,17,50198,334,5000,1,1,1,5,1,700706,1000000
2024DL0001924,1,1678.79,31,2,1,1,14,98642,501,6000,1,1,1,1,1,700707,1000000
2024DL0001925,1,1678.79,5,2,1,1,2,8376,55,0,0,6,1,5,1,700702,1000000
2024DL0001926,1,1678.79,27,1,1,1,12,46251,308,9800,6,1,1,1,1,700708,1000000
2024DL0001927,1,1678.79,20,1,1,1,14,26097,173,5000,6,1,1,5,1,700707,1000000
2024DL0001928,1,1678.79,14,1,4,1,3,2254,15,0,0,6,1,5,1,700700,1000000
2024DL0001929,1,1678.79,17,2,1,1,15,40172,267,0,0,6,1,5,1,700703,1000000
2024DL0001930,1,1678.79,4,2,1,1,7,2733,18,0,0,6,1,5,1,700708,1000000
2024DL0001931,1,1678.79,52,1,2,1,15,176865,501,4000,1,1,1,5,1,700701,1000000
2024DL0001932,1,1678.79,27,2,1,1,9,22253,148,7000,6,1,1,5,1,700701,1000000
2024DL0001933,1,1678.79,0,1,5,1,4,15893,105,0,0,6,1,5,2,700709,1000000
2024DL0001934,1,1678.79,20,2,1,1,18,33905,226,6000,4,1,1,5,1,700703,1000000
2024DL0001935,1,1678.79,36,2,1,1,12,90866,501,7000,1,1,1,1,1,700701,1000000
2024DL0001936,1,1678.79,44,1,2,1,11,71567,477,5000,4,1,1,5,1,700704,1000000
2024DL0001937,1,1678.79,6,2,6,1,2,20050,133,0,0,6,1,5,1,700704,1000000
2024DL0001938,1,1678.79,13,1,9,1,9,14934,99,0,0,6,1,5,1,700701,1000000
2024DL0001939,1,1678.79,12,2,3,1,1,5030,33,0,0,6,1,5,1,700705,1000000
2024DL0001940,1,1678.79,13,1,5,1,6,8287,55,0,0,6,1,5,1,700702,1000000
2024DL0001941,1,1678.79,27,1,6,1,10,29904,199,5000,4,1,1,1,1,700707,1000000
2024DL0001942,1,1678.79,25,2,4,1,13,95889,501,1000,1,5,1,1,1,700703,1000000
2024DL0001943,1,1678.79,31,2,6,1,15,97798,501,4000,1,1,1,1,1,700706,1000000
2024DL0001944,1,1678.79,25,2,1,1,11,23257,155,7000,1,1,1,5,1,700700,1000000
2024DL0001945,1,1678.79,24,1,1,1,16,54366,362,4000,2,2,1,5,1,700705,1000000
2024DL0001946,1,1678.79,7,2,4,1,3,11721,78,0,0,6,1,5,1,700702,1000000
2024DL0001947,1,1678.79,73,1,5,1,6,2119,14,0,0,6,1,1,1,700709,1000000
2024DL0001948,1,1678.79,25,2,6,1,14,30573,203,4000,1,1,1,1,1,700702,1000000
2024DL0001949,1,1678.79,5,2,1,1,4,1751,11,0,0,6,1,5,1,700703,1000000
2024DL0001950,1,1678.79,28,2,1,1,13,81468,501,5000,1,1,1,1,1,700710,1000000
2024DL0001951,1,1678.79,12,1,2,1,7,7470,49,0,0,6,1,5,1,700709,1000000
2024DL0001952,1,1678.79,33,1,1,1,15,104946,501,1000,1,1,1,5,1,700700,1000000
2024DL0001953,1,1678.79,1,1,6,1,1,11959,79,0,0,6,1,5,1,700708,1000000
2024DL0001954,1,1678.79,18,2,2,1,14,4438,29,9000,1,1,1,5,1,700710,1000000
2024DL0001955,1,1678.79,84,2,8,1,7,11348,75,0,0,6,1,2,1,700702,1000000
2024DL0001956,1,1678.79,25,2,2,1,12,21403,142,5000,1,2,1,5,1,700702,1000000
2024DL0001957,1,1678.79,19,1,5,1,14,23740,158,4000,1,2,1,5,1,700702,1000000
2024DL0001958,1,1678.79,54,2,2,1,11,32344,215,7000,4,1,1,1,1,700704,1000000
2024DL0001959,1,1678.79,57,2,1,1,13,26403,176,6000,3,2,1,1,1,700708,1000000
2024DL0001960,1,1678.79,36,1,3,1,13,89847,501,9000,1,5,1,5,1,700709,1000000
2024DL0001961,1,1678.79,21,1,1,1,11,11286,75,5000,3,1,1,5,1,700706,1000000
2024DL0001962,1,1678.79,73,2,2,1,10,22119,147,0,0,6,1,5,1,700705,1000000
2024DL0001963,1,1678.79,12,1,3,1,4,3134,20,0,0,6,2,5,1,700710,1000000
2024DL0001964,1,1678.79,20,2,1,1,19,34008,226,2000,1,2,1,5,1,700701,1000000
2024DL0001965,1,1678.79,19,2,1,1,14,18973,126,6000,1,1,5,5,1,700705,1000000
2024DL0001966,1,1678.79,28,2,3,1,14,67827,452,6000,4,2,1,1,1,700706,1000000
2024DL0001967,1,1678.79,36,1,4,1,18,173270,501,1000,1,1,1,1,1,700706,1000000
2024DL0001968,1,1678.79,26,2,1,1,11,60546,403,9000,1,5,1,1,1,700704,1000000
2024DL0001969,1,1678.79,23,2,1,1,11,21800,145,6000,1,1,1,5,1,700704,1000000
2024DL0001970,1,1678.79,24,2,2,1,14,41616,277,8000,1,4,1,1,1,700704,1000000
2024DL0001971,1,1678.79,11,2,2,1,8,6853,45,0,0,6,1,5,1,700703,1000000
2024DL0001972,1,1678.79,16,2,4,1,14,15602,104,0,0,6,1,5,1,700710,1000000
2024DL0001973,1,1678.79,30,1,3,1,13,71853,479,6000,1,1,1,1,1,700702,1000000
2024DL0001974,1,1678.79,17,2,6,1,12,9632,64,0,0,6,1,5,1,700709,1000000
2024DL0001975,1,1678.79,33,2,1,1,8,15098,100,5000,1,1,1,1,2,700700,1000000
2024DL0001976,1,1678.79,57,1,1,1,9,45567,303,1000,3,1,1,3,2,700701,1000000
2024DL0001977,1,1678.79,54,2,5,1,12,68354,455,9800,6,1,1,1,1,700701,1000000
2024DL0001978,1,1678.79,62,1,3,1,5,11534,76,8000,1,1,1,1,1,700710,1000000
2024DL0001979,1,1678.79,18,1,2,1,12,5768,38,2000,2,1,1,5,1,700700,1000000
2024DL0001980,1,1678.79,6,2,1,1,5,1523,10,0,0,6,1,5,1,700704,1000000
2024DL0001981,1,1678.79,36,1,3,1,9,103339,501,7000,1,1,1,1,1,700702,1000000
2024DL0001982,1,1678.79,12,1,2,1,5,24052,160,0,0,6,1,5,1,700708,1000000
2024DL0001983,1,1678.79,37,2,2,1,16,86086,501,3000,1,1,1,2,1,700700,1000000
2024DL0001984,1,1678.79,23,1,3,1,12,11047,73,9000,1,1,1,5,1,700709,1000000
2024DL0001985,1,1678.79,70,1,3,1,5,9999,66,8000,3,1,1,5,1,700702,1000000
2024DL0001986,1,1678.79,44,1,4,1,14,85957,501,9800,4,1,1,3,2,700700,1000000
2024DL0001987,1,1678.79,32,1,2,1,14,13633,90,1000,1,4,1,1,1,700705,1000000
2024DL0001988,1,1678.79,40,1,2,1,13,27838,185,6000,1,1,1,1,1,700705,1000000
2024DL0001989,1,1678.79,40,2,1,1,11,28343,188,9000,1,1,1,2,1,700706,1000000
2024DL0001990,1,1678.79,54,1,3,1,11,75401,501,8000,1,1,1,1,1,700704,1000000
2024DL0001991,1,1678.79,28,1,2,1,5,10597,70,9800,1,1,1,1,1,700708,1000000
2024DL0001992,1,1678.79,51,2,1,1,11,45105,300,3000,3,1,1,2,1,700710,1000000
2024DL0001993,1,1678.79,35,2,1,1,14,26347,175,9000,1,1,1,1,1,700702,1000000
2024DL0001994,1,1678.79,45,2,1,1,6,16791,111,9000,4,5,1,5,1,700709,1000000
2024DL0001995,1,1678.79,1,2,6,1,7,3596,23,0,0,6,1,5,2,700708,1000000
2024DL0001996,1,1678.79,29,1,1,1,9,15655,104,9000,1,1,1,1,1,700707,1000000
2024DL0001997,1,1678.79,37,2,1,1,13,21479,143,9800,3,1,1,1,1,700703,1000000
2024DL0001998,1,1678.79,89,1,1,1,6,13207,88,0,0,6,2,2,1,700702,1000000
2024DL0001999,1,1678.79,39,1,1,1,7,51833,345,6000,4,1,1,1,1,700710,1000000
2024DL0002000,1,1678.79,22,1,1,1,20,156768,501,4000,3,1,1,1,1,700707,1000000
2024DL0002001,1,1678.79,51,2,4,1,11,31617,210,3000,1,1,1,1,1,700709,1000000
2024DL0002002,1,1678.79,29,2,1,1,7,26842,178,9920,3,1,1,1,1,700701,1000000
2024DL0002003,1,1678.79,47,1,2,1,13,45787,305,9800,1,1,1,1,1,700705,1000000
2024DL0002004,1,1678.79,58,1,5,1,12,59602,397,7000,1,3,1,3,1,700709,1000000
2024DL0002005,1,1678.79,35,1,3,1,6,28421,189,5000,1,1,1,5,1,700702,1000000
2024DL0002006,1,1678.79,14,2,6,1,7,4586,30,0,0,6,1,5,2,700701,1000000
2024DL0002007,1,1678.79,25,1,1,1,17,41731,278,4000,1,1,1,1,1,700709,1000000
2024DL0002008,1,1678.79,38,1,2,1,7,361254,501,9800,1,1,1,1,1,700703,1000000
2024DL0002009,1,1678.79,15,1,5,1,20,164750,501,0,0,6,1,5,1,700705,1000000
2024DL0002010,1,1678.79,48,2,1,1,11,60776,405,4000,1,1,1,1,1,700710,1000000
2024DL0002011,1,1678.79,14,2,2,1,5,6665,44,0,0,6,5,5,1,700704,1000000
2024DL0002012,1,1678.79,3,1,3,1,3,7429,49,0,0,6,1,5,2,700706,1000000
2024DL0002013,1,1678.79,35,1,3,1,17,90947,501,4000,1,1,1,1,1,700704,1000000
2024DL0002014,1,1678.79,12,1,8,1,9,14185,94,0,0,6,1,5,2,700709,1000000
2024DL0002015,1,1678.79,17,1,1,1,18,34099,227,0,0,6,5,5,1,700710,1000000
2024DL0002016,1,1678.79,11,1,3,1,1,2984,19,0,0,6,2,5,1,700710,1000000
2024DL0002017,1,1678.79,25,1,2,1,11,20335,135,5000,3,1,1,1,1,700709,1000000
2024DL0002018,1,1678.79,1,1,1,1,3,8287,55,0,0,6,1,5,1,700705,1000000
2024DL0002019,1,1678.79,2,1,4,1,1,9811,65,0,0,6,1,5,1,700703,1000000
2024DL0002020,1,1678.79,7,2,1,1,7,6523,43,0,0,6,1,5,1,700706,1000000
2024DL0002021,1,1678.79,63,2,3,1,7,15993,106,6000,3,5,1,5,2,700700,1000000
2024DL0002022,1,1678.79,23,1,1,1,14,28336,188,9000,4,1,1,1,1,700707,1000000
2024DL0002023,1,1678.79,5,1,1,1,5,3807,25,0,0,6,1,5,1,700703,1000000
2024DL0002024,1,1678.79,44,1,5,1,5,25143,167,6000,6,2,1,5,1,700700,1000000
2024DL0002025,1,1678.79,16,2,2,1,19,109412,501,0,0,6,1,5,1,700700,1000000
2024DL0002026,1,1678.79,14,1,2,1,5,6022,40,0,0,6,5,5,1,700702,1000000
2024DL0002027,1,1678.79,25,1,1,1,11,47154,314,6000,1,1,1,1,1,700701,1000000
2024DL0002028,1,1678.79,52,1,1,1,14,34080,227,7000,1,1,5,1,1,700700,1000000
2024DL0002029,1,1678.79,22,1,6,1,13,91382,501,5000,1,1,1,5,2,700709,1000000
2024DL0002030,1,1678.79,15,2,1,1,16,19071,127,0,0,6,1,5,2,700704,1000000
2024DL0002031,1,1678.79,5,1,2,1,1,12848,85,0,0,6,1,5,1,700700,1000000
2024DL0002032,1,1678.79,17,2,6,1,17,20976,139,0,0,6,1,5,1,700704,1000000
2024DL0002033,1,1678.79,16,1,1,1,13,40764,271,0,0,6,1,5,1,700706,1000000
2024DL0002034,1,1678.79,47,1,4,1,9,37108,247,5000,1,1,1,1,1,700709,1000000
2024DL0002035,1,1678.79,22,2,2,1,17,66355,442,4000,1,2,1,5,1,700701,1000000
2024DL0002036,1,1678.79,41,1,6,1,12,126985,501,5000,4,1,1,1,1,700707,1000000
2024DL0002037,1,1678.79,6,2,1,1,5,7498,49,0,0,6,1,5,1,700709,1000000
2024DL0002038,1,1678.79,34,2,4,1,9,37846,252,9000,1,3,1,1,2,700700,1000000
2024DL0002039,1,1678.79,4,2,5,1,4,3993,26,0,0,6,2,5,1,700701,1000000
2024DL0002040,1,1678.79,55,1,1,1,11,53703,358,6000,4,1,1,1,1,700706,1000000
2024DL0002041,1,1678.79,44,2,8,1,19,79880,501,4000,3,1,1,2,1,700700,1000000
2024DL0002042,1,1678.79,19,1,5,1,12,33071,220,1000,2,2,1,5,1,700709,1000000
2024DL0002043,1,1678.79,49,1,4,1,16,88494,501,2000,1,1,1,1,2,700701,1000000
2024DL0002044,1,1678.79,26,1,1,1,14,11771,78,9000,1,1,1,5,1,700710,1000000
2024DL0002045,1,1678.79,27,1,1,1,11,66013,440,5000,1,5,1,1,1,700704,1000000
2024DL0002046,1,1678.79,56,2,8,1,5,46053,307,5000,1,1,1,2,1,700709,1000000
2024DL0002047,1,1678.79,93,2,4,1,5,11187,74,0,0,6,1,2,1,700700,1000000
2024DL0002048,1,1678.79,16,1,1,1,16,26622,177,0,0,6,1,5,1,700706,1000000
2024DL0002049,1,1678.79,15,1,1,1,15,23876,159,0,0,6,1,5,1,700701,1000000
2024DL0002050,1,1678.79,22,2,1,1,15,101888,501,6000,1,1,1,1,1,700701,1000000
2024DL0002051,1,1678.79,10,2,2,1,2,3854,25,0,0,6,1,5,1,700706,1000000
2024DL0002052,1,1678.79,1,1,1,1,1,3607,24,0,0,6,1,5,2,700706,1000000
2024DL0002053,1,1678.79,56,1,3,1,15,98954,501,5000,4,1,2,1,1,700702,1000000
2024DL0002054,1,1678.79,18,1,3,1,16,27418,182,1000,3,1,1,5,1,700702,1000000
2024DL0002055,1,1678.79,43,1,1,1,12,49125,327,8000,4,1,1,1,1,700703,1000000
2024DL0002056,1,1678.79,24,1,3,1,15,165374,501,5000,1,1,1,1,1,700707,1000000
2024DL0002057,1,1678.79,52,1,3,1,13,63861,425,5000,1,4,1,1,1,700709,1000000
2024DL0002058,1,1678.79,3,1,1,1,7,4621,30,0,0,6,1,5,1,700706,1000000
2024DL0002059,1,1678.79,46,2,2,1,14,74445,496,8000,1,1,1,1,1,700706,1000000
2024DL0002060,1,1678.79,32,1,1,1,9,56139,374,4000,1,1,1,5,1,700700,1000000
2024DL0002061,1,1678.79,6,2,6,1,6,5266,35,0,0,6,1,5,1,700710,1000000
2024DL0002062,1,1678.79,44,2,2,1,12,97707,501,7000,1,1,1,1,1,700703,1000000
2024DL0002063,1,1678.79,37,1,5,1,11,52832,352,9000,4,1,1,1,1,700709,1000000
2024DL0002064,1,1678.79,18,2,1,1,17,18842,125,6000,1,1,1,5,1,700704,1000000
2024DL0002065,1,1678.79,4,1,1,1,7,11434,76,0,0,6,1,5,1,700704,1000000
2024DL0002066,1,1678.79,36,2,4,1,14,40324,268,7000,1,1,1,1,1,700705,1000000
2024DL0002067,1,1678.79,17,2,1,1,15,16761,111,0,0,6,1,5,1,700703,1000000
2024DL0002068,1,1678.79,12,1,4,1,3,8740,58,0,0,6,1,5,1,700709,1000000
2024DL0002069,1,1678.79,7,2,2,1,3,3081,20,0,0,6,1,5,1,700710,1000000
2024DL0002070,1,1678.79,91,2,2,1,9,9576,63,0,0,6,1,3,1,700702,1000000
2024DL0002071,1,1678.79,44,1,6,1,15,47336,315,3000,1,1,1,1,1,700705,1000000
2024DL0002072,1,1678.79,25,1,4,1,7,12446,82,9920,3,2,5,1,2,700704,1000000
2024DL0002073,1,1678.79,53,1,1,1,14,84940,501,9800,1,2,1,2,1,700700,1000000
2024DL0002074,1,1678.79,39,2,1,1,11,24243,161,6000,4,1,1,1,1,700710,1000000
2024DL0002075,1,1678.79,19,1,6,1,17,12063,80,3000,3,1,1,5,1,700710,1000000
2024DL0002076,1,1678.79,33,1,4,1,10,17609,117,6000,3,1,1,5,1,700702,1000000
2024DL0002077,1,1678.79,26,2,4,1,15,35471,236,4000,1,1,1,1,2,700703,1000000
2024DL0002078,1,1678.79,44,1,1,1,10,57770,385,5000,4,1,1,1,1,700710,1000000
2024DL0002079,1,1678.79,48,1,1,1,14,40353,269,5000,1,1,1,3,1,700707,1000000
2024DL0002080,1,1678.79,3,2,1,1,7,8020,53,0,0,6,1,5,2,700708,1000000
2024DL0002081,1,1678.79,57,1,1,1,7,6458,43,9920,4,2,1,1,1,700703,1000000
2024DL0002082,1,1678.79,19,1,4,1,14,36383,242,9000,1,1,1,5,2,700704,1000000
2024DL0002083,1,1678.79,51,2,3,1,19,193596,501,3000,2,1,1,1,1,700703,1000000
2024DL0002084,1,1678.79,7,1,1,1,2,3008,20,0,0,6,1,5,1,700701,1000000
2024DL0002085,1,1678.79,8,2,2,1,7,7277,48,0,0,6,1,5,1,700703,1000000
2024DL0002086,1,1678.79,17,1,5,1,16,41750,278,0,0,6,1,5,1,700705,1000000
2024DL0002087,1,1678.79,42,1,1,1,14,73548,490,3000,2,1,1,1,1,700710,1000000
2024DL0002088,1,1678.79,6,2,3,1,5,6762,45,0,0,6,1,5,1,700707,1000000
2024DL0002089,1,1678.79,31,1,1,1,9,31252,208,4000,1,1,1,5,1,700709,1000000
2024DL0002090,1,1678.79,31,1,2,1,7,35167,234,9000,3,3,1,1,1,700700,1000000
2024DL0002091,1,1678.79,50,1,2,1,9,47725,318,5000,6,4,1,5,1,700702,1000000
2024DL0002092,1,1678.79,9,1,1,1,5,4817,32,0,0,6,1,5,1,700709,1000000
2024DL0002093,1,1678.79,53,1,6,1,13,29522,196,6000,4,1,1,1,1,700701,1000000
2024DL0002094,1,1678.79,22,1,8,1,18,100260,501,6000,4,1,1,5,1,700709,1000000
2024DL0002095,1,1678.79,24,2,6,1,16,170208,501,2000,1,1,1,5,1,700701,1000000
2024DL0002096,1,1678.79,10,1,1,1,8,1460,9,0,0,6,2,5,1,700703,1000000
2024DL0002097,1,1678.79,19,1,5,1,14,13484,89,3000,1,1,1,5,1,700705,1000000
2024DL0002098,1,1678.79,3,2,9,1,2,3930,26,0,0,6,1,5,1,700702,1000000
2024DL0002099,1,1678.79,20,2,2,1,20,47772,318,4000,1,1,5,5,2,700702,1000000
2024DL0002100,1,1678.79,23,2,5,1,18,70971,473,6000,4,1,1,5,1,700707,1000000
2024DL0002101,1,1678.79,42,1,1,1,13,23082,153,9000,1,1,1,5,1,700709,1000000
2024DL0002102,1,1678.79,11,1,4,1,7,14557,97,0,0,6,1,5,2,700702,1000000
2024DL0002103,1,1678.79,45,2,1,1,10,42475,283,5000,1,2,1,5,1,700700,1000000
2024DL0002104,1,1678.79,31,2,9,1,12,105633,501,8000,3,5,1,5,1,700701,1000000
2024DL0002105,1,1678.79,47,2,1,1,9,72703,484,7000,4,1,1,1,1,700707,1000000
2024DL0002106,1,1678.79,2,1,6,1,5,11179,74,0,0,6,1,5,1,700705,1000000
2024DL0002107,1,1678.79,0,2,4,1,2,7056,47,0,0,6,1,5,2,700708,1000000
2024DL0002108,1,1678.79,29,2,5,1,7,44944,299,5000,3,1,1,1,1,700700,1000000
2024DL0002109,1,1678.79,1,2,1,1,4,14089,93,0,0,6,1,5,1,700707,1000000
2024DL0002110,1,1678.79,33,2,3,1,12,41215,274,5000,6,1,1,5,1,700707,1000000
2024DL0002111,1,1678.79,38,2,1,1,12,26236,174,5000,1,1,1,1,1,700703,1000000
2024DL0002112,1,1678.79,49,2,1,1,14,16355,109,7000,6,2,1,1,1,700700,1000000
2024DL0002113,1,1678.79,42,2,2,1,12,46834,312,6000,1,1,1,1,2,700710,1000000
2024DL0002114,1,1678.79,28,1,1,1,8,11103,74,7000,1,1,1,1,1,700710,1000000
2024DL0002115,1,1678.79,41,1,2,1,11,74915,499,8000,4,1,1,1,2,700701,1000000
2024DL0002116,1,1678.79,44,2,7,1,9,9935,66,5000,1,1,1,1,2,700701,1000000
2024DL0002117,1,1678.79,24,1,5,1,14,11628,77,6000,4,1,1,5,2,700708,1000000
2024DL0002118,1,1678.79,37,2,6,1,6,14403,96,9920,1,1,1,1,1,700706,1000000
2024DL0002119,1,1678.79,3,1,1,1,2,5749,38,0,0,6,1,5,1,700700,1000000
2024DL0002120,1,1678.79,57,2,5,1,11,118793,501,6000,1,1,1,5,1,700709,1000000
2024DL0002121,1,1678.79,9,2,6,1,3,9118,60,0,0,6,1,5,1,700705,1000000
2024DL0002122,1,1678.79,10,2,1,1,5,3869,25,0,0,6,1,5,1,700706,1000000
2024DL0002123,1,1678.79,61,1,1,1,12,54864,365,3000,1,5,1,1,1,700702,1000000
2024DL0002124,1,1678.79,20,2,1,1,15,30958,206,4000,3,1,1,1,1,700700,1000000
2024DL0002125,1,1678.79,44,1,1,1,14,31018,206,6000,3,1,1,1,1,700702,1000000
2024DL0002126,1,1678.79,53,2,2,1,9,111263,501,7000,1,5,1,1,1,700708,1000000
2024DL0002127,1,1678.79,47,1,1,1,11,37631,250,6000,1,2,1,1,1,700705,1000000
2024DL0002128,1,1678.79,1,2,3,1,1,17583,117,0,0,6,1,5,1,700706,1000000
2024DL0002129,1,1678.79,9,2,6,1,6,6133,40,0,0,6,1,5,1,700703,1000000
2024DL0002130,1,1678.79,3,2,1,1,3,5136,34,0,0,6,1,5,1,700703,1000000
2024DL0002131,1,1678.79,31,2,1,1,11,47796,318,2000,1,1,2,5,1,700708,1000000
2024DL0002132,1,1678.79,14,1,2,1,5,28919,192,0,0,6,1,5,1,700701,1000000
2024DL0002133,1,1678.79,31,2,1,1,13,58060,387,5000,6,1,1,1,1,700705,1000000
2024DL0002134,1,1678.79,17,1,9,1,11,50591,337,0,0,6,1,5,1,700710,1000000
2024DL0002135,1,1678.79,43,2,3,1,19,236300,501,3000,2,1,1,1,1,700707,1000000
2024DL0002136,1,1678.79,18,1,1,1,14,17888,119,7000,1,2,1,5,1,700706,1000000
2024DL0002137,1,1678.79,28,2,1,1,11,20810,138,1000,1,1,1,1,1,700706,1000000
2024DL0002138,1,1678.79,18,2,6,1,14,7819,52,3000,1,1,1,5,1,700707,1000000
2024DL0002139,1,1678.79,16,2,5,1,14,19961,133,0,0,6,5,5,1,700710,1000000
2024DL0002140,1,1678.79,34,2,6,1,11,35037,233,2000,1,5,1,1,1,700700,1000000
2024DL0002141,1,1678.79,28,2,4,1,10,147405,501,7000,1,2,1,1,1,700710,1000000
2024DL0002142,1,1678.79,25,2,2,1,11,42808,285,6000,4,5,1,5,1,700709,1000000
2024DL0002143,1,1678.79,28,1,5,1,7,7883,52,6000,3,5,1,1,2,700706,1000000
2024DL0002144,1,1678.79,36,2,2,1,6,28408,189,6000,1,1,1,1,1,700705,1000000
2024DL0002145,1,1678.79,47,1,1,1,6,22892,152,9920,6,1,1,3,2,700709,1000000
2024DL0002146,1,1678.79,14,1,6,1,7,6427,42,0,0,6,1,5,1,700708,1000000
2024DL0002147,1,1678.79,1,2,5,1,8,9853,65,0,0,6,1,5,1,700702,1000000
2024DL0002148,1,1678.79,32,1,4,1,14,21359,142,6000,6,1,1,1,1,700708,1000000
2024DL0002149,1,1678.79,18,2,1,1,18,63526,423,4000,2,1,1,5,1,700705,1000000
2024DL0002150,1,1678.79,27,1,1,1,17,70096,467,6000,1,1,2,5,1,700701,1000000
2024DL0002151,1,1678.79,31,2,6,1,12,29106,194,5000,6,1,1,5,1,700706,1000000
2024DL0002152,1,1678.79,4,2,6,1,3,1763,11,0,0,6,1,5,1,700709,1000000
2024DL0002153,1,1678.79,26,2,5,1,14,10766,71,7000,1,1,1,5,1,700701,1000000
2024DL0002154,1,1678.79,17,2,1,1,19,60186,401,0,0,6,1,5,1,700707,1000000
2024DL0002155,1,1678.79,23,1,2,1,15,61767,411,3000,2,1,1,5,1,700703,1000000
2024DL0002156,1,1678.79,52,1,1,1,8,29289,195,7000,1,1,1,2,1,700708,1000000
2024DL0002157,1,1678.79,45,1,1,1,11,102632,501,6000,1,1,1,5,1,700710,1000000
2024DL0002158,1,1678.79,15,2,5,1,18,29866,199,0,0,6,1,5,1,700710,1000000
2024DL0002159,1,1678.79,33,2,3,1,8,34373,229,7000,1,1,1,1,1,700707,1000000
2024DL0002160,1,1678.79,33,1,3,1,15,168368,501,4000,1,1,1,5,1,700710,1000000
2024DL0002161,1,1678.79,75,2,1,1,12,49283,328,0,0,6,1,2,2,700700,1000000
2024DL0002162,1,1678.79,36,2,5,1,6,43006,286,8000,6,1,1,1,1,700702,1000000
2024DL0002163,1,1678.79,11,2,5,1,6,7822,52,0,0,6,1,5,1,700701,1000000
2024DL0002164,1,1678.79,8,1,4,1,1,11702,78,0,0,6,1,5,1,700710,1000000
2024DL0002165,1,1678.79,21,2,1,1,17,32461,216,4000,2,1,1,5,1,700703,1000000
2024DL0002166,1,1678.79,33,2,1,1,8,15715,104,9920,4,1,1,1,1,700706,1000000
2024DL0002167,1,1678.79,41,1,3,1,5,50610,337,8000,3,1,1,1,2,700700,1000000
2024DL0002168,1,1678.79,52,1,1,1,14,14184,94,6000,1,1,1,1,1,700708,1000000
2024DL0002169,1,1678.79,31,2,4,1,8,9307,62,9800,4,1,2,5,1,700701,1000000
2024DL0002170,1,1678.79,23,1,5,1,11,21355,142,5000,3,2,1,5,1,700706,1000000
2024DL0002171,1,1678.79,73,2,1,1,5,26166,174,0,0,6,1,1,1,700709,1000000
2024DL0002172,1,1678.79,27,1,1,1,7,23611,157,7000,6,5,1,1,2,700701,1000000
2024DL0002173,1,1678.79,33,1,1,1,5,42129,280,6000,6,1,1,1,1,700702,1000000
2024DL0002174,1,1678.79,3,2,1,1,2,7490,49,0,0,6,1,5,1,700710,1000000
2024DL0002175,1,1678.79,9,2,2,1,2,8788,58,0,0,6,1,5,1,700706,1000000
2024DL0002176,1,1678.79,12,2,4,1,5,3993,26,0,0,6,1,5,1,700706,1000000
2024DL0002177,1,1678.79,14,1,2,1,6,7185,47,0,0,6,1,5,1,700700,1000000
2024DL0002178,1,1678.79,28,1,4,1,9,37450,249,9000,4,1,1,5,1,700707,1000000
2024DL0002179,1,1678.79,4,1,1,1,5,2897,19,0,0,6,1,5,1,700702,1000000
2024DL0002180,1,1678.79,17,2,3,1,18,45470,303,0,0,6,1,5,1,700700,1000000
2024DL0002181,1,1678.79,43,1,3,1,12,44792,298,5000,6,1,1,1,1,700703,1000000
2024DL0002182,1,1678.79,29,1,6,1,11,17553,117,7000,1,5,2,1,1,700707,1000000
2024DL0002183,1,1678.79,36,2,4,1,9,74165,494,6000,3,5,1,1,1,700707,1000000
2024DL0002184,1,1678.79,38,2,5,1,10,57125,380,8000,1,1,1,1,1,700705,1000000
2024DL0002185,1,1678.79,9,1,9,1,4,10926,72,0,0,6,1,5,1,700705,1000000
2024DL0002186,1,1678.79,7,2,1,1,5,18574,123,0,0,6,1,5,1,700710,1000000
2024DL0002187,1,1678.79,8,2,1,1,6,12397,82,0,0,6,1,5,1,700700,1000000
2024DL0002188,1,1678.79,27,1,1,1,12,26193,174,9800,1,1,1,1,1,700700,1000000
2024DL0002189,1,1678.79,15,1,1,1,10,32206,214,0,0,6,1,5,1,700700,1000000
2024DL0002190,1,1678.79,24,1,5,1,14,20135,134,5000,4,1,1,5,1,700704,1000000
2024DL0002191,1,1678.79,55,1,2,1,12,143261,501,2000,1,1,1,3,1,700708,1000000
2024DL0002192,1,1678.79,32,1,4,1,9,67638,450,7000,1,1,1,1,1,700701,1000000
2024DL0002193,1,1678.79,1,2,1,1,5,7364,49,0,0,6,5,5,1,700700,1000000
2024DL0002194,1,1678.79,22,1,6,1,20,217301,501,3000,1,1,1,5,1,700703,1000000
2024DL0002195,1,1678.79,23,2,9,1,17,66487,443,1000,1,2,1,5,1,700703,1000000
2024DL0002196,1,1678.79,3,1,1,1,1,5952,39,0,0,6,1,5,1,700703,1000000
2024DL0002197,1,1678.79,17,2,2,1,14,18993,126,0,0,6,1,5,1,700710,1000000
2024DL0002198,1,1678.79,30,2,1,1,9,28556,190,6000,1,1,1,1,1,700701,1000000
2024DL0002199,1,1678.79,21,1,1,1,12,21240,141,5000,4,1,1,1,2,700707,1000000
2024DL0002200,1,1678.79,24,1,1,1,14,34255,228,9800,1,3,1,5,1,700706,1000000
2024DL0002201,1,1678.79,47,2,1,1,12,79812,501,6000,1,4,2,1,1,700707,1000000
2024DL0002202,1,1678.79,22,1,5,1,15,70260,468,4000,1,3,1,5,1,700700,1000000
2024DL0002203,1,1678.79,40,1,6,1,12,49865,332,1000,1,1,1,1,1,700705,1000000
2024DL0002204,1,1678.79,15,2,5,1,20,102973,501,0,0,6,1,5,2,700706,1000000
2024DL0002205,1,1678.79,21,1,4,1,19,113217,501,4000,2,1,1,5,1,700706,1000000
2024DL0002206,1,1678.79,39,1,2,1,10,16639,110,9000,4,1,1,1,1,700703,1000000
2024DL0002207,1,1678.79,22,2,1,1,14,38842,258,1000,3,4,1,5,1,700702,1000000
2024DL0002208,1,1678.79,51,1,3,1,12,31147,207,7000,4,1,1,1,1,700709,1000000
2024DL0002209,1,1678.79,3,2,3,1,5,4906,32,0,0,6,2,5,1,700708,1000000
2024DL0002210,1,1678.79,37,2,5,1,9,83418,501,6000,1,1,1,1,1,700709,1000000
2024DL0002211,1,1678.79,2,2,4,1,4,15464,103,0,0,6,1,5,1,700710,1000000
2024DL0002212,1,1678.79,38,1,4,1,12,52847,352,9800,1,1,1,1,1,700702,1000000
2024DL0002213,1,1678.79,4,1,1,1,5,30931,206,0,0,6,1,5,1,700701,1000000
2024DL0002214,1,1678.79,51,1,1,1,11,45339,302,9000,1,1,1,2,1,700702,1000000
2024DL0002215,1,1678.79,17,2,2,1,17,37412,249,0,0,6,1,5,2,700706,1000000
2024DL0002216,1,1678.79,25,2,3,1,7,35402,236,7000,1,1,1,1,1,700705,1000000
2024DL0002217,1,1678.79,10,2,6,1,8,4141,27,0,0,6,1,5,1,700709,1000000
2024DL0002218,1,1678.79,33,1,6,1,13,35109,234,3000,2,3,1,1,1,700705,1000000
2024DL0002219,1,1678.79,23,1,2,1,13,33015,220,9000,1,1,1,5,1,700706,1000000
2024DL0002220,1,1678.79,30,2,3,1,5,7168,47,9800,1,1,5,1,1,700702,1000000
2024DL0002221,1,1678.79,16,1,2,1,18,30502,203,0,0,6,1,5,1,700708,1000000
2024DL0002222,1,1678.79,32,1,2,1,7,21593,143,9800,6,1,1,1,1,700705,1000000
2024DL0002223,1,1678.79,0,1,5,1,1,1599,10,0,0,6,1,5,1,700707,1000000
2024DL0002224,1,1678.79,13,2,4,1,4,5315,35,0,0,6,1,5,1,700702,1000000
2024DL0002225,1,1678.79,16,2,1,1,14,18080,120,0,0,6,1,5,1,700705,1000000
2024DL0002226,1,1678.79,33,2,6,1,8,11623,77,7000,4,1,1,1,1,700706,1000000
2024DL0002227,1,1678.79,50,2,6,1,10,42346,282,8000,6,4,1,1,1,700707,1000000
2024DL0002228,1,1678.79,38,1,6,1,14,34977,233,6000,1,1,1,1,2,700702,1000000
2024DL0002229,1,1678.79,24,1,2,1,19,103119,501,3000,1,2,1,5,1,700710,1000000
2024DL0002230,1,1678.79,36,2,3,1,7,18543,123,8000,3,1,1,1,1,700704,1000000
2024DL0002231,1,1678.79,19,1,1,1,12,26749,178,7000,1,1,1,5,1,700709,1000000
2024DL0002232,1,1678.79,53,2,4,1,8,6051,40,9000,4,2,1,1,1,700710,1000000
2024DL0002233,1,1678.79,26,2,6,1,9,68800,458,7000,1,4,1,5,1,700709,1000000
2024DL0002234,1,1678.79,50,1,1,1,11,28960,193,7000,3,5,1,1,1,700700,1000000
2024DL0002235,1,1678.79,58,1,6,1,5,18240,121,9000,3,1,1,1,1,700706,1000000
2024DL0002236,1,1678.79,8,2,1,1,3,4478,29,0,0,6,1,5,1,700709,1000000
2024DL0002237,1,1678.79,33,2,6,1,13,38301,255,9000,6,1,1,5,1,700705,1000000
2024DL0002238,1,1678.79,41,1,1,1,8,20979,139,9800,1,1,1,1,1,700707,1000000
2024DL0002239,1,1678.79,23,2,5,1,13,14839,98,9800,6,1,1,1,1,700704,1000000
2024DL0002240,1,1678.79,35,2,6,1,9,99840,501,9000,3,1,1,1,1,700702,1000000
2024DL0002241,1,1678.79,8,1,1,1,6,5670,37,0,0,6,1,5,2,700708,1000000
2024DL0002242,1,1678.79,30,2,1,1,5,4562,30,7000,1,1,1,1,1,700700,1000000
2024DL0002243,1,1678.79,28,1,4,1,7,6331,42,5000,1,1,1,1,2,700704,1000000
2024DL0002244,1,1678.79,41,1,1,1,5,30937,206,9800,3,1,1,1,1,700704,1000000
2024DL0002245,1,1678.79,5,1,6,1,1,4244,28,0,0,6,1,5,1,700709,1000000
2024DL0002246,1,1678.79,47,1,3,1,5,10615,70,7000,4,1,1,1,2,700708,1000000
2024DL0002247,1,1678.79,30,1,5,1,17,35032,233,5000,1,1,1,5,2,700700,1000000
2024DL0002248,1,1678.79,51,2,6,1,9,35796,238,1000,3,1,1,3,1,700707,1000000
2024DL0002249,1,1678.79,21,1,1,1,18,30931,206,1000,2,1,1,1,1,700707,1000000
2024DL0002250,1,1678.79,44,1,1,1,15,128808,501,1000,3,1,1,1,1,700709,1000000
2024DL0002251,1,1678.79,19,2,8,1,16,58046,386,3000,1,4,1,5,1,700702,1000000
2024DL0002252,1,1678.79,21,2,1,1,15,41584,277,5000,6,1,1,5,2,700703,1000000
2024DL0002253,1,1678.79,10,2,1,1,1,6211,41,0,0,6,1,5,1,700705,1000000
2024DL0002254,1,1678.79,25,2,3,1,9,13929,92,8000,1,2,1,1,1,700710,1000000
2024DL0002255,1,1678.79,15,1,6,1,16,82399,501,0,0,6,1,5,1,700703,1000000
2024DL0002256,1,1678.79,28,1,2,1,15,74621,497,1000,1,1,1,1,1,700702,1000000
2024DL0002257,1,1678.79,38,2,1,1,7,19710,131,7000,6,1,1,1,2,700706,1000000
2024DL0002258,1,1678.79,3,2,4,1,9,23519,156,0,0,6,1,5,1,700704,1000000
2024DL0002259,1,1678.79,24,1,1,1,18,116372,501,4000,3,4,1,5,1,700708,1000000
2024DL0002260,1,1678.79,42,1,4,1,8,12306,82,8000,1,1,1,1,1,700709,1000000
2024DL0002261,1,1678.79,3,2,3,1,2,4787,31,0,0,6,1,5,2,700707,1000000
2024DL0002262,1,1678.79,54,1,4,1,6,53787,358,6000,3,1,1,1,1,700702,1000000
2024DL0002263,1,1678.79,23,1,1,1,15,93252,501,4000,2,2,1,1,1,700703,1000000
2024DL0002264,1,1678.79,21,2,3,1,17,39757,265,2000,1,1,1,5,1,700702,1000000
2024DL0002265,1,1678.79,22,2,2,1,15,40440,269,1000,1,3,1,1,2,700704,1000000
2024DL0002266,1,1678.79,17,1,1,1,10,9564,63,0,0,6,1,5,2,700708,1000000
2024DL0002267,1,1678.79,9,2,2,1,3,3566,23,0,0,6,1,5,1,700707,1000000
2024DL0002268,1,1678.79,5,1,5,1,5,7881,52,0,0,6,1,5,1,700704,1000000
2024DL0002269,1,1678.79,48,2,1,1,12,22029,146,8000,1,1,1,1,1,700702,1000000
2024DL0002270,1,1678.79,31,1,3,1,7,13251,88,5000,1,1,1,5,1,700704,1000000
2024DL0002271,1,1678.79,17,2,1,1,16,17971,119,0,0,6,1,5,1,700702,1000000
2024DL0002272,1,1678.79,14,1,5,1,4,13505,90,0,0,6,1,5,1,700702,1000000
2024DL0002273,1,1678.79,50,1,8,1,8,6376,42,9000,4,1,1,1,1,700707,1000000
2024DL0002274,1,1678.79,38,2,5,1,9,97534,501,5000,1,1,1,1,1,700705,1000000
2024DL0002275,1,1678.79,20,1,1,1,14,11852,79,7000,1,1,1,5,2,700705,1000000
2024DL0002276,1,1678.79,26,2,5,1,8,11781,78,9000,4,3,1,1,1,700708,1000000
2024DL0002277,1,1678.79,39,2,1,1,18,272796,501,6000,3,1,1,2,1,700704,1000000
2024DL0002278,1,1678.79,25,1,1,1,13,116910,501,5000,4,3,1,1,1,700706,1000000
2024DL0002279,1,1678.79,3,2,2,1,2,6199,41,0,0,6,1,5,1,700701,1000000
2024DL0002280,1,1678.79,61,2,1,1,7,21369,142,9920,4,3,1,2,1,700701,1000000
2024DL0002281,1,1678.79,10,2,5,1,1,5122,34,0,0,6,1,5,1,700708,1000000
2024DL0002282,1,1678.79,19,1,1,1,17,24264,161,3000,2,1,1,5,1,700705,1000000
2024DL0002283,1,1678.79,21,1,3,1,20,103968,501,1000,2,4,1,5,1,700705,1000000
2024DL0002284,1,1678.79,96,2,3,1,5,7856,52,0,0,6,1,1,1,700702,1000000
2024DL0002285,1,1678.79,32,1,3,1,10,104469,501,1000,1,1,1,1,1,700700,1000000
2024DL0002286,1,1678.79,42,2,1,1,7,12667,84,6000,3,1,1,1,1,700707,1000000
2024DL0002287,1,1678.79,58,2,3,1,10,58143,387,5000,1,1,1,1,1,700703,1000000
2024DL0002288,1,1678.79,13,1,2,1,4,4346,28,0,0,6,1,5,2,700705,1000000
2024DL0002289,1,1678.79,23,1,1,1,17,106993,501,1000,1,1,2,5,2,700702,1000000
2024DL0002290,1,1678.79,45,2,5,1,11,92861,501,9000,1,1,1,1,1,700708,1000000
2024DL0002291,1,1678.79,58,2,1,1,10,39784,265,3000,1,1,1,1,1,700708,1000000
2024DL0002292,1,1678.79,12,2,1,1,6,13429,89,0,0,6,1,5,1,700709,1000000
2024DL0002293,1,1678.79,30,1,4,1,8,22285,148,9800,1,1,1,1,1,700703,1000000
2024DL0002294,1,1678.79,48,2,8,1,11,102492,501,9000,1,1,1,1,1,700702,1000000
2024DL0002295,1,1678.79,48,2,3,1,12,25424,169,8000,3,1,5,1,1,700706,1000000
2024DL0002296,1,1678.79,11,1,4,1,6,8965,59,0,0,6,1,5,1,700701,1000000
2024DL0002297,1,1678.79,78,2,3,1,6,11601,77,0,0,6,1,2,1,700704,1000000
2024DL0002298,1,1678.79,15,2,4,1,20,47515,316,0,0,6,1,5,2,700705,1000000
2024DL0002299,1,1678.79,27,2,4,1,5,30860,205,9920,1,1,1,1,1,700703,1000000
2024DL0002300,1,1678.79,40,1,5,1,6,39098,260,5000,1,1,1,1,1,700704,1000000
2024DL0002301,1,1678.79,22,2,1,1,12,30113,200,5000,6,1,1,5,1,700706,1000000
2024DL0002302,1,1678.79,58,2,1,1,5,27561,183,6000,1,1,1,1,1,700704,1000000
2024DL0002303,1,1678.79,23,1,3,1,13,66876,445,3000,1,1,1,1,1,700706,1000000
2024DL0002304,1,1678.79,37,2,6,1,9,21426,142,8000,1,1,1,5,1,700708,1000000
2024DL0002305,1,1678.79,27,1,5,1,9,20774,138,6000,1,1,1,1,1,700706,1000000
2024DL0002306,1,1678.79,18,2,9,1,18,44468,296,1000,1,2,1,5,1,700706,1000000
2024DL0002307,1,1678.79,45,1,2,1,14,55216,368,3000,2,1,1,2,1,700704,1000000
2024DL0002308,1,1678.79,39,2,6,1,15,146984,501,4000,3,2,1,1,1,700702,1000000
2024DL0002309,1,1678.79,2,2,6,1,1,10231,68,0,0,6,1,5,2,700710,1000000
2024DL0002310,1,1678.79,55,1,2,1,9,106049,501,5000,4,5,2,1,1,700708,1000000
2024DL0002311,1,1678.79,23,1,1,1,19,185028,501,3000,2,1,1,5,1,700701,1000000
2024DL0002312,1,1678.79,17,1,3,1,16,78344,501,0,0,6,1,5,1,700710,1000000
2024DL0002313,1,1678.79,13,2,1,1,2,6406,42,0,0,6,1,5,1,700706,1000000
2024DL0002314,1,1678.79,1,1,2,1,7,10051,67,0,0,6,1,5,1,700703,1000000
2024DL0002315,1,1678.79,11,1,4,1,7,11808,78,0,0,6,1,5,1,700705,1000000
2024DL0002316,1,1678.79,0,2,1,1,6,7784,51,0,0,6,2,5,1,700708,1000000
2024DL0002317,1,1678.79,14,2,1,1,3,13359,89,0,0,6,1,5,1,700708,1000000
2024DL0002318,1,1678.79,1,2,5,1,2,10532,70,0,0,6,1,5,2,700706,1000000
2024DL0002319,1,1678.79,88,1,1,1,7,9480,63,0,0,6,1,1,2,700703,1000000
2024DL0002320,1,1678.79,19,2,5,1,15,81293,501,3000,1,1,1,5,1,700700,1000000
2024DL0002321,1,1678.79,33,1,1,1,8,13634,90,7000,4,1,1,1,1,700708,1000000
2024DL0002322,1,1678.79,33,2,6,1,8,10280,68,9800,1,1,1,5,1,700706,1000000
2024DL0002323,1,1678.79,17,1,4,1,19,44713,298,0,0,6,1,5,2,700707,1000000
2024DL0002324,1,1678.79,13,1,2,1,3,12575,83,0,0,6,1,5,1,700705,1000000
2024DL0002325,1,1678.79,25,2,2,1,13,99655,501,7000,6,1,1,5,1,700706,1000000
2024DL0002326,1,1678.79,42,1,1,1,11,42122,280,6000,1,1,1,1,1,700705,1000000
2024DL0002327,1,1678.79,100,1,4,1,8,2692,17,0,0,6,1,1,1,700700,1000000
2024DL0002328,1,1678.79,48,1,1,1,12,37701,251,9000,4,1,1,5,2,700707,1000000
2024DL0002329,1,1678.79,37,1,1,1,7,19505,130,5000,1,1,1,1,1,700704,1000000
2024DL0002330,1,1678.79,28,2,1,1,11,19050,127,7000,1,1,1,1,1,700706,1000000
2024DL0002331,1,1678.79,41,2,1,1,5,42061,280,9000,1,1,1,1,1,700705,1000000
2024DL0002332,1,1678.79,28,1,2,1,7,12617,84,8000,6,1,1,5,1,700701,1000000
2024DL0002333,1,1678.79,33,2,3,1,8,40837,272,6000,1,1,1,5,1,700700,1000000
2024DL0002334,1,1678.79,13,1,1,1,3,3864,25,0,0,6,1,5,1,700701,1000000
2024DL0002335,1,1678.79,61,2,5,1,6,10871,72,9000,1,1,1,1,1,700710,1000000
2024DL0002336,1,1678.79,28,2,4,1,16,37437,249,6000,1,1,1,5,1,700708,1000000
2024DL0002337,1,1678.79,42,1,2,1,17,29384,195,4000,2,1,1,1,1,700708,1000000
2024DL0002338,1,1678.79,46,2,6,1,7,8299,55,7000,4,1,1,1,1,700708,1000000
2024DL0002339,1,1678.79,17,2,2,1,15,12847,85,0,0,6,1,5,1,700705,1000000
2024DL0002340,1,1678.79,34,1,1,1,14,38019,253,5000,1,2,1,1,1,700700,1000000
2024DL0002341,1,1678.79,13,1,2,1,6,19013,126,0,0,6,1,5,1,700710,1000000
2024DL0002342,1,1678.79,53,2,3,1,8,16184,107,9920,6,1,1,2,1,700706,1000000
2024DL0002343,1,1678.79,38,2,2,1,5,53525,356,6000,4,1,1,1,1,700700,1000000
2024DL0002344,1,1678.79,0,1,1,1,6,7841,52,0,0,6,1,5,1,700700,1000000
2024DL0002345,1,1678.79,10,2,1,1,8,4104,27,0,0,6,1,5,1,700706,1000000
2024DL0002346,1,1678.79,31,2,3,1,13,31763,211,4000,1,2,1,5,1,700700,1000000
2024DL0002347,1,1678.79,6,1,5,1,3,28086,187,0,0,6,1,5,1,700708,1000000
2024DL0002348,1,1678.79,23,2,4,1,14,19503,130,7000,1,2,1,5,1,700704,1000000
2024DL0002349,1,1678.79,37,2,3,1,10,30318,202,9800,6,1,1,1,1,700704,1000000
2024DL0002350,1,1678.79,14,2,2,1,5,1695,11,0,0,6,1,5,1,700709,1000000
2024DL0002351,1,1678.79,8,1,3,1,6,13635,90,0,0,6,1,5,1,700707,1000000
2024DL0002352,1,1678.79,21,2,2,1,19,133920,501,3000,2,1,1,5,1,700702,1000000
2024DL0002353,1,1678.79,70,2,2,1,9,25511,170,6000,1,1,1,1,1,700706,1000000
2024DL0002354,1,1678.79,48,1,1,1,5,20055,133,9920,1,3,1,1,1,700708,1000000
2024DL0002355,1,1678.79,47,2,1,1,8,22238,148,8000,1,4,1,1,1,700708,1000000
2024DL0002356,1,1678.79,22,2,3,1,18,113031,501,1000,3,1,1,1,2,700702,1000000
2024DL0002357,1,1678.79,47,1,5,1,7,14605,97,6000,4,1,2,1,1,700705,1000000
2024DL0002358,1,1678.79,32,1,1,1,8,54447,362,7000,4,2,1,5,1,700702,1000000
2024DL0002359,1,1678.79,34,2,1,1,5,30336,202,7000,1,1,1,5,1,700706,1000000
2024DL0002360,1,1678.79,48,1,1,1,9,92130,501,5000,6,1,1,1,1,700702,1000000
2024DL0002361,1,1678.79,18,2,1,1,14,25099,167,7000,4,1,1,5,2,700704,1000000
2024DL0002362,1,1678.79,11,1,2,1,8,6637,44,0,0,6,1,5,1,700700,1000000
2024DL0002363,1,1678.79,18,1,3,1,13,60050,400,7000,1,1,1,5,1,700707,1000000
2024DL0002364,1,1678.79,21,1,4,1,14,11399,75,7000,6,1,1,5,1,700707,1000000
2024DL0002365,1,1678.79,12,1,4,1,1,9470,63,0,0,6,1,5,1,700701,1000000
2024DL0002366,1,1678.79,38,2,8,1,10,116079,501,6000,3,1,1,1,1,700710,1000000
2024DL0002367,1,1678.79,38,2,2,1,12,45246,301,4000,1,1,1,1,2,700703,1000000
2024DL0002368,1,1678.79,39,1,1,1,13,131855,501,5000,3,2,1,1,1,700704,1000000
2024DL0002369,1,1678.79,1,1,3,1,6,17511,116,0,0,6,1,5,1,700701,1000000
2024DL0002370,1,1678.79,33,1,1,1,18,65139,434,4000,2,1,1,1,1,700701,1000000
2024DL0002371,1,1678.79,55,2,1,1,13,37932,252,6000,1,1,1,1,1,700708,1000000
2024DL0002372,1,1678.79,9,2,1,1,4,9965,66,0,0,6,1,5,1,700710,1000000
2024DL0002373,1,1678.79,14,2,1,1,1,5016,33,0,0,6,1,5,1,700701,1000000
2024DL0002374,1,1678.79,6,2,2,1,3,12211,81,0,0,6,1,5,1,700709,1000000
2024DL0002375,1,1678.79,39,1,2,1,12,124486,501,3000,2,2,1,1,1,700707,1000000
2024DL0002376,1,1678.79,22,1,3,1,14,41457,276,3000,2,1,1,5,1,700706,1000000
2024DL0002377,1,1678.79,44,2,8,1,9,40614,270,5000,1,1,1,3,1,700703,1000000
2024DL0002378,1,1678.79,7,1,1,1,2,2894,19,0,0,6,1,5,1,700708,1000000
2024DL0002379,1,1678.79,27,2,9,1,13,16988,113,5000,1,1,1,1,1,700709,1000000
2024DL0002380,1,1678.79,42,2,1,1,15,169469,501,4000,3,4,1,1,1,700703,1000000
2024DL0002381,1,1678.79,49,2,1,1,18,57481,383,5000,4,1,1,1,1,700708,1000000
2024DL0002382,1,1678.79,28,2,5,1,9,75479,501,6000,3,1,1,5,1,700700,1000000
2024DL0002383,1,1678.79,8,2,6,1,2,12199,81,0,0,6,1,5,2,700700,1000000
2024DL0002384,1,1678.79,20,1,1,1,16,58000,386,4000,3,1,1,5,1,700705,1000000
2024DL0002385,1,1678.79,42,2,5,1,8,27794,185,9920,3,5,1,1,1,700702,1000000
2024DL0002386,1,1678.79,41,2,1,1,7,52035,346,9920,4,1,1,1,1,700710,1000000
2024DL0002387,1,1678.79,34,1,1,1,11,90131,501,6000,1,1,1,1,2,700701,1000000
2024DL0002388,1,1678.79,3,2,5,1,7,6514,43,0,0,6,1,5,2,700700,1000000
2024DL0002389,1,1678.79,33,1,5,1,9,28302,188,1000,3,1,1,5,1,700703,1000000
2024DL0002390,1,1678.79,35,2,2,1,11,123692,501,4000,1,2,1,5,1,700705,1000000
2024DL0002391,1,1678.79,20,1,6,1,19,29286,195,3000,1,2,1,5,1,700703,1000000
2024DL0002392,1,1678.79,47,2,3,1,11,56656,377,7000,1,1,1,1,2,700702,1000000
2024DL0002393,1,1678.79,2,1,1,1,2,9897,65,0,0,6,1,5,1,700707,1000000
2024DL0002394,1,1678.79,28,1,6,1,13,39078,260,1000,3,1,2,5,1,700703,1000000
2024DL0002395,1,1678.79,25,2,2,1,12,40768,271,6000,3,1,1,1,1,700701,1000000
2024DL0002396,1,1678.79,13,1,1,1,1,2721,18,0,0,6,1,5,1,700700,1000000
2024DL0002397,1,1678.79,25,1,6,1,5,6173,41,5000,1,1,1,1,2,700703,1000000
2024DL0002398,1,1678.79,17,2,1,1,19,40430,269,0,0,6,1,5,1,700704,1000000
2024DL0002399,1,1678.79,7,2,1,1,8,10844,72,0,0,6,1,5,1,700706,1000000
2024DL0002400,1,1678.79,19,1,1,1,15,70660,471,4000,1,1,1,5,1,700708,1000000
2024DL0002401,1,1678.79,100,2,1,1,10,13727,91,0,0,6,1,1,1,700700,1000000
2024DL0002402,1,1678.79,49,2,1,1,10,72853,485,1000,1,1,1,5,2,700704,1000000
2024DL0002403,1,1678.79,25,2,3,1,11,28954,193,9800,6,1,1,5,1,700705,1000000
2024DL0002404,1,1678.79,1,1,1,1,8,15670,104,0,0,6,5,5,1,700701,1000000
2024DL0002405,1,1678.79,12,1,3,1,7,4989,33,0,0,6,1,5,1,700704,1000000
2024DL0002406,1,1678.79,16,2,2,1,11,31546,210,0,0,6,1,5,1,700708,1000000
2024DL0002407,1,1678.79,36,1,5,1,12,40833,272,8000,1,1,1,5,1,700701,1000000
2024DL0002408,1,1678.79,14,2,1,1,1,4842,32,0,0,6,2,5,1,700700,1000000
2024DL0002409,1,1678.79,26,1,3,1,5,47143,314,9920,1,1,1,1,2,700707,1000000
2024DL0002410,1,1678.79,9,2,3,1,4,8313,55,0,0,6,1,5,1,700708,1000000
2024DL0002411,1,1678.79,1,2,5,1,7,7083,47,0,0,6,1,5,1,700701,1000000
2024DL0002412,1,1678.79,36,1,2,1,12,30987,206,3000,1,5,1,1,1,700708,1000000
2024DL0002413,1,1678.79,4,2,4,1,9,21186,141,0,0,6,1,5,1,700706,1000000
2024DL0002414,1,1678.79,59,1,1,1,9,36624,244,5000,3,1,1,1,1,700707,1000000
2024DL0002415,1,1678.79,15,2,1,1,14,7018,46,0,0,6,1,5,1,700703,1000000
2024DL0002416,1,1678.79,33,2,5,1,7,40763,271,9920,1,1,1,1,1,700701,1000000
2024DL0002417,1,1678.79,23,2,1,1,19,121445,501,1000,1,1,2,5,1,700702,1000000
2024DL0002418,1,1678.79,31,2,4,1,17,118773,501,2000,2,2,1,1,1,700707,1000000
2024DL0002419,1,1678.79,80,2,5,1,7,11058,73,0,0,6,1,5,1,700705,1000000
2024DL0002420,1,1678.79,38,1,3,1,16,86979,501,3000,2,3,5,1,1,700702,1000000
2024DL0002421,1,1678.79,92,2,5,1,9,39906,266,0,0,6,1,5,1,700705,1000000
2024DL0002422,1,1678.79,59,2,6,1,7,86633,501,5000,1,2,1,1,1,700706,1000000
2024DL0002423,1,1678.79,5,1,6,1,1,8888,59,0,0,6,1,5,1,700707,1000000
2024DL0002424,1,1678.79,60,2,1,1,8,6330,42,8000,1,2,1,2,1,700702,1000000
2024DL0002425,1,1678.79,19,1,4,1,12,35540,236,4000,1,1,1,5,1,700703,1000000
2024DL0002426,1,1678.79,34,1,1,1,9,43527,290,6000,4,1,1,1,1,700700,1000000
2024DL0002427,1,1678.79,20,1,5,1,17,23267,155,1000,1,1,1,5,1,700708,1000000
2024DL0002428,1,1678.79,3,1,1,1,3,6350,42,0,0,6,1,5,2,700709,1000000
2024DL0002429,1,1678.79,35,1,4,1,15,84485,501,6000,1,4,1,2,1,700710,1000000
2024DL0002430,1,1678.79,3,2,7,1,7,2398,15,0,0,6,1,5,1,700710,1000000
2024DL0002431,1,1678.79,16,2,5,1,13,37191,247,0,0,6,1,5,1,700705,1000000
2024DL0002432,1,1678.79,1,1,1,1,4,6754,45,0,0,6,1,5,1,700700,1000000
2024DL0002433,1,1678.79,4,1,1,1,4,2696,17,0,0,6,1,5,1,700701,1000000
2024DL0002434,1,1678.79,19,1,1,1,14,32287,215,8000,1,1,1,5,1,700702,1000000
2024DL0002435,1,1678.79,29,1,1,1,12,45864,305,9000,3,1,1,1,1,700710,1000000
2024DL0002436,1,1678.79,78,2,2,1,7,11384,75,0,0,6,1,5,1,700705,1000000
2024DL0002437,1,1678.79,35,2,1,1,7,33221,221,9800,1,2,1,1,1,700708,1000000
2024DL0002438,1,1678.79,2,1,1,1,3,5698,37,0,0,6,1,5,1,700707,1000000
2024DL0002439,1,1678.79,27,2,6,1,9,37278,248,1000,1,1,1,1,1,700701,1000000
2024DL0002440,1,1678.79,14,2,5,1,6,9209,61,0,0,6,1,5,1,700708,1000000
2024DL0002441,1,1678.79,1,2,6,1,6,2228,14,0,0,6,1,5,1,700707,1000000
2024DL0002442,1,1678.79,48,1,2,1,11,106118,501,5000,1,1,1,1,1,700705,1000000
2024DL0002443,1,1678.79,5,2,1,1,1,6481,43,0,0,6,1,5,1,700700,1000000
2024DL0002444,1,1678.79,7,1,2,1,6,14889,99,0,0,6,1,5,2,700702,1000000
2024DL0002445,1,1678.79,7,2,9,1,4,3113,20,0,0,6,5,5,1,700706,1000000
2024DL0002446,1,1678.79,0,2,1,1,5,7295,48,0,0,6,2,5,1,700704,1000000
2024DL0002447,1,1678.79,13,1,1,1,3,21480,143,0,0,6,1,5,1,700709,1000000
2024DL0002448,1,1678.79,58,1,3,1,11,14848,98,5000,6,1,1,1,1,700702,1000000
2024DL0002449,1,1678.79,65,2,5,1,9,21334,142,1000,1,1,1,4,1,700704,1000000
2024DL0002450,1,1678.79,1,2,1,1,6,10971,73,0,0,6,1,5,1,700709,1000000
2024DL0002451,1,1678.79,32,1,5,1,12,28614,190,5000,3,1,1,5,1,700708,1000000
2024DL0002452,1,1678.79,29,2,1,1,13,32211,214,7000,1,5,1,1,1,700705,1000000
2024DL0002453,1,1678.79,38,2,4,1,10,24557,163,7000,3,1,2,1,1,700708,1000000
2024DL0002454,1,1678.79,16,2,1,1,19,101596,501,0,0,6,1,5,1,700703,1000000
2024DL0002455,1,1678.79,22,2,4,1,20,280790,501,3000,2,1,1,1,2,700700,1000000
2024DL0002456,1,1678.79,6,2,1,1,4,4262,28,0,0,6,1,5,1,700700,1000000
2024DL0002457,1,1678.79,36,1,1,1,18,68756,458,5000,1,1,1,1,1,700701,1000000
2024DL0002458,1,1678.79,54,1,3,1,19,248808,501,4000,1,1,1,4,1,700706,1000000
2024DL0002459,1,1678.79,25,2,1,1,9,94239,501,6000,1,1,2,1,2,700703,1000000
2024DL0002460,1,1678.79,50,2,2,1,5,29591,197,6000,1,1,1,1,1,700710,1000000
2024DL0002461,1,1678.79,26,1,5,1,11,99589,501,4000,1,1,1,5,1,700701,1000000
2024DL0002462,1,1678.79,35,1,6,1,8,30102,200,7000,4,1,1,1,1,700710,1000000
2024DL0002463,1,1678.79,86,2,2,1,6,13587,90,0,0,6,1,1,1,700707,1000000
2024DL0002464,1,1678.79,2,2,3,1,3,6084,40,0,0,6,1,5,2,700703,1000000
2024DL0002465,1,1678.79,38,1,1,1,7,42570,283,9800,1,1,1,1,1,700701,1000000
2024DL0002466,1,1678.79,20,2,1,1,14,23565,157,7000,4,1,1,5,1,700709,1000000
2024DL0002467,1,1678.79,22,2,2,1,20,170026,501,1000,1,1,1,5,1,700704,1000000
2024DL0002468,1,1678.79,27,1,5,1,11,28567,190,8000,1,1,1,1,1,700701,1000000
2024DL0002469,1,1678.79,22,2,8,1,17,59668,397,6000,1,1,1,5,1,700702,1000000
2024DL0002470,1,1678.79,36,2,5,1,11,81863,501,5000,1,1,1,1,1,700704,1000000
2024DL0002471,1,1678.79,7,2,6,1,1,10784,71,0,0,6,1,5,1,700707,1000000
2024DL0002472,1,1678.79,16,1,3,1,15,36780,245,0,0,6,1,5,1,700710,1000000
2024DL0002473,1,1678.79,18,1,2,1,16,56930,379,6000,1,2,1,5,1,700708,1000000
2024DL0002474,1,1678.79,32,1,5,1,8,11283,75,9920,1,1,1,1,1,700701,1000000
2024DL0002475,1,1678.79,3,1,9,1,6,5596,37,0,0,6,1,5,1,700710,1000000
2024DL0002476,1,1678.79,16,1,8,1,17,14317,95,0,0,6,1,5,1,700705,1000000
2024DL0002477,1,1678.79,11,2,2,1,5,4417,29,0,0,6,1,5,1,700706,1000000
2024DL0002478,1,1678.79,10,1,4,1,3,8833,58,0,0,6,1,5,1,700702,1000000
2024DL0002479,1,1678.79,27,1,6,1,9,47453,316,8000,1,5,1,5,1,700709,1000000
2024DL0002480,1,1678.79,32,1,5,1,20,339943,501,3000,3,1,1,1,2,700704,1000000
2024DL0002481,1,1678.79,0,2,2,1,3,14564,97,0,0,6,1,5,1,700707,1000000
2024DL0002482,1,1678.79,26,2,1,1,12,85840,501,6000,6,5,1,1,1,700703,1000000
2024DL0002483,1,1678.79,33,1,1,1,16,190702,501,6000,3,1,1,5,1,700702,1000000
2024DL0002484,1,1678.79,44,1,1,1,11,29805,198,3000,2,3,1,2,1,700700,1000000
2024DL0002485,1,1678.79,1,2,4,1,5,12986,86,0,0,6,1,5,1,700703,1000000
2024DL0002486,1,1678.79,38,2,5,1,11,82612,501,9000,6,1,1,1,1,700700,1000000
2024DL0002487,1,1678.79,47,1,6,1,5,21672,144,5000,3,1,1,5,1,700708,1000000
2024DL0002488,1,1678.79,5,1,3,1,4,5863,39,0,0,6,1,5,1,700707,1000000
2024DL0002489,1,1678.79,39,1,5,1,16,231622,501,4000,3,1,1,1,2,700707,1000000
2024DL0002490,1,1678.79,22,1,2,1,15,108053,501,1000,1,4,1,5,1,700700,1000000
2024DL0002491,1,1678.79,24,2,2,1,14,19666,131,5000,1,5,1,5,1,700706,1000000
2024DL0002492,1,1678.79,78,1,6,1,9,20284,135,0,0,6,1,1,1,700700,1000000
2024DL0002493,1,1678.79,53,1,1,1,11,28098,187,4000,1,1,2,2,1,700705,1000000
2024DL0002494,1,1678.79,43,1,9,1,16,50330,335,4000,3,1,5,1,1,700700,1000000
2024DL0002495,1,1678.79,25,1,1,1,13,12675,84,5000,1,1,1,1,1,700710,1000000
2024DL0002496,1,1678.79,82,1,1,1,6,10184,67,0,0,6,1,1,1,700704,1000000
2024DL0002497,1,1678.79,22,2,5,1,17,132342,501,4000,1,1,1,5,2,700700,1000000
2024DL0002498,1,1678.79,15,1,3,1,20,48204,321,0,0,6,1,5,1,700700,1000000
2024DL0002499,1,1678.79,53,1,1,1,14,29672,197,7000,1,1,1,5,1,700707,1000000
2024DL0002500,1,1678.79,29,2,5,1,9,13846,92,9000,6,1,1,1,1,700702,1000000
2024DL0002501,1,1678.79,31,1,4,1,17,100674,501,6000,3,1,1,5,1,700706,1000000
2024DL0002502,1,1678.79,39,1,6,1,6,93901,501,8000,1,1,1,5,2,700709,1000000
2024DL0002503,1,1678.79,42,2,2,1,8,21098,140,9920,3,1,1,1,1,700702,1000000
2024DL0002504,1,1678.79,52,2,5,1,8,121959,501,9920,4,1,1,1,2,700703,1000000
2024DL0002505,1,1678.79,0,2,1,1,4,7426,49,0,0,6,1,5,1,700700,1000000
2024DL0002506,1,1678.79,88,1,2,1,8,22366,149,0,0,6,1,1,1,700705,1000000
2024DL0002507,1,1678.79,3,2,1,1,2,7225,48,0,0,6,1,5,1,700707,1000000
2024DL0002508,1,1678.79,17,1,3,1,19,67537,450,0,0,6,1,5,1,700709,1000000
2024DL0002509,1,1678.79,21,2,4,1,18,39864,265,4000,2,1,1,5,1,700709,1000000
2024DL0002510,1,1678.79,10,1,5,1,6,12403,82,0,0,6,1,5,1,700702,1000000
2024DL0002511,1,1678.79,44,1,2,1,12,38377,255,5000,1,1,1,5,1,700701,1000000
2024DL0002512,1,1678.79,29,1,1,1,12,72737,484,3000,1,1,1,5,1,700700,1000000
2024DL0002513,1,1678.79,45,1,1,1,10,18723,124,5000,3,1,1,1,2,700704,1000000
2024DL0002514,1,1678.79,36,2,4,1,10,57240,381,9000,3,1,1,1,1,700708,1000000
2024DL0002515,1,1678.79,58,2,1,1,11,49778,331,6000,1,1,1,1,1,700710,1000000
2024DL0002516,1,1678.79,22,1,6,1,12,53444,356,7000,1,1,1,5,1,700704,1000000
2024DL0002517,1,1678.79,6,1,5,1,3,3271,21,0,0,6,1,5,1,700700,1000000
2024DL0002518,1,1678.79,7,2,2,1,4,8002,53,0,0,6,1,5,2,700704,1000000
2024DL0002519,1,1678.79,40,1,3,1,9,28434,189,6000,4,1,1,1,1,700701,1000000
2024DL0002520,1,1678.79,27,1,1,1,13,15545,103,5000,4,4,1,1,1,700703,1000000
2024DL0002521,1,1678.79,14,1,6,1,2,2393,15,0,0,6,1,5,1,700700,1000000
2024DL0002522,1,1678.79,6,2,2,1,1,11283,75,0,0,6,5,5,1,700710,1000000
2024DL0002523,1,1678.79,44,2,5,1,14,26120,174,6000,4,1,1,1,1,700704,1000000
2024DL0002524,1,1678.79,58,1,1,1,15,74083,493,4000,2,1,1,1,2,700705,1000000
2024DL0002525,1,1678.79,0,2,3,1,4,10228,68,0,0,6,1,5,1,700703,1000000
2024DL0002526,1,1678.79,10,2,2,1,2,19715,131,0,0,6,2,5,1,700704,1000000
2024DL0002527,1,1678.79,43,2,1,1,7,18625,124,6000,1,1,1,1,1,700700,1000000
2024DL0002528,1,1678.79,19,1,3,1,12,14718,98,3000,1,1,1,5,2,700706,1000000
2024DL0002529,1,1678.79,10,2,4,1,3,3855,25,0,0,6,1,5,1,700702,1000000
2024DL0002530,1,1678.79,24,2,1,1,14,56265,375,8000,1,1,1,5,1,700710,1000000
2024DL0002531,1,1678.79,57,2,1,1,11,76748,501,5000,6,1,1,5,1,700703,1000000
2024DL0002532,1,1678.79,35,2,5,1,10,32720,218,6000,1,1,1,2,1,700707,1000000
2024DL0002533,1,1678.79,47,2,5,1,9,61392,409,4000,1,1,1,1,1,700702,1000000
2024DL0002534,1,1678.79,11,1,6,1,4,2897,19,0,0,6,1,5,1,700700,1000000
2024DL0002535,1,1678.79,40,2,6,1,13,60247,401,9000,3,1,1,1,1,700709,1000000
2024DL0002536,1,1678.79,21,1,5,1,16,44740,298,4000,1,1,1,5,1,700707,1000000
2024DL0002537,1,1678.79,77,1,6,1,6,12636,84,0,0,6,1,1,1,700701,1000000
2024DL0002538,1,1678.79,53,1,5,1,10,55612,370,6000,4,1,2,4,1,700703,1000000
2024DL0002539,1,1678.79,39,1,1,1,14,28413,189,6000,1,5,1,5,1,700704,1000000
2024DL0002540,1,1678.79,1,1,1,1,2,14628,97,0,0,6,1,5,1,700706,1000000
2024DL0002541,1,1678.79,22,1,2,1,11,36949,246,5000,3,1,1,5,1,700709,1000000
2024DL0002542,1,1678.79,58,1,5,1,9,38760,258,4000,2,1,1,1,1,700708,1000000
2024DL0002543,1,1678.79,18,1,1,1,19,39391,262,2000,2,1,1,5,2,700703,1000000
2024DL0002544,1,1678.79,2,1,2,1,7,1796,11,0,0,6,1,5,1,700706,1000000
2024DL0002545,1,1678.79,17,2,1,1,12,10533,70,0,0,6,1,5,2,700709,1000000
2024DL0002546,1,1678.79,19,1,2,1,19,125117,501,3000,1,1,1,5,2,700709,1000000
2024DL0002547,1,1678.79,50,2,6,1,10,33033,220,6000,1,2,1,5,1,700708,1000000
2024DL0002548,1,1678.79,3,1,5,1,5,2107,14,0,0,6,1,5,1,700705,1000000
2024DL0002549,1,1678.79,32,1,4,1,7,80171,501,9800,1,1,1,1,1,700702,1000000
2024DL0002550,1,1678.79,92,1,2,1,8,8350,55,0,0,6,1,2,1,700704,1000000
2024DL0002551,1,1678.79,4,1,4,1,6,1607,10,0,0,6,1,5,1,700703,1000000
2024DL0002552,1,1678.79,48,2,5,1,9,139621,501,5000,1,1,1,1,1,700705,1000000
2024DL0002553,1,1678.79,46,2,4,1,5,22182,147,9920,4,2,1,5,1,700701,1000000
2024DL0002554,1,1678.79,14,2,5,1,6,23985,159,0,0,6,1,5,1,700706,1000000
2024DL0002555,1,1678.79,26,2,1,1,12,35610,237,7000,1,1,1,5,1,700703,1000000
2024DL0002556,1,1678.79,51,2,2,1,8,29938,199,9000,6,1,1,1,1,700708,1000000
2024DL0002557,1,1678.79,9,2,3,1,2,17759,118,0,0,6,1,5,1,700707,1000000
2024DL0002558,1,1678.79,56,2,1,1,11,19985,133,7000,1,1,2,1,1,700702,1000000
2024DL0002559,1,1678.79,24,2,7,1,15,133004,501,3000,1,1,1,5,2,700708,1000000
2024DL0002560,1,1678.79,43,1,1,1,11,37097,247,7000,1,2,1,1,1,700702,1000000
2024DL0002561,1,1678.79,2,1,4,1,7,9848,65,0,0,6,5,5,1,700708,1000000
2024DL0002562,1,1678.79,59,2,6,1,9,34141,227,3000,1,1,1,2,1,700702,1000000
2024DL0002563,1,1678.79,25,1,3,1,13,18508,123,6000,1,1,1,1,1,700710,1000000
2024DL0002564,1,1678.79,13,2,6,1,2,3724,24,0,0,6,1,5,1,700706,1000000
2024DL0002565,1,1678.79,21,1,1,1,11,18300,122,3000,3,1,1,5,1,700706,1000000
2024DL0002566,1,1678.79,27,2,1,1,5,27573,183,5000,1,3,1,5,2,700709,1000000
2024DL0002567,1,1678.79,29,2,2,1,10,37617,250,6000,4,3,1,5,1,700700,1000000
2024DL0002568,1,1678.79,18,1,4,1,19,47432,316,4000,2,1,1,5,1,700703,1000000
2024DL0002569,1,1678.79,0,1,1,1,2,11818,78,0,0,6,1,5,2,700705,1000000
2024DL0002570,1,1678.79,0,1,6,1,9,35675,237,0,0,6,1,5,1,700708,1000000
2024DL0002571,1,1678.79,5,2,6,1,2,5328,35,0,0,6,1,5,1,700709,1000000
2024DL0002572,1,1678.79,14,2,1,1,6,6412,42,0,0,6,1,5,2,700703,1000000
2024DL0002573,1,1678.79,27,1,3,1,11,23778,158,2000,2,5,1,1,1,700700,1000000
2024DL0002574,1,1678.79,48,1,2,1,7,40270,268,9920,4,1,1,5,1,700710,1000000
2024DL0002575,1,1678.79,33,2,4,1,17,59381,395,1000,1,4,1,1,1,700704,1000000
2024DL0002576,1,1678.79,54,1,1,1,13,33707,224,9800,1,1,1,1,1,700710,1000000
2024DL0002577,1,1678.79,78,1,1,1,11,8643,57,0,0,6,1,2,2,700706,1000000
2024DL0002578,1,1678.79,14,2,1,1,3,5844,38,0,0,6,1,5,1,700702,1000000
2024DL0002579,1,1678.79,21,2,1,1,17,23961,159,5000,6,1,1,1,1,700708,1000000
2024DL0002580,1,1678.79,34,2,2,1,9,27133,180,3000,2,1,1,1,1,700707,1000000
2024DL0002581,1,1678.79,54,1,6,1,9,62469,416,9000,6,1,1,1,1,700708,1000000
2024DL0002582,1,1678.79,56,2,1,1,6,21924,146,7000,4,1,1,1,1,700701,1000000
2024DL0002583,1,1678.79,19,1,1,1,14,19844,132,7000,1,1,1,5,1,700702,1000000
2024DL0002584,1,1678.79,47,1,8,1,11,60864,405,9000,1,1,1,1,1,700708,1000000
2024DL0002585,1,1678.79,6,1,1,1,3,21649,144,0,0,6,1,5,1,700702,1000000
2024DL0002586,1,1678.79,22,2,4,1,12,95727,501,3000,3,1,1,5,2,700706,1000000
2024DL0002587,1,1678.79,27,2,1,1,8,16123,107,6000,4,4,1,5,1,700705,1000000
2024DL0002588,1,1678.79,48,2,1,1,7,22096,147,8000,1,1,1,5,1,700701,1000000
2024DL0002589,1,1678.79,8,2,2,1,3,3126,20,0,0,6,1,5,2,700708,1000000
2024DL0002590,1,1678.79,6,2,1,1,7,4720,31,0,0,6,2,5,1,700708,1000000
2024DL0002591,1,1678.79,26,1,3,1,12,19543,130,7000,4,1,1,1,1,700702,1000000
2024DL0002592,1,1678.79,5,2,1,1,2,4363,29,0,0,6,1,5,1,700705,1000000
2024DL0002593,1,1678.79,50,1,3,1,11,47071,313,8000,1,2,1,5,1,700701,1000000
2024DL0002594,1,1678.79,20,1,5,1,18,49747,331,5000,6,1,1,1,1,700705,1000000
2024DL0002595,1,1678.79,22,2,1,1,10,15040,100,8000,3,1,1,5,1,700704,1000000
2024DL0002596,1,1678.79,27,2,1,1,12,30423,202,7000,6,1,2,5,1,700700,1000000
2024DL0002597,1,1678.79,33,2,1,1,6,38619,257,5000,6,1,2,1,1,700703,1000000
2024DL0002598,1,1678.79,7,1,1,1,1,22621,150,0,0,6,1,5,2,700703,1000000
2024DL0002599,1,1678.79,11,1,2,1,9,10196,67,0,0,6,1,5,1,700707,1000000
2024DL0002600,1,1678.79,25,2,1,1,8,8948,59,9800,3,5,1,1,1,700706,1000000
2024DL0002601,1,1678.79,12,1,2,1,1,23104,154,0,0,6,1,5,1,700703,1000000
2024DL0002602,1,1678.79,51,2,4,1,8,6005,40,9920,3,1,1,1,1,700710,1000000
2024DL0002603,1,1678.79,10,2,1,1,2,21443,142,0,0,6,1,5,1,700709,1000000
2024DL0002604,1,1678.79,27,1,2,1,14,45708,304,9000,3,1,1,1,1,700701,1000000
2024DL0002605,1,1678.79,1,2,8,1,7,1841,12,0,0,6,1,5,1,700710,1000000
2024DL0002606,1,1678.79,44,2,1,1,14,43201,288,7000,1,1,1,1,1,700704,1000000
2024DL0002607,1,1678.79,44,1,6,1,7,37073,247,5000,4,2,1,1,1,700704,1000000
2024DL0002608,1,1678.79,47,2,2,1,5,33342,222,9800,1,5,1,1,1,700701,1000000
2024DL0002609,1,1678.79,2,2,3,1,4,5460,36,0,0,6,1,5,2,700706,1000000
2024DL0002610,1,1678.79,38,1,9,1,11,23770,158,5000,6,1,1,1,1,700702,1000000
2024DL0002611,1,1678.79,59,2,1,1,10,45440,302,8000,3,1,1,1,1,700700,1000000
2024DL0002612,1,1678.79,37,1,2,1,17,205322,501,3000,1,1,1,1,2,700706,1000000
2024DL0002613,1,1678.79,29,1,2,1,5,4429,29,5000,1,1,1,1,1,700710,1000000
2024DL0002614,1,1678.79,58,1,1,1,8,38665,257,9800,3,1,1,2,1,700707,1000000
2024DL0002615,1,1678.79,57,1,4,1,6,10094,67,5000,1,1,2,5,1,700701,1000000
2024DL0002616,1,1678.79,3,1,5,1,5,4581,30,0,0,6,1,5,1,700706,1000000
2024DL0002617,1,1678.79,0,2,5,1,5,3356,22,0,0,6,1,5,2,700708,1000000
2024DL0002618,1,1678.79,7,1,3,1,3,4759,31,0,0,6,1,5,1,700706,1000000
2024DL0002619,1,1678.79,13,2,1,1,4,9093,60,0,0,6,1,5,1,700701,1000000
2024DL0002620,1,1678.79,49,1,2,1,6,8676,57,9800,3,5,1,2,1,700700,1000000
2024DL0002621,1,1678.79,8,2,1,1,1,15709,104,0,0,6,1,5,1,700703,1000000
2024DL0002622,1,1678.79,12,1,3,1,3,20673,137,0,0,6,1,5,2,700709,1000000
2024DL0002623,1,1678.79,49,1,1,1,13,10488,69,1000,1,1,1,1,1,700705,1000000
2024DL0002624,1,1678.79,30,1,1,1,14,72726,484,9000,4,1,1,1,1,700701,1000000
2024DL0002625,1,1678.79,22,1,1,1,12,11434,76,9800,1,1,1,5,1,700700,1000000
2024DL0002626,1,1678.79,11,1,1,1,3,4269,28,0,0,6,1,5,1,700703,1000000
2024DL0002627,1,1678.79,3,1,1,1,3,11292,75,0,0,6,1,5,2,700708,1000000
2024DL0002628,1,1678.79,54,1,1,1,17,77839,501,3000,2,5,1,5,1,700701,1000000
2024DL0002629,1,1678.79,53,2,1,1,6,7304,48,5000,3,1,2,1,2,700709,1000000
2024DL0002630,1,1678.79,32,2,5,1,16,153530,501,1000,3,1,1,1,1,700709,1000000
2024DL0002631,1,1678.79,0,1,4,1,3,9045,60,0,0,6,1,5,2,700705,1000000
2024DL0002632,1,1678.79,20,2,1,1,18,26098,173,6000,4,1,1,5,1,700703,1000000
2024DL0002633,1,1678.79,35,2,2,1,8,17862,119,7000,1,1,1,1,1,700709,1000000
2024DL0002634,1,1678.79,8,2,5,1,4,5160,34,0,0,6,1,5,1,700704,1000000
2024DL0002635,1,1678.79,92,1,3,1,5,20472,136,0,0,6,1,1,1,700701,1000000
2024DL0002636,1,1678.79,4,1,5,1,5,5008,33,0,0,6,2,5,2,700702,1000000
2024DL0002637,1,1678.79,25,1,1,1,8,6907,46,9920,1,1,1,1,1,700709,1000000
2024DL0002638,1,1678.79,39,1,3,1,9,62818,418,5000,1,1,1,1,1,700700,1000000
2024DL0002639,1,1678.79,38,2,2,1,9,157032,501,9000,3,1,1,1,1,700702,1000000
2024DL0002640,1,1678.79,42,1,3,1,6,114251,501,9920,4,1,1,1,1,700704,1000000
2024DL0002641,1,1678.79,5,2,8,1,3,4695,31,0,0,6,1,5,1,700703,1000000
2024DL0002642,1,1678.79,19,1,2,1,20,57779,385,2000,1,1,1,5,1,700704,1000000
2024DL0002643,1,1678.79,53,1,3,1,13,155822,501,5000,6,1,1,1,1,700701,1000000
2024DL0002644,1,1678.79,18,2,1,1,20,232206,501,2000,2,2,1,5,1,700710,1000000
2024DL0002645,1,1678.79,15,1,1,1,10,10258,68,0,0,6,1,5,2,700700,1000000
2024DL0002646,1,1678.79,28,1,7,1,15,38940,259,5000,1,1,1,1,1,700709,1000000
2024DL0002647,1,1678.79,17,1,3,1,18,37915,252,0,0,6,1,5,1,700710,1000000
2024DL0002648,1,1678.79,66,1,5,1,6,17672,117,9920,1,1,1,2,1,700709,1000000
2024DL0002649,1,1678.79,0,2,1,1,8,11806,78,0,0,6,1,5,1,700704,1000000
2024DL0002650,1,1678.79,14,1,2,1,3,2245,14,0,0,6,1,5,1,700705,1000000
2024DL0002651,1,1678.79,13,1,5,1,8,7917,52,0,0,6,2,5,1,700702,1000000
2024DL0002652,1,1678.79,36,1,3,1,14,87993,501,5000,1,1,1,1,1,700707,1000000
2024DL0002653,1,1678.79,22,2,3,1,17,102652,501,4000,3,3,5,5,1,700700,1000000
2024DL0002654,1,1678.79,40,1,2,1,12,9897,65,9000,1,1,1,1,1,700708,1000000
2024DL0002655,1,1678.79,44,1,3,1,7,8811,58,9920,1,1,1,1,1,700710,1000000
2024DL0002656,1,1678.79,30,2,1,1,7,6978,46,5000,4,5,1,5,1,700703,1000000
2024DL0002657,1,1678.79,11,2,6,1,2,7128,47,0,0,6,1,5,1,700710,1000000
2024DL0002658,1,1678.79,18,2,5,1,18,36563,243,4000,1,1,1,5,2,700708,1000000
2024DL0002659,1,1678.79,27,1,6,1,12,35166,234,5000,4,1,1,1,1,700703,1000000
2024DL0002660,1,1678.79,4,1,4,1,8,11030,73,0,0,6,1,5,1,700702,1000000
2024DL0002661,1,1678.79,50,1,1,1,11,43929,292,5000,1,1,1,2,1,700707,1000000
2024DL0002662,1,1678.79,79,1,1,1,8,2681,17,0,0,6,1,2,1,700704,1000000
2024DL0002663,1,1678.79,28,2,3,1,16,45460,303,3000,3,1,1,5,1,700706,1000000
2024DL0002664,1,1678.79,36,2,1,1,9,107412,501,4000,1,1,1,1,1,700700,1000000
2024DL0002665,1,1678.79,30,1,4,1,14,68100,454,6000,4,1,1,5,1,700706,1000000
2024DL0002666,1,1678.79,7,1,4,1,9,26982,179,0,0,6,1,5,1,700701,1000000
2024DL0002667,1,1678.79,9,1,2,1,1,4232,28,0,0,6,1,5,1,700706,1000000
2024DL0002668,1,1678.79,23,2,3,1,15,64491,429,4000,1,1,1,1,1,700707,1000000
2024DL0002669,1,1678.79,4,2,2,1,3,3268,21,0,0,6,1,5,2,700709,1000000
2024DL0002670,1,1678.79,24,1,2,1,14,12109,80,9000,3,1,1,5,1,700702,1000000
2024DL0002671,1,1678.79,9,1,2,1,2,10103,67,0,0,6,1,5,1,700709,1000000
2024DL0002672,1,1678.79,79,1,2,1,10,12800,85,0,0,6,1,5,1,700706,1000000
2024DL0002673,1,1678.79,34,2,5,1,10,90225,501,1000,1,1,1,1,1,700701,1000000
2024DL0002674,1,1678.79,5,2,5,1,5,4299,28,0,0,6,1,5,1,700708,1000000
2024DL0002675,1,1678.79,15,2,1,1,17,49840,332,0,0,6,1,5,2,700702,1000000
2024DL0002676,1,1678.79,11,2,2,1,7,5336,35,0,0,6,1,5,1,700700,1000000
2024DL0002677,1,1678.79,15,1,1,1,10,10887,72,0,0,6,1,5,1,700708,1000000
2024DL0002678,1,1678.79,13,2,1,1,4,7748,51,0,0,6,1,5,1,700704,1000000
2024DL0002679,1,1678.79,30,2,1,1,6,30663,204,8000,1,1,1,1,1,700710,1000000
2024DL0002680,1,1678.79,83,2,9,1,6,10827,72,0,0,6,1,1,1,700707,1000000
2024DL0002681,1,1678.79,36,2,3,1,10,29968,199,5000,3,1,1,3,1,700704,1000000
2024DL0002682,1,1678.79,7,1,6,1,4,9844,65,0,0,6,1,5,1,700702,1000000
2024DL0002683,1,1678.79,26,2,2,1,16,106581,501,4000,2,1,2,1,1,700705,1000000
2024DL0002684,1,1678.79,15,2,1,1,14,14834,98,0,0,6,1,5,1,700700,1000000
2024DL0002685,1,1678.79,30,1,5,1,16,97032,501,4000,1,1,1,1,1,700700,1000000
2024DL0002686,1,1678.79,57,2,6,1,9,69180,461,6000,1,1,5,1,1,700710,1000000
2024DL0002687,1,1678.79,46,2,2,1,11,21617,144,5000,4,1,1,1,1,700710,1000000
2024DL0002688,1,1678.79,24,1,1,1,12,21819,145,5000,4,1,1,5,1,700710,1000000
2024DL0002689,1,1678.79,21,1,1,1,11,9641,64,2000,1,1,1,5,1,700707,1000000
2024DL0002690,1,1678.79,54,1,3,1,20,86124,501,4000,1,1,1,1,1,700704,1000000
2024DL0002691,1,1678.79,4,1,6,1,4,4810,32,0,0,6,1,5,1,700705,1000000
2024DL0002692,1,1678.79,4,2,1,1,8,6061,40,0,0,6,1,5,1,700709,1000000
2024DL0002693,1,1678.79,47,1,5,1,9,56445,376,7000,4,1,1,1,1,700710,1000000
2024DL0002694,1,1678.79,39,2,6,1,9,79020,501,8000,3,1,1,1,1,700706,1000000
2024DL0002695,1,1678.79,63,1,9,1,6,23082,153,5000,1,1,1,4,1,700710,1000000
2024DL0002696,1,1678.79,38,1,1,1,12,129909,501,9800,1,1,1,1,1,700705,1000000
2024DL0002697,1,1678.79,11,2,1,1,6,5926,39,0,0,6,1,5,1,700703,1000000
2024DL0002698,1,1678.79,26,2,5,1,13,27215,181,2000,1,1,1,1,1,700709,1000000
2024DL0002699,1,1678.79,1,1,1,1,4,4117,27,0,0,6,2,5,1,700705,1000000
2024DL0002700,1,1678.79,27,2,8,1,9,30616,204,7000,6,1,1,1,1,700700,1000000
2024DL0002701,1,1678.79,23,2,2,1,14,28035,186,8000,1,1,1,5,1,700702,1000000
2024DL0002702,1,1678.79,30,1,5,1,14,28166,187,9000,4,1,1,1,1,700705,1000000
2024DL0002703,1,1678.79,25,2,3,1,17,68584,457,3000,2,1,1,5,1,700708,1000000
2024DL0002704,1,1678.79,53,1,1,1,9,65755,438,7000,1,1,1,2,1,700708,1000000
2024DL0002705,1,1678.79,51,2,5,1,9,41939,279,8000,4,1,1,1,1,700705,1000000
2024DL0002706,1,1678.79,39,1,1,1,9,31243,208,5000,3,1,1,5,1,700706,1000000
2024DL0002707,1,1678.79,38,1,3,1,10,32367,215,5000,3,1,1,5,1,700709,1000000
2024DL0002708,1,1678.79,73,2,1,1,7,13547,90,0,0,6,1,5,1,700702,1000000
2024DL0002709,1,1678.79,19,1,6,1,19,52090,347,3000,1,1,1,5,1,700709,1000000
2024DL0002710,1,1678.79,38,1,4,1,10,30809,205,5000,1,1,1,1,2,700700,1000000
2024DL0002711,1,1678.79,5,2,3,1,4,11004,73,0,0,6,1,5,1,700709,1000000
2024DL0002712,1,1678.79,36,2,1,1,20,360014,501,1000,2,3,1,1,1,700706,1000000
2024DL0002713,1,1678.79,56,2,1,1,10,24266,161,4000,2,1,1,1,2,700707,1000000
2024DL0002714,1,1678.79,34,2,1,1,10,18253,121,9000,1,1,1,5,1,700708,1000000
2024DL0002715,1,1678.79,21,2,5,1,15,38921,259,6000,3,1,1,5,1,700706,1000000
2024DL0002716,1,1678.79,0,2,1,1,4,16191,107,0,0,6,1,5,1,700705,1000000
2024DL0002717,1,1678.79,26,2,5,1,18,55148,367,5000,1,1,1,1,1,700709,1000000
2024DL0002718,1,1678.79,41,2,1,1,12,41994,279,6000,6,1,1,1,1,700708,1000000
2024DL0002719,1,1678.79,40,2,2,1,10,27183,181,6000,4,1,1,1,2,700704,1000000
2024DL0002720,1,1678.79,73,2,1,1,5,20212,134,0,0,6,2,1,1,700705,1000000
2024DL0002721,1,1678.79,27,1,6,1,12,50759,338,8000,1,1,1,5,1,700705,1000000
2024DL0002722,1,1678.79,43,1,5,1,17,98473,501,5000,4,1,1,5,1,700702,1000000
2024DL0002723,1,1678.79,34,2,4,1,18,84167,501,6000,1,1,1,1,1,700700,1000000
2024DL0002724,1,1678.79,42,1,1,1,6,16394,109,6000,1,4,1,1,2,700708,1000000
2024DL0002725,1,1678.79,18,2,1,1,12,24075,160,6000,1,1,1,5,1,700703,1000000
2024DL0002726,1,1678.79,31,1,6,1,9,119491,501,2000,1,1,2,1,1,700704,1000000
2024DL0002727,1,1678.79,9,1,6,1,9,11758,78,0,0,6,1,5,1,700708,1000000
2024DL0002728,1,1678.79,29,2,1,1,5,19661,131,7000,3,1,1,1,1,700701,1000000
2024DL0002729,1,1678.79,9,1,1,1,4,4660,31,0,0,6,2,5,1,700709,1000000
2024DL0002730,1,1678.79,23,1,2,1,12,55882,372,2000,2,1,1,5,1,700706,1000000
2024DL0002731,1,1678.79,43,1,6,1,14,39295,261,5000,3,1,5,1,1,700705,1000000
2024DL0002732,1,1678.79,38,2,4,1,9,67823,452,1000,1,1,1,3,1,700707,1000000
2024DL0002733,1,1678.79,27,2,6,1,14,23874,159,7000,3,1,1,1,1,700709,1000000
2024DL0002734,1,1678.79,4,1,1,1,7,25151,167,0,0,6,1,5,1,700700,1000000
2024DL0002735,1,1678.79,31,2,7,1,6,17837,118,5000,1,1,1,5,1,700701,1000000
2024DL0002736,1,1678.79,16,1,1,1,16,34658,231,0,0,6,1,5,1,700705,1000000
2024DL0002737,1,1678.79,10,1,4,1,7,5792,38,0,0,6,1,5,1,700706,1000000
2024DL0002738,1,1678.79,27,2,1,1,7,8046,53,7000,4,4,1,5,1,700710,1000000
2024DL0002739,1,1678.79,31,1,9,1,9,143742,501,6000,3,1,1,1,1,700702,1000000
2024DL0002740,1,1678.79,42,1,1,1,11,42360,282,8000,4,3,1,5,1,700709,1000000
2024DL0002741,1,1678.79,52,2,5,1,11,60037,400,6000,4,1,1,1,1,700707,1000000
2024DL0002742,1,1678.79,34,1,5,1,6,12111,80,9000,4,1,1,1,1,700706,1000000
2024DL0002743,1,1678.79,9,2,2,1,6,7694,51,0,0,6,2,5,1,700706,1000000
2024DL0002744,1,1678.79,26,1,1,1,13,31734,211,1000,1,5,1,5,1,700700,1000000
2024DL0002745,1,1678.79,34,1,4,1,13,59999,399,6000,3,1,1,5,1,700707,1000000
2024DL0002746,1,1678.79,22,2,1,1,20,254615,501,3000,1,1,1,5,1,700704,1000000
2024DL0002747,1,1678.79,41,2,3,1,14,72693,484,9800,1,1,1,1,1,700710,1000000
2024DL0002748,1,1678.79,52,1,1,1,16,56260,375,4000,2,1,2,5,1,700701,1000000
2024DL0002749,1,1678.79,43,1,1,1,10,41563,277,5000,1,1,1,5,1,700702,1000000
2024DL0002750,1,1678.79,18,2,2,1,17,28264,188,1000,2,1,1,5,2,700701,1000000
2024DL0002751,1,1678.79,43,1,1,1,10,55549,370,7000,3,2,1,1,1,700702,1000000
2024DL0002752,1,1678.79,30,1,6,1,15,204541,501,6000,4,1,1,1,1,700705,1000000
2024DL0002753,1,1678.79,52,1,1,1,9,11863,79,9000,1,1,1,1,1,700704,1000000
2024DL0002754,1,1678.79,30,1,6,1,14,39388,262,6000,3,1,1,1,1,700700,1000000
2024DL0002755,1,1678.79,33,2,1,1,5,49804,332,9800,1,1,2,1,1,700700,1000000
2024DL0002756,1,1678.79,22,2,6,1,10,60526,403,9000,6,1,1,1,1,700706,1000000
2024DL0002757,1,1678.79,32,2,1,1,9,134468,501,2000,1,1,1,5,1,700707,1000000
2024DL0002758,1,1678.79,23,1,1,1,12,25646,170,8000,6,1,2,5,1,700708,1000000
2024DL0002759,1,1678.79,30,1,2,1,6,20523,136,9800,6,1,2,1,1,700710,1000000
2024DL0002760,1,1678.79,16,2,1,1,16,79563,501,0,0,6,2,5,1,700709,1000000
2024DL0002761,1,1678.79,26,1,6,1,9,17848,118,5000,6,1,1,5,1,700702,1000000
2024DL0002762,1,1678.79,1,2,3,1,5,7423,49,0,0,6,5,5,1,700702,1000000
2024DL0002763,1,1678.79,19,1,3,1,10,14074,93,7000,4,1,5,5,1,700707,1000000
2024DL0002764,1,1678.79,43,1,1,1,17,97771,501,1000,3,1,1,1,1,700706,1000000
2024DL0002765,1,1678.79,33,1,3,1,17,174552,501,6000,1,1,1,1,1,700700,1000000
2024DL0002766,1,1678.79,19,2,1,1,16,31321,208,4000,2,1,1,5,1,700701,1000000
2024DL0002767,1,1678.79,18,1,1,1,17,51790,345,1000,1,1,1,5,1,700708,1000000
2024DL0002768,1,1678.79,3,2,2,1,7,5989,39,0,0,6,1,5,1,700709,1000000
2024DL0002769,1,1678.79,56,2,1,1,9,45358,302,3000,1,4,1,3,1,700700,1000000
2024DL0002770,1,1678.79,0,1,5,1,8,3831,25,0,0,6,1,5,1,700703,1000000
2024DL0002771,1,1678.79,4,2,1,1,7,13036,86,0,0,6,1,5,1,700700,1000000
2024DL0002772,1,1678.79,6,1,2,1,3,2632,17,0,0,6,1,5,1,700704,1000000
2024DL0002773,1,1678.79,49,2,5,1,8,8592,57,9800,1,1,1,1,1,700702,1000000
2024DL0002774,1,1678.79,2,1,3,1,1,7271,48,0,0,6,1,5,1,700700,1000000
2024DL0002775,1,1678.79,22,1,1,1,12,48680,324,5000,4,1,1,1,2,700700,1000000
2024DL0002776,1,1678.79,21,1,1,1,19,92457,501,1000,1,1,1,5,1,700706,1000000
2024DL0002777,1,1678.79,42,2,5,1,5,8404,56,9000,1,1,1,1,1,700706,1000000
2024DL0002778,1,1678.79,35,1,1,1,7,51123,340,6000,3,1,1,1,1,700703,1000000
2024DL0002779,1,1678.79,29,1,4,1,17,52509,350,2000,1,2,1,5,1,700704,1000000
2024DL0002780,1,1678.79,49,1,3,1,8,17719,118,9800,1,1,2,1,1,700709,1000000
2024DL0002781,1,1678.79,43,1,8,1,7,44681,297,9800,1,1,5,1,1,700706,1000000
2024DL0002782,1,1678.79,27,1,1,1,10,26681,177,4000,1,3,1,1,2,700709,1000000
2024DL0002783,1,1678.79,86,2,2,1,6,6026,40,0,0,6,1,1,1,700706,1000000
2024DL0002784,1,1678.79,51,2,2,1,10,83606,501,6000,1,1,1,4,2,700703,1000000
2024DL0002785,1,1678.79,30,1,1,1,11,25974,173,6000,1,1,1,1,1,700700,1000000
2024DL0002786,1,1678.79,26,2,6,1,16,121625,501,6000,6,5,1,1,1,700702,1000000
2024DL0002787,1,1678.79,52,2,6,1,8,23548,156,5000,3,1,1,2,1,700702,1000000
2024DL0002788,1,1678.79,20,2,1,1,17,31302,208,3000,1,4,1,5,1,700704,1000000
2024DL0002789,1,1678.79,36,1,6,1,15,78960,501,5000,3,1,1,1,1,700706,1000000
2024DL0002790,1,1678.79,43,1,1,1,14,63456,423,9800,3,1,1,5,1,700709,1000000
2024DL0002791,1,1678.79,24,1,5,1,18,63596,423,6000,4,1,1,5,1,700701,1000000
2024DL0002792,1,1678.79,5,2,2,1,1,2888,19,0,0,6,1,5,1,700710,1000000
2024DL0002793,1,1678.79,57,1,2,1,11,31266,208,5000,4,1,1,1,1,700708,1000000
2024DL0002794,1,1678.79,25,2,5,1,16,30122,200,4000,2,1,1,1,2,700706,1000000
2024DL0002795,1,1678.79,24,2,1,1,12,42458,283,1000,1,1,1,5,1,700705,1000000
2024DL0002796,1,1678.79,20,1,1,1,13,21431,142,9000,4,1,2,5,1,700700,1000000
2024DL0002797,1,1678.79,5,2,9,1,1,4067,27,0,0,6,1,5,1,700704,1000000
2024DL0002798,1,1678.79,41,1,1,1,15,73687,491,5000,3,2,1,1,1,700705,1000000
2024DL0002799,1,1678.79,0,1,1,1,7,4231,28,0,0,6,1,5,1,700705,1000000
2024DL0002800,1,1678.79,24,2,1,1,19,180089,501,1000,1,2,1,1,1,700706,1000000
2024DL0002801,1,1678.79,38,1,5,1,7,36151,241,5000,1,1,1,1,1,700700,1000000
2024DL0002802,1,1678.79,38,2,8,1,9,31227,208,2000,1,1,1,1,1,700701,1000000
2024DL0002803,1,1678.79,45,2,5,1,5,35236,234,8000,1,1,1,1,1,700705,1000000
2024DL0002804,1,1678.79,39,2,6,1,8,63277,421,5000,4,1,1,2,1,700702,1000000
2024DL0002805,1,1678.79,9,1,1,1,1,16441,109,0,0,6,1,5,1,700706,1000000
2024DL0002806,1,1678.79,36,2,1,1,13,89999,501,1000,1,1,1,2,1,700702,1000000
2024DL0002807,1,1678.79,4,1,3,1,3,20720,138,0,0,6,5,5,1,700709,1000000
2024DL0002808,1,1678.79,1,2,6,1,4,25636,170,0,0,6,1,5,1,700703,1000000
2024DL0002809,1,1678.79,4,2,1,1,1,7645,50,0,0,6,2,5,1,700709,1000000
2024DL0002810,1,1678.79,54,1,1,1,9,63426,422,7000,1,2,1,1,1,700703,1000000
2024DL0002811,1,1678.79,35,1,1,1,6,16944,112,9920,1,1,1,1,1,700710,1000000
2024DL0002812,1,1678.79,33,2,2,1,19,114105,501,4000,3,1,1,5,1,700710,1000000
2024DL0002813,1,1678.79,13,2,2,1,4,6207,41,0,0,6,1,5,1,700700,1000000
2024DL0002814,1,1678.79,24,2,5,1,14,5536,36,5000,4,1,1,5,1,700710,1000000
2024DL0002815,1,1678.79,45,1,6,1,5,7361,49,6000,1,1,1,1,1,700701,1000000
2024DL0002816,1,1678.79,27,1,2,1,13,8594,57,1000,3,1,1,1,1,700707,1000000
2024DL0002817,1,1678.79,36,2,2,1,11,73080,487,1000,1,1,1,1,1,700707,1000000
2024DL0002818,1,1678.79,37,1,1,1,20,161273,501,3000,2,1,1,1,1,700702,1000000
2024DL0002819,1,1678.79,22,1,5,1,19,83629,501,3000,1,1,1,5,2,700709,1000000
2024DL0002820,1,1678.79,13,1,6,1,3,16822,112,0,0,6,1,5,2,700701,1000000
2024DL0002821,1,1678.79,25,2,2,1,6,17556,117,5000,1,1,1,1,1,700708,1000000
2024DL0002822,1,1678.79,45,1,2,1,8,15013,100,9000,1,1,1,1,1,700701,1000000
2024DL0002823,1,1678.79,0,2,6,1,1,11055,73,0,0,6,1,5,1,700709,1000000
2024DL0002824,1,1678.79,13,1,1,1,5,9948,66,0,0,6,1,5,1,700704,1000000
2024DL0002825,1,1678.79,0,2,1,1,5,14377,95,0,0,6,1,5,2,700706,1000000
2024DL0002826,1,1678.79,29,2,6,1,13,33983,226,2000,2,2,1,1,1,700709,1000000
2024DL0002827,1,1678.79,56,1,3,1,17,116853,501,3000,3,1,1,5,1,700710,1000000
2024DL0002828,1,1678.79,54,1,1,1,6,15971,106,7000,1,2,1,5,1,700704,1000000
2024DL0002829,1,1678.79,42,1,3,1,16,221663,501,3000,1,3,1,1,1,700710,1000000
2024DL0002830,1,1678.79,32,1,6,1,14,71111,474,1000,1,1,1,1,1,700702,1000000
2024DL0002831,1,1678.79,17,1,6,1,20,56078,373,0,0,6,1,5,1,700710,1000000
2024DL0002832,1,1678.79,28,1,5,1,14,29870,199,9000,1,1,5,1,1,700707,1000000
2024DL0002833,1,1678.79,72,1,2,1,11,21907,146,0,0,6,1,4,1,700710,1000000
2024DL0002834,1,1678.79,25,1,4,1,11,39378,262,7000,6,3,1,1,2,700709,1000000
2024DL0002835,1,1678.79,30,2,1,1,9,39189,261,5000,4,1,2,5,1,700708,1000000
2024DL0002836,1,1678.79,50,1,1,1,13,30683,204,3000,2,1,1,2,1,700704,1000000
2024DL0002837,1,1678.79,40,1,3,1,6,87320,501,7000,1,1,2,1,1,700707,1000000
2024DL0002838,1,1678.79,84,1,5,1,9,15484,103,0,0,6,1,3,1,700706,1000000
2024DL0002839,1,1678.79,4,1,6,1,6,5416,36,0,0,6,1,5,1,700704,1000000
2024DL0002840,1,1678.79,17,1,1,1,14,28259,188,0,0,6,1,5,1,700708,1000000
2024DL0002841,1,1678.79,23,1,1,1,11,83297,501,6000,1,1,1,5,1,700704,1000000
2024DL0002842,1,1678.79,37,1,2,1,14,94080,501,9000,4,1,1,1,1,700708,1000000
2024DL0002843,1,1678.79,40,2,1,1,8,16249,108,9800,3,1,1,1,1,700702,1000000
2024DL0002844,1,1678.79,30,1,4,1,17,54603,364,4000,1,1,1,5,1,700710,1000000
2024DL0002845,1,1678.79,35,1,3,1,7,41969,279,9800,4,1,1,1,1,700710,1000000
2024DL0002846,1,1678.79,19,1,5,1,14,13619,90,9000,1,1,1,5,1,700708,1000000
2024DL0002847,1,1678.79,30,2,1,1,5,4559,30,8000,1,4,1,5,1,700704,1000000
2024DL0002848,1,1678.79,2,1,1,1,4,5489,36,0,0,6,1,5,1,700708,1000000
2024DL0002849,1,1678.79,26,2,4,1,12,95252,501,9000,1,1,1,5,1,700701,1000000
2024DL0002850,1,1678.79,28,1,7,1,15,106215,501,6000,1,1,1,1,1,700700,1000000
2024DL0002851,1,1678.79,28,2,3,1,14,50878,339,1000,1,2,1,5,1,700706,1000000
2024DL0002852,1,1678.79,38,1,2,1,12,33798,225,5000,1,1,1,1,1,700703,1000000
2024DL0002853,1,1678.79,0,1,1,1,4,33852,225,0,0,6,1,5,1,700702,1000000
2024DL0002854,1,1678.79,46,2,5,1,7,18591,123,6000,3,1,1,1,1,700705,1000000
2024DL0002855,1,1678.79,2,1,6,1,1,15580,103,0,0,6,1,5,1,700708,1000000
2024DL0002856,1,1678.79,36,1,1,1,15,62159,414,1000,3,1,2,1,2,700709,1000000
2024DL0002857,1,1678.79,77,1,5,1,10,20314,135,0,0,6,2,2,1,700704,1000000
2024DL0002858,1,1678.79,4,1,1,1,6,9280,61,0,0,6,1,5,1,700707,1000000
2024DL0002859,1,1678.79,18,1,1,1,19,58978,393,2000,1,1,1,5,1,700709,1000000
2024DL0002860,1,1678.79,13,1,2,1,4,8303,55,0,0,6,1,5,1,700707,1000000
2024DL0002861,1,1678.79,47,1,4,1,8,12530,83,5000,1,1,1,3,1,700709,1000000
2024DL0002862,1,1678.79,50,2,1,1,7,15728,104,6000,1,1,1,5,1,700707,1000000
2024DL0002863,1,1678.79,35,1,3,1,9,30296,201,9000,1,1,1,5,1,700710,1000000
2024DL0002864,1,1678.79,15,2,1,1,13,20876,139,0,0,6,1,5,1,700708,1000000
2024DL0002865,1,1678.79,7,1,1,1,4,5729,38,0,0,6,1,5,1,700701,1000000
2024DL0002866,1,1678.79,82,1,8,1,6,8130,54,0,0,6,1,1,1,700709,1000000
2024DL0002867,1,1678.79,0,2,3,1,1,3999,26,0,0,6,1,5,1,700706,1000000
2024DL0002868,1,1678.79,12,2,3,1,3,5033,33,0,0,6,1,5,1,700701,1000000
2024DL0002869,1,1678.79,25,2,1,1,6,15274,101,9000,1,1,1,1,1,700709,1000000
2024DL0002870,1,1678.79,1,2,5,1,7,5758,38,0,0,6,1,5,1,700700,1000000
2024DL0002871,1,1678.79,49,1,2,1,5,22355,149,8000,1,1,1,1,2,700707,1000000
2024DL0002872,1,1678.79,48,1,1,1,6,17609,117,9800,1,5,2,1,1,700700,1000000
2024DL0002873,1,1678.79,46,2,1,1,17,91207,501,3000,3,1,1,1,2,700700,1000000
2024DL0002874,1,1678.79,65,2,1,1,7,6467,43,5000,1,1,1,2,2,700705,1000000
2024DL0002875,1,1678.79,3,1,2,1,1,6500,43,0,0,6,1,5,1,700705,1000000
2024DL0002876,1,1678.79,13,1,1,1,3,9070,60,0,0,6,2,5,1,700710,1000000
2024DL0002877,1,1678.79,15,1,3,1,14,14659,97,0,0,6,1,5,1,700702,1000000
2024DL0002878,1,1678.79,27,2,3,1,17,130803,501,1000,1,1,1,1,1,700700,1000000
2024DL0002879,1,1678.79,26,1,4,1,5,23435,156,9800,1,2,1,1,1,700706,1000000
2024DL0002880,1,1678.79,21,2,4,1,18,31259,208,3000,1,1,1,5,1,700708,1000000
2024DL0002881,1,1678.79,5,2,4,1,6,7267,48,0,0,6,1,5,1,700708,1000000
2024DL0002882,1,1678.79,32,1,1,1,11,79356,501,2000,2,1,1,5,1,700705,1000000
2024DL0002883,1,1678.79,0,1,3,1,4,6692,44,0,0,6,1,5,1,700708,1000000
2024DL0002884,1,1678.79,40,1,6,1,13,27820,185,5000,1,1,2,1,1,700700,1000000
2024DL0002885,1,1678.79,51,2,5,1,8,10141,67,9000,3,1,1,2,1,700708,1000000
2024DL0002886,1,1678.79,30,1,2,1,14,82020,501,5000,6,1,1,1,2,700705,1000000
2024DL0002887,1,1678.79,27,1,5,1,14,36205,241,5000,4,5,1,1,2,700701,1000000
2024DL0002888,1,1678.79,9,2,5,1,6,6655,44,0,0,6,1,5,1,700701,1000000
2024DL0002889,1,1678.79,44,1,1,1,9,33348,222,7000,1,1,1,1,1,700705,1000000
2024DL0002890,1,1678.79,26,1,1,1,7,12702,84,7000,1,1,1,5,1,700704,1000000
2024DL0002891,1,1678.79,5,1,1,1,6,9435,62,0,0,6,1,5,1,700706,1000000
2024DL0002892,1,1678.79,14,1,1,1,4,7505,50,0,0,6,1,5,1,700703,1000000
2024DL0002893,1,1678.79,36,1,1,1,10,93233,501,6000,3,2,1,1,1,700703,1000000
2024DL0002894,1,1678.79,14,1,4,1,6,12522,83,0,0,6,1,5,2,700700,1000000
2024DL0002895,1,1678.79,1,2,1,1,4,6137,40,0,0,6,5,5,1,700704,1000000
2024DL0002896,1,1678.79,44,1,1,1,13,17419,116,2000,1,1,1,1,1,700705,1000000
2024DL0002897,1,1678.79,14,1,3,1,7,9626,64,0,0,6,1,5,1,700707,1000000
2024DL0002898,1,1678.79,13,1,2,1,6,11316,75,0,0,6,2,5,1,700703,1000000
2024DL0002899,1,1678.79,38,2,5,1,8,13501,90,6000,4,1,2,1,1,700706,1000000
2024DL0002900,1,1678.79,21,2,9,1,15,44429,296,3000,2,4,1,5,1,700709,1000000
2024DL0002901,1,1678.79,18,1,8,1,12,20433,136,9800,6,1,1,5,1,700704,1000000
2024DL0002902,1,1678.79,2,1,5,1,1,8071,53,0,0,6,5,5,1,700708,1000000
2024DL0002903,1,1678.79,23,1,6,1,17,63199,421,6000,1,1,1,5,1,700708,1000000
2024DL0002904,1,1678.79,28,2,2,1,7,44448,296,9800,4,1,1,1,2,700701,1000000
2024DL0002905,1,1678.79,28,2,1,1,12,42610,284,8000,3,1,1,1,2,700703,1000000
2024DL0002906,1,1678.79,21,1,4,1,19,30084,200,1000,1,1,1,5,1,700701,1000000
2024DL0002907,1,1678.79,42,2,1,1,7,11590,77,9920,4,1,1,1,1,700708,1000000
2024DL0002908,1,1678.79,1,1,5,1,4,4940,32,0,0,6,1,5,1,700701,1000000
2024DL0002909,1,1678.79,99,2,1,1,5,8468,56,0,0,6,1,1,1,700706,1000000
2024DL0002910,1,1678.79,5,2,3,1,4,10875,72,0,0,6,2,5,1,700709,1000000
2024DL0002911,1,1678.79,22,1,1,1,13,37406,249,5000,6,1,1,1,1,700707,1000000
2024DL0002912,1,1678.79,20,1,1,1,13,26311,175,6000,1,1,1,5,2,700701,1000000
2024DL0002913,1,1678.79,47,1,1,1,11,29236,194,6000,4,1,1,5,1,700709,1000000
2024DL0002914,1,1678.79,14,2,4,1,5,6448,42,0,0,6,1,5,1,700706,1000000
2024DL0002915,1,1678.79,29,2,3,1,10,101606,501,6000,1,1,1,5,1,700702,1000000
2024DL0002916,1,1678.79,2,2,1,1,2,4597,30,0,0,6,1,5,1,700709,1000000
2024DL0002917,1,1678.79,37,1,3,1,10,26564,177,5000,3,1,1,1,1,700707,1000000
2024DL0002918,1,1678.79,44,1,3,1,8,15846,105,9920,3,1,1,1,1,700710,1000000
2024DL0002919,1,1678.79,1,2,1,1,7,10711,71,0,0,6,5,5,1,700710,1000000
2024DL0002920,1,1678.79,26,1,1,1,13,35349,235,6000,1,5,1,5,2,700702,1000000
2024DL0002921,1,1678.79,34,2,5,1,7,71445,476,6000,3,1,1,1,1,700706,1000000
2024DL0002922,1,1678.79,1,2,3,1,5,7869,52,0,0,6,1,5,1,700710,1000000
2024DL0002923,1,1678.79,23,2,5,1,14,31399,209,7000,3,1,1,5,1,700703,1000000
2024DL0002924,1,1678.79,45,2,6,1,12,28801,192,7000,1,1,1,1,1,700700,1000000
2024DL0002925,1,1678.79,1,1,5,1,3,2857,19,0,0,6,1,5,1,700708,1000000
2024DL0002926,1,1678.79,49,1,5,1,11,200045,501,5000,1,1,1,1,1,700710,1000000
2024DL0002927,1,1678.79,41,2,9,1,10,50856,339,9000,1,1,1,1,1,700704,1000000
2024DL0002928,1,1678.79,26,1,8,1,18,48987,326,2000,1,1,1,1,1,700706,1000000
2024DL0002929,1,1678.79,54,2,1,1,12,47545,316,8000,1,1,1,1,2,700703,1000000
2024DL0002930,1,1678.79,58,1,1,1,10,19978,133,9000,4,1,1,1,1,700708,1000000
2024DL0002931,1,1678.79,49,2,9,1,8,35394,235,6000,1,1,1,1,1,700707,1000000
2024DL0002932,1,1678.79,17,1,1,1,13,9221,61,0,0,6,1,5,1,700704,1000000
2024DL0002933,1,1678.79,24,2,3,1,10,21349,142,9000,1,1,1,1,1,700705,1000000
2024DL0002934,1,1678.79,39,2,2,1,6,21526,143,5000,1,1,1,1,1,700705,1000000
2024DL0002935,1,1678.79,64,2,3,1,10,46358,309,6000,1,1,1,5,1,700700,1000000
2024DL0002936,1,1678.79,86,1,4,1,10,22248,148,0,0,6,1,5,1,700706,1000000
2024DL0002937,1,1678.79,76,2,1,1,11,62623,417,0,0,6,1,1,1,700703,1000000
2024DL0002938,1,1678.79,26,2,1,1,10,49656,331,6000,4,1,1,1,1,700708,1000000
2024DL0002939,1,1678.79,3,1,4,1,5,11079,73,0,0,6,1,5,1,700701,1000000
2024DL0002940,1,1678.79,35,1,1,1,16,54785,365,4000,2,1,1,5,1,700702,1000000
2024DL0002941,1,1678.79,3,2,1,1,3,3964,26,0,0,6,1,5,2,700708,1000000
2024DL0002942,1,1678.79,52,1,8,1,5,23182,154,9800,4,1,1,2,2,700701,1000000
2024DL0002943,1,1678.79,40,1,1,1,10,63046,420,9000,1,5,1,1,1,700700,1000000
2024DL0002944,1,1678.79,23,1,4,1,16,187547,501,4000,1,1,1,5,1,700705,1000000
2024DL0002945,1,1678.79,44,1,2,1,12,45567,303,6000,4,5,1,5,2,700708,1000000
2024DL0002946,1,1678.79,0,1,3,1,3,9726,64,0,0,6,1,5,1,700709,1000000
2024DL0002947,1,1678.79,29,1,1,1,6,55739,371,9920,6,1,1,1,1,700705,1000000
2024DL0002948,1,1678.79,57,2,5,1,8,11128,74,7000,1,1,1,1,1,700702,1000000
2024DL0002949,1,1678.79,8,1,1,1,4,17759,118,0,0,6,1,5,2,700708,1000000
2024DL0002950,1,1678.79,31,2,2,1,10,29380,195,9000,4,1,1,5,1,700710,1000000
2024DL0002951,1,1678.79,14,2,5,1,4,4086,27,0,0,6,1,5,1,700705,1000000
2024DL0002952,1,1678.79,21,1,1,1,10,15315,102,6000,3,1,1,5,1,700702,1000000
2024DL0002953,1,1678.79,17,1,4,1,12,33092,220,0,0,6,1,5,1,700707,1000000
2024DL0002954,1,1678.79,7,1,6,1,4,6245,41,0,0,6,1,5,1,700700,1000000
2024DL0002955,1,1678.79,59,1,1,1,16,220173,501,4000,1,1,1,2,1,700700,1000000
2024DL0002956,1,1678.79,42,2,2,1,16,67860,452,6000,3,3,1,1,1,700709,1000000
2024DL0002957,1,1678.79,17,1,6,1,14,15055,100,0,0,6,1,5,1,700705,1000000
2024DL0002958,1,1678.79,8,2,4,1,4,5505,36,0,0,6,1,5,2,700705,1000000
2024DL0002959,1,1678.79,20,2,1,1,16,11328,75,1000,1,1,1,5,2,700703,1000000
2024DL0002960,1,1678.79,16,1,1,1,13,23500,156,0,0,6,2,5,1,700708,1000000
2024DL0002961,1,1678.79,17,2,3,1,15,71805,478,0,0,6,1,5,1,700709,1000000
2024DL0002962,1,1678.79,26,2,5,1,5,5819,38,9920,1,1,1,5,1,700703,1000000
2024DL0002963,1,1678.79,53,1,1,1,16,190447,501,4000,1,1,1,5,1,700707,1000000
2024DL0002964,1,1678.79,53,2,1,1,17,106499,501,3000,1,1,1,1,1,700705,1000000
2024DL0002965,1,1678.79,27,1,3,1,6,42731,284,9800,4,5,1,1,1,700702,1000000
2024DL0002966,1,1678.79,53,2,4,1,7,15500,103,5000,4,3,2,1,1,700707,1000000
2024DL0002967,1,1678.79,37,1,3,1,10,57681,384,8000,1,1,1,5,1,700700,1000000
2024DL0002968,1,1678.79,2,2,1,1,5,11832,78,0,0,6,1,5,2,700707,1000000
2024DL0002969,1,1678.79,33,1,1,1,6,25590,170,5000,1,1,1,5,1,700709,1000000
2024DL0002970,1,1678.79,1,2,1,1,2,23264,155,0,0,6,1,5,1,700703,1000000
2024DL0002971,1,1678.79,30,2,1,1,14,39847,265,8000,3,1,1,1,1,700705,1000000
2024DL0002972,1,1678.79,30,2,1,1,14,26688,177,3000,1,1,1,1,1,700704,1000000
2024DL0002973,1,1678.79,42,2,6,1,12,127986,501,3000,1,1,1,1,1,700701,1000000
2024DL0002974,1,1678.79,41,2,1,1,6,17031,113,7000,6,4,1,1,1,700706,1000000
2024DL0002975,1,1678.79,16,1,2,1,13,31704,211,0,0,6,1,5,1,700709,1000000
2024DL0002976,1,1678.79,23,2,1,1,20,81637,501,3000,1,1,1,1,1,700701,1000000
2024DL0002977,1,1678.79,44,2,1,1,6,42333,282,5000,4,1,2,1,1,700705,1000000
2024DL0002978,1,1678.79,32,1,1,1,11,77537,501,9000,4,1,1,1,1,700702,1000000
2024DL0002979,1,1678.79,1,1,1,1,4,3529,23,0,0,6,1,5,1,700708,1000000
2024DL0002980,1,1678.79,11,1,8,1,2,4291,28,0,0,6,1,5,1,700707,1000000
2024DL0002981,1,1678.79,30,2,1,1,11,139491,501,6000,1,1,1,1,2,700703,1000000
2024DL0002982,1,1678.79,18,1,1,1,10,76025,501,2000,2,1,1,5,1,700707,1000000
2024DL0002983,1,1678.79,7,2,5,1,5,3700,24,0,0,6,1,5,1,700706,1000000
2024DL0002984,1,1678.79,8,2,5,1,5,7604,50,0,0,6,1,5,1,700708,1000000
2024DL0002985,1,1678.79,38,1,1,1,9,51945,346,9800,3,1,1,1,1,700707,1000000
2024DL0002986,1,1678.79,21,2,3,1,17,26700,178,5000,4,1,1,1,1,700702,1000000
2024DL0002987,1,1678.79,15,2,3,1,13,35129,234,0,0,6,1,5,1,700708,1000000
2024DL0002988,1,1678.79,18,2,3,1,17,38265,255,4000,1,1,1,5,1,700700,1000000
2024DL0002989,1,1678.79,51,1,1,1,11,57076,380,5000,3,1,1,5,1,700701,1000000
2024DL0002990,1,1678.79,23,2,6,1,20,127118,501,1000,1,1,1,5,1,700705,1000000
2024DL0002991,1,1678.79,35,1,2,1,11,26851,179,6000,3,1,1,1,1,700702,1000000
2024DL0002992,1,1678.79,11,2,1,1,6,4786,31,0,0,6,2,5,1,700702,1000000
2024DL0002993,1,1678.79,45,1,3,1,14,91727,501,4000,1,1,1,1,1,700709,1000000
2024DL0002994,1,1678.79,41,2,1,1,10,68785,458,7000,1,1,1,5,1,700710,1000000
2024DL0002995,1,1678.79,86,2,5,1,9,11635,77,0,0,6,1,2,2,700710,1000000
2024DL0002996,1,1678.79,28,1,5,1,5,13178,87,9000,4,1,1,1,1,700700,1000000
2024DL0002997,1,1678.79,23,2,4,1,14,15766,105,5000,1,1,1,5,2,700709,1000000
2024DL0002998,1,1678.79,20,1,1,1,16,49375,329,3000,2,1,1,5,1,700709,1000000
2024DL0002999,1,1678.79,84,1,1,1,7,36142,240,0,0,6,1,5,1,700705,1000000
2024DL0003000,1,1678.79,44,1,3,1,14,61242,408,6000,1,1,1,1,1,700703,1000000
2024DL0003001,1,1678.79,37,1,6,1,7,13965,93,6000,4,1,1,1,1,700709,1000000
2024DL0003002,1,1678.79,95,2,2,1,6,23307,155,0,0,6,1,1,1,700708,1000000
2024DL0003003,1,1678.79,57,1,5,1,13,27933,186,6000,1,1,1,2,1,700700,1000000
2024DL0003004,1,1678.79,27,1,1,1,13,104662,501,9800,1,1,1,1,1,700700,1000000
2024DL0003005,1,1678.79,5,1,5,1,2,5222,34,0,0,6,1,5,2,700708,1000000
2024DL0003006,1,1678.79,12,1,1,1,6,14677,97,0,0,6,1,5,1,700705,1000000
2024DL0003007,1,1678.79,0,1,6,1,9,12010,80,0,0,6,1,5,1,700708,1000000
2024DL0003008,1,1678.79,31,1,1,1,8,4967,33,5000,1,1,1,1,1,700700,1000000
2024DL0003009,1,1678.79,44,2,6,1,12,27429,182,6000,1,1,1,1,1,700707,1000000
2024DL0003010,1,1678.79,22,1,1,1,14,21236,141,4000,1,1,1,5,1,700702,1000000
2024DL0003011,1,1678.79,14,1,1,1,1,7722,51,0,0,6,1,5,1,700710,1000000
2024DL0003012,1,1678.79,9,2,1,1,2,8056,53,0,0,6,1,5,1,700704,1000000
2024DL0003013,1,1678.79,57,1,9,1,6,20342,135,5000,4,5,1,2,1,700710,1000000
2024DL0003014,1,1678.79,33,2,6,1,11,22278,148,9800,4,1,1,5,2,700701,1000000
2024DL0003015,1,1678.79,0,2,2,1,4,16034,106,0,0,6,1,5,2,700701,1000000
2024DL0003016,1,1678.79,3,1,1,1,5,8478,56,0,0,6,1,5,1,700709,1000000
2024DL0003017,1,1678.79,24,1,5,1,14,10639,70,6000,1,1,1,5,1,700709,1000000
2024DL0003018,1,1678.79,19,1,4,1,15,11082,73,5000,1,2,1,5,1,700704,1000000
2024DL0003019,1,1678.79,21,1,6,1,16,54162,361,2000,3,1,2,5,1,700709,1000000
2024DL0003020,1,1678.79,15,1,1,1,12,22868,152,0,0,6,1,5,1,700705,1000000
2024DL0003021,1,1678.79,73,2,1,1,5,14830,98,0,0,6,1,1,1,700702,1000000
2024DL0003022,1,1678.79,25,1,6,1,13,30931,206,2000,1,1,1,1,1,700701,1000000
2024DL0003023,1,1678.79,10,1,6,1,4,2931,19,0,0,6,1,5,1,700706,1000000
2024DL0003024,1,1678.79,22,2,2,1,18,60265,401,2000,1,1,1,5,1,700707,1000000
2024DL0003025,1,1678.79,31,1,5,1,12,71296,475,9800,1,1,1,1,1,700707,1000000
2024DL0003026,1,1678.79,12,1,2,1,6,2778,18,0,0,6,1,5,1,700705,1000000
2024DL0003027,1,1678.79,20,2,4,1,10,17119,114,7000,1,1,1,5,1,700701,1000000
2024DL0003028,1,1678.79,6,2,2,1,7,9012,60,0,0,6,1,5,1,700705,1000000
2024DL0003029,1,1678.79,21,1,3,1,16,27524,183,1000,3,1,2,5,1,700707,1000000
2024DL0003030,1,1678.79,35,1,1,1,8,14622,97,8000,1,1,1,1,1,700700,1000000
2024DL0003031,1,1678.79,28,1,4,1,11,24027,160,8000,1,1,1,5,1,700706,1000000
2024DL0003032,1,1678.79,57,1,6,1,9,33429,222,6000,1,1,1,1,1,700703,1000000
2024DL0003033,1,1678.79,5,1,5,1,8,5525,36,0,0,6,1,5,1,700702,1000000
2024DL0003034,1,1678.79,5,2,2,1,3,4699,31,0,0,6,1,5,1,700706,1000000
2024DL0003035,1,1678.79,18,1,1,1,14,16933,112,6000,4,1,1,5,1,700701,1000000
2024DL0003036,1,1678.79,19,2,2,1,12,18026,120,9800,1,2,1,5,1,700703,1000000
2024DL0003037,1,1678.79,8,2,5,1,8,5395,35,0,0,6,1,5,1,700704,1000000
2024DL0003038,1,1678.79,30,1,1,1,12,40501,270,8000,6,1,1,5,1,700708,1000000
2024DL0003039,1,1678.79,6,2,5,1,3,5636,37,0,0,6,1,5,1,700705,1000000
2024DL0003040,1,1678.79,3,1,4,1,5,2267,15,0,0,6,1,5,1,700705,1000000
2024DL0003041,1,1678.79,21,2,1,1,12,51222,341,9000,4,1,1,5,1,700704,1000000
2024DL0003042,1,1678.79,94,1,4,1,10,45297,301,0,0,6,1,2,1,700702,1000000
2024DL0003043,1,1678.79,18,2,1,1,20,114660,501,4000,2,5,1,5,1,700704,1000000
2024DL0003044,1,1678.79,72,2,3,1,9,18569,123,0,0,6,1,1,1,700700,1000000
2024DL0003045,1,1678.79,50,1,1,1,13,30344,202,9000,6,1,1,2,1,700704,1000000
2024DL0003046,1,1678.79,15,1,1,1,10,2253,15,0,0,6,2,5,1,700704,1000000
2024DL0003047,1,1678.79,19,1,3,1,10,4756,31,8000,1,1,1,5,1,700703,1000000
2024DL0003048,1,1678.79,91,1,1,1,7,6803,45,0,0,6,1,1,1,700710,1000000
2024DL0003049,1,1678.79,5,2,1,1,8,4663,31,0,0,6,1,5,1,700708,1000000
2024DL0003050,1,1678.79,84,2,6,1,6,8694,57,0,0,6,1,1,2,700709,1000000
2024DL0003051,1,1678.79,18,2,2,1,17,19435,129,4000,2,1,1,5,1,700704,1000000
2024DL0003052,1,1678.79,8,2,3,1,5,12045,80,0,0,6,1,5,1,700704,1000000
2024DL0003053,1,1678.79,85,2,3,1,6,14042,93,0,0,6,1,1,2,700701,1000000
2024DL0003054,1,1678.79,40,1,6,1,10,55487,369,6000,4,1,1,1,2,700702,1000000
2024DL0003055,1,1678.79,1,1,6,1,2,8606,57,0,0,6,1,5,1,700702,1000000
2024DL0003056,1,1678.79,53,2,2,1,10,11278,75,2000,3,1,1,2,1,700704,1000000
2024DL0003057,1,1678.79,14,1,1,1,3,15217,101,0,0,6,1,5,1,700710,1000000
2024DL0003058,1,1678.79,20,2,3,1,15,30444,202,3000,3,5,1,5,1,700704,1000000
2024DL0003059,1,1678.79,67,2,9,1,9,21503,143,9000,3,1,1,2,1,700701,1000000
2024DL0003060,1,1678.79,74,2,4,1,12,41052,273,0,0,6,1,5,1,700710,1000000
2024DL0003061,1,1678.79,1,1,2,1,7,11366,75,0,0,6,1,5,1,700710,1000000
2024DL0003062,1,1678.79,20,1,1,1,11,7404,49,9000,1,1,1,1,1,700704,1000000
2024DL0003063,1,1678.79,32,1,1,1,14,15271,101,8000,1,1,2,5,1,700701,1000000
2024DL0003064,1,1678.79,50,2,2,1,7,32536,216,8000,6,1,1,1,1,700708,1000000
2024DL0003065,1,1678.79,10,2,1,1,1,14783,98,0,0,6,1,5,1,700706,1000000
2024DL0003066,1,1678.79,32,2,1,1,12,21391,142,4000,2,1,1,5,1,700703,1000000
2024DL0003067,1,1678.79,1,1,2,1,8,21330,142,0,0,6,1,5,1,700705,1000000
2024DL0003068,1,1678.79,42,1,1,1,10,86880,501,6000,1,1,2,1,1,700702,1000000
2024DL0003069,1,1678.79,20,1,2,1,11,15604,104,2000,1,4,1,1,1,700709,1000000
2024DL0003070,1,1678.79,43,1,4,1,9,30612,204,6000,3,1,1,1,1,700708,1000000
2024DL0003071,1,1678.79,14,2,3,1,5,4616,30,0,0,6,1,5,1,700703,1000000
2024DL0003072,1,1678.79,51,1,3,1,9,65480,436,4000,2,5,1,5,2,700703,1000000
2024DL0003073,1,1678.79,7,1,1,1,3,4753,31,0,0,6,1,5,1,700706,1000000
2024DL0003074,1,1678.79,18,1,2,1,10,20703,138,2000,3,2,1,5,1,700707,1000000
2024DL0003075,1,1678.79,49,1,2,1,11,47206,314,6000,4,1,1,1,1,700700,1000000
2024DL0003076,1,1678.79,24,1,1,1,14,22849,152,8000,1,2,1,5,1,700703,1000000
2024DL0003077,1,1678.79,47,1,4,1,10,108828,501,1000,1,1,1,1,1,700705,1000000
2024DL0003078,1,1678.79,73,1,3,1,5,6016,40,0,0,6,1,1,1,700704,1000000
2024DL0003079,1,1678.79,30,2,1,1,8,9566,63,9920,1,2,1,5,1,700709,1000000
2024DL0003080,1,1678.79,32,2,9,1,10,93503,501,2000,1,1,1,1,1,700709,1000000
2024DL0003081,1,1678.79,37,2,6,1,8,14438,96,5000,4,1,1,1,2,700702,1000000
2024DL0003082,1,1678.79,49,2,3,1,6,46852,312,9800,3,1,1,1,1,700703,1000000
2024DL0003083,1,1678.79,5,2,5,1,4,4291,28,0,0,6,1,5,1,700704,1000000
2024DL0003084,1,1678.79,33,1,2,1,8,39319,262,6000,4,1,1,1,1,700701,1000000
2024DL0003085,1,1678.79,41,1,1,1,16,58199,387,5000,3,5,1,2,1,700705,1000000
2024DL0003086,1,1678.79,10,1,1,1,9,16848,112,0,0,6,1,5,1,700701,1000000
2024DL0003087,1,1678.79,36,1,2,1,13,55521,370,8000,6,1,1,1,1,700704,1000000
2024DL0003088,1,1678.79,5,2,6,1,3,2522,16,0,0,6,1,5,1,700706,1000000
2024DL0003089,1,1678.79,35,1,3,1,17,181100,501,4000,1,1,1,1,1,700700,1000000
2024DL0003090,1,1678.79,95,1,4,1,6,6338,42,0,0,6,1,1,1,700702,1000000
2024DL0003091,1,1678.79,32,1,1,1,10,54465,363,3000,2,2,1,1,1,700705,1000000
2024DL0003092,1,1678.79,48,2,2,1,7,9440,62,8000,6,1,1,1,1,700705,1000000
2024DL0003093,1,1678.79,24,2,3,1,19,347106,501,3000,2,1,1,5,1,700708,1000000
2024DL0003094,1,1678.79,19,1,2,1,18,76349,501,5000,1,2,1,5,1,700706,1000000
2024DL0003095,1,1678.79,34,1,3,1,5,14697,97,9800,3,2,1,1,1,700701,1000000
2024DL0003096,1,1678.79,40,2,4,1,13,36220,241,7000,6,1,1,1,1,700704,1000000
2024DL0003097,1,1678.79,67,2,4,1,7,2451,16,8000,1,1,1,1,1,700710,1000000
2024DL0003098,1,1678.79,43,2,1,1,10,20535,136,5000,3,1,1,5,1,700710,1000000
2024DL0003099,1,1678.79,53,1,1,1,12,30291,201,7000,1,5,1,1,1,700704,1000000
2024DL0003100,1,1678.79,59,1,1,1,12,52413,349,1000,3,1,1,1,1,700704,1000000
2024DL0003101,1,1678.79,25,1,5,1,9,148922,501,3000,1,1,1,5,1,700705,1000000
2024DL0003102,1,1678.79,61,1,4,1,6,13415,89,5000,6,1,1,5,1,700701,1000000
2024DL0003103,1,1678.79,13,2,7,1,5,23008,153,0,0,6,1,5,1,700701,1000000
2024DL0003104,1,1678.79,36,1,1,1,10,56951,379,7000,3,2,1,1,1,700700,1000000
2024DL0003105,1,1678.79,34,1,1,1,11,76801,501,6000,1,1,1,5,1,700701,1000000
2024DL0003106,1,1678.79,30,1,2,1,16,30436,202,6000,1,4,1,1,1,700710,1000000
2024DL0003107,1,1678.79,29,1,2,1,5,6625,44,9000,3,1,1,1,1,700703,1000000
2024DL0003108,1,1678.79,30,2,5,1,12,62867,419,6000,3,1,1,5,2,700704,1000000
2024DL0003109,1,1678.79,26,1,1,1,6,48260,321,6000,1,1,2,5,1,700707,1000000
2024DL0003110,1,1678.79,26,2,2,1,6,11840,78,5000,1,1,1,1,1,700704,1000000
2024DL0003111,1,1678.79,32,1,2,1,5,95588,501,6000,1,1,1,5,1,700701,1000000
2024DL0003112,1,1678.79,11,2,6,1,3,5406,36,0,0,6,1,5,1,700707,1000000
2024DL0003113,1,1678.79,53,2,6,1,11,51215,341,6000,1,1,1,1,1,700704,1000000
2024DL0003114,1,1678.79,49,2,5,1,12,120105,501,9800,4,1,1,1,1,700703,1000000
2024DL0003115,1,1678.79,26,1,4,1,5,12718,84,6000,3,1,1,1,1,700703,1000000
2024DL0003116,1,1678.79,48,1,1,1,6,29413,196,5000,4,1,1,5,1,700705,1000000
2024DL0003117,1,1678.79,7,2,8,1,4,6527,43,0,0,6,1,5,1,700709,1000000
2024DL0003118,1,1678.79,18,2,3,1,16,19959,133,4000,1,3,1,5,1,700707,1000000
2024DL0003119,1,1678.79,32,2,4,1,12,21690,144,7000,1,2,1,1,1,700708,1000000
2024DL0003120,1,1678.79,56,2,5,1,12,64584,430,4000,3,1,1,1,1,700700,1000000
2024DL0003121,1,1678.79,27,1,3,1,9,92340,501,5000,1,1,1,5,1,700701,1000000
2024DL0003122,1,1678.79,99,1,1,1,11,17066,113,0,0,6,1,1,1,700708,1000000
2024DL0003123,1,1678.79,28,1,5,1,6,17908,119,6000,1,5,1,1,1,700702,1000000
2024DL0003124,1,1678.79,56,1,9,1,12,25223,168,7000,1,1,1,2,1,700708,1000000
2024DL0003125,1,1678.79,4,1,1,1,5,5782,38,0,0,6,1,5,1,700702,1000000
2024DL0003126,1,1678.79,9,2,5,1,1,10741,71,0,0,6,1,5,1,700701,1000000
2024DL0003127,1,1678.79,6,1,1,1,5,6610,44,0,0,6,1,5,2,700707,1000000
2024DL0003128,1,1678.79,2,1,1,1,4,10208,68,0,0,6,1,5,1,700705,1000000
2024DL0003129,1,1678.79,22,1,2,1,20,205888,501,1000,1,1,1,5,1,700707,1000000
2024DL0003130,1,1678.79,58,2,4,1,8,30780,205,9800,4,2,5,1,2,700707,1000000
2024DL0003131,1,1678.79,40,1,5,1,5,17290,115,6000,1,1,1,1,1,700708,1000000
2024DL0003132,1,1678.79,29,1,1,1,15,142756,501,4000,1,1,1,1,1,700705,1000000
2024DL0003133,1,1678.79,16,2,1,1,16,31743,211,0,0,6,1,5,1,700706,1000000
2024DL0003134,1,1678.79,24,2,1,1,14,39614,264,7000,3,1,1,5,1,700703,1000000
2024DL0003135,1,1678.79,20,1,2,1,16,33161,221,4000,1,1,1,5,1,700705,1000000
2024DL0003136,1,1678.79,29,2,1,1,11,47546,316,5000,1,1,1,5,1,700710,1000000
2024DL0003137,1,1678.79,24,1,4,1,12,19181,127,5000,3,1,1,5,1,700709,1000000
2024DL0003138,1,1678.79,37,1,1,1,7,10951,73,9800,1,1,1,1,2,700705,1000000
2024DL0003139,1,1678.79,3,1,2,1,4,4046,26,0,0,6,1,5,1,700705,1000000
2024DL0003140,1,1678.79,50,2,6,1,10,55681,371,9000,6,1,1,1,1,700706,1000000
2024DL0003141,1,1678.79,15,2,5,1,11,22414,149,0,0,6,2,5,1,700704,1000000
2024DL0003142,1,1678.79,8,2,6,1,8,4737,31,0,0,6,1,5,1,700709,1000000
2024DL0003143,1,1678.79,85,2,1,1,11,19612,130,0,0,6,2,5,2,700703,1000000
2024DL0003144,1,1678.79,3,2,3,1,4,7829,52,0,0,6,1,5,1,700707,1000000
2024DL0003145,1,1678.79,34,2,3,1,6,41293,275,9920,1,1,1,1,1,700700,1000000
2024DL0003146,1,1678.79,77,2,3,1,6,9802,65,0,0,6,2,1,2,700709,1000000
2024DL0003147,1,1678.79,13,1,1,1,8,4330,28,0,0,6,1,5,1,700709,1000000
2024DL0003148,1,1678.79,25,1,3,1,10,87327,501,6000,4,1,1,1,2,700704,1000000
2024DL0003149,1,1678.79,19,1,6,1,15,24684,164,4000,1,1,1,5,1,700705,1000000
2024DL0003150,1,1678.79,8,1,3,1,4,3997,26,0,0,6,1,5,1,700708,1000000
2024DL0003151,1,1678.79,39,1,3,1,6,24793,165,7000,1,2,1,1,1,700700,1000000
2024DL0003152,1,1678.79,79,2,7,1,7,5076,33,0,0,6,1,1,1,700710,1000000
2024DL0003153,1,1678.79,14,1,5,1,5,4825,32,0,0,6,1,5,1,700707,1000000
2024DL0003154,1,1678.79,9,1,1,1,4,3143,20,0,0,6,1,5,1,700700,1000000
2024DL0003155,1,1678.79,10,2,8,1,4,7343,48,0,0,6,1,5,1,700709,1000000
2024DL0003156,1,1678.79,6,1,1,1,1,12319,82,0,0,6,1,5,2,700708,1000000
2024DL0003157,1,1678.79,27,1,1,1,12,36396,242,1000,1,1,1,5,1,700704,1000000
2024DL0003158,1,1678.79,5,1,7,1,3,22627,150,0,0,6,1,5,1,700704,1000000
2024DL0003159,1,1678.79,2,2,1,1,3,10839,72,0,0,6,1,5,1,700707,1000000
2024DL0003160,1,1678.79,33,2,4,1,11,12073,80,5000,1,1,1,1,1,700710,1000000
2024DL0003161,1,1678.79,21,1,2,1,13,5694,37,6000,1,1,1,1,1,700702,1000000
2024DL0003162,1,1678.79,23,2,2,1,16,102982,501,4000,1,1,1,1,1,700707,1000000
2024DL0003163,1,1678.79,39,2,1,1,6,21705,144,8000,1,1,1,1,1,700710,1000000
2024DL0003164,1,1678.79,12,1,5,1,2,4605,30,0,0,6,2,5,1,700700,1000000
2024DL0003165,1,1678.79,13,1,1,1,5,4218,28,0,0,6,1,5,1,700703,1000000
2024DL0003166,1,1678.79,19,2,1,1,18,65027,433,5000,6,1,5,5,1,700706,1000000
2024DL0003167,1,1678.79,10,1,3,1,8,6013,40,0,0,6,1,5,1,700710,1000000
2024DL0003168,1,1678.79,18,1,6,1,16,32571,217,6000,1,1,1,5,1,700706,1000000
2024DL0003169,1,1678.79,15,1,1,1,14,15525,103,0,0,6,1,5,1,700710,1000000
2024DL0003170,1,1678.79,40,2,2,1,11,30938,206,6000,4,4,1,1,1,700706,1000000
2024DL0003171,1,1678.79,6,2,2,1,5,21948,146,0,0,6,1,5,2,700705,1000000
2024DL0003172,1,1678.79,6,1,1,1,2,1313,8,0,0,6,1,5,2,700709,1000000
2024DL0003173,1,1678.79,23,1,4,1,12,73672,491,9000,6,1,5,1,2,700700,1000000
2024DL0003174,1,1678.79,23,2,2,1,20,117790,501,1000,1,1,1,5,1,700708,1000000
2024DL0003175,1,1678.79,15,1,2,1,12,14026,93,0,0,6,1,5,1,700706,1000000
2024DL0003176,1,1678.79,10,1,4,1,5,7160,47,0,0,6,1,5,1,700703,1000000
2024DL0003177,1,1678.79,28,1,1,1,12,18046,120,5000,3,1,1,1,1,700704,1000000
2024DL0003178,1,1678.79,13,1,1,1,3,10138,67,0,0,6,1,5,1,700705,1000000
2024DL0003179,1,1678.79,60,2,9,1,10,41352,275,4000,2,1,1,5,2,700709,1000000
2024DL0003180,1,1678.79,49,1,1,1,6,17422,116,9000,1,1,1,1,1,700709,1000000
2024DL0003181,1,1678.79,14,1,6,1,5,7683,51,0,0,6,2,5,2,700704,1000000
2024DL0003182,1,1678.79,23,1,2,1,13,21058,140,2000,1,1,1,5,1,700704,1000000
2024DL0003183,1,1678.79,37,2,4,1,11,25343,168,1000,1,1,1,1,1,700703,1000000
2024DL0003184,1,1678.79,17,2,1,1,17,16766,111,0,0,6,2,5,1,700702,1000000
2024DL0003185,1,1678.79,47,2,1,1,11,28754,191,7000,1,1,1,1,1,700707,1000000
2024DL0003186,1,1678.79,2,1,3,1,5,17071,113,0,0,6,1,5,1,700710,1000000
2024DL0003187,1,1678.79,29,2,6,1,11,39213,261,6000,1,1,1,1,1,700704,1000000
2024DL0003188,1,1678.79,11,1,1,1,6,2568,17,0,0,6,1,5,2,700700,1000000
2024DL0003189,1,1678.79,27,1,4,1,14,69822,465,6000,1,1,1,5,1,700707,1000000
2024DL0003190,1,1678.79,48,1,1,1,13,90255,501,5000,1,1,1,1,1,700710,1000000
2024DL0003191,1,1678.79,6,2,2,1,9,32294,215,0,0,6,1,5,1,700706,1000000
2024DL0003192,1,1678.79,26,2,1,1,9,11073,73,2000,2,1,1,5,1,700710,1000000
2024DL0003193,1,1678.79,23,1,3,1,12,34824,232,6000,1,1,1,5,1,700705,1000000
2024DL0003194,1,1678.79,5,2,9,1,8,8994,59,0,0,6,1,5,2,700706,1000000
2024DL0003195,1,1678.79,24,2,1,1,14,37112,247,9000,6,1,1,5,1,700707,1000000
2024DL0003196,1,1678.79,42,1,3,1,11,65058,433,8000,1,1,1,1,1,700704,1000000
2024DL0003197,1,1678.79,29,2,2,1,20,120861,501,3000,3,2,1,1,1,700706,1000000
2024DL0003198,1,1678.79,45,2,5,1,6,68296,455,5000,3,2,1,1,1,700706,1000000
2024DL0003199,1,1678.79,42,2,3,1,12,41537,276,5000,3,1,1,1,1,700700,1000000
2024DL0003200,1,1678.79,51,2,1,1,8,22995,153,5000,1,1,1,1,1,700704,1000000
2024DL0003201,1,1678.79,34,2,4,1,6,36622,244,7000,1,1,1,1,1,700709,1000000
2024DL0003202,1,1678.79,59,1,1,1,18,53480,356,5000,1,2,1,1,1,700707,1000000
2024DL0003203,1,1678.79,5,2,3,1,2,5393,35,0,0,6,1,5,1,700704,1000000
2024DL0003204,1,1678.79,43,1,2,1,9,56348,375,7000,1,1,2,1,1,700704,1000000
2024DL0003205,1,1678.79,5,1,3,1,8,5906,39,0,0,6,2,5,1,700702,1000000
2024DL0003206,1,1678.79,33,2,1,1,9,28413,189,5000,1,1,1,5,1,700706,1000000
2024DL0003207,1,1678.79,57,2,1,1,11,106131,501,8000,1,1,1,5,1,700710,1000000
2024DL0003208,1,1678.79,42,1,3,1,10,43610,290,6000,1,5,1,1,1,700706,1000000
2024DL0003209,1,1678.79,46,1,7,1,8,20199,134,9920,1,1,1,1,1,700700,1000000
2024DL0003210,1,1678.79,38,1,1,1,9,67044,446,9000,1,1,1,1,1,700709,1000000
2024DL0003211,1,1678.79,27,1,3,1,14,34432,229,9000,3,5,1,1,1,700708,1000000
2024DL0003212,1,1678.79,90,1,1,1,9,12663,84,0,0,6,1,5,1,700704,1000000
2024DL0003213,1,1678.79,22,2,3,1,17,31851,212,2000,3,1,1,1,1,700708,1000000
2024DL0003214,1,1678.79,3,2,6,1,5,15213,101,0,0,6,1,5,1,700710,1000000
2024DL0003215,1,1678.79,73,1,5,1,7,21654,144,0,0,6,1,3,1,700703,1000000
2024DL0003216,1,1678.79,35,2,5,1,6,35066,233,7000,1,1,1,5,1,700702,1000000
2024DL0003217,1,1678.79,23,1,4,1,16,48216,321,2000,3,1,1,5,1,700702,1000000
2024DL0003218,1,1678.79,27,1,1,1,11,14749,98,9000,3,1,1,5,1,700704,1000000
2024DL0003219,1,1678.79,55,2,4,1,14,39185,261,6000,6,1,1,1,1,700707,1000000
2024DL0003220,1,1678.79,15,1,4,1,13,25305,168,0,0,6,1,5,1,700700,1000000
2024DL0003221,1,1678.79,15,1,1,1,15,111965,501,0,0,6,1,5,1,700709,1000000
2024DL0003222,1,1678.79,31,2,5,1,7,47146,314,6000,1,1,1,5,1,700701,1000000
2024DL0003223,1,1678.79,4,1,5,1,7,9215,61,0,0,6,1,5,1,700704,1000000
2024DL0003224,1,1678.79,21,2,1,1,17,20117,134,3000,1,1,1,5,1,700710,1000000
2024DL0003225,1,1678.79,28,1,3,1,15,42423,282,1000,1,1,1,1,1,700700,1000000
2024DL0003226,1,1678.79,24,2,1,1,11,35345,235,9000,3,1,1,1,1,700710,1000000
2024DL0003227,1,1678.79,17,2,1,1,10,36454,243,0,0,6,1,5,1,700707,1000000
2024DL0003228,1,1678.79,36,2,1,1,14,18632,124,7000,1,1,1,1,1,700701,1000000
2024DL0003229,1,1678.79,43,2,1,1,15,108352,501,6000,1,1,1,1,1,700700,1000000
2024DL0003230,1,1678.79,16,1,5,1,14,12390,82,0,0,6,1,5,1,700708,1000000
2024DL0003231,1,1678.79,17,2,5,1,18,47830,318,0,0,6,1,5,1,700704,1000000
2024DL0003232,1,1678.79,24,1,8,1,20,150491,501,4000,3,1,1,1,1,700709,1000000
2024DL0003233,1,1678.79,40,1,1,1,11,24724,164,9800,4,1,1,1,1,700707,1000000
2024DL0003234,1,1678.79,0,2,4,1,4,4113,27,0,0,6,1,5,1,700710,1000000
2024DL0003235,1,1678.79,31,2,1,1,11,13220,88,9000,1,1,1,1,2,700705,1000000
2024DL0003236,1,1678.79,28,2,4,1,13,23389,155,6000,4,4,1,5,1,700705,1000000
2024DL0003237,1,1678.79,57,2,2,1,13,54803,365,5000,6,1,1,1,1,700707,1000000
2024DL0003238,1,1678.79,23,2,6,1,18,94070,501,3000,1,3,1,5,1,700706,1000000
2024DL0003239,1,1678.79,73,2,7,1,5,5726,38,0,0,6,1,1,1,700707,1000000
2024DL0003240,1,1678.79,15,2,6,1,13,10896,72,0,0,6,5,5,1,700710,1000000
2024DL0003241,1,1678.79,26,2,2,1,11,7739,51,6000,1,1,1,1,1,700707,1000000
2024DL0003242,1,1678.79,36,2,4,1,12,69755,465,5000,1,1,1,5,1,700700,1000000
2024DL0003243,1,1678.79,37,1,8,1,14,65861,439,6000,3,1,1,5,2,700702,1000000
2024DL0003244,1,1678.79,8,1,8,1,2,6354,42,0,0,6,1,5,1,700705,1000000
2024DL0003245,1,1678.79,36,2,3,1,16,215369,501,6000,3,1,2,1,2,700702,1000000
2024DL0003246,1,1678.79,23,2,5,1,19,190389,501,3000,3,1,1,5,1,700708,1000000
2024DL0003247,1,1678.79,22,1,1,1,13,37960,253,7000,1,1,1,5,1,700703,1000000
2024DL0003248,1,1678.79,5,2,4,1,6,5034,33,0,0,6,2,5,1,700708,1000000
2024DL0003249,1,1678.79,39,2,4,1,14,45881,305,3000,1,1,1,1,1,700704,1000000
2024DL0003250,1,1678.79,20,1,6,1,12,15659,104,6000,6,1,1,5,1,700707,1000000
2024DL0003251,1,1678.79,7,2,2,1,3,1179,7,0,0,6,2,5,2,700704,1000000
2024DL0003252,1,1678.79,0,2,4,1,4,35900,239,0,0,6,1,5,1,700702,1000000
2024DL0003253,1,1678.79,48,1,1,1,12,47185,314,5000,4,1,1,1,1,700707,1000000
2024DL0003254,1,1678.79,31,1,5,1,8,22612,150,5000,1,1,1,5,1,700710,1000000
2024DL0003255,1,1678.79,14,2,1,1,2,7840,52,0,0,6,1,5,2,700708,1000000
2024DL0003256,1,1678.79,4,2,1,1,6,6474,43,0,0,6,1,5,1,700709,1000000
2024DL0003257,1,1678.79,43,2,9,1,9,61460,409,4000,1,1,1,1,1,700706,1000000
2024DL0003258,1,1678.79,0,1,1,1,3,8306,55,0,0,6,1,5,1,700703,1000000
2024DL0003259,1,1678.79,27,1,6,1,13,18775,125,6000,4,1,1,1,1,700701,1000000
2024DL0003260,1,1678.79,35,1,1,1,9,38537,256,3000,3,1,1,1,1,700703,1000000
2024DL0003261,1,1678.79,7,2,4,1,8,2240,14,0,0,6,1,5,1,700704,1000000
2024DL0003262,1,1678.79,21,1,1,1,19,62537,416,3000,1,1,1,5,1,700704,1000000
2024DL0003263,1,1678.79,29,2,4,1,13,16353,109,7000,1,1,1,1,2,700709,1000000
2024DL0003264,1,1678.79,81,2,2,1,6,21095,140,0,0,6,1,1,1,700702,1000000
2024DL0003265,1,1678.79,27,2,6,1,9,17972,119,6000,3,1,1,5,1,700700,1000000
2024DL0003266,1,1678.79,43,2,3,1,5,15693,104,9920,1,1,1,1,1,700701,1000000
2024DL0003267,1,1678.79,7,1,6,1,2,8940,59,0,0,6,1,5,1,700709,1000000
2024DL0003268,1,1678.79,19,2,1,1,15,16777,111,4000,1,1,1,5,1,700705,1000000
2024DL0003269,1,1678.79,28,2,1,1,11,54972,366,6000,6,5,1,1,1,700703,1000000
2024DL0003270,1,1678.79,2,1,2,1,1,7323,48,0,0,6,1,5,1,700704,1000000
2024DL0003271,1,1678.79,40,1,1,1,6,27996,186,5000,1,1,1,1,1,700708,1000000
2024DL0003272,1,1678.79,37,2,1,1,16,132549,501,4000,2,1,1,1,1,700704,1000000
2024DL0003273,1,1678.79,3,1,6,1,3,9219,61,0,0,6,1,5,1,700708,1000000
2024DL0003274,1,1678.79,32,1,6,1,9,32724,218,3000,3,1,1,5,1,700701,1000000
2024DL0003275,1,1678.79,29,2,3,1,5,13987,93,9000,4,2,1,5,1,700705,1000000
2024DL0003276,1,1678.79,49,2,1,1,11,31913,212,6000,4,1,1,5,2,700706,1000000
2024DL0003277,1,1678.79,55,1,1,1,9,91391,501,7000,3,1,2,1,2,700705,1000000
2024DL0003278,1,1678.79,30,2,4,1,6,13233,88,6000,4,5,2,5,1,700703,1000000
2024DL0003279,1,1678.79,31,1,2,1,13,45358,302,4000,1,1,1,1,1,700708,1000000
2024DL0003280,1,1678.79,44,1,1,1,11,41670,277,7000,1,1,1,1,1,700708,1000000
2024DL0003281,1,1678.79,27,2,5,1,6,14248,94,5000,6,5,1,5,1,700710,1000000
2024DL0003282,1,1678.79,20,2,6,1,15,21046,140,4000,1,1,1,1,1,700709,1000000
2024DL0003283,1,1678.79,59,1,4,1,7,14597,97,8000,3,1,1,1,1,700706,1000000
2024DL0003284,1,1678.79,18,2,6,1,15,43923,292,4000,1,1,1,5,1,700710,1000000
2024DL0003285,1,1678.79,24,2,6,1,15,75742,501,4000,1,1,1,1,1,700704,1000000
2024DL0003286,1,1678.79,35,1,4,1,13,28932,192,1000,1,1,1,1,1,700709,1000000
2024DL0003287,1,1678.79,41,1,1,1,9,29011,193,8000,3,1,1,1,1,700705,1000000
2024DL0003288,1,1678.79,9,2,1,1,5,4962,33,0,0,6,1,5,1,700700,1000000
2024DL0003289,1,1678.79,79,1,1,1,5,21617,144,0,0,6,1,5,1,700702,1000000
2024DL0003290,1,1678.79,19,2,2,1,19,99314,501,3000,1,1,1,5,1,700707,1000000
2024DL0003291,1,1678.79,31,1,7,1,12,54553,363,7000,1,1,1,1,1,700707,1000000
2024DL0003292,1,1678.79,30,2,4,1,12,22291,148,3000,1,2,1,5,1,700704,1000000
2024DL0003293,1,1678.79,8,2,1,1,9,27271,181,0,0,6,2,5,2,700706,1000000
2024DL0003294,1,1678.79,53,2,5,1,9,47548,316,8000,1,2,1,1,1,700705,1000000
2024DL0003295,1,1678.79,15,2,9,1,18,10819,72,0,0,6,1,5,1,700702,1000000
2024DL0003296,1,1678.79,52,2,4,1,10,13212,88,9000,4,1,1,1,1,700707,1000000
2024DL0003297,1,1678.79,33,2,4,1,11,177120,501,7000,1,1,1,5,1,700701,1000000
2024DL0003298,1,1678.79,33,1,1,1,14,57602,384,1000,1,1,1,1,1,700707,1000000
2024DL0003299,1,1678.79,34,2,4,1,5,71631,477,7000,6,1,1,5,2,700702,1000000
2024DL0003300,1,1678.79,42,1,6,1,8,21683,144,9800,4,1,1,5,1,700710,1000000
2024DL0003301,1,1678.79,10,1,3,1,3,5050,33,0,0,6,1,5,1,700709,1000000
2024DL0003302,1,1678.79,26,1,3,1,8,8816,58,9800,1,2,1,5,1,700708,1000000
2024DL0003303,1,1678.79,12,1,3,1,4,13702,91,0,0,6,1,5,1,700704,1000000
2024DL0003304,1,1678.79,19,1,2,1,12,17532,116,1000,1,1,1,5,1,700709,1000000
2024DL0003305,1,1678.79,10,1,5,1,1,5966,39,0,0,6,1,5,1,700702,1000000
2024DL0003306,1,1678.79,76,1,4,1,5,11228,74,0,0,6,1,1,1,700710,1000000
2024DL0003307,1,1678.79,85,2,5,1,7,12010,80,0,0,6,2,1,1,700703,1000000
2024DL0003308,1,1678.79,1,2,6,1,3,5826,38,0,0,6,1,5,1,700704,1000000
2024DL0003309,1,1678.79,8,2,1,1,1,4267,28,0,0,6,1,5,1,700701,1000000
2024DL0003310,1,1678.79,25,2,1,1,6,1069,7,9920,1,1,1,5,1,700706,1000000
2024DL0003311,1,1678.79,14,2,1,1,1,4541,30,0,0,6,2,5,1,700706,1000000
2024DL0003312,1,1678.79,37,1,3,1,13,145085,501,7000,1,1,1,3,1,700701,1000000
2024DL0003313,1,1678.79,36,1,9,1,16,119330,501,6000,4,1,1,5,1,700702,1000000
2024DL0003314,1,1678.79,39,2,1,1,11,78429,501,2000,1,1,2,1,1,700700,1000000
2024DL0003315,1,1678.79,38,2,2,1,16,128536,501,4000,1,1,1,1,2,700703,1000000
2024DL0003316,1,1678.79,4,1,2,1,5,9794,65,0,0,6,1,5,1,700704,1000000
2024DL0003317,1,1678.79,38,2,1,1,13,119825,501,2000,1,1,1,1,1,700701,1000000
2024DL0003318,1,1678.79,26,2,5,1,13,11348,75,4000,1,1,1,5,1,700700,1000000
2024DL0003319,1,1678.79,55,2,4,1,9,26596,177,9000,3,1,1,1,2,700705,1000000
2024DL0003320,1,1678.79,10,2,2,1,4,14562,97,0,0,6,1,5,2,700710,1000000
2024DL0003321,1,1678.79,78,2,1,1,11,71602,477,0,0,6,1,1,1,700708,1000000
2024DL0003322,1,1678.79,23,1,5,1,14,83587,501,1000,3,1,1,5,1,700706,1000000
2024DL0003323,1,1678.79,44,1,3,1,17,99931,501,3000,2,1,1,3,1,700701,1000000
2024DL0003324,1,1678.79,50,2,1,1,15,56108,374,5000,4,2,1,2,1,700710,1000000
2024DL0003325,1,1678.79,51,1,2,1,10,52609,350,5000,1,3,1,2,1,700704,1000000
2024DL0003326,1,1678.79,2,2,1,1,4,3222,21,0,0,6,1,5,1,700707,1000000
2024DL0003327,1,1678.79,30,2,2,1,9,26473,176,6000,1,2,2,1,1,700707,1000000
2024DL0003328,1,1678.79,7,2,8,1,2,7908,52,0,0,6,1,5,1,700710,1000000
2024DL0003329,1,1678.79,18,2,3,1,18,40232,268,6000,1,1,1,5,1,700709,1000000
2024DL0003330,1,1678.79,43,1,2,1,11,82939,501,1000,1,5,1,1,1,700709,1000000
2024DL0003331,1,1678.79,45,1,1,1,9,151476,501,7000,4,1,1,1,1,700707,1000000
2024DL0003332,1,1678.79,12,2,1,1,6,12392,82,0,0,6,1,5,1,700701,1000000
2024DL0003333,1,1678.79,34,1,1,1,13,24682,164,9800,1,1,1,1,1,700709,1000000
2024DL0003334,1,1678.79,51,1,1,1,9,47726,318,8000,6,3,1,5,2,700704,1000000
2024DL0003335,1,1678.79,31,1,2,1,8,19002,126,7000,4,2,1,1,1,700708,1000000
2024DL0003336,1,1678.79,40,1,2,1,15,301224,501,5000,3,1,1,1,1,700709,1000000
2024DL0003337,1,1678.79,56,1,1,1,10,18267,121,6000,3,1,1,2,1,700704,1000000
2024DL0003338,1,1678.79,55,1,1,1,14,51594,343,5000,1,1,1,1,1,700702,1000000
2024DL0003339,1,1678.79,25,1,6,1,6,28582,190,5000,4,4,1,1,1,700706,1000000
2024DL0003340,1,1678.79,44,2,4,1,14,53960,359,9000,1,1,1,5,2,700706,1000000
2024DL0003341,1,1678.79,3,1,5,1,2,3708,24,0,0,6,1,5,1,700704,1000000
2024DL0003342,1,1678.79,39,1,6,1,8,8826,58,9000,1,2,1,2,1,700700,1000000
2024DL0003343,1,1678.79,2,2,2,1,3,14155,94,0,0,6,5,5,2,700702,1000000
2024DL0003344,1,1678.79,6,1,1,1,1,20075,133,0,0,6,1,5,1,700702,1000000
2024DL0003345,1,1678.79,29,2,1,1,9,95287,501,6000,3,1,1,5,2,700701,1000000
2024DL0003346,1,1678.79,39,2,4,1,16,35392,235,4000,1,1,1,1,2,700704,1000000
2024DL0003347,1,1678.79,29,1,1,1,17,65778,438,5000,1,1,1,5,1,700707,1000000
2024DL0003348,1,1678.79,41,2,4,1,14,38264,255,9800,4,1,1,1,1,700709,1000000
2024DL0003349,1,1678.79,39,1,5,1,12,68820,458,6000,1,1,1,1,1,700709,1000000
2024DL0003350,1,1678.79,26,2,5,1,8,54424,362,5000,1,1,1,1,1,700703,1000000
2024DL0003351,1,1678.79,30,1,5,1,6,54823,365,9920,4,1,1,5,1,700705,1000000
2024DL0003352,1,1678.79,21,1,1,1,18,44827,298,4000,2,1,1,1,1,700701,1000000
2024DL0003353,1,1678.79,67,1,5,1,5,6922,46,5000,6,1,1,1,1,700708,1000000
2024DL0003354,1,1678.79,17,1,2,1,10,15681,104,0,0,6,1,5,1,700709,1000000
2024DL0003355,1,1678.79,19,2,2,1,18,29583,197,3000,2,1,1,5,2,700703,1000000
2024DL0003356,1,1678.79,31,1,5,1,13,40740,271,6000,3,1,1,5,1,700700,1000000
2024DL0003357,1,1678.79,18,1,1,1,19,66938,446,1000,1,1,1,5,1,700704,1000000
2024DL0003358,1,1678.79,53,1,1,1,7,25868,172,7000,1,1,1,1,1,700705,1000000
2024DL0003359,1,1678.79,14,2,5,1,2,1724,11,0,0,6,1,5,1,700710,1000000
2024DL0003360,1,1678.79,44,1,1,1,15,78180,501,5000,1,4,1,1,1,700703,1000000
2024DL0003361,1,1678.79,57,2,2,1,7,13085,87,9920,6,1,1,2,1,700709,1000000
2024DL0003362,1,1678.79,43,2,5,1,7,28642,190,7000,1,1,1,5,1,700702,1000000
2024DL0003363,1,1678.79,4,2,1,1,5,7072,47,0,0,6,1,5,2,700710,1000000
2024DL0003364,1,1678.79,10,1,1,1,4,4355,29,0,0,6,1,5,1,700700,1000000
2024DL0003365,1,1678.79,25,1,1,1,10,49825,332,9000,3,5,1,1,1,700700,1000000
2024DL0003366,1,1678.79,14,2,3,1,5,6769,45,0,0,6,1,5,1,700701,1000000
2024DL0003367,1,1678.79,38,1,5,1,5,3537,23,9920,1,1,1,1,1,700708,1000000
2024DL0003368,1,1678.79,52,1,1,1,7,22241,148,6000,1,1,1,3,1,700703,1000000
2024DL0003369,1,1678.79,52,1,1,1,11,32255,215,7000,3,1,1,1,1,700708,1000000
2024DL0003370,1,1678.79,32,2,3,1,5,5372,35,9800,1,1,1,1,1,700710,1000000
2024DL0003371,1,1678.79,17,1,1,1,10,16937,112,0,0,6,5,5,1,700710,1000000
2024DL0003372,1,1678.79,25,1,1,1,14,68542,456,5000,4,1,1,1,1,700705,1000000
2024DL0003373,1,1678.79,59,2,9,1,13,20568,137,9800,1,1,1,1,1,700706,1000000
2024DL0003374,1,1678.79,44,1,5,1,9,40837,272,6000,1,1,1,1,2,700710,1000000
2024DL0003375,1,1678.79,43,1,4,1,6,35470,236,6000,4,1,1,1,1,700703,1000000
2024DL0003376,1,1678.79,42,1,4,1,9,18761,125,2000,1,1,1,1,1,700707,1000000
2024DL0003377,1,1678.79,51,2,1,1,13,31809,212,5000,6,5,1,1,1,700708,1000000
2024DL0003378,1,1678.79,18,1,3,1,13,9873,65,9000,1,5,1,5,1,700704,1000000
2024DL0003379,1,1678.79,55,2,2,1,9,25831,172,2000,1,3,1,2,1,700701,1000000
2024DL0003380,1,1678.79,58,1,1,1,10,67448,449,9000,3,1,1,1,1,700706,1000000
2024DL0003381,1,1678.79,35,1,3,1,5,11481,76,6000,1,1,1,2,1,700709,1000000
2024DL0003382,1,1678.79,3,1,1,1,6,3944,26,0,0,6,1,5,2,700705,1000000
2024DL0003383,1,1678.79,44,2,1,1,13,98254,501,9000,1,1,2,1,1,700701,1000000
2024DL0003384,1,1678.79,3,1,5,1,4,19394,129,0,0,6,1,5,1,700706,1000000
2024DL0003385,1,1678.79,4,1,3,1,6,1468,9,0,0,6,1,5,1,700710,1000000
2024DL0003386,1,1678.79,28,1,4,1,17,73917,492,4000,3,1,1,5,1,700701,1000000
2024DL0003387,1,1678.79,43,2,6,1,11,56072,373,6000,4,5,1,1,1,700702,1000000
2024DL0003388,1,1678.79,88,1,3,1,11,19116,127,0,0,6,1,4,2,700702,1000000
2024DL0003389,1,1678.79,58,2,5,1,11,34127,227,9000,4,1,1,1,1,700705,1000000
2024DL0003390,1,1678.79,73,2,1,1,5,8662,57,0,0,6,1,2,1,700708,1000000
2024DL0003391,1,1678.79,10,1,5,1,1,6739,44,0,0,6,1,5,1,700710,1000000
2024DL0003392,1,1678.79,5,1,1,1,5,4087,27,0,0,6,1,5,1,700709,1000000
2024DL0003393,1,1678.79,28,2,5,1,17,49020,326,2000,2,5,1,5,1,700703,1000000
2024DL0003394,1,1678.79,16,1,2,1,14,30632,204,0,0,6,1,5,1,700707,1000000
2024DL0003395,1,1678.79,45,1,5,1,12,37930,252,9000,1,1,1,3,1,700705,1000000
2024DL0003396,1,1678.79,34,1,3,1,13,22537,150,9000,1,1,1,1,2,700701,1000000
2024DL0003397,1,1678.79,98,2,1,1,10,28908,192,0,0,6,1,1,2,700709,1000000
2024DL0003398,1,1678.79,39,1,5,1,11,63248,421,6000,1,1,1,1,1,700708,1000000
2024DL0003399,1,1678.79,22,1,9,1,12,54053,360,8000,1,2,1,5,1,700702,1000000
2024DL0003400,1,1678.79,31,2,1,1,8,23297,155,9920,3,1,1,1,2,700710,1000000
2024DL0003401,1,1678.79,13,2,1,1,1,19307,128,0,0,6,1,5,1,700703,1000000
2024DL0003402,1,1678.79,44,2,5,1,12,57740,384,1000,1,1,1,1,1,700709,1000000
2024DL0003403,1,1678.79,20,1,6,1,13,6530,43,7000,4,1,1,5,1,700704,1000000
2024DL0003404,1,1678.79,49,1,1,1,6,36088,240,7000,3,1,1,1,1,700708,1000000
2024DL0003405,1,1678.79,30,2,5,1,12,16778,111,9000,3,1,1,5,1,700704,1000000
2024DL0003406,1,1678.79,33,1,3,1,12,35813,238,9000,3,1,2,5,2,700701,1000000
2024DL0003407,1,1678.79,43,1,1,1,20,157292,501,3000,2,1,2,1,1,700703,1000000
2024DL0003408,1,1678.79,27,2,1,1,9,15961,106,7000,3,2,1,1,1,700708,1000000
2024DL0003409,1,1678.79,25,1,3,1,6,23963,159,9000,4,1,1,5,1,700708,1000000
2024DL0003410,1,1678.79,8,1,1,1,7,11028,73,0,0,6,1,5,1,700710,1000000
2024DL0003411,1,1678.79,35,1,3,1,9,38413,256,6000,4,1,1,1,1,700701,1000000
2024DL0003412,1,1678.79,28,2,5,1,6,16315,108,9800,6,1,1,1,1,700707,1000000
2024DL0003413,1,1678.79,33,2,1,1,8,19686,131,8000,3,1,1,1,1,700700,1000000
2024DL0003414,1,1678.79,4,2,1,1,1,7611,50,0,0,6,1,5,1,700701,1000000
2024DL0003415,1,1678.79,22,2,9,1,10,67432,449,6000,4,1,1,5,1,700700,1000000
2024DL0003416,1,1678.79,51,1,1,1,17,104225,501,6000,1,2,1,3,2,700708,1000000
2024DL0003417,1,1678.79,41,2,4,1,8,6161,41,9920,3,1,1,1,1,700703,1000000
2024DL0003418,1,1678.79,40,2,1,1,15,50740,338,6000,1,2,1,1,1,700701,1000000
2024DL0003419,1,1678.79,78,1,2,1,6,55416,369,0,0,6,1,1,1,700701,1000000
2024DL0003420,1,1678.79,40,1,4,1,12,39393,262,6000,3,1,1,5,1,700707,1000000
2024DL0003421,1,1678.79,56,2,2,1,7,7146,47,6000,3,1,1,1,1,700705,1000000
2024DL0003422,1,1678.79,25,1,2,1,12,54891,365,8000,1,1,1,1,1,700710,1000000
2024DL0003423,1,1678.79,24,2,6,1,17,75752,501,3000,1,1,1,1,1,700700,1000000
2024DL0003424,1,1678.79,99,1,5,1,5,28064,187,0,0,6,2,5,1,700702,1000000
2024DL0003425,1,1678.79,16,1,1,1,17,35729,238,0,0,6,1,5,1,700709,1000000
2024DL0003426,1,1678.79,38,2,1,1,11,20870,139,3000,1,1,1,1,1,700704,1000000
2024DL0003427,1,1678.79,7,2,5,1,4,2551,17,0,0,6,1,5,1,700706,1000000
2024DL0003428,1,1678.79,15,1,6,1,13,11901,79,0,0,6,1,5,1,700708,1000000
2024DL0003429,1,1678.79,34,2,1,1,8,33932,226,9920,1,1,1,5,1,700703,1000000
2024DL0003430,1,1678.79,43,1,1,1,10,26209,174,1000,3,3,1,1,1,700708,1000000
2024DL0003431,1,1678.79,14,2,1,1,9,11821,78,0,0,6,1,5,2,700700,1000000
2024DL0003432,1,1678.79,84,2,3,1,11,10594,70,0,0,6,1,1,1,700704,1000000
2024DL0003433,1,1678.79,17,1,1,1,14,15564,103,0,0,6,1,5,1,700709,1000000
2024DL0003434,1,1678.79,56,2,5,1,7,38077,253,8000,4,1,2,1,2,700700,1000000
2024DL0003435,1,1678.79,44,1,5,1,6,23250,155,5000,1,1,1,1,1,700709,1000000
2024DL0003436,1,1678.79,70,2,5,1,5,7185,47,9920,3,1,1,1,1,700706,1000000
2024DL0003437,1,1678.79,46,1,4,1,11,16286,108,7000,1,1,1,1,1,700702,1000000
2024DL0003438,1,1678.79,43,2,6,1,6,25720,171,5000,3,1,1,1,1,700705,1000000
2024DL0003439,1,1678.79,23,1,5,1,20,201505,501,4000,1,1,1,5,1,700702,1000000
2024DL0003440,1,1678.79,33,2,5,1,6,8067,53,8000,6,1,1,1,1,700709,1000000
2024DL0003441,1,1678.79,29,2,5,1,12,44336,295,7000,6,1,1,1,1,700701,1000000
2024DL0003442,1,1678.79,34,1,3,1,8,21397,142,5000,1,4,1,5,1,700706,1000000
2024DL0003443,1,1678.79,59,2,6,1,16,73191,487,1000,2,4,1,5,1,700705,1000000
2024DL0003444,1,1678.79,18,1,4,1,12,5313,35,5000,1,1,1,5,1,700700,1000000
2024DL0003445,1,1678.79,0,1,1,1,5,4530,30,0,0,6,1,5,1,700705,1000000
2024DL0003446,1,1678.79,6,1,2,1,3,5108,34,0,0,6,1,5,1,700703,1000000
2024DL0003447,1,1678.79,43,1,1,1,12,22487,149,5000,1,1,1,1,1,700702,1000000
2024DL0003448,1,1678.79,41,1,4,1,10,63324,422,9000,6,1,1,1,2,700708,1000000
2024DL0003449,1,1678.79,48,1,1,1,6,14700,98,9800,1,1,1,1,1,700706,1000000
2024DL0003450,1,1678.79,93,1,1,1,7,25061,167,0,0,6,1,5,1,700703,1000000
2024DL0003451,1,1678.79,6,2,6,1,6,27847,185,0,0,6,1,5,1,700702,1000000
2024DL0003452,1,1678.79,33,2,6,1,12,69787,465,8000,1,5,1,5,2,700703,1000000
2024DL0003453,1,1678.79,30,1,1,1,14,49972,333,1000,1,1,1,1,1,700703,1000000
2024DL0003454,1,1678.79,16,2,3,1,18,18745,124,0,0,6,1,5,1,700701,1000000
2024DL0003455,1,1678.79,18,1,1,1,20,86671,501,4000,1,1,1,5,1,700709,1000000
2024DL0003456,1,1678.79,11,1,6,1,5,13674,91,0,0,6,1,5,1,700710,1000000
2024DL0003457,1,1678.79,24,1,1,1,20,200633,501,3000,1,1,2,1,1,700710,1000000
2024DL0003458,1,1678.79,27,2,1,1,11,57139,380,5000,6,1,1,1,1,700703,1000000
2024DL0003459,1,1678.79,33,2,2,1,5,2859,19,6000,1,1,1,5,1,700702,1000000
2024DL0003460,1,1678.79,33,1,3,1,5,46316,308,9800,4,1,1,5,1,700700,1000000
2024DL0003461,1,1678.79,48,1,5,1,12,101446,501,2000,1,3,1,1,1,700706,1000000
2024DL0003462,1,1678.79,31,1,2,1,7,18329,122,8000,1,3,1,1,1,700701,1000000
2024DL0003463,1,1678.79,40,1,3,1,13,108369,501,5000,3,1,1,1,1,700710,1000000
2024DL0003464,1,1678.79,11,2,2,1,4,7026,46,0,0,6,1,5,1,700710,1000000
2024DL0003465,1,1678.79,57,1,1,1,11,13656,91,9000,1,1,1,1,1,700710,1000000
2024DL0003466,1,1678.79,19,1,1,1,17,24914,166,6000,1,1,1,5,1,700706,1000000
2024DL0003467,1,1678.79,12,1,4,1,5,8145,54,0,0,6,2,5,1,700703,1000000
2024DL0003468,1,1678.79,4,2,3,1,6,6874,45,0,0,6,1,5,1,700701,1000000
2024DL0003469,1,1678.79,9,1,2,1,3,11307,75,0,0,6,1,5,1,700704,1000000
2024DL0003470,1,1678.79,56,2,1,1,8,16493,109,9800,1,1,1,1,2,700710,1000000
2024DL0003471,1,1678.79,8,1,5,1,4,5205,34,0,0,6,1,5,1,700706,1000000
2024DL0003472,1,1678.79,22,2,6,1,18,68678,457,5000,1,1,1,5,1,700706,1000000
2024DL0003473,1,1678.79,17,1,6,1,20,92009,501,0,0,6,1,5,1,700709,1000000
2024DL0003474,1,1678.79,34,1,6,1,10,18999,126,7000,1,1,1,5,1,700704,1000000
2024DL0003475,1,1678.79,38,1,5,1,11,46096,307,8000,3,1,1,1,1,700710,1000000
2024DL0003476,1,1678.79,9,1,6,1,2,12139,80,0,0,6,2,5,1,700706,1000000
2024DL0003477,1,1678.79,4,1,4,1,3,9639,64,0,0,6,1,5,1,700705,1000000
2024DL0003478,1,1678.79,59,1,3,1,10,34353,229,8000,3,1,1,1,1,700706,1000000
2024DL0003479,1,1678.79,25,2,1,1,14,26261,175,6000,1,5,1,5,1,700700,1000000
2024DL0003480,1,1678.79,11,2,5,1,2,6495,43,0,0,6,1,5,1,700701,1000000
2024DL0003481,1,1678.79,54,2,1,1,5,7743,51,5000,1,1,1,1,1,700702,1000000
2024DL0003482,1,1678.79,77,2,2,1,7,12700,84,0,0,6,1,1,2,700709,1000000
2024DL0003483,1,1678.79,51,2,4,1,6,23343,155,6000,4,5,1,1,1,700710,1000000
2024DL0003484,1,1678.79,30,1,2,1,16,49605,330,4000,2,1,1,5,1,700704,1000000
2024DL0003485,1,1678.79,29,1,1,1,12,97207,501,8000,3,1,1,5,2,700704,1000000
2024DL0003486,1,1678.79,49,1,2,1,7,28658,191,9920,1,1,1,1,1,700705,1000000
2024DL0003487,1,1678.79,13,1,1,1,4,3056,20,0,0,6,1,5,1,700704,1000000
2024DL0003488,1,1678.79,25,1,4,1,10,47312,315,2000,1,1,1,1,1,700710,1000000
2024DL0003489,1,1678.79,46,1,3,1,11,25902,172,3000,3,1,1,1,1,700703,1000000
2024DL0003490,1,1678.79,25,2,2,1,12,15938,106,4000,3,5,1,1,1,700708,1000000
2024DL0003491,1,1678.79,69,1,1,1,8,5436,36,6000,3,1,1,1,1,700705,1000000
2024DL0003492,1,1678.79,79,1,2,1,6,4309,28,0,0,6,2,2,1,700708,1000000
2024DL0003493,1,1678.79,74,2,1,1,6,14171,94,0,0,6,1,5,1,700703,1000000
2024DL0003494,1,1678.79,40,1,6,1,19,148176,501,4000,3,1,2,1,2,700710,1000000
2024DL0003495,1,1678.79,13,2,2,1,6,27391,182,0,0,6,1,5,1,700706,1000000
2024DL0003496,1,1678.79,56,2,3,1,8,39460,263,6000,1,1,1,5,1,700706,1000000
2024DL0003497,1,1678.79,42,1,1,1,14,39066,260,5000,3,1,1,3,1,700710,1000000
2024DL0003498,1,1678.79,39,2,1,1,13,16863,112,6000,1,1,1,1,1,700704,1000000
2024DL0003499,1,1678.79,24,1,1,1,14,42424,282,3000,1,1,1,5,2,700700,1000000
2024DL0003500,1,1678.79,41,1,6,1,13,26000,173,4000,3,1,2,1,1,700701,1000000
2024DL0003501,1,1678.79,16,2,6,1,15,33468,223,0,0,6,1,5,1,700704,1000000
2024DL0003502,1,1678.79,17,1,2,1,19,90312,501,0,0,6,1,5,1,700706,1000000
2024DL0003503,1,1678.79,15,1,3,1,19,69394,462,0,0,6,1,5,1,700702,1000000
2024DL0003504,1,1678.79,85,2,2,1,5,5589,37,0,0,6,2,1,1,700709,1000000
2024DL0003505,1,1678.79,44,2,1,1,9,83749,501,8000,1,1,1,1,1,700703,1000000
2024DL0003506,1,1678.79,25,2,1,1,10,14902,99,5000,3,1,1,1,1,700704,1000000
2024DL0003507,1,1678.79,36,1,5,1,16,98513,501,6000,1,1,1,1,2,700706,1000000
2024DL0003508,1,1678.79,16,2,1,1,16,39990,266,0,0,6,1,5,1,700704,1000000
2024DL0003509,1,1678.79,28,1,5,1,11,12654,84,2000,1,5,1,5,1,700704,1000000
2024DL0003510,1,1678.79,41,2,1,1,14,46246,308,5000,1,1,1,1,1,700704,1000000
2024DL0003511,1,1678.79,10,2,2,1,1,7748,51,0,0,6,1,5,1,700700,1000000
2024DL0003512,1,1678.79,35,1,1,1,11,54028,360,9000,6,1,1,1,1,700700,1000000
2024DL0003513,1,1678.79,2,1,1,1,2,5779,38,0,0,6,1,5,1,700708,1000000
2024DL0003514,1,1678.79,45,1,1,1,7,31749,211,5000,3,2,1,1,2,700706,1000000
2024DL0003515,1,1678.79,58,1,1,1,7,7834,52,5000,3,1,1,1,1,700704,1000000
2024DL0003516,1,1678.79,53,1,2,1,15,52713,351,4000,1,1,1,3,1,700708,1000000
2024DL0003517,1,1678.79,65,2,2,1,5,7526,50,5000,3,1,1,1,2,700707,1000000
2024DL0003518,1,1678.79,40,2,2,1,8,7756,51,9920,4,1,1,5,1,700704,1000000
2024DL0003519,1,1678.79,5,2,2,1,2,24948,166,0,0,6,1,5,1,700709,1000000
2024DL0003520,1,1678.79,17,2,3,1,14,15994,106,0,0,6,1,5,1,700707,1000000
2024DL0003521,1,1678.79,7,1,1,1,6,6797,45,0,0,6,1,5,1,700710,1000000
2024DL0003522,1,1678.79,47,1,4,1,13,72724,484,7000,3,1,1,1,1,700710,1000000
2024DL0003523,1,1678.79,32,2,1,1,12,19197,127,9000,1,2,1,5,2,700700,1000000
2024DL0003524,1,1678.79,48,2,1,1,12,89358,501,3000,1,1,1,1,1,700705,1000000
2024DL0003525,1,1678.79,20,1,6,1,17,66474,443,4000,1,4,5,1,1,700705,1000000
2024DL0003526,1,1678.79,53,2,8,1,7,207882,501,7000,1,2,1,1,1,700705,1000000
2024DL0003527,1,1678.79,4,1,2,1,2,10833,72,0,0,6,1,5,1,700700,1000000
2024DL0003528,1,1678.79,84,2,1,1,7,6279,41,0,0,6,1,1,1,700700,1000000
2024DL0003529,1,1678.79,37,1,1,1,14,19442,129,5000,3,3,1,1,1,700710,1000000
2024DL0003530,1,1678.79,10,1,1,1,6,6862,45,0,0,6,1,5,1,700701,1000000
2024DL0003531,1,1678.79,7,1,2,1,2,10967,73,0,0,6,1,5,1,700706,1000000
2024DL0003532,1,1678.79,22,2,1,1,16,32448,216,4000,1,1,1,1,1,700700,1000000
2024DL0003533,1,1678.79,16,2,6,1,20,42324,282,0,0,6,1,5,1,700700,1000000
2024DL0003534,1,1678.79,25,1,6,1,7,17601,117,5000,4,1,1,5,1,700708,1000000
2024DL0003535,1,1678.79,12,2,3,1,3,28460,189,0,0,6,1,5,1,700707,1000000
2024DL0003536,1,1678.79,40,2,2,1,11,13841,92,7000,1,1,1,1,1,700708,1000000
2024DL0003537,1,1678.79,65,2,2,1,9,5386,35,6000,1,1,1,2,1,700708,1000000
2024DL0003538,1,1678.79,37,1,1,1,19,155749,501,4000,2,4,1,1,1,700710,1000000
2024DL0003539,1,1678.79,34,2,1,1,7,18106,120,9000,6,4,1,1,1,700701,1000000
2024DL0003540,1,1678.79,22,1,6,1,12,121136,501,5000,1,1,1,1,1,700708,1000000
2024DL0003541,1,1678.79,15,1,2,1,19,65611,437,0,0,6,1,5,1,700710,1000000
2024DL0003542,1,1678.79,48,1,2,1,7,45369,302,9800,1,1,1,1,1,700704,1000000
2024DL0003543,1,1678.79,69,1,5,1,5,6509,43,9800,4,1,1,1,1,700704,1000000
2024DL0003544,1,1678.79,37,2,1,1,12,56389,375,2000,1,1,1,1,1,700708,1000000
2024DL0003545,1,1678.79,25,1,5,1,9,14834,98,8000,1,1,1,1,2,700707,1000000
2024DL0003546,1,1678.79,24,1,1,1,13,25922,172,9800,1,1,1,5,1,700703,1000000
2024DL0003547,1,1678.79,15,2,3,1,14,10885,72,0,0,6,1,5,1,700706,1000000
2024DL0003548,1,1678.79,14,2,2,1,2,17524,116,0,0,6,1,5,1,700710,1000000
2024DL0003549,1,1678.79,24,2,1,1,19,172570,501,3000,3,1,1,5,1,700705,1000000
2024DL0003550,1,1678.79,4,1,4,1,4,11360,75,0,0,6,1,5,1,700701,1000000
2024DL0003551,1,1678.79,35,2,1,1,11,98220,501,4000,3,1,1,5,1,700700,1000000
2024DL0003552,1,1678.79,14,2,1,1,7,4593,30,0,0,6,1,5,1,700702,1000000
2024DL0003553,1,1678.79,14,2,6,1,1,3136,20,0,0,6,1,5,1,700709,1000000
2024DL0003554,1,1678.79,42,1,1,1,10,28721,191,8000,3,4,1,1,1,700702,1000000
2024DL0003555,1,1678.79,39,1,6,1,11,86494,501,9000,3,5,1,1,1,700702,1000000
2024DL0003556,1,1678.79,22,1,1,1,17,46970,313,4000,1,1,2,5,2,700705,1000000
2024DL0003557,1,1678.79,81,2,1,1,9,9751,65,0,0,6,1,2,1,700701,1000000
2024DL0003558,1,1678.79,35,2,5,1,20,114663,501,3000,1,1,1,1,1,700705,1000000
2024DL0003559,1,1678.79,18,1,2,1,15,64207,428,4000,3,1,1,5,2,700701,1000000
2024DL0003560,1,1678.79,3,1,2,1,9,9216,61,0,0,6,1,5,1,700701,1000000
2024DL0003561,1,1678.79,19,1,6,1,16,54108,360,3000,3,1,1,5,2,700703,1000000
2024DL0003562,1,1678.79,24,1,5,1,19,96971,501,3000,2,1,1,1,1,700708,1000000
2024DL0003563,1,1678.79,23,2,3,1,12,16536,110,6000,3,1,1,5,1,700701,1000000
2024DL0003564,1,1678.79,45,1,5,1,10,28221,188,4000,3,1,1,1,1,700702,1000000
2024DL0003565,1,1678.79,43,1,1,1,12,31465,209,7000,1,1,1,1,1,700709,1000000
2024DL0003566,1,1678.79,93,2,1,1,8,6746,44,0,0,6,1,1,1,700701,1000000
2024DL0003567,1,1678.79,31,1,5,1,18,278394,501,5000,1,1,1,1,1,700702,1000000
2024DL0003568,1,1678.79,73,1,1,1,5,6018,40,0,0,6,1,1,1,700700,1000000
2024DL0003569,1,1678.79,73,2,4,1,7,9117,60,0,0,6,1,1,2,700702,1000000
2024DL0003570,1,1678.79,2,1,3,1,1,13690,91,0,0,6,1,5,1,700708,1000000
2024DL0003571,1,1678.79,19,2,2,1,14,28163,187,5000,1,5,1,5,1,700704,1000000
2024DL0003572,1,1678.79,54,2,1,1,10,101253,501,7000,1,1,1,2,1,700708,1000000
2024DL0003573,1,1678.79,11,2,6,1,7,8163,54,0,0,6,1,5,1,700704,1000000
2024DL0003574,1,1678.79,19,1,2,1,14,12643,84,7000,4,1,1,5,1,700708,1000000
2024DL0003575,1,1678.79,17,2,1,1,14,14552,97,0,0,6,1,5,1,700705,1000000
2024DL0003576,1,1678.79,50,2,2,1,19,176590,501,2000,1,1,1,1,1,700702,1000000
2024DL0003577,1,1678.79,54,1,4,1,9,118412,501,6000,1,1,1,5,1,700710,1000000
2024DL0003578,1,1678.79,40,2,1,1,12,54987,366,5000,4,1,1,5,1,700705,1000000
2024DL0003579,1,1678.79,35,1,1,1,8,13506,90,6000,1,1,1,1,1,700709,1000000
2024DL0003580,1,1678.79,25,1,5,1,13,26874,179,5000,6,2,1,5,1,700706,1000000
2024DL0003581,1,1678.79,86,1,2,1,11,28706,191,0,0,6,1,1,1,700701,1000000
2024DL0003582,1,1678.79,47,1,5,1,9,41540,276,9000,1,1,1,1,1,700705,1000000
2024DL0003583,1,1678.79,94,1,1,1,7,19107,127,0,0,6,1,5,1,700702,1000000
2024DL0003584,1,1678.79,3,2,4,1,4,4314,28,0,0,6,1,5,1,700705,1000000
2024DL0003585,1,1678.79,18,2,2,1,13,19286,128,2000,1,1,1,5,1,700701,1000000
2024DL0003586,1,1678.79,47,1,6,1,6,16312,108,7000,1,1,1,1,1,700704,1000000
2024DL0003587,1,1678.79,32,2,3,1,7,74945,499,5000,3,1,1,1,2,700710,1000000
2024DL0003588,1,1678.79,1,1,6,1,2,6137,40,0,0,6,1,5,1,700701,1000000
2024DL0003589,1,1678.79,37,2,1,1,6,21268,141,8000,3,5,1,2,1,700709,1000000
2024DL0003590,1,1678.79,38,2,4,1,13,38521,256,9000,6,1,1,5,1,700705,1000000
2024DL0003591,1,1678.79,6,1,3,1,3,5855,39,0,0,6,2,5,1,700702,1000000
2024DL0003592,1,1678.79,33,2,5,1,9,67893,452,7000,1,1,1,5,2,700703,1000000
2024DL0003593,1,1678.79,10,2,4,1,9,12789,85,0,0,6,1,5,1,700701,1000000
2024DL0003594,1,1678.79,28,2,7,1,15,37807,252,5000,3,1,1,1,2,700710,1000000
2024DL0003595,1,1678.79,42,2,1,1,9,38029,253,8000,3,1,1,1,1,700700,1000000
2024DL0003596,1,1678.79,57,2,4,1,9,115222,501,6000,1,1,1,2,1,700700,1000000
2024DL0003597,1,1678.79,42,2,3,1,7,40686,271,7000,6,5,1,1,1,700701,1000000
2024DL0003598,1,1678.79,61,1,4,1,5,13745,91,7000,1,5,1,4,1,700708,1000000
2024DL0003599,1,1678.79,23,1,1,1,12,39280,261,9000,1,1,1,1,1,700703,1000000
2024DL0003600,1,1678.79,32,2,6,1,9,26591,177,9000,1,3,1,1,1,700705,1000000
2024DL0003601,1,1678.79,16,1,2,1,13,8698,57,0,0,6,1,5,1,700705,1000000
2024DL0003602,1,1678.79,51,1,3,1,5,41372,275,6000,1,1,1,3,1,700703,1000000
2024DL0003603,1,1678.79,3,1,2,1,3,3276,21,0,0,6,2,5,1,700709,1000000
2024DL0003604,1,1678.79,44,1,5,1,11,27296,181,7000,3,5,1,1,1,700701,1000000
2024DL0003605,1,1678.79,74,1,4,1,11,21045,140,0,0,6,1,2,1,700710,1000000
2024DL0003606,1,1678.79,22,2,2,1,18,45887,305,6000,1,1,1,1,1,700707,1000000
2024DL0003607,1,1678.79,42,2,1,1,16,85319,501,4000,1,1,1,1,1,700700,1000000
2024DL0003608,1,1678.79,27,1,1,1,15,33814,225,3000,1,1,1,1,1,700708,1000000
2024DL0003609,1,1678.79,26,1,3,1,12,19826,132,4000,3,1,1,1,1,700701,1000000
2024DL0003610,1,1678.79,11,1,3,1,3,5785,38,0,0,6,1,5,1,700708,1000000
2024DL0003611,1,1678.79,32,2,3,1,8,20004,133,9800,1,5,1,1,1,700702,1000000
2024DL0003612,1,1678.79,6,1,5,1,5,21349,142,0,0,6,1,5,1,700700,1000000
2024DL0003613,1,1678.79,49,1,1,1,11,43960,293,6000,1,1,1,3,1,700701,1000000
2024DL0003614,1,1678.79,24,2,1,1,12,20820,138,7000,3,1,1,1,2,700706,1000000
2024DL0003615,1,1678.79,0,2,7,1,7,3295,21,0,0,6,1,5,1,700706,1000000
2024DL0003616,1,1678.79,50,1,1,1,9,26733,178,8000,3,4,1,2,1,700700,1000000
2024DL0003617,1,1678.79,2,1,4,1,4,4637,30,0,0,6,1,5,1,700710,1000000
2024DL0003618,1,1678.79,1,2,4,1,4,3084,20,0,0,6,1,5,1,700706,1000000
2024DL0003619,1,1678.79,38,1,2,1,14,64864,432,1000,1,1,1,1,1,700706,1000000
2024DL0003620,1,1678.79,29,2,2,1,11,100978,501,3000,1,1,2,5,1,700709,1000000
2024DL0003621,1,1678.79,44,2,1,1,6,18350,122,6000,4,1,1,1,1,700702,1000000
2024DL0003622,1,1678.79,27,1,2,1,9,29966,199,6000,1,1,1,1,1,700701,1000000
2024DL0003623,1,1678.79,45,2,3,1,16,55828,372,4000,1,1,2,1,1,700709,1000000
2024DL0003624,1,1678.79,28,2,3,1,11,39914,266,8000,4,1,1,1,1,700706,1000000
2024DL0003625,1,1678.79,4,1,5,1,3,16247,108,0,0,6,1,5,2,700704,1000000
2024DL0003626,1,1678.79,39,1,1,1,10,36659,244,1000,2,1,1,1,2,700701,1000000
2024DL0003627,1,1678.79,84,2,3,1,5,12391,82,0,0,6,1,1,1,700705,1000000
2024DL0003628,1,1678.79,5,1,1,1,5,8270,55,0,0,6,1,5,1,700707,1000000
2024DL0003629,1,1678.79,27,2,2,1,6,6726,44,8000,1,1,1,1,1,700710,1000000
2024DL0003630,1,1678.79,18,1,1,1,16,44534,296,6000,1,2,1,5,1,700705,1000000
2024DL0003631,1,1678.79,49,1,5,1,13,32510,216,6000,1,1,1,5,1,700702,1000000
2024DL0003632,1,1678.79,97,1,3,1,5,5027,33,0,0,6,1,1,2,700706,1000000
2024DL0003633,1,1678.79,1,1,1,1,9,25430,169,0,0,6,1,5,2,700710,1000000
2024DL0003634,1,1678.79,41,2,5,1,8,31262,208,8000,1,1,1,1,1,700703,1000000
2024DL0003635,1,1678.79,20,2,1,1,16,61718,411,5000,1,1,1,5,1,700709,1000000
2024DL0003636,1,1678.79,42,2,6,1,8,18509,123,9000,1,1,1,1,2,700707,1000000
2024DL0003637,1,1678.79,23,1,3,1,14,81592,501,8000,4,1,1,1,1,700708,1000000
2024DL0003638,1,1678.79,44,1,5,1,5,20915,139,9920,4,1,1,1,1,700709,1000000
2024DL0003639,1,1678.79,34,1,3,1,8,11346,75,7000,1,2,1,5,2,700704,1000000
2024DL0003640,1,1678.79,40,2,1,1,12,52282,348,8000,4,1,1,5,1,700703,1000000
2024DL0003641,1,1678.79,7,2,4,1,2,9095,60,0,0,6,1,5,1,700700,1000000
2024DL0003642,1,1678.79,49,2,2,1,11,50098,333,1000,3,1,1,1,1,700709,1000000
2024DL0003643,1,1678.79,37,1,3,1,7,12224,81,9000,4,1,1,5,1,700702,1000000
2024DL0003644,1,1678.79,32,2,2,1,7,14178,94,9920,1,1,1,1,1,700710,1000000
2024DL0003645,1,1678.79,92,1,4,1,6,11952,79,0,0,6,1,1,1,700702,1000000
2024DL0003646,1,1678.79,41,1,8,1,13,23359,155,3000,3,1,1,1,1,700702,1000000
2024DL0003647,1,1678.79,16,2,1,1,18,36229,241,0,0,6,1,5,1,700707,1000000
2024DL0003648,1,1678.79,23,2,1,1,16,58286,388,4000,2,1,1,5,1,700703,1000000
2024DL0003649,1,1678.79,77,1,1,1,5,9534,63,0,0,6,1,2,1,700706,1000000
2024DL0003650,1,1678.79,66,2,5,1,9,34513,230,7000,1,1,1,2,1,700708,1000000
2024DL0003651,1,1678.79,28,2,1,1,10,24535,163,3000,1,1,1,1,1,700708,1000000
2024DL0003652,1,1678.79,22,1,4,1,19,122568,501,3000,1,1,1,5,1,700703,1000000
2024DL0003653,1,1678.79,34,2,5,1,17,180024,501,6000,1,1,1,5,1,700705,1000000
2024DL0003654,1,1678.79,57,1,5,1,7,11750,78,9800,3,1,1,1,1,700704,1000000
2024DL0003655,1,1678.79,33,1,6,1,8,18555,123,6000,3,1,1,5,1,700709,1000000
2024DL0003656,1,1678.79,12,2,8,1,9,35073,233,0,0,6,1,5,2,700706,1000000
2024DL0003657,1,1678.79,71,2,2,1,7,12328,82,0,0,6,1,1,1,700700,1000000
2024DL0003658,1,1678.79,44,1,8,1,13,50585,337,6000,1,1,1,2,1,700702,1000000
2024DL0003659,1,1678.79,57,2,2,1,8,33124,220,8000,1,4,1,5,1,700710,1000000
2024DL0003660,1,1678.79,52,1,5,1,7,14650,97,6000,3,1,1,1,1,700707,1000000
2024DL0003661,1,1678.79,3,2,5,1,3,3017,20,0,0,6,1,5,2,700707,1000000
2024DL0003662,1,1678.79,51,1,1,1,6,19894,132,6000,3,1,1,1,1,700707,1000000
2024DL0003663,1,1678.79,28,1,4,1,14,44188,294,6000,3,1,2,5,1,700707,1000000
2024DL0003664,1,1678.79,48,1,2,1,10,29203,194,8000,1,2,1,1,1,700706,1000000
2024DL0003665,1,1678.79,84,2,2,1,7,17070,113,0,0,6,1,2,1,700700,1000000
2024DL0003666,1,1678.79,7,1,3,1,2,32828,218,0,0,6,1,5,2,700707,1000000
2024DL0003667,1,1678.79,84,1,3,1,5,7532,50,0,0,6,1,1,1,700710,1000000
2024DL0003668,1,1678.79,6,1,1,1,3,6691,44,0,0,6,1,5,1,700704,1000000
2024DL0003669,1,1678.79,0,1,1,1,4,5359,35,0,0,6,1,5,1,700708,1000000
2024DL0003670,1,1678.79,17,1,6,1,14,13877,92,0,0,6,1,5,1,700700,1000000
2024DL0003671,1,1678.79,19,1,1,1,12,14170,94,8000,1,1,2,5,1,700706,1000000
2024DL0003672,1,1678.79,18,1,6,1,19,61532,410,2000,2,1,2,5,1,700709,1000000
2024DL0003673,1,1678.79,82,1,2,1,8,5856,39,0,0,6,1,5,2,700709,1000000
2024DL0003674,1,1678.79,22,1,6,1,12,101770,501,4000,3,1,1,5,1,700704,1000000
2024DL0003675,1,1678.79,17,2,2,1,18,33263,221,0,0,6,1,5,1,700701,1000000
2024DL0003676,1,1678.79,6,2,1,1,7,7463,49,0,0,6,1,5,1,700708,1000000
2024DL0003677,1,1678.79,38,1,2,1,5,66359,442,8000,6,4,1,1,1,700705,1000000
2024DL0003678,1,1678.79,43,2,2,1,13,47545,316,5000,4,1,2,1,1,700710,1000000
2024DL0003679,1,1678.79,13,2,1,1,1,4397,29,0,0,6,1,5,1,700702,1000000
2024DL0003680,1,1678.79,29,1,6,1,10,32203,214,5000,1,1,1,5,1,700702,1000000
2024DL0003681,1,1678.79,57,2,1,1,6,20180,134,7000,1,1,1,1,1,700703,1000000
2024DL0003682,1,1678.79,8,1,1,1,7,9593,63,0,0,6,1,5,1,700706,1000000
2024DL0003683,1,1678.79,17,1,6,1,16,86525,501,0,0,6,1,5,1,700708,1000000
2024DL0003684,1,1678.79,36,2,3,1,13,17661,117,7000,3,1,1,1,1,700710,1000000
2024DL0003685,1,1678.79,37,1,5,1,11,79055,501,4000,2,1,1,1,1,700710,1000000
2024DL0003686,1,1678.79,2,1,2,1,4,17179,114,0,0,6,1,5,1,700706,1000000
2024DL0003687,1,1678.79,19,1,1,1,18,77870,501,1000,2,1,1,5,1,700707,1000000
2024DL0003688,1,1678.79,26,2,4,1,9,23509,156,2000,1,1,1,5,1,700710,1000000
2024DL0003689,1,1678.79,39,2,5,1,13,36772,245,6000,1,1,1,2,1,700707,1000000
2024DL0003690,1,1678.79,1,2,1,1,2,2972,19,0,0,6,1,5,1,700708,1000000
2024DL0003691,1,1678.79,34,2,8,1,9,32277,215,5000,4,1,2,5,1,700703,1000000
2024DL0003692,1,1678.79,5,1,1,1,4,10194,67,0,0,6,1,5,1,700700,1000000
2024DL0003693,1,1678.79,26,1,3,1,14,58510,390,6000,1,1,5,5,1,700710,1000000
2024DL0003694,1,1678.79,42,1,1,1,12,51703,344,8000,1,1,1,1,1,700708,1000000
2024DL0003695,1,1678.79,27,1,5,1,10,34563,230,5000,6,1,1,5,1,700704,1000000
2024DL0003696,1,1678.79,16,2,1,1,11,25331,168,0,0,6,1,5,1,700710,1000000
2024DL0003697,1,1678.79,30,1,1,1,9,38451,256,9800,3,1,1,1,1,700705,1000000
2024DL0003698,1,1678.79,41,2,2,1,14,10634,70,4000,3,1,1,1,1,700701,1000000
2024DL0003699,1,1678.79,37,2,1,1,9,249803,501,9800,1,1,1,1,1,700702,1000000
2024DL0003700,1,1678.79,10,2,2,1,5,7451,49,0,0,6,1,5,2,700707,1000000
2024DL0003701,1,1678.79,39,1,5,1,6,44468,296,5000,1,1,1,1,1,700710,1000000
2024DL0003702,1,1678.79,43,1,6,1,13,79599,501,7000,4,3,2,5,1,700705,1000000
2024DL0003703,1,1678.79,42,1,6,1,16,38415,256,1000,1,1,1,1,1,700710,1000000
2024DL0003704,1,1678.79,27,1,5,1,7,6572,43,9000,1,1,1,1,1,700709,1000000
2024DL0003705,1,1678.79,16,1,3,1,12,10720,71,0,0,6,1,5,1,700710,1000000
2024DL0003706,1,1678.79,26,2,5,1,14,28989,193,9000,1,1,2,5,1,700708,1000000
2024DL0003707,1,1678.79,56,2,1,1,8,4916,32,8000,3,2,1,2,1,700701,1000000
2024DL0003708,1,1678.79,6,2,1,1,3,4716,31,0,0,6,1,5,2,700703,1000000
2024DL0003709,1,1678.79,0,2,5,1,6,3186,21,0,0,6,1,5,1,700704,1000000
2024DL0003710,1,1678.79,40,1,3,1,16,48787,325,2000,1,1,1,1,1,700707,1000000
2024DL0003711,1,1678.79,13,2,7,1,1,21237,141,0,0,6,1,5,1,700702,1000000
2024DL0003712,1,1678.79,5,1,1,1,6,4692,31,0,0,6,1,5,1,700702,1000000
2024DL0003713,1,1678.79,13,1,4,1,3,17328,115,0,0,6,1,5,1,700706,1000000
2024DL0003714,1,1678.79,3,1,1,1,6,4281,28,0,0,6,1,5,1,700703,1000000
2024DL0003715,1,1678.79,36,1,3,1,6,6912,46,7000,1,1,1,2,1,700701,1000000
2024DL0003716,1,1678.79,16,2,4,1,13,14962,99,0,0,6,1,5,1,700707,1000000
2024DL0003717,1,1678.79,12,1,2,1,5,5340,35,0,0,6,1,5,1,700710,1000000
2024DL0003718,1,1678.79,28,2,2,1,14,89956,501,4000,3,1,1,1,1,700708,1000000
2024DL0003719,1,1678.79,32,1,2,1,12,20943,139,9000,6,1,1,5,1,700710,1000000
2024DL0003720,1,1678.79,37,1,9,1,14,25664,171,5000,1,1,1,5,1,700710,1000000
2024DL0003721,1,1678.79,45,1,1,1,13,32188,214,5000,3,1,1,3,1,700707,1000000
2024DL0003722,1,1678.79,38,1,3,1,12,31186,207,7000,4,5,1,1,1,700705,1000000
2024DL0003723,1,1678.79,52,2,5,1,19,221502,501,4000,1,2,1,4,1,700701,1000000
2024DL0003724,1,1678.79,14,1,6,1,7,4991,33,0,0,6,1,5,1,700710,1000000
2024DL0003725,1,1678.79,8,2,4,1,5,14140,94,0,0,6,1,5,1,700710,1000000
2024DL0003726,1,1678.79,80,1,1,1,7,25775,171,0,0,6,1,1,1,700700,1000000
2024DL0003727,1,1678.79,57,1,4,1,20,135618,501,3000,2,1,1,1,1,700706,1000000
2024DL0003728,1,1678.79,22,1,1,1,18,129033,501,4000,1,1,1,1,2,700700,1000000
2024DL0003729,1,1678.79,1,2,2,1,7,13781,91,0,0,6,1,5,1,700703,1000000
2024DL0003730,1,1678.79,37,2,1,1,5,37746,251,9800,1,1,1,1,2,700701,1000000
2024DL0003731,1,1678.79,87,2,4,1,12,16043,106,0,0,6,1,1,1,700707,1000000
2024DL0003732,1,1678.79,17,2,2,1,10,21068,140,0,0,6,1,5,1,700701,1000000
2024DL0003733,1,1678.79,54,2,6,1,13,19934,132,9000,1,1,1,1,1,700701,1000000
2024DL0003734,1,1678.79,4,1,7,1,1,7788,51,0,0,6,1,5,1,700701,1000000
2024DL0003735,1,1678.79,21,1,5,1,11,10404,69,6000,1,1,1,5,1,700702,1000000
2024DL0003736,1,1678.79,7,2,7,1,2,2991,19,0,0,6,1,5,1,700703,1000000
2024DL0003737,1,1678.79,45,1,3,1,10,36453,243,5000,3,2,1,1,2,700703,1000000
2024DL0003738,1,1678.79,14,2,4,1,3,10882,72,0,0,6,1,5,1,700705,1000000
2024DL0003739,1,1678.79,34,2,1,1,5,9503,63,5000,1,1,1,1,1,700701,1000000
2024DL0003740,1,1678.79,5,2,2,1,3,3262,21,0,0,6,1,5,2,700708,1000000
2024DL0003741,1,1678.79,16,1,4,1,13,10224,68,0,0,6,1,5,1,700707,1000000
2024DL0003742,1,1678.79,6,2,4,1,4,4116,27,0,0,6,1,5,1,700703,1000000
2024DL0003743,1,1678.79,44,2,4,1,20,119647,501,3000,1,1,1,1,1,700707,1000000
2024DL0003744,1,1678.79,70,2,1,1,9,36172,241,6000,1,1,1,1,1,700706,1000000
2024DL0003745,1,1678.79,36,2,1,1,9,171353,501,7000,6,2,1,1,1,700705,1000000
2024DL0003746,1,1678.79,44,1,3,1,13,39114,260,8000,3,1,1,3,2,700703,1000000
2024DL0003747,1,1678.79,16,1,1,1,10,7573,50,0,0,6,1,5,1,700705,1000000
2024DL0003748,1,1678.79,25,1,5,1,8,10017,66,9800,3,1,2,1,1,700709,1000000
2024DL0003749,1,1678.79,0,2,1,1,4,2222,14,0,0,6,1,5,1,700702,1000000
2024DL0003750,1,1678.79,36,2,3,1,13,49893,332,6000,6,1,5,1,1,700708,1000000
2024DL0003751,1,1678.79,23,2,3,1,16,42945,286,1000,1,1,1,5,1,700701,1000000
2024DL0003752,1,1678.79,40,1,8,1,11,55301,368,3000,1,1,1,1,1,700706,1000000
2024DL0003753,1,1678.79,25,2,4,1,8,9596,63,9800,1,3,1,1,1,700707,1000000
2024DL0003754,1,1678.79,15,1,5,1,14,12254,81,0,0,6,1,5,1,700700,1000000
2024DL0003755,1,1678.79,10,1,6,1,3,9122,60,0,0,6,1,5,1,700708,1000000
2024DL0003756,1,1678.79,27,1,4,1,13,56220,374,5000,1,1,1,5,1,700708,1000000
2024DL0003757,1,1678.79,13,2,1,1,4,9987,66,0,0,6,1,5,1,700708,1000000
2024DL0003758,1,1678.79,5,2,5,1,9,12640,84,0,0,6,1,5,2,700700,1000000
2024DL0003759,1,1678.79,87,2,1,1,5,9069,60,0,0,6,1,1,1,700702,1000000
2024DL0003760,1,1678.79,25,2,2,1,13,24829,165,7000,1,1,1,1,1,700706,1000000
2024DL0003761,1,1678.79,21,2,1,1,13,28944,192,8000,1,1,1,5,1,700710,1000000
2024DL0003762,1,1678.79,25,2,3,1,8,21422,142,9000,1,1,1,1,1,700706,1000000
2024DL0003763,1,1678.79,47,2,2,1,10,46458,309,6000,4,5,1,5,1,700702,1000000
2024DL0003764,1,1678.79,12,2,2,1,5,2023,13,0,0,6,1,5,1,700702,1000000
2024DL0003765,1,1678.79,21,2,2,1,15,68163,454,2000,1,3,1,5,1,700706,1000000
2024DL0003766,1,1678.79,3,2,3,1,7,16240,108,0,0,6,2,5,1,700703,1000000
2024DL0003767,1,1678.79,73,1,3,1,8,12177,81,0,0,6,1,1,1,700705,1000000
2024DL0003768,1,1678.79,15,1,6,1,12,4996,33,0,0,6,1,5,1,700707,1000000
2024DL0003769,1,1678.79,43,2,1,1,13,98611,501,5000,4,5,1,5,1,700701,1000000
2024DL0003770,1,1678.79,39,1,3,1,9,32213,214,9800,4,4,1,1,1,700703,1000000
2024DL0003771,1,1678.79,33,2,4,1,11,178800,501,5000,1,1,5,5,1,700700,1000000
2024DL0003772,1,1678.79,21,1,3,1,11,14426,96,6000,1,5,1,5,2,700702,1000000
2024DL0003773,1,1678.79,32,1,5,1,10,18018,120,7000,4,1,1,1,1,700702,1000000
2024DL0003774,1,1678.79,33,2,1,1,5,28256,188,9000,1,1,1,1,1,700710,1000000
2024DL0003775,1,1678.79,12,2,1,1,5,10996,73,0,0,6,1,5,1,700706,1000000
2024DL0003776,1,1678.79,57,2,1,1,10,28371,189,6000,1,1,1,1,1,700704,1000000
2024DL0003777,1,1678.79,55,2,3,1,10,34165,227,8000,1,1,1,1,2,700708,1000000
2024DL0003778,1,1678.79,73,1,1,1,8,5570,37,0,0,6,1,1,1,700709,1000000
2024DL0003779,1,1678.79,41,1,2,1,6,10764,71,8000,6,2,1,5,1,700708,1000000
2024DL0003780,1,1678.79,6,2,1,1,3,23590,157,0,0,6,1,5,2,700705,1000000
2024DL0003781,1,1678.79,47,1,1,1,11,148440,501,6000,1,2,1,1,2,700709,1000000
2024DL0003782,1,1678.79,97,2,1,1,5,6120,40,0,0,6,2,1,1,700705,1000000
2024DL0003783,1,1678.79,61,2,4,1,6,45217,301,9920,4,1,1,1,1,700706,1000000
2024DL0003784,1,1678.79,38,1,6,1,20,110205,501,3000,1,1,1,1,1,700708,1000000
2024DL0003785,1,1678.79,17,2,2,1,18,17740,118,0,0,6,1,5,1,700710,1000000
2024DL0003786,1,1678.79,3,2,8,1,7,5514,36,0,0,6,1,5,1,700708,1000000
2024DL0003787,1,1678.79,16,2,1,1,19,121108,501,0,0,6,1,5,1,700705,1000000
2024DL0003788,1,1678.79,4,1,1,1,9,21276,141,0,0,6,1,5,2,700709,1000000
2024DL0003789,1,1678.79,24,2,4,1,11,24599,163,8000,4,4,1,5,2,700701,1000000
2024DL0003790,1,1678.79,44,1,5,1,9,18605,124,6000,1,1,1,1,1,700704,1000000
2024DL0003791,1,1678.79,32,2,4,1,15,114962,501,4000,1,1,1,1,1,700710,1000000
2024DL0003792,1,1678.79,23,2,7,1,11,63189,421,6000,1,1,1,5,1,700706,1000000
2024DL0003793,1,1678.79,2,1,6,1,3,8878,59,0,0,6,1,5,1,700703,1000000
2024DL0003794,1,1678.79,18,1,6,1,13,16166,107,1000,1,1,1,5,1,700708,1000000
2024DL0003795,1,1678.79,100,1,3,1,11,26571,177,0,0,6,1,5,1,700700,1000000
2024DL0003796,1,1678.79,25,1,3,1,10,23496,156,1000,3,1,5,1,1,700701,1000000
2024DL0003797,1,1678.79,26,2,1,1,12,32251,215,8000,3,1,2,5,1,700703,1000000
2024DL0003798,1,1678.79,20,2,1,1,12,22608,150,9000,1,3,1,5,1,700709,1000000
2024DL0003799,1,1678.79,6,2,1,1,2,5954,39,0,0,6,1,5,1,700709,1000000
2024DL0003800,1,1678.79,40,1,5,1,5,32488,216,9920,1,5,1,1,1,700701,1000000
2024DL0003801,1,1678.79,8,1,3,1,1,14009,93,0,0,6,1,5,1,700707,1000000
2024DL0003802,1,1678.79,80,1,5,1,7,6242,41,0,0,6,1,4,1,700710,1000000
2024DL0003803,1,1678.79,40,1,7,1,14,39980,266,5000,1,1,1,1,1,700706,1000000
2024DL0003804,1,1678.79,42,1,2,1,13,207459,501,9000,1,1,5,1,1,700706,1000000
2024DL0003805,1,1678.79,17,1,7,1,20,68847,458,0,0,6,1,5,2,700706,1000000
2024DL0003806,1,1678.79,32,1,1,1,18,52575,350,3000,1,5,1,1,1,700710,1000000
2024DL0003807,1,1678.79,24,1,2,1,14,39457,263,5000,3,1,1,1,2,700707,1000000
2024DL0003808,1,1678.79,24,2,1,1,14,64868,432,5000,4,1,1,5,1,700704,1000000
2024DL0003809,1,1678.79,12,1,1,1,3,13166,87,0,0,6,1,5,1,700700,1000000
2024DL0003810,1,1678.79,43,1,3,1,6,7774,51,5000,1,4,2,1,1,700704,1000000
2024DL0003811,1,1678.79,15,1,3,1,12,18248,121,0,0,6,1,5,1,700704,1000000
2024DL0003812,1,1678.79,32,1,4,1,14,24957,166,9800,4,4,1,1,1,700707,1000000
2024DL0003813,1,1678.79,83,2,2,1,12,29853,199,0,0,6,1,1,1,700708,1000000
2024DL0003814,1,1678.79,44,2,1,1,10,31641,210,5000,6,1,1,1,1,700702,1000000
2024DL0003815,1,1678.79,30,1,2,1,6,13904,92,9000,1,1,1,5,1,700701,1000000
2024DL0003816,1,1678.79,36,1,2,1,6,28771,191,5000,6,1,1,5,1,700704,1000000
2024DL0003817,1,1678.79,33,2,5,1,5,18821,125,5000,3,3,1,5,1,700706,1000000
2024DL0003818,1,1678.79,26,2,5,1,13,35705,238,5000,3,1,1,5,1,700707,1000000
2024DL0003819,1,1678.79,31,1,1,1,14,20029,133,7000,4,1,2,5,1,700704,1000000
2024DL0003820,1,1678.79,16,2,1,1,13,9658,64,0,0,6,1,5,1,700705,1000000
2024DL0003821,1,1678.79,21,1,4,1,18,27324,182,4000,1,1,1,5,1,700701,1000000
2024DL0003822,1,1678.79,13,1,8,1,3,11729,78,0,0,6,1,5,1,700705,1000000
2024DL0003823,1,1678.79,9,2,8,1,5,10595,70,0,0,6,1,5,1,700705,1000000
2024DL0003824,1,1678.79,57,1,2,1,9,9788,65,3000,3,3,1,1,1,700709,1000000
2024DL0003825,1,1678.79,58,2,1,1,8,57365,382,9920,1,1,1,1,1,700705,1000000
2024DL0003826,1,1678.79,13,2,1,1,4,6732,44,0,0,6,1,5,1,700705,1000000
2024DL0003827,1,1678.79,46,1,2,1,7,44703,298,8000,3,1,1,2,1,700701,1000000
2024DL0003828,1,1678.79,9,1,1,1,2,3746,24,0,0,6,1,5,2,700701,1000000
2024DL0003829,1,1678.79,44,2,1,1,8,47506,316,7000,1,5,1,1,1,700706,1000000
2024DL0003830,1,1678.79,83,2,3,1,7,19605,130,0,0,6,1,1,1,700709,1000000
2024DL0003831,1,1678.79,36,1,2,1,15,164564,501,4000,1,1,1,1,2,700706,1000000
2024DL0003832,1,1678.79,38,2,6,1,10,39079,260,9000,1,1,1,1,1,700710,1000000
2024DL0003833,1,1678.79,49,2,2,1,11,53079,353,5000,3,3,2,1,1,700708,1000000
2024DL0003834,1,1678.79,21,1,1,1,14,9352,62,5000,1,1,1,5,1,700704,1000000
2024DL0003835,1,1678.79,5,1,8,1,4,4923,32,0,0,6,1,5,1,700709,1000000
2024DL0003836,1,1678.79,18,1,2,1,14,16830,112,6000,6,3,1,5,1,700702,1000000
2024DL0003837,1,1678.79,14,2,1,1,4,8321,55,0,0,6,1,5,1,700702,1000000
2024DL0003838,1,1678.79,10,1,1,1,1,6901,46,0,0,6,1,5,2,700706,1000000
2024DL0003839,1,1678.79,88,1,1,1,5,5294,35,0,0,6,1,2,1,700701,1000000
2024DL0003840,1,1678.79,34,2,9,1,14,108074,501,5000,3,1,1,5,1,700704,1000000
2024DL0003841,1,1678.79,43,2,3,1,12,42752,285,1000,1,1,1,1,1,700709,1000000
2024DL0003842,1,1678.79,22,1,1,1,10,67346,448,2000,2,1,1,1,1,700705,1000000
2024DL0003843,1,1678.79,39,1,1,1,14,106639,501,5000,1,1,1,1,1,700703,1000000
2024DL0003844,1,1678.79,17,2,9,1,19,60555,403,0,0,6,2,5,1,700700,1000000
2024DL0003845,1,1678.79,26,1,1,1,6,6849,45,9000,1,2,1,1,1,700708,1000000
2024DL0003846,1,1678.79,64,1,5,1,9,35780,238,5000,1,1,1,1,1,700709,1000000
2024DL0003847,1,1678.79,3,1,1,1,2,4651,31,0,0,6,1,5,2,700710,1000000
2024DL0003848,1,1678.79,25,2,1,1,7,19708,131,9800,4,1,1,5,1,700709,1000000
2024DL0003849,1,1678.79,41,1,4,1,13,53782,358,9000,1,1,1,1,1,700701,1000000
2024DL0003850,1,1678.79,55,2,6,1,10,49730,331,5000,1,1,1,1,1,700705,1000000
2024DL0003851,1,1678.79,48,1,2,1,11,25701,171,8000,1,1,1,1,1,700705,1000000
2024DL0003852,1,1678.79,8,1,3,1,5,16707,111,0,0,6,1,5,1,700710,1000000
2024DL0003853,1,1678.79,52,1,3,1,15,90218,501,4000,3,1,1,1,1,700706,1000000
2024DL0003854,1,1678.79,24,2,1,1,19,92746,501,4000,1,1,1,1,1,700709,1000000
2024DL0003855,1,1678.79,27,1,3,1,8,3162,21,9800,1,5,1,1,1,700706,1000000
2024DL0003856,1,1678.79,20,1,2,1,14,8015,53,7000,1,1,1,1,1,700701,1000000
2024DL0003857,1,1678.79,23,1,6,1,13,23031,153,6000,1,5,1,5,1,700710,1000000
2024DL0003858,1,1678.79,29,1,4,1,14,17855,119,1000,1,1,1,5,1,700704,1000000
2024DL0003859,1,1678.79,2,2,5,1,6,3204,21,0,0,6,1,5,1,700706,1000000
2024DL0003860,1,1678.79,2,1,2,1,2,8373,55,0,0,6,1,5,1,700701,1000000
2024DL0003861,1,1678.79,13,1,4,1,6,23832,158,0,0,6,1,5,2,700700,1000000
2024DL0003862,1,1678.79,42,1,1,1,10,20524,136,7000,4,1,1,1,1,700701,1000000
2024DL0003863,1,1678.79,19,2,1,1,10,23029,153,6000,1,1,1,5,1,700708,1000000
2024DL0003864,1,1678.79,2,1,1,1,3,14436,96,0,0,6,1,5,1,700710,1000000
2024DL0003865,1,1678.79,7,2,5,1,4,37298,248,0,0,6,1,5,1,700708,1000000
2024DL0003866,1,1678.79,35,1,5,1,10,29352,195,6000,1,1,1,1,2,700709,1000000
2024DL0003867,1,1678.79,53,1,6,1,11,25303,168,7000,3,4,1,2,1,700707,1000000
2024DL0003868,1,1678.79,49,2,1,1,13,63823,425,4000,1,1,1,1,1,700706,1000000
2024DL0003869,1,1678.79,44,2,3,1,16,100047,501,1000,1,1,1,5,2,700708,1000000
2024DL0003870,1,1678.79,33,1,2,1,12,11069,73,5000,1,1,1,5,1,700708,1000000
2024DL0003871,1,1678.79,12,2,1,1,3,7796,51,0,0,6,1,5,1,700702,1000000
2024DL0003872,1,1678.79,63,2,1,1,9,34442,229,9800,3,1,1,1,1,700710,1000000
2024DL0003873,1,1678.79,22,1,3,1,14,40630,270,9800,4,1,1,1,1,700701,1000000
2024DL0003874,1,1678.79,24,1,1,1,20,197657,501,4000,2,5,1,5,1,700709,1000000
2024DL0003875,1,1678.79,30,1,1,1,12,12706,84,8000,3,1,1,1,1,700709,1000000
2024DL0003876,1,1678.79,24,1,6,1,12,14090,93,6000,3,1,1,5,1,700710,1000000
2024DL0003877,1,1678.79,21,1,3,1,14,15785,105,7000,1,1,1,5,1,700705,1000000
2024DL0003878,1,1678.79,7,1,3,1,6,11379,75,0,0,6,1,5,1,700710,1000000
2024DL0003879,1,1678.79,24,2,2,1,12,22560,150,8000,1,1,2,5,1,700705,1000000
2024DL0003880,1,1678.79,38,1,3,1,18,47678,317,2000,3,1,1,1,1,700706,1000000
2024DL0003881,1,1678.79,1,1,1,1,5,28498,189,0,0,6,2,5,1,700706,1000000
2024DL0003882,1,1678.79,36,2,1,1,12,148763,501,4000,2,1,1,5,2,700704,1000000
2024DL0003883,1,1678.79,55,1,4,1,10,9976,66,5000,4,1,1,2,1,700703,1000000
2024DL0003884,1,1678.79,31,1,1,1,8,11216,74,9000,1,3,1,1,1,700704,1000000
2024DL0003885,1,1678.79,26,2,1,1,9,18708,124,6000,4,1,1,1,1,700703,1000000
2024DL0003886,1,1678.79,33,2,6,1,13,33933,226,8000,1,1,1,1,1,700709,1000000
2024DL0003887,1,1678.79,35,1,4,1,11,30369,202,6000,3,1,1,1,1,700710,1000000
2024DL0003888,1,1678.79,9,1,3,1,3,3940,26,0,0,6,1,5,1,700707,1000000
2024DL0003889,1,1678.79,79,1,4,1,5,5979,39,0,0,6,1,1,1,700702,1000000
2024DL0003890,1,1678.79,4,2,6,1,2,6330,42,0,0,6,1,5,2,700702,1000000
2024DL0003891,1,1678.79,44,1,4,1,10,31031,206,6000,1,1,1,1,1,700709,1000000
2024DL0003892,1,1678.79,27,1,3,1,11,45252,301,8000,1,4,1,5,1,700700,1000000
2024DL0003893,1,1678.79,28,2,6,1,15,117750,501,4000,1,1,1,5,1,700701,1000000
2024DL0003894,1,1678.79,12,1,3,1,8,9105,60,0,0,6,1,5,1,700703,1000000
2024DL0003895,1,1678.79,38,2,5,1,7,12265,81,9800,3,4,1,1,1,700710,1000000
2024DL0003896,1,1678.79,20,2,5,1,17,43134,287,5000,3,1,1,1,1,700706,1000000
2024DL0003897,1,1678.79,41,2,1,1,12,48003,320,9000,1,5,1,1,1,700702,1000000
2024DL0003898,1,1678.79,13,2,1,1,6,5580,37,0,0,6,2,5,1,700700,1000000
2024DL0003899,1,1678.79,21,1,5,1,20,62869,419,1000,1,1,1,5,1,700704,1000000
2024DL0003900,1,1678.79,44,1,6,1,11,45575,303,5000,1,1,1,1,1,700709,1000000
2024DL0003901,1,1678.79,24,2,1,1,17,60775,405,6000,4,5,2,5,1,700700,1000000
2024DL0003902,1,1678.79,41,1,6,1,13,11900,79,3000,1,1,1,1,1,700700,1000000
2024DL0003903,1,1678.79,21,1,6,1,18,21749,144,3000,2,5,1,5,2,700702,1000000
2024DL0003904,1,1678.79,39,2,6,1,6,50511,336,9920,1,1,1,1,1,700705,1000000
2024DL0003905,1,1678.79,45,1,3,1,5,30706,204,9800,1,1,1,1,1,700703,1000000
2024DL0003906,1,1678.79,47,1,4,1,8,9942,66,9920,4,1,1,1,1,700703,1000000
2024DL0003907,1,1678.79,40,2,5,1,7,11588,77,9000,3,1,1,1,1,700701,1000000
2024DL0003908,1,1678.79,29,1,5,1,6,4266,28,9920,3,1,1,1,1,700702,1000000
2024DL0003909,1,1678.79,28,1,6,1,12,17092,113,9000,1,4,1,1,1,700700,1000000
2024DL0003910,1,1678.79,21,2,1,1,15,21134,140,5000,4,1,1,5,1,700707,1000000
2024DL0003911,1,1678.79,23,1,1,1,18,127690,501,4000,1,1,1,5,1,700701,1000000
2024DL0003912,1,1678.79,30,2,4,1,12,62994,419,9000,3,1,1,5,1,700700,1000000
2024DL0003913,1,1678.79,24,2,6,1,18,80121,501,4000,2,1,1,5,1,700710,1000000
2024DL0003914,1,1678.79,12,2,1,1,9,20228,134,0,0,6,2,5,1,700701,1000000
2024DL0003915,1,1678.79,10,2,5,1,8,8872,59,0,0,6,1,5,1,700700,1000000
2024DL0003916,1,1678.79,1,2,1,1,2,6381,42,0,0,6,1,5,2,700701,1000000
2024DL0003917,1,1678.79,5,2,1,1,3,4733,31,0,0,6,1,5,1,700708,1000000
2024DL0003918,1,1678.79,24,1,7,1,14,42051,280,5000,1,1,1,5,1,700706,1000000
2024DL0003919,1,1678.79,30,1,1,1,16,205303,501,5000,3,4,1,5,1,700710,1000000
2024DL0003920,1,1678.79,33,2,3,1,5,30824,205,9920,4,1,1,5,1,700710,1000000
2024DL0003921,1,1678.79,1,2,3,1,7,5491,36,0,0,6,1,5,1,700702,1000000
2024DL0003922,1,1678.79,47,2,5,1,10,48603,324,8000,1,5,1,1,1,700701,1000000
2024DL0003923,1,1678.79,46,2,1,1,10,12061,80,8000,1,1,1,1,1,700709,1000000
2024DL0003924,1,1678.79,9,1,1,1,6,4624,30,0,0,6,1,5,1,700710,1000000
2024DL0003925,1,1678.79,4,1,5,1,1,15269,101,0,0,6,1,5,2,700702,1000000
2024DL0003926,1,1678.79,22,2,8,1,16,71019,473,4000,2,4,1,5,2,700709,1000000
2024DL0003927,1,1678.79,42,2,4,1,8,19499,129,9800,4,1,1,1,2,700700,1000000
2024DL0003928,1,1678.79,89,1,3,1,6,16707,111,0,0,6,1,1,1,700701,1000000
2024DL0003929,1,1678.79,3,2,6,1,8,6540,43,0,0,6,1,5,2,700710,1000000
2024DL0003930,1,1678.79,81,2,2,1,5,7110,47,0,0,6,1,1,1,700709,1000000
2024DL0003931,1,1678.79,32,2,5,1,12,101062,501,9000,1,4,1,1,1,700703,1000000
2024DL0003932,1,1678.79,30,2,1,1,8,49118,327,5000,1,1,1,1,1,700707,1000000
2024DL0003933,1,1678.79,2,2,5,1,6,3751,25,0,0,6,1,5,1,700703,1000000
2024DL0003934,1,1678.79,3,1,5,1,6,2221,14,0,0,6,1,5,1,700705,1000000
2024DL0003935,1,1678.79,58,1,1,1,13,43244,288,6000,1,1,1,1,1,700700,1000000
2024DL0003936,1,1678.79,43,1,2,1,12,75542,501,6000,4,1,1,1,1,700703,1000000
2024DL0003937,1,1678.79,43,2,1,1,11,76838,501,1000,1,1,1,5,1,700701,1000000
2024DL0003938,1,1678.79,24,2,3,1,12,26238,174,9800,4,1,1,5,1,700701,1000000
2024DL0003939,1,1678.79,28,1,1,1,11,70809,472,8000,3,4,1,1,1,700710,1000000
2024DL0003940,1,1678.79,9,1,2,1,6,24095,160,0,0,6,1,5,1,700710,1000000
2024DL0003941,1,1678.79,12,1,2,1,9,11159,74,0,0,6,1,5,1,700707,1000000
2024DL0003942,1,1678.79,39,1,5,1,9,34660,231,9800,3,2,1,1,1,700709,1000000
2024DL0003943,1,1678.79,26,2,6,1,10,80495,501,9000,1,1,1,5,1,700704,1000000
2024DL0003944,1,1678.79,34,2,2,1,6,25260,168,9800,1,1,1,1,1,700703,1000000
2024DL0003945,1,1678.79,43,2,2,1,12,90613,501,6000,3,4,1,1,1,700701,1000000
2024DL0003946,1,1678.79,19,2,1,1,14,20231,134,3000,1,1,1,5,1,700704,1000000
2024DL0003947,1,1678.79,39,1,2,1,13,167965,501,6000,1,1,1,1,1,700709,1000000
2024DL0003948,1,1678.79,21,1,6,1,11,19412,129,7000,3,5,2,5,1,700708,1000000
2024DL0003949,1,1678.79,18,1,4,1,18,25657,171,2000,2,1,1,5,2,700704,1000000
2024DL0003950,1,1678.79,38,1,5,1,10,35806,238,8000,6,1,1,1,1,700703,1000000
2024DL0003951,1,1678.79,40,2,4,1,12,57908,386,4000,2,5,1,1,1,700708,1000000
2024DL0003952,1,1678.79,5,2,1,1,5,3162,21,0,0,6,2,5,1,700707,1000000
2024DL0003953,1,1678.79,1,1,1,1,5,11032,73,0,0,6,1,5,1,700704,1000000
2024DL0003954,1,1678.79,50,1,1,1,11,30609,204,5000,4,1,1,1,1,700707,1000000
2024DL0003955,1,1678.79,39,1,3,1,18,33602,224,4000,1,4,1,1,1,700709,1000000
2024DL0003956,1,1678.79,91,2,1,1,5,4209,28,0,0,6,1,1,1,700700,1000000
2024DL0003957,1,1678.79,56,1,1,1,7,11361,75,9920,3,1,1,1,1,700707,1000000
2024DL0003958,1,1678.79,42,1,5,1,12,82628,501,9800,3,1,1,1,1,700702,1000000
2024DL0003959,1,1678.79,26,1,5,1,8,8962,59,9800,1,4,1,5,1,700701,1000000
2024DL0003960,1,1678.79,20,2,2,1,17,34614,230,4000,1,1,1,5,1,700701,1000000
2024DL0003961,1,1678.79,18,2,5,1,15,67100,447,4000,1,1,1,5,1,700708,1000000
2024DL0003962,1,1678.79,47,1,1,1,18,190454,501,3000,1,2,2,1,1,700708,1000000
2024DL0003963,1,1678.79,16,1,3,1,16,38796,258,0,0,6,1,5,1,700705,1000000
2024DL0003964,1,1678.79,34,1,1,1,10,55250,368,9800,1,1,1,1,1,700703,1000000
2024DL0003965,1,1678.79,78,2,6,1,9,9989,66,0,0,6,1,5,1,700704,1000000
2024DL0003966,1,1678.79,35,1,1,1,16,54948,366,1000,2,1,2,1,1,700701,1000000
2024DL0003967,1,1678.79,27,2,3,1,6,15237,101,9800,1,1,1,1,2,700705,1000000
2024DL0003968,1,1678.79,39,2,3,1,9,21317,142,9000,1,1,1,1,1,700710,1000000
2024DL0003969,1,1678.79,39,2,1,1,17,155229,501,3000,1,5,5,1,1,700703,1000000
2024DL0003970,1,1678.79,51,2,4,1,8,8905,59,6000,1,1,2,1,1,700708,1000000
2024DL0003971,1,1678.79,20,2,5,1,10,21799,145,8000,1,1,1,5,1,700704,1000000
2024DL0003972,1,1678.79,23,2,3,1,16,79661,501,5000,3,1,1,5,1,700707,1000000
2024DL0003973,1,1678.79,35,2,2,1,12,38168,254,9800,1,4,1,1,1,700710,1000000
2024DL0003974,1,1678.79,20,2,5,1,13,15237,101,7000,1,2,1,5,1,700708,1000000
2024DL0003975,1,1678.79,48,2,3,1,9,138023,501,2000,1,4,1,1,2,700701,1000000
2024DL0003976,1,1678.79,23,2,2,1,15,86454,501,4000,1,1,2,5,1,700700,1000000
2024DL0003977,1,1678.79,15,2,3,1,14,23888,159,0,0,6,1,5,1,700705,1000000
2024DL0003978,1,1678.79,7,2,5,1,2,2339,15,0,0,6,1,5,1,700707,1000000
2024DL0003979,1,1678.79,37,2,6,1,11,45368,302,6000,1,2,5,1,1,700705,1000000
2024DL0003980,1,1678.79,27,1,5,1,5,9396,62,6000,1,1,1,1,1,700709,1000000
2024DL0003981,1,1678.79,37,2,6,1,20,170550,501,3000,1,1,1,1,1,700709,1000000
2024DL0003982,1,1678.79,14,2,3,1,8,28032,186,0,0,6,1,5,1,700706,1000000
2024DL0003983,1,1678.79,68,1,5,1,7,10274,68,8000,1,1,1,2,1,700710,1000000
2024DL0003984,1,1678.79,14,1,4,1,4,6334,42,0,0,6,1,5,1,700702,1000000
2024DL0003985,1,1678.79,32,2,6,1,9,87834,501,2000,1,1,1,1,1,700707,1000000
2024DL0003986,1,1678.79,20,1,3,1,14,20258,135,8000,4,1,1,5,1,700706,1000000
2024DL0003987,1,1678.79,3,2,1,1,6,3922,26,0,0,6,2,5,1,700704,1000000
2024DL0003988,1,1678.79,46,1,4,1,11,71735,478,7000,1,1,1,1,1,700708,1000000
2024DL0003989,1,1678.79,4,1,2,1,3,2943,19,0,0,6,1,5,2,700708,1000000
2024DL0003990,1,1678.79,82,1,1,1,7,5405,36,0,0,6,1,1,1,700709,1000000
2024DL0003991,1,1678.79,26,2,2,1,13,21697,144,9000,1,1,1,1,1,700700,1000000
2024DL0003992,1,1678.79,6,1,3,1,5,13639,90,0,0,6,1,5,1,700704,1000000
2024DL0003993,1,1678.79,32,2,2,1,20,117450,501,1000,3,1,1,1,1,700703,1000000
2024DL0003994,1,1678.79,37,2,6,1,5,23443,156,6000,1,1,1,1,1,700700,1000000
2024DL0003995,1,1678.79,0,2,2,1,4,22210,148,0,0,6,1,5,1,700700,1000000
2024DL0003996,1,1678.79,11,2,2,1,3,3709,24,0,0,6,1,5,1,700709,1000000
2024DL0003997,1,1678.79,3,2,1,1,4,4496,29,0,0,6,1,5,1,700703,1000000
2024DL0003998,1,1678.79,46,2,3,1,20,142595,501,4000,1,1,1,1,1,700700,1000000
2024DL0003999,1,1678.79,59,1,6,1,12,24534,163,5000,1,1,1,1,1,700703,1000000
2024DL0004000,1,1678.79,24,2,1,1,19,127662,501,3000,1,1,1,5,1,700701,1000000
2024DL0004001,1,1678.79,24,1,5,1,15,45860,305,2000,3,1,1,5,2,700704,1000000
2024DL0004002,1,1678.79,7,2,2,1,3,9353,62,0,0,6,1,5,1,700707,1000000
2024DL0004003,1,1678.79,29,1,1,1,6,11559,77,9800,1,1,1,1,1,700705,1000000
2024DL0004004,1,1678.79,40,1,1,1,7,6483,43,9000,1,1,1,1,1,700707,1000000
2024DL0004005,1,1678.79,36,1,1,1,13,73883,492,1000,2,5,1,1,2,700704,1000000
2024DL0004006,1,1678.79,47,1,1,1,12,72137,480,3000,3,1,1,5,1,700707,1000000
2024DL0004007,1,1678.79,30,1,4,1,18,103724,501,3000,1,1,5,5,1,700709,1000000
2024DL0004008,1,1678.79,81,2,1,1,11,11644,77,0,0,6,1,1,2,700709,1000000
2024DL0004009,1,1678.79,6,1,6,1,9,11487,76,0,0,6,1,5,1,700707,1000000
2024DL0004010,1,1678.79,23,1,1,1,15,90754,501,6000,1,4,1,5,1,700704,1000000
2024DL0004011,1,1678.79,50,1,5,1,11,20836,138,7000,1,1,1,1,1,700709,1000000
2024DL0004012,1,1678.79,31,2,1,1,11,25914,172,7000,3,1,1,1,1,700706,1000000
2024DL0004013,1,1678.79,40,1,9,1,11,36435,242,5000,4,1,1,1,1,700702,1000000
2024DL0004014,1,1678.79,34,1,3,1,13,76835,501,6000,1,3,1,1,1,700703,1000000
2024DL0004015,1,1678.79,3,1,6,1,2,18536,123,0,0,6,1,5,1,700700,1000000
2024DL0004016,1,1678.79,5,1,4,1,8,14776,98,0,0,6,1,5,1,700700,1000000
2024DL0004017,1,1678.79,21,2,1,1,18,49449,329,5000,6,5,1,5,1,700702,1000000
2024DL0004018,1,1678.79,24,2,5,1,15,163473,501,4000,2,1,1,5,2,700705,1000000
2024DL0004019,1,1678.79,28,2,1,1,9,104552,501,5000,1,1,1,5,1,700704,1000000
2024DL0004020,1,1678.79,21,1,4,1,18,20236,134,6000,4,1,1,5,1,700710,1000000
2024DL0004021,1,1678.79,1,2,1,1,3,8698,57,0,0,6,1,5,1,700707,1000000
2024DL0004022,1,1678.79,3,1,6,1,6,3372,22,0,0,6,1,5,1,700705,1000000
2024DL0004023,1,1678.79,43,1,3,1,12,46299,308,9000,6,1,1,1,1,700701,1000000
2024DL0004024,1,1678.79,30,2,1,1,7,20161,134,9800,3,1,1,1,1,700709,1000000
2024DL0004025,1,1678.79,5,2,3,1,6,5562,37,0,0,6,1,5,1,700701,1000000
2024DL0004026,1,1678.79,27,2,1,1,15,71223,474,4000,3,1,1,1,1,700708,1000000
2024DL0004027,1,1678.79,58,1,2,1,8,28510,190,8000,4,3,1,1,1,700705,1000000
2024DL0004028,1,1678.79,35,2,4,1,9,55183,367,3000,2,1,1,3,1,700701,1000000
2024DL0004029,1,1678.79,22,2,1,1,16,71145,474,6000,3,4,1,5,1,700710,1000000
2024DL0004030,1,1678.79,37,2,1,1,9,42950,286,7000,1,1,1,1,1,700700,1000000
2024DL0004031,1,1678.79,27,1,3,1,13,73693,491,6000,1,1,1,1,1,700709,1000000
2024DL0004032,1,1678.79,24,1,4,1,18,134523,501,6000,4,1,2,5,2,700702,1000000
2024DL0004033,1,1678.79,24,2,4,1,12,16327,108,6000,1,5,1,1,2,700704,1000000
2024DL0004034,1,1678.79,35,2,2,1,12,100067,501,2000,2,1,1,1,1,700710,1000000
2024DL0004035,1,1678.79,49,1,1,1,5,15116,100,9000,3,5,1,5,1,700708,1000000
2024DL0004036,1,1678.79,55,1,1,1,9,20547,136,6000,1,1,1,5,1,700702,1000000
2024DL0004037,1,1678.79,1,1,2,1,3,10102,67,0,0,6,2,5,1,700710,1000000
2024DL0004038,1,1678.79,10,2,2,1,6,18585,123,0,0,6,1,5,1,700710,1000000
2024DL0004039,1,1678.79,12,1,2,1,4,8641,57,0,0,6,1,5,1,700702,1000000
2024DL0004040,1,1678.79,8,1,2,1,1,5822,38,0,0,6,1,5,1,700710,1000000
2024DL0004041,1,1678.79,4,1,1,1,3,7041,46,0,0,6,1,5,1,700703,1000000
2024DL0004042,1,1678.79,55,2,6,1,9,26581,177,4000,1,1,1,1,2,700707,1000000
2024DL0004043,1,1678.79,19,1,3,1,14,10129,67,9000,1,1,2,5,1,700707,1000000
2024DL0004044,1,1678.79,43,1,1,1,10,19989,133,8000,1,1,1,1,1,700701,1000000
2024DL0004045,1,1678.79,40,2,6,1,11,60326,402,9000,6,1,1,1,1,700703,1000000
2024DL0004046,1,1678.79,56,2,1,1,5,19460,129,9920,4,1,1,1,1,700707,1000000
2024DL0004047,1,1678.79,7,1,1,1,4,4511,30,0,0,6,1,5,1,700701,1000000
2024DL0004048,1,1678.79,44,2,3,1,8,102574,501,5000,1,1,1,1,1,700709,1000000
2024DL0004049,1,1678.79,16,1,6,1,14,50368,335,0,0,6,1,5,1,700703,1000000
2024DL0004050,1,1678.79,7,2,2,1,7,10085,67,0,0,6,5,5,1,700701,1000000
2024DL0004051,1,1678.79,35,1,1,1,13,22076,147,6000,4,1,1,1,1,700703,1000000
2024DL0004052,1,1678.79,90,2,2,1,6,9963,66,0,0,6,1,1,1,700709,1000000
2024DL0004053,1,1678.79,0,2,3,1,3,6738,44,0,0,6,5,5,1,700707,1000000
2024DL0004054,1,1678.79,29,1,5,1,14,41670,277,6000,4,1,1,1,1,700707,1000000
2024DL0004055,1,1678.79,52,1,1,1,10,29250,195,9000,1,1,1,1,1,700702,1000000
2024DL0004056,1,1678.79,29,2,1,1,11,27066,180,9000,1,1,1,1,1,700700,1000000
2024DL0004057,1,1678.79,12,2,6,1,3,5405,36,0,0,6,1,5,1,700706,1000000
2024DL0004058,1,1678.79,11,1,1,1,5,6930,46,0,0,6,1,5,1,700706,1000000
2024DL0004059,1,1678.79,68,2,1,1,6,11369,75,5000,3,1,1,1,1,700709,1000000
2024DL0004060,1,1678.79,95,1,2,1,5,13139,87,0,0,6,5,1,1,700704,1000000
2024DL0004061,1,1678.79,42,2,3,1,7,19504,130,7000,1,1,1,2,1,700706,1000000
2024DL0004062,1,1678.79,46,1,1,1,8,18752,125,5000,1,2,1,1,1,700710,1000000
2024DL0004063,1,1678.79,25,1,1,1,8,11924,79,9800,1,1,1,5,1,700709,1000000
2024DL0004064,1,1678.79,26,2,1,1,8,24100,160,5000,6,1,2,5,1,700710,1000000
2024DL0004065,1,1678.79,44,1,6,1,12,68826,458,6000,1,1,1,3,1,700702,1000000
2024DL0004066,1,1678.79,57,2,6,1,6,56284,375,5000,1,1,1,1,1,700701,1000000
2024DL0004067,1,1678.79,18,2,1,1,12,3433,22,5000,6,1,1,5,2,700710,1000000
2024DL0004068,1,1678.79,32,2,1,1,17,45691,304,4000,2,5,1,1,1,700702,1000000
2024DL0004069,1,1678.79,28,1,1,1,9,14362,95,3000,1,1,1,1,1,700710,1000000
2024DL0004070,1,1678.79,1,1,1,1,7,17013,113,0,0,6,2,5,1,700709,1000000
2024DL0004071,1,1678.79,7,1,1,1,5,9198,61,0,0,6,1,5,1,700703,1000000
2024DL0004072,1,1678.79,15,1,4,1,20,91631,501,0,0,6,1,5,1,700700,1000000
2024DL0004073,1,1678.79,10,2,1,1,8,4571,30,0,0,6,1,5,1,700706,1000000
2024DL0004074,1,1678.79,14,1,1,1,4,5844,38,0,0,6,1,5,1,700706,1000000
2024DL0004075,1,1678.79,0,2,5,1,8,15117,100,0,0,6,1,5,1,700702,1000000
2024DL0004076,1,1678.79,50,1,1,1,5,32644,217,6000,1,1,1,1,1,700700,1000000
2024DL0004077,1,1678.79,57,2,1,1,10,33924,226,5000,3,1,1,1,1,700700,1000000
2024DL0004078,1,1678.79,5,2,1,1,3,20719,138,0,0,6,1,5,1,700702,1000000
2024DL0004079,1,1678.79,11,2,2,1,7,9104,60,0,0,6,1,5,1,700709,1000000
2024DL0004080,1,1678.79,56,2,3,1,11,43900,292,7000,1,1,1,1,1,700710,1000000
2024DL0004081,1,1678.79,33,1,1,1,9,24223,161,9000,1,1,1,5,1,700710,1000000
2024DL0004082,1,1678.79,23,2,6,1,17,52023,346,3000,1,1,1,5,1,700709,1000000
2024DL0004083,1,1678.79,81,2,2,1,5,7014,46,0,0,6,1,1,1,700710,1000000
2024DL0004084,1,1678.79,16,1,1,1,14,19198,127,0,0,6,1,5,2,700704,1000000
2024DL0004085,1,1678.79,40,1,1,1,10,79440,501,6000,4,1,1,5,1,700703,1000000
2024DL0004086,1,1678.79,14,1,1,1,3,6073,40,0,0,6,1,5,1,700701,1000000
2024DL0004087,1,1678.79,30,2,4,1,6,30867,205,9800,1,1,1,5,1,700709,1000000
2024DL0004088,1,1678.79,32,2,6,1,13,26088,173,6000,1,5,1,1,1,700707,1000000
2024DL0004089,1,1678.79,46,1,1,1,12,48484,323,9000,6,1,1,1,1,700707,1000000
2024DL0004090,1,1678.79,46,2,2,1,9,85143,501,7000,1,1,1,2,1,700707,1000000
2024DL0004091,1,1678.79,34,1,6,1,13,42561,283,9800,4,1,5,5,1,700705,1000000
2024DL0004092,1,1678.79,3,1,9,1,3,6980,46,0,0,6,1,5,1,700707,1000000
2024DL0004093,1,1678.79,21,1,2,1,19,71110,474,3000,2,2,1,5,1,700701,1000000
2024DL0004094,1,1678.79,0,1,1,1,3,7409,49,0,0,6,1,5,2,700700,1000000
2024DL0004095,1,1678.79,37,1,1,1,11,73579,490,7000,3,1,1,5,1,700701,1000000
2024DL0004096,1,1678.79,36,1,6,1,12,33038,220,1000,2,3,1,2,1,700701,1000000
2024DL0004097,1,1678.79,23,2,1,1,17,42295,281,5000,4,1,1,1,1,700708,1000000
2024DL0004098,1,1678.79,22,2,2,1,20,161204,501,3000,1,5,1,1,2,700704,1000000
2024DL0004099,1,1678.79,28,2,1,1,9,33619,224,2000,2,1,2,1,1,700705,1000000
2024DL0004100,1,1678.79,54,2,1,1,9,115222,501,8000,1,1,1,2,1,700704,1000000
2024DL0004101,1,1678.79,40,2,2,1,9,10923,72,9000,1,1,1,1,2,700703,1000000
2024DL0004102,1,1678.79,18,1,1,1,14,9802,65,9800,1,1,1,5,1,700708,1000000
2024DL0004103,1,1678.79,15,2,1,1,20,80002,501,0,0,6,1,5,1,700702,1000000
2024DL0004104,1,1678.79,35,1,6,1,11,91148,501,6000,4,1,1,1,1,700710,1000000
2024DL0004105,1,1678.79,18,1,1,1,16,17614,117,2000,3,1,1,5,1,700710,1000000
2024DL0004106,1,1678.79,57,1,1,1,11,30724,204,5000,3,1,1,1,1,700701,1000000
2024DL0004107,1,1678.79,54,1,2,1,11,43969,293,5000,3,1,1,1,1,700707,1000000
2024DL0004108,1,1678.79,19,2,1,1,10,17389,115,7000,1,1,1,5,1,700710,1000000
2024DL0004109,1,1678.79,53,2,1,1,5,14245,94,9800,1,1,1,5,2,700706,1000000
2024DL0004110,1,1678.79,91,2,1,1,5,10085,67,0,0,6,1,3,2,700709,1000000
2024DL0004111,1,1678.79,0,2,1,1,6,6842,45,0,0,6,1,5,1,700704,1000000
2024DL0004112,1,1678.79,59,1,4,1,10,45267,301,1000,3,1,1,2,1,700706,1000000
2024DL0004113,1,1678.79,41,1,2,1,8,37093,247,9800,1,1,1,1,1,700700,1000000
2024DL0004114,1,1678.79,35,2,3,1,15,180458,501,1000,1,1,1,1,1,700709,1000000
2024DL0004115,1,1678.79,15,2,5,1,18,44377,295,0,0,6,1,5,1,700708,1000000
2024DL0004116,1,1678.79,26,2,4,1,9,61463,409,1000,3,1,1,5,1,700703,1000000
2024DL0004117,1,1678.79,21,2,3,1,14,56798,378,7000,1,1,1,5,1,700700,1000000
2024DL0004118,1,1678.79,10,1,3,1,4,3492,23,0,0,6,1,5,1,700703,1000000
2024DL0004119,1,1678.79,8,1,6,1,6,7503,50,0,0,6,1,5,1,700708,1000000
2024DL0004120,1,1678.79,85,1,1,1,8,11797,78,0,0,6,1,1,2,700700,1000000
2024DL0004121,1,1678.79,36,1,1,1,9,96794,501,5000,3,1,2,1,1,700705,1000000
2024DL0004122,1,1678.79,41,2,6,1,12,102445,501,6000,1,3,1,1,1,700700,1000000
2024DL0004123,1,1678.79,20,1,3,1,14,29282,195,5000,3,1,1,5,1,700702,1000000
2024DL0004124,1,1678.79,48,2,2,1,6,30466,203,5000,1,1,1,1,1,700710,1000000
2024DL0004125,1,1678.79,49,2,3,1,8,18959,126,9800,3,1,2,1,1,700705,1000000
2024DL0004126,1,1678.79,51,2,1,1,11,46365,309,5000,1,2,1,1,1,700706,1000000
2024DL0004127,1,1678.79,39,1,1,1,13,67477,449,7000,4,1,1,1,1,700700,1000000
2024DL0004128,1,1678.79,31,1,5,1,6,23045,153,9800,1,1,1,1,1,700704,1000000
2024DL0004129,1,1678.79,56,2,2,1,16,77792,501,6000,1,4,1,2,1,700701,1000000
2024DL0004130,1,1678.79,66,1,1,1,10,47005,313,9000,4,1,1,2,1,700703,1000000
2024DL0004131,1,1678.79,41,1,1,1,8,5144,34,9000,4,1,1,1,1,700702,1000000
2024DL0004132,1,1678.79,51,1,1,1,11,34711,231,2000,2,1,1,2,2,700706,1000000
2024DL0004133,1,1678.79,30,1,3,1,12,30327,202,2000,2,1,1,1,1,700706,1000000
2024DL0004134,1,1678.79,29,1,1,1,17,61348,408,4000,1,1,1,5,1,700706,1000000
2024DL0004135,1,1678.79,6,1,2,1,9,10102,67,0,0,6,1,5,1,700709,1000000
2024DL0004136,1,1678.79,40,1,5,1,11,75862,501,9800,1,1,1,5,1,700710,1000000
2024DL0004137,1,1678.79,73,2,5,1,5,4979,33,0,0,6,1,2,1,700702,1000000
2024DL0004138,1,1678.79,8,1,2,1,2,6582,43,0,0,6,1,5,1,700708,1000000
2024DL0004139,1,1678.79,33,1,2,1,10,83368,501,7000,4,1,1,5,1,700705,1000000
2024DL0004140,1,1678.79,0,1,1,1,1,3978,26,0,0,6,1,5,1,700700,1000000
2024DL0004141,1,1678.79,18,2,1,1,19,106880,501,4000,1,1,1,5,1,700704,1000000
2024DL0004142,1,1678.79,8,1,1,1,3,6170,41,0,0,6,1,5,1,700706,1000000
2024DL0004143,1,1678.79,11,1,5,1,4,10118,67,0,0,6,1,5,1,700707,1000000
2024DL0004144,1,1678.79,26,1,6,1,15,92526,501,5000,1,1,1,1,1,700704,1000000
2024DL0004145,1,1678.79,18,2,6,1,16,49619,330,4000,1,1,1,5,1,700707,1000000
2024DL0004146,1,1678.79,54,2,6,1,7,3747,24,9000,3,1,1,1,1,700704,1000000
2024DL0004147,1,1678.79,20,1,2,1,12,15393,102,5000,4,1,1,5,1,700703,1000000
2024DL0004148,1,1678.79,35,1,5,1,7,27745,184,5000,6,5,1,1,1,700702,1000000
2024DL0004149,1,1678.79,35,1,1,1,11,109226,501,9000,6,1,1,2,1,700703,1000000
2024DL0004150,1,1678.79,30,2,1,1,14,16982,113,9000,3,1,1,5,1,700707,1000000
2024DL0004151,1,1678.79,7,2,2,1,1,2333,15,0,0,6,1,5,1,700706,1000000
2024DL0004152,1,1678.79,30,1,3,1,12,34524,230,6000,4,1,1,5,1,700701,1000000
2024DL0004153,1,1678.79,57,1,5,1,12,20367,135,6000,1,1,1,1,1,700710,1000000
2024DL0004154,1,1678.79,11,1,1,1,2,7530,50,0,0,6,2,5,1,700704,1000000
2024DL0004155,1,1678.79,1,1,1,1,2,3578,23,0,0,6,1,5,1,700702,1000000
2024DL0004156,1,1678.79,100,1,2,1,6,10715,71,0,0,6,1,1,1,700701,1000000
2024DL0004157,1,1678.79,33,1,4,1,19,136345,501,4000,1,4,1,1,1,700704,1000000
2024DL0004158,1,1678.79,28,2,1,1,14,67711,451,7000,1,1,1,1,1,700710,1000000
2024DL0004159,1,1678.79,10,2,1,1,8,3440,22,0,0,6,1,5,1,700703,1000000
2024DL0004160,1,1678.79,18,2,4,1,13,12705,84,8000,1,1,1,5,1,700702,1000000
2024DL0004161,1,1678.79,32,1,6,1,11,35452,236,5000,1,1,1,1,1,700701,1000000
2024DL0004162,1,1678.79,71,2,2,1,6,6580,43,0,0,6,2,2,1,700701,1000000
2024DL0004163,1,1678.79,31,2,3,1,7,45732,304,9000,1,1,1,1,1,700709,1000000
2024DL0004164,1,1678.79,54,2,5,1,10,60598,403,7000,4,3,1,1,1,700701,1000000
2024DL0004165,1,1678.79,17,1,3,1,13,35963,239,0,0,6,1,5,1,700710,1000000
2024DL0004166,1,1678.79,27,2,1,1,6,14917,99,6000,1,1,1,5,1,700709,1000000
2024DL0004167,1,1678.79,7,2,6,1,4,24486,163,0,0,6,1,5,1,700703,1000000
2024DL0004168,1,1678.79,31,1,1,1,12,13774,91,7000,1,2,1,1,1,700707,1000000
2024DL0004169,1,1678.79,33,1,1,1,18,117846,501,6000,4,4,1,5,2,700701,1000000
2024DL0004170,1,1678.79,28,2,1,1,11,20559,137,7000,1,1,1,5,1,700705,1000000
2024DL0004171,1,1678.79,34,1,4,1,13,164180,501,6000,6,1,1,1,1,700705,1000000
2024DL0004172,1,1678.79,30,1,3,1,7,18083,120,9800,1,1,1,5,1,700704,1000000
2024DL0004173,1,1678.79,40,2,6,1,15,287093,501,3000,3,1,5,1,1,700701,1000000
2024DL0004174,1,1678.79,16,1,1,1,14,7740,51,0,0,6,1,5,1,700710,1000000
2024DL0004175,1,1678.79,7,2,1,1,2,22351,149,0,0,6,1,5,1,700706,1000000
2024DL0004176,1,1678.79,20,2,6,1,15,50114,334,4000,1,1,1,1,1,700709,1000000
2024DL0004177,1,1678.79,27,1,2,1,11,52131,347,6000,6,1,1,1,2,700709,1000000
2024DL0004178,1,1678.79,45,1,1,1,8,19202,128,5000,1,2,1,1,2,700700,1000000
2024DL0004179,1,1678.79,21,1,5,1,20,52764,351,4000,3,1,1,1,1,700707,1000000
2024DL0004180,1,1678.79,35,2,1,1,7,20306,135,9000,1,1,1,1,1,700703,1000000
2024DL0004181,1,1678.79,7,1,1,1,7,15105,100,0,0,6,1,5,1,700708,1000000
2024DL0004182,1,1678.79,29,1,3,1,12,68142,454,1000,1,1,1,1,1,700701,1000000
2024DL0004183,1,1678.79,49,1,2,1,10,70259,468,5000,1,2,1,5,1,700701,1000000
2024DL0004184,1,1678.79,18,1,1,1,11,12485,83,9000,1,1,2,5,1,700703,1000000
2024DL0004185,1,1678.79,64,2,9,1,5,18607,124,7000,1,1,1,3,1,700702,1000000
2024DL0004186,1,1678.79,42,1,5,1,9,71225,474,5000,1,1,1,1,1,700707,1000000
2024DL0004187,1,1678.79,43,1,2,1,10,87576,501,3000,2,1,1,1,1,700705,1000000
2024DL0004188,1,1678.79,10,2,2,1,3,5850,39,0,0,6,5,5,1,700705,1000000
2024DL0004189,1,1678.79,50,2,5,1,12,25434,169,9000,1,5,1,2,2,700700,1000000
2024DL0004190,1,1678.79,34,1,1,1,17,30996,206,2000,2,1,1,1,2,700700,1000000
2024DL0004191,1,1678.79,23,1,2,1,17,88913,501,4000,1,1,2,1,1,700704,1000000
2024DL0004192,1,1678.79,40,2,5,1,13,90123,501,2000,1,1,1,1,1,700704,1000000
2024DL0004193,1,1678.79,53,1,1,1,11,22667,151,6000,6,2,2,1,2,700708,1000000
2024DL0004194,1,1678.79,31,1,2,1,16,191208,501,6000,1,4,1,1,1,700707,1000000
2024DL0004195,1,1678.79,62,1,5,1,6,5879,39,6000,6,1,2,2,1,700706,1000000
2024DL0004196,1,1678.79,30,1,1,1,12,31382,209,5000,3,1,1,1,1,700704,1000000
2024DL0004197,1,1678.79,74,1,1,1,6,3789,25,0,0,6,2,2,1,700701,1000000
2024DL0004198,1,1678.79,5,1,6,1,4,8957,59,0,0,6,1,5,1,700702,1000000
2024DL0004199,1,1678.79,19,2,1,1,13,14575,97,9000,3,1,2,5,1,700701,1000000
2024DL0004200,1,1678.79,18,2,2,1,13,13434,89,3000,3,2,1,5,1,700706,1000000
2024DL0004201,1,1678.79,32,1,3,1,10,38405,256,9000,4,1,1,5,2,700707,1000000
2024DL0004202,1,1678.79,12,1,4,1,4,5067,33,0,0,6,1,5,1,700706,1000000
2024DL0004203,1,1678.79,31,1,3,1,11,26942,179,6000,4,1,1,1,2,700701,1000000
2024DL0004204,1,1678.79,24,2,2,1,16,99903,501,4000,1,1,1,5,1,700706,1000000
2024DL0004205,1,1678.79,29,1,6,1,14,44093,293,1000,1,1,1,1,1,700704,1000000
2024DL0004206,1,1678.79,42,2,1,1,7,25879,172,9920,1,1,1,1,1,700706,1000000
2024DL0004207,1,1678.79,22,2,4,1,19,215989,501,2000,3,2,1,5,1,700701,1000000
2024DL0004208,1,1678.79,26,2,6,1,13,38814,258,6000,6,1,1,1,1,700710,1000000
2024DL0004209,1,1678.79,21,2,2,1,14,34735,231,9000,1,1,1,5,1,700705,1000000
2024DL0004210,1,1678.79,17,1,1,1,14,7536,50,0,0,6,2,5,1,700703,1000000
2024DL0004211,1,1678.79,55,1,5,1,12,187548,501,7000,1,4,1,1,2,700704,1000000
2024DL0004212,1,1678.79,13,1,4,1,5,3035,20,0,0,6,1,5,1,700700,1000000
2024DL0004213,1,1678.79,59,2,1,1,13,40603,270,5000,4,1,1,1,1,700703,1000000
2024DL0004214,1,1678.79,50,1,1,1,9,64997,433,5000,1,1,1,5,1,700700,1000000
2024DL0004215,1,1678.79,11,1,2,1,3,4828,32,0,0,6,1,5,1,700705,1000000
2024DL0004216,1,1678.79,20,2,1,1,12,14733,98,8000,3,5,1,5,2,700710,1000000
2024DL0004217,1,1678.79,26,1,6,1,16,62767,418,4000,3,1,1,1,1,700708,1000000
2024DL0004218,1,1678.79,20,2,6,1,14,8139,54,4000,2,1,1,5,2,700700,1000000
2024DL0004219,1,1678.79,36,2,8,1,5,10089,67,5000,6,1,1,1,1,700703,1000000
2024DL0004220,1,1678.79,24,2,3,1,17,38113,254,5000,1,1,1,5,1,700710,1000000
2024DL0004221,1,1678.79,19,2,2,1,11,17380,115,7000,4,1,1,5,1,700708,1000000
2024DL0004222,1,1678.79,60,2,1,1,9,46771,311,4000,2,1,1,1,1,700704,1000000
2024DL0004223,1,1678.79,46,1,4,1,13,31033,206,8000,4,1,1,1,1,700706,1000000
2024DL0004224,1,1678.79,11,1,4,1,9,44893,299,0,0,6,1,5,2,700706,1000000
2024DL0004225,1,1678.79,23,1,1,1,10,49116,327,8000,1,1,1,5,2,700701,1000000
2024DL0004226,1,1678.79,55,2,4,1,12,45611,304,1000,1,1,1,1,1,700709,1000000
2024DL0004227,1,1678.79,29,2,1,1,10,31925,212,8000,1,1,1,1,1,700703,1000000
2024DL0004228,1,1678.79,55,1,1,1,11,36390,242,7000,1,1,1,5,1,700707,1000000
2024DL0004229,1,1678.79,50,2,1,1,10,14607,97,9800,1,1,1,2,1,700703,1000000
2024DL0004230,1,1678.79,40,1,1,1,5,27552,183,6000,1,1,1,1,1,700707,1000000
2024DL0004231,1,1678.79,28,2,5,1,11,43027,286,3000,2,1,1,5,1,700704,1000000
2024DL0004232,1,1678.79,99,1,3,1,5,11768,78,0,0,6,1,1,1,700710,1000000
2024DL0004233,1,1678.79,14,1,1,1,3,25803,172,0,0,6,1,5,1,700709,1000000
2024DL0004234,1,1678.79,29,2,1,1,13,36528,243,3000,3,2,1,1,2,700700,1000000
2024DL0004235,1,1678.79,37,1,2,1,17,169735,501,4000,3,1,1,1,1,700700,1000000
2024DL0004236,1,1678.79,7,1,3,1,9,64605,430,0,0,6,1,5,1,700703,1000000
2024DL0004237,1,1678.79,5,1,9,1,6,4042,26,0,0,6,1,5,1,700702,1000000
2024DL0004238,1,1678.79,14,1,1,1,2,40606,270,0,0,6,1,5,1,700703,1000000
2024DL0004239,1,1678.79,56,2,3,1,10,12509,83,8000,4,1,1,1,1,700701,1000000
2024DL0004240,1,1678.79,34,2,6,1,9,38847,258,8000,3,2,1,1,1,700709,1000000
2024DL0004241,1,1678.79,14,1,5,1,9,19328,128,0,0,6,1,5,1,700700,1000000
2024DL0004242,1,1678.79,10,2,6,1,1,13120,87,0,0,6,1,5,1,700706,1000000
2024DL0004243,1,1678.79,14,2,6,1,1,2196,14,0,0,6,1,5,2,700704,1000000
2024DL0004244,1,1678.79,12,2,4,1,1,5663,37,0,0,6,1,5,2,700706,1000000
2024DL0004245,1,1678.79,33,2,2,1,18,74680,497,1000,1,1,1,5,1,700706,1000000
2024DL0004246,1,1678.79,5,1,1,1,5,10911,72,0,0,6,1,5,1,700708,1000000
2024DL0004247,1,1678.79,48,2,2,1,5,22351,149,7000,1,2,1,1,1,700702,1000000
2024DL0004248,1,1678.79,30,1,6,1,8,28250,188,6000,1,2,1,1,1,700706,1000000
2024DL0004249,1,1678.79,24,2,3,1,14,52881,352,1000,3,1,1,5,1,700706,1000000
2024DL0004250,1,1678.79,34,1,3,1,9,45628,304,6000,6,1,1,5,1,700708,1000000
2024DL0004251,1,1678.79,67,1,3,1,7,11606,77,9920,4,1,1,1,1,700701,1000000
2024DL0004252,1,1678.79,33,1,5,1,8,25614,170,9920,1,5,1,5,2,700709,1000000
2024DL0004253,1,1678.79,49,1,1,1,15,145039,501,5000,1,3,1,1,1,700704,1000000
2024DL0004254,1,1678.79,48,2,4,1,11,30594,203,2000,2,1,1,1,2,700701,1000000
2024DL0004255,1,1678.79,33,2,7,1,12,32597,217,7000,1,2,2,1,2,700702,1000000
2024DL0004256,1,1678.79,41,1,5,1,7,23061,153,9800,1,1,1,1,2,700709,1000000
2024DL0004257,1,1678.79,18,1,1,1,13,15141,100,7000,1,1,1,5,1,700704,1000000
2024DL0004258,1,1678.79,51,1,5,1,7,17110,114,7000,1,1,1,2,1,700701,1000000
2024DL0004259,1,1678.79,12,2,5,1,4,9120,60,0,0,6,1,5,1,700705,1000000
2024DL0004260,1,1678.79,12,1,5,1,6,6597,43,0,0,6,1,5,1,700701,1000000
2024DL0004261,1,1678.79,90,1,6,1,9,12311,82,0,0,6,2,1,2,700710,1000000
2024DL0004262,1,1678.79,33,1,1,1,6,22487,149,5000,1,1,1,1,1,700700,1000000
2024DL0004263,1,1678.79,22,2,1,1,12,17527,116,6000,1,1,1,5,1,700705,1000000
2024DL0004264,1,1678.79,35,1,1,1,7,24206,161,9800,4,1,1,1,1,700705,1000000
2024DL0004265,1,1678.79,9,1,5,1,7,4476,29,0,0,6,1,5,1,700707,1000000
2024DL0004266,1,1678.79,18,1,2,1,19,20535,136,3000,1,1,1,5,1,700705,1000000
2024DL0004267,1,1678.79,44,1,6,1,10,110277,501,9000,3,1,1,1,2,700702,1000000
2024DL0004268,1,1678.79,22,2,5,1,16,102575,501,1000,2,2,2,5,1,700702,1000000
2024DL0004269,1,1678.79,36,1,2,1,15,54096,360,5000,1,1,1,1,1,700702,1000000
2024DL0004270,1,1678.79,15,1,3,1,19,53645,357,0,0,6,1,5,2,700709,1000000
2024DL0004271,1,1678.79,56,1,4,1,8,5810,38,5000,3,4,1,1,1,700709,1000000
2024DL0004272,1,1678.79,2,2,4,1,5,18857,125,0,0,6,1,5,1,700703,1000000
2024DL0004273,1,1678.79,0,2,2,1,7,3338,22,0,0,6,1,5,1,700709,1000000
2024DL0004274,1,1678.79,64,1,5,1,6,35543,236,5000,1,1,1,1,2,700706,1000000
2024DL0004275,1,1678.79,24,2,1,1,19,183446,501,1000,3,1,1,5,1,700703,1000000
2024DL0004276,1,1678.79,0,1,5,1,3,14024,93,0,0,6,1,5,2,700701,1000000
2024DL0004277,1,1678.79,52,2,1,1,11,42951,286,9000,1,4,1,1,1,700701,1000000
2024DL0004278,1,1678.79,40,2,4,1,15,98512,501,4000,2,1,1,1,1,700710,1000000
2024DL0004279,1,1678.79,26,2,3,1,8,15825,105,9920,4,1,1,1,1,700710,1000000
2024DL0004280,1,1678.79,16,1,2,1,12,21550,143,0,0,6,1,5,2,700710,1000000
2024DL0004281,1,1678.79,22,2,1,1,17,36141,240,4000,1,3,1,5,1,700707,1000000
2024DL0004282,1,1678.79,1,2,1,1,6,2523,16,0,0,6,1,5,1,700705,1000000
2024DL0004283,1,1678.79,27,2,6,1,11,66578,443,4000,1,1,1,5,1,700704,1000000
2024DL0004284,1,1678.79,39,2,4,1,7,25534,170,7000,1,4,1,1,1,700704,1000000
2024DL0004285,1,1678.79,11,1,2,1,4,12255,81,0,0,6,1,5,1,700704,1000000
2024DL0004286,1,1678.79,15,2,1,1,14,9405,62,0,0,6,1,5,1,700702,1000000
2024DL0004287,1,1678.79,4,2,3,1,6,10839,72,0,0,6,1,5,1,700708,1000000
2024DL0004288,1,1678.79,17,2,4,1,17,16651,111,0,0,6,1,5,1,700705,1000000
2024DL0004289,1,1678.79,3,1,1,1,2,1353,9,0,0,6,1,5,1,700704,1000000
2024DL0004290,1,1678.79,1,1,1,1,3,14441,96,0,0,6,1,5,1,700709,1000000
2024DL0004291,1,1678.79,32,2,6,1,8,41890,279,9920,1,1,1,5,1,700709,1000000
2024DL0004292,1,1678.79,95,1,2,1,7,23802,158,0,0,6,1,1,1,700701,1000000
2024DL0004293,1,1678.79,14,2,3,1,2,11519,76,0,0,6,1,5,1,700702,1000000
2024DL0004294,1,1678.79,16,2,1,1,15,43848,292,0,0,6,1,5,1,700702,1000000
2024DL0004295,1,1678.79,8,2,4,1,3,3378,22,0,0,6,1,5,1,700710,1000000
2024DL0004296,1,1678.79,15,1,4,1,12,13763,91,0,0,6,1,5,1,700709,1000000
2024DL0004297,1,1678.79,7,1,1,1,2,4781,31,0,0,6,2,5,1,700709,1000000
2024DL0004298,1,1678.79,10,1,1,1,6,6167,41,0,0,6,1,5,1,700703,1000000
2024DL0004299,1,1678.79,55,1,5,1,8,22423,149,6000,6,1,1,1,1,700706,1000000
2024DL0004300,1,1678.79,22,1,5,1,13,40945,272,6000,6,1,1,5,1,700710,1000000
2024DL0004301,1,1678.79,54,1,1,1,5,27376,182,8000,3,1,1,1,1,700710,1000000
2024DL0004302,1,1678.79,8,2,1,1,6,2939,19,0,0,6,1,5,1,700704,1000000
2024DL0004303,1,1678.79,45,2,1,1,11,140181,501,4000,1,1,1,1,1,700706,1000000
2024DL0004304,1,1678.79,27,2,5,1,5,22358,149,9800,1,1,2,5,1,700700,1000000
2024DL0004305,1,1678.79,77,1,1,1,7,3561,23,0,0,6,1,2,1,700706,1000000
2024DL0004306,1,1678.79,14,2,3,1,8,9554,63,0,0,6,1,5,1,700701,1000000
2024DL0004307,1,1678.79,29,1,4,1,13,29470,196,3000,1,1,1,1,1,700708,1000000
2024DL0004308,1,1678.79,21,1,5,1,17,41965,279,5000,3,1,1,1,1,700702,1000000
2024DL0004309,1,1678.79,29,1,3,1,9,9213,61,2000,2,1,1,1,2,700701,1000000
2024DL0004310,1,1678.79,7,1,8,1,7,4551,30,0,0,6,1,5,1,700703,1000000
2024DL0004311,1,1678.79,46,1,3,1,9,34166,227,2000,1,1,1,1,1,700708,1000000
2024DL0004312,1,1678.79,16,2,1,1,17,40420,269,0,0,6,1,5,1,700706,1000000
2024DL0004313,1,1678.79,21,1,5,1,16,20422,136,4000,1,1,1,5,1,700706,1000000
2024DL0004314,1,1678.79,50,1,5,1,7,14961,99,8000,3,4,1,1,1,700701,1000000
2024DL0004315,1,1678.79,9,2,1,1,1,10809,72,0,0,6,1,5,2,700705,1000000
2024DL0004316,1,1678.79,51,1,3,1,7,37550,250,7000,1,5,1,1,1,700702,1000000
2024DL0004317,1,1678.79,57,2,4,1,11,24977,166,5000,6,1,1,1,1,700707,1000000
2024DL0004318,1,1678.79,7,1,5,1,6,21355,142,0,0,6,1,5,1,700700,1000000
2024DL0004319,1,1678.79,24,2,2,1,14,50311,335,1000,1,1,1,1,2,700710,1000000
2024DL0004320,1,1678.79,26,1,1,1,15,78433,501,2000,1,1,1,1,1,700704,1000000
2024DL0004321,1,1678.79,34,1,1,1,11,25728,171,5000,3,1,1,1,1,700701,1000000
2024DL0004322,1,1678.79,26,2,6,1,14,83560,501,8000,1,1,1,5,1,700704,1000000
2024DL0004323,1,1678.79,35,1,1,1,5,47224,314,9000,1,1,1,1,1,700709,1000000
2024DL0004324,1,1678.79,40,2,2,1,11,65571,437,9000,1,1,1,1,1,700710,1000000
2024DL0004325,1,1678.79,59,1,4,1,13,29265,195,6000,3,1,1,1,1,700708,1000000
2024DL0004326,1,1678.79,2,1,2,1,8,5837,38,0,0,6,1,5,2,700705,1000000
2024DL0004327,1,1678.79,23,2,2,1,15,112882,501,4000,1,4,1,5,1,700708,1000000
2024DL0004328,1,1678.79,13,1,1,1,4,2431,16,0,0,6,1,5,1,700707,1000000
2024DL0004329,1,1678.79,8,1,1,1,5,3259,21,0,0,6,1,5,1,700700,1000000
2024DL0004330,1,1678.79,8,1,4,1,4,9710,64,0,0,6,1,5,1,700705,1000000
2024DL0004331,1,1678.79,24,1,9,1,14,92516,501,6000,1,5,1,5,1,700702,1000000
2024DL0004332,1,1678.79,39,2,1,1,15,128725,501,4000,1,1,2,5,1,700700,1000000
2024DL0004333,1,1678.79,51,2,1,1,10,53117,354,3000,1,1,1,5,1,700705,1000000
2024DL0004334,1,1678.79,23,1,1,1,18,69140,460,4000,2,1,1,1,1,700709,1000000
2024DL0004335,1,1678.79,0,1,2,1,1,10779,71,0,0,6,1,5,1,700703,1000000
2024DL0004336,1,1678.79,29,2,4,1,9,27840,185,6000,3,1,1,5,1,700704,1000000
2024DL0004337,1,1678.79,12,1,2,1,4,3127,20,0,0,6,1,5,1,700704,1000000
2024DL0004338,1,1678.79,47,2,5,1,16,92256,501,4000,1,1,1,5,1,700707,1000000
2024DL0004339,1,1678.79,15,1,2,1,13,24455,163,0,0,6,1,5,1,700704,1000000
2024DL0004340,1,1678.79,53,2,4,1,15,166670,501,5000,1,1,1,2,1,700700,1000000
2024DL0004341,1,1678.79,21,2,1,1,13,13666,91,6000,1,1,1,5,1,700709,1000000
2024DL0004342,1,1678.79,39,1,1,1,6,21415,142,6000,1,1,1,1,1,700704,1000000
2024DL0004343,1,1678.79,53,2,1,1,11,38561,257,6000,4,1,1,5,1,700704,1000000
2024DL0004344,1,1678.79,41,1,8,1,5,32165,214,9920,1,1,1,1,1,700706,1000000
2024DL0004345,1,1678.79,7,2,1,1,5,6643,44,0,0,6,5,5,1,700707,1000000
2024DL0004346,1,1678.79,21,1,4,1,14,20110,134,9000,3,4,1,5,1,700700,1000000
2024DL0004347,1,1678.79,40,2,6,1,19,277911,501,2000,1,1,1,2,1,700706,1000000
2024DL0004348,1,1678.79,45,1,6,1,7,8507,56,8000,1,2,1,1,2,700701,1000000
2024DL0004349,1,1678.79,55,2,1,1,8,16463,109,9000,1,1,1,1,2,700705,1000000
2024DL0004350,1,1678.79,40,1,1,1,9,11510,76,1000,2,5,1,5,1,700706,1000000
2024DL0004351,1,1678.79,11,1,6,1,3,2907,19,0,0,6,1,5,1,700705,1000000
2024DL0004352,1,1678.79,43,2,4,1,12,25817,172,9000,6,2,1,1,2,700708,1000000
2024DL0004353,1,1678.79,11,2,5,1,1,4041,26,0,0,6,1,5,1,700701,1000000
2024DL0004354,1,1678.79,92,1,2,1,5,16594,110,0,0,6,1,1,1,700700,1000000
2024DL0004355,1,1678.79,52,1,1,1,11,13220,88,6000,3,1,1,1,1,700705,1000000
2024DL0004356,1,1678.79,12,2,3,1,3,10904,72,0,0,6,1,5,1,700702,1000000
2024DL0004357,1,1678.79,15,2,3,1,13,8659,57,0,0,6,1,5,1,700706,1000000
2024DL0004358,1,1678.79,25,2,1,1,18,69709,464,6000,1,1,1,5,1,700701,1000000
2024DL0004359,1,1678.79,24,1,1,1,12,63108,420,9800,1,1,1,5,1,700702,1000000
2024DL0004360,1,1678.79,32,1,5,1,10,29131,194,7000,1,1,1,1,1,700708,1000000
2024DL0004361,1,1678.79,1,1,3,1,6,3232,21,0,0,6,1,5,1,700706,1000000
2024DL0004362,1,1678.79,35,1,2,1,10,15477,103,8000,4,2,1,1,1,700708,1000000
2024DL0004363,1,1678.79,31,1,1,1,7,25464,169,6000,1,1,2,5,1,700703,1000000
2024DL0004364,1,1678.79,21,1,1,1,14,35682,237,6000,1,1,1,5,2,700707,1000000
2024DL0004365,1,1678.79,11,1,5,1,6,7673,51,0,0,6,1,5,1,700703,1000000
2024DL0004366,1,1678.79,46,1,3,1,10,21459,143,6000,1,5,1,1,1,700707,1000000
2024DL0004367,1,1678.79,55,1,1,1,7,16222,108,9000,1,1,1,1,1,700701,1000000
2024DL0004368,1,1678.79,27,1,7,1,15,102293,501,2000,1,1,1,1,1,700704,1000000
2024DL0004369,1,1678.79,15,2,6,1,17,19690,131,0,0,6,1,5,2,700702,1000000
2024DL0004370,1,1678.79,42,2,2,1,14,18126,120,8000,6,1,2,1,1,700705,1000000
2024DL0004371,1,1678.79,39,1,6,1,12,32832,218,6000,4,1,1,5,1,700701,1000000
2024DL0004372,1,1678.79,15,2,1,1,15,84481,501,0,0,6,1,5,1,700707,1000000
2024DL0004373,1,1678.79,6,2,1,1,6,8201,54,0,0,6,1,5,2,700707,1000000
2024DL0004374,1,1678.79,15,1,5,1,18,38929,259,0,0,6,1,5,1,700709,1000000
2024DL0004375,1,1678.79,18,1,1,1,18,62210,414,4000,3,1,1,5,1,700710,1000000
2024DL0004376,1,1678.79,33,2,4,1,7,11290,75,8000,1,1,1,5,1,700708,1000000
2024DL0004377,1,1678.79,14,1,1,1,3,13373,89,0,0,6,1,5,1,700701,1000000
2024DL0004378,1,1678.79,28,2,1,1,16,115070,501,4000,1,1,1,1,1,700705,1000000
2024DL0004379,1,1678.79,58,1,1,1,14,26723,178,8000,3,1,1,1,1,700707,1000000
2024DL0004380,1,1678.79,0,2,2,1,4,4624,30,0,0,6,2,5,1,700708,1000000
2024DL0004381,1,1678.79,39,2,4,1,10,51864,345,7000,1,1,1,1,1,700708,1000000
2024DL0004382,1,1678.79,38,1,4,1,13,13394,89,6000,1,1,1,5,1,700701,1000000
2024DL0004383,1,1678.79,58,2,5,1,11,168761,501,5000,4,1,2,1,1,700708,1000000
2024DL0004384,1,1678.79,90,2,5,1,7,6489,43,0,0,6,1,1,1,700701,1000000
2024DL0004385,1,1678.79,34,1,1,1,13,22237,148,9000,1,1,1,5,1,700709,1000000
2024DL0004386,1,1678.79,58,2,4,1,7,30875,205,8000,3,1,1,1,1,700700,1000000
2024DL0004387,1,1678.79,1,1,3,1,5,14334,95,0,0,6,1,5,1,700704,1000000
2024DL0004388,1,1678.79,16,1,5,1,16,30031,200,0,0,6,1,5,1,700702,1000000
2024DL0004389,1,1678.79,7,2,2,1,6,6969,46,0,0,6,1,5,1,700708,1000000
2024DL0004390,1,1678.79,23,1,8,1,17,151359,501,4000,2,1,1,5,1,700706,1000000
2024DL0004391,1,1678.79,43,1,3,1,11,22212,148,1000,1,1,1,2,1,700700,1000000
2024DL0004392,1,1678.79,59,1,5,1,10,37370,249,7000,1,3,1,1,1,700705,1000000
2024DL0004393,1,1678.79,38,2,6,1,7,49494,329,9000,1,1,1,1,1,700704,1000000
2024DL0004394,1,1678.79,17,2,1,1,16,53586,357,0,0,6,1,5,1,700700,1000000
2024DL0004395,1,1678.79,27,1,1,1,14,24825,165,8000,1,1,1,1,1,700700,1000000
2024DL0004396,1,1678.79,12,2,8,1,7,11553,77,0,0,6,1,5,1,700703,1000000
2024DL0004397,1,1678.79,43,2,6,1,10,110751,501,7000,4,1,1,3,1,700701,1000000
2024DL0004398,1,1678.79,18,2,3,1,12,9398,62,5000,4,5,1,5,1,700703,1000000
2024DL0004399,1,1678.79,27,1,1,1,12,134840,501,6000,1,1,1,1,1,700709,1000000
2024DL0004400,1,1678.79,93,1,2,1,5,5438,36,0,0,6,1,2,1,700704,1000000
2024DL0004401,1,1678.79,17,2,4,1,15,26806,178,0,0,6,1,5,1,700707,1000000
2024DL0004402,1,1678.79,50,2,5,1,8,32771,218,5000,4,1,1,2,1,700701,1000000
2024DL0004403,1,1678.79,27,2,6,1,8,24657,164,9920,1,1,1,1,2,700700,1000000
2024DL0004404,1,1678.79,8,1,1,1,3,2250,15,0,0,6,1,5,1,700710,1000000
2024DL0004405,1,1678.79,23,1,2,1,14,52787,351,4000,1,1,1,5,1,700707,1000000
2024DL0004406,1,1678.79,10,2,8,1,5,19839,132,0,0,6,1,5,1,700705,1000000
2024DL0004407,1,1678.79,17,2,3,1,18,39849,265,0,0,6,1,5,1,700703,1000000
2024DL0004408,1,1678.79,2,1,3,1,4,9902,66,0,0,6,1,5,1,700707,1000000
2024DL0004409,1,1678.79,26,1,1,1,6,31329,208,9800,4,1,1,1,1,700700,1000000
2024DL0004410,1,1678.79,44,2,4,1,12,42840,285,1000,1,2,1,1,1,700704,1000000
2024DL0004411,1,1678.79,18,2,6,1,10,13547,90,7000,3,4,1,5,1,700705,1000000
2024DL0004412,1,1678.79,45,1,1,1,8,13555,90,6000,4,1,1,1,1,700704,1000000
2024DL0004413,1,1678.79,24,1,8,1,17,101703,501,1000,3,1,1,5,1,700707,1000000
2024DL0004414,1,1678.79,57,2,2,1,11,60597,403,6000,1,1,1,1,1,700710,1000000
2024DL0004415,1,1678.79,50,1,2,1,11,140988,501,9000,3,5,1,2,1,700703,1000000
2024DL0004416,1,1678.79,2,2,8,1,9,30758,205,0,0,6,1,5,1,700706,1000000
2024DL0004417,1,1678.79,34,1,1,1,10,45312,302,6000,1,1,1,1,1,700707,1000000
2024DL0004418,1,1678.79,7,1,5,1,7,5736,38,0,0,6,2,5,2,700704,1000000
2024DL0004419,1,1678.79,17,1,1,1,11,7844,52,0,0,6,1,5,1,700701,1000000
2024DL0004420,1,1678.79,80,1,3,1,11,33309,222,0,0,6,1,5,1,700704,1000000
2024DL0004421,1,1678.79,4,1,1,1,5,10605,70,0,0,6,1,5,1,700710,1000000
2024DL0004422,1,1678.79,19,2,9,1,20,61995,413,4000,1,1,1,5,1,700707,1000000
2024DL0004423,1,1678.79,42,1,6,1,10,25119,167,7000,1,1,1,1,1,700705,1000000
2024DL0004424,1,1678.79,43,2,4,1,12,45962,306,7000,6,1,1,1,1,700705,1000000
2024DL0004425,1,1678.79,0,1,6,1,3,7606,50,0,0,6,1,5,1,700704,1000000
2024DL0004426,1,1678.79,79,2,2,1,5,5862,39,0,0,6,1,1,2,700701,1000000
2024DL0004427,1,1678.79,22,1,1,1,15,83719,501,4000,2,5,1,5,1,700701,1000000
2024DL0004428,1,1678.79,45,2,9,1,9,117247,501,6000,6,1,1,1,2,700710,1000000
2024DL0004429,1,1678.79,15,2,1,1,18,26148,174,0,0,6,1,5,2,700705,1000000
2024DL0004430,1,1678.79,69,1,9,1,5,15054,100,9000,1,1,1,1,1,700710,1000000
2024DL0004431,1,1678.79,43,1,1,1,5,57935,386,6000,1,1,1,1,1,700702,1000000
2024DL0004432,1,1678.79,4,2,2,1,4,2645,17,0,0,6,1,5,1,700709,1000000
2024DL0004433,1,1678.79,30,2,6,1,12,100814,501,1000,1,1,1,1,1,700701,1000000
2024DL0004434,1,1678.79,18,1,1,1,10,4770,31,6000,4,1,1,5,1,700703,1000000
2024DL0004435,1,1678.79,15,1,6,1,12,10602,70,0,0,6,1,5,1,700703,1000000
2024DL0004436,1,1678.79,4,1,4,1,1,11220,74,0,0,6,1,5,1,700702,1000000
2024DL0004437,1,1678.79,26,1,6,1,13,40595,270,1000,3,1,1,1,1,700702,1000000
2024DL0004438,1,1678.79,36,1,1,1,13,37116,247,9800,4,1,1,1,1,700709,1000000
2024DL0004439,1,1678.79,13,1,1,1,7,5258,35,0,0,6,1,5,1,700705,1000000
2024DL0004440,1,1678.79,28,1,4,1,6,4189,27,6000,3,1,1,5,1,700701,1000000
2024DL0004441,1,1678.79,17,2,6,1,15,31066,207,0,0,6,1,5,1,700710,1000000
2024DL0004442,1,1678.79,42,2,6,1,6,30924,206,9800,4,1,1,5,1,700704,1000000
2024DL0004443,1,1678.79,12,1,3,1,3,8001,53,0,0,6,5,5,2,700704,1000000
2024DL0004444,1,1678.79,30,2,2,1,12,77735,501,1000,1,1,1,1,1,700704,1000000
2024DL0004445,1,1678.79,21,2,4,1,18,38236,254,5000,4,1,2,5,2,700709,1000000
2024DL0004446,1,1678.79,37,2,6,1,9,10722,71,8000,3,3,1,1,1,700708,1000000
2024DL0004447,1,1678.79,33,1,3,1,7,17286,115,5000,4,1,1,1,1,700708,1000000
2024DL0004448,1,1678.79,37,2,3,1,14,64387,429,8000,4,1,1,1,2,700708,1000000
2024DL0004449,1,1678.79,43,2,1,1,6,19889,132,9920,1,1,1,1,1,700708,1000000
2024DL0004450,1,1678.79,19,2,3,1,18,32320,215,6000,1,4,2,5,1,700707,1000000
2024DL0004451,1,1678.79,34,2,1,1,11,87726,501,7000,3,1,1,5,2,700700,1000000
2024DL0004452,1,1678.79,0,2,1,1,4,10009,66,0,0,6,1,5,1,700708,1000000
2024DL0004453,1,1678.79,4,2,5,1,7,6124,40,0,0,6,1,5,1,700706,1000000
2024DL0004454,1,1678.79,12,2,1,1,3,12836,85,0,0,6,1,5,1,700710,1000000
2024DL0004455,1,1678.79,33,1,4,1,10,18629,124,7000,4,1,1,5,2,700707,1000000
2024DL0004456,1,1678.79,50,1,5,1,12,5156,34,7000,1,5,1,5,1,700705,1000000
2024DL0004457,1,1678.79,59,1,1,1,7,32644,217,5000,4,1,1,1,1,700706,1000000
2024DL0004458,1,1678.79,9,2,5,1,4,14683,97,0,0,6,1,5,1,700705,1000000
2024DL0004459,1,1678.79,15,1,9,1,15,19736,131,0,0,6,1,5,2,700705,1000000
2024DL0004460,1,1678.79,24,2,2,1,11,36345,242,9800,1,3,1,5,1,700707,1000000
2024DL0004461,1,1678.79,52,1,2,1,15,108775,501,1000,1,1,1,1,1,700705,1000000
2024DL0004462,1,1678.79,35,2,5,1,6,6723,44,5000,4,2,1,1,1,700704,1000000
2024DL0004463,1,1678.79,14,2,2,1,8,14199,94,0,0,6,1,5,2,700706,1000000
2024DL0004464,1,1678.79,25,1,1,1,10,18254,121,5000,1,1,1,1,1,700701,1000000
2024DL0004465,1,1678.79,20,2,1,1,11,12539,83,5000,3,1,1,5,1,700706,1000000
2024DL0004466,1,1678.79,8,2,1,1,8,2602,17,0,0,6,2,5,1,700702,1000000
2024DL0004467,1,1678.79,41,2,4,1,8,31075,207,5000,1,1,1,2,1,700702,1000000
2024DL0004468,1,1678.79,26,1,1,1,12,30584,203,9000,3,1,1,1,1,700701,1000000
2024DL0004469,1,1678.79,57,1,2,1,12,24366,162,1000,3,1,1,2,1,700705,1000000
2024DL0004470,1,1678.79,26,2,2,1,18,104331,501,2000,1,1,1,1,2,700704,1000000
2024DL0004471,1,1678.79,8,1,1,1,5,14058,93,0,0,6,1,5,1,700708,1000000
2024DL0004472,1,1678.79,0,1,1,1,7,20195,134,0,0,6,1,5,1,700704,1000000
2024DL0004473,1,1678.79,58,1,1,1,14,14879,99,1000,1,1,1,1,1,700700,1000000
2024DL0004474,1,1678.79,59,2,2,1,10,59803,398,9800,3,1,1,4,2,700708,1000000
2024DL0004475,1,1678.79,0,2,1,1,2,9760,65,0,0,6,2,5,1,700708,1000000
2024DL0004476,1,1678.79,24,2,3,1,15,30405,202,6000,3,1,1,5,1,700706,1000000
2024DL0004477,1,1678.79,7,2,5,1,3,7690,51,0,0,6,1,5,1,700708,1000000
2024DL0004478,1,1678.79,52,2,5,1,5,37201,248,9800,1,1,1,1,1,700703,1000000
2024DL0004479,1,1678.79,7,2,6,1,6,5937,39,0,0,6,1,5,2,700705,1000000
2024DL0004480,1,1678.79,39,1,6,1,11,19535,130,9800,1,1,1,1,1,700707,1000000
2024DL0004481,1,1678.79,32,1,1,1,10,43999,293,9800,1,1,1,1,1,700704,1000000
2024DL0004482,1,1678.79,23,2,5,1,17,63907,426,4000,1,1,1,1,1,700703,1000000
2024DL0004483,1,1678.79,44,1,1,1,17,73928,492,4000,2,1,1,5,1,700701,1000000
2024DL0004484,1,1678.79,57,1,1,1,8,18541,123,9000,6,1,1,2,1,700703,1000000
2024DL0004485,1,1678.79,9,2,1,1,4,13330,88,0,0,6,1,5,1,700700,1000000
2024DL0004486,1,1678.79,33,2,6,1,7,11811,78,9800,1,1,1,1,1,700710,1000000
2024DL0004487,1,1678.79,69,2,3,1,10,45984,306,5000,1,1,1,1,1,700703,1000000
2024DL0004488,1,1678.79,49,2,5,1,13,135886,501,6000,1,1,1,1,1,700702,1000000
2024DL0004489,1,1678.79,6,1,4,1,5,28248,188,0,0,6,1,5,1,700709,1000000
2024DL0004490,1,1678.79,53,2,8,1,5,26419,176,9000,6,4,1,1,1,700708,1000000
2024DL0004491,1,1678.79,11,1,1,1,5,4390,29,0,0,6,1,5,1,700709,1000000
2024DL0004492,1,1678.79,10,2,6,1,5,14663,97,0,0,6,1,5,1,700705,1000000
2024DL0004493,1,1678.79,27,1,3,1,9,38571,257,8000,1,1,1,1,1,700705,1000000
2024DL0004494,1,1678.79,31,2,4,1,7,33710,224,8000,1,1,1,1,2,700705,1000000
2024DL0004495,1,1678.79,33,2,1,1,11,84859,501,8000,3,1,1,5,1,700708,1000000
2024DL0004496,1,1678.79,48,2,2,1,7,60349,402,9800,1,1,1,1,1,700701,1000000
2024DL0004497,1,1678.79,13,1,1,1,2,5979,39,0,0,6,1,5,1,700705,1000000
2024DL0004498,1,1678.79,26,1,1,1,15,33876,225,6000,6,1,1,1,1,700707,1000000
2024DL0004499,1,1678.79,20,2,1,1,17,51113,340,4000,1,1,1,5,1,700703,1000000
2024DL0004500,1,1678.79,49,1,5,1,10,39203,261,3000,2,5,1,1,1,700704,1000000
2024DL0004501,1,1678.79,27,2,1,1,5,16792,111,9800,4,1,1,5,1,700704,1000000
2024DL0004502,1,1678.79,47,1,5,1,5,22092,147,9800,1,3,1,1,1,700708,1000000
2024DL0004503,1,1678.79,11,1,6,1,1,2437,16,0,0,6,1,5,1,700702,1000000
2024DL0004504,1,1678.79,42,1,4,1,8,11462,76,9000,4,1,1,5,1,700703,1000000
2024DL0004505,1,1678.79,6,1,1,1,1,9227,61,0,0,6,1,5,1,700703,1000000
2024DL0004506,1,1678.79,34,2,6,1,13,58416,389,9000,3,1,1,5,1,700701,1000000
2024DL0004507,1,1678.79,80,2,3,1,8,11188,74,0,0,6,1,1,1,700710,1000000
2024DL0004508,1,1678.79,22,1,4,1,12,25487,169,7000,4,1,2,1,2,700706,1000000
2024DL0004509,1,1678.79,33,1,2,1,12,56500,376,3000,2,1,1,1,2,700707,1000000
2024DL0004510,1,1678.79,54,1,4,1,13,42523,283,9000,6,2,1,2,2,700709,1000000
2024DL0004511,1,1678.79,28,2,1,1,5,26290,175,9000,1,1,1,5,1,700706,1000000
2024DL0004512,1,1678.79,35,2,5,1,17,96198,501,4000,1,1,1,1,1,700708,1000000
2024DL0004513,1,1678.79,35,1,1,1,10,95515,501,1000,1,4,1,1,1,700705,1000000
2024DL0004514,1,1678.79,59,2,6,1,12,35773,238,6000,1,1,1,3,1,700709,1000000
2024DL0004515,1,1678.79,43,1,2,1,9,62373,415,9000,4,1,1,1,1,700701,1000000
2024DL0004516,1,1678.79,8,2,2,1,6,5525,36,0,0,6,1,5,1,700706,1000000
2024DL0004517,1,1678.79,24,1,9,1,19,186219,501,3000,3,1,1,5,1,700705,1000000
2024DL0004518,1,1678.79,53,2,5,1,10,29437,196,9000,1,1,1,1,1,700710,1000000
2024DL0004519,1,1678.79,47,1,4,1,15,41670,277,3000,2,1,1,1,1,700708,1000000
2024DL0004520,1,1678.79,22,2,3,1,20,103889,501,1000,1,1,1,5,1,700703,1000000
2024DL0004521,1,1678.79,20,1,1,1,17,48914,326,1000,1,1,1,5,1,700702,1000000
2024DL0004522,1,1678.79,7,2,6,1,7,4352,29,0,0,6,1,5,2,700708,1000000
2024DL0004523,1,1678.79,26,1,5,1,15,91031,501,6000,1,1,1,1,1,700705,1000000
2024DL0004524,1,1678.79,87,1,6,1,5,13694,91,0,0,6,1,5,1,700709,1000000
2024DL0004525,1,1678.79,14,1,1,1,1,8565,57,0,0,6,1,5,1,700701,1000000
2024DL0004526,1,1678.79,0,1,6,1,6,3668,24,0,0,6,1,5,1,700705,1000000
2024DL0004527,1,1678.79,37,2,1,1,9,14364,95,4000,1,5,1,5,2,700706,1000000
2024DL0004528,1,1678.79,19,1,4,1,16,21158,141,1000,1,1,1,5,1,700702,1000000
2024DL0004529,1,1678.79,56,2,5,1,19,347363,501,4000,2,1,1,1,1,700709,1000000
2024DL0004530,1,1678.79,42,2,3,1,10,83612,501,9800,3,1,1,1,1,700708,1000000
2024DL0004531,1,1678.79,82,1,6,1,5,10232,68,0,0,6,1,1,1,700701,1000000
2024DL0004532,1,1678.79,17,2,4,1,19,89816,501,0,0,6,1,5,1,700700,1000000
2024DL0004533,1,1678.79,32,1,1,1,11,26379,175,4000,2,1,1,1,1,700706,1000000
2024DL0004534,1,1678.79,13,1,5,1,7,1893,12,0,0,6,1,5,1,700710,1000000
2024DL0004535,1,1678.79,42,2,3,1,7,30022,200,7000,1,1,1,1,1,700708,1000000
2024DL0004536,1,1678.79,68,2,1,1,5,25102,167,5000,4,1,1,2,1,700703,1000000
2024DL0004537,1,1678.79,17,1,5,1,12,14345,95,0,0,6,1,5,1,700707,1000000
2024DL0004538,1,1678.79,48,1,5,1,7,46323,308,7000,1,1,1,5,1,700704,1000000
2024DL0004539,1,1678.79,11,1,1,1,2,20381,135,0,0,6,1,5,1,700706,1000000
2024DL0004540,1,1678.79,36,1,3,1,13,16445,109,6000,4,5,1,1,1,700707,1000000
2024DL0004541,1,1678.79,47,1,1,1,12,20241,134,3000,1,5,1,1,1,700701,1000000
2024DL0004542,1,1678.79,11,2,1,1,1,6003,40,0,0,6,1,5,1,700704,1000000
2024DL0004543,1,1678.79,94,1,6,1,11,20085,133,0,0,6,1,1,1,700701,1000000
2024DL0004544,1,1678.79,81,1,1,1,8,9426,62,0,0,6,1,1,1,700703,1000000
2024DL0004545,1,1678.79,75,1,2,1,9,21851,145,0,0,6,1,5,2,700709,1000000
2024DL0004546,1,1678.79,66,2,2,1,7,7127,47,6000,1,1,1,4,1,700703,1000000
2024DL0004547,1,1678.79,2,1,5,1,6,8433,56,0,0,6,1,5,1,700709,1000000
2024DL0004548,1,1678.79,24,2,4,1,19,548950,501,1000,1,5,1,5,1,700709,1000000
2024DL0004549,1,1678.79,30,1,1,1,9,83205,501,9000,4,1,1,1,1,700705,1000000
2024DL0004550,1,1678.79,25,2,3,1,13,66606,444,7000,1,1,1,1,1,700709,1000000
2024DL0004551,1,1678.79,18,2,1,1,20,45938,306,3000,2,5,5,5,1,700709,1000000
2024DL0004552,1,1678.79,57,2,1,1,12,15264,101,2000,1,1,1,1,2,700709,1000000
2024DL0004553,1,1678.79,58,1,1,1,15,101722,501,6000,1,1,1,1,2,700701,1000000
2024DL0004554,1,1678.79,13,1,1,1,4,4025,26,0,0,6,1,5,1,700702,1000000
2024DL0004555,1,1678.79,38,2,2,1,7,19133,127,7000,1,2,1,1,1,700710,1000000
2024DL0004556,1,1678.79,13,2,1,1,5,6233,41,0,0,6,1,5,1,700707,1000000
2024DL0004557,1,1678.79,15,1,2,1,11,38066,253,0,0,6,2,5,1,700706,1000000
2024DL0004558,1,1678.79,31,1,1,1,15,84959,501,5000,1,1,1,1,1,700701,1000000
2024DL0004559,1,1678.79,43,2,5,1,9,50499,336,8000,6,1,1,5,1,700709,1000000
2024DL0004560,1,1678.79,6,1,2,1,4,19020,126,0,0,6,1,5,1,700708,1000000
2024DL0004561,1,1678.79,13,2,2,1,3,12086,80,0,0,6,1,5,1,700708,1000000
2024DL0004562,1,1678.79,4,2,3,1,7,5287,35,0,0,6,1,5,1,700700,1000000
2024DL0004563,1,1678.79,25,2,1,1,6,7083,47,7000,6,1,1,1,1,700710,1000000
2024DL0004564,1,1678.79,55,1,6,1,7,14693,97,8000,6,1,1,1,1,700705,1000000
2024DL0004565,1,1678.79,8,1,6,1,4,4765,31,0,0,6,1,5,1,700704,1000000
2024DL0004566,1,1678.79,41,2,3,1,14,96108,501,3000,1,1,1,3,1,700708,1000000
2024DL0004567,1,1678.79,39,1,1,1,15,190917,501,5000,3,1,1,1,1,700703,1000000
2024DL0004568,1,1678.79,20,2,1,1,17,21116,140,4000,1,2,1,5,1,700702,1000000
2024DL0004569,1,1678.79,4,1,4,1,3,17052,113,0,0,6,1,5,1,700709,1000000
2024DL0004570,1,1678.79,47,1,3,1,13,66303,442,2000,1,1,1,1,1,700708,1000000
2024DL0004571,1,1678.79,15,2,1,1,18,21826,145,0,0,6,1,5,1,700707,1000000
2024DL0004572,1,1678.79,17,1,2,1,14,39598,263,0,0,6,1,5,2,700703,1000000
2024DL0004573,1,1678.79,13,1,1,1,3,6471,43,0,0,6,1,5,1,700700,1000000
2024DL0004574,1,1678.79,56,1,3,1,13,56796,378,9800,3,1,2,1,1,700708,1000000
2024DL0004575,1,1678.79,9,2,1,1,2,7213,48,0,0,6,1,5,1,700705,1000000
2024DL0004576,1,1678.79,22,1,2,1,16,70173,467,2000,1,1,1,1,1,700710,1000000
2024DL0004577,1,1678.79,11,2,4,1,8,9837,65,0,0,6,1,5,1,700709,1000000
2024DL0004578,1,1678.79,15,2,4,1,15,43795,291,0,0,6,1,5,1,700704,1000000
2024DL0004579,1,1678.79,29,2,2,1,13,34739,231,8000,1,1,1,1,1,700709,1000000
2024DL0004580,1,1678.79,13,2,1,1,6,4332,28,0,0,6,1,5,1,700708,1000000
2024DL0004581,1,1678.79,26,1,2,1,15,106471,501,6000,1,1,1,1,2,700710,1000000
2024DL0004582,1,1678.79,12,1,2,1,3,18752,125,0,0,6,1,5,1,700701,1000000
2024DL0004583,1,1678.79,18,1,1,1,19,63646,424,1000,2,5,1,5,1,700709,1000000
2024DL0004584,1,1678.79,20,2,4,1,19,49938,332,4000,1,1,1,5,1,700703,1000000
2024DL0004585,1,1678.79,35,1,4,1,16,158518,501,3000,1,1,1,1,1,700700,1000000
2024DL0004586,1,1678.79,39,2,5,1,10,67490,449,4000,1,1,2,1,1,700703,1000000
2024DL0004587,1,1678.79,47,1,7,1,15,107919,501,4000,2,5,1,1,1,700705,1000000
2024DL0004588,1,1678.79,23,1,3,1,13,22614,150,4000,1,1,1,5,2,700704,1000000
2024DL0004589,1,1678.79,37,1,2,1,12,17829,118,6000,1,1,1,1,1,700704,1000000
2024DL0004590,1,1678.79,31,2,5,1,5,22233,148,9800,4,1,1,5,1,700700,1000000
2024DL0004591,1,1678.79,6,1,5,1,6,7279,48,0,0,6,1,5,1,700710,1000000
2024DL0004592,1,1678.79,28,2,3,1,9,19837,132,7000,3,2,1,1,1,700706,1000000
2024DL0004593,1,1678.79,27,2,2,1,13,44346,295,6000,4,1,1,5,1,700706,1000000
2024DL0004594,1,1678.79,26,1,3,1,6,12009,80,9800,1,1,1,1,1,700702,1000000
2024DL0004595,1,1678.79,27,1,1,1,15,79469,501,3000,1,1,1,5,1,700707,1000000
2024DL0004596,1,1678.79,5,1,1,1,2,7026,46,0,0,6,1,5,1,700700,1000000
2024DL0004597,1,1678.79,32,1,1,1,15,280029,501,1000,1,1,1,1,2,700706,1000000
2024DL0004598,1,1678.79,56,1,1,1,10,81537,501,7000,1,1,2,5,1,700701,1000000
2024DL0004599,1,1678.79,30,1,1,1,6,27418,182,8000,1,1,1,5,1,700708,1000000
2024DL0004600,1,1678.79,48,1,1,1,13,26395,175,3000,1,1,2,1,1,700703,1000000
2024DL0004601,1,1678.79,26,2,5,1,10,35632,237,3000,1,1,5,1,1,700701,1000000
2024DL0004602,1,1678.79,13,2,3,1,3,7380,49,0,0,6,1,5,1,700703,1000000
2024DL0004603,1,1678.79,21,2,1,1,20,141699,501,1000,1,1,1,5,2,700701,1000000
2024DL0004604,1,1678.79,21,1,5,1,14,16850,112,8000,1,1,1,5,1,700700,1000000
2024DL0004605,1,1678.79,45,2,1,1,11,31990,213,8000,4,1,1,1,1,700704,1000000
2024DL0004606,1,1678.79,29,1,2,1,16,86970,501,6000,1,1,1,5,1,700700,1000000
2024DL0004607,1,1678.79,24,2,1,1,18,75439,501,1000,2,1,1,5,1,700708,1000000
2024DL0004608,1,1678.79,57,2,1,1,6,8008,53,6000,1,1,5,1,1,700704,1000000
2024DL0004609,1,1678.79,36,2,5,1,13,33929,226,9000,1,4,1,1,1,700702,1000000
2024DL0004610,1,1678.79,6,2,8,1,4,18975,126,0,0,6,1,5,1,700702,1000000
2024DL0004611,1,1678.79,34,2,6,1,16,171965,501,3000,1,1,1,5,1,700709,1000000
2024DL0004612,1,1678.79,42,1,1,1,10,22914,152,5000,1,1,2,5,1,700704,1000000
2024DL0004613,1,1678.79,11,2,1,1,3,1242,8,0,0,6,1,5,1,700707,1000000
2024DL0004614,1,1678.79,27,1,6,1,11,15060,100,1000,2,1,1,1,1,700707,1000000
2024DL0004615,1,1678.79,64,2,5,1,5,26430,176,9920,1,1,1,4,2,700701,1000000
2024DL0004616,1,1678.79,56,1,4,1,15,65323,435,1000,3,1,2,2,1,700704,1000000
2024DL0004617,1,1678.79,34,2,3,1,10,78813,501,5000,3,1,1,5,2,700700,1000000
2024DL0004618,1,1678.79,78,1,1,1,5,8461,56,0,0,6,1,1,1,700701,1000000
2024DL0004619,1,1678.79,34,2,1,1,11,43688,291,8000,4,1,1,1,1,700708,1000000
2024DL0004620,1,1678.79,3,2,2,1,4,14919,99,0,0,6,1,5,2,700704,1000000
2024DL0004621,1,1678.79,28,1,2,1,14,37105,247,9000,4,1,1,1,1,700706,1000000
2024DL0004622,1,1678.79,21,1,1,1,18,50050,333,4000,1,1,1,5,1,700702,1000000
2024DL0004623,1,1678.79,36,1,1,1,8,7803,52,6000,1,3,1,1,1,700704,1000000
2024DL0004624,1,1678.79,31,2,1,1,9,25769,171,5000,3,1,1,5,1,700708,1000000
2024DL0004625,1,1678.79,29,2,4,1,7,11406,76,6000,1,3,1,1,1,700709,1000000
2024DL0004626,1,1678.79,40,1,3,1,11,17247,114,9000,6,1,1,1,1,700707,1000000
2024DL0004627,1,1678.79,41,1,2,1,13,26508,176,3000,2,1,1,5,1,700705,1000000
2024DL0004628,1,1678.79,29,1,1,1,15,120775,501,6000,1,1,1,1,2,700704,1000000
2024DL0004629,1,1678.79,34,2,1,1,12,27841,185,2000,1,2,2,1,1,700703,1000000
2024DL0004630,1,1678.79,17,2,4,1,10,10404,69,0,0,6,1,5,1,700703,1000000
2024DL0004631,1,1678.79,28,2,6,1,9,36819,245,6000,4,1,1,5,1,700704,1000000
2024DL0004632,1,1678.79,51,1,2,1,13,54408,362,5000,1,1,1,2,2,700709,1000000
2024DL0004633,1,1678.79,19,1,1,1,14,25808,172,5000,4,1,1,5,1,700702,1000000
2024DL0004634,1,1678.79,42,2,1,1,11,56006,373,9000,1,1,1,1,1,700708,1000000
2024DL0004635,1,1678.79,13,2,1,1,9,12198,81,0,0,6,1,5,1,700710,1000000
2024DL0004636,1,1678.79,31,1,4,1,13,117961,501,9800,4,1,1,5,1,700705,1000000
2024DL0004637,1,1678.79,25,2,1,1,7,1928,12,9000,1,1,1,5,1,700703,1000000
2024DL0004638,1,1678.79,58,2,1,1,13,34478,229,3000,3,1,1,1,1,700705,1000000
2024DL0004639,1,1678.79,6,1,1,1,6,5488,36,0,0,6,1,5,1,700703,1000000
2024DL0004640,1,1678.79,29,1,1,1,8,14776,98,7000,3,1,1,5,1,700707,1000000
2024DL0004641,1,1678.79,29,1,3,1,10,29814,198,3000,2,4,1,5,1,700707,1000000
2024DL0004642,1,1678.79,39,1,4,1,15,196575,501,3000,2,1,1,1,1,700709,1000000
2024DL0004643,1,1678.79,53,1,4,1,10,33907,226,5000,1,4,1,1,1,700710,1000000
2024DL0004644,1,1678.79,4,2,1,1,4,4323,28,0,0,6,1,5,1,700707,1000000
2024DL0004645,1,1678.79,13,2,1,1,7,1167,7,0,0,6,1,5,1,700703,1000000
2024DL0004646,1,1678.79,39,1,2,1,11,72197,481,5000,6,1,1,1,1,700706,1000000
2024DL0004647,1,1678.79,17,1,2,1,13,8871,59,0,0,6,1,5,1,700701,1000000
2024DL0004648,1,1678.79,18,2,1,1,13,16420,109,8000,3,1,1,5,1,700705,1000000
2024DL0004649,1,1678.79,17,1,1,1,18,39942,266,0,0,6,1,5,1,700708,1000000
2024DL0004650,1,1678.79,26,2,6,1,11,26622,177,5000,3,1,1,1,1,700703,1000000
2024DL0004651,1,1678.79,42,2,2,1,11,21077,140,5000,6,1,1,1,1,700710,1000000
2024DL0004652,1,1678.79,2,1,4,1,5,16131,107,0,0,6,1,5,1,700704,1000000
2024DL0004653,1,1678.79,26,2,3,1,12,26312,175,7000,6,1,1,5,1,700703,1000000
2024DL0004654,1,1678.79,59,1,1,1,10,64623,430,9000,6,1,1,2,1,700703,1000000
2024DL0004655,1,1678.79,39,1,2,1,9,49826,332,1000,1,1,1,1,1,700702,1000000
2024DL0004656,1,1678.79,19,2,5,1,17,82340,501,6000,3,3,1,5,1,700709,1000000
2024DL0004657,1,1678.79,19,1,6,1,20,69215,461,1000,2,1,1,5,1,700700,1000000
2024DL0004658,1,1678.79,14,2,3,1,3,7647,50,0,0,6,2,5,1,700703,1000000
2024DL0004659,1,1678.79,29,1,6,1,10,51584,343,8000,1,1,1,5,1,700705,1000000
2024DL0004660,1,1678.79,20,1,1,1,19,112904,501,3000,1,1,1,5,1,700700,1000000
2024DL0004661,1,1678.79,49,1,1,1,11,21022,140,7000,1,1,1,1,1,700709,1000000
2024DL0004662,1,1678.79,26,1,5,1,10,33901,226,5000,1,1,1,5,1,700710,1000000
2024DL0004663,1,1678.79,30,2,5,1,7,8666,57,9000,3,4,1,1,1,700704,1000000
2024DL0004664,1,1678.79,35,1,1,1,8,7425,49,9920,4,1,2,2,1,700704,1000000
2024DL0004665,1,1678.79,31,2,2,1,10,34660,231,7000,1,1,1,5,1,700710,1000000
2024DL0004666,1,1678.79,15,2,8,1,14,31396,209,0,0,6,1,5,1,700704,1000000
2024DL0004667,1,1678.79,0,2,5,1,9,23862,159,0,0,6,2,5,1,700705,1000000
2024DL0004668,1,1678.79,43,2,1,1,13,72649,484,7000,4,1,1,1,1,700703,1000000
2024DL0004669,1,1678.79,44,1,1,1,16,127476,501,5000,3,4,1,1,1,700702,1000000
2024DL0004670,1,1678.79,54,2,5,1,6,10668,71,5000,4,1,1,1,1,700703,1000000
2024DL0004671,1,1678.79,28,2,1,1,8,2763,18,5000,3,1,1,5,1,700710,1000000
2024DL0004672,1,1678.79,24,2,6,1,10,26001,173,5000,3,1,1,5,1,700700,1000000
2024DL0004673,1,1678.79,34,1,4,1,10,31311,208,8000,4,1,1,5,1,700704,1000000
2024DL0004674,1,1678.79,18,2,1,1,14,19181,127,6000,4,1,1,5,1,700701,1000000
2024DL0004675,1,1678.79,17,2,1,1,13,17115,114,0,0,6,1,5,1,700710,1000000
2024DL0004676,1,1678.79,55,2,1,1,14,38700,258,5000,3,2,1,1,1,700702,1000000
2024DL0004677,1,1678.79,81,1,4,1,8,8872,59,0,0,6,1,2,1,700703,1000000
2024DL0004678,1,1678.79,97,1,1,1,12,36926,246,0,0,6,1,2,1,700710,1000000
2024DL0004679,1,1678.79,1,1,1,1,7,5318,35,0,0,6,1,5,1,700700,1000000
2024DL0004680,1,1678.79,45,2,4,1,6,21908,146,5000,1,1,1,5,1,700710,1000000
2024DL0004681,1,1678.79,46,2,1,1,11,18075,120,1000,1,1,1,2,1,700710,1000000
2024DL0004682,1,1678.79,28,1,6,1,5,47012,313,6000,1,1,5,5,1,700702,1000000
2024DL0004683,1,1678.79,18,1,1,1,13,21370,142,8000,6,1,1,5,1,700706,1000000
2024DL0004684,1,1678.79,91,1,4,1,5,8862,59,0,0,6,1,2,1,700710,1000000
2024DL0004685,1,1678.79,41,2,1,1,9,40322,268,7000,4,1,1,1,1,700706,1000000
2024DL0004686,1,1678.79,6,1,1,1,1,7947,52,0,0,6,1,5,1,700709,1000000
2024DL0004687,1,1678.79,48,1,3,1,5,17777,118,5000,3,1,1,1,1,700701,1000000
2024DL0004688,1,1678.79,7,1,2,1,3,17663,117,0,0,6,1,5,1,700702,1000000
2024DL0004689,1,1678.79,20,2,1,1,15,24989,166,1000,1,1,1,1,1,700707,1000000
2024DL0004690,1,1678.79,44,1,1,1,6,29766,198,6000,3,1,1,1,1,700703,1000000
2024DL0004691,1,1678.79,16,2,2,1,10,26168,174,0,0,6,2,5,1,700702,1000000
2024DL0004692,1,1678.79,54,1,4,1,15,101793,501,4000,2,1,1,2,1,700705,1000000
2024DL0004693,1,1678.79,41,1,2,1,19,161363,501,4000,1,1,1,1,2,700707,1000000
2024DL0004694,1,1678.79,2,2,1,1,4,6889,45,0,0,6,1,5,2,700700,1000000
2024DL0004695,1,1678.79,7,2,6,1,8,5750,38,0,0,6,1,5,1,700703,1000000
2024DL0004696,1,1678.79,5,2,1,1,1,4623,30,0,0,6,1,5,1,700707,1000000
2024DL0004697,1,1678.79,55,2,6,1,17,114194,501,1000,1,1,1,1,1,700708,1000000
2024DL0004698,1,1678.79,42,2,2,1,10,25012,166,6000,1,1,1,1,1,700703,1000000
2024DL0004699,1,1678.79,12,2,7,1,4,10869,72,0,0,6,1,5,1,700709,1000000
2024DL0004700,1,1678.79,24,2,1,1,19,33892,225,2000,1,1,1,5,1,700707,1000000
2024DL0004701,1,1678.79,35,2,5,1,9,24701,164,9000,4,1,2,1,1,700710,1000000
2024DL0004702,1,1678.79,5,2,2,1,5,6254,41,0,0,6,1,5,1,700710,1000000
2024DL0004703,1,1678.79,77,1,6,1,8,5913,39,0,0,6,1,1,2,700706,1000000
2024DL0004704,1,1678.79,58,1,4,1,15,75387,501,4000,1,1,1,1,1,700708,1000000
2024DL0004705,1,1678.79,9,1,2,1,6,10292,68,0,0,6,1,5,1,700705,1000000
2024DL0004706,1,1678.79,1,1,1,1,5,3121,20,0,0,6,1,5,1,700704,1000000
2024DL0004707,1,1678.79,46,1,2,1,6,31054,207,9000,6,5,5,5,1,700707,1000000
2024DL0004708,1,1678.79,58,1,6,1,10,22837,152,7000,1,1,1,1,1,700702,1000000
2024DL0004709,1,1678.79,50,2,6,1,15,40108,267,4000,1,1,1,1,1,700708,1000000
2024DL0004710,1,1678.79,21,1,4,1,14,15017,100,5000,1,3,1,5,1,700706,1000000
2024DL0004711,1,1678.79,44,1,1,1,18,123136,501,1000,1,4,1,1,1,700703,1000000
2024DL0004712,1,1678.79,36,1,1,1,6,8580,57,6000,1,1,5,1,1,700706,1000000
2024DL0004713,1,1678.79,28,2,3,1,9,34622,230,4000,2,2,1,5,1,700710,1000000
2024DL0004714,1,1678.79,3,1,3,1,3,3243,21,0,0,6,2,5,1,700710,1000000
2024DL0004715,1,1678.79,19,1,4,1,15,37809,252,4000,1,1,1,5,1,700704,1000000
2024DL0004716,1,1678.79,24,1,5,1,19,192916,501,4000,2,1,1,5,1,700702,1000000
2024DL0004717,1,1678.79,19,1,5,1,14,19305,128,5000,1,3,1,5,1,700710,1000000
2024DL0004718,1,1678.79,38,2,3,1,11,17099,113,9000,1,1,1,2,1,700708,1000000
2024DL0004719,1,1678.79,8,2,1,1,6,12138,80,0,0,6,1,5,1,700703,1000000
2024DL0004720,1,1678.79,10,1,6,1,2,11845,78,0,0,6,1,5,1,700705,1000000
2024DL0004721,1,1678.79,27,2,2,1,10,19804,132,8000,3,1,1,1,1,700709,1000000
2024DL0004722,1,1678.79,1,1,5,1,1,5991,39,0,0,6,1,5,1,700700,1000000
2024DL0004723,1,1678.79,34,2,2,1,5,18466,123,5000,1,1,1,1,1,700703,1000000
2024DL0004724,1,1678.79,25,2,5,1,10,27051,180,2000,1,1,2,5,2,700702,1000000
2024DL0004725,1,1678.79,16,1,5,1,14,5018,33,0,0,6,1,5,1,700700,1000000
2024DL0004726,1,1678.79,40,1,1,1,8,10903,72,7000,3,1,1,1,1,700703,1000000
2024DL0004727,1,1678.79,10,2,2,1,9,22045,146,0,0,6,1,5,1,700701,1000000
2024DL0004728,1,1678.79,10,2,1,1,5,3799,25,0,0,6,1,5,1,700706,1000000
2024DL0004729,1,1678.79,0,1,1,1,6,6307,42,0,0,6,1,5,1,700709,1000000
2024DL0004730,1,1678.79,59,1,5,1,8,31915,212,6000,4,3,1,2,1,700710,1000000
2024DL0004731,1,1678.79,1,1,6,1,4,15251,101,0,0,6,5,5,1,700707,1000000
2024DL0004732,1,1678.79,29,2,9,1,6,30592,203,9800,1,1,1,1,1,700701,1000000
2024DL0004733,1,1678.79,52,2,5,1,12,23470,156,5000,4,1,1,2,1,700706,1000000
2024DL0004734,1,1678.79,25,1,3,1,15,41618,277,1000,1,1,1,1,1,700704,1000000
2024DL0004735,1,1678.79,1,1,2,1,2,5332,35,0,0,6,1,5,1,700701,1000000
2024DL0004736,1,1678.79,21,1,1,1,13,17253,115,6000,4,1,2,5,2,700706,1000000
2024DL0004737,1,1678.79,76,1,1,1,10,9562,63,0,0,6,1,1,1,700700,1000000
2024DL0004738,1,1678.79,18,1,5,1,10,11889,79,9000,1,1,1,5,1,700704,1000000
2024DL0004739,1,1678.79,38,1,3,1,7,29824,198,9000,3,1,1,1,1,700703,1000000
2024DL0004740,1,1678.79,33,1,3,1,16,84089,501,6000,1,1,1,5,1,700708,1000000
2024DL0004741,1,1678.79,47,2,1,1,12,23377,155,7000,3,1,1,1,1,700704,1000000
2024DL0004742,1,1678.79,43,2,1,1,11,24577,163,3000,3,1,1,1,1,700702,1000000
2024DL0004743,1,1678.79,29,2,6,1,13,19677,131,5000,1,1,1,1,1,700702,1000000
2024DL0004744,1,1678.79,16,2,3,1,18,34952,233,0,0,6,1,5,1,700701,1000000
2024DL0004745,1,1678.79,46,1,3,1,10,53836,358,5000,1,1,1,1,1,700707,1000000
2024DL0004746,1,1678.79,36,2,6,1,6,16982,113,9800,6,1,1,1,1,700709,1000000
2024DL0004747,1,1678.79,17,1,5,1,17,74561,497,0,0,6,1,5,1,700707,1000000
2024DL0004748,1,1678.79,95,1,5,1,10,39998,266,0,0,6,1,1,1,700705,1000000
2024DL0004749,1,1678.79,6,2,1,1,3,4283,28,0,0,6,2,5,1,700700,1000000
2024DL0004750,1,1678.79,23,2,3,1,12,15891,105,3000,2,1,1,1,1,700707,1000000
2024DL0004751,1,1678.79,21,1,3,1,20,82638,501,4000,3,2,1,1,1,700709,1000000
2024DL0004752,1,1678.79,16,1,4,1,12,10132,67,0,0,6,2,5,1,700703,1000000
2024DL0004753,1,1678.79,40,1,1,1,16,77845,501,1000,1,1,1,1,1,700705,1000000
2024DL0004754,1,1678.79,48,2,6,1,9,25635,170,6000,1,1,1,5,1,700700,1000000
2024DL0004755,1,1678.79,5,2,4,1,9,32738,218,0,0,6,1,5,1,700709,1000000
2024DL0004756,1,1678.79,24,1,6,1,13,8492,56,9000,3,2,1,1,1,700707,1000000
2024DL0004757,1,1678.79,18,1,1,1,14,14034,93,6000,1,2,1,5,1,700706,1000000
2024DL0004758,1,1678.79,13,2,4,1,1,4098,27,0,0,6,1,5,1,700706,1000000
2024DL0004759,1,1678.79,32,2,2,1,19,241668,501,2000,1,1,1,1,1,700706,1000000
2024DL0004760,1,1678.79,23,1,3,1,14,11602,77,6000,1,1,1,5,1,700707,1000000
2024DL0004761,1,1678.79,7,2,4,1,9,24000,160,0,0,6,1,5,1,700708,1000000
2024DL0004762,1,1678.79,29,2,1,1,11,43667,291,8000,3,1,1,1,1,700705,1000000
2024DL0004763,1,1678.79,42,2,9,1,12,113898,501,6000,3,1,1,5,1,700710,1000000
2024DL0004764,1,1678.79,56,2,2,1,9,86915,501,8000,1,1,1,1,2,700704,1000000
2024DL0004765,1,1678.79,20,1,1,1,12,19279,128,9000,1,2,1,5,1,700703,1000000
2024DL0004766,1,1678.79,30,1,1,1,6,25686,171,8000,1,1,1,1,1,700709,1000000
2024DL0004767,1,1678.79,33,1,2,1,14,77154,501,2000,2,1,1,5,2,700709,1000000
2024DL0004768,1,1678.79,44,2,5,1,19,300826,501,3000,1,1,1,1,1,700700,1000000
2024DL0004769,1,1678.79,16,2,6,1,20,45887,305,0,0,6,1,5,2,700700,1000000
2024DL0004770,1,1678.79,13,1,3,1,8,3245,21,0,0,6,2,5,1,700709,1000000
2024DL0004771,1,1678.79,18,1,1,1,20,61025,406,1000,1,4,1,5,1,700706,1000000
2024DL0004772,1,1678.79,18,2,3,1,13,19133,127,7000,1,1,1,5,1,700708,1000000
2024DL0004773,1,1678.79,6,1,5,1,9,15899,105,0,0,6,1,5,1,700703,1000000
2024DL0004774,1,1678.79,88,2,3,1,7,32306,215,0,0,6,1,1,1,700700,1000000
2024DL0004775,1,1678.79,23,1,5,1,19,140179,501,2000,2,1,1,5,1,700703,1000000
2024DL0004776,1,1678.79,28,1,1,1,11,29922,199,4000,3,1,2,1,1,700709,1000000
2024DL0004777,1,1678.79,19,1,5,1,10,5895,39,3000,3,1,1,5,1,700701,1000000
2024DL0004778,1,1678.79,7,2,3,1,4,4724,31,0,0,6,1,5,2,700702,1000000
2024DL0004779,1,1678.79,7,1,2,1,3,3740,24,0,0,6,1,5,1,700710,1000000
2024DL0004780,1,1678.79,44,2,2,1,12,31663,211,8000,1,5,1,1,1,700703,1000000
2024DL0004781,1,1678.79,39,2,6,1,5,15731,104,6000,1,4,1,1,1,700704,1000000
2024DL0004782,1,1678.79,19,1,2,1,11,22335,148,1000,2,1,1,5,1,700706,1000000
2024DL0004783,1,1678.79,27,1,4,1,12,61880,412,5000,3,5,1,1,1,700705,1000000
2024DL0004784,1,1678.79,20,1,9,1,16,25208,168,6000,3,1,1,5,1,700707,1000000
2024DL0004785,1,1678.79,32,2,3,1,8,7002,46,8000,3,1,1,1,1,700701,1000000
2024DL0004786,1,1678.79,56,1,1,1,9,20676,137,1000,3,1,1,1,1,700709,1000000
2024DL0004787,1,1678.79,1,2,7,1,1,15377,102,0,0,6,1,5,1,700706,1000000
2024DL0004788,1,1678.79,51,2,1,1,5,6966,46,6000,4,1,2,1,2,700704,1000000
2024DL0004789,1,1678.79,24,2,2,1,15,79656,501,4000,2,1,1,5,2,700708,1000000
2024DL0004790,1,1678.79,3,2,2,1,3,5699,37,0,0,6,1,5,1,700707,1000000
2024DL0004791,1,1678.79,1,1,3,1,6,3697,24,0,0,6,1,5,1,700708,1000000
2024DL0004792,1,1678.79,3,1,5,1,6,17881,119,0,0,6,1,5,2,700700,1000000
2024DL0004793,1,1678.79,57,1,6,1,8,13294,88,7000,1,5,1,1,1,700700,1000000
2024DL0004794,1,1678.79,43,1,4,1,9,53107,354,9000,4,1,1,1,1,700701,1000000
2024DL0004795,1,1678.79,44,2,1,1,10,32740,218,6000,1,1,1,1,2,700702,1000000
2024DL0004796,1,1678.79,2,1,5,1,6,8986,59,0,0,6,1,5,1,700710,1000000
2024DL0004797,1,1678.79,17,2,2,1,11,14615,97,0,0,6,1,5,1,700704,1000000
2024DL0004798,1,1678.79,11,1,6,1,3,3581,23,0,0,6,2,5,1,700704,1000000
2024DL0004799,1,1678.79,13,2,5,1,2,15015,100,0,0,6,1,5,1,700706,1000000
2024DL0004800,1,1678.79,2,2,5,1,5,16374,109,0,0,6,1,5,1,700701,1000000
2024DL0004801,1,1678.79,20,2,4,1,20,58314,388,1000,1,1,1,1,1,700708,1000000
2024DL0004802,1,1678.79,28,2,2,1,7,29789,198,9800,3,2,1,1,1,700709,1000000
2024DL0004803,1,1678.79,24,2,6,1,13,110511,501,6000,6,2,5,5,1,700701,1000000
2024DL0004804,1,1678.79,35,1,3,1,12,35146,234,9000,1,1,1,1,1,700707,1000000
2024DL0004805,1,1678.79,6,1,5,1,9,17876,119,0,0,6,1,5,2,700708,1000000
2024DL0004806,1,1678.79,42,2,8,1,14,29549,196,5000,6,1,2,1,1,700705,1000000
2024DL0004807,1,1678.79,35,1,4,1,17,67976,453,5000,1,1,1,1,1,700700,1000000
2024DL0004808,1,1678.79,87,2,6,1,5,3026,20,0,0,6,1,2,1,700710,1000000
2024DL0004809,1,1678.79,51,1,1,1,7,11646,77,6000,4,1,1,2,1,700704,1000000
2024DL0004810,1,1678.79,17,2,6,1,19,42064,280,0,0,6,1,5,1,700710,1000000
2024DL0004811,1,1678.79,33,2,1,1,14,61803,412,1000,2,1,1,1,1,700701,1000000
2024DL0004812,1,1678.79,16,2,2,1,15,38975,259,0,0,6,1,5,1,700703,1000000
2024DL0004813,1,1678.79,26,1,3,1,5,10089,67,5000,6,1,1,5,1,700705,1000000
2024DL0004814,1,1678.79,51,2,2,1,11,24054,160,9000,3,1,1,1,2,700704,1000000
2024DL0004815,1,1678.79,83,2,2,1,5,12738,84,0,0,6,1,1,1,700704,1000000
2024DL0004816,1,1678.79,44,2,3,1,14,63945,426,2000,1,1,1,1,1,700700,1000000
2024DL0004817,1,1678.79,54,1,1,1,9,40703,271,9800,3,1,1,2,1,700706,1000000
2024DL0004818,1,1678.79,18,1,1,1,20,84397,501,3000,3,1,1,5,1,700700,1000000
2024DL0004819,1,1678.79,29,1,1,1,10,95204,501,4000,2,1,1,5,1,700700,1000000
2024DL0004820,1,1678.79,57,1,1,1,10,37993,253,8000,4,1,1,1,1,700710,1000000
2024DL0004821,1,1678.79,23,1,5,1,12,20866,139,8000,3,1,1,5,1,700706,1000000
2024DL0004822,1,1678.79,40,1,3,1,5,24392,162,7000,3,1,1,1,1,700703,1000000
2024DL0004823,1,1678.79,21,1,2,1,12,12643,84,9000,4,5,1,5,1,700703,1000000
2024DL0004824,1,1678.79,86,2,4,1,9,11644,77,0,0,6,1,5,1,700707,1000000
2024DL0004825,1,1678.79,44,2,2,1,14,64325,428,6000,3,1,1,1,1,700704,1000000
2024DL0004826,1,1678.79,42,1,2,1,15,157049,501,4000,1,1,1,1,1,700708,1000000
2024DL0004827,1,1678.79,25,1,2,1,10,45450,303,2000,1,1,1,1,1,700706,1000000
2024DL0004828,1,1678.79,69,1,2,1,5,3091,20,5000,1,1,1,1,1,700703,1000000
2024DL0004829,1,1678.79,16,1,5,1,16,48655,324,0,0,6,1,5,1,700702,1000000
2024DL0004830,1,1678.79,32,1,1,1,16,52881,352,4000,3,4,1,5,1,700702,1000000
2024DL0004831,1,1678.79,37,2,2,1,9,28555,190,7000,1,1,1,1,1,700703,1000000
2024DL0004832,1,1678.79,38,1,1,1,14,63187,421,1000,1,1,1,1,1,700710,1000000
2024DL0004833,1,1678.79,13,1,2,1,5,3416,22,0,0,6,1,5,1,700701,1000000
2024DL0004834,1,1678.79,10,1,3,1,9,18923,126,0,0,6,2,5,1,700706,1000000
2024DL0004835,1,1678.79,54,1,5,1,10,75594,501,6000,1,3,1,1,2,700710,1000000
2024DL0004836,1,1678.79,44,2,1,1,10,165937,501,7000,6,3,1,5,1,700705,1000000
2024DL0004837,1,1678.79,89,1,1,1,11,15719,104,0,0,6,1,1,1,700700,1000000
2024DL0004838,1,1678.79,17,2,6,1,15,20103,134,0,0,6,2,5,1,700701,1000000
2024DL0004839,1,1678.79,1,1,4,1,6,25744,171,0,0,6,1,5,1,700707,1000000
2024DL0004840,1,1678.79,35,2,1,1,14,51306,342,1000,2,1,1,1,1,700707,1000000
2024DL0004841,1,1678.79,31,2,2,1,6,72085,480,9920,3,5,1,1,1,700701,1000000
2024DL0004842,1,1678.79,1,1,2,1,6,4045,26,0,0,6,1,5,1,700701,1000000
2024DL0004843,1,1678.79,39,1,1,1,9,34844,232,8000,1,1,1,1,2,700701,1000000
2024DL0004844,1,1678.79,23,1,3,1,16,61678,411,6000,1,1,1,5,1,700709,1000000
2024DL0004845,1,1678.79,56,1,3,1,5,15895,105,9920,1,2,1,5,1,700710,1000000
2024DL0004846,1,1678.79,38,1,6,1,10,182373,501,5000,4,1,1,1,1,700704,1000000
2024DL0004847,1,1678.79,92,1,5,1,5,14453,96,0,0,6,1,1,1,700708,1000000
2024DL0004848,1,1678.79,11,1,6,1,8,8387,55,0,0,6,1,5,1,700704,1000000
2024DL0004849,1,1678.79,14,2,3,1,9,30076,200,0,0,6,1,5,1,700701,1000000
2024DL0004850,1,1678.79,43,2,6,1,11,320892,501,1000,2,1,1,1,1,700705,1000000
2024DL0004851,1,1678.79,43,2,1,1,8,28870,192,9000,1,1,1,1,1,700704,1000000
2024DL0004852,1,1678.79,56,2,3,1,7,7970,53,6000,4,1,1,4,1,700703,1000000
2024DL0004853,1,1678.79,33,2,1,1,6,38590,257,9920,4,1,1,1,1,700700,1000000
2024DL0004854,1,1678.79,58,1,2,1,14,7887,52,7000,4,3,2,3,1,700710,1000000
2024DL0004855,1,1678.79,27,2,5,1,10,29133,194,6000,1,1,1,1,2,700710,1000000
2024DL0004856,1,1678.79,10,2,6,1,7,1798,11,0,0,6,1,5,1,700704,1000000
2024DL0004857,1,1678.79,8,1,2,1,7,4880,32,0,0,6,1,5,1,700708,1000000
2024DL0004858,1,1678.79,39,1,1,1,13,26566,177,3000,1,1,1,1,1,700703,1000000
2024DL0004859,1,1678.79,49,1,6,1,12,58512,390,6000,6,1,1,1,1,700710,1000000
2024DL0004860,1,1678.79,69,1,6,1,6,12259,81,9000,4,1,1,1,1,700700,1000000
2024DL0004861,1,1678.79,40,1,5,1,14,63719,424,9800,1,1,1,1,1,700708,1000000
2024DL0004862,1,1678.79,18,1,3,1,17,32068,213,3000,2,1,1,5,1,700704,1000000
2024DL0004863,1,1678.79,1,1,5,1,2,15192,101,0,0,6,1,5,2,700709,1000000
2024DL0004864,1,1678.79,40,2,4,1,14,29702,198,6000,4,1,1,1,1,700701,1000000
2024DL0004865,1,1678.79,31,1,1,1,17,37548,250,4000,3,1,1,5,1,700707,1000000
2024DL0004866,1,1678.79,10,2,1,1,6,3252,21,0,0,6,1,5,1,700704,1000000
2024DL0004867,1,1678.79,48,2,4,1,6,9039,60,9920,4,1,1,1,1,700701,1000000
2024DL0004868,1,1678.79,17,2,1,1,14,13454,89,0,0,6,1,5,1,700700,1000000
2024DL0004869,1,1678.79,22,2,2,1,10,16028,106,4000,1,1,1,5,2,700704,1000000
2024DL0004870,1,1678.79,27,2,1,1,15,67430,449,3000,2,1,1,1,1,700710,1000000
2024DL0004871,1,1678.79,21,2,3,1,19,55806,372,4000,2,1,1,1,1,700707,1000000
2024DL0004872,1,1678.79,44,2,2,1,7,20067,133,5000,6,1,1,5,1,700706,1000000
2024DL0004873,1,1678.79,39,1,2,1,13,96825,501,6000,3,1,2,1,1,700709,1000000
2024DL0004874,1,1678.79,2,2,2,1,6,3199,21,0,0,6,1,5,1,700710,1000000
2024DL0004875,1,1678.79,21,2,4,1,17,59368,395,3000,2,1,1,5,2,700708,1000000
2024DL0004876,1,1678.79,9,1,1,1,7,16279,108,0,0,6,1,5,1,700706,1000000
2024DL0004877,1,1678.79,12,1,3,1,4,4524,30,0,0,6,1,5,2,700703,1000000
2024DL0004878,1,1678.79,24,1,9,1,15,63401,422,2000,1,3,1,5,1,700707,1000000
2024DL0004879,1,1678.79,37,2,5,1,16,70956,473,3000,1,1,1,1,1,700706,1000000
2024DL0004880,1,1678.79,16,2,1,1,11,7056,47,0,0,6,1,5,1,700700,1000000
2024DL0004881,1,1678.79,37,1,1,1,11,73934,492,5000,6,1,1,2,1,700705,1000000
2024DL0004882,1,1678.79,0,1,2,1,3,27763,185,0,0,6,1,5,1,700710,1000000
2024DL0004883,1,1678.79,8,2,3,1,4,14395,95,0,0,6,1,5,1,700710,1000000
2024DL0004884,1,1678.79,38,1,4,1,11,51632,344,8000,6,1,1,1,1,700710,1000000
2024DL0004885,1,1678.79,56,2,6,1,10,27988,186,2000,1,1,1,1,1,700710,1000000
2024DL0004886,1,1678.79,86,1,1,1,5,4957,33,0,0,6,1,3,1,700703,1000000
2024DL0004887,1,1678.79,6,1,5,1,3,6534,43,0,0,6,2,5,1,700703,1000000
2024DL0004888,1,1678.79,27,1,3,1,8,4218,28,9000,1,1,1,1,1,700705,1000000
2024DL0004889,1,1678.79,58,2,1,1,8,19971,133,9000,1,1,1,2,1,700708,1000000
2024DL0004890,1,1678.79,9,1,2,1,7,4158,27,0,0,6,1,5,1,700708,1000000
2024DL0004891,1,1678.79,14,1,1,1,5,8901,59,0,0,6,1,5,1,700702,1000000
2024DL0004892,1,1678.79,43,1,1,1,9,59755,398,7000,4,1,1,2,2,700705,1000000
2024DL0004893,1,1678.79,51,1,1,1,9,34811,232,5000,1,1,2,1,1,700707,1000000
2024DL0004894,1,1678.79,44,2,1,1,8,25167,167,9920,1,4,1,1,2,700701,1000000
2024DL0004895,1,1678.79,41,1,1,1,8,19907,132,9920,1,1,1,5,2,700708,1000000
2024DL0004896,1,1678.79,59,1,1,1,11,53659,357,5000,4,1,1,2,2,700710,1000000
2024DL0004897,1,1678.79,21,1,4,1,19,93429,501,2000,1,1,1,5,1,700702,1000000
2024DL0004898,1,1678.79,16,1,4,1,20,50471,336,0,0,6,1,5,1,700707,1000000
2024DL0004899,1,1678.79,37,1,2,1,13,28981,193,5000,4,3,1,1,2,700704,1000000
2024DL0004900,1,1678.79,50,2,3,1,10,17503,116,5000,4,4,1,2,2,700710,1000000
2024DL0004901,1,1678.79,23,2,1,1,18,80452,501,4000,1,1,1,5,1,700707,1000000
2024DL0004902,1,1678.79,19,1,6,1,17,46971,313,3000,1,1,1,5,1,700701,1000000
2024DL0004903,1,1678.79,39,2,5,1,15,127413,501,1000,1,1,1,1,1,700705,1000000
2024DL0004904,1,1678.79,26,1,5,1,7,32165,214,9000,6,1,1,5,1,700707,1000000
2024DL0004905,1,1678.79,14,1,3,1,4,2760,18,0,0,6,1,5,1,700707,1000000
2024DL0004906,1,1678.79,94,2,6,1,6,8115,54,0,0,6,1,5,1,700702,1000000
2024DL0004907,1,1678.79,20,1,3,1,14,16926,112,9000,1,1,1,5,1,700704,1000000
2024DL0004908,1,1678.79,25,1,1,1,18,38217,254,5000,1,5,1,1,1,700701,1000000
2024DL0004909,1,1678.79,16,1,4,1,19,129826,501,0,0,6,1,5,1,700702,1000000
2024DL0004910,1,1678.79,59,2,5,1,17,84660,501,6000,1,1,1,1,1,700708,1000000
2024DL0004911,1,1678.79,3,1,1,1,2,4612,30,0,0,6,5,5,1,700709,1000000
2024DL0004912,1,1678.79,18,2,2,1,19,53600,357,4000,2,1,1,5,1,700703,1000000
2024DL0004913,1,1678.79,8,1,2,1,6,1199,7,0,0,6,1,5,1,700709,1000000
2024DL0004914,1,1678.79,47,1,2,1,10,42460,283,6000,3,1,1,1,1,700710,1000000
2024DL0004915,1,1678.79,38,1,6,1,9,46759,311,9000,4,1,1,1,1,700704,1000000
2024DL0004916,1,1678.79,62,1,4,1,6,5413,36,9800,3,2,1,1,1,700704,1000000
2024DL0004917,1,1678.79,11,1,5,1,7,2726,18,0,0,6,1,5,1,700703,1000000
2024DL0004918,1,1678.79,38,1,1,1,12,37043,246,7000,6,4,1,1,2,700710,1000000
2024DL0004919,1,1678.79,7,1,2,1,7,6877,45,0,0,6,1,5,1,700702,1000000
2024DL0004920,1,1678.79,18,1,4,1,20,36353,242,3000,1,1,1,5,1,700704,1000000
2024DL0004921,1,1678.79,64,2,2,1,7,5919,39,9920,1,1,2,2,1,700700,1000000
2024DL0004922,1,1678.79,35,1,4,1,8,17430,116,9800,6,1,1,1,1,700701,1000000
2024DL0004923,1,1678.79,41,2,4,1,9,36229,241,1000,2,1,1,1,1,700707,1000000
2024DL0004924,1,1678.79,33,2,1,1,13,28268,188,9000,3,1,1,5,1,700704,1000000
2024DL0004925,1,1678.79,19,2,2,1,13,17610,117,9000,1,1,1,5,1,700705,1000000
2024DL0004926,1,1678.79,22,1,1,1,13,62779,418,7000,1,1,1,5,1,700701,1000000
2024DL0004927,1,1678.79,20,2,3,1,13,8265,55,6000,1,1,1,5,1,700710,1000000
2024DL0004928,1,1678.79,52,2,1,1,10,33524,223,2000,1,1,1,2,1,700708,1000000
2024DL0004929,1,1678.79,4,2,1,1,2,9530,63,0,0,6,1,5,1,700710,1000000
2024DL0004930,1,1678.79,43,1,3,1,12,59490,396,5000,1,1,5,1,1,700703,1000000
2024DL0004931,1,1678.79,11,1,3,1,2,3711,24,0,0,6,1,5,1,700707,1000000
2024DL0004932,1,1678.79,34,1,1,1,14,18076,120,2000,1,5,1,5,1,700701,1000000
2024DL0004933,1,1678.79,5,1,1,1,7,5945,39,0,0,6,1,5,1,700703,1000000
2024DL0004934,1,1678.79,0,1,3,1,8,25283,168,0,0,6,1,5,1,700705,1000000
2024DL0004935,1,1678.79,29,1,6,1,9,17700,118,6000,1,1,1,5,1,700706,1000000
2024DL0004936,1,1678.79,33,2,1,1,11,21387,142,6000,1,5,1,1,1,700704,1000000
2024DL0004937,1,1678.79,20,2,2,1,11,11838,78,2000,1,2,1,1,1,700705,1000000
2024DL0004938,1,1678.79,10,2,1,1,1,62423,416,0,0,6,1,5,1,700704,1000000
2024DL0004939,1,1678.79,23,1,2,1,18,75357,501,4000,3,1,5,5,1,700707,1000000
2024DL0004940,1,1678.79,68,1,4,1,6,9000,60,9920,4,1,1,1,2,700710,1000000
2024DL0004941,1,1678.79,47,2,3,1,5,55121,367,7000,4,1,1,1,1,700710,1000000
2024DL0004942,1,1678.79,38,2,1,1,12,64978,433,5000,4,5,2,1,1,700701,1000000
2024DL0004943,1,1678.79,21,2,3,1,19,60438,402,4000,1,1,1,5,1,700706,1000000
2024DL0004944,1,1678.79,22,2,1,1,18,44223,294,1000,3,1,1,1,1,700707,1000000
2024DL0004945,1,1678.79,28,2,7,1,5,12791,85,5000,1,1,1,1,1,700702,1000000
2024DL0004946,1,1678.79,23,2,2,1,17,53423,356,6000,1,1,1,5,1,700701,1000000
2024DL0004947,1,1678.79,11,1,1,1,6,3360,22,0,0,6,1,5,1,700706,1000000
2024DL0004948,1,1678.79,2,1,8,1,8,14760,98,0,0,6,1,5,2,700704,1000000
2024DL0004949,1,1678.79,32,1,6,1,8,16239,108,6000,4,1,1,1,1,700701,1000000
2024DL0004950,1,1678.79,25,1,1,1,19,471449,501,1000,3,1,1,5,1,700710,1000000
2024DL0004951,1,1678.79,58,1,4,1,16,83581,501,5000,4,1,1,5,2,700701,1000000
2024DL0004952,1,1678.79,32,2,1,1,6,9272,61,5000,1,1,2,1,1,700709,1000000
2024DL0004953,1,1678.79,45,1,1,1,14,94359,501,9800,4,1,1,1,1,700705,1000000
2024DL0004954,1,1678.79,45,2,1,1,13,59274,395,8000,1,1,1,2,1,700702,1000000
2024DL0004955,1,1678.79,24,2,9,1,12,33295,221,2000,2,1,1,1,1,700703,1000000
2024DL0004956,1,1678.79,23,1,9,1,11,35466,236,5000,6,2,1,5,1,700701,1000000
2024DL0004957,1,1678.79,7,2,4,1,4,3076,20,0,0,6,1,5,1,700702,1000000
2024DL0004958,1,1678.79,4,2,3,1,2,18601,124,0,0,6,1,5,1,700708,1000000
2024DL0004959,1,1678.79,21,2,1,1,16,22773,151,3000,3,4,1,5,1,700707,1000000
2024DL0004960,1,1678.79,29,1,6,1,10,14727,98,6000,4,1,1,1,1,700700,1000000
2024DL0004961,1,1678.79,44,1,1,1,11,24584,163,9000,1,1,1,1,1,700707,1000000
2024DL0004962,1,1678.79,64,2,9,1,12,29053,193,8000,1,2,1,1,1,700705,1000000
2024DL0004963,1,1678.79,11,2,2,1,8,9112,60,0,0,6,1,5,2,700707,1000000
2024DL0004964,1,1678.79,24,2,1,1,18,84016,501,4000,2,1,1,5,1,700709,1000000
2024DL0004965,1,1678.79,20,1,6,1,10,15648,104,5000,1,1,1,5,1,700701,1000000
2024DL0004966,1,1678.79,13,1,2,1,7,3762,25,0,0,6,1,5,1,700710,1000000
2024DL0004967,1,1678.79,17,2,4,1,16,43755,291,0,0,6,1,5,1,700705,1000000
2024DL0004968,1,1678.79,40,1,3,1,10,40308,268,9800,4,1,1,1,2,700708,1000000
2024DL0004969,1,1678.79,48,1,1,1,11,54677,364,9000,6,1,1,3,1,700708,1000000
2024DL0004970,1,1678.79,96,2,1,1,5,15189,101,0,0,6,1,1,1,700704,1000000
2024DL0004971,1,1678.79,31,1,6,1,8,8636,57,9800,6,4,1,5,2,700706,1000000
2024DL0004972,1,1678.79,55,1,5,1,5,11225,74,6000,3,1,1,1,1,700703,1000000
2024DL0004973,1,1678.79,49,1,1,1,9,38885,259,9800,1,1,1,1,1,700707,1000000
2024DL0004974,1,1678.79,7,2,1,1,5,4197,27,0,0,6,1,5,1,700706,1000000
2024DL0004975,1,1678.79,54,1,1,1,20,354374,501,3000,1,1,1,1,2,700708,1000000
2024DL0004976,1,1678.79,18,1,4,1,20,29577,197,4000,3,1,1,5,1,700704,1000000
2024DL0004977,1,1678.79,40,1,1,1,11,84613,501,1000,3,2,2,1,1,700705,1000000
2024DL0004978,1,1678.79,36,1,4,1,15,128462,501,4000,2,5,1,5,1,700705,1000000
2024DL0004979,1,1678.79,100,1,3,1,6,7980,53,0,0,6,1,1,1,700702,1000000
2024DL0004980,1,1678.79,20,2,3,1,16,33437,222,6000,1,2,1,1,1,700709,1000000
2024DL0004981,1,1678.79,29,2,1,1,12,23352,155,5000,3,1,1,5,1,700709,1000000
2024DL0004982,1,1678.79,39,2,1,1,10,61266,408,5000,1,1,1,2,1,700704,1000000
2024DL0004983,1,1678.79,88,2,6,1,7,18125,120,0,0,6,1,1,1,700704,1000000
2024DL0004984,1,1678.79,40,2,6,1,16,97418,501,4000,1,1,1,1,1,700704,1000000
2024DL0004985,1,1678.79,12,1,5,1,2,4296,28,0,0,6,1,5,1,700703,1000000
2024DL0004986,1,1678.79,38,1,1,1,20,99019,501,3000,1,1,1,5,1,700701,1000000
2024DL0004987,1,1678.79,92,1,1,1,9,22988,153,0,0,6,2,1,1,700706,1000000
2024DL0004988,1,1678.79,42,1,5,1,16,196974,501,2000,1,1,1,1,1,700704,1000000
2024DL0004989,1,1678.79,28,2,6,1,14,41394,275,2000,1,1,1,5,2,700704,1000000
2024DL0004990,1,1678.79,58,2,7,1,18,58022,386,4000,1,1,1,5,1,700710,1000000
2024DL0004991,1,1678.79,52,2,3,1,11,19173,127,1000,3,1,1,1,1,700707,1000000
2024DL0004992,1,1678.79,41,2,7,1,16,68135,454,2000,3,1,1,1,1,700707,1000000
2024DL0004993,1,1678.79,39,2,1,1,7,12513,83,7000,1,1,1,1,1,700710,1000000
2024DL0004994,1,1678.79,13,1,2,1,4,2217,14,0,0,6,1,5,2,700702,1000000
2024DL0004995,1,1678.79,14,1,1,1,2,7841,52,0,0,6,1,5,2,700704,1000000
2024DL0004996,1,1678.79,55,2,1,1,6,15603,104,9800,1,1,1,1,1,700702,1000000
2024DL0004997,1,1678.79,21,1,8,1,16,31472,209,6000,3,1,1,1,1,700701,1000000
2024DL0004998,1,1678.79,34,2,4,1,8,29316,195,9920,1,1,1,1,1,700708,1000000
2024DL0004999,1,1678.79,16,2,8,1,14,9219,61,0,0,6,1,5,1,700702,1000000
2024DL0005000,1,1678.79,40,2,5,1,11,34774,231,7000,4,2,1,5,1,700705,1000000
2024DL0005001,1,1678.79,14,1,5,1,8,1344,8,0,0,6,1,5,1,700709,1000000
2024DL0005002,1,1678.79,5,1,1,1,9,36782,245,0,0,6,1,5,1,700701,1000000
2024DL0005003,1,1678.79,31,2,3,1,7,18286,121,9800,1,1,1,5,1,700708,1000000
2024DL0005004,1,1678.79,39,2,6,1,14,13421,89,1000,2,1,1,1,2,700701,1000000
2024DL0005005,1,1678.79,30,2,1,1,9,57202,381,9000,1,1,1,1,1,700709,1000000
2024DL0005006,1,1678.79,21,2,2,1,15,9867,65,3000,1,1,1,1,2,700706,1000000
2024DL0005007,1,1678.79,24,1,6,1,13,42260,281,9800,1,1,1,1,1,700703,1000000
2024DL0005008,1,1678.79,15,2,3,1,13,5956,39,0,0,6,2,5,1,700710,1000000
2024DL0005009,1,1678.79,18,2,1,1,15,28065,187,4000,3,1,1,5,1,700709,1000000
2024DL0005010,1,1678.79,36,1,1,1,14,42945,286,9000,1,1,1,1,1,700701,1000000
2024DL0005011,1,1678.79,68,1,1,1,10,20388,135,1000,2,4,1,1,1,700704,1000000
2024DL0005012,1,1678.79,3,1,6,1,4,22512,150,0,0,6,1,5,1,700702,1000000
2024DL0005013,1,1678.79,41,1,5,1,13,109363,501,9800,6,1,1,1,1,700706,1000000
2024DL0005014,1,1678.79,70,1,3,1,6,16521,110,6000,6,1,1,1,1,700707,1000000
2024DL0005015,1,1678.79,69,1,5,1,8,1705,11,5000,1,1,1,1,1,700706,1000000
2024DL0005016,1,1678.79,11,2,5,1,7,4422,29,0,0,6,2,5,1,700708,1000000
2024DL0005017,1,1678.79,79,1,1,1,8,2607,17,0,0,6,1,1,1,700706,1000000
2024DL0005018,1,1678.79,38,1,2,1,8,26273,175,9000,1,1,1,1,1,700708,1000000
2024DL0005019,1,1678.79,52,2,1,1,7,13916,92,5000,4,1,1,5,1,700700,1000000
2024DL0005020,1,1678.79,0,1,1,1,5,5764,38,0,0,6,1,5,1,700707,1000000
2024DL0005021,1,1678.79,1,1,8,1,1,2380,15,0,0,6,1,5,1,700706,1000000
2024DL0005022,1,1678.79,70,1,1,1,12,27734,184,4000,3,1,1,1,1,700708,1000000
2024DL0005023,1,1678.79,23,1,1,1,16,40442,269,4000,3,1,1,5,1,700710,1000000
2024DL0005024,1,1678.79,34,1,9,1,12,65444,436,8000,3,1,1,1,1,700707,1000000
2024DL0005025,1,1678.79,46,1,5,1,6,42908,286,8000,6,1,1,1,1,700705,1000000
2024DL0005026,1,1678.79,41,1,6,1,15,154777,501,4000,3,1,1,5,2,700710,1000000
2024DL0005027,1,1678.79,44,1,1,1,8,10691,71,6000,3,1,1,1,1,700708,1000000
2024DL0005028,1,1678.79,24,2,4,1,12,34602,230,5000,4,1,1,5,1,700704,1000000
2024DL0005029,1,1678.79,7,1,9,1,3,5620,37,0,0,6,1,5,2,700700,1000000
2024DL0005030,1,1678.79,43,2,5,1,6,12433,82,5000,4,2,1,5,1,700702,1000000
2024DL0005031,1,1678.79,39,2,1,1,7,6867,45,6000,1,2,1,1,1,700708,1000000
2024DL0005032,1,1678.79,4,1,4,1,3,7996,53,0,0,6,1,5,1,700709,1000000
2024DL0005033,1,1678.79,13,2,1,1,6,5781,38,0,0,6,1,5,1,700703,1000000
2024DL0005034,1,1678.79,23,2,6,1,14,11017,73,9800,3,1,1,1,2,700702,1000000
2024DL0005035,1,1678.79,25,2,1,1,16,100664,501,6000,1,4,1,5,1,700703,1000000
2024DL0005036,1,1678.79,46,2,6,1,12,99227,501,8000,1,5,2,1,1,700701,1000000
2024DL0005037,1,1678.79,66,2,5,1,12,11041,73,7000,1,1,1,5,1,700700,1000000
2024DL0005038,1,1678.79,39,2,6,1,17,111241,501,4000,2,1,1,1,1,700710,1000000
2024DL0005039,1,1678.79,55,1,5,1,11,13059,87,8000,3,5,2,1,1,700700,1000000
2024DL0005040,1,1678.79,8,1,2,1,9,8407,56,0,0,6,2,5,1,700702,1000000
2024DL0005041,1,1678.79,25,2,6,1,8,14747,98,6000,1,1,1,1,1,700703,1000000
2024DL0005042,1,1678.79,31,1,6,1,12,20127,134,1000,2,1,1,1,2,700710,1000000
2024DL0005043,1,1678.79,6,2,1,1,4,2195,14,0,0,6,1,5,1,700700,1000000
2024DL0005044,1,1678.79,8,1,1,1,1,9867,65,0,0,6,1,5,1,700709,1000000
2024DL0005045,1,1678.79,48,1,5,1,6,36263,241,8000,1,1,1,1,1,700708,1000000
2024DL0005046,1,1678.79,0,1,1,1,5,7786,51,0,0,6,1,5,1,700700,1000000
2024DL0005047,1,1678.79,22,1,1,1,20,186334,501,4000,1,1,1,1,1,700709,1000000
2024DL0005048,1,1678.79,20,1,3,1,18,62287,415,5000,1,1,1,5,1,700707,1000000
2024DL0005049,1,1678.79,41,1,4,1,9,69923,466,6000,3,4,1,1,1,700705,1000000
2024DL0005050,1,1678.79,52,2,1,1,7,13739,91,9800,3,1,1,4,1,700709,1000000
2024DL0005051,1,1678.79,59,1,1,1,5,42697,284,9920,1,1,5,1,1,700703,1000000
2024DL0005052,1,1678.79,9,1,2,1,2,5112,34,0,0,6,1,5,1,700706,1000000
2024DL0005053,1,1678.79,41,2,6,1,6,23830,158,7000,4,4,1,5,1,700705,1000000
2024DL0005054,1,1678.79,4,1,5,1,5,10910,72,0,0,6,1,5,1,700710,1000000
2024DL0005055,1,1678.79,59,1,1,1,13,100167,501,5000,1,1,1,1,2,700707,1000000
2024DL0005056,1,1678.79,25,2,4,1,14,11084,73,9000,1,4,1,5,1,700708,1000000
2024DL0005057,1,1678.79,2,2,2,1,8,5601,37,0,0,6,5,5,1,700700,1000000
2024DL0005058,1,1678.79,28,1,2,1,11,35756,238,5000,4,1,1,5,1,700704,1000000
2024DL0005059,1,1678.79,99,1,2,1,8,10741,71,0,0,6,1,1,1,700704,1000000
2024DL0005060,1,1678.79,3,2,1,1,5,11613,77,0,0,6,1,5,2,700700,1000000
2024DL0005061,1,1678.79,17,2,1,1,20,105585,501,0,0,6,1,5,1,700705,1000000
2024DL0005062,1,1678.79,23,1,1,1,19,150411,501,1000,2,1,1,5,2,700709,1000000
2024DL0005063,1,1678.79,8,1,1,1,8,5695,37,0,0,6,1,5,1,700700,1000000
2024DL0005064,1,1678.79,13,2,1,1,5,6907,46,0,0,6,1,5,1,700706,1000000
2024DL0005065,1,1678.79,12,1,4,1,8,18469,123,0,0,6,2,5,1,700706,1000000
2024DL0005066,1,1678.79,20,1,1,1,10,15311,102,3000,1,1,1,5,1,700703,1000000
2024DL0005067,1,1678.79,54,2,2,1,20,126866,501,4000,1,1,1,2,1,700703,1000000
2024DL0005068,1,1678.79,58,1,6,1,8,31652,211,9800,1,1,1,1,1,700709,1000000
2024DL0005069,1,1678.79,46,1,2,1,6,8363,55,5000,3,1,1,1,1,700708,1000000
2024DL0005070,1,1678.79,45,2,1,1,9,100792,501,6000,6,1,1,5,2,700705,1000000
2024DL0005071,1,1678.79,19,2,2,1,16,9102,60,4000,2,1,1,5,1,700706,1000000
2024DL0005072,1,1678.79,30,2,2,1,10,55785,371,6000,1,1,1,1,1,700710,1000000
2024DL0005073,1,1678.79,52,1,1,1,10,37595,250,8000,1,2,1,1,2,700702,1000000
2024DL0005074,1,1678.79,36,2,5,1,20,181453,501,4000,3,1,1,1,2,700704,1000000
2024DL0005075,1,1678.79,16,1,1,1,16,29995,199,0,0,6,2,5,1,700702,1000000
2024DL0005076,1,1678.79,33,1,5,1,8,15007,100,7000,3,1,1,5,2,700709,1000000
2024DL0005077,1,1678.79,92,1,1,1,5,4320,28,0,0,6,1,2,1,700703,1000000
2024DL0005078,1,1678.79,21,1,1,1,14,38698,257,6000,1,1,1,5,1,700700,1000000
2024DL0005079,1,1678.79,6,1,6,1,2,6636,44,0,0,6,1,5,1,700701,1000000
2024DL0005080,1,1678.79,50,2,1,1,13,26176,174,5000,1,1,1,1,1,700700,1000000
2024DL0005081,1,1678.79,38,1,3,1,7,48286,321,7000,1,5,1,1,1,700710,1000000
2024DL0005082,1,1678.79,8,2,7,1,7,7456,49,0,0,6,1,5,1,700703,1000000
2024DL0005083,1,1678.79,92,1,1,1,8,7577,50,0,0,6,1,1,1,700701,1000000
2024DL0005084,1,1678.79,6,1,8,1,4,8356,55,0,0,6,1,5,1,700709,1000000
2024DL0005085,1,1678.79,5,2,4,1,7,3379,22,0,0,6,1,5,1,700703,1000000
2024DL0005086,1,1678.79,19,1,5,1,17,56057,373,3000,1,1,1,5,1,700705,1000000
2024DL0005087,1,1678.79,10,2,4,1,1,3471,23,0,0,6,1,5,1,700701,1000000
2024DL0005088,1,1678.79,21,2,2,1,15,55330,368,2000,2,2,1,5,1,700709,1000000
2024DL0005089,1,1678.79,52,1,8,1,11,11400,76,1000,2,1,1,1,1,700700,1000000
2024DL0005090,1,1678.79,3,2,4,1,1,4649,30,0,0,6,1,5,1,700707,1000000
2024DL0005091,1,1678.79,5,1,3,1,1,16145,107,0,0,6,1,5,2,700704,1000000
2024DL0005092,1,1678.79,50,1,1,1,6,52772,351,7000,1,5,1,1,2,700701,1000000
2024DL0005093,1,1678.79,7,2,1,1,1,4695,31,0,0,6,1,5,1,700705,1000000
2024DL0005094,1,1678.79,11,1,1,1,4,22563,150,0,0,6,1,5,2,700700,1000000
2024DL0005095,1,1678.79,10,2,3,1,5,6449,42,0,0,6,1,5,1,700708,1000000
2024DL0005096,1,1678.79,22,2,6,1,12,9705,64,9800,1,1,1,5,1,700709,1000000
2024DL0005097,1,1678.79,32,1,5,1,5,12270,81,9800,3,1,1,1,1,700701,1000000
2024DL0005098,1,1678.79,21,2,3,1,13,47059,313,1000,2,1,1,5,1,700702,1000000
2024DL0005099,1,1678.79,26,2,1,1,11,37336,248,8000,1,1,1,1,1,700710,1000000
2024DL0005100,1,1678.79,23,1,3,1,20,239349,501,3000,1,2,1,5,1,700706,1000000
2024DL0005101,1,1678.79,11,2,6,1,3,10838,72,0,0,6,1,5,1,700704,1000000
2024DL0005102,1,1678.79,12,2,1,1,3,5021,33,0,0,6,1,5,1,700710,1000000
2024DL0005103,1,1678.79,21,1,4,1,13,16627,110,9000,3,1,1,5,1,700707,1000000
2024DL0005104,1,1678.79,9,2,1,1,8,19218,128,0,0,6,1,5,1,700707,1000000
2024DL0005105,1,1678.79,41,2,9,1,7,19395,129,9000,4,2,1,1,1,700704,1000000
2024DL0005106,1,1678.79,36,2,3,1,12,137862,501,6000,1,1,1,1,1,700707,1000000
2024DL0005107,1,1678.79,41,1,2,1,10,101260,501,4000,1,1,1,1,1,700705,1000000
2024DL0005108,1,1678.79,40,1,6,1,8,8909,59,9800,6,1,1,1,1,700703,1000000
2024DL0005109,1,1678.79,49,2,1,1,10,40321,268,6000,3,5,1,1,1,700700,1000000
2024DL0005110,1,1678.79,91,1,1,1,8,4722,31,0,0,6,1,2,1,700700,1000000
2024DL0005111,1,1678.79,93,2,1,1,12,8500,56,0,0,6,1,2,1,700704,1000000
2024DL0005112,1,1678.79,27,1,6,1,12,29879,199,7000,1,2,2,1,1,700705,1000000
2024DL0005113,1,1678.79,40,2,2,1,6,17360,115,7000,1,1,1,3,1,700701,1000000
2024DL0005114,1,1678.79,24,1,1,1,17,60770,405,6000,1,1,1,1,1,700702,1000000
2024DL0005115,1,1678.79,31,2,6,1,10,26418,176,6000,4,1,1,5,1,700704,1000000
2024DL0005116,1,1678.79,44,1,6,1,15,68904,459,6000,3,1,1,1,1,700710,1000000
2024DL0005117,1,1678.79,27,2,3,1,13,30588,203,6000,3,1,1,5,1,700701,1000000
2024DL0005118,1,1678.79,16,1,2,1,12,8731,58,0,0,6,1,5,1,700703,1000000
2024DL0005119,1,1678.79,37,2,3,1,7,25721,171,5000,1,1,1,1,2,700702,1000000
2024DL0005120,1,1678.79,14,2,3,1,7,3861,25,0,0,6,1,5,1,700702,1000000
2024DL0005121,1,1678.79,27,1,9,1,15,63591,423,4000,3,1,1,1,1,700701,1000000
2024DL0005122,1,1678.79,27,2,2,1,16,78320,501,1000,2,1,1,1,2,700700,1000000
2024DL0005123,1,1678.79,54,2,3,1,11,89500,501,9000,1,3,1,2,1,700703,1000000
2024DL0005124,1,1678.79,19,1,4,1,10,11404,76,9000,3,3,1,5,1,700709,1000000
2024DL0005125,1,1678.79,65,2,2,1,7,12451,83,7000,1,5,1,5,1,700705,1000000
2024DL0005126,1,1678.79,22,2,5,1,17,166055,501,4000,1,1,1,5,2,700707,1000000
2024DL0005127,1,1678.79,29,1,2,1,12,41152,274,6000,6,3,2,1,1,700704,1000000
2024DL0005128,1,1678.79,0,1,4,1,6,10275,68,0,0,6,1,5,1,700710,1000000
2024DL0005129,1,1678.79,42,2,3,1,14,74667,497,9000,1,1,1,1,1,700706,1000000
2024DL0005130,1,1678.79,31,1,1,1,14,88220,501,9000,1,1,1,5,1,700709,1000000
2024DL0005131,1,1678.79,1,1,1,1,4,9448,62,0,0,6,1,5,1,700708,1000000
2024DL0005132,1,1678.79,18,1,5,1,14,9742,64,7000,3,1,1,5,1,700707,1000000
2024DL0005133,1,1678.79,56,1,5,1,7,24268,161,9920,1,4,1,1,1,700710,1000000
2024DL0005134,1,1678.79,12,1,5,1,3,5842,38,0,0,6,1,5,1,700703,1000000
2024DL0005135,1,1678.79,58,1,3,1,10,32330,215,5000,4,1,1,1,1,700709,1000000
2024DL0005136,1,1678.79,11,2,6,1,7,13790,91,0,0,6,1,5,1,700709,1000000
2024DL0005137,1,1678.79,95,1,1,1,5,21933,146,0,0,6,1,1,1,700704,1000000
2024DL0005138,1,1678.79,42,1,1,1,12,33799,225,2000,2,1,1,2,1,700706,1000000
2024DL0005139,1,1678.79,57,1,2,1,9,53937,359,9000,4,1,1,5,2,700707,1000000
2024DL0005140,1,1678.79,33,2,1,1,14,54838,365,7000,1,1,1,5,1,700710,1000000
2024DL0005141,1,1678.79,45,1,5,1,5,31595,210,8000,1,1,1,1,1,700705,1000000
2024DL0005142,1,1678.79,22,1,4,1,11,13334,88,3000,1,2,1,1,1,700701,1000000
2024DL0005143,1,1678.79,1,1,1,1,4,9979,66,0,0,6,1,5,1,700701,1000000
2024DL0005144,1,1678.79,8,1,1,1,5,8991,59,0,0,6,1,5,2,700710,1000000
2024DL0005145,1,1678.79,28,1,6,1,7,8028,53,6000,3,1,2,1,1,700700,1000000
2024DL0005146,1,1678.79,23,1,2,1,14,47301,315,8000,3,1,1,5,1,700707,1000000
2024DL0005147,1,1678.79,54,2,3,1,11,29250,195,9000,4,1,1,1,1,700706,1000000
2024DL0005148,1,1678.79,1,1,3,1,1,12968,86,0,0,6,1,5,1,700704,1000000
2024DL0005149,1,1678.79,31,2,3,1,10,10843,72,9000,4,1,1,5,1,700708,1000000
2024DL0005150,1,1678.79,1,1,2,1,5,3604,24,0,0,6,5,5,1,700704,1000000
2024DL0005151,1,1678.79,27,2,5,1,17,106388,501,2000,3,1,1,5,1,700710,1000000
2024DL0005152,1,1678.79,1,2,4,1,4,6019,40,0,0,6,1,5,1,700706,1000000
2024DL0005153,1,1678.79,34,1,2,1,7,33297,221,6000,1,1,1,1,2,700701,1000000
2024DL0005154,1,1678.79,57,2,3,1,10,57941,386,5000,3,2,1,1,1,700704,1000000
2024DL0005155,1,1678.79,45,1,2,1,14,32831,218,3000,1,1,1,1,1,700703,1000000
2024DL0005156,1,1678.79,27,2,1,1,16,46378,309,5000,1,1,1,5,1,700708,1000000
2024DL0005157,1,1678.79,42,1,3,1,14,29972,199,2000,1,1,1,1,1,700708,1000000
2024DL0005158,1,1678.79,11,2,3,1,5,7840,52,0,0,6,1,5,1,700706,1000000
2024DL0005159,1,1678.79,39,1,1,1,12,47134,314,5000,4,5,1,1,1,700701,1000000
2024DL0005160,1,1678.79,27,1,1,1,13,60682,404,4000,1,1,1,1,1,700707,1000000
2024DL0005161,1,1678.79,4,1,5,1,7,2740,18,0,0,6,2,5,1,700700,1000000
2024DL0005162,1,1678.79,6,1,1,1,5,19382,129,0,0,6,1,5,1,700707,1000000
2024DL0005163,1,1678.79,3,1,5,1,7,10390,69,0,0,6,1,5,1,700709,1000000
2024DL0005164,1,1678.79,38,1,3,1,18,102556,501,1000,1,1,1,1,1,700701,1000000
2024DL0005165,1,1678.79,22,1,5,1,14,52462,349,6000,4,4,1,5,1,700707,1000000
2024DL0005166,1,1678.79,41,2,3,1,16,128684,501,3000,3,1,1,1,2,700702,1000000
2024DL0005167,1,1678.79,26,2,5,1,5,11189,74,6000,6,2,1,1,1,700709,1000000
2024DL0005168,1,1678.79,9,1,1,1,4,1538,10,0,0,6,1,5,2,700710,1000000
2024DL0005169,1,1678.79,2,2,3,1,5,11553,77,0,0,6,1,5,1,700700,1000000
2024DL0005170,1,1678.79,28,2,2,1,11,13799,91,9000,1,1,1,1,1,700710,1000000
2024DL0005171,1,1678.79,96,2,3,1,6,3946,26,0,0,6,1,1,1,700710,1000000
2024DL0005172,1,1678.79,54,2,1,1,15,53272,355,4000,1,1,1,5,1,700706,1000000
2024DL0005173,1,1678.79,71,1,6,1,11,14433,96,0,0,6,1,1,1,700703,1000000
2024DL0005174,1,1678.79,40,2,3,1,10,31877,212,6000,1,1,1,1,1,700705,1000000
2024DL0005175,1,1678.79,41,1,6,1,8,40123,267,6000,1,5,1,5,1,700701,1000000
2024DL0005176,1,1678.79,88,2,7,1,7,12835,85,0,0,6,1,1,1,700702,1000000
2024DL0005177,1,1678.79,86,2,3,1,7,8499,56,0,0,6,1,1,1,700700,1000000
2024DL0005178,1,1678.79,67,1,3,1,5,4337,28,6000,3,1,1,5,1,700700,1000000
2024DL0005179,1,1678.79,9,1,4,1,7,11270,75,0,0,6,1,5,1,700710,1000000
2024DL0005180,1,1678.79,25,1,1,1,8,16947,112,6000,1,5,1,1,1,700704,1000000
2024DL0005181,1,1678.79,22,2,3,1,14,19544,130,1000,1,1,1,5,1,700710,1000000
2024DL0005182,1,1678.79,14,2,6,1,3,5892,39,0,0,6,1,5,1,700702,1000000
2024DL0005183,1,1678.79,2,2,2,1,5,12889,85,0,0,6,1,5,1,700708,1000000
2024DL0005184,1,1678.79,13,2,5,1,3,5604,37,0,0,6,1,5,1,700700,1000000
2024DL0005185,1,1678.79,17,1,6,1,12,24036,160,0,0,6,1,5,1,700704,1000000
2024DL0005186,1,1678.79,44,2,6,1,18,122632,501,5000,1,1,1,5,1,700701,1000000
2024DL0005187,1,1678.79,37,1,1,1,13,87450,501,1000,1,1,1,2,2,700706,1000000
2024DL0005188,1,1678.79,31,2,9,1,12,13974,93,1000,3,1,1,1,1,700704,1000000
2024DL0005189,1,1678.79,7,1,6,1,1,15620,104,0,0,6,1,5,2,700706,1000000
2024DL0005190,1,1678.79,5,1,5,1,1,7714,51,0,0,6,1,5,1,700710,1000000
2024DL0005191,1,1678.79,23,1,1,1,15,70061,467,1000,1,1,1,5,1,700708,1000000
2024DL0005192,1,1678.79,33,1,1,1,7,32387,215,7000,4,1,1,1,1,700700,1000000
2024DL0005193,1,1678.79,44,2,4,1,11,24507,163,7000,1,3,1,1,2,700703,1000000
2024DL0005194,1,1678.79,31,2,2,1,14,38253,255,7000,1,4,1,1,1,700701,1000000
2024DL0005195,1,1678.79,5,1,6,1,6,5489,36,0,0,6,1,5,1,700703,1000000
2024DL0005196,1,1678.79,32,1,3,1,8,5274,35,8000,3,1,1,5,1,700710,1000000
2024DL0005197,1,1678.79,8,2,3,1,8,23094,153,0,0,6,1,5,1,700707,1000000
2024DL0005198,1,1678.79,56,1,5,1,7,20896,139,5000,6,1,1,5,1,700701,1000000
2024DL0005199,1,1678.79,19,1,6,1,12,12115,80,7000,4,2,1,5,1,700703,1000000
2024DL0005200,1,1678.79,0,1,1,1,5,4814,32,0,0,6,1,5,1,700702,1000000
2024DL0005201,1,1678.79,8,1,1,1,5,11723,78,0,0,6,1,5,1,700709,1000000
2024DL0005202,1,1678.79,27,2,1,1,15,80484,501,3000,3,1,1,5,1,700706,1000000
2024DL0005203,1,1678.79,8,1,1,1,1,9875,65,0,0,6,2,5,2,700703,1000000
2024DL0005204,1,1678.79,23,1,1,1,17,40251,268,3000,1,5,1,5,1,700708,1000000
2024DL0005205,1,1678.79,0,2,5,1,5,6066,40,0,0,6,1,5,1,700704,1000000
2024DL0005206,1,1678.79,52,2,2,1,8,50745,338,9800,1,5,1,3,1,700709,1000000
2024DL0005207,1,1678.79,54,1,2,1,12,31102,207,7000,3,5,1,1,1,700702,1000000
2024DL0005208,1,1678.79,16,2,5,1,16,16664,111,0,0,6,5,5,1,700709,1000000
2024DL0005209,1,1678.79,40,2,1,1,10,92643,501,6000,1,1,1,1,1,700703,1000000
2024DL0005210,1,1678.79,86,1,5,1,12,64765,431,0,0,6,1,1,1,700708,1000000
2024DL0005211,1,1678.79,34,1,2,1,8,13384,89,6000,4,1,1,1,1,700709,1000000
2024DL0005212,1,1678.79,40,1,8,1,6,14001,93,9800,1,1,1,1,1,700709,1000000
2024DL0005213,1,1678.79,14,2,6,1,5,8874,59,0,0,6,1,5,1,700701,1000000
2024DL0005214,1,1678.79,30,1,7,1,11,49079,327,7000,4,1,2,1,1,700701,1000000
2024DL0005215,1,1678.79,1,1,2,1,5,3128,20,0,0,6,1,5,2,700710,1000000
2024DL0005216,1,1678.79,21,1,2,1,16,63262,421,1000,1,1,1,1,1,700703,1000000
2024DL0005217,1,1678.79,10,1,1,1,5,8890,59,0,0,6,1,5,1,700701,1000000
2024DL0005218,1,1678.79,27,1,5,1,14,28071,187,2000,1,1,1,1,1,700702,1000000
2024DL0005219,1,1678.79,18,1,3,1,15,24898,165,4000,2,1,1,5,1,700710,1000000
2024DL0005220,1,1678.79,9,1,1,1,6,7336,48,0,0,6,1,5,1,700707,1000000
2024DL0005221,1,1678.79,36,1,3,1,11,52324,348,6000,4,1,5,1,1,700704,1000000
2024DL0005222,1,1678.79,33,1,4,1,5,49769,331,7000,4,2,1,5,1,700710,1000000
2024DL0005223,1,1678.79,13,1,1,1,2,6357,42,0,0,6,1,5,2,700710,1000000
2024DL0005224,1,1678.79,34,1,4,1,7,29352,195,7000,3,1,1,5,1,700703,1000000
2024DL0005225,1,1678.79,45,1,5,1,6,9270,61,8000,4,1,1,1,1,700703,1000000
2024DL0005226,1,1678.79,32,1,3,1,13,46748,311,2000,3,1,1,5,1,700706,1000000
2024DL0005227,1,1678.79,5,1,2,1,5,12204,81,0,0,6,1,5,1,700705,1000000
2024DL0005228,1,1678.79,5,1,5,1,1,32652,217,0,0,6,1,5,2,700702,1000000
2024DL0005229,1,1678.79,6,2,3,1,5,6569,43,0,0,6,1,5,1,700707,1000000
2024DL0005230,1,1678.79,8,1,5,1,1,17252,115,0,0,6,1,5,1,700709,1000000
2024DL0005231,1,1678.79,40,1,3,1,5,12312,82,6000,1,1,1,1,1,700704,1000000
2024DL0005232,1,1678.79,35,1,6,1,15,105946,501,5000,1,3,1,1,1,700706,1000000
2024DL0005233,1,1678.79,27,2,1,1,9,45974,306,1000,1,1,1,5,1,700706,1000000
2024DL0005234,1,1678.79,75,1,1,1,8,8041,53,0,0,6,1,1,1,700708,1000000
2024DL0005235,1,1678.79,13,2,3,1,1,5258,35,0,0,6,1,5,1,700705,1000000
2024DL0005236,1,1678.79,20,1,9,1,16,22491,149,3000,1,1,1,5,1,700705,1000000
2024DL0005237,1,1678.79,57,2,1,1,10,27867,185,7000,3,1,1,1,1,700709,1000000
2024DL0005238,1,1678.79,11,2,2,1,7,5687,37,0,0,6,1,5,1,700704,1000000
2024DL0005239,1,1678.79,10,1,6,1,6,2181,14,0,0,6,1,5,1,700704,1000000
2024DL0005240,1,1678.79,18,2,1,1,14,17462,116,4000,2,3,1,5,1,700705,1000000
2024DL0005241,1,1678.79,76,2,5,1,6,19224,128,0,0,6,1,3,1,700710,1000000
2024DL0005242,1,1678.79,27,1,4,1,12,38877,259,6000,4,1,1,5,1,700709,1000000
2024DL0005243,1,1678.79,4,1,1,1,8,2028,13,0,0,6,1,5,1,700706,1000000
2024DL0005244,1,1678.79,37,2,6,1,14,57516,383,6000,1,2,1,5,1,700704,1000000
2024DL0005245,1,1678.79,29,1,6,1,14,21023,140,4000,1,1,1,1,2,700701,1000000
2024DL0005246,1,1678.79,26,1,2,1,18,109677,501,4000,3,1,1,1,1,700702,1000000
2024DL0005247,1,1678.79,19,2,3,1,18,34013,226,4000,1,1,1,5,1,700704,1000000
2024DL0005248,1,1678.79,9,1,4,1,9,46937,312,0,0,6,1,5,2,700710,1000000
2024DL0005249,1,1678.79,50,2,3,1,11,50042,333,6000,1,1,1,1,1,700702,1000000
2024DL0005250,1,1678.79,25,2,4,1,12,69497,463,5000,1,4,1,1,1,700702,1000000
2024DL0005251,1,1678.79,32,1,2,1,7,9660,64,9800,3,1,1,1,1,700708,1000000
2024DL0005252,1,1678.79,19,2,1,1,20,64242,428,2000,1,4,1,5,1,700702,1000000
2024DL0005253,1,1678.79,20,1,4,1,12,20331,135,6000,4,1,1,5,1,700708,1000000
2024DL0005254,1,1678.79,13,1,3,1,5,5217,34,0,0,6,1,5,1,700704,1000000
2024DL0005255,1,1678.79,55,2,3,1,5,7341,48,9000,3,1,1,1,1,700704,1000000
2024DL0005256,1,1678.79,24,1,4,1,14,34160,227,7000,6,1,1,5,1,700708,1000000
2024DL0005257,1,1678.79,8,2,2,1,5,6412,42,0,0,6,1,5,1,700704,1000000
2024DL0005258,1,1678.79,14,1,2,1,6,4974,33,0,0,6,1,5,1,700700,1000000
2024DL0005259,1,1678.79,40,1,1,1,14,51278,341,7000,1,1,5,5,2,700700,1000000
2024DL0005260,1,1678.79,54,2,1,1,10,48174,321,7000,1,1,1,4,1,700704,1000000
2024DL0005261,1,1678.79,25,2,2,1,5,10774,71,9920,1,1,1,5,1,700700,1000000
2024DL0005262,1,1678.79,23,2,3,1,20,145205,501,1000,1,3,1,5,1,700708,1000000
2024DL0005263,1,1678.79,45,1,1,1,15,72712,484,4000,1,1,1,5,1,700710,1000000
2024DL0005264,1,1678.79,11,2,1,1,2,10340,68,0,0,6,1,5,1,700707,1000000
2024DL0005265,1,1678.79,6,2,1,1,2,6005,40,0,0,6,1,5,1,700701,1000000
2024DL0005266,1,1678.79,39,1,1,1,10,60251,401,8000,3,1,1,5,1,700704,1000000
2024DL0005267,1,1678.79,51,1,4,1,13,53409,356,7000,4,1,1,1,1,700707,1000000
2024DL0005268,1,1678.79,23,2,1,1,14,67835,452,3000,2,1,1,1,1,700708,1000000
2024DL0005269,1,1678.79,43,1,1,1,11,16875,112,6000,1,2,1,1,2,700701,1000000
2024DL0005270,1,1678.79,42,2,5,1,7,47241,314,8000,1,1,1,1,1,700708,1000000
2024DL0005271,1,1678.79,39,1,2,1,10,31320,208,6000,1,1,1,1,2,700703,1000000
2024DL0005272,1,1678.79,26,1,1,1,13,56154,374,9000,1,1,1,5,1,700709,1000000
2024DL0005273,1,1678.79,30,2,4,1,7,33144,220,9800,1,2,1,1,2,700706,1000000
2024DL0005274,1,1678.79,34,2,4,1,16,194314,501,4000,1,1,1,5,1,700706,1000000
2024DL0005275,1,1678.79,17,2,4,1,17,20894,139,0,0,6,1,5,1,700704,1000000
2024DL0005276,1,1678.79,28,1,2,1,9,59025,393,6000,6,1,1,1,1,700707,1000000
2024DL0005277,1,1678.79,24,2,4,1,14,15328,102,3000,3,5,1,5,1,700702,1000000
2024DL0005278,1,1678.79,18,1,3,1,19,137727,501,3000,1,1,1,5,1,700709,1000000
2024DL0005279,1,1678.79,28,2,3,1,6,23433,156,9920,4,1,1,1,1,700707,1000000
2024DL0005280,1,1678.79,10,2,4,1,7,7306,48,0,0,6,1,5,1,700709,1000000
2024DL0005281,1,1678.79,29,1,7,1,8,31038,206,9800,3,1,1,1,1,700710,1000000
2024DL0005282,1,1678.79,10,2,1,1,2,8943,59,0,0,6,1,5,1,700706,1000000
2024DL0005283,1,1678.79,19,2,2,1,18,52826,352,3000,1,1,1,5,1,700706,1000000
2024DL0005284,1,1678.79,38,1,3,1,18,81032,501,3000,1,1,1,5,1,700705,1000000
2024DL0005285,1,1678.79,15,1,3,1,20,41220,274,0,0,6,2,5,1,700704,1000000
2024DL0005286,1,1678.79,11,2,4,1,5,6354,42,0,0,6,1,5,1,700709,1000000
2024DL0005287,1,1678.79,56,1,2,1,15,221357,501,4000,2,1,1,2,1,700700,1000000
2024DL0005288,1,1678.79,4,1,4,1,7,10136,67,0,0,6,1,5,2,700707,1000000
2024DL0005289,1,1678.79,44,2,1,1,17,72538,483,5000,1,1,1,1,1,700703,1000000
2024DL0005290,1,1678.79,44,1,4,1,19,131742,501,1000,2,1,1,1,1,700708,1000000
2024DL0005291,1,1678.79,40,1,3,1,12,33821,225,9800,3,1,1,3,1,700706,1000000
2024DL0005292,1,1678.79,21,2,1,1,15,58312,388,3000,1,1,1,5,1,700706,1000000
2024DL0005293,1,1678.79,23,1,3,1,16,82203,501,4000,1,1,1,5,2,700710,1000000
2024DL0005294,1,1678.79,16,2,6,1,14,17586,117,0,0,6,1,5,2,700705,1000000
2024DL0005295,1,1678.79,22,2,2,1,17,66968,446,4000,3,2,1,1,1,700708,1000000
2024DL0005296,1,1678.79,30,2,1,1,5,13917,92,7000,1,1,1,1,1,700701,1000000
2024DL0005297,1,1678.79,23,1,3,1,14,27215,181,9000,4,1,1,5,1,700701,1000000
2024DL0005298,1,1678.79,24,2,1,1,17,62782,418,6000,3,1,1,5,1,700700,1000000
2024DL0005299,1,1678.79,2,2,2,1,4,15371,102,0,0,6,1,5,1,700700,1000000
2024DL0005300,1,1678.79,96,1,5,1,9,50806,338,0,0,6,2,1,1,700700,1000000
2024DL0005301,1,1678.79,29,1,1,1,9,43208,288,8000,1,1,1,5,1,700707,1000000
2024DL0005302,1,1678.79,32,1,8,1,18,85244,501,6000,1,1,1,5,1,700702,1000000
2024DL0005303,1,1678.79,56,2,1,1,6,62533,416,6000,1,1,1,5,1,700706,1000000
2024DL0005304,1,1678.79,2,1,3,1,1,7337,48,0,0,6,1,5,1,700710,1000000
2024DL0005305,1,1678.79,54,1,4,1,10,55887,372,7000,4,5,1,5,1,700707,1000000
2024DL0005306,1,1678.79,36,2,1,1,12,75453,501,6000,1,1,1,1,1,700702,1000000
2024DL0005307,1,1678.79,14,1,9,1,5,3705,24,0,0,6,1,5,1,700706,1000000
2024DL0005308,1,1678.79,5,1,1,1,2,10539,70,0,0,6,1,5,1,700701,1000000
2024DL0005309,1,1678.79,95,1,1,1,5,8456,56,0,0,6,1,5,1,700708,1000000
2024DL0005310,1,1678.79,12,1,1,1,1,17580,117,0,0,6,1,5,2,700702,1000000
2024DL0005311,1,1678.79,41,2,1,1,9,105156,501,1000,1,3,2,1,1,700708,1000000
2024DL0005312,1,1678.79,10,1,4,1,1,9437,62,0,0,6,1,5,1,700701,1000000
2024DL0005313,1,1678.79,34,2,1,1,11,225971,501,5000,4,1,2,1,1,700708,1000000
2024DL0005314,1,1678.79,0,2,2,1,9,9773,65,0,0,6,1,5,1,700704,1000000
2024DL0005315,1,1678.79,12,1,2,1,8,2160,14,0,0,6,1,5,1,700705,1000000
2024DL0005316,1,1678.79,84,1,3,1,6,15000,100,0,0,6,1,1,1,700701,1000000
2024DL0005317,1,1678.79,0,2,2,1,7,14842,98,0,0,6,1,5,1,700709,1000000
2024DL0005318,1,1678.79,34,2,5,1,15,75232,501,2000,1,1,1,1,1,700708,1000000
2024DL0005319,1,1678.79,33,2,1,1,15,132596,501,4000,3,2,1,1,1,700707,1000000
2024DL0005320,1,1678.79,66,1,5,1,5,20369,135,9920,1,1,1,1,1,700708,1000000
2024DL0005321,1,1678.79,3,1,1,1,3,6714,44,0,0,6,1,5,1,700709,1000000
2024DL0005322,1,1678.79,37,2,6,1,15,84323,501,6000,3,2,1,1,1,700708,1000000
2024DL0005323,1,1678.79,0,2,1,1,6,6416,42,0,0,6,1,5,2,700708,1000000
2024DL0005324,1,1678.79,17,2,2,1,17,12453,83,0,0,6,1,5,2,700706,1000000
2024DL0005325,1,1678.79,27,2,5,1,14,17827,118,3000,1,1,1,1,1,700701,1000000
2024DL0005326,1,1678.79,57,2,4,1,13,36280,241,1000,1,5,2,1,1,700708,1000000
2024DL0005327,1,1678.79,23,1,1,1,20,507820,501,3000,1,1,1,5,1,700706,1000000
2024DL0005328,1,1678.79,7,2,1,1,5,14345,95,0,0,6,1,5,2,700702,1000000
2024DL0005329,1,1678.79,7,2,1,1,1,13177,87,0,0,6,1,5,1,700710,1000000
2024DL0005330,1,1678.79,35,1,1,1,9,42439,282,7000,3,1,1,1,1,700708,1000000
2024DL0005331,1,1678.79,41,1,3,1,8,10376,69,5000,1,1,1,1,1,700704,1000000
2024DL0005332,1,1678.79,42,1,8,1,11,66263,441,8000,4,5,1,3,1,700705,1000000
2024DL0005333,1,1678.79,38,1,2,1,11,28313,188,7000,3,1,1,3,1,700700,1000000
2024DL0005334,1,1678.79,37,1,1,1,10,38656,257,9000,1,1,1,5,1,700705,1000000
2024DL0005335,1,1678.79,3,1,2,1,5,7276,48,0,0,6,1,5,1,700702,1000000
2024DL0005336,1,1678.79,15,2,1,1,20,45393,302,0,0,6,1,5,1,700708,1000000
2024DL0005337,1,1678.79,34,2,6,1,15,123028,501,6000,1,1,1,1,1,700705,1000000
2024DL0005338,1,1678.79,65,1,2,1,5,22431,149,8000,1,1,1,1,1,700701,1000000
2024DL0005339,1,1678.79,19,2,6,1,18,28206,188,6000,1,1,1,5,2,700701,1000000
2024DL0005340,1,1678.79,19,2,2,1,17,37405,249,5000,6,5,1,5,1,700704,1000000
2024DL0005341,1,1678.79,42,2,9,1,9,55967,373,7000,1,1,1,3,1,700704,1000000
2024DL0005342,1,1678.79,41,1,1,1,8,45225,301,5000,1,1,1,1,1,700700,1000000
2024DL0005343,1,1678.79,31,1,6,1,13,39182,261,5000,1,1,1,5,1,700709,1000000
2024DL0005344,1,1678.79,25,1,4,1,14,27276,181,8000,1,2,1,1,1,700706,1000000
2024DL0005345,1,1678.79,23,1,1,1,19,136583,501,2000,1,1,5,1,2,700705,1000000
2024DL0005346,1,1678.79,26,2,2,1,6,10588,70,7000,3,1,1,1,1,700709,1000000
2024DL0005347,1,1678.79,4,1,8,1,5,3665,24,0,0,6,1,5,1,700707,1000000
2024DL0005348,1,1678.79,1,1,5,1,9,9316,62,0,0,6,1,5,1,700706,1000000
2024DL0005349,1,1678.79,9,2,1,1,3,4474,29,0,0,6,1,5,2,700700,1000000
2024DL0005350,1,1678.79,3,2,1,1,5,6619,44,0,0,6,1,5,1,700706,1000000
2024DL0005351,1,1678.79,9,1,1,1,1,2454,16,0,0,6,1,5,1,700705,1000000
2024DL0005352,1,1678.79,35,1,4,1,12,82396,501,5000,4,1,1,5,1,700706,1000000
2024DL0005353,1,1678.79,14,2,4,1,6,2311,15,0,0,6,1,5,1,700710,1000000
2024DL0005354,1,1678.79,6,2,4,1,2,17495,116,0,0,6,1,5,1,700709,1000000
2024DL0005355,1,1678.79,53,2,5,1,7,6457,43,8000,1,1,1,3,1,700710,1000000
2024DL0005356,1,1678.79,45,1,1,1,11,59837,398,9800,6,1,1,2,1,700702,1000000
2024DL0005357,1,1678.79,40,2,5,1,10,40190,267,5000,1,1,1,1,1,700709,1000000
2024DL0005358,1,1678.79,21,1,2,1,16,57363,382,1000,2,1,1,5,2,700709,1000000
2024DL0005359,1,1678.79,49,1,2,1,10,151274,501,7000,1,1,1,1,1,700706,1000000
2024DL0005360,1,1678.79,27,1,6,1,12,112557,501,3000,2,1,2,5,1,700707,1000000
2024DL0005361,1,1678.79,55,1,1,1,20,130639,501,3000,1,1,1,1,1,700703,1000000
2024DL0005362,1,1678.79,26,1,1,1,14,82952,501,3000,2,1,1,5,1,700708,1000000
2024DL0005363,1,1678.79,26,1,1,1,14,28777,191,6000,1,5,1,1,1,700700,1000000
2024DL0005364,1,1678.79,3,2,1,1,3,17584,117,0,0,6,1,5,1,700704,1000000
2024DL0005365,1,1678.79,70,2,1,1,6,6417,42,6000,1,1,2,2,1,700703,1000000
2024DL0005366,1,1678.79,49,2,3,1,8,26264,175,9000,3,1,1,1,1,700710,1000000
2024DL0005367,1,1678.79,19,1,5,1,17,65081,433,4000,1,1,2,5,1,700704,1000000
2024DL0005368,1,1678.79,53,1,1,1,5,4190,27,8000,4,1,1,3,1,700707,1000000
2024DL0005369,1,1678.79,44,1,8,1,5,14981,99,5000,1,1,1,1,1,700707,1000000
2024DL0005370,1,1678.79,27,2,6,1,9,104155,501,2000,1,1,1,1,1,700701,1000000
2024DL0005371,1,1678.79,26,2,2,1,11,17863,119,9000,3,1,1,5,1,700709,1000000
2024DL0005372,1,1678.79,20,1,5,1,20,46890,312,4000,1,5,1,5,1,700707,1000000
2024DL0005373,1,1678.79,41,1,1,1,12,34420,229,8000,1,1,1,1,2,700709,1000000
2024DL0005374,1,1678.79,36,2,6,1,16,82202,501,1000,1,3,1,1,1,700702,1000000
2024DL0005375,1,1678.79,1,2,6,1,7,2156,14,0,0,6,1,5,1,700710,1000000
2024DL0005376,1,1678.79,12,1,9,1,3,2446,16,0,0,6,1,5,1,700706,1000000
2024DL0005377,1,1678.79,20,2,1,1,16,57592,383,4000,1,1,1,5,1,700710,1000000
2024DL0005378,1,1678.79,5,1,3,1,2,4512,30,0,0,6,1,5,1,700710,1000000
2024DL0005379,1,1678.79,2,2,1,1,5,2791,18,0,0,6,1,5,1,700702,1000000
2024DL0005380,1,1678.79,43,1,1,1,5,4360,29,6000,1,1,1,1,1,700707,1000000
2024DL0005381,1,1678.79,26,1,6,1,5,13238,88,6000,1,2,1,5,1,700708,1000000
2024DL0005382,1,1678.79,47,1,2,1,11,24841,165,6000,6,1,1,1,1,700700,1000000
2024DL0005383,1,1678.79,4,1,1,1,5,7312,48,0,0,6,1,5,1,700707,1000000
2024DL0005384,1,1678.79,38,1,2,1,8,7112,47,9920,1,1,1,3,1,700706,1000000
2024DL0005385,1,1678.79,23,2,4,1,13,21829,145,6000,6,3,1,5,1,700710,1000000
2024DL0005386,1,1678.79,10,1,2,1,6,4226,28,0,0,6,1,5,1,700707,1000000
2024DL0005387,1,1678.79,50,1,5,1,7,9455,63,9800,1,1,1,1,1,700703,1000000
2024DL0005388,1,1678.79,28,2,1,1,5,51238,341,6000,4,1,1,1,1,700703,1000000
2024DL0005389,1,1678.79,36,2,4,1,12,20839,138,5000,1,1,1,1,1,700709,1000000
2024DL0005390,1,1678.79,6,1,3,1,4,5307,35,0,0,6,2,5,1,700701,1000000
2024DL0005391,1,1678.79,34,2,4,1,6,17122,114,9000,1,1,1,1,1,700710,1000000
2024DL0005392,1,1678.79,48,1,6,1,10,50922,339,7000,1,1,1,1,1,700702,1000000
2024DL0005393,1,1678.79,22,1,5,1,20,56229,374,4000,1,1,1,5,1,700703,1000000
2024DL0005394,1,1678.79,42,2,2,1,12,32304,215,5000,4,2,1,1,1,700710,1000000
2024DL0005395,1,1678.79,21,1,1,1,15,30392,202,6000,1,1,1,1,1,700702,1000000
2024DL0005396,1,1678.79,44,1,8,1,8,25790,171,7000,1,4,2,1,1,700709,1000000
2024DL0005397,1,1678.79,17,1,5,1,13,16358,109,0,0,6,2,5,2,700701,1000000
2024DL0005398,1,1678.79,4,2,2,1,8,13352,89,0,0,6,1,5,1,700710,1000000
2024DL0005399,1,1678.79,9,2,5,1,4,17630,117,0,0,6,1,5,2,700703,1000000
2024DL0005400,1,1678.79,1,1,4,1,3,6671,44,0,0,6,1,5,1,700702,1000000
2024DL0005401,1,1678.79,15,1,1,1,14,9332,62,0,0,6,1,5,1,700705,1000000
2024DL0005402,1,1678.79,58,1,2,1,13,71654,477,8000,1,1,1,2,1,700710,1000000
2024DL0005403,1,1678.79,58,2,1,1,9,113434,501,6000,4,1,1,2,1,700705,1000000
2024DL0005404,1,1678.79,11,2,6,1,1,6125,40,0,0,6,1,5,1,700701,1000000
2024DL0005405,1,1678.79,32,2,5,1,12,23959,159,6000,1,1,5,1,1,700702,1000000
2024DL0005406,1,1678.79,6,1,5,1,1,8830,58,0,0,6,1,5,1,700701,1000000
2024DL0005407,1,1678.79,34,1,6,1,9,191254,501,4000,2,1,1,1,1,700706,1000000
2024DL0005408,1,1678.79,38,2,5,1,7,15842,105,9920,3,1,1,1,1,700710,1000000
2024DL0005409,1,1678.79,40,1,1,1,7,66396,442,7000,6,1,1,1,1,700702,1000000
2024DL0005410,1,1678.79,43,2,4,1,16,186877,501,4000,1,3,1,1,1,700703,1000000
2024DL0005411,1,1678.79,24,2,2,1,11,37947,252,6000,1,1,1,5,2,700709,1000000
2024DL0005412,1,1678.79,27,1,3,1,8,54824,365,5000,1,1,1,1,1,700709,1000000
2024DL0005413,1,1678.79,17,2,4,1,18,22552,150,0,0,6,1,5,1,700703,1000000
2024DL0005414,1,1678.79,80,2,1,1,10,19031,126,0,0,6,1,1,1,700702,1000000
2024DL0005415,1,1678.79,4,2,1,1,1,1887,12,0,0,6,1,5,1,700700,1000000
2024DL0005416,1,1678.79,6,1,3,1,4,9510,63,0,0,6,1,5,1,700707,1000000
2024DL0005417,1,1678.79,40,1,6,1,12,91444,501,6000,4,1,1,1,2,700702,1000000
2024DL0005418,1,1678.79,40,1,5,1,7,59695,397,6000,1,1,1,5,2,700709,1000000
2024DL0005419,1,1678.79,40,1,3,1,8,9657,64,9800,1,1,5,1,1,700705,1000000
2024DL0005420,1,1678.79,38,1,2,1,5,22756,151,5000,1,1,1,1,1,700706,1000000
2024DL0005421,1,1678.79,43,2,2,1,7,81928,501,6000,4,1,1,5,2,700706,1000000
2024DL0005422,1,1678.79,2,1,3,1,4,3230,21,0,0,6,1,5,1,700705,1000000
2024DL0005423,1,1678.79,54,2,3,1,5,25730,171,6000,1,1,1,3,1,700702,1000000
2024DL0005424,1,1678.79,58,2,2,1,10,14015,93,7000,1,1,1,2,1,700704,1000000
2024DL0005425,1,1678.79,14,1,3,1,9,22296,148,0,0,6,1,5,1,700708,1000000
2024DL0005426,1,1678.79,30,2,1,1,12,37161,247,6000,1,3,1,5,1,700705,1000000
2024DL0005427,1,1678.79,28,2,3,1,7,12160,81,9800,6,1,5,5,1,700703,1000000
2024DL0005428,1,1678.79,5,1,4,1,4,5268,35,0,0,6,1,5,1,700708,1000000
2024DL0005429,1,1678.79,33,1,5,1,9,36066,240,5000,4,1,1,5,1,700704,1000000
2024DL0005430,1,1678.79,18,2,2,1,20,48961,326,3000,1,1,1,5,1,700702,1000000
2024DL0005431,1,1678.79,17,1,1,1,16,43174,287,0,0,6,1,5,1,700708,1000000
2024DL0005432,1,1678.79,14,1,6,1,2,5453,36,0,0,6,1,5,1,700708,1000000
2024DL0005433,1,1678.79,58,1,3,1,7,17281,115,9800,3,1,1,1,1,700700,1000000
2024DL0005434,1,1678.79,14,1,1,1,2,8210,54,0,0,6,1,5,1,700704,1000000
2024DL0005435,1,1678.79,48,1,1,1,13,29678,197,9000,3,1,1,5,1,700702,1000000
2024DL0005436,1,1678.79,11,2,1,1,3,8879,59,0,0,6,1,5,1,700704,1000000
2024DL0005437,1,1678.79,10,1,4,1,4,5698,37,0,0,6,1,5,1,700708,1000000
2024DL0005438,1,1678.79,14,1,1,1,3,14561,97,0,0,6,1,5,1,700707,1000000
2024DL0005439,1,1678.79,75,1,1,1,5,11293,75,0,0,6,1,2,1,700707,1000000
2024DL0005440,1,1678.79,35,2,1,1,18,91149,501,2000,1,1,1,5,1,700702,1000000
2024DL0005441,1,1678.79,52,1,1,1,10,43670,291,5000,1,1,1,3,1,700707,1000000
2024DL0005442,1,1678.79,13,1,9,1,3,21806,145,0,0,6,1,5,1,700708,1000000
2024DL0005443,1,1678.79,40,1,4,1,16,70711,471,4000,1,1,1,1,1,700706,1000000
2024DL0005444,1,1678.79,50,2,3,1,14,19953,133,5000,4,1,1,1,1,700709,1000000
2024DL0005445,1,1678.79,49,1,4,1,12,56419,376,6000,4,3,1,1,1,700707,1000000
2024DL0005446,1,1678.79,26,2,5,1,12,29742,198,5000,3,1,1,5,1,700704,1000000
2024DL0005447,1,1678.79,15,2,3,1,20,64260,428,0,0,6,1,5,1,700703,1000000
2024DL0005448,1,1678.79,20,2,5,1,14,46640,310,2000,3,2,1,5,1,700703,1000000
2024DL0005449,1,1678.79,49,1,5,1,8,4594,30,7000,1,1,1,5,1,700703,1000000
2024DL0005450,1,1678.79,13,1,3,1,4,13808,92,0,0,6,1,5,1,700709,1000000
2024DL0005451,1,1678.79,23,2,2,1,18,110107,501,1000,1,1,1,1,1,700705,1000000
2024DL0005452,1,1678.79,78,2,5,1,11,42322,282,0,0,6,1,2,2,700705,1000000
2024DL0005453,1,1678.79,6,1,1,1,8,5470,36,0,0,6,1,5,1,700701,1000000
2024DL0005454,1,1678.79,14,2,1,1,7,8762,58,0,0,6,1,5,1,700707,1000000
2024DL0005455,1,1678.79,17,2,1,1,13,12862,85,0,0,6,1,5,1,700708,1000000
2024DL0005456,1,1678.79,22,1,1,1,15,49685,331,4000,1,2,1,5,2,700704,1000000
2024DL0005457,1,1678.79,49,1,5,1,9,57446,382,7000,6,1,1,1,1,700704,1000000
2024DL0005458,1,1678.79,42,2,3,1,15,123074,501,3000,3,1,1,3,2,700710,1000000
2024DL0005459,1,1678.79,27,1,1,1,6,2871,19,9000,1,1,1,1,1,700708,1000000
2024DL0005460,1,1678.79,47,1,2,1,14,42859,285,7000,4,2,1,1,1,700709,1000000
2024DL0005461,1,1678.79,23,1,2,1,13,24816,165,7000,1,1,1,5,1,700703,1000000
2024DL0005462,1,1678.79,22,1,5,1,15,86562,501,6000,6,1,1,5,1,700705,1000000
2024DL0005463,1,1678.79,10,2,2,1,5,4182,27,0,0,6,1,5,1,700702,1000000
2024DL0005464,1,1678.79,26,2,5,1,12,27932,186,1000,1,3,1,5,1,700702,1000000
2024DL0005465,1,1678.79,48,2,2,1,7,24898,165,9000,3,1,1,1,1,700705,1000000
2024DL0005466,1,1678.79,40,1,1,1,5,5800,38,7000,1,1,1,1,1,700704,1000000
2024DL0005467,1,1678.79,21,1,9,1,12,4485,29,9000,1,1,1,1,1,700704,1000000
2024DL0005468,1,1678.79,35,2,3,1,8,6671,44,7000,1,1,1,1,1,700710,1000000
2024DL0005469,1,1678.79,37,1,2,1,6,25398,169,5000,3,1,1,1,1,700701,1000000
2024DL0005470,1,1678.79,21,2,1,1,14,27767,185,8000,1,1,1,5,1,700707,1000000
2024DL0005471,1,1678.79,92,1,3,1,9,6937,46,0,0,6,1,1,1,700701,1000000
2024DL0005472,1,1678.79,16,2,4,1,10,16437,109,0,0,6,1,5,1,700708,1000000
2024DL0005473,1,1678.79,52,2,2,1,15,69955,466,3000,1,1,1,1,1,700704,1000000
2024DL0005474,1,1678.79,0,2,1,1,8,6534,43,0,0,6,1,5,1,700703,1000000
2024DL0005475,1,1678.79,47,1,1,1,8,7635,50,5000,1,1,1,1,1,700704,1000000
2024DL0005476,1,1678.79,35,2,4,1,7,15609,104,6000,1,1,1,1,2,700702,1000000
2024DL0005477,1,1678.79,58,1,3,1,9,28132,187,2000,3,1,1,1,1,700705,1000000
2024DL0005478,1,1678.79,42,2,1,1,6,30030,200,9000,1,4,1,5,1,700700,1000000
2024DL0005479,1,1678.79,34,2,6,1,11,29498,196,8000,4,3,1,1,1,700710,1000000
2024DL0005480,1,1678.79,86,1,3,1,11,25267,168,0,0,6,1,1,1,700709,1000000
2024DL0005481,1,1678.79,29,1,3,1,15,57845,385,5000,1,1,1,1,1,700704,1000000
2024DL0005482,1,1678.79,36,2,2,1,11,27321,182,4000,1,4,1,5,1,700702,1000000
2024DL0005483,1,1678.79,53,2,5,1,14,21311,142,4000,1,1,1,1,1,700708,1000000
2024DL0005484,1,1678.79,20,1,2,1,18,18421,122,5000,1,1,1,5,1,700705,1000000
2024DL0005485,1,1678.79,44,1,3,1,8,26331,175,8000,4,1,1,1,1,700709,1000000
2024DL0005486,1,1678.79,41,1,1,1,16,79696,501,2000,1,2,1,1,1,700701,1000000
2024DL0005487,1,1678.79,0,1,1,1,6,6710,44,0,0,6,1,5,2,700701,1000000
2024DL0005488,1,1678.79,3,1,5,1,1,16604,110,0,0,6,1,5,1,700702,1000000
2024DL0005489,1,1678.79,82,1,1,1,12,31088,207,0,0,6,1,1,1,700707,1000000
2024DL0005490,1,1678.79,26,1,2,1,14,21571,143,1000,1,1,1,1,1,700706,1000000
2024DL0005491,1,1678.79,20,1,2,1,11,12442,82,6000,3,2,1,5,1,700703,1000000
2024DL0005492,1,1678.79,10,1,5,1,4,3829,25,0,0,6,1,5,2,700706,1000000
2024DL0005493,1,1678.79,6,1,1,1,3,5157,34,0,0,6,1,5,1,700706,1000000
2024DL0005494,1,1678.79,7,2,2,1,4,3372,22,0,0,6,1,5,1,700710,1000000
2024DL0005495,1,1678.79,54,1,1,1,10,36694,244,5000,3,4,1,1,1,700705,1000000
2024DL0005496,1,1678.79,10,1,5,1,2,22329,148,0,0,6,1,5,1,700708,1000000
2024DL0005497,1,1678.79,47,1,1,1,5,28718,191,7000,1,1,1,1,1,700710,1000000
2024DL0005498,1,1678.79,14,1,4,1,8,8565,57,0,0,6,1,5,1,700702,1000000
2024DL0005499,1,1678.79,12,1,1,1,6,10270,68,0,0,6,1,5,1,700703,1000000
2024DL0005500,1,1678.79,54,2,4,1,6,13990,93,9000,1,1,1,1,1,700701,1000000
2024DL0005501,1,1678.79,57,1,1,1,8,88432,501,6000,4,1,1,2,1,700708,1000000
2024DL0005502,1,1678.79,18,2,1,1,17,96182,501,6000,4,1,1,5,1,700700,1000000
2024DL0005503,1,1678.79,38,1,3,1,10,77556,501,7000,3,1,1,5,1,700707,1000000
2024DL0005504,1,1678.79,18,2,6,1,15,69941,466,1000,2,2,1,5,1,700700,1000000
2024DL0005505,1,1678.79,35,1,1,1,19,159468,501,4000,2,1,1,1,1,700704,1000000
2024DL0005506,1,1678.79,71,1,3,1,6,4945,32,0,0,6,1,1,1,700704,1000000
2024DL0005507,1,1678.79,47,1,6,1,12,24304,162,4000,3,1,1,1,1,700708,1000000
2024DL0005508,1,1678.79,52,2,5,1,11,53353,355,4000,3,5,1,1,1,700710,1000000
2024DL0005509,1,1678.79,42,1,3,1,8,29462,196,6000,4,1,5,5,1,700706,1000000
2024DL0005510,1,1678.79,39,2,4,1,5,21041,140,5000,6,1,1,1,1,700710,1000000
2024DL0005511,1,1678.79,28,2,1,1,5,30733,204,5000,3,1,1,1,1,700709,1000000
2024DL0005512,1,1678.79,4,2,3,1,3,3906,26,0,0,6,1,5,2,700708,1000000
2024DL0005513,1,1678.79,27,2,3,1,11,20143,134,7000,3,1,1,5,1,700710,1000000
2024DL0005514,1,1678.79,13,2,3,1,6,10068,67,0,0,6,1,5,1,700707,1000000
2024DL0005515,1,1678.79,54,2,4,1,12,23321,155,6000,3,1,1,1,1,700708,1000000
2024DL0005516,1,1678.79,58,1,1,1,7,10439,69,8000,3,3,1,1,1,700701,1000000
2024DL0005517,1,1678.79,2,2,5,1,2,11277,75,0,0,6,1,5,1,700709,1000000
2024DL0005518,1,1678.79,20,1,1,1,17,62140,414,6000,1,2,1,5,1,700708,1000000
2024DL0005519,1,1678.79,2,2,1,1,3,10314,68,0,0,6,1,5,2,700700,1000000
2024DL0005520,1,1678.79,41,2,4,1,11,47017,313,4000,3,4,1,1,1,700702,1000000
2024DL0005521,1,1678.79,40,1,2,1,14,23667,157,6000,1,5,1,1,1,700710,1000000
2024DL0005522,1,1678.79,8,2,1,1,2,9835,65,0,0,6,1,5,1,700703,1000000
2024DL0005523,1,1678.79,3,1,7,1,6,26776,178,0,0,6,1,5,1,700700,1000000
2024DL0005524,1,1678.79,14,1,8,1,5,6730,44,0,0,6,1,5,1,700704,1000000
2024DL0005525,1,1678.79,56,1,5,1,8,9466,63,9000,1,1,1,2,1,700702,1000000
2024DL0005526,1,1678.79,54,2,5,1,9,9682,64,1000,1,1,1,2,2,700705,1000000
2024DL0005527,1,1678.79,87,2,3,1,6,16209,108,0,0,6,1,1,1,700702,1000000
2024DL0005528,1,1678.79,13,2,1,1,2,15071,100,0,0,6,1,5,1,700703,1000000
2024DL0005529,1,1678.79,2,2,1,1,4,16671,111,0,0,6,2,5,1,700707,1000000
2024DL0005530,1,1678.79,10,2,1,1,4,5104,34,0,0,6,1,5,1,700700,1000000
2024DL0005531,1,1678.79,33,1,1,1,12,67447,449,9000,4,1,1,5,1,700705,1000000
2024DL0005532,1,1678.79,47,1,1,1,18,87572,501,4000,1,1,1,1,2,700701,1000000
2024DL0005533,1,1678.79,15,1,1,1,15,89134,501,0,0,6,1,5,1,700709,1000000
2024DL0005534,1,1678.79,17,2,4,1,12,6859,45,0,0,6,1,5,1,700703,1000000
2024DL0005535,1,1678.79,21,1,1,1,10,17347,115,9000,1,1,5,5,1,700704,1000000
2024DL0005536,1,1678.79,75,1,6,1,5,5386,35,0,0,6,1,1,1,700706,1000000
2024DL0005537,1,1678.79,11,1,6,1,2,9392,62,0,0,6,5,5,1,700707,1000000
2024DL0005538,1,1678.79,26,1,3,1,20,156117,501,1000,3,2,1,5,1,700705,1000000
2024DL0005539,1,1678.79,50,1,5,1,15,100057,501,6000,4,1,1,5,1,700703,1000000
2024DL0005540,1,1678.79,36,2,1,1,6,4868,32,9920,3,1,1,1,1,700703,1000000
2024DL0005541,1,1678.79,37,2,5,1,14,74177,494,2000,1,1,1,1,1,700704,1000000
2024DL0005542,1,1678.79,0,1,2,1,1,4956,33,0,0,6,1,5,1,700703,1000000
2024DL0005543,1,1678.79,33,1,1,1,7,16633,110,9920,1,1,1,5,1,700708,1000000
2024DL0005544,1,1678.79,37,1,9,1,9,129838,501,4000,2,1,1,1,1,700700,1000000
2024DL0005545,1,1678.79,12,2,6,1,2,12394,82,0,0,6,1,5,1,700702,1000000
2024DL0005546,1,1678.79,28,1,1,1,11,77650,501,2000,1,1,1,1,1,700706,1000000
2024DL0005547,1,1678.79,17,2,1,1,12,7573,50,0,0,6,1,5,1,700710,1000000
2024DL0005548,1,1678.79,37,1,5,1,7,25082,167,7000,3,1,1,1,1,700703,1000000
2024DL0005549,1,1678.79,30,2,1,1,13,33237,221,7000,1,1,1,1,1,700703,1000000
2024DL0005550,1,1678.79,41,2,1,1,12,29668,197,7000,1,1,1,1,1,700707,1000000
2024DL0005551,1,1678.79,7,2,3,1,4,8033,53,0,0,6,1,5,1,700707,1000000
2024DL0005552,1,1678.79,12,2,1,1,1,5425,36,0,0,6,1,5,1,700707,1000000
2024DL0005553,1,1678.79,4,2,1,1,6,3753,25,0,0,6,1,5,1,700709,1000000
2024DL0005554,1,1678.79,15,2,1,1,13,14772,98,0,0,6,1,5,2,700703,1000000
2024DL0005555,1,1678.79,6,1,2,1,4,5911,39,0,0,6,1,5,1,700705,1000000
2024DL0005556,1,1678.79,54,1,3,1,8,9038,60,7000,1,1,1,1,1,700705,1000000
2024DL0005557,1,1678.79,22,1,1,1,13,35998,239,9000,1,1,1,1,1,700707,1000000
2024DL0005558,1,1678.79,6,1,1,1,9,16823,112,0,0,6,1,5,1,700710,1000000
2024DL0005559,1,1678.79,47,1,6,1,16,197182,501,4000,1,1,1,1,2,700707,1000000
2024DL0005560,1,1678.79,23,2,1,1,13,141934,501,2000,1,1,1,1,1,700705,1000000
2024DL0005561,1,1678.79,29,2,1,1,14,14843,98,6000,1,1,1,5,1,700702,1000000
2024DL0005562,1,1678.79,37,1,3,1,10,25644,170,2000,3,1,1,1,1,700701,1000000
2024DL0005563,1,1678.79,8,1,1,1,4,3685,24,0,0,6,1,5,1,700710,1000000
2024DL0005564,1,1678.79,54,2,1,1,5,9436,62,7000,1,1,1,1,1,700703,1000000
2024DL0005565,1,1678.79,19,2,4,1,14,4644,30,6000,1,1,2,5,1,700708,1000000
2024DL0005566,1,1678.79,12,2,2,1,7,11543,76,0,0,6,1,5,1,700709,1000000
2024DL0005567,1,1678.79,35,2,5,1,8,16789,111,9800,1,1,1,2,1,700708,1000000
2024DL0005568,1,1678.79,5,2,2,1,2,10048,66,0,0,6,1,5,1,700709,1000000
2024DL0005569,1,1678.79,14,1,3,1,1,18231,121,0,0,6,1,5,1,700704,1000000
2024DL0005570,1,1678.79,28,2,5,1,12,15456,103,9000,1,1,1,1,1,700710,1000000
2024DL0005571,1,1678.79,28,1,1,1,11,69374,462,5000,1,1,1,1,2,700709,1000000
2024DL0005572,1,1678.79,42,2,2,1,11,79569,501,7000,3,1,1,1,1,700706,1000000
2024DL0005573,1,1678.79,51,1,6,1,11,17219,114,7000,3,1,1,2,1,700710,1000000
2024DL0005574,1,1678.79,33,2,2,1,15,128548,501,3000,2,5,1,1,1,700710,1000000
2024DL0005575,1,1678.79,4,1,1,1,3,9106,60,0,0,6,1,5,1,700700,1000000
2024DL0005576,1,1678.79,19,2,6,1,16,27743,184,4000,1,1,1,5,1,700707,1000000
2024DL0005577,1,1678.79,33,2,6,1,12,64739,431,8000,1,5,1,5,1,700709,1000000
2024DL0005578,1,1678.79,28,1,6,1,19,92860,501,3000,2,2,2,5,1,700709,1000000
2024DL0005579,1,1678.79,41,1,1,1,15,73541,490,4000,3,2,1,5,1,700706,1000000
2024DL0005580,1,1678.79,24,2,1,1,17,36428,242,6000,3,1,1,5,1,700703,1000000
2024DL0005581,1,1678.79,26,2,1,1,11,14035,93,5000,4,1,1,1,1,700707,1000000
2024DL0005582,1,1678.79,52,1,7,1,12,8878,59,5000,1,1,1,1,1,700705,1000000
2024DL0005583,1,1678.79,19,1,2,1,11,13315,88,9000,1,1,1,5,1,700702,1000000
2024DL0005584,1,1678.79,16,1,1,1,13,9415,62,0,0,6,1,5,2,700701,1000000
2024DL0005585,1,1678.79,20,2,4,1,19,30901,206,1000,1,2,1,5,1,700700,1000000
2024DL0005586,1,1678.79,15,1,5,1,19,70736,471,0,0,6,1,5,1,700703,1000000
2024DL0005587,1,1678.79,25,2,6,1,12,12237,81,2000,2,1,2,1,1,700701,1000000
2024DL0005588,1,1678.79,31,1,5,1,8,23130,154,5000,1,1,1,5,1,700701,1000000
2024DL0005589,1,1678.79,1,2,4,1,9,12706,84,0,0,6,1,5,1,700709,1000000
2024DL0005590,1,1678.79,34,2,5,1,13,78990,501,6000,1,1,1,5,1,700709,1000000
2024DL0005591,1,1678.79,10,1,2,1,7,12566,83,0,0,6,1,5,1,700709,1000000
2024DL0005592,1,1678.79,14,2,3,1,1,7365,49,0,0,6,1,5,1,700707,1000000
2024DL0005593,1,1678.79,59,1,6,1,9,50447,336,5000,1,1,1,1,1,700710,1000000
2024DL0005594,1,1678.79,9,1,3,1,5,4995,33,0,0,6,1,5,1,700709,1000000
2024DL0005595,1,1678.79,11,2,1,1,4,14497,96,0,0,6,1,5,1,700710,1000000
2024DL0005596,1,1678.79,26,1,3,1,9,123865,501,6000,6,3,1,1,1,700710,1000000
2024DL0005597,1,1678.79,37,1,3,1,14,52962,353,6000,1,1,1,1,1,700706,1000000
2024DL0005598,1,1678.79,53,1,1,1,11,37295,248,6000,6,1,1,4,1,700702,1000000
2024DL0005599,1,1678.79,26,1,5,1,14,32098,213,5000,4,1,1,1,1,700708,1000000
2024DL0005600,1,1678.79,29,2,5,1,16,127769,501,3000,1,1,1,1,1,700709,1000000
2024DL0005601,1,1678.79,14,2,5,1,8,6445,42,0,0,6,1,5,2,700705,1000000
2024DL0005602,1,1678.79,28,1,5,1,9,20792,138,6000,1,1,1,1,1,700708,1000000
2024DL0005603,1,1678.79,25,1,2,1,14,20762,138,6000,4,1,1,5,1,700700,1000000
2024DL0005604,1,1678.79,29,2,3,1,11,17070,113,7000,1,1,5,1,1,700702,1000000
2024DL0005605,1,1678.79,57,2,3,1,11,15372,102,4000,2,1,1,1,1,700703,1000000
2024DL0005606,1,1678.79,20,2,1,1,20,102740,501,3000,1,1,1,5,1,700700,1000000
2024DL0005607,1,1678.79,56,2,3,1,11,13903,92,7000,1,1,1,1,1,700709,1000000
2024DL0005608,1,1678.79,28,1,3,1,15,103718,501,4000,1,1,1,1,1,700708,1000000
2024DL0005609,1,1678.79,16,1,6,1,18,44562,297,0,0,6,1,5,1,700701,1000000
2024DL0005610,1,1678.79,18,1,6,1,16,18901,126,1000,1,2,1,5,1,700704,1000000
2024DL0005611,1,1678.79,1,2,1,1,2,11130,74,0,0,6,1,5,1,700709,1000000
2024DL0005612,1,1678.79,5,2,1,1,2,2626,17,0,0,6,1,5,1,700704,1000000
2024DL0005613,1,1678.79,48,2,2,1,9,51359,342,3000,1,1,1,5,1,700707,1000000
2024DL0005614,1,1678.79,23,2,5,1,12,42727,284,2000,1,2,1,5,1,700706,1000000
2024DL0005615,1,1678.79,44,1,6,1,13,28601,190,8000,1,1,1,1,2,700703,1000000
2024DL0005616,1,1678.79,3,2,2,1,3,5537,36,0,0,6,1,5,1,700703,1000000
2024DL0005617,1,1678.79,24,1,4,1,11,20495,136,9000,6,1,1,5,1,700703,1000000
2024DL0005618,1,1678.79,25,2,2,1,16,38327,255,3000,1,1,1,5,1,700702,1000000
2024DL0005619,1,1678.79,28,2,3,1,8,7463,49,5000,4,1,1,5,2,700701,1000000
2024DL0005620,1,1678.79,6,1,2,1,6,8248,54,0,0,6,1,5,1,700709,1000000
2024DL0005621,1,1678.79,12,2,1,1,5,7440,49,0,0,6,1,5,1,700707,1000000
2024DL0005622,1,1678.79,36,2,2,1,18,112132,501,4000,2,1,1,1,1,700706,1000000
2024DL0005623,1,1678.79,31,1,1,1,19,67963,453,1000,1,1,1,1,1,700707,1000000
2024DL0005624,1,1678.79,0,1,3,1,4,9224,61,0,0,6,1,5,2,700708,1000000
2024DL0005625,1,1678.79,6,1,1,1,9,6304,42,0,0,6,1,5,1,700701,1000000
2024DL0005626,1,1678.79,60,1,1,1,7,29658,197,5000,3,1,1,5,1,700707,1000000
2024DL0005627,1,1678.79,12,1,1,1,2,15231,101,0,0,6,1,5,1,700703,1000000
2024DL0005628,1,1678.79,25,1,1,1,12,26108,174,7000,4,2,1,1,1,700705,1000000
2024DL0005629,1,1678.79,36,2,1,1,16,60077,400,4000,2,1,1,1,1,700710,1000000
2024DL0005630,1,1678.79,43,2,8,1,12,72884,485,7000,4,1,1,1,1,700704,1000000
2024DL0005631,1,1678.79,25,2,1,1,5,22858,152,9920,3,1,1,5,1,700707,1000000
2024DL0005632,1,1678.79,29,1,2,1,12,13310,88,9800,4,1,1,5,1,700708,1000000
2024DL0005633,1,1678.79,47,2,1,1,10,28446,189,1000,1,1,1,1,1,700701,1000000
2024DL0005634,1,1678.79,25,1,1,1,13,32694,217,5000,4,1,1,1,1,700701,1000000
2024DL0005635,1,1678.79,32,2,1,1,5,57177,381,8000,1,2,1,5,1,700703,1000000
2024DL0005636,1,1678.79,12,2,3,1,5,7699,51,0,0,6,1,5,1,700710,1000000
2024DL0005637,1,1678.79,3,2,2,1,9,16225,108,0,0,6,5,5,1,700700,1000000
2024DL0005638,1,1678.79,7,1,2,1,1,6596,43,0,0,6,1,5,1,700707,1000000
2024DL0005639,1,1678.79,29,1,1,1,14,23579,157,6000,1,1,1,5,2,700700,1000000
2024DL0005640,1,1678.79,21,2,2,1,10,29726,198,9000,1,1,1,1,1,700702,1000000
2024DL0005641,1,1678.79,29,2,1,1,11,109107,501,5000,3,1,1,5,1,700708,1000000
2024DL0005642,1,1678.79,26,2,5,1,5,8896,59,6000,6,1,2,1,1,700709,1000000
2024DL0005643,1,1678.79,23,2,1,1,13,32441,216,5000,3,1,1,1,1,700706,1000000
2024DL0005644,1,1678.79,17,2,5,1,14,10584,70,0,0,6,1,5,1,700704,1000000
2024DL0005645,1,1678.79,19,1,3,1,15,41314,275,3000,3,1,1,5,1,700708,1000000
2024DL0005646,1,1678.79,17,2,1,1,18,58406,389,0,0,6,1,5,1,700701,1000000
2024DL0005647,1,1678.79,39,2,2,1,9,113953,501,7000,4,1,1,5,2,700704,1000000
2024DL0005648,1,1678.79,7,1,1,1,1,7795,51,0,0,6,1,5,1,700701,1000000
2024DL0005649,1,1678.79,51,2,6,1,5,9379,62,8000,1,1,2,3,2,700705,1000000
2024DL0005650,1,1678.79,66,2,4,1,7,18747,124,6000,6,1,1,2,1,700701,1000000
2024DL0005651,1,1678.79,44,2,1,1,7,11643,77,8000,1,2,1,5,1,700709,1000000
2024DL0005652,1,1678.79,36,1,2,1,13,41514,276,9000,1,1,1,1,1,700708,1000000
2024DL0005653,1,1678.79,100,1,1,1,9,19900,132,0,0,6,1,1,1,700700,1000000
2024DL0005654,1,1678.79,14,1,4,1,9,6522,43,0,0,6,1,5,2,700707,1000000
2024DL0005655,1,1678.79,56,1,1,1,7,18453,123,9920,3,1,1,1,1,700704,1000000
2024DL0005656,1,1678.79,17,2,5,1,14,8165,54,0,0,6,5,5,1,700701,1000000
2024DL0005657,1,1678.79,28,2,1,1,8,22204,148,6000,4,1,1,5,1,700701,1000000
2024DL0005658,1,1678.79,61,1,6,1,5,15466,103,7000,4,1,1,1,1,700701,1000000
2024DL0005659,1,1678.79,44,2,2,1,14,12923,86,1000,1,1,1,3,1,700700,1000000
2024DL0005660,1,1678.79,57,2,1,1,5,21774,145,5000,1,4,2,1,1,700710,1000000
2024DL0005661,1,1678.79,17,1,1,1,18,41867,279,0,0,6,1,5,1,700707,1000000
2024DL0005662,1,1678.79,24,2,3,1,12,57680,384,5000,4,1,1,5,1,700702,1000000
2024DL0005663,1,1678.79,3,1,1,1,4,7268,48,0,0,6,1,5,2,700701,1000000
2024DL0005664,1,1678.79,9,1,2,1,4,6506,43,0,0,6,1,5,1,700706,1000000
2024DL0005665,1,1678.79,37,2,9,1,12,38061,253,5000,1,3,1,1,1,700708,1000000
2024DL0005666,1,1678.79,11,1,3,1,4,4607,30,0,0,6,1,5,2,700704,1000000
2024DL0005667,1,1678.79,44,2,1,1,15,248505,501,3000,2,1,1,1,1,700707,1000000
2024DL0005668,1,1678.79,32,1,1,1,11,123170,501,7000,1,1,1,5,1,700707,1000000
2024DL0005669,1,1678.79,57,2,1,1,13,62189,414,1000,1,1,1,2,1,700709,1000000
2024DL0005670,1,1678.79,11,2,3,1,2,8211,54,0,0,6,1,5,1,700706,1000000
2024DL0005671,1,1678.79,0,2,9,1,3,34523,230,0,0,6,1,5,1,700709,1000000
2024DL0005672,1,1678.79,1,2,4,1,4,6919,46,0,0,6,2,5,1,700706,1000000
2024DL0005673,1,1678.79,1,1,3,1,1,13902,92,0,0,6,1,5,1,700701,1000000
2024DL0005674,1,1678.79,12,1,3,1,7,2671,17,0,0,6,1,5,1,700706,1000000
2024DL0005675,1,1678.79,19,1,4,1,16,47192,314,4000,2,1,1,5,1,700707,1000000
2024DL0005676,1,1678.79,3,2,1,1,8,16248,108,0,0,6,1,5,1,700700,1000000
2024DL0005677,1,1678.79,47,2,2,1,6,47927,319,7000,1,1,1,5,1,700703,1000000
2024DL0005678,1,1678.79,10,2,2,1,5,2739,18,0,0,6,1,5,1,700707,1000000
2024DL0005679,1,1678.79,5,1,1,1,3,11575,77,0,0,6,1,5,2,700709,1000000
2024DL0005680,1,1678.79,74,2,4,1,12,25410,169,0,0,6,1,2,1,700702,1000000
2024DL0005681,1,1678.79,7,2,4,1,1,2670,17,0,0,6,1,5,2,700700,1000000
2024DL0005682,1,1678.79,30,1,2,1,6,13893,92,7000,3,1,1,1,1,700704,1000000
2024DL0005683,1,1678.79,30,1,3,1,12,39252,261,2000,1,1,1,5,1,700705,1000000
2024DL0005684,1,1678.79,8,2,6,1,2,4088,27,0,0,6,1,5,2,700702,1000000
2024DL0005685,1,1678.79,42,2,1,1,8,37645,250,9800,6,5,1,1,1,700700,1000000
2024DL0005686,1,1678.79,34,2,3,1,19,150193,501,3000,1,1,1,5,1,700710,1000000
2024DL0005687,1,1678.79,24,2,6,1,18,116908,501,4000,3,1,1,5,1,700710,1000000
2024DL0005688,1,1678.79,35,2,6,1,14,183439,501,1000,2,1,1,1,1,700708,1000000
2024DL0005689,1,1678.79,23,1,1,1,14,13412,89,6000,1,1,1,5,1,700702,1000000
2024DL0005690,1,1678.79,1,2,3,1,4,14763,98,0,0,6,1,5,1,700700,1000000
2024DL0005691,1,1678.79,22,1,1,1,16,127826,501,3000,1,2,1,5,1,700703,1000000
2024DL0005692,1,1678.79,44,1,6,1,10,48760,325,3000,2,1,1,1,1,700702,1000000
2024DL0005693,1,1678.79,42,1,4,1,15,130612,501,4000,1,1,1,1,1,700702,1000000
2024DL0005694,1,1678.79,33,1,8,1,12,76782,501,7000,3,1,1,1,1,700709,1000000
2024DL0005695,1,1678.79,36,1,8,1,9,24660,164,1000,3,1,1,5,1,700710,1000000
2024DL0005696,1,1678.79,97,1,1,1,5,6448,42,0,0,6,1,3,1,700702,1000000
2024DL0005697,1,1678.79,21,2,3,1,13,14097,93,6000,3,1,1,5,1,700707,1000000
2024DL0005698,1,1678.79,46,1,4,1,11,19389,129,2000,1,1,1,1,1,700710,1000000
2024DL0005699,1,1678.79,1,1,1,1,4,6656,44,0,0,6,1,5,2,700702,1000000
2024DL0005700,1,1678.79,29,1,2,1,5,61721,411,9800,4,1,1,5,2,700700,1000000
2024DL0005701,1,1678.79,27,2,4,1,14,68748,458,9000,1,2,1,1,2,700710,1000000
2024DL0005702,1,1678.79,33,2,1,1,15,41821,278,6000,4,1,1,1,2,700700,1000000
2024DL0005703,1,1678.79,20,2,8,1,12,23667,157,9000,1,2,5,1,1,700701,1000000
2024DL0005704,1,1678.79,38,1,1,1,15,163861,501,6000,1,1,5,1,1,700707,1000000
2024DL0005705,1,1678.79,34,1,2,1,12,81876,501,6000,1,2,1,5,1,700708,1000000
2024DL0005706,1,1678.79,59,1,4,1,10,22864,152,9800,1,1,1,5,1,700707,1000000
2024DL0005707,1,1678.79,15,2,1,1,14,23814,158,0,0,6,1,5,1,700704,1000000
2024DL0005708,1,1678.79,21,2,6,1,15,29083,193,6000,1,1,1,1,1,700704,1000000
2024DL0005709,1,1678.79,14,2,1,1,5,2613,17,0,0,6,1,5,1,700707,1000000
2024DL0005710,1,1678.79,29,2,2,1,10,27683,184,2000,1,2,1,1,1,700707,1000000
2024DL0005711,1,1678.79,0,2,1,1,8,6100,40,0,0,6,1,5,1,700708,1000000
2024DL0005712,1,1678.79,29,2,1,1,9,20603,137,9000,3,1,1,1,1,700708,1000000
2024DL0005713,1,1678.79,20,2,1,1,18,21619,144,4000,1,2,2,5,1,700707,1000000
2024DL0005714,1,1678.79,10,2,2,1,7,5229,34,0,0,6,2,5,1,700703,1000000
2024DL0005715,1,1678.79,70,2,3,1,10,19585,130,7000,4,2,1,1,1,700703,1000000
2024DL0005716,1,1678.79,34,2,2,1,20,121379,501,3000,2,2,1,1,1,700705,1000000
2024DL0005717,1,1678.79,12,1,1,1,3,7882,52,0,0,6,1,5,1,700702,1000000
2024DL0005718,1,1678.79,55,2,2,1,12,60776,405,6000,1,1,1,2,1,700708,1000000
2024DL0005719,1,1678.79,44,1,5,1,12,41719,278,8000,1,1,1,1,1,700703,1000000
2024DL0005720,1,1678.79,15,1,6,1,20,63812,425,0,0,6,1,5,1,700708,1000000
2024DL0005721,1,1678.79,17,2,5,1,20,47375,315,0,0,6,1,5,2,700708,1000000
2024DL0005722,1,1678.79,43,1,1,1,7,13068,87,7000,1,1,1,3,1,700702,1000000
2024DL0005723,1,1678.79,29,1,5,1,13,22535,150,3000,2,1,1,1,1,700707,1000000
2024DL0005724,1,1678.79,11,2,6,1,2,23180,154,0,0,6,1,5,1,700709,1000000
2024DL0005725,1,1678.79,18,1,5,1,14,6274,41,7000,1,1,1,5,1,700710,1000000
2024DL0005726,1,1678.79,54,1,5,1,10,35762,238,8000,3,1,1,1,1,700704,1000000
2024DL0005727,1,1678.79,41,1,2,1,6,24508,163,9000,1,4,1,5,1,700710,1000000
2024DL0005728,1,1678.79,48,2,2,1,16,398197,501,5000,1,1,1,1,1,700708,1000000
2024DL0005729,1,1678.79,17,2,2,1,14,11646,77,0,0,6,1,5,1,700706,1000000
2024DL0005730,1,1678.79,5,1,3,1,6,24733,164,0,0,6,1,5,2,700704,1000000
2024DL0005731,1,1678.79,28,2,4,1,17,100295,501,4000,1,5,1,1,1,700709,1000000
2024DL0005732,1,1678.79,47,2,1,1,6,51128,340,6000,1,2,1,1,1,700709,1000000
2024DL0005733,1,1678.79,88,2,3,1,7,23152,154,0,0,6,1,3,1,700710,1000000
2024DL0005734,1,1678.79,69,1,2,1,5,27809,185,6000,3,1,1,4,1,700703,1000000
2024DL0005735,1,1678.79,54,2,1,1,9,23384,155,6000,3,1,1,1,1,700706,1000000
2024DL0005736,1,1678.79,29,1,2,1,11,21112,140,6000,3,1,1,1,1,700702,1000000
2024DL0005737,1,1678.79,41,1,1,1,11,36538,243,9000,1,1,1,1,1,700710,1000000
2024DL0005738,1,1678.79,40,2,4,1,12,64712,431,3000,3,1,1,1,1,700705,1000000
2024DL0005739,1,1678.79,37,2,1,1,7,29828,198,5000,1,5,1,1,1,700704,1000000
2024DL0005740,1,1678.79,32,2,5,1,10,66265,441,9800,3,1,1,1,1,700704,1000000
2024DL0005741,1,1678.79,24,1,1,1,18,80669,501,1000,2,1,1,5,1,700701,1000000
2024DL0005742,1,1678.79,57,1,6,1,6,11356,75,8000,1,1,2,1,1,700701,1000000
2024DL0005743,1,1678.79,40,2,2,1,15,78859,501,5000,1,1,1,1,2,700708,1000000
2024DL0005744,1,1678.79,37,2,5,1,10,63781,425,2000,1,1,1,1,1,700703,1000000
2024DL0005745,1,1678.79,44,2,4,1,19,171711,501,4000,1,1,1,1,1,700709,1000000
2024DL0005746,1,1678.79,50,1,3,1,5,35256,235,5000,1,1,1,2,2,700701,1000000
2024DL0005747,1,1678.79,10,1,4,1,1,7642,50,0,0,6,1,5,1,700703,1000000
2024DL0005748,1,1678.79,10,2,4,1,2,9137,60,0,0,6,1,5,1,700710,1000000
2024DL0005749,1,1678.79,3,1,1,1,5,13249,88,0,0,6,1,5,1,700702,1000000
2024DL0005750,1,1678.79,11,2,2,1,4,3287,21,0,0,6,1,5,1,700704,1000000
2024DL0005751,1,1678.79,2,2,2,1,7,10192,67,0,0,6,1,5,1,700703,1000000
2024DL0005752,1,1678.79,0,2,1,1,2,10004,66,0,0,6,1,5,2,700710,1000000
2024DL0005753,1,1678.79,12,1,5,1,9,17788,118,0,0,6,2,5,2,700709,1000000
2024DL0005754,1,1678.79,68,1,8,1,5,12677,84,9920,3,1,1,1,2,700702,1000000
2024DL0005755,1,1678.79,43,1,2,1,11,57045,380,3000,1,2,1,1,1,700707,1000000
2024DL0005756,1,1678.79,35,1,1,1,8,14177,94,9800,1,3,1,1,2,700706,1000000
2024DL0005757,1,1678.79,23,2,5,1,11,44068,293,9000,1,1,1,5,1,700707,1000000
2024DL0005758,1,1678.79,57,1,3,1,9,49165,327,2000,3,1,1,1,1,700708,1000000
2024DL0005759,1,1678.79,29,1,6,1,5,12207,81,5000,1,1,1,1,1,700708,1000000
2024DL0005760,1,1678.79,41,2,1,1,11,50289,335,6000,4,3,1,1,1,700702,1000000
2024DL0005761,1,1678.79,26,2,2,1,10,72460,483,6000,6,2,1,5,2,700709,1000000
2024DL0005762,1,1678.79,35,2,5,1,6,67003,446,9000,3,3,1,5,1,700700,1000000
2024DL0005763,1,1678.79,37,2,1,1,15,474459,501,6000,3,1,1,1,1,700708,1000000
2024DL0005764,1,1678.79,1,1,6,1,1,9485,63,0,0,6,1,5,1,700700,1000000
2024DL0005765,1,1678.79,4,2,5,1,4,3849,25,0,0,6,1,5,1,700707,1000000
2024DL0005766,1,1678.79,3,2,4,1,2,9441,62,0,0,6,1,5,1,700707,1000000
2024DL0005767,1,1678.79,58,2,1,1,6,69286,461,8000,1,1,1,1,2,700703,1000000
2024DL0005768,1,1678.79,20,1,9,1,10,66947,446,6000,3,1,1,5,1,700706,1000000
2024DL0005769,1,1678.79,29,2,2,1,14,25771,171,9800,4,1,5,5,1,700707,1000000
2024DL0005770,1,1678.79,58,1,1,1,10,30957,206,4000,1,1,1,1,1,700701,1000000
2024DL0005771,1,1678.79,28,1,5,1,13,4527,30,5000,1,1,1,1,1,700703,1000000
2024DL0005772,1,1678.79,18,1,5,1,15,17040,113,6000,1,1,1,5,1,700708,1000000
2024DL0005773,1,1678.79,94,2,3,1,9,52060,347,0,0,6,1,1,1,700708,1000000
2024DL0005774,1,1678.79,49,1,6,1,16,94364,501,3000,1,1,1,1,1,700704,1000000
2024DL0005775,1,1678.79,26,2,1,1,14,53106,354,9000,1,1,1,1,1,700706,1000000
2024DL0005776,1,1678.79,13,1,5,1,6,10307,68,0,0,6,1,5,2,700705,1000000
2024DL0005777,1,1678.79,29,2,1,1,19,280925,501,1000,1,1,1,5,1,700700,1000000
2024DL0005778,1,1678.79,29,1,3,1,16,84453,501,4000,2,1,1,1,1,700704,1000000
2024DL0005779,1,1678.79,21,1,5,1,14,4196,27,2000,1,1,1,5,1,700709,1000000
2024DL0005780,1,1678.79,45,2,1,1,7,21131,140,7000,4,1,2,1,1,700710,1000000
2024DL0005781,1,1678.79,19,1,1,1,12,14984,99,7000,3,3,1,5,1,700706,1000000
2024DL0005782,1,1678.79,7,1,5,1,4,4601,30,0,0,6,1,5,1,700706,1000000
2024DL0005783,1,1678.79,23,1,5,1,15,96669,501,5000,3,1,1,1,2,700705,1000000
2024DL0005784,1,1678.79,12,1,6,1,6,8637,57,0,0,6,1,5,1,700708,1000000
2024DL0005785,1,1678.79,56,2,5,1,14,100130,501,4000,3,2,1,3,1,700706,1000000
2024DL0005786,1,1678.79,33,2,7,1,10,76911,501,4000,3,4,1,5,2,700701,1000000
2024DL0005787,1,1678.79,43,2,2,1,16,86211,501,2000,1,1,1,1,1,700710,1000000
2024DL0005788,1,1678.79,43,2,5,1,20,180428,501,4000,1,4,1,1,1,700709,1000000
2024DL0005789,1,1678.79,47,2,1,1,10,17557,117,5000,4,1,1,5,1,700703,1000000
2024DL0005790,1,1678.79,6,2,5,1,6,12677,84,0,0,6,1,5,1,700704,1000000
2024DL0005791,1,1678.79,31,1,3,1,17,191362,501,3000,2,1,1,1,2,700709,1000000
2024DL0005792,1,1678.79,2,1,4,1,4,33028,220,0,0,6,1,5,1,700707,1000000
2024DL0005793,1,1678.79,27,1,6,1,13,18610,124,7000,1,4,1,5,2,700705,1000000
2024DL0005794,1,1678.79,21,1,1,1,13,34080,227,8000,6,1,2,5,1,700702,1000000
2024DL0005795,1,1678.79,4,2,2,1,5,3585,23,0,0,6,1,5,1,700703,1000000
2024DL0005796,1,1678.79,31,1,1,1,9,31967,213,8000,1,1,1,1,1,700707,1000000
2024DL0005797,1,1678.79,11,1,3,1,3,14028,93,0,0,6,1,5,1,700706,1000000
2024DL0005798,1,1678.79,13,1,1,1,1,6270,41,0,0,6,1,5,1,700706,1000000
2024DL0005799,1,1678.79,84,2,2,1,8,3690,24,0,0,6,1,3,1,700703,1000000
2024DL0005800,1,1678.79,31,1,3,1,11,11744,78,6000,1,2,1,1,1,700703,1000000
2024DL0005801,1,1678.79,59,2,4,1,7,8243,54,6000,1,1,1,1,1,700704,1000000
2024DL0005802,1,1678.79,21,2,3,1,18,113649,501,1000,1,1,1,5,2,700706,1000000
2024DL0005803,1,1678.79,33,2,6,1,13,92949,501,3000,2,1,1,5,1,700704,1000000
2024DL0005804,1,1678.79,60,2,2,1,6,26079,173,5000,1,4,1,2,1,700707,1000000
2024DL0005805,1,1678.79,28,2,4,1,15,48982,326,1000,1,1,1,5,2,700704,1000000
2024DL0005806,1,1678.79,43,2,4,1,11,53860,359,7000,4,1,1,2,1,700706,1000000
2024DL0005807,1,1678.79,9,1,2,1,5,4667,31,0,0,6,2,5,1,700707,1000000
2024DL0005808,1,1678.79,13,2,5,1,2,22684,151,0,0,6,1,5,1,700707,1000000
2024DL0005809,1,1678.79,39,1,2,1,9,99998,501,5000,4,1,1,1,1,700703,1000000
2024DL0005810,1,1678.79,53,1,5,1,8,15408,102,5000,4,1,1,2,1,700703,1000000
2024DL0005811,1,1678.79,18,2,5,1,13,7887,52,1000,1,1,5,5,1,700710,1000000
2024DL0005812,1,1678.79,38,1,3,1,13,60062,400,6000,6,1,2,1,1,700703,1000000
2024DL0005813,1,1678.79,39,1,4,1,12,25052,167,1000,3,1,2,1,1,700704,1000000
2024DL0005814,1,1678.79,50,1,3,1,18,94698,501,3000,3,4,1,1,2,700708,1000000
2024DL0005815,1,1678.79,33,2,1,1,8,6276,41,9920,1,1,1,1,2,700700,1000000
2024DL0005816,1,1678.79,31,1,5,1,8,98431,501,9800,3,1,1,1,1,700710,1000000
2024DL0005817,1,1678.79,37,1,6,1,12,45649,304,5000,1,1,1,5,1,700708,1000000
2024DL0005818,1,1678.79,48,2,1,1,11,45320,302,4000,1,1,2,1,1,700704,1000000
2024DL0005819,1,1678.79,80,1,5,1,6,13886,92,0,0,6,1,1,1,700710,1000000
2024DL0005820,1,1678.79,29,2,4,1,5,5265,35,5000,1,4,5,5,1,700702,1000000
2024DL0005821,1,1678.79,30,1,4,1,8,10933,72,9800,4,5,1,5,1,700710,1000000
2024DL0005822,1,1678.79,26,1,4,1,7,21212,141,9000,6,2,1,1,1,700703,1000000
2024DL0005823,1,1678.79,56,1,5,1,11,24454,163,9000,4,1,1,3,1,700706,1000000
2024DL0005824,1,1678.79,31,2,3,1,10,106701,501,5000,1,5,1,1,1,700707,1000000
2024DL0005825,1,1678.79,53,1,3,1,7,15020,100,9800,1,3,1,3,1,700702,1000000
2024DL0005826,1,1678.79,22,2,5,1,20,110630,501,3000,2,1,1,5,1,700707,1000000
2024DL0005827,1,1678.79,26,1,2,1,7,15921,106,8000,1,1,1,5,1,700707,1000000
2024DL0005828,1,1678.79,9,2,3,1,4,7995,53,0,0,6,1,5,1,700700,1000000
2024DL0005829,1,1678.79,58,2,1,1,11,27615,184,9800,6,1,1,5,1,700710,1000000
2024DL0005830,1,1678.79,9,2,6,1,6,3373,22,0,0,6,1,5,1,700704,1000000
2024DL0005831,1,1678.79,7,1,7,1,2,8535,56,0,0,6,1,5,1,700709,1000000
2024DL0005832,1,1678.79,30,2,5,1,6,23019,153,9800,3,1,1,5,2,700707,1000000
2024DL0005833,1,1678.79,18,1,2,1,14,27395,182,2000,2,1,1,5,2,700706,1000000
2024DL0005834,1,1678.79,32,1,4,1,14,82240,501,5000,6,1,1,5,1,700709,1000000
2024DL0005835,1,1678.79,8,2,2,1,7,11633,77,0,0,6,2,5,1,700709,1000000
2024DL0005836,1,1678.79,2,2,3,1,7,3201,21,0,0,6,1,5,1,700710,1000000
2024DL0005837,1,1678.79,40,1,5,1,8,30424,202,9800,1,1,1,5,1,700706,1000000
2024DL0005838,1,1678.79,32,2,1,1,10,75397,501,8000,1,1,1,1,1,700705,1000000
2024DL0005839,1,1678.79,24,2,3,1,17,66195,441,4000,1,1,1,5,1,700709,1000000
2024DL0005840,1,1678.79,72,1,6,1,5,5555,37,0,0,6,1,5,2,700710,1000000
2024DL0005841,1,1678.79,39,1,1,1,10,50293,335,9800,4,1,1,1,1,700707,1000000
2024DL0005842,1,1678.79,33,1,9,1,12,56031,373,5000,1,1,1,5,1,700705,1000000
2024DL0005843,1,1678.79,18,2,3,1,13,10677,71,7000,1,1,1,5,1,700707,1000000
2024DL0005844,1,1678.79,4,2,2,1,1,10475,69,0,0,6,1,5,1,700706,1000000
2024DL0005845,1,1678.79,19,2,5,1,15,21139,140,4000,2,1,1,5,1,700705,1000000
2024DL0005846,1,1678.79,21,2,3,1,10,22299,148,7000,1,1,1,5,2,700702,1000000
2024DL0005847,1,1678.79,7,1,1,1,2,3983,26,0,0,6,1,5,1,700705,1000000
2024DL0005848,1,1678.79,2,1,2,1,3,2024,13,0,0,6,1,5,1,700700,1000000
2024DL0005849,1,1678.79,59,1,4,1,6,5254,35,7000,3,1,1,5,1,700703,1000000
2024DL0005850,1,1678.79,45,1,1,1,13,27763,185,7000,3,1,1,1,1,700709,1000000
2024DL0005851,1,1678.79,26,2,2,1,9,21356,142,6000,1,1,1,1,1,700707,1000000
2024DL0005852,1,1678.79,7,1,1,1,3,5474,36,0,0,6,1,5,2,700710,1000000
2024DL0005853,1,1678.79,55,2,2,1,12,21685,144,1000,1,1,2,2,1,700701,1000000
2024DL0005854,1,1678.79,46,2,1,1,9,64181,427,1000,3,1,1,1,1,700700,1000000
2024DL0005855,1,1678.79,39,2,1,1,13,11169,74,9000,6,1,1,1,1,700710,1000000
2024DL0005856,1,1678.79,21,1,1,1,16,75333,501,2000,1,2,1,5,1,700708,1000000
2024DL0005857,1,1678.79,61,1,1,1,11,19217,128,8000,4,1,1,4,1,700706,1000000
2024DL0005858,1,1678.79,44,1,3,1,14,42619,284,8000,3,1,1,1,1,700704,1000000
2024DL0005859,1,1678.79,43,2,4,1,10,11943,79,3000,2,2,1,5,1,700709,1000000
2024DL0005860,1,1678.79,24,2,4,1,10,26648,177,4000,1,1,1,1,1,700704,1000000
2024DL0005861,1,1678.79,26,2,1,1,7,26952,179,6000,4,1,1,1,1,700702,1000000
2024DL0005862,1,1678.79,25,1,9,1,11,69140,460,8000,1,1,1,5,2,700709,1000000
2024DL0005863,1,1678.79,56,2,3,1,9,30061,200,6000,3,5,1,1,1,700710,1000000
2024DL0005864,1,1678.79,9,1,6,1,2,6488,43,0,0,6,1,5,1,700705,1000000
2024DL0005865,1,1678.79,20,2,5,1,13,17908,119,2000,1,1,1,5,1,700709,1000000
2024DL0005866,1,1678.79,24,1,1,1,17,105084,501,1000,1,1,1,1,1,700702,1000000
2024DL0005867,1,1678.79,32,1,3,1,9,52458,349,4000,2,1,1,1,1,700702,1000000
2024DL0005868,1,1678.79,85,2,3,1,7,2042,13,0,0,6,1,1,1,700704,1000000
2024DL0005869,1,1678.79,2,1,2,1,3,12141,80,0,0,6,1,5,1,700705,1000000
2024DL0005870,1,1678.79,12,2,1,1,6,4878,32,0,0,6,1,5,1,700708,1000000
2024DL0005871,1,1678.79,87,2,6,1,12,12751,85,0,0,6,1,5,1,700705,1000000
2024DL0005872,1,1678.79,6,2,1,1,8,2983,19,0,0,6,1,5,1,700704,1000000
2024DL0005873,1,1678.79,17,2,9,1,18,57200,381,0,0,6,1,5,1,700704,1000000
2024DL0005874,1,1678.79,50,2,1,1,13,18676,124,5000,1,2,1,1,1,700710,1000000
2024DL0005875,1,1678.79,95,1,5,1,8,26063,173,0,0,6,1,1,1,700710,1000000
2024DL0005876,1,1678.79,2,1,2,1,7,7082,47,0,0,6,1,5,1,700705,1000000
2024DL0005877,1,1678.79,30,2,2,1,16,95802,501,6000,4,1,1,5,1,700704,1000000
2024DL0005878,1,1678.79,5,2,1,1,1,10298,68,0,0,6,1,5,1,700704,1000000
2024DL0005879,1,1678.79,32,2,4,1,16,96547,501,4000,3,1,1,1,1,700700,1000000
2024DL0005880,1,1678.79,21,2,4,1,18,31524,210,3000,1,1,1,5,1,700701,1000000
2024DL0005881,1,1678.79,34,2,5,1,9,99052,501,9000,1,1,1,1,1,700705,1000000
2024DL0005882,1,1678.79,14,1,3,1,2,5036,33,0,0,6,1,5,1,700706,1000000
2024DL0005883,1,1678.79,40,1,5,1,12,100506,501,4000,2,2,1,5,1,700710,1000000
2024DL0005884,1,1678.79,24,1,5,1,18,138251,501,3000,2,1,1,1,1,700708,1000000
2024DL0005885,1,1678.79,11,1,1,1,4,6910,46,0,0,6,1,5,1,700709,1000000
2024DL0005886,1,1678.79,19,1,4,1,16,54216,361,1000,1,1,1,5,1,700703,1000000
2024DL0005887,1,1678.79,19,2,5,1,12,13665,91,6000,1,1,1,5,1,700710,1000000
2024DL0005888,1,1678.79,12,1,5,1,2,8847,58,0,0,6,1,5,1,700701,1000000
2024DL0005889,1,1678.79,2,1,4,1,2,17666,117,0,0,6,1,5,1,700700,1000000
2024DL0005890,1,1678.79,21,2,6,1,18,43113,287,5000,1,5,1,5,1,700700,1000000
2024DL0005891,1,1678.79,0,1,5,1,4,11321,75,0,0,6,1,5,1,700702,1000000
2024DL0005892,1,1678.79,56,2,2,1,10,33521,223,6000,4,1,1,5,1,700709,1000000
2024DL0005893,1,1678.79,40,2,3,1,6,8971,59,6000,1,1,2,1,2,700708,1000000
2024DL0005894,1,1678.79,40,1,4,1,15,74325,495,4000,1,1,1,1,1,700707,1000000
2024DL0005895,1,1678.79,59,1,1,1,16,39636,264,2000,3,1,1,2,1,700704,1000000
2024DL0005896,1,1678.79,28,1,6,1,9,30996,206,2000,1,1,1,1,1,700701,1000000
2024DL0005897,1,1678.79,36,1,6,1,17,52828,352,4000,2,1,1,1,1,700705,1000000
2024DL0005898,1,1678.79,5,1,1,1,7,7416,49,0,0,6,1,5,1,700707,1000000
2024DL0005899,1,1678.79,58,1,4,1,9,66754,445,5000,4,1,1,5,1,700710,1000000
2024DL0005900,1,1678.79,54,2,6,1,9,79546,501,9000,1,1,1,1,2,700704,1000000
2024DL0005901,1,1678.79,19,1,1,1,16,19812,132,4000,1,1,1,5,1,700707,1000000
2024DL0005902,1,1678.79,15,2,2,1,18,46827,312,0,0,6,1,5,1,700708,1000000
2024DL0005903,1,1678.79,12,2,3,1,5,19518,130,0,0,6,2,5,1,700707,1000000
2024DL0005904,1,1678.79,52,1,6,1,11,83794,501,6000,6,1,1,2,1,700702,1000000
2024DL0005905,1,1678.79,21,2,1,1,13,5289,35,8000,1,1,1,5,1,700710,1000000
2024DL0005906,1,1678.79,13,2,5,1,4,4564,30,0,0,6,1,5,2,700708,1000000
2024DL0005907,1,1678.79,25,2,1,1,15,92045,501,1000,1,1,1,5,1,700700,1000000
2024DL0005908,1,1678.79,44,2,6,1,8,14822,98,6000,1,1,1,1,1,700709,1000000
2024DL0005909,1,1678.79,56,2,7,1,5,10778,71,9920,1,1,1,1,1,700707,1000000
2024DL0005910,1,1678.79,0,2,1,1,5,2627,17,0,0,6,1,5,1,700705,1000000
2024DL0005911,1,1678.79,22,1,2,1,18,66315,442,4000,1,1,1,1,1,700705,1000000
2024DL0005912,1,1678.79,66,2,4,1,10,7616,50,5000,1,4,1,5,1,700708,1000000
2024DL0005913,1,1678.79,49,2,4,1,13,117487,501,4000,1,1,1,1,1,700705,1000000
2024DL0005914,1,1678.79,31,1,1,1,10,42037,280,9000,1,1,1,1,1,700703,1000000
2024DL0005915,1,1678.79,0,1,2,1,5,10781,71,0,0,6,1,5,1,700700,1000000
2024DL0005916,1,1678.79,9,1,6,1,6,4655,31,0,0,6,1,5,1,700706,1000000
2024DL0005917,1,1678.79,29,2,4,1,6,11129,74,7000,3,1,1,1,1,700702,1000000
2024DL0005918,1,1678.79,26,1,3,1,11,9675,64,8000,1,1,1,1,1,700710,1000000
2024DL0005919,1,1678.79,38,1,1,1,14,28014,186,6000,4,4,1,1,1,700707,1000000
2024DL0005920,1,1678.79,37,1,8,1,12,65632,437,7000,1,1,5,1,1,700700,1000000
2024DL0005921,1,1678.79,19,1,3,1,19,129020,501,2000,1,1,1,5,1,700704,1000000
2024DL0005922,1,1678.79,16,1,1,1,14,5249,34,0,0,6,1,5,1,700705,1000000
2024DL0005923,1,1678.79,48,2,3,1,7,54548,363,7000,6,1,1,1,1,700701,1000000
2024DL0005924,1,1678.79,44,1,6,1,15,76334,501,4000,1,1,1,1,1,700704,1000000
2024DL0005925,1,1678.79,8,2,3,1,3,12742,84,0,0,6,1,5,1,700707,1000000
2024DL0005926,1,1678.79,38,1,2,1,16,124319,501,6000,1,1,1,5,1,700700,1000000
2024DL0005927,1,1678.79,47,1,3,1,12,57024,380,8000,1,1,1,1,1,700702,1000000
2024DL0005928,1,1678.79,24,1,2,1,19,127277,501,3000,3,5,1,1,1,700708,1000000
2024DL0005929,1,1678.79,27,1,1,1,12,56799,378,5000,1,2,1,1,1,700706,1000000
2024DL0005930,1,1678.79,62,1,1,1,9,77354,501,5000,3,1,1,5,1,700707,1000000
2024DL0005931,1,1678.79,14,2,1,1,5,5571,37,0,0,6,1,5,1,700705,1000000
2024DL0005932,1,1678.79,55,2,1,1,11,52255,348,5000,3,4,1,1,1,700702,1000000
2024DL0005933,1,1678.79,18,1,3,1,14,19205,128,6000,4,1,1,5,1,700702,1000000
2024DL0005934,1,1678.79,19,2,1,1,11,10216,68,8000,1,1,1,5,1,700704,1000000
2024DL0005935,1,1678.79,1,1,2,1,5,19972,133,0,0,6,1,5,1,700708,1000000
2024DL0005936,1,1678.79,44,1,4,1,16,56835,378,4000,1,5,1,1,2,700708,1000000
2024DL0005937,1,1678.79,56,1,4,1,13,18250,121,6000,1,1,1,2,1,700707,1000000
2024DL0005938,1,1678.79,31,1,1,1,11,124469,501,9000,1,1,1,1,1,700707,1000000
2024DL0005939,1,1678.79,19,1,4,1,16,29074,193,4000,2,1,1,5,1,700708,1000000
2024DL0005940,1,1678.79,46,2,1,1,14,109269,501,1000,1,1,1,5,2,700706,1000000
2024DL0005941,1,1678.79,43,1,2,1,10,113932,501,6000,6,4,1,1,1,700703,1000000
2024DL0005942,1,1678.79,16,1,5,1,12,8616,57,0,0,6,1,5,1,700709,1000000
2024DL0005943,1,1678.79,29,1,2,1,11,68384,455,6000,4,1,1,1,1,700701,1000000
2024DL0005944,1,1678.79,30,2,8,1,19,147947,501,4000,1,1,2,1,1,700702,1000000
2024DL0005945,1,1678.79,14,2,5,1,9,7626,50,0,0,6,1,5,2,700702,1000000
2024DL0005946,1,1678.79,35,1,6,1,7,15889,105,9000,6,1,1,3,1,700709,1000000
2024DL0005947,1,1678.79,25,2,3,1,11,16923,112,9000,3,1,1,1,1,700701,1000000
2024DL0005948,1,1678.79,48,2,3,1,14,56217,374,1000,1,1,1,2,1,700706,1000000
2024DL0005949,1,1678.79,31,2,1,1,15,125591,501,2000,2,1,1,1,1,700700,1000000
2024DL0005950,1,1678.79,18,1,1,1,15,19539,130,2000,1,5,1,5,1,700707,1000000
2024DL0005951,1,1678.79,18,1,1,1,14,18870,125,2000,3,1,1,5,1,700703,1000000
2024DL0005952,1,1678.79,39,1,2,1,10,47696,317,7000,3,1,1,1,1,700705,1000000
2024DL0005953,1,1678.79,10,2,1,1,4,8407,56,0,0,6,1,5,1,700705,1000000
2024DL0005954,1,1678.79,25,1,2,1,8,17964,119,7000,6,1,1,1,2,700710,1000000
2024DL0005955,1,1678.79,36,2,3,1,10,56610,377,7000,6,1,1,5,2,700709,1000000
2024DL0005956,1,1678.79,42,1,3,1,9,59362,395,8000,4,1,1,1,1,700700,1000000
2024DL0005957,1,1678.79,37,1,1,1,9,13521,90,7000,3,1,1,1,1,700710,1000000
2024DL0005958,1,1678.79,6,1,5,1,2,13055,87,0,0,6,1,5,1,700702,1000000
2024DL0005959,1,1678.79,14,1,2,1,2,6780,45,0,0,6,1,5,1,700710,1000000
2024DL0005960,1,1678.79,20,2,2,1,14,8946,59,8000,4,1,1,1,1,700710,1000000
2024DL0005961,1,1678.79,40,2,2,1,17,47075,313,6000,6,4,1,1,1,700710,1000000
2024DL0005962,1,1678.79,14,2,6,1,5,3027,20,0,0,6,1,5,1,700702,1000000
2024DL0005963,1,1678.79,73,1,5,1,5,9158,61,0,0,6,1,1,2,700710,1000000
2024DL0005964,1,1678.79,36,2,1,1,6,47468,316,7000,1,1,1,1,1,700700,1000000
2024DL0005965,1,1678.79,9,2,1,1,8,6603,44,0,0,6,1,5,1,700708,1000000
2024DL0005966,1,1678.79,22,1,4,1,20,52065,347,4000,2,1,1,5,1,700703,1000000
2024DL0005967,1,1678.79,13,1,2,1,5,10782,71,0,0,6,1,5,1,700709,1000000
2024DL0005968,1,1678.79,50,2,1,1,11,50321,335,6000,4,1,1,5,1,700710,1000000
2024DL0005969,1,1678.79,12,1,2,1,3,2214,14,0,0,6,1,5,1,700703,1000000
2024DL0005970,1,1678.79,15,2,1,1,12,64439,429,0,0,6,1,5,1,700706,1000000
2024DL0005971,1,1678.79,8,1,5,1,5,11319,75,0,0,6,1,5,1,700710,1000000
2024DL0005972,1,1678.79,18,1,2,1,16,19343,128,6000,1,1,1,5,2,700704,1000000
2024DL0005973,1,1678.79,4,1,6,1,2,2877,19,0,0,6,1,5,1,700710,1000000
2024DL0005974,1,1678.79,17,1,6,1,14,5117,34,0,0,6,1,5,1,700707,1000000
2024DL0005975,1,1678.79,8,1,6,1,9,16891,112,0,0,6,1,5,1,700707,1000000
2024DL0005976,1,1678.79,31,1,1,1,5,10485,69,9000,4,1,1,1,1,700705,1000000
2024DL0005977,1,1678.79,37,1,1,1,14,50622,337,6000,6,1,1,1,1,700707,1000000
2024DL0005978,1,1678.79,19,2,4,1,14,12164,81,7000,1,1,1,5,1,700703,1000000
2024DL0005979,1,1678.79,27,1,1,1,12,19739,131,1000,1,1,1,1,1,700710,1000000
2024DL0005980,1,1678.79,7,2,2,1,5,7683,51,0,0,6,1,5,1,700707,1000000
2024DL0005981,1,1678.79,58,1,4,1,8,23749,158,5000,4,1,1,1,2,700703,1000000
2024DL0005982,1,1678.79,15,1,4,1,13,28016,186,0,0,6,1,5,2,700702,1000000
2024DL0005983,1,1678.79,26,2,1,1,10,36865,245,8000,3,1,1,1,1,700710,1000000
2024DL0005984,1,1678.79,33,1,2,1,5,18662,124,5000,1,1,1,1,1,700702,1000000
2024DL0005985,1,1678.79,37,2,1,1,10,50360,335,2000,2,4,2,1,1,700707,1000000
2024DL0005986,1,1678.79,33,2,5,1,13,37095,247,9800,3,1,1,5,1,700708,1000000
2024DL0005987,1,1678.79,34,2,5,1,6,25319,168,7000,4,1,5,1,1,700707,1000000
2024DL0005988,1,1678.79,48,2,2,1,6,20554,137,7000,3,1,1,5,1,700703,1000000
2024DL0005989,1,1678.79,4,1,5,1,3,8151,54,0,0,6,1,5,1,700701,1000000
2024DL0005990,1,1678.79,52,2,2,1,12,32609,217,9000,1,4,1,3,1,700707,1000000
2024DL0005991,1,1678.79,24,1,8,1,14,87365,501,7000,3,1,1,5,1,700707,1000000
2024DL0005992,1,1678.79,2,2,1,1,4,9348,62,0,0,6,1,5,1,700701,1000000
2024DL0005993,1,1678.79,15,1,5,1,14,18502,123,0,0,6,2,5,1,700706,1000000
2024DL0005994,1,1678.79,44,2,2,1,15,174675,501,4000,1,1,1,1,1,700706,1000000
2024DL0005995,1,1678.79,3,2,1,1,1,6980,46,0,0,6,1,5,1,700709,1000000
2024DL0005996,1,1678.79,18,1,4,1,15,62857,419,4000,2,2,1,5,1,700706,1000000
2024DL0005997,1,1678.79,52,2,1,1,9,63655,424,5000,4,1,1,1,1,700703,1000000
2024DL0005998,1,1678.79,21,2,1,1,18,86190,501,5000,4,4,2,5,1,700705,1000000
2024DL0005999,1,1678.79,24,1,1,1,15,109272,501,1000,1,1,1,5,1,700703,1000000
2024DL0006000,1,1678.79,8,2,1,1,3,2078,13,0,0,6,1,5,1,700705,1000000
2024DL0006001,1,1678.79,5,1,3,1,3,15074,100,0,0,6,1,5,1,700702,1000000
2024DL0006002,1,1678.79,43,1,1,1,11,10932,72,5000,1,1,1,5,1,700704,1000000
2024DL0006003,1,1678.79,16,2,3,1,14,17946,119,0,0,6,1,5,2,700704,1000000
2024DL0006004,1,1678.79,6,2,1,1,6,3349,22,0,0,6,1,5,1,700700,1000000
2024DL0006005,1,1678.79,36,2,5,1,12,108393,501,8000,3,4,5,1,1,700702,1000000
2024DL0006006,1,1678.79,36,1,7,1,8,29062,193,5000,6,1,1,1,2,700710,1000000
2024DL0006007,1,1678.79,43,1,1,1,12,28055,187,1000,1,1,1,1,1,700705,1000000
2024DL0006008,1,1678.79,18,1,2,1,18,31336,208,5000,1,2,1,5,1,700702,1000000
2024DL0006009,1,1678.79,6,1,2,1,1,7543,50,0,0,6,1,5,1,700700,1000000
2024DL0006010,1,1678.79,59,1,1,1,6,13032,86,6000,4,1,1,2,1,700700,1000000
2024DL0006011,1,1678.79,54,1,3,1,15,153674,501,1000,1,5,1,1,1,700702,1000000
2024DL0006012,1,1678.79,39,2,4,1,15,40914,272,4000,1,1,1,1,1,700702,1000000
2024DL0006013,1,1678.79,54,2,3,1,12,58533,390,7000,3,1,1,2,1,700700,1000000
2024DL0006014,1,1678.79,17,2,2,1,20,71903,479,0,0,6,1,5,1,700710,1000000
2024DL0006015,1,1678.79,9,2,8,1,3,7598,50,0,0,6,1,5,1,700705,1000000
2024DL0006016,1,1678.79,4,2,5,1,3,9794,65,0,0,6,1,5,1,700704,1000000
2024DL0006017,1,1678.79,30,1,1,1,8,29381,195,5000,4,1,1,1,2,700701,1000000
2024DL0006018,1,1678.79,41,1,3,1,17,42417,282,6000,4,1,1,1,1,700710,1000000
2024DL0006019,1,1678.79,42,2,6,1,14,40045,266,5000,1,1,1,1,1,700701,1000000
2024DL0006020,1,1678.79,58,1,3,1,7,15916,106,9000,1,5,1,1,1,700704,1000000
2024DL0006021,1,1678.79,20,2,5,1,13,66201,441,8000,6,1,1,5,1,700710,1000000
2024DL0006022,1,1678.79,4,2,2,1,3,10888,72,0,0,6,1,5,1,700708,1000000
2024DL0006023,1,1678.79,22,2,1,1,17,69154,461,5000,1,1,1,5,2,700701,1000000
2024DL0006024,1,1678.79,9,1,5,1,2,13818,92,0,0,6,1,5,1,700703,1000000
2024DL0006025,1,1678.79,41,2,4,1,19,165188,501,1000,1,1,1,1,1,700710,1000000
2024DL0006026,1,1678.79,53,1,9,1,7,46469,309,9800,1,1,1,1,1,700706,1000000
2024DL0006027,1,1678.79,28,1,5,1,13,42229,281,6000,1,1,1,1,1,700710,1000000
2024DL0006028,1,1678.79,6,1,2,1,2,5762,38,0,0,6,1,5,1,700704,1000000
2024DL0006029,1,1678.79,31,2,1,1,11,14549,96,9800,4,1,1,1,1,700700,1000000
2024DL0006030,1,1678.79,18,1,4,1,13,8218,54,7000,1,5,1,5,1,700701,1000000
2024DL0006031,1,1678.79,18,2,6,1,12,56933,379,5000,1,1,1,5,1,700707,1000000
2024DL0006032,1,1678.79,37,2,4,1,5,33392,222,9000,4,4,1,1,1,700708,1000000
2024DL0006033,1,1678.79,18,2,3,1,20,153956,501,4000,1,1,1,5,1,700706,1000000
2024DL0006034,1,1678.79,31,1,2,1,8,11447,76,9920,1,1,1,1,1,700708,1000000
2024DL0006035,1,1678.79,41,1,6,1,15,73169,487,6000,1,1,1,1,2,700708,1000000
2024DL0006036,1,1678.79,49,1,1,1,6,28555,190,7000,1,1,1,1,1,700707,1000000
2024DL0006037,1,1678.79,16,1,8,1,14,6016,40,0,0,6,1,5,1,700704,1000000
2024DL0006038,1,1678.79,39,2,8,1,19,105447,501,1000,2,1,1,1,1,700700,1000000
2024DL0006039,1,1678.79,1,1,3,1,2,20648,137,0,0,6,1,5,2,700710,1000000
2024DL0006040,1,1678.79,29,1,1,1,14,49482,329,2000,1,2,1,1,2,700707,1000000
2024DL0006041,1,1678.79,42,1,8,1,8,11879,79,8000,1,1,1,1,1,700710,1000000
2024DL0006042,1,1678.79,16,2,5,1,20,85294,501,0,0,6,1,5,1,700704,1000000
2024DL0006043,1,1678.79,14,1,1,1,3,5479,36,0,0,6,1,5,2,700704,1000000
2024DL0006044,1,1678.79,6,1,1,1,3,3406,22,0,0,6,1,5,1,700709,1000000
2024DL0006045,1,1678.79,4,2,5,1,8,5102,34,0,0,6,1,5,1,700700,1000000
2024DL0006046,1,1678.79,35,1,5,1,9,24649,164,7000,1,1,1,5,1,700710,1000000
2024DL0006047,1,1678.79,34,1,1,1,10,52565,350,7000,3,2,1,1,1,700703,1000000
2024DL0006048,1,1678.79,55,1,6,1,7,32281,215,9800,3,1,1,2,1,700700,1000000
2024DL0006049,1,1678.79,3,2,1,1,5,4255,28,0,0,6,1,5,1,700704,1000000
2024DL0006050,1,1678.79,19,1,1,1,13,6434,42,6000,3,1,1,5,1,700700,1000000
2024DL0006051,1,1678.79,32,1,1,1,6,27949,186,5000,4,1,1,5,1,700702,1000000
2024DL0006052,1,1678.79,55,2,5,1,13,79774,501,6000,1,1,1,1,1,700702,1000000
2024DL0006053,1,1678.79,13,2,2,1,6,3288,21,0,0,6,1,5,1,700700,1000000
2024DL0006054,1,1678.79,86,2,8,1,6,12348,82,0,0,6,1,2,2,700708,1000000
2024DL0006055,1,1678.79,4,1,4,1,6,4138,27,0,0,6,1,5,1,700706,1000000
2024DL0006056,1,1678.79,38,2,1,1,13,37419,249,9800,1,1,1,1,1,700704,1000000
2024DL0006057,1,1678.79,20,1,6,1,16,39173,261,5000,6,1,1,1,1,700705,1000000
2024DL0006058,1,1678.79,27,2,5,1,8,3270,21,7000,3,1,5,1,1,700710,1000000
2024DL0006059,1,1678.79,28,1,5,1,14,100493,501,3000,2,1,1,1,1,700706,1000000
2024DL0006060,1,1678.79,29,2,1,1,12,24606,164,6000,4,2,1,1,1,700709,1000000
2024DL0006061,1,1678.79,19,1,5,1,13,17962,119,6000,3,1,1,5,1,700710,1000000
2024DL0006062,1,1678.79,87,2,1,1,12,18650,124,0,0,6,1,1,1,700709,1000000
2024DL0006063,1,1678.79,0,2,3,1,4,23645,157,0,0,6,1,5,2,700703,1000000
2024DL0006064,1,1678.79,24,2,1,1,12,35242,234,9000,4,1,5,5,1,700701,1000000
2024DL0006065,1,1678.79,36,2,1,1,9,26744,178,5000,1,4,1,1,1,700700,1000000
2024DL0006066,1,1678.79,44,2,1,1,9,84898,501,2000,1,1,2,1,2,700707,1000000
2024DL0006067,1,1678.79,3,1,6,1,7,3566,23,0,0,6,1,5,1,700709,1000000
2024DL0006068,1,1678.79,54,2,5,1,6,20936,139,9920,4,1,1,1,1,700707,1000000
2024DL0006069,1,1678.79,55,1,5,1,5,28940,192,9000,6,1,1,1,1,700700,1000000
2024DL0006070,1,1678.79,54,2,6,1,7,12682,84,9920,4,1,1,1,1,700702,1000000
2024DL0006071,1,1678.79,28,1,4,1,15,91853,501,4000,2,1,1,1,2,700707,1000000
2024DL0006072,1,1678.79,56,1,1,1,8,21649,144,9000,1,1,1,4,1,700703,1000000
2024DL0006073,1,1678.79,25,2,1,1,15,101012,501,1000,1,3,1,1,1,700703,1000000
2024DL0006074,1,1678.79,23,2,1,1,15,63661,424,5000,4,3,1,5,1,700700,1000000
2024DL0006075,1,1678.79,45,2,5,1,6,23794,158,7000,1,1,1,1,1,700706,1000000
2024DL0006076,1,1678.79,34,2,6,1,9,12729,84,2000,1,1,1,1,1,700701,1000000
2024DL0006077,1,1678.79,39,2,2,1,12,37597,250,6000,3,1,1,1,1,700704,1000000
2024DL0006078,1,1678.79,1,2,3,1,6,7183,47,0,0,6,1,5,2,700709,1000000
2024DL0006079,1,1678.79,45,1,4,1,11,259903,501,8000,4,1,1,5,1,700709,1000000
2024DL0006080,1,1678.79,36,2,5,1,8,42759,285,6000,1,5,1,5,1,700709,1000000
2024DL0006081,1,1678.79,67,1,6,1,6,15805,105,7000,3,1,1,5,1,700707,1000000
2024DL0006082,1,1678.79,29,2,1,1,7,10302,68,6000,4,1,1,5,1,700710,1000000
2024DL0006083,1,1678.79,38,2,5,1,7,10420,69,6000,1,1,1,2,1,700700,1000000
2024DL0006084,1,1678.79,43,1,1,1,6,13359,89,5000,1,1,1,1,2,700709,1000000
2024DL0006085,1,1678.79,4,1,3,1,1,3595,23,0,0,6,1,5,1,700708,1000000
2024DL0006086,1,1678.79,21,2,1,1,15,22077,147,4000,2,5,2,5,1,700709,1000000
2024DL0006087,1,1678.79,28,2,6,1,11,48628,324,2000,3,1,1,5,2,700708,1000000
2024DL0006088,1,1678.79,60,2,2,1,6,19854,132,8000,1,1,5,1,1,700705,1000000
2024DL0006089,1,1678.79,53,2,1,1,16,46631,310,4000,1,1,1,1,1,700702,1000000
2024DL0006090,1,1678.79,8,2,5,1,3,3930,26,0,0,6,1,5,1,700707,1000000
2024DL0006091,1,1678.79,17,1,1,1,12,22108,147,0,0,6,1,5,2,700708,1000000
2024DL0006092,1,1678.79,39,2,2,1,7,11071,73,5000,4,2,1,1,2,700703,1000000
2024DL0006093,1,1678.79,0,1,5,1,4,16168,107,0,0,6,2,5,2,700702,1000000
2024DL0006094,1,1678.79,45,1,8,1,10,103320,501,4000,1,5,1,1,1,700710,1000000
2024DL0006095,1,1678.79,7,1,1,1,9,28719,191,0,0,6,1,5,1,700706,1000000
2024DL0006096,1,1678.79,43,2,6,1,13,19249,128,2000,1,1,1,2,1,700702,1000000
2024DL0006097,1,1678.79,6,1,6,1,1,10921,72,0,0,6,2,5,1,700701,1000000
2024DL0006098,1,1678.79,3,1,1,1,3,5247,34,0,0,6,1,5,1,700708,1000000
2024DL0006099,1,1678.79,39,1,3,1,16,173436,501,3000,2,1,1,5,1,700700,1000000
2024DL0006100,1,1678.79,37,1,6,1,12,37488,249,5000,1,1,1,1,2,700702,1000000
2024DL0006101,1,1678.79,52,1,1,1,8,21574,143,8000,1,1,1,2,1,700704,1000000
2024DL0006102,1,1678.79,36,1,6,1,13,81145,501,1000,2,3,1,5,1,700710,1000000
2024DL0006103,1,1678.79,4,2,5,1,4,7003,46,0,0,6,1,5,1,700704,1000000
2024DL0006104,1,1678.79,5,2,1,1,6,10123,67,0,0,6,5,5,1,700704,1000000
2024DL0006105,1,1678.79,1,1,1,1,9,7095,47,0,0,6,1,5,1,700701,1000000
2024DL0006106,1,1678.79,6,1,5,1,1,6972,46,0,0,6,1,5,1,700700,1000000
2024DL0006107,1,1678.79,34,2,6,1,14,69562,463,9800,1,1,1,1,1,700710,1000000
2024DL0006108,1,1678.79,13,1,1,1,9,35430,236,0,0,6,1,5,2,700706,1000000
2024DL0006109,1,1678.79,47,1,1,1,13,51218,341,7000,6,1,1,3,1,700700,1000000
2024DL0006110,1,1678.79,52,1,5,1,8,14141,94,6000,1,1,5,1,1,700701,1000000
2024DL0006111,1,1678.79,38,1,3,1,7,19849,132,9920,1,1,1,1,1,700700,1000000
2024DL0006112,1,1678.79,37,1,1,1,11,35740,238,6000,1,4,1,1,1,700705,1000000
2024DL0006113,1,1678.79,33,1,1,1,11,23196,154,9800,1,1,1,1,1,700709,1000000
2024DL0006114,1,1678.79,2,1,3,1,7,4340,28,0,0,6,1,5,1,700701,1000000
2024DL0006115,1,1678.79,45,1,5,1,10,50087,333,8000,1,1,1,1,1,700703,1000000
2024DL0006116,1,1678.79,19,1,6,1,14,10048,66,2000,2,1,1,5,1,700708,1000000
2024DL0006117,1,1678.79,70,2,3,1,9,41245,274,3000,1,1,1,1,1,700709,1000000
2024DL0006118,1,1678.79,17,2,6,1,17,42795,285,0,0,6,1,5,1,700703,1000000
2024DL0006119,1,1678.79,17,2,4,1,17,34011,226,0,0,6,1,5,2,700705,1000000
2024DL0006120,1,1678.79,49,1,1,1,9,104988,501,5000,1,4,1,1,1,700705,1000000
2024DL0006121,1,1678.79,39,2,1,1,9,42151,281,7000,1,1,1,1,1,700705,1000000
2024DL0006122,1,1678.79,57,1,2,1,6,16729,111,7000,1,1,5,5,1,700706,1000000
2024DL0006123,1,1678.79,28,2,1,1,10,28046,186,6000,4,1,1,1,1,700706,1000000
2024DL0006124,1,1678.79,37,2,3,1,17,81662,501,3000,2,4,1,1,1,700710,1000000
2024DL0006125,1,1678.79,55,2,1,1,8,7896,52,9920,3,1,1,1,1,700701,1000000
2024DL0006126,1,1678.79,17,1,1,1,14,18554,123,0,0,6,1,5,1,700703,1000000
2024DL0006127,1,1678.79,21,2,1,1,18,40687,271,3000,1,1,1,5,1,700710,1000000
2024DL0006128,1,1678.79,6,1,2,1,7,10266,68,0,0,6,1,5,1,700710,1000000
2024DL0006129,1,1678.79,26,1,3,1,7,4591,30,9800,1,2,1,1,1,700710,1000000
2024DL0006130,1,1678.79,52,1,4,1,6,7955,53,7000,4,1,1,1,1,700703,1000000
2024DL0006131,1,1678.79,10,1,1,1,3,3795,25,0,0,6,1,5,1,700709,1000000
2024DL0006132,1,1678.79,11,2,2,1,4,825,5,0,0,6,1,5,1,700705,1000000
2024DL0006133,1,1678.79,25,2,5,1,9,42956,286,5000,3,1,1,1,1,700708,1000000
2024DL0006134,1,1678.79,10,1,1,1,9,34024,226,0,0,6,1,5,2,700708,1000000
2024DL0006135,1,1678.79,5,1,9,1,2,6145,40,0,0,6,1,5,2,700700,1000000
2024DL0006136,1,1678.79,42,1,1,1,14,14394,95,8000,1,2,1,1,1,700705,1000000
2024DL0006137,1,1678.79,16,2,1,1,10,12118,80,0,0,6,1,5,1,700709,1000000
2024DL0006138,1,1678.79,40,1,1,1,15,268052,501,5000,1,1,1,5,1,700706,1000000
2024DL0006139,1,1678.79,1,1,3,1,9,20986,139,0,0,6,1,5,1,700700,1000000
2024DL0006140,1,1678.79,33,2,1,1,13,22879,152,8000,1,1,1,1,1,700710,1000000
2024DL0006141,1,1678.79,15,1,1,1,13,42312,282,0,0,6,1,5,1,700710,1000000
2024DL0006142,1,1678.79,54,2,3,1,19,99398,501,4000,1,1,1,1,1,700702,1000000
2024DL0006143,1,1678.79,27,1,1,1,8,14189,94,5000,4,1,1,5,1,700701,1000000
2024DL0006144,1,1678.79,17,1,6,1,11,21635,144,0,0,6,1,5,1,700704,1000000
2024DL0006145,1,1678.79,39,1,3,1,10,37822,252,2000,1,1,1,1,1,700706,1000000
2024DL0006146,1,1678.79,34,1,5,1,10,73659,491,7000,4,1,1,5,1,700710,1000000
2024DL0006147,1,1678.79,6,1,1,1,3,3528,23,0,0,6,1,5,1,700705,1000000
2024DL0006148,1,1678.79,43,1,5,1,9,40521,270,7000,3,1,1,1,1,700707,1000000
2024DL0006149,1,1678.79,21,1,2,1,14,15400,102,9000,3,1,1,5,1,700700,1000000
2024DL0006150,1,1678.79,22,2,1,1,17,73839,492,6000,3,3,1,5,1,700707,1000000
2024DL0006151,1,1678.79,3,1,3,1,3,8530,56,0,0,6,1,5,1,700700,1000000
2024DL0006152,1,1678.79,37,1,4,1,9,98268,501,7000,3,2,1,2,1,700705,1000000
2024DL0006153,1,1678.79,32,1,6,1,7,25528,170,9800,4,1,1,1,1,700707,1000000
2024DL0006154,1,1678.79,40,2,3,1,9,59315,395,3000,2,2,1,5,1,700705,1000000
2024DL0006155,1,1678.79,36,2,1,1,12,21595,143,9000,1,4,1,5,1,700703,1000000
2024DL0006156,1,1678.79,8,1,1,1,1,14993,99,0,0,6,1,5,1,700700,1000000
2024DL0006157,1,1678.79,31,1,2,1,6,15342,102,5000,6,1,1,5,1,700708,1000000
2024DL0006158,1,1678.79,9,1,6,1,5,14313,95,0,0,6,1,5,1,700704,1000000
2024DL0006159,1,1678.79,41,1,1,1,11,21532,143,8000,1,1,1,5,1,700707,1000000
2024DL0006160,1,1678.79,28,1,1,1,17,51949,346,4000,1,5,2,5,1,700706,1000000
2024DL0006161,1,1678.79,37,1,5,1,19,131094,501,1000,1,1,1,1,1,700700,1000000
2024DL0006162,1,1678.79,15,1,3,1,19,29308,195,0,0,6,1,5,1,700707,1000000
2024DL0006163,1,1678.79,29,2,9,1,11,68909,459,3000,1,1,1,5,1,700703,1000000
2024DL0006164,1,1678.79,47,1,4,1,6,11547,76,6000,4,1,1,1,1,700705,1000000
2024DL0006165,1,1678.79,41,2,2,1,10,63518,423,1000,3,1,1,5,1,700709,1000000
2024DL0006166,1,1678.79,41,1,3,1,11,105188,501,9000,1,1,1,1,1,700703,1000000
2024DL0006167,1,1678.79,1,2,4,1,4,5162,34,0,0,6,1,5,1,700704,1000000
2024DL0006168,1,1678.79,44,2,2,1,10,31565,210,8000,1,1,1,1,1,700702,1000000
2024DL0006169,1,1678.79,16,1,5,1,12,17320,115,0,0,6,1,5,1,700703,1000000
2024DL0006170,1,1678.79,27,1,5,1,14,79622,501,5000,4,1,1,1,2,700704,1000000
2024DL0006171,1,1678.79,22,2,1,1,15,78161,501,4000,1,1,1,1,1,700707,1000000
2024DL0006172,1,1678.79,29,2,3,1,11,37403,249,3000,3,1,1,1,1,700705,1000000
2024DL0006173,1,1678.79,6,2,1,1,7,16889,112,0,0,6,1,5,1,700701,1000000
2024DL0006174,1,1678.79,15,1,1,1,13,30810,205,0,0,6,1,5,2,700705,1000000
2024DL0006175,1,1678.79,59,2,2,1,7,25848,172,9000,1,2,2,2,1,700710,1000000
2024DL0006176,1,1678.79,26,2,6,1,12,12690,84,5000,1,1,1,5,1,700703,1000000
2024DL0006177,1,1678.79,72,2,1,1,6,14872,99,0,0,6,1,1,1,700707,1000000
2024DL0006178,1,1678.79,33,2,1,1,11,20144,134,7000,1,1,1,1,1,700702,1000000
2024DL0006179,1,1678.79,13,1,1,1,3,7824,52,0,0,6,1,5,1,700705,1000000
2024DL0006180,1,1678.79,28,1,1,1,11,31240,208,1000,1,1,1,5,1,700701,1000000
2024DL0006181,1,1678.79,30,1,9,1,12,20790,138,8000,1,1,1,5,1,700706,1000000
2024DL0006182,1,1678.79,17,2,4,1,10,27751,185,0,0,6,1,5,1,700706,1000000
2024DL0006183,1,1678.79,49,1,5,1,18,141782,501,4000,1,2,1,3,1,700706,1000000
2024DL0006184,1,1678.79,24,1,6,1,17,54893,365,5000,1,1,1,5,1,700701,1000000
2024DL0006185,1,1678.79,14,2,2,1,2,2916,19,0,0,6,1,5,1,700709,1000000
2024DL0006186,1,1678.79,18,1,2,1,11,50442,336,7000,4,2,1,5,1,700701,1000000
2024DL0006187,1,1678.79,59,2,2,1,5,13920,92,9800,6,1,1,1,1,700709,1000000
2024DL0006188,1,1678.79,49,1,1,1,11,28797,191,1000,2,1,1,1,1,700705,1000000
2024DL0006189,1,1678.79,8,2,3,1,3,9351,62,0,0,6,1,5,1,700707,1000000
2024DL0006190,1,1678.79,38,1,1,1,14,53705,358,6000,1,2,1,1,1,700701,1000000
2024DL0006191,1,1678.79,35,1,1,1,7,9816,65,9800,1,1,2,1,1,700701,1000000
2024DL0006192,1,1678.79,16,1,6,1,18,25283,168,0,0,6,1,5,1,700701,1000000
2024DL0006193,1,1678.79,15,1,1,1,19,56923,379,0,0,6,1,5,1,700709,1000000
2024DL0006194,1,1678.79,46,1,1,1,8,6396,42,7000,3,1,1,1,1,700701,1000000
2024DL0006195,1,1678.79,43,1,2,1,13,146448,501,9000,1,1,1,3,1,700704,1000000
2024DL0006196,1,1678.79,40,1,1,1,10,24820,165,8000,1,1,1,1,1,700701,1000000
2024DL0006197,1,1678.79,23,2,9,1,14,51377,342,9000,1,1,1,5,2,700705,1000000
2024DL0006198,1,1678.79,13,1,1,1,5,6300,42,0,0,6,1,5,1,700710,1000000
2024DL0006199,1,1678.79,28,1,6,1,5,29934,199,8000,1,1,1,1,1,700706,1000000
2024DL0006200,1,1678.79,46,2,1,1,7,25403,169,5000,6,1,1,1,1,700704,1000000
2024DL0006201,1,1678.79,29,1,4,1,7,7900,52,9000,4,1,1,1,1,700708,1000000
2024DL0006202,1,1678.79,9,1,1,1,4,24736,164,0,0,6,1,5,1,700702,1000000
2024DL0006203,1,1678.79,6,1,1,1,7,6870,45,0,0,6,1,5,1,700707,1000000
2024DL0006204,1,1678.79,6,1,1,1,8,2710,18,0,0,6,1,5,1,700708,1000000
2024DL0006205,1,1678.79,25,1,3,1,15,67534,450,1000,1,2,1,1,1,700707,1000000
2024DL0006206,1,1678.79,14,1,6,1,6,18659,124,0,0,6,1,5,1,700707,1000000
2024DL0006207,1,1678.79,12,1,6,1,8,3795,25,0,0,6,1,5,1,700703,1000000
2024DL0006208,1,1678.79,1,1,5,1,6,14503,96,0,0,6,1,5,1,700710,1000000
2024DL0006209,1,1678.79,87,1,5,1,7,4036,26,0,0,6,1,1,1,700701,1000000
2024DL0006210,1,1678.79,43,2,2,1,8,49368,329,7000,3,1,1,5,1,700700,1000000
2024DL0006211,1,1678.79,30,1,2,1,11,46173,307,9800,3,1,1,5,1,700709,1000000
2024DL0006212,1,1678.79,15,1,4,1,16,39777,265,0,0,6,1,5,1,700704,1000000
2024DL0006213,1,1678.79,39,2,7,1,8,40829,272,9800,6,1,1,5,1,700701,1000000
2024DL0006214,1,1678.79,4,1,1,1,5,3504,23,0,0,6,1,5,1,700700,1000000
2024DL0006215,1,1678.79,36,1,5,1,9,66317,442,7000,1,1,1,1,1,700709,1000000
2024DL0006216,1,1678.79,23,2,1,1,20,125879,501,4000,1,1,1,5,1,700700,1000000
2024DL0006217,1,1678.79,43,2,4,1,11,12922,86,7000,1,1,1,1,1,700703,1000000
2024DL0006218,1,1678.79,25,2,1,1,7,11961,79,9920,1,1,1,5,1,700709,1000000
2024DL0006219,1,1678.79,17,1,1,1,13,19260,128,0,0,6,1,5,1,700700,1000000
2024DL0006220,1,1678.79,28,1,2,1,11,38053,253,8000,3,1,1,1,1,700703,1000000
2024DL0006221,1,1678.79,50,1,6,1,8,11094,73,5000,1,1,5,3,1,700704,1000000
2024DL0006222,1,1678.79,29,1,6,1,12,25902,172,4000,3,5,1,1,1,700706,1000000
2024DL0006223,1,1678.79,8,2,3,1,5,6353,42,0,0,6,1,5,1,700703,1000000
2024DL0006224,1,1678.79,43,2,3,1,5,40018,266,7000,1,1,1,1,1,700707,1000000
2024DL0006225,1,1678.79,50,1,4,1,15,70940,472,5000,1,4,1,1,1,700704,1000000
2024DL0006226,1,1678.79,10,1,1,1,7,5590,37,0,0,6,1,5,1,700701,1000000
2024DL0006227,1,1678.79,93,2,4,1,5,8218,54,0,0,6,1,1,1,700710,1000000
2024DL0006228,1,1678.79,16,1,1,1,19,49246,328,0,0,6,1,5,1,700706,1000000
2024DL0006229,1,1678.79,65,1,3,1,5,6844,45,8000,1,1,5,2,1,700710,1000000
2024DL0006230,1,1678.79,99,2,4,1,7,58366,389,0,0,6,1,2,1,700706,1000000
2024DL0006231,1,1678.79,27,2,4,1,6,20402,136,5000,1,1,1,5,1,700700,1000000
2024DL0006232,1,1678.79,28,1,1,1,13,39818,265,7000,4,4,1,1,1,700700,1000000
2024DL0006233,1,1678.79,47,2,1,1,5,17187,114,8000,4,1,1,1,1,700701,1000000
2024DL0006234,1,1678.79,45,2,2,1,7,21792,145,6000,3,1,1,5,1,700710,1000000
2024DL0006235,1,1678.79,100,1,1,1,6,8900,59,0,0,6,1,1,1,700704,1000000
2024DL0006236,1,1678.79,54,1,1,1,8,12040,80,7000,1,1,1,2,1,700707,1000000
2024DL0006237,1,1678.79,0,1,3,1,4,7640,50,0,0,6,2,5,2,700705,1000000
2024DL0006238,1,1678.79,18,1,5,1,14,8509,56,3000,2,1,1,5,1,700708,1000000
2024DL0006239,1,1678.79,5,1,2,1,1,7949,52,0,0,6,1,5,1,700701,1000000
2024DL0006240,1,1678.79,65,1,4,1,10,14180,94,7000,1,1,1,1,2,700709,1000000
2024DL0006241,1,1678.79,40,2,4,1,14,168940,501,5000,1,3,1,3,1,700710,1000000
2024DL0006242,1,1678.79,26,1,4,1,11,38335,255,5000,1,1,1,1,1,700701,1000000
2024DL0006243,1,1678.79,28,2,1,1,8,175450,501,9920,4,1,1,5,1,700702,1000000
2024DL0006244,1,1678.79,53,1,2,1,6,12450,83,9800,1,1,1,1,1,700700,1000000
2024DL0006245,1,1678.79,58,1,6,1,11,47427,316,6000,1,1,1,1,1,700705,1000000
2024DL0006246,1,1678.79,11,1,5,1,1,6090,40,0,0,6,1,5,1,700708,1000000
2024DL0006247,1,1678.79,19,1,4,1,16,18115,120,3000,2,1,1,5,2,700704,1000000
2024DL0006248,1,1678.79,12,1,3,1,5,21684,144,0,0,6,1,5,1,700703,1000000
2024DL0006249,1,1678.79,35,2,2,1,14,63677,424,2000,2,1,1,1,1,700708,1000000
2024DL0006250,1,1678.79,29,1,6,1,9,67839,452,9000,1,1,1,5,1,700706,1000000
2024DL0006251,1,1678.79,1,1,3,1,7,4918,32,0,0,6,1,5,1,700703,1000000
2024DL0006252,1,1678.79,14,1,3,1,1,4026,26,0,0,6,1,5,1,700704,1000000
2024DL0006253,1,1678.79,15,1,3,1,12,11011,73,0,0,6,1,5,1,700702,1000000
2024DL0006254,1,1678.79,90,1,1,1,5,10244,68,0,0,6,1,3,2,700701,1000000
2024DL0006255,1,1678.79,20,2,6,1,18,124324,501,1000,3,1,1,5,1,700704,1000000
2024DL0006256,1,1678.79,38,1,8,1,10,92916,501,1000,2,1,1,1,1,700705,1000000
2024DL0006257,1,1678.79,46,1,1,1,6,20409,136,8000,1,1,1,1,1,700706,1000000
2024DL0006258,1,1678.79,50,2,1,1,11,75091,500,6000,1,1,1,2,1,700704,1000000
2024DL0006259,1,1678.79,74,2,6,1,6,4752,31,0,0,6,2,1,1,700707,1000000
2024DL0006260,1,1678.79,32,1,1,1,16,125596,501,2000,2,1,1,1,1,700701,1000000
2024DL0006261,1,1678.79,55,2,3,1,8,41433,276,9000,3,1,1,1,1,700707,1000000
2024DL0006262,1,1678.79,41,2,1,1,6,24787,165,6000,1,1,1,1,1,700709,1000000
2024DL0006263,1,1678.79,14,2,1,1,3,1497,9,0,0,6,2,5,1,700703,1000000
2024DL0006264,1,1678.79,33,1,8,1,15,64480,429,4000,1,1,1,5,2,700702,1000000
2024DL0006265,1,1678.79,17,1,3,1,14,19084,127,0,0,6,1,5,1,700700,1000000
2024DL0006266,1,1678.79,9,2,4,1,6,6256,41,0,0,6,1,5,1,700700,1000000
2024DL0006267,1,1678.79,23,1,4,1,12,54387,362,8000,1,5,1,1,1,700701,1000000
2024DL0006268,1,1678.79,29,1,4,1,15,89776,501,4000,1,2,1,1,1,700710,1000000
2024DL0006269,1,1678.79,25,1,2,1,12,94556,501,7000,4,1,2,1,1,700703,1000000
2024DL0006270,1,1678.79,40,1,1,1,11,30033,200,5000,6,1,2,1,1,700708,1000000
2024DL0006271,1,1678.79,35,2,3,1,11,28280,188,5000,3,1,1,5,1,700701,1000000
2024DL0006272,1,1678.79,43,2,2,1,16,90903,501,1000,1,1,1,1,1,700702,1000000
2024DL0006273,1,1678.79,6,2,2,1,4,33554,223,0,0,6,1,5,1,700707,1000000
2024DL0006274,1,1678.79,69,1,1,1,5,3235,21,8000,1,1,1,1,1,700705,1000000
2024DL0006275,1,1678.79,43,1,5,1,9,58225,388,4000,1,5,1,2,1,700707,1000000
2024DL0006276,1,1678.79,6,1,3,1,4,13330,88,0,0,6,1,5,1,700706,1000000
2024DL0006277,1,1678.79,7,2,3,1,4,1891,12,0,0,6,2,5,1,700702,1000000
2024DL0006278,1,1678.79,16,2,1,1,12,15756,105,0,0,6,1,5,1,700706,1000000
2024DL0006279,1,1678.79,18,1,1,1,14,39317,262,9000,1,1,1,5,1,700703,1000000
2024DL0006280,1,1678.79,0,1,1,1,5,2531,16,0,0,6,1,5,1,700708,1000000
2024DL0006281,1,1678.79,20,2,1,1,14,16963,113,5000,3,1,1,5,1,700705,1000000
2024DL0006282,1,1678.79,28,2,6,1,11,62734,418,7000,3,5,1,1,1,700706,1000000
2024DL0006283,1,1678.79,1,1,3,1,4,11877,79,0,0,6,1,5,1,700708,1000000
2024DL0006284,1,1678.79,37,1,9,1,14,19894,132,4000,1,5,1,1,1,700709,1000000
2024DL0006285,1,1678.79,31,2,1,1,14,68833,458,9000,3,1,1,5,1,700710,1000000
2024DL0006286,1,1678.79,2,2,6,1,8,12147,80,0,0,6,1,5,1,700703,1000000
2024DL0006287,1,1678.79,35,2,1,1,14,38621,257,8000,1,1,1,5,1,700709,1000000
2024DL0006288,1,1678.79,5,2,6,1,3,1966,13,0,0,6,1,5,2,700701,1000000
2024DL0006289,1,1678.79,9,2,1,1,4,11615,77,0,0,6,1,5,1,700700,1000000
2024DL0006290,1,1678.79,29,1,3,1,12,23111,154,3000,1,5,1,1,2,700706,1000000
2024DL0006291,1,1678.79,7,1,3,1,3,11377,75,0,0,6,1,5,1,700707,1000000
2024DL0006292,1,1678.79,95,2,7,1,10,18543,123,0,0,6,1,1,1,700703,1000000
2024DL0006293,1,1678.79,23,1,1,1,15,178127,501,5000,6,1,1,5,2,700705,1000000
2024DL0006294,1,1678.79,19,1,1,1,18,25967,173,5000,6,1,1,5,1,700703,1000000
2024DL0006295,1,1678.79,8,2,3,1,7,1425,9,0,0,6,1,5,1,700706,1000000
2024DL0006296,1,1678.79,86,2,1,1,5,17998,119,0,0,6,1,1,1,700706,1000000
2024DL0006297,1,1678.79,19,1,1,1,19,49097,327,3000,2,1,1,5,2,700703,1000000
2024DL0006298,1,1678.79,3,1,2,1,6,4537,30,0,0,6,1,5,1,700707,1000000
2024DL0006299,1,1678.79,59,1,5,1,10,41933,279,9000,1,1,1,2,1,700700,1000000
2024DL0006300,1,1678.79,20,1,1,1,18,38597,257,5000,3,1,2,5,1,700709,1000000
2024DL0006301,1,1678.79,28,1,1,1,12,17526,116,7000,1,1,1,5,1,700708,1000000
2024DL0006302,1,1678.79,4,2,9,1,4,15782,105,0,0,6,1,5,1,700701,1000000
2024DL0006303,1,1678.79,18,1,3,1,15,48948,326,5000,4,1,1,5,1,700701,1000000
2024DL0006304,1,1678.79,5,2,5,1,3,3114,20,0,0,6,1,5,1,700702,1000000
2024DL0006305,1,1678.79,83,2,1,1,5,5443,36,0,0,6,1,1,1,700706,1000000
2024DL0006306,1,1678.79,33,1,5,1,13,54386,362,9800,3,1,1,1,2,700702,1000000
2024DL0006307,1,1678.79,35,2,2,1,9,49376,329,7000,1,1,1,1,1,700708,1000000
2024DL0006308,1,1678.79,11,2,1,1,9,4343,28,0,0,6,1,5,1,700709,1000000
2024DL0006309,1,1678.79,79,1,1,1,12,20633,137,0,0,6,1,5,1,700704,1000000
2024DL0006310,1,1678.79,0,1,6,1,4,12294,81,0,0,6,1,5,1,700702,1000000
2024DL0006311,1,1678.79,59,1,3,1,8,10543,70,5000,6,1,1,1,1,700706,1000000
2024DL0006312,1,1678.79,23,1,1,1,15,351061,501,6000,4,5,1,5,1,700710,1000000
2024DL0006313,1,1678.79,17,1,1,1,13,12999,86,0,0,6,1,5,1,700702,1000000
2024DL0006314,1,1678.79,52,1,3,1,9,49646,330,6000,1,5,1,1,1,700704,1000000
2024DL0006315,1,1678.79,42,1,1,1,9,56194,374,7000,4,1,2,3,1,700701,1000000
2024DL0006316,1,1678.79,7,1,5,1,7,6904,46,0,0,6,2,5,1,700709,1000000
2024DL0006317,1,1678.79,27,2,2,1,9,11076,73,2000,1,1,1,1,1,700707,1000000
2024DL0006318,1,1678.79,1,1,5,1,3,2632,17,0,0,6,1,5,1,700701,1000000
2024DL0006319,1,1678.79,15,2,1,1,18,29454,196,0,0,6,1,5,1,700707,1000000
2024DL0006320,1,1678.79,3,1,1,1,3,15869,105,0,0,6,1,5,1,700701,1000000
2024DL0006321,1,1678.79,27,1,9,1,5,22704,151,9800,4,3,1,5,1,700707,1000000
2024DL0006322,1,1678.79,21,2,3,1,18,79988,501,6000,1,3,1,5,1,700702,1000000
2024DL0006323,1,1678.79,16,1,3,1,20,55242,368,0,0,6,1,5,2,700710,1000000
2024DL0006324,1,1678.79,20,1,2,1,15,32546,216,4000,1,2,1,1,2,700706,1000000
2024DL0006325,1,1678.79,29,2,1,1,15,132190,501,4000,1,1,1,1,1,700710,1000000
2024DL0006326,1,1678.79,41,1,4,1,6,142761,501,5000,1,2,1,5,1,700700,1000000
2024DL0006327,1,1678.79,37,2,8,1,13,34554,230,7000,1,1,1,1,1,700700,1000000
2024DL0006328,1,1678.79,35,2,3,1,13,51481,343,9000,3,1,1,1,1,700709,1000000
2024DL0006329,1,1678.79,4,2,1,1,4,4889,32,0,0,6,1,5,1,700701,1000000
2024DL0006330,1,1678.79,3,2,2,1,6,8795,58,0,0,6,1,5,1,700706,1000000
2024DL0006331,1,1678.79,31,1,2,1,20,442481,501,4000,2,1,1,1,1,700710,1000000
2024DL0006332,1,1678.79,59,2,2,1,10,17413,116,9000,1,1,1,1,1,700710,1000000
2024DL0006333,1,1678.79,11,2,1,1,4,7250,48,0,0,6,1,5,1,700701,1000000
2024DL0006334,1,1678.79,46,1,3,1,6,19138,127,9800,3,1,1,1,1,700708,1000000
2024DL0006335,1,1678.79,2,1,2,1,5,14920,99,0,0,6,1,5,1,700705,1000000
2024DL0006336,1,1678.79,6,2,2,1,4,7889,52,0,0,6,1,5,1,700707,1000000
2024DL0006337,1,1678.79,56,1,1,1,13,22516,150,9800,3,1,1,1,1,700700,1000000
2024DL0006338,1,1678.79,33,2,1,1,9,103439,501,5000,1,5,1,1,1,700703,1000000
2024DL0006339,1,1678.79,56,1,2,1,10,25289,168,2000,1,1,5,2,2,700709,1000000
2024DL0006340,1,1678.79,19,1,1,1,15,75584,501,2000,3,1,1,5,1,700700,1000000
2024DL0006341,1,1678.79,59,2,6,1,6,17718,118,5000,4,1,1,2,1,700700,1000000
2024DL0006342,1,1678.79,14,2,8,1,9,17138,114,0,0,6,1,5,1,700703,1000000
2024DL0006343,1,1678.79,78,1,1,1,5,8631,57,0,0,6,1,2,2,700704,1000000
2024DL0006344,1,1678.79,54,1,2,1,5,26516,176,7000,1,1,1,2,1,700704,1000000
2024DL0006345,1,1678.79,37,1,1,1,7,54053,360,9920,1,1,1,1,1,700707,1000000
2024DL0006346,1,1678.79,11,1,6,1,4,16020,106,0,0,6,2,5,1,700701,1000000
2024DL0006347,1,1678.79,21,1,6,1,15,53174,354,2000,3,1,1,5,2,700706,1000000
2024DL0006348,1,1678.79,13,1,2,1,1,19347,128,0,0,6,1,5,1,700709,1000000
2024DL0006349,1,1678.79,23,2,1,1,12,44189,294,5000,4,1,1,1,1,700704,1000000
2024DL0006350,1,1678.79,28,2,5,1,6,28217,188,9920,4,1,1,1,1,700705,1000000
2024DL0006351,1,1678.79,18,1,1,1,11,17200,114,2000,2,1,1,5,1,700709,1000000
2024DL0006352,1,1678.79,32,1,4,1,8,68170,454,6000,3,1,1,5,1,700707,1000000
2024DL0006353,1,1678.79,22,1,1,1,13,13456,89,9000,3,1,1,5,1,700704,1000000
2024DL0006354,1,1678.79,27,2,1,1,15,67214,448,4000,3,1,1,5,1,700703,1000000
2024DL0006355,1,1678.79,4,1,4,1,2,7001,46,0,0,6,1,5,1,700705,1000000
2024DL0006356,1,1678.79,9,2,6,1,4,26435,176,0,0,6,5,5,1,700709,1000000
2024DL0006357,1,1678.79,23,1,2,1,10,43540,290,2000,1,1,1,1,1,700700,1000000
2024DL0006358,1,1678.79,2,1,1,1,4,7872,52,0,0,6,1,5,1,700706,1000000
2024DL0006359,1,1678.79,17,2,2,1,15,66201,441,0,0,6,1,5,1,700707,1000000
2024DL0006360,1,1678.79,5,2,2,1,3,2476,16,0,0,6,1,5,1,700706,1000000
2024DL0006361,1,1678.79,23,1,1,1,13,14822,98,9800,1,1,2,5,1,700701,1000000
2024DL0006362,1,1678.79,29,1,3,1,15,57466,383,5000,1,1,2,5,1,700706,1000000
2024DL0006363,1,1678.79,33,1,6,1,12,38096,253,2000,2,5,1,1,1,700703,1000000
2024DL0006364,1,1678.79,38,1,2,1,12,32219,214,2000,1,1,1,1,1,700706,1000000
2024DL0006365,1,1678.79,25,2,4,1,11,191940,501,6000,4,2,1,1,1,700709,1000000
2024DL0006366,1,1678.79,4,2,4,1,9,33482,223,0,0,6,1,5,1,700702,1000000
2024DL0006367,1,1678.79,10,1,1,1,8,5308,35,0,0,6,1,5,1,700709,1000000
2024DL0006368,1,1678.79,53,1,1,1,7,21004,140,8000,1,1,1,1,1,700707,1000000
2024DL0006369,1,1678.79,28,1,3,1,11,52971,353,3000,1,2,2,1,1,700707,1000000
2024DL0006370,1,1678.79,0,1,6,1,5,26069,173,0,0,6,1,5,1,700706,1000000
2024DL0006371,1,1678.79,28,2,3,1,10,37727,251,7000,3,1,1,1,2,700707,1000000
2024DL0006372,1,1678.79,76,2,5,1,9,39540,263,0,0,6,1,1,1,700709,1000000
2024DL0006373,1,1678.79,49,2,1,1,11,37481,249,7000,1,3,1,1,1,700708,1000000
2024DL0006374,1,1678.79,29,1,1,1,13,49025,326,6000,1,1,2,1,1,700706,1000000
2024DL0006375,1,1678.79,31,2,2,1,7,9678,64,7000,1,1,1,5,1,700710,1000000
2024DL0006376,1,1678.79,84,1,8,1,5,14887,99,0,0,6,1,5,1,700707,1000000
2024DL0006377,1,1678.79,29,2,1,1,8,31923,212,9920,1,4,1,1,1,700702,1000000
2024DL0006378,1,1678.79,30,2,8,1,9,17298,115,6000,1,1,1,1,1,700708,1000000
2024DL0006379,1,1678.79,36,2,1,1,12,84630,501,7000,6,1,1,1,1,700705,1000000
2024DL0006380,1,1678.79,19,2,1,1,17,46936,312,5000,1,1,1,5,1,700708,1000000
2024DL0006381,1,1678.79,34,1,5,1,12,97887,501,6000,3,2,1,1,1,700701,1000000
2024DL0006382,1,1678.79,26,2,1,1,14,20658,137,6000,1,2,1,5,1,700703,1000000
2024DL0006383,1,1678.79,8,2,1,1,4,6501,43,0,0,6,1,5,2,700710,1000000
2024DL0006384,1,1678.79,34,1,1,1,5,3161,21,6000,6,2,1,1,1,700702,1000000
2024DL0006385,1,1678.79,15,1,5,1,13,7904,52,0,0,6,1,5,1,700708,1000000
2024DL0006386,1,1678.79,18,1,5,1,13,7950,53,6000,1,1,1,5,1,700703,1000000
2024DL0006387,1,1678.79,29,1,2,1,5,18742,124,7000,1,1,1,1,1,700705,1000000
2024DL0006388,1,1678.79,15,1,2,1,16,33786,225,0,0,6,1,5,1,700700,1000000
2024DL0006389,1,1678.79,19,2,5,1,12,30796,205,5000,4,1,1,5,1,700710,1000000
2024DL0006390,1,1678.79,25,1,9,1,8,19845,132,5000,1,1,1,5,1,700700,1000000
2024DL0006391,1,1678.79,6,1,3,1,2,12893,85,0,0,6,1,5,1,700710,1000000
2024DL0006392,1,1678.79,30,1,1,1,9,53743,358,1000,2,1,1,5,1,700710,1000000
2024DL0006393,1,1678.79,26,1,1,1,12,37531,250,1000,1,1,1,5,1,700709,1000000
2024DL0006394,1,1678.79,17,2,5,1,16,31862,212,0,0,6,1,5,1,700707,1000000
2024DL0006395,1,1678.79,2,2,2,1,2,10980,73,0,0,6,1,5,1,700703,1000000
2024DL0006396,1,1678.79,33,1,4,1,5,16223,108,9800,4,1,1,5,2,700700,1000000
2024DL0006397,1,1678.79,13,2,8,1,4,11464,76,0,0,6,1,5,1,700705,1000000
2024DL0006398,1,1678.79,12,1,3,1,6,5487,36,0,0,6,1,5,1,700702,1000000
2024DL0006399,1,1678.79,30,1,1,1,15,76827,501,2000,3,1,1,5,1,700705,1000000
2024DL0006400,1,1678.79,72,1,7,1,5,6967,46,0,0,6,1,5,1,700708,1000000
2024DL0006401,1,1678.79,44,1,1,1,13,64920,432,5000,4,1,1,1,1,700708,1000000
2024DL0006402,1,1678.79,29,2,2,1,9,23248,154,4000,1,1,1,1,1,700701,1000000
2024DL0006403,1,1678.79,24,1,2,1,13,21493,143,2000,1,5,1,1,1,700704,1000000
2024DL0006404,1,1678.79,26,2,1,1,9,28567,190,6000,3,1,1,1,1,700700,1000000
2024DL0006405,1,1678.79,13,2,1,1,1,7388,49,0,0,6,1,5,1,700702,1000000
2024DL0006406,1,1678.79,45,2,3,1,7,25819,172,7000,6,1,1,1,1,700707,1000000
2024DL0006407,1,1678.79,31,2,2,1,10,20686,137,7000,3,1,1,1,1,700701,1000000
2024DL0006408,1,1678.79,12,2,1,1,4,10614,70,0,0,6,1,5,1,700705,1000000
2024DL0006409,1,1678.79,18,1,3,1,19,36607,244,4000,2,1,1,5,1,700702,1000000
2024DL0006410,1,1678.79,33,2,1,1,13,28974,193,1000,2,1,1,1,1,700701,1000000
2024DL0006411,1,1678.79,22,2,9,1,10,69386,462,8000,3,1,1,5,1,700700,1000000
2024DL0006412,1,1678.79,94,2,6,1,6,9739,64,0,0,6,1,1,1,700706,1000000
2024DL0006413,1,1678.79,23,1,1,1,12,28731,191,6000,1,3,1,5,2,700703,1000000
2024DL0006414,1,1678.79,10,2,1,1,3,3553,23,0,0,6,1,5,1,700705,1000000
2024DL0006415,1,1678.79,2,2,1,1,7,12156,81,0,0,6,1,5,2,700710,1000000
2024DL0006416,1,1678.79,18,2,1,1,12,7441,49,4000,1,1,1,5,1,700710,1000000
2024DL0006417,1,1678.79,35,1,1,1,9,22112,147,5000,1,3,1,1,1,700707,1000000
2024DL0006418,1,1678.79,34,1,6,1,7,16973,113,7000,1,1,1,5,1,700702,1000000
2024DL0006419,1,1678.79,57,2,3,1,8,10789,71,5000,4,1,1,1,1,700707,1000000
2024DL0006420,1,1678.79,6,2,1,1,5,2831,18,0,0,6,1,5,1,700703,1000000
2024DL0006421,1,1678.79,19,2,6,1,11,20050,133,6000,3,1,1,5,1,700705,1000000
2024DL0006422,1,1678.79,24,2,6,1,16,62652,417,4000,1,1,1,1,1,700704,1000000
2024DL0006423,1,1678.79,38,2,6,1,11,24237,161,6000,1,1,1,1,1,700705,1000000
2024DL0006424,1,1678.79,58,1,5,1,16,84133,501,5000,6,3,1,1,1,700701,1000000
2024DL0006425,1,1678.79,24,2,1,1,15,66043,440,4000,1,1,1,5,1,700701,1000000
2024DL0006426,1,1678.79,0,1,7,1,5,12356,82,0,0,6,1,5,1,700701,1000000
2024DL0006427,1,1678.79,22,2,2,1,14,29730,198,5000,1,1,1,5,1,700704,1000000
2024DL0006428,1,1678.79,3,2,1,1,4,9622,64,0,0,6,1,5,1,700710,1000000
2024DL0006429,1,1678.79,16,1,2,1,15,27407,182,0,0,6,1,5,1,700710,1000000
2024DL0006430,1,1678.79,17,1,5,1,14,15106,100,0,0,6,1,5,1,700700,1000000
2024DL0006431,1,1678.79,3,1,1,1,7,1068,7,0,0,6,5,5,1,700700,1000000
2024DL0006432,1,1678.79,19,2,1,1,20,173699,501,1000,1,1,1,5,1,700704,1000000
2024DL0006433,1,1678.79,15,2,7,1,14,8529,56,0,0,6,1,5,1,700704,1000000
2024DL0006434,1,1678.79,11,2,5,1,1,11794,78,0,0,6,1,5,1,700701,1000000
2024DL0006435,1,1678.79,23,1,2,1,14,79912,501,6000,4,5,1,5,1,700709,1000000
2024DL0006436,1,1678.79,27,2,5,1,6,57012,380,5000,1,1,1,1,1,700710,1000000
2024DL0006437,1,1678.79,35,2,9,1,10,11459,76,9000,1,1,1,1,1,700707,1000000
2024DL0006438,1,1678.79,94,2,5,1,8,10216,68,0,0,6,1,1,1,700710,1000000
2024DL0006439,1,1678.79,41,1,4,1,18,131333,501,6000,1,1,1,1,1,700708,1000000
2024DL0006440,1,1678.79,0,1,5,1,7,8682,57,0,0,6,1,5,1,700709,1000000
2024DL0006441,1,1678.79,38,2,4,1,9,62058,413,4000,1,1,1,5,1,700708,1000000
2024DL0006442,1,1678.79,0,2,5,1,1,12435,82,0,0,6,1,5,1,700704,1000000
2024DL0006443,1,1678.79,75,1,6,1,7,8656,57,0,0,6,1,2,1,700702,1000000
2024DL0006444,1,1678.79,54,2,4,1,5,9048,60,9920,1,4,1,1,1,700704,1000000
2024DL0006445,1,1678.79,16,1,1,1,20,55985,373,0,0,6,1,5,1,700709,1000000
2024DL0006446,1,1678.79,48,2,1,1,16,135185,501,4000,1,1,1,1,1,700707,1000000
2024DL0006447,1,1678.79,28,2,5,1,15,60254,401,4000,2,1,1,5,1,700701,1000000
2024DL0006448,1,1678.79,57,1,2,1,14,31165,207,1000,3,1,1,1,1,700703,1000000
2024DL0006449,1,1678.79,50,2,2,1,7,6671,44,9920,3,1,1,1,1,700707,1000000
2024DL0006450,1,1678.79,44,2,3,1,14,80837,501,1000,1,1,1,1,1,700707,1000000
2024DL0006451,1,1678.79,51,1,5,1,10,62077,413,1000,2,1,1,1,1,700701,1000000
2024DL0006452,1,1678.79,31,2,2,1,14,66966,446,3000,1,5,1,5,2,700702,1000000
2024DL0006453,1,1678.79,0,1,1,1,4,10760,71,0,0,6,2,5,1,700707,1000000
2024DL0006454,1,1678.79,66,2,1,1,9,16805,112,7000,3,1,1,1,1,700707,1000000
2024DL0006455,1,1678.79,57,1,5,1,10,20658,137,6000,4,1,1,1,1,700710,1000000
2024DL0006456,1,1678.79,35,1,3,1,12,53499,356,2000,2,1,1,5,1,700704,1000000
2024DL0006457,1,1678.79,37,1,4,1,9,42283,281,1000,1,3,1,1,1,700704,1000000
2024DL0006458,1,1678.79,53,2,3,1,10,64330,428,2000,2,1,1,1,1,700709,1000000
2024DL0006459,1,1678.79,4,2,1,1,7,10746,71,0,0,6,1,5,1,700700,1000000
2024DL0006460,1,1678.79,25,1,1,1,11,33375,222,9000,6,1,1,5,1,700710,1000000
2024DL0006461,1,1678.79,63,1,2,1,6,14712,98,5000,3,1,1,1,1,700700,1000000
2024DL0006462,1,1678.79,42,1,3,1,12,101942,501,9800,1,1,1,5,1,700709,1000000
2024DL0006463,1,1678.79,40,2,3,1,16,188902,501,3000,1,1,2,1,1,700704,1000000
2024DL0006464,1,1678.79,1,2,1,1,4,19817,132,0,0,6,1,5,1,700701,1000000
2024DL0006465,1,1678.79,21,1,5,1,15,57638,384,3000,1,3,1,5,1,700709,1000000
2024DL0006466,1,1678.79,40,1,1,1,9,19321,128,8000,4,1,1,1,1,700707,1000000
2024DL0006467,1,1678.79,17,1,5,1,17,46964,313,0,0,6,1,5,1,700707,1000000
2024DL0006468,1,1678.79,38,1,5,1,11,91691,501,9000,1,1,1,1,1,700701,1000000
2024DL0006469,1,1678.79,77,1,4,1,12,22967,153,0,0,6,2,1,1,700704,1000000
2024DL0006470,1,1678.79,33,2,1,1,7,4998,33,9920,6,1,1,5,1,700700,1000000
2024DL0006471,1,1678.79,41,1,1,1,13,65047,433,6000,4,1,1,1,2,700704,1000000
2024DL0006472,1,1678.79,23,2,3,1,18,38677,257,3000,3,1,1,5,1,700710,1000000
2024DL0006473,1,1678.79,21,1,5,1,12,11700,78,3000,1,1,1,1,1,700706,1000000
2024DL0006474,1,1678.79,21,1,4,1,19,75242,501,2000,1,2,1,5,1,700704,1000000
2024DL0006475,1,1678.79,69,1,5,1,5,37267,248,7000,1,1,5,2,1,700705,1000000
2024DL0006476,1,1678.79,49,2,6,1,7,13426,89,5000,4,1,1,5,1,700705,1000000
2024DL0006477,1,1678.79,38,1,1,1,9,29722,198,9000,1,1,1,1,1,700704,1000000
2024DL0006478,1,1678.79,14,2,4,1,7,4941,32,0,0,6,1,5,1,700708,1000000
2024DL0006479,1,1678.79,36,1,1,1,7,9144,60,6000,1,1,1,1,1,700705,1000000
2024DL0006480,1,1678.79,2,1,3,1,2,3726,24,0,0,6,1,5,1,700700,1000000
2024DL0006481,1,1678.79,26,2,7,1,12,20964,139,6000,1,1,1,5,1,700706,1000000
2024DL0006482,1,1678.79,50,1,1,1,17,159662,501,3000,3,4,1,1,1,700703,1000000
2024DL0006483,1,1678.79,47,2,4,1,9,24063,160,9800,3,4,1,1,1,700700,1000000
2024DL0006484,1,1678.79,89,1,1,1,8,3942,26,0,0,6,1,2,1,700701,1000000
2024DL0006485,1,1678.79,41,1,1,1,5,20505,136,9800,1,2,1,5,1,700703,1000000
2024DL0006486,1,1678.79,12,2,9,1,4,7101,47,0,0,6,1,5,1,700706,1000000
2024DL0006487,1,1678.79,8,1,5,1,6,2184,14,0,0,6,1,5,2,700708,1000000
2024DL0006488,1,1678.79,17,1,1,1,13,17399,115,0,0,6,2,5,1,700708,1000000
2024DL0006489,1,1678.79,50,1,1,1,9,31663,211,2000,2,1,1,1,1,700701,1000000
2024DL0006490,1,1678.79,37,2,5,1,11,37172,247,6000,1,1,1,2,1,700710,1000000
2024DL0006491,1,1678.79,18,1,2,1,14,7146,47,9000,4,1,1,5,1,700710,1000000
2024DL0006492,1,1678.79,42,1,1,1,7,17707,118,6000,1,1,1,5,1,700700,1000000
2024DL0006493,1,1678.79,24,2,1,1,13,15175,101,7000,1,3,1,1,1,700703,1000000
2024DL0006494,1,1678.79,16,1,1,1,20,64541,430,0,0,6,1,5,1,700703,1000000
2024DL0006495,1,1678.79,46,1,5,1,18,113432,501,1000,1,2,1,1,1,700707,1000000
2024DL0006496,1,1678.79,85,2,6,1,7,27734,184,0,0,6,1,2,1,700707,1000000
2024DL0006497,1,1678.79,9,1,2,1,1,14176,94,0,0,6,1,5,1,700705,1000000
2024DL0006498,1,1678.79,57,1,2,1,17,53614,357,6000,1,1,1,5,1,700710,1000000
2024DL0006499,1,1678.79,30,1,1,1,9,25784,171,7000,3,1,2,1,1,700701,1000000
2024DL0006500,1,1678.79,59,2,6,1,6,64191,427,5000,6,1,1,5,2,700700,1000000
2024DL0006501,1,1678.79,44,2,4,1,13,14954,99,8000,6,1,1,3,1,700708,1000000
2024DL0006502,1,1678.79,19,2,3,1,14,9156,61,1000,3,1,1,5,1,700703,1000000
2024DL0006503,1,1678.79,21,1,1,1,14,7899,52,4000,2,1,1,5,2,700705,1000000
2024DL0006504,1,1678.79,35,2,1,1,8,40756,271,9920,1,1,1,1,1,700703,1000000
2024DL0006505,1,1678.79,0,2,2,1,6,2342,15,0,0,6,1,5,1,700702,1000000
2024DL0006506,1,1678.79,33,2,2,1,12,113160,501,3000,3,1,1,5,1,700710,1000000
2024DL0006507,1,1678.79,23,2,1,1,18,26070,173,3000,1,1,1,5,1,700700,1000000
2024DL0006508,1,1678.79,21,1,2,1,19,41911,279,3000,1,4,1,5,1,700700,1000000
2024DL0006509,1,1678.79,3,2,6,1,1,12341,82,0,0,6,1,5,2,700700,1000000
2024DL0006510,1,1678.79,45,1,5,1,10,26297,175,6000,1,1,1,1,2,700703,1000000
2024DL0006511,1,1678.79,38,2,1,1,15,72884,485,1000,2,1,1,5,1,700707,1000000
2024DL0006512,1,1678.79,51,1,8,1,11,57154,381,5000,1,1,1,1,1,700702,1000000
2024DL0006513,1,1678.79,37,2,2,1,11,78926,501,7000,1,1,1,1,2,700708,1000000
2024DL0006514,1,1678.79,23,1,4,1,14,26301,175,5000,3,1,1,5,1,700709,1000000
2024DL0006515,1,1678.79,43,1,1,1,12,44505,296,9800,1,1,1,5,1,700703,1000000
2024DL0006516,1,1678.79,18,1,1,1,17,24995,166,6000,4,1,1,5,1,700701,1000000
2024DL0006517,1,1678.79,44,2,1,1,17,112108,501,4000,3,1,1,1,1,700710,1000000
2024DL0006518,1,1678.79,48,1,1,1,7,8624,57,7000,4,2,1,1,2,700710,1000000
2024DL0006519,1,1678.79,38,1,3,1,5,45074,300,9920,4,1,1,1,1,700708,1000000
2024DL0006520,1,1678.79,48,1,3,1,8,23648,157,5000,1,1,1,1,2,700706,1000000
2024DL0006521,1,1678.79,50,1,6,1,13,54127,360,7000,4,1,1,1,1,700702,1000000
2024DL0006522,1,1678.79,55,2,2,1,5,34293,228,7000,3,1,1,2,2,700706,1000000
2024DL0006523,1,1678.79,29,1,5,1,8,6303,42,9800,6,5,1,5,2,700705,1000000
2024DL0006524,1,1678.79,70,2,5,1,9,35033,233,9000,1,1,1,2,1,700709,1000000
2024DL0006525,1,1678.79,0,1,1,1,3,7380,49,0,0,6,1,5,1,700701,1000000
2024DL0006526,1,1678.79,22,2,9,1,20,176569,501,3000,1,2,1,5,2,700704,1000000
2024DL0006527,1,1678.79,7,2,4,1,3,2646,17,0,0,6,1,5,1,700707,1000000
2024DL0006528,1,1678.79,19,2,1,1,17,32403,216,5000,1,1,1,5,1,700701,1000000
2024DL0006529,1,1678.79,37,2,2,1,9,103342,501,5000,4,5,1,1,2,700707,1000000
2024DL0006530,1,1678.79,23,1,1,1,14,55303,368,3000,2,1,1,5,1,700707,1000000
2024DL0006531,1,1678.79,9,2,6,1,5,4049,26,0,0,6,1,5,1,700708,1000000
2024DL0006532,1,1678.79,39,2,1,1,8,23810,158,5000,3,1,1,1,1,700707,1000000
2024DL0006533,1,1678.79,29,2,9,1,10,31793,211,9800,3,4,1,5,1,700710,1000000
2024DL0006534,1,1678.79,28,1,1,1,7,24672,164,8000,1,1,2,1,1,700702,1000000
2024DL0006535,1,1678.79,40,2,5,1,5,43313,288,5000,1,3,1,2,1,700706,1000000
2024DL0006536,1,1678.79,82,2,1,1,8,8411,56,0,0,6,1,1,1,700703,1000000
2024DL0006537,1,1678.79,93,1,2,1,5,2697,17,0,0,6,1,1,1,700700,1000000
2024DL0006538,1,1678.79,50,1,1,1,18,75433,501,4000,2,1,1,1,1,700709,1000000
2024DL0006539,1,1678.79,29,1,1,1,13,42528,283,1000,3,1,1,1,1,700708,1000000
2024DL0006540,1,1678.79,43,2,5,1,18,221569,501,4000,3,5,1,1,2,700703,1000000
2024DL0006541,1,1678.79,26,2,5,1,7,4332,28,9920,1,1,1,1,1,700707,1000000
2024DL0006542,1,1678.79,14,1,3,1,6,2759,18,0,0,6,1,5,2,700700,1000000
2024DL0006543,1,1678.79,30,1,3,1,5,54886,365,6000,3,1,1,1,1,700704,1000000
2024DL0006544,1,1678.79,45,1,5,1,12,29314,195,9000,3,1,1,1,1,700702,1000000
2024DL0006545,1,1678.79,14,1,1,1,5,3530,23,0,0,6,1,5,1,700708,1000000
2024DL0006546,1,1678.79,41,1,1,1,15,139066,501,2000,1,1,1,1,1,700702,1000000
2024DL0006547,1,1678.79,5,1,4,1,6,21896,145,0,0,6,1,5,1,700708,1000000
2024DL0006548,1,1678.79,9,2,5,1,4,8919,59,0,0,6,1,5,1,700701,1000000
2024DL0006549,1,1678.79,18,1,4,1,16,17663,117,6000,3,1,2,5,1,700705,1000000
2024DL0006550,1,1678.79,6,1,1,1,3,13344,88,0,0,6,1,5,2,700706,1000000
2024DL0006551,1,1678.79,35,2,6,1,9,66692,444,5000,6,3,1,1,1,700706,1000000
2024DL0006552,1,1678.79,9,2,3,1,6,9806,65,0,0,6,1,5,1,700710,1000000
2024DL0006553,1,1678.79,6,2,4,1,2,11548,76,0,0,6,1,5,1,700709,1000000
2024DL0006554,1,1678.79,45,2,5,1,7,77419,501,9000,1,1,1,1,1,700706,1000000
2024DL0006555,1,1678.79,24,2,2,1,19,50514,336,4000,2,1,1,5,2,700704,1000000
2024DL0006556,1,1678.79,28,1,1,1,10,31898,212,8000,4,1,1,1,1,700707,1000000
2024DL0006557,1,1678.79,47,2,1,1,9,24864,165,1000,3,1,2,5,2,700700,1000000
2024DL0006558,1,1678.79,28,2,4,1,12,16001,106,9800,1,3,1,1,1,700703,1000000
2024DL0006559,1,1678.79,3,1,3,1,6,9540,63,0,0,6,1,5,1,700710,1000000
2024DL0006560,1,1678.79,18,2,4,1,12,17191,114,6000,4,1,1,5,1,700708,1000000
2024DL0006561,1,1678.79,34,1,1,1,7,20628,137,5000,6,1,1,5,1,700708,1000000
2024DL0006562,1,1678.79,42,2,2,1,14,23577,157,6000,1,1,1,1,1,700710,1000000
2024DL0006563,1,1678.79,26,2,7,1,11,16490,109,6000,1,5,1,5,1,700704,1000000
2024DL0006564,1,1678.79,16,2,1,1,18,27496,183,0,0,6,1,5,1,700707,1000000
2024DL0006565,1,1678.79,12,1,9,1,7,11092,73,0,0,6,1,5,1,700704,1000000
2024DL0006566,1,1678.79,23,1,2,1,10,69165,461,6000,6,1,1,5,1,700705,1000000
2024DL0006567,1,1678.79,7,1,5,1,7,4360,29,0,0,6,1,5,1,700701,1000000
2024DL0006568,1,1678.79,14,1,6,1,4,5375,35,0,0,6,1,5,1,700709,1000000
2024DL0006569,1,1678.79,26,1,2,1,13,25922,172,6000,1,1,1,5,2,700708,1000000
2024DL0006570,1,1678.79,55,2,5,1,9,182184,501,9000,6,1,1,1,1,700700,1000000
2024DL0006571,1,1678.79,7,1,2,1,7,14651,97,0,0,6,1,5,2,700703,1000000
2024DL0006572,1,1678.79,33,1,3,1,13,41672,277,7000,1,1,1,1,1,700706,1000000
2024DL0006573,1,1678.79,20,2,2,1,20,105290,501,3000,1,1,1,5,2,700705,1000000
2024DL0006574,1,1678.79,25,2,5,1,11,33167,221,6000,1,1,1,5,1,700702,1000000
2024DL0006575,1,1678.79,5,1,5,1,6,8675,57,0,0,6,2,5,1,700706,1000000
2024DL0006576,1,1678.79,39,1,1,1,12,25155,167,5000,4,1,1,1,1,700706,1000000
2024DL0006577,1,1678.79,4,2,1,1,3,11760,78,0,0,6,1,5,1,700706,1000000
2024DL0006578,1,1678.79,12,1,3,1,5,2901,19,0,0,6,1,5,2,700705,1000000
2024DL0006579,1,1678.79,2,2,3,1,4,2204,14,0,0,6,1,5,1,700704,1000000
2024DL0006580,1,1678.79,3,2,5,1,3,10635,70,0,0,6,1,5,1,700708,1000000
2024DL0006581,1,1678.79,52,2,2,1,7,51129,340,5000,1,1,1,1,1,700704,1000000
2024DL0006582,1,1678.79,28,2,2,1,11,67623,450,4000,1,1,1,5,1,700705,1000000
2024DL0006583,1,1678.79,9,1,1,1,8,9607,64,0,0,6,1,5,1,700708,1000000
2024DL0006584,1,1678.79,29,1,4,1,13,62147,414,6000,1,1,1,1,1,700708,1000000
2024DL0006585,1,1678.79,9,1,1,1,2,17804,118,0,0,6,1,5,1,700702,1000000
2024DL0006586,1,1678.79,19,2,1,1,16,24464,163,4000,1,1,1,5,1,700706,1000000
2024DL0006587,1,1678.79,39,1,9,1,8,23551,157,5000,4,4,1,5,1,700703,1000000
2024DL0006588,1,1678.79,51,1,4,1,17,135351,501,2000,2,1,1,1,1,700704,1000000
2024DL0006589,1,1678.79,9,2,2,1,6,3962,26,0,0,6,1,5,1,700706,1000000
2024DL0006590,1,1678.79,17,1,4,1,18,42590,283,0,0,6,1,5,1,700709,1000000
2024DL0006591,1,1678.79,27,1,1,1,12,37109,247,2000,3,1,1,1,1,700705,1000000
2024DL0006592,1,1678.79,43,1,2,1,15,238460,501,4000,1,1,1,1,1,700702,1000000
2024DL0006593,1,1678.79,6,2,3,1,7,16585,110,0,0,6,1,5,2,700706,1000000
2024DL0006594,1,1678.79,17,2,4,1,18,81469,501,0,0,6,1,5,1,700710,1000000
2024DL0006595,1,1678.79,29,2,3,1,11,11730,78,9800,1,1,1,1,1,700710,1000000
2024DL0006596,1,1678.79,26,1,4,1,7,11005,73,9000,3,1,1,1,2,700700,1000000
2024DL0006597,1,1678.79,71,2,5,1,7,5663,37,0,0,6,1,2,1,700701,1000000
2024DL0006598,1,1678.79,58,1,1,1,13,11738,78,5000,1,1,1,1,1,700707,1000000
2024DL0006599,1,1678.79,48,2,6,1,8,24049,160,5000,1,1,1,1,1,700708,1000000
2024DL0006600,1,1678.79,11,1,1,1,1,12111,80,0,0,6,1,5,1,700700,1000000
2024DL0006601,1,1678.79,59,2,2,1,13,19473,129,9800,1,1,1,1,1,700700,1000000
2024DL0006602,1,1678.79,34,2,5,1,15,45749,304,5000,4,1,1,1,1,700705,1000000
2024DL0006603,1,1678.79,10,2,5,1,2,2137,14,0,0,6,1,5,1,700700,1000000
2024DL0006604,1,1678.79,53,2,3,1,14,32394,215,7000,4,1,1,2,1,700702,1000000
2024DL0006605,1,1678.79,32,2,6,1,9,19502,130,7000,1,5,1,1,2,700702,1000000
2024DL0006606,1,1678.79,9,1,2,1,3,16012,106,0,0,6,1,5,1,700710,1000000
2024DL0006607,1,1678.79,44,2,3,1,10,21544,143,6000,4,1,1,1,1,700704,1000000
2024DL0006608,1,1678.79,12,2,1,1,8,6641,44,0,0,6,1,5,1,700709,1000000
2024DL0006609,1,1678.79,41,1,2,1,12,20213,134,8000,3,1,1,1,2,700708,1000000
2024DL0006610,1,1678.79,11,1,6,1,4,4952,33,0,0,6,1,5,1,700709,1000000
2024DL0006611,1,1678.79,52,2,5,1,9,15592,103,3000,1,1,2,2,1,700707,1000000
2024DL0006612,1,1678.79,27,2,1,1,11,36389,242,3000,2,1,1,1,1,700710,1000000
2024DL0006613,1,1678.79,49,1,1,1,5,31286,208,5000,1,1,2,1,1,700709,1000000
2024DL0006614,1,1678.79,5,2,8,1,4,3512,23,0,0,6,1,5,1,700705,1000000
2024DL0006615,1,1678.79,17,1,1,1,15,30629,204,0,0,6,1,5,1,700709,1000000
2024DL0006616,1,1678.79,95,2,5,1,5,7020,46,0,0,6,1,1,1,700706,1000000
2024DL0006617,1,1678.79,33,1,3,1,10,46990,313,5000,1,1,5,5,1,700704,1000000
2024DL0006618,1,1678.79,88,2,2,1,12,29082,193,0,0,6,1,1,1,700700,1000000
2024DL0006619,1,1678.79,2,2,1,1,3,6156,41,0,0,6,1,5,1,700704,1000000
2024DL0006620,1,1678.79,56,2,4,1,6,30916,206,5000,4,1,1,1,1,700708,1000000
2024DL0006621,1,1678.79,4,2,1,1,6,2543,16,0,0,6,1,5,2,700700,1000000
2024DL0006622,1,1678.79,97,2,3,1,11,20434,136,0,0,6,1,2,1,700707,1000000
2024DL0006623,1,1678.79,42,2,2,1,10,62565,417,7000,4,2,1,1,1,700705,1000000
2024DL0006624,1,1678.79,9,1,6,1,7,13010,86,0,0,6,1,5,1,700709,1000000
2024DL0006625,1,1678.79,23,1,6,1,20,203590,501,4000,2,2,1,5,1,700702,1000000
2024DL0006626,1,1678.79,37,1,3,1,10,27339,182,6000,4,1,1,1,1,700703,1000000
2024DL0006627,1,1678.79,35,2,2,1,9,78031,501,5000,6,2,1,1,1,700708,1000000
2024DL0006628,1,1678.79,9,1,4,1,6,2072,13,0,0,6,1,5,1,700701,1000000
2024DL0006629,1,1678.79,3,2,1,1,5,4091,27,0,0,6,1,5,1,700701,1000000
2024DL0006630,1,1678.79,29,1,2,1,9,30272,201,4000,1,1,1,5,1,700709,1000000
2024DL0006631,1,1678.79,24,1,2,1,16,104099,501,1000,1,1,1,5,1,700701,1000000
2024DL0006632,1,1678.79,17,2,1,1,16,15836,105,0,0,6,1,5,1,700701,1000000
2024DL0006633,1,1678.79,17,1,2,1,17,51250,341,0,0,6,1,5,1,700700,1000000
2024DL0006634,1,1678.79,6,1,4,1,2,4310,28,0,0,6,1,5,1,700708,1000000
2024DL0006635,1,1678.79,9,2,1,1,5,6736,44,0,0,6,1,5,1,700707,1000000
2024DL0006636,1,1678.79,55,1,3,1,9,16737,111,8000,1,1,1,5,1,700702,1000000
2024DL0006637,1,1678.79,34,1,5,1,5,12651,84,8000,3,1,1,1,1,700710,1000000
2024DL0006638,1,1678.79,36,2,4,1,9,49376,329,5000,3,1,1,1,1,700706,1000000
2024DL0006639,1,1678.79,31,2,3,1,13,91015,501,4000,1,1,1,1,1,700701,1000000
2024DL0006640,1,1678.79,21,1,5,1,15,53057,353,2000,1,5,1,5,1,700707,1000000
2024DL0006641,1,1678.79,22,1,1,1,19,151452,501,4000,1,1,2,5,1,700708,1000000
2024DL0006642,1,1678.79,10,2,2,1,1,3203,21,0,0,6,1,5,2,700700,1000000
2024DL0006643,1,1678.79,45,2,5,1,12,37092,247,3000,3,2,1,1,1,700703,1000000
2024DL0006644,1,1678.79,32,1,3,1,9,39638,264,6000,3,1,1,1,2,700710,1000000
2024DL0006645,1,1678.79,16,2,8,1,18,17883,119,0,0,6,1,5,1,700705,1000000
2024DL0006646,1,1678.79,12,2,1,1,7,7965,53,0,0,6,1,5,1,700700,1000000
2024DL0006647,1,1678.79,50,1,3,1,5,27770,185,9920,1,1,1,1,1,700700,1000000
2024DL0006648,1,1678.79,17,1,5,1,15,36012,240,0,0,6,1,5,2,700701,1000000
2024DL0006649,1,1678.79,34,1,1,1,13,26544,176,7000,1,1,1,5,1,700709,1000000
2024DL0006650,1,1678.79,42,2,1,1,14,61770,411,4000,1,1,1,1,2,700708,1000000
2024DL0006651,1,1678.79,14,2,4,1,3,4831,32,0,0,6,2,5,1,700700,1000000
2024DL0006652,1,1678.79,56,1,2,1,13,14020,93,9800,4,1,1,1,1,700703,1000000
2024DL0006653,1,1678.79,29,2,3,1,13,35807,238,5000,3,1,1,1,1,700705,1000000
2024DL0006654,1,1678.79,36,1,6,1,16,123265,501,4000,1,2,1,1,1,700701,1000000
2024DL0006655,1,1678.79,75,1,3,1,8,4180,27,0,0,6,5,1,2,700710,1000000
2024DL0006656,1,1678.79,20,2,1,1,17,97477,501,4000,1,3,1,1,1,700704,1000000
2024DL0006657,1,1678.79,30,1,4,1,7,63771,425,6000,1,2,1,1,1,700701,1000000
2024DL0006658,1,1678.79,51,1,6,1,11,37047,246,6000,4,1,1,1,1,700703,1000000
2024DL0006659,1,1678.79,40,2,4,1,8,76849,501,5000,3,1,1,1,1,700700,1000000
2024DL0006660,1,1678.79,29,2,5,1,7,12507,83,9920,6,1,1,1,1,700703,1000000
2024DL0006661,1,1678.79,42,2,1,1,15,115680,501,4000,2,1,1,1,1,700710,1000000
2024DL0006662,1,1678.79,8,1,1,1,2,12133,80,0,0,6,1,5,1,700706,1000000
2024DL0006663,1,1678.79,28,1,1,1,12,21256,141,1000,1,5,1,5,1,700709,1000000
2024DL0006664,1,1678.79,64,1,2,1,11,30804,205,1000,1,1,1,2,1,700705,1000000
2024DL0006665,1,1678.79,25,2,3,1,11,47499,316,6000,4,3,1,1,1,700707,1000000
2024DL0006666,1,1678.79,54,1,1,1,11,31458,209,2000,1,1,1,1,1,700701,1000000
2024DL0006667,1,1678.79,29,2,2,1,7,3884,25,7000,6,1,1,5,1,700710,1000000
2024DL0006668,1,1678.79,38,2,3,1,8,21113,140,9920,6,4,1,1,1,700708,1000000
2024DL0006669,1,1678.79,80,2,1,1,11,26917,179,0,0,6,1,1,1,700702,1000000
2024DL0006670,1,1678.79,20,1,5,1,17,36744,244,4000,3,5,2,1,1,700710,1000000
2024DL0006671,1,1678.79,52,2,1,1,7,14261,95,6000,4,3,1,2,1,700710,1000000
2024DL0006672,1,1678.79,31,1,2,1,11,12116,80,1000,1,1,1,1,1,700709,1000000
2024DL0006673,1,1678.79,16,2,4,1,12,7221,48,0,0,6,1,5,1,700703,1000000
2024DL0006674,1,1678.79,12,1,5,1,3,2927,19,0,0,6,1,5,1,700709,1000000
2024DL0006675,1,1678.79,90,1,1,1,5,10833,72,0,0,6,1,5,1,700701,1000000
2024DL0006676,1,1678.79,23,1,1,1,20,95013,501,2000,1,1,1,5,1,700705,1000000
2024DL0006677,1,1678.79,12,2,6,1,2,9985,66,0,0,6,1,5,1,700707,1000000
2024DL0006678,1,1678.79,46,2,1,1,7,10340,68,9800,1,1,1,1,1,700703,1000000
2024DL0006679,1,1678.79,7,2,1,1,8,16840,112,0,0,6,1,5,1,700707,1000000
2024DL0006680,1,1678.79,18,1,5,1,17,67738,451,6000,4,1,1,5,1,700707,1000000
2024DL0006681,1,1678.79,24,2,1,1,14,13942,92,7000,1,2,1,5,1,700708,1000000
2024DL0006682,1,1678.79,10,1,5,1,4,3308,22,0,0,6,1,5,1,700701,1000000
2024DL0006683,1,1678.79,93,2,5,1,12,16499,109,0,0,6,2,1,1,700706,1000000
2024DL0006684,1,1678.79,23,1,1,1,10,19817,132,9000,4,2,2,5,1,700709,1000000
2024DL0006685,1,1678.79,38,1,2,1,15,96158,501,4000,2,1,1,1,1,700710,1000000
2024DL0006686,1,1678.79,4,1,3,1,4,6959,46,0,0,6,1,5,1,700706,1000000
2024DL0006687,1,1678.79,23,1,6,1,17,94585,501,4000,3,1,2,5,1,700702,1000000
2024DL0006688,1,1678.79,17,1,9,1,18,41682,277,0,0,6,5,5,1,700703,1000000
2024DL0006689,1,1678.79,24,1,3,1,12,46724,311,2000,2,1,1,5,1,700705,1000000
2024DL0006690,1,1678.79,9,1,2,1,3,3274,21,0,0,6,1,5,1,700707,1000000
2024DL0006691,1,1678.79,37,1,2,1,12,99682,501,1000,1,1,1,1,1,700703,1000000
2024DL0006692,1,1678.79,82,2,1,1,10,25880,172,0,0,6,1,1,1,700702,1000000
2024DL0006693,1,1678.79,26,1,3,1,13,42934,286,7000,4,1,2,1,1,700702,1000000
2024DL0006694,1,1678.79,47,1,8,1,10,51514,343,5000,1,1,1,5,1,700708,1000000
2024DL0006695,1,1678.79,1,2,1,1,4,12850,85,0,0,6,1,5,1,700704,1000000
2024DL0006696,1,1678.79,50,2,5,1,14,23005,153,7000,1,1,1,1,1,700710,1000000
2024DL0006697,1,1678.79,17,1,1,1,16,41891,279,0,0,6,1,5,1,700700,1000000
2024DL0006698,1,1678.79,28,2,1,1,6,7411,49,6000,1,5,1,5,1,700703,1000000
2024DL0006699,1,1678.79,24,2,1,1,15,108492,501,5000,1,1,1,5,1,700702,1000000
2024DL0006700,1,1678.79,2,2,1,1,6,2452,16,0,0,6,1,5,1,700709,1000000
2024DL0006701,1,1678.79,15,2,1,1,15,19680,131,0,0,6,1,5,1,700703,1000000
2024DL0006702,1,1678.79,5,1,3,1,2,12635,84,0,0,6,1,5,1,700703,1000000
2024DL0006703,1,1678.79,24,2,2,1,13,36766,245,3000,2,1,1,5,2,700707,1000000
2024DL0006704,1,1678.79,28,1,8,1,13,59218,394,5000,1,1,1,1,1,700708,1000000
2024DL0006705,1,1678.79,8,1,8,1,6,5024,33,0,0,6,1,5,1,700708,1000000
2024DL0006706,1,1678.79,3,1,4,1,8,6504,43,0,0,6,1,5,1,700703,1000000
2024DL0006707,1,1678.79,53,1,1,1,5,11872,79,5000,6,2,1,4,1,700705,1000000
2024DL0006708,1,1678.79,19,2,4,1,15,40003,266,4000,1,2,1,5,1,700703,1000000
2024DL0006709,1,1678.79,48,2,6,1,8,31733,211,9920,1,1,1,1,1,700708,1000000
2024DL0006710,1,1678.79,27,1,2,1,19,450100,501,1000,3,5,1,5,1,700706,1000000
2024DL0006711,1,1678.79,32,2,1,1,10,33599,223,2000,1,3,1,1,1,700710,1000000
2024DL0006712,1,1678.79,23,1,6,1,10,18593,123,6000,1,1,1,5,1,700706,1000000
2024DL0006713,1,1678.79,84,1,2,1,6,22289,148,0,0,6,1,2,1,700701,1000000
2024DL0006714,1,1678.79,13,1,2,1,3,9226,61,0,0,6,1,5,1,700700,1000000
2024DL0006715,1,1678.79,36,2,6,1,7,34674,231,7000,6,5,1,5,1,700703,1000000
2024DL0006716,1,1678.79,20,1,3,1,14,13398,89,6000,1,1,1,5,1,700703,1000000
2024DL0006717,1,1678.79,3,2,5,1,6,13737,91,0,0,6,1,5,1,700707,1000000
2024DL0006718,1,1678.79,26,1,1,1,12,7239,48,9000,1,5,1,1,1,700705,1000000
2024DL0006719,1,1678.79,75,2,6,1,7,4938,32,0,0,6,1,1,1,700703,1000000
2024DL0006720,1,1678.79,48,1,1,1,11,157844,501,8000,4,1,1,1,1,700710,1000000
2024DL0006721,1,1678.79,12,2,4,1,8,17144,114,0,0,6,1,5,1,700706,1000000
2024DL0006722,1,1678.79,39,2,3,1,10,40800,272,9000,1,1,1,1,1,700707,1000000
2024DL0006723,1,1678.79,4,2,7,1,2,6203,41,0,0,6,1,5,1,700709,1000000
2024DL0006724,1,1678.79,75,2,2,1,12,15975,106,0,0,6,1,2,1,700700,1000000
2024DL0006725,1,1678.79,34,2,3,1,20,70347,468,3000,1,1,1,1,1,700705,1000000
2024DL0006726,1,1678.79,44,2,5,1,16,144322,501,4000,1,1,1,1,1,700700,1000000
2024DL0006727,1,1678.79,29,2,1,1,17,129739,501,1000,2,2,2,5,1,700701,1000000
2024DL0006728,1,1678.79,18,1,1,1,14,10119,67,7000,4,3,1,5,1,700708,1000000
2024DL0006729,1,1678.79,5,2,2,1,2,12703,84,0,0,6,1,5,2,700702,1000000
2024DL0006730,1,1678.79,40,2,1,1,8,8011,53,7000,1,1,1,1,1,700708,1000000
2024DL0006731,1,1678.79,41,1,2,1,12,9970,66,5000,1,4,1,1,1,700709,1000000
2024DL0006732,1,1678.79,54,1,1,1,11,89779,501,1000,2,1,5,1,1,700702,1000000
2024DL0006733,1,1678.79,98,1,4,1,5,9341,62,0,0,6,1,1,1,700701,1000000
2024DL0006734,1,1678.79,36,1,1,1,8,18633,124,9920,1,1,1,1,1,700709,1000000
2024DL0006735,1,1678.79,13,2,4,1,8,19559,130,0,0,6,1,5,1,700709,1000000
2024DL0006736,1,1678.79,36,2,2,1,10,68466,456,7000,1,3,1,2,1,700701,1000000
2024DL0006737,1,1678.79,27,2,1,1,15,66899,445,6000,3,1,1,1,1,700706,1000000
2024DL0006738,1,1678.79,57,2,1,1,19,193634,501,3000,1,1,1,1,1,700706,1000000
2024DL0006739,1,1678.79,42,2,1,1,5,31882,212,7000,3,1,1,1,1,700701,1000000
2024DL0006740,1,1678.79,43,1,1,1,13,54115,360,9000,4,1,1,1,1,700705,1000000
2024DL0006741,1,1678.79,8,1,2,1,3,4870,32,0,0,6,1,5,1,700710,1000000
2024DL0006742,1,1678.79,9,1,6,1,8,4257,28,0,0,6,1,5,1,700703,1000000
2024DL0006743,1,1678.79,2,2,2,1,9,16233,108,0,0,6,1,5,2,700708,1000000
2024DL0006744,1,1678.79,37,2,1,1,15,104454,501,5000,3,2,1,1,1,700707,1000000
2024DL0006745,1,1678.79,16,1,4,1,19,81505,501,0,0,6,1,5,1,700701,1000000
2024DL0006746,1,1678.79,29,2,3,1,5,13226,88,6000,6,1,1,1,1,700707,1000000
2024DL0006747,1,1678.79,34,1,3,1,6,16264,108,9920,6,3,1,1,1,700707,1000000
2024DL0006748,1,1678.79,48,2,5,1,5,28898,192,9920,1,1,1,1,1,700705,1000000
2024DL0006749,1,1678.79,16,2,1,1,13,10392,69,0,0,6,1,5,1,700703,1000000
2024DL0006750,1,1678.79,52,1,1,1,16,65485,436,5000,1,1,1,1,1,700701,1000000
2024DL0006751,1,1678.79,55,1,1,1,10,50309,335,9000,3,1,1,1,1,700707,1000000
2024DL0006752,1,1678.79,23,2,8,1,13,90226,501,9000,3,1,5,1,1,700700,1000000
2024DL0006753,1,1678.79,12,2,1,1,4,4580,30,0,0,6,1,5,1,700708,1000000
2024DL0006754,1,1678.79,85,1,2,1,11,32858,219,0,0,6,1,1,1,700702,1000000
2024DL0006755,1,1678.79,23,1,1,1,11,62283,415,7000,4,1,2,5,1,700701,1000000
2024DL0006756,1,1678.79,11,1,7,1,3,5323,35,0,0,6,1,5,1,700706,1000000
2024DL0006757,1,1678.79,15,1,1,1,16,23039,153,0,0,6,1,5,1,700708,1000000
2024DL0006758,1,1678.79,33,1,2,1,9,117697,501,9000,1,1,1,1,1,700710,1000000
2024DL0006759,1,1678.79,31,1,1,1,15,241743,501,5000,3,2,1,5,1,700710,1000000
2024DL0006760,1,1678.79,18,2,1,1,17,21178,141,4000,1,1,1,5,1,700701,1000000
2024DL0006761,1,1678.79,27,1,1,1,14,101362,501,1000,2,1,1,5,1,700700,1000000
2024DL0006762,1,1678.79,3,1,4,1,5,4017,26,0,0,6,1,5,1,700700,1000000
2024DL0006763,1,1678.79,8,2,1,1,4,9980,66,0,0,6,1,5,2,700705,1000000
2024DL0006764,1,1678.79,50,2,5,1,15,92146,501,5000,4,1,1,1,1,700710,1000000
2024DL0006765,1,1678.79,12,2,6,1,5,3474,23,0,0,6,1,5,1,700710,1000000
2024DL0006766,1,1678.79,17,1,1,1,16,22192,147,0,0,6,1,5,1,700706,1000000
2024DL0006767,1,1678.79,4,1,1,1,7,13338,88,0,0,6,1,5,1,700704,1000000
2024DL0006768,1,1678.79,38,1,1,1,6,4553,30,7000,1,1,1,1,1,700704,1000000
2024DL0006769,1,1678.79,75,1,5,1,7,9623,64,0,0,6,1,1,1,700704,1000000
2024DL0006770,1,1678.79,16,2,1,1,18,65198,434,0,0,6,1,5,1,700704,1000000
2024DL0006771,1,1678.79,21,1,2,1,16,59067,393,2000,3,1,1,1,1,700700,1000000
2024DL0006772,1,1678.79,6,1,4,1,3,1172,7,0,0,6,1,5,1,700709,1000000
2024DL0006773,1,1678.79,44,2,6,1,6,22303,148,5000,1,1,1,1,1,700704,1000000
2024DL0006774,1,1678.79,16,1,1,1,14,5568,37,0,0,6,1,5,1,700708,1000000
2024DL0006775,1,1678.79,27,1,1,1,19,106761,501,3000,1,1,1,1,1,700703,1000000
2024DL0006776,1,1678.79,48,1,5,1,10,145231,501,6000,1,1,1,1,1,700707,1000000
2024DL0006777,1,1678.79,21,2,1,1,14,3347,22,2000,2,1,1,1,1,700706,1000000
2024DL0006778,1,1678.79,9,1,5,1,7,7555,50,0,0,6,1,5,1,700700,1000000
2024DL0006779,1,1678.79,42,2,6,1,12,53998,359,6000,1,1,1,1,2,700705,1000000
2024DL0006780,1,1678.79,51,2,7,1,11,38141,254,3000,1,1,1,2,1,700707,1000000
2024DL0006781,1,1678.79,17,2,1,1,19,39772,265,0,0,6,1,5,1,700707,1000000
2024DL0006782,1,1678.79,56,2,5,1,14,28512,190,9800,3,1,1,1,1,700700,1000000
2024DL0006783,1,1678.79,28,1,4,1,15,105736,501,2000,1,1,1,1,1,700706,1000000
2024DL0006784,1,1678.79,43,2,5,1,10,20035,133,7000,1,2,1,2,2,700708,1000000
2024DL0006785,1,1678.79,39,1,1,1,9,52471,349,2000,1,1,1,1,1,700703,1000000
2024DL0006786,1,1678.79,12,1,5,1,8,6760,45,0,0,6,1,5,1,700701,1000000
2024DL0006787,1,1678.79,27,2,3,1,12,33276,221,9000,4,1,1,5,1,700709,1000000
2024DL0006788,1,1678.79,19,2,6,1,17,19954,133,5000,3,1,1,5,1,700703,1000000
2024DL0006789,1,1678.79,40,2,2,1,7,129442,501,5000,1,3,1,2,1,700705,1000000
2024DL0006790,1,1678.79,41,1,1,1,7,15691,104,8000,3,2,1,3,1,700707,1000000
2024DL0006791,1,1678.79,38,2,5,1,5,4945,32,9920,3,1,1,5,1,700707,1000000
2024DL0006792,1,1678.79,41,2,2,1,11,120694,501,9000,1,1,1,1,1,700706,1000000
2024DL0006793,1,1678.79,5,1,2,1,3,3263,21,0,0,6,1,5,1,700710,1000000
2024DL0006794,1,1678.79,22,2,3,1,20,277830,501,3000,3,1,1,1,1,700700,1000000
2024DL0006795,1,1678.79,34,1,1,1,15,285537,501,4000,1,1,1,1,1,700708,1000000
2024DL0006796,1,1678.79,53,2,4,1,11,28645,190,8000,3,1,1,1,1,700710,1000000
2024DL0006797,1,1678.79,1,1,5,1,6,4781,31,0,0,6,2,5,1,700700,1000000
2024DL0006798,1,1678.79,17,1,1,1,20,90911,501,0,0,6,1,5,1,700707,1000000
2024DL0006799,1,1678.79,26,1,1,1,13,40155,267,7000,4,2,1,1,1,700706,1000000
2024DL0006800,1,1678.79,34,1,1,1,9,64695,431,5000,1,3,1,1,1,700708,1000000
2024DL0006801,1,1678.79,15,2,6,1,20,33047,220,0,0,6,1,5,1,700704,1000000
2024DL0006802,1,1678.79,11,1,5,1,4,3789,25,0,0,6,1,5,1,700703,1000000
2024DL0006803,1,1678.79,51,1,1,1,5,44952,299,5000,4,1,5,2,2,700705,1000000
2024DL0006804,1,1678.79,18,1,1,1,14,5005,33,6000,1,1,1,5,1,700707,1000000
2024DL0006805,1,1678.79,11,1,3,1,1,2201,14,0,0,6,1,5,1,700703,1000000
2024DL0006806,1,1678.79,16,2,6,1,18,34103,227,0,0,6,1,5,1,700710,1000000
2024DL0006807,1,1678.79,34,1,1,1,7,56111,374,9800,4,1,1,1,1,700701,1000000
2024DL0006808,1,1678.79,20,1,1,1,20,43109,287,3000,2,3,1,5,1,700706,1000000
2024DL0006809,1,1678.79,40,2,3,1,5,28100,187,7000,1,2,2,1,2,700700,1000000
2024DL0006810,1,1678.79,27,1,5,1,9,79742,501,9000,1,5,1,1,1,700709,1000000
2024DL0006811,1,1678.79,24,1,2,1,14,38065,253,6000,3,1,1,5,1,700710,1000000
2024DL0006812,1,1678.79,50,1,6,1,8,7968,53,6000,3,1,2,5,1,700706,1000000
2024DL0006813,1,1678.79,15,2,1,1,15,42693,284,0,0,6,1,5,1,700703,1000000
2024DL0006814,1,1678.79,16,2,1,1,19,73422,489,0,0,6,1,5,2,700705,1000000
2024DL0006815,1,1678.79,42,1,3,1,9,46647,310,2000,1,1,1,1,1,700703,1000000
2024DL0006816,1,1678.79,49,2,6,1,9,20143,134,2000,1,1,1,1,1,700708,1000000
2024DL0006817,1,1678.79,4,1,2,1,5,3776,25,0,0,6,1,5,1,700710,1000000
2024DL0006818,1,1678.79,21,2,1,1,14,12267,81,6000,4,1,1,5,1,700700,1000000
2024DL0006819,1,1678.79,32,1,3,1,9,16485,109,6000,3,1,1,1,1,700709,1000000
2024DL0006820,1,1678.79,37,2,1,1,9,52457,349,5000,1,1,1,5,1,700705,1000000
2024DL0006821,1,1678.79,22,2,5,1,15,107353,501,4000,2,2,1,5,1,700706,1000000
2024DL0006822,1,1678.79,59,1,5,1,11,40332,268,3000,1,2,1,5,1,700702,1000000
2024DL0006823,1,1678.79,14,2,5,1,4,6108,40,0,0,6,1,5,1,700703,1000000
2024DL0006824,1,1678.79,5,1,9,1,6,5848,38,0,0,6,1,5,1,700706,1000000
2024DL0006825,1,1678.79,16,1,2,1,12,16369,109,0,0,6,1,5,1,700704,1000000
2024DL0006826,1,1678.79,3,2,6,1,9,10531,70,0,0,6,1,5,1,700709,1000000
2024DL0006827,1,1678.79,41,2,9,1,12,83224,501,6000,1,1,1,1,1,700700,1000000
2024DL0006828,1,1678.79,24,1,1,1,13,20916,139,9000,4,1,1,5,1,700704,1000000
2024DL0006829,1,1678.79,92,2,1,1,6,10795,71,0,0,6,1,2,1,700707,1000000
2024DL0006830,1,1678.79,35,1,4,1,13,47483,316,1000,1,1,2,1,1,700703,1000000
2024DL0006831,1,1678.79,49,1,3,1,10,18953,126,9000,3,1,2,1,1,700708,1000000
2024DL0006832,1,1678.79,38,2,4,1,16,77677,501,6000,4,1,1,1,1,700704,1000000
2024DL0006833,1,1678.79,26,1,3,1,11,13154,87,8000,3,1,1,1,2,700705,1000000
2024DL0006834,1,1678.79,5,1,1,1,4,7276,48,0,0,6,1,5,2,700702,1000000
2024DL0006835,1,1678.79,57,1,5,1,7,22283,148,6000,1,1,1,2,1,700706,1000000
2024DL0006836,1,1678.79,20,2,1,1,15,45064,300,2000,1,1,1,5,1,700709,1000000
2024DL0006837,1,1678.79,8,1,6,1,1,7949,52,0,0,6,5,5,1,700707,1000000
2024DL0006838,1,1678.79,38,1,6,1,14,50866,339,1000,1,1,2,2,1,700707,1000000
2024DL0006839,1,1678.79,15,2,3,1,12,23562,157,0,0,6,1,5,1,700703,1000000
2024DL0006840,1,1678.79,53,2,1,1,15,66363,442,6000,1,2,1,3,1,700706,1000000
2024DL0006841,1,1678.79,25,1,2,1,10,30672,204,7000,4,1,2,1,1,700702,1000000
2024DL0006842,1,1678.79,76,2,5,1,11,85434,501,0,0,6,1,2,2,700709,1000000
2024DL0006843,1,1678.79,4,1,8,1,2,6862,45,0,0,6,1,5,1,700707,1000000
2024DL0006844,1,1678.79,8,2,1,1,3,10519,70,0,0,6,1,5,1,700700,1000000
2024DL0006845,1,1678.79,44,1,1,1,14,65492,436,8000,4,1,2,1,1,700705,1000000
2024DL0006846,1,1678.79,41,2,1,1,12,43925,292,2000,1,1,1,1,1,700710,1000000
2024DL0006847,1,1678.79,2,2,1,1,6,5928,39,0,0,6,1,5,1,700702,1000000
2024DL0006848,1,1678.79,27,2,2,1,6,27587,183,6000,1,1,1,5,1,700702,1000000
2024DL0006849,1,1678.79,16,1,5,1,16,24248,161,0,0,6,1,5,2,700708,1000000
2024DL0006850,1,1678.79,2,1,1,1,4,5941,39,0,0,6,5,5,1,700700,1000000
2024DL0006851,1,1678.79,13,1,1,1,8,5304,35,0,0,6,1,5,1,700708,1000000
2024DL0006852,1,1678.79,15,2,1,1,14,12217,81,0,0,6,1,5,2,700707,1000000
2024DL0006853,1,1678.79,16,1,2,1,19,212913,501,0,0,6,1,5,2,700700,1000000
2024DL0006854,1,1678.79,54,1,6,1,11,40798,271,7000,1,1,1,1,1,700708,1000000
2024DL0006855,1,1678.79,9,1,2,1,5,15812,105,0,0,6,1,5,2,700710,1000000
2024DL0006856,1,1678.79,51,1,1,1,6,8139,54,9920,1,1,1,1,1,700709,1000000
2024DL0006857,1,1678.79,58,2,5,1,10,35160,234,6000,1,1,1,1,1,700702,1000000
2024DL0006858,1,1678.79,3,1,1,1,3,15876,105,0,0,6,1,5,2,700708,1000000
2024DL0006859,1,1678.79,3,1,1,1,8,7860,52,0,0,6,1,5,1,700703,1000000
2024DL0006860,1,1678.79,28,2,6,1,18,292058,501,1000,1,1,1,1,1,700709,1000000
2024DL0006861,1,1678.79,51,1,1,1,9,33691,224,6000,1,1,1,5,1,700700,1000000
2024DL0006862,1,1678.79,70,1,4,1,11,10074,67,6000,3,1,1,1,1,700704,1000000
2024DL0006863,1,1678.79,29,2,1,1,12,12849,85,6000,1,1,1,1,1,700710,1000000
2024DL0006864,1,1678.79,2,1,7,1,3,12447,82,0,0,6,1,5,1,700702,1000000
2024DL0006865,1,1678.79,54,1,1,1,10,20692,137,7000,4,1,1,1,1,700710,1000000
2024DL0006866,1,1678.79,19,1,1,1,16,38158,254,3000,2,1,1,5,1,700710,1000000
2024DL0006867,1,1678.79,28,1,6,1,6,2750,18,8000,3,1,1,5,1,700706,1000000
2024DL0006868,1,1678.79,31,1,2,1,12,27719,184,6000,1,1,1,1,1,700706,1000000
2024DL0006869,1,1678.79,52,1,1,1,12,44262,295,4000,3,1,1,1,1,700710,1000000
2024DL0006870,1,1678.79,6,1,6,1,8,3064,20,0,0,6,1,5,1,700703,1000000
2024DL0006871,1,1678.79,41,2,2,1,15,114118,501,6000,1,1,1,1,1,700702,1000000
2024DL0006872,1,1678.79,19,1,1,1,16,126412,501,3000,2,1,1,5,1,700707,1000000
2024DL0006873,1,1678.79,1,1,3,1,6,8731,58,0,0,6,1,5,1,700703,1000000
2024DL0006874,1,1678.79,4,2,1,1,7,45856,305,0,0,6,1,5,2,700703,1000000
2024DL0006875,1,1678.79,40,1,7,1,11,13034,86,9000,1,1,1,1,1,700705,1000000
2024DL0006876,1,1678.79,72,2,3,1,10,17133,114,0,0,6,1,1,1,700706,1000000
2024DL0006877,1,1678.79,33,1,6,1,15,48752,325,3000,1,1,1,1,1,700700,1000000
2024DL0006878,1,1678.79,39,2,1,1,10,61690,411,6000,1,1,1,1,1,700706,1000000
2024DL0006879,1,1678.79,30,1,2,1,13,67781,451,9000,6,1,1,1,1,700706,1000000
2024DL0006880,1,1678.79,15,1,1,1,18,36236,241,0,0,6,1,5,1,700710,1000000
2024DL0006881,1,1678.79,47,2,2,1,6,37724,251,8000,3,1,1,2,1,700709,1000000
2024DL0006882,1,1678.79,19,2,3,1,18,20887,139,6000,6,1,1,5,1,700702,1000000
2024DL0006883,1,1678.79,1,1,4,1,3,16062,107,0,0,6,1,5,1,700708,1000000
2024DL0006884,1,1678.79,57,2,4,1,8,10432,69,9800,1,1,1,2,1,700705,1000000
2024DL0006885,1,1678.79,27,1,3,1,10,23950,159,8000,3,1,1,5,1,700702,1000000
2024DL0006886,1,1678.79,22,2,1,1,12,80761,501,8000,3,1,1,5,1,700708,1000000
2024DL0006887,1,1678.79,47,1,2,1,13,27392,182,6000,3,1,1,1,1,700709,1000000
2024DL0006888,1,1678.79,31,2,4,1,7,12375,82,5000,1,2,1,5,1,700708,1000000
2024DL0006889,1,1678.79,49,2,1,1,5,6740,44,8000,4,1,1,1,1,700706,1000000
2024DL0006890,1,1678.79,7,1,1,1,2,7727,51,0,0,6,5,5,1,700705,1000000
2024DL0006891,1,1678.79,42,2,1,1,16,79209,501,4000,1,1,1,1,1,700703,1000000
2024DL0006892,1,1678.79,49,1,1,1,6,30329,202,7000,1,1,1,5,1,700710,1000000
2024DL0006893,1,1678.79,35,1,2,1,12,44534,296,9000,1,1,1,5,1,700707,1000000
2024DL0006894,1,1678.79,27,2,7,1,9,32410,216,6000,4,1,1,1,1,700707,1000000
2024DL0006895,1,1678.79,47,1,5,1,15,54271,361,6000,1,2,1,1,1,700700,1000000
2024DL0006896,1,1678.79,41,1,3,1,17,52772,351,4000,1,1,1,1,1,700704,1000000
2024DL0006897,1,1678.79,4,1,6,1,3,23343,155,0,0,6,1,5,2,700704,1000000
2024DL0006898,1,1678.79,55,2,6,1,6,39368,262,9000,4,1,1,5,1,700708,1000000
2024DL0006899,1,1678.79,39,1,5,1,9,65591,437,5000,1,2,1,1,1,700702,1000000
2024DL0006900,1,1678.79,50,2,1,1,14,58393,389,6000,1,1,1,1,1,700701,1000000
2024DL0006901,1,1678.79,16,2,5,1,11,5479,36,0,0,6,1,5,1,700704,1000000
2024DL0006902,1,1678.79,51,1,3,1,5,9728,64,9800,4,1,1,1,1,700709,1000000
2024DL0006903,1,1678.79,22,1,4,1,15,34040,226,5000,1,2,1,5,1,700704,1000000
2024DL0006904,1,1678.79,0,2,1,1,4,6351,42,0,0,6,1,5,1,700709,1000000
2024DL0006905,1,1678.79,37,2,1,1,7,30760,205,7000,4,2,1,1,1,700707,1000000
2024DL0006906,1,1678.79,21,1,2,1,20,165271,501,1000,2,1,1,1,1,700705,1000000
2024DL0006907,1,1678.79,45,1,1,1,8,101941,501,8000,1,1,2,1,1,700702,1000000
2024DL0006908,1,1678.79,9,2,4,1,4,9326,62,0,0,6,1,5,1,700709,1000000
2024DL0006909,1,1678.79,59,2,1,1,13,48633,324,2000,1,1,1,1,1,700703,1000000
2024DL0006910,1,1678.79,16,2,2,1,17,43939,292,0,0,6,1,5,2,700701,1000000
2024DL0006911,1,1678.79,22,1,1,1,13,36364,242,6000,3,1,1,5,1,700707,1000000
2024DL0006912,1,1678.79,30,1,1,1,13,52564,350,6000,1,1,1,5,1,700701,1000000
2024DL0006913,1,1678.79,9,2,6,1,6,5459,36,0,0,6,1,5,1,700702,1000000
2024DL0006914,1,1678.79,2,2,2,1,5,7978,53,0,0,6,1,5,1,700704,1000000
2024DL0006915,1,1678.79,37,2,7,1,8,33453,223,9000,4,1,1,1,1,700710,1000000
2024DL0006916,1,1678.79,44,2,1,1,16,88544,501,1000,1,1,1,1,2,700701,1000000
2024DL0006917,1,1678.79,5,1,5,1,2,12257,81,0,0,6,1,5,1,700701,1000000
2024DL0006918,1,1678.79,46,1,2,1,9,130210,501,7000,1,5,1,1,1,700702,1000000
2024DL0006919,1,1678.79,19,1,2,1,15,22358,149,3000,1,1,2,5,1,700705,1000000
2024DL0006920,1,1678.79,0,1,6,1,1,7994,53,0,0,6,1,5,1,700704,1000000
2024DL0006921,1,1678.79,32,1,5,1,11,45153,301,9000,4,1,1,1,1,700705,1000000
2024DL0006922,1,1678.79,22,2,2,1,19,118638,501,1000,1,1,1,5,1,700709,1000000
2024DL0006923,1,1678.79,43,1,6,1,9,111936,501,7000,4,4,1,1,1,700704,1000000
2024DL0006924,1,1678.79,79,1,3,1,11,37908,252,0,0,6,1,2,1,700703,1000000
2024DL0006925,1,1678.79,57,1,6,1,7,13845,92,9800,4,1,1,3,1,700703,1000000
2024DL0006926,1,1678.79,24,2,3,1,19,133381,501,3000,3,1,1,5,1,700707,1000000
2024DL0006927,1,1678.79,4,1,1,1,3,12314,82,0,0,6,1,5,1,700706,1000000
2024DL0006928,1,1678.79,28,1,1,1,15,68582,457,6000,4,1,1,1,1,700706,1000000
2024DL0006929,1,1678.79,25,1,5,1,9,66443,442,8000,1,1,2,1,1,700708,1000000
2024DL0006930,1,1678.79,16,2,3,1,14,6641,44,0,0,6,1,5,2,700709,1000000
2024DL0006931,1,1678.79,19,1,1,1,18,61648,410,3000,1,2,1,5,1,700705,1000000
2024DL0006932,1,1678.79,5,1,3,1,6,5261,35,0,0,6,1,5,1,700709,1000000
2024DL0006933,1,1678.79,57,1,3,1,12,82613,501,6000,4,2,5,1,1,700710,1000000
2024DL0006934,1,1678.79,18,1,5,1,13,26348,175,1000,1,1,1,5,1,700701,1000000
2024DL0006935,1,1678.79,45,2,6,1,9,34029,226,6000,6,1,1,1,1,700709,1000000
2024DL0006936,1,1678.79,0,1,4,1,5,9945,66,0,0,6,1,5,1,700706,1000000
2024DL0006937,1,1678.79,16,2,5,1,16,20372,135,0,0,6,1,5,1,700710,1000000
2024DL0006938,1,1678.79,13,2,1,1,5,7646,50,0,0,6,2,5,1,700706,1000000
2024DL0006939,1,1678.79,18,1,1,1,17,42478,283,1000,3,1,1,5,1,700709,1000000
2024DL0006940,1,1678.79,7,2,1,1,4,15081,100,0,0,6,1,5,1,700710,1000000
2024DL0006941,1,1678.79,39,1,6,1,10,44716,298,9000,4,3,1,1,2,700704,1000000
2024DL0006942,1,1678.79,59,2,4,1,7,68598,457,6000,1,1,2,1,2,700700,1000000
2024DL0006943,1,1678.79,19,1,7,1,18,62000,413,6000,1,1,1,5,1,700710,1000000
2024DL0006944,1,1678.79,19,1,3,1,20,26662,177,4000,1,2,1,5,1,700710,1000000
2024DL0006945,1,1678.79,30,1,1,1,13,27871,185,8000,4,2,1,5,1,700709,1000000
2024DL0006946,1,1678.79,11,1,4,1,1,5368,35,0,0,6,1,5,1,700708,1000000
2024DL0006947,1,1678.79,44,2,4,1,5,16145,107,9000,1,1,1,2,1,700707,1000000
2024DL0006948,1,1678.79,58,1,5,1,10,19915,132,8000,4,1,1,3,1,700703,1000000
2024DL0006949,1,1678.79,32,2,1,1,14,30148,200,3000,1,2,1,1,1,700706,1000000
2024DL0006950,1,1678.79,30,1,4,1,5,25106,167,5000,1,1,1,1,1,700706,1000000
2024DL0006951,1,1678.79,34,1,1,1,8,17036,113,9920,1,1,1,1,1,700705,1000000
2024DL0006952,1,1678.79,17,1,2,1,13,18149,120,0,0,6,1,5,2,700708,1000000
2024DL0006953,1,1678.79,57,1,3,1,9,38539,256,1000,1,1,1,4,1,700702,1000000
2024DL0006954,1,1678.79,2,2,2,1,5,1455,9,0,0,6,1,5,1,700704,1000000
2024DL0006955,1,1678.79,57,2,1,1,5,34986,233,9920,3,4,1,1,1,700703,1000000
2024DL0006956,1,1678.79,34,2,4,1,12,19566,130,2000,1,1,1,1,1,700702,1000000
2024DL0006957,1,1678.79,15,2,1,1,17,30603,204,0,0,6,1,5,1,700701,1000000
2024DL0006958,1,1678.79,53,2,6,1,9,22147,147,2000,1,1,1,1,1,700704,1000000
2024DL0006959,1,1678.79,4,1,1,1,1,11685,77,0,0,6,1,5,1,700704,1000000
2024DL0006960,1,1678.79,57,1,1,1,11,45279,301,3000,2,1,2,2,1,700710,1000000
2024DL0006961,1,1678.79,58,1,1,1,12,46418,309,5000,3,1,1,2,1,700703,1000000
2024DL0006962,1,1678.79,14,1,4,1,2,8329,55,0,0,6,1,5,1,700708,1000000
2024DL0006963,1,1678.79,33,2,1,1,17,135647,501,3000,1,1,1,1,1,700701,1000000
2024DL0006964,1,1678.79,1,1,1,1,2,3260,21,0,0,6,1,5,2,700702,1000000
2024DL0006965,1,1678.79,7,1,1,1,6,3961,26,0,0,6,1,5,1,700707,1000000
2024DL0006966,1,1678.79,41,1,1,1,7,6370,42,9800,1,4,1,5,1,700706,1000000
2024DL0006967,1,1678.79,55,1,1,1,6,8908,59,7000,1,1,1,1,1,700708,1000000
2024DL0006968,1,1678.79,5,2,6,1,5,43965,293,0,0,6,1,5,1,700700,1000000
2024DL0006969,1,1678.79,48,2,1,1,7,59145,394,8000,3,1,1,1,1,700708,1000000
2024DL0006970,1,1678.79,5,1,5,1,5,6955,46,0,0,6,5,5,1,700704,1000000
2024DL0006971,1,1678.79,36,1,1,1,17,219119,501,3000,1,1,1,1,1,700708,1000000
2024DL0006972,1,1678.79,35,2,1,1,17,49303,328,4000,2,1,1,1,1,700710,1000000
2024DL0006973,1,1678.79,8,1,1,1,1,2994,19,0,0,6,1,5,2,700708,1000000
2024DL0006974,1,1678.79,9,2,3,1,1,7373,49,0,0,6,1,5,1,700709,1000000
2024DL0006975,1,1678.79,37,1,1,1,6,17173,114,6000,1,5,1,1,1,700706,1000000
2024DL0006976,1,1678.79,30,1,1,1,10,69462,463,7000,1,1,1,1,2,700701,1000000
2024DL0006977,1,1678.79,41,1,3,1,14,74242,494,7000,1,1,1,1,1,700703,1000000
2024DL0006978,1,1678.79,5,1,1,1,4,4850,32,0,0,6,1,5,1,700700,1000000
2024DL0006979,1,1678.79,4,1,1,1,3,16441,109,0,0,6,2,5,1,700704,1000000
2024DL0006980,1,1678.79,20,1,6,1,12,10251,68,6000,1,1,1,5,1,700704,1000000
2024DL0006981,1,1678.79,42,1,6,1,13,38149,254,9000,1,1,1,1,1,700704,1000000
2024DL0006982,1,1678.79,7,2,1,1,6,3624,24,0,0,6,1,5,1,700704,1000000
2024DL0006983,1,1678.79,23,1,2,1,10,23621,157,6000,3,1,1,1,1,700701,1000000
2024DL0006984,1,1678.79,56,2,9,1,8,5672,37,5000,1,1,1,1,1,700707,1000000
2024DL0006985,1,1678.79,57,1,1,1,9,72462,483,2000,1,1,1,1,1,700710,1000000
2024DL0006986,1,1678.79,13,1,4,1,6,19245,128,0,0,6,1,5,1,700705,1000000
2024DL0006987,1,1678.79,17,1,3,1,14,7458,49,0,0,6,1,5,1,700704,1000000
2024DL0006988,1,1678.79,38,1,5,1,18,139567,501,4000,1,1,1,3,1,700706,1000000
2024DL0006989,1,1678.79,49,1,4,1,9,54942,366,1000,2,1,1,1,1,700707,1000000
2024DL0006990,1,1678.79,12,1,4,1,7,3125,20,0,0,6,1,5,1,700704,1000000
2024DL0006991,1,1678.79,49,2,4,1,10,99680,501,8000,3,1,1,1,2,700707,1000000
2024DL0006992,1,1678.79,17,2,1,1,12,16286,108,0,0,6,2,5,1,700701,1000000
2024DL0006993,1,1678.79,38,1,6,1,14,31043,206,6000,1,5,1,2,1,700708,1000000
2024DL0006994,1,1678.79,25,1,4,1,15,46705,311,5000,1,1,1,1,1,700700,1000000
2024DL0006995,1,1678.79,18,1,4,1,16,84831,501,5000,1,1,1,5,1,700700,1000000
2024DL0006996,1,1678.79,21,2,4,1,12,9134,60,2000,1,3,1,5,1,700700,1000000
2024DL0006997,1,1678.79,48,2,6,1,7,19198,127,9800,1,1,1,1,1,700704,1000000
2024DL0006998,1,1678.79,4,2,2,1,4,5887,39,0,0,6,1,5,1,700702,1000000
2024DL0006999,1,1678.79,6,1,1,1,3,2260,15,0,0,6,2,5,1,700708,1000000
2024DL0007000,1,1678.79,14,1,3,1,1,5218,34,0,0,6,1,5,1,700708,1000000
2024DL0007001,1,1678.79,15,1,1,1,14,19820,132,0,0,6,1,5,1,700701,1000000
2024DL0007002,1,1678.79,38,1,5,1,16,77453,501,4000,2,1,1,5,1,700701,1000000
2024DL0007003,1,1678.79,21,2,3,1,12,6895,45,7000,6,3,1,5,1,700704,1000000
2024DL0007004,1,1678.79,29,1,5,1,9,51944,346,2000,2,1,1,5,1,700705,1000000
2024DL0007005,1,1678.79,6,1,5,1,8,3280,21,0,0,6,1,5,1,700706,1000000
2024DL0007006,1,1678.79,41,2,3,1,10,54178,361,8000,4,1,1,1,1,700703,1000000
2024DL0007007,1,1678.79,35,2,3,1,19,110425,501,3000,1,1,1,1,1,700704,1000000
2024DL0007008,1,1678.79,27,2,1,1,14,32341,215,9000,4,2,1,1,1,700708,1000000
2024DL0007009,1,1678.79,6,1,5,1,6,4500,30,0,0,6,1,5,1,700705,1000000
2024DL0007010,1,1678.79,53,2,1,1,7,8633,57,7000,4,1,1,1,1,700708,1000000
2024DL0007011,1,1678.79,30,2,1,1,12,60734,404,5000,4,1,1,5,1,700703,1000000
2024DL0007012,1,1678.79,53,2,5,1,8,44907,299,5000,1,1,1,1,1,700709,1000000
2024DL0007013,1,1678.79,23,2,7,1,20,206878,501,3000,1,1,1,1,1,700706,1000000
2024DL0007014,1,1678.79,42,1,1,1,12,34272,228,8000,4,5,1,1,1,700703,1000000
2024DL0007015,1,1678.79,31,2,6,1,11,48434,322,1000,2,1,1,5,1,700701,1000000
2024DL0007016,1,1678.79,76,1,3,1,12,11142,74,0,0,6,1,1,1,700707,1000000
2024DL0007017,1,1678.79,4,2,1,1,4,3592,23,0,0,6,1,5,1,700704,1000000
2024DL0007018,1,1678.79,35,2,3,1,7,31003,206,6000,6,1,1,1,1,700705,1000000
2024DL0007019,1,1678.79,11,2,1,1,2,4796,31,0,0,6,1,5,1,700701,1000000
2024DL0007020,1,1678.79,14,2,1,1,3,21928,146,0,0,6,1,5,1,700707,1000000
2024DL0007021,1,1678.79,26,2,6,1,14,8125,54,1000,1,1,2,1,1,700706,1000000
2024DL0007022,1,1678.79,35,2,4,1,12,24648,164,5000,3,2,1,1,1,700706,1000000
2024DL0007023,1,1678.79,8,2,2,1,7,5553,37,0,0,6,1,5,1,700700,1000000
2024DL0007024,1,1678.79,0,1,1,1,2,3384,22,0,0,6,1,5,2,700705,1000000
2024DL0007025,1,1678.79,13,2,5,1,5,4618,30,0,0,6,1,5,1,700705,1000000
2024DL0007026,1,1678.79,6,1,6,1,4,3395,22,0,0,6,1,5,1,700710,1000000
2024DL0007027,1,1678.79,53,1,2,1,10,22374,149,9800,1,1,1,1,1,700710,1000000
2024DL0007028,1,1678.79,20,2,5,1,12,24895,165,5000,1,1,1,5,1,700707,1000000
2024DL0007029,1,1678.79,38,1,1,1,8,7224,48,6000,1,1,1,5,1,700706,1000000
2024DL0007030,1,1678.79,38,1,3,1,7,23814,158,9920,3,4,1,1,2,700703,1000000
2024DL0007031,1,1678.79,39,1,3,1,9,52757,351,8000,1,1,1,1,1,700700,1000000
2024DL0007032,1,1678.79,32,1,6,1,9,52192,347,4000,1,4,1,1,1,700700,1000000
2024DL0007033,1,1678.79,55,2,6,1,10,17523,116,1000,1,1,1,1,2,700708,1000000
2024DL0007034,1,1678.79,37,1,8,1,8,25752,171,5000,6,1,1,1,1,700701,1000000
2024DL0007035,1,1678.79,36,2,4,1,7,30454,203,9000,4,1,1,5,1,700700,1000000
2024DL0007036,1,1678.79,24,1,5,1,10,28132,187,5000,1,1,1,5,1,700703,1000000
2024DL0007037,1,1678.79,3,2,4,1,2,9878,65,0,0,6,1,5,1,700700,1000000
2024DL0007038,1,1678.79,9,2,2,1,3,11700,78,0,0,6,1,5,1,700706,1000000
2024DL0007039,1,1678.79,18,2,2,1,16,20892,139,1000,1,1,1,5,1,700704,1000000
2024DL0007040,1,1678.79,2,1,1,1,6,22062,147,0,0,6,1,5,1,700709,1000000
2024DL0007041,1,1678.79,75,1,1,1,5,14274,95,0,0,6,1,2,1,700704,1000000
2024DL0007042,1,1678.79,33,1,2,1,14,16306,108,9800,1,1,1,5,1,700707,1000000
2024DL0007043,1,1678.79,15,1,1,1,18,36826,245,0,0,6,1,5,2,700702,1000000
2024DL0007044,1,1678.79,8,2,4,1,5,4765,31,0,0,6,1,5,1,700707,1000000
2024DL0007045,1,1678.79,6,2,1,1,4,47222,314,0,0,6,1,5,1,700707,1000000
2024DL0007046,1,1678.79,15,2,3,1,16,24007,160,0,0,6,1,5,1,700704,1000000
2024DL0007047,1,1678.79,25,2,5,1,11,13030,86,6000,1,1,1,5,1,700710,1000000
2024DL0007048,1,1678.79,40,2,5,1,5,21210,141,8000,6,1,1,1,1,700704,1000000
2024DL0007049,1,1678.79,39,1,2,1,9,35140,234,8000,1,1,1,1,1,700704,1000000
2024DL0007050,1,1678.79,23,1,3,1,13,43163,287,4000,1,5,5,5,1,700706,1000000
2024DL0007051,1,1678.79,42,2,9,1,11,42556,283,5000,1,1,1,1,1,700707,1000000
2024DL0007052,1,1678.79,29,1,3,1,10,48436,322,1000,2,1,1,5,1,700709,1000000
2024DL0007053,1,1678.79,53,1,1,1,11,82732,501,7000,3,2,1,1,1,700710,1000000
2024DL0007054,1,1678.79,44,1,1,1,10,101925,501,9000,1,1,1,1,2,700701,1000000
2024DL0007055,1,1678.79,35,2,1,1,14,40361,269,4000,3,1,1,1,1,700709,1000000
2024DL0007056,1,1678.79,3,2,5,1,3,8148,54,0,0,6,1,5,2,700705,1000000
2024DL0007057,1,1678.79,36,2,3,1,10,103912,501,1000,2,1,1,1,1,700701,1000000
2024DL0007058,1,1678.79,41,1,4,1,18,141776,501,2000,1,1,1,3,1,700701,1000000
2024DL0007059,1,1678.79,9,2,1,1,6,13476,89,0,0,6,1,5,1,700704,1000000
2024DL0007060,1,1678.79,3,1,1,1,1,32877,219,0,0,6,1,5,1,700701,1000000
2024DL0007061,1,1678.79,2,1,1,1,1,4265,28,0,0,6,1,5,1,700710,1000000
2024DL0007062,1,1678.79,44,1,1,1,9,32731,218,6000,1,1,1,1,1,700708,1000000
2024DL0007063,1,1678.79,22,2,5,1,18,79505,501,2000,3,1,1,5,1,700704,1000000
2024DL0007064,1,1678.79,49,2,4,1,14,116626,501,8000,1,1,1,3,2,700706,1000000
2024DL0007065,1,1678.79,16,2,1,1,15,36973,246,0,0,6,1,5,1,700700,1000000
2024DL0007066,1,1678.79,0,2,2,1,4,8355,55,0,0,6,1,5,2,700703,1000000
2024DL0007067,1,1678.79,46,2,1,1,7,13861,92,5000,6,1,1,1,1,700708,1000000
2024DL0007068,1,1678.79,17,1,3,1,14,39790,265,0,0,6,1,5,1,700710,1000000
2024DL0007069,1,1678.79,50,1,4,1,11,35889,239,9000,4,1,1,1,1,700702,1000000
2024DL0007070,1,1678.79,22,1,9,1,16,117719,501,4000,3,5,1,1,1,700702,1000000
2024DL0007071,1,1678.79,24,1,3,1,12,6533,43,7000,4,1,2,5,2,700700,1000000
2024DL0007072,1,1678.79,29,2,3,1,16,37995,253,4000,2,1,1,1,1,700705,1000000
2024DL0007073,1,1678.79,28,1,1,1,7,22464,149,9920,1,4,1,5,1,700707,1000000
2024DL0007074,1,1678.79,22,2,2,1,20,88407,501,3000,1,1,1,1,1,700706,1000000
2024DL0007075,1,1678.79,3,1,2,1,3,4186,27,0,0,6,1,5,1,700701,1000000
2024DL0007076,1,1678.79,3,1,3,1,3,7694,51,0,0,6,1,5,2,700704,1000000
2024DL0007077,1,1678.79,34,2,5,1,6,10409,69,5000,4,1,2,5,1,700708,1000000
2024DL0007078,1,1678.79,18,2,7,1,14,24609,164,6000,1,1,1,5,1,700700,1000000
2024DL0007079,1,1678.79,20,1,4,1,16,16395,109,4000,1,1,1,5,1,700707,1000000
2024DL0007080,1,1678.79,28,2,4,1,9,25583,170,4000,1,1,1,1,1,700702,1000000
2024DL0007081,1,1678.79,14,1,3,1,3,13264,88,0,0,6,1,5,1,700705,1000000
2024DL0007082,1,1678.79,27,1,6,1,7,12686,84,5000,3,1,1,1,1,700710,1000000
2024DL0007083,1,1678.79,28,2,1,1,9,155640,501,5000,1,1,1,5,1,700710,1000000
2024DL0007084,1,1678.79,3,2,2,1,6,3948,26,0,0,6,1,5,1,700709,1000000
2024DL0007085,1,1678.79,1,1,1,1,7,16336,108,0,0,6,1,5,1,700707,1000000
2024DL0007086,1,1678.79,27,1,2,1,8,24103,160,6000,4,1,1,5,1,700708,1000000
2024DL0007087,1,1678.79,38,1,1,1,11,121517,501,6000,1,1,1,3,1,700704,1000000
2024DL0007088,1,1678.79,9,1,2,1,3,3786,25,0,0,6,1,5,1,700710,1000000
2024DL0007089,1,1678.79,12,2,9,1,3,9353,62,0,0,6,1,5,2,700706,1000000
2024DL0007090,1,1678.79,28,2,1,1,12,29235,194,8000,1,4,1,5,1,700702,1000000
2024DL0007091,1,1678.79,29,1,1,1,15,176516,501,4000,2,1,1,5,1,700709,1000000
2024DL0007092,1,1678.79,42,2,1,1,6,33236,221,8000,3,1,1,1,1,700704,1000000
2024DL0007093,1,1678.79,14,1,1,1,5,21343,142,0,0,6,5,5,2,700709,1000000
2024DL0007094,1,1678.79,13,1,1,1,7,15564,103,0,0,6,1,5,2,700701,1000000
2024DL0007095,1,1678.79,13,2,2,1,1,8586,57,0,0,6,1,5,1,700707,1000000
2024DL0007096,1,1678.79,1,2,3,1,3,11304,75,0,0,6,1,5,1,700701,1000000
2024DL0007097,1,1678.79,27,1,5,1,10,8007,53,2000,1,1,1,1,1,700702,1000000
2024DL0007098,1,1678.79,34,2,1,1,7,10135,67,9800,3,1,1,1,1,700708,1000000
2024DL0007099,1,1678.79,69,1,1,1,9,55853,372,2000,1,1,1,2,2,700702,1000000
2024DL0007100,1,1678.79,44,1,1,1,11,40445,269,5000,1,1,1,1,1,700701,1000000
2024DL0007101,1,1678.79,28,1,1,1,17,83566,501,3000,2,2,1,1,1,700706,1000000
2024DL0007102,1,1678.79,6,1,4,1,6,21744,144,0,0,6,1,5,1,700703,1000000
2024DL0007103,1,1678.79,45,2,9,1,6,20636,137,9920,1,1,1,1,1,700707,1000000
2024DL0007104,1,1678.79,31,2,4,1,9,135291,501,1000,2,1,1,1,1,700702,1000000
2024DL0007105,1,1678.79,32,2,1,1,10,38833,258,6000,4,1,1,1,1,700710,1000000
2024DL0007106,1,1678.79,1,1,3,1,1,6328,42,0,0,6,1,5,1,700703,1000000
2024DL0007107,1,1678.79,23,1,6,1,11,12943,86,9800,3,1,1,5,1,700703,1000000
2024DL0007108,1,1678.79,69,2,2,1,11,32850,219,5000,6,1,1,3,1,700707,1000000
2024DL0007109,1,1678.79,58,1,2,1,7,6182,41,9920,4,1,1,1,1,700707,1000000
2024DL0007110,1,1678.79,29,2,2,1,5,17627,117,8000,6,1,5,1,1,700705,1000000
2024DL0007111,1,1678.79,5,1,5,1,4,7386,49,0,0,6,1,5,1,700708,1000000
2024DL0007112,1,1678.79,56,2,5,1,10,25872,172,6000,6,1,1,1,1,700709,1000000
2024DL0007113,1,1678.79,31,1,2,1,9,35219,234,7000,1,1,1,1,1,700708,1000000
2024DL0007114,1,1678.79,26,2,1,1,13,17237,114,7000,1,1,1,1,1,700700,1000000
2024DL0007115,1,1678.79,34,1,4,1,14,49111,327,8000,1,1,1,1,1,700702,1000000
2024DL0007116,1,1678.79,28,1,1,1,14,35364,235,7000,1,1,1,5,1,700700,1000000
2024DL0007117,1,1678.79,17,2,8,1,16,69515,463,0,0,6,1,5,1,700710,1000000
2024DL0007118,1,1678.79,28,2,4,1,9,43372,289,5000,4,2,1,5,1,700710,1000000
2024DL0007119,1,1678.79,36,1,1,1,11,58108,387,8000,4,5,1,1,1,700707,1000000
2024DL0007120,1,1678.79,43,1,1,1,18,33464,223,4000,2,1,1,1,1,700704,1000000
2024DL0007121,1,1678.79,25,2,6,1,9,21443,142,1000,1,1,2,1,1,700702,1000000
2024DL0007122,1,1678.79,18,1,1,1,11,12831,85,5000,3,1,1,5,1,700704,1000000
2024DL0007123,1,1678.79,17,2,9,1,14,13058,87,0,0,6,1,5,1,700702,1000000
2024DL0007124,1,1678.79,19,1,3,1,20,294371,501,4000,1,5,1,5,1,700710,1000000
2024DL0007125,1,1678.79,25,2,2,1,12,28310,188,8000,1,3,1,5,1,700708,1000000
2024DL0007126,1,1678.79,26,2,2,1,7,17035,113,9000,4,1,1,1,1,700703,1000000
2024DL0007127,1,1678.79,7,1,1,1,1,2051,13,0,0,6,1,5,1,700702,1000000
2024DL0007128,1,1678.79,38,1,1,1,9,47187,314,6000,4,1,1,1,1,700708,1000000
2024DL0007129,1,1678.79,48,1,5,1,17,69503,463,2000,3,1,1,1,1,700700,1000000
2024DL0007130,1,1678.79,31,2,8,1,6,25208,168,5000,1,1,1,1,1,700703,1000000
2024DL0007131,1,1678.79,4,1,4,1,3,8708,58,0,0,6,1,5,1,700708,1000000
2024DL0007132,1,1678.79,41,2,5,1,14,57798,385,2000,2,1,1,1,1,700701,1000000
2024DL0007133,1,1678.79,19,1,1,1,18,42648,284,5000,1,1,1,5,1,700710,1000000
2024DL0007134,1,1678.79,17,2,1,1,12,10128,67,0,0,6,1,5,1,700706,1000000
2024DL0007135,1,1678.79,13,1,1,1,2,6066,40,0,0,6,1,5,1,700708,1000000
2024DL0007136,1,1678.79,4,2,5,1,3,5334,35,0,0,6,1,5,1,700710,1000000
2024DL0007137,1,1678.79,64,1,7,1,10,36295,241,9000,1,1,1,1,1,700701,1000000
2024DL0007138,1,1678.79,15,1,3,1,10,6490,43,0,0,6,1,5,1,700703,1000000
2024DL0007139,1,1678.79,43,2,2,1,12,35539,236,9000,1,2,1,2,1,700709,1000000
2024DL0007140,1,1678.79,94,1,1,1,8,14363,95,0,0,6,1,5,1,700707,1000000
2024DL0007141,1,1678.79,7,1,6,1,7,2142,14,0,0,6,1,5,1,700705,1000000
2024DL0007142,1,1678.79,17,2,6,1,18,31204,208,0,0,6,1,5,1,700707,1000000
2024DL0007143,1,1678.79,35,1,2,1,12,17733,118,6000,1,1,1,1,1,700708,1000000
2024DL0007144,1,1678.79,30,2,2,1,6,23627,157,6000,1,1,1,5,1,700709,1000000
2024DL0007145,1,1678.79,38,1,5,1,14,50443,336,6000,1,1,1,5,1,700710,1000000
2024DL0007146,1,1678.79,23,1,8,1,12,5161,34,5000,3,5,1,1,1,700708,1000000
2024DL0007147,1,1678.79,37,1,9,1,14,21067,140,8000,1,1,1,1,1,700707,1000000
2024DL0007148,1,1678.79,24,2,2,1,20,101230,501,3000,2,1,2,5,1,700702,1000000
2024DL0007149,1,1678.79,44,2,3,1,12,83652,501,5000,4,1,1,1,1,700706,1000000
2024DL0007150,1,1678.79,57,1,3,1,14,51102,340,7000,1,1,1,1,1,700706,1000000
2024DL0007151,1,1678.79,5,2,1,1,6,12789,85,0,0,6,1,5,1,700701,1000000
2024DL0007152,1,1678.79,68,1,4,1,7,5156,34,5000,1,4,1,1,1,700703,1000000
2024DL0007153,1,1678.79,42,2,4,1,5,52546,350,6000,4,1,1,5,1,700710,1000000
2024DL0007154,1,1678.79,44,2,5,1,9,59091,393,5000,3,4,1,1,2,700710,1000000
2024DL0007155,1,1678.79,16,2,2,1,20,28230,188,0,0,6,1,5,1,700703,1000000
2024DL0007156,1,1678.79,10,2,1,1,6,7564,50,0,0,6,1,5,1,700710,1000000
2024DL0007157,1,1678.79,36,1,2,1,8,30455,203,5000,1,1,1,1,1,700706,1000000
2024DL0007158,1,1678.79,39,2,2,1,6,8375,55,7000,1,5,1,5,1,700702,1000000
2024DL0007159,1,1678.79,19,2,1,1,15,71293,475,4000,1,2,1,5,1,700709,1000000
2024DL0007160,1,1678.79,94,1,1,1,6,17106,114,0,0,6,1,2,2,700710,1000000
2024DL0007161,1,1678.79,16,2,2,1,12,12199,81,0,0,6,1,5,1,700706,1000000
2024DL0007162,1,1678.79,26,2,1,1,14,11954,79,6000,1,1,2,5,1,700706,1000000
2024DL0007163,1,1678.79,57,2,8,1,18,42180,281,4000,3,3,1,1,1,700702,1000000
2024DL0007164,1,1678.79,27,1,8,1,12,13516,90,9000,1,1,1,5,1,700708,1000000
2024DL0007165,1,1678.79,1,1,5,1,5,6244,41,0,0,6,1,5,1,700703,1000000
2024DL0007166,1,1678.79,12,2,5,1,4,11615,77,0,0,6,1,5,1,700704,1000000
2024DL0007167,1,1678.79,9,2,8,1,9,10949,72,0,0,6,1,5,1,700710,1000000
2024DL0007168,1,1678.79,19,2,6,1,18,36190,241,6000,4,1,1,5,1,700700,1000000
2024DL0007169,1,1678.79,1,2,2,1,5,8159,54,0,0,6,1,5,2,700704,1000000
2024DL0007170,1,1678.79,7,2,9,1,4,7002,46,0,0,6,1,5,1,700708,1000000
2024DL0007171,1,1678.79,39,1,5,1,10,73394,489,7000,1,1,1,3,1,700709,1000000
2024DL0007172,1,1678.79,33,2,3,1,11,15893,105,5000,4,1,1,5,1,700708,1000000
2024DL0007173,1,1678.79,40,1,1,1,14,132877,501,4000,3,2,1,1,1,700704,1000000
2024DL0007174,1,1678.79,29,1,1,1,7,3266,21,9920,1,1,1,1,1,700701,1000000
2024DL0007175,1,1678.79,38,1,3,1,7,126941,501,5000,1,1,1,1,2,700700,1000000
2024DL0007176,1,1678.79,32,1,4,1,8,20022,133,7000,4,1,1,1,1,700708,1000000
2024DL0007177,1,1678.79,11,1,1,1,1,8473,56,0,0,6,2,5,1,700710,1000000
2024DL0007178,1,1678.79,29,1,9,1,5,11885,79,7000,1,1,1,5,1,700701,1000000
2024DL0007179,1,1678.79,52,2,3,1,13,37382,249,6000,1,1,1,1,1,700700,1000000
2024DL0007180,1,1678.79,25,1,6,1,9,43421,289,9000,6,1,1,5,1,700701,1000000
2024DL0007181,1,1678.79,32,2,6,1,11,77929,501,7000,3,1,1,1,1,700708,1000000
2024DL0007182,1,1678.79,15,1,5,1,14,19932,132,0,0,6,2,5,1,700701,1000000
2024DL0007183,1,1678.79,23,2,4,1,17,46345,308,6000,4,2,1,5,1,700705,1000000
2024DL0007184,1,1678.79,38,2,3,1,6,60696,404,8000,1,1,1,1,1,700703,1000000
2024DL0007185,1,1678.79,64,2,1,1,6,13605,90,7000,4,1,1,1,1,700710,1000000
2024DL0007186,1,1678.79,51,1,4,1,11,24029,160,6000,4,1,1,5,1,700702,1000000
2024DL0007187,1,1678.79,50,1,1,1,6,6154,41,9800,3,1,2,1,1,700700,1000000
2024DL0007188,1,1678.79,26,2,4,1,5,3494,23,9920,1,1,1,5,1,700702,1000000
2024DL0007189,1,1678.79,36,2,1,1,13,95854,501,7000,6,1,1,1,1,700705,1000000
2024DL0007190,1,1678.79,51,2,6,1,14,56273,375,5000,3,1,1,1,1,700700,1000000
2024DL0007191,1,1678.79,27,2,3,1,19,144541,501,3000,3,2,1,1,1,700701,1000000
2024DL0007192,1,1678.79,20,2,1,1,16,34423,229,6000,3,1,1,1,1,700707,1000000
2024DL0007193,1,1678.79,41,2,2,1,13,22128,147,6000,1,1,1,1,2,700702,1000000
2024DL0007194,1,1678.79,5,2,1,1,5,4329,28,0,0,6,1,5,1,700700,1000000
2024DL0007195,1,1678.79,34,2,2,1,6,39511,263,9920,4,1,1,1,1,700702,1000000
2024DL0007196,1,1678.79,50,1,1,1,13,24102,160,7000,3,1,1,1,1,700706,1000000
2024DL0007197,1,1678.79,41,2,1,1,10,70950,473,5000,3,2,1,1,1,700706,1000000
2024DL0007198,1,1678.79,7,2,2,1,4,4111,27,0,0,6,1,5,1,700703,1000000
2024DL0007199,1,1678.79,29,2,8,1,6,14354,95,9920,1,1,1,5,1,700705,1000000
2024DL0007200,1,1678.79,45,2,1,1,13,59300,395,8000,4,1,1,1,1,700708,1000000
2024DL0007201,1,1678.79,20,1,1,1,17,78761,501,1000,1,2,1,5,1,700710,1000000
2024DL0007202,1,1678.79,21,1,1,1,14,7872,52,6000,4,1,1,5,1,700704,1000000
2024DL0007203,1,1678.79,24,1,1,1,13,8715,58,4000,1,1,1,5,1,700710,1000000
2024DL0007204,1,1678.79,62,2,1,1,9,34081,227,7000,1,1,1,1,1,700710,1000000
2024DL0007205,1,1678.79,21,2,1,1,13,39968,266,2000,1,1,1,5,1,700704,1000000
2024DL0007206,1,1678.79,27,2,5,1,18,70047,466,4000,1,1,2,5,1,700709,1000000
2024DL0007207,1,1678.79,4,2,1,1,2,10448,69,0,0,6,1,5,1,700700,1000000
2024DL0007208,1,1678.79,45,2,1,1,18,65373,435,4000,1,2,1,3,1,700710,1000000
2024DL0007209,1,1678.79,58,1,2,1,8,12369,82,5000,1,2,1,1,1,700706,1000000
2024DL0007210,1,1678.79,51,1,4,1,12,60944,406,9000,3,3,1,5,1,700707,1000000
2024DL0007211,1,1678.79,51,1,3,1,12,28640,190,6000,3,1,1,4,1,700705,1000000
2024DL0007212,1,1678.79,12,1,1,1,6,9832,65,0,0,6,1,5,1,700710,1000000
2024DL0007213,1,1678.79,42,1,6,1,12,70050,467,7000,6,1,1,1,1,700710,1000000
2024DL0007214,1,1678.79,53,1,4,1,10,59374,395,6000,3,1,1,1,1,700700,1000000
2024DL0007215,1,1678.79,40,2,5,1,7,13972,93,6000,1,5,1,5,1,700708,1000000
2024DL0007216,1,1678.79,17,1,5,1,19,46087,307,0,0,6,1,5,1,700709,1000000
2024DL0007217,1,1678.79,14,1,5,1,5,3519,23,0,0,6,1,5,1,700710,1000000
2024DL0007218,1,1678.79,13,2,1,1,1,32376,215,0,0,6,1,5,1,700706,1000000
2024DL0007219,1,1678.79,28,1,2,1,5,10915,72,5000,1,1,1,5,2,700708,1000000
2024DL0007220,1,1678.79,12,1,4,1,3,3167,21,0,0,6,1,5,2,700710,1000000
2024DL0007221,1,1678.79,25,2,1,1,16,49407,329,2000,1,2,1,1,1,700700,1000000
2024DL0007222,1,1678.79,59,2,1,1,9,28715,191,5000,1,1,1,1,1,700708,1000000
2024DL0007223,1,1678.79,7,2,3,1,5,9806,65,0,0,6,1,5,1,700702,1000000
2024DL0007224,1,1678.79,28,1,6,1,15,34107,227,4000,1,3,1,1,1,700700,1000000
2024DL0007225,1,1678.79,19,2,1,1,16,41555,277,5000,1,4,1,5,1,700703,1000000
2024DL0007226,1,1678.79,33,2,3,1,14,43998,293,8000,1,4,1,1,1,700707,1000000
2024DL0007227,1,1678.79,14,2,1,1,3,3048,20,0,0,6,1,5,1,700707,1000000
2024DL0007228,1,1678.79,38,2,1,1,10,183935,501,6000,1,1,1,1,1,700702,1000000
2024DL0007229,1,1678.79,16,2,1,1,14,8028,53,0,0,6,1,5,1,700708,1000000
2024DL0007230,1,1678.79,45,2,1,1,7,89240,501,9800,1,1,1,1,1,700700,1000000
2024DL0007231,1,1678.79,27,1,8,1,6,9748,64,6000,1,1,1,1,1,700703,1000000
2024DL0007232,1,1678.79,52,2,4,1,11,75541,501,4000,1,1,1,1,2,700705,1000000
2024DL0007233,1,1678.79,19,2,3,1,13,10517,70,3000,3,1,1,5,1,700700,1000000
2024DL0007234,1,1678.79,2,2,5,1,3,12060,80,0,0,6,1,5,1,700705,1000000
2024DL0007235,1,1678.79,6,1,4,1,1,9251,61,0,0,6,1,5,1,700709,1000000
2024DL0007236,1,1678.79,11,2,1,1,3,11429,76,0,0,6,1,5,2,700705,1000000
2024DL0007237,1,1678.79,31,1,6,1,12,104329,501,7000,6,1,1,1,1,700700,1000000
2024DL0007238,1,1678.79,24,2,3,1,14,45190,301,9000,1,1,1,1,1,700705,1000000
2024DL0007239,1,1678.79,12,1,1,1,6,8149,54,0,0,6,1,5,1,700710,1000000
2024DL0007240,1,1678.79,29,1,6,1,15,99912,501,4000,3,1,1,5,1,700708,1000000
2024DL0007241,1,1678.79,3,1,1,1,7,11258,75,0,0,6,1,5,1,700708,1000000
2024DL0007242,1,1678.79,12,1,1,1,7,18929,126,0,0,6,1,5,2,700708,1000000
2024DL0007243,1,1678.79,26,2,1,1,9,18787,125,9000,6,1,2,1,1,700700,1000000
2024DL0007244,1,1678.79,16,2,6,1,14,11035,73,0,0,6,1,5,1,700707,1000000
2024DL0007245,1,1678.79,34,1,1,1,19,95394,501,2000,1,1,1,5,1,700704,1000000
2024DL0007246,1,1678.79,21,2,6,1,19,42920,286,3000,1,1,1,5,2,700702,1000000
2024DL0007247,1,1678.79,36,1,3,1,7,27288,181,8000,3,1,1,5,2,700706,1000000
2024DL0007248,1,1678.79,21,1,4,1,18,43254,288,6000,1,1,1,5,1,700703,1000000
2024DL0007249,1,1678.79,39,1,1,1,11,77455,501,2000,1,1,1,2,1,700709,1000000
2024DL0007250,1,1678.79,23,2,4,1,16,30980,206,6000,1,5,1,5,2,700710,1000000
2024DL0007251,1,1678.79,37,1,8,1,15,100350,501,1000,2,3,2,1,1,700703,1000000
2024DL0007252,1,1678.79,40,2,1,1,14,18899,125,9800,3,1,1,1,1,700705,1000000
2024DL0007253,1,1678.79,52,1,1,1,9,23537,156,6000,3,1,1,1,1,700707,1000000
2024DL0007254,1,1678.79,23,2,2,1,13,34738,231,6000,1,1,1,1,1,700709,1000000
2024DL0007255,1,1678.79,50,1,5,1,10,33594,223,9000,1,1,1,1,1,700701,1000000
2024DL0007256,1,1678.79,5,2,3,1,2,6500,43,0,0,6,1,5,1,700707,1000000
2024DL0007257,1,1678.79,54,2,1,1,7,24450,163,6000,3,1,1,2,1,700710,1000000
2024DL0007258,1,1678.79,1,1,5,1,6,4788,31,0,0,6,1,5,1,700700,1000000
2024DL0007259,1,1678.79,3,1,1,1,3,13871,92,0,0,6,1,5,1,700704,1000000
2024DL0007260,1,1678.79,0,2,1,1,5,13009,86,0,0,6,1,5,1,700707,1000000
2024DL0007261,1,1678.79,16,1,1,1,20,116132,501,0,0,6,1,5,1,700703,1000000
2024DL0007262,1,1678.79,56,1,2,1,20,130959,501,3000,1,1,1,2,1,700709,1000000
2024DL0007263,1,1678.79,36,1,4,1,10,228164,501,9000,1,1,1,1,1,700707,1000000
2024DL0007264,1,1678.79,26,2,6,1,7,32178,214,9920,1,1,2,1,1,700703,1000000
2024DL0007265,1,1678.79,41,1,3,1,14,52502,350,7000,4,1,1,1,1,700703,1000000
2024DL0007266,1,1678.79,30,1,3,1,9,67932,452,9000,1,1,1,1,1,700703,1000000
2024DL0007267,1,1678.79,11,2,3,1,3,8683,57,0,0,6,1,5,1,700700,1000000
2024DL0007268,1,1678.79,23,1,1,1,12,96937,501,4000,1,2,1,5,1,700706,1000000
2024DL0007269,1,1678.79,8,1,6,1,6,8076,53,0,0,6,1,5,1,700703,1000000
2024DL0007270,1,1678.79,2,1,3,1,6,11016,73,0,0,6,1,5,1,700710,1000000
2024DL0007271,1,1678.79,5,2,1,1,3,4555,30,0,0,6,1,5,1,700709,1000000
2024DL0007272,1,1678.79,25,2,3,1,12,10834,72,9000,1,1,1,1,1,700702,1000000
2024DL0007273,1,1678.79,3,1,6,1,3,4798,31,0,0,6,1,5,1,700707,1000000
2024DL0007274,1,1678.79,22,1,1,1,14,101305,501,7000,6,1,1,5,1,700710,1000000
2024DL0007275,1,1678.79,8,2,2,1,9,52625,350,0,0,6,1,5,1,700700,1000000
2024DL0007276,1,1678.79,23,2,5,1,19,162104,501,3000,1,4,5,5,2,700705,1000000
2024DL0007277,1,1678.79,57,2,2,1,9,99863,501,6000,3,1,1,1,1,700705,1000000
2024DL0007278,1,1678.79,61,2,3,1,6,10749,71,5000,1,1,5,1,2,700710,1000000
2024DL0007279,1,1678.79,55,1,1,1,5,24648,164,6000,4,1,1,1,1,700702,1000000
2024DL0007280,1,1678.79,37,1,4,1,6,58489,389,6000,1,1,1,1,1,700708,1000000
2024DL0007281,1,1678.79,25,1,1,1,10,40193,267,1000,1,1,1,5,1,700703,1000000
2024DL0007282,1,1678.79,15,1,4,1,17,23991,159,0,0,6,1,5,1,700706,1000000
2024DL0007283,1,1678.79,21,1,1,1,14,10132,67,4000,1,1,1,1,1,700701,1000000
2024DL0007284,1,1678.79,46,1,1,1,14,133959,501,7000,1,1,1,3,1,700705,1000000
2024DL0007285,1,1678.79,30,1,2,1,14,64511,430,5000,1,1,1,1,2,700704,1000000
2024DL0007286,1,1678.79,24,2,2,1,17,99236,501,4000,1,2,1,5,1,700707,1000000
2024DL0007287,1,1678.79,15,1,1,1,10,15760,105,0,0,6,1,5,1,700707,1000000
2024DL0007288,1,1678.79,13,1,6,1,7,6414,42,0,0,6,1,5,1,700707,1000000
2024DL0007289,1,1678.79,31,1,1,1,9,35463,236,7000,1,1,1,1,1,700705,1000000
2024DL0007290,1,1678.79,35,2,6,1,12,31007,206,5000,4,1,1,5,1,700710,1000000
2024DL0007291,1,1678.79,11,2,4,1,4,8825,58,0,0,6,1,5,1,700707,1000000
2024DL0007292,1,1678.79,42,2,3,1,9,47394,315,8000,1,1,1,5,1,700707,1000000
2024DL0007293,1,1678.79,50,1,1,1,12,25783,171,3000,3,1,5,1,1,700710,1000000
2024DL0007294,1,1678.79,31,2,1,1,16,113134,501,5000,3,1,1,1,1,700705,1000000
2024DL0007295,1,1678.79,32,1,3,1,9,58462,389,4000,1,1,1,1,1,700702,1000000
2024DL0007296,1,1678.79,16,1,3,1,18,34166,227,0,0,6,1,5,2,700701,1000000
2024DL0007297,1,1678.79,15,2,2,1,18,17729,118,0,0,6,1,5,1,700700,1000000
2024DL0007298,1,1678.79,26,1,6,1,7,11656,77,6000,1,1,1,5,1,700707,1000000
2024DL0007299,1,1678.79,11,1,5,1,2,14039,93,0,0,6,1,5,1,700700,1000000
2024DL0007300,1,1678.79,6,1,1,1,3,5902,39,0,0,6,1,5,1,700704,1000000
2024DL0007301,1,1678.79,21,2,5,1,20,54865,365,3000,3,1,1,1,1,700706,1000000
2024DL0007302,1,1678.79,29,1,5,1,15,119988,501,4000,2,1,1,1,1,700704,1000000
2024DL0007303,1,1678.79,29,2,4,1,7,14961,99,6000,1,5,1,5,1,700702,1000000
2024DL0007304,1,1678.79,2,1,2,1,8,2683,17,0,0,6,2,5,1,700708,1000000
2024DL0007305,1,1678.79,11,2,1,1,4,3048,20,0,0,6,1,5,1,700702,1000000
2024DL0007306,1,1678.79,35,2,1,1,14,27867,185,7000,1,2,1,5,1,700704,1000000
2024DL0007307,1,1678.79,29,1,1,1,11,12623,84,2000,2,5,1,5,1,700710,1000000
2024DL0007308,1,1678.79,1,2,2,1,3,3366,22,0,0,6,1,5,1,700707,1000000
2024DL0007309,1,1678.79,30,2,5,1,16,36249,241,3000,1,1,1,1,2,700707,1000000
2024DL0007310,1,1678.79,13,1,1,1,4,27323,182,0,0,6,1,5,1,700709,1000000
2024DL0007311,1,1678.79,67,1,4,1,5,6117,40,8000,1,1,1,3,1,700701,1000000
2024DL0007312,1,1678.79,32,2,3,1,13,36166,241,9800,6,1,1,1,2,700704,1000000
2024DL0007313,1,1678.79,32,1,1,1,5,11090,73,9000,6,1,1,1,1,700708,1000000
2024DL0007314,1,1678.79,18,1,4,1,19,77066,501,1000,2,1,1,5,2,700708,1000000
2024DL0007315,1,1678.79,9,2,2,1,4,9711,64,0,0,6,1,5,1,700710,1000000
2024DL0007316,1,1678.79,13,1,4,1,2,9367,62,0,0,6,1,5,2,700709,1000000
2024DL0007317,1,1678.79,58,2,1,1,8,16736,111,9920,4,1,1,1,1,700710,1000000
2024DL0007318,1,1678.79,41,1,1,1,14,136666,501,6000,1,1,1,1,1,700701,1000000
2024DL0007319,1,1678.79,35,1,1,1,7,26276,175,6000,1,1,1,1,1,700705,1000000
2024DL0007320,1,1678.79,55,2,2,1,15,164567,501,1000,1,5,1,2,1,700708,1000000
2024DL0007321,1,1678.79,48,1,2,1,14,18662,124,5000,4,1,1,1,1,700701,1000000
2024DL0007322,1,1678.79,47,2,1,1,7,14722,98,9920,1,4,1,1,1,700700,1000000
2024DL0007323,1,1678.79,44,2,3,1,11,70700,471,8000,4,1,1,1,1,700700,1000000
2024DL0007324,1,1678.79,46,2,1,1,12,79387,501,9800,1,1,1,1,2,700702,1000000
2024DL0007325,1,1678.79,28,1,2,1,8,17433,116,7000,4,1,1,1,1,700708,1000000
2024DL0007326,1,1678.79,40,1,4,1,15,41720,278,2000,1,1,1,1,1,700706,1000000
2024DL0007327,1,1678.79,33,1,2,1,8,12483,83,5000,3,1,1,1,1,700702,1000000
2024DL0007328,1,1678.79,36,1,4,1,7,25229,168,8000,1,1,1,1,1,700706,1000000
2024DL0007329,1,1678.79,3,1,4,1,5,6057,40,0,0,6,1,5,2,700702,1000000
2024DL0007330,1,1678.79,45,1,5,1,12,32070,213,9000,4,1,1,1,1,700703,1000000
2024DL0007331,1,1678.79,6,2,1,1,1,6147,40,0,0,6,1,5,1,700709,1000000
2024DL0007332,1,1678.79,57,1,1,1,11,58038,386,5000,3,1,2,1,1,700708,1000000
2024DL0007333,1,1678.79,38,1,1,1,13,20413,136,5000,3,1,1,1,1,700703,1000000
2024DL0007334,1,1678.79,57,1,2,1,8,35833,238,6000,4,5,1,2,2,700700,1000000
2024DL0007335,1,1678.79,83,1,4,1,6,15046,100,0,0,6,1,1,1,700710,1000000
2024DL0007336,1,1678.79,10,1,8,1,2,4846,32,0,0,6,1,5,1,700705,1000000
2024DL0007337,1,1678.79,7,1,1,1,1,2066,13,0,0,6,1,5,1,700709,1000000
2024DL0007338,1,1678.79,5,1,6,1,1,8577,57,0,0,6,1,5,1,700701,1000000
2024DL0007339,1,1678.79,7,1,1,1,2,2706,18,0,0,6,1,5,1,700709,1000000
2024DL0007340,1,1678.79,12,1,6,1,6,11549,76,0,0,6,1,5,1,700708,1000000
2024DL0007341,1,1678.79,31,1,1,1,7,34777,231,9000,1,2,1,1,1,700705,1000000
2024DL0007342,1,1678.79,46,1,9,1,8,36338,242,5000,6,3,1,1,1,700702,1000000
2024DL0007343,1,1678.79,8,2,5,1,5,27040,180,0,0,6,1,5,1,700703,1000000
2024DL0007344,1,1678.79,28,2,1,1,13,52722,351,6000,1,1,1,1,1,700707,1000000
2024DL0007345,1,1678.79,40,1,7,1,10,46902,312,9000,4,1,1,1,1,700707,1000000
2024DL0007346,1,1678.79,3,1,1,1,6,11257,75,0,0,6,1,5,1,700701,1000000
2024DL0007347,1,1678.79,39,2,1,1,15,134137,501,4000,2,1,1,5,1,700702,1000000
2024DL0007348,1,1678.79,0,1,2,1,1,20075,133,0,0,6,1,5,1,700700,1000000
2024DL0007349,1,1678.79,6,1,5,1,7,6556,43,0,0,6,1,5,1,700702,1000000
2024DL0007350,1,1678.79,13,2,1,1,3,24562,163,0,0,6,1,5,1,700710,1000000
2024DL0007351,1,1678.79,21,2,3,1,11,8185,54,2000,1,1,1,5,1,700701,1000000
2024DL0007352,1,1678.79,70,1,8,1,7,17565,117,9920,1,1,1,1,1,700706,1000000
2024DL0007353,1,1678.79,18,2,1,1,11,7892,52,9000,1,1,1,5,1,700700,1000000
2024DL0007354,1,1678.79,44,1,1,1,14,18723,124,7000,3,5,1,2,2,700703,1000000
2024DL0007355,1,1678.79,22,1,5,1,15,121155,501,3000,1,1,1,5,1,700702,1000000
2024DL0007356,1,1678.79,13,2,1,1,1,5720,38,0,0,6,1,5,1,700707,1000000
2024DL0007357,1,1678.79,17,2,3,1,14,13883,92,0,0,6,1,5,1,700700,1000000
2024DL0007358,1,1678.79,3,1,2,1,7,1571,10,0,0,6,1,5,1,700710,1000000
2024DL0007359,1,1678.79,0,2,4,1,3,7706,51,0,0,6,1,5,1,700709,1000000
2024DL0007360,1,1678.79,7,2,1,1,1,5944,39,0,0,6,1,5,1,700706,1000000
2024DL0007361,1,1678.79,45,1,6,1,12,19955,133,9000,1,1,1,1,2,700705,1000000
2024DL0007362,1,1678.79,31,2,6,1,9,26337,175,7000,1,5,1,1,1,700701,1000000
2024DL0007363,1,1678.79,2,2,5,1,2,2647,17,0,0,6,1,5,2,700708,1000000
2024DL0007364,1,1678.79,40,2,4,1,19,227257,501,3000,1,1,1,1,1,700708,1000000
2024DL0007365,1,1678.79,12,2,6,1,7,7646,50,0,0,6,1,5,1,700700,1000000
2024DL0007366,1,1678.79,84,2,3,1,7,19533,130,0,0,6,2,1,1,700708,1000000
2024DL0007367,1,1678.79,42,1,1,1,15,106188,501,4000,2,1,1,1,2,700706,1000000
2024DL0007368,1,1678.79,27,1,5,1,10,51119,340,4000,1,1,1,5,1,700709,1000000
2024DL0007369,1,1678.79,9,1,2,1,5,2300,15,0,0,6,1,5,1,700706,1000000
2024DL0007370,1,1678.79,17,2,1,1,15,30459,203,0,0,6,1,5,2,700706,1000000
2024DL0007371,1,1678.79,30,1,5,1,8,29836,198,9000,1,1,1,5,2,700701,1000000
2024DL0007372,1,1678.79,44,2,3,1,11,19720,131,1000,2,2,1,1,1,700709,1000000
2024DL0007373,1,1678.79,78,1,1,1,5,18634,124,0,0,6,1,5,1,700700,1000000
2024DL0007374,1,1678.79,55,2,7,1,14,105652,501,7000,1,1,1,1,1,700705,1000000
2024DL0007375,1,1678.79,22,2,1,1,14,27156,181,5000,1,1,1,5,1,700705,1000000
2024DL0007376,1,1678.79,15,1,5,1,14,14012,93,0,0,6,5,5,2,700703,1000000
2024DL0007377,1,1678.79,66,1,1,1,6,6163,41,9800,3,1,1,1,1,700709,1000000
2024DL0007378,1,1678.79,21,1,2,1,17,43481,289,6000,1,1,1,5,1,700708,1000000
2024DL0007379,1,1678.79,7,2,1,1,9,36657,244,0,0,6,1,5,1,700701,1000000
2024DL0007380,1,1678.79,13,1,5,1,5,3901,26,0,0,6,1,5,1,700706,1000000
2024DL0007381,1,1678.79,30,2,6,1,11,55630,370,2000,3,5,1,1,1,700710,1000000
2024DL0007382,1,1678.79,1,2,2,1,1,11133,74,0,0,6,1,5,2,700705,1000000
2024DL0007383,1,1678.79,11,2,5,1,5,11876,79,0,0,6,5,5,2,700709,1000000
2024DL0007384,1,1678.79,27,2,1,1,8,4601,30,5000,4,4,1,5,2,700710,1000000
2024DL0007385,1,1678.79,12,1,8,1,3,5301,35,0,0,6,1,5,2,700703,1000000
2024DL0007386,1,1678.79,25,2,1,1,10,26619,177,2000,2,1,1,1,1,700700,1000000
2024DL0007387,1,1678.79,3,1,1,1,7,10822,72,0,0,6,1,5,1,700704,1000000
2024DL0007388,1,1678.79,18,1,2,1,14,10557,70,5000,1,1,1,5,1,700702,1000000
2024DL0007389,1,1678.79,47,1,1,1,11,73620,490,5000,4,1,1,1,1,700704,1000000
2024DL0007390,1,1678.79,18,2,5,1,10,19794,131,8000,1,1,1,5,1,700702,1000000
2024DL0007391,1,1678.79,41,1,1,1,8,16926,112,6000,1,2,1,1,1,700704,1000000
2024DL0007392,1,1678.79,58,1,4,1,6,44683,297,8000,3,1,1,1,1,700702,1000000
2024DL0007393,1,1678.79,37,1,8,1,12,54330,362,5000,1,1,1,1,1,700700,1000000
2024DL0007394,1,1678.79,39,2,1,1,10,24230,161,9000,3,1,1,1,1,700704,1000000
2024DL0007395,1,1678.79,18,1,5,1,12,27956,186,7000,1,1,2,5,1,700708,1000000
2024DL0007396,1,1678.79,57,2,1,1,13,14649,97,4000,2,1,1,1,1,700710,1000000
2024DL0007397,1,1678.79,7,1,1,1,6,1766,11,0,0,6,1,5,1,700700,1000000
2024DL0007398,1,1678.79,35,2,1,1,13,86466,501,1000,1,1,1,2,1,700710,1000000
2024DL0007399,1,1678.79,55,1,7,1,13,13749,91,5000,6,1,1,1,1,700702,1000000
2024DL0007400,1,1678.79,52,1,5,1,7,28031,186,5000,4,5,1,1,1,700703,1000000
2024DL0007401,1,1678.79,26,1,1,1,11,23083,153,8000,1,1,1,1,2,700707,1000000
2024DL0007402,1,1678.79,4,1,1,1,1,3471,23,0,0,6,1,5,1,700703,1000000
2024DL0007403,1,1678.79,23,1,1,1,13,15847,105,6000,4,2,1,5,1,700710,1000000
2024DL0007404,1,1678.79,0,1,1,1,2,4935,32,0,0,6,1,5,1,700702,1000000
2024DL0007405,1,1678.79,4,1,3,1,6,6721,44,0,0,6,1,5,1,700710,1000000
2024DL0007406,1,1678.79,9,1,1,1,5,8854,59,0,0,6,1,5,1,700702,1000000
2024DL0007407,1,1678.79,12,2,5,1,7,19681,131,0,0,6,1,5,1,700708,1000000
2024DL0007408,1,1678.79,71,1,5,1,6,2164,14,0,0,6,1,5,1,700710,1000000
2024DL0007409,1,1678.79,19,1,1,1,18,40922,272,4000,1,1,1,5,1,700710,1000000
2024DL0007410,1,1678.79,25,1,1,1,10,41041,273,3000,2,1,5,1,1,700709,1000000
2024DL0007411,1,1678.79,12,1,5,1,4,14873,99,0,0,6,1,5,1,700701,1000000
2024DL0007412,1,1678.79,52,2,1,1,13,14835,98,1000,3,1,1,2,1,700708,1000000
2024DL0007413,1,1678.79,1,1,3,1,4,14464,96,0,0,6,1,5,1,700709,1000000
2024DL0007414,1,1678.79,14,1,1,1,3,14425,96,0,0,6,1,5,1,700705,1000000
2024DL0007415,1,1678.79,20,2,2,1,15,92831,501,3000,1,1,1,5,1,700710,1000000
2024DL0007416,1,1678.79,99,2,3,1,10,32502,216,0,0,6,1,2,1,700701,1000000
2024DL0007417,1,1678.79,24,2,4,1,19,129000,501,4000,1,1,1,5,1,700706,1000000
2024DL0007418,1,1678.79,57,1,1,1,18,240477,501,4000,1,1,2,1,2,700706,1000000
2024DL0007419,1,1678.79,9,1,3,1,2,4936,32,0,0,6,1,5,2,700708,1000000
2024DL0007420,1,1678.79,14,1,3,1,4,13685,91,0,0,6,1,5,1,700706,1000000
2024DL0007421,1,1678.79,37,1,6,1,7,13686,91,7000,4,1,1,1,1,700700,1000000
2024DL0007422,1,1678.79,0,1,1,1,3,10974,73,0,0,6,1,5,1,700701,1000000
2024DL0007423,1,1678.79,14,1,1,1,1,5776,38,0,0,6,2,5,1,700708,1000000
2024DL0007424,1,1678.79,2,1,6,1,1,3966,26,0,0,6,1,5,1,700700,1000000
2024DL0007425,1,1678.79,6,1,2,1,3,3530,23,0,0,6,1,5,1,700708,1000000
2024DL0007426,1,1678.79,56,1,1,1,11,141816,501,7000,3,1,1,1,1,700704,1000000
2024DL0007427,1,1678.79,15,2,1,1,14,8426,56,0,0,6,1,5,2,700700,1000000
2024DL0007428,1,1678.79,3,1,1,1,9,23843,158,0,0,6,1,5,1,700706,1000000
2024DL0007429,1,1678.79,63,2,1,1,11,36471,243,7000,6,1,1,2,1,700700,1000000
2024DL0007430,1,1678.79,1,2,8,1,1,13818,92,0,0,6,1,5,1,700710,1000000
2024DL0007431,1,1678.79,19,1,5,1,17,24367,162,4000,2,1,1,5,1,700704,1000000
2024DL0007432,1,1678.79,37,1,1,1,5,21089,140,9800,4,1,1,3,1,700706,1000000
2024DL0007433,1,1678.79,27,1,2,1,7,10371,69,9000,1,1,1,1,1,700708,1000000
2024DL0007434,1,1678.79,47,1,1,1,12,118905,501,2000,1,1,2,1,1,700707,1000000
2024DL0007435,1,1678.79,51,2,1,1,15,128132,501,2000,2,1,1,2,1,700710,1000000
2024DL0007436,1,1678.79,37,1,4,1,9,52358,349,9000,1,1,1,1,1,700703,1000000
2024DL0007437,1,1678.79,2,1,2,1,5,8885,59,0,0,6,1,5,1,700704,1000000
2024DL0007438,1,1678.79,6,2,6,1,2,5074,33,0,0,6,1,5,1,700710,1000000
2024DL0007439,1,1678.79,29,1,1,1,13,27980,186,6000,4,2,1,1,2,700702,1000000
2024DL0007440,1,1678.79,23,1,6,1,13,41884,279,3000,1,1,1,5,1,700703,1000000
2024DL0007441,1,1678.79,18,1,3,1,16,33419,222,1000,1,1,1,5,1,700702,1000000
2024DL0007442,1,1678.79,3,1,2,1,1,18680,124,0,0,6,1,5,1,700701,1000000
2024DL0007443,1,1678.79,35,2,6,1,12,16683,111,3000,3,1,1,1,1,700702,1000000
2024DL0007444,1,1678.79,59,1,1,1,6,16846,112,9920,3,1,1,2,1,700701,1000000
2024DL0007445,1,1678.79,30,1,1,1,11,22063,147,8000,3,1,1,1,1,700703,1000000
2024DL0007446,1,1678.79,68,1,4,1,5,13465,89,9000,1,1,1,1,1,700705,1000000
2024DL0007447,1,1678.79,31,2,6,1,13,74122,494,8000,1,1,1,5,1,700702,1000000
2024DL0007448,1,1678.79,14,2,4,1,3,5871,39,0,0,6,5,5,2,700705,1000000
2024DL0007449,1,1678.79,12,1,1,1,4,10211,68,0,0,6,1,5,2,700709,1000000
2024DL0007450,1,1678.79,6,2,6,1,3,6146,40,0,0,6,1,5,1,700700,1000000
2024DL0007451,1,1678.79,32,2,1,1,5,7378,49,6000,6,1,1,1,1,700708,1000000
2024DL0007452,1,1678.79,1,2,1,1,4,3148,20,0,0,6,1,5,1,700709,1000000
2024DL0007453,1,1678.79,13,2,1,1,4,3975,26,0,0,6,1,5,1,700705,1000000
2024DL0007454,1,1678.79,31,2,1,1,10,30765,205,1000,2,1,1,1,1,700704,1000000
2024DL0007455,1,1678.79,8,1,1,1,5,8381,55,0,0,6,1,5,1,700702,1000000
2024DL0007456,1,1678.79,17,1,9,1,10,18489,123,0,0,6,1,5,1,700707,1000000
2024DL0007457,1,1678.79,3,2,1,1,7,5353,35,0,0,6,1,5,1,700700,1000000
2024DL0007458,1,1678.79,33,1,6,1,8,15963,106,6000,3,1,1,1,1,700705,1000000
2024DL0007459,1,1678.79,41,1,4,1,10,58285,388,5000,1,1,1,1,1,700706,1000000
2024DL0007460,1,1678.79,55,1,1,1,8,45442,302,6000,3,1,2,1,1,700709,1000000
2024DL0007461,1,1678.79,4,2,1,1,6,4453,29,0,0,6,1,5,1,700710,1000000
2024DL0007462,1,1678.79,27,1,1,1,9,81166,501,2000,2,4,1,5,1,700708,1000000
2024DL0007463,1,1678.79,74,2,1,1,11,24689,164,0,0,6,1,1,1,700704,1000000
2024DL0007464,1,1678.79,5,2,1,1,6,3952,26,0,0,6,1,5,1,700703,1000000
2024DL0007465,1,1678.79,68,1,3,1,11,28533,190,6000,1,1,1,5,1,700707,1000000
2024DL0007466,1,1678.79,21,1,7,1,19,66859,445,2000,1,1,1,5,1,700700,1000000
2024DL0007467,1,1678.79,68,1,1,1,5,5454,36,9000,1,4,1,1,1,700708,1000000
2024DL0007468,1,1678.79,10,2,5,1,3,17886,119,0,0,6,1,5,1,700700,1000000
2024DL0007469,1,1678.79,27,2,4,1,9,8459,56,2000,3,2,2,1,1,700710,1000000
2024DL0007470,1,1678.79,24,1,7,1,13,25409,169,5000,1,1,2,5,1,700709,1000000
2024DL0007471,1,1678.79,52,1,1,1,15,124677,501,6000,1,1,1,1,1,700704,1000000
2024DL0007472,1,1678.79,0,1,1,1,7,21585,143,0,0,6,1,5,1,700710,1000000
2024DL0007473,1,1678.79,26,2,5,1,8,35090,233,8000,1,1,1,1,1,700705,1000000
2024DL0007474,1,1678.79,27,2,1,1,5,12076,80,5000,1,4,1,1,1,700703,1000000
2024DL0007475,1,1678.79,20,2,1,1,19,36549,243,3000,2,1,1,5,1,700706,1000000
2024DL0007476,1,1678.79,39,1,1,1,12,43003,286,6000,6,3,1,1,1,700705,1000000
2024DL0007477,1,1678.79,25,2,6,1,13,25517,170,9000,1,1,1,5,1,700707,1000000
2024DL0007478,1,1678.79,31,2,2,1,9,60366,402,6000,1,1,1,1,1,700710,1000000
2024DL0007479,1,1678.79,33,2,3,1,17,101256,501,1000,1,3,1,5,1,700703,1000000
2024DL0007480,1,1678.79,35,2,2,1,11,92467,501,7000,1,1,1,1,1,700709,1000000
2024DL0007481,1,1678.79,6,2,2,1,1,9551,63,0,0,6,1,5,1,700707,1000000
2024DL0007482,1,1678.79,5,1,2,1,5,10507,70,0,0,6,1,5,1,700703,1000000
2024DL0007483,1,1678.79,22,2,2,1,12,15420,102,5000,1,1,1,5,2,700706,1000000
2024DL0007484,1,1678.79,83,1,3,1,7,11136,74,0,0,6,1,3,1,700710,1000000
2024DL0007485,1,1678.79,51,2,1,1,17,102532,501,4000,1,1,2,5,1,700706,1000000
2024DL0007486,1,1678.79,24,1,2,1,17,59986,399,3000,1,1,1,1,1,700708,1000000
2024DL0007487,1,1678.79,27,2,4,1,6,16297,108,9920,1,1,1,1,1,700703,1000000
2024DL0007488,1,1678.79,30,1,6,1,14,65733,438,5000,6,1,1,5,1,700710,1000000
2024DL0007489,1,1678.79,24,1,1,1,18,55336,368,2000,3,1,1,1,1,700705,1000000
2024DL0007490,1,1678.79,2,1,2,1,2,8540,56,0,0,6,1,5,2,700710,1000000
2024DL0007491,1,1678.79,1,2,4,1,3,5419,36,0,0,6,1,5,1,700702,1000000
2024DL0007492,1,1678.79,24,2,3,1,12,38187,254,5000,1,1,2,1,1,700709,1000000
2024DL0007493,1,1678.79,73,1,3,1,9,26747,178,0,0,6,1,1,1,700702,1000000
2024DL0007494,1,1678.79,20,1,6,1,12,26701,178,9000,6,1,1,5,1,700706,1000000
2024DL0007495,1,1678.79,38,1,1,1,13,12181,81,9000,1,1,1,1,1,700708,1000000
2024DL0007496,1,1678.79,41,1,3,1,9,25335,168,3000,3,4,1,1,2,700707,1000000
2024DL0007497,1,1678.79,32,2,1,1,7,54459,363,5000,4,2,1,1,2,700702,1000000
2024DL0007498,1,1678.79,26,2,5,1,15,76306,501,4000,2,1,1,1,1,700705,1000000
2024DL0007499,1,1678.79,35,1,5,1,13,24420,162,5000,1,1,1,1,1,700705,1000000
2024DL0007500,1,1678.79,20,2,4,1,11,8849,58,9000,1,1,1,5,1,700705,1000000
2024DL0007501,1,1678.79,27,2,1,1,20,119904,501,1000,1,1,1,1,1,700703,1000000
2024DL0007502,1,1678.79,26,2,1,1,10,141805,501,5000,4,2,1,1,1,700707,1000000
2024DL0007503,1,1678.79,4,2,1,1,4,13286,88,0,0,6,1,5,1,700701,1000000
2024DL0007504,1,1678.79,10,2,5,1,9,16772,111,0,0,6,1,5,1,700701,1000000
2024DL0007505,1,1678.79,23,2,4,1,11,15896,105,6000,1,2,1,5,2,700701,1000000
2024DL0007506,1,1678.79,12,2,3,1,1,2533,16,0,0,6,1,5,1,700702,1000000
2024DL0007507,1,1678.79,15,2,1,1,14,9619,64,0,0,6,1,5,1,700707,1000000
2024DL0007508,1,1678.79,14,2,3,1,4,11230,74,0,0,6,2,5,2,700700,1000000
2024DL0007509,1,1678.79,1,1,5,1,3,4123,27,0,0,6,1,5,1,700705,1000000
2024DL0007510,1,1678.79,17,1,1,1,18,27334,182,0,0,6,1,5,1,700700,1000000
2024DL0007511,1,1678.79,15,1,1,1,14,83202,501,0,0,6,1,5,2,700702,1000000
2024DL0007512,1,1678.79,11,2,1,1,6,7459,49,0,0,6,1,5,1,700701,1000000
2024DL0007513,1,1678.79,16,1,4,1,13,8094,53,0,0,6,1,5,1,700701,1000000
2024DL0007514,1,1678.79,16,1,5,1,14,20631,137,0,0,6,1,5,1,700710,1000000
2024DL0007515,1,1678.79,93,1,5,1,10,42028,280,0,0,6,1,1,1,700709,1000000
2024DL0007516,1,1678.79,17,1,1,1,17,49856,332,0,0,6,1,5,1,700709,1000000
2024DL0007517,1,1678.79,16,1,1,1,16,36959,246,0,0,6,1,5,1,700709,1000000
2024DL0007518,1,1678.79,13,1,1,1,5,7409,49,0,0,6,1,5,1,700701,1000000
2024DL0007519,1,1678.79,7,2,5,1,9,6640,44,0,0,6,1,5,1,700704,1000000
2024DL0007520,1,1678.79,7,2,4,1,5,3918,26,0,0,6,1,5,2,700703,1000000
2024DL0007521,1,1678.79,58,2,1,1,9,63725,424,8000,1,1,1,2,1,700706,1000000
2024DL0007522,1,1678.79,11,2,1,1,5,3540,23,0,0,6,5,5,1,700705,1000000
2024DL0007523,1,1678.79,35,2,1,1,9,113208,501,5000,1,5,1,1,1,700700,1000000
2024DL0007524,1,1678.79,38,1,5,1,12,62589,417,2000,1,1,1,1,1,700703,1000000
2024DL0007525,1,1678.79,1,1,5,1,6,3513,23,0,0,6,1,5,1,700704,1000000
2024DL0007526,1,1678.79,26,1,6,1,16,63985,426,4000,2,1,1,1,1,700703,1000000
2024DL0007527,1,1678.79,18,1,2,1,10,25695,171,2000,3,1,1,5,2,700700,1000000
2024DL0007528,1,1678.79,2,2,5,1,7,6253,41,0,0,6,2,5,1,700708,1000000
2024DL0007529,1,1678.79,28,1,6,1,17,133492,501,1000,2,1,1,5,1,700700,1000000
2024DL0007530,1,1678.79,35,1,5,1,17,44397,295,4000,1,5,1,1,2,700700,1000000
2024DL0007531,1,1678.79,26,1,9,1,15,29246,194,1000,3,1,1,1,1,700702,1000000
2024DL0007532,1,1678.79,7,2,2,1,5,3618,24,0,0,6,1,5,1,700709,1000000
2024DL0007533,1,1678.79,41,1,3,1,10,51324,342,5000,1,1,1,1,1,700710,1000000
2024DL0007534,1,1678.79,25,1,1,1,14,18123,120,6000,1,3,1,1,1,700710,1000000
2024DL0007535,1,1678.79,52,1,5,1,11,42212,281,6000,4,1,1,1,1,700700,1000000
2024DL0007536,1,1678.79,45,1,1,1,8,56395,375,9000,6,1,1,1,1,700702,1000000
2024DL0007537,1,1678.79,38,1,4,1,15,108733,501,4000,1,1,1,1,1,700706,1000000
2024DL0007538,1,1678.79,16,1,1,1,11,28351,189,0,0,6,1,5,1,700702,1000000
2024DL0007539,1,1678.79,7,1,1,1,6,4579,30,0,0,6,1,5,1,700706,1000000
2024DL0007540,1,1678.79,9,1,2,1,4,15295,101,0,0,6,1,5,1,700710,1000000
2024DL0007541,1,1678.79,37,2,1,1,13,58440,389,7000,3,1,1,5,1,700705,1000000
2024DL0007542,1,1678.79,27,2,4,1,17,81172,501,4000,3,1,1,1,1,700705,1000000
2024DL0007543,1,1678.79,48,1,1,1,12,83905,501,6000,3,1,1,5,1,700706,1000000
2024DL0007544,1,1678.79,11,1,1,1,4,2754,18,0,0,6,1,5,1,700704,1000000
2024DL0007545,1,1678.79,17,1,3,1,18,23315,155,0,0,6,1,5,2,700705,1000000
2024DL0007546,1,1678.79,12,1,3,1,8,8149,54,0,0,6,2,5,1,700704,1000000
2024DL0007547,1,1678.79,42,2,1,1,15,69834,465,4000,1,5,1,1,1,700701,1000000
2024DL0007548,1,1678.79,2,1,2,1,2,7233,48,0,0,6,2,5,1,700703,1000000
2024DL0007549,1,1678.79,9,2,1,1,7,22725,151,0,0,6,1,5,1,700701,1000000
2024DL0007550,1,1678.79,53,1,4,1,11,20412,136,9000,1,1,1,1,1,700701,1000000
2024DL0007551,1,1678.79,14,2,1,1,4,3318,22,0,0,6,1,5,1,700710,1000000
2024DL0007552,1,1678.79,59,2,1,1,5,5101,34,6000,1,1,1,2,1,700709,1000000
2024DL0007553,1,1678.79,15,1,1,1,13,30120,200,0,0,6,1,5,1,700705,1000000
2024DL0007554,1,1678.79,34,2,4,1,12,26061,173,3000,1,1,1,1,1,700703,1000000
2024DL0007555,1,1678.79,39,1,1,1,7,16416,109,6000,1,1,1,5,1,700705,1000000
2024DL0007556,1,1678.79,9,2,2,1,3,27852,185,0,0,6,1,5,1,700705,1000000
2024DL0007557,1,1678.79,10,2,2,1,2,13891,92,0,0,6,1,5,1,700706,1000000
2024DL0007558,1,1678.79,24,1,5,1,19,179909,501,4000,2,1,1,5,1,700710,1000000
2024DL0007559,1,1678.79,56,1,6,1,7,27296,181,9800,1,2,1,1,1,700701,1000000
2024DL0007560,1,1678.79,20,1,1,1,15,113704,501,6000,1,1,1,5,1,700703,1000000
2024DL0007561,1,1678.79,6,1,3,1,2,14586,97,0,0,6,1,5,1,700700,1000000
2024DL0007562,1,1678.79,11,2,4,1,4,52033,346,0,0,6,1,5,1,700700,1000000
2024DL0007563,1,1678.79,39,2,4,1,8,46372,309,5000,6,1,1,1,1,700706,1000000
2024DL0007564,1,1678.79,39,2,2,1,11,59802,398,5000,6,1,1,1,1,700708,1000000
2024DL0007565,1,1678.79,31,1,2,1,19,108041,501,3000,1,5,1,1,1,700710,1000000
2024DL0007566,1,1678.79,12,2,5,1,5,9369,62,0,0,6,1,5,1,700700,1000000
2024DL0007567,1,1678.79,43,1,1,1,7,50677,337,9800,3,1,1,1,2,700703,1000000
2024DL0007568,1,1678.79,14,2,3,1,1,26625,177,0,0,6,1,5,1,700701,1000000
2024DL0007569,1,1678.79,10,1,1,1,3,13011,86,0,0,6,2,5,1,700710,1000000
2024DL0007570,1,1678.79,17,1,3,1,18,25219,168,0,0,6,1,5,1,700706,1000000
2024DL0007571,1,1678.79,31,1,6,1,12,37689,251,8000,1,1,1,1,1,700702,1000000
2024DL0007572,1,1678.79,24,1,2,1,12,20136,134,7000,4,1,1,1,1,700710,1000000
2024DL0007573,1,1678.79,2,2,3,1,9,7544,50,0,0,6,1,5,2,700708,1000000
2024DL0007574,1,1678.79,17,2,1,1,16,43397,289,0,0,6,1,5,1,700700,1000000
2024DL0007575,1,1678.79,29,1,3,1,16,56563,377,4000,1,1,1,1,1,700702,1000000
2024DL0007576,1,1678.79,16,1,6,1,20,66901,446,0,0,6,1,5,1,700709,1000000
2024DL0007577,1,1678.79,27,1,1,1,5,16114,107,9000,6,1,1,1,1,700700,1000000
2024DL0007578,1,1678.79,16,1,2,1,16,39795,265,0,0,6,1,5,1,700706,1000000
2024DL0007579,1,1678.79,12,2,1,1,1,2561,17,0,0,6,1,5,1,700708,1000000
2024DL0007580,1,1678.79,48,1,6,1,8,15922,106,8000,4,1,1,1,1,700705,1000000
2024DL0007581,1,1678.79,0,2,1,1,6,10834,72,0,0,6,1,5,1,700701,1000000
2024DL0007582,1,1678.79,41,1,1,1,7,10143,67,8000,4,5,1,1,1,700708,1000000
2024DL0007583,1,1678.79,71,1,3,1,12,19070,127,0,0,6,1,1,1,700702,1000000
2024DL0007584,1,1678.79,78,2,6,1,11,12557,83,0,0,6,1,1,2,700706,1000000
2024DL0007585,1,1678.79,31,1,1,1,7,32422,216,5000,1,5,2,1,1,700705,1000000
2024DL0007586,1,1678.79,46,2,6,1,12,15571,103,6000,3,1,1,1,1,700705,1000000
2024DL0007587,1,1678.79,22,2,2,1,17,78315,501,2000,2,1,1,1,2,700702,1000000
2024DL0007588,1,1678.79,44,1,6,1,11,27186,181,9800,4,1,1,1,1,700701,1000000
2024DL0007589,1,1678.79,48,1,5,1,7,39413,262,9920,1,1,1,2,2,700701,1000000
2024DL0007590,1,1678.79,54,1,5,1,8,15238,101,7000,1,1,2,1,2,700710,1000000
2024DL0007591,1,1678.79,31,1,1,1,6,10126,67,8000,1,1,1,5,1,700708,1000000
2024DL0007592,1,1678.79,42,1,8,1,9,80627,501,2000,2,1,1,1,1,700708,1000000
2024DL0007593,1,1678.79,72,2,1,1,5,7090,47,0,0,6,1,2,1,700702,1000000
2024DL0007594,1,1678.79,29,2,3,1,8,6449,42,9920,1,1,1,5,1,700708,1000000
2024DL0007595,1,1678.79,1,1,2,1,5,8457,56,0,0,6,5,5,1,700705,1000000
2024DL0007596,1,1678.79,15,2,6,1,18,24214,161,0,0,6,1,5,1,700707,1000000
2024DL0007597,1,1678.79,22,1,6,1,18,77500,501,2000,2,1,1,5,1,700707,1000000
2024DL0007598,1,1678.79,35,1,5,1,5,24677,164,6000,1,1,1,1,1,700703,1000000
2024DL0007599,1,1678.79,43,2,8,1,9,69076,460,3000,1,1,1,1,2,700707,1000000
2024DL0007600,1,1678.79,8,2,1,1,7,8563,57,0,0,6,1,5,1,700700,1000000
2024DL0007601,1,1678.79,30,2,1,1,15,96669,501,6000,1,1,1,5,1,700702,1000000
2024DL0007602,1,1678.79,15,2,1,1,14,19007,126,0,0,6,1,5,1,700706,1000000
2024DL0007603,1,1678.79,49,2,4,1,14,48921,326,4000,1,1,1,1,1,700700,1000000
2024DL0007604,1,1678.79,3,2,5,1,7,4263,28,0,0,6,1,5,1,700702,1000000
2024DL0007605,1,1678.79,44,1,1,1,15,174379,501,6000,3,2,2,1,1,700708,1000000
2024DL0007606,1,1678.79,20,1,1,1,19,127166,501,4000,2,1,1,5,1,700707,1000000
2024DL0007607,1,1678.79,52,2,1,1,9,76720,501,9000,3,1,1,2,1,700702,1000000
2024DL0007608,1,1678.79,46,1,6,1,10,41408,276,2000,2,1,1,1,1,700701,1000000
2024DL0007609,1,1678.79,35,2,5,1,9,13945,92,6000,1,1,1,1,1,700705,1000000
2024DL0007610,1,1678.79,25,1,3,1,16,66808,445,5000,3,1,1,1,1,700708,1000000
2024DL0007611,1,1678.79,0,2,2,1,5,4824,32,0,0,6,1,5,1,700709,1000000
2024DL0007612,1,1678.79,28,2,1,1,15,57898,385,5000,1,1,1,1,2,700706,1000000
2024DL0007613,1,1678.79,53,1,2,1,5,18265,121,9800,6,1,2,1,1,700703,1000000
2024DL0007614,1,1678.79,51,1,2,1,15,122054,501,5000,4,1,1,1,1,700710,1000000
2024DL0007615,1,1678.79,8,1,1,1,4,13893,92,0,0,6,1,5,1,700704,1000000
2024DL0007616,1,1678.79,15,1,3,1,17,63799,425,0,0,6,1,5,1,700701,1000000
2024DL0007617,1,1678.79,29,2,8,1,9,35465,236,5000,4,1,1,5,1,700700,1000000
2024DL0007618,1,1678.79,54,2,2,1,8,21444,142,5000,1,4,1,5,1,700708,1000000
2024DL0007619,1,1678.79,52,1,3,1,11,25957,173,9000,3,1,1,1,1,700709,1000000
2024DL0007620,1,1678.79,29,1,3,1,15,40405,269,5000,4,1,1,1,1,700706,1000000
2024DL0007621,1,1678.79,53,1,1,1,9,46282,308,8000,4,1,1,1,1,700706,1000000
2024DL0007622,1,1678.79,10,2,2,1,8,2060,13,0,0,6,1,5,1,700709,1000000
2024DL0007623,1,1678.79,41,2,2,1,9,45841,305,2000,1,1,1,1,1,700707,1000000
2024DL0007624,1,1678.79,4,2,1,1,2,9302,62,0,0,6,1,5,2,700707,1000000
2024DL0007625,1,1678.79,8,1,2,1,3,7651,51,0,0,6,1,5,1,700703,1000000
2024DL0007626,1,1678.79,48,2,4,1,16,186785,501,5000,1,2,1,1,1,700710,1000000
2024DL0007627,1,1678.79,27,2,1,1,16,44926,299,4000,1,2,1,1,1,700707,1000000
2024DL0007628,1,1678.79,41,1,5,1,19,70650,471,2000,3,1,1,2,1,700704,1000000
2024DL0007629,1,1678.79,12,1,1,1,3,3160,21,0,0,6,1,5,2,700707,1000000
2024DL0007630,1,1678.79,58,2,3,1,11,102878,501,9000,1,1,1,5,1,700701,1000000
2024DL0007631,1,1678.79,55,2,7,1,6,7195,47,8000,1,3,1,2,1,700702,1000000
2024DL0007632,1,1678.79,4,2,1,1,6,5240,34,0,0,6,1,5,1,700705,1000000
2024DL0007633,1,1678.79,25,1,2,1,11,35637,237,3000,1,1,1,1,1,700708,1000000
2024DL0007634,1,1678.79,24,1,2,1,13,23318,155,7000,1,1,1,1,1,700703,1000000
2024DL0007635,1,1678.79,52,1,4,1,7,5814,38,7000,4,1,1,1,1,700701,1000000
2024DL0007636,1,1678.79,10,1,6,1,4,5114,34,0,0,6,1,5,1,700702,1000000
2024DL0007637,1,1678.79,0,2,1,1,4,2046,13,0,0,6,1,5,1,700705,1000000
2024DL0007638,1,1678.79,34,1,2,1,10,62572,417,4000,2,1,1,5,2,700703,1000000
2024DL0007639,1,1678.79,20,2,1,1,20,166334,501,1000,3,1,1,5,1,700704,1000000
2024DL0007640,1,1678.79,82,1,1,1,7,15799,105,0,0,6,1,5,1,700700,1000000
2024DL0007641,1,1678.79,24,1,1,1,16,75726,501,1000,1,1,1,1,1,700710,1000000
2024DL0007642,1,1678.79,47,2,9,1,11,17247,114,9000,1,1,1,1,1,700709,1000000
2024DL0007643,1,1678.79,15,1,2,1,20,46652,311,0,0,6,1,5,2,700700,1000000
2024DL0007644,1,1678.79,9,1,1,1,8,3662,24,0,0,6,1,5,1,700710,1000000
2024DL0007645,1,1678.79,17,2,1,1,14,34647,230,0,0,6,1,5,1,700704,1000000
2024DL0007646,1,1678.79,79,2,1,1,6,11263,75,0,0,6,1,2,1,700706,1000000
2024DL0007647,1,1678.79,3,2,1,1,3,8117,54,0,0,6,1,5,1,700707,1000000
2024DL0007648,1,1678.79,35,2,4,1,15,95322,501,3000,1,1,1,1,1,700704,1000000
2024DL0007649,1,1678.79,38,2,3,1,9,25313,168,5000,4,4,1,1,1,700706,1000000
2024DL0007650,1,1678.79,10,1,3,1,1,1989,13,0,0,6,1,5,1,700702,1000000
2024DL0007651,1,1678.79,22,1,4,1,16,65002,433,4000,3,1,1,1,1,700706,1000000
2024DL0007652,1,1678.79,6,2,9,1,5,9774,65,0,0,6,1,5,1,700710,1000000
2024DL0007653,1,1678.79,29,1,7,1,13,16028,106,7000,1,1,1,5,1,700701,1000000
2024DL0007654,1,1678.79,20,1,1,1,20,46834,312,3000,3,1,5,5,1,700706,1000000
2024DL0007655,1,1678.79,34,2,3,1,10,60049,400,1000,2,1,1,5,1,700709,1000000
2024DL0007656,1,1678.79,11,2,1,1,3,3338,22,0,0,6,1,5,1,700706,1000000
2024DL0007657,1,1678.79,26,1,4,1,10,66385,442,7000,1,1,1,1,1,700705,1000000
2024DL0007658,1,1678.79,47,1,6,1,19,362696,501,3000,3,2,1,1,2,700707,1000000
2024DL0007659,1,1678.79,28,1,3,1,11,10386,69,7000,1,1,1,5,1,700707,1000000
2024DL0007660,1,1678.79,17,2,6,1,10,16861,112,0,0,6,1,5,1,700705,1000000
2024DL0007661,1,1678.79,43,2,6,1,8,33426,222,9920,1,5,1,1,1,700708,1000000
2024DL0007662,1,1678.79,14,1,6,1,1,9082,60,0,0,6,1,5,1,700705,1000000
2024DL0007663,1,1678.79,58,2,3,1,5,23860,159,8000,4,4,1,3,1,700701,1000000
2024DL0007664,1,1678.79,23,2,2,1,18,130243,501,1000,2,1,1,1,1,700709,1000000
2024DL0007665,1,1678.79,9,2,6,1,4,3969,26,0,0,6,1,5,1,700706,1000000
2024DL0007666,1,1678.79,9,2,1,1,3,17413,116,0,0,6,2,5,1,700701,1000000
2024DL0007667,1,1678.79,34,1,4,1,16,106994,501,6000,1,1,1,5,1,700706,1000000
2024DL0007668,1,1678.79,23,1,6,1,12,21972,146,5000,3,1,1,5,1,700706,1000000
2024DL0007669,1,1678.79,9,1,5,1,6,2554,17,0,0,6,1,5,1,700706,1000000
2024DL0007670,1,1678.79,16,1,1,1,14,17323,115,0,0,6,1,5,1,700700,1000000
2024DL0007671,1,1678.79,43,1,1,1,14,34761,231,2000,3,1,1,5,1,700701,1000000
2024DL0007672,1,1678.79,0,1,6,1,4,5579,37,0,0,6,1,5,1,700707,1000000
2024DL0007673,1,1678.79,12,2,2,1,7,12754,85,0,0,6,1,5,1,700703,1000000
2024DL0007674,1,1678.79,34,1,2,1,16,59829,398,1000,2,2,1,1,2,700710,1000000
2024DL0007675,1,1678.79,20,1,2,1,13,11825,78,6000,1,1,1,5,1,700706,1000000
2024DL0007676,1,1678.79,51,1,2,1,11,19339,128,5000,6,1,1,1,1,700700,1000000
2024DL0007677,1,1678.79,52,1,5,1,11,20347,135,9000,1,1,1,1,1,700705,1000000
2024DL0007678,1,1678.79,43,1,5,1,8,28663,191,9800,4,1,1,1,2,700704,1000000
2024DL0007679,1,1678.79,3,2,4,1,5,4622,30,0,0,6,1,5,1,700710,1000000
2024DL0007680,1,1678.79,71,1,4,1,5,14518,96,0,0,6,1,1,1,700706,1000000
2024DL0007681,1,1678.79,11,1,3,1,7,7470,49,0,0,6,1,5,1,700707,1000000
2024DL0007682,1,1678.79,17,1,1,1,18,19853,132,0,0,6,1,5,2,700705,1000000
2024DL0007683,1,1678.79,44,2,3,1,14,49329,328,7000,6,1,1,1,1,700701,1000000
2024DL0007684,1,1678.79,41,1,3,1,12,24544,163,5000,1,1,1,1,1,700708,1000000
2024DL0007685,1,1678.79,58,2,2,1,14,21834,145,9800,1,5,1,1,1,700705,1000000
2024DL0007686,1,1678.79,0,1,1,1,3,6124,40,0,0,6,1,5,1,700705,1000000
2024DL0007687,1,1678.79,54,2,1,1,6,11141,74,7000,1,1,1,1,1,700710,1000000
2024DL0007688,1,1678.79,18,2,5,1,14,14229,94,2000,1,1,1,5,1,700702,1000000
2024DL0007689,1,1678.79,9,1,4,1,7,5029,33,0,0,6,1,5,1,700705,1000000
2024DL0007690,1,1678.79,43,1,1,1,11,44198,294,7000,4,1,1,1,1,700705,1000000
2024DL0007691,1,1678.79,15,2,3,1,12,14609,97,0,0,6,1,5,1,700706,1000000
2024DL0007692,1,1678.79,3,2,1,1,4,3804,25,0,0,6,1,5,1,700703,1000000
2024DL0007693,1,1678.79,31,1,2,1,7,29507,196,9800,4,1,1,1,1,700706,1000000
2024DL0007694,1,1678.79,44,2,1,1,6,18370,122,6000,1,1,1,1,1,700704,1000000
2024DL0007695,1,1678.79,39,1,2,1,10,126394,501,7000,6,1,1,1,2,700706,1000000
2024DL0007696,1,1678.79,39,1,4,1,5,39146,260,7000,1,4,1,1,1,700707,1000000
2024DL0007697,1,1678.79,54,2,3,1,9,19244,128,5000,3,1,1,5,1,700708,1000000
2024DL0007698,1,1678.79,68,2,1,1,5,5295,35,9920,1,1,1,1,1,700703,1000000
2024DL0007699,1,1678.79,2,1,3,1,4,7555,50,0,0,6,1,5,1,700700,1000000
2024DL0007700,1,1678.79,52,2,6,1,9,50086,333,5000,1,1,1,2,1,700707,1000000
2024DL0007701,1,1678.79,1,1,3,1,5,19253,128,0,0,6,1,5,1,700709,1000000
2024DL0007702,1,1678.79,92,1,1,1,7,19923,132,0,0,6,1,1,1,700708,1000000
2024DL0007703,1,1678.79,27,1,1,1,12,28125,187,8000,3,1,1,1,1,700705,1000000
2024DL0007704,1,1678.79,2,2,5,1,2,2095,13,0,0,6,1,5,1,700707,1000000
2024DL0007705,1,1678.79,5,2,7,1,7,9904,66,0,0,6,1,5,1,700702,1000000
2024DL0007706,1,1678.79,23,1,1,1,12,32891,219,2000,3,1,1,1,2,700703,1000000
2024DL0007707,1,1678.79,23,1,5,1,20,51275,341,4000,1,1,1,5,1,700700,1000000
2024DL0007708,1,1678.79,40,1,1,1,8,49210,328,9920,3,1,1,1,1,700700,1000000
2024DL0007709,1,1678.79,59,1,4,1,10,48121,320,9000,3,1,1,2,1,700710,1000000
2024DL0007710,1,1678.79,1,2,1,1,1,7340,48,0,0,6,1,5,1,700709,1000000
2024DL0007711,1,1678.79,39,1,3,1,12,37421,249,5000,1,1,1,1,1,700701,1000000
2024DL0007712,1,1678.79,72,1,9,1,5,2440,16,0,0,6,1,1,1,700706,1000000
2024DL0007713,1,1678.79,21,1,1,1,19,29321,195,3000,1,1,1,5,2,700705,1000000
2024DL0007714,1,1678.79,21,1,8,1,13,40774,271,7000,3,1,1,1,1,700707,1000000
2024DL0007715,1,1678.79,14,2,1,1,3,2539,16,0,0,6,1,5,2,700700,1000000
2024DL0007716,1,1678.79,16,2,1,1,20,121392,501,0,0,6,1,5,1,700703,1000000
2024DL0007717,1,1678.79,40,1,6,1,13,49832,332,1000,1,1,5,2,2,700702,1000000
2024DL0007718,1,1678.79,57,1,1,1,12,32468,216,3000,2,1,2,4,2,700701,1000000
2024DL0007719,1,1678.79,13,1,7,1,1,3584,23,0,0,6,1,5,1,700710,1000000
2024DL0007720,1,1678.79,14,1,4,1,5,2085,13,0,0,6,2,5,1,700700,1000000
2024DL0007721,1,1678.79,93,2,3,1,8,11740,78,0,0,6,1,2,1,700705,1000000
2024DL0007722,1,1678.79,35,2,1,1,13,11874,79,9800,1,1,1,1,1,700705,1000000
2024DL0007723,1,1678.79,18,2,1,1,14,93191,501,6000,1,1,1,5,1,700709,1000000
2024DL0007724,1,1678.79,15,1,1,1,12,12492,83,0,0,6,1,5,1,700703,1000000
2024DL0007725,1,1678.79,36,2,3,1,9,110595,501,8000,1,1,1,1,1,700708,1000000
2024DL0007726,1,1678.79,4,2,1,1,5,3722,24,0,0,6,2,5,2,700702,1000000
2024DL0007727,1,1678.79,42,1,1,1,13,58919,392,6000,4,1,1,1,1,700701,1000000
2024DL0007728,1,1678.79,9,1,2,1,3,8718,58,0,0,6,1,5,1,700704,1000000
2024DL0007729,1,1678.79,44,1,2,1,9,44249,294,9000,1,1,1,1,1,700709,1000000
2024DL0007730,1,1678.79,26,2,1,1,9,46332,308,6000,1,1,1,5,1,700702,1000000
2024DL0007731,1,1678.79,14,1,2,1,1,16315,108,0,0,6,1,5,1,700707,1000000
2024DL0007732,1,1678.79,54,1,1,1,12,50257,335,5000,4,1,1,1,1,700702,1000000
2024DL0007733,1,1678.79,84,2,3,1,7,12536,83,0,0,6,1,2,1,700703,1000000
2024DL0007734,1,1678.79,42,1,6,1,20,250258,501,3000,1,2,1,1,1,700703,1000000
2024DL0007735,1,1678.79,11,1,2,1,3,7282,48,0,0,6,2,5,1,700705,1000000
2024DL0007736,1,1678.79,37,1,3,1,12,42438,282,2000,3,1,1,1,2,700708,1000000
2024DL0007737,1,1678.79,23,1,2,1,15,44827,298,6000,6,1,1,5,1,700704,1000000
2024DL0007738,1,1678.79,47,2,5,1,7,9436,62,9920,3,1,1,1,1,700704,1000000
2024DL0007739,1,1678.79,25,2,4,1,7,9563,63,5000,3,1,1,1,2,700707,1000000
2024DL0007740,1,1678.79,100,1,1,1,7,8615,57,0,0,6,1,1,1,700705,1000000
2024DL0007741,1,1678.79,19,1,1,1,18,25882,172,3000,1,1,1,5,1,700700,1000000
2024DL0007742,1,1678.79,18,2,2,1,20,73235,488,1000,3,1,1,5,2,700710,1000000
2024DL0007743,1,1678.79,17,1,1,1,11,22823,152,0,0,6,1,5,1,700709,1000000
2024DL0007744,1,1678.79,15,1,6,1,17,28994,193,0,0,6,1,5,1,700710,1000000
2024DL0007745,1,1678.79,36,1,3,1,6,21337,142,9800,1,1,1,5,1,700709,1000000
2024DL0007746,1,1678.79,16,1,6,1,16,45446,302,0,0,6,1,5,1,700703,1000000
2024DL0007747,1,1678.79,41,1,6,1,11,40969,273,3000,2,5,1,1,1,700702,1000000
2024DL0007748,1,1678.79,2,1,1,1,4,16395,109,0,0,6,5,5,1,700705,1000000
2024DL0007749,1,1678.79,2,2,5,1,7,9738,64,0,0,6,1,5,1,700706,1000000
2024DL0007750,1,1678.79,11,1,1,1,5,6332,42,0,0,6,1,5,1,700704,1000000
2024DL0007751,1,1678.79,18,2,1,1,10,21098,140,6000,1,1,1,5,1,700707,1000000
2024DL0007752,1,1678.79,44,2,1,1,8,7310,48,7000,6,1,1,1,1,700706,1000000
2024DL0007753,1,1678.79,54,1,2,1,5,3641,24,6000,1,1,1,2,1,700706,1000000
2024DL0007754,1,1678.79,25,2,3,1,6,7434,49,9920,1,2,1,1,1,700705,1000000
2024DL0007755,1,1678.79,6,2,2,1,1,4329,28,0,0,6,1,5,1,700707,1000000
2024DL0007756,1,1678.79,38,2,1,1,11,65981,439,8000,1,1,1,1,1,700710,1000000
2024DL0007757,1,1678.79,26,2,6,1,12,45874,305,7000,3,2,1,5,1,700706,1000000
2024DL0007758,1,1678.79,50,1,5,1,7,15089,100,9800,1,1,1,5,2,700702,1000000
2024DL0007759,1,1678.79,24,2,1,1,16,69152,461,3000,2,1,1,5,1,700702,1000000
2024DL0007760,1,1678.79,9,1,2,1,4,6670,44,0,0,6,1,5,1,700708,1000000
2024DL0007761,1,1678.79,25,2,1,1,14,18976,126,7000,6,1,1,5,1,700703,1000000
2024DL0007762,1,1678.79,16,2,4,1,15,17014,113,0,0,6,1,5,1,700700,1000000
2024DL0007763,1,1678.79,8,1,1,1,1,7402,49,0,0,6,1,5,1,700700,1000000
2024DL0007764,1,1678.79,40,1,5,1,11,45089,300,1000,1,1,2,1,2,700703,1000000
2024DL0007765,1,1678.79,23,2,1,1,19,121544,501,4000,1,2,1,5,1,700706,1000000
2024DL0007766,1,1678.79,55,1,5,1,18,122070,501,4000,1,1,1,1,1,700701,1000000
2024DL0007767,1,1678.79,42,2,4,1,14,57894,385,4000,1,1,1,1,1,700710,1000000
2024DL0007768,1,1678.79,10,2,1,1,7,8918,59,0,0,6,1,5,2,700704,1000000
2024DL0007769,1,1678.79,43,2,1,1,14,30337,202,9000,4,1,1,5,1,700709,1000000
2024DL0007770,1,1678.79,19,1,1,1,20,41039,273,3000,1,1,1,5,1,700706,1000000
2024DL0007771,1,1678.79,7,2,2,1,3,10420,69,0,0,6,1,5,1,700708,1000000
2024DL0007772,1,1678.79,6,2,3,1,1,6698,44,0,0,6,1,5,1,700708,1000000
2024DL0007773,1,1678.79,26,1,6,1,10,17433,116,8000,4,1,1,1,2,700708,1000000
2024DL0007774,1,1678.79,27,2,3,1,10,38147,254,5000,3,2,1,1,1,700708,1000000
2024DL0007775,1,1678.79,40,2,9,1,14,22355,149,5000,1,4,1,1,1,700709,1000000
2024DL0007776,1,1678.79,41,1,1,1,14,57491,383,6000,1,1,1,1,1,700709,1000000
2024DL0007777,1,1678.79,33,1,6,1,14,17481,116,1000,3,1,1,1,1,700706,1000000
2024DL0007778,1,1678.79,44,1,6,1,5,9210,61,6000,4,1,1,1,2,700707,1000000
2024DL0007779,1,1678.79,41,2,5,1,6,41957,279,5000,4,1,1,1,1,700707,1000000
2024DL0007780,1,1678.79,5,1,4,1,6,3116,20,0,0,6,1,5,1,700701,1000000
2024DL0007781,1,1678.79,15,2,1,1,15,28211,188,0,0,6,1,5,1,700705,1000000
2024DL0007782,1,1678.79,29,1,2,1,10,29038,193,7000,4,1,1,5,1,700706,1000000
2024DL0007783,1,1678.79,25,1,5,1,11,16763,111,6000,4,1,1,5,1,700701,1000000
2024DL0007784,1,1678.79,13,1,2,1,5,4557,30,0,0,6,1,5,1,700708,1000000
2024DL0007785,1,1678.79,22,2,6,1,15,108348,501,4000,1,1,5,5,1,700706,1000000
2024DL0007786,1,1678.79,49,2,1,1,5,22027,146,5000,1,1,1,1,1,700700,1000000
2024DL0007787,1,1678.79,37,2,1,1,9,43684,291,9000,1,1,1,1,1,700708,1000000
2024DL0007788,1,1678.79,16,1,2,1,13,27518,183,0,0,6,1,5,1,700704,1000000
2024DL0007789,1,1678.79,56,2,5,1,5,36958,246,8000,1,1,1,4,1,700709,1000000
2024DL0007790,1,1678.79,34,1,2,1,15,107178,501,4000,1,1,1,5,1,700705,1000000
2024DL0007791,1,1678.79,27,1,2,1,5,24825,165,8000,1,1,1,1,1,700708,1000000
2024DL0007792,1,1678.79,1,1,1,1,8,14320,95,0,0,6,1,5,1,700707,1000000
2024DL0007793,1,1678.79,33,2,2,1,14,22763,151,6000,4,1,1,5,2,700707,1000000
2024DL0007794,1,1678.79,13,2,1,1,2,8701,58,0,0,6,1,5,1,700710,1000000
2024DL0007795,1,1678.79,23,2,3,1,18,46161,307,6000,1,1,1,5,1,700701,1000000
2024DL0007796,1,1678.79,18,1,2,1,14,9488,63,1000,1,4,1,5,1,700709,1000000
2024DL0007797,1,1678.79,11,2,1,1,7,5088,33,0,0,6,1,5,2,700706,1000000
2024DL0007798,1,1678.79,27,1,4,1,11,27222,181,2000,2,2,1,1,1,700704,1000000
2024DL0007799,1,1678.79,83,2,5,1,8,36551,243,0,0,6,1,2,1,700703,1000000
2024DL0007800,1,1678.79,19,2,5,1,16,33016,220,3000,1,1,1,5,1,700702,1000000
2024DL0007801,1,1678.79,39,2,3,1,15,124833,501,4000,2,1,1,2,2,700700,1000000
2024DL0007802,1,1678.79,33,1,4,1,5,9872,65,9000,1,1,1,5,1,700704,1000000
2024DL0007803,1,1678.79,37,1,1,1,6,12732,84,7000,1,5,1,3,1,700709,1000000
2024DL0007804,1,1678.79,17,1,2,1,15,26448,176,0,0,6,1,5,1,700710,1000000
2024DL0007805,1,1678.79,48,1,2,1,9,60367,402,8000,4,3,1,1,1,700708,1000000
2024DL0007806,1,1678.79,39,1,6,1,10,71915,479,7000,3,1,1,5,1,700708,1000000
2024DL0007807,1,1678.79,10,1,2,1,2,10948,72,0,0,6,1,5,1,700706,1000000
2024DL0007808,1,1678.79,43,1,1,1,11,45623,304,9800,1,1,1,1,1,700701,1000000
2024DL0007809,1,1678.79,9,1,2,1,2,21567,143,0,0,6,1,5,1,700704,1000000
2024DL0007810,1,1678.79,35,2,2,1,8,7886,52,9920,4,1,1,1,1,700706,1000000
2024DL0007811,1,1678.79,50,2,6,1,19,124932,501,3000,3,1,1,1,1,700703,1000000
2024DL0007812,1,1678.79,27,1,3,1,13,24705,164,1000,2,1,1,1,1,700700,1000000
2024DL0007813,1,1678.79,34,1,3,1,13,61615,410,4000,2,1,1,1,1,700707,1000000
2024DL0007814,1,1678.79,36,1,4,1,10,58899,392,9800,1,5,1,1,2,700700,1000000
2024DL0007815,1,1678.79,29,2,3,1,7,15458,103,9920,1,1,1,5,2,700702,1000000
2024DL0007816,1,1678.79,38,2,5,1,9,56400,376,6000,1,5,1,1,1,700710,1000000
2024DL0007817,1,1678.79,44,2,3,1,12,23378,155,1000,3,1,1,1,1,700707,1000000
2024DL0007818,1,1678.79,24,1,1,1,14,33962,226,1000,1,4,1,5,1,700710,1000000
2024DL0007819,1,1678.79,69,2,3,1,5,42593,283,9920,1,1,1,5,1,700705,1000000
2024DL0007820,1,1678.79,3,2,1,1,3,8608,57,0,0,6,1,5,1,700709,1000000
2024DL0007821,1,1678.79,96,1,4,1,5,17146,114,0,0,6,1,1,1,700704,1000000
2024DL0007822,1,1678.79,12,1,4,1,1,2487,16,0,0,6,1,5,1,700700,1000000
2024DL0007823,1,1678.79,45,1,1,1,9,46156,307,1000,3,1,1,1,1,700709,1000000
2024DL0007824,1,1678.79,43,2,6,1,15,80687,501,3000,2,1,1,1,1,700700,1000000
2024DL0007825,1,1678.79,21,2,4,1,14,13345,88,9000,4,2,1,5,2,700701,1000000
2024DL0007826,1,1678.79,13,1,5,1,4,12776,85,0,0,6,1,5,1,700700,1000000
2024DL0007827,1,1678.79,18,2,6,1,19,73768,491,4000,1,1,1,5,1,700703,1000000
2024DL0007828,1,1678.79,43,1,3,1,18,31376,209,5000,1,1,1,2,2,700703,1000000
2024DL0007829,1,1678.79,23,2,6,1,13,35159,234,8000,3,1,1,1,1,700704,1000000
2024DL0007830,1,1678.79,36,2,2,1,12,37020,246,5000,6,1,1,1,1,700707,1000000
2024DL0007831,1,1678.79,4,2,8,1,6,2666,17,0,0,6,1,5,1,700702,1000000
2024DL0007832,1,1678.79,14,1,7,1,6,4027,26,0,0,6,1,5,1,700708,1000000
2024DL0007833,1,1678.79,4,1,5,1,7,5402,36,0,0,6,1,5,1,700707,1000000
2024DL0007834,1,1678.79,66,1,1,1,6,7674,51,5000,3,4,1,2,1,700708,1000000
2024DL0007835,1,1678.79,24,2,3,1,19,174446,501,4000,1,1,5,5,1,700701,1000000
2024DL0007836,1,1678.79,24,1,2,1,16,35017,233,4000,3,1,1,5,1,700705,1000000
2024DL0007837,1,1678.79,22,1,1,1,18,140218,501,4000,2,1,1,1,2,700707,1000000
2024DL0007838,1,1678.79,15,2,5,1,16,30511,203,0,0,6,1,5,2,700709,1000000
2024DL0007839,1,1678.79,31,1,6,1,8,29087,193,9800,1,1,1,1,1,700700,1000000
2024DL0007840,1,1678.79,63,2,6,1,5,17378,115,6000,4,1,1,1,1,700710,1000000
2024DL0007841,1,1678.79,2,1,1,1,5,4625,30,0,0,6,1,5,2,700701,1000000
2024DL0007842,1,1678.79,19,2,4,1,18,54441,362,4000,1,1,1,5,1,700707,1000000
2024DL0007843,1,1678.79,14,1,6,1,1,1100,7,0,0,6,1,5,1,700702,1000000
2024DL0007844,1,1678.79,10,1,3,1,5,9912,66,0,0,6,1,5,1,700704,1000000
2024DL0007845,1,1678.79,1,2,2,1,1,2755,18,0,0,6,1,5,1,700705,1000000
2024DL0007846,1,1678.79,14,2,5,1,2,6692,44,0,0,6,1,5,1,700701,1000000
2024DL0007847,1,1678.79,12,2,9,1,7,6141,40,0,0,6,1,5,1,700703,1000000
2024DL0007848,1,1678.79,56,2,1,1,19,185299,501,4000,2,5,1,1,1,700708,1000000
2024DL0007849,1,1678.79,40,1,2,1,8,28283,188,9920,4,2,1,1,1,700700,1000000
2024DL0007850,1,1678.79,42,1,5,1,10,35231,234,5000,4,3,1,1,1,700706,1000000
2024DL0007851,1,1678.79,50,1,1,1,6,17937,119,5000,1,1,1,1,1,700704,1000000
2024DL0007852,1,1678.79,36,1,1,1,15,71701,478,6000,1,5,5,1,1,700701,1000000
2024DL0007853,1,1678.79,50,1,5,1,9,41870,279,6000,1,1,1,1,1,700703,1000000
2024DL0007854,1,1678.79,19,1,3,1,12,34544,230,6000,3,1,1,5,2,700709,1000000
2024DL0007855,1,1678.79,15,2,2,1,16,27201,181,0,0,6,1,5,1,700706,1000000
2024DL0007856,1,1678.79,43,1,4,1,12,100757,501,5000,1,1,1,3,1,700707,1000000
2024DL0007857,1,1678.79,13,1,3,1,1,70428,469,0,0,6,2,5,1,700701,1000000
2024DL0007858,1,1678.79,46,1,2,1,17,66985,446,3000,1,1,1,1,1,700700,1000000
2024DL0007859,1,1678.79,54,1,6,1,17,54042,360,3000,1,1,1,1,1,700710,1000000
2024DL0007860,1,1678.79,6,1,3,1,5,4499,29,0,0,6,1,5,1,700706,1000000
2024DL0007861,1,1678.79,27,1,3,1,11,40588,270,4000,1,1,1,1,1,700710,1000000
2024DL0007862,1,1678.79,5,2,3,1,3,7044,46,0,0,6,1,5,1,700703,1000000
2024DL0007863,1,1678.79,0,2,1,1,4,2805,18,0,0,6,1,5,2,700709,1000000
2024DL0007864,1,1678.79,6,1,6,1,3,7947,52,0,0,6,1,5,1,700709,1000000
2024DL0007865,1,1678.79,31,1,6,1,7,14924,99,5000,1,1,1,5,1,700707,1000000
2024DL0007866,1,1678.79,38,2,1,1,13,17329,115,7000,1,5,1,1,1,700706,1000000
2024DL0007867,1,1678.79,55,1,1,1,8,27401,182,6000,6,1,1,1,2,700702,1000000
2024DL0007868,1,1678.79,42,2,4,1,12,22695,151,6000,4,1,2,2,1,700704,1000000
2024DL0007869,1,1678.79,15,2,1,1,15,21882,145,0,0,6,1,5,1,700705,1000000
2024DL0007870,1,1678.79,9,1,6,1,4,23051,153,0,0,6,1,5,2,700703,1000000
2024DL0007871,1,1678.79,32,2,6,1,10,225757,501,6000,1,1,1,1,1,700707,1000000
2024DL0007872,1,1678.79,11,1,1,1,7,4491,29,0,0,6,1,5,1,700702,1000000
2024DL0007873,1,1678.79,23,2,5,1,15,68097,453,1000,3,1,1,1,1,700704,1000000
2024DL0007874,1,1678.79,19,2,2,1,19,89655,501,1000,1,1,1,5,1,700700,1000000
2024DL0007875,1,1678.79,16,2,4,1,17,15918,106,0,0,6,1,5,1,700708,1000000
2024DL0007876,1,1678.79,4,2,1,1,9,24318,162,0,0,6,1,5,1,700702,1000000
2024DL0007877,1,1678.79,29,1,6,1,7,45365,302,7000,1,1,1,5,2,700706,1000000
2024DL0007878,1,1678.79,0,1,6,1,1,8375,55,0,0,6,2,5,1,700706,1000000
2024DL0007879,1,1678.79,11,1,5,1,5,9049,60,0,0,6,1,5,1,700705,1000000
2024DL0007880,1,1678.79,3,1,1,1,1,5160,34,0,0,6,1,5,1,700707,1000000
2024DL0007881,1,1678.79,11,1,2,1,4,3627,24,0,0,6,2,5,1,700709,1000000
2024DL0007882,1,1678.79,7,1,2,1,5,8237,54,0,0,6,1,5,1,700705,1000000
2024DL0007883,1,1678.79,39,1,2,1,15,124207,501,3000,1,1,1,2,1,700706,1000000
2024DL0007884,1,1678.79,20,2,4,1,18,61683,411,1000,1,1,1,5,1,700707,1000000
2024DL0007885,1,1678.79,59,2,4,1,9,66976,446,6000,1,1,1,1,1,700701,1000000
2024DL0007886,1,1678.79,47,1,2,1,9,151148,501,3000,2,1,1,1,1,700707,1000000
2024DL0007887,1,1678.79,51,2,9,1,8,47694,317,5000,1,1,1,1,1,700702,1000000
2024DL0007888,1,1678.79,24,2,4,1,15,59161,394,4000,2,1,2,1,1,700703,1000000
2024DL0007889,1,1678.79,38,1,2,1,7,20973,139,6000,4,3,2,1,1,700704,1000000
2024DL0007890,1,1678.79,21,2,4,1,18,49747,331,1000,3,1,1,5,1,700707,1000000
2024DL0007891,1,1678.79,2,1,1,1,6,3186,21,0,0,6,1,5,1,700709,1000000
2024DL0007892,1,1678.79,26,1,1,1,11,10295,68,9000,3,2,5,1,1,700702,1000000
2024DL0007893,1,1678.79,83,1,7,1,5,10737,71,0,0,6,1,1,1,700708,1000000
2024DL0007894,1,1678.79,30,2,5,1,19,104609,501,3000,1,5,1,5,1,700702,1000000
2024DL0007895,1,1678.79,14,1,3,1,5,6710,44,0,0,6,1,5,1,700709,1000000
2024DL0007896,1,1678.79,32,2,4,1,10,41522,276,5000,3,1,1,1,1,700708,1000000
2024DL0007897,1,1678.79,46,2,1,1,10,17066,113,5000,1,1,1,1,1,700705,1000000
2024DL0007898,1,1678.79,35,2,1,1,9,17134,114,9800,3,1,1,5,1,700706,1000000
2024DL0007899,1,1678.79,29,1,4,1,11,58008,386,9000,1,1,1,1,1,700706,1000000
2024DL0007900,1,1678.79,58,2,5,1,13,54825,365,9000,1,1,1,2,1,700701,1000000
2024DL0007901,1,1678.79,8,1,2,1,3,5202,34,0,0,6,1,5,1,700708,1000000
2024DL0007902,1,1678.79,32,2,4,1,9,31853,212,7000,3,3,2,1,2,700704,1000000
2024DL0007903,1,1678.79,40,2,2,1,8,56599,377,8000,3,1,1,1,1,700705,1000000
2024DL0007904,1,1678.79,45,1,5,1,13,39304,262,7000,3,1,1,1,1,700700,1000000
2024DL0007905,1,1678.79,40,1,5,1,17,47611,317,4000,1,1,1,1,2,700704,1000000
2024DL0007906,1,1678.79,34,2,1,1,5,49444,329,5000,1,1,1,1,2,700705,1000000
2024DL0007907,1,1678.79,0,1,3,1,8,21607,144,0,0,6,1,5,1,700704,1000000
2024DL0007908,1,1678.79,42,1,2,1,7,6500,43,9800,4,1,1,1,1,700706,1000000
2024DL0007909,1,1678.79,0,2,1,1,6,11166,74,0,0,6,1,5,1,700703,1000000
2024DL0007910,1,1678.79,21,1,3,1,20,79471,501,3000,3,3,1,5,1,700710,1000000
2024DL0007911,1,1678.79,5,2,2,1,2,3202,21,0,0,6,1,5,1,700708,1000000
2024DL0007912,1,1678.79,18,1,3,1,10,12873,85,6000,4,1,1,5,1,700700,1000000
2024DL0007913,1,1678.79,19,2,5,1,14,30459,203,7000,1,1,1,5,1,700701,1000000
2024DL0007914,1,1678.79,0,1,1,1,3,14313,95,0,0,6,1,5,1,700710,1000000
2024DL0007915,1,1678.79,23,2,4,1,18,60200,401,3000,1,1,1,5,1,700704,1000000
2024DL0007916,1,1678.79,28,2,3,1,12,46618,310,7000,3,2,1,5,1,700703,1000000
2024DL0007917,1,1678.79,1,1,1,1,6,16271,108,0,0,6,1,5,1,700708,1000000
2024DL0007918,1,1678.79,5,1,6,1,9,19257,128,0,0,6,1,5,1,700708,1000000
2024DL0007919,1,1678.79,63,2,1,1,5,24773,165,8000,4,1,1,2,1,700705,1000000
2024DL0007920,1,1678.79,19,2,1,1,17,41259,275,5000,6,1,1,5,1,700702,1000000
2024DL0007921,1,1678.79,11,2,2,1,6,5719,38,0,0,6,1,5,2,700706,1000000
2024DL0007922,1,1678.79,13,1,1,1,7,23761,158,0,0,6,1,5,2,700708,1000000
2024DL0007923,1,1678.79,23,2,1,1,15,104223,501,1000,1,4,1,5,1,700704,1000000
2024DL0007924,1,1678.79,80,1,4,1,5,11197,74,0,0,6,1,2,1,700706,1000000
2024DL0007925,1,1678.79,22,1,3,1,14,65775,438,4000,1,1,1,1,1,700708,1000000
2024DL0007926,1,1678.79,19,2,1,1,16,51067,340,4000,3,1,1,5,1,700708,1000000
2024DL0007927,1,1678.79,14,1,4,1,4,6196,41,0,0,6,1,5,1,700707,1000000
2024DL0007928,1,1678.79,76,2,1,1,5,3958,26,0,0,6,1,1,2,700705,1000000
2024DL0007929,1,1678.79,23,1,4,1,18,240771,501,6000,1,1,1,5,1,700710,1000000
2024DL0007930,1,1678.79,54,1,2,1,7,19197,127,5000,4,4,1,2,1,700704,1000000
2024DL0007931,1,1678.79,43,2,5,1,8,24179,161,9920,3,1,1,1,1,700705,1000000
2024DL0007932,1,1678.79,18,2,4,1,18,100990,501,4000,2,4,2,5,1,700710,1000000
2024DL0007933,1,1678.79,19,2,1,1,13,10911,72,9800,3,1,1,5,1,700706,1000000
2024DL0007934,1,1678.79,1,1,2,1,5,4926,32,0,0,6,1,5,1,700708,1000000
2024DL0007935,1,1678.79,9,1,1,1,9,23341,155,0,0,6,1,5,1,700700,1000000
2024DL0007936,1,1678.79,22,2,1,1,19,99621,501,3000,2,1,1,5,1,700701,1000000
2024DL0007937,1,1678.79,24,2,3,1,19,65961,439,1000,1,1,1,5,1,700701,1000000
2024DL0007938,1,1678.79,60,1,3,1,7,26683,177,8000,4,1,1,1,1,700710,1000000
2024DL0007939,1,1678.79,11,1,3,1,1,10630,70,0,0,6,1,5,1,700704,1000000
2024DL0007940,1,1678.79,38,1,4,1,10,45797,305,7000,3,1,1,1,1,700708,1000000
2024DL0007941,1,1678.79,10,1,1,1,4,4615,30,0,0,6,5,5,1,700700,1000000
2024DL0007942,1,1678.79,34,1,9,1,10,37121,247,3000,1,1,1,5,1,700705,1000000
2024DL0007943,1,1678.79,38,2,2,1,8,11446,76,7000,1,1,1,1,1,700707,1000000
2024DL0007944,1,1678.79,34,2,2,1,8,23251,155,9920,1,1,1,1,1,700702,1000000
2024DL0007945,1,1678.79,19,2,1,1,18,42059,280,4000,1,1,1,5,1,700704,1000000
2024DL0007946,1,1678.79,15,1,2,1,15,17789,118,0,0,6,1,5,1,700709,1000000
2024DL0007947,1,1678.79,21,1,5,1,11,10265,68,7000,1,1,1,5,1,700700,1000000
2024DL0007948,1,1678.79,9,1,2,1,7,38228,254,0,0,6,1,5,1,700710,1000000
2024DL0007949,1,1678.79,13,2,1,1,4,5246,34,0,0,6,2,5,1,700702,1000000
2024DL0007950,1,1678.79,43,2,9,1,11,22867,152,4000,1,1,1,3,2,700702,1000000
2024DL0007951,1,1678.79,38,1,2,1,12,15759,105,6000,1,1,1,1,1,700706,1000000
2024DL0007952,1,1678.79,38,2,1,1,17,186733,501,2000,2,1,2,3,1,700710,1000000
2024DL0007953,1,1678.79,35,2,8,1,9,39983,266,9800,1,1,1,1,1,700704,1000000
2024DL0007954,1,1678.79,0,2,4,1,2,1797,11,0,0,6,1,5,1,700709,1000000
2024DL0007955,1,1678.79,3,2,2,1,4,11767,78,0,0,6,1,5,1,700704,1000000
2024DL0007956,1,1678.79,20,2,3,1,11,9100,60,7000,1,5,1,5,1,700701,1000000
2024DL0007957,1,1678.79,42,2,4,1,8,32742,218,9920,1,1,1,1,2,700701,1000000
2024DL0007958,1,1678.79,55,2,3,1,9,11048,73,6000,4,1,1,1,1,700706,1000000
2024DL0007959,1,1678.79,95,1,1,1,5,4092,27,0,0,6,1,3,1,700703,1000000
2024DL0007960,1,1678.79,47,2,4,1,10,115024,501,7000,1,1,1,1,1,700703,1000000
2024DL0007961,1,1678.79,17,2,1,1,17,42082,280,0,0,6,2,5,1,700703,1000000
2024DL0007962,1,1678.79,36,1,6,1,12,205712,501,9000,1,2,1,1,1,700704,1000000
2024DL0007963,1,1678.79,37,2,1,1,10,63388,422,9000,1,1,1,1,1,700708,1000000
2024DL0007964,1,1678.79,18,1,1,1,14,29292,195,6000,6,2,1,5,1,700702,1000000
2024DL0007965,1,1678.79,0,1,1,1,4,6450,43,0,0,6,1,5,1,700708,1000000
2024DL0007966,1,1678.79,93,2,1,1,8,16761,111,0,0,6,1,1,1,700700,1000000
2024DL0007967,1,1678.79,58,1,1,1,6,35762,238,9800,4,1,1,2,1,700705,1000000
2024DL0007968,1,1678.79,28,1,1,1,9,29945,199,7000,4,1,1,1,1,700700,1000000
2024DL0007969,1,1678.79,29,2,5,1,13,19390,129,7000,1,1,1,5,2,700706,1000000
2024DL0007970,1,1678.79,27,2,6,1,8,21846,145,7000,1,1,1,1,1,700707,1000000
2024DL0007971,1,1678.79,8,2,2,1,2,5581,37,0,0,6,2,5,1,700707,1000000
2024DL0007972,1,1678.79,28,2,1,1,11,11168,74,9800,1,1,1,1,1,700710,1000000
2024DL0007973,1,1678.79,10,2,1,1,3,1812,12,0,0,6,1,5,1,700702,1000000
2024DL0007974,1,1678.79,41,2,3,1,17,71891,479,4000,1,1,1,1,1,700704,1000000
2024DL0007975,1,1678.79,38,2,6,1,13,23279,155,1000,1,1,1,1,1,700703,1000000
2024DL0007976,1,1678.79,4,2,3,1,3,1983,13,0,0,6,1,5,1,700702,1000000
2024DL0007977,1,1678.79,59,2,5,1,8,6720,44,8000,4,1,1,2,1,700702,1000000
2024DL0007978,1,1678.79,31,1,1,1,12,87301,501,9000,4,1,1,5,2,700704,1000000
2024DL0007979,1,1678.79,16,2,1,1,20,83666,501,0,0,6,1,5,2,700710,1000000
2024DL0007980,1,1678.79,37,2,1,1,10,32861,219,9800,1,1,1,5,2,700708,1000000
2024DL0007981,1,1678.79,3,1,1,1,3,14466,96,0,0,6,1,5,1,700709,1000000
2024DL0007982,1,1678.79,87,1,1,1,7,5643,37,0,0,6,1,5,1,700708,1000000
2024DL0007983,1,1678.79,5,2,1,1,2,3358,22,0,0,6,1,5,1,700709,1000000
2024DL0007984,1,1678.79,18,2,1,1,15,19133,127,2000,1,3,1,5,1,700709,1000000
2024DL0007985,1,1678.79,24,2,1,1,14,10135,67,7000,6,1,1,5,1,700710,1000000
2024DL0007986,1,1678.79,8,2,1,1,2,8606,57,0,0,6,1,5,1,700703,1000000
2024DL0007987,1,1678.79,42,2,4,1,12,46290,308,3000,1,1,1,1,1,700702,1000000
2024DL0007988,1,1678.79,22,2,5,1,12,39162,261,9000,6,1,1,5,1,700710,1000000
2024DL0007989,1,1678.79,22,2,6,1,16,51303,342,5000,3,1,1,5,1,700700,1000000
2024DL0007990,1,1678.79,2,2,2,1,1,11015,73,0,0,6,1,5,1,700706,1000000
2024DL0007991,1,1678.79,49,2,6,1,6,16589,110,9800,1,5,1,1,1,700701,1000000
2024DL0007992,1,1678.79,40,2,4,1,14,23338,155,6000,6,1,1,1,1,700701,1000000
2024DL0007993,1,1678.79,12,2,2,1,3,5066,33,0,0,6,1,5,1,700704,1000000
2024DL0007994,1,1678.79,31,1,5,1,19,108665,501,4000,1,1,1,5,1,700709,1000000
2024DL0007995,1,1678.79,22,1,1,1,15,46432,309,1000,1,1,1,5,2,700709,1000000
2024DL0007996,1,1678.79,72,2,3,1,5,6959,46,0,0,6,1,1,1,700703,1000000
2024DL0007997,1,1678.79,26,2,4,1,10,68878,459,9000,6,2,1,1,1,700708,1000000
2024DL0007998,1,1678.79,15,1,1,1,14,11936,79,0,0,6,1,5,1,700706,1000000
2024DL0007999,1,1678.79,30,1,1,1,10,87825,501,9000,1,5,1,1,1,700704,1000000
2024DL0008000,1,1678.79,7,1,5,1,3,17225,114,0,0,6,1,5,2,700710,1000000
2024DL0008001,1,1678.79,8,1,1,1,2,7929,52,0,0,6,1,5,1,700700,1000000
2024DL0008002,1,1678.79,42,1,1,1,14,33149,220,9000,4,1,1,1,1,700700,1000000
2024DL0008003,1,1678.79,2,2,6,1,6,2930,19,0,0,6,1,5,2,700706,1000000
2024DL0008004,1,1678.79,51,2,1,1,7,26244,174,5000,3,1,1,1,1,700705,1000000
2024DL0008005,1,1678.79,90,2,2,1,5,8799,58,0,0,6,5,1,1,700707,1000000
2024DL0008006,1,1678.79,32,2,2,1,8,8870,59,7000,1,3,1,5,2,700708,1000000
2024DL0008007,1,1678.79,42,1,1,1,20,205316,501,2000,1,1,1,1,1,700704,1000000
2024DL0008008,1,1678.79,16,2,2,1,17,28472,189,0,0,6,5,5,1,700707,1000000
2024DL0008009,1,1678.79,53,1,1,1,9,39571,263,8000,6,1,1,1,1,700707,1000000
2024DL0008010,1,1678.79,4,1,1,1,2,4608,30,0,0,6,1,5,1,700700,1000000
2024DL0008011,1,1678.79,37,1,1,1,11,31775,211,6000,6,4,1,5,1,700700,1000000
2024DL0008012,1,1678.79,20,2,6,1,14,5645,37,1000,1,1,1,5,1,700704,1000000
2024DL0008013,1,1678.79,55,2,6,1,10,43184,287,5000,1,1,1,2,1,700710,1000000
2024DL0008014,1,1678.79,24,2,1,1,14,27380,182,1000,1,1,1,1,1,700707,1000000
2024DL0008015,1,1678.79,20,1,3,1,17,40910,272,6000,1,1,1,1,1,700706,1000000
2024DL0008016,1,1678.79,22,2,1,1,15,196392,501,5000,1,1,1,5,1,700710,1000000
2024DL0008017,1,1678.79,41,2,1,1,8,6499,43,8000,4,1,1,1,1,700701,1000000
2024DL0008018,1,1678.79,1,1,3,1,5,5908,39,0,0,6,1,5,1,700708,1000000
2024DL0008019,1,1678.79,49,1,6,1,10,38315,255,5000,4,2,1,1,1,700702,1000000
2024DL0008020,1,1678.79,17,2,4,1,12,10458,69,0,0,6,1,5,1,700700,1000000
2024DL0008021,1,1678.79,2,1,1,1,1,12154,81,0,0,6,1,5,1,700701,1000000
2024DL0008022,1,1678.79,15,2,6,1,14,14793,98,0,0,6,1,5,1,700702,1000000
2024DL0008023,1,1678.79,36,2,7,1,12,32088,213,6000,1,1,5,1,1,700700,1000000
2024DL0008024,1,1678.79,30,2,2,1,8,6276,41,5000,3,2,1,1,1,700705,1000000
2024DL0008025,1,1678.79,74,1,8,1,5,6934,46,0,0,6,1,3,1,700704,1000000
2024DL0008026,1,1678.79,21,1,1,1,15,40346,268,3000,1,4,2,5,1,700701,1000000
2024DL0008027,1,1678.79,22,1,3,1,18,34332,228,2000,2,4,1,5,1,700703,1000000
2024DL0008028,1,1678.79,22,1,5,1,14,29314,195,6000,4,1,1,5,1,700702,1000000
2024DL0008029,1,1678.79,77,1,2,1,6,13026,86,0,0,6,1,2,1,700707,1000000
2024DL0008030,1,1678.79,28,2,7,1,15,101166,501,6000,4,1,1,5,2,700705,1000000
2024DL0008031,1,1678.79,91,1,6,1,7,57428,382,0,0,6,1,2,2,700701,1000000
2024DL0008032,1,1678.79,2,1,2,1,7,19017,126,0,0,6,1,5,1,700702,1000000
2024DL0008033,1,1678.79,36,2,5,1,14,17830,118,8000,3,1,1,1,1,700704,1000000
2024DL0008034,1,1678.79,18,1,1,1,11,25511,170,4000,2,1,1,5,1,700707,1000000
2024DL0008035,1,1678.79,1,1,6,1,7,5194,34,0,0,6,1,5,1,700704,1000000
2024DL0008036,1,1678.79,1,1,3,1,1,2980,19,0,0,6,1,5,1,700700,1000000
2024DL0008037,1,1678.79,26,1,5,1,9,21391,142,1000,3,4,1,5,1,700710,1000000
2024DL0008038,1,1678.79,15,2,2,1,14,14923,99,0,0,6,1,5,1,700706,1000000
2024DL0008039,1,1678.79,38,2,1,1,16,91621,501,6000,6,4,1,5,1,700705,1000000
2024DL0008040,1,1678.79,49,1,2,1,6,157935,501,5000,1,1,1,1,1,700709,1000000
2024DL0008041,1,1678.79,18,2,6,1,17,55264,368,2000,3,1,1,5,2,700701,1000000
2024DL0008042,1,1678.79,59,2,1,1,8,6432,42,9920,4,1,1,5,1,700707,1000000
2024DL0008043,1,1678.79,34,2,1,1,17,87851,501,4000,3,1,1,5,1,700705,1000000
2024DL0008044,1,1678.79,21,1,1,1,17,40327,268,4000,1,2,1,5,1,700701,1000000
2024DL0008045,1,1678.79,13,1,6,1,8,2489,16,0,0,6,2,5,2,700704,1000000
2024DL0008046,1,1678.79,2,1,3,1,3,4002,26,0,0,6,1,5,1,700710,1000000
2024DL0008047,1,1678.79,7,2,3,1,2,9781,65,0,0,6,1,5,1,700701,1000000
2024DL0008048,1,1678.79,32,2,1,1,18,147097,501,2000,3,1,1,1,1,700709,1000000
2024DL0008049,1,1678.79,25,1,5,1,13,50936,339,1000,2,1,1,5,1,700704,1000000
2024DL0008050,1,1678.79,5,1,4,1,8,6435,42,0,0,6,2,5,1,700703,1000000
2024DL0008051,1,1678.79,25,2,1,1,8,16142,107,6000,4,2,1,1,1,700707,1000000
2024DL0008052,1,1678.79,39,1,1,1,12,22878,152,6000,3,1,1,1,1,700706,1000000
2024DL0008053,1,1678.79,38,1,1,1,18,108227,501,2000,3,2,1,2,1,700709,1000000
2024DL0008054,1,1678.79,15,1,3,1,14,7605,50,0,0,6,1,5,1,700710,1000000
2024DL0008055,1,1678.79,59,1,4,1,7,52078,347,9920,1,1,1,2,2,700706,1000000
2024DL0008056,1,1678.79,19,1,1,1,13,20407,136,2000,2,1,1,5,2,700703,1000000
2024DL0008057,1,1678.79,32,1,5,1,14,57850,385,6000,6,1,1,5,1,700705,1000000
2024DL0008058,1,1678.79,50,1,4,1,9,63595,423,1000,1,3,1,1,2,700702,1000000
2024DL0008059,1,1678.79,10,2,5,1,1,22071,147,0,0,6,1,5,1,700708,1000000
2024DL0008060,1,1678.79,21,1,4,1,17,30289,201,1000,2,1,1,5,1,700703,1000000
2024DL0008061,1,1678.79,3,1,5,1,4,1329,8,0,0,6,1,5,1,700700,1000000
2024DL0008062,1,1678.79,29,1,2,1,13,53733,358,2000,1,5,1,5,1,700702,1000000
2024DL0008063,1,1678.79,23,2,6,1,13,29203,194,6000,1,4,1,5,1,700701,1000000
2024DL0008064,1,1678.79,17,1,3,1,18,26837,178,0,0,6,1,5,1,700706,1000000
2024DL0008065,1,1678.79,3,2,1,1,7,4535,30,0,0,6,1,5,1,700700,1000000
2024DL0008066,1,1678.79,53,1,6,1,7,17049,113,9000,1,1,1,1,1,700706,1000000
2024DL0008067,1,1678.79,15,2,2,1,14,53247,354,0,0,6,1,5,2,700706,1000000
2024DL0008068,1,1678.79,17,1,3,1,17,51566,343,0,0,6,1,5,1,700702,1000000
2024DL0008069,1,1678.79,41,1,2,1,11,66595,443,5000,1,1,1,1,1,700704,1000000
2024DL0008070,1,1678.79,4,1,2,1,3,9995,66,0,0,6,1,5,1,700706,1000000
2024DL0008071,1,1678.79,49,1,8,1,7,14418,96,6000,1,2,1,1,1,700705,1000000
2024DL0008072,1,1678.79,38,2,4,1,10,38592,257,7000,1,1,1,1,1,700709,1000000
2024DL0008073,1,1678.79,70,1,3,1,11,15990,106,4000,2,1,1,1,1,700701,1000000
2024DL0008074,1,1678.79,13,2,2,1,8,2599,17,0,0,6,1,5,1,700703,1000000
2024DL0008075,1,1678.79,31,2,2,1,13,78298,501,9000,4,1,1,5,1,700700,1000000
2024DL0008076,1,1678.79,20,2,1,1,12,21438,142,5000,6,5,2,5,2,700709,1000000
2024DL0008077,1,1678.79,2,1,2,1,3,2547,16,0,0,6,1,5,1,700703,1000000
2024DL0008078,1,1678.79,18,2,8,1,12,11854,79,5000,3,1,1,5,1,700707,1000000
2024DL0008079,1,1678.79,24,1,1,1,16,167543,501,4000,3,1,1,5,1,700707,1000000
2024DL0008080,1,1678.79,23,1,6,1,18,101248,501,1000,1,1,1,1,1,700702,1000000
2024DL0008081,1,1678.79,12,1,7,1,5,3142,20,0,0,6,1,5,1,700701,1000000
2024DL0008082,1,1678.79,13,2,6,1,1,2819,18,0,0,6,1,5,1,700706,1000000
2024DL0008083,1,1678.79,9,1,3,1,7,5536,36,0,0,6,1,5,1,700704,1000000
2024DL0008084,1,1678.79,39,2,3,1,6,32895,219,7000,1,1,1,1,1,700706,1000000
2024DL0008085,1,1678.79,2,1,4,1,4,10808,72,0,0,6,1,5,1,700703,1000000
2024DL0008086,1,1678.79,43,2,4,1,10,45933,306,9000,1,2,1,1,1,700701,1000000
2024DL0008087,1,1678.79,52,2,1,1,6,43622,290,9920,4,2,1,1,1,700704,1000000
2024DL0008088,1,1678.79,21,1,6,1,13,12146,80,9800,1,1,1,5,1,700708,1000000
2024DL0008089,1,1678.79,44,1,2,1,10,15944,106,5000,3,1,1,1,1,700702,1000000
2024DL0008090,1,1678.79,40,1,6,1,9,59871,399,9000,1,1,1,1,1,700707,1000000
2024DL0008091,1,1678.79,5,2,1,1,6,7218,48,0,0,6,1,5,1,700700,1000000
2024DL0008092,1,1678.79,29,1,5,1,6,21316,142,5000,4,3,5,1,1,700709,1000000
2024DL0008093,1,1678.79,37,2,1,1,12,33251,221,4000,3,2,1,1,2,700708,1000000
2024DL0008094,1,1678.79,18,2,2,1,13,38968,259,6000,1,1,1,5,1,700707,1000000
2024DL0008095,1,1678.79,4,2,2,1,6,26301,175,0,0,6,2,5,1,700702,1000000
2024DL0008096,1,1678.79,3,2,2,1,3,7255,48,0,0,6,1,5,1,700706,1000000
2024DL0008097,1,1678.79,26,1,2,1,8,31305,208,7000,1,1,1,1,1,700703,1000000
2024DL0008098,1,1678.79,38,2,1,1,10,34869,232,8000,3,1,1,1,2,700708,1000000
2024DL0008099,1,1678.79,1,1,1,1,4,8648,57,0,0,6,1,5,1,700705,1000000
2024DL0008100,1,1678.79,41,1,1,1,6,5048,33,7000,3,1,1,5,1,700706,1000000
2024DL0008101,1,1678.79,16,1,1,1,19,162778,501,0,0,6,1,5,1,700708,1000000
2024DL0008102,1,1678.79,19,2,3,1,18,54608,364,6000,3,1,1,5,1,700704,1000000
2024DL0008103,1,1678.79,69,2,1,1,7,3404,22,5000,1,1,5,5,1,700704,1000000
2024DL0008104,1,1678.79,36,2,1,1,15,122310,501,5000,1,3,1,1,1,700702,1000000
2024DL0008105,1,1678.79,25,1,8,1,16,30483,203,3000,2,1,5,5,1,700701,1000000
2024DL0008106,1,1678.79,15,2,1,1,13,7555,50,0,0,6,1,5,1,700709,1000000
2024DL0008107,1,1678.79,70,2,1,1,8,12519,83,9800,6,1,1,1,1,700710,1000000
2024DL0008108,1,1678.79,19,1,2,1,13,11258,75,6000,3,1,1,5,1,700707,1000000
2024DL0008109,1,1678.79,9,1,2,1,6,17140,114,0,0,6,1,5,2,700701,1000000
2024DL0008110,1,1678.79,25,2,1,1,15,85750,501,4000,1,1,1,5,1,700700,1000000
2024DL0008111,1,1678.79,35,1,4,1,9,35251,235,7000,1,1,1,5,1,700700,1000000
2024DL0008112,1,1678.79,34,1,2,1,16,55809,372,6000,3,1,1,1,2,700708,1000000
2024DL0008113,1,1678.79,12,1,2,1,4,4099,27,0,0,6,1,5,1,700710,1000000
2024DL0008114,1,1678.79,16,2,3,1,14,9314,62,0,0,6,1,5,1,700706,1000000
2024DL0008115,1,1678.79,18,2,1,1,18,42272,281,3000,1,1,1,5,1,700708,1000000
2024DL0008116,1,1678.79,12,1,3,1,4,4729,31,0,0,6,1,5,2,700704,1000000
2024DL0008117,1,1678.79,13,2,5,1,1,18546,123,0,0,6,1,5,2,700703,1000000
2024DL0008118,1,1678.79,51,1,4,1,9,19269,128,7000,4,1,1,1,1,700705,1000000
2024DL0008119,1,1678.79,11,2,3,1,4,4679,31,0,0,6,5,5,1,700702,1000000
2024DL0008120,1,1678.79,18,1,2,1,15,28400,189,2000,1,1,1,5,1,700703,1000000
2024DL0008121,1,1678.79,56,2,1,1,13,25824,172,1000,3,1,1,1,1,700708,1000000
2024DL0008122,1,1678.79,39,2,2,1,12,65471,436,6000,1,1,1,1,2,700701,1000000
2024DL0008123,1,1678.79,99,2,1,1,5,9212,61,0,0,6,2,1,1,700701,1000000
2024DL0008124,1,1678.79,25,1,5,1,10,30795,205,2000,2,1,1,1,1,700704,1000000
2024DL0008125,1,1678.79,38,2,6,1,11,72868,485,3000,1,1,1,1,1,700706,1000000
2024DL0008126,1,1678.79,15,1,5,1,19,118177,501,0,0,6,1,5,1,700704,1000000
2024DL0008127,1,1678.79,7,2,3,1,2,8003,53,0,0,6,1,5,1,700704,1000000
2024DL0008128,1,1678.79,48,1,1,1,14,13463,89,6000,1,1,1,1,1,700702,1000000
2024DL0008129,1,1678.79,25,1,3,1,9,69613,464,8000,1,3,1,1,2,700707,1000000
2024DL0008130,1,1678.79,39,1,1,1,10,114451,501,7000,3,1,1,1,2,700705,1000000
2024DL0008131,1,1678.79,6,1,5,1,3,3320,22,0,0,6,5,5,1,700700,1000000
2024DL0008132,1,1678.79,22,2,2,1,18,101575,501,2000,2,5,1,5,1,700703,1000000
2024DL0008133,1,1678.79,14,1,1,1,5,4609,30,0,0,6,2,5,1,700702,1000000
2024DL0008134,1,1678.79,17,2,3,1,13,23340,155,0,0,6,1,5,1,700704,1000000
2024DL0008135,1,1678.79,29,1,4,1,9,37725,251,9000,1,1,1,1,1,700709,1000000
2024DL0008136,1,1678.79,26,1,3,1,14,12041,80,2000,1,1,1,1,1,700707,1000000
2024DL0008137,1,1678.79,4,2,3,1,5,3468,23,0,0,6,1,5,1,700702,1000000
2024DL0008138,1,1678.79,3,1,1,1,5,17020,113,0,0,6,1,5,1,700705,1000000
2024DL0008139,1,1678.79,13,1,2,1,3,18355,122,0,0,6,1,5,1,700710,1000000
2024DL0008140,1,1678.79,30,1,4,1,7,4948,32,9000,1,1,1,1,1,700708,1000000
2024DL0008141,1,1678.79,34,2,3,1,5,10465,69,5000,1,1,1,1,1,700705,1000000
2024DL0008142,1,1678.79,1,2,1,1,2,5383,35,0,0,6,1,5,2,700700,1000000
2024DL0008143,1,1678.79,38,2,9,1,5,5521,36,6000,1,1,1,1,1,700702,1000000
2024DL0008144,1,1678.79,0,1,2,1,7,53612,357,0,0,6,1,5,1,700705,1000000
2024DL0008145,1,1678.79,26,2,3,1,11,53378,355,6000,1,1,1,1,1,700705,1000000
2024DL0008146,1,1678.79,32,1,1,1,13,24950,166,5000,1,2,1,5,1,700707,1000000
2024DL0008147,1,1678.79,26,1,1,1,11,18331,122,9000,1,1,1,1,1,700701,1000000
2024DL0008148,1,1678.79,13,2,9,1,5,7010,46,0,0,6,1,5,1,700704,1000000
2024DL0008149,1,1678.79,49,1,3,1,6,28182,187,9800,1,1,1,1,1,700708,1000000
2024DL0008150,1,1678.79,20,2,2,1,12,24974,166,9000,1,5,1,1,1,700700,1000000
2024DL0008151,1,1678.79,0,1,1,1,5,9020,60,0,0,6,1,5,1,700708,1000000
2024DL0008152,1,1678.79,16,1,5,1,17,100540,501,0,0,6,1,5,1,700704,1000000
2024DL0008153,1,1678.79,49,1,5,1,12,32654,217,9800,1,1,1,1,2,700708,1000000
2024DL0008154,1,1678.79,26,1,5,1,9,112053,501,8000,1,1,2,1,2,700705,1000000
2024DL0008155,1,1678.79,33,2,4,1,15,190904,501,1000,1,1,1,1,1,700705,1000000
2024DL0008156,1,1678.79,2,2,2,1,3,8605,57,0,0,6,1,5,1,700707,1000000
2024DL0008157,1,1678.79,12,2,4,1,3,4325,28,0,0,6,1,5,1,700705,1000000
2024DL0008158,1,1678.79,35,2,1,1,9,71895,479,5000,3,1,1,1,1,700704,1000000
2024DL0008159,1,1678.79,4,2,1,1,3,7121,47,0,0,6,1,5,1,700708,1000000
2024DL0008160,1,1678.79,25,2,4,1,7,16554,110,9920,1,3,1,5,1,700705,1000000
2024DL0008161,1,1678.79,59,2,3,1,10,26329,175,7000,1,2,1,1,1,700703,1000000
2024DL0008162,1,1678.79,28,2,1,1,10,45051,300,9000,1,1,1,1,1,700700,1000000
2024DL0008163,1,1678.79,17,1,6,1,11,39795,265,0,0,6,1,5,1,700708,1000000
2024DL0008164,1,1678.79,42,2,6,1,15,114706,501,4000,1,1,1,5,1,700704,1000000
2024DL0008165,1,1678.79,90,2,3,1,7,3286,21,0,0,6,1,2,1,700700,1000000
2024DL0008166,1,1678.79,53,1,3,1,12,24018,160,4000,1,1,1,5,2,700701,1000000
2024DL0008167,1,1678.79,56,1,1,1,11,38395,255,7000,4,1,1,2,1,700700,1000000
2024DL0008168,1,1678.79,4,1,5,1,3,7266,48,0,0,6,1,5,1,700704,1000000
2024DL0008169,1,1678.79,35,2,1,1,9,48737,324,7000,3,1,1,5,2,700704,1000000
2024DL0008170,1,1678.79,57,2,3,1,10,16933,112,8000,3,1,1,1,1,700705,1000000
2024DL0008171,1,1678.79,21,1,1,1,18,32558,217,3000,1,1,1,5,1,700705,1000000
2024DL0008172,1,1678.79,27,1,1,1,6,32159,214,6000,3,1,1,1,1,700710,1000000
2024DL0008173,1,1678.79,37,2,3,1,5,67694,451,9920,6,2,1,3,1,700703,1000000
2024DL0008174,1,1678.79,21,2,1,1,13,33378,222,1000,1,1,1,1,2,700706,1000000
2024DL0008175,1,1678.79,19,2,1,1,19,107275,501,1000,1,1,1,5,1,700709,1000000
2024DL0008176,1,1678.79,46,1,1,1,11,32711,218,6000,1,1,1,1,1,700710,1000000
2024DL0008177,1,1678.79,4,1,8,1,5,18395,122,0,0,6,1,5,1,700708,1000000
2024DL0008178,1,1678.79,13,2,1,1,8,3616,24,0,0,6,2,5,1,700702,1000000
2024DL0008179,1,1678.79,18,1,3,1,12,25274,168,4000,1,5,1,5,1,700704,1000000
2024DL0008180,1,1678.79,19,1,4,1,12,66800,445,8000,1,1,1,5,1,700705,1000000
2024DL0008181,1,1678.79,17,1,2,1,19,49491,329,0,0,6,1,5,1,700702,1000000
2024DL0008182,1,1678.79,10,1,3,1,3,9597,63,0,0,6,1,5,2,700710,1000000
2024DL0008183,1,1678.79,7,1,1,1,8,19784,131,0,0,6,1,5,1,700704,1000000
2024DL0008184,1,1678.79,42,2,3,1,10,62116,414,5000,1,1,2,1,1,700700,1000000
2024DL0008185,1,1678.79,11,2,2,1,7,3909,26,0,0,6,1,5,1,700706,1000000
2024DL0008186,1,1678.79,10,1,1,1,2,2811,18,0,0,6,1,5,1,700701,1000000
2024DL0008187,1,1678.79,21,2,3,1,20,120216,501,3000,3,1,1,5,1,700700,1000000
2024DL0008188,1,1678.79,5,2,6,1,2,2252,15,0,0,6,5,5,1,700700,1000000
2024DL0008189,1,1678.79,13,1,5,1,5,2871,19,0,0,6,1,5,1,700708,1000000
2024DL0008190,1,1678.79,33,2,1,1,5,24798,165,8000,3,1,1,1,1,700709,1000000
2024DL0008191,1,1678.79,19,1,1,1,20,104422,501,1000,1,3,1,5,1,700702,1000000
2024DL0008192,1,1678.79,22,1,4,1,17,119632,501,4000,1,1,1,1,2,700708,1000000
2024DL0008193,1,1678.79,28,2,2,1,10,45232,301,7000,1,1,1,1,1,700709,1000000
2024DL0008194,1,1678.79,56,1,2,1,10,42933,286,9000,3,1,1,5,1,700701,1000000
2024DL0008195,1,1678.79,37,2,6,1,15,157060,501,6000,3,1,1,1,2,700703,1000000
2024DL0008196,1,1678.79,50,1,9,1,10,35230,234,3000,3,1,1,1,1,700701,1000000
2024DL0008197,1,1678.79,20,1,3,1,19,22100,147,3000,3,1,1,5,1,700703,1000000
2024DL0008198,1,1678.79,30,2,1,1,14,57823,385,9800,4,5,1,1,1,700707,1000000
2024DL0008199,1,1678.79,30,1,2,1,5,7585,50,6000,3,4,1,5,1,700702,1000000
2024DL0008200,1,1678.79,16,1,3,1,15,26445,176,0,0,6,1,5,1,700709,1000000
2024DL0008201,1,1678.79,9,2,1,1,5,7996,53,0,0,6,1,5,1,700704,1000000
2024DL0008202,1,1678.79,5,1,3,1,2,5077,33,0,0,6,1,5,1,700704,1000000
2024DL0008203,1,1678.79,83,2,1,1,7,5341,35,0,0,6,2,2,1,700707,1000000
2024DL0008204,1,1678.79,11,1,3,1,6,7038,46,0,0,6,1,5,1,700703,1000000
2024DL0008205,1,1678.79,51,2,1,1,8,11752,78,6000,3,1,1,1,1,700709,1000000
2024DL0008206,1,1678.79,20,2,1,1,18,42020,280,4000,1,1,1,1,1,700700,1000000
2024DL0008207,1,1678.79,44,2,2,1,8,26493,176,7000,3,2,1,5,1,700710,1000000
2024DL0008208,1,1678.79,7,2,3,1,3,3136,20,0,0,6,1,5,1,700708,1000000
2024DL0008209,1,1678.79,12,2,3,1,5,10101,67,0,0,6,1,5,1,700710,1000000
2024DL0008210,1,1678.79,5,2,1,1,5,5324,35,0,0,6,1,5,1,700701,1000000
2024DL0008211,1,1678.79,27,2,3,1,16,72120,480,4000,1,5,1,1,1,700707,1000000
2024DL0008212,1,1678.79,23,2,3,1,12,32409,216,9000,4,1,1,5,1,700707,1000000
2024DL0008213,1,1678.79,25,1,2,1,8,22010,146,9920,1,1,1,5,2,700701,1000000
2024DL0008214,1,1678.79,3,1,3,1,4,1388,9,0,0,6,1,5,1,700708,1000000
2024DL0008215,1,1678.79,100,1,9,1,7,6987,46,0,0,6,1,2,1,700706,1000000
2024DL0008216,1,1678.79,15,1,8,1,14,37069,247,0,0,6,1,5,1,700701,1000000
2024DL0008217,1,1678.79,13,2,2,1,8,17559,117,0,0,6,1,5,2,700700,1000000
2024DL0008218,1,1678.79,10,1,5,1,7,8512,56,0,0,6,1,5,1,700701,1000000
2024DL0008219,1,1678.79,44,1,6,1,12,46242,308,5000,3,3,1,1,1,700702,1000000
2024DL0008220,1,1678.79,28,1,3,1,10,38965,259,1000,2,1,1,1,2,700706,1000000
2024DL0008221,1,1678.79,47,1,1,1,5,28592,190,6000,1,1,1,1,1,700700,1000000
2024DL0008222,1,1678.79,2,2,1,1,6,6408,42,0,0,6,1,5,1,700708,1000000
2024DL0008223,1,1678.79,48,1,6,1,11,57981,386,3000,1,2,1,1,1,700707,1000000
2024DL0008224,1,1678.79,10,1,4,1,1,10747,71,0,0,6,1,5,1,700710,1000000
2024DL0008225,1,1678.79,1,2,4,1,4,7185,47,0,0,6,1,5,2,700704,1000000
2024DL0008226,1,1678.79,42,2,1,1,11,69979,466,2000,3,1,1,1,1,700708,1000000
2024DL0008227,1,1678.79,17,1,1,1,19,46806,312,0,0,6,2,5,2,700703,1000000
2024DL0008228,1,1678.79,58,2,9,1,7,23677,157,5000,3,1,1,1,1,700710,1000000
2024DL0008229,1,1678.79,17,1,1,1,14,39276,261,0,0,6,1,5,1,700702,1000000
2024DL0008230,1,1678.79,11,2,6,1,5,6005,40,0,0,6,1,5,1,700704,1000000
2024DL0008231,1,1678.79,9,1,1,1,4,2406,16,0,0,6,1,5,1,700705,1000000
2024DL0008232,1,1678.79,7,2,1,1,9,64853,432,0,0,6,1,5,2,700705,1000000
2024DL0008233,1,1678.79,29,1,2,1,10,26555,177,8000,4,1,1,1,1,700704,1000000
2024DL0008234,1,1678.79,30,1,4,1,7,5830,38,5000,1,1,1,1,1,700701,1000000
2024DL0008235,1,1678.79,0,2,2,1,5,7968,53,0,0,6,1,5,1,700709,1000000
2024DL0008236,1,1678.79,37,1,3,1,7,66252,441,6000,4,1,1,1,2,700709,1000000
2024DL0008237,1,1678.79,13,2,6,1,1,15092,100,0,0,6,1,5,1,700700,1000000
2024DL0008238,1,1678.79,41,1,1,1,7,25517,170,7000,4,1,1,1,2,700708,1000000
2024DL0008239,1,1678.79,21,2,5,1,20,41386,275,1000,2,3,1,5,1,700704,1000000
2024DL0008240,1,1678.79,26,2,9,1,17,98860,501,6000,3,1,1,1,1,700707,1000000
2024DL0008241,1,1678.79,97,2,1,1,7,6825,45,0,0,6,1,3,2,700700,1000000
2024DL0008242,1,1678.79,34,1,1,1,11,45780,305,8000,6,1,2,5,1,700710,1000000
2024DL0008243,1,1678.79,4,1,5,1,2,15466,103,0,0,6,1,5,1,700707,1000000
2024DL0008244,1,1678.79,33,2,2,1,8,6744,44,9800,3,1,1,1,1,700704,1000000
2024DL0008245,1,1678.79,11,2,2,1,5,2623,17,0,0,6,2,5,1,700702,1000000
2024DL0008246,1,1678.79,17,1,1,1,17,25262,168,0,0,6,1,5,2,700701,1000000
2024DL0008247,1,1678.79,10,1,1,1,7,6451,43,0,0,6,1,5,1,700702,1000000
2024DL0008248,1,1678.79,89,1,1,1,5,13911,92,0,0,6,1,2,1,700706,1000000
2024DL0008249,1,1678.79,8,2,2,1,6,8247,54,0,0,6,1,5,1,700705,1000000
2024DL0008250,1,1678.79,5,1,8,1,2,12218,81,0,0,6,1,5,1,700701,1000000
2024DL0008251,1,1678.79,34,1,6,1,13,73373,489,6000,1,1,1,1,1,700706,1000000
2024DL0008252,1,1678.79,20,2,1,1,18,34582,230,3000,2,1,1,5,1,700709,1000000
2024DL0008253,1,1678.79,31,2,3,1,7,9828,65,9000,1,1,2,1,1,700709,1000000
2024DL0008254,1,1678.79,12,2,3,1,4,3478,23,0,0,6,1,5,1,700707,1000000
2024DL0008255,1,1678.79,0,1,1,1,7,5432,36,0,0,6,1,5,2,700708,1000000
2024DL0008256,1,1678.79,57,1,4,1,11,41648,277,5000,1,1,1,2,1,700708,1000000
2024DL0008257,1,1678.79,55,2,2,1,8,42469,283,7000,4,5,1,2,2,700704,1000000
2024DL0008258,1,1678.79,31,2,1,1,6,22285,148,9800,1,1,1,1,2,700704,1000000
2024DL0008259,1,1678.79,26,1,6,1,6,3889,25,9000,4,1,1,5,1,700706,1000000
2024DL0008260,1,1678.79,46,2,1,1,12,61445,409,6000,1,1,1,1,1,700703,1000000
2024DL0008261,1,1678.79,57,2,3,1,11,18936,126,4000,1,1,1,3,1,700710,1000000
2024DL0008262,1,1678.79,29,2,4,1,6,5117,34,9800,1,1,1,1,1,700707,1000000
2024DL0008263,1,1678.79,19,1,2,1,13,16031,106,1000,1,3,1,5,1,700706,1000000
2024DL0008264,1,1678.79,58,1,1,1,8,75182,501,7000,3,1,1,5,1,700706,1000000
2024DL0008265,1,1678.79,81,2,1,1,10,11938,79,0,0,6,1,1,1,700708,1000000
2024DL0008266,1,1678.79,54,1,1,1,12,65018,433,7000,1,1,1,3,1,700705,1000000
2024DL0008267,1,1678.79,32,2,2,1,11,84073,501,9800,1,1,1,1,1,700709,1000000
2024DL0008268,1,1678.79,28,2,1,1,7,3012,20,6000,1,1,1,1,1,700709,1000000
2024DL0008269,1,1678.79,17,2,3,1,17,54218,361,0,0,6,1,5,1,700706,1000000
2024DL0008270,1,1678.79,70,1,1,1,6,20309,135,9000,4,1,1,1,1,700700,1000000
2024DL0008271,1,1678.79,31,2,5,1,6,16212,108,9800,1,5,1,1,1,700703,1000000
2024DL0008272,1,1678.79,31,1,2,1,9,244568,501,5000,3,1,1,5,1,700701,1000000
2024DL0008273,1,1678.79,22,2,1,1,17,190657,501,4000,2,1,1,5,1,700705,1000000
2024DL0008274,1,1678.79,9,1,2,1,4,2445,16,0,0,6,1,5,1,700710,1000000
2024DL0008275,1,1678.79,18,1,8,1,17,76896,501,1000,1,1,1,5,1,700710,1000000
2024DL0008276,1,1678.79,68,1,1,1,5,4159,27,9920,1,1,1,2,2,700701,1000000
2024DL0008277,1,1678.79,9,1,5,1,5,8649,57,0,0,6,1,5,1,700705,1000000
2024DL0008278,1,1678.79,26,1,1,1,11,13310,88,6000,6,1,1,1,1,700700,1000000
2024DL0008279,1,1678.79,25,2,9,1,13,41810,278,8000,1,1,1,1,1,700709,1000000
2024DL0008280,1,1678.79,30,1,4,1,10,22566,150,6000,1,1,1,1,1,700710,1000000
2024DL0008281,1,1678.79,27,2,5,1,9,35105,234,7000,4,1,1,5,2,700705,1000000
2024DL0008282,1,1678.79,27,1,1,1,11,68858,459,5000,1,2,1,1,1,700703,1000000
2024DL0008283,1,1678.79,43,1,2,1,16,96189,501,6000,6,1,1,1,1,700704,1000000
2024DL0008284,1,1678.79,10,1,2,1,4,3354,22,0,0,6,1,5,2,700708,1000000
2024DL0008285,1,1678.79,41,2,4,1,13,30324,202,1000,2,1,1,1,1,700710,1000000
2024DL0008286,1,1678.79,21,2,5,1,12,19485,129,9000,4,3,1,5,1,700701,1000000
2024DL0008287,1,1678.79,60,2,2,1,8,36624,244,9800,1,5,1,1,1,700709,1000000
2024DL0008288,1,1678.79,10,2,1,1,7,3858,25,0,0,6,1,5,1,700706,1000000
2024DL0008289,1,1678.79,40,1,4,1,17,145866,501,3000,1,1,1,1,1,700705,1000000
2024DL0008290,1,1678.79,32,2,1,1,13,19356,129,4000,2,5,1,5,1,700707,1000000
2024DL0008291,1,1678.79,40,2,6,1,6,26447,176,9920,4,1,1,5,2,700704,1000000
2024DL0008292,1,1678.79,32,1,1,1,9,67864,452,5000,3,5,1,1,1,700704,1000000
2024DL0008293,1,1678.79,66,2,1,1,7,16257,108,7000,1,1,1,1,1,700706,1000000
2024DL0008294,1,1678.79,21,2,4,1,14,10098,67,5000,1,1,1,5,1,700700,1000000
2024DL0008295,1,1678.79,55,1,5,1,11,39118,260,6000,3,1,1,1,1,700701,1000000
2024DL0008296,1,1678.79,27,1,3,1,9,26917,179,9000,1,1,1,5,1,700700,1000000
2024DL0008297,1,1678.79,41,2,6,1,11,19782,131,8000,4,1,1,1,1,700704,1000000
2024DL0008298,1,1678.79,48,2,1,1,6,15983,106,9800,1,1,2,5,1,700705,1000000
2024DL0008299,1,1678.79,19,2,2,1,20,35327,235,1000,3,1,1,5,1,700705,1000000
2024DL0008300,1,1678.79,1,1,1,1,5,6212,41,0,0,6,1,5,1,700710,1000000
2024DL0008301,1,1678.79,1,2,6,1,3,7599,50,0,0,6,1,5,1,700703,1000000
2024DL0008302,1,1678.79,28,2,1,1,13,25424,169,1000,2,3,1,5,1,700707,1000000
2024DL0008303,1,1678.79,20,1,1,1,16,84116,501,5000,6,1,1,5,1,700706,1000000
2024DL0008304,1,1678.79,89,2,1,1,5,8724,58,0,0,6,1,1,2,700701,1000000
2024DL0008305,1,1678.79,57,2,1,1,5,29413,196,5000,1,1,1,1,1,700704,1000000
2024DL0008306,1,1678.79,26,1,4,1,6,6549,43,9920,1,5,1,1,1,700703,1000000
2024DL0008307,1,1678.79,54,1,5,1,6,14004,93,8000,6,1,1,2,1,700706,1000000
2024DL0008308,1,1678.79,1,2,2,1,7,13406,89,0,0,6,1,5,1,700700,1000000
2024DL0008309,1,1678.79,15,2,9,1,12,12530,83,0,0,6,1,5,2,700706,1000000
2024DL0008310,1,1678.79,22,1,6,1,14,24361,162,7000,1,1,1,5,1,700704,1000000
2024DL0008311,1,1678.79,32,1,3,1,8,40997,273,5000,6,1,1,1,1,700710,1000000
2024DL0008312,1,1678.79,41,1,2,1,13,58150,387,6000,3,1,1,1,1,700709,1000000
2024DL0008313,1,1678.79,66,2,4,1,9,6264,41,7000,1,1,1,1,1,700705,1000000
2024DL0008314,1,1678.79,13,2,5,1,1,8732,58,0,0,6,1,5,2,700706,1000000
2024DL0008315,1,1678.79,37,2,1,1,14,38372,255,4000,1,2,1,1,1,700702,1000000
2024DL0008316,1,1678.79,44,1,2,1,14,49703,331,7000,6,1,1,1,1,700706,1000000
2024DL0008317,1,1678.79,27,2,4,1,6,3956,26,8000,1,1,1,5,1,700704,1000000
2024DL0008318,1,1678.79,100,2,5,1,5,10392,69,0,0,6,1,1,1,700705,1000000
2024DL0008319,1,1678.79,59,2,2,1,5,16917,112,8000,1,1,1,1,1,700706,1000000
2024DL0008320,1,1678.79,54,1,4,1,7,12876,85,7000,1,1,1,1,1,700704,1000000
2024DL0008321,1,1678.79,44,2,1,1,5,38352,255,6000,1,5,1,1,1,700702,1000000
2024DL0008322,1,1678.79,46,2,2,1,19,90129,501,4000,2,3,1,1,1,700700,1000000
2024DL0008323,1,1678.79,33,1,6,1,8,16678,111,9000,3,1,1,5,2,700702,1000000
2024DL0008324,1,1678.79,39,2,5,1,14,24856,165,6000,4,5,1,1,1,700708,1000000
2024DL0008325,1,1678.79,52,1,4,1,20,170043,501,3000,1,1,2,2,2,700707,1000000
2024DL0008326,1,1678.79,29,1,1,1,10,19634,130,5000,1,1,1,1,2,700710,1000000
2024DL0008327,1,1678.79,58,1,2,1,13,29947,199,7000,1,1,1,5,1,700709,1000000
2024DL0008328,1,1678.79,46,2,3,1,12,24526,163,5000,1,1,1,1,1,700703,1000000
2024DL0008329,1,1678.79,13,1,4,1,4,9757,65,0,0,6,1,5,2,700710,1000000
2024DL0008330,1,1678.79,55,2,1,1,5,16344,108,9920,1,1,1,1,1,700706,1000000
2024DL0008331,1,1678.79,10,1,1,1,8,5699,37,0,0,6,1,5,2,700704,1000000
2024DL0008332,1,1678.79,8,1,5,1,1,3214,21,0,0,6,1,5,1,700709,1000000
2024DL0008333,1,1678.79,50,1,2,1,6,6600,44,7000,1,1,1,1,1,700702,1000000
2024DL0008334,1,1678.79,3,1,1,1,7,19448,129,0,0,6,1,5,1,700709,1000000
2024DL0008335,1,1678.79,33,2,4,1,9,12597,83,8000,1,1,1,1,1,700704,1000000
2024DL0008336,1,1678.79,30,2,4,1,11,33742,224,4000,1,4,1,1,1,700701,1000000
2024DL0008337,1,1678.79,66,1,3,1,8,7183,47,9920,1,1,1,1,1,700705,1000000
2024DL0008338,1,1678.79,54,2,4,1,8,22673,151,7000,3,2,1,1,1,700709,1000000
2024DL0008339,1,1678.79,11,1,9,1,1,14710,98,0,0,6,1,5,1,700704,1000000
2024DL0008340,1,1678.79,56,1,2,1,13,50028,333,8000,4,1,1,1,1,700703,1000000
2024DL0008341,1,1678.79,8,2,1,1,7,7008,46,0,0,6,1,5,1,700700,1000000
2024DL0008342,1,1678.79,4,1,9,1,4,4327,28,0,0,6,1,5,1,700700,1000000
2024DL0008343,1,1678.79,54,1,1,1,14,33237,221,7000,1,1,1,1,2,700710,1000000
2024DL0008344,1,1678.79,27,1,3,1,6,5378,35,7000,1,1,1,1,1,700700,1000000
2024DL0008345,1,1678.79,14,2,1,1,9,40367,269,0,0,6,1,5,2,700700,1000000
2024DL0008346,1,1678.79,17,2,1,1,13,10379,69,0,0,6,1,5,1,700702,1000000
2024DL0008347,1,1678.79,19,1,4,1,10,9391,62,8000,1,1,1,5,1,700701,1000000
2024DL0008348,1,1678.79,30,1,6,1,8,17088,113,9000,1,1,1,1,1,700700,1000000
2024DL0008349,1,1678.79,20,2,2,1,15,39094,260,3000,1,1,1,5,1,700704,1000000
2024DL0008350,1,1678.79,32,2,1,1,8,3704,24,9800,4,1,1,1,1,700708,1000000
2024DL0008351,1,1678.79,36,1,2,1,13,38749,258,5000,1,1,1,1,1,700702,1000000
2024DL0008352,1,1678.79,44,2,5,1,6,12850,85,5000,3,1,1,1,1,700710,1000000
2024DL0008353,1,1678.79,5,1,2,1,6,11188,74,0,0,6,1,5,1,700705,1000000
2024DL0008354,1,1678.79,22,2,3,1,19,90032,501,1000,3,1,1,5,1,700700,1000000
2024DL0008355,1,1678.79,19,1,6,1,10,20183,134,5000,3,1,1,5,1,700702,1000000
2024DL0008356,1,1678.79,9,2,1,1,3,16362,109,0,0,6,1,5,2,700704,1000000
2024DL0008357,1,1678.79,23,2,1,1,13,37108,247,4000,1,1,1,1,1,700709,1000000
2024DL0008358,1,1678.79,24,1,5,1,12,31394,209,8000,1,1,1,5,1,700709,1000000
2024DL0008359,1,1678.79,57,1,2,1,13,32899,219,6000,3,1,1,2,1,700708,1000000
2024DL0008360,1,1678.79,17,1,1,1,13,8376,55,0,0,6,1,5,1,700709,1000000
2024DL0008361,1,1678.79,15,1,1,1,14,7401,49,0,0,6,1,5,1,700700,1000000
2024DL0008362,1,1678.79,37,1,4,1,5,57297,381,5000,1,1,1,1,1,700701,1000000
2024DL0008363,1,1678.79,24,2,5,1,14,70432,469,1000,1,1,2,5,1,700703,1000000
2024DL0008364,1,1678.79,19,2,3,1,16,24578,163,5000,1,1,1,5,1,700703,1000000
2024DL0008365,1,1678.79,29,2,6,1,6,5821,38,8000,1,1,1,5,1,700707,1000000
2024DL0008366,1,1678.79,37,1,4,1,14,88658,501,8000,4,1,2,1,1,700703,1000000
2024DL0008367,1,1678.79,37,1,1,1,8,8114,54,9920,1,1,1,1,1,700710,1000000
2024DL0008368,1,1678.79,45,1,3,1,14,44038,293,7000,4,1,2,1,1,700702,1000000
2024DL0008369,1,1678.79,99,1,9,1,5,10683,71,0,0,6,1,2,1,700707,1000000
2024DL0008370,1,1678.79,24,2,2,1,13,7425,49,9000,4,5,1,5,2,700710,1000000
2024DL0008371,1,1678.79,14,2,6,1,3,7268,48,0,0,6,1,5,1,700708,1000000
2024DL0008372,1,1678.79,6,1,5,1,2,9379,62,0,0,6,1,5,1,700707,1000000
2024DL0008373,1,1678.79,41,2,4,1,11,20944,139,7000,3,1,1,2,1,700702,1000000
2024DL0008374,1,1678.79,29,2,2,1,13,16543,110,6000,1,1,1,5,1,700709,1000000
2024DL0008375,1,1678.79,50,1,2,1,8,6978,46,6000,1,1,1,5,1,700704,1000000
2024DL0008376,1,1678.79,35,2,1,1,5,26408,176,7000,1,1,2,1,1,700710,1000000
2024DL0008377,1,1678.79,21,1,4,1,14,16684,111,1000,1,1,1,5,1,700706,1000000
2024DL0008378,1,1678.79,76,1,5,1,7,12016,80,0,0,6,2,2,1,700702,1000000
2024DL0008379,1,1678.79,14,2,3,1,5,6954,46,0,0,6,1,5,1,700701,1000000
2024DL0008380,1,1678.79,41,1,5,1,10,30979,206,6000,1,1,1,1,1,700704,1000000
2024DL0008381,1,1678.79,14,1,1,1,4,9316,62,0,0,6,1,5,1,700709,1000000
2024DL0008382,1,1678.79,38,2,2,1,9,16604,110,7000,4,2,1,1,1,700701,1000000
2024DL0008383,1,1678.79,42,1,8,1,10,69911,466,1000,2,1,1,1,1,700707,1000000
2024DL0008384,1,1678.79,15,1,6,1,10,35133,234,0,0,6,1,5,1,700705,1000000
2024DL0008385,1,1678.79,9,1,2,1,2,9054,60,0,0,6,1,5,1,700702,1000000
2024DL0008386,1,1678.79,24,2,1,1,14,18584,123,9800,3,1,1,5,2,700700,1000000
2024DL0008387,1,1678.79,30,2,1,1,7,24609,164,9920,6,1,1,5,1,700710,1000000
2024DL0008388,1,1678.79,15,1,5,1,12,13246,88,0,0,6,2,5,1,700707,1000000
2024DL0008389,1,1678.79,9,1,1,1,9,7516,50,0,0,6,1,5,2,700704,1000000
2024DL0008390,1,1678.79,29,1,3,1,13,70647,470,7000,1,1,1,1,2,700708,1000000
2024DL0008391,1,1678.79,25,2,1,1,5,30347,202,5000,4,1,2,1,1,700710,1000000
2024DL0008392,1,1678.79,4,2,5,1,6,8318,55,0,0,6,1,5,1,700701,1000000
2024DL0008393,1,1678.79,18,1,1,1,11,16155,107,9800,3,1,1,5,1,700708,1000000
2024DL0008394,1,1678.79,5,1,1,1,3,11720,78,0,0,6,1,5,1,700707,1000000
2024DL0008395,1,1678.79,10,1,3,1,2,10831,72,0,0,6,1,5,1,700706,1000000
2024DL0008396,1,1678.79,9,1,1,1,4,17779,118,0,0,6,1,5,1,700706,1000000
2024DL0008397,1,1678.79,49,1,3,1,12,64207,428,6000,6,1,1,5,1,700701,1000000
2024DL0008398,1,1678.79,57,2,1,1,7,11912,79,7000,6,1,1,1,1,700701,1000000
2024DL0008399,1,1678.79,53,1,1,1,9,94268,501,2000,1,1,1,1,1,700704,1000000
2024DL0008400,1,1678.79,36,2,4,1,10,86847,501,6000,1,1,1,1,1,700705,1000000
2024DL0008401,1,1678.79,55,1,8,1,6,28446,189,5000,3,1,1,1,1,700702,1000000
2024DL0008402,1,1678.79,25,1,5,1,16,73150,487,1000,3,1,1,5,1,700705,1000000
2024DL0008403,1,1678.79,45,1,6,1,12,36808,245,8000,4,1,1,1,1,700701,1000000
2024DL0008404,1,1678.79,39,2,1,1,10,47775,318,2000,1,1,5,1,2,700710,1000000
2024DL0008405,1,1678.79,12,1,1,1,6,1717,11,0,0,6,1,5,1,700705,1000000
2024DL0008406,1,1678.79,43,2,1,1,14,41951,279,6000,1,1,1,5,1,700700,1000000
2024DL0008407,1,1678.79,41,1,5,1,5,41386,275,6000,3,5,1,1,1,700709,1000000
2024DL0008408,1,1678.79,83,2,1,1,9,12428,82,0,0,6,1,1,1,700710,1000000
2024DL0008409,1,1678.79,18,2,1,1,20,31267,208,2000,1,3,1,5,1,700707,1000000
2024DL0008410,1,1678.79,9,1,4,1,3,3273,21,0,0,6,1,5,1,700710,1000000
2024DL0008411,1,1678.79,93,2,6,1,9,26516,176,0,0,6,1,1,1,700702,1000000
2024DL0008412,1,1678.79,40,1,7,1,17,66621,444,1000,2,1,1,5,1,700703,1000000
2024DL0008413,1,1678.79,2,2,4,1,1,5398,35,0,0,6,1,5,1,700708,1000000
2024DL0008414,1,1678.79,25,1,5,1,20,98033,501,1000,3,1,1,5,1,700708,1000000
2024DL0008415,1,1678.79,36,1,1,1,9,19163,127,6000,1,1,1,1,1,700707,1000000
2024DL0008416,1,1678.79,5,1,3,1,3,1127,7,0,0,6,1,5,1,700706,1000000
2024DL0008417,1,1678.79,1,1,1,1,6,12981,86,0,0,6,1,5,1,700701,1000000
2024DL0008418,1,1678.79,10,1,4,1,5,6324,42,0,0,6,5,5,2,700709,1000000
2024DL0008419,1,1678.79,58,1,2,1,5,35696,237,5000,6,1,1,5,1,700707,1000000
2024DL0008420,1,1678.79,41,2,9,1,12,55118,367,6000,1,1,1,1,2,700704,1000000
2024DL0008421,1,1678.79,34,2,1,1,9,29794,198,2000,3,1,1,1,1,700703,1000000
2024DL0008422,1,1678.79,16,2,9,1,16,54570,363,0,0,6,1,5,1,700709,1000000
2024DL0008423,1,1678.79,45,1,1,1,12,17770,118,2000,3,1,1,1,1,700708,1000000
2024DL0008424,1,1678.79,8,2,1,1,1,3942,26,0,0,6,1,5,1,700706,1000000
2024DL0008425,1,1678.79,12,1,1,1,5,11768,78,0,0,6,1,5,1,700706,1000000
2024DL0008426,1,1678.79,10,1,1,1,2,8784,58,0,0,6,1,5,1,700704,1000000
2024DL0008427,1,1678.79,22,1,1,1,19,68354,455,1000,1,1,1,1,2,700709,1000000
2024DL0008428,1,1678.79,16,2,4,1,19,78034,501,0,0,6,1,5,1,700707,1000000
2024DL0008429,1,1678.79,4,2,1,1,9,21807,145,0,0,6,1,5,1,700706,1000000
2024DL0008430,1,1678.79,37,2,1,1,13,21114,140,5000,6,1,1,3,2,700704,1000000
2024DL0008431,1,1678.79,3,1,1,1,1,9566,63,0,0,6,5,5,1,700709,1000000
2024DL0008432,1,1678.79,23,2,2,1,14,43014,286,3000,3,1,1,5,1,700704,1000000
2024DL0008433,1,1678.79,98,2,1,1,6,14447,96,0,0,6,1,1,1,700710,1000000
2024DL0008434,1,1678.79,8,1,4,1,5,4280,28,0,0,6,1,5,1,700708,1000000
2024DL0008435,1,1678.79,18,1,5,1,16,39358,262,5000,4,3,1,5,1,700710,1000000
2024DL0008436,1,1678.79,0,2,3,1,5,19582,130,0,0,6,1,5,1,700703,1000000
2024DL0008437,1,1678.79,6,1,6,1,1,7167,47,0,0,6,1,5,1,700702,1000000
2024DL0008438,1,1678.79,17,1,2,1,18,30013,200,0,0,6,1,5,1,700704,1000000
2024DL0008439,1,1678.79,21,1,3,1,19,45922,306,4000,2,1,1,1,1,700709,1000000
2024DL0008440,1,1678.79,59,2,4,1,6,10231,68,6000,1,4,1,1,1,700706,1000000
2024DL0008441,1,1678.79,20,1,1,1,20,39647,264,3000,2,1,1,1,1,700700,1000000
2024DL0008442,1,1678.79,24,2,3,1,17,30705,204,3000,1,1,1,5,1,700710,1000000
2024DL0008443,1,1678.79,44,2,6,1,11,62526,416,8000,1,4,1,1,1,700709,1000000
2024DL0008444,1,1678.79,38,2,6,1,16,116890,501,5000,3,2,1,1,1,700702,1000000
2024DL0008445,1,1678.79,24,1,9,1,19,97975,501,1000,2,1,1,5,1,700703,1000000
2024DL0008446,1,1678.79,36,2,4,1,15,124074,501,4000,1,3,1,1,1,700710,1000000
2024DL0008447,1,1678.79,18,2,4,1,17,68668,457,5000,4,1,1,5,1,700701,1000000
2024DL0008448,1,1678.79,8,2,9,1,5,2726,18,0,0,6,1,5,2,700709,1000000
2024DL0008449,1,1678.79,51,1,2,1,6,30479,203,6000,3,5,1,2,1,700707,1000000
2024DL0008450,1,1678.79,29,2,6,1,9,15133,100,6000,1,1,1,1,1,700702,1000000
2024DL0008451,1,1678.79,19,1,1,1,13,22304,148,5000,4,1,1,5,1,700709,1000000
2024DL0008452,1,1678.79,37,1,1,1,11,31851,212,2000,3,1,1,1,1,700703,1000000
2024DL0008453,1,1678.79,13,1,5,1,1,1720,11,0,0,6,1,5,1,700706,1000000
2024DL0008454,1,1678.79,9,2,2,1,4,4219,28,0,0,6,1,5,2,700702,1000000
2024DL0008455,1,1678.79,19,2,1,1,14,8911,59,7000,1,1,1,5,2,700707,1000000
2024DL0008456,1,1678.79,40,2,5,1,16,61354,409,5000,4,1,1,2,1,700702,1000000
2024DL0008457,1,1678.79,24,2,4,1,19,36397,242,3000,1,1,1,1,1,700707,1000000
2024DL0008458,1,1678.79,38,1,9,1,17,39074,260,3000,1,1,1,5,1,700702,1000000
2024DL0008459,1,1678.79,30,1,2,1,10,18539,123,9000,1,1,1,1,1,700708,1000000
2024DL0008460,1,1678.79,53,2,4,1,5,12014,80,5000,1,1,1,2,2,700703,1000000
2024DL0008461,1,1678.79,32,1,3,1,16,108171,501,3000,2,1,1,1,2,700704,1000000
2024DL0008462,1,1678.79,22,2,2,1,15,48861,325,4000,1,1,1,5,1,700706,1000000
2024DL0008463,1,1678.79,100,2,6,1,8,2141,14,0,0,6,1,2,1,700706,1000000
2024DL0008464,1,1678.79,69,2,4,1,11,23270,155,6000,6,3,1,2,1,700702,1000000
2024DL0008465,1,1678.79,26,1,6,1,5,6020,40,6000,4,1,1,1,1,700702,1000000
2024DL0008466,1,1678.79,3,2,6,1,7,11321,75,0,0,6,1,5,1,700702,1000000
2024DL0008467,1,1678.79,37,1,2,1,7,36911,246,9000,4,1,1,1,1,700702,1000000
2024DL0008468,1,1678.79,0,2,4,1,5,6656,44,0,0,6,1,5,1,700702,1000000
2024DL0008469,1,1678.79,77,2,2,1,9,35611,237,0,0,6,1,1,1,700705,1000000
2024DL0008470,1,1678.79,27,1,1,1,14,39879,265,6000,1,1,5,1,1,700708,1000000
2024DL0008471,1,1678.79,56,1,6,1,9,28719,191,6000,3,1,2,1,1,700706,1000000
2024DL0008472,1,1678.79,56,1,4,1,7,2986,19,6000,4,1,1,2,1,700709,1000000
2024DL0008473,1,1678.79,3,1,6,1,6,5091,33,0,0,6,1,5,2,700705,1000000
2024DL0008474,1,1678.79,9,2,5,1,4,2309,15,0,0,6,1,5,1,700706,1000000
2024DL0008475,1,1678.79,27,1,1,1,17,43652,291,4000,2,2,1,5,1,700700,1000000
2024DL0008476,1,1678.79,56,1,1,1,12,76365,501,9000,3,5,1,1,2,700710,1000000
2024DL0008477,1,1678.79,26,1,1,1,14,34876,232,9000,1,1,1,1,1,700710,1000000
2024DL0008478,1,1678.79,9,1,1,1,1,30182,201,0,0,6,1,5,1,700706,1000000
2024DL0008479,1,1678.79,2,1,1,1,9,6476,43,0,0,6,1,5,2,700702,1000000
2024DL0008480,1,1678.79,28,2,1,1,6,13475,89,7000,3,1,1,1,1,700708,1000000
2024DL0008481,1,1678.79,43,1,4,1,8,9311,62,7000,1,1,1,1,1,700702,1000000
2024DL0008482,1,1678.79,24,2,4,1,13,44885,299,8000,3,1,1,1,1,700704,1000000
2024DL0008483,1,1678.79,14,2,2,1,5,6510,43,0,0,6,1,5,1,700707,1000000
2024DL0008484,1,1678.79,98,1,1,1,5,17695,117,0,0,6,2,1,1,700706,1000000
2024DL0008485,1,1678.79,31,2,1,1,14,28182,187,6000,1,1,1,5,1,700701,1000000
2024DL0008486,1,1678.79,21,1,1,1,11,14343,95,2000,1,1,1,5,1,700700,1000000
2024DL0008487,1,1678.79,41,2,3,1,9,33743,224,9000,1,1,1,1,2,700707,1000000
2024DL0008488,1,1678.79,6,2,1,1,4,3881,25,0,0,6,1,5,1,700701,1000000
2024DL0008489,1,1678.79,73,1,5,1,7,4702,31,0,0,6,1,2,1,700705,1000000
2024DL0008490,1,1678.79,33,2,3,1,6,28839,192,7000,1,1,1,1,1,700705,1000000
2024DL0008491,1,1678.79,41,2,3,1,9,25477,169,3000,1,1,1,1,1,700710,1000000
2024DL0008492,1,1678.79,26,2,6,1,11,18781,125,9800,1,1,1,1,1,700709,1000000
2024DL0008493,1,1678.79,15,1,1,1,16,64867,432,0,0,6,1,5,1,700705,1000000
2024DL0008494,1,1678.79,23,1,6,1,14,16772,111,7000,3,1,1,1,2,700702,1000000
2024DL0008495,1,1678.79,40,2,6,1,6,24113,160,9920,6,1,1,1,1,700700,1000000
2024DL0008496,1,1678.79,36,2,8,1,8,67948,452,9920,1,5,1,1,2,700701,1000000
2024DL0008497,1,1678.79,11,1,1,1,5,4145,27,0,0,6,1,5,1,700710,1000000
2024DL0008498,1,1678.79,13,2,1,1,8,17441,116,0,0,6,1,5,1,700706,1000000
2024DL0008499,1,1678.79,44,2,3,1,13,84930,501,6000,1,1,1,1,1,700701,1000000
2024DL0008500,1,1678.79,40,2,4,1,9,14391,95,2000,1,1,1,1,1,700703,1000000
2024DL0008501,1,1678.79,45,2,1,1,6,33882,225,9800,4,1,1,1,1,700701,1000000
2024DL0008502,1,1678.79,14,1,8,1,4,3807,25,0,0,6,1,5,1,700708,1000000
2024DL0008503,1,1678.79,20,1,4,1,16,40499,269,4000,2,5,1,5,1,700706,1000000
2024DL0008504,1,1678.79,14,1,1,1,6,2019,13,0,0,6,1,5,1,700706,1000000
2024DL0008505,1,1678.79,30,2,4,1,11,28841,192,7000,1,2,1,1,1,700707,1000000
2024DL0008506,1,1678.79,15,1,1,1,12,17062,113,0,0,6,1,5,1,700707,1000000
2024DL0008507,1,1678.79,16,2,1,1,14,10867,72,0,0,6,1,5,1,700702,1000000
2024DL0008508,1,1678.79,0,2,1,1,2,12760,85,0,0,6,1,5,1,700700,1000000
2024DL0008509,1,1678.79,53,1,8,1,5,52282,348,9000,6,1,1,1,1,700703,1000000
2024DL0008510,1,1678.79,23,1,6,1,14,49219,328,9000,4,1,1,5,1,700706,1000000
2024DL0008511,1,1678.79,21,2,5,1,17,19083,127,4000,1,1,1,5,1,700704,1000000
2024DL0008512,1,1678.79,50,1,1,1,11,85755,501,9800,1,2,1,2,1,700702,1000000
2024DL0008513,1,1678.79,2,2,6,1,2,22639,150,0,0,6,1,5,1,700705,1000000
2024DL0008514,1,1678.79,28,1,2,1,12,6718,44,5000,1,5,1,1,2,700708,1000000
2024DL0008515,1,1678.79,1,2,6,1,4,6384,42,0,0,6,1,5,1,700708,1000000
2024DL0008516,1,1678.79,39,2,4,1,16,147178,501,4000,1,1,1,1,1,700710,1000000
2024DL0008517,1,1678.79,31,2,2,1,12,34178,227,9800,1,1,1,1,1,700700,1000000
2024DL0008518,1,1678.79,19,2,4,1,18,23506,156,2000,2,1,1,5,2,700707,1000000
2024DL0008519,1,1678.79,5,2,1,1,5,9296,61,0,0,6,1,5,1,700709,1000000
2024DL0008520,1,1678.79,38,1,1,1,9,20740,138,5000,1,1,1,1,1,700704,1000000
2024DL0008521,1,1678.79,46,2,2,1,11,48209,321,5000,1,1,1,1,1,700703,1000000
2024DL0008522,1,1678.79,1,2,6,1,2,12828,85,0,0,6,1,5,2,700707,1000000
2024DL0008523,1,1678.79,37,2,1,1,14,64442,429,1000,1,1,1,1,1,700708,1000000
2024DL0008524,1,1678.79,4,1,5,1,6,7275,48,0,0,6,1,5,2,700709,1000000
2024DL0008525,1,1678.79,53,2,1,1,10,58773,391,7000,1,1,1,2,1,700709,1000000
2024DL0008526,1,1678.79,37,1,1,1,10,37682,251,6000,6,1,1,1,1,700709,1000000
2024DL0008527,1,1678.79,1,2,1,1,4,6793,45,0,0,6,1,5,1,700708,1000000
2024DL0008528,1,1678.79,49,2,5,1,9,38735,258,3000,2,2,1,1,1,700700,1000000
2024DL0008529,1,1678.79,57,1,5,1,5,18136,120,9800,1,1,2,2,1,700706,1000000
2024DL0008530,1,1678.79,4,1,2,1,7,87314,501,0,0,6,1,5,1,700707,1000000
2024DL0008531,1,1678.79,34,2,2,1,9,48333,322,9000,1,1,1,1,1,700705,1000000
2024DL0008532,1,1678.79,2,1,6,1,5,24594,163,0,0,6,1,5,1,700700,1000000
2024DL0008533,1,1678.79,0,2,1,1,8,13032,86,0,0,6,2,5,2,700703,1000000
2024DL0008534,1,1678.79,4,1,3,1,2,4064,27,0,0,6,1,5,1,700707,1000000
2024DL0008535,1,1678.79,0,1,1,1,2,11439,76,0,0,6,1,5,1,700704,1000000
2024DL0008536,1,1678.79,23,2,1,1,17,102119,501,1000,2,3,2,5,1,700705,1000000
2024DL0008537,1,1678.79,7,1,3,1,6,39071,260,0,0,6,1,5,1,700704,1000000
2024DL0008538,1,1678.79,0,2,1,1,5,15761,105,0,0,6,1,5,1,700702,1000000
2024DL0008539,1,1678.79,6,2,1,1,5,10660,71,0,0,6,1,5,1,700704,1000000
2024DL0008540,1,1678.79,66,2,1,1,12,32682,217,7000,6,1,1,1,1,700702,1000000
2024DL0008541,1,1678.79,21,1,3,1,17,28266,188,6000,4,1,1,5,1,700708,1000000
2024DL0008542,1,1678.79,5,1,1,1,1,2243,14,0,0,6,1,5,1,700708,1000000
2024DL0008543,1,1678.79,4,1,1,1,5,2498,16,0,0,6,1,5,1,700701,1000000
2024DL0008544,1,1678.79,7,1,2,1,6,20535,136,0,0,6,1,5,1,700706,1000000
2024DL0008545,1,1678.79,45,1,3,1,11,52573,350,9000,1,1,1,1,1,700707,1000000
2024DL0008546,1,1678.79,38,1,1,1,13,60693,404,5000,4,1,1,1,1,700701,1000000
2024DL0008547,1,1678.79,73,1,3,1,10,15203,101,0,0,6,1,4,1,700700,1000000
2024DL0008548,1,1678.79,69,2,1,1,7,19887,132,5000,4,1,1,1,1,700705,1000000
2024DL0008549,1,1678.79,43,2,1,1,11,161365,501,6000,1,1,1,2,1,700700,1000000
2024DL0008550,1,1678.79,21,1,1,1,14,9795,65,5000,1,1,1,5,1,700707,1000000
2024DL0008551,1,1678.79,42,1,3,1,13,26767,178,1000,1,1,1,1,2,700707,1000000
2024DL0008552,1,1678.79,51,2,2,1,8,17958,119,9800,1,1,2,1,1,700709,1000000
2024DL0008553,1,1678.79,5,1,5,1,4,4164,27,0,0,6,2,5,2,700710,1000000
2024DL0008554,1,1678.79,12,1,3,1,1,16172,107,0,0,6,1,5,1,700704,1000000
2024DL0008555,1,1678.79,18,2,4,1,16,59444,396,4000,1,1,1,5,1,700705,1000000
2024DL0008556,1,1678.79,19,2,1,1,13,18814,125,9800,1,2,1,5,1,700710,1000000
2024DL0008557,1,1678.79,38,2,1,1,14,67729,451,7000,1,1,1,1,1,700703,1000000
2024DL0008558,1,1678.79,50,1,2,1,12,255630,501,9800,1,1,2,1,2,700700,1000000
2024DL0008559,1,1678.79,16,2,6,1,14,83871,501,0,0,6,1,5,1,700703,1000000
2024DL0008560,1,1678.79,56,1,1,1,7,14317,95,9000,6,1,1,5,1,700700,1000000
2024DL0008561,1,1678.79,55,2,1,1,15,66165,441,4000,1,1,1,1,1,700702,1000000
2024DL0008562,1,1678.79,21,1,4,1,14,25756,171,7000,1,1,1,1,1,700707,1000000
2024DL0008563,1,1678.79,35,2,4,1,15,47658,317,1000,1,3,1,1,1,700701,1000000
2024DL0008564,1,1678.79,40,1,5,1,15,236606,501,1000,3,1,1,1,1,700707,1000000
2024DL0008565,1,1678.79,27,2,1,1,5,5551,37,5000,1,1,1,1,2,700710,1000000
2024DL0008566,1,1678.79,42,2,1,1,8,11093,73,5000,1,1,1,1,1,700701,1000000
2024DL0008567,1,1678.79,4,2,2,1,8,7371,49,0,0,6,1,5,1,700708,1000000
2024DL0008568,1,1678.79,30,2,2,1,8,8183,54,9920,1,1,1,5,1,700701,1000000
2024DL0008569,1,1678.79,48,2,5,1,6,47501,316,7000,1,1,2,1,1,700702,1000000
2024DL0008570,1,1678.79,16,2,6,1,11,21447,142,0,0,6,1,5,1,700704,1000000
2024DL0008571,1,1678.79,52,2,6,1,9,18275,121,1000,2,1,1,1,1,700702,1000000
2024DL0008572,1,1678.79,5,1,6,1,2,8666,57,0,0,6,1,5,1,700701,1000000
2024DL0008573,1,1678.79,24,2,5,1,19,237711,501,3000,1,5,1,5,1,700707,1000000
2024DL0008574,1,1678.79,53,1,2,1,11,89257,501,9000,1,1,1,5,1,700704,1000000
2024DL0008575,1,1678.79,25,2,2,1,11,28438,189,1000,3,1,1,1,1,700703,1000000
2024DL0008576,1,1678.79,26,1,1,1,13,34904,232,9000,1,1,1,1,1,700706,1000000
2024DL0008577,1,1678.79,52,1,1,1,8,19634,130,9920,1,4,1,1,1,700710,1000000
2024DL0008578,1,1678.79,12,1,3,1,9,23006,153,0,0,6,1,5,1,700708,1000000
2024DL0008579,1,1678.79,3,1,1,1,7,19395,129,0,0,6,1,5,1,700702,1000000
2024DL0008580,1,1678.79,25,1,1,1,9,31294,208,9000,6,3,1,1,1,700710,1000000
2024DL0008581,1,1678.79,19,1,4,1,13,56112,374,6000,1,1,1,5,1,700708,1000000
2024DL0008582,1,1678.79,16,2,1,1,11,24363,162,0,0,6,1,5,1,700700,1000000
2024DL0008583,1,1678.79,92,2,6,1,12,60569,403,0,0,6,1,1,1,700705,1000000
2024DL0008584,1,1678.79,32,1,2,1,7,30013,200,7000,6,1,1,1,2,700705,1000000
2024DL0008585,1,1678.79,21,1,1,1,14,26937,179,5000,3,1,1,5,1,700708,1000000
2024DL0008586,1,1678.79,97,2,2,1,8,13987,93,0,0,6,1,1,1,700701,1000000
2024DL0008587,1,1678.79,1,2,6,1,3,23760,158,0,0,6,1,5,1,700702,1000000
2024DL0008588,1,1678.79,20,2,1,1,12,7140,47,5000,3,1,1,1,1,700701,1000000
2024DL0008589,1,1678.79,29,2,2,1,13,16466,109,9800,4,1,1,5,1,700710,1000000
2024DL0008590,1,1678.79,52,2,1,1,9,81340,501,4000,3,1,1,2,1,700703,1000000
2024DL0008591,1,1678.79,43,2,1,1,16,193308,501,2000,1,1,1,1,1,700705,1000000
2024DL0008592,1,1678.79,53,2,3,1,5,14107,94,6000,4,2,1,1,1,700708,1000000
2024DL0008593,1,1678.79,21,1,5,1,14,6908,46,9800,1,1,1,1,1,700709,1000000
2024DL0008594,1,1678.79,21,1,1,1,14,20976,139,9800,1,1,1,5,2,700707,1000000
2024DL0008595,1,1678.79,2,1,6,1,1,2652,17,0,0,6,1,5,1,700704,1000000
2024DL0008596,1,1678.79,46,2,1,1,10,33703,224,4000,2,5,2,1,1,700708,1000000
2024DL0008597,1,1678.79,28,1,8,1,11,32126,214,9800,6,1,1,1,1,700710,1000000
2024DL0008598,1,1678.79,26,1,3,1,14,39606,264,5000,4,1,1,1,1,700703,1000000
2024DL0008599,1,1678.79,59,1,2,1,5,14027,93,7000,4,1,1,5,1,700708,1000000
2024DL0008600,1,1678.79,16,1,4,1,12,15630,104,0,0,6,2,5,1,700710,1000000
2024DL0008601,1,1678.79,4,2,3,1,3,7858,52,0,0,6,1,5,1,700708,1000000
2024DL0008602,1,1678.79,57,1,1,1,7,58784,391,6000,1,1,1,1,1,700709,1000000
2024DL0008603,1,1678.79,15,2,5,1,15,21424,142,0,0,6,1,5,1,700704,1000000
2024DL0008604,1,1678.79,13,1,2,1,9,5271,35,0,0,6,1,5,1,700701,1000000
2024DL0008605,1,1678.79,81,1,4,1,7,8844,58,0,0,6,1,1,2,700709,1000000
2024DL0008606,1,1678.79,18,2,3,1,12,19978,133,6000,1,1,1,5,2,700705,1000000
2024DL0008607,1,1678.79,12,1,5,1,9,14564,97,0,0,6,1,5,2,700707,1000000
2024DL0008608,1,1678.79,59,1,3,1,10,37776,251,5000,4,1,1,1,1,700702,1000000
2024DL0008609,1,1678.79,3,1,1,1,7,4634,30,0,0,6,1,5,2,700709,1000000
2024DL0008610,1,1678.79,8,2,6,1,5,3401,22,0,0,6,1,5,1,700703,1000000
2024DL0008611,1,1678.79,26,1,1,1,8,32647,217,6000,1,5,1,1,1,700709,1000000
2024DL0008612,1,1678.79,44,2,6,1,15,128889,501,4000,1,1,1,5,1,700707,1000000
2024DL0008613,1,1678.79,32,1,4,1,9,26391,175,6000,1,1,1,1,1,700706,1000000
2024DL0008614,1,1678.79,24,1,1,1,15,84892,501,3000,1,5,1,5,2,700704,1000000
2024DL0008615,1,1678.79,3,2,2,1,4,1942,12,0,0,6,1,5,1,700708,1000000
2024DL0008616,1,1678.79,17,2,1,1,11,14825,98,0,0,6,1,5,1,700708,1000000
2024DL0008617,1,1678.79,28,2,5,1,12,23298,155,9000,1,1,1,1,1,700700,1000000
2024DL0008618,1,1678.79,22,1,1,1,16,125583,501,4000,3,1,1,5,1,700709,1000000
2024DL0008619,1,1678.79,44,1,6,1,9,61464,409,7000,1,1,1,1,1,700701,1000000
2024DL0008620,1,1678.79,52,1,1,1,10,20006,133,8000,4,1,1,1,1,700705,1000000
2024DL0008621,1,1678.79,79,1,1,1,5,12949,86,0,0,6,1,1,1,700710,1000000
2024DL0008622,1,1678.79,48,2,5,1,7,5097,33,9920,4,5,1,1,1,700710,1000000
2024DL0008623,1,1678.79,38,2,1,1,17,106864,501,5000,6,1,1,1,1,700704,1000000
2024DL0008624,1,1678.79,6,1,1,1,4,6683,44,0,0,6,1,5,1,700700,1000000
2024DL0008625,1,1678.79,27,2,3,1,14,50942,339,9800,3,1,1,1,1,700702,1000000
2024DL0008626,1,1678.79,28,1,1,1,10,25800,172,9000,1,1,1,5,1,700710,1000000
2024DL0008627,1,1678.79,17,1,1,1,13,12365,82,0,0,6,1,5,1,700706,1000000
2024DL0008628,1,1678.79,1,1,1,1,8,19447,129,0,0,6,1,5,1,700708,1000000
2024DL0008629,1,1678.79,17,2,3,1,19,61917,412,0,0,6,1,5,1,700704,1000000
2024DL0008630,1,1678.79,23,2,2,1,14,36394,242,7000,1,1,1,5,1,700700,1000000
2024DL0008631,1,1678.79,15,1,4,1,14,17647,117,0,0,6,1,5,1,700700,1000000
2024DL0008632,1,1678.79,7,2,8,1,5,36265,241,0,0,6,1,5,1,700705,1000000
2024DL0008633,1,1678.79,2,1,4,1,3,4086,27,0,0,6,1,5,1,700709,1000000
2024DL0008634,1,1678.79,54,1,2,1,7,29424,196,5000,1,5,2,1,1,700705,1000000
2024DL0008635,1,1678.79,29,1,3,1,18,60427,402,5000,3,1,1,1,1,700700,1000000
2024DL0008636,1,1678.79,36,1,6,1,5,11566,77,7000,3,1,1,1,1,700702,1000000
2024DL0008637,1,1678.79,66,2,4,1,11,33698,224,6000,1,1,1,1,1,700701,1000000
2024DL0008638,1,1678.79,4,2,1,1,5,20708,138,0,0,6,1,5,1,700700,1000000
2024DL0008639,1,1678.79,10,2,1,1,5,21069,140,0,0,6,1,5,1,700705,1000000
2024DL0008640,1,1678.79,59,1,1,1,10,74083,493,5000,1,1,1,1,1,700705,1000000
2024DL0008641,1,1678.79,52,2,1,1,14,18340,122,8000,3,1,1,1,1,700705,1000000
2024DL0008642,1,1678.79,45,1,2,1,10,39668,264,5000,4,2,1,1,1,700705,1000000
2024DL0008643,1,1678.79,3,2,1,1,3,3188,21,0,0,6,1,5,1,700704,1000000
2024DL0008644,1,1678.79,30,2,5,1,8,8269,55,9000,1,1,1,1,1,700705,1000000
2024DL0008645,1,1678.79,14,1,3,1,8,4815,32,0,0,6,1,5,1,700701,1000000
2024DL0008646,1,1678.79,18,1,6,1,14,19999,133,2000,1,1,1,5,1,700701,1000000
2024DL0008647,1,1678.79,1,2,1,1,7,19671,131,0,0,6,1,5,2,700707,1000000
2024DL0008648,1,1678.79,31,1,1,1,11,42755,285,6000,1,1,5,1,1,700704,1000000
2024DL0008649,1,1678.79,42,1,6,1,13,51955,346,7000,1,3,1,1,1,700701,1000000
2024DL0008650,1,1678.79,16,2,3,1,14,3989,26,0,0,6,1,5,1,700706,1000000
2024DL0008651,1,1678.79,28,2,4,1,6,10788,71,6000,3,1,1,1,1,700700,1000000
2024DL0008652,1,1678.79,91,2,5,1,7,4592,30,0,0,6,1,2,2,700706,1000000
2024DL0008653,1,1678.79,26,1,2,1,14,43516,290,8000,1,3,1,1,1,700707,1000000
2024DL0008654,1,1678.79,6,1,2,1,2,7971,53,0,0,6,1,5,1,700709,1000000
2024DL0008655,1,1678.79,51,1,6,1,11,112559,501,6000,3,1,1,2,2,700710,1000000
2024DL0008656,1,1678.79,13,2,1,1,6,4088,27,0,0,6,1,5,1,700702,1000000
2024DL0008657,1,1678.79,0,2,1,1,2,1531,10,0,0,6,2,5,1,700705,1000000
2024DL0008658,1,1678.79,38,2,6,1,8,7445,49,5000,1,5,5,5,1,700704,1000000
2024DL0008659,1,1678.79,12,1,1,1,6,14924,99,0,0,6,1,5,1,700710,1000000
2024DL0008660,1,1678.79,95,2,6,1,11,17840,118,0,0,6,5,2,1,700706,1000000
2024DL0008661,1,1678.79,21,2,1,1,18,96021,501,5000,3,5,1,5,1,700700,1000000
2024DL0008662,1,1678.79,28,1,5,1,11,13952,93,5000,6,1,1,1,1,700701,1000000
2024DL0008663,1,1678.79,39,1,1,1,12,59152,394,4000,2,1,1,1,1,700702,1000000
2024DL0008664,1,1678.79,22,2,2,1,20,174089,501,4000,2,1,1,5,1,700701,1000000
2024DL0008665,1,1678.79,26,1,4,1,7,16657,111,8000,1,1,1,1,1,700704,1000000
2024DL0008666,1,1678.79,10,2,2,1,6,3396,22,0,0,6,1,5,2,700710,1000000
2024DL0008667,1,1678.79,57,2,6,1,10,19636,130,7000,1,1,1,1,1,700703,1000000
2024DL0008668,1,1678.79,7,2,4,1,4,10788,71,0,0,6,1,5,1,700707,1000000
2024DL0008669,1,1678.79,6,1,3,1,5,6981,46,0,0,6,1,5,1,700705,1000000
2024DL0008670,1,1678.79,54,2,1,1,9,62121,414,7000,1,1,1,1,1,700700,1000000
2024DL0008671,1,1678.79,37,2,1,1,11,20088,133,9000,4,3,1,1,1,700704,1000000
2024DL0008672,1,1678.79,9,2,1,1,5,6613,44,0,0,6,1,5,2,700710,1000000
2024DL0008673,1,1678.79,86,1,5,1,8,5851,39,0,0,6,1,3,1,700706,1000000
2024DL0008674,1,1678.79,21,2,3,1,19,57741,384,3000,1,2,1,5,1,700705,1000000
2024DL0008675,1,1678.79,17,1,5,1,15,24016,160,0,0,6,1,5,1,700709,1000000
2024DL0008676,1,1678.79,95,1,6,1,6,10892,72,0,0,6,1,1,1,700706,1000000
2024DL0008677,1,1678.79,15,1,1,1,19,212028,501,0,0,6,1,5,1,700705,1000000
2024DL0008678,1,1678.79,0,2,1,1,6,3268,21,0,0,6,1,5,2,700704,1000000
2024DL0008679,1,1678.79,2,2,8,1,4,9518,63,0,0,6,1,5,1,700709,1000000
2024DL0008680,1,1678.79,0,2,4,1,4,8140,54,0,0,6,1,5,1,700706,1000000
2024DL0008681,1,1678.79,45,1,4,1,6,21242,141,9800,1,1,1,1,1,700707,1000000
2024DL0008682,1,1678.79,47,2,5,1,12,49768,331,9800,3,1,1,2,1,700706,1000000
2024DL0008683,1,1678.79,42,2,7,1,13,35575,237,3000,3,1,1,1,1,700706,1000000
2024DL0008684,1,1678.79,68,2,2,1,9,14289,95,1000,1,4,5,1,1,700703,1000000
2024DL0008685,1,1678.79,51,1,1,1,7,17757,118,7000,1,1,2,1,1,700708,1000000
2024DL0008686,1,1678.79,9,2,2,1,3,13409,89,0,0,6,1,5,1,700702,1000000
2024DL0008687,1,1678.79,5,1,3,1,3,8247,54,0,0,6,1,5,1,700702,1000000
2024DL0008688,1,1678.79,95,1,3,1,11,19975,133,0,0,6,1,1,1,700710,1000000
2024DL0008689,1,1678.79,56,2,6,1,8,54089,360,9000,1,1,1,1,1,700710,1000000
2024DL0008690,1,1678.79,4,2,1,1,3,17991,119,0,0,6,1,5,1,700706,1000000
2024DL0008691,1,1678.79,22,1,3,1,10,84599,501,8000,3,1,5,1,1,700701,1000000
2024DL0008692,1,1678.79,39,2,3,1,12,39717,264,1000,1,5,1,5,1,700700,1000000
2024DL0008693,1,1678.79,4,2,1,1,4,4384,29,0,0,6,1,5,2,700706,1000000
2024DL0008694,1,1678.79,43,1,4,1,19,268912,501,3000,2,1,1,1,1,700705,1000000
2024DL0008695,1,1678.79,54,1,8,1,9,46193,307,5000,4,1,1,5,2,700706,1000000
2024DL0008696,1,1678.79,19,2,1,1,15,25571,170,6000,1,1,1,5,2,700704,1000000
2024DL0008697,1,1678.79,37,1,5,1,8,10139,67,7000,1,1,1,1,1,700700,1000000
2024DL0008698,1,1678.79,38,1,5,1,9,73474,489,1000,1,1,1,1,1,700703,1000000
2024DL0008699,1,1678.79,4,1,1,1,5,2422,16,0,0,6,1,5,1,700707,1000000
2024DL0008700,1,1678.79,41,1,1,1,9,104348,501,6000,1,1,1,1,1,700702,1000000
2024DL0008701,1,1678.79,43,2,1,1,10,5601,37,6000,3,1,1,5,2,700705,1000000
2024DL0008702,1,1678.79,18,2,4,1,17,43295,288,6000,1,1,1,5,1,700702,1000000
2024DL0008703,1,1678.79,28,1,6,1,15,69042,460,2000,1,5,1,5,1,700707,1000000
2024DL0008704,1,1678.79,19,1,3,1,13,5096,33,9000,1,1,1,5,1,700703,1000000
2024DL0008705,1,1678.79,37,2,4,1,10,62463,416,9000,6,1,1,1,2,700703,1000000
2024DL0008706,1,1678.79,100,1,6,1,6,10829,72,0,0,6,1,1,1,700705,1000000
2024DL0008707,1,1678.79,97,1,3,1,6,10399,69,0,0,6,1,5,1,700704,1000000
2024DL0008708,1,1678.79,9,1,4,1,3,12928,86,0,0,6,1,5,1,700708,1000000
2024DL0008709,1,1678.79,32,1,2,1,8,25663,171,7000,1,1,1,1,1,700710,1000000
2024DL0008710,1,1678.79,20,1,1,1,17,34873,232,4000,3,1,1,1,1,700705,1000000
2024DL0008711,1,1678.79,20,2,1,1,13,30968,206,8000,6,1,1,5,1,700706,1000000
2024DL0008712,1,1678.79,13,2,1,1,5,15349,102,0,0,6,2,5,1,700709,1000000
2024DL0008713,1,1678.79,42,2,9,1,14,53814,358,6000,1,4,2,1,1,700704,1000000
2024DL0008714,1,1678.79,1,2,1,1,5,4613,30,0,0,6,1,5,1,700704,1000000
2024DL0008715,1,1678.79,57,2,1,1,12,44473,296,9000,1,2,1,4,1,700706,1000000
2024DL0008716,1,1678.79,6,2,2,1,2,11847,78,0,0,6,1,5,1,700700,1000000
2024DL0008717,1,1678.79,24,1,2,1,14,15915,106,8000,1,1,1,5,1,700706,1000000
2024DL0008718,1,1678.79,23,1,2,1,12,37212,248,6000,1,1,1,5,1,700708,1000000
2024DL0008719,1,1678.79,26,1,6,1,10,62328,415,5000,1,5,1,5,1,700708,1000000
2024DL0008720,1,1678.79,3,2,1,1,2,4376,29,0,0,6,1,5,1,700702,1000000
2024DL0008721,1,1678.79,9,2,3,1,7,6005,40,0,0,6,1,5,2,700705,1000000
2024DL0008722,1,1678.79,21,2,4,1,18,30908,206,4000,2,1,1,5,1,700708,1000000
2024DL0008723,1,1678.79,1,2,2,1,5,10843,72,0,0,6,1,5,1,700704,1000000
2024DL0008724,1,1678.79,94,2,2,1,7,18333,122,0,0,6,1,1,1,700705,1000000
2024DL0008725,1,1678.79,29,2,4,1,11,33905,226,6000,3,1,1,1,1,700704,1000000
2024DL0008726,1,1678.79,32,1,1,1,10,46162,307,9000,1,4,1,5,1,700710,1000000
2024DL0008727,1,1678.79,54,1,1,1,10,74091,493,9800,3,1,1,2,1,700702,1000000
2024DL0008728,1,1678.79,29,1,1,1,15,77629,501,4000,1,1,1,5,1,700702,1000000
2024DL0008729,1,1678.79,18,1,1,1,19,62820,418,4000,2,2,1,5,1,700710,1000000
2024DL0008730,1,1678.79,5,1,4,1,2,5597,37,0,0,6,1,5,1,700702,1000000
2024DL0008731,1,1678.79,32,1,2,1,8,38537,256,5000,3,1,1,1,1,700701,1000000
2024DL0008732,1,1678.79,24,1,1,1,19,158461,501,4000,1,5,1,5,1,700710,1000000
2024DL0008733,1,1678.79,38,2,6,1,11,112853,501,7000,1,1,1,1,1,700702,1000000
2024DL0008734,1,1678.79,43,1,1,1,12,18054,120,4000,3,4,1,1,1,700701,1000000
2024DL0008735,1,1678.79,16,1,8,1,10,29398,195,0,0,6,1,5,1,700700,1000000
2024DL0008736,1,1678.79,35,1,2,1,12,35067,233,2000,1,1,1,1,1,700709,1000000
2024DL0008737,1,1678.79,1,1,8,1,1,4668,31,0,0,6,1,5,1,700707,1000000
2024DL0008738,1,1678.79,8,2,1,1,4,7989,53,0,0,6,1,5,1,700703,1000000
2024DL0008739,1,1678.79,47,2,6,1,12,44492,296,7000,3,1,1,5,1,700703,1000000
2024DL0008740,1,1678.79,39,2,6,1,14,63006,420,3000,1,1,1,1,1,700705,1000000
2024DL0008741,1,1678.79,70,1,3,1,5,9051,60,7000,1,3,1,3,2,700702,1000000
2024DL0008742,1,1678.79,36,2,3,1,17,223654,501,3000,1,1,1,3,2,700702,1000000
2024DL0008743,1,1678.79,25,2,1,1,12,34941,232,9800,1,1,1,1,2,700707,1000000
2024DL0008744,1,1678.79,7,2,3,1,6,3583,23,0,0,6,1,5,1,700703,1000000
2024DL0008745,1,1678.79,30,2,4,1,8,71096,473,6000,6,1,1,5,1,700708,1000000
2024DL0008746,1,1678.79,33,1,2,1,5,28806,192,9920,6,4,1,5,1,700703,1000000
2024DL0008747,1,1678.79,31,1,3,1,11,38603,257,8000,1,1,1,5,1,700707,1000000
2024DL0008748,1,1678.79,59,1,1,1,6,12996,86,9920,1,1,1,1,1,700706,1000000
2024DL0008749,1,1678.79,47,2,1,1,6,29914,199,9800,6,4,1,1,1,700700,1000000
2024DL0008750,1,1678.79,30,1,3,1,8,9652,64,9800,6,4,1,5,1,700706,1000000
2024DL0008751,1,1678.79,4,1,1,1,5,2488,16,0,0,6,1,5,1,700703,1000000
2024DL0008752,1,1678.79,31,2,1,1,9,73562,490,5000,3,1,1,5,1,700708,1000000
2024DL0008753,1,1678.79,16,1,3,1,17,23438,156,0,0,6,1,5,1,700707,1000000
2024DL0008754,1,1678.79,25,1,1,1,9,36723,244,9000,1,1,1,5,1,700706,1000000
2024DL0008755,1,1678.79,6,1,1,1,8,6002,40,0,0,6,1,5,1,700706,1000000
2024DL0008756,1,1678.79,13,1,1,1,1,3461,23,0,0,6,1,5,2,700710,1000000
2024DL0008757,1,1678.79,41,1,6,1,18,54046,360,5000,6,1,1,1,1,700709,1000000
2024DL0008758,1,1678.79,22,2,2,1,19,146662,501,4000,1,1,1,1,1,700702,1000000
2024DL0008759,1,1678.79,9,2,1,1,6,3992,26,0,0,6,1,5,1,700700,1000000
2024DL0008760,1,1678.79,83,2,6,1,5,10278,68,0,0,6,1,1,1,700702,1000000
2024DL0008761,1,1678.79,5,1,1,1,8,2657,17,0,0,6,2,5,1,700706,1000000
2024DL0008762,1,1678.79,26,1,4,1,6,26152,174,7000,1,1,1,1,2,700703,1000000
2024DL0008763,1,1678.79,46,1,1,1,11,15600,104,1000,3,2,1,1,1,700707,1000000
2024DL0008764,1,1678.79,27,2,3,1,5,23190,154,9920,4,4,1,1,1,700700,1000000
2024DL0008765,1,1678.79,46,2,1,1,9,66346,442,2000,3,5,2,2,1,700705,1000000
2024DL0008766,1,1678.79,34,2,4,1,14,82224,501,8000,3,2,1,1,1,700707,1000000
2024DL0008767,1,1678.79,49,1,7,1,8,14466,96,8000,1,1,1,1,1,700707,1000000
2024DL0008768,1,1678.79,3,1,4,1,5,5466,36,0,0,6,1,5,1,700701,1000000
2024DL0008769,1,1678.79,53,1,6,1,13,144717,501,6000,6,1,1,1,1,700704,1000000
2024DL0008770,1,1678.79,10,1,1,1,6,8124,54,0,0,6,1,5,1,700708,1000000
2024DL0008771,1,1678.79,73,2,1,1,9,60407,402,0,0,6,1,1,1,700702,1000000
2024DL0008772,1,1678.79,52,2,3,1,15,91835,501,4000,1,1,1,1,1,700703,1000000
2024DL0008773,1,1678.79,19,1,1,1,17,29862,199,2000,3,1,1,5,1,700710,1000000
2024DL0008774,1,1678.79,59,1,9,1,5,11777,78,5000,1,1,1,1,2,700702,1000000
2024DL0008775,1,1678.79,43,2,1,1,9,182919,501,5000,1,1,1,5,1,700709,1000000
2024DL0008776,1,1678.79,28,2,3,1,5,18781,125,6000,3,4,1,5,1,700708,1000000
2024DL0008777,1,1678.79,25,1,5,1,11,26298,175,7000,1,1,1,1,1,700702,1000000
2024DL0008778,1,1678.79,35,1,1,1,14,100143,501,8000,3,1,1,5,1,700702,1000000
2024DL0008779,1,1678.79,45,1,1,1,17,66647,444,4000,2,1,1,1,1,700705,1000000
2024DL0008780,1,1678.79,35,1,6,1,12,44039,293,7000,1,1,1,5,1,700704,1000000
2024DL0008781,1,1678.79,19,1,2,1,20,53636,357,4000,2,1,2,5,1,700709,1000000
2024DL0008782,1,1678.79,4,2,1,1,1,7176,47,0,0,6,1,5,1,700708,1000000
2024DL0008783,1,1678.79,40,2,3,1,15,172572,501,1000,2,1,1,1,2,700703,1000000
2024DL0008784,1,1678.79,13,2,1,1,6,3270,21,0,0,6,1,5,1,700702,1000000
2024DL0008785,1,1678.79,58,1,6,1,10,15672,104,8000,4,1,1,2,1,700709,1000000
2024DL0008786,1,1678.79,34,1,8,1,12,83991,501,4000,1,1,1,1,1,700705,1000000
2024DL0008787,1,1678.79,7,2,5,1,7,2495,16,0,0,6,1,5,1,700703,1000000
2024DL0008788,1,1678.79,41,1,6,1,9,38662,257,9000,3,1,1,1,1,700701,1000000
2024DL0008789,1,1678.79,43,2,3,1,10,91897,501,4000,1,1,1,2,1,700704,1000000
2024DL0008790,1,1678.79,25,2,1,1,15,70250,468,6000,3,1,1,5,1,700703,1000000
2024DL0008791,1,1678.79,58,1,1,1,10,21448,142,7000,3,2,1,2,1,700705,1000000
2024DL0008792,1,1678.79,35,2,5,1,9,42351,282,1000,1,2,1,1,1,700701,1000000
2024DL0008793,1,1678.79,17,2,5,1,17,43128,287,0,0,6,1,5,1,700703,1000000
2024DL0008794,1,1678.79,33,2,1,1,6,17521,116,8000,3,1,1,1,1,700705,1000000
2024DL0008795,1,1678.79,12,2,3,1,3,24891,165,0,0,6,1,5,1,700702,1000000
2024DL0008796,1,1678.79,50,1,1,1,17,171817,501,5000,1,1,1,2,2,700702,1000000
2024DL0008797,1,1678.79,1,2,1,1,7,25841,172,0,0,6,1,5,1,700710,1000000
2024DL0008798,1,1678.79,38,2,4,1,12,111609,501,8000,1,1,1,1,1,700710,1000000
2024DL0008799,1,1678.79,10,1,4,1,7,9574,63,0,0,6,1,5,1,700703,1000000
2024DL0008800,1,1678.79,37,1,4,1,18,197756,501,4000,1,1,1,1,1,700710,1000000
2024DL0008801,1,1678.79,24,1,6,1,19,168972,501,3000,2,1,1,5,1,700700,1000000
2024DL0008802,1,1678.79,5,1,6,1,3,3099,20,0,0,6,1,5,1,700709,1000000
2024DL0008803,1,1678.79,5,1,1,1,2,22139,147,0,0,6,1,5,2,700703,1000000
2024DL0008804,1,1678.79,91,1,3,1,7,5459,36,0,0,6,1,1,1,700704,1000000
2024DL0008805,1,1678.79,20,1,5,1,16,16563,110,6000,1,1,1,5,1,700700,1000000
2024DL0008806,1,1678.79,40,1,1,1,8,15563,103,9920,3,1,1,2,2,700709,1000000
2024DL0008807,1,1678.79,40,1,2,1,9,46746,311,6000,1,1,1,1,2,700704,1000000
2024DL0008808,1,1678.79,36,2,5,1,17,159878,501,3000,2,1,1,1,1,700708,1000000
2024DL0008809,1,1678.79,29,2,1,1,13,31414,209,9800,1,1,1,1,1,700710,1000000
2024DL0008810,1,1678.79,51,2,2,1,7,8442,56,9800,1,1,1,1,1,700705,1000000
2024DL0008811,1,1678.79,85,1,4,1,7,15905,106,0,0,6,1,1,1,700710,1000000
2024DL0008812,1,1678.79,34,1,2,1,7,38814,258,5000,1,1,1,5,1,700705,1000000
2024DL0008813,1,1678.79,66,2,2,1,5,5817,38,9800,1,2,1,1,1,700710,1000000
2024DL0008814,1,1678.79,19,1,1,1,15,69172,461,2000,2,1,1,5,1,700702,1000000
2024DL0008815,1,1678.79,37,1,6,1,5,33329,222,5000,1,1,1,1,1,700701,1000000
2024DL0008816,1,1678.79,29,2,6,1,10,82013,501,8000,1,1,1,1,1,700709,1000000
2024DL0008817,1,1678.79,27,2,2,1,13,81026,501,5000,1,2,1,1,1,700702,1000000
2024DL0008818,1,1678.79,7,1,6,1,7,11425,76,0,0,6,1,5,1,700710,1000000
2024DL0008819,1,1678.79,27,1,6,1,13,34909,232,5000,1,1,1,5,1,700702,1000000
2024DL0008820,1,1678.79,36,1,2,1,12,18480,123,7000,1,1,1,1,1,700705,1000000
2024DL0008821,1,1678.79,10,1,1,1,2,2926,19,0,0,6,1,5,1,700701,1000000
2024DL0008822,1,1678.79,11,1,1,1,7,6946,46,0,0,6,1,5,1,700702,1000000
2024DL0008823,1,1678.79,12,2,1,1,7,3777,25,0,0,6,1,5,1,700703,1000000
2024DL0008824,1,1678.79,15,2,7,1,20,85742,501,0,0,6,1,5,1,700701,1000000
2024DL0008825,1,1678.79,2,2,2,1,6,12056,80,0,0,6,1,5,1,700705,1000000
2024DL0008826,1,1678.79,1,1,2,1,4,7398,49,0,0,6,1,5,2,700701,1000000
2024DL0008827,1,1678.79,17,2,6,1,11,20574,137,0,0,6,1,5,1,700710,1000000
2024DL0008828,1,1678.79,26,2,4,1,10,58274,388,2000,3,1,1,1,1,700702,1000000
2024DL0008829,1,1678.79,17,1,6,1,17,43445,289,0,0,6,1,5,1,700704,1000000
2024DL0008830,1,1678.79,56,2,1,1,11,40577,270,1000,2,1,1,1,1,700703,1000000
2024DL0008831,1,1678.79,21,2,5,1,11,8982,59,2000,1,5,1,5,1,700706,1000000
2024DL0008832,1,1678.79,16,2,5,1,12,25273,168,0,0,6,1,5,1,700710,1000000
2024DL0008833,1,1678.79,31,2,2,1,10,156638,501,1000,2,2,1,5,1,700701,1000000
2024DL0008834,1,1678.79,3,2,1,1,5,5176,34,0,0,6,1,5,1,700708,1000000
2024DL0008835,1,1678.79,37,2,4,1,12,38441,256,8000,6,1,1,1,1,700705,1000000
2024DL0008836,1,1678.79,7,1,5,1,8,19794,131,0,0,6,1,5,1,700707,1000000
2024DL0008837,1,1678.79,56,1,1,1,13,57462,383,1000,1,1,1,5,1,700701,1000000
2024DL0008838,1,1678.79,27,2,4,1,14,9100,60,7000,3,1,1,1,1,700703,1000000
2024DL0008839,1,1678.79,39,1,1,1,10,61756,411,9000,1,1,1,1,1,700706,1000000
2024DL0008840,1,1678.79,13,1,1,1,4,5514,36,0,0,6,1,5,1,700701,1000000
2024DL0008841,1,1678.79,39,1,3,1,5,13959,93,6000,1,1,1,1,1,700701,1000000
2024DL0008842,1,1678.79,21,2,1,1,14,25037,166,3000,1,2,1,1,2,700704,1000000
2024DL0008843,1,1678.79,25,2,9,1,5,33444,222,5000,1,2,1,1,1,700704,1000000
2024DL0008844,1,1678.79,28,1,2,1,16,70113,467,5000,4,1,1,1,1,700708,1000000
2024DL0008845,1,1678.79,26,1,1,1,8,21768,145,9800,6,1,1,5,1,700706,1000000
2024DL0008846,1,1678.79,19,2,1,1,13,13291,88,7000,1,2,1,5,1,700709,1000000
2024DL0008847,1,1678.79,3,2,1,1,4,3178,21,0,0,6,1,5,1,700702,1000000
2024DL0008848,1,1678.79,28,2,1,1,6,30979,206,9800,1,1,1,5,1,700704,1000000
2024DL0008849,1,1678.79,45,2,2,1,11,57914,386,6000,4,2,1,1,1,700710,1000000
2024DL0008850,1,1678.79,28,2,4,1,7,14970,99,7000,1,4,1,1,1,700704,1000000
2024DL0008851,1,1678.79,5,1,1,1,6,7527,50,0,0,6,1,5,1,700701,1000000
2024DL0008852,1,1678.79,12,2,3,1,1,4466,29,0,0,6,1,5,1,700703,1000000
2024DL0008853,1,1678.79,9,1,4,1,4,8544,56,0,0,6,1,5,1,700705,1000000
2024DL0008854,1,1678.79,21,2,1,1,14,32391,215,2000,1,1,1,5,1,700704,1000000
2024DL0008855,1,1678.79,28,2,5,1,10,41154,274,5000,3,1,1,1,1,700709,1000000
2024DL0008856,1,1678.79,57,1,1,1,13,51656,344,7000,1,1,1,3,1,700706,1000000
2024DL0008857,1,1678.79,4,2,2,1,8,6669,44,0,0,6,1,5,1,700707,1000000
2024DL0008858,1,1678.79,73,2,6,1,7,21204,141,0,0,6,1,5,1,700701,1000000
2024DL0008859,1,1678.79,39,1,3,1,11,59713,398,5000,3,1,1,1,1,700700,1000000
2024DL0008860,1,1678.79,90,1,5,1,9,19483,129,0,0,6,1,1,1,700704,1000000
2024DL0008861,1,1678.79,64,2,1,1,5,121419,501,5000,1,1,1,1,1,700706,1000000
2024DL0008862,1,1678.79,37,2,8,1,15,58153,387,4000,1,1,1,3,1,700704,1000000
2024DL0008863,1,1678.79,84,1,6,1,7,4722,31,0,0,6,2,2,1,700702,1000000
2024DL0008864,1,1678.79,46,1,3,1,15,188209,501,3000,1,1,1,1,1,700708,1000000
2024DL0008865,1,1678.79,24,1,3,1,17,44104,294,4000,1,1,1,1,1,700708,1000000
2024DL0008866,1,1678.79,19,1,1,1,15,25200,168,4000,1,1,1,5,1,700706,1000000
2024DL0008867,1,1678.79,25,2,6,1,6,10017,66,9000,1,3,1,5,2,700710,1000000
2024DL0008868,1,1678.79,49,2,6,1,8,9298,61,9920,4,1,1,1,1,700703,1000000
2024DL0008869,1,1678.79,42,2,1,1,11,47513,316,5000,3,1,1,1,1,700706,1000000
2024DL0008870,1,1678.79,55,2,1,1,10,34826,232,7000,1,1,1,1,1,700704,1000000
2024DL0008871,1,1678.79,27,2,1,1,13,30078,200,7000,4,1,1,1,1,700704,1000000
2024DL0008872,1,1678.79,18,1,5,1,17,45302,302,1000,1,1,1,5,1,700701,1000000
2024DL0008873,1,1678.79,42,2,2,1,18,74109,494,4000,3,1,1,1,1,700708,1000000
2024DL0008874,1,1678.79,46,2,3,1,14,24490,163,5000,4,3,1,5,1,700706,1000000
2024DL0008875,1,1678.79,0,2,3,1,2,21346,142,0,0,6,1,5,1,700704,1000000
2024DL0008876,1,1678.79,45,1,2,1,12,64337,428,9000,3,1,1,1,1,700701,1000000
2024DL0008877,1,1678.79,14,1,2,1,1,6070,40,0,0,6,1,5,1,700709,1000000
2024DL0008878,1,1678.79,40,2,2,1,15,133624,501,4000,1,1,1,1,1,700703,1000000
2024DL0008879,1,1678.79,3,1,9,1,4,9928,66,0,0,6,1,5,1,700704,1000000
2024DL0008880,1,1678.79,22,2,3,1,19,121324,501,3000,3,1,1,5,1,700706,1000000
2024DL0008881,1,1678.79,83,2,5,1,6,6711,44,0,0,6,1,3,1,700710,1000000
2024DL0008882,1,1678.79,28,1,1,1,9,42329,282,5000,4,3,1,1,1,700710,1000000
2024DL0008883,1,1678.79,1,2,2,1,3,9381,62,0,0,6,1,5,1,700706,1000000
2024DL0008884,1,1678.79,25,1,2,1,5,15188,101,6000,4,1,1,1,1,700709,1000000
2024DL0008885,1,1678.79,36,2,4,1,12,49089,327,7000,1,1,1,1,1,700701,1000000
2024DL0008886,1,1678.79,81,2,1,1,6,7424,49,0,0,6,1,3,1,700709,1000000
2024DL0008887,1,1678.79,25,2,8,1,9,19228,128,9000,4,1,1,1,1,700705,1000000
2024DL0008888,1,1678.79,53,1,2,1,14,27603,184,1000,1,3,1,1,1,700708,1000000
2024DL0008889,1,1678.79,23,1,4,1,11,10236,68,5000,4,1,1,1,2,700700,1000000
2024DL0008890,1,1678.79,29,1,5,1,6,22353,149,9800,6,1,1,1,1,700700,1000000
2024DL0008891,1,1678.79,22,2,2,1,19,280476,501,4000,2,1,1,5,1,700702,1000000
2024DL0008892,1,1678.79,32,2,1,1,11,57121,380,8000,4,1,1,1,1,700710,1000000
2024DL0008893,1,1678.79,17,1,1,1,14,9999,66,0,0,6,1,5,2,700706,1000000
2024DL0008894,1,1678.79,12,1,5,1,1,2651,17,0,0,6,1,5,1,700708,1000000
2024DL0008895,1,1678.79,28,2,1,1,12,41064,273,5000,1,1,1,5,1,700704,1000000
2024DL0008896,1,1678.79,17,2,5,1,17,21393,142,0,0,6,1,5,1,700709,1000000
2024DL0008897,1,1678.79,26,2,4,1,9,16940,112,6000,4,1,1,5,2,700705,1000000
2024DL0008898,1,1678.79,26,1,2,1,10,32165,214,7000,1,1,1,5,2,700702,1000000
2024DL0008899,1,1678.79,11,1,3,1,6,3525,23,0,0,6,1,5,1,700704,1000000
2024DL0008900,1,1678.79,54,2,6,1,9,20699,137,6000,1,5,1,5,1,700703,1000000
2024DL0008901,1,1678.79,8,2,5,1,5,12116,80,0,0,6,1,5,1,700703,1000000
2024DL0008902,1,1678.79,28,1,1,1,10,23089,153,1000,1,5,1,1,1,700709,1000000
2024DL0008903,1,1678.79,10,1,2,1,2,4771,31,0,0,6,1,5,2,700705,1000000
2024DL0008904,1,1678.79,25,2,2,1,9,36566,243,8000,6,3,1,1,1,700710,1000000
2024DL0008905,1,1678.79,25,1,3,1,15,52359,349,2000,1,1,1,1,1,700707,1000000
2024DL0008906,1,1678.79,1,1,1,1,6,8910,59,0,0,6,1,5,1,700709,1000000
2024DL0008907,1,1678.79,34,1,5,1,5,75031,500,8000,1,1,1,1,2,700705,1000000
2024DL0008908,1,1678.79,6,1,4,1,1,17655,117,0,0,6,1,5,1,700709,1000000
2024DL0008909,1,1678.79,3,2,6,1,7,30564,203,0,0,6,1,5,1,700700,1000000
2024DL0008910,1,1678.79,61,1,5,1,10,49170,327,5000,3,1,1,1,1,700700,1000000
2024DL0008911,1,1678.79,36,1,5,1,9,44454,296,9800,1,1,1,1,1,700704,1000000
2024DL0008912,1,1678.79,35,1,1,1,14,16838,112,7000,3,2,1,1,1,700708,1000000
2024DL0008913,1,1678.79,27,2,3,1,8,6192,41,9800,3,1,1,5,2,700702,1000000
2024DL0008914,1,1678.79,46,1,2,1,10,15306,102,7000,3,1,1,1,1,700703,1000000
2024DL0008915,1,1678.79,16,1,2,1,14,20314,135,0,0,6,1,5,1,700703,1000000
2024DL0008916,1,1678.79,17,1,3,1,12,9800,65,0,0,6,1,5,1,700703,1000000
2024DL0008917,1,1678.79,21,1,8,1,19,69313,462,3000,3,4,1,5,1,700709,1000000
2024DL0008918,1,1678.79,20,1,1,1,18,61885,412,4000,1,3,2,1,1,700707,1000000
2024DL0008919,1,1678.79,35,1,1,1,12,13355,89,9000,3,1,1,1,1,700704,1000000
2024DL0008920,1,1678.79,22,2,4,1,15,67111,447,5000,6,1,1,5,1,700708,1000000
2024DL0008921,1,1678.79,32,1,1,1,5,38627,257,8000,4,1,1,1,1,700701,1000000
2024DL0008922,1,1678.79,26,2,1,1,11,13312,88,6000,1,5,1,1,1,700700,1000000
2024DL0008923,1,1678.79,22,1,2,1,15,44023,293,4000,1,1,1,5,1,700700,1000000
2024DL0008924,1,1678.79,36,2,7,1,9,65944,439,3000,2,1,1,3,2,700704,1000000
2024DL0008925,1,1678.79,19,1,6,1,14,30092,200,3000,1,1,1,5,1,700709,1000000
2024DL0008926,1,1678.79,30,1,3,1,7,11608,77,5000,6,2,1,1,1,700701,1000000
2024DL0008927,1,1678.79,2,1,2,1,3,9380,62,0,0,6,1,5,1,700700,1000000
2024DL0008928,1,1678.79,19,2,1,1,19,85561,501,3000,2,1,1,5,1,700707,1000000
2024DL0008929,1,1678.79,9,1,1,1,3,12690,84,0,0,6,1,5,1,700703,1000000
2024DL0008930,1,1678.79,19,2,5,1,11,19249,128,6000,1,1,1,5,1,700708,1000000
2024DL0008931,1,1678.79,35,2,6,1,10,84448,501,9000,1,1,1,5,2,700710,1000000
2024DL0008932,1,1678.79,39,2,4,1,8,15357,102,9800,3,1,1,1,1,700706,1000000
2024DL0008933,1,1678.79,53,2,1,1,15,128785,501,6000,4,1,1,1,1,700702,1000000
2024DL0008934,1,1678.79,6,1,4,1,3,5919,39,0,0,6,1,5,1,700702,1000000
2024DL0008935,1,1678.79,28,2,2,1,10,13312,88,6000,1,1,1,5,1,700706,1000000
2024DL0008936,1,1678.79,7,1,4,1,3,8340,55,0,0,6,5,5,1,700703,1000000
2024DL0008937,1,1678.79,17,2,1,1,19,81413,501,0,0,6,1,5,1,700703,1000000
2024DL0008938,1,1678.79,5,2,1,1,5,12436,82,0,0,6,1,5,1,700703,1000000
2024DL0008939,1,1678.79,15,1,2,1,20,87540,501,0,0,6,1,5,1,700710,1000000
2024DL0008940,1,1678.79,7,2,1,1,5,12102,80,0,0,6,1,5,1,700703,1000000
2024DL0008941,1,1678.79,24,1,1,1,12,12798,85,7000,3,2,1,5,1,700709,1000000
2024DL0008942,1,1678.79,0,2,1,1,7,12306,82,0,0,6,1,5,1,700701,1000000
2024DL0008943,1,1678.79,41,1,1,1,17,83014,501,2000,3,2,1,1,1,700701,1000000
2024DL0008944,1,1678.79,18,2,8,1,12,25232,168,9000,1,1,1,5,1,700709,1000000
2024DL0008945,1,1678.79,33,1,6,1,12,114336,501,9000,4,1,1,1,2,700706,1000000
2024DL0008946,1,1678.79,36,2,2,1,15,142666,501,4000,1,1,1,1,1,700701,1000000
2024DL0008947,1,1678.79,20,2,1,1,12,14658,97,9000,3,1,1,5,1,700709,1000000
2024DL0008948,1,1678.79,51,2,4,1,8,21762,145,8000,1,1,1,1,1,700706,1000000
2024DL0008949,1,1678.79,14,1,3,1,3,8105,54,0,0,6,1,5,1,700704,1000000
2024DL0008950,1,1678.79,29,2,4,1,10,27963,186,3000,1,1,1,1,1,700710,1000000
2024DL0008951,1,1678.79,3,1,5,1,4,8101,54,0,0,6,1,5,1,700705,1000000
2024DL0008952,1,1678.79,14,2,1,1,8,5215,34,0,0,6,5,5,1,700702,1000000
2024DL0008953,1,1678.79,29,1,1,1,15,156961,501,4000,1,1,1,5,1,700708,1000000
2024DL0008954,1,1678.79,4,1,3,1,9,7603,50,0,0,6,1,5,1,700708,1000000
2024DL0008955,1,1678.79,48,1,3,1,10,63733,424,5000,1,2,1,1,2,700703,1000000
2024DL0008956,1,1678.79,8,2,3,1,5,22094,147,0,0,6,2,5,1,700708,1000000
2024DL0008957,1,1678.79,44,1,3,1,9,80895,501,7000,1,1,1,1,1,700700,1000000
2024DL0008958,1,1678.79,34,1,4,1,16,35890,239,6000,1,1,1,1,1,700707,1000000
2024DL0008959,1,1678.79,59,1,6,1,7,13042,86,9920,6,1,1,1,2,700702,1000000
2024DL0008960,1,1678.79,45,2,5,1,13,20794,138,6000,1,1,1,1,1,700708,1000000
2024DL0008961,1,1678.79,13,2,1,1,3,11935,79,0,0,6,1,5,1,700707,1000000
2024DL0008962,1,1678.79,3,2,9,1,6,3955,26,0,0,6,1,5,1,700700,1000000
2024DL0008963,1,1678.79,59,1,1,1,8,18475,123,9920,1,1,1,5,1,700701,1000000
2024DL0008964,1,1678.79,21,2,5,1,14,4888,32,1000,2,1,1,5,2,700706,1000000
2024DL0008965,1,1678.79,23,1,3,1,19,245604,501,4000,2,1,1,5,1,700709,1000000
2024DL0008966,1,1678.79,47,2,5,1,6,18459,123,9800,1,1,1,1,1,700705,1000000
2024DL0008967,1,1678.79,17,1,5,1,14,36664,244,0,0,6,1,5,1,700701,1000000
2024DL0008968,1,1678.79,23,1,6,1,11,18099,120,6000,1,1,1,5,1,700706,1000000
2024DL0008969,1,1678.79,41,1,5,1,13,68990,459,6000,1,1,1,3,1,700706,1000000
2024DL0008970,1,1678.79,24,2,2,1,18,128632,501,4000,1,1,1,1,1,700706,1000000
2024DL0008971,1,1678.79,37,1,3,1,10,39646,264,7000,4,1,1,1,1,700710,1000000
2024DL0008972,1,1678.79,23,2,1,1,12,35884,239,3000,1,1,1,5,1,700706,1000000
2024DL0008973,1,1678.79,26,2,5,1,7,14473,96,9800,1,1,1,1,1,700702,1000000
2024DL0008974,1,1678.79,56,2,4,1,7,23542,156,5000,4,1,1,5,1,700702,1000000
2024DL0008975,1,1678.79,35,2,5,1,8,25446,169,5000,1,1,1,1,1,700704,1000000
2024DL0008976,1,1678.79,18,1,4,1,18,21957,146,5000,1,1,1,5,1,700708,1000000
2024DL0008977,1,1678.79,2,2,3,1,2,4833,32,0,0,6,1,5,1,700709,1000000
2024DL0008978,1,1678.79,16,1,1,1,20,47626,317,0,0,6,1,5,1,700701,1000000
2024DL0008979,1,1678.79,4,2,1,1,3,7991,53,0,0,6,1,5,1,700700,1000000
2024DL0008980,1,1678.79,0,1,1,1,6,20977,139,0,0,6,1,5,1,700707,1000000
2024DL0008981,1,1678.79,6,1,6,1,3,5866,39,0,0,6,1,5,1,700709,1000000
2024DL0008982,1,1678.79,9,1,2,1,3,18122,120,0,0,6,1,5,1,700709,1000000
2024DL0008983,1,1678.79,36,2,1,1,5,33116,220,9920,3,1,1,1,1,700701,1000000
2024DL0008984,1,1678.79,24,2,5,1,16,67220,448,3000,1,1,1,1,2,700705,1000000
2024DL0008985,1,1678.79,2,2,1,1,3,9604,64,0,0,6,1,5,1,700702,1000000
2024DL0008986,1,1678.79,21,1,1,1,13,9004,60,5000,4,1,1,5,1,700705,1000000
2024DL0008987,1,1678.79,25,1,4,1,14,28680,191,6000,1,1,1,5,1,700702,1000000
2024DL0008988,1,1678.79,98,2,1,1,7,7820,52,0,0,6,1,1,1,700700,1000000
2024DL0008989,1,1678.79,37,2,1,1,13,19591,130,5000,4,3,2,5,1,700707,1000000
2024DL0008990,1,1678.79,41,1,3,1,15,90630,501,3000,2,1,1,1,2,700704,1000000
2024DL0008991,1,1678.79,39,2,4,1,11,19892,132,8000,1,2,1,1,1,700705,1000000
2024DL0008992,1,1678.79,49,2,3,1,15,95027,501,4000,1,4,1,1,1,700709,1000000
2024DL0008993,1,1678.79,25,1,1,1,11,28630,190,9800,1,1,1,1,1,700708,1000000
2024DL0008994,1,1678.79,15,1,1,1,15,67349,448,0,0,6,1,5,1,700703,1000000
2024DL0008995,1,1678.79,7,2,2,1,2,10858,72,0,0,6,1,5,1,700708,1000000
2024DL0008996,1,1678.79,16,2,9,1,19,102439,501,0,0,6,1,5,2,700710,1000000
2024DL0008997,1,1678.79,34,1,6,1,8,20775,138,5000,1,4,1,1,1,700703,1000000
2024DL0008998,1,1678.79,36,2,5,1,11,65056,433,3000,3,1,1,1,1,700706,1000000
2024DL0008999,1,1678.79,32,2,5,1,10,31409,209,4000,1,1,1,1,2,700700,1000000
2024DL0009000,1,1678.79,44,2,1,1,9,40588,270,6000,1,1,1,5,1,700710,1000000
2024DL0009001,1,1678.79,33,1,1,1,11,17911,119,9800,6,1,1,5,1,700708,1000000
2024DL0009002,1,1678.79,4,2,1,1,8,7565,50,0,0,6,1,5,1,700700,1000000
2024DL0009003,1,1678.79,19,1,2,1,20,33842,225,1000,1,5,1,5,1,700701,1000000
2024DL0009004,1,1678.79,57,2,6,1,6,34955,233,6000,1,1,1,1,1,700701,1000000
2024DL0009005,1,1678.79,24,2,1,1,12,25399,169,5000,1,1,1,1,1,700705,1000000
2024DL0009006,1,1678.79,21,1,2,1,17,79820,501,1000,2,1,1,5,1,700703,1000000
2024DL0009007,1,1678.79,50,2,1,1,6,34667,231,5000,1,1,1,5,1,700701,1000000
2024DL0009008,1,1678.79,7,2,3,1,4,15976,106,0,0,6,5,5,1,700709,1000000
2024DL0009009,1,1678.79,8,2,2,1,4,3254,21,0,0,6,1,5,1,700704,1000000
2024DL0009010,1,1678.79,22,1,5,1,12,90872,501,5000,1,1,1,5,1,700708,1000000
2024DL0009011,1,1678.79,11,2,5,1,3,2962,19,0,0,6,1,5,2,700706,1000000
2024DL0009012,1,1678.79,59,1,1,1,10,44539,296,7000,3,1,1,2,1,700710,1000000
2024DL0009013,1,1678.79,21,2,2,1,19,78116,501,2000,2,1,1,1,1,700706,1000000
2024DL0009014,1,1678.79,40,1,3,1,17,166382,501,2000,3,2,2,1,1,700707,1000000
2024DL0009015,1,1678.79,53,2,1,1,11,32488,216,1000,3,1,1,2,1,700709,1000000
2024DL0009016,1,1678.79,3,1,2,1,3,5670,37,0,0,6,1,5,1,700705,1000000
2024DL0009017,1,1678.79,21,1,6,1,18,60444,402,3000,1,1,1,5,1,700707,1000000
2024DL0009018,1,1678.79,47,2,6,1,13,46593,310,2000,2,1,2,3,1,700710,1000000
2024DL0009019,1,1678.79,15,2,1,1,20,181270,501,0,0,6,1,5,1,700709,1000000
2024DL0009020,1,1678.79,59,1,1,1,13,24007,160,8000,1,1,1,5,1,700708,1000000
2024DL0009021,1,1678.79,7,2,1,1,3,3659,24,0,0,6,1,5,1,700710,1000000
2024DL0009022,1,1678.79,4,1,3,1,6,2311,15,0,0,6,1,5,1,700705,1000000
2024DL0009023,1,1678.79,40,2,6,1,18,140201,501,3000,2,1,1,5,1,700703,1000000
2024DL0009024,1,1678.79,1,2,5,1,3,9011,60,0,0,6,5,5,1,700701,1000000
2024DL0009025,1,1678.79,21,1,1,1,18,36463,243,4000,1,1,1,1,1,700707,1000000
2024DL0009026,1,1678.79,12,1,5,1,4,6176,41,0,0,6,1,5,1,700708,1000000
2024DL0009027,1,1678.79,42,2,4,1,11,55670,371,7000,4,1,1,1,1,700710,1000000
2024DL0009028,1,1678.79,4,1,8,1,5,3144,20,0,0,6,1,5,1,700704,1000000
2024DL0009029,1,1678.79,21,2,8,1,14,17227,114,8000,3,1,1,5,1,700701,1000000
2024DL0009030,1,1678.79,46,2,2,1,16,229810,501,4000,2,1,1,1,1,700705,1000000
2024DL0009031,1,1678.79,38,1,1,1,9,53804,358,7000,1,1,1,3,2,700706,1000000
2024DL0009032,1,1678.79,25,2,2,1,12,98812,501,1000,1,1,1,5,1,700706,1000000
2024DL0009033,1,1678.79,8,1,1,1,7,5813,38,0,0,6,1,5,1,700704,1000000
2024DL0009034,1,1678.79,11,1,4,1,5,11522,76,0,0,6,1,5,1,700704,1000000
2024DL0009035,1,1678.79,38,1,1,1,10,63244,421,6000,4,1,1,1,1,700707,1000000
2024DL0009036,1,1678.79,25,2,2,1,12,27640,184,9000,1,2,1,5,2,700706,1000000
2024DL0009037,1,1678.79,32,1,5,1,10,46615,310,6000,4,1,1,5,1,700706,1000000
2024DL0009038,1,1678.79,46,1,1,1,9,98845,501,6000,3,3,1,1,1,700706,1000000
2024DL0009039,1,1678.79,5,1,3,1,7,20600,137,0,0,6,1,5,2,700709,1000000
2024DL0009040,1,1678.79,52,1,1,1,5,13496,89,9800,3,1,1,5,1,700705,1000000
2024DL0009041,1,1678.79,18,1,7,1,14,16209,108,8000,1,1,1,5,1,700700,1000000
2024DL0009042,1,1678.79,9,1,1,1,4,19647,130,0,0,6,1,5,1,700700,1000000
2024DL0009043,1,1678.79,16,2,1,1,17,18701,124,0,0,6,1,5,1,700701,1000000
2024DL0009044,1,1678.79,14,1,1,1,2,5231,34,0,0,6,1,5,1,700707,1000000
2024DL0009045,1,1678.79,20,1,1,1,10,81166,501,4000,2,4,1,5,1,700706,1000000
2024DL0009046,1,1678.79,42,1,2,1,16,75519,501,6000,1,1,1,2,1,700707,1000000
2024DL0009047,1,1678.79,96,2,1,1,11,36091,240,0,0,6,1,2,1,700703,1000000
2024DL0009048,1,1678.79,53,1,5,1,8,31658,211,9800,3,1,1,3,1,700710,1000000
2024DL0009049,1,1678.79,3,1,4,1,5,5102,34,0,0,6,1,5,2,700704,1000000
2024DL0009050,1,1678.79,42,2,1,1,14,24919,166,6000,1,1,1,5,1,700709,1000000
2024DL0009051,1,1678.79,27,2,2,1,11,22096,147,6000,1,1,1,5,1,700707,1000000
2024DL0009052,1,1678.79,1,1,1,1,8,3166,21,0,0,6,1,5,1,700709,1000000
2024DL0009053,1,1678.79,16,2,2,1,18,38022,253,0,0,6,1,5,1,700706,1000000
2024DL0009054,1,1678.79,18,1,6,1,13,35120,234,6000,1,1,1,5,2,700702,1000000
2024DL0009055,1,1678.79,17,2,9,1,18,27977,186,0,0,6,5,5,1,700705,1000000
2024DL0009056,1,1678.79,21,1,1,1,12,13474,89,9000,1,1,1,5,1,700704,1000000
2024DL0009057,1,1678.79,42,2,2,1,15,192747,501,1000,3,1,1,1,1,700702,1000000
2024DL0009058,1,1678.79,34,2,3,1,16,40784,271,2000,1,1,1,1,1,700700,1000000
2024DL0009059,1,1678.79,1,2,1,1,1,11718,78,0,0,6,1,5,1,700709,1000000
2024DL0009060,1,1678.79,1,1,2,1,5,7748,51,0,0,6,2,5,1,700701,1000000
2024DL0009061,1,1678.79,35,1,8,1,13,54125,360,5000,1,5,1,1,1,700703,1000000
2024DL0009062,1,1678.79,52,2,5,1,7,64435,429,6000,3,1,1,5,1,700701,1000000
2024DL0009063,1,1678.79,71,2,5,1,12,23481,156,0,0,6,1,1,1,700701,1000000
2024DL0009064,1,1678.79,17,2,2,1,13,23028,153,0,0,6,1,5,1,700710,1000000
2024DL0009065,1,1678.79,78,2,1,1,5,4749,31,0,0,6,1,5,1,700709,1000000
2024DL0009066,1,1678.79,26,2,3,1,9,49703,331,3000,1,1,1,1,1,700702,1000000
2024DL0009067,1,1678.79,5,2,1,1,2,8040,53,0,0,6,1,5,1,700707,1000000
2024DL0009068,1,1678.79,3,1,1,1,2,2548,16,0,0,6,1,5,1,700710,1000000
2024DL0009069,1,1678.79,6,2,6,1,4,6003,40,0,0,6,1,5,1,700700,1000000
2024DL0009070,1,1678.79,24,2,1,1,17,109581,501,1000,1,1,1,5,1,700704,1000000
2024DL0009071,1,1678.79,24,2,6,1,18,158025,501,1000,3,2,1,1,1,700703,1000000
2024DL0009072,1,1678.79,22,2,1,1,19,153498,501,1000,1,1,2,5,1,700703,1000000
2024DL0009073,1,1678.79,24,2,5,1,14,34151,227,9000,6,1,2,5,1,700706,1000000
2024DL0009074,1,1678.79,92,2,3,1,6,1935,12,0,0,6,1,1,2,700704,1000000
2024DL0009075,1,1678.79,98,1,1,1,7,5751,38,0,0,6,1,3,1,700708,1000000
2024DL0009076,1,1678.79,30,1,1,1,19,78461,501,1000,1,3,1,5,2,700708,1000000
2024DL0009077,1,1678.79,11,1,4,1,3,6579,43,0,0,6,1,5,1,700709,1000000
2024DL0009078,1,1678.79,33,1,2,1,7,10693,71,6000,1,3,1,1,1,700707,1000000
2024DL0009079,1,1678.79,46,1,3,1,10,59564,397,6000,3,4,1,1,1,700706,1000000
2024DL0009080,1,1678.79,85,1,4,1,7,6223,41,0,0,6,2,1,1,700706,1000000
2024DL0009081,1,1678.79,28,1,1,1,10,45461,303,5000,4,1,1,1,1,700701,1000000
2024DL0009082,1,1678.79,3,2,1,1,3,1443,9,0,0,6,1,5,1,700707,1000000
2024DL0009083,1,1678.79,28,1,1,1,7,21192,141,9800,6,3,2,5,1,700701,1000000
2024DL0009084,1,1678.79,44,1,2,1,6,50811,338,9000,1,1,1,2,1,700707,1000000
2024DL0009085,1,1678.79,22,2,5,1,11,32998,219,4000,1,1,1,1,1,700708,1000000
2024DL0009086,1,1678.79,33,1,4,1,11,14512,96,9000,1,1,1,1,1,700705,1000000
2024DL0009087,1,1678.79,48,1,6,1,13,131982,501,5000,3,3,1,1,1,700710,1000000
2024DL0009088,1,1678.79,6,1,3,1,9,23242,154,0,0,6,1,5,1,700710,1000000
2024DL0009089,1,1678.79,16,1,5,1,15,42361,282,0,0,6,1,5,1,700703,1000000
2024DL0009090,1,1678.79,37,2,5,1,6,68954,459,5000,1,1,1,1,1,700704,1000000
2024DL0009091,1,1678.79,19,2,2,1,13,9818,65,6000,3,1,1,5,1,700700,1000000
2024DL0009092,1,1678.79,32,1,6,1,8,12136,80,9800,1,2,1,1,2,700707,1000000
2024DL0009093,1,1678.79,5,1,8,1,4,13718,91,0,0,6,1,5,1,700701,1000000
2024DL0009094,1,1678.79,5,2,8,1,5,10353,69,0,0,6,5,5,1,700701,1000000
2024DL0009095,1,1678.79,30,1,4,1,9,21448,142,9800,4,5,1,1,1,700700,1000000
2024DL0009096,1,1678.79,4,1,2,1,5,4469,29,0,0,6,1,5,1,700707,1000000
2024DL0009097,1,1678.79,30,2,5,1,9,41364,275,9800,4,1,1,5,1,700707,1000000
2024DL0009098,1,1678.79,2,1,1,1,5,10433,69,0,0,6,1,5,1,700705,1000000
2024DL0009099,1,1678.79,34,1,1,1,14,131854,501,5000,6,1,1,1,1,700703,1000000
2024DL0009100,1,1678.79,19,1,2,1,19,38180,254,3000,1,1,1,5,1,700705,1000000
2024DL0009101,1,1678.79,22,2,1,1,18,65607,437,4000,1,5,1,5,1,700700,1000000
2024DL0009102,1,1678.79,17,1,3,1,15,29030,193,0,0,6,1,5,1,700707,1000000
2024DL0009103,1,1678.79,20,2,6,1,20,74459,496,3000,1,1,1,5,1,700702,1000000
2024DL0009104,1,1678.79,7,2,3,1,3,5662,37,0,0,6,1,5,1,700704,1000000
2024DL0009105,1,1678.79,10,2,1,1,5,32894,219,0,0,6,1,5,1,700700,1000000
2024DL0009106,1,1678.79,54,2,3,1,7,18266,121,6000,3,1,1,1,1,700707,1000000
2024DL0009107,1,1678.79,5,1,1,1,5,2568,17,0,0,6,1,5,1,700702,1000000
2024DL0009108,1,1678.79,36,1,8,1,17,114919,501,5000,1,1,1,1,2,700706,1000000
2024DL0009109,1,1678.79,45,1,5,1,15,66588,443,4000,2,1,1,1,1,700700,1000000
2024DL0009110,1,1678.79,50,1,6,1,10,88812,501,1000,1,1,1,5,1,700710,1000000
2024DL0009111,1,1678.79,45,1,6,1,10,65914,439,5000,1,5,1,1,1,700707,1000000
2024DL0009112,1,1678.79,31,2,6,1,13,10316,68,9000,1,1,1,1,1,700704,1000000
2024DL0009113,1,1678.79,21,2,5,1,17,60410,402,4000,2,1,1,5,1,700707,1000000
2024DL0009114,1,1678.79,17,2,2,1,13,7811,52,0,0,6,1,5,1,700704,1000000
2024DL0009115,1,1678.79,36,2,1,1,6,15645,104,8000,1,4,1,1,1,700702,1000000
2024DL0009116,1,1678.79,37,1,2,1,5,19965,133,9800,4,1,1,5,2,700704,1000000
2024DL0009117,1,1678.79,20,1,3,1,11,12489,83,7000,1,1,1,5,1,700701,1000000
2024DL0009118,1,1678.79,6,1,1,1,8,8313,55,0,0,6,1,5,1,700701,1000000
2024DL0009119,1,1678.79,68,2,7,1,7,7896,52,6000,1,1,1,1,1,700708,1000000
2024DL0009120,1,1678.79,19,2,1,1,15,33249,221,4000,3,1,1,5,1,700701,1000000
2024DL0009121,1,1678.79,29,1,2,1,8,5688,37,5000,1,4,1,1,1,700701,1000000
2024DL0009122,1,1678.79,2,1,1,1,3,9132,60,0,0,6,1,5,1,700702,1000000
2024DL0009123,1,1678.79,17,2,1,1,12,20187,134,0,0,6,2,5,1,700706,1000000
2024DL0009124,1,1678.79,35,2,4,1,7,28722,191,6000,1,1,1,1,2,700702,1000000
2024DL0009125,1,1678.79,58,1,1,1,6,5446,36,9000,4,1,1,5,1,700702,1000000
2024DL0009126,1,1678.79,36,1,2,1,13,22616,150,7000,1,2,5,1,1,700705,1000000
2024DL0009127,1,1678.79,5,2,6,1,7,4383,29,0,0,6,1,5,1,700700,1000000
2024DL0009128,1,1678.79,86,1,1,1,7,7449,49,0,0,6,1,5,1,700707,1000000
2024DL0009129,1,1678.79,57,1,1,1,11,21424,142,4000,3,1,1,1,1,700707,1000000
2024DL0009130,1,1678.79,40,1,2,1,6,29058,193,6000,6,1,1,5,1,700705,1000000
2024DL0009131,1,1678.79,84,1,6,1,6,4959,33,0,0,6,2,2,2,700702,1000000
2024DL0009132,1,1678.79,18,2,1,1,17,31029,206,5000,3,3,1,5,1,700709,1000000
2024DL0009133,1,1678.79,16,2,3,1,14,12584,83,0,0,6,1,5,1,700700,1000000
2024DL0009134,1,1678.79,9,1,3,1,4,4382,29,0,0,6,1,5,1,700707,1000000
2024DL0009135,1,1678.79,46,1,1,1,19,167523,501,4000,2,1,2,5,1,700706,1000000
2024DL0009136,1,1678.79,11,1,4,1,7,7835,52,0,0,6,1,5,2,700709,1000000
2024DL0009137,1,1678.79,2,1,3,1,8,5176,34,0,0,6,1,5,1,700706,1000000
2024DL0009138,1,1678.79,18,1,8,1,15,38365,255,3000,1,1,1,5,1,700707,1000000
2024DL0009139,1,1678.79,9,2,4,1,7,9487,63,0,0,6,1,5,1,700709,1000000
2024DL0009140,1,1678.79,47,1,1,1,13,43686,291,4000,1,1,1,1,1,700706,1000000
2024DL0009141,1,1678.79,31,1,5,1,18,25283,168,1000,1,5,1,5,1,700707,1000000
2024DL0009142,1,1678.79,53,2,4,1,6,10634,70,6000,1,1,1,1,1,700709,1000000
2024DL0009143,1,1678.79,20,1,3,1,15,51110,340,4000,2,1,1,5,1,700705,1000000
2024DL0009144,1,1678.79,12,1,3,1,3,7013,46,0,0,6,2,5,1,700709,1000000
2024DL0009145,1,1678.79,17,2,2,1,16,40438,269,0,0,6,1,5,1,700701,1000000
2024DL0009146,1,1678.79,6,2,3,1,1,24382,162,0,0,6,1,5,1,700700,1000000
2024DL0009147,1,1678.79,21,2,5,1,20,86369,501,4000,1,1,1,5,1,700702,1000000
2024DL0009148,1,1678.79,23,2,6,1,20,43457,289,1000,1,1,1,5,1,700703,1000000
2024DL0009149,1,1678.79,40,2,1,1,5,31815,212,5000,1,1,1,1,2,700706,1000000
2024DL0009150,1,1678.79,87,2,4,1,6,3075,20,0,0,6,1,3,1,700701,1000000
2024DL0009151,1,1678.79,21,1,5,1,20,115762,501,1000,1,5,5,5,2,700701,1000000
2024DL0009152,1,1678.79,40,1,6,1,13,78064,501,7000,1,1,2,1,1,700710,1000000
2024DL0009153,1,1678.79,38,2,1,1,15,88376,501,4000,1,2,1,1,1,700702,1000000
2024DL0009154,1,1678.79,43,1,2,1,9,29047,193,5000,4,1,1,1,1,700710,1000000
2024DL0009155,1,1678.79,25,1,9,1,19,268044,501,3000,3,1,1,1,2,700707,1000000
2024DL0009156,1,1678.79,45,2,1,1,5,9704,64,6000,1,1,2,1,1,700700,1000000
2024DL0009157,1,1678.79,48,1,4,1,11,42015,280,7000,3,1,1,1,1,700710,1000000
2024DL0009158,1,1678.79,22,1,6,1,17,38959,259,5000,6,1,1,5,1,700700,1000000
2024DL0009159,1,1678.79,1,2,1,1,5,16891,112,0,0,6,1,5,1,700701,1000000
2024DL0009160,1,1678.79,10,1,3,1,5,11531,76,0,0,6,1,5,1,700704,1000000
2024DL0009161,1,1678.79,72,1,9,1,8,13186,87,0,0,6,1,1,1,700707,1000000
2024DL0009162,1,1678.79,32,1,1,1,18,105788,501,3000,1,5,1,1,1,700703,1000000
2024DL0009163,1,1678.79,7,1,3,1,3,4279,28,0,0,6,1,5,1,700707,1000000
2024DL0009164,1,1678.79,37,2,2,1,6,36168,241,9800,4,1,1,5,1,700701,1000000
2024DL0009165,1,1678.79,18,1,2,1,19,48337,322,3000,1,1,1,5,1,700700,1000000
2024DL0009166,1,1678.79,21,1,6,1,13,5079,33,5000,1,1,1,1,1,700700,1000000
2024DL0009167,1,1678.79,15,1,6,1,14,3651,24,0,0,6,1,5,1,700710,1000000
2024DL0009168,1,1678.79,36,2,1,1,14,86956,501,9000,1,1,1,1,1,700701,1000000
2024DL0009169,1,1678.79,45,2,1,1,9,67972,453,2000,2,3,1,3,1,700704,1000000
2024DL0009170,1,1678.79,28,1,6,1,14,59378,395,2000,1,1,1,5,1,700704,1000000
2024DL0009171,1,1678.79,31,1,5,1,11,26620,177,5000,1,1,1,5,1,700706,1000000
2024DL0009172,1,1678.79,25,2,9,1,12,62290,415,2000,3,3,1,5,1,700710,1000000
2024DL0009173,1,1678.79,35,2,5,1,8,27522,183,8000,1,1,1,1,2,700702,1000000
2024DL0009174,1,1678.79,44,1,5,1,9,37071,247,5000,6,5,1,1,1,700707,1000000
2024DL0009175,1,1678.79,37,1,6,1,13,24132,160,4000,1,1,5,5,1,700709,1000000
2024DL0009176,1,1678.79,48,1,9,1,5,4994,33,5000,4,1,1,1,1,700703,1000000
2024DL0009177,1,1678.79,33,1,5,1,11,24529,163,8000,1,1,1,1,1,700710,1000000
2024DL0009178,1,1678.79,11,2,5,1,5,4202,28,0,0,6,1,5,1,700700,1000000
2024DL0009179,1,1678.79,11,1,6,1,1,4243,28,0,0,6,1,5,1,700707,1000000
2024DL0009180,1,1678.79,5,1,1,1,3,1358,9,0,0,6,1,5,1,700701,1000000
2024DL0009181,1,1678.79,12,1,2,1,4,9274,61,0,0,6,1,5,1,700704,1000000
2024DL0009182,1,1678.79,16,2,3,1,14,21071,140,0,0,6,1,5,1,700705,1000000
2024DL0009183,1,1678.79,33,1,2,1,6,24887,165,7000,1,5,1,5,1,700704,1000000
2024DL0009184,1,1678.79,57,2,2,1,11,19610,130,1000,2,3,1,5,1,700703,1000000
2024DL0009185,1,1678.79,37,1,5,1,7,11316,75,9920,1,1,1,1,1,700700,1000000
2024DL0009186,1,1678.79,18,1,3,1,15,41521,276,5000,4,2,1,5,1,700708,1000000
2024DL0009187,1,1678.79,23,2,6,1,17,31141,207,1000,1,1,1,5,1,700703,1000000
2024DL0009188,1,1678.79,21,1,5,1,17,32011,213,1000,2,1,1,5,1,700709,1000000
2024DL0009189,1,1678.79,34,2,3,1,14,67718,451,6000,3,1,1,5,1,700703,1000000
2024DL0009190,1,1678.79,36,2,1,1,5,7740,51,9920,1,1,1,1,1,700710,1000000
2024DL0009191,1,1678.79,8,1,1,1,6,5744,38,0,0,6,1,5,1,700706,1000000
2024DL0009192,1,1678.79,18,1,1,1,12,15413,102,6000,3,1,1,5,1,700702,1000000
2024DL0009193,1,1678.79,11,1,4,1,4,3127,20,0,0,6,5,5,1,700701,1000000
2024DL0009194,1,1678.79,8,1,1,1,5,20879,139,0,0,6,1,5,1,700702,1000000
2024DL0009195,1,1678.79,0,2,2,1,1,21765,145,0,0,6,1,5,1,700708,1000000
2024DL0009196,1,1678.79,6,2,1,1,9,11873,79,0,0,6,1,5,1,700708,1000000
2024DL0009197,1,1678.79,0,1,5,1,6,6713,44,0,0,6,1,5,1,700709,1000000
2024DL0009198,1,1678.79,44,2,3,1,9,35467,236,6000,1,1,1,1,1,700705,1000000
2024DL0009199,1,1678.79,56,2,4,1,15,82009,501,2000,1,1,1,5,1,700707,1000000
2024DL0009200,1,1678.79,6,1,2,1,3,2857,19,0,0,6,1,5,1,700702,1000000
2024DL0009201,1,1678.79,7,2,1,1,3,17776,118,0,0,6,2,5,1,700701,1000000
2024DL0009202,1,1678.79,25,1,3,1,13,31045,206,6000,6,1,1,5,1,700705,1000000
2024DL0009203,1,1678.79,6,1,1,1,3,21509,143,0,0,6,1,5,1,700708,1000000
2024DL0009204,1,1678.79,8,1,1,1,1,4190,27,0,0,6,1,5,1,700709,1000000
2024DL0009205,1,1678.79,1,2,4,1,5,12263,81,0,0,6,1,5,1,700708,1000000
2024DL0009206,1,1678.79,36,2,1,1,10,24107,160,5000,1,1,1,1,1,700709,1000000
2024DL0009207,1,1678.79,25,1,6,1,15,73688,491,3000,2,1,1,5,1,700700,1000000
2024DL0009208,1,1678.79,3,2,3,1,7,6046,40,0,0,6,1,5,1,700708,1000000
2024DL0009209,1,1678.79,12,2,1,1,5,6684,44,0,0,6,1,5,2,700704,1000000
2024DL0009210,1,1678.79,51,1,1,1,11,18803,125,2000,2,1,1,1,1,700710,1000000
2024DL0009211,1,1678.79,21,2,2,1,16,31787,211,4000,1,1,1,5,1,700708,1000000
2024DL0009212,1,1678.79,0,1,6,1,5,6174,41,0,0,6,1,5,1,700707,1000000
2024DL0009213,1,1678.79,57,1,4,1,6,23162,154,9920,4,1,1,1,1,700700,1000000
2024DL0009214,1,1678.79,6,1,1,1,2,8415,56,0,0,6,1,5,1,700702,1000000
2024DL0009215,1,1678.79,3,2,1,1,4,4642,30,0,0,6,1,5,1,700704,1000000
2024DL0009216,1,1678.79,38,1,1,1,14,91746,501,7000,1,1,1,2,1,700701,1000000
2024DL0009217,1,1678.79,28,2,4,1,14,65887,439,5000,1,2,1,5,1,700710,1000000
2024DL0009218,1,1678.79,49,2,1,1,11,33853,225,5000,4,1,1,2,1,700703,1000000
2024DL0009219,1,1678.79,46,1,4,1,14,68306,455,6000,1,1,1,1,1,700706,1000000
2024DL0009220,1,1678.79,11,1,1,1,5,15656,104,0,0,6,1,5,1,700701,1000000
2024DL0009221,1,1678.79,7,2,4,1,3,4848,32,0,0,6,2,5,1,700702,1000000
2024DL0009222,1,1678.79,0,2,1,1,2,16497,109,0,0,6,1,5,2,700704,1000000
2024DL0009223,1,1678.79,9,1,1,1,1,8196,54,0,0,6,1,5,1,700704,1000000
2024DL0009224,1,1678.79,63,2,9,1,8,126199,501,7000,3,3,1,2,1,700710,1000000
2024DL0009225,1,1678.79,9,1,2,1,1,9129,60,0,0,6,1,5,1,700700,1000000
2024DL0009226,1,1678.79,13,2,1,1,6,7719,51,0,0,6,1,5,1,700704,1000000
2024DL0009227,1,1678.79,28,2,3,1,9,36417,242,7000,3,1,1,1,1,700701,1000000
2024DL0009228,1,1678.79,45,1,6,1,9,142891,501,7000,1,2,1,1,1,700700,1000000
2024DL0009229,1,1678.79,45,1,5,1,11,108152,501,6000,6,1,1,1,1,700705,1000000
2024DL0009230,1,1678.79,22,2,6,1,10,30926,206,6000,3,1,1,1,1,700703,1000000
2024DL0009231,1,1678.79,55,1,1,1,6,15126,100,9920,4,1,1,5,1,700703,1000000
2024DL0009232,1,1678.79,46,2,1,1,13,49704,331,9000,1,5,1,1,1,700706,1000000
2024DL0009233,1,1678.79,6,2,1,1,7,18273,121,0,0,6,1,5,2,700709,1000000
2024DL0009234,1,1678.79,56,1,4,1,10,14988,99,5000,4,1,1,1,1,700708,1000000
2024DL0009235,1,1678.79,0,1,5,1,8,13668,91,0,0,6,1,5,1,700710,1000000
2024DL0009236,1,1678.79,3,1,4,1,7,4664,31,0,0,6,1,5,1,700700,1000000
2024DL0009237,1,1678.79,55,2,1,1,8,8539,56,7000,1,1,1,1,1,700700,1000000
2024DL0009238,1,1678.79,8,1,5,1,4,13176,87,0,0,6,1,5,1,700703,1000000
2024DL0009239,1,1678.79,13,2,1,1,2,2855,19,0,0,6,1,5,1,700709,1000000
2024DL0009240,1,1678.79,53,1,4,1,11,51089,340,8000,3,1,1,3,1,700701,1000000
2024DL0009241,1,1678.79,2,1,5,1,3,5979,39,0,0,6,1,5,1,700709,1000000
2024DL0009242,1,1678.79,19,1,1,1,14,10141,67,7000,1,1,1,5,2,700707,1000000
2024DL0009243,1,1678.79,97,2,1,1,7,16566,110,0,0,6,1,2,2,700703,1000000
2024DL0009244,1,1678.79,64,1,6,1,9,39496,263,9000,4,2,1,2,1,700705,1000000
2024DL0009245,1,1678.79,10,1,4,1,8,16547,110,0,0,6,5,5,1,700705,1000000
2024DL0009246,1,1678.79,51,1,1,1,7,32453,216,6000,4,1,1,4,1,700709,1000000
2024DL0009247,1,1678.79,24,2,4,1,11,14510,96,9000,1,1,1,5,1,700706,1000000
2024DL0009248,1,1678.79,17,2,5,1,17,17658,117,0,0,6,1,5,1,700704,1000000
2024DL0009249,1,1678.79,22,1,5,1,14,61967,413,1000,1,5,1,5,1,700700,1000000
2024DL0009250,1,1678.79,30,2,6,1,12,35061,233,6000,6,1,1,1,2,700703,1000000
2024DL0009251,1,1678.79,10,1,4,1,6,12648,84,0,0,6,1,5,1,700704,1000000
2024DL0009252,1,1678.79,11,1,4,1,2,1933,12,0,0,6,1,5,1,700710,1000000
2024DL0009253,1,1678.79,27,1,1,1,17,72744,484,4000,1,1,1,5,1,700707,1000000
2024DL0009254,1,1678.79,39,1,8,1,9,46327,308,2000,1,1,1,1,1,700701,1000000
2024DL0009255,1,1678.79,23,2,1,1,13,72021,480,7000,3,4,1,1,1,700707,1000000
2024DL0009256,1,1678.79,31,1,1,1,12,64972,433,7000,1,1,1,1,1,700709,1000000
2024DL0009257,1,1678.79,49,2,1,1,12,32783,218,7000,3,1,1,1,2,700705,1000000
2024DL0009258,1,1678.79,29,2,1,1,17,64720,431,5000,3,1,1,5,2,700707,1000000
2024DL0009259,1,1678.79,42,1,2,1,13,30286,201,6000,1,1,1,1,1,700705,1000000
2024DL0009260,1,1678.79,25,1,1,1,5,31869,212,9000,1,1,2,1,1,700701,1000000
2024DL0009261,1,1678.79,67,1,6,1,5,5988,39,7000,1,4,1,2,2,700710,1000000
2024DL0009262,1,1678.79,30,2,3,1,10,133904,501,7000,1,1,1,1,1,700701,1000000
2024DL0009263,1,1678.79,35,2,3,1,6,21254,141,5000,1,2,1,1,1,700701,1000000
2024DL0009264,1,1678.79,4,1,6,1,8,10190,67,0,0,6,1,5,1,700705,1000000
2024DL0009265,1,1678.79,50,1,4,1,8,10946,72,9920,1,4,1,1,1,700709,1000000
2024DL0009266,1,1678.79,13,1,3,1,6,3835,25,0,0,6,1,5,1,700701,1000000
2024DL0009267,1,1678.79,23,1,3,1,14,44685,297,9000,1,2,1,5,1,700709,1000000
2024DL0009268,1,1678.79,44,2,5,1,13,56812,378,5000,1,1,1,5,1,700710,1000000
2024DL0009269,1,1678.79,6,1,4,1,4,2992,19,0,0,6,1,5,1,700702,1000000
2024DL0009270,1,1678.79,51,2,1,1,12,18066,120,9000,1,1,1,2,1,700704,1000000
2024DL0009271,1,1678.79,45,2,1,1,14,89132,501,1000,1,1,1,3,1,700700,1000000
2024DL0009272,1,1678.79,21,1,6,1,20,40578,270,4000,3,1,1,5,1,700700,1000000
2024DL0009273,1,1678.79,24,2,1,1,14,29545,196,8000,1,1,1,5,1,700703,1000000
2024DL0009274,1,1678.79,12,2,6,1,3,1709,11,0,0,6,1,5,1,700703,1000000
2024DL0009275,1,1678.79,0,1,9,1,6,25536,170,0,0,6,1,5,1,700705,1000000
2024DL0009276,1,1678.79,17,1,4,1,13,13146,87,0,0,6,1,5,1,700709,1000000
2024DL0009277,1,1678.79,2,2,1,1,3,11865,79,0,0,6,1,5,1,700703,1000000
2024DL0009278,1,1678.79,1,2,4,1,8,3896,25,0,0,6,1,5,1,700707,1000000
2024DL0009279,1,1678.79,10,1,1,1,1,23357,155,0,0,6,1,5,1,700704,1000000
2024DL0009280,1,1678.79,14,1,1,1,4,5633,37,0,0,6,1,5,1,700703,1000000
2024DL0009281,1,1678.79,33,1,2,1,12,37321,248,2000,1,1,2,1,1,700700,1000000
2024DL0009282,1,1678.79,13,2,2,1,3,1875,12,0,0,6,1,5,1,700704,1000000
2024DL0009283,1,1678.79,35,1,5,1,11,81435,501,6000,1,2,1,1,1,700706,1000000
2024DL0009284,1,1678.79,59,1,5,1,5,41672,277,5000,3,1,1,4,1,700708,1000000
2024DL0009285,1,1678.79,14,1,1,1,6,4346,28,0,0,6,1,5,1,700703,1000000
2024DL0009286,1,1678.79,44,2,1,1,15,46873,312,1000,1,1,1,1,2,700704,1000000
2024DL0009287,1,1678.79,21,1,4,1,20,46072,307,3000,1,1,1,5,1,700702,1000000
2024DL0009288,1,1678.79,44,2,5,1,15,190593,501,6000,1,1,1,1,1,700708,1000000
2024DL0009289,1,1678.79,54,2,1,1,11,57708,384,8000,3,2,1,1,1,700700,1000000
2024DL0009290,1,1678.79,28,1,3,1,15,50881,339,3000,3,1,1,5,2,700701,1000000
2024DL0009291,1,1678.79,15,1,4,1,12,20435,136,0,0,6,1,5,1,700706,1000000
2024DL0009292,1,1678.79,30,1,6,1,14,45287,301,5000,6,1,1,1,1,700701,1000000
2024DL0009293,1,1678.79,8,1,2,1,9,27039,180,0,0,6,1,5,1,700709,1000000
2024DL0009294,1,1678.79,13,2,2,1,4,4292,28,0,0,6,1,5,1,700708,1000000
2024DL0009295,1,1678.79,27,1,1,1,14,98095,501,9800,1,1,1,1,1,700701,1000000
2024DL0009296,1,1678.79,22,1,3,1,18,39912,266,4000,1,1,1,5,1,700706,1000000
2024DL0009297,1,1678.79,23,2,1,1,14,105716,501,1000,1,1,1,5,1,700706,1000000
2024DL0009298,1,1678.79,12,1,2,1,6,8892,59,0,0,6,1,5,1,700704,1000000
2024DL0009299,1,1678.79,69,2,5,1,6,27558,183,8000,3,1,1,5,1,700700,1000000
2024DL0009300,1,1678.79,8,1,3,1,2,6479,43,0,0,6,1,5,1,700707,1000000
2024DL0009301,1,1678.79,12,1,5,1,2,1467,9,0,0,6,1,5,2,700706,1000000
2024DL0009302,1,1678.79,9,2,1,1,5,12591,83,0,0,6,1,5,1,700708,1000000
2024DL0009303,1,1678.79,14,1,1,1,5,2989,19,0,0,6,1,5,1,700701,1000000
2024DL0009304,1,1678.79,0,1,5,1,6,3468,23,0,0,6,2,5,1,700710,1000000
2024DL0009305,1,1678.79,35,2,6,1,7,7645,50,8000,1,1,1,1,1,700709,1000000
2024DL0009306,1,1678.79,20,2,3,1,18,28693,191,6000,3,1,1,1,1,700707,1000000
2024DL0009307,1,1678.79,19,2,8,1,11,19280,128,7000,1,1,1,5,1,700702,1000000
2024DL0009308,1,1678.79,2,2,6,1,8,3884,25,0,0,6,1,5,1,700703,1000000
2024DL0009309,1,1678.79,7,2,5,1,3,20466,136,0,0,6,1,5,1,700709,1000000
2024DL0009310,1,1678.79,21,2,1,1,13,15449,102,5000,4,1,1,5,1,700702,1000000
2024DL0009311,1,1678.79,18,2,5,1,14,19212,128,8000,6,1,1,5,2,700707,1000000
2024DL0009312,1,1678.79,21,1,1,1,19,49636,330,3000,3,1,1,5,1,700706,1000000
2024DL0009313,1,1678.79,11,1,9,1,4,8299,55,0,0,6,1,5,1,700709,1000000
2024DL0009314,1,1678.79,57,2,1,1,13,136431,501,8000,3,1,1,1,1,700700,1000000
2024DL0009315,1,1678.79,43,1,6,1,5,29859,199,9800,4,1,1,1,1,700709,1000000
2024DL0009316,1,1678.79,25,1,5,1,12,17699,117,7000,3,1,2,5,1,700710,1000000
2024DL0009317,1,1678.79,37,1,1,1,13,35367,235,9000,1,1,1,1,1,700703,1000000
2024DL0009318,1,1678.79,21,1,3,1,18,15856,105,4000,1,5,1,5,1,700709,1000000
2024DL0009319,1,1678.79,8,1,5,1,6,14272,95,0,0,6,1,5,1,700701,1000000
2024DL0009320,1,1678.79,21,1,3,1,15,36006,240,4000,1,1,1,1,1,700705,1000000
2024DL0009321,1,1678.79,83,1,5,1,10,50779,338,0,0,6,1,1,1,700706,1000000
2024DL0009322,1,1678.79,40,2,4,1,9,56530,376,9800,1,1,1,2,1,700710,1000000
2024DL0009323,1,1678.79,18,1,3,1,19,106386,501,1000,1,1,1,5,1,700709,1000000
2024DL0009324,1,1678.79,36,1,1,1,10,42702,284,6000,1,3,1,1,1,700708,1000000
2024DL0009325,1,1678.79,43,2,1,1,15,148155,501,1000,1,1,1,1,1,700707,1000000
2024DL0009326,1,1678.79,7,1,5,1,8,6713,44,0,0,6,1,5,1,700704,1000000
2024DL0009327,1,1678.79,17,1,1,1,19,181956,501,0,0,6,1,5,1,700707,1000000
2024DL0009328,1,1678.79,15,2,2,1,20,118225,501,0,0,6,1,5,1,700704,1000000
2024DL0009329,1,1678.79,20,1,3,1,17,24300,162,4000,1,4,1,5,1,700703,1000000
2024DL0009330,1,1678.79,34,2,4,1,10,112382,501,2000,1,1,1,1,1,700709,1000000
2024DL0009331,1,1678.79,59,2,4,1,5,43588,290,7000,6,1,1,1,1,700710,1000000
2024DL0009332,1,1678.79,38,2,1,1,6,43297,288,9800,4,1,1,1,1,700705,1000000
2024DL0009333,1,1678.79,31,2,6,1,10,57757,385,9000,4,1,1,1,1,700702,1000000
2024DL0009334,1,1678.79,18,2,3,1,15,42797,285,5000,3,1,1,5,1,700703,1000000
2024DL0009335,1,1678.79,14,1,4,1,4,9613,64,0,0,6,1,5,1,700710,1000000
2024DL0009336,1,1678.79,9,1,3,1,3,3051,20,0,0,6,1,5,1,700701,1000000
2024DL0009337,1,1678.79,23,1,4,1,17,26741,178,1000,1,1,1,5,1,700705,1000000
2024DL0009338,1,1678.79,9,1,3,1,1,8945,59,0,0,6,1,5,1,700706,1000000
2024DL0009339,1,1678.79,39,2,4,1,5,21243,141,9920,4,2,1,1,1,700700,1000000
2024DL0009340,1,1678.79,8,2,2,1,9,33202,221,0,0,6,5,5,2,700705,1000000
2024DL0009341,1,1678.79,29,1,4,1,8,52979,353,7000,3,4,1,5,1,700708,1000000
2024DL0009342,1,1678.79,0,1,3,1,2,4614,30,0,0,6,1,5,1,700701,1000000
2024DL0009343,1,1678.79,11,2,1,1,4,10645,70,0,0,6,1,5,1,700708,1000000
2024DL0009344,1,1678.79,39,2,6,1,11,35687,237,3000,3,1,1,1,1,700710,1000000
2024DL0009345,1,1678.79,30,1,6,1,12,29245,194,6000,1,2,1,5,1,700704,1000000
2024DL0009346,1,1678.79,13,2,4,1,5,5239,34,0,0,6,2,5,1,700708,1000000
2024DL0009347,1,1678.79,21,1,4,1,15,31001,206,5000,4,1,1,5,1,700704,1000000
2024DL0009348,1,1678.79,2,2,1,1,1,3116,20,0,0,6,1,5,1,700706,1000000
2024DL0009349,1,1678.79,24,1,1,1,14,42408,282,1000,1,1,1,5,1,700708,1000000
2024DL0009350,1,1678.79,57,1,1,1,7,20174,134,9920,1,1,1,1,1,700703,1000000
2024DL0009351,1,1678.79,97,2,5,1,5,9227,61,0,0,6,1,1,1,700706,1000000
2024DL0009352,1,1678.79,15,2,1,1,18,22901,152,0,0,6,2,5,1,700706,1000000
2024DL0009353,1,1678.79,39,2,1,1,12,47806,318,5000,1,1,1,1,1,700703,1000000
2024DL0009354,1,1678.79,20,1,5,1,20,56538,376,3000,2,1,1,1,1,700709,1000000
2024DL0009355,1,1678.79,41,2,4,1,18,260191,501,6000,1,1,1,1,1,700709,1000000
2024DL0009356,1,1678.79,13,1,3,1,6,14177,94,0,0,6,1,5,1,700709,1000000
2024DL0009357,1,1678.79,42,1,3,1,20,169708,501,3000,1,1,1,5,1,700700,1000000
2024DL0009358,1,1678.79,32,1,1,1,14,45407,302,8000,1,1,1,1,1,700703,1000000
2024DL0009359,1,1678.79,21,1,8,1,13,4776,31,5000,4,1,1,5,1,700706,1000000
2024DL0009360,1,1678.79,26,2,1,1,12,11725,78,7000,4,1,1,5,1,700709,1000000
2024DL0009361,1,1678.79,21,2,4,1,18,62915,419,3000,1,1,1,5,1,700706,1000000
2024DL0009362,1,1678.79,13,1,6,1,5,20735,138,0,0,6,2,5,1,700709,1000000
2024DL0009363,1,1678.79,38,1,4,1,8,28124,187,6000,1,1,1,1,1,700703,1000000
2024DL0009364,1,1678.79,10,1,4,1,6,15123,100,0,0,6,1,5,2,700709,1000000
2024DL0009365,1,1678.79,18,2,1,1,15,23581,157,3000,1,1,1,5,1,700705,1000000
2024DL0009366,1,1678.79,13,2,6,1,7,5063,33,0,0,6,1,5,2,700707,1000000
2024DL0009367,1,1678.79,48,2,6,1,12,10649,70,5000,3,1,1,1,1,700707,1000000
2024DL0009368,1,1678.79,24,2,3,1,14,53496,356,9000,1,2,1,1,1,700710,1000000
2024DL0009369,1,1678.79,0,1,5,1,9,38478,256,0,0,6,1,5,1,700704,1000000
2024DL0009370,1,1678.79,50,2,5,1,9,46173,307,5000,3,2,1,1,2,700709,1000000
2024DL0009371,1,1678.79,8,1,2,1,3,4514,30,0,0,6,1,5,1,700709,1000000
2024DL0009372,1,1678.79,19,1,1,1,12,9344,62,7000,1,1,1,5,1,700709,1000000
2024DL0009373,1,1678.79,91,2,9,1,6,10496,69,0,0,6,1,3,1,700702,1000000
2024DL0009374,1,1678.79,24,2,1,1,14,14929,99,6000,1,4,1,5,1,700705,1000000
2024DL0009375,1,1678.79,8,1,6,1,6,12429,82,0,0,6,2,5,1,700707,1000000
2024DL0009376,1,1678.79,16,2,1,1,12,15591,103,0,0,6,1,5,1,700709,1000000
2024DL0009377,1,1678.79,20,2,1,1,19,60502,403,4000,2,1,1,1,1,700701,1000000
2024DL0009378,1,1678.79,16,2,1,1,20,49080,327,0,0,6,5,5,1,700703,1000000
2024DL0009379,1,1678.79,5,1,3,1,6,11251,75,0,0,6,1,5,1,700703,1000000
2024DL0009380,1,1678.79,40,2,1,1,10,35279,235,7000,1,1,1,1,2,700705,1000000
2024DL0009381,1,1678.79,25,1,1,1,12,24547,163,8000,3,1,1,1,1,700700,1000000
2024DL0009382,1,1678.79,91,2,1,1,9,8796,58,0,0,6,2,5,1,700704,1000000
2024DL0009383,1,1678.79,8,2,1,1,8,5277,35,0,0,6,1,5,1,700707,1000000
2024DL0009384,1,1678.79,24,2,1,1,14,31050,206,1000,3,1,1,1,1,700701,1000000
2024DL0009385,1,1678.79,25,2,5,1,7,17150,114,5000,1,1,1,5,1,700704,1000000
2024DL0009386,1,1678.79,34,1,3,1,6,16960,113,9920,3,1,1,1,1,700706,1000000
2024DL0009387,1,1678.79,44,1,2,1,16,103799,501,5000,3,1,1,1,1,700703,1000000
2024DL0009388,1,1678.79,56,1,6,1,12,24721,164,8000,1,1,1,1,1,700707,1000000
2024DL0009389,1,1678.79,24,2,6,1,14,29407,196,8000,1,5,1,1,1,700705,1000000
2024DL0009390,1,1678.79,9,2,2,1,6,12031,80,0,0,6,1,5,1,700703,1000000
2024DL0009391,1,1678.79,25,2,5,1,9,35078,233,8000,1,1,1,5,1,700704,1000000
2024DL0009392,1,1678.79,45,1,5,1,8,31581,210,9800,4,1,1,1,1,700703,1000000
2024DL0009393,1,1678.79,18,2,5,1,12,10807,72,9000,4,1,1,5,2,700707,1000000
2024DL0009394,1,1678.79,29,2,1,1,6,12355,82,7000,3,3,1,1,1,700705,1000000
2024DL0009395,1,1678.79,56,1,6,1,13,13293,88,5000,3,1,1,1,2,700701,1000000
2024DL0009396,1,1678.79,7,2,1,1,2,11051,73,0,0,6,1,5,2,700708,1000000
2024DL0009397,1,1678.79,37,1,4,1,9,38627,257,8000,4,1,1,1,1,700701,1000000
2024DL0009398,1,1678.79,1,2,5,1,3,8441,56,0,0,6,1,5,1,700703,1000000
2024DL0009399,1,1678.79,33,2,1,1,11,48375,322,1000,1,1,1,5,1,700710,1000000
2024DL0009400,1,1678.79,27,2,1,1,20,157565,501,3000,1,1,1,5,1,700707,1000000
2024DL0009401,1,1678.79,93,1,3,1,5,9519,63,0,0,6,2,1,1,700703,1000000
2024DL0009402,1,1678.79,24,2,3,1,15,185181,501,1000,1,1,1,5,2,700700,1000000
2024DL0009403,1,1678.79,21,2,1,1,13,44925,299,9000,1,1,1,5,1,700703,1000000
2024DL0009404,1,1678.79,39,2,1,1,9,62016,413,6000,1,1,1,1,1,700706,1000000
2024DL0009405,1,1678.79,93,2,4,1,9,23784,158,0,0,6,1,2,1,700710,1000000
2024DL0009406,1,1678.79,42,2,1,1,17,104444,501,3000,2,1,1,1,1,700710,1000000
2024DL0009407,1,1678.79,52,1,2,1,11,33468,223,5000,1,1,1,1,2,700704,1000000
2024DL0009408,1,1678.79,8,1,1,1,7,8634,57,0,0,6,1,5,1,700703,1000000
2024DL0009409,1,1678.79,1,1,1,1,6,1234,8,0,0,6,1,5,2,700706,1000000
2024DL0009410,1,1678.79,54,2,6,1,7,60083,400,9800,4,1,1,2,1,700707,1000000
2024DL0009411,1,1678.79,41,1,2,1,9,46192,307,5000,3,1,1,1,1,700701,1000000
2024DL0009412,1,1678.79,32,1,1,1,12,49312,328,7000,1,3,1,1,1,700707,1000000
2024DL0009413,1,1678.79,10,1,2,1,3,1221,8,0,0,6,1,5,1,700703,1000000
2024DL0009414,1,1678.79,50,2,1,1,13,71456,476,5000,1,1,1,5,1,700709,1000000
2024DL0009415,1,1678.79,22,1,1,1,20,157334,501,1000,2,1,1,5,1,700700,1000000
2024DL0009416,1,1678.79,24,2,1,1,17,94972,501,4000,1,1,1,5,1,700705,1000000
2024DL0009417,1,1678.79,18,2,4,1,15,30375,202,3000,1,1,1,5,1,700701,1000000
2024DL0009418,1,1678.79,3,1,1,1,5,17488,116,0,0,6,1,5,1,700701,1000000
2024DL0009419,1,1678.79,64,2,4,1,7,15520,103,6000,1,1,1,1,1,700704,1000000
2024DL0009420,1,1678.79,51,2,3,1,20,453192,501,3000,2,1,1,1,1,700705,1000000
2024DL0009421,1,1678.79,25,2,3,1,9,36169,241,6000,1,1,1,5,1,700703,1000000
2024DL0009422,1,1678.79,37,1,5,1,13,18006,120,6000,4,1,1,1,1,700701,1000000
2024DL0009423,1,1678.79,41,2,1,1,8,30126,200,6000,1,3,1,1,1,700707,1000000
2024DL0009424,1,1678.79,29,1,2,1,13,17556,117,5000,1,1,1,1,1,700700,1000000
2024DL0009425,1,1678.79,58,1,2,1,11,31717,211,7000,1,1,1,3,1,700710,1000000
2024DL0009426,1,1678.79,43,1,3,1,8,12583,83,5000,3,1,2,3,1,700709,1000000
2024DL0009427,1,1678.79,36,1,4,1,11,29299,195,5000,1,1,1,1,1,700703,1000000
2024DL0009428,1,1678.79,18,1,5,1,18,22806,152,5000,6,1,1,5,1,700709,1000000
2024DL0009429,1,1678.79,12,1,1,1,3,3411,22,0,0,6,1,5,2,700706,1000000
2024DL0009430,1,1678.79,14,2,1,1,5,8409,56,0,0,6,1,5,1,700710,1000000
2024DL0009431,1,1678.79,12,1,4,1,4,2511,16,0,0,6,1,5,2,700709,1000000
2024DL0009432,1,1678.79,53,1,4,1,13,50898,339,5000,1,3,1,1,2,700707,1000000
2024DL0009433,1,1678.79,13,2,1,1,4,17665,117,0,0,6,1,5,1,700706,1000000
2024DL0009434,1,1678.79,24,2,1,1,10,29490,196,3000,2,1,1,5,1,700709,1000000
2024DL0009435,1,1678.79,2,2,5,1,5,3553,23,0,0,6,1,5,1,700702,1000000
2024DL0009436,1,1678.79,11,1,5,1,3,3390,22,0,0,6,2,5,1,700706,1000000
2024DL0009437,1,1678.79,25,1,3,1,8,15780,105,9800,1,1,1,1,2,700709,1000000
2024DL0009438,1,1678.79,13,1,4,1,1,18889,125,0,0,6,1,5,1,700702,1000000
2024DL0009439,1,1678.79,44,2,1,1,5,4344,28,7000,4,2,2,1,1,700709,1000000
2024DL0009440,1,1678.79,27,2,1,1,19,81945,501,1000,3,5,1,1,1,700707,1000000
2024DL0009441,1,1678.79,44,1,5,1,12,76439,501,9000,4,1,1,3,1,700708,1000000
2024DL0009442,1,1678.79,39,1,6,1,14,20429,136,7000,6,2,1,1,1,700708,1000000
2024DL0009443,1,1678.79,39,2,1,1,11,106316,501,1000,1,1,1,1,1,700704,1000000
2024DL0009444,1,1678.79,6,1,1,1,3,3998,26,0,0,6,1,5,1,700700,1000000
2024DL0009445,1,1678.79,22,2,1,1,15,94458,501,2000,2,1,1,5,1,700703,1000000
2024DL0009446,1,1678.79,32,2,3,1,10,24257,161,7000,4,1,1,1,1,700707,1000000
2024DL0009447,1,1678.79,79,2,1,1,6,14927,99,0,0,6,1,2,1,700710,1000000
2024DL0009448,1,1678.79,26,2,2,1,14,24769,165,7000,3,1,1,1,1,700710,1000000
2024DL0009449,1,1678.79,43,2,2,1,15,164914,501,1000,1,1,1,1,1,700701,1000000
2024DL0009450,1,1678.79,35,1,3,1,12,66760,445,9000,1,1,1,1,1,700709,1000000
2024DL0009451,1,1678.79,4,1,1,1,5,6465,43,0,0,6,1,5,1,700700,1000000
2024DL0009452,1,1678.79,2,2,1,1,3,6459,43,0,0,6,1,5,1,700710,1000000
2024DL0009453,1,1678.79,39,2,5,1,15,123521,501,3000,2,1,1,1,2,700707,1000000
2024DL0009454,1,1678.79,57,1,4,1,10,11209,74,5000,1,1,1,2,1,700707,1000000
2024DL0009455,1,1678.79,44,1,3,1,14,55890,372,6000,3,1,1,1,1,700701,1000000
2024DL0009456,1,1678.79,78,1,1,1,7,43447,289,0,0,6,1,1,1,700703,1000000
2024DL0009457,1,1678.79,30,1,5,1,8,21768,145,6000,6,1,1,5,1,700707,1000000
2024DL0009458,1,1678.79,37,1,1,1,13,18651,124,7000,3,1,2,3,1,700700,1000000
2024DL0009459,1,1678.79,0,2,1,1,6,9610,64,0,0,6,2,5,1,700702,1000000
2024DL0009460,1,1678.79,22,2,5,1,13,46805,312,8000,1,1,1,1,1,700708,1000000
2024DL0009461,1,1678.79,38,2,4,1,11,34795,231,9000,4,1,1,1,1,700707,1000000
2024DL0009462,1,1678.79,12,1,2,1,3,2974,19,0,0,6,1,5,2,700701,1000000
2024DL0009463,1,1678.79,21,2,1,1,18,51930,346,2000,1,1,1,1,1,700702,1000000
2024DL0009464,1,1678.79,11,2,1,1,5,3044,20,0,0,6,2,5,1,700710,1000000
2024DL0009465,1,1678.79,31,2,1,1,17,143261,501,3000,3,1,1,5,1,700708,1000000
2024DL0009466,1,1678.79,51,1,4,1,11,34176,227,9800,1,2,1,1,1,700701,1000000
2024DL0009467,1,1678.79,39,1,6,1,11,61612,410,6000,4,1,1,1,1,700707,1000000
2024DL0009468,1,1678.79,44,2,1,1,12,28615,190,5000,1,1,1,1,1,700707,1000000
2024DL0009469,1,1678.79,27,1,1,1,11,61296,408,4000,3,1,1,1,1,700709,1000000
2024DL0009470,1,1678.79,11,1,1,1,2,3090,20,0,0,6,1,5,2,700702,1000000
2024DL0009471,1,1678.79,22,2,5,1,14,56579,377,6000,1,1,1,1,2,700707,1000000
2024DL0009472,1,1678.79,45,1,6,1,6,29638,197,9000,1,4,1,2,1,700700,1000000
2024DL0009473,1,1678.79,37,1,1,1,11,55927,372,6000,4,1,1,1,1,700705,1000000
2024DL0009474,1,1678.79,23,2,1,1,17,73911,492,5000,1,1,1,5,1,700708,1000000
2024DL0009475,1,1678.79,26,2,4,1,7,8296,55,7000,1,1,1,5,1,700709,1000000
2024DL0009476,1,1678.79,1,2,5,1,4,11119,74,0,0,6,1,5,1,700701,1000000
2024DL0009477,1,1678.79,36,1,4,1,8,15412,102,9000,4,1,1,1,1,700709,1000000
2024DL0009478,1,1678.79,13,2,2,1,4,6449,42,0,0,6,1,5,1,700710,1000000
2024DL0009479,1,1678.79,0,1,5,1,7,7134,47,0,0,6,1,5,2,700707,1000000
2024DL0009480,1,1678.79,24,2,1,1,15,92595,501,2000,1,5,1,5,1,700704,1000000
2024DL0009481,1,1678.79,29,1,1,1,11,23773,158,6000,3,1,1,5,1,700702,1000000
2024DL0009482,1,1678.79,24,1,4,1,18,38026,253,3000,3,1,1,5,1,700710,1000000
2024DL0009483,1,1678.79,32,1,1,1,12,43018,286,1000,1,1,1,5,1,700708,1000000
2024DL0009484,1,1678.79,4,1,6,1,3,19809,132,0,0,6,1,5,1,700705,1000000
2024DL0009485,1,1678.79,23,1,4,1,11,151965,501,6000,1,1,1,5,1,700701,1000000
2024DL0009486,1,1678.79,14,1,6,1,4,17670,117,0,0,6,1,5,1,700710,1000000
2024DL0009487,1,1678.79,49,1,1,1,6,60273,401,9800,6,5,1,1,1,700707,1000000
2024DL0009488,1,1678.79,45,1,1,1,10,30770,205,6000,3,1,1,3,1,700709,1000000
2024DL0009489,1,1678.79,44,2,4,1,5,17391,115,6000,4,1,1,1,2,700707,1000000
2024DL0009490,1,1678.79,15,2,3,1,17,65011,433,0,0,6,1,5,1,700708,1000000
2024DL0009491,1,1678.79,20,1,2,1,19,58494,389,1000,1,1,1,5,1,700701,1000000
2024DL0009492,1,1678.79,31,1,2,1,9,71439,476,7000,1,1,1,1,1,700705,1000000
2024DL0009493,1,1678.79,22,2,6,1,12,28899,192,1000,2,1,1,5,1,700704,1000000
2024DL0009494,1,1678.79,32,1,6,1,5,18290,121,8000,3,1,1,1,1,700703,1000000
2024DL0009495,1,1678.79,2,1,4,1,4,6511,43,0,0,6,1,5,1,700707,1000000
2024DL0009496,1,1678.79,40,1,3,1,10,32830,218,5000,1,1,2,1,1,700708,1000000
2024DL0009497,1,1678.79,42,1,8,1,10,62808,418,5000,1,1,1,1,1,700703,1000000
2024DL0009498,1,1678.79,19,1,3,1,14,25688,171,5000,3,1,2,5,1,700700,1000000
2024DL0009499,1,1678.79,43,1,1,1,10,47539,316,7000,6,1,1,1,1,700700,1000000
2024DL0009500,1,1678.79,50,2,1,1,15,86759,501,3000,1,1,1,1,1,700707,1000000
2024DL0009501,1,1678.79,37,1,1,1,12,20265,135,4000,1,1,2,1,1,700702,1000000
2024DL0009502,1,1678.79,90,2,8,1,9,59408,396,0,0,6,1,1,1,700708,1000000
2024DL0009503,1,1678.79,39,1,1,1,18,121904,501,4000,1,1,1,3,1,700703,1000000
2024DL0009504,1,1678.79,14,2,1,1,3,6686,44,0,0,6,1,5,1,700700,1000000
2024DL0009505,1,1678.79,49,1,2,1,5,60127,400,9800,3,1,1,1,1,700710,1000000
2024DL0009506,1,1678.79,37,1,1,1,13,103488,501,9800,4,1,1,1,1,700710,1000000
2024DL0009507,1,1678.79,17,2,1,1,11,12727,84,0,0,6,1,5,1,700702,1000000
2024DL0009508,1,1678.79,22,1,2,1,13,67152,447,7000,1,1,1,5,1,700703,1000000
2024DL0009509,1,1678.79,4,2,1,1,4,10335,68,0,0,6,1,5,1,700700,1000000
2024DL0009510,1,1678.79,69,1,2,1,7,9325,62,5000,3,1,1,1,1,700707,1000000
2024DL0009511,1,1678.79,45,2,4,1,16,164853,501,2000,2,1,2,1,1,700703,1000000
2024DL0009512,1,1678.79,6,1,1,1,1,3983,26,0,0,6,1,5,2,700701,1000000
2024DL0009513,1,1678.79,40,1,1,1,10,46571,310,9800,3,1,1,1,1,700710,1000000
2024DL0009514,1,1678.79,24,1,3,1,17,76931,501,3000,2,1,1,5,1,700700,1000000
2024DL0009515,1,1678.79,34,1,5,1,12,67107,447,6000,1,4,1,1,1,700702,1000000
2024DL0009516,1,1678.79,0,2,6,1,3,12179,81,0,0,6,1,5,1,700708,1000000
2024DL0009517,1,1678.79,16,2,1,1,14,26061,173,0,0,6,1,5,1,700701,1000000
2024DL0009518,1,1678.79,5,1,2,1,2,2780,18,0,0,6,1,5,2,700704,1000000
2024DL0009519,1,1678.79,38,1,1,1,11,83090,501,9000,3,1,1,1,1,700702,1000000
2024DL0009520,1,1678.79,21,2,2,1,15,33350,222,5000,1,1,1,1,1,700707,1000000
2024DL0009521,1,1678.79,6,1,6,1,4,3837,25,0,0,6,1,5,2,700701,1000000
2024DL0009522,1,1678.79,15,1,2,1,19,61416,409,0,0,6,1,5,1,700705,1000000
2024DL0009523,1,1678.79,1,2,1,1,5,3185,21,0,0,6,1,5,1,700702,1000000
2024DL0009524,1,1678.79,4,1,6,1,6,10468,69,0,0,6,1,5,2,700707,1000000
2024DL0009525,1,1678.79,30,2,1,1,14,28610,190,7000,1,1,1,1,1,700702,1000000
2024DL0009526,1,1678.79,3,2,5,1,1,7418,49,0,0,6,1,5,1,700709,1000000
2024DL0009527,1,1678.79,6,1,1,1,3,9758,65,0,0,6,1,5,1,700710,1000000
2024DL0009528,1,1678.79,42,1,3,1,7,30462,203,5000,1,1,1,1,1,700707,1000000
2024DL0009529,1,1678.79,22,2,3,1,19,176872,501,1000,1,1,1,5,1,700708,1000000
2024DL0009530,1,1678.79,16,2,6,1,14,20596,137,0,0,6,1,5,2,700707,1000000
2024DL0009531,1,1678.79,32,1,2,1,10,28225,188,9800,1,1,1,1,1,700701,1000000
2024DL0009532,1,1678.79,59,1,5,1,11,20178,134,9800,3,1,1,2,2,700707,1000000
2024DL0009533,1,1678.79,13,1,3,1,2,4092,27,0,0,6,1,5,2,700707,1000000
2024DL0009534,1,1678.79,12,1,1,1,5,3170,21,0,0,6,1,5,1,700704,1000000
2024DL0009535,1,1678.79,54,1,4,1,6,10825,72,8000,1,1,1,1,1,700708,1000000
2024DL0009536,1,1678.79,15,1,1,1,17,18454,123,0,0,6,2,5,1,700702,1000000
2024DL0009537,1,1678.79,11,2,6,1,9,21012,140,0,0,6,1,5,1,700706,1000000
2024DL0009538,1,1678.79,21,2,1,1,14,11701,78,7000,1,2,1,5,2,700700,1000000
2024DL0009539,1,1678.79,42,1,9,1,5,34200,227,5000,4,1,1,5,1,700701,1000000
2024DL0009540,1,1678.79,20,1,2,1,11,16812,112,6000,6,2,1,5,1,700703,1000000
2024DL0009541,1,1678.79,28,2,2,1,7,12956,86,9920,4,1,1,1,2,700700,1000000
2024DL0009542,1,1678.79,57,2,5,1,7,20001,133,6000,1,5,1,1,1,700708,1000000
2024DL0009543,1,1678.79,10,2,2,1,4,13635,90,0,0,6,1,5,1,700702,1000000
2024DL0009544,1,1678.79,18,2,1,1,15,17180,114,5000,1,1,1,5,1,700710,1000000
2024DL0009545,1,1678.79,3,1,6,1,4,10696,71,0,0,6,1,5,1,700708,1000000
2024DL0009546,1,1678.79,28,1,2,1,7,12297,81,6000,1,1,1,5,1,700710,1000000
2024DL0009547,1,1678.79,7,1,4,1,3,3122,20,0,0,6,1,5,1,700703,1000000
2024DL0009548,1,1678.79,12,1,6,1,1,11235,74,0,0,6,1,5,1,700700,1000000
2024DL0009549,1,1678.79,12,1,5,1,3,6404,42,0,0,6,1,5,1,700700,1000000
2024DL0009550,1,1678.79,49,2,1,1,15,241507,501,5000,6,1,1,1,1,700705,1000000
2024DL0009551,1,1678.79,42,1,6,1,14,16358,109,9000,6,1,1,1,1,700702,1000000
2024DL0009552,1,1678.79,13,2,1,1,6,6782,45,0,0,6,1,5,1,700709,1000000
2024DL0009553,1,1678.79,40,1,1,1,6,23590,157,5000,3,1,1,1,1,700709,1000000
2024DL0009554,1,1678.79,46,1,2,1,9,22334,148,6000,1,1,1,1,1,700707,1000000
2024DL0009555,1,1678.79,43,2,1,1,10,51296,341,7000,4,3,1,5,2,700706,1000000
2024DL0009556,1,1678.79,88,2,1,1,5,5050,33,0,0,6,2,1,2,700705,1000000
2024DL0009557,1,1678.79,40,1,6,1,13,38384,255,7000,6,1,1,5,1,700705,1000000
2024DL0009558,1,1678.79,27,2,1,1,7,11759,78,9920,1,1,1,5,2,700700,1000000
2024DL0009559,1,1678.79,28,1,5,1,12,21097,140,5000,1,1,1,5,2,700705,1000000
2024DL0009560,1,1678.79,37,1,4,1,11,24770,165,9000,1,1,1,1,1,700702,1000000
2024DL0009561,1,1678.79,42,2,7,1,6,54729,364,6000,4,1,1,5,1,700704,1000000
2024DL0009562,1,1678.79,36,1,5,1,12,16211,108,7000,1,4,1,1,1,700710,1000000
2024DL0009563,1,1678.79,42,2,1,1,14,57067,380,7000,3,2,1,1,1,700709,1000000
2024DL0009564,1,1678.79,24,2,1,1,15,22337,148,4000,2,5,1,5,1,700707,1000000
2024DL0009565,1,1678.79,65,2,1,1,10,31290,208,7000,4,1,1,3,1,700700,1000000
2024DL0009566,1,1678.79,25,1,3,1,14,14576,97,2000,1,4,1,5,1,700706,1000000
2024DL0009567,1,1678.79,80,1,1,1,7,50028,333,0,0,6,1,1,1,700707,1000000
2024DL0009568,1,1678.79,28,1,1,1,7,21652,144,9800,4,1,1,1,1,700703,1000000
2024DL0009569,1,1678.79,35,1,6,1,7,77828,501,9920,3,4,1,1,2,700707,1000000
2024DL0009570,1,1678.79,41,2,1,1,7,22936,152,5000,1,1,1,1,1,700703,1000000
2024DL0009571,1,1678.79,16,1,1,1,12,31815,212,0,0,6,1,5,1,700701,1000000
2024DL0009572,1,1678.79,42,2,1,1,7,36572,243,5000,1,1,1,1,1,700705,1000000
2024DL0009573,1,1678.79,20,2,1,1,16,17802,118,3000,1,1,1,5,1,700700,1000000
2024DL0009574,1,1678.79,18,2,4,1,16,42125,280,5000,1,1,1,5,2,700703,1000000
2024DL0009575,1,1678.79,55,1,1,1,13,47826,318,7000,3,1,1,1,1,700707,1000000
2024DL0009576,1,1678.79,33,1,2,1,13,91085,501,8000,1,1,1,1,1,700710,1000000
2024DL0009577,1,1678.79,82,2,1,1,6,18417,122,0,0,6,1,1,2,700701,1000000
2024DL0009578,1,1678.79,36,1,2,1,12,20001,133,9000,1,1,1,3,1,700700,1000000
2024DL0009579,1,1678.79,75,1,5,1,10,24333,162,0,0,6,1,1,1,700710,1000000
2024DL0009580,1,1678.79,37,2,1,1,9,11698,77,1000,1,1,1,1,1,700709,1000000
2024DL0009581,1,1678.79,14,1,5,1,6,22099,147,0,0,6,1,5,1,700702,1000000
2024DL0009582,1,1678.79,58,2,1,1,12,12946,86,6000,6,1,1,1,2,700706,1000000
2024DL0009583,1,1678.79,27,1,1,1,10,44433,296,9000,1,2,1,1,1,700710,1000000
2024DL0009584,1,1678.79,11,1,1,1,1,5332,35,0,0,6,1,5,1,700705,1000000
2024DL0009585,1,1678.79,40,2,3,1,12,22239,148,3000,3,4,1,1,1,700700,1000000
2024DL0009586,1,1678.79,18,2,1,1,13,31674,211,9000,1,1,1,5,1,700700,1000000
2024DL0009587,1,1678.79,89,1,1,1,12,24065,160,0,0,6,1,5,1,700708,1000000
2024DL0009588,1,1678.79,35,1,1,1,10,23971,159,5000,1,1,1,5,1,700700,1000000
2024DL0009589,1,1678.79,61,2,1,1,5,17115,114,9800,1,1,1,1,1,700701,1000000
2024DL0009590,1,1678.79,49,2,2,1,9,36862,245,1000,2,1,1,1,1,700707,1000000
2024DL0009591,1,1678.79,7,2,1,1,7,3830,25,0,0,6,1,5,1,700702,1000000
2024DL0009592,1,1678.79,40,1,9,1,11,66979,446,2000,1,2,1,3,1,700706,1000000
2024DL0009593,1,1678.79,43,1,1,1,8,16362,109,9920,3,1,1,1,1,700702,1000000
2024DL0009594,1,1678.79,18,1,1,1,16,57378,382,6000,1,1,1,5,1,700709,1000000
2024DL0009595,1,1678.79,37,1,3,1,7,5131,34,6000,1,1,1,1,1,700702,1000000
2024DL0009596,1,1678.79,59,2,1,1,15,52106,347,3000,1,1,1,5,1,700706,1000000
2024DL0009597,1,1678.79,31,2,5,1,5,17742,118,9800,6,1,1,1,1,700705,1000000
2024DL0009598,1,1678.79,32,2,4,1,13,36774,245,7000,1,5,1,5,1,700710,1000000
2024DL0009599,1,1678.79,51,2,1,1,8,14386,95,6000,3,1,1,2,1,700708,1000000
2024DL0009600,1,1678.79,40,2,1,1,13,71866,479,3000,1,2,1,5,1,700701,1000000
2024DL0009601,1,1678.79,35,1,1,1,7,19546,130,7000,3,1,1,1,1,700706,1000000
2024DL0009602,1,1678.79,19,1,6,1,12,20542,136,6000,4,1,2,5,1,700706,1000000
2024DL0009603,1,1678.79,44,1,9,1,13,42693,284,5000,3,1,1,5,1,700709,1000000
2024DL0009604,1,1678.79,36,1,3,1,9,22621,150,7000,1,2,1,5,1,700701,1000000
2024DL0009605,1,1678.79,17,2,3,1,13,27346,182,0,0,6,1,5,1,700700,1000000
2024DL0009606,1,1678.79,6,2,7,1,3,5175,34,0,0,6,1,5,1,700705,1000000
2024DL0009607,1,1678.79,4,1,1,1,3,11186,74,0,0,6,1,5,1,700702,1000000
2024DL0009608,1,1678.79,11,1,2,1,8,9033,60,0,0,6,1,5,1,700709,1000000
2024DL0009609,1,1678.79,10,2,7,1,1,9138,60,0,0,6,1,5,1,700702,1000000
2024DL0009610,1,1678.79,25,2,2,1,6,9027,60,9000,1,5,2,5,2,700706,1000000
2024DL0009611,1,1678.79,40,2,8,1,10,14643,97,6000,4,1,1,1,1,700706,1000000
2024DL0009612,1,1678.79,27,2,1,1,14,35136,234,5000,3,1,1,5,1,700702,1000000
2024DL0009613,1,1678.79,13,2,2,1,1,7896,52,0,0,6,1,5,1,700701,1000000
2024DL0009614,1,1678.79,3,1,6,1,9,7696,51,0,0,6,1,5,1,700704,1000000
2024DL0009615,1,1678.79,3,2,5,1,7,6285,41,0,0,6,1,5,1,700703,1000000
2024DL0009616,1,1678.79,3,2,2,1,5,7242,48,0,0,6,1,5,1,700700,1000000
2024DL0009617,1,1678.79,55,2,2,1,14,33240,221,9000,1,1,1,1,1,700710,1000000
2024DL0009618,1,1678.79,25,1,1,1,9,38795,258,7000,4,1,1,1,1,700703,1000000
2024DL0009619,1,1678.79,34,2,6,1,9,84955,501,8000,1,1,1,5,1,700706,1000000
2024DL0009620,1,1678.79,29,2,3,1,8,9018,60,9800,1,1,1,5,1,700708,1000000
2024DL0009621,1,1678.79,18,1,1,1,13,12830,85,7000,3,5,1,5,1,700707,1000000
2024DL0009622,1,1678.79,0,2,1,1,1,10095,67,0,0,6,1,5,1,700706,1000000
2024DL0009623,1,1678.79,13,2,6,1,3,10450,69,0,0,6,2,5,1,700709,1000000
2024DL0009624,1,1678.79,23,1,1,1,13,17557,117,9000,1,5,1,5,1,700710,1000000
2024DL0009625,1,1678.79,8,2,1,1,1,5601,37,0,0,6,1,5,1,700705,1000000
2024DL0009626,1,1678.79,34,1,6,1,12,77173,501,6000,4,1,1,1,1,700701,1000000
2024DL0009627,1,1678.79,7,2,1,1,7,1359,9,0,0,6,1,5,1,700709,1000000
2024DL0009628,1,1678.79,27,1,4,1,13,26744,178,9000,1,1,1,1,1,700705,1000000
2024DL0009629,1,1678.79,24,1,5,1,15,69386,462,6000,1,1,1,5,1,700709,1000000
2024DL0009630,1,1678.79,15,2,2,1,19,170171,501,0,0,6,1,5,1,700710,1000000
2024DL0009631,1,1678.79,15,2,1,1,20,63692,424,0,0,6,1,5,1,700702,1000000
2024DL0009632,1,1678.79,11,1,6,1,4,5966,39,0,0,6,1,5,1,700707,1000000
2024DL0009633,1,1678.79,29,2,4,1,11,29650,197,5000,1,1,1,1,2,700700,1000000
2024DL0009634,1,1678.79,10,1,1,1,7,4003,26,0,0,6,1,5,1,700704,1000000
2024DL0009635,1,1678.79,16,1,1,1,19,48077,320,0,0,6,2,5,1,700707,1000000
2024DL0009636,1,1678.79,41,1,7,1,10,69929,466,6000,1,1,1,1,1,700710,1000000
2024DL0009637,1,1678.79,24,2,3,1,20,142341,501,4000,1,1,1,1,1,700700,1000000
2024DL0009638,1,1678.79,54,1,6,1,18,85828,501,3000,2,1,2,5,1,700710,1000000
2024DL0009639,1,1678.79,42,1,3,1,11,135348,501,3000,1,1,1,1,1,700700,1000000
2024DL0009640,1,1678.79,24,1,5,1,18,62234,414,6000,1,2,1,5,1,700704,1000000
2024DL0009641,1,1678.79,13,1,1,1,3,5456,36,0,0,6,1,5,1,700704,1000000
2024DL0009642,1,1678.79,23,1,1,1,14,25184,167,7000,1,1,1,5,1,700700,1000000
2024DL0009643,1,1678.79,6,1,4,1,3,5185,34,0,0,6,1,5,1,700705,1000000
2024DL0009644,1,1678.79,25,2,1,1,5,22546,150,5000,1,1,1,1,1,700700,1000000
2024DL0009645,1,1678.79,16,2,6,1,14,15413,102,0,0,6,1,5,1,700710,1000000
2024DL0009646,1,1678.79,49,1,6,1,7,16506,110,7000,3,1,1,1,1,700709,1000000
2024DL0009647,1,1678.79,18,2,2,1,18,21797,145,2000,1,2,1,5,1,700701,1000000
2024DL0009648,1,1678.79,49,1,4,1,15,119790,501,4000,1,1,1,5,1,700707,1000000
2024DL0009649,1,1678.79,14,1,2,1,3,4855,32,0,0,6,1,5,1,700702,1000000
2024DL0009650,1,1678.79,43,2,2,1,7,11829,78,8000,1,1,1,5,1,700700,1000000
2024DL0009651,1,1678.79,28,2,3,1,12,15977,106,5000,1,1,2,5,1,700702,1000000
2024DL0009652,1,1678.79,26,1,3,1,5,13253,88,9800,1,1,1,5,1,700707,1000000
2024DL0009653,1,1678.79,7,1,1,1,6,16592,110,0,0,6,1,5,2,700709,1000000
2024DL0009654,1,1678.79,38,1,4,1,7,13772,91,7000,1,1,1,5,1,700705,1000000
2024DL0009655,1,1678.79,14,2,4,1,6,4269,28,0,0,6,1,5,1,700707,1000000
2024DL0009656,1,1678.79,17,1,5,1,13,16821,112,0,0,6,1,5,1,700702,1000000
2024DL0009657,1,1678.79,19,1,3,1,14,41396,275,6000,1,1,1,5,1,700702,1000000
2024DL0009658,1,1678.79,23,2,1,1,12,27284,181,3000,1,1,1,5,1,700710,1000000
2024DL0009659,1,1678.79,14,2,1,1,1,9417,62,0,0,6,2,5,1,700706,1000000
2024DL0009660,1,1678.79,25,2,1,1,19,75329,501,3000,2,1,1,1,2,700701,1000000
2024DL0009661,1,1678.79,7,2,1,1,6,15320,102,0,0,6,1,5,1,700703,1000000
2024DL0009662,1,1678.79,35,1,2,1,6,38353,255,9920,1,1,1,1,2,700708,1000000
2024DL0009663,1,1678.79,24,1,6,1,13,22381,149,6000,6,1,1,5,1,700702,1000000
2024DL0009664,1,1678.79,14,1,1,1,2,2138,14,0,0,6,1,5,1,700707,1000000
2024DL0009665,1,1678.79,15,2,1,1,12,17385,115,0,0,6,1,5,1,700704,1000000
2024DL0009666,1,1678.79,35,1,1,1,14,63370,422,6000,1,1,1,1,1,700709,1000000
2024DL0009667,1,1678.79,30,2,4,1,7,33010,220,9800,1,5,1,1,1,700701,1000000
2024DL0009668,1,1678.79,25,2,1,1,8,11510,76,5000,1,1,1,5,1,700702,1000000
2024DL0009669,1,1678.79,7,1,4,1,5,6478,43,0,0,6,1,5,1,700700,1000000
2024DL0009670,1,1678.79,72,2,8,1,10,42459,283,0,0,6,1,1,1,700706,1000000
2024DL0009671,1,1678.79,19,2,8,1,16,44687,297,2000,2,1,1,5,1,700703,1000000
2024DL0009672,1,1678.79,16,2,5,1,11,36132,240,0,0,6,1,5,1,700703,1000000
2024DL0009673,1,1678.79,36,2,1,1,6,8446,56,7000,3,1,1,1,1,700708,1000000
2024DL0009674,1,1678.79,28,1,3,1,10,53364,355,8000,4,1,1,1,1,700706,1000000
2024DL0009675,1,1678.79,22,1,1,1,12,36950,246,2000,3,1,1,5,1,700708,1000000
2024DL0009676,1,1678.79,25,2,1,1,10,19532,130,7000,1,1,1,1,1,700707,1000000
2024DL0009677,1,1678.79,32,1,3,1,6,8602,57,7000,1,1,1,5,1,700700,1000000
2024DL0009678,1,1678.79,1,1,4,1,2,15483,103,0,0,6,1,5,1,700707,1000000
2024DL0009679,1,1678.79,44,2,5,1,18,222068,501,1000,3,5,1,5,1,700710,1000000
2024DL0009680,1,1678.79,21,1,1,1,19,50681,337,4000,1,1,1,5,2,700703,1000000
2024DL0009681,1,1678.79,14,2,8,1,2,14776,98,0,0,6,1,5,1,700700,1000000
2024DL0009682,1,1678.79,1,1,3,1,2,2124,14,0,0,6,1,5,1,700708,1000000
2024DL0009683,1,1678.79,50,2,2,1,11,11196,74,5000,3,1,1,2,1,700703,1000000
2024DL0009684,1,1678.79,23,1,4,1,16,101443,501,4000,1,5,1,5,1,700701,1000000
2024DL0009685,1,1678.79,11,2,5,1,6,7297,48,0,0,6,1,5,1,700710,1000000
2024DL0009686,1,1678.79,9,1,1,1,6,12642,84,0,0,6,1,5,1,700703,1000000
2024DL0009687,1,1678.79,36,1,6,1,14,48619,324,8000,1,1,2,1,1,700700,1000000
2024DL0009688,1,1678.79,1,2,4,1,6,9368,62,0,0,6,1,5,1,700707,1000000
2024DL0009689,1,1678.79,30,1,6,1,13,65378,435,1000,1,1,1,1,1,700703,1000000
2024DL0009690,1,1678.79,4,2,3,1,6,8752,58,0,0,6,1,5,1,700705,1000000
2024DL0009691,1,1678.79,36,2,7,1,10,81109,501,9000,4,1,5,1,1,700702,1000000
2024DL0009692,1,1678.79,29,2,1,1,6,16560,110,5000,1,1,1,5,1,700708,1000000
2024DL0009693,1,1678.79,36,1,2,1,7,8869,59,7000,1,1,1,5,1,700701,1000000
2024DL0009694,1,1678.79,40,1,6,1,7,6815,45,9920,3,1,1,1,1,700708,1000000
2024DL0009695,1,1678.79,13,1,3,1,4,4636,30,0,0,6,2,5,1,700703,1000000
2024DL0009696,1,1678.79,42,2,8,1,7,29043,193,5000,6,1,1,2,2,700703,1000000
2024DL0009697,1,1678.79,10,2,1,1,4,11814,78,0,0,6,2,5,2,700707,1000000
2024DL0009698,1,1678.79,51,1,2,1,19,315709,501,3000,3,1,1,2,1,700708,1000000
2024DL0009699,1,1678.79,19,1,1,1,18,33181,221,4000,2,1,1,5,1,700702,1000000
2024DL0009700,1,1678.79,1,2,4,1,3,3920,26,0,0,6,1,5,2,700702,1000000
2024DL0009701,1,1678.79,28,1,5,1,12,26361,175,5000,1,3,1,5,1,700705,1000000
2024DL0009702,1,1678.79,17,2,2,1,19,99645,501,0,0,6,1,5,1,700704,1000000
2024DL0009703,1,1678.79,35,2,2,1,12,46975,313,6000,3,1,1,1,2,700702,1000000
2024DL0009704,1,1678.79,18,2,1,1,15,29250,195,1000,1,1,1,5,1,700709,1000000
2024DL0009705,1,1678.79,66,2,3,1,6,50832,338,9000,1,2,1,5,1,700703,1000000
2024DL0009706,1,1678.79,27,1,1,1,9,55929,372,7000,1,1,1,1,1,700708,1000000
2024DL0009707,1,1678.79,14,1,2,1,5,1109,7,0,0,6,1,5,1,700706,1000000
2024DL0009708,1,1678.79,35,2,1,1,13,29844,198,4000,3,1,2,1,1,700709,1000000
2024DL0009709,1,1678.79,42,2,2,1,6,7088,47,9800,3,2,1,2,1,700705,1000000
2024DL0009710,1,1678.79,39,2,1,1,5,20370,135,5000,3,1,1,5,1,700708,1000000
2024DL0009711,1,1678.79,2,1,6,1,8,3482,23,0,0,6,1,5,1,700704,1000000
2024DL0009712,1,1678.79,25,2,1,1,12,18107,120,6000,3,1,1,5,1,700710,1000000
2024DL0009713,1,1678.79,15,1,6,1,14,30511,203,0,0,6,1,5,2,700702,1000000
2024DL0009714,1,1678.79,38,1,5,1,10,76956,501,6000,1,1,1,1,1,700701,1000000
2024DL0009715,1,1678.79,19,1,3,1,11,7251,48,1000,1,5,1,5,1,700708,1000000
2024DL0009716,1,1678.79,39,2,2,1,6,39897,265,9000,1,1,1,5,1,700704,1000000
2024DL0009717,1,1678.79,20,2,1,1,17,40196,267,6000,1,1,1,5,1,700704,1000000
2024DL0009718,1,1678.79,40,2,1,1,10,39157,261,4000,1,1,1,1,1,700706,1000000
2024DL0009719,1,1678.79,29,2,1,1,12,51990,346,7000,4,1,1,5,1,700704,1000000
2024DL0009720,1,1678.79,27,2,1,1,7,18475,123,9800,3,3,1,5,1,700707,1000000
2024DL0009721,1,1678.79,24,1,6,1,14,97474,501,6000,1,1,1,1,1,700707,1000000
2024DL0009722,1,1678.79,12,2,3,1,4,10805,72,0,0,6,1,5,1,700710,1000000
2024DL0009723,1,1678.79,15,2,5,1,20,39895,265,0,0,6,1,5,2,700704,1000000
2024DL0009724,1,1678.79,10,2,1,1,5,3971,26,0,0,6,1,5,1,700702,1000000
2024DL0009725,1,1678.79,68,2,2,1,12,16870,112,1000,1,1,2,1,1,700707,1000000
2024DL0009726,1,1678.79,23,2,1,1,14,38715,258,8000,1,1,1,5,1,700704,1000000
2024DL0009727,1,1678.79,10,1,1,1,1,1471,9,0,0,6,1,5,1,700701,1000000
2024DL0009728,1,1678.79,20,1,6,1,15,17939,119,2000,2,4,1,5,1,700701,1000000
2024DL0009729,1,1678.79,17,1,1,1,18,58367,389,0,0,6,1,5,2,700701,1000000
2024DL0009730,1,1678.79,26,1,1,1,10,42900,286,5000,1,1,1,1,1,700703,1000000
2024DL0009731,1,1678.79,12,2,4,1,3,7735,51,0,0,6,1,5,1,700702,1000000
2024DL0009732,1,1678.79,43,2,2,1,11,30934,206,3000,1,1,1,1,2,700707,1000000
2024DL0009733,1,1678.79,33,1,2,1,8,7428,49,5000,4,1,1,1,1,700707,1000000
2024DL0009734,1,1678.79,24,1,2,1,15,50021,333,3000,1,5,1,5,1,700702,1000000
2024DL0009735,1,1678.79,53,1,3,1,5,6839,45,5000,1,1,1,1,1,700701,1000000
2024DL0009736,1,1678.79,60,2,2,1,9,20550,137,6000,1,1,1,2,1,700708,1000000
2024DL0009737,1,1678.79,26,2,5,1,5,21437,142,9800,1,1,1,5,1,700709,1000000
2024DL0009738,1,1678.79,35,1,9,1,9,33101,220,4000,3,1,1,1,1,700702,1000000
2024DL0009739,1,1678.79,61,2,2,1,5,27798,185,5000,1,1,1,1,1,700706,1000000
2024DL0009740,1,1678.79,39,2,2,1,10,59677,397,4000,3,2,1,5,1,700705,1000000
2024DL0009741,1,1678.79,13,2,6,1,1,16717,111,0,0,6,1,5,1,700703,1000000
2024DL0009742,1,1678.79,35,1,1,1,9,33732,224,5000,4,1,1,1,1,700706,1000000
2024DL0009743,1,1678.79,47,1,3,1,10,22235,148,2000,1,1,1,1,2,700709,1000000
2024DL0009744,1,1678.79,6,1,6,1,3,4019,26,0,0,6,1,5,1,700706,1000000
2024DL0009745,1,1678.79,6,2,6,1,5,5221,34,0,0,6,1,5,2,700708,1000000
2024DL0009746,1,1678.79,11,1,2,1,7,6466,43,0,0,6,1,5,1,700709,1000000
2024DL0009747,1,1678.79,22,2,5,1,17,46524,310,4000,2,1,1,5,2,700701,1000000
2024DL0009748,1,1678.79,57,1,2,1,13,15393,102,4000,3,3,1,1,1,700708,1000000
2024DL0009749,1,1678.79,4,2,1,1,1,2740,18,0,0,6,1,5,1,700708,1000000
2024DL0009750,1,1678.79,15,1,2,1,18,30235,201,0,0,6,2,5,1,700703,1000000
2024DL0009751,1,1678.79,1,2,2,1,9,25372,169,0,0,6,1,5,1,700709,1000000
2024DL0009752,1,1678.79,58,2,3,1,6,54514,363,6000,1,1,1,1,1,700701,1000000
2024DL0009753,1,1678.79,56,1,4,1,7,9730,64,6000,1,1,1,1,1,700707,1000000
2024DL0009754,1,1678.79,10,1,6,1,5,14047,93,0,0,6,1,5,1,700704,1000000
2024DL0009755,1,1678.79,30,1,2,1,13,63479,423,6000,4,1,1,1,1,700708,1000000
2024DL0009756,1,1678.79,64,2,2,1,5,10837,72,9800,1,1,1,1,1,700706,1000000
2024DL0009757,1,1678.79,6,1,1,1,4,7123,47,0,0,6,2,5,1,700701,1000000
2024DL0009758,1,1678.79,36,2,2,1,11,76411,501,5000,1,1,1,1,1,700702,1000000
2024DL0009759,1,1678.79,10,1,6,1,3,3861,25,0,0,6,1,5,2,700710,1000000
2024DL0009760,1,1678.79,10,1,1,1,9,17235,114,0,0,6,1,5,1,700709,1000000
2024DL0009761,1,1678.79,22,1,1,1,10,19191,127,4000,2,1,1,5,1,700709,1000000
2024DL0009762,1,1678.79,9,2,5,1,9,19274,128,0,0,6,1,5,2,700706,1000000
2024DL0009763,1,1678.79,36,2,4,1,7,19378,129,5000,1,1,1,1,1,700707,1000000
2024DL0009764,1,1678.79,25,1,1,1,9,35889,239,4000,1,1,1,5,1,700710,1000000
2024DL0009765,1,1678.79,41,2,3,1,6,16941,112,7000,3,1,1,3,1,700709,1000000
2024DL0009766,1,1678.79,8,1,1,1,6,8334,55,0,0,6,1,5,1,700709,1000000
2024DL0009767,1,1678.79,5,1,1,1,5,22223,148,0,0,6,1,5,1,700705,1000000
2024DL0009768,1,1678.79,16,2,5,1,19,56348,375,0,0,6,1,5,2,700700,1000000
2024DL0009769,1,1678.79,40,2,3,1,14,109828,501,9800,6,1,1,5,1,700709,1000000
2024DL0009770,1,1678.79,3,1,6,1,7,6406,42,0,0,6,1,5,1,700704,1000000
2024DL0009771,1,1678.79,0,1,7,1,3,3128,20,0,0,6,1,5,1,700710,1000000
2024DL0009772,1,1678.79,34,1,2,1,5,44132,294,9000,4,2,1,5,1,700704,1000000
2024DL0009773,1,1678.79,34,1,1,1,10,45615,304,2000,1,1,1,1,1,700701,1000000
2024DL0009774,1,1678.79,43,1,1,1,8,13414,89,7000,3,1,2,1,2,700710,1000000
2024DL0009775,1,1678.79,37,1,1,1,6,16645,110,6000,1,1,1,1,1,700700,1000000
2024DL0009776,1,1678.79,6,2,4,1,7,16143,107,0,0,6,2,5,1,700703,1000000
2024DL0009777,1,1678.79,35,2,5,1,11,69896,465,9800,1,2,1,1,1,700708,1000000
2024DL0009778,1,1678.79,41,1,2,1,7,36677,244,9920,4,1,1,5,1,700701,1000000
2024DL0009779,1,1678.79,22,1,5,1,16,100475,501,1000,2,1,1,5,1,700706,1000000
2024DL0009780,1,1678.79,34,2,1,1,11,27816,185,1000,1,1,1,5,2,700707,1000000
2024DL0009781,1,1678.79,21,2,5,1,16,17019,113,2000,3,1,1,5,1,700704,1000000
2024DL0009782,1,1678.79,28,1,6,1,12,53870,359,9000,6,1,1,1,1,700703,1000000
2024DL0009783,1,1678.79,43,1,5,1,6,12451,83,9800,1,5,2,1,1,700702,1000000
2024DL0009784,1,1678.79,28,2,3,1,13,23801,158,7000,1,5,1,1,1,700701,1000000
2024DL0009785,1,1678.79,24,2,2,1,20,199901,501,3000,3,1,1,5,1,700708,1000000
2024DL0009786,1,1678.79,13,2,1,1,1,17987,119,0,0,6,1,5,1,700701,1000000
2024DL0009787,1,1678.79,12,1,4,1,6,8570,57,0,0,6,1,5,1,700702,1000000
2024DL0009788,1,1678.79,8,1,3,1,1,4533,30,0,0,6,1,5,1,700705,1000000
2024DL0009789,1,1678.79,10,1,6,1,3,5668,37,0,0,6,1,5,1,700708,1000000
2024DL0009790,1,1678.79,34,1,6,1,8,5040,33,6000,4,1,5,1,1,700708,1000000
2024DL0009791,1,1678.79,14,2,1,1,1,3426,22,0,0,6,1,5,1,700705,1000000
2024DL0009792,1,1678.79,2,2,3,1,5,4942,32,0,0,6,1,5,1,700706,1000000
2024DL0009793,1,1678.79,52,2,5,1,10,19464,129,6000,1,1,2,1,1,700704,1000000
2024DL0009794,1,1678.79,19,1,1,1,12,44029,293,8000,6,1,1,5,1,700705,1000000
2024DL0009795,1,1678.79,16,2,1,1,13,13772,91,0,0,6,1,5,1,700701,1000000
2024DL0009796,1,1678.79,39,1,1,1,16,200876,501,1000,3,1,1,3,1,700709,1000000
2024DL0009797,1,1678.79,7,1,6,1,8,6427,42,0,0,6,1,5,1,700709,1000000
2024DL0009798,1,1678.79,53,1,1,1,6,43163,287,7000,1,1,1,1,1,700707,1000000
2024DL0009799,1,1678.79,18,2,5,1,12,27341,182,5000,1,1,1,5,1,700704,1000000
2024DL0009800,1,1678.79,34,2,2,1,15,45297,301,4000,2,1,1,1,2,700707,1000000
2024DL0009801,1,1678.79,18,1,1,1,19,61978,413,3000,3,1,1,5,1,700707,1000000
2024DL0009802,1,1678.79,45,2,4,1,10,24514,163,2000,1,5,2,1,1,700709,1000000
2024DL0009803,1,1678.79,31,2,8,1,9,13632,90,7000,4,5,1,5,1,700708,1000000
2024DL0009804,1,1678.79,50,1,1,1,7,23325,155,5000,1,1,1,1,1,700709,1000000
2024DL0009805,1,1678.79,36,1,6,1,10,29499,196,5000,3,1,1,1,1,700709,1000000
2024DL0009806,1,1678.79,17,1,5,1,19,52699,351,0,0,6,1,5,1,700702,1000000
2024DL0009807,1,1678.79,8,1,5,1,7,6101,40,0,0,6,1,5,1,700702,1000000
2024DL0009808,1,1678.79,27,1,1,1,13,20313,135,5000,4,1,1,5,1,700700,1000000
2024DL0009809,1,1678.79,51,1,1,1,7,10616,70,9800,1,1,1,1,1,700706,1000000
2024DL0009810,1,1678.79,10,2,3,1,3,4682,31,0,0,6,1,5,1,700705,1000000
2024DL0009811,1,1678.79,49,2,6,1,10,56749,378,6000,6,1,1,1,1,700705,1000000
2024DL0009812,1,1678.79,14,2,1,1,3,4657,31,0,0,6,1,5,1,700709,1000000
2024DL0009813,1,1678.79,26,2,6,1,13,23144,154,7000,1,1,1,5,1,700708,1000000
2024DL0009814,1,1678.79,45,1,8,1,10,18484,123,8000,3,5,1,3,1,700705,1000000
2024DL0009815,1,1678.79,5,1,3,1,2,15907,106,0,0,6,2,5,2,700701,1000000
2024DL0009816,1,1678.79,42,2,1,1,9,75551,501,9000,6,1,1,1,1,700701,1000000
2024DL0009817,1,1678.79,37,1,6,1,14,62627,417,6000,3,1,1,2,1,700703,1000000
2024DL0009818,1,1678.79,50,1,1,1,8,10993,73,9000,1,1,1,1,2,700706,1000000
2024DL0009819,1,1678.79,52,1,4,1,7,16330,108,9920,6,1,1,2,1,700703,1000000
2024DL0009820,1,1678.79,28,2,5,1,5,26009,173,5000,3,1,1,5,2,700702,1000000
2024DL0009821,1,1678.79,31,2,2,1,8,24736,164,5000,1,1,1,1,1,700702,1000000
2024DL0009822,1,1678.79,33,1,1,1,5,10707,71,9800,4,4,1,1,1,700706,1000000
2024DL0009823,1,1678.79,30,1,4,1,8,14094,93,9920,1,1,1,5,2,700704,1000000
2024DL0009824,1,1678.79,29,2,1,1,16,125873,501,5000,3,2,1,5,1,700703,1000000
2024DL0009825,1,1678.79,42,2,4,1,11,37516,250,5000,6,1,1,1,1,700701,1000000
2024DL0009826,1,1678.79,11,1,2,1,5,7096,47,0,0,6,1,5,1,700708,1000000
2024DL0009827,1,1678.79,10,1,1,1,2,18114,120,0,0,6,1,5,1,700701,1000000
2024DL0009828,1,1678.79,58,1,4,1,10,71173,474,2000,3,1,1,1,1,700707,1000000
2024DL0009829,1,1678.79,18,1,6,1,20,28823,192,4000,1,1,2,5,1,700705,1000000
2024DL0009830,1,1678.79,0,1,1,1,2,8794,58,0,0,6,1,5,1,700707,1000000
2024DL0009831,1,1678.79,47,1,1,1,11,56914,379,7000,4,1,1,1,1,700703,1000000
2024DL0009832,1,1678.79,42,1,1,1,9,60840,405,6000,3,1,1,1,1,700706,1000000
2024DL0009833,1,1678.79,55,1,5,1,7,46861,312,9920,1,1,1,5,1,700706,1000000
2024DL0009834,1,1678.79,53,2,1,1,9,32781,218,9000,1,1,1,1,1,700708,1000000
2024DL0009835,1,1678.79,44,1,1,1,11,59570,397,6000,6,1,1,1,1,700710,1000000
2024DL0009836,1,1678.79,18,1,1,1,11,13429,89,9000,1,2,1,5,1,700700,1000000
2024DL0009837,1,1678.79,1,1,3,1,4,6326,42,0,0,6,1,5,1,700702,1000000
2024DL0009838,1,1678.79,36,2,2,1,15,131434,501,4000,3,1,1,1,1,700702,1000000
2024DL0009839,1,1678.79,7,2,6,1,3,11751,78,0,0,6,1,5,1,700709,1000000
2024DL0009840,1,1678.79,36,2,5,1,13,47588,317,9000,1,4,1,1,1,700701,1000000
2024DL0009841,1,1678.79,7,1,3,1,8,78108,501,0,0,6,1,5,1,700703,1000000
2024DL0009842,1,1678.79,18,2,2,1,13,21724,144,1000,3,1,1,5,1,700706,1000000
2024DL0009843,1,1678.79,14,1,6,1,1,10343,68,0,0,6,1,5,1,700704,1000000
2024DL0009844,1,1678.79,12,2,1,1,1,14424,96,0,0,6,5,5,1,700710,1000000
2024DL0009845,1,1678.79,23,1,5,1,10,25666,171,7000,6,1,1,5,1,700703,1000000
2024DL0009846,1,1678.79,15,2,3,1,15,18718,124,0,0,6,1,5,1,700705,1000000
2024DL0009847,1,1678.79,11,2,4,1,4,2111,14,0,0,6,1,5,1,700709,1000000
2024DL0009848,1,1678.79,51,1,1,1,10,52711,351,6000,6,1,1,1,1,700708,1000000
2024DL0009849,1,1678.79,99,1,6,1,7,13958,93,0,0,6,1,1,1,700704,1000000
2024DL0009850,1,1678.79,10,1,1,1,3,6065,40,0,0,6,1,5,2,700706,1000000
2024DL0009851,1,1678.79,42,2,1,1,13,69108,460,5000,1,1,1,1,1,700701,1000000
2024DL0009852,1,1678.79,26,1,1,1,12,28670,191,2000,1,1,1,1,1,700703,1000000
2024DL0009853,1,1678.79,52,1,5,1,13,55257,368,6000,6,1,2,1,1,700703,1000000
2024DL0009854,1,1678.79,54,1,5,1,12,76253,501,9000,6,1,1,3,1,700709,1000000
2024DL0009855,1,1678.79,35,2,1,1,15,249187,501,4000,3,3,1,1,1,700706,1000000
2024DL0009856,1,1678.79,28,2,1,1,12,33460,223,1000,1,5,1,1,2,700704,1000000
2024DL0009857,1,1678.79,2,2,1,1,8,5043,33,0,0,6,1,5,1,700701,1000000
2024DL0009858,1,1678.79,13,1,1,1,2,6693,44,0,0,6,1,5,1,700710,1000000
2024DL0009859,1,1678.79,25,1,5,1,9,27202,181,9000,1,1,1,1,1,700707,1000000
2024DL0009860,1,1678.79,26,1,1,1,8,4907,32,7000,1,1,1,1,1,700710,1000000
2024DL0009861,1,1678.79,53,1,1,1,12,42851,285,7000,1,1,1,1,1,700703,1000000
2024DL0009862,1,1678.79,18,1,1,1,20,42242,281,3000,1,2,1,5,1,700701,1000000
2024DL0009863,1,1678.79,0,2,5,1,5,8011,53,0,0,6,1,5,1,700701,1000000
2024DL0009864,1,1678.79,16,2,1,1,11,22548,150,0,0,6,1,5,1,700709,1000000
2024DL0009865,1,1678.79,59,1,3,1,12,69871,465,8000,1,1,1,1,1,700707,1000000
2024DL0009866,1,1678.79,40,2,4,1,14,59653,397,5000,6,1,1,1,1,700701,1000000
2024DL0009867,1,1678.79,27,1,1,1,9,46182,307,1000,2,1,2,5,1,700701,1000000
2024DL0009868,1,1678.79,6,2,1,1,8,16188,107,0,0,6,1,5,1,700701,1000000
2024DL0009869,1,1678.79,51,1,2,1,15,96368,501,6000,1,1,1,5,1,700709,1000000
2024DL0009870,1,1678.79,3,2,4,1,6,5549,36,0,0,6,1,5,1,700701,1000000
2024DL0009871,1,1678.79,35,1,1,1,16,155449,501,4000,2,1,1,1,1,700707,1000000
2024DL0009872,1,1678.79,28,2,4,1,5,13508,90,9800,1,1,2,1,1,700701,1000000
2024DL0009873,1,1678.79,53,2,4,1,11,29401,196,6000,4,1,1,1,1,700710,1000000
2024DL0009874,1,1678.79,27,2,3,1,15,28749,191,3000,1,1,2,1,1,700701,1000000
2024DL0009875,1,1678.79,25,2,5,1,9,125275,501,6000,4,1,1,1,1,700700,1000000
2024DL0009876,1,1678.79,28,2,5,1,9,23446,156,8000,4,1,1,5,1,700703,1000000
2024DL0009877,1,1678.79,14,2,5,1,9,20578,137,0,0,6,1,5,1,700700,1000000
2024DL0009878,1,1678.79,55,1,5,1,9,23357,155,1000,1,1,1,2,2,700707,1000000
2024DL0009879,1,1678.79,15,2,2,1,17,19211,128,0,0,6,1,5,2,700710,1000000
2024DL0009880,1,1678.79,11,1,5,1,7,20517,136,0,0,6,1,5,1,700707,1000000
2024DL0009881,1,1678.79,24,2,6,1,10,23775,158,9800,6,1,1,5,1,700704,1000000
2024DL0009882,1,1678.79,57,2,3,1,12,131229,501,5000,1,1,1,1,1,700709,1000000
2024DL0009883,1,1678.79,35,2,2,1,7,46702,311,9800,3,1,1,2,1,700706,1000000
2024DL0009884,1,1678.79,33,2,4,1,13,15125,100,6000,1,2,1,1,1,700707,1000000
2024DL0009885,1,1678.79,53,2,1,1,8,10235,68,6000,3,1,1,1,1,700707,1000000
2024DL0009886,1,1678.79,32,2,3,1,14,28040,186,1000,1,1,1,1,1,700700,1000000
2024DL0009887,1,1678.79,33,1,5,1,11,36361,242,2000,1,5,1,1,1,700701,1000000
2024DL0009888,1,1678.79,19,2,9,1,12,15443,102,1000,1,1,1,5,1,700701,1000000
2024DL0009889,1,1678.79,51,1,2,1,5,14232,94,6000,3,1,1,1,1,700701,1000000
2024DL0009890,1,1678.79,27,1,2,1,7,22929,152,9920,3,1,1,1,1,700709,1000000
2024DL0009891,1,1678.79,24,2,1,1,12,17788,118,7000,3,1,1,5,1,700708,1000000
2024DL0009892,1,1678.79,32,1,5,1,9,18064,120,7000,1,1,1,5,1,700707,1000000
2024DL0009893,1,1678.79,4,2,1,1,1,13200,88,0,0,6,1,5,1,700705,1000000
2024DL0009894,1,1678.79,20,1,1,1,12,22155,147,6000,1,4,1,1,1,700701,1000000
2024DL0009895,1,1678.79,69,2,5,1,11,34173,227,4000,1,1,1,1,1,700708,1000000
2024DL0009896,1,1678.79,0,1,3,1,5,9035,60,0,0,6,1,5,1,700702,1000000
2024DL0009897,1,1678.79,89,2,1,1,6,11429,76,0,0,6,1,3,1,700706,1000000
2024DL0009898,1,1678.79,12,1,1,1,5,5747,38,0,0,6,1,5,2,700706,1000000
2024DL0009899,1,1678.79,42,2,1,1,17,163474,501,5000,1,1,1,1,1,700703,1000000
2024DL0009900,1,1678.79,27,2,2,1,10,68599,457,8000,1,1,1,1,1,700704,1000000
2024DL0009901,1,1678.79,74,2,9,1,7,20272,135,0,0,6,1,3,1,700704,1000000
2024DL0009902,1,1678.79,18,1,6,1,20,96526,501,4000,1,2,1,5,1,700708,1000000
2024DL0009903,1,1678.79,21,1,1,1,13,24539,163,6000,1,1,1,5,1,700700,1000000
2024DL0009904,1,1678.79,38,2,1,1,9,51202,341,9000,1,1,1,1,1,700709,1000000
2024DL0009905,1,1678.79,24,1,6,1,17,87161,501,4000,3,1,1,5,1,700701,1000000
2024DL0009906,1,1678.79,40,1,6,1,12,102215,501,6000,1,3,1,1,1,700703,1000000
2024DL0009907,1,1678.79,52,1,2,1,16,122350,501,2000,2,1,1,3,1,700710,1000000
2024DL0009908,1,1678.79,16,2,2,1,18,27560,183,0,0,6,1,5,1,700702,1000000
2024DL0009909,1,1678.79,17,1,1,1,19,89741,501,0,0,6,1,5,1,700701,1000000
2024DL0009910,1,1678.79,9,1,3,1,7,16612,110,0,0,6,1,5,1,700700,1000000
2024DL0009911,1,1678.79,51,2,1,1,5,12875,85,5000,1,1,1,1,1,700701,1000000
2024DL0009912,1,1678.79,7,2,1,1,4,7653,51,0,0,6,1,5,1,700710,1000000
2024DL0009913,1,1678.79,42,2,5,1,10,213809,501,6000,1,1,1,1,1,700703,1000000
2024DL0009914,1,1678.79,15,1,1,1,15,47820,318,0,0,6,5,5,1,700704,1000000
2024DL0009915,1,1678.79,43,1,1,1,11,43029,286,5000,4,3,1,5,1,700701,1000000
2024DL0009916,1,1678.79,32,1,1,1,5,17538,116,6000,1,1,1,1,1,700703,1000000
2024DL0009917,1,1678.79,38,1,4,1,11,48073,320,8000,1,1,5,1,1,700710,1000000
2024DL0009918,1,1678.79,7,1,1,1,3,9273,61,0,0,6,1,5,2,700700,1000000
2024DL0009919,1,1678.79,27,1,1,1,5,19188,127,9920,1,1,1,1,1,700708,1000000
2024DL0009920,1,1678.79,40,1,1,1,15,120587,501,6000,1,1,1,5,1,700706,1000000
2024DL0009921,1,1678.79,3,2,1,1,6,1747,11,0,0,6,1,5,1,700710,1000000
2024DL0009922,1,1678.79,49,2,1,1,8,5212,34,9920,1,1,2,1,1,700702,1000000
2024DL0009923,1,1678.79,1,1,6,1,5,6412,42,0,0,6,1,5,1,700704,1000000
2024DL0009924,1,1678.79,19,1,2,1,18,22890,152,6000,1,1,1,5,1,700709,1000000
2024DL0009925,1,1678.79,6,2,5,1,2,4240,28,0,0,6,1,5,1,700708,1000000
2024DL0009926,1,1678.79,67,2,2,1,10,10276,68,5000,4,3,1,1,1,700709,1000000
2024DL0009927,1,1678.79,42,1,6,1,12,80363,501,8000,3,1,1,1,1,700709,1000000
2024DL0009928,1,1678.79,28,2,5,1,10,16214,108,5000,1,2,1,1,1,700706,1000000
2024DL0009929,1,1678.79,55,2,3,1,11,19483,129,1000,1,1,1,5,1,700703,1000000
2024DL0009930,1,1678.79,6,1,2,1,4,1895,12,0,0,6,1,5,1,700710,1000000
2024DL0009931,1,1678.79,39,2,2,1,13,33867,225,9000,1,4,1,1,1,700710,1000000
2024DL0009932,1,1678.79,53,1,3,1,6,41934,279,8000,1,1,1,1,1,700700,1000000
2024DL0009933,1,1678.79,15,1,1,1,18,36777,245,0,0,6,1,5,1,700705,1000000
2024DL0009934,1,1678.79,20,1,1,1,17,40384,269,3000,1,1,1,1,1,700708,1000000
2024DL0009935,1,1678.79,20,1,1,1,19,90647,501,1000,1,1,1,5,1,700708,1000000
2024DL0009936,1,1678.79,45,1,1,1,7,5649,37,9800,6,1,1,1,2,700709,1000000
2024DL0009937,1,1678.79,35,1,4,1,8,10205,68,5000,1,4,1,1,1,700710,1000000
2024DL0009938,1,1678.79,15,2,1,1,10,29283,195,0,0,6,1,5,1,700704,1000000
2024DL0009939,1,1678.79,0,1,1,1,1,3696,24,0,0,6,1,5,1,700710,1000000
2024DL0009940,1,1678.79,46,2,1,1,9,46861,312,2000,1,1,1,1,1,700703,1000000
2024DL0009941,1,1678.79,26,2,2,1,13,41374,275,8000,4,1,1,1,1,700707,1000000
2024DL0009942,1,1678.79,44,1,6,1,13,26741,178,5000,1,1,2,1,1,700702,1000000
2024DL0009943,1,1678.79,32,1,3,1,15,89505,501,1000,2,1,1,1,1,700704,1000000
2024DL0009944,1,1678.79,25,1,6,1,5,17742,118,6000,4,1,1,5,1,700708,1000000
2024DL0009945,1,1678.79,11,1,3,1,2,18344,122,0,0,6,1,5,2,700705,1000000
2024DL0009946,1,1678.79,52,2,1,1,8,14539,96,8000,6,2,1,1,1,700703,1000000
2024DL0009947,1,1678.79,24,2,5,1,17,79336,501,5000,1,5,2,5,1,700708,1000000
2024DL0009948,1,1678.79,34,2,1,1,15,140521,501,6000,6,1,1,1,1,700708,1000000
2024DL0009949,1,1678.79,16,1,1,1,15,25108,167,0,0,6,1,5,1,700704,1000000
2024DL0009950,1,1678.79,30,1,1,1,12,29061,193,7000,1,1,1,5,1,700701,1000000
2024DL0009951,1,1678.79,58,2,6,1,13,36176,241,9000,1,1,1,1,1,700705,1000000
2024DL0009952,1,1678.79,0,2,4,1,5,15554,103,0,0,6,1,5,2,700708,1000000
2024DL0009953,1,1678.79,12,1,5,1,5,3190,21,0,0,6,1,5,2,700701,1000000
2024DL0009954,1,1678.79,3,1,3,1,5,3875,25,0,0,6,1,5,1,700706,1000000
2024DL0009955,1,1678.79,54,2,1,1,5,15900,106,5000,1,1,1,2,2,700706,1000000
2024DL0009956,1,1678.79,19,2,1,1,12,13492,89,1000,1,1,1,5,1,700704,1000000
2024DL0009957,1,1678.79,1,1,7,1,7,10957,73,0,0,6,2,5,1,700704,1000000
2024DL0009958,1,1678.79,32,2,5,1,6,45396,302,9800,4,2,1,5,1,700705,1000000
2024DL0009959,1,1678.79,50,1,1,1,13,50100,334,6000,3,1,1,1,1,700706,1000000
2024DL0009960,1,1678.79,24,1,8,1,10,22950,153,7000,1,1,1,5,1,700708,1000000
2024DL0009961,1,1678.79,27,2,3,1,16,69598,463,4000,3,3,1,1,1,700708,1000000
2024DL0009962,1,1678.79,30,1,1,1,11,70178,467,5000,1,1,5,5,1,700704,1000000
2024DL0009963,1,1678.79,43,1,2,1,10,26477,176,6000,3,1,1,1,2,700710,1000000
2024DL0009964,1,1678.79,16,2,3,1,16,49001,326,0,0,6,1,5,1,700701,1000000
2024DL0009965,1,1678.79,23,1,7,1,14,35560,237,9000,1,1,1,5,1,700702,1000000
2024DL0009966,1,1678.79,20,2,5,1,14,11709,78,2000,1,1,1,5,1,700700,1000000
2024DL0009967,1,1678.79,42,1,1,1,15,163626,501,5000,3,2,1,1,1,700702,1000000
2024DL0009968,1,1678.79,0,1,3,1,6,10405,69,0,0,6,1,5,1,700707,1000000
2024DL0009969,1,1678.79,37,2,6,1,16,90938,501,4000,1,1,1,1,1,700707,1000000
2024DL0009970,1,1678.79,18,1,3,1,19,79493,501,4000,1,1,1,5,2,700706,1000000
2024DL0009971,1,1678.79,12,1,4,1,1,5487,36,0,0,6,2,5,1,700707,1000000
2024DL0009972,1,1678.79,29,1,2,1,7,9512,63,9800,1,2,1,5,1,700708,1000000
2024DL0009973,1,1678.79,15,1,1,1,16,45976,306,0,0,6,1,5,1,700709,1000000
2024DL0009974,1,1678.79,10,2,3,1,1,10224,68,0,0,6,1,5,1,700703,1000000
2024DL0009975,1,1678.79,55,1,1,1,9,10988,73,8000,3,1,1,3,1,700700,1000000
2024DL0009976,1,1678.79,30,2,7,1,10,61442,409,9800,1,1,1,1,1,700701,1000000
2024DL0009977,1,1678.79,26,1,4,1,6,10884,72,9800,1,1,1,5,1,700710,1000000
2024DL0009978,1,1678.79,28,1,2,1,13,10412,69,6000,3,5,1,1,1,700704,1000000
2024DL0009979,1,1678.79,24,2,4,1,12,14197,94,3000,1,1,1,5,1,700705,1000000
2024DL0009980,1,1678.79,34,1,4,1,12,40724,271,3000,1,1,1,1,1,700701,1000000
2024DL0009981,1,1678.79,29,1,8,1,13,19770,131,6000,6,1,1,5,1,700704,1000000
2024DL0009982,1,1678.79,26,1,5,1,13,16166,107,4000,1,1,1,1,1,700705,1000000
2024DL0009983,1,1678.79,33,2,2,1,12,88205,501,5000,3,4,2,1,1,700708,1000000
2024DL0009984,1,1678.79,69,2,2,1,5,14336,95,9920,1,1,1,1,1,700702,1000000
2024DL0009985,1,1678.79,34,2,5,1,6,6456,43,6000,6,1,1,1,1,700702,1000000
2024DL0009986,1,1678.79,4,2,4,1,8,33461,223,0,0,6,1,5,1,700710,1000000
2024DL0009987,1,1678.79,56,2,5,1,14,38232,254,5000,3,1,5,1,1,700706,1000000
2024DL0009988,1,1678.79,32,1,1,1,12,137663,501,6000,6,1,1,1,1,700707,1000000
2024DL0009989,1,1678.79,19,2,1,1,14,9776,65,6000,3,2,2,5,1,700701,1000000
2024DL0009990,1,1678.79,19,2,1,1,15,32898,219,5000,4,1,1,5,1,700701,1000000
2024DL0009991,1,1678.79,23,1,4,1,16,61949,412,5000,4,1,1,5,1,700705,1000000
2024DL0009992,1,1678.79,86,2,3,1,7,8473,56,0,0,6,1,5,1,700707,1000000
2024DL0009993,1,1678.79,13,1,5,1,1,3048,20,0,0,6,2,5,1,700709,1000000
2024DL0009994,1,1678.79,15,2,1,1,16,27780,185,0,0,6,1,5,1,700707,1000000
2024DL0009995,1,1678.79,36,2,3,1,5,21508,143,9920,1,1,1,1,1,700704,1000000
2024DL0009996,1,1678.79,29,1,1,1,12,37598,250,6000,6,1,1,1,1,700710,1000000
2024DL0009997,1,1678.79,37,1,5,1,13,93678,501,7000,3,1,5,1,1,700708,1000000
2024DL0009998,1,1678.79,37,1,3,1,9,53194,354,4000,1,1,1,1,1,700709,1000000
2024DL0009999,1,1678.79,20,2,1,1,13,11459,76,9800,3,1,1,5,1,700704,1000000
2024DL0010000,1,1678.79,6,1,1,1,4,4739,31,0,0,6,1,5,2,700708,1000000
