SERIALNO,SPORDER,PWGTP,AGEP,SEX,RAC1P,HISP,SCHL,PINCP,POVPIP,OCCP,COW,ESR,CIT,MAR,NATIVITY,PUMA,ADJINC
2024JP0000001,1,304.62,38,1,1,1,11,14872,148,6000,1,1,1,1,1,800101,1000000
2024JP0000002,1,304.62,33,1,3,1,11,31997,319,5000,4,1,1,1,1,800102,1000000
2024JP0000003,1,304.62,43,1,3,1,12,16048,160,7000,4,1,1,1,1,800107,1000000
2024JP0000004,1,304.62,76,2,7,1,8,1308,13,0,0,6,1,5,1,800106,1000000
2024JP0000005,1,304.62,8,2,4,1,1,9030,90,0,0,6,1,5,1,800104,1000000
2024JP0000006,1,304.62,22,2,2,1,12,23839,238,4000,1,1,1,5,1,800100,1000000
2024JP0000007,1,304.62,26,1,8,1,8,3118,31,6000,4,1,1,1,1,800108,1000000
2024JP0000008,1,304.62,2,1,2,1,5,618,6,0,0,6,1,5,1,800107,1000000
2024JP0000009,1,304.62,21,2,5,1,12,19663,196,7000,3,1,1,5,1,800103,1000000
2024JP0000010,1,304.62,8,1,1,1,5,776,7,0,0,6,1,5,1,800103,1000000
2024JP0000011,1,304.62,15,2,6,1,15,26937,269,0,0,6,1,5,1,800105,1000000
2024JP0000012,1,304.62,11,1,2,1,1,2400,24,0,0,6,1,5,1,800105,1000000
2024JP0000013,1,304.62,23,1,5,1,18,33967,339,3000,1,1,1,5,1,800108,1000000
2024JP0000014,1,304.62,27,2,5,1,7,19355,193,7000,4,3,1,1,1,800102,1000000
2024JP0000015,1,304.62,15,2,2,1,13,11660,116,0,0,6,1,5,1,800104,1000000
2024JP0000016,1,304.62,52,1,4,1,9,7159,71,5000,3,1,1,1,1,800101,1000000
2024JP0000017,1,304.62,0,1,8,1,3,5988,59,0,0,6,1,5,1,800100,1000000
2024JP0000018,1,304.62,65,2,1,1,7,667,6,9800,6,1,1,1,1,800104,1000000
2024JP0000019,1,304.62,21,2,5,1,12,12574,125,5000,3,5,1,5,1,800107,1000000
2024JP0000020,1,304.62,8,1,2,1,3,4318,43,0,0,6,1,5,1,800104,1000000
2024JP0000021,1,304.62,10,1,1,1,3,9697,96,0,0,6,1,5,1,800108,1000000
2024JP0000022,1,304.62,13,1,1,1,3,6425,64,0,0,6,1,5,1,800104,1000000
2024JP0000023,1,304.62,22,2,4,1,18,28253,282,3000,1,1,1,1,1,800108,1000000
2024JP0000024,1,304.62,54,1,5,1,8,11719,117,9920,1,1,1,1,1,800109,1000000
2024JP0000025,1,304.62,29,1,1,1,6,1650,16,9800,4,1,1,1,1,800105,1000000
2024JP0000026,1,304.62,40,2,2,1,7,4778,47,8000,4,1,1,1,1,800101,1000000
2024JP0000027,1,304.62,49,1,5,1,10,21066,210,6000,1,1,1,5,1,800107,1000000
2024JP0000028,1,304.62,51,1,6,1,11,10720,107,5000,1,1,1,1,1,800104,1000000
2024JP0000029,1,304.62,36,1,4,1,12,20921,209,5000,1,1,1,1,1,800108,1000000
2024JP0000030,1,304.62,21,1,5,1,15,19546,195,3000,2,2,1,5,1,800104,1000000
2024JP0000031,1,304.62,30,2,5,1,7,8994,89,5000,1,4,1,3,1,800109,1000000
2024JP0000032,1,304.62,9,1,1,1,3,4605,46,0,0,6,1,5,1,800109,1000000
2024JP0000033,1,304.62,47,1,2,1,5,3573,35,5000,4,1,1,2,1,800105,1000000
2024JP0000034,1,304.62,44,2,4,1,15,64905,501,6000,3,1,1,1,1,800106,1000000
2024JP0000035,1,304.62,11,1,3,1,5,1124,11,0,0,6,1,5,1,800100,1000000
2024JP0000036,1,304.62,19,1,1,1,14,10507,105,6000,6,1,1,5,1,800105,1000000
2024JP0000037,1,304.62,2,1,1,1,3,3156,31,0,0,6,1,5,1,800102,1000000
2024JP0000038,1,304.62,3,2,2,1,7,2801,28,0,0,6,1,5,1,800108,1000000
2024JP0000039,1,304.62,83,2,2,1,6,5543,55,0,0,6,1,1,1,800107,1000000
2024JP0000040,1,304.62,3,1,2,1,9,5148,51,0,0,6,1,5,1,800100,1000000
2024JP0000041,1,304.62,6,1,2,1,2,2351,23,0,0,6,1,5,1,800103,1000000
2024JP0000042,1,304.62,21,2,4,1,14,8032,80,2000,1,1,1,1,1,800102,1000000
2024JP0000043,1,304.62,28,2,7,1,12,11523,115,6000,1,1,1,5,1,800108,1000000
2024JP0000044,1,304.62,52,2,3,1,6,2832,28,7000,3,1,1,5,1,800107,1000000
2024JP0000045,1,304.62,20,2,1,1,18,13540,135,5000,1,5,1,5,1,800105,1000000
2024JP0000046,1,304.62,5,1,1,1,9,8799,87,0,0,6,1,5,1,800102,1000000
2024JP0000047,1,304.62,19,2,2,1,15,12893,128,3000,2,1,1,5,1,800107,1000000
2024JP0000048,1,304.62,31,2,8,1,6,7585,75,7000,4,1,5,2,1,800106,1000000
2024JP0000049,1,304.62,30,2,1,1,7,7846,78,9000,3,5,1,1,1,800109,1000000
2024JP0000050,1,304.62,5,2,6,1,4,4427,44,0,0,6,1,5,1,800109,1000000
2024JP0000051,1,304.62,27,1,6,1,15,33831,338,6000,1,5,1,5,1,800107,1000000
2024JP0000052,1,304.62,44,2,1,1,8,3777,37,9920,3,1,1,1,1,800100,1000000
2024JP0000053,1,304.62,28,2,1,1,9,6181,61,5000,3,1,1,1,1,800100,1000000
2024JP0000054,1,304.62,41,2,2,1,7,8369,83,9000,1,1,5,2,1,800106,1000000
2024JP0000055,1,304.62,28,2,3,1,11,8107,81,5000,1,2,1,5,1,800100,1000000
2024JP0000056,1,304.62,33,2,6,1,11,12350,123,7000,6,2,1,1,1,800100,1000000
2024JP0000057,1,304.62,18,1,6,1,13,4132,41,5000,3,1,1,5,1,800105,1000000
2024JP0000058,1,304.62,17,2,1,1,12,6669,66,0,0,6,1,5,1,800108,1000000
2024JP0000059,1,304.62,4,1,4,1,1,1775,17,0,0,6,1,5,1,800102,1000000
2024JP0000060,1,304.62,12,1,2,1,5,4319,43,0,0,6,1,5,1,800108,1000000
2024JP0000061,1,304.62,32,1,1,1,7,5550,55,9800,4,1,1,1,1,800109,1000000
2024JP0000062,1,304.62,25,1,5,1,12,18024,180,2000,1,1,1,5,1,800109,1000000
2024JP0000063,1,304.62,41,1,7,1,9,6837,68,5000,1,1,1,1,1,800104,1000000
2024JP0000064,1,304.62,31,2,1,1,10,8308,83,9000,3,1,1,1,1,800102,1000000
2024JP0000065,1,304.62,32,2,4,1,9,16405,164,7000,3,5,1,5,1,800104,1000000
2024JP0000066,1,304.62,7,2,5,1,6,4284,42,0,0,6,1,5,1,800107,1000000
2024JP0000067,1,304.62,31,1,1,1,9,13147,131,3000,2,1,1,5,1,800106,1000000
2024JP0000068,1,304.62,42,2,1,1,8,6218,62,7000,1,1,1,1,1,800102,1000000
2024JP0000069,1,304.62,1,1,5,1,3,643,6,0,0,6,1,5,1,800103,1000000
2024JP0000070,1,304.62,39,2,7,1,8,6285,62,9000,1,2,1,1,1,800106,1000000
2024JP0000071,1,304.62,25,1,6,1,10,27252,272,9000,1,1,1,1,1,800109,1000000
2024JP0000072,1,304.62,13,1,4,1,3,2715,27,0,0,6,1,5,1,800107,1000000
2024JP0000073,1,304.62,26,1,4,1,10,22671,226,7000,4,1,1,1,1,800103,1000000
2024JP0000074,1,304.62,16,2,6,1,15,34867,348,0,0,6,1,5,1,800101,1000000
2024JP0000075,1,304.62,3,1,1,1,7,1301,13,0,0,6,1,5,1,800105,1000000
2024JP0000076,1,304.62,13,2,6,1,3,9564,95,0,0,6,1,5,1,800108,1000000
2024JP0000077,1,304.62,17,1,1,1,19,59587,501,0,0,6,1,5,1,800107,1000000
2024JP0000078,1,304.62,8,1,3,1,4,3768,37,0,0,6,1,5,1,800107,1000000
2024JP0000079,1,304.62,24,1,2,1,16,51490,501,2000,1,1,1,1,1,800107,1000000
2024JP0000080,1,304.62,24,2,3,1,14,2223,22,8000,4,1,1,1,1,800107,1000000
2024JP0000081,1,304.62,9,1,1,1,1,875,8,0,0,6,1,5,1,800107,1000000
2024JP0000082,1,304.62,12,2,6,1,5,1425,14,0,0,6,1,5,1,800101,1000000
2024JP0000083,1,304.62,73,2,1,1,6,710,7,0,0,6,1,2,1,800101,1000000
2024JP0000084,1,304.62,28,2,1,1,8,4860,48,5000,3,1,1,5,1,800100,1000000
2024JP0000085,1,304.62,43,1,1,1,16,74180,501,2000,1,3,1,1,1,800109,1000000
2024JP0000086,1,304.62,37,1,3,1,11,9987,99,9000,3,5,1,1,1,800108,1000000
2024JP0000087,1,304.62,2,1,4,1,4,9095,90,0,0,6,1,5,1,800108,1000000
2024JP0000088,1,304.62,29,1,5,1,11,14860,148,5000,1,1,1,5,1,800100,1000000
2024JP0000089,1,304.62,20,2,7,1,20,18340,183,3000,2,1,1,5,1,800102,1000000
2024JP0000090,1,304.62,28,1,6,1,8,22164,221,6000,4,1,1,5,1,800101,1000000
2024JP0000091,1,304.62,47,1,5,1,8,17704,177,7000,1,1,1,1,1,800101,1000000
2024JP0000092,1,304.62,0,2,1,1,6,5057,50,0,0,6,1,5,1,800108,1000000
2024JP0000093,1,304.62,18,2,5,1,17,36220,362,2000,3,1,1,5,1,800108,1000000
2024JP0000094,1,304.62,46,2,5,1,10,48653,486,6000,3,1,1,5,1,800103,1000000
2024JP0000095,1,304.62,30,2,7,1,8,11271,112,9800,3,5,1,1,1,800103,1000000
2024JP0000096,1,304.62,8,2,1,1,6,13112,131,0,0,6,1,5,1,800105,1000000
2024JP0000097,1,304.62,19,1,6,1,15,27262,272,6000,4,3,1,5,1,800103,1000000
2024JP0000098,1,304.62,8,2,2,1,9,1688,16,0,0,6,1,5,1,800108,1000000
2024JP0000099,1,304.62,21,1,2,1,16,15802,158,5000,1,1,1,5,1,800100,1000000
2024JP0000100,1,304.62,23,2,1,1,15,24866,248,3000,1,1,1,5,1,800100,1000000
2024JP0000101,1,304.62,53,1,7,1,12,13254,132,6000,4,2,1,1,1,800106,1000000
2024JP0000102,1,304.62,27,1,1,1,7,2546,25,6000,4,1,1,1,1,800100,1000000
2024JP0000103,1,304.62,89,2,9,1,7,1721,17,0,0,6,1,1,1,800106,1000000
2024JP0000104,1,304.62,56,2,2,1,10,22168,221,2000,1,1,1,1,1,800107,1000000
2024JP0000105,1,304.62,23,2,5,1,12,26945,269,7000,6,1,1,1,1,800103,1000000
2024JP0000106,1,304.62,19,2,1,1,18,12841,128,6000,1,1,1,5,1,800106,1000000
2024JP0000107,1,304.62,36,2,3,1,10,30866,308,9000,1,5,1,1,1,800102,1000000
2024JP0000108,1,304.62,10,1,3,1,1,4574,45,0,0,6,1,5,1,800105,1000000
2024JP0000109,1,304.62,45,1,3,1,8,8085,80,9000,1,1,1,1,1,800104,1000000
2024JP0000110,1,304.62,23,2,6,1,14,59544,501,6000,3,1,1,1,1,800103,1000000
2024JP0000111,1,304.62,51,1,1,1,7,4877,48,9000,1,1,1,1,1,800103,1000000
2024JP0000112,1,304.62,34,1,6,1,12,16267,162,6000,1,1,1,1,1,800108,1000000
2024JP0000113,1,304.62,3,1,6,1,3,1591,15,0,0,6,1,5,1,800109,1000000
2024JP0000114,1,304.62,26,1,5,1,10,10419,104,9000,4,1,1,1,2,800100,1000000
2024JP0000115,1,304.62,59,2,5,1,10,12458,124,6000,6,2,1,2,1,800101,1000000
2024JP0000116,1,304.62,33,1,6,1,13,27478,274,5000,3,1,1,2,1,800106,1000000
2024JP0000117,1,304.62,23,2,5,1,10,19454,194,5000,6,1,5,5,1,800104,1000000
2024JP0000118,1,304.62,20,2,1,1,13,5378,53,7000,1,5,1,5,1,800109,1000000
2024JP0000119,1,304.62,32,1,4,1,9,37396,373,5000,4,4,1,1,1,800102,1000000
2024JP0000120,1,304.62,42,2,6,1,10,25293,252,8000,1,1,1,1,1,800100,1000000
2024JP0000121,1,304.62,0,2,3,1,9,3080,30,0,0,6,1,5,1,800105,1000000
2024JP0000122,1,304.62,9,1,2,1,1,1637,16,0,0,6,1,5,1,800107,1000000
2024JP0000123,1,304.62,39,1,2,1,14,11049,110,4000,2,1,1,5,1,800107,1000000
2024JP0000124,1,304.62,19,1,8,1,11,9307,93,7000,1,1,1,5,1,800103,1000000
2024JP0000125,1,304.62,22,1,4,1,10,10174,101,2000,1,1,1,1,1,800109,1000000
2024JP0000126,1,304.62,28,1,1,1,9,15784,157,5000,1,1,1,5,1,800102,1000000
2024JP0000127,1,304.62,31,1,1,1,8,10258,102,5000,1,3,1,1,1,800107,1000000
2024JP0000128,1,304.62,29,1,1,1,10,7696,76,5000,4,1,1,1,1,800107,1000000
2024JP0000129,1,304.62,2,1,2,1,2,1526,15,0,0,6,1,5,1,800109,1000000
2024JP0000130,1,304.62,0,1,1,1,4,2413,24,0,0,6,1,5,1,800100,1000000
2024JP0000131,1,304.62,26,2,5,1,9,7895,78,6000,1,1,1,1,1,800108,1000000
2024JP0000132,1,304.62,32,1,6,1,6,3904,39,7000,6,1,1,1,1,800107,1000000
2024JP0000133,1,304.62,10,1,1,1,3,1333,13,0,0,6,1,5,1,800109,1000000
2024JP0000134,1,304.62,41,1,5,1,5,4595,45,9800,4,2,1,1,1,800106,1000000
2024JP0000135,1,304.62,44,2,9,1,9,19611,196,6000,1,3,1,1,1,800101,1000000
2024JP0000136,1,304.62,40,1,6,1,6,15617,156,7000,3,2,1,1,1,800105,1000000
2024JP0000137,1,304.62,41,2,5,1,10,8523,85,6000,3,5,1,1,1,800106,1000000
2024JP0000138,1,304.62,14,2,6,1,3,940,9,0,0,6,1,5,1,800106,1000000
2024JP0000139,1,304.62,44,2,6,1,8,10586,105,9000,4,1,1,1,1,800105,1000000
2024JP0000140,1,304.62,1,1,4,1,2,2174,21,0,0,6,1,5,1,800104,1000000
2024JP0000141,1,304.62,17,2,1,1,12,13136,131,0,0,6,1,5,1,800106,1000000
2024JP0000142,1,304.62,4,1,5,1,1,2084,20,0,0,6,1,5,1,800104,1000000
2024JP0000143,1,304.62,15,1,2,1,10,5820,58,0,0,6,1,5,1,800104,1000000
2024JP0000144,1,304.62,55,2,4,1,8,478,4,5000,1,5,1,1,1,800105,1000000
2024JP0000145,1,304.62,2,2,2,1,3,3295,32,0,0,6,1,5,1,800109,1000000
2024JP0000146,1,304.62,30,2,2,1,11,156028,501,3000,1,1,1,1,1,800104,1000000
2024JP0000147,1,304.62,26,1,6,1,16,28827,288,5000,1,1,1,5,1,800108,1000000
2024JP0000148,1,304.62,0,2,2,1,2,4487,44,0,0,6,1,5,1,800107,1000000
2024JP0000149,1,304.62,63,2,1,1,12,20354,203,8000,1,1,1,2,1,800103,1000000
2024JP0000150,1,304.62,14,1,1,1,5,3304,33,0,0,6,1,5,1,800109,1000000
2024JP0000151,1,304.62,30,2,5,1,7,10913,109,6000,3,1,1,1,1,800107,1000000
2024JP0000152,1,304.62,52,2,1,1,8,2147,21,7000,4,1,1,1,1,800103,1000000
2024JP0000153,1,304.62,1,1,6,1,6,1235,12,0,0,6,1,5,1,800104,1000000
2024JP0000154,1,304.62,45,1,5,1,9,15681,156,4000,3,1,1,1,1,800104,1000000
2024JP0000155,1,304.62,23,2,2,1,15,75914,501,2000,2,1,1,1,1,800104,1000000
2024JP0000156,1,304.62,37,1,5,1,9,19258,192,2000,1,1,1,5,1,800107,1000000
2024JP0000157,1,304.62,2,1,2,1,3,3652,36,0,0,6,1,5,1,800108,1000000
2024JP0000158,1,304.62,15,2,4,1,10,2025,20,0,0,6,1,5,1,800105,1000000
2024JP0000159,1,304.62,56,2,7,1,9,10342,103,6000,6,4,1,1,1,800103,1000000
2024JP0000160,1,304.62,32,2,7,1,8,10462,104,9000,3,1,1,1,1,800100,1000000
2024JP0000161,1,304.62,16,2,8,1,14,4756,47,0,0,6,1,5,1,800107,1000000
2024JP0000162,1,304.62,22,1,5,1,15,42779,427,4000,3,1,1,5,1,800107,1000000
2024JP0000163,1,304.62,23,2,4,1,11,5015,50,9000,4,5,1,5,1,800105,1000000
2024JP0000164,1,304.62,9,1,7,1,1,4553,45,0,0,6,1,5,1,800106,1000000
2024JP0000165,1,304.62,41,2,1,1,7,13979,139,5000,3,1,1,1,1,800100,1000000
2024JP0000166,1,304.62,43,1,6,1,12,36005,360,5000,1,1,1,1,1,800107,1000000
2024JP0000167,1,304.62,8,1,6,1,2,2087,20,0,0,6,1,5,1,800109,1000000
2024JP0000168,1,304.62,51,2,2,1,5,10425,104,9920,1,1,1,1,1,800108,1000000
2024JP0000169,1,304.62,31,1,1,1,9,47609,476,7000,3,5,5,1,1,800105,1000000
2024JP0000170,1,304.62,29,1,1,1,7,10959,109,6000,3,1,1,1,1,800108,1000000
2024JP0000171,1,304.62,2,2,1,1,1,2540,25,0,0,6,1,5,1,800100,1000000
2024JP0000172,1,304.62,26,2,5,1,6,8874,88,9800,3,1,1,5,1,800104,1000000
2024JP0000173,1,304.62,44,1,1,1,5,9668,96,9000,3,1,1,1,1,800108,1000000
2024JP0000174,1,304.62,3,1,1,1,4,1556,15,0,0,6,1,5,1,800106,1000000
2024JP0000175,1,304.62,14,2,4,1,5,4503,45,0,0,6,1,5,1,800102,1000000
2024JP0000176,1,304.62,24,1,8,1,14,4830,48,2000,1,1,1,1,1,800104,1000000
2024JP0000177,1,304.62,27,1,2,1,8,3032,30,5000,3,1,1,1,1,800105,1000000
2024JP0000178,1,304.62,21,1,5,1,15,25800,258,6000,6,1,1,5,1,800108,1000000
2024JP0000179,1,304.62,53,2,4,1,10,23504,235,7000,3,1,1,1,1,800103,1000000
2024JP0000180,1,304.62,9,2,4,1,1,2882,28,0,0,6,1,5,1,800104,1000000
2024JP0000181,1,304.62,56,2,4,1,8,10024,100,9000,3,1,1,2,1,800101,1000000
2024JP0000182,1,304.62,40,2,6,1,7,2042,20,7000,1,5,1,1,1,800102,1000000
2024JP0000183,1,304.62,33,1,2,1,15,65778,501,6000,1,1,1,1,1,800101,1000000
2024JP0000184,1,304.62,4,2,1,1,4,1360,13,0,0,6,1,5,1,800105,1000000
2024JP0000185,1,304.62,35,2,7,1,14,26394,263,9800,3,5,1,1,1,800101,1000000
2024JP0000186,1,304.62,5,2,3,1,6,3051,30,0,0,6,1,5,1,800107,1000000
2024JP0000187,1,304.62,10,1,1,1,5,7057,70,0,0,6,1,5,1,800109,1000000
2024JP0000188,1,304.62,15,1,4,1,17,13175,131,0,0,6,1,5,1,800108,1000000
2024JP0000189,1,304.62,19,1,1,1,18,14258,142,4000,2,1,1,5,1,800104,1000000
2024JP0000190,1,304.62,17,2,5,1,16,19370,193,0,0,6,1,5,1,800108,1000000
2024JP0000191,1,304.62,72,2,4,1,6,3660,36,0,0,6,1,5,1,800102,1000000
2024JP0000192,1,304.62,39,2,5,1,8,3057,30,5000,1,5,1,1,1,800105,1000000
2024JP0000193,1,304.62,21,2,6,1,15,20345,203,2000,1,1,1,1,1,800107,1000000
2024JP0000194,1,304.62,5,2,1,1,7,1893,18,0,0,6,1,5,1,800108,1000000
2024JP0000195,1,304.62,7,2,5,1,7,3153,31,0,0,6,1,5,1,800101,1000000
2024JP0000196,1,304.62,10,1,2,1,3,5292,52,0,0,6,1,5,1,800107,1000000
2024JP0000197,1,304.62,21,1,6,1,12,2762,27,2000,1,1,1,5,1,800106,1000000
2024JP0000198,1,304.62,10,2,1,1,1,12248,122,0,0,6,1,5,1,800106,1000000
2024JP0000199,1,304.62,8,2,1,1,4,519,5,0,0,6,1,5,1,800103,1000000
2024JP0000200,1,304.62,43,1,4,1,9,20704,207,9800,1,2,1,1,1,800101,1000000
2024JP0000201,1,304.62,36,2,4,1,10,5745,57,2000,3,1,1,1,1,800101,1000000
2024JP0000202,1,304.62,0,1,3,1,7,6106,61,0,0,6,1,5,1,800108,1000000
2024JP0000203,1,304.62,34,2,1,1,5,5009,50,5000,4,1,1,1,1,800104,1000000
2024JP0000204,1,304.62,2,1,6,1,3,1184,11,0,0,6,1,5,1,800102,1000000
2024JP0000205,1,304.62,58,2,6,1,7,2587,25,5000,3,1,1,1,1,800106,1000000
2024JP0000206,1,304.62,45,1,4,1,7,9677,96,9800,3,1,1,1,1,800108,1000000
2024JP0000207,1,304.62,22,2,9,1,10,24514,245,6000,1,1,1,1,1,800101,1000000
2024JP0000208,1,304.62,3,1,4,1,6,2325,23,0,0,6,1,5,1,800104,1000000
2024JP0000209,1,304.62,48,1,4,1,8,3242,32,9920,1,1,1,1,1,800108,1000000
2024JP0000210,1,304.62,18,2,2,1,17,8169,81,6000,4,1,1,1,1,800109,1000000
2024JP0000211,1,304.62,43,1,4,1,13,24508,245,6000,1,1,1,1,1,800100,1000000
2024JP0000212,1,304.62,29,1,1,1,7,43663,436,6000,3,1,1,5,1,800106,1000000
2024JP0000213,1,304.62,83,2,2,1,5,1172,11,0,0,6,1,2,1,800102,1000000
2024JP0000214,1,304.62,47,2,1,1,9,19018,190,6000,1,5,1,1,1,800105,1000000
2024JP0000215,1,304.62,31,1,3,1,11,12528,125,5000,1,1,1,1,1,800103,1000000
2024JP0000216,1,304.62,5,1,3,1,7,1990,19,0,0,6,1,5,1,800109,1000000
2024JP0000217,1,304.62,19,2,7,1,12,6199,61,6000,1,1,1,5,1,800106,1000000
2024JP0000218,1,304.62,41,1,3,1,5,13186,131,9800,1,1,1,1,1,800109,1000000
2024JP0000219,1,304.62,28,1,3,1,8,19411,194,9800,3,1,1,5,1,800108,1000000
2024JP0000220,1,304.62,31,1,1,1,10,5798,57,2000,1,1,1,1,1,800107,1000000
2024JP0000221,1,304.62,22,2,1,1,17,36537,365,3000,1,1,1,1,1,800104,1000000
2024JP0000222,1,304.62,5,1,4,1,4,2496,24,0,0,6,1,5,1,800100,1000000
2024JP0000223,1,304.62,2,2,2,1,4,8518,85,0,0,6,1,5,1,800106,1000000
2024JP0000224,1,304.62,39,1,2,1,8,3016,30,8000,4,1,1,1,1,800100,1000000
2024JP0000225,1,304.62,15,1,1,1,16,26037,260,0,0,6,1,5,1,800106,1000000
2024JP0000226,1,304.62,27,2,3,1,5,10415,104,9920,3,5,1,5,1,800107,1000000
2024JP0000227,1,304.62,29,2,6,1,10,6567,65,9800,3,1,1,1,1,800105,1000000
2024JP0000228,1,304.62,8,1,4,1,1,1908,19,0,0,6,1,5,1,800107,1000000
2024JP0000229,1,304.62,24,2,4,1,15,28400,284,5000,6,3,1,1,1,800107,1000000
2024JP0000230,1,304.62,11,2,6,1,2,1738,17,0,0,6,1,5,1,800108,1000000
2024JP0000231,1,304.62,41,1,1,1,5,7795,77,7000,4,1,1,1,1,800101,1000000
2024JP0000232,1,304.62,44,1,2,1,5,8410,84,9000,4,1,1,1,1,800100,1000000
2024JP0000233,1,304.62,50,1,6,1,5,2865,28,9800,6,1,1,5,1,800103,1000000
2024JP0000234,1,304.62,19,2,3,1,14,3350,33,6000,4,1,1,5,1,800102,1000000
2024JP0000235,1,304.62,28,1,1,1,15,39525,395,5000,1,1,1,5,1,800101,1000000
2024JP0000236,1,304.62,37,2,2,1,11,11316,113,5000,4,1,1,1,1,800107,1000000
2024JP0000237,1,304.62,44,2,8,1,7,2180,21,6000,1,1,1,1,1,800106,1000000
2024JP0000238,1,304.62,46,1,2,1,5,13629,136,8000,4,1,1,1,1,800103,1000000
2024JP0000239,1,304.62,29,1,4,1,7,5080,50,5000,1,1,1,5,1,800100,1000000
2024JP0000240,1,304.62,23,2,1,1,16,38221,382,6000,1,4,1,5,1,800109,1000000
2024JP0000241,1,304.62,5,2,6,1,7,1003,10,0,0,6,1,5,1,800104,1000000
2024JP0000242,1,304.62,32,2,5,1,8,15963,159,5000,3,5,1,5,1,800109,1000000
2024JP0000243,1,304.62,20,1,3,1,18,7135,71,5000,3,3,1,5,1,800100,1000000
2024JP0000244,1,304.62,32,1,3,1,10,21137,211,2000,1,1,1,3,1,800102,1000000
2024JP0000245,1,304.62,43,2,3,1,8,7949,79,9000,3,1,1,1,1,800103,1000000
2024JP0000246,1,304.62,21,1,3,1,10,7971,79,1000,1,5,1,5,1,800101,1000000
2024JP0000247,1,304.62,1,1,6,1,3,4808,48,0,0,6,1,5,1,800100,1000000
2024JP0000248,1,304.62,16,1,2,1,13,7985,79,0,0,6,1,5,1,800109,1000000
2024JP0000249,1,304.62,16,2,6,1,17,15508,155,0,0,6,1,5,1,800106,1000000
2024JP0000250,1,304.62,41,2,4,1,10,32667,326,8000,3,1,1,1,1,800107,1000000
2024JP0000251,1,304.62,28,2,4,1,13,7001,70,4000,1,1,1,1,1,800105,1000000
2024JP0000252,1,304.62,13,1,5,1,4,11383,113,0,0,6,1,5,1,800105,1000000
2024JP0000253,1,304.62,71,2,1,1,5,2038,20,0,0,6,1,1,1,800104,1000000
2024JP0000254,1,304.62,46,1,2,1,8,55941,501,5000,6,1,1,1,1,800108,1000000
2024JP0000255,1,304.62,19,2,1,1,14,3961,39,9800,6,1,1,5,1,800104,1000000
2024JP0000256,1,304.62,15,2,6,1,18,17361,173,0,0,6,1,5,1,800100,1000000
2024JP0000257,1,304.62,89,2,3,1,5,22605,226,0,0,6,1,1,1,800103,1000000
2024JP0000258,1,304.62,54,2,1,1,6,15375,153,5000,3,1,1,1,1,800101,1000000
2024JP0000259,1,304.62,37,1,1,1,7,2784,27,9800,3,1,1,1,1,800107,1000000
2024JP0000260,1,304.62,41,2,1,1,9,10681,106,4000,1,1,1,1,1,800104,1000000
2024JP0000261,1,304.62,28,1,1,1,13,16094,160,8000,1,5,1,1,1,800108,1000000
2024JP0000262,1,304.62,29,2,4,1,11,10420,104,8000,3,1,1,1,1,800109,1000000
2024JP0000263,1,304.62,37,2,5,1,8,4638,46,5000,6,5,1,5,1,800104,1000000
2024JP0000264,1,304.62,29,1,5,1,12,21884,218,7000,1,1,1,1,1,800100,1000000
2024JP0000265,1,304.62,5,1,1,1,4,2733,27,0,0,6,1,5,1,800109,1000000
2024JP0000266,1,304.62,51,2,1,1,11,33827,338,6000,3,1,1,2,1,800103,1000000
2024JP0000267,1,304.62,48,2,6,1,10,13668,136,6000,3,1,1,1,1,800105,1000000
2024JP0000268,1,304.62,4,2,2,1,2,5229,52,0,0,6,1,5,1,800104,1000000
2024JP0000269,1,304.62,83,2,3,1,6,11030,110,0,0,6,1,1,1,800109,1000000
2024JP0000270,1,304.62,39,2,5,1,6,6624,66,5000,4,1,1,1,1,800106,1000000
2024JP0000271,1,304.62,8,2,1,1,3,1678,16,0,0,6,1,5,1,800104,1000000
2024JP0000272,1,304.62,21,1,4,1,17,7952,79,4000,2,1,1,5,1,800100,1000000
2024JP0000273,1,304.62,7,2,7,1,4,4491,44,0,0,6,1,5,1,800103,1000000
2024JP0000274,1,304.62,36,2,5,1,10,16532,165,6000,4,1,1,5,1,800104,1000000
2024JP0000275,1,304.62,1,1,1,1,1,2776,27,0,0,6,1,5,1,800109,1000000
2024JP0000276,1,304.62,20,1,3,1,12,6055,60,1000,3,1,1,5,1,800106,1000000
2024JP0000277,1,304.62,9,1,3,1,7,2607,26,0,0,6,1,5,1,800107,1000000
2024JP0000278,1,304.62,15,2,4,1,11,19433,194,0,0,6,1,5,1,800102,1000000
2024JP0000279,1,304.62,1,2,3,1,3,3014,30,0,0,6,1,5,1,800103,1000000
2024JP0000280,1,304.62,11,1,5,1,3,3718,37,0,0,6,1,5,1,800108,1000000
2024JP0000281,1,304.62,41,1,1,1,11,25023,250,8000,3,1,1,2,1,800103,1000000
2024JP0000282,1,304.62,47,1,2,1,9,61120,501,2000,3,1,1,1,1,800101,1000000
2024JP0000283,1,304.62,4,2,5,1,5,834,8,0,0,6,1,5,1,800100,1000000
2024JP0000284,1,304.62,31,1,1,1,11,35327,353,5000,4,3,1,1,1,800109,1000000
2024JP0000285,1,304.62,11,2,1,1,4,1014,10,0,0,6,1,5,1,800108,1000000
2024JP0000286,1,304.62,9,1,2,1,9,7744,77,0,0,6,1,5,1,800100,1000000
2024JP0000287,1,304.62,8,1,1,1,5,2033,20,0,0,6,1,5,1,800103,1000000
2024JP0000288,1,304.62,25,1,6,1,10,15386,153,8000,4,1,1,1,1,800106,1000000
2024JP0000289,1,304.62,52,2,3,1,14,4638,46,1000,2,1,1,1,1,800109,1000000
2024JP0000290,1,304.62,40,1,1,1,7,16351,163,7000,3,1,1,1,1,800107,1000000
2024JP0000291,1,304.62,34,2,7,1,12,5714,57,5000,1,1,1,1,1,800107,1000000
2024JP0000292,1,304.62,37,2,3,1,6,4759,47,5000,1,1,1,1,1,800102,1000000
2024JP0000293,1,304.62,24,2,6,1,10,12272,122,2000,1,1,1,1,1,800100,1000000
2024JP0000294,1,304.62,37,1,1,1,7,2913,29,8000,3,1,1,1,1,800107,1000000
2024JP0000295,1,304.62,16,1,1,1,15,10664,106,0,0,6,1,5,1,800106,1000000
2024JP0000296,1,304.62,43,1,3,1,5,9988,99,5000,3,1,1,1,1,800102,1000000
2024JP0000297,1,304.62,22,1,1,1,10,23137,231,6000,4,1,1,1,1,800101,1000000
2024JP0000298,1,304.62,21,1,1,1,18,7500,75,4000,3,1,1,5,1,800103,1000000
2024JP0000299,1,304.62,30,2,6,1,13,11696,116,5000,1,5,1,1,1,800104,1000000
2024JP0000300,1,304.62,41,2,1,1,5,7708,77,8000,1,1,1,3,1,800101,1000000
2024JP0000301,1,304.62,43,1,4,1,10,20029,200,8000,1,3,1,1,1,800107,1000000
2024JP0000302,1,304.62,45,2,2,1,7,6861,68,9920,1,1,1,2,1,800103,1000000
2024JP0000303,1,304.62,26,2,2,1,8,6092,60,7000,4,1,1,5,1,800106,1000000
2024JP0000304,1,304.62,4,2,4,1,5,769,7,0,0,6,1,5,1,800104,1000000
2024JP0000305,1,304.62,34,1,1,1,7,1256,12,8000,4,1,1,2,1,800105,1000000
2024JP0000306,1,304.62,5,2,3,1,3,1938,19,0,0,6,1,5,1,800107,1000000
2024JP0000307,1,304.62,30,1,6,1,10,25405,254,9000,6,1,1,1,1,800101,1000000
2024JP0000308,1,304.62,41,2,7,1,14,9062,90,7000,3,1,1,1,1,800106,1000000
2024JP0000309,1,304.62,23,1,6,1,19,141736,501,4000,1,1,1,1,1,800105,1000000
2024JP0000310,1,304.62,39,2,4,1,5,5330,53,9920,3,5,1,1,1,800101,1000000
2024JP0000311,1,304.62,37,2,7,1,9,16302,163,6000,1,1,1,1,1,800101,1000000
2024JP0000312,1,304.62,0,2,6,1,2,2061,20,0,0,6,5,5,1,800106,1000000
2024JP0000313,1,304.62,23,1,2,1,11,7272,72,5000,3,1,1,1,1,800103,1000000
2024JP0000314,1,304.62,41,2,3,1,12,6058,60,6000,3,1,1,1,1,800105,1000000
2024JP0000315,1,304.62,11,1,6,1,4,3728,37,0,0,6,1,5,1,800100,1000000
2024JP0000316,1,304.62,55,1,1,1,8,6808,68,9920,4,1,1,1,1,800106,1000000
2024JP0000317,1,304.62,41,2,1,1,13,28332,283,2000,1,1,1,1,1,800102,1000000
2024JP0000318,1,304.62,8,2,7,1,4,4663,46,0,0,6,1,5,1,800105,1000000
2024JP0000319,1,304.62,27,2,8,1,7,4177,41,6000,4,1,1,5,1,800101,1000000
2024JP0000320,1,304.62,12,2,6,1,3,1921,19,0,0,6,1,5,1,800106,1000000
2024JP0000321,1,304.62,9,1,9,1,1,2848,28,0,0,6,1,5,1,800100,1000000
2024JP0000322,1,304.62,31,2,3,1,13,15309,153,9000,3,1,1,1,1,800106,1000000
2024JP0000323,1,304.62,5,1,2,1,3,1827,18,0,0,6,1,5,1,800107,1000000
2024JP0000324,1,304.62,20,1,2,1,15,25465,254,6000,1,1,1,5,1,800101,1000000
2024JP0000325,1,304.62,22,1,4,1,12,39445,394,6000,3,1,1,5,1,800109,1000000
2024JP0000326,1,304.62,1,2,6,1,1,2577,25,0,0,6,1,5,1,800103,1000000
2024JP0000327,1,304.62,12,1,3,1,2,2415,24,0,0,6,1,5,1,800103,1000000
2024JP0000328,1,304.62,50,1,4,1,6,4927,49,7000,6,4,1,1,1,800101,1000000
2024JP0000329,1,304.62,87,1,3,1,7,6487,64,0,0,6,1,2,1,800109,1000000
2024JP0000330,1,304.62,26,2,8,1,7,4609,46,6000,3,3,1,1,1,800100,1000000
2024JP0000331,1,304.62,15,1,6,1,13,3625,36,0,0,6,1,5,1,800106,1000000
2024JP0000332,1,304.62,2,1,1,1,2,3037,30,0,0,6,1,5,1,800108,1000000
2024JP0000333,1,304.62,7,1,1,1,4,249,2,0,0,6,1,5,1,800104,1000000
2024JP0000334,1,304.62,27,2,1,1,9,17643,176,4000,2,1,1,1,1,800107,1000000
2024JP0000335,1,304.62,12,2,7,1,7,1301,13,0,0,6,1,5,1,800100,1000000
2024JP0000336,1,304.62,0,2,8,1,4,4483,44,0,0,6,1,5,1,800108,1000000
2024JP0000337,1,304.62,4,2,1,1,1,4394,43,0,0,6,1,5,1,800107,1000000
2024JP0000338,1,304.62,40,2,4,1,8,15602,156,9800,6,1,1,1,1,800101,1000000
2024JP0000339,1,304.62,6,2,5,1,4,4925,49,0,0,6,1,5,1,800106,1000000
2024JP0000340,1,304.62,6,2,6,1,7,5471,54,0,0,6,1,5,1,800101,1000000
2024JP0000341,1,304.62,31,1,2,1,12,33553,335,9000,4,2,1,1,1,800105,1000000
2024JP0000342,1,304.62,24,1,6,1,11,25282,252,5000,4,1,1,1,1,800105,1000000
2024JP0000343,1,304.62,16,2,2,1,12,6379,63,0,0,6,1,5,1,800104,1000000
2024JP0000344,1,304.62,34,1,2,1,12,76949,501,7000,4,1,1,1,1,800105,1000000
2024JP0000345,1,304.62,17,2,4,1,15,47688,476,0,0,6,1,5,1,800105,1000000
2024JP0000346,1,304.62,5,1,1,1,5,3218,32,0,0,6,1,5,1,800108,1000000
2024JP0000347,1,304.62,15,1,3,1,14,3899,38,0,0,6,1,5,1,800101,1000000
2024JP0000348,1,304.62,10,1,1,1,4,3034,30,0,0,6,1,5,1,800103,1000000
2024JP0000349,1,304.62,51,1,1,1,10,25419,254,9000,3,1,1,1,1,800107,1000000
2024JP0000350,1,304.62,38,1,6,1,13,19106,191,9800,3,3,1,1,1,800103,1000000
2024JP0000351,1,304.62,21,1,2,1,15,22832,228,6000,3,2,1,5,1,800103,1000000
2024JP0000352,1,304.62,1,2,2,1,2,419,4,0,0,6,1,5,1,800100,1000000
2024JP0000353,1,304.62,43,2,2,1,11,38998,389,7000,3,1,1,1,1,800104,1000000
2024JP0000354,1,304.62,11,1,1,1,8,1717,17,0,0,6,1,5,1,800104,1000000
2024JP0000355,1,304.62,21,1,4,1,15,16974,169,6000,1,1,1,5,1,800100,1000000
2024JP0000356,1,304.62,21,1,1,1,11,8229,82,5000,6,1,1,5,1,800101,1000000
2024JP0000357,1,304.62,10,2,2,1,4,2402,24,0,0,6,1,5,1,800109,1000000
2024JP0000358,1,304.62,51,2,2,1,6,3291,32,7000,6,1,1,1,1,800105,1000000
2024JP0000359,1,304.62,36,2,1,1,5,13584,135,9000,1,1,1,2,1,800109,1000000
2024JP0000360,1,304.62,20,2,1,1,11,7181,71,6000,3,1,1,5,1,800104,1000000
2024JP0000361,1,304.62,29,1,1,1,10,9331,93,7000,1,2,1,1,1,800101,1000000
2024JP0000362,1,304.62,32,2,6,1,12,32595,325,2000,3,1,1,1,1,800108,1000000
2024JP0000363,1,304.62,52,2,4,1,15,131901,501,6000,1,5,1,3,1,800103,1000000
2024JP0000364,1,304.62,3,2,6,1,5,788,7,0,0,6,1,5,1,800108,1000000
2024JP0000365,1,304.62,25,1,1,1,7,11353,113,6000,1,1,1,1,1,800101,1000000
2024JP0000366,1,304.62,45,1,6,1,7,5152,51,7000,4,1,1,2,1,800108,1000000
2024JP0000367,1,304.62,52,1,6,1,8,27735,277,9920,1,1,1,1,1,800100,1000000
2024JP0000368,1,304.62,94,2,3,1,6,4908,49,0,0,6,1,5,1,800102,1000000
2024JP0000369,1,304.62,10,2,3,1,4,2692,26,0,0,6,1,5,1,800109,1000000
2024JP0000370,1,304.62,24,2,4,1,17,35912,359,5000,1,3,1,5,1,800101,1000000
2024JP0000371,1,304.62,3,1,4,1,3,2772,27,0,0,6,1,5,1,800102,1000000
2024JP0000372,1,304.62,21,1,7,1,18,14484,144,5000,3,3,1,5,1,800103,1000000
2024JP0000373,1,304.62,49,1,2,1,9,27700,277,2000,1,1,1,1,1,800102,1000000
2024JP0000374,1,304.62,2,1,3,1,6,5208,52,0,0,6,1,5,1,800104,1000000
2024JP0000375,1,304.62,4,2,7,1,1,2125,21,0,0,6,1,5,1,800100,1000000
2024JP0000376,1,304.62,21,2,6,1,14,2896,28,6000,4,1,1,5,1,800101,1000000
2024JP0000377,1,304.62,59,1,9,1,6,22900,229,8000,6,1,1,1,1,800107,1000000
2024JP0000378,1,304.62,92,2,4,1,9,7558,75,0,0,6,1,4,1,800109,1000000
2024JP0000379,1,304.62,36,2,4,1,5,2140,21,5000,1,1,1,1,1,800100,1000000
2024JP0000380,1,304.62,9,1,5,1,2,1091,10,0,0,6,1,5,1,800100,1000000
2024JP0000381,1,304.62,5,2,2,1,6,2311,23,0,0,6,1,5,1,800108,1000000
2024JP0000382,1,304.62,59,2,2,1,8,5765,57,7000,1,1,1,2,1,800108,1000000
2024JP0000383,1,304.62,30,1,7,1,6,5542,55,9920,6,1,1,1,1,800108,1000000
2024JP0000384,1,304.62,6,1,1,1,9,13744,137,0,0,6,1,5,1,800108,1000000
2024JP0000385,1,304.62,86,1,6,1,7,4325,43,0,0,6,1,1,1,800107,1000000
2024JP0000386,1,304.62,43,2,1,1,11,37074,370,6000,3,1,1,1,1,800106,1000000
2024JP0000387,1,304.62,38,2,1,1,10,23382,233,6000,4,1,1,1,1,800101,1000000
2024JP0000388,1,304.62,31,2,1,1,7,26978,269,9800,1,1,1,1,1,800104,1000000
2024JP0000389,1,304.62,44,1,2,1,5,5957,59,5000,4,1,1,1,1,800107,1000000
2024JP0000390,1,304.62,51,1,3,1,10,9931,99,7000,3,1,1,2,1,800105,1000000
2024JP0000391,1,304.62,52,2,5,1,9,32537,325,9000,6,1,1,1,1,800106,1000000
2024JP0000392,1,304.62,22,1,6,1,11,20190,201,6000,4,1,1,5,1,800106,1000000
2024JP0000393,1,304.62,58,1,2,1,12,16653,166,1000,3,1,1,2,1,800100,1000000
2024JP0000394,1,304.62,13,1,5,1,1,2129,21,0,0,6,1,5,1,800103,1000000
2024JP0000395,1,304.62,13,2,3,1,8,1254,12,0,0,6,1,5,1,800107,1000000
2024JP0000396,1,304.62,38,1,3,1,5,1697,16,9000,3,1,1,1,1,800102,1000000
2024JP0000397,1,304.62,37,2,2,1,9,41954,419,2000,1,1,1,1,1,800107,1000000
2024JP0000398,1,304.62,22,2,1,1,12,7856,78,6000,6,1,1,5,1,800109,1000000
2024JP0000399,1,304.62,40,2,1,1,8,9674,96,6000,1,1,1,1,1,800109,1000000
2024JP0000400,1,304.62,40,1,6,1,13,20743,207,6000,3,1,1,1,1,800104,1000000
2024JP0000401,1,304.62,36,2,5,1,13,11480,114,7000,3,5,1,1,1,800104,1000000
2024JP0000402,1,304.62,0,2,1,1,3,1845,18,0,0,6,1,5,1,800102,1000000
2024JP0000403,1,304.62,44,2,6,1,5,14110,141,9800,4,1,1,1,1,800104,1000000
2024JP0000404,1,304.62,44,1,3,1,10,12479,124,1000,1,1,1,1,1,800105,1000000
2024JP0000405,1,304.62,29,2,6,1,11,15515,155,9000,1,1,1,1,1,800100,1000000
2024JP0000406,1,304.62,28,2,6,1,11,76910,501,2000,1,1,1,1,1,800105,1000000
2024JP0000407,1,304.62,23,1,4,1,18,69018,501,4000,2,1,1,5,1,800101,1000000
2024JP0000408,1,304.62,44,2,4,1,13,15884,158,9800,1,1,1,1,1,800108,1000000
2024JP0000409,1,304.62,47,1,5,1,8,3421,34,9920,1,3,1,1,1,800101,1000000
2024JP0000410,1,304.62,42,1,6,1,15,51422,501,4000,1,1,1,1,1,800103,1000000
2024JP0000411,1,304.62,54,1,3,1,6,8066,80,9000,4,1,1,1,1,800100,1000000
2024JP0000412,1,304.62,44,1,2,1,10,15432,154,5000,1,1,1,1,1,800105,1000000
2024JP0000413,1,304.62,12,2,4,1,3,4829,48,0,0,6,1,5,1,800103,1000000
2024JP0000414,1,304.62,27,2,1,1,5,7823,78,8000,4,1,1,1,1,800100,1000000
2024JP0000415,1,304.62,52,2,8,1,12,9177,91,9000,4,3,1,1,1,800106,1000000
2024JP0000416,1,304.62,29,2,6,1,6,2275,22,9920,4,1,1,5,1,800109,1000000
2024JP0000417,1,304.62,14,2,6,1,2,3295,32,0,0,6,1,5,1,800100,1000000
2024JP0000418,1,304.62,16,2,2,1,16,13685,136,0,0,6,1,5,1,800109,1000000
2024JP0000419,1,304.62,25,1,1,1,10,20429,204,8000,1,2,1,5,1,800109,1000000
2024JP0000420,1,304.62,20,1,6,1,11,6665,66,5000,6,1,1,5,1,800105,1000000
2024JP0000421,1,304.62,4,1,2,1,3,2558,25,0,0,6,1,5,1,800105,1000000
2024JP0000422,1,304.62,95,1,3,1,9,10891,108,0,0,6,1,5,1,800108,1000000
2024JP0000423,1,304.62,46,1,6,1,5,5886,58,6000,4,1,1,1,1,800109,1000000
2024JP0000424,1,304.62,37,2,1,1,13,49488,494,5000,3,1,1,5,1,800103,1000000
2024JP0000425,1,304.62,29,2,1,1,8,7126,71,9800,3,2,1,5,1,800104,1000000
2024JP0000426,1,304.62,51,2,5,1,13,36274,362,8000,1,1,1,1,1,800101,1000000
2024JP0000427,1,304.62,3,2,1,1,1,2318,23,0,0,6,1,5,1,800108,1000000
2024JP0000428,1,304.62,29,2,1,1,5,1693,16,9920,1,1,1,5,1,800101,1000000
2024JP0000429,1,304.62,0,2,1,1,3,1464,14,0,0,6,1,5,1,800106,1000000
2024JP0000430,1,304.62,44,1,1,1,5,5952,59,6000,4,1,1,1,1,800105,1000000
2024JP0000431,1,304.62,10,1,1,1,3,1371,13,0,0,6,1,5,1,800100,1000000
2024JP0000432,1,304.62,13,1,3,1,6,4913,49,0,0,6,1,5,1,800105,1000000
2024JP0000433,1,304.62,6,1,5,1,4,9073,90,0,0,6,1,5,1,800102,1000000
2024JP0000434,1,304.62,21,2,7,1,10,4913,49,6000,1,2,1,5,1,800108,1000000
2024JP0000435,1,304.62,53,1,5,1,7,13036,130,5000,1,1,1,1,1,800105,1000000
2024JP0000436,1,304.62,12,1,6,1,3,3009,30,0,0,6,1,5,1,800108,1000000
2024JP0000437,1,304.62,67,1,7,1,6,3144,31,9800,1,1,1,1,1,800106,1000000
2024JP0000438,1,304.62,19,1,4,1,15,27569,275,4000,3,1,1,5,1,800107,1000000
2024JP0000439,1,304.62,38,2,6,1,11,22892,228,7000,1,1,1,1,1,800105,1000000
2024JP0000440,1,304.62,31,2,1,1,13,46980,469,7000,1,1,1,1,1,800109,1000000
2024JP0000441,1,304.62,46,1,3,1,8,2244,22,5000,4,1,1,1,1,800103,1000000
2024JP0000442,1,304.62,13,1,2,1,6,2312,23,0,0,6,1,5,1,800109,1000000
2024JP0000443,1,304.62,17,1,3,1,14,5377,53,0,0,6,1,5,1,800106,1000000
2024JP0000444,1,304.62,73,1,4,1,7,6146,61,0,0,6,1,1,1,800106,1000000
2024JP0000445,1,304.62,39,1,5,1,9,4515,45,5000,3,1,1,1,1,800106,1000000
2024JP0000446,1,304.62,10,2,4,1,4,1086,10,0,0,6,1,5,1,800106,1000000
2024JP0000447,1,304.62,27,1,4,1,8,3015,30,5000,3,1,1,1,1,800106,1000000
2024JP0000448,1,304.62,42,1,7,1,10,56097,501,6000,3,4,1,1,1,800103,1000000
2024JP0000449,1,304.62,26,2,1,1,10,25488,254,9000,1,1,1,5,1,800100,1000000
2024JP0000450,1,304.62,0,1,7,1,3,2350,23,0,0,6,1,5,1,800100,1000000
2024JP0000451,1,304.62,70,2,1,1,6,2058,20,7000,3,1,1,1,1,800103,1000000
2024JP0000452,1,304.62,36,1,6,1,9,23185,231,7000,1,1,1,5,1,800109,1000000
2024JP0000453,1,304.62,31,1,4,1,5,8950,89,9800,3,1,1,1,1,800108,1000000
2024JP0000454,1,304.62,59,2,2,1,10,8523,85,6000,4,1,1,5,1,800101,1000000
2024JP0000455,1,304.62,54,1,1,1,8,10960,109,8000,1,1,1,2,1,800107,1000000
2024JP0000456,1,304.62,32,2,2,1,15,30400,304,6000,1,1,1,1,1,800108,1000000
2024JP0000457,1,304.62,21,2,6,1,11,8182,81,6000,4,1,1,5,1,800105,1000000
2024JP0000458,1,304.62,31,2,9,1,13,8779,87,6000,3,1,1,1,1,800108,1000000
2024JP0000459,1,304.62,1,1,4,1,2,3825,38,0,0,6,1,5,1,800101,1000000
2024JP0000460,1,304.62,27,2,5,1,11,3154,31,8000,1,1,1,1,1,800103,1000000
2024JP0000461,1,304.62,35,2,6,1,11,15895,158,6000,1,1,1,1,1,800104,1000000
2024JP0000462,1,304.62,91,1,1,1,6,2334,23,0,0,6,1,3,1,800103,1000000
2024JP0000463,1,304.62,35,2,3,1,10,37801,378,7000,4,1,1,5,1,800108,1000000
2024JP0000464,1,304.62,47,1,4,1,9,18381,183,6000,3,1,1,5,1,800102,1000000
2024JP0000465,1,304.62,7,2,1,1,5,2329,23,0,0,6,1,5,1,800106,1000000
2024JP0000466,1,304.62,10,1,7,1,6,2196,21,0,0,6,1,5,1,800108,1000000
2024JP0000467,1,304.62,15,2,7,1,14,3848,38,0,0,6,1,5,1,800107,1000000
2024JP0000468,1,304.62,21,1,4,1,14,1522,15,7000,3,1,1,5,1,800106,1000000
2024JP0000469,1,304.62,14,1,7,1,6,5103,51,0,0,6,1,5,1,800101,1000000
2024JP0000470,1,304.62,39,1,5,1,11,8347,83,4000,3,1,1,2,1,800107,1000000
2024JP0000471,1,304.62,0,2,8,1,3,1800,18,0,0,6,1,5,1,800103,1000000
2024JP0000472,1,304.62,6,1,3,1,7,664,6,0,0,6,1,5,1,800102,1000000
2024JP0000473,1,304.62,8,2,4,1,7,2291,22,0,0,6,1,5,1,800109,1000000
2024JP0000474,1,304.62,44,1,6,1,10,38570,385,6000,4,1,1,5,1,800105,1000000
2024JP0000475,1,304.62,37,1,3,1,7,22215,222,9000,1,3,1,1,1,800105,1000000
2024JP0000476,1,304.62,9,2,1,1,4,1140,11,0,0,6,1,5,1,800109,1000000
2024JP0000477,1,304.62,10,2,8,1,2,2554,25,0,0,6,1,5,1,800107,1000000
2024JP0000478,1,304.62,19,2,3,1,14,9255,92,9000,3,1,1,5,1,800103,1000000
2024JP0000479,1,304.62,5,1,6,1,1,3315,33,0,0,6,1,5,1,800102,1000000
2024JP0000480,1,304.62,7,2,6,1,5,2489,24,0,0,6,1,5,1,800103,1000000
2024JP0000481,1,304.62,0,2,2,1,5,3125,31,0,0,6,1,5,1,800105,1000000
2024JP0000482,1,304.62,31,1,1,1,12,8686,86,6000,6,1,1,1,1,800107,1000000
2024JP0000483,1,304.62,1,1,3,1,4,1266,12,0,0,6,1,5,1,800100,1000000
2024JP0000484,1,304.62,10,1,5,1,1,955,9,0,0,6,1,5,1,800103,1000000
2024JP0000485,1,304.62,6,2,3,1,5,906,9,0,0,6,1,5,1,800100,1000000
2024JP0000486,1,304.62,55,2,1,1,8,7565,75,8000,4,1,1,1,1,800105,1000000
2024JP0000487,1,304.62,38,1,5,1,12,35373,353,6000,3,5,1,5,1,800100,1000000
2024JP0000488,1,304.62,25,1,1,1,10,17478,174,4000,1,1,1,1,1,800109,1000000
2024JP0000489,1,304.62,80,2,2,1,5,2997,29,0,0,6,1,1,1,800101,1000000
2024JP0000490,1,304.62,10,1,2,1,4,5201,52,0,0,6,1,5,1,800103,1000000
2024JP0000491,1,304.62,20,2,3,1,13,4369,43,7000,3,1,2,1,1,800107,1000000
2024JP0000492,1,304.62,28,2,4,1,7,12852,128,7000,4,1,1,1,1,800102,1000000
2024JP0000493,1,304.62,23,2,6,1,11,5255,52,4000,3,1,1,5,1,800100,1000000
2024JP0000494,1,304.62,3,1,1,1,1,1075,10,0,0,6,1,5,1,800106,1000000
2024JP0000495,1,304.62,93,2,8,1,6,6897,68,0,0,6,1,5,1,800103,1000000
2024JP0000496,1,304.62,0,1,1,1,6,1826,18,0,0,6,1,5,1,800103,1000000
2024JP0000497,1,304.62,49,2,1,1,10,11587,115,5000,1,1,1,5,1,800101,1000000
2024JP0000498,1,304.62,36,1,2,1,11,23529,235,7000,1,1,1,1,1,800103,1000000
2024JP0000499,1,304.62,23,2,5,1,13,60962,501,6000,4,1,1,1,1,800107,1000000
2024JP0000500,1,304.62,4,1,5,1,1,2057,20,0,0,6,1,5,1,800104,1000000
2024JP0000501,1,304.62,19,2,4,1,11,4515,45,6000,3,3,1,5,1,800100,1000000
2024JP0000502,1,304.62,4,1,6,1,4,3927,39,0,0,6,1,5,1,800109,1000000
2024JP0000503,1,304.62,21,2,3,1,18,26884,268,1000,1,3,1,1,1,800108,1000000
2024JP0000504,1,304.62,52,1,1,1,7,28744,287,6000,4,1,1,3,1,800105,1000000
2024JP0000505,1,304.62,58,1,2,1,8,5678,56,9000,6,1,1,1,1,800101,1000000
2024JP0000506,1,304.62,9,1,7,1,7,3609,36,0,0,6,1,5,1,800105,1000000
2024JP0000507,1,304.62,23,1,4,1,16,36240,362,3000,1,1,1,5,1,800109,1000000
2024JP0000508,1,304.62,38,1,1,1,7,12241,122,9920,3,5,1,1,1,800102,1000000
2024JP0000509,1,304.62,33,2,1,1,9,11308,113,6000,1,1,1,1,1,800109,1000000
2024JP0000510,1,304.62,21,1,3,1,13,6074,60,6000,4,5,1,5,1,800106,1000000
2024JP0000511,1,304.62,33,1,1,1,11,9548,95,2000,2,1,1,1,1,800107,1000000
2024JP0000512,1,304.62,46,2,4,1,5,3292,32,9920,3,1,1,1,2,800103,1000000
2024JP0000513,1,304.62,24,1,1,1,19,66482,501,4000,1,1,1,5,1,800103,1000000
2024JP0000514,1,304.62,29,1,6,1,10,5549,55,2000,2,1,1,5,1,800108,1000000
2024JP0000515,1,304.62,44,2,1,1,11,13652,136,7000,3,1,1,1,1,800105,1000000
2024JP0000516,1,304.62,16,1,2,1,15,27666,276,0,0,6,1,5,1,800106,1000000
2024JP0000517,1,304.62,43,2,3,1,10,18662,186,6000,4,1,1,1,1,800103,1000000
2024JP0000518,1,304.62,50,1,7,1,8,8242,82,8000,4,1,1,1,1,800104,1000000
2024JP0000519,1,304.62,27,1,3,1,9,37259,372,7000,4,1,1,1,1,800104,1000000
2024JP0000520,1,304.62,48,2,4,1,9,18619,186,1000,2,1,1,1,1,800100,1000000
2024JP0000521,1,304.62,19,1,6,1,18,16308,163,4000,1,1,1,5,1,800108,1000000
2024JP0000522,1,304.62,23,2,6,1,13,15210,152,7000,4,1,1,1,1,800100,1000000
2024JP0000523,1,304.62,28,2,4,1,11,11219,112,1000,2,1,1,1,1,800105,1000000
2024JP0000524,1,304.62,33,1,6,1,6,1476,14,9000,1,1,1,1,1,800108,1000000
2024JP0000525,1,304.62,12,1,3,1,6,2512,25,0,0,6,1,5,1,800104,1000000
2024JP0000526,1,304.62,0,1,2,1,7,1627,16,0,0,6,1,5,1,800109,1000000
2024JP0000527,1,304.62,54,2,5,1,5,5945,59,9920,1,1,1,1,1,800109,1000000
2024JP0000528,1,304.62,26,1,7,1,9,29552,295,3000,2,2,1,1,1,800105,1000000
2024JP0000529,1,304.62,11,1,7,1,3,5494,54,0,0,6,1,5,1,800108,1000000
2024JP0000530,1,304.62,5,1,2,1,2,2826,28,0,0,6,1,5,1,800102,1000000
2024JP0000531,1,304.62,15,1,5,1,10,2121,21,0,0,6,1,5,1,800100,1000000
2024JP0000532,1,304.62,36,1,1,1,10,24500,245,8000,1,1,1,2,1,800101,1000000
2024JP0000533,1,304.62,30,1,5,1,11,7408,74,5000,3,1,1,1,1,800109,1000000
2024JP0000534,1,304.62,14,1,2,1,2,2481,24,0,0,6,1,5,1,800108,1000000
2024JP0000535,1,304.62,60,1,1,1,5,10453,104,9800,1,1,1,1,1,800104,1000000
2024JP0000536,1,304.62,36,1,2,1,10,28224,282,6000,3,3,1,1,1,800107,1000000
2024JP0000537,1,304.62,5,1,3,1,5,3761,37,0,0,6,1,5,1,800106,1000000
2024JP0000538,1,304.62,53,1,6,1,9,12029,120,5000,1,1,1,1,1,800107,1000000
2024JP0000539,1,304.62,20,1,1,1,18,52555,501,2000,3,1,1,5,1,800105,1000000
2024JP0000540,1,304.62,21,2,6,1,17,28854,288,3000,1,1,1,5,1,800108,1000000
2024JP0000541,1,304.62,32,1,5,1,13,3222,32,2000,2,2,1,1,1,800107,1000000
2024JP0000542,1,304.62,33,1,2,1,6,7027,70,9920,1,1,1,3,1,800100,1000000
2024JP0000543,1,304.62,47,2,3,1,8,2699,26,7000,4,1,1,1,1,800103,1000000
2024JP0000544,1,304.62,6,1,6,1,3,2418,24,0,0,6,1,5,1,800108,1000000
2024JP0000545,1,304.62,12,2,1,1,4,2971,29,0,0,6,1,5,1,800104,1000000
2024JP0000546,1,304.62,51,2,4,1,5,7016,70,9920,3,1,1,1,1,800102,1000000
2024JP0000547,1,304.62,19,1,4,1,14,1974,19,2000,1,1,1,5,1,800105,1000000
2024JP0000548,1,304.62,0,2,6,1,4,1989,19,0,0,6,1,5,1,800100,1000000
2024JP0000549,1,304.62,4,2,2,1,3,2917,29,0,0,6,1,5,1,800103,1000000
2024JP0000550,1,304.62,26,1,2,1,11,4491,44,7000,3,4,1,1,1,800100,1000000
2024JP0000551,1,304.62,35,1,1,1,9,42818,428,5000,3,1,1,3,1,800109,1000000
2024JP0000552,1,304.62,8,2,3,1,3,4112,41,0,0,6,1,5,1,800100,1000000
2024JP0000553,1,304.62,17,1,2,1,15,19800,198,0,0,6,1,5,1,800101,1000000
2024JP0000554,1,304.62,46,2,6,1,9,16790,167,2000,1,1,1,2,1,800109,1000000
2024JP0000555,1,304.62,79,1,1,1,7,934,9,0,0,6,1,1,1,800104,1000000
2024JP0000556,1,304.62,8,1,5,1,7,4433,44,0,0,6,1,5,1,800100,1000000
2024JP0000557,1,304.62,35,2,4,1,9,16623,166,8000,1,1,1,1,1,800101,1000000
2024JP0000558,1,304.62,8,2,2,1,6,5786,57,0,0,6,1,5,1,800104,1000000
2024JP0000559,1,304.62,14,1,3,1,2,2418,24,0,0,6,1,5,1,800103,1000000
2024JP0000560,1,304.62,18,2,6,1,15,21215,212,1000,3,1,1,5,1,800107,1000000
2024JP0000561,1,304.62,58,1,1,1,13,5796,57,9800,3,1,1,5,1,800102,1000000
2024JP0000562,1,304.62,1,2,1,1,8,4426,44,0,0,6,1,5,1,800103,1000000
2024JP0000563,1,304.62,14,1,1,1,1,4303,43,0,0,6,1,5,1,800106,1000000
2024JP0000564,1,304.62,42,1,2,1,11,52766,501,8000,4,1,1,1,1,800108,1000000
2024JP0000565,1,304.62,17,1,6,1,11,5255,52,0,0,6,1,5,1,800104,1000000
2024JP0000566,1,304.62,19,2,6,1,12,10055,100,2000,2,1,1,5,1,800104,1000000
2024JP0000567,1,304.62,57,1,3,1,9,4765,47,3000,1,1,1,1,1,800105,1000000
2024JP0000568,1,304.62,58,2,4,1,10,9409,94,3000,1,1,1,1,1,800106,1000000
2024JP0000569,1,304.62,8,1,7,1,3,653,6,0,0,6,1,5,1,800103,1000000
2024JP0000570,1,304.62,30,2,1,1,5,9281,92,9000,1,1,1,1,1,800105,1000000
2024JP0000571,1,304.62,43,1,6,1,13,6849,68,1000,1,1,1,1,1,800100,1000000
2024JP0000572,1,304.62,87,2,2,1,5,4176,41,0,0,6,1,1,1,800105,1000000
2024JP0000573,1,304.62,38,1,7,1,5,21870,218,6000,4,1,5,1,1,800109,1000000
2024JP0000574,1,304.62,40,2,1,1,13,27455,274,6000,3,1,1,1,1,800105,1000000
2024JP0000575,1,304.62,43,2,1,1,9,43114,431,5000,3,2,1,1,1,800100,1000000
2024JP0000576,1,304.62,21,2,8,1,10,7100,71,6000,3,1,1,5,1,800100,1000000
2024JP0000577,1,304.62,23,1,7,1,10,12380,123,7000,3,1,1,1,1,800105,1000000
2024JP0000578,1,304.62,10,1,1,1,3,7595,75,0,0,6,1,5,1,800100,1000000
2024JP0000579,1,304.62,43,2,6,1,8,9751,97,5000,1,1,1,3,1,800109,1000000
2024JP0000580,1,304.62,76,2,3,1,6,5648,56,0,0,6,1,1,1,800108,1000000
2024JP0000581,1,304.62,24,2,4,1,12,12483,124,6000,1,1,1,1,1,800107,1000000
2024JP0000582,1,304.62,36,1,4,1,10,30802,308,7000,4,1,1,5,1,800103,1000000
2024JP0000583,1,304.62,6,2,4,1,8,2517,25,0,0,6,1,5,1,800107,1000000
2024JP0000584,1,304.62,25,2,4,1,11,3325,33,4000,1,1,1,5,1,800104,1000000
2024JP0000585,1,304.62,61,1,4,1,7,2407,24,9800,3,1,1,2,1,800104,1000000
2024JP0000586,1,304.62,42,2,6,1,11,22493,224,1000,2,1,1,3,1,800106,1000000
2024JP0000587,1,304.62,10,1,1,1,5,4442,44,0,0,6,1,5,1,800100,1000000
2024JP0000588,1,304.62,26,1,4,1,12,18119,181,2000,1,1,5,1,1,800101,1000000
2024JP0000589,1,304.62,57,2,1,1,7,3263,32,8000,3,1,1,2,1,800103,1000000
2024JP0000590,1,304.62,44,2,2,1,6,10128,101,5000,6,1,1,1,1,800101,1000000
2024JP0000591,1,304.62,33,1,2,1,6,2830,28,9920,1,1,1,1,1,800106,1000000
2024JP0000592,1,304.62,11,1,3,1,5,2706,27,0,0,6,1,5,1,800104,1000000
2024JP0000593,1,304.62,11,2,5,1,1,2334,23,0,0,6,1,5,1,800106,1000000
2024JP0000594,1,304.62,32,1,5,1,13,47376,473,5000,1,5,1,1,1,800106,1000000
2024JP0000595,1,304.62,36,1,3,1,9,43393,433,6000,4,1,1,1,1,800105,1000000
2024JP0000596,1,304.62,25,1,1,1,7,4875,48,7000,4,2,1,1,1,800105,1000000
2024JP0000597,1,304.62,30,1,1,1,5,18921,189,9800,4,1,1,5,1,800108,1000000
2024JP0000598,1,304.62,2,1,1,1,6,1894,18,0,0,6,1,5,1,800107,1000000
2024JP0000599,1,304.62,4,1,4,1,2,839,8,0,0,6,1,5,1,800103,1000000
2024JP0000600,1,304.62,7,1,6,1,9,3603,36,0,0,6,1,5,1,800104,1000000
2024JP0000601,1,304.62,53,2,4,1,6,16143,161,9000,3,1,1,1,1,800103,1000000
2024JP0000602,1,304.62,57,1,4,1,13,60326,501,2000,1,1,1,3,1,800106,1000000
2024JP0000603,1,304.62,57,2,7,1,10,4942,49,5000,1,1,1,2,1,800107,1000000
2024JP0000604,1,304.62,32,2,1,1,9,10635,106,6000,3,1,1,1,1,800100,1000000
2024JP0000605,1,304.62,65,1,1,1,7,343,3,5000,1,1,1,1,1,800108,1000000
2024JP0000606,1,304.62,35,1,6,1,5,6109,61,8000,3,1,1,1,1,800103,1000000
2024JP0000607,1,304.62,60,1,6,1,8,23751,237,6000,1,1,1,1,1,800104,1000000
2024JP0000608,1,304.62,36,1,6,1,8,3831,38,9000,3,1,1,1,1,800100,1000000
2024JP0000609,1,304.62,18,2,6,1,16,74718,501,5000,3,1,1,1,1,800106,1000000
2024JP0000610,1,304.62,29,1,4,1,7,2005,20,7000,3,1,1,1,1,800102,1000000
2024JP0000611,1,304.62,11,2,9,1,4,1679,16,0,0,6,1,5,1,800102,1000000
2024JP0000612,1,304.62,15,2,3,1,18,23470,234,0,0,6,1,5,1,800105,1000000
2024JP0000613,1,304.62,17,1,6,1,13,7340,73,0,0,6,1,5,1,800104,1000000
2024JP0000614,1,304.62,31,1,3,1,14,6674,66,7000,4,1,1,5,1,800106,1000000
2024JP0000615,1,304.62,8,1,3,1,1,4409,44,0,0,6,1,5,1,800105,1000000
2024JP0000616,1,304.62,11,1,3,1,2,1191,11,0,0,6,1,5,1,800105,1000000
2024JP0000617,1,304.62,13,2,6,1,6,787,7,0,0,6,1,5,1,800107,1000000
2024JP0000618,1,304.62,33,1,2,1,8,16987,169,9800,1,1,1,1,1,800106,1000000
2024JP0000619,1,304.62,52,2,6,1,9,23903,239,9000,3,1,1,1,1,800100,1000000
2024JP0000620,1,304.62,59,2,2,1,7,5259,52,5000,1,1,1,1,1,800103,1000000
2024JP0000621,1,304.62,24,2,6,1,14,6658,66,7000,3,1,1,1,1,800109,1000000
2024JP0000622,1,304.62,50,1,8,1,7,11913,119,6000,3,1,1,1,1,800101,1000000
2024JP0000623,1,304.62,97,1,3,1,9,7282,72,0,0,6,1,1,1,800106,1000000
2024JP0000624,1,304.62,13,1,2,1,4,2314,23,0,0,6,1,5,1,800107,1000000
2024JP0000625,1,304.62,17,2,1,1,14,8659,86,0,0,6,1,5,1,800108,1000000
2024JP0000626,1,304.62,42,1,2,1,13,26693,266,2000,1,1,1,1,1,800105,1000000
2024JP0000627,1,304.62,34,2,4,1,9,67659,501,6000,3,1,1,3,1,800107,1000000
2024JP0000628,1,304.62,43,1,5,1,5,13001,130,5000,4,1,1,5,1,800107,1000000
2024JP0000629,1,304.62,49,1,4,1,8,5711,57,9000,6,1,1,1,1,800109,1000000
2024JP0000630,1,304.62,6,1,4,1,4,22107,221,0,0,6,1,5,1,800108,1000000
2024JP0000631,1,304.62,9,1,4,1,8,580,5,0,0,6,1,5,1,800105,1000000
2024JP0000632,1,304.62,27,2,1,1,9,38256,382,7000,1,2,5,5,1,800103,1000000
2024JP0000633,1,304.62,29,1,8,1,7,1637,16,9000,6,2,1,1,1,800102,1000000
2024JP0000634,1,304.62,0,1,3,1,3,2811,28,0,0,6,1,5,1,800100,1000000
2024JP0000635,1,304.62,2,2,3,1,1,2668,26,0,0,6,1,5,1,800108,1000000
2024JP0000636,1,304.62,9,1,3,1,1,5008,50,0,0,6,1,5,1,800104,1000000
2024JP0000637,1,304.62,22,1,1,1,14,12356,123,5000,1,1,1,5,1,800104,1000000
2024JP0000638,1,304.62,0,1,9,1,6,1344,13,0,0,6,1,5,1,800104,1000000
2024JP0000639,1,304.62,69,1,5,1,5,4818,48,5000,1,1,1,2,1,800107,1000000
2024JP0000640,1,304.62,25,2,1,1,5,5656,56,6000,3,1,1,5,1,800104,1000000
2024JP0000641,1,304.62,9,1,2,1,5,2897,28,0,0,6,1,5,1,800106,1000000
2024JP0000642,1,304.62,17,1,4,1,14,13948,139,0,0,6,1,5,1,800107,1000000
2024JP0000643,1,304.62,28,1,2,1,8,18395,183,5000,6,1,1,1,1,800106,1000000
2024JP0000644,1,304.62,1,2,5,1,1,709,7,0,0,6,1,5,1,800107,1000000
2024JP0000645,1,304.62,26,1,1,1,8,7816,78,9000,3,1,1,1,1,800102,1000000
2024JP0000646,1,304.62,25,1,2,1,11,14298,142,5000,3,2,1,1,1,800103,1000000
2024JP0000647,1,304.62,24,1,7,1,14,2039,20,8000,3,1,1,1,1,800101,1000000
2024JP0000648,1,304.62,43,2,1,1,10,39806,398,5000,3,1,1,1,1,800106,1000000
2024JP0000649,1,304.62,45,2,1,1,8,24850,248,7000,4,1,1,1,1,800109,1000000
2024JP0000650,1,304.62,4,2,6,1,3,4751,47,0,0,6,1,5,1,800106,1000000
2024JP0000651,1,304.62,87,2,1,1,10,9894,98,0,0,6,1,1,1,800107,1000000
2024JP0000652,1,304.62,41,1,1,1,5,12597,125,5000,4,1,1,1,1,800103,1000000
2024JP0000653,1,304.62,27,2,1,1,6,8377,83,9920,6,2,1,1,1,800109,1000000
2024JP0000654,1,304.62,48,1,1,1,5,4549,45,7000,1,1,1,5,1,800108,1000000
2024JP0000655,1,304.62,2,2,2,1,2,4911,49,0,0,6,1,5,1,800100,1000000
2024JP0000656,1,304.62,17,2,2,1,12,6173,61,0,0,6,1,5,1,800107,1000000
2024JP0000657,1,304.62,8,2,3,1,3,1179,11,0,0,6,1,5,1,800109,1000000
2024JP0000658,1,304.62,43,2,1,1,8,17222,172,6000,4,1,1,5,1,800104,1000000
2024JP0000659,1,304.62,20,1,3,1,12,3922,39,6000,1,1,1,5,1,800101,1000000
2024JP0000660,1,304.62,21,2,1,1,14,20902,209,5000,6,3,1,5,1,800105,1000000
2024JP0000661,1,304.62,2,1,1,1,1,763,7,0,0,6,1,5,1,800100,1000000
2024JP0000662,1,304.62,21,1,1,1,16,10069,100,4000,1,1,1,5,1,800104,1000000
2024JP0000663,1,304.62,32,2,6,1,9,12768,127,3000,2,1,1,1,1,800100,1000000
2024JP0000664,1,304.62,8,2,2,1,2,1241,12,0,0,6,1,5,1,800106,1000000
2024JP0000665,1,304.62,7,1,1,1,1,3834,38,0,0,6,1,5,1,800108,1000000
2024JP0000666,1,304.62,2,1,7,1,1,4449,44,0,0,6,1,5,1,800100,1000000
2024JP0000667,1,304.62,2,1,4,1,5,505,5,0,0,6,1,5,1,800108,1000000
2024JP0000668,1,304.62,12,1,3,1,9,10777,107,0,0,6,1,5,1,800107,1000000
2024JP0000669,1,304.62,30,2,5,1,10,70181,501,6000,1,1,1,1,1,800106,1000000
2024JP0000670,1,304.62,11,1,3,1,6,1458,14,0,0,6,1,5,1,800109,1000000
2024JP0000671,1,304.62,6,2,1,1,4,2096,20,0,0,6,1,5,1,800109,1000000
2024JP0000672,1,304.62,23,2,2,1,10,9655,96,5000,1,5,1,5,1,800101,1000000
2024JP0000673,1,304.62,95,2,1,1,11,5168,51,0,0,6,1,2,1,800101,1000000
2024JP0000674,1,304.62,34,2,3,1,12,19794,197,7000,4,1,1,1,1,800103,1000000
2024JP0000675,1,304.62,19,2,1,1,14,6689,66,6000,1,1,1,5,1,800105,1000000
2024JP0000676,1,304.62,58,1,1,1,5,6613,66,5000,4,3,1,1,1,800104,1000000
2024JP0000677,1,304.62,9,2,9,1,3,4776,47,0,0,6,1,5,1,800101,1000000
2024JP0000678,1,304.62,43,2,1,1,11,7750,77,2000,1,1,1,1,1,800107,1000000
2024JP0000679,1,304.62,43,1,2,1,15,45450,454,6000,3,1,1,1,1,800107,1000000
2024JP0000680,1,304.62,42,2,1,1,10,3973,39,6000,3,1,1,1,1,800101,1000000
2024JP0000681,1,304.62,37,1,2,1,7,8772,87,9800,3,1,1,1,1,800102,1000000
2024JP0000682,1,304.62,11,1,6,1,5,2315,23,0,0,6,1,5,1,800102,1000000
2024JP0000683,1,304.62,2,1,6,1,1,5482,54,0,0,6,1,5,1,800100,1000000
2024JP0000684,1,304.62,9,2,3,1,2,3994,39,0,0,6,1,5,1,800106,1000000
2024JP0000685,1,304.62,17,1,1,1,14,7094,70,0,0,6,1,5,1,800105,1000000
2024JP0000686,1,304.62,39,2,2,1,6,22229,222,7000,4,1,1,1,1,800102,1000000
2024JP0000687,1,304.62,25,1,2,1,8,1350,13,7000,1,1,1,5,1,800100,1000000
2024JP0000688,1,304.62,49,2,3,1,5,42356,423,9920,1,1,1,1,1,800106,1000000
2024JP0000689,1,304.62,16,2,1,1,18,14847,148,0,0,6,1,5,1,800104,1000000
2024JP0000690,1,304.62,29,2,3,1,12,9002,90,5000,1,1,1,1,1,800105,1000000
2024JP0000691,1,304.62,89,2,5,1,6,2079,20,0,0,6,1,1,1,800104,1000000
2024JP0000692,1,304.62,43,1,3,1,8,7799,77,5000,4,1,1,1,1,800109,1000000
2024JP0000693,1,304.62,39,1,3,1,9,21741,217,6000,1,1,1,5,1,800106,1000000
2024JP0000694,1,304.62,4,2,4,1,3,1156,11,0,0,6,1,5,1,800108,1000000
2024JP0000695,1,304.62,20,1,2,1,16,34225,342,4000,1,1,1,5,1,800101,1000000
2024JP0000696,1,304.62,59,1,9,1,5,9788,97,6000,1,1,1,1,1,800105,1000000
2024JP0000697,1,304.62,28,1,1,1,9,3925,39,9000,4,1,1,1,1,800103,1000000
2024JP0000698,1,304.62,43,1,8,1,10,17005,170,5000,1,1,1,1,1,800106,1000000
2024JP0000699,1,304.62,20,2,1,1,13,5312,53,9000,6,1,1,5,1,800102,1000000
2024JP0000700,1,304.62,43,2,1,1,9,9704,97,6000,4,1,1,1,1,800100,1000000
2024JP0000701,1,304.62,4,2,2,1,4,1301,13,0,0,6,1,5,1,800101,1000000
2024JP0000702,1,304.62,26,1,4,1,11,7763,77,6000,1,1,1,5,1,800107,1000000
2024JP0000703,1,304.62,82,2,3,1,6,1133,11,0,0,6,1,2,1,800106,1000000
2024JP0000704,1,304.62,9,1,4,1,9,15205,152,0,0,6,1,5,1,800108,1000000
2024JP0000705,1,304.62,2,1,3,1,3,2982,29,0,0,6,1,5,1,800105,1000000
2024JP0000706,1,304.62,13,2,7,1,7,1651,16,0,0,6,1,5,1,800103,1000000
2024JP0000707,1,304.62,40,2,4,1,8,4032,40,7000,1,1,1,1,1,800101,1000000
2024JP0000708,1,304.62,53,2,8,1,9,24758,247,2000,3,1,1,1,1,800106,1000000
2024JP0000709,1,304.62,9,1,1,1,4,3785,37,0,0,6,1,5,1,800102,1000000
2024JP0000710,1,304.62,1,1,4,1,8,2334,23,0,0,6,1,5,1,800101,1000000
2024JP0000711,1,304.62,29,2,5,1,11,17996,179,1000,3,3,2,1,1,800105,1000000
2024JP0000712,1,304.62,13,1,7,1,5,1176,11,0,0,6,1,5,1,800103,1000000
2024JP0000713,1,304.62,44,2,3,1,8,24364,243,5000,3,1,1,3,1,800103,1000000
2024JP0000714,1,304.62,100,2,1,1,6,2611,26,0,0,6,1,3,1,800104,1000000
2024JP0000715,1,304.62,48,2,3,1,7,9092,90,9800,4,1,1,1,1,800103,1000000
2024JP0000716,1,304.62,39,1,6,1,7,4899,48,6000,4,1,1,5,1,800104,1000000
2024JP0000717,1,304.62,35,2,2,1,11,30579,305,5000,6,1,1,5,1,800106,1000000
2024JP0000718,1,304.62,4,2,6,1,4,5377,53,0,0,6,1,5,1,800109,1000000
2024JP0000719,1,304.62,21,2,5,1,19,15208,152,2000,3,1,1,5,1,800103,1000000
2024JP0000720,1,304.62,39,1,4,1,13,42658,426,6000,1,1,1,1,1,800107,1000000
2024JP0000721,1,304.62,1,1,2,1,4,886,8,0,0,6,1,5,1,800109,1000000
2024JP0000722,1,304.62,6,1,1,1,5,4877,48,0,0,6,1,5,1,800104,1000000
2024JP0000723,1,304.62,89,1,6,1,5,13961,139,0,0,6,1,1,1,800100,1000000
2024JP0000724,1,304.62,1,2,2,1,2,582,5,0,0,6,1,5,1,800105,1000000
2024JP0000725,1,304.62,31,2,5,1,10,32411,324,6000,3,1,1,1,1,800104,1000000
2024JP0000726,1,304.62,16,2,2,1,12,15140,151,0,0,6,1,5,1,800108,1000000
2024JP0000727,1,304.62,11,1,6,1,6,1923,19,0,0,6,1,5,1,800106,1000000
2024JP0000728,1,304.62,47,2,1,1,9,12520,125,4000,1,1,1,2,1,800109,1000000
2024JP0000729,1,304.62,2,2,4,1,5,6289,62,0,0,6,1,5,1,800108,1000000
2024JP0000730,1,304.62,6,1,6,1,1,4355,43,0,0,6,1,5,1,800103,1000000
2024JP0000731,1,304.62,18,2,1,1,18,42486,424,6000,6,1,1,1,1,800101,1000000
2024JP0000732,1,304.62,18,1,1,1,16,11139,111,5000,1,1,1,5,1,800103,1000000
2024JP0000733,1,304.62,12,2,4,1,1,4746,47,0,0,6,1,5,1,800103,1000000
2024JP0000734,1,304.62,47,2,2,1,7,11316,113,9920,3,1,1,1,1,800107,1000000
2024JP0000735,1,304.62,74,1,2,1,5,9784,97,0,0,6,1,1,1,800106,1000000
2024JP0000736,1,304.62,0,1,3,1,2,2464,24,0,0,6,1,5,1,800100,1000000
2024JP0000737,1,304.62,21,1,2,1,14,5805,58,2000,1,1,1,5,1,800102,1000000
2024JP0000738,1,304.62,5,1,2,1,4,1756,17,0,0,6,1,5,1,800107,1000000
2024JP0000739,1,304.62,38,2,1,1,10,3458,34,5000,1,1,1,5,1,800109,1000000
2024JP0000740,1,304.62,40,1,6,1,5,5260,52,5000,4,1,1,5,1,800101,1000000
2024JP0000741,1,304.62,18,2,4,1,10,15789,157,8000,1,1,1,5,1,800101,1000000
2024JP0000742,1,304.62,15,1,4,1,18,11567,115,0,0,6,1,5,1,800100,1000000
2024JP0000743,1,304.62,18,2,6,1,17,12309,123,1000,1,1,1,5,1,800109,1000000
2024JP0000744,1,304.62,32,1,1,1,7,4451,44,9800,4,1,1,1,1,800109,1000000
2024JP0000745,1,304.62,28,1,4,1,7,3670,36,9800,3,1,1,1,1,800108,1000000
2024JP0000746,1,304.62,26,1,7,1,6,6096,60,5000,3,1,1,5,1,800102,1000000
2024JP0000747,1,304.62,9,1,1,1,1,556,5,0,0,6,1,5,1,800109,1000000
2024JP0000748,1,304.62,46,1,3,1,10,17815,178,6000,1,1,1,1,1,800107,1000000
2024JP0000749,1,304.62,41,1,2,1,11,8608,86,8000,3,1,1,1,1,800107,1000000
2024JP0000750,1,304.62,42,1,3,1,8,3266,32,5000,4,1,1,1,1,800109,1000000
2024JP0000751,1,304.62,24,2,1,1,11,9650,96,5000,3,1,1,1,1,800103,1000000
2024JP0000752,1,304.62,29,1,2,1,5,1875,18,9000,4,1,1,1,1,800108,1000000
2024JP0000753,1,304.62,3,2,4,1,4,2834,28,0,0,6,1,5,1,800105,1000000
2024JP0000754,1,304.62,18,1,3,1,12,38372,383,6000,3,1,1,5,1,800102,1000000
2024JP0000755,1,304.62,25,2,7,1,7,1450,14,6000,3,1,1,1,1,800103,1000000
2024JP0000756,1,304.62,59,2,2,1,5,2196,21,8000,3,4,1,2,1,800108,1000000
2024JP0000757,1,304.62,31,1,6,1,8,3627,36,5000,4,1,1,1,1,800106,1000000
2024JP0000758,1,304.62,5,2,3,1,3,2775,27,0,0,6,1,5,1,800105,1000000
2024JP0000759,1,304.62,42,1,5,1,10,8414,84,9000,3,1,1,1,1,800103,1000000
2024JP0000760,1,304.62,44,1,5,1,8,31095,310,9800,3,1,1,1,1,800105,1000000
2024JP0000761,1,304.62,17,2,1,1,15,21034,210,0,0,6,1,5,1,800107,1000000
2024JP0000762,1,304.62,11,1,4,1,3,2437,24,0,0,6,1,5,1,800108,1000000
2024JP0000763,1,304.62,40,1,6,1,9,53865,501,2000,2,1,1,1,1,800107,1000000
2024JP0000764,1,304.62,24,2,1,1,15,83655,501,5000,1,1,1,5,1,800108,1000000
2024JP0000765,1,304.62,19,2,4,1,10,2934,29,7000,3,1,1,5,1,800100,1000000
2024JP0000766,1,304.62,8,1,5,1,6,3987,39,0,0,6,1,5,1,800106,1000000
2024JP0000767,1,304.62,42,2,5,1,5,7688,76,7000,3,1,1,1,1,800103,1000000
2024JP0000768,1,304.62,26,1,6,1,10,11466,114,9000,6,1,1,5,1,800108,1000000
2024JP0000769,1,304.62,32,1,3,1,6,5592,55,9800,4,1,1,1,1,800100,1000000
2024JP0000770,1,304.62,39,2,6,1,5,8773,87,5000,1,1,1,1,1,800102,1000000
2024JP0000771,1,304.62,29,1,4,1,6,2097,20,9000,4,1,1,1,1,800104,1000000
2024JP0000772,1,304.62,19,1,2,1,15,8083,80,3000,1,5,1,5,1,800108,1000000
2024JP0000773,1,304.62,28,1,2,1,10,25920,259,2000,1,3,1,5,1,800104,1000000
2024JP0000774,1,304.62,23,1,6,1,10,6667,66,3000,2,1,1,1,1,800104,1000000
2024JP0000775,1,304.62,42,1,2,1,9,13362,133,6000,4,1,1,5,1,800101,1000000
2024JP0000776,1,304.62,24,2,6,1,10,6474,64,9000,3,1,1,1,1,800109,1000000
2024JP0000777,1,304.62,5,1,6,1,2,612,6,0,0,6,1,5,1,800104,1000000
2024JP0000778,1,304.62,5,2,1,1,7,430,4,0,0,6,1,5,1,800100,1000000
2024JP0000779,1,304.62,34,1,6,1,13,21596,215,1000,2,1,1,1,1,800102,1000000
2024JP0000780,1,304.62,0,2,6,1,1,2208,22,0,0,6,1,5,1,800105,1000000
2024JP0000781,1,304.62,10,1,3,1,2,1427,14,0,0,6,1,5,1,800106,1000000
2024JP0000782,1,304.62,27,2,4,1,11,46581,465,5000,1,1,1,1,1,800102,1000000
2024JP0000783,1,304.62,30,1,7,1,13,6487,64,6000,3,1,1,1,1,800100,1000000
2024JP0000784,1,304.62,19,2,4,1,16,19309,193,5000,3,1,1,5,1,800100,1000000
2024JP0000785,1,304.62,26,2,1,1,8,20976,209,8000,1,1,1,1,1,800102,1000000
2024JP0000786,1,304.62,54,1,1,1,7,6003,60,9920,1,1,1,1,1,800103,1000000
2024JP0000787,1,304.62,48,2,5,1,6,17264,172,8000,1,1,1,5,1,800103,1000000
2024JP0000788,1,304.62,8,1,1,1,4,1597,15,0,0,6,1,5,1,800107,1000000
2024JP0000789,1,304.62,23,2,3,1,12,14186,141,7000,1,3,1,1,1,800103,1000000
2024JP0000790,1,304.62,26,2,5,1,16,48756,487,4000,2,2,1,1,1,800105,1000000
2024JP0000791,1,304.62,4,1,3,1,8,1661,16,0,0,6,1,5,1,800107,1000000
2024JP0000792,1,304.62,38,2,1,1,5,4010,40,5000,3,1,1,1,1,800101,1000000
2024JP0000793,1,304.62,3,2,5,1,3,2526,25,0,0,6,1,5,1,800104,1000000
2024JP0000794,1,304.62,50,2,1,1,8,49146,491,8000,3,1,1,1,1,800108,1000000
2024JP0000795,1,304.62,3,2,1,1,4,1787,17,0,0,6,1,5,1,800101,1000000
2024JP0000796,1,304.62,11,1,7,1,5,2301,23,0,0,6,1,5,1,800100,1000000
2024JP0000797,1,304.62,37,1,1,1,13,36375,363,2000,2,1,1,1,1,800103,1000000
2024JP0000798,1,304.62,50,2,6,1,15,93875,501,2000,1,1,1,1,1,800104,1000000
2024JP0000799,1,304.62,30,1,4,1,7,9389,93,9000,1,5,1,2,1,800103,1000000
2024JP0000800,1,304.62,96,1,5,1,6,16612,166,0,0,6,1,1,1,800103,1000000
2024JP0000801,1,304.62,3,2,5,1,3,1858,18,0,0,6,1,5,1,800106,1000000
2024JP0000802,1,304.62,40,1,6,1,13,19781,197,7000,3,1,1,5,1,800101,1000000
2024JP0000803,1,304.62,2,2,1,1,2,706,7,0,0,6,1,5,1,800105,1000000
2024JP0000804,1,304.62,24,1,6,1,17,36838,368,5000,1,1,1,1,1,800109,1000000
2024JP0000805,1,304.62,90,2,1,1,5,9833,98,0,0,6,1,1,1,800106,1000000
2024JP0000806,1,304.62,24,1,3,1,16,21271,212,5000,1,1,1,5,1,800109,1000000
2024JP0000807,1,304.62,16,2,9,1,17,45942,459,0,0,6,1,5,1,800109,1000000
2024JP0000808,1,304.62,22,1,1,1,14,8515,85,9000,1,1,1,5,1,800102,1000000
2024JP0000809,1,304.62,4,2,6,1,4,2330,23,0,0,6,1,5,1,800109,1000000
2024JP0000810,1,304.62,1,1,5,1,6,904,9,0,0,6,1,5,1,800107,1000000
2024JP0000811,1,304.62,25,2,1,1,11,7688,76,4000,1,1,1,5,1,800106,1000000
2024JP0000812,1,304.62,21,1,2,1,14,1906,19,6000,4,1,1,5,1,800106,1000000
2024JP0000813,1,304.62,38,2,4,1,10,18469,184,3000,1,1,1,1,1,800103,1000000
2024JP0000814,1,304.62,36,2,1,1,12,25790,257,9000,4,1,1,1,1,800100,1000000
2024JP0000815,1,304.62,21,1,7,1,14,14003,140,6000,1,3,1,5,1,800107,1000000
2024JP0000816,1,304.62,56,2,7,1,8,13145,131,8000,4,1,1,1,1,800104,1000000
2024JP0000817,1,304.62,51,1,7,1,11,5532,55,8000,3,1,1,1,1,800101,1000000
2024JP0000818,1,304.62,14,1,1,1,4,1506,15,0,0,6,1,5,1,800107,1000000
2024JP0000819,1,304.62,23,1,6,1,15,76895,501,4000,1,2,1,1,1,800101,1000000
2024JP0000820,1,304.62,18,2,1,1,14,2747,27,7000,3,4,1,5,1,800104,1000000
2024JP0000821,1,304.62,77,1,9,1,11,5842,58,0,0,6,1,1,1,800100,1000000
2024JP0000822,1,304.62,51,1,3,1,7,6627,66,8000,3,3,1,3,1,800104,1000000
2024JP0000823,1,304.62,36,1,4,1,16,45093,450,1000,2,1,1,5,1,800108,1000000
2024JP0000824,1,304.62,43,1,7,1,12,49177,491,5000,3,5,1,5,1,800100,1000000
2024JP0000825,1,304.62,5,1,1,1,1,2443,24,0,0,6,1,5,1,800106,1000000
2024JP0000826,1,304.62,4,1,6,1,1,446,4,0,0,6,1,5,1,800105,1000000
2024JP0000827,1,304.62,15,2,1,1,14,1256,12,0,0,6,1,5,1,800103,1000000
2024JP0000828,1,304.62,17,2,4,1,14,3171,31,0,0,6,1,5,1,800101,1000000
2024JP0000829,1,304.62,57,2,3,1,6,3727,37,8000,6,1,1,1,1,800106,1000000
2024JP0000830,1,304.62,1,1,1,1,3,2979,29,0,0,6,1,5,1,800100,1000000
2024JP0000831,1,304.62,39,2,1,1,8,9214,92,5000,3,1,1,5,1,800103,1000000
2024JP0000832,1,304.62,57,1,2,1,6,7413,74,7000,4,1,1,1,1,800103,1000000
2024JP0000833,1,304.62,33,1,2,1,9,13420,134,7000,6,1,1,1,1,800109,1000000
2024JP0000834,1,304.62,75,2,6,1,5,4858,48,0,0,6,1,1,1,800107,1000000
2024JP0000835,1,304.62,56,1,5,1,5,3760,37,7000,3,1,1,5,1,800108,1000000
2024JP0000836,1,304.62,33,2,6,1,15,318047,501,5000,3,5,1,1,1,800106,1000000
2024JP0000837,1,304.62,42,1,1,1,8,5020,50,6000,1,1,1,2,1,800106,1000000
2024JP0000838,1,304.62,20,2,2,1,13,2479,24,6000,6,1,1,5,1,800108,1000000
2024JP0000839,1,304.62,9,1,2,1,6,1572,15,0,0,6,1,5,1,800108,1000000
2024JP0000840,1,304.62,24,1,6,1,15,30211,302,1000,1,1,1,5,1,800109,1000000
2024JP0000841,1,304.62,29,1,6,1,6,10616,106,6000,3,1,1,5,1,800104,1000000
2024JP0000842,1,304.62,12,1,3,1,1,4445,44,0,0,6,1,5,1,800107,1000000
2024JP0000843,1,304.62,22,1,2,1,14,34706,347,6000,4,1,1,5,1,800108,1000000
2024JP0000844,1,304.62,20,2,1,1,17,52545,501,2000,1,2,1,1,1,800107,1000000
2024JP0000845,1,304.62,34,2,1,1,7,15633,156,8000,3,1,1,1,1,800108,1000000
2024JP0000846,1,304.62,14,2,6,1,3,988,9,0,0,6,1,5,1,800109,1000000
2024JP0000847,1,304.62,21,2,5,1,16,14396,143,5000,3,1,1,5,1,800106,1000000
2024JP0000848,1,304.62,34,1,3,1,7,16823,168,9800,4,1,1,1,1,800104,1000000
2024JP0000849,1,304.62,10,1,1,1,3,3842,38,0,0,6,1,5,1,800102,1000000
2024JP0000850,1,304.62,3,1,7,1,5,2744,27,0,0,6,1,5,1,800107,1000000
2024JP0000851,1,304.62,8,1,1,1,5,3986,39,0,0,6,1,5,1,800108,1000000
2024JP0000852,1,304.62,47,1,2,1,7,7492,74,6000,4,1,1,5,1,800106,1000000
2024JP0000853,1,304.62,26,1,1,1,7,3552,35,7000,3,1,1,5,1,800101,1000000
2024JP0000854,1,304.62,28,1,5,1,10,8643,86,7000,4,1,1,5,1,800106,1000000
2024JP0000855,1,304.62,17,2,4,1,17,13144,131,0,0,6,1,5,1,800106,1000000
2024JP0000856,1,304.62,17,1,2,1,16,11041,110,0,0,6,1,5,1,800107,1000000
2024JP0000857,1,304.62,41,1,2,1,8,5305,53,5000,4,1,1,1,1,800102,1000000
2024JP0000858,1,304.62,2,1,2,1,1,4158,41,0,0,6,1,5,1,800105,1000000
2024JP0000859,1,304.62,50,1,1,1,13,6618,66,6000,3,1,1,1,1,800106,1000000
2024JP0000860,1,304.62,22,1,2,1,16,100590,501,6000,4,1,1,1,1,800107,1000000
2024JP0000861,1,304.62,40,1,5,1,10,19716,197,8000,4,1,1,1,1,800109,1000000
2024JP0000862,1,304.62,24,1,6,1,13,46366,463,2000,1,1,1,1,1,800104,1000000
2024JP0000863,1,304.62,0,1,3,1,4,10944,109,0,0,6,1,5,1,800104,1000000
2024JP0000864,1,304.62,52,1,4,1,7,2795,27,9000,6,2,1,1,1,800108,1000000
2024JP0000865,1,304.62,11,1,6,1,8,1663,16,0,0,6,1,5,1,800100,1000000
2024JP0000866,1,304.62,3,2,3,1,5,4620,46,0,0,6,1,5,1,800106,1000000
2024JP0000867,1,304.62,21,2,2,1,17,44398,443,6000,1,1,1,5,1,800106,1000000
2024JP0000868,1,304.62,42,2,4,1,12,9823,98,2000,1,1,1,1,1,800101,1000000
2024JP0000869,1,304.62,17,2,1,1,10,6326,63,0,0,6,1,5,1,800101,1000000
2024JP0000870,1,304.62,24,2,2,1,11,6983,69,5000,3,2,1,5,1,800108,1000000
2024JP0000871,1,304.62,35,1,6,1,7,1129,11,6000,1,1,1,1,1,800109,1000000
2024JP0000872,1,304.62,22,1,6,1,11,32561,325,9000,1,1,1,5,1,800105,1000000
2024JP0000873,1,304.62,55,2,6,1,8,6449,64,5000,4,2,1,1,1,800108,1000000
2024JP0000874,1,304.62,8,1,6,1,4,3539,35,0,0,6,1,5,1,800109,1000000
2024JP0000875,1,304.62,38,2,2,1,10,20247,202,6000,4,1,1,5,1,800101,1000000
2024JP0000876,1,304.62,25,1,9,1,7,5894,58,8000,1,2,1,1,1,800109,1000000
2024JP0000877,1,304.62,16,2,1,1,12,9514,95,0,0,6,1,5,1,800109,1000000
2024JP0000878,1,304.62,53,2,4,1,11,34583,345,6000,1,3,1,1,1,800105,1000000
2024JP0000879,1,304.62,55,2,2,1,9,5925,59,8000,1,1,1,1,1,800101,1000000
2024JP0000880,1,304.62,42,2,1,1,10,13458,134,3000,1,1,1,1,1,800103,1000000
2024JP0000881,1,304.62,51,2,3,1,7,37267,372,9920,3,3,1,1,1,800104,1000000
2024JP0000882,1,304.62,38,1,2,1,11,33223,332,5000,1,1,1,1,1,800107,1000000
2024JP0000883,1,304.62,15,2,1,1,12,10560,105,0,0,6,1,5,1,800109,1000000
2024JP0000884,1,304.62,35,2,1,1,12,15054,150,9000,1,1,1,1,1,800108,1000000
2024JP0000885,1,304.62,31,1,3,1,6,9866,98,9920,1,1,1,1,1,800102,1000000
2024JP0000886,1,304.62,17,2,3,1,10,1838,18,0,0,6,1,5,1,800102,1000000
2024JP0000887,1,304.62,7,2,6,1,8,1279,12,0,0,6,1,5,1,800104,1000000
2024JP0000888,1,304.62,26,1,6,1,12,8491,84,1000,1,3,1,5,1,800100,1000000
2024JP0000889,1,304.62,18,1,2,1,13,5489,54,6000,4,5,1,5,1,800108,1000000
2024JP0000890,1,304.62,8,1,7,1,3,902,9,0,0,6,1,5,1,800102,1000000
2024JP0000891,1,304.62,41,1,6,1,11,30712,307,6000,4,1,1,1,1,800101,1000000
2024JP0000892,1,304.62,1,1,1,1,4,4944,49,0,0,6,1,5,1,800104,1000000
2024JP0000893,1,304.62,17,1,6,1,14,9152,91,0,0,6,1,5,1,800102,1000000
2024JP0000894,1,304.62,14,1,1,1,2,2072,20,0,0,6,1,5,1,800108,1000000
2024JP0000895,1,304.62,17,2,4,1,14,1009,10,0,0,6,1,5,1,800102,1000000
2024JP0000896,1,304.62,12,1,2,1,6,3728,37,0,0,6,1,5,1,800103,1000000
2024JP0000897,1,304.62,23,1,2,1,11,46098,460,2000,1,1,1,1,1,800109,1000000
2024JP0000898,1,304.62,32,2,3,1,10,19860,198,9000,6,1,1,1,1,800107,1000000
2024JP0000899,1,304.62,17,2,6,1,14,16950,169,0,0,6,1,5,1,800103,1000000
2024JP0000900,1,304.62,19,2,2,1,10,9627,96,6000,1,1,1,5,1,800104,1000000
2024JP0000901,1,304.62,23,1,1,1,16,122501,501,2000,1,1,1,5,1,800103,1000000
2024JP0000902,1,304.62,17,2,7,1,17,16763,167,0,0,6,1,5,1,800101,1000000
2024JP0000903,1,304.62,94,1,3,1,7,2067,20,0,0,6,1,5,1,800106,1000000
2024JP0000904,1,304.62,37,2,7,1,10,11578,115,5000,1,1,1,1,1,800109,1000000
2024JP0000905,1,304.62,5,1,1,1,4,822,8,0,0,6,1,5,1,800104,1000000
2024JP0000906,1,304.62,60,1,2,1,9,32927,329,6000,4,1,1,1,1,800109,1000000
2024JP0000907,1,304.62,45,1,4,1,7,9830,98,7000,4,1,1,1,1,800106,1000000
2024JP0000908,1,304.62,15,1,7,1,17,28347,283,0,0,6,1,5,1,800100,1000000
2024JP0000909,1,304.62,19,2,1,1,13,7143,71,5000,6,1,1,5,1,800108,1000000
2024JP0000910,1,304.62,15,1,6,1,10,13723,137,0,0,6,1,5,1,800109,1000000
2024JP0000911,1,304.62,46,2,2,1,9,14510,145,6000,6,1,1,2,1,800106,1000000
2024JP0000912,1,304.62,28,1,2,1,7,1999,19,5000,1,5,1,1,1,800103,1000000
2024JP0000913,1,304.62,3,2,1,1,3,1973,19,0,0,6,1,5,1,800105,1000000
2024JP0000914,1,304.62,33,1,3,1,10,24952,249,4000,1,1,1,5,1,800104,1000000
2024JP0000915,1,304.62,5,1,5,1,6,1500,15,0,0,6,1,5,1,800108,1000000
2024JP0000916,1,304.62,25,1,2,1,12,43424,434,3000,1,1,1,1,1,800103,1000000
2024JP0000917,1,304.62,55,2,7,1,5,4381,43,5000,3,1,1,1,1,800101,1000000
2024JP0000918,1,304.62,100,1,1,1,12,25711,257,0,0,6,1,1,1,800104,1000000
2024JP0000919,1,304.62,9,2,6,1,3,2038,20,0,0,6,1,5,1,800100,1000000
2024JP0000920,1,304.62,39,1,6,1,12,12573,125,9800,1,1,1,1,1,800106,1000000
2024JP0000921,1,304.62,20,2,1,1,14,1668,16,7000,3,1,1,5,1,800102,1000000
2024JP0000922,1,304.62,59,1,2,1,9,14220,142,3000,3,1,1,1,1,800102,1000000
2024JP0000923,1,304.62,57,1,3,1,6,2706,27,6000,1,3,1,1,1,800109,1000000
2024JP0000924,1,304.62,59,2,6,1,5,2703,27,6000,4,4,1,1,1,800109,1000000
2024JP0000925,1,304.62,38,1,6,1,6,5063,50,8000,6,1,1,1,1,800107,1000000
2024JP0000926,1,304.62,22,2,7,1,17,25884,258,1000,2,1,1,1,1,800104,1000000
2024JP0000927,1,304.62,10,1,5,1,1,4055,40,0,0,6,1,5,1,800101,1000000
2024JP0000928,1,304.62,11,2,1,1,9,6256,62,0,0,6,1,5,1,800104,1000000
2024JP0000929,1,304.62,55,2,6,1,6,2074,20,9800,1,1,1,5,1,800102,1000000
2024JP0000930,1,304.62,9,2,1,1,2,12650,126,0,0,6,1,5,1,800108,1000000
2024JP0000931,1,304.62,18,1,4,1,15,13664,136,6000,4,1,1,5,1,800107,1000000
2024JP0000932,1,304.62,47,2,3,1,12,15771,157,5000,1,1,1,1,1,800108,1000000
2024JP0000933,1,304.62,8,1,8,1,9,3870,38,0,0,6,1,5,1,800100,1000000
2024JP0000934,1,304.62,22,2,5,1,10,10753,107,5000,1,1,1,1,1,800109,1000000
2024JP0000935,1,304.62,4,1,7,1,5,942,9,0,0,6,1,5,1,800107,1000000
2024JP0000936,1,304.62,19,2,6,1,12,2377,23,5000,3,1,1,1,1,800108,1000000
2024JP0000937,1,304.62,41,1,6,1,5,18168,181,6000,4,1,5,1,1,800105,1000000
2024JP0000938,1,304.62,54,2,1,1,7,2198,21,5000,3,1,1,3,1,800107,1000000
2024JP0000939,1,304.62,8,2,2,1,1,3975,39,0,0,6,1,5,1,800103,1000000
2024JP0000940,1,304.62,18,2,4,1,12,7777,77,6000,1,1,1,5,1,800103,1000000
2024JP0000941,1,304.62,38,1,1,1,8,20957,209,6000,3,2,1,1,1,800105,1000000
2024JP0000942,1,304.62,27,2,7,1,12,9653,96,6000,4,3,1,1,1,800102,1000000
2024JP0000943,1,304.62,15,1,4,1,12,4463,44,0,0,6,1,5,1,800100,1000000
2024JP0000944,1,304.62,26,2,5,1,8,6496,64,9920,3,1,1,1,1,800101,1000000
2024JP0000945,1,304.62,46,1,9,1,5,12273,122,9800,3,1,1,2,1,800101,1000000
2024JP0000946,1,304.62,21,2,2,1,10,6295,62,7000,3,1,1,5,1,800100,1000000
2024JP0000947,1,304.62,9,1,5,1,9,26075,260,0,0,6,1,5,1,800102,1000000
2024JP0000948,1,304.62,39,2,6,1,9,16007,160,2000,3,5,1,5,1,800109,1000000
2024JP0000949,1,304.62,31,2,6,1,6,1940,19,9000,3,1,1,1,1,800104,1000000
2024JP0000950,1,304.62,30,1,4,1,11,14421,144,1000,1,1,1,1,1,800107,1000000
2024JP0000951,1,304.62,48,2,2,1,5,2693,26,6000,3,1,1,1,1,800108,1000000
2024JP0000952,1,304.62,9,1,1,1,2,8148,81,0,0,6,1,5,1,800107,1000000
2024JP0000953,1,304.62,24,2,2,1,10,4898,48,3000,3,1,1,5,1,800101,1000000
2024JP0000954,1,304.62,15,1,1,1,10,4296,42,0,0,6,1,5,1,800108,1000000
2024JP0000955,1,304.62,14,1,3,1,3,1349,13,0,0,6,1,5,2,800108,1000000
2024JP0000956,1,304.62,42,2,4,1,7,8628,86,9920,1,1,1,1,1,800100,1000000
2024JP0000957,1,304.62,1,2,3,1,2,6603,66,0,0,6,1,5,1,800105,1000000
2024JP0000958,1,304.62,37,2,5,1,11,11823,118,4000,1,5,1,1,1,800102,1000000
2024JP0000959,1,304.62,28,1,7,1,8,18186,181,6000,3,1,1,5,1,800100,1000000
2024JP0000960,1,304.62,81,2,5,1,6,965,9,0,0,6,1,1,1,800102,1000000
2024JP0000961,1,304.62,50,1,4,1,8,5182,51,9800,1,1,1,1,1,800108,1000000
2024JP0000962,1,304.62,13,1,1,1,1,3648,36,0,0,6,1,5,1,800104,1000000
2024JP0000963,1,304.62,36,2,2,1,5,8370,83,9920,1,1,1,2,1,800100,1000000
2024JP0000964,1,304.62,18,1,3,1,17,9413,94,5000,6,1,1,5,1,800108,1000000
2024JP0000965,1,304.62,20,1,4,1,19,13934,139,1000,3,1,1,5,1,800108,1000000
2024JP0000966,1,304.62,15,1,1,1,13,4306,43,0,0,6,1,5,1,800104,1000000
2024JP0000967,1,304.62,11,1,1,1,1,1463,14,0,0,6,1,5,1,800103,1000000
2024JP0000968,1,304.62,47,1,6,1,5,12093,120,5000,4,1,1,1,1,800100,1000000
2024JP0000969,1,304.62,28,1,7,1,6,5930,59,5000,4,1,1,5,1,800106,1000000
2024JP0000970,1,304.62,21,1,3,1,13,2850,28,8000,3,1,1,5,1,800103,1000000
2024JP0000971,1,304.62,22,2,3,1,18,57152,501,3000,1,1,1,1,1,800108,1000000
2024JP0000972,1,304.62,52,1,1,1,13,6429,64,7000,4,1,1,5,1,800101,1000000
2024JP0000973,1,304.62,10,1,1,1,4,4076,40,0,0,6,1,5,1,800100,1000000
2024JP0000974,1,304.62,57,1,9,1,11,11536,115,6000,1,3,1,1,1,800105,1000000
2024JP0000975,1,304.62,12,2,1,1,1,5312,53,0,0,6,1,5,1,800102,1000000
2024JP0000976,1,304.62,56,2,7,1,8,6355,63,9800,1,1,1,5,1,800106,1000000
2024JP0000977,1,304.62,58,1,3,1,8,1636,16,6000,6,1,1,4,1,800104,1000000
2024JP0000978,1,304.62,21,2,4,1,13,4448,44,2000,1,1,1,5,1,800105,1000000
2024JP0000979,1,304.62,54,1,6,1,11,17272,172,6000,1,1,1,5,1,800106,1000000
2024JP0000980,1,304.62,22,1,4,1,15,26853,268,2000,1,1,1,1,1,800106,1000000
2024JP0000981,1,304.62,17,1,1,1,11,8624,86,0,0,6,1,5,1,800104,1000000
2024JP0000982,1,304.62,17,1,4,1,15,30908,309,0,0,6,5,5,1,800100,1000000
2024JP0000983,1,304.62,2,2,9,1,3,687,6,0,0,6,1,5,1,800107,1000000
2024JP0000984,1,304.62,16,1,7,1,16,40505,405,0,0,6,1,5,1,800105,1000000
2024JP0000985,1,304.62,23,1,2,1,12,5668,56,7000,6,5,1,5,1,800100,1000000
2024JP0000986,1,304.62,29,1,5,1,9,5964,59,9000,1,1,1,5,1,800101,1000000
2024JP0000987,1,304.62,29,1,7,1,5,4270,42,9800,3,3,1,1,1,800108,1000000
2024JP0000988,1,304.62,21,1,2,1,14,5318,53,5000,1,1,1,5,1,800103,1000000
2024JP0000989,1,304.62,28,2,1,1,14,37731,377,6000,3,1,1,5,1,800101,1000000
2024JP0000990,1,304.62,9,2,1,1,2,1453,14,0,0,6,1,5,1,800102,1000000
2024JP0000991,1,304.62,13,1,4,1,5,2244,22,0,0,6,1,5,1,800102,1000000
2024JP0000992,1,304.62,55,1,1,1,8,2952,29,5000,1,1,1,1,1,800105,1000000
2024JP0000993,1,304.62,34,1,2,1,9,50468,501,8000,1,1,1,1,1,800105,1000000
2024JP0000994,1,304.62,8,1,1,1,4,482,4,0,0,6,1,5,1,800101,1000000
2024JP0000995,1,304.62,28,1,1,1,11,17705,177,6000,4,1,1,1,1,800108,1000000
2024JP0000996,1,304.62,45,2,6,1,7,5089,50,8000,3,2,1,5,1,800100,1000000
2024JP0000997,1,304.62,38,2,2,1,12,62194,501,8000,1,1,1,1,1,800102,1000000
2024JP0000998,1,304.62,38,2,1,1,6,3666,36,9800,1,5,1,1,1,800107,1000000
2024JP0000999,1,304.62,9,2,4,1,3,10057,100,0,0,6,1,5,1,800100,1000000
2024JP0001000,1,304.62,51,1,5,1,14,6941,69,8000,1,2,1,1,1,800106,1000000
2024JP0001001,1,304.62,23,1,6,1,10,16519,165,3000,2,1,1,5,1,800105,1000000
2024JP0001002,1,304.62,28,1,6,1,9,12836,128,6000,6,1,1,5,1,800109,1000000
2024JP0001003,1,304.62,70,2,2,1,9,6283,62,5000,1,1,1,2,1,800104,1000000
2024JP0001004,1,304.62,0,1,1,1,3,754,7,0,0,6,1,5,1,800100,1000000
2024JP0001005,1,304.62,13,1,2,1,1,15210,152,0,0,6,1,5,1,800102,1000000
2024JP0001006,1,304.62,82,1,3,1,8,7138,71,0,0,6,1,1,1,800100,1000000
2024JP0001007,1,304.62,29,1,4,1,12,18145,181,6000,6,1,1,1,1,800102,1000000
2024JP0001008,1,304.62,33,2,6,1,16,81613,501,5000,3,5,1,1,1,800104,1000000
2024JP0001009,1,304.62,87,2,6,1,5,1871,18,0,0,6,1,2,1,800100,1000000
2024JP0001010,1,304.62,15,1,4,1,14,4480,44,0,0,6,1,5,1,800100,1000000
2024JP0001011,1,304.62,24,1,1,1,16,77031,501,2000,1,2,1,5,1,800107,1000000
2024JP0001012,1,304.62,99,2,6,1,9,6756,67,0,0,6,1,1,1,800107,1000000
2024JP0001013,1,304.62,17,2,7,1,16,12182,121,0,0,6,1,5,1,800105,1000000
2024JP0001014,1,304.62,49,2,3,1,9,28547,285,7000,4,1,1,1,1,800109,1000000
2024JP0001015,1,304.62,0,2,3,1,1,2888,28,0,0,6,1,5,1,800103,1000000
2024JP0001016,1,304.62,46,1,6,1,10,30085,300,6000,3,1,1,1,1,800106,1000000
2024JP0001017,1,304.62,3,2,1,1,4,2827,28,0,0,6,1,5,1,800100,1000000
2024JP0001018,1,304.62,1,2,1,1,6,7936,79,0,0,6,1,5,1,800108,1000000
2024JP0001019,1,304.62,48,2,3,1,12,17884,178,1000,1,5,1,1,1,800105,1000000
2024JP0001020,1,304.62,33,1,2,1,11,11910,119,2000,1,3,1,1,1,800101,1000000
2024JP0001021,1,304.62,53,1,9,1,8,7672,76,8000,3,1,1,1,1,800101,1000000
2024JP0001022,1,304.62,37,2,4,1,7,3155,31,7000,1,1,1,1,1,800100,1000000
2024JP0001023,1,304.62,40,1,1,1,7,7198,71,9920,4,1,1,1,1,800105,1000000
2024JP0001024,1,304.62,5,1,2,1,4,1050,10,0,0,6,1,5,1,800104,1000000
2024JP0001025,1,304.62,53,2,3,1,8,12592,125,9800,1,1,1,1,1,800105,1000000
2024JP0001026,1,304.62,47,1,1,1,5,7932,79,7000,1,1,1,1,1,800100,1000000
2024JP0001027,1,304.62,30,2,1,1,12,33333,333,6000,6,1,1,1,1,800108,1000000
2024JP0001028,1,304.62,19,1,7,1,10,3696,36,5000,1,5,1,5,1,800108,1000000
2024JP0001029,1,304.62,31,2,6,1,8,13611,136,6000,1,1,1,1,1,800100,1000000
2024JP0001030,1,304.62,14,1,1,1,4,765,7,0,0,6,1,5,1,800101,1000000
2024JP0001031,1,304.62,6,1,6,1,4,2626,26,0,0,6,1,5,1,800107,1000000
2024JP0001032,1,304.62,43,2,4,1,8,18137,181,5000,1,1,1,1,1,800108,1000000
2024JP0001033,1,304.62,0,2,7,1,4,2870,28,0,0,6,1,5,1,800105,1000000
2024JP0001034,1,304.62,43,2,6,1,8,15254,152,9800,6,1,1,1,1,800100,1000000
2024JP0001035,1,304.62,90,1,2,1,6,23017,230,0,0,6,1,1,1,800100,1000000
2024JP0001036,1,304.62,30,2,6,1,10,20353,203,6000,3,1,1,1,1,800109,1000000
2024JP0001037,1,304.62,47,1,1,1,6,8588,85,7000,4,1,1,1,1,800103,1000000
2024JP0001038,1,304.62,19,1,6,1,18,20003,200,4000,2,1,1,1,1,800104,1000000
2024JP0001039,1,304.62,33,1,3,1,5,3840,38,6000,3,5,1,5,1,800108,1000000
2024JP0001040,1,304.62,31,1,1,1,13,16153,161,6000,1,3,1,1,1,800102,1000000
2024JP0001041,1,304.62,7,2,1,1,3,3025,30,0,0,6,1,5,1,800108,1000000
2024JP0001042,1,304.62,2,1,6,1,3,3392,33,0,0,6,1,5,1,800100,1000000
2024JP0001043,1,304.62,24,2,6,1,10,9253,92,5000,1,1,1,1,1,800101,1000000
2024JP0001044,1,304.62,51,1,4,1,12,13897,138,9000,3,1,1,1,1,800103,1000000
2024JP0001045,1,304.62,29,2,7,1,7,4239,42,5000,3,1,1,1,1,800103,1000000
2024JP0001046,1,304.62,31,1,9,1,8,33122,331,8000,1,1,1,1,1,800106,1000000
2024JP0001047,1,304.62,44,1,6,1,10,42544,425,8000,1,2,1,1,1,800100,1000000
2024JP0001048,1,304.62,43,1,3,1,6,22177,221,9000,3,1,1,1,1,800108,1000000
2024JP0001049,1,304.62,29,2,3,1,8,2514,25,9920,3,1,1,5,1,800104,1000000
2024JP0001050,1,304.62,21,1,1,1,18,11484,114,6000,4,1,1,5,1,800107,1000000
2024JP0001051,1,304.62,7,1,7,1,5,3032,30,0,0,6,1,5,1,800105,1000000
2024JP0001052,1,304.62,26,2,6,1,7,2056,20,6000,4,1,1,1,1,800104,1000000
2024JP0001053,1,304.62,25,2,6,1,5,2149,21,5000,6,1,1,1,1,800104,1000000
2024JP0001054,1,304.62,36,1,1,1,9,16285,162,4000,1,1,1,1,1,800107,1000000
2024JP0001055,1,304.62,76,1,1,1,10,10532,105,0,0,6,1,1,1,800102,1000000
2024JP0001056,1,304.62,36,1,4,1,11,35209,352,6000,4,1,1,1,1,800102,1000000
2024JP0001057,1,304.62,50,2,6,1,12,5108,51,8000,4,1,1,1,1,800104,1000000
2024JP0001058,1,304.62,25,2,3,1,9,13195,131,7000,1,1,1,1,1,800105,1000000
2024JP0001059,1,304.62,42,1,7,1,6,6720,67,6000,1,3,1,1,1,800106,1000000
2024JP0001060,1,304.62,36,2,9,1,7,5425,54,7000,1,1,1,1,1,800109,1000000
2024JP0001061,1,304.62,84,2,6,1,8,4317,43,0,0,6,1,1,1,800101,1000000
2024JP0001062,1,304.62,34,1,2,1,5,17773,177,6000,1,5,1,1,1,800109,1000000
2024JP0001063,1,304.62,7,2,5,1,3,5677,56,0,0,6,1,5,1,800104,1000000
2024JP0001064,1,304.62,22,1,4,1,16,66410,501,6000,3,2,1,1,1,800107,1000000
2024JP0001065,1,304.62,2,2,1,1,1,3492,34,0,0,6,1,5,1,800108,1000000
2024JP0001066,1,304.62,23,1,4,1,13,92484,501,8000,3,1,1,5,1,800101,1000000
2024JP0001067,1,304.62,13,1,6,1,2,869,8,0,0,6,1,5,1,800108,1000000
2024JP0001068,1,304.62,28,2,2,1,5,3206,32,8000,3,1,1,5,1,800108,1000000
2024JP0001069,1,304.62,8,1,3,1,6,3214,32,0,0,6,1,5,1,800101,1000000
2024JP0001070,1,304.62,22,1,5,1,12,4133,41,4000,1,5,1,5,1,800100,1000000
2024JP0001071,1,304.62,40,1,5,1,11,37205,372,2000,1,1,1,1,1,800109,1000000
2024JP0001072,1,304.62,19,1,7,1,13,2378,23,1000,3,1,1,5,1,800103,1000000
2024JP0001073,1,304.62,2,2,2,1,3,3456,34,0,0,6,1,5,1,800107,1000000
2024JP0001074,1,304.62,32,2,1,1,13,24558,245,9000,1,1,1,5,1,800104,1000000
2024JP0001075,1,304.62,95,1,4,1,9,1654,16,0,0,6,1,1,1,800106,1000000
2024JP0001076,1,304.62,0,1,6,1,1,472,4,0,0,6,1,5,1,800107,1000000
2024JP0001077,1,304.62,11,2,1,1,1,2977,29,0,0,6,1,5,1,800100,1000000
2024JP0001078,1,304.62,50,2,5,1,6,2867,28,9920,3,1,1,2,1,800108,1000000
2024JP0001079,1,304.62,70,1,3,1,11,5354,53,6000,1,1,1,1,1,800102,1000000
2024JP0001080,1,304.62,42,1,2,1,8,7351,73,5000,1,3,1,1,1,800107,1000000
2024JP0001081,1,304.62,16,2,5,1,17,13450,134,0,0,6,1,5,1,800100,1000000
2024JP0001082,1,304.62,26,1,4,1,8,2812,28,5000,1,1,1,5,1,800109,1000000
2024JP0001083,1,304.62,29,2,4,1,6,9149,91,5000,1,1,1,1,1,800105,1000000
2024JP0001084,1,304.62,19,1,2,1,12,35791,357,9800,1,1,1,5,1,800100,1000000
2024JP0001085,1,304.62,76,2,1,1,7,13630,136,0,0,6,1,2,1,800107,1000000
2024JP0001086,1,304.62,38,1,8,1,8,6240,62,6000,1,1,1,3,1,800100,1000000
2024JP0001087,1,304.62,18,2,1,1,12,12396,123,6000,1,1,1,5,1,800109,1000000
2024JP0001088,1,304.62,16,1,4,1,12,11098,110,0,0,6,1,5,1,800103,1000000
2024JP0001089,1,304.62,15,1,2,1,10,9049,90,0,0,6,1,5,1,800103,1000000
2024JP0001090,1,304.62,30,1,1,1,7,10825,108,8000,1,1,1,1,1,800104,1000000
2024JP0001091,1,304.62,55,2,2,1,5,3474,34,7000,4,1,1,5,1,800103,1000000
2024JP0001092,1,304.62,46,1,7,1,8,1546,15,8000,1,1,1,1,1,800102,1000000
2024JP0001093,1,304.62,36,1,5,1,6,3125,31,6000,3,1,1,5,1,800102,1000000
2024JP0001094,1,304.62,20,1,2,1,14,4595,45,6000,4,1,1,5,1,800107,1000000
2024JP0001095,1,304.62,2,1,2,1,4,3229,32,0,0,6,1,5,1,800105,1000000
2024JP0001096,1,304.62,14,2,2,1,5,1564,15,0,0,6,1,5,1,800100,1000000
2024JP0001097,1,304.62,7,1,3,1,2,13114,131,0,0,6,1,5,1,800109,1000000
2024JP0001098,1,304.62,14,1,2,1,2,1168,11,0,0,6,1,5,1,800103,1000000
2024JP0001099,1,304.62,52,2,1,1,11,4747,47,5000,6,1,1,1,1,800104,1000000
2024JP0001100,1,304.62,5,1,1,1,4,685,6,0,0,6,1,5,1,800103,1000000
2024JP0001101,1,304.62,1,1,5,1,3,10296,102,0,0,6,1,5,1,800108,1000000
2024JP0001102,1,304.62,5,2,6,1,3,3853,38,0,0,6,1,5,1,800101,1000000
2024JP0001103,1,304.62,71,2,6,1,11,13393,133,0,0,6,1,1,1,800103,1000000
2024JP0001104,1,304.62,35,1,4,1,10,11083,110,2000,2,1,1,1,1,800109,1000000
2024JP0001105,1,304.62,59,1,1,1,9,10554,105,6000,3,1,1,2,1,800102,1000000
2024JP0001106,1,304.62,24,1,2,1,12,11339,113,9000,3,1,1,5,1,800101,1000000
2024JP0001107,1,304.62,66,1,6,1,6,11979,119,7000,3,1,1,2,1,800100,1000000
2024JP0001108,1,304.62,58,2,7,1,10,13099,130,4000,1,1,1,1,1,800100,1000000
2024JP0001109,1,304.62,30,1,6,1,12,61067,501,9000,4,1,1,1,1,800106,1000000
2024JP0001110,1,304.62,21,1,8,1,15,10605,106,3000,1,2,1,5,1,800102,1000000
2024JP0001111,1,304.62,10,2,6,1,5,2951,29,0,0,6,1,5,1,800107,1000000
2024JP0001112,1,304.62,6,1,6,1,4,1270,12,0,0,6,1,5,1,800106,1000000
2024JP0001113,1,304.62,41,2,6,1,8,17875,178,5000,1,1,1,1,1,800104,1000000
2024JP0001114,1,304.62,30,1,4,1,5,6386,63,7000,4,1,1,3,1,800109,1000000
2024JP0001115,1,304.62,38,2,5,1,7,6323,63,9800,3,1,1,1,1,800109,1000000
2024JP0001116,1,304.62,16,2,1,1,12,12790,127,0,0,6,1,5,1,800100,1000000
2024JP0001117,1,304.62,10,1,1,1,3,2948,29,0,0,6,1,5,1,800103,1000000
2024JP0001118,1,304.62,55,2,3,1,5,12553,125,6000,4,1,1,2,1,800109,1000000
2024JP0001119,1,304.62,18,1,4,1,11,5465,54,6000,3,1,1,5,1,800101,1000000
2024JP0001120,1,304.62,6,1,4,1,4,2557,25,0,0,6,1,5,1,800105,1000000
2024JP0001121,1,304.62,40,2,4,1,10,34789,347,9000,4,1,1,1,1,800102,1000000
2024JP0001122,1,304.62,20,2,7,1,10,3571,35,6000,1,1,1,5,1,800102,1000000
2024JP0001123,1,304.62,45,1,1,1,8,2923,29,9800,1,1,1,1,1,800108,1000000
2024JP0001124,1,304.62,40,1,2,1,9,5394,53,9000,3,1,1,1,1,800106,1000000
2024JP0001125,1,304.62,20,2,3,1,17,38896,388,1000,1,1,1,5,1,800109,1000000
2024JP0001126,1,304.62,33,2,1,1,10,3370,33,6000,1,1,1,1,1,800108,1000000
2024JP0001127,1,304.62,10,2,1,1,6,3174,31,0,0,6,1,5,1,800102,1000000
2024JP0001128,1,304.62,17,2,5,1,14,24015,240,0,0,6,1,5,1,800108,1000000
2024JP0001129,1,304.62,36,1,6,1,10,16438,164,7000,4,1,1,1,1,800105,1000000
2024JP0001130,1,304.62,25,1,1,1,9,33566,335,7000,1,1,1,5,1,800107,1000000
2024JP0001131,1,304.62,25,2,1,1,8,2210,22,6000,1,1,1,1,1,800109,1000000
2024JP0001132,1,304.62,41,2,7,1,6,10245,102,7000,3,1,1,5,1,800103,1000000
2024JP0001133,1,304.62,29,1,6,1,8,1914,19,5000,3,2,1,5,1,800102,1000000
2024JP0001134,1,304.62,7,1,7,1,9,5360,53,0,0,6,1,5,1,800109,1000000
2024JP0001135,1,304.62,44,2,1,1,7,19150,191,9800,3,1,1,1,1,800102,1000000
2024JP0001136,1,304.62,52,2,7,1,7,13200,132,9800,1,1,1,1,1,800107,1000000
2024JP0001137,1,304.62,20,1,1,1,13,2442,24,8000,1,1,1,5,1,800101,1000000
2024JP0001138,1,304.62,2,1,4,1,1,3385,33,0,0,6,1,5,1,800105,1000000
2024JP0001139,1,304.62,23,2,6,1,14,25275,252,5000,4,1,1,1,1,800102,1000000
2024JP0001140,1,304.62,26,2,6,1,9,7284,72,4000,1,2,1,1,1,800100,1000000
2024JP0001141,1,304.62,11,1,5,1,3,4199,41,0,0,6,1,5,1,800101,1000000
2024JP0001142,1,304.62,23,1,4,1,13,12059,120,8000,6,1,1,5,1,800105,1000000
2024JP0001143,1,304.62,40,1,6,1,5,4379,43,8000,1,1,1,2,1,800107,1000000
2024JP0001144,1,304.62,19,1,4,1,14,5110,51,6000,4,1,1,5,1,800108,1000000
2024JP0001145,1,304.62,32,1,1,1,8,5770,57,6000,3,1,1,1,1,800105,1000000
2024JP0001146,1,304.62,6,1,3,1,5,1628,16,0,0,6,1,5,1,800103,1000000
2024JP0001147,1,304.62,33,1,1,1,8,9703,97,9800,1,4,1,1,1,800103,1000000
2024JP0001148,1,304.62,5,1,3,1,6,883,8,0,0,6,1,5,1,800107,1000000
2024JP0001149,1,304.62,4,1,6,1,1,1664,16,0,0,6,1,5,1,800105,1000000
2024JP0001150,1,304.62,52,1,5,1,8,9263,92,6000,3,1,1,1,1,800109,1000000
2024JP0001151,1,304.62,7,2,2,1,3,681,6,0,0,6,1,5,1,800109,1000000
2024JP0001152,1,304.62,53,1,6,1,8,7246,72,8000,4,1,1,2,1,800104,1000000
2024JP0001153,1,304.62,27,2,6,1,12,9265,92,2000,1,1,1,1,1,800103,1000000
2024JP0001154,1,304.62,25,2,2,1,9,18533,185,8000,3,1,1,1,1,800106,1000000
2024JP0001155,1,304.62,13,2,2,1,5,15056,150,0,0,6,1,5,1,800108,1000000
2024JP0001156,1,304.62,38,2,5,1,5,14564,145,9800,3,1,1,1,1,800103,1000000
2024JP0001157,1,304.62,9,2,1,1,6,6627,66,0,0,6,1,5,1,800108,1000000
2024JP0001158,1,304.62,90,1,9,1,6,5276,52,0,0,6,1,1,1,800101,1000000
2024JP0001159,1,304.62,44,1,2,1,5,55691,501,5000,4,1,1,1,1,800104,1000000
2024JP0001160,1,304.62,20,2,2,1,11,4824,48,5000,3,5,1,5,1,800106,1000000
2024JP0001161,1,304.62,42,2,2,1,8,20198,201,9800,1,1,1,1,1,800107,1000000
2024JP0001162,1,304.62,35,1,2,1,5,8522,85,5000,1,1,1,2,1,800104,1000000
2024JP0001163,1,304.62,49,2,1,1,5,2649,26,5000,6,1,1,1,1,800105,1000000
2024JP0001164,1,304.62,27,1,5,1,5,995,9,5000,1,1,1,5,1,800105,1000000
2024JP0001165,1,304.62,5,2,1,1,3,5170,51,0,0,6,1,5,1,800103,1000000
2024JP0001166,1,304.62,14,1,3,1,2,1233,12,0,0,6,1,5,1,800102,1000000
2024JP0001167,1,304.62,15,2,3,1,15,8602,86,0,0,6,1,5,1,800107,1000000
2024JP0001168,1,304.62,20,2,7,1,12,4033,40,5000,1,1,1,5,1,800102,1000000
2024JP0001169,1,304.62,58,1,6,1,12,35960,359,6000,6,1,1,1,1,800103,1000000
2024JP0001170,1,304.62,1,1,9,1,6,1404,14,0,0,6,1,5,1,800104,1000000
2024JP0001171,1,304.62,20,1,2,1,15,28612,286,6000,3,1,1,5,1,800101,1000000
2024JP0001172,1,304.62,9,2,9,1,4,3888,38,0,0,6,1,5,1,800102,1000000
2024JP0001173,1,304.62,31,1,6,1,13,19801,198,7000,1,1,1,1,1,800104,1000000
2024JP0001174,1,304.62,44,2,1,1,5,1970,19,7000,3,5,1,2,1,800108,1000000
2024JP0001175,1,304.62,23,2,1,1,13,9803,98,9000,3,1,1,1,1,800102,1000000
2024JP0001176,1,304.62,25,2,2,1,13,28853,288,6000,4,1,1,1,1,800100,1000000
2024JP0001177,1,304.62,19,2,7,1,13,9828,98,8000,3,1,1,5,1,800105,1000000
2024JP0001178,1,304.62,23,1,6,1,16,30862,308,6000,1,1,1,5,1,800104,1000000
2024JP0001179,1,304.62,58,1,6,1,9,36171,361,6000,1,1,1,1,1,800100,1000000
2024JP0001180,1,304.62,44,1,5,1,9,18439,184,7000,3,1,1,1,1,800108,1000000
2024JP0001181,1,304.62,39,1,3,1,15,64733,501,6000,1,1,1,1,1,800109,1000000
2024JP0001182,1,304.62,12,2,2,1,2,1686,16,0,0,6,1,5,1,800105,1000000
2024JP0001183,1,304.62,35,1,3,1,11,60228,501,5000,3,1,1,1,1,800108,1000000
2024JP0001184,1,304.62,2,1,5,1,1,1803,18,0,0,6,1,5,1,800109,1000000
2024JP0001185,1,304.62,40,2,5,1,11,63660,501,5000,4,1,1,1,1,800102,1000000
2024JP0001186,1,304.62,11,2,1,1,5,2576,25,0,0,6,1,5,1,800106,1000000
2024JP0001187,1,304.62,24,2,1,1,13,6911,69,5000,4,1,1,1,1,800100,1000000
2024JP0001188,1,304.62,20,2,1,1,12,4268,42,2000,1,1,1,5,1,800107,1000000
2024JP0001189,1,304.62,37,1,5,1,7,7696,76,8000,6,1,1,5,1,800106,1000000
2024JP0001190,1,304.62,37,1,1,1,13,60094,501,6000,4,1,1,1,1,800106,1000000
2024JP0001191,1,304.62,10,1,1,1,2,3111,31,0,0,6,1,5,1,800105,1000000
2024JP0001192,1,304.62,69,1,4,1,5,3605,36,7000,4,1,1,1,1,800101,1000000
2024JP0001193,1,304.62,29,1,3,1,10,7768,77,6000,3,1,1,1,1,800107,1000000
2024JP0001194,1,304.62,9,2,2,1,7,2978,29,0,0,6,1,5,1,800106,1000000
2024JP0001195,1,304.62,38,1,7,1,9,23215,232,7000,3,1,1,1,1,800104,1000000
2024JP0001196,1,304.62,33,1,7,1,9,9286,92,6000,4,1,1,1,1,800109,1000000
2024JP0001197,1,304.62,58,2,7,1,8,15645,156,7000,6,1,1,2,1,800109,1000000
2024JP0001198,1,304.62,8,1,1,1,2,3704,37,0,0,6,1,5,1,800102,1000000
2024JP0001199,1,304.62,38,1,5,1,11,25411,254,6000,6,1,1,5,1,800109,1000000
2024JP0001200,1,304.62,34,2,2,1,14,9250,92,9000,1,1,1,1,1,800100,1000000
2024JP0001201,1,304.62,4,2,6,1,4,1661,16,0,0,6,1,5,1,800108,1000000
2024JP0001202,1,304.62,17,1,6,1,12,10375,103,0,0,6,1,5,1,800106,1000000
2024JP0001203,1,304.62,2,1,3,1,3,2277,22,0,0,6,1,5,1,800107,1000000
2024JP0001204,1,304.62,33,1,6,1,5,5766,57,9920,6,2,1,1,1,800101,1000000
2024JP0001205,1,304.62,49,2,6,1,7,4560,45,6000,1,1,1,1,1,800107,1000000
2024JP0001206,1,304.62,31,1,4,1,8,18349,183,9920,4,1,1,3,1,800105,1000000
2024JP0001207,1,304.62,31,2,2,1,9,50678,501,1000,1,3,1,1,1,800101,1000000
2024JP0001208,1,304.62,21,2,3,1,12,20230,202,5000,1,1,1,5,1,800102,1000000
2024JP0001209,1,304.62,7,2,4,1,1,842,8,0,0,6,1,5,1,800107,1000000
2024JP0001210,1,304.62,47,1,3,1,6,4233,42,8000,4,1,1,1,1,800100,1000000
2024JP0001211,1,304.62,38,1,6,1,12,19744,197,6000,4,1,1,1,1,800102,1000000
2024JP0001212,1,304.62,26,1,2,1,9,9982,99,9800,1,1,1,1,1,800109,1000000
2024JP0001213,1,304.62,40,1,4,1,8,2462,24,9800,1,1,1,1,1,800107,1000000
2024JP0001214,1,304.62,35,2,5,1,10,84082,501,3000,1,5,1,1,1,800107,1000000
2024JP0001215,1,304.62,50,1,4,1,5,11449,114,9000,1,1,1,2,1,800105,1000000
2024JP0001216,1,304.62,39,2,8,1,12,19561,195,6000,3,1,1,1,1,800108,1000000
2024JP0001217,1,304.62,48,2,1,1,14,42976,429,2000,1,1,1,1,1,800102,1000000
2024JP0001218,1,304.62,7,2,5,1,5,6294,62,0,0,6,1,5,1,800101,1000000
2024JP0001219,1,304.62,37,1,4,1,7,4844,48,7000,1,1,1,5,1,800109,1000000
2024JP0001220,1,304.62,42,1,5,1,15,26467,264,2000,1,1,1,1,1,800107,1000000
2024JP0001221,1,304.62,37,2,5,1,9,22430,224,2000,2,5,1,1,1,800106,1000000
2024JP0001222,1,304.62,2,2,2,1,6,1766,17,0,0,6,1,5,1,800106,1000000
2024JP0001223,1,304.62,44,2,1,1,13,44041,440,2000,3,1,1,1,1,800103,1000000
2024JP0001224,1,304.62,30,2,7,1,7,6016,60,5000,4,1,1,1,1,800100,1000000
2024JP0001225,1,304.62,29,2,6,1,5,3870,38,6000,1,1,1,1,1,800102,1000000
2024JP0001226,1,304.62,29,1,6,1,7,3585,35,5000,1,1,1,1,1,800108,1000000
2024JP0001227,1,304.62,9,1,2,1,5,3332,33,0,0,6,1,5,1,800103,1000000
2024JP0001228,1,304.62,14,1,4,1,4,731,7,0,0,6,1,5,1,800106,1000000
2024JP0001229,1,304.62,30,1,4,1,7,10091,100,7000,1,1,1,1,1,800109,1000000
2024JP0001230,1,304.62,28,1,1,1,8,8374,83,8000,3,1,1,1,1,800102,1000000
2024JP0001231,1,304.62,13,2,1,1,5,2127,21,0,0,6,1,5,1,800106,1000000
2024JP0001232,1,304.62,33,1,1,1,11,24706,247,9000,4,1,1,5,1,800101,1000000
2024JP0001233,1,304.62,7,2,3,1,6,7789,77,0,0,6,1,5,1,800105,1000000
2024JP0001234,1,304.62,29,1,1,1,12,12684,126,3000,3,1,1,1,1,800109,1000000
2024JP0001235,1,304.62,39,2,5,1,7,6784,67,6000,4,1,1,1,1,800105,1000000
2024JP0001236,1,304.62,51,1,2,1,12,25556,255,5000,3,1,1,1,1,800106,1000000
2024JP0001237,1,304.62,34,2,1,1,15,127842,501,6000,1,1,1,1,1,800101,1000000
2024JP0001238,1,304.62,17,1,5,1,13,5189,51,0,0,6,1,5,1,800109,1000000
2024JP0001239,1,304.62,14,2,6,1,2,6077,60,0,0,6,1,5,1,800104,1000000
2024JP0001240,1,304.62,30,2,5,1,12,32209,322,8000,6,1,1,1,1,800101,1000000
2024JP0001241,1,304.62,55,2,6,1,7,3234,32,9920,6,3,1,1,1,800107,1000000
2024JP0001242,1,304.62,29,1,1,1,10,11315,113,5000,1,1,1,5,1,800101,1000000
2024JP0001243,1,304.62,3,2,1,1,2,631,6,0,0,6,1,5,1,800101,1000000
2024JP0001244,1,304.62,35,1,4,1,8,6397,63,5000,4,1,1,1,1,800106,1000000
2024JP0001245,1,304.62,35,2,8,1,5,4156,41,6000,4,1,1,2,1,800109,1000000
2024JP0001246,1,304.62,13,1,1,1,3,4047,40,0,0,6,1,5,1,800106,1000000
2024JP0001247,1,304.62,22,1,2,1,15,77388,501,5000,4,1,1,5,1,800101,1000000
2024JP0001248,1,304.62,42,2,7,1,5,10560,105,6000,1,1,1,5,1,800100,1000000
2024JP0001249,1,304.62,23,1,6,1,15,44357,443,1000,3,2,1,5,1,800105,1000000
2024JP0001250,1,304.62,40,2,2,1,9,30203,302,7000,1,1,1,1,1,800108,1000000
2024JP0001251,1,304.62,4,1,3,1,2,1227,12,0,0,6,1,5,1,800102,1000000
2024JP0001252,1,304.62,42,1,2,1,6,12449,124,9920,6,1,1,1,1,800109,1000000
2024JP0001253,1,304.62,54,1,1,1,6,14741,147,5000,1,2,1,1,1,800106,1000000
2024JP0001254,1,304.62,11,1,7,1,9,3560,35,0,0,6,1,5,1,800106,1000000
2024JP0001255,1,304.62,44,1,2,1,11,17954,179,3000,1,1,1,1,1,800100,1000000
2024JP0001256,1,304.62,4,1,4,1,5,1052,10,0,0,6,1,5,1,800106,1000000
2024JP0001257,1,304.62,13,2,1,1,1,1292,12,0,0,6,1,5,1,800102,1000000
2024JP0001258,1,304.62,55,2,1,1,9,33503,335,7000,3,1,1,2,1,800107,1000000
2024JP0001259,1,304.62,5,1,7,1,9,5354,53,0,0,6,1,5,1,800106,1000000
2024JP0001260,1,304.62,22,1,5,1,12,7893,78,9000,1,1,1,1,1,800108,1000000
2024JP0001261,1,304.62,34,1,6,1,7,5443,54,7000,4,1,1,1,1,800107,1000000
2024JP0001262,1,304.62,4,1,5,1,2,882,8,0,0,6,1,5,1,800107,1000000
2024JP0001263,1,304.62,19,2,3,1,13,23154,231,8000,3,1,1,5,1,800108,1000000
2024JP0001264,1,304.62,12,1,4,1,5,3488,34,0,0,6,1,5,1,800106,1000000
2024JP0001265,1,304.62,88,2,6,1,6,23230,232,0,0,6,1,2,1,800102,1000000
2024JP0001266,1,304.62,51,2,3,1,9,14168,141,9000,1,5,1,2,1,800106,1000000
2024JP0001267,1,304.62,15,2,1,1,15,11230,112,0,0,6,1,5,1,800105,1000000
2024JP0001268,1,304.62,56,1,7,1,5,1740,17,5000,1,5,1,1,1,800107,1000000
2024JP0001269,1,304.62,26,2,4,1,12,32424,324,6000,1,1,1,5,1,800109,1000000
2024JP0001270,1,304.62,32,2,6,1,5,2257,22,9800,3,1,1,1,1,800105,1000000
2024JP0001271,1,304.62,59,2,4,1,5,15622,156,6000,3,1,1,2,1,800107,1000000
2024JP0001272,1,304.62,7,2,4,1,1,2684,26,0,0,6,1,5,1,800107,1000000
2024JP0001273,1,304.62,12,2,1,1,6,5186,51,0,0,6,1,5,1,800101,1000000
2024JP0001274,1,304.62,29,1,1,1,10,10118,101,9000,1,3,1,1,1,800100,1000000
2024JP0001275,1,304.62,37,1,1,1,11,16908,169,7000,6,1,1,1,1,800107,1000000
2024JP0001276,1,304.62,0,2,1,1,6,1129,11,0,0,6,1,5,1,800103,1000000
2024JP0001277,1,304.62,35,1,5,1,7,20227,202,9000,1,1,1,1,1,800103,1000000
2024JP0001278,1,304.62,32,1,4,1,8,4910,49,7000,1,1,1,1,1,800101,1000000
2024JP0001279,1,304.62,23,2,6,1,15,29535,295,3000,1,1,1,5,1,800102,1000000
2024JP0001280,1,304.62,14,1,6,1,3,11707,117,0,0,6,1,5,1,800107,1000000
2024JP0001281,1,304.62,30,2,4,1,11,54209,501,4000,1,1,1,1,1,800106,1000000
2024JP0001282,1,304.62,32,2,3,1,7,6289,62,6000,3,1,1,1,1,800102,1000000
2024JP0001283,1,304.62,52,1,4,1,5,2650,26,5000,3,1,1,5,1,800100,1000000
2024JP0001284,1,304.62,56,2,5,1,9,5686,56,6000,3,5,1,1,1,800106,1000000
2024JP0001285,1,304.62,23,2,1,1,14,11923,119,6000,1,1,1,1,1,800107,1000000
2024JP0001286,1,304.62,23,2,7,1,13,22408,224,4000,3,5,1,5,1,800105,1000000
2024JP0001287,1,304.62,3,2,5,1,2,1745,17,0,0,6,1,5,1,800108,1000000
2024JP0001288,1,304.62,48,1,4,1,9,13236,132,6000,3,2,1,1,1,800106,1000000
2024JP0001289,1,304.62,2,1,5,1,2,5779,57,0,0,6,1,5,1,800102,1000000
2024JP0001290,1,304.62,36,1,4,1,6,4509,45,9000,3,1,1,1,1,800103,1000000
2024JP0001291,1,304.62,40,1,4,1,14,20550,205,2000,1,1,1,1,1,800100,1000000
2024JP0001292,1,304.62,36,1,1,1,5,26862,268,7000,3,1,1,1,1,800105,1000000
2024JP0001293,1,304.62,33,2,3,1,11,10064,100,5000,1,1,1,1,1,800101,1000000
2024JP0001294,1,304.62,5,1,6,1,3,1678,16,0,0,6,1,5,1,800102,1000000
2024JP0001295,1,304.62,26,2,2,1,7,4332,43,7000,4,1,1,5,1,800109,1000000
2024JP0001296,1,304.62,17,1,1,1,14,7208,72,0,0,6,1,5,1,800100,1000000
2024JP0001297,1,304.62,17,2,6,1,16,17266,172,0,0,6,1,5,1,800101,1000000
2024JP0001298,1,304.62,73,2,3,1,5,2181,21,0,0,6,1,1,1,800109,1000000
2024JP0001299,1,304.62,6,1,5,1,1,2297,22,0,0,6,1,5,1,800109,1000000
2024JP0001300,1,304.62,18,2,2,1,16,20243,202,6000,4,1,1,5,1,800102,1000000
2024JP0001301,1,304.62,16,1,7,1,17,24528,245,0,0,6,1,5,1,800106,1000000
2024JP0001302,1,304.62,52,1,1,1,5,4417,44,6000,4,1,1,1,1,800109,1000000
2024JP0001303,1,304.62,52,1,4,1,7,14428,144,5000,1,1,1,2,1,800108,1000000
2024JP0001304,1,304.62,47,1,3,1,7,18902,189,6000,1,1,1,1,1,800102,1000000
2024JP0001305,1,304.62,58,1,1,1,10,65919,501,2000,3,1,1,1,1,800105,1000000
2024JP0001306,1,304.62,56,1,5,1,5,25318,253,5000,1,5,1,1,1,800105,1000000
2024JP0001307,1,304.62,15,2,6,1,11,4686,46,0,0,6,1,5,1,800105,1000000
2024JP0001308,1,304.62,36,1,5,1,7,7267,72,7000,3,1,1,1,1,800108,1000000
2024JP0001309,1,304.62,32,2,1,1,8,4769,47,8000,3,1,1,1,1,800106,1000000
2024JP0001310,1,304.62,23,2,6,1,12,5801,58,6000,4,1,1,1,1,800108,1000000
2024JP0001311,1,304.62,0,2,4,1,6,3841,38,0,0,6,1,5,1,800106,1000000
2024JP0001312,1,304.62,43,2,1,1,15,35434,354,6000,3,1,1,1,1,800105,1000000
2024JP0001313,1,304.62,9,2,1,1,5,2789,27,0,0,6,1,5,1,800104,1000000
2024JP0001314,1,304.62,87,1,2,1,6,3007,30,0,0,6,1,1,1,800103,1000000
2024JP0001315,1,304.62,71,2,5,1,6,3863,38,0,0,6,1,2,1,800101,1000000
2024JP0001316,1,304.62,39,1,2,1,8,9767,97,5000,4,1,1,1,1,800107,1000000
2024JP0001317,1,304.62,25,2,1,1,10,25291,252,8000,1,1,1,1,1,800104,1000000
2024JP0001318,1,304.62,0,1,6,1,6,1641,16,0,0,6,1,5,1,800102,1000000
2024JP0001319,1,304.62,32,2,5,1,10,16656,166,6000,1,1,1,1,1,800102,1000000
2024JP0001320,1,304.62,39,2,1,1,6,17074,170,6000,1,1,1,1,2,800106,1000000
2024JP0001321,1,304.62,22,1,8,1,11,15901,159,8000,1,1,1,1,1,800104,1000000
2024JP0001322,1,304.62,32,1,6,1,9,25873,258,9000,4,5,1,1,1,800109,1000000
2024JP0001323,1,304.62,36,1,2,1,13,5297,52,8000,3,1,1,1,1,800108,1000000
2024JP0001324,1,304.62,2,1,1,1,1,5033,50,0,0,6,1,5,1,800105,1000000
2024JP0001325,1,304.62,6,1,1,1,6,4458,44,0,0,6,1,5,1,800102,1000000
2024JP0001326,1,304.62,30,2,7,1,11,19815,198,2000,1,5,1,1,1,800101,1000000
2024JP0001327,1,304.62,51,1,1,1,7,7351,73,9800,4,1,1,1,1,800104,1000000
2024JP0001328,1,304.62,24,1,2,1,13,8813,88,5000,3,3,1,5,1,800108,1000000
2024JP0001329,1,304.62,86,2,1,1,10,10274,102,0,0,6,1,1,1,800105,1000000
2024JP0001330,1,304.62,42,1,9,1,8,7202,72,6000,1,1,1,1,1,800105,1000000
2024JP0001331,1,304.62,11,1,1,1,2,1390,13,0,0,6,1,5,1,800103,1000000
2024JP0001332,1,304.62,34,2,4,1,6,14940,149,5000,3,1,1,5,1,800107,1000000
2024JP0001333,1,304.62,22,1,6,1,16,30734,307,2000,1,1,1,1,1,800103,1000000
2024JP0001334,1,304.62,0,1,1,1,3,3541,35,0,0,6,1,5,1,800104,1000000
2024JP0001335,1,304.62,40,1,1,1,5,5516,55,7000,3,2,1,1,1,800106,1000000
2024JP0001336,1,304.62,16,2,2,1,14,12232,122,0,0,6,1,5,1,800100,1000000
2024JP0001337,1,304.62,37,2,2,1,6,15964,159,9920,4,1,1,5,1,800105,1000000
2024JP0001338,1,304.62,15,1,4,1,14,4045,40,0,0,6,1,5,1,800101,1000000
2024JP0001339,1,304.62,17,1,6,1,13,3367,33,0,0,6,1,5,1,800101,1000000
2024JP0001340,1,304.62,7,1,2,1,4,9221,92,0,0,6,1,5,1,800102,1000000
2024JP0001341,1,304.62,30,1,6,1,11,12202,122,5000,1,1,1,1,1,800109,1000000
2024JP0001342,1,304.62,39,2,4,1,11,26024,260,1000,2,1,1,1,1,800100,1000000
2024JP0001343,1,304.62,6,1,1,1,4,837,8,0,0,6,1,5,1,800100,1000000
2024JP0001344,1,304.62,0,1,2,1,4,1246,12,0,0,6,1,5,1,800100,1000000
2024JP0001345,1,304.62,60,2,2,1,6,3087,30,9800,1,1,1,1,1,800104,1000000
2024JP0001346,1,304.62,55,1,8,1,10,56225,501,2000,1,1,5,2,1,800108,1000000
2024JP0001347,1,304.62,23,1,5,1,17,44845,448,1000,3,1,1,1,1,800105,1000000
2024JP0001348,1,304.62,34,1,5,1,6,5504,55,5000,3,1,1,1,1,800102,1000000
2024JP0001349,1,304.62,27,2,9,1,7,544,5,9800,3,1,1,1,1,800100,1000000
2024JP0001350,1,304.62,53,1,1,1,10,11133,111,7000,1,1,1,2,1,800105,1000000
2024JP0001351,1,304.62,9,1,3,1,5,1414,14,0,0,6,1,5,1,800104,1000000
2024JP0001352,1,304.62,29,1,5,1,13,6708,67,6000,6,1,1,1,1,800102,1000000
2024JP0001353,1,304.62,4,1,6,1,4,4170,41,0,0,6,1,5,1,800107,1000000
2024JP0001354,1,304.62,24,2,2,1,13,40948,409,7000,1,1,1,5,1,800100,1000000
2024JP0001355,1,304.62,37,1,4,1,11,23995,239,5000,3,1,1,5,1,800102,1000000
2024JP0001356,1,304.62,6,2,5,1,8,5580,55,0,0,6,1,5,1,800101,1000000
2024JP0001357,1,304.62,8,2,7,1,8,316,3,0,0,6,1,5,1,800101,1000000
2024JP0001358,1,304.62,36,2,4,1,10,41070,410,5000,1,5,1,1,1,800109,1000000
2024JP0001359,1,304.62,43,1,1,1,6,26397,263,8000,4,1,1,1,1,800103,1000000
2024JP0001360,1,304.62,20,2,1,1,17,12207,122,5000,4,1,1,5,1,800104,1000000
2024JP0001361,1,304.62,36,1,1,1,7,6018,60,5000,1,1,1,1,1,800107,1000000
2024JP0001362,1,304.62,15,1,5,1,15,35055,350,0,0,6,1,5,1,800100,1000000
2024JP0001363,1,304.62,1,2,3,1,2,4474,44,0,0,6,1,5,1,800100,1000000
2024JP0001364,1,304.62,25,2,3,1,13,47021,470,8000,4,1,1,5,1,800106,1000000
2024JP0001365,1,304.62,7,1,6,1,3,1020,10,0,0,6,1,5,1,800107,1000000
2024JP0001366,1,304.62,37,1,5,1,11,32567,325,8000,3,1,1,1,1,800102,1000000
2024JP0001367,1,304.62,59,1,4,1,8,9664,96,8000,4,1,1,1,1,800100,1000000
2024JP0001368,1,304.62,68,2,5,1,7,7572,75,7000,6,2,1,1,1,800109,1000000
2024JP0001369,1,304.62,26,1,3,1,11,41918,419,1000,2,1,1,5,1,800102,1000000
2024JP0001370,1,304.62,43,1,1,1,5,18191,181,8000,1,4,1,5,1,800104,1000000
2024JP0001371,1,304.62,21,2,5,1,15,33890,338,4000,3,1,1,1,1,800104,1000000
2024JP0001372,1,304.62,21,1,7,1,13,6128,61,7000,3,1,1,5,1,800107,1000000
2024JP0001373,1,304.62,27,2,6,1,7,3564,35,6000,6,1,1,5,1,800104,1000000
2024JP0001374,1,304.62,20,2,7,1,14,11069,110,5000,3,1,1,5,1,800107,1000000
2024JP0001375,1,304.62,19,1,1,1,15,14411,144,5000,3,1,1,5,1,800108,1000000
2024JP0001376,1,304.62,6,1,6,1,9,5806,58,0,0,6,1,5,1,800104,1000000
2024JP0001377,1,304.62,15,2,3,1,14,6262,62,0,0,6,1,5,1,800108,1000000
2024JP0001378,1,304.62,7,2,1,1,1,5078,50,0,0,6,1,5,1,800105,1000000
2024JP0001379,1,304.62,13,1,4,1,8,1149,11,0,0,6,1,5,1,800108,1000000
2024JP0001380,1,304.62,5,2,6,1,3,1725,17,0,0,6,1,5,1,800106,1000000
2024JP0001381,1,304.62,39,2,6,1,7,5726,57,9800,1,1,1,1,1,800103,1000000
2024JP0001382,1,304.62,40,1,3,1,8,9881,98,9920,1,4,1,1,1,800102,1000000
2024JP0001383,1,304.62,52,1,6,1,10,31544,315,2000,1,3,1,2,1,800102,1000000
2024JP0001384,1,304.62,16,2,1,1,14,8225,82,0,0,6,1,5,1,800108,1000000
2024JP0001385,1,304.62,31,1,1,1,7,43189,431,9920,1,1,1,1,1,800101,1000000
2024JP0001386,1,304.62,3,1,2,1,1,1599,15,0,0,6,1,5,1,800105,1000000
2024JP0001387,1,304.62,6,2,3,1,4,1752,17,0,0,6,1,5,1,800105,1000000
2024JP0001388,1,304.62,13,1,1,1,9,5448,54,0,0,6,1,5,1,800103,1000000
2024JP0001389,1,304.62,26,2,8,1,6,4512,45,6000,6,1,1,1,1,800108,1000000
2024JP0001390,1,304.62,31,2,5,1,11,9310,93,7000,6,1,1,1,1,800104,1000000
2024JP0001391,1,304.62,24,2,6,1,17,64809,501,5000,1,3,1,5,1,800102,1000000
2024JP0001392,1,304.62,0,2,7,1,1,1471,14,0,0,6,1,5,1,800101,1000000
2024JP0001393,1,304.62,31,2,4,1,5,18102,181,5000,4,1,1,5,1,800104,1000000
2024JP0001394,1,304.62,39,2,6,1,14,8404,84,6000,3,1,1,1,1,800101,1000000
2024JP0001395,1,304.62,23,2,4,1,16,16801,168,3000,3,1,1,1,1,800105,1000000
2024JP0001396,1,304.62,31,1,7,1,11,38312,383,9000,3,1,1,1,1,800101,1000000
2024JP0001397,1,304.62,3,2,1,1,3,3713,37,0,0,6,1,5,1,800100,1000000
2024JP0001398,1,304.62,25,1,2,1,7,10908,109,7000,3,1,1,5,1,800100,1000000
2024JP0001399,1,304.62,22,2,2,1,12,3442,34,5000,1,3,1,1,1,800109,1000000
2024JP0001400,1,304.62,35,1,6,1,7,14949,149,7000,1,1,1,1,1,800108,1000000
2024JP0001401,1,304.62,5,1,3,1,1,4236,42,0,0,6,1,5,1,800101,1000000
2024JP0001402,1,304.62,5,2,5,1,8,2114,21,0,0,6,1,5,1,800103,1000000
2024JP0001403,1,304.62,19,2,3,1,16,15471,154,6000,1,1,1,1,1,800101,1000000
2024JP0001404,1,304.62,53,1,4,1,9,45395,453,5000,4,1,1,1,1,800102,1000000
2024JP0001405,1,304.62,24,2,5,1,13,34519,345,1000,1,5,1,1,1,800104,1000000
2024JP0001406,1,304.62,13,1,2,1,8,5669,56,0,0,6,1,5,1,800100,1000000
2024JP0001407,1,304.62,9,1,9,1,4,705,7,0,0,6,1,5,1,800100,1000000
2024JP0001408,1,304.62,33,1,6,1,12,11530,115,8000,1,2,1,1,1,800107,1000000
2024JP0001409,1,304.62,34,1,2,1,13,12020,120,7000,1,1,1,1,1,800104,1000000
2024JP0001410,1,304.62,22,1,1,1,15,56711,501,1000,1,1,1,1,1,800109,1000000
2024JP0001411,1,304.62,5,1,1,1,6,1110,11,0,0,6,1,5,1,800106,1000000
2024JP0001412,1,304.62,40,1,5,1,10,19289,192,7000,3,1,1,1,1,800109,1000000
2024JP0001413,1,304.62,27,1,4,1,9,10466,104,5000,3,1,1,1,1,800105,1000000
2024JP0001414,1,304.62,56,2,6,1,6,9428,94,6000,3,1,1,1,1,800101,1000000
2024JP0001415,1,304.62,20,1,1,1,18,14667,146,2000,3,1,1,5,1,800105,1000000
2024JP0001416,1,304.62,9,2,4,1,6,1355,13,0,0,6,1,5,1,800105,1000000
2024JP0001417,1,304.62,16,2,2,1,12,6017,60,0,0,6,1,5,1,800102,1000000
2024JP0001418,1,304.62,7,2,4,1,6,4950,49,0,0,6,1,5,1,800103,1000000
2024JP0001419,1,304.62,3,2,7,1,6,614,6,0,0,6,1,5,1,800105,1000000
2024JP0001420,1,304.62,29,1,3,1,13,28300,283,7000,4,1,1,1,1,800107,1000000
2024JP0001421,1,304.62,37,2,9,1,5,2822,28,5000,6,1,1,1,1,800101,1000000
2024JP0001422,1,304.62,57,1,7,1,12,5898,58,5000,4,1,1,1,1,800100,1000000
2024JP0001423,1,304.62,35,1,2,1,8,1701,17,7000,1,1,1,1,1,800101,1000000
2024JP0001424,1,304.62,92,1,4,1,7,5369,53,0,0,6,1,2,1,800104,1000000
2024JP0001425,1,304.62,41,2,1,1,6,16475,164,9920,4,1,1,1,1,800105,1000000
2024JP0001426,1,304.62,14,1,3,1,5,1491,14,0,0,6,1,5,1,800105,1000000
2024JP0001427,1,304.62,31,2,4,1,5,7619,76,5000,1,1,1,1,1,800102,1000000
2024JP0001428,1,304.62,22,2,2,1,11,27458,274,5000,6,1,1,5,1,800100,1000000
2024JP0001429,1,304.62,48,1,1,1,11,34954,349,7000,1,1,1,5,1,800104,1000000
2024JP0001430,1,304.62,45,1,4,1,8,4164,41,9800,3,1,1,1,1,800109,1000000
2024JP0001431,1,304.62,51,1,7,1,7,3070,30,9920,1,3,1,1,1,800107,1000000
2024JP0001432,1,304.62,8,2,5,1,3,945,9,0,0,6,1,5,1,800101,1000000
2024JP0001433,1,304.62,11,1,7,1,4,1084,10,0,0,6,1,5,1,800107,1000000
2024JP0001434,1,304.62,54,2,1,1,8,4981,49,6000,3,2,1,1,1,800102,1000000
2024JP0001435,1,304.62,25,1,4,1,6,2137,21,5000,6,1,1,1,1,800106,1000000
2024JP0001436,1,304.62,4,2,1,1,1,6460,64,0,0,6,1,5,1,800103,1000000
2024JP0001437,1,304.62,21,2,7,1,12,10644,106,6000,3,1,1,5,1,800103,1000000
2024JP0001438,1,304.62,54,1,4,1,9,13590,135,6000,1,2,1,1,1,800109,1000000
2024JP0001439,1,304.62,11,2,6,1,3,1850,18,0,0,6,1,5,1,800102,1000000
2024JP0001440,1,304.62,39,2,4,1,9,18821,188,2000,3,1,1,1,1,800107,1000000
2024JP0001441,1,304.62,10,2,3,1,3,3022,30,0,0,6,1,5,1,800103,1000000
2024JP0001442,1,304.62,78,2,6,1,11,4558,45,0,0,6,1,5,1,800102,1000000
2024JP0001443,1,304.62,10,2,6,1,7,3858,38,0,0,6,1,5,1,800106,1000000
2024JP0001444,1,304.62,38,1,3,1,6,11930,119,9920,4,1,1,1,1,800101,1000000
2024JP0001445,1,304.62,10,1,4,1,2,5985,59,0,0,6,1,5,1,800105,1000000
2024JP0001446,1,304.62,56,2,6,1,9,13668,136,2000,1,1,1,2,1,800105,1000000
2024JP0001447,1,304.62,53,2,5,1,6,8758,87,7000,1,5,1,1,1,800103,1000000
2024JP0001448,1,304.62,1,2,2,1,3,8223,82,0,0,6,1,5,1,800109,1000000
2024JP0001449,1,304.62,17,1,4,1,16,21291,212,0,0,6,1,5,1,800102,1000000
2024JP0001450,1,304.62,50,1,6,1,11,13057,130,8000,3,1,2,5,1,800102,1000000
2024JP0001451,1,304.62,19,2,6,1,12,1215,12,5000,1,1,1,5,1,800102,1000000
2024JP0001452,1,304.62,65,1,7,1,5,3971,39,5000,3,1,1,1,1,800109,1000000
2024JP0001453,1,304.62,20,2,3,1,18,24285,242,6000,6,1,1,5,1,800106,1000000
2024JP0001454,1,304.62,20,1,3,1,12,4123,41,1000,1,1,1,5,1,800102,1000000
2024JP0001455,1,304.62,18,1,2,1,14,8857,88,9000,1,1,1,5,1,800108,1000000
2024JP0001456,1,304.62,34,1,2,1,11,22564,225,8000,1,2,1,1,1,800105,1000000
2024JP0001457,1,304.62,20,1,3,1,15,19552,195,5000,1,1,1,5,1,800102,1000000
2024JP0001458,1,304.62,44,2,8,1,8,4928,49,7000,6,1,1,1,1,800102,1000000
2024JP0001459,1,304.62,42,2,6,1,10,21472,214,4000,3,1,1,2,1,800106,1000000
2024JP0001460,1,304.62,2,2,4,1,8,3552,35,0,0,6,1,5,1,800108,1000000
2024JP0001461,1,304.62,42,1,4,1,8,7080,70,9800,3,1,1,2,1,800104,1000000
2024JP0001462,1,304.62,52,2,4,1,11,8059,80,5000,1,1,1,5,1,800104,1000000
2024JP0001463,1,304.62,21,2,5,1,16,15093,150,6000,3,1,1,5,1,800101,1000000
2024JP0001464,1,304.62,8,1,1,1,3,1782,17,0,0,6,1,5,1,800102,1000000
2024JP0001465,1,304.62,19,1,3,1,16,18021,180,3000,3,1,1,5,1,800105,1000000
2024JP0001466,1,304.62,38,2,3,1,13,27431,274,6000,6,1,1,5,1,800103,1000000
2024JP0001467,1,304.62,16,2,1,1,12,4889,48,0,0,6,1,5,1,800109,1000000
2024JP0001468,1,304.62,31,2,2,1,12,21626,216,1000,1,1,1,5,1,800103,1000000
2024JP0001469,1,304.62,29,1,4,1,12,3123,31,6000,1,1,1,5,1,800101,1000000
2024JP0001470,1,304.62,21,1,1,1,10,12108,121,9000,3,1,1,5,1,800100,1000000
2024JP0001471,1,304.62,24,2,5,1,15,26170,261,5000,1,1,1,5,1,800106,1000000
2024JP0001472,1,304.62,2,2,4,1,7,2244,22,0,0,6,1,5,1,800101,1000000
2024JP0001473,1,304.62,22,2,1,1,17,13933,139,2000,2,1,1,1,1,800104,1000000
2024JP0001474,1,304.62,34,2,4,1,7,2525,25,9800,4,4,1,1,1,800108,1000000
2024JP0001475,1,304.62,15,2,6,1,16,10906,109,0,0,6,1,5,1,800101,1000000
2024JP0001476,1,304.62,15,1,7,1,11,17585,175,0,0,6,1,5,1,800107,1000000
2024JP0001477,1,304.62,96,1,6,1,10,2303,23,0,0,6,1,1,1,800106,1000000
2024JP0001478,1,304.62,26,1,2,1,7,4000,40,6000,6,1,1,1,1,800100,1000000
2024JP0001479,1,304.62,41,1,5,1,7,5220,52,9920,4,1,1,1,1,800109,1000000
2024JP0001480,1,304.62,19,2,7,1,14,1482,14,2000,1,4,1,5,1,800109,1000000
2024JP0001481,1,304.62,37,1,4,1,8,3306,33,5000,1,1,1,5,1,800104,1000000
2024JP0001482,1,304.62,27,2,2,1,10,4736,47,7000,4,1,1,5,1,800100,1000000
2024JP0001483,1,304.62,21,2,2,1,18,24801,248,6000,6,1,1,5,1,800101,1000000
2024JP0001484,1,304.62,25,1,1,1,9,16028,160,9800,3,1,1,1,1,800109,1000000
2024JP0001485,1,304.62,13,1,9,1,4,3669,36,0,0,6,1,5,1,800101,1000000
2024JP0001486,1,304.62,39,2,4,1,11,47233,472,5000,3,1,1,1,1,800109,1000000
2024JP0001487,1,304.62,9,2,1,1,4,1615,16,0,0,6,1,5,1,800106,1000000
2024JP0001488,1,304.62,10,2,1,1,2,821,8,0,0,6,1,5,1,800102,1000000
2024JP0001489,1,304.62,9,1,7,1,3,1470,14,0,0,6,1,5,1,800105,1000000
2024JP0001490,1,304.62,11,1,2,1,4,3879,38,0,0,6,1,5,1,800103,1000000
2024JP0001491,1,304.62,76,2,2,1,5,7087,70,0,0,6,1,2,1,800107,1000000
2024JP0001492,1,304.62,52,2,1,1,11,8368,83,6000,3,1,1,1,1,800108,1000000
2024JP0001493,1,304.62,9,1,1,1,3,6960,69,0,0,6,1,5,1,800105,1000000
2024JP0001494,1,304.62,42,2,4,1,5,6121,61,6000,1,1,1,1,1,800105,1000000
2024JP0001495,1,304.62,60,2,6,1,5,1192,11,9800,3,1,1,1,1,800106,1000000
2024JP0001496,1,304.62,39,2,5,1,7,6877,68,9920,1,1,1,2,1,800105,1000000
2024JP0001497,1,304.62,2,1,1,1,4,2595,25,0,0,6,1,5,1,800101,1000000
2024JP0001498,1,304.62,26,1,4,1,8,16766,167,5000,4,5,1,5,1,800100,1000000
2024JP0001499,1,304.62,22,1,1,1,16,39395,393,4000,3,3,1,5,1,800101,1000000
2024JP0001500,1,304.62,33,2,1,1,8,13777,137,9920,3,1,1,1,1,800100,1000000
2024JP0001501,1,304.62,60,2,4,1,6,4955,49,8000,6,1,1,2,1,800100,1000000
2024JP0001502,1,304.62,54,1,5,1,6,12268,122,6000,4,1,1,2,1,800107,1000000
2024JP0001503,1,304.62,12,1,4,1,2,1542,15,0,0,6,1,5,1,800102,1000000
2024JP0001504,1,304.62,4,1,1,1,2,4557,45,0,0,6,1,5,1,800107,1000000
2024JP0001505,1,304.62,28,1,3,1,6,8668,86,7000,3,5,1,1,1,800102,1000000
2024JP0001506,1,304.62,0,2,2,1,3,2371,23,0,0,6,1,5,1,800108,1000000
2024JP0001507,1,304.62,43,2,2,1,6,2878,28,8000,1,3,1,5,1,800107,1000000
2024JP0001508,1,304.62,41,2,6,1,11,9083,90,7000,1,5,1,1,1,800102,1000000
2024JP0001509,1,304.62,12,1,4,1,5,1786,17,0,0,6,1,5,1,800109,1000000
2024JP0001510,1,304.62,41,2,5,1,8,10190,101,7000,3,1,1,5,1,800100,1000000
2024JP0001511,1,304.62,19,2,4,1,14,3441,34,5000,3,2,1,5,1,800109,1000000
2024JP0001512,1,304.62,4,1,4,1,4,4731,47,0,0,6,1,5,1,800103,1000000
2024JP0001513,1,304.62,54,2,4,1,5,9557,95,5000,3,1,1,2,1,800106,1000000
2024JP0001514,1,304.62,71,1,6,1,5,336,3,0,0,6,1,1,1,800109,1000000
2024JP0001515,1,304.62,40,2,3,1,6,13920,139,8000,1,1,1,1,1,800105,1000000
2024JP0001516,1,304.62,15,2,4,1,17,11390,113,0,0,6,1,5,1,800108,1000000
2024JP0001517,1,304.62,24,2,1,1,12,10443,104,5000,3,2,1,1,1,800108,1000000
2024JP0001518,1,304.62,36,1,4,1,12,18667,186,7000,3,1,1,1,1,800104,1000000
2024JP0001519,1,304.62,97,2,7,1,5,2175,21,0,0,6,1,2,1,800104,1000000
2024JP0001520,1,304.62,37,2,3,1,14,11313,113,5000,4,1,1,1,1,800106,1000000
2024JP0001521,1,304.62,12,1,4,1,5,9297,92,0,0,6,1,5,1,800102,1000000
2024JP0001522,1,304.62,52,2,6,1,7,13468,134,9800,4,1,1,3,1,800108,1000000
2024JP0001523,1,304.62,61,2,7,1,5,10361,103,9920,4,1,1,1,1,800107,1000000
2024JP0001524,1,304.62,4,1,4,1,5,4196,41,0,0,6,1,5,1,800107,1000000
2024JP0001525,1,304.62,9,2,2,1,1,1507,15,0,0,6,1,5,1,800106,1000000
2024JP0001526,1,304.62,58,2,6,1,6,8283,82,9920,1,1,1,1,1,800100,1000000
2024JP0001527,1,304.62,0,2,2,1,3,7163,71,0,0,6,1,5,1,800109,1000000
2024JP0001528,1,304.62,50,1,4,1,8,4313,43,6000,3,1,1,1,1,800106,1000000
2024JP0001529,1,304.62,9,1,2,1,4,4550,45,0,0,6,1,5,1,800108,1000000
2024JP0001530,1,304.62,2,1,5,1,2,2358,23,0,0,6,1,5,1,800103,1000000
2024JP0001531,1,304.62,96,1,1,1,5,4719,47,0,0,6,1,1,1,800108,1000000
2024JP0001532,1,304.62,61,1,2,1,5,2270,22,9800,3,1,1,1,1,800108,1000000
2024JP0001533,1,304.62,77,2,1,1,10,16914,169,0,0,6,1,2,1,800104,1000000
2024JP0001534,1,304.62,51,2,4,1,7,9387,93,8000,1,1,1,1,1,800105,1000000
2024JP0001535,1,304.62,27,2,4,1,12,19866,198,6000,1,1,1,5,1,800106,1000000
2024JP0001536,1,304.62,12,1,4,1,4,1953,19,0,0,6,1,5,1,800105,1000000
2024JP0001537,1,304.62,52,1,5,1,6,8737,87,5000,1,5,1,2,1,800103,1000000
2024JP0001538,1,304.62,7,1,4,1,6,4840,48,0,0,6,1,5,1,800102,1000000
2024JP0001539,1,304.62,9,2,1,1,9,4654,46,0,0,6,1,5,1,800105,1000000
2024JP0001540,1,304.62,0,1,4,1,3,6263,62,0,0,6,1,5,1,800100,1000000
2024JP0001541,1,304.62,17,1,6,1,17,12829,128,0,0,6,1,5,1,800109,1000000
2024JP0001542,1,304.62,21,2,4,1,19,37639,376,2000,3,1,1,5,1,800100,1000000
2024JP0001543,1,304.62,19,1,6,1,17,12651,126,2000,3,1,1,1,1,800106,1000000
2024JP0001544,1,304.62,44,2,5,1,13,5886,58,5000,3,1,5,1,1,800106,1000000
2024JP0001545,1,304.62,15,1,2,1,13,6447,64,0,0,6,1,5,1,800101,1000000
2024JP0001546,1,304.62,23,2,4,1,11,50919,501,8000,3,1,1,5,1,800106,1000000
2024JP0001547,1,304.62,39,2,6,1,12,16641,166,8000,3,1,1,1,1,800108,1000000
2024JP0001548,1,304.62,38,1,6,1,10,14219,142,5000,3,2,1,1,1,800103,1000000
2024JP0001549,1,304.62,9,2,2,1,4,6640,66,0,0,6,1,5,1,800107,1000000
2024JP0001550,1,304.62,61,1,2,1,9,45289,452,7000,1,1,1,1,1,800107,1000000
2024JP0001551,1,304.62,44,1,2,1,7,3510,35,9800,1,1,1,1,1,800100,1000000
2024JP0001552,1,304.62,15,2,3,1,18,12237,122,0,0,6,1,5,1,800102,1000000
2024JP0001553,1,304.62,54,1,2,1,5,5966,59,9000,3,1,1,1,1,800101,1000000
2024JP0001554,1,304.62,10,1,7,1,4,1717,17,0,0,6,1,5,1,800104,1000000
2024JP0001555,1,304.62,59,1,6,1,5,1385,13,8000,4,1,1,3,1,800106,1000000
2024JP0001556,1,304.62,26,1,1,1,7,1528,15,9800,4,1,1,5,1,800102,1000000
2024JP0001557,1,304.62,3,1,7,1,4,1631,16,0,0,6,1,5,1,800104,1000000
2024JP0001558,1,304.62,57,2,4,1,10,17680,176,5000,1,1,1,2,1,800102,1000000
2024JP0001559,1,304.62,32,1,4,1,11,47778,477,5000,6,1,1,1,1,800103,1000000
2024JP0001560,1,304.62,51,1,1,1,12,26268,262,6000,3,1,1,4,1,800105,1000000
2024JP0001561,1,304.62,33,2,3,1,6,13452,134,9000,1,1,1,1,1,800105,1000000
2024JP0001562,1,304.62,42,2,4,1,16,32708,327,3000,2,1,1,1,1,800100,1000000
2024JP0001563,1,304.62,18,1,4,1,16,21949,219,5000,4,1,1,5,1,800100,1000000
2024JP0001564,1,304.62,10,2,6,1,6,3624,36,0,0,6,1,5,1,800102,1000000
2024JP0001565,1,304.62,77,1,6,1,7,6145,61,0,0,6,1,2,1,800108,1000000
2024JP0001566,1,304.62,9,1,3,1,6,1054,10,0,0,6,1,5,1,800100,1000000
2024JP0001567,1,304.62,39,2,1,1,7,6296,62,5000,3,1,1,1,1,800101,1000000
2024JP0001568,1,304.62,30,1,2,1,7,6960,69,7000,4,1,1,1,1,800106,1000000
2024JP0001569,1,304.62,44,1,1,1,14,19844,198,2000,1,2,1,3,1,800107,1000000
2024JP0001570,1,304.62,27,1,9,1,5,6024,60,9920,4,1,1,5,1,800102,1000000
2024JP0001571,1,304.62,28,2,6,1,11,6015,60,7000,4,1,1,1,1,800103,1000000
2024JP0001572,1,304.62,32,1,7,1,11,18360,183,6000,1,1,1,1,1,800101,1000000
2024JP0001573,1,304.62,1,1,3,1,4,4142,41,0,0,6,1,5,1,800108,1000000
2024JP0001574,1,304.62,1,1,2,1,8,1231,12,0,0,6,1,5,1,800108,1000000
2024JP0001575,1,304.62,31,1,4,1,9,18656,186,5000,4,1,1,1,1,800105,1000000
2024JP0001576,1,304.62,28,2,1,1,11,14430,144,2000,3,1,1,5,1,800101,1000000
2024JP0001577,1,304.62,39,1,1,1,6,20893,208,9000,4,1,1,1,1,800101,1000000
2024JP0001578,1,304.62,9,1,6,1,2,606,6,0,0,6,1,5,1,800109,1000000
2024JP0001579,1,304.62,9,1,1,1,7,7093,70,0,0,6,1,5,1,800103,1000000
2024JP0001580,1,304.62,42,1,4,1,5,2874,28,8000,4,1,1,1,1,800100,1000000
2024JP0001581,1,304.62,24,2,7,1,14,3935,39,6000,1,1,1,5,1,800108,1000000
2024JP0001582,1,304.62,18,1,5,1,16,17770,177,6000,3,2,1,5,1,800101,1000000
2024JP0001583,1,304.62,8,2,2,1,4,1033,10,0,0,6,1,5,1,800102,1000000
2024JP0001584,1,304.62,61,1,6,1,6,20073,200,5000,1,1,1,2,1,800107,1000000
2024JP0001585,1,304.62,33,1,4,1,13,20064,200,7000,1,5,1,1,1,800102,1000000
2024JP0001586,1,304.62,29,1,7,1,10,13377,133,2000,1,1,1,1,1,800105,1000000
2024JP0001587,1,304.62,35,2,3,1,8,27441,274,6000,1,1,1,1,1,800107,1000000
2024JP0001588,1,304.62,2,2,1,1,1,5909,59,0,0,6,1,5,1,800101,1000000
2024JP0001589,1,304.62,38,2,4,1,10,55291,501,5000,1,1,1,1,1,800102,1000000
2024JP0001590,1,304.62,0,1,2,1,2,2611,26,0,0,6,1,5,1,800109,1000000
2024JP0001591,1,304.62,66,2,3,1,8,4801,48,6000,3,1,1,2,1,800100,1000000
2024JP0001592,1,304.62,18,1,3,1,15,10840,108,6000,3,1,1,1,1,800105,1000000
2024JP0001593,1,304.62,27,1,2,1,6,1984,19,7000,6,1,1,5,1,800108,1000000
2024JP0001594,1,304.62,20,2,5,1,11,16167,161,8000,3,5,1,1,1,800107,1000000
2024JP0001595,1,304.62,39,1,4,1,5,1865,18,9920,6,1,1,2,1,800101,1000000
2024JP0001596,1,304.62,9,2,1,1,3,7521,75,0,0,6,1,5,1,800104,1000000
2024JP0001597,1,304.62,17,1,3,1,12,7912,79,0,0,6,1,5,1,800104,1000000
2024JP0001598,1,304.62,29,2,3,1,12,12153,121,9800,1,2,1,1,1,800105,1000000
2024JP0001599,1,304.62,2,1,4,1,6,3241,32,0,0,6,1,5,1,800103,1000000
2024JP0001600,1,304.62,67,1,6,1,5,13853,138,9000,3,2,1,1,1,800101,1000000
2024JP0001601,1,304.62,25,1,3,1,5,5720,57,9920,4,1,1,1,1,800101,1000000
2024JP0001602,1,304.62,40,1,7,1,14,10709,107,6000,4,1,1,5,1,800103,1000000
2024JP0001603,1,304.62,28,1,6,1,12,43332,433,6000,4,1,1,1,1,800101,1000000
2024JP0001604,1,304.62,1,2,3,1,2,1314,13,0,0,6,1,5,1,800106,1000000
2024JP0001605,1,304.62,59,2,3,1,5,2996,29,9000,6,1,1,1,1,800109,1000000
2024JP0001606,1,304.62,22,1,3,1,12,24916,249,5000,1,1,1,1,1,800107,1000000
2024JP0001607,1,304.62,22,1,1,1,12,7676,76,7000,3,1,1,5,1,800108,1000000
2024JP0001608,1,304.62,57,2,4,1,12,6042,60,3000,2,1,1,1,1,800100,1000000
2024JP0001609,1,304.62,37,1,1,1,9,23091,230,8000,1,1,1,1,1,800106,1000000
2024JP0001610,1,304.62,75,1,1,1,5,6803,68,0,0,6,1,2,1,800103,1000000
2024JP0001611,1,304.62,59,2,4,1,13,6442,64,1000,1,5,1,2,1,800101,1000000
2024JP0001612,1,304.62,53,2,2,1,5,18925,189,7000,4,1,1,1,1,800108,1000000
2024JP0001613,1,304.62,44,2,2,1,11,5566,55,5000,1,1,1,1,1,800102,1000000
2024JP0001614,1,304.62,42,1,6,1,12,13606,136,7000,4,1,1,5,1,800106,1000000
2024JP0001615,1,304.62,44,2,8,1,10,43923,439,7000,3,1,1,1,1,800106,1000000
2024JP0001616,1,304.62,46,1,6,1,10,48277,482,9800,3,1,1,3,1,800108,1000000
2024JP0001617,1,304.62,40,1,4,1,10,33486,334,5000,3,1,1,5,1,800106,1000000
2024JP0001618,1,304.62,10,2,1,1,2,2273,22,0,0,6,1,5,1,800100,1000000
2024JP0001619,1,304.62,28,2,1,1,11,27656,276,9000,6,1,1,5,1,800102,1000000
2024JP0001620,1,304.62,22,1,4,1,19,76895,501,4000,1,1,1,1,1,800109,1000000
2024JP0001621,1,304.62,55,1,7,1,7,6887,68,5000,1,3,1,1,1,800103,1000000
2024JP0001622,1,304.62,62,1,7,1,8,7450,74,5000,3,1,1,1,1,800100,1000000
2024JP0001623,1,304.62,20,1,2,1,12,12942,129,4000,2,1,1,5,1,800101,1000000
2024JP0001624,1,304.62,35,2,1,1,7,5213,52,7000,3,1,1,5,1,800102,1000000
2024JP0001625,1,304.62,2,1,4,1,3,1721,17,0,0,6,1,5,1,800105,1000000
2024JP0001626,1,304.62,38,2,5,1,9,20158,201,6000,3,3,1,1,1,800106,1000000
2024JP0001627,1,304.62,39,2,3,1,6,12867,128,9800,4,4,1,1,1,800105,1000000
2024JP0001628,1,304.62,19,2,2,1,18,69977,501,2000,1,5,1,5,1,800109,1000000
2024JP0001629,1,304.62,7,1,6,1,5,1224,12,0,0,6,1,5,1,800103,1000000
2024JP0001630,1,304.62,55,1,7,1,15,42767,427,4000,1,1,1,1,1,800105,1000000
2024JP0001631,1,304.62,12,2,1,1,1,7095,70,0,0,6,1,5,1,800109,1000000
2024JP0001632,1,304.62,53,2,6,1,7,12902,129,9000,3,1,1,5,1,800108,1000000
2024JP0001633,1,304.62,24,1,1,1,11,8251,82,6000,6,1,1,5,1,800105,1000000
2024JP0001634,1,304.62,41,2,2,1,11,30599,305,4000,2,1,1,5,1,800105,1000000
2024JP0001635,1,304.62,13,2,3,1,5,2133,21,0,0,6,1,5,1,800109,1000000
2024JP0001636,1,304.62,53,2,4,1,8,5918,59,9920,3,1,1,1,1,800103,1000000
2024JP0001637,1,304.62,43,2,4,1,5,2600,26,9000,6,1,1,1,1,800102,1000000
2024JP0001638,1,304.62,27,1,1,1,5,9245,92,7000,1,1,1,1,1,800101,1000000
2024JP0001639,1,304.62,41,2,2,1,6,12779,127,9800,1,4,1,1,1,800106,1000000
2024JP0001640,1,304.62,4,1,1,1,6,8128,81,0,0,6,1,5,1,800105,1000000
2024JP0001641,1,304.62,17,1,2,1,14,12112,121,0,0,6,1,5,1,800101,1000000
2024JP0001642,1,304.62,42,2,1,1,12,55516,501,6000,4,5,1,1,1,800104,1000000
2024JP0001643,1,304.62,16,2,1,1,10,28255,282,0,0,6,1,5,1,800104,1000000
2024JP0001644,1,304.62,14,1,5,1,2,4837,48,0,0,6,1,5,1,800107,1000000
2024JP0001645,1,304.62,30,1,7,1,12,35344,353,7000,6,1,1,1,1,800105,1000000
2024JP0001646,1,304.62,27,2,6,1,7,1012,10,5000,4,1,1,5,1,800108,1000000
2024JP0001647,1,304.62,2,1,1,1,6,2971,29,0,0,6,1,5,1,800109,1000000
2024JP0001648,1,304.62,7,2,2,1,5,3437,34,0,0,6,1,5,1,800105,1000000
2024JP0001649,1,304.62,30,1,2,1,7,10434,104,6000,4,2,1,2,1,800109,1000000
2024JP0001650,1,304.62,17,1,2,1,11,17067,170,0,0,6,1,5,1,800107,1000000
2024JP0001651,1,304.62,6,1,9,1,5,1226,12,0,0,6,1,5,1,800106,1000000
2024JP0001652,1,304.62,32,1,2,1,16,34714,347,5000,1,1,1,1,1,800100,1000000
2024JP0001653,1,304.62,17,2,6,1,13,3715,37,0,0,6,1,5,1,800101,1000000
2024JP0001654,1,304.62,29,2,6,1,7,2954,29,5000,3,1,1,5,1,800105,1000000
2024JP0001655,1,304.62,1,1,4,1,6,3070,30,0,0,6,1,5,1,800107,1000000
2024JP0001656,1,304.62,33,1,7,1,7,9522,95,6000,1,1,1,1,1,800100,1000000
2024JP0001657,1,304.62,48,2,2,1,7,6555,65,6000,1,1,1,2,1,800103,1000000
2024JP0001658,1,304.62,34,1,4,1,8,13633,136,7000,3,1,1,2,1,800105,1000000
2024JP0001659,1,304.62,35,2,4,1,11,11716,117,8000,4,1,1,1,1,800109,1000000
2024JP0001660,1,304.62,14,1,3,1,2,1343,13,0,0,6,1,5,1,800104,1000000
2024JP0001661,1,304.62,41,1,6,1,12,71625,501,6000,6,5,1,1,1,800108,1000000
2024JP0001662,1,304.62,0,1,6,1,4,857,8,0,0,6,1,5,1,800105,1000000
2024JP0001663,1,304.62,56,2,2,1,7,5145,51,5000,1,1,1,1,1,800106,1000000
2024JP0001664,1,304.62,53,1,6,1,11,13813,138,2000,1,1,1,1,1,800107,1000000
2024JP0001665,1,304.62,43,2,7,1,9,7605,76,6000,4,3,1,1,1,800102,1000000
2024JP0001666,1,304.62,12,2,3,1,1,1761,17,0,0,6,1,5,1,800108,1000000
2024JP0001667,1,304.62,6,1,1,1,6,1244,12,0,0,6,1,5,1,800103,1000000
2024JP0001668,1,304.62,46,2,5,1,10,24808,248,6000,4,1,2,1,1,800100,1000000
2024JP0001669,1,304.62,5,2,4,1,1,2664,26,0,0,6,1,5,1,800100,1000000
2024JP0001670,1,304.62,90,2,2,1,6,6475,64,0,0,6,1,1,1,800100,1000000
2024JP0001671,1,304.62,57,2,6,1,15,64469,501,6000,1,1,1,1,1,800103,1000000
2024JP0001672,1,304.62,37,2,2,1,10,14174,141,5000,1,1,1,2,1,800109,1000000
2024JP0001673,1,304.62,6,1,6,1,3,3840,38,0,0,6,1,5,1,800100,1000000
2024JP0001674,1,304.62,24,2,3,1,11,11241,112,3000,3,1,1,1,1,800100,1000000
2024JP0001675,1,304.62,42,1,2,1,8,7401,74,5000,1,1,1,5,1,800109,1000000
2024JP0001676,1,304.62,19,1,4,1,12,13140,131,7000,3,1,1,1,1,800105,1000000
2024JP0001677,1,304.62,5,2,5,1,6,5299,52,0,0,6,1,5,1,800101,1000000
2024JP0001678,1,304.62,7,2,4,1,2,730,7,0,0,6,1,5,1,800108,1000000
2024JP0001679,1,304.62,23,2,5,1,12,18090,180,7000,1,5,1,5,1,800109,1000000
2024JP0001680,1,304.62,24,2,2,1,18,59384,501,6000,3,1,1,1,1,800107,1000000
2024JP0001681,1,304.62,3,2,1,1,9,4899,48,0,0,6,1,5,1,800100,1000000
2024JP0001682,1,304.62,22,1,4,1,10,23880,238,8000,1,2,1,1,1,800105,1000000
2024JP0001683,1,304.62,10,2,3,1,4,2125,21,0,0,6,1,5,1,800106,1000000
2024JP0001684,1,304.62,23,1,2,1,11,19710,197,8000,6,1,1,1,1,800104,1000000
2024JP0001685,1,304.62,13,1,9,1,3,3482,34,0,0,6,1,5,1,800104,1000000
2024JP0001686,1,304.62,55,2,3,1,5,6894,68,7000,1,2,1,1,1,800103,1000000
2024JP0001687,1,304.62,8,2,2,1,4,1349,13,0,0,6,1,5,1,800103,1000000
2024JP0001688,1,304.62,52,1,3,1,8,7957,79,6000,1,1,1,4,1,800106,1000000
2024JP0001689,1,304.62,54,1,7,1,11,19576,195,7000,4,1,1,2,1,800108,1000000
2024JP0001690,1,304.62,12,1,6,1,3,1986,19,0,0,6,1,5,1,800109,1000000
2024JP0001691,1,304.62,8,2,3,1,4,2885,28,0,0,6,1,5,1,800106,1000000
2024JP0001692,1,304.62,16,2,4,1,11,9540,95,0,0,6,1,5,1,800106,1000000
2024JP0001693,1,304.62,33,1,4,1,13,33810,338,1000,1,1,1,1,1,800106,1000000
2024JP0001694,1,304.62,16,2,4,1,12,3546,35,0,0,6,1,5,1,800105,1000000
2024JP0001695,1,304.62,11,1,3,1,7,1111,11,0,0,6,1,5,1,800100,1000000
2024JP0001696,1,304.62,12,1,5,1,5,5406,54,0,0,6,1,5,1,800109,1000000
2024JP0001697,1,304.62,23,1,7,1,18,48653,486,4000,2,1,1,5,1,800107,1000000
2024JP0001698,1,304.62,47,1,4,1,10,59912,501,5000,4,4,1,1,1,800108,1000000
2024JP0001699,1,304.62,41,1,3,1,9,9711,97,7000,6,1,1,1,1,800103,1000000
2024JP0001700,1,304.62,5,1,3,1,1,2391,23,0,0,6,1,5,1,800102,1000000
2024JP0001701,1,304.62,4,1,6,1,2,5971,59,0,0,6,1,5,1,800108,1000000
2024JP0001702,1,304.62,55,1,4,1,8,15809,158,9800,3,1,1,1,1,800107,1000000
2024JP0001703,1,304.62,3,2,1,1,4,1785,17,0,0,6,1,5,1,800105,1000000
2024JP0001704,1,304.62,28,2,1,1,8,7407,74,7000,3,1,1,5,1,800107,1000000
2024JP0001705,1,304.62,33,2,3,1,5,5493,54,9920,6,1,1,1,1,800106,1000000
2024JP0001706,1,304.62,13,2,4,1,1,885,8,0,0,6,1,5,1,800100,1000000
2024JP0001707,1,304.62,8,2,2,1,3,1963,19,0,0,6,1,5,1,800106,1000000
2024JP0001708,1,304.62,9,1,3,1,4,2358,23,0,0,6,1,5,1,800104,1000000
2024JP0001709,1,304.62,45,1,1,1,8,8568,85,9800,1,1,1,1,1,800104,1000000
2024JP0001710,1,304.62,52,1,6,1,8,1631,16,9800,1,1,1,1,1,800105,1000000
2024JP0001711,1,304.62,18,2,1,1,15,21006,210,1000,1,1,1,5,1,800106,1000000
2024JP0001712,1,304.62,6,1,7,1,2,2943,29,0,0,6,1,5,1,800106,1000000
2024JP0001713,1,304.62,5,1,7,1,8,3123,31,0,0,6,1,5,1,800109,1000000
2024JP0001714,1,304.62,16,1,6,1,18,17553,175,0,0,6,1,5,1,800104,1000000
2024JP0001715,1,304.62,46,2,4,1,12,4727,47,7000,1,1,1,1,1,800104,1000000
2024JP0001716,1,304.62,6,2,1,1,5,1717,17,0,0,6,1,5,1,800104,1000000
2024JP0001717,1,304.62,43,2,4,1,5,7458,74,5000,1,1,1,1,1,800103,1000000
2024JP0001718,1,304.62,28,2,8,1,7,6280,62,9000,3,1,1,5,1,800106,1000000
2024JP0001719,1,304.62,39,1,3,1,9,67760,501,6000,6,1,1,2,1,800104,1000000
2024JP0001720,1,304.62,25,2,6,1,10,6700,67,2000,1,4,1,1,1,800102,1000000
2024JP0001721,1,304.62,25,2,6,1,9,19333,193,1000,3,1,1,5,1,800109,1000000
2024JP0001722,1,304.62,54,2,6,1,9,8268,82,6000,1,3,1,2,1,800106,1000000
2024JP0001723,1,304.62,17,1,2,1,16,11354,113,0,0,6,1,5,1,800109,1000000
2024JP0001724,1,304.62,33,2,6,1,9,40297,402,1000,2,1,1,1,1,800107,1000000
2024JP0001725,1,304.62,0,1,4,1,3,3477,34,0,0,6,1,5,1,800109,1000000
2024JP0001726,1,304.62,23,1,3,1,12,36081,360,2000,3,1,1,1,1,800100,1000000
2024JP0001727,1,304.62,42,2,6,1,7,3242,32,5000,4,1,1,1,1,800106,1000000
2024JP0001728,1,304.62,24,1,5,1,19,13179,131,4000,1,1,1,5,1,800101,1000000
2024JP0001729,1,304.62,11,1,2,1,7,2079,20,0,0,6,5,5,1,800106,1000000
2024JP0001730,1,304.62,10,2,2,1,3,4751,47,0,0,6,1,5,1,800105,1000000
2024JP0001731,1,304.62,2,2,1,1,9,13537,135,0,0,6,1,5,1,800108,1000000
2024JP0001732,1,304.62,21,2,3,1,10,6869,68,5000,6,1,1,5,1,800109,1000000
2024JP0001733,1,304.62,25,2,3,1,14,5805,58,7000,3,1,1,1,1,800105,1000000
2024JP0001734,1,304.62,23,2,2,1,12,17302,173,1000,1,3,1,5,1,800106,1000000
2024JP0001735,1,304.62,26,2,6,1,6,1590,15,9800,4,2,1,1,1,800105,1000000
2024JP0001736,1,304.62,26,2,1,1,6,9410,94,9000,4,1,1,1,1,800107,1000000
2024JP0001737,1,304.62,27,2,9,1,14,14632,146,5000,1,5,1,1,1,800103,1000000
2024JP0001738,1,304.62,93,2,1,1,7,3208,32,0,0,6,5,1,1,800103,1000000
2024JP0001739,1,304.62,9,2,6,1,1,1681,16,0,0,6,1,5,1,800104,1000000
2024JP0001740,1,304.62,10,2,2,1,3,10827,108,0,0,6,1,5,1,800108,1000000
2024JP0001741,1,304.62,21,2,6,1,15,8311,83,5000,3,1,1,5,1,800104,1000000
2024JP0001742,1,304.62,50,2,1,1,9,6961,69,7000,1,1,1,1,1,800105,1000000
2024JP0001743,1,304.62,95,2,2,1,9,9344,93,0,0,6,1,1,1,800101,1000000
2024JP0001744,1,304.62,41,2,2,1,10,27201,272,5000,3,1,1,5,1,800101,1000000
2024JP0001745,1,304.62,55,2,2,1,11,28281,282,5000,4,1,1,1,1,800105,1000000
2024JP0001746,1,304.62,48,1,7,1,5,21470,214,9920,3,2,1,2,1,800103,1000000
2024JP0001747,1,304.62,29,1,3,1,9,15192,151,6000,4,1,1,5,1,800107,1000000
2024JP0001748,1,304.62,40,2,1,1,10,8278,82,7000,3,2,1,1,1,800103,1000000
2024JP0001749,1,304.62,30,2,5,1,7,2300,23,5000,1,1,1,1,1,800100,1000000
2024JP0001750,1,304.62,59,2,7,1,5,7343,73,5000,4,1,1,1,1,800100,1000000
2024JP0001751,1,304.62,25,2,3,1,10,35578,355,5000,1,1,1,1,1,800107,1000000
2024JP0001752,1,304.62,34,1,4,1,8,4952,49,8000,3,1,1,1,1,800106,1000000
2024JP0001753,1,304.62,24,1,6,1,10,21446,214,9000,3,1,1,5,1,800107,1000000
2024JP0001754,1,304.62,10,1,9,1,3,6822,68,0,0,6,1,5,1,800105,1000000
2024JP0001755,1,304.62,20,2,2,1,11,16605,166,6000,6,1,5,5,1,800104,1000000
2024JP0001756,1,304.62,9,2,3,1,4,6998,69,0,0,6,1,5,1,800106,1000000
2024JP0001757,1,304.62,16,2,7,1,13,4938,49,0,0,6,1,5,1,800107,1000000
2024JP0001758,1,304.62,51,2,1,1,7,1552,15,6000,3,1,1,1,1,800109,1000000
2024JP0001759,1,304.62,28,2,1,1,10,47181,471,1000,3,5,1,5,1,800106,1000000
2024JP0001760,1,304.62,48,1,1,1,12,17925,179,2000,3,1,1,1,1,800100,1000000
2024JP0001761,1,304.62,26,1,6,1,15,34963,349,6000,3,1,1,5,1,800108,1000000
2024JP0001762,1,304.62,44,1,3,1,9,14251,142,2000,3,1,1,1,1,800109,1000000
2024JP0001763,1,304.62,59,2,6,1,9,14851,148,1000,1,1,1,5,1,800106,1000000
2024JP0001764,1,304.62,2,1,3,1,2,1408,14,0,0,6,1,5,1,800103,1000000
2024JP0001765,1,304.62,20,2,3,1,16,33024,330,6000,4,1,1,5,1,800109,1000000
2024JP0001766,1,304.62,12,1,1,1,6,1044,10,0,0,6,1,5,1,800102,1000000
2024JP0001767,1,304.62,4,1,2,1,2,3043,30,0,0,6,1,5,1,800109,1000000
2024JP0001768,1,304.62,17,2,1,1,16,15326,153,0,0,6,1,5,1,800101,1000000
2024JP0001769,1,304.62,64,1,3,1,7,5316,53,7000,3,1,1,1,1,800101,1000000
2024JP0001770,1,304.62,18,2,4,1,19,30217,302,1000,2,1,1,5,1,800108,1000000
2024JP0001771,1,304.62,11,2,2,1,2,3702,37,0,0,6,1,5,1,800107,1000000
2024JP0001772,1,304.62,18,1,3,1,18,7456,74,3000,1,1,1,5,1,800108,1000000
2024JP0001773,1,304.62,54,1,1,1,6,9748,97,6000,6,3,1,1,1,800107,1000000
2024JP0001774,1,304.62,12,2,1,1,1,1487,14,0,0,6,1,5,1,800107,1000000
2024JP0001775,1,304.62,35,1,1,1,5,9917,99,6000,4,1,1,2,1,800104,1000000
2024JP0001776,1,304.62,3,2,6,1,5,12994,129,0,0,6,1,5,1,800107,1000000
2024JP0001777,1,304.62,72,1,6,1,6,3297,32,0,0,6,1,1,1,800105,1000000
2024JP0001778,1,304.62,2,2,1,1,3,1329,13,0,0,6,1,5,1,800107,1000000
2024JP0001779,1,304.62,26,1,6,1,15,28459,284,5000,4,1,1,1,1,800105,1000000
2024JP0001780,1,304.62,35,1,5,1,6,14969,149,6000,1,1,1,1,1,800105,1000000
2024JP0001781,1,304.62,62,1,6,1,5,3891,38,8000,1,1,1,1,1,800105,1000000
2024JP0001782,1,304.62,12,2,6,1,1,2980,29,0,0,6,1,5,1,800105,1000000
2024JP0001783,1,304.62,59,1,2,1,9,19254,192,2000,2,1,1,1,1,800103,1000000
2024JP0001784,1,304.62,39,1,2,1,5,2402,24,9000,3,1,1,1,1,800108,1000000
2024JP0001785,1,304.62,16,2,5,1,12,2858,28,0,0,6,1,5,1,800101,1000000
2024JP0001786,1,304.62,62,1,5,1,7,4143,41,8000,6,1,1,1,1,800104,1000000
2024JP0001787,1,304.62,11,2,2,1,3,935,9,0,0,6,1,5,1,800101,1000000
2024JP0001788,1,304.62,93,1,6,1,7,1892,18,0,0,6,1,1,1,800102,1000000
2024JP0001789,1,304.62,40,2,2,1,11,22409,224,7000,1,4,1,1,1,800108,1000000
2024JP0001790,1,304.62,35,1,5,1,9,24508,245,9000,3,4,1,1,1,800102,1000000
2024JP0001791,1,304.62,19,1,3,1,14,3526,35,6000,3,1,1,5,1,800100,1000000
2024JP0001792,1,304.62,37,2,1,1,7,10828,108,7000,3,1,1,1,1,800108,1000000
2024JP0001793,1,304.62,5,1,6,1,6,1518,15,0,0,6,1,5,1,800104,1000000
2024JP0001794,1,304.62,11,1,1,1,4,721,7,0,0,6,1,5,1,800104,1000000
2024JP0001795,1,304.62,14,2,6,1,1,2324,23,0,0,6,1,5,1,800104,1000000
2024JP0001796,1,304.62,41,2,1,1,6,18342,183,6000,1,1,1,1,1,800106,1000000
2024JP0001797,1,304.62,16,2,6,1,14,7942,79,0,0,6,1,5,1,800108,1000000
2024JP0001798,1,304.62,17,1,1,1,14,14493,144,0,0,6,1,5,1,800107,1000000
2024JP0001799,1,304.62,27,1,6,1,11,16198,161,2000,3,1,1,5,1,800109,1000000
2024JP0001800,1,304.62,44,1,2,1,13,70258,501,8000,3,1,1,1,1,800102,1000000
2024JP0001801,1,304.62,9,1,5,1,4,1285,12,0,0,6,1,5,1,800103,1000000
2024JP0001802,1,304.62,14,2,4,1,4,8239,82,0,0,6,1,5,1,800106,1000000
2024JP0001803,1,304.62,17,2,1,1,15,59666,501,0,0,6,1,5,1,800106,1000000
2024JP0001804,1,304.62,44,2,3,1,13,15194,151,9000,1,1,1,1,1,800109,1000000
2024JP0001805,1,304.62,22,2,6,1,14,8228,82,6000,3,1,1,1,1,800107,1000000
2024JP0001806,1,304.62,33,1,3,1,9,30222,302,9800,4,1,1,5,1,800106,1000000
2024JP0001807,1,304.62,14,1,1,1,5,2225,22,0,0,6,1,5,1,800104,1000000
2024JP0001808,1,304.62,57,1,1,1,9,16491,164,9000,1,1,1,2,1,800109,1000000
2024JP0001809,1,304.62,91,2,6,1,6,7448,74,0,0,6,1,2,1,800107,1000000
2024JP0001810,1,304.62,22,1,5,1,18,103601,501,4000,1,2,1,1,1,800107,1000000
2024JP0001811,1,304.62,34,2,1,1,11,8732,87,6000,3,1,1,1,1,800105,1000000
2024JP0001812,1,304.62,37,2,3,1,13,17676,176,5000,1,1,1,1,1,800101,1000000
2024JP0001813,1,304.62,21,2,2,1,11,1293,12,2000,1,1,1,5,1,800102,1000000
2024JP0001814,1,304.62,100,2,2,1,5,522,5,0,0,6,1,1,1,800100,1000000
2024JP0001815,1,304.62,42,1,3,1,12,13496,134,4000,3,2,1,1,1,800106,1000000
2024JP0001816,1,304.62,31,1,1,1,12,26261,262,7000,6,1,1,1,1,800101,1000000
2024JP0001817,1,304.62,15,2,2,1,16,56344,501,0,0,6,1,5,1,800102,1000000
2024JP0001818,1,304.62,41,2,3,1,9,9017,90,5000,3,1,1,1,1,800109,1000000
2024JP0001819,1,304.62,20,2,3,1,15,8387,83,2000,2,1,1,1,1,800105,1000000
2024JP0001820,1,304.62,16,1,1,1,14,1889,18,0,0,6,1,5,1,800104,1000000
2024JP0001821,1,304.62,16,1,6,1,10,3825,38,0,0,6,1,5,1,800105,1000000
2024JP0001822,1,304.62,24,2,2,1,13,4440,44,5000,1,1,1,5,1,800101,1000000
2024JP0001823,1,304.62,4,1,1,1,2,450,4,0,0,6,1,5,1,800102,1000000
2024JP0001824,1,304.62,23,2,4,1,18,63805,501,3000,1,1,1,1,1,800109,1000000
2024JP0001825,1,304.62,48,2,6,1,9,30046,300,2000,1,1,1,1,1,800107,1000000
2024JP0001826,1,304.62,2,1,2,1,6,2565,25,0,0,6,1,5,1,800108,1000000
2024JP0001827,1,304.62,9,1,2,1,2,1796,17,0,0,6,1,5,1,800109,1000000
2024JP0001828,1,304.62,50,1,1,1,12,11681,116,6000,6,5,1,1,1,800102,1000000
2024JP0001829,1,304.62,34,2,6,1,7,3142,31,5000,1,1,1,1,1,800102,1000000
2024JP0001830,1,304.62,16,2,2,1,14,3091,30,0,0,6,1,5,1,800104,1000000
2024JP0001831,1,304.62,26,1,2,1,13,6954,69,6000,3,1,1,5,1,800104,1000000
2024JP0001832,1,304.62,26,2,2,1,9,18307,183,7000,4,2,1,1,1,800104,1000000
2024JP0001833,1,304.62,44,2,6,1,7,2981,29,9800,3,1,1,5,1,800102,1000000
2024JP0001834,1,304.62,31,1,1,1,9,16018,160,7000,1,1,1,1,1,800100,1000000
2024JP0001835,1,304.62,11,1,1,1,2,12489,124,0,0,6,1,5,1,800100,1000000
2024JP0001836,1,304.62,9,2,4,1,4,1079,10,0,0,6,5,5,1,800100,1000000
2024JP0001837,1,304.62,44,1,2,1,8,19494,194,9920,3,1,1,1,1,800105,1000000
2024JP0001838,1,304.62,30,1,3,1,14,17568,175,6000,6,1,1,1,1,800105,1000000
2024JP0001839,1,304.62,3,2,9,1,5,9443,94,0,0,6,1,5,1,800109,1000000
2024JP0001840,1,304.62,70,1,4,1,7,3950,39,9920,1,1,1,2,1,800109,1000000
2024JP0001841,1,304.62,31,2,3,1,12,18428,184,9000,4,1,1,5,1,800100,1000000
2024JP0001842,1,304.62,18,2,1,1,12,4916,49,6000,4,1,1,5,1,800109,1000000
2024JP0001843,1,304.62,41,2,4,1,12,23770,237,9000,4,1,1,1,1,800100,1000000
2024JP0001844,1,304.62,83,1,1,1,6,600,6,0,0,6,1,1,1,800106,1000000
2024JP0001845,1,304.62,17,2,3,1,13,11209,112,0,0,6,1,5,1,800101,1000000
2024JP0001846,1,304.62,42,2,1,1,7,2437,24,9800,4,1,1,1,1,800100,1000000
2024JP0001847,1,304.62,13,2,5,1,1,5213,52,0,0,6,1,5,1,800100,1000000
2024JP0001848,1,304.62,31,1,7,1,9,36810,368,3000,1,1,1,1,1,800109,1000000
2024JP0001849,1,304.62,22,1,6,1,16,43218,432,2000,3,4,1,5,1,800108,1000000
2024JP0001850,1,304.62,30,1,3,1,13,18780,187,4000,1,1,1,1,1,800106,1000000
2024JP0001851,1,304.62,0,2,4,1,4,3450,34,0,0,6,1,5,1,800106,1000000
2024JP0001852,1,304.62,42,1,4,1,9,21828,218,5000,3,1,1,1,1,800102,1000000
2024JP0001853,1,304.62,4,2,2,1,1,1187,11,0,0,6,1,5,1,800101,1000000
2024JP0001854,1,304.62,32,2,1,1,14,15792,157,2000,2,2,1,1,1,800102,1000000
2024JP0001855,1,304.62,1,2,3,1,1,1863,18,0,0,6,1,5,1,800104,1000000
2024JP0001856,1,304.62,1,1,5,1,5,6448,64,0,0,6,1,5,1,800105,1000000
2024JP0001857,1,304.62,37,1,5,1,9,17950,179,6000,4,2,1,2,1,800103,1000000
2024JP0001858,1,304.62,32,2,1,1,6,9489,94,6000,1,1,1,1,1,800104,1000000
2024JP0001859,1,304.62,38,1,2,1,5,21942,219,7000,3,1,1,1,1,800108,1000000
2024JP0001860,1,304.62,28,2,3,1,10,6414,64,8000,6,1,1,5,1,800109,1000000
2024JP0001861,1,304.62,36,2,4,1,5,9473,94,5000,4,1,1,1,1,800101,1000000
2024JP0001862,1,304.62,44,2,4,1,9,33488,334,6000,3,3,1,1,1,800105,1000000
2024JP0001863,1,304.62,19,1,9,1,19,38600,386,1000,3,1,1,5,1,800103,1000000
2024JP0001864,1,304.62,54,1,7,1,14,22113,221,7000,3,1,1,1,1,800101,1000000
2024JP0001865,1,304.62,79,1,3,1,7,3236,32,0,0,6,1,5,1,800108,1000000
2024JP0001866,1,304.62,22,2,2,1,14,4739,47,9000,4,5,1,1,1,800100,1000000
2024JP0001867,1,304.62,32,1,2,1,8,2481,24,6000,1,1,1,1,1,800104,1000000
2024JP0001868,1,304.62,53,2,7,1,9,36674,366,6000,3,1,1,1,1,800100,1000000
2024JP0001869,1,304.62,0,1,4,1,4,1027,10,0,0,6,1,5,1,800105,1000000
2024JP0001870,1,304.62,40,1,2,1,7,6538,65,7000,3,1,1,1,1,800100,1000000
2024JP0001871,1,304.62,19,1,7,1,12,7864,78,5000,3,1,1,5,1,800104,1000000
2024JP0001872,1,304.62,17,1,4,1,17,16613,166,0,0,6,1,5,1,800104,1000000
2024JP0001873,1,304.62,12,2,1,1,7,4193,41,0,0,6,1,5,1,800106,1000000
2024JP0001874,1,304.62,26,2,6,1,8,11220,112,9920,3,1,1,5,1,800106,1000000
2024JP0001875,1,304.62,20,2,2,1,18,6635,66,5000,4,2,1,1,1,800100,1000000
2024JP0001876,1,304.62,41,2,4,1,6,9735,97,8000,4,1,1,2,1,800104,1000000
2024JP0001877,1,304.62,24,1,7,1,14,19778,197,6000,6,1,1,1,1,800106,1000000
2024JP0001878,1,304.62,17,2,4,1,14,6010,60,0,0,6,1,5,1,800107,1000000
2024JP0001879,1,304.62,48,1,6,1,9,34868,348,9000,4,1,1,2,1,800108,1000000
2024JP0001880,1,304.62,41,2,4,1,11,10401,104,9000,3,4,1,1,1,800100,1000000
2024JP0001881,1,304.62,45,1,1,1,8,10080,100,9800,1,1,1,2,1,800109,1000000
2024JP0001882,1,304.62,10,1,1,1,5,2326,23,0,0,6,1,5,1,800102,1000000
2024JP0001883,1,304.62,26,1,2,1,6,6905,69,5000,1,1,1,1,1,800106,1000000
2024JP0001884,1,304.62,4,1,2,1,1,545,5,0,0,6,1,5,1,800100,1000000
2024JP0001885,1,304.62,0,1,1,1,4,1254,12,0,0,6,1,5,1,800109,1000000
2024JP0001886,1,304.62,85,1,1,1,9,6873,68,0,0,6,1,1,1,800105,1000000
2024JP0001887,1,304.62,14,1,3,1,1,3611,36,0,0,6,1,5,2,800106,1000000
2024JP0001888,1,304.62,29,1,1,1,15,31520,315,1000,2,1,1,1,1,800105,1000000
2024JP0001889,1,304.62,19,2,1,1,14,5851,58,5000,3,1,1,5,2,800100,1000000
2024JP0001890,1,304.62,50,1,2,1,7,2847,28,8000,1,1,1,5,1,800104,1000000
2024JP0001891,1,304.62,13,2,2,1,3,6121,61,0,0,6,1,5,1,800103,1000000
2024JP0001892,1,304.62,6,2,2,1,3,3130,31,0,0,6,1,5,1,800102,1000000
2024JP0001893,1,304.62,11,1,4,1,9,4475,44,0,0,6,1,5,1,800100,1000000
2024JP0001894,1,304.62,17,1,1,1,12,5542,55,0,0,6,1,5,1,800105,1000000
2024JP0001895,1,304.62,24,2,5,1,17,506230,501,4000,1,1,1,1,1,800101,1000000
2024JP0001896,1,304.62,98,2,1,1,9,2351,23,0,0,6,1,2,1,800101,1000000
2024JP0001897,1,304.62,73,2,2,1,6,4262,42,0,0,6,1,1,1,800101,1000000
2024JP0001898,1,304.62,31,1,6,1,6,13195,131,9800,3,3,1,1,1,800100,1000000
2024JP0001899,1,304.62,6,1,3,1,5,10371,103,0,0,6,1,5,1,800101,1000000
2024JP0001900,1,304.62,33,1,1,1,13,14496,144,7000,1,1,1,1,1,800109,1000000
2024JP0001901,1,304.62,40,2,5,1,8,4923,49,6000,1,1,1,1,1,800106,1000000
2024JP0001902,1,304.62,28,2,1,1,10,14933,149,6000,4,2,1,1,1,800106,1000000
2024JP0001903,1,304.62,11,2,6,1,8,1900,19,0,0,6,1,5,1,800109,1000000
2024JP0001904,1,304.62,34,1,1,1,5,22167,221,7000,1,1,1,1,1,800105,1000000
2024JP0001905,1,304.62,33,1,2,1,12,27438,274,7000,1,3,1,3,1,800100,1000000
2024JP0001906,1,304.62,56,2,8,1,8,19315,193,8000,6,1,1,1,1,800101,1000000
2024JP0001907,1,304.62,23,2,6,1,11,7923,79,7000,4,1,1,5,1,800107,1000000
2024JP0001908,1,304.62,16,2,6,1,19,14401,144,0,0,6,1,5,1,800100,1000000
2024JP0001909,1,304.62,15,2,2,1,17,23654,236,0,0,6,1,5,1,800102,1000000
2024JP0001910,1,304.62,2,1,4,1,3,1745,17,0,0,6,1,5,1,800100,1000000
2024JP0001911,1,304.62,21,1,3,1,11,3339,33,8000,1,1,1,5,1,800106,1000000
2024JP0001912,1,304.62,22,1,6,1,13,15074,150,6000,1,1,1,1,1,800104,1000000
2024JP0001913,1,304.62,22,1,2,1,13,6470,64,2000,1,1,1,5,1,800102,1000000
2024JP0001914,1,304.62,39,2,4,1,11,19951,199,2000,1,1,1,1,1,800105,1000000
2024JP0001915,1,304.62,46,1,1,1,5,5549,55,9800,1,5,1,5,1,800107,1000000
2024JP0001916,1,304.62,9,1,1,1,3,6974,69,0,0,6,1,5,1,800101,1000000
2024JP0001917,1,304.62,27,2,3,1,7,14330,143,5000,1,2,1,1,1,800103,1000000
2024JP0001918,1,304.62,53,2,6,1,9,15892,158,7000,1,1,1,2,1,800109,1000000
2024JP0001919,1,304.62,12,2,1,1,5,4007,40,0,0,6,1,5,1,800106,1000000
2024JP0001920,1,304.62,24,1,3,1,18,16383,163,3000,1,1,1,5,1,800100,1000000
2024JP0001921,1,304.62,40,1,4,1,13,24656,246,7000,3,5,1,1,1,800104,1000000
2024JP0001922,1,304.62,87,1,4,1,8,4957,49,0,0,6,1,1,1,800109,1000000
2024JP0001923,1,304.62,42,1,1,1,5,4990,49,9000,6,1,1,1,1,800104,1000000
2024JP0001924,1,304.62,0,1,6,1,4,2701,27,0,0,6,1,5,1,800104,1000000
2024JP0001925,1,304.62,33,2,3,1,11,12047,120,6000,1,2,1,1,1,800108,1000000
2024JP0001926,1,304.62,32,1,1,1,9,19415,194,6000,3,5,1,1,1,800106,1000000
2024JP0001927,1,304.62,6,1,2,1,4,3220,32,0,0,6,1,5,1,800104,1000000
2024JP0001928,1,304.62,41,1,2,1,6,5899,58,5000,3,1,1,1,1,800100,1000000
2024JP0001929,1,304.62,37,1,1,1,11,45630,456,8000,1,1,1,1,1,800105,1000000
2024JP0001930,1,304.62,7,1,5,1,4,573,5,0,0,6,1,5,1,800108,1000000
2024JP0001931,1,304.62,18,1,4,1,14,8621,86,5000,1,1,1,5,1,800100,1000000
2024JP0001932,1,304.62,56,1,1,1,6,7321,73,9920,1,1,1,1,1,800108,1000000
2024JP0001933,1,304.62,10,1,4,1,3,497,4,0,0,6,1,5,1,800103,1000000
2024JP0001934,1,304.62,6,1,1,1,5,1916,19,0,0,6,1,5,1,800106,1000000
2024JP0001935,1,304.62,25,2,7,1,6,3637,36,9920,3,1,1,1,1,800109,1000000
2024JP0001936,1,304.62,25,2,7,1,5,1137,11,9000,3,2,1,5,1,800103,1000000
2024JP0001937,1,304.62,27,2,1,1,9,15740,157,6000,1,5,1,1,1,800102,1000000
2024JP0001938,1,304.62,46,2,3,1,7,5882,58,5000,1,5,1,1,1,800107,1000000
2024JP0001939,1,304.62,15,1,1,1,12,8081,80,0,0,6,1,5,1,800109,1000000
2024JP0001940,1,304.62,53,1,6,1,6,1845,18,5000,1,1,1,2,1,800103,1000000
2024JP0001941,1,304.62,74,2,1,1,5,3252,32,0,0,6,1,1,1,800103,1000000
2024JP0001942,1,304.62,41,1,1,1,6,5607,56,5000,3,1,1,1,1,800108,1000000
2024JP0001943,1,304.62,31,2,7,1,9,28626,286,6000,4,5,1,1,1,800105,1000000
2024JP0001944,1,304.62,59,1,6,1,9,6670,66,4000,2,4,1,2,1,800102,1000000
2024JP0001945,1,304.62,18,2,1,1,13,10344,103,9000,1,1,1,1,1,800102,1000000
2024JP0001946,1,304.62,35,2,2,1,9,10428,104,7000,4,3,1,1,1,800105,1000000
2024JP0001947,1,304.62,48,2,2,1,12,20876,208,2000,1,1,1,1,1,800101,1000000
2024JP0001948,1,304.62,1,1,1,1,1,3049,30,0,0,6,1,5,1,800100,1000000
2024JP0001949,1,304.62,45,1,4,1,8,6551,65,9000,3,1,1,2,1,800103,1000000
2024JP0001950,1,304.62,41,2,6,1,9,16314,163,9800,1,1,1,1,1,800106,1000000
2024JP0001951,1,304.62,3,2,4,1,6,5292,52,0,0,6,1,5,1,800101,1000000
2024JP0001952,1,304.62,31,1,8,1,9,8139,81,3000,3,2,1,1,1,800101,1000000
2024JP0001953,1,304.62,56,1,5,1,5,2996,29,9000,1,3,1,3,1,800108,1000000
2024JP0001954,1,304.62,9,2,1,1,4,5411,54,0,0,6,1,5,1,800100,1000000
2024JP0001955,1,304.62,29,2,5,1,12,36745,367,6000,4,1,1,1,1,800109,1000000
2024JP0001956,1,304.62,30,1,6,1,9,20909,209,7000,3,1,1,1,1,800101,1000000
2024JP0001957,1,304.62,1,1,1,1,6,3288,32,0,0,6,1,5,1,800107,1000000
2024JP0001958,1,304.62,25,1,2,1,8,6345,63,5000,1,1,1,1,1,800109,1000000
2024JP0001959,1,304.62,26,1,1,1,10,5795,57,2000,1,1,1,1,1,800103,1000000
2024JP0001960,1,304.62,29,1,2,1,10,7218,72,6000,4,1,1,5,1,800104,1000000
2024JP0001961,1,304.62,30,2,3,1,6,23967,239,9800,3,1,1,1,1,800101,1000000
2024JP0001962,1,304.62,51,1,2,1,9,25945,259,5000,6,1,1,1,1,800108,1000000
2024JP0001963,1,304.62,21,2,6,1,16,19314,193,6000,4,2,1,5,1,800101,1000000
2024JP0001964,1,304.62,45,2,6,1,5,21321,213,7000,6,2,1,1,1,800102,1000000
2024JP0001965,1,304.62,29,2,6,1,5,10280,102,6000,1,5,1,5,1,800102,1000000
2024JP0001966,1,304.62,14,1,1,1,7,2231,22,0,0,6,1,5,1,800103,1000000
2024JP0001967,1,304.62,58,2,1,1,7,6196,61,5000,1,1,1,2,1,800102,1000000
2024JP0001968,1,304.62,38,1,6,1,7,19625,196,5000,3,1,1,1,1,800103,1000000
2024JP0001969,1,304.62,57,1,6,1,13,15516,155,9800,3,1,1,5,1,800108,1000000
2024JP0001970,1,304.62,18,2,5,1,12,4030,40,9800,3,4,1,1,1,800103,1000000
2024JP0001971,1,304.62,18,1,1,1,13,3496,34,7000,4,1,1,5,1,800103,1000000
2024JP0001972,1,304.62,2,1,9,1,2,1615,16,0,0,6,1,5,1,800106,1000000
2024JP0001973,1,304.62,16,2,3,1,14,6075,60,0,0,6,1,5,1,800107,1000000
2024JP0001974,1,304.62,5,1,4,1,3,1276,12,0,0,6,1,5,1,800106,1000000
2024JP0001975,1,304.62,28,1,1,1,10,11737,117,6000,1,2,1,1,1,800108,1000000
2024JP0001976,1,304.62,8,1,3,1,3,2330,23,0,0,6,1,5,1,800100,1000000
2024JP0001977,1,304.62,57,2,1,1,5,6977,69,5000,3,1,1,1,1,800108,1000000
2024JP0001978,1,304.62,23,1,7,1,14,22514,225,2000,1,1,1,1,1,800106,1000000
2024JP0001979,1,304.62,42,2,2,1,7,4736,47,8000,1,1,1,5,1,800109,1000000
2024JP0001980,1,304.62,73,1,6,1,7,2325,23,0,0,6,1,2,1,800103,1000000
2024JP0001981,1,304.62,3,2,1,1,8,1678,16,0,0,6,1,5,1,800107,1000000
2024JP0001982,1,304.62,59,1,4,1,5,8851,88,9800,1,1,1,1,1,800102,1000000
2024JP0001983,1,304.62,55,2,9,1,12,22291,222,6000,1,1,1,1,1,800109,1000000
2024JP0001984,1,304.62,23,1,6,1,15,90071,501,5000,1,1,1,1,1,800101,1000000
2024JP0001985,1,304.62,11,1,2,1,6,4826,48,0,0,6,1,5,1,800108,1000000
2024JP0001986,1,304.62,12,2,4,1,5,1488,14,0,0,6,1,5,1,800108,1000000
2024JP0001987,1,304.62,56,1,2,1,10,17384,173,6000,3,1,1,1,1,800106,1000000
2024JP0001988,1,304.62,52,1,1,1,8,4400,44,8000,3,1,1,1,1,800106,1000000
2024JP0001989,1,304.62,51,2,5,1,8,2493,24,9000,3,1,1,2,1,800107,1000000
2024JP0001990,1,304.62,50,2,1,1,6,2176,21,5000,3,1,1,1,1,800108,1000000
2024JP0001991,1,304.62,40,2,6,1,12,5247,52,5000,1,1,1,1,1,800108,1000000
2024JP0001992,1,304.62,68,1,5,1,5,2769,27,5000,1,1,1,1,1,800104,1000000
2024JP0001993,1,304.62,53,1,4,1,5,2677,26,9920,3,1,1,2,1,800105,1000000
2024JP0001994,1,304.62,31,2,4,1,8,6430,64,9800,6,1,1,1,1,800108,1000000
2024JP0001995,1,304.62,30,1,6,1,6,2547,25,7000,3,3,1,2,1,800105,1000000
2024JP0001996,1,304.62,20,1,3,1,18,10362,103,5000,3,1,1,5,1,800107,1000000
2024JP0001997,1,304.62,32,2,6,1,8,26044,260,6000,3,1,1,1,1,800107,1000000
2024JP0001998,1,304.62,4,1,1,1,1,4383,43,0,0,6,1,5,1,800103,1000000
2024JP0001999,1,304.62,0,2,1,1,1,1348,13,0,0,6,1,5,1,800108,1000000
2024JP0002000,1,304.62,32,1,2,1,10,91745,501,2000,2,1,1,1,1,800105,1000000
2024JP0002001,1,304.62,21,2,5,1,13,12271,122,1000,1,1,1,5,1,800100,1000000
2024JP0002002,1,304.62,32,1,5,1,10,40330,403,2000,1,1,1,1,1,800106,1000000
2024JP0002003,1,304.62,40,2,1,1,13,15027,150,5000,1,1,1,1,1,800101,1000000
2024JP0002004,1,304.62,36,2,3,1,6,3793,37,9800,6,1,1,1,1,800101,1000000
2024JP0002005,1,304.62,34,1,1,1,15,92274,501,5000,6,1,1,1,1,800105,1000000
2024JP0002006,1,304.62,35,1,2,1,12,20611,206,1000,1,5,1,1,1,800108,1000000
2024JP0002007,1,304.62,25,1,5,1,5,4246,42,9920,6,1,1,1,1,800103,1000000
2024JP0002008,1,304.62,6,2,1,1,4,1501,15,0,0,6,1,5,1,800101,1000000
2024JP0002009,1,304.62,41,2,2,1,11,51899,501,5000,3,1,1,1,1,800102,1000000
2024JP0002010,1,304.62,18,1,5,1,14,1160,11,7000,3,2,1,5,1,800108,1000000
2024JP0002011,1,304.62,2,2,2,1,4,2189,21,0,0,6,1,5,1,800101,1000000
2024JP0002012,1,304.62,27,1,3,1,6,4803,48,7000,1,1,1,1,1,800109,1000000
2024JP0002013,1,304.62,20,1,7,1,13,6858,68,2000,1,1,1,5,1,800101,1000000
2024JP0002014,1,304.62,4,1,5,1,5,2706,27,0,0,6,1,5,1,800100,1000000
2024JP0002015,1,304.62,17,1,4,1,16,10981,109,0,0,6,1,5,1,800101,1000000
2024JP0002016,1,304.62,36,1,7,1,9,11250,112,6000,1,1,1,1,1,800108,1000000
2024JP0002017,1,304.62,31,1,5,1,10,147855,501,8000,1,4,1,1,1,800100,1000000
2024JP0002018,1,304.62,49,2,1,1,7,14959,149,9800,1,1,1,5,1,800101,1000000
2024JP0002019,1,304.62,37,2,1,1,7,6028,60,5000,1,1,1,1,1,800109,1000000
2024JP0002020,1,304.62,26,2,1,1,9,17433,174,6000,1,1,1,1,1,800102,1000000
2024JP0002021,1,304.62,25,2,4,1,8,512,5,5000,3,1,1,5,1,800104,1000000
2024JP0002022,1,304.62,32,1,1,1,8,3719,37,7000,1,5,1,1,1,800109,1000000
2024JP0002023,1,304.62,13,2,1,1,8,1015,10,0,0,6,1,5,1,800102,1000000
2024JP0002024,1,304.62,23,2,4,1,18,16394,163,1000,1,1,1,1,1,800105,1000000
2024JP0002025,1,304.62,35,2,4,1,12,13315,133,5000,6,1,1,1,1,800105,1000000
2024JP0002026,1,304.62,56,1,2,1,11,19742,197,6000,3,1,1,5,1,800101,1000000
2024JP0002027,1,304.62,27,2,4,1,12,10131,101,7000,1,1,1,1,1,800103,1000000
2024JP0002028,1,304.62,73,1,6,1,7,1490,14,0,0,6,1,5,1,800109,1000000
2024JP0002029,1,304.62,25,1,6,1,9,28834,288,6000,1,2,1,1,1,800107,1000000
2024JP0002030,1,304.62,46,2,1,1,13,6228,62,6000,3,1,1,1,1,800108,1000000
2024JP0002031,1,304.62,37,1,1,1,5,4331,43,9800,1,1,1,1,1,800102,1000000
2024JP0002032,1,304.62,1,2,3,1,3,4356,43,0,0,6,1,5,1,800109,1000000
2024JP0002033,1,304.62,35,1,4,1,6,10394,103,9800,1,1,1,1,1,800102,1000000
2024JP0002034,1,304.62,7,2,3,1,3,4711,47,0,0,6,1,5,1,800107,1000000
2024JP0002035,1,304.62,15,1,7,1,17,11213,112,0,0,6,1,5,1,800108,1000000
2024JP0002036,1,304.62,29,2,2,1,8,3854,38,9800,1,1,1,1,1,800104,1000000
2024JP0002037,1,304.62,33,1,7,1,7,2160,21,8000,6,1,1,5,1,800108,1000000
2024JP0002038,1,304.62,43,2,2,1,5,13203,132,8000,3,1,1,1,1,800103,1000000
2024JP0002039,1,304.62,31,1,1,1,10,17154,171,3000,2,1,1,1,1,800100,1000000
2024JP0002040,1,304.62,30,1,6,1,8,4052,40,6000,3,1,1,1,1,800101,1000000
2024JP0002041,1,304.62,37,2,7,1,5,10604,106,6000,6,1,1,1,1,800107,1000000
2024JP0002042,1,304.62,66,2,6,1,7,5521,55,9800,3,1,1,1,1,800103,1000000
2024JP0002043,1,304.62,38,1,4,1,7,19006,190,9920,4,1,1,1,1,800109,1000000
2024JP0002044,1,304.62,2,2,2,1,2,1201,12,0,0,6,1,5,1,800105,1000000
2024JP0002045,1,304.62,61,1,7,1,5,4238,42,7000,3,1,1,5,1,800105,1000000
2024JP0002046,1,304.62,5,1,4,1,2,3365,33,0,0,6,1,5,1,800100,1000000
2024JP0002047,1,304.62,8,1,7,1,4,2614,26,0,0,6,1,5,1,800100,1000000
2024JP0002048,1,304.62,23,2,8,1,14,3618,36,2000,1,3,1,5,1,800100,1000000
2024JP0002049,1,304.62,28,2,8,1,5,8222,82,7000,6,1,1,5,1,800104,1000000
2024JP0002050,1,304.62,58,1,6,1,11,41456,414,2000,3,1,1,1,1,800103,1000000
2024JP0002051,1,304.62,19,2,1,1,14,3525,35,2000,3,3,1,1,1,800104,1000000
2024JP0002052,1,304.62,35,2,1,1,10,17632,176,2000,1,1,1,1,1,800102,1000000
2024JP0002053,1,304.62,39,2,6,1,11,10669,106,2000,1,1,1,1,1,800102,1000000
2024JP0002054,1,304.62,80,1,2,1,6,4891,48,0,0,6,1,1,1,800102,1000000
2024JP0002055,1,304.62,17,2,2,1,15,16986,169,0,0,6,1,5,1,800107,1000000
2024JP0002056,1,304.62,35,1,5,1,11,41177,411,6000,4,2,1,1,1,800108,1000000
2024JP0002057,1,304.62,34,1,4,1,13,17340,173,3000,3,1,1,1,1,800103,1000000
2024JP0002058,1,304.62,5,1,1,1,4,1516,15,0,0,6,1,5,1,800105,1000000
2024JP0002059,1,304.62,21,2,1,1,14,7017,70,1000,1,1,1,5,1,800105,1000000
2024JP0002060,1,304.62,41,2,6,1,12,23254,232,8000,4,2,1,1,1,800100,1000000
2024JP0002061,1,304.62,4,2,4,1,1,578,5,0,0,6,1,5,1,800102,1000000
2024JP0002062,1,304.62,56,1,1,1,6,4267,42,9000,3,1,1,1,1,800103,1000000
2024JP0002063,1,304.62,34,2,5,1,7,13975,139,9000,6,1,1,1,1,800106,1000000
2024JP0002064,1,304.62,21,1,3,1,13,5998,59,8000,3,1,1,5,1,800100,1000000
2024JP0002065,1,304.62,9,2,2,1,5,848,8,0,0,6,1,5,1,800103,1000000
2024JP0002066,1,304.62,44,2,2,1,8,22852,228,9920,1,5,1,1,1,800105,1000000
2024JP0002067,1,304.62,36,2,1,1,5,3703,37,9000,3,1,1,1,1,800107,1000000
2024JP0002068,1,304.62,17,1,5,1,12,2172,21,0,0,6,1,5,1,800108,1000000
2024JP0002069,1,304.62,44,1,3,1,9,17783,177,8000,4,1,1,1,1,800103,1000000
2024JP0002070,1,304.62,25,1,3,1,13,4843,48,5000,1,1,1,5,1,800105,1000000
2024JP0002071,1,304.62,37,2,4,1,6,7850,78,9920,3,1,1,1,1,800101,1000000
2024JP0002072,1,304.62,7,1,3,1,4,1660,16,0,0,6,1,5,1,800101,1000000
2024JP0002073,1,304.62,35,1,6,1,14,14733,147,7000,6,5,1,1,1,800106,1000000
2024JP0002074,1,304.62,14,1,1,1,9,13834,138,0,0,6,1,5,1,800100,1000000
2024JP0002075,1,304.62,47,1,3,1,6,10738,107,9000,1,4,1,1,1,800102,1000000
2024JP0002076,1,304.62,24,2,6,1,17,24846,248,2000,1,5,1,1,1,800103,1000000
2024JP0002077,1,304.62,42,2,5,1,8,8638,86,6000,1,1,1,1,1,800109,1000000
2024JP0002078,1,304.62,37,1,1,1,12,5528,55,6000,3,1,1,1,1,800103,1000000
2024JP0002079,1,304.62,20,1,4,1,12,3578,35,9800,1,1,1,5,1,800108,1000000
2024JP0002080,1,304.62,91,1,1,1,5,973,9,0,0,6,1,1,1,800100,1000000
2024JP0002081,1,304.62,38,2,3,1,9,28804,288,7000,4,5,1,1,1,800101,1000000
2024JP0002082,1,304.62,47,2,1,1,6,5736,57,9800,3,1,1,2,1,800102,1000000
2024JP0002083,1,304.62,14,2,5,1,6,3011,30,0,0,6,1,5,1,800107,1000000
2024JP0002084,1,304.62,14,1,1,1,5,1947,19,0,0,6,1,5,1,800104,1000000
2024JP0002085,1,304.62,59,1,4,1,6,5759,57,5000,3,2,1,1,1,800105,1000000
2024JP0002086,1,304.62,33,2,6,1,9,17264,172,2000,2,2,1,5,1,800105,1000000
2024JP0002087,1,304.62,36,2,2,1,6,9017,90,9800,1,1,1,5,1,800104,1000000
2024JP0002088,1,304.62,28,1,7,1,10,14278,142,9000,1,1,1,1,1,800107,1000000
2024JP0002089,1,304.62,97,2,6,1,5,5237,52,0,0,6,1,1,1,800105,1000000
2024JP0002090,1,304.62,25,2,4,1,8,8522,85,5000,1,1,1,5,1,800107,1000000
2024JP0002091,1,304.62,25,2,2,1,8,3433,34,6000,6,1,1,5,1,800106,1000000
2024JP0002092,1,304.62,69,2,6,1,6,1155,11,7000,1,1,1,2,1,800105,1000000
2024JP0002093,1,304.62,8,1,6,1,1,9559,95,0,0,6,1,5,1,800103,1000000
2024JP0002094,1,304.62,49,1,1,1,9,13549,135,7000,1,1,5,1,1,800102,1000000
2024JP0002095,1,304.62,19,1,1,1,13,11196,111,9000,3,4,1,5,1,800104,1000000
2024JP0002096,1,304.62,33,2,3,1,6,4109,41,9920,1,1,1,1,1,800108,1000000
2024JP0002097,1,304.62,6,1,8,1,6,4306,43,0,0,6,1,5,1,800109,1000000
2024JP0002098,1,304.62,88,1,4,1,8,4132,41,0,0,6,1,1,1,800105,1000000
2024JP0002099,1,304.62,7,2,5,1,4,883,8,0,0,6,1,5,1,800100,1000000
2024JP0002100,1,304.62,23,1,1,1,11,14835,148,2000,2,2,1,1,1,800109,1000000
2024JP0002101,1,304.62,38,2,5,1,12,25600,256,6000,4,1,1,3,1,800104,1000000
2024JP0002102,1,304.62,6,2,2,1,3,2031,20,0,0,6,1,5,1,800102,1000000
2024JP0002103,1,304.62,24,1,5,1,14,7967,79,8000,3,1,1,1,1,800102,1000000
2024JP0002104,1,304.62,28,1,4,1,13,4232,42,6000,6,1,1,5,1,800102,1000000
2024JP0002105,1,304.62,44,2,2,1,5,12130,121,9000,1,1,1,1,1,800105,1000000
2024JP0002106,1,304.62,42,1,1,1,8,2519,25,8000,3,3,1,1,1,800106,1000000
2024JP0002107,1,304.62,25,1,2,1,10,6584,65,7000,4,5,1,5,1,800103,1000000
2024JP0002108,1,304.62,18,2,3,1,18,17159,171,2000,2,4,1,5,1,800109,1000000
2024JP0002109,1,304.62,22,2,4,1,14,18305,183,7000,1,1,1,1,1,800100,1000000
2024JP0002110,1,304.62,22,1,1,1,19,73717,501,3000,2,4,1,5,1,800102,1000000
2024JP0002111,1,304.62,63,2,1,1,7,2795,27,9000,1,1,1,1,1,800100,1000000
2024JP0002112,1,304.62,95,2,5,1,6,7250,72,0,0,6,1,2,1,800108,1000000
2024JP0002113,1,304.62,4,2,6,1,1,960,9,0,0,6,1,5,1,800107,1000000
2024JP0002114,1,304.62,49,1,1,1,6,3994,39,9800,3,1,1,1,1,800104,1000000
2024JP0002115,1,304.62,37,2,6,1,5,13393,133,9920,1,3,1,1,1,800101,1000000
2024JP0002116,1,304.62,28,1,3,1,13,12128,121,3000,1,1,1,5,1,800107,1000000
2024JP0002117,1,304.62,21,1,6,1,14,14847,148,8000,4,1,1,5,1,800104,1000000
2024JP0002118,1,304.62,17,2,1,1,16,30227,302,0,0,6,1,5,1,800103,1000000
2024JP0002119,1,304.62,6,1,2,1,1,7437,74,0,0,6,1,5,1,800101,1000000
2024JP0002120,1,304.62,6,1,5,1,4,1217,12,0,0,6,1,5,1,800107,1000000
2024JP0002121,1,304.62,0,1,9,1,7,8956,89,0,0,6,1,5,1,800109,1000000
2024JP0002122,1,304.62,40,2,4,1,7,2150,21,5000,1,1,1,1,1,800106,1000000
2024JP0002123,1,304.62,21,2,5,1,10,44595,445,5000,4,5,1,5,1,800105,1000000
2024JP0002124,1,304.62,12,1,6,1,3,2546,25,0,0,6,1,5,1,800104,1000000
2024JP0002125,1,304.62,18,1,3,1,15,14795,147,3000,1,1,1,5,1,800103,1000000
2024JP0002126,1,304.62,10,2,8,1,6,2424,24,0,0,6,1,5,1,800103,1000000
2024JP0002127,1,304.62,54,2,6,1,8,15998,159,9920,4,3,1,1,1,800100,1000000
2024JP0002128,1,304.62,42,2,2,1,8,3091,30,7000,6,1,1,1,1,800102,1000000
2024JP0002129,1,304.62,18,2,1,1,13,3360,33,5000,3,1,1,5,1,800109,1000000
2024JP0002130,1,304.62,10,2,2,1,4,673,6,0,0,6,1,5,1,800108,1000000
2024JP0002131,1,304.62,52,1,1,1,11,15703,157,6000,3,1,1,2,1,800105,1000000
2024JP0002132,1,304.62,51,2,4,1,8,4623,46,8000,1,1,1,1,1,800102,1000000
2024JP0002133,1,304.62,19,1,5,1,12,5299,52,7000,1,1,1,5,1,800106,1000000
2024JP0002134,1,304.62,21,2,6,1,14,3532,35,4000,1,1,1,5,1,800109,1000000
2024JP0002135,1,304.62,9,1,2,1,2,2083,20,0,0,6,1,5,1,800109,1000000
2024JP0002136,1,304.62,16,1,3,1,13,2395,23,0,0,6,1,5,1,800101,1000000
2024JP0002137,1,304.62,15,2,8,1,13,3171,31,0,0,6,1,5,1,800100,1000000
2024JP0002138,1,304.62,30,1,5,1,7,1248,12,5000,4,5,5,1,1,800103,1000000
2024JP0002139,1,304.62,43,1,7,1,6,1683,16,9920,4,1,1,1,1,800106,1000000
2024JP0002140,1,304.62,7,1,2,1,7,3365,33,0,0,6,1,5,1,800100,1000000
2024JP0002141,1,304.62,29,1,5,1,5,6374,63,9800,3,1,1,5,1,800100,1000000
2024JP0002142,1,304.62,69,2,2,1,7,13975,139,9000,4,1,1,2,1,800104,1000000
2024JP0002143,1,304.62,9,1,6,1,2,3715,37,0,0,6,1,5,1,800105,1000000
2024JP0002144,1,304.62,24,1,5,1,13,19905,199,9000,6,1,1,1,1,800108,1000000
2024JP0002145,1,304.62,51,2,1,1,10,27993,279,1000,1,1,1,1,1,800102,1000000
2024JP0002146,1,304.62,14,1,1,1,9,3063,30,0,0,6,1,5,1,800102,1000000
2024JP0002147,1,304.62,32,2,2,1,8,16920,169,9800,3,1,1,1,1,800101,1000000
2024JP0002148,1,304.62,40,1,8,1,8,7400,74,6000,3,1,1,1,1,800105,1000000
2024JP0002149,1,304.62,34,2,3,1,12,42290,422,5000,3,1,1,1,1,800104,1000000
2024JP0002150,1,304.62,43,1,4,1,12,31276,312,8000,4,1,1,1,1,800105,1000000
2024JP0002151,1,304.62,19,2,1,1,18,17691,176,5000,1,1,1,5,1,800100,1000000
2024JP0002152,1,304.62,16,1,1,1,17,6146,61,0,0,6,1,5,1,800100,1000000
2024JP0002153,1,304.62,48,2,7,1,8,7779,77,9800,3,1,1,5,1,800103,1000000
2024JP0002154,1,304.62,24,2,4,1,12,12664,126,1000,1,1,1,5,1,800105,1000000
2024JP0002155,1,304.62,22,2,3,1,13,12131,121,5000,1,1,1,1,1,800104,1000000
2024JP0002156,1,304.62,51,2,1,1,8,5752,57,6000,6,4,1,5,1,800104,1000000
2024JP0002157,1,304.62,15,1,5,1,20,21495,214,0,0,6,1,5,1,800102,1000000
2024JP0002158,1,304.62,21,2,4,1,14,5506,55,6000,6,1,1,5,1,800109,1000000
2024JP0002159,1,304.62,6,2,2,1,1,1399,13,0,0,6,1,5,1,800109,1000000
2024JP0002160,1,304.62,94,2,2,1,5,2929,29,0,0,6,1,1,1,800107,1000000
2024JP0002161,1,304.62,23,1,6,1,12,14952,149,6000,4,1,1,1,1,800107,1000000
2024JP0002162,1,304.62,5,1,7,1,2,3745,37,0,0,6,1,5,1,800102,1000000
2024JP0002163,1,304.62,24,1,3,1,10,44307,443,7000,1,1,1,1,1,800100,1000000
2024JP0002164,1,304.62,18,2,1,1,18,27394,273,1000,3,1,1,5,1,800102,1000000
2024JP0002165,1,304.62,89,1,2,1,6,2334,23,0,0,6,1,1,1,800103,1000000
2024JP0002166,1,304.62,24,1,1,1,19,176437,501,3000,1,1,1,5,1,800109,1000000
2024JP0002167,1,304.62,20,1,6,1,11,3090,30,5000,4,1,1,5,1,800107,1000000
2024JP0002168,1,304.62,41,2,9,1,5,10069,100,7000,4,1,1,1,1,800109,1000000
2024JP0002169,1,304.62,7,2,2,1,7,1131,11,0,0,6,1,5,1,800106,1000000
2024JP0002170,1,304.62,29,2,5,1,14,15041,150,6000,6,1,1,5,1,800107,1000000
2024JP0002171,1,304.62,27,1,1,1,8,9230,92,5000,6,1,1,1,1,800109,1000000
2024JP0002172,1,304.62,27,2,1,1,9,4923,49,9800,4,1,1,1,1,800102,1000000
2024JP0002173,1,304.62,14,1,5,1,2,2722,27,0,0,6,1,5,1,800103,1000000
2024JP0002174,1,304.62,29,1,6,1,13,8766,87,5000,3,4,1,5,1,800100,1000000
2024JP0002175,1,304.62,28,1,6,1,8,9032,90,6000,4,5,1,5,1,800101,1000000
2024JP0002176,1,304.62,41,2,1,1,8,12461,124,9800,1,1,1,1,1,800103,1000000
2024JP0002177,1,304.62,40,1,3,1,9,16265,162,5000,3,2,1,1,1,800101,1000000
2024JP0002178,1,304.62,28,1,3,1,9,7508,75,5000,3,1,1,5,1,800105,1000000
2024JP0002179,1,304.62,64,1,6,1,7,1823,18,5000,1,1,1,1,1,800109,1000000
2024JP0002180,1,304.62,84,2,2,1,10,2653,26,0,0,6,1,1,1,800105,1000000
2024JP0002181,1,304.62,53,1,4,1,12,43152,431,5000,1,1,1,5,1,800107,1000000
2024JP0002182,1,304.62,40,2,9,1,13,29604,296,9000,3,1,1,1,1,800104,1000000
2024JP0002183,1,304.62,0,2,6,1,3,1843,18,0,0,6,1,5,1,800101,1000000
2024JP0002184,1,304.62,1,2,6,1,1,1337,13,0,0,6,1,5,1,800104,1000000
2024JP0002185,1,304.62,94,2,3,1,10,8148,81,0,0,6,1,1,1,800100,1000000
2024JP0002186,1,304.62,8,1,1,1,8,1272,12,0,0,6,1,5,1,800107,1000000
2024JP0002187,1,304.62,54,2,2,1,10,15055,150,6000,3,3,1,1,1,800109,1000000
2024JP0002188,1,304.62,3,2,6,1,6,2627,26,0,0,6,1,5,1,800102,1000000
2024JP0002189,1,304.62,49,1,4,1,5,7385,73,8000,6,1,1,5,1,800107,1000000
2024JP0002190,1,304.62,53,1,6,1,6,4104,41,5000,1,1,1,1,1,800108,1000000
2024JP0002191,1,304.62,16,1,2,1,11,10703,107,0,0,6,1,5,1,800104,1000000
2024JP0002192,1,304.62,31,2,1,1,6,18099,180,9000,3,1,1,1,1,800108,1000000
2024JP0002193,1,304.62,44,2,3,1,13,12308,123,5000,1,1,1,1,1,800106,1000000
2024JP0002194,1,304.62,57,2,5,1,9,45181,451,7000,1,1,1,5,1,800107,1000000
2024JP0002195,1,304.62,1,2,5,1,1,1266,12,0,0,6,1,5,1,800107,1000000
2024JP0002196,1,304.62,21,2,7,1,11,4175,41,4000,3,1,1,5,1,800102,1000000
2024JP0002197,1,304.62,23,1,1,1,18,24738,247,3000,1,1,1,5,1,800106,1000000
2024JP0002198,1,304.62,6,1,4,1,3,5305,53,0,0,6,1,5,1,800109,1000000
2024JP0002199,1,304.62,23,1,7,1,10,30084,300,6000,6,1,1,1,1,800107,1000000
2024JP0002200,1,304.62,7,1,4,1,8,2471,24,0,0,6,1,5,1,800105,1000000
2024JP0002201,1,304.62,46,2,6,1,9,12742,127,5000,4,1,1,1,1,800100,1000000
2024JP0002202,1,304.62,26,1,1,1,6,1583,15,5000,1,1,1,1,1,800107,1000000
2024JP0002203,1,304.62,43,2,4,1,7,2182,21,9800,1,2,1,1,1,800106,1000000
2024JP0002204,1,304.62,69,1,6,1,6,355,3,9800,4,1,1,2,1,800108,1000000
2024JP0002205,1,304.62,26,1,5,1,9,10620,106,6000,3,1,1,1,1,800106,1000000
2024JP0002206,1,304.62,5,2,7,1,5,623,6,0,0,6,1,5,1,800106,1000000
2024JP0002207,1,304.62,38,1,1,1,6,2451,24,5000,1,1,1,1,1,800101,1000000
2024JP0002208,1,304.62,26,2,7,1,5,3497,34,6000,4,2,1,5,1,800108,1000000
2024JP0002209,1,304.62,13,2,2,1,5,254,2,0,0,6,1,5,1,800103,1000000
2024JP0002210,1,304.62,23,1,3,1,15,72811,501,3000,2,1,1,1,1,800104,1000000
2024JP0002211,1,304.62,15,1,6,1,18,10660,106,0,0,6,1,5,1,800102,1000000
2024JP0002212,1,304.62,17,2,5,1,13,11754,117,0,0,6,1,5,1,800103,1000000
2024JP0002213,1,304.62,7,2,1,1,1,2054,20,0,0,6,1,5,1,800103,1000000
2024JP0002214,1,304.62,31,1,7,1,9,57056,501,3000,1,1,1,1,1,800100,1000000
2024JP0002215,1,304.62,48,2,5,1,6,19122,191,9920,3,2,1,2,1,800106,1000000
2024JP0002216,1,304.62,30,1,1,1,14,15523,155,6000,1,1,1,5,1,800106,1000000
2024JP0002217,1,304.62,38,2,2,1,10,16953,169,6000,1,3,1,1,1,800109,1000000
2024JP0002218,1,304.62,19,1,5,1,10,8007,80,6000,3,1,1,5,1,800103,1000000
2024JP0002219,1,304.62,37,1,7,1,11,17834,178,6000,1,1,1,2,1,800100,1000000
2024JP0002220,1,304.62,7,1,8,1,2,3008,30,0,0,6,1,5,1,800104,1000000
2024JP0002221,1,304.62,32,2,6,1,6,2740,27,6000,6,1,1,1,1,800102,1000000
2024JP0002222,1,304.62,12,1,6,1,3,6462,64,0,0,6,1,5,1,800103,1000000
2024JP0002223,1,304.62,6,2,5,1,3,2692,26,0,0,6,1,5,1,800104,1000000
2024JP0002224,1,304.62,25,2,5,1,6,3107,31,9800,1,1,1,5,1,800100,1000000
2024JP0002225,1,304.62,56,2,6,1,5,15359,153,7000,3,1,1,1,1,800102,1000000
2024JP0002226,1,304.62,46,2,6,1,10,22573,225,7000,3,1,1,1,1,800104,1000000
2024JP0002227,1,304.62,47,1,3,1,13,33581,335,7000,1,1,1,1,1,800101,1000000
2024JP0002228,1,304.62,37,2,3,1,8,25350,253,5000,1,1,1,1,1,800106,1000000
2024JP0002229,1,304.62,11,1,4,1,2,1172,11,0,0,6,1,5,1,800108,1000000
2024JP0002230,1,304.62,11,2,1,1,4,2573,25,0,0,6,1,5,1,800101,1000000
2024JP0002231,1,304.62,5,1,1,1,1,2190,21,0,0,6,1,5,1,800100,1000000
2024JP0002232,1,304.62,37,1,1,1,5,6736,67,6000,3,5,1,5,1,800103,1000000
2024JP0002233,1,304.62,28,1,1,1,6,7396,73,5000,3,2,1,1,1,800105,1000000
2024JP0002234,1,304.62,21,1,4,1,13,1096,10,6000,1,5,1,5,1,800104,1000000
2024JP0002235,1,304.62,22,1,4,1,11,12581,125,6000,1,1,1,1,1,800107,1000000
2024JP0002236,1,304.62,52,2,2,1,7,7897,78,9800,4,5,1,1,1,800101,1000000
2024JP0002237,1,304.62,45,1,2,1,5,12639,126,5000,3,1,1,2,1,800103,1000000
2024JP0002238,1,304.62,24,2,1,1,16,140855,501,5000,6,1,1,1,1,800108,1000000
2024JP0002239,1,304.62,9,2,6,1,1,3168,31,0,0,6,1,5,1,800107,1000000
2024JP0002240,1,304.62,3,2,4,1,3,3088,30,0,0,6,1,5,1,800105,1000000
2024JP0002241,1,304.62,31,1,3,1,12,25385,253,2000,1,1,1,1,1,800102,1000000
2024JP0002242,1,304.62,99,1,5,1,9,4123,41,0,0,6,1,1,1,800102,1000000
2024JP0002243,1,304.62,23,1,6,1,17,65103,501,6000,6,1,1,5,1,800104,1000000
2024JP0002244,1,304.62,27,2,6,1,12,8527,85,6000,3,1,1,1,1,800100,1000000
2024JP0002245,1,304.62,53,2,3,1,5,16005,160,9000,4,1,1,1,1,800106,1000000
2024JP0002246,1,304.62,33,2,4,1,10,46810,468,6000,1,1,1,1,1,800105,1000000
2024JP0002247,1,304.62,1,2,2,1,4,1478,14,0,0,6,1,5,1,800106,1000000
2024JP0002248,1,304.62,7,2,2,1,5,5084,50,0,0,6,1,5,1,800102,1000000
2024JP0002249,1,304.62,17,2,6,1,12,3178,31,0,0,6,1,5,1,800102,1000000
2024JP0002250,1,304.62,3,1,4,1,5,1808,18,0,0,6,1,5,1,800104,1000000
2024JP0002251,1,304.62,28,1,6,1,10,5323,53,5000,1,1,1,1,1,800108,1000000
2024JP0002252,1,304.62,34,2,1,1,5,15286,152,9800,6,2,1,2,1,800109,1000000
2024JP0002253,1,304.62,36,1,3,1,13,35684,356,7000,4,1,1,1,1,800104,1000000
2024JP0002254,1,304.62,16,1,7,1,18,10754,107,0,0,6,1,5,1,800105,1000000
2024JP0002255,1,304.62,22,1,7,1,14,16902,169,1000,1,1,1,5,1,800105,1000000
2024JP0002256,1,304.62,44,1,7,1,15,75914,501,1000,2,1,1,1,1,800102,1000000
2024JP0002257,1,304.62,12,2,1,1,6,2684,26,0,0,6,1,5,1,800107,1000000
2024JP0002258,1,304.62,10,2,5,1,3,3156,31,0,0,6,1,5,1,800109,1000000
2024JP0002259,1,304.62,18,2,7,1,12,5203,52,5000,6,1,1,5,1,800105,1000000
2024JP0002260,1,304.62,18,2,7,1,14,6793,67,5000,6,1,1,1,1,800106,1000000
2024JP0002261,1,304.62,27,1,5,1,5,1562,15,6000,3,3,1,1,1,800106,1000000
2024JP0002262,1,304.62,32,1,1,1,11,11924,119,5000,4,1,1,1,1,800108,1000000
2024JP0002263,1,304.62,1,1,1,1,6,7144,71,0,0,6,1,5,1,800107,1000000
2024JP0002264,1,304.62,8,2,6,1,5,1202,12,0,0,6,1,5,1,800105,1000000
2024JP0002265,1,304.62,21,2,1,1,13,17865,178,5000,4,4,1,1,1,800106,1000000
2024JP0002266,1,304.62,15,1,6,1,12,5756,57,0,0,6,1,5,1,800106,1000000
2024JP0002267,1,304.62,35,2,2,1,7,8318,83,9800,1,3,1,1,1,800109,1000000
2024JP0002268,1,304.62,17,1,1,1,17,26692,266,0,0,6,1,5,1,800108,1000000
2024JP0002269,1,304.62,0,1,1,1,6,669,6,0,0,6,1,5,1,800101,1000000
2024JP0002270,1,304.62,13,1,2,1,2,820,8,0,0,6,1,5,1,800105,1000000
2024JP0002271,1,304.62,34,1,6,1,11,10248,102,8000,1,1,1,5,1,800101,1000000
2024JP0002272,1,304.62,28,2,7,1,10,18722,187,3000,1,1,1,1,1,800101,1000000
2024JP0002273,1,304.62,16,2,1,1,13,4609,46,0,0,6,1,5,1,800108,1000000
2024JP0002274,1,304.62,57,2,3,1,10,9832,98,2000,3,1,1,1,1,800102,1000000
2024JP0002275,1,304.62,26,2,6,1,8,8395,83,8000,4,1,1,1,1,800108,1000000
2024JP0002276,1,304.62,1,2,5,1,1,16453,164,0,0,6,1,5,1,800109,1000000
2024JP0002277,1,304.62,21,2,3,1,12,2588,25,7000,1,1,1,5,1,800109,1000000
2024JP0002278,1,304.62,80,1,1,1,8,1559,15,0,0,6,1,5,1,800104,1000000
2024JP0002279,1,304.62,18,2,2,1,15,15533,155,3000,1,1,1,1,1,800103,1000000
2024JP0002280,1,304.62,2,2,5,1,5,4027,40,0,0,6,1,5,1,800105,1000000
2024JP0002281,1,304.62,82,1,6,1,5,2188,21,0,0,6,1,2,1,800109,1000000
2024JP0002282,1,304.62,23,1,2,1,13,6687,66,5000,1,1,1,1,1,800105,1000000
2024JP0002283,1,304.62,20,2,1,1,15,51308,501,4000,1,1,1,1,1,800107,1000000
2024JP0002284,1,304.62,6,1,6,1,2,3653,36,0,0,6,1,5,1,800108,1000000
2024JP0002285,1,304.62,36,1,3,1,7,3357,33,6000,1,1,1,2,1,800108,1000000
2024JP0002286,1,304.62,2,2,1,1,5,3050,30,0,0,6,1,5,1,800103,1000000
2024JP0002287,1,304.62,37,2,6,1,10,27351,273,4000,1,1,1,1,1,800103,1000000
2024JP0002288,1,304.62,16,1,3,1,18,59959,501,0,0,6,1,5,1,800105,1000000
2024JP0002289,1,304.62,9,2,2,1,6,3125,31,0,0,6,1,5,1,800105,1000000
2024JP0002290,1,304.62,45,1,6,1,6,6462,64,6000,1,1,1,1,1,800101,1000000
2024JP0002291,1,304.62,2,2,2,1,9,3323,33,0,0,6,1,5,1,800105,1000000
2024JP0002292,1,304.62,19,1,5,1,11,3326,33,6000,4,1,2,5,1,800100,1000000
2024JP0002293,1,304.62,14,2,1,1,7,7537,75,0,0,6,1,5,1,800108,1000000
2024JP0002294,1,304.62,23,1,6,1,15,66873,501,5000,4,1,1,5,1,800106,1000000
2024JP0002295,1,304.62,4,2,3,1,1,1792,17,0,0,6,1,5,1,800108,1000000
2024JP0002296,1,304.62,42,2,4,1,9,45530,455,7000,6,1,1,1,1,800104,1000000
2024JP0002297,1,304.62,30,1,2,1,8,5905,59,8000,4,1,1,1,1,800100,1000000
2024JP0002298,1,304.62,22,1,3,1,18,38563,385,4000,1,2,1,1,1,800102,1000000
2024JP0002299,1,304.62,3,2,2,1,3,4683,46,0,0,6,1,5,1,800103,1000000
2024JP0002300,1,304.62,15,2,6,1,12,2449,24,0,0,6,1,5,1,800109,1000000
2024JP0002301,1,304.62,56,2,3,1,6,4696,46,6000,4,1,1,2,1,800106,1000000
2024JP0002302,1,304.62,55,2,2,1,14,7189,71,7000,3,1,1,1,1,800106,1000000
2024JP0002303,1,304.62,59,1,3,1,11,7077,70,7000,1,1,1,1,1,800103,1000000
2024JP0002304,1,304.62,17,2,2,1,13,6236,62,0,0,6,1,5,1,800102,1000000
2024JP0002305,1,304.62,0,1,6,1,4,2151,21,0,0,6,1,5,1,800104,1000000
2024JP0002306,1,304.62,25,1,3,1,11,22446,224,8000,6,2,1,1,1,800102,1000000
2024JP0002307,1,304.62,1,1,7,1,5,4511,45,0,0,6,1,5,1,800103,1000000
2024JP0002308,1,304.62,11,2,3,1,1,1446,14,0,0,6,1,5,1,800105,1000000
2024JP0002309,1,304.62,10,2,4,1,6,1292,12,0,0,6,1,5,1,800101,1000000
2024JP0002310,1,304.62,10,1,5,1,3,2823,28,0,0,6,1,5,1,800109,1000000
2024JP0002311,1,304.62,11,2,4,1,7,2767,27,0,0,6,1,5,1,800105,1000000
2024JP0002312,1,304.62,40,2,7,1,8,24148,241,5000,6,1,1,2,1,800108,1000000
2024JP0002313,1,304.62,8,1,3,1,2,1780,17,0,0,6,1,5,1,800101,1000000
2024JP0002314,1,304.62,9,1,9,1,2,2654,26,0,0,6,1,5,1,800100,1000000
2024JP0002315,1,304.62,3,1,3,1,3,1304,13,0,0,6,1,5,1,800107,1000000
2024JP0002316,1,304.62,25,2,6,1,5,2937,29,9920,1,1,1,1,1,800102,1000000
2024JP0002317,1,304.62,0,2,1,1,3,2928,29,0,0,6,1,5,1,800107,1000000
2024JP0002318,1,304.62,40,1,8,1,7,31381,313,9920,3,1,1,1,1,800107,1000000
2024JP0002319,1,304.62,22,1,6,1,18,46948,469,2000,1,1,1,1,1,800100,1000000
2024JP0002320,1,304.62,71,2,1,1,6,2255,22,0,0,6,1,1,1,800104,1000000
2024JP0002321,1,304.62,0,1,2,1,3,3040,30,0,0,6,1,5,1,800107,1000000
2024JP0002322,1,304.62,16,1,1,1,12,3928,39,0,0,6,1,5,1,800100,1000000
2024JP0002323,1,304.62,25,1,6,1,12,23086,230,7000,3,1,1,1,1,800105,1000000
2024JP0002324,1,304.62,87,2,6,1,5,21104,211,0,0,6,1,1,1,800100,1000000
2024JP0002325,1,304.62,38,2,3,1,10,38502,385,6000,4,1,1,5,1,800108,1000000
2024JP0002326,1,304.62,33,1,6,1,6,4266,42,5000,1,1,1,1,1,800106,1000000
2024JP0002327,1,304.62,9,1,3,1,3,3506,35,0,0,6,1,5,1,800102,1000000
2024JP0002328,1,304.62,52,2,4,1,5,4322,43,5000,1,1,1,1,1,800108,1000000
2024JP0002329,1,304.62,27,2,6,1,5,15270,152,9800,1,1,1,1,1,800100,1000000
2024JP0002330,1,304.62,40,2,6,1,5,6737,67,5000,4,1,1,1,1,800101,1000000
2024JP0002331,1,304.62,39,2,4,1,13,6173,61,5000,6,1,1,1,1,800108,1000000
2024JP0002332,1,304.62,34,1,7,1,7,24344,243,9800,6,1,1,5,1,800109,1000000
2024JP0002333,1,304.62,26,1,3,1,8,4279,42,6000,1,1,1,1,1,800108,1000000
2024JP0002334,1,304.62,59,2,1,1,7,3489,34,5000,1,1,1,1,1,800101,1000000
2024JP0002335,1,304.62,0,1,4,1,6,660,6,0,0,6,1,5,1,800101,1000000
2024JP0002336,1,304.62,14,1,6,1,3,2606,26,0,0,6,1,5,1,800100,1000000
2024JP0002337,1,304.62,16,1,2,1,14,6380,63,0,0,6,1,5,1,800108,1000000
2024JP0002338,1,304.62,42,2,3,1,13,36999,369,8000,3,1,1,1,1,800106,1000000
2024JP0002339,1,304.62,89,1,3,1,6,5107,51,0,0,6,1,1,1,800107,1000000
2024JP0002340,1,304.62,9,1,6,1,3,3380,33,0,0,6,1,5,1,800104,1000000
2024JP0002341,1,304.62,22,1,5,1,15,37104,371,3000,3,1,1,5,1,800101,1000000
2024JP0002342,1,304.62,36,1,4,1,5,5958,59,9920,3,1,1,5,1,800103,1000000
2024JP0002343,1,304.62,46,1,3,1,6,695,6,7000,6,1,1,1,1,800100,1000000
2024JP0002344,1,304.62,12,2,3,1,3,4214,42,0,0,6,1,5,1,800107,1000000
2024JP0002345,1,304.62,51,2,3,1,9,34883,348,6000,3,1,1,1,1,800100,1000000
2024JP0002346,1,304.62,41,2,2,1,8,5465,54,6000,1,2,1,1,1,800102,1000000
2024JP0002347,1,304.62,67,1,3,1,5,1121,11,9000,1,1,1,1,1,800105,1000000
2024JP0002348,1,304.62,22,2,6,1,15,23858,238,3000,1,1,1,1,1,800104,1000000
2024JP0002349,1,304.62,22,2,3,1,10,38854,388,6000,4,1,1,5,1,800103,1000000
2024JP0002350,1,304.62,15,2,7,1,17,16381,163,0,0,6,1,5,1,800103,1000000
2024JP0002351,1,304.62,4,1,2,1,8,5657,56,0,0,6,1,5,1,800106,1000000
2024JP0002352,1,304.62,42,1,2,1,13,35778,357,3000,3,1,1,3,1,800108,1000000
2024JP0002353,1,304.62,49,1,2,1,13,41950,419,2000,3,1,1,2,1,800103,1000000
2024JP0002354,1,304.62,11,2,4,1,3,1892,18,0,0,6,1,5,1,800108,1000000
2024JP0002355,1,304.62,31,1,2,1,5,1929,19,9000,6,1,1,2,1,800106,1000000
2024JP0002356,1,304.62,25,1,1,1,7,5549,55,5000,6,1,1,1,1,800100,1000000
2024JP0002357,1,304.62,4,2,2,1,2,2280,22,0,0,6,1,5,1,800103,1000000
2024JP0002358,1,304.62,26,2,6,1,9,56163,501,5000,3,1,1,5,1,800103,1000000
2024JP0002359,1,304.62,37,2,8,1,7,21421,214,6000,3,1,1,1,1,800106,1000000
2024JP0002360,1,304.62,56,1,3,1,11,21605,216,6000,1,1,1,2,1,800107,1000000
2024JP0002361,1,304.62,4,2,3,1,3,4489,44,0,0,6,1,5,1,800104,1000000
2024JP0002362,1,304.62,46,2,1,1,5,2346,23,8000,1,1,1,1,1,800100,1000000
2024JP0002363,1,304.62,38,2,6,1,13,11704,117,7000,1,5,1,1,1,800108,1000000
2024JP0002364,1,304.62,16,1,3,1,13,5379,53,0,0,6,1,5,1,800100,1000000
2024JP0002365,1,304.62,40,1,1,1,7,4404,44,9000,4,1,1,1,1,800105,1000000
2024JP0002366,1,304.62,26,1,7,1,5,3246,32,9000,1,1,1,1,1,800109,1000000
2024JP0002367,1,304.62,48,2,3,1,7,3943,39,9000,1,1,1,3,1,800101,1000000
2024JP0002368,1,304.62,28,1,1,1,6,1513,15,5000,3,1,1,1,1,800106,1000000
2024JP0002369,1,304.62,62,1,2,1,5,14940,149,7000,1,1,1,1,1,800103,1000000
2024JP0002370,1,304.62,11,2,2,1,3,589,5,0,0,6,1,5,1,800102,1000000
2024JP0002371,1,304.62,1,1,4,1,2,1363,13,0,0,6,1,5,1,800104,1000000
2024JP0002372,1,304.62,43,2,3,1,9,20198,201,6000,1,4,1,1,1,800101,1000000
2024JP0002373,1,304.62,11,2,3,1,3,3566,35,0,0,6,1,5,1,800104,1000000
2024JP0002374,1,304.62,5,2,2,1,3,1088,10,0,0,6,1,5,1,800108,1000000
2024JP0002375,1,304.62,6,2,1,1,5,2757,27,0,0,6,1,5,1,800102,1000000
2024JP0002376,1,304.62,43,1,1,1,8,5085,50,5000,3,1,1,1,1,800100,1000000
2024JP0002377,1,304.62,6,2,1,1,4,4285,42,0,0,6,1,5,1,800104,1000000
2024JP0002378,1,304.62,38,1,5,1,9,5493,54,2000,1,1,1,1,1,800108,1000000
2024JP0002379,1,304.62,51,1,1,1,8,3370,33,9920,1,1,1,1,1,800100,1000000
2024JP0002380,1,304.62,37,2,3,1,7,30037,300,7000,1,1,1,1,1,800101,1000000
2024JP0002381,1,304.62,36,1,2,1,8,3593,35,6000,3,4,1,1,1,800100,1000000
2024JP0002382,1,304.62,43,1,3,1,8,12693,126,6000,1,1,1,1,1,800105,1000000
2024JP0002383,1,304.62,39,2,7,1,9,26485,264,2000,2,2,1,1,1,800105,1000000
2024JP0002384,1,304.62,9,1,5,1,1,3621,36,0,0,6,1,5,1,800108,1000000
2024JP0002385,1,304.62,45,2,1,1,5,8308,83,5000,4,1,1,5,1,800107,1000000
2024JP0002386,1,304.62,33,1,1,1,5,4725,47,6000,1,1,1,1,1,800106,1000000
2024JP0002387,1,304.62,0,1,1,1,1,626,6,0,0,6,1,5,1,800105,1000000
2024JP0002388,1,304.62,27,1,6,1,5,2479,24,9920,1,1,1,5,1,800100,1000000
2024JP0002389,1,304.62,14,2,3,1,3,605,6,0,0,6,1,5,1,800100,1000000
2024JP0002390,1,304.62,4,2,9,1,3,1412,14,0,0,6,1,5,1,800101,1000000
2024JP0002391,1,304.62,6,2,6,1,6,3229,32,0,0,6,1,5,1,800106,1000000
2024JP0002392,1,304.62,89,1,4,1,6,4135,41,0,0,6,1,5,1,800106,1000000
2024JP0002393,1,304.62,38,1,6,1,13,42809,428,6000,1,3,1,1,1,800106,1000000
2024JP0002394,1,304.62,29,2,1,1,13,6891,68,8000,4,4,1,1,1,800108,1000000
2024JP0002395,1,304.62,40,2,4,1,9,19412,194,8000,1,1,1,1,1,800108,1000000
2024JP0002396,1,304.62,26,2,4,1,6,3702,37,6000,3,3,1,1,1,800101,1000000
2024JP0002397,1,304.62,5,2,1,1,2,2359,23,0,0,6,1,5,1,800106,1000000
2024JP0002398,1,304.62,9,2,4,1,7,778,7,0,0,6,1,5,1,800101,1000000
2024JP0002399,1,304.62,1,2,7,1,5,1449,14,0,0,6,1,5,1,800107,1000000
2024JP0002400,1,304.62,13,1,7,1,4,2946,29,0,0,6,1,5,1,800108,1000000
2024JP0002401,1,304.62,23,1,1,1,17,88800,501,3000,3,1,1,1,1,800101,1000000
2024JP0002402,1,304.62,35,2,1,1,12,12353,123,9000,1,3,1,1,1,800104,1000000
2024JP0002403,1,304.62,95,1,2,1,8,2609,26,0,0,6,1,1,1,800106,1000000
2024JP0002404,1,304.62,53,2,9,1,8,3322,33,7000,1,1,1,1,1,800106,1000000
2024JP0002405,1,304.62,51,1,7,1,10,12410,124,6000,1,1,1,1,1,800102,1000000
2024JP0002406,1,304.62,21,1,5,1,14,1955,19,5000,1,1,1,5,1,800101,1000000
2024JP0002407,1,304.62,29,2,4,1,11,16485,164,8000,1,1,1,5,1,800104,1000000
2024JP0002408,1,304.62,20,2,4,1,19,25348,253,4000,3,3,1,5,1,800105,1000000
2024JP0002409,1,304.62,3,1,1,1,4,9296,92,0,0,6,1,5,1,800105,1000000
2024JP0002410,1,304.62,7,1,2,1,5,1157,11,0,0,6,1,5,1,800106,1000000
2024JP0002411,1,304.62,16,1,6,1,17,47651,476,0,0,6,1,5,1,800103,1000000
2024JP0002412,1,304.62,4,1,3,1,4,1919,19,0,0,6,1,5,1,800103,1000000
2024JP0002413,1,304.62,9,2,2,1,3,3794,37,0,0,6,1,5,1,800100,1000000
2024JP0002414,1,304.62,3,1,1,1,7,3918,39,0,0,6,1,5,1,800101,1000000
2024JP0002415,1,304.62,38,1,1,1,8,1116,11,9800,1,2,1,5,1,800105,1000000
2024JP0002416,1,304.62,9,2,7,1,6,9516,95,0,0,6,1,5,1,800100,1000000
2024JP0002417,1,304.62,9,2,5,1,6,888,8,0,0,6,1,5,1,800109,1000000
2024JP0002418,1,304.62,24,1,4,1,17,56097,501,5000,3,1,1,1,1,800103,1000000
2024JP0002419,1,304.62,4,1,1,1,4,2085,20,0,0,6,1,5,1,800108,1000000
2024JP0002420,1,304.62,44,2,7,1,8,4610,46,6000,4,1,1,1,1,800101,1000000
2024JP0002421,1,304.62,30,1,4,1,8,7781,77,8000,4,1,1,1,1,800107,1000000
2024JP0002422,1,304.62,8,1,7,1,6,3497,34,0,0,6,1,5,1,800108,1000000
2024JP0002423,1,304.62,6,1,1,1,1,1454,14,0,0,6,1,5,1,800109,1000000
2024JP0002424,1,304.62,24,2,4,1,13,14524,145,1000,1,1,1,5,1,800102,1000000
2024JP0002425,1,304.62,60,2,2,1,6,599,5,9920,1,1,1,1,1,800107,1000000
2024JP0002426,1,304.62,14,2,4,1,8,13842,138,0,0,6,1,5,1,800105,1000000
2024JP0002427,1,304.62,52,2,4,1,11,6236,62,9000,1,1,1,2,1,800105,1000000
2024JP0002428,1,304.62,89,1,7,1,10,7297,72,0,0,6,1,1,1,800103,1000000
2024JP0002429,1,304.62,34,1,1,1,12,16147,161,7000,1,1,1,1,1,800105,1000000
2024JP0002430,1,304.62,30,2,5,1,14,16574,165,9000,1,2,1,1,1,800101,1000000
2024JP0002431,1,304.62,21,2,7,1,12,7821,78,4000,3,1,1,5,1,800107,1000000
2024JP0002432,1,304.62,34,1,1,1,7,3255,32,6000,3,1,1,1,1,800106,1000000
2024JP0002433,1,304.62,27,2,3,1,5,1279,12,5000,1,5,1,1,1,800106,1000000
2024JP0002434,1,304.62,7,2,1,1,3,491,4,0,0,6,1,5,1,800103,1000000
2024JP0002435,1,304.62,26,2,2,1,8,1691,16,9000,3,1,1,1,1,800104,1000000
2024JP0002436,1,304.62,42,1,7,1,9,12496,124,6000,4,1,1,1,1,800107,1000000
2024JP0002437,1,304.62,2,1,3,1,5,1287,12,0,0,6,1,5,1,800103,1000000
2024JP0002438,1,304.62,35,2,2,1,10,23843,238,7000,1,1,1,1,1,800103,1000000
2024JP0002439,1,304.62,17,2,4,1,14,3878,38,0,0,6,1,5,1,800105,1000000
2024JP0002440,1,304.62,16,1,3,1,12,2686,26,0,0,6,1,5,1,800101,1000000
2024JP0002441,1,304.62,50,1,5,1,9,19554,195,7000,1,2,1,1,1,800101,1000000
2024JP0002442,1,304.62,7,1,2,1,3,1331,13,0,0,6,1,5,1,800106,1000000
2024JP0002443,1,304.62,8,1,1,1,7,331,3,0,0,6,1,5,1,800102,1000000
2024JP0002444,1,304.62,28,1,9,1,11,3979,39,6000,1,5,1,5,1,800106,1000000
2024JP0002445,1,304.62,56,2,6,1,7,1260,12,9800,3,1,1,5,1,800102,1000000
2024JP0002446,1,304.62,38,1,1,1,10,24255,242,7000,3,1,1,1,1,800100,1000000
2024JP0002447,1,304.62,10,2,6,1,6,3014,30,0,0,6,1,5,1,800105,1000000
2024JP0002448,1,304.62,36,1,5,1,11,31399,313,5000,1,1,5,2,1,800104,1000000
2024JP0002449,1,304.62,23,2,5,1,11,13748,137,7000,3,1,1,5,1,800104,1000000
2024JP0002450,1,304.62,17,2,6,1,11,5156,51,0,0,6,1,5,1,800101,1000000
2024JP0002451,1,304.62,30,2,1,1,8,11807,118,9920,1,1,1,1,1,800104,1000000
2024JP0002452,1,304.62,22,1,6,1,11,8629,86,6000,1,1,1,1,1,800100,1000000
2024JP0002453,1,304.62,18,1,2,1,16,10335,103,4000,1,5,1,5,1,800103,1000000
2024JP0002454,1,304.62,41,1,6,1,14,11605,116,1000,1,1,1,1,1,800107,1000000
2024JP0002455,1,304.62,12,2,4,1,7,549,5,0,0,6,1,5,1,800101,1000000
2024JP0002456,1,304.62,10,1,4,1,1,4744,47,0,0,6,1,5,1,800102,1000000
2024JP0002457,1,304.62,47,2,6,1,10,25945,259,6000,4,1,1,2,1,800107,1000000
2024JP0002458,1,304.62,15,1,7,1,12,19377,193,0,0,6,1,5,1,800107,1000000
2024JP0002459,1,304.62,29,2,4,1,6,6216,62,5000,6,1,1,1,1,800109,1000000
2024JP0002460,1,304.62,54,1,2,1,7,31853,318,8000,1,1,1,1,1,800102,1000000
2024JP0002461,1,304.62,11,2,1,1,6,1602,16,0,0,6,1,5,1,800104,1000000
2024JP0002462,1,304.62,36,2,6,1,14,20854,208,7000,3,1,1,5,1,800102,1000000
2024JP0002463,1,304.62,16,1,2,1,14,12494,124,0,0,6,1,5,1,800105,1000000
2024JP0002464,1,304.62,13,2,2,1,5,3435,34,0,0,6,1,5,1,800104,1000000
2024JP0002465,1,304.62,17,2,1,1,12,5850,58,0,0,6,2,5,1,800109,1000000
2024JP0002466,1,304.62,4,1,3,1,1,2479,24,0,0,6,1,5,1,800101,1000000
2024JP0002467,1,304.62,51,1,5,1,6,3709,37,6000,3,1,1,1,1,800103,1000000
2024JP0002468,1,304.62,39,2,2,1,7,31042,310,9920,1,1,1,1,1,800107,1000000
2024JP0002469,1,304.62,17,2,7,1,17,22124,221,0,0,6,1,5,1,800105,1000000
2024JP0002470,1,304.62,44,1,1,1,13,9608,96,4000,1,1,2,1,1,800101,1000000
2024JP0002471,1,304.62,31,2,4,1,5,978,9,9920,3,1,1,1,1,800103,1000000
2024JP0002472,1,304.62,34,1,6,1,7,12494,124,9800,1,1,1,1,1,800105,1000000
2024JP0002473,1,304.62,3,1,4,1,1,499,4,0,0,6,1,5,1,800100,1000000
2024JP0002474,1,304.62,26,1,9,1,7,2870,28,9920,1,1,1,1,1,800100,1000000
2024JP0002475,1,304.62,27,2,3,1,10,28517,285,6000,3,2,1,5,1,800107,1000000
2024JP0002476,1,304.62,2,1,1,1,3,2169,21,0,0,6,1,5,1,800100,1000000
2024JP0002477,1,304.62,50,2,2,1,7,9146,91,9800,1,1,1,5,1,800100,1000000
2024JP0002478,1,304.62,30,1,7,1,5,23349,233,7000,1,4,1,1,1,800105,1000000
2024JP0002479,1,304.62,29,2,2,1,16,99865,501,6000,4,5,1,1,1,800107,1000000
2024JP0002480,1,304.62,30,1,5,1,10,26252,262,3000,2,1,1,1,1,800107,1000000
2024JP0002481,1,304.62,35,1,1,1,11,27697,276,2000,1,3,1,1,1,800109,1000000
2024JP0002482,1,304.62,26,2,6,1,7,6060,60,9800,1,1,1,1,1,800108,1000000
2024JP0002483,1,304.62,27,2,3,1,10,7552,75,6000,1,1,1,5,1,800102,1000000
2024JP0002484,1,304.62,42,2,5,1,6,6258,62,9800,3,5,1,1,1,800109,1000000
2024JP0002485,1,304.62,9,2,7,1,9,3089,30,0,0,6,1,5,1,800103,1000000
2024JP0002486,1,304.62,20,1,2,1,17,15003,150,2000,3,1,1,5,1,800102,1000000
2024JP0002487,1,304.62,35,2,3,1,8,8457,84,5000,1,1,1,1,1,800105,1000000
2024JP0002488,1,304.62,53,1,2,1,5,7313,73,9800,6,1,1,2,1,800109,1000000
2024JP0002489,1,304.62,8,1,3,1,3,4163,41,0,0,6,1,5,1,800108,1000000
2024JP0002490,1,304.62,5,1,3,1,7,1114,11,0,0,6,1,5,1,800102,1000000
2024JP0002491,1,304.62,3,2,4,1,5,1312,13,0,0,6,1,5,1,800107,1000000
2024JP0002492,1,304.62,44,2,4,1,7,7243,72,7000,1,1,1,1,1,800101,1000000
2024JP0002493,1,304.62,70,1,5,1,10,11389,113,6000,3,1,1,1,1,800101,1000000
2024JP0002494,1,304.62,29,2,1,1,5,1105,11,5000,3,1,1,1,1,800106,1000000
2024JP0002495,1,304.62,25,1,4,1,13,7072,70,2000,1,1,1,1,1,800107,1000000
2024JP0002496,1,304.62,36,2,4,1,10,31242,312,2000,1,1,1,1,1,800106,1000000
2024JP0002497,1,304.62,15,2,1,1,18,24783,247,0,0,6,1,5,1,800101,1000000
2024JP0002498,1,304.62,27,1,3,1,12,40860,408,6000,1,5,1,1,1,800106,1000000
2024JP0002499,1,304.62,87,2,3,1,10,7020,70,0,0,6,1,1,1,800100,1000000
2024JP0002500,1,304.62,42,2,1,1,9,63152,501,5000,1,1,2,5,1,800104,1000000
2024JP0002501,1,304.62,50,1,6,1,8,3617,36,9920,1,3,1,2,1,800102,1000000
2024JP0002502,1,304.62,14,2,2,1,4,4668,46,0,0,6,1,5,1,800106,1000000
2024JP0002503,1,304.62,57,1,6,1,8,8519,85,5000,4,1,1,5,1,800105,1000000
2024JP0002504,1,304.62,28,2,4,1,10,60942,501,2000,3,5,1,5,1,800100,1000000
2024JP0002505,1,304.62,24,2,2,1,12,15647,156,9800,1,3,1,1,1,800103,1000000
2024JP0002506,1,304.62,5,2,6,1,4,3859,38,0,0,6,1,5,1,800109,1000000
2024JP0002507,1,304.62,5,2,1,1,4,7975,79,0,0,6,1,5,1,800103,1000000
2024JP0002508,1,304.62,3,1,2,1,4,1060,10,0,0,6,1,5,1,800106,1000000
2024JP0002509,1,304.62,27,2,4,1,12,40482,404,9800,1,1,1,5,1,800109,1000000
2024JP0002510,1,304.62,89,1,5,1,5,2039,20,0,0,6,1,2,1,800100,1000000
2024JP0002511,1,304.62,7,1,2,1,3,2240,22,0,0,6,1,5,1,800109,1000000
2024JP0002512,1,304.62,29,2,4,1,6,3332,33,9800,3,1,1,5,1,800104,1000000
2024JP0002513,1,304.62,40,1,1,1,8,3522,35,9000,3,1,1,1,1,800101,1000000
2024JP0002514,1,304.62,31,2,3,1,12,68177,501,5000,3,1,1,1,1,800107,1000000
2024JP0002515,1,304.62,33,1,1,1,12,59087,501,2000,1,1,1,1,1,800106,1000000
2024JP0002516,1,304.62,5,1,4,1,2,2320,23,0,0,6,1,5,1,800104,1000000
2024JP0002517,1,304.62,24,2,6,1,18,72711,501,4000,2,3,1,5,1,800104,1000000
2024JP0002518,1,304.62,45,2,3,1,5,44015,440,5000,1,1,1,5,1,800103,1000000
2024JP0002519,1,304.62,25,2,3,1,5,2897,28,9800,4,1,1,5,1,800106,1000000
2024JP0002520,1,304.62,52,1,1,1,11,30605,306,6000,1,1,1,2,1,800105,1000000
2024JP0002521,1,304.62,12,2,5,1,2,864,8,0,0,6,1,5,1,800108,1000000
2024JP0002522,1,304.62,58,1,1,1,13,37882,378,7000,4,1,1,2,1,800105,1000000
2024JP0002523,1,304.62,27,2,1,1,10,17554,175,2000,3,1,1,5,1,800109,1000000
2024JP0002524,1,304.62,39,2,7,1,5,15697,156,9800,3,4,1,1,1,800108,1000000
2024JP0002525,1,304.62,44,1,1,1,7,7865,78,9800,4,1,1,5,1,800102,1000000
2024JP0002526,1,304.62,2,1,7,1,4,1202,12,0,0,6,1,5,1,800107,1000000
2024JP0002527,1,304.62,29,1,1,1,10,4974,49,7000,1,3,1,5,1,800108,1000000
2024JP0002528,1,304.62,29,2,4,1,8,17953,179,9920,3,1,1,1,1,800100,1000000
2024JP0002529,1,304.62,33,1,7,1,14,20204,202,3000,3,1,1,1,1,800104,1000000
2024JP0002530,1,304.62,30,2,4,1,13,16466,164,3000,1,1,1,1,1,800103,1000000
2024JP0002531,1,304.62,98,1,2,1,5,1634,16,0,0,6,1,1,1,800102,1000000
2024JP0002532,1,304.62,34,1,5,1,12,69640,501,8000,1,1,1,1,1,800104,1000000
2024JP0002533,1,304.62,43,1,1,1,8,16483,164,5000,3,1,1,1,1,800102,1000000
2024JP0002534,1,304.62,100,1,1,1,9,7740,77,0,0,6,1,1,1,800106,1000000
2024JP0002535,1,304.62,34,1,6,1,6,43013,430,9800,3,1,1,3,1,800108,1000000
2024JP0002536,1,304.62,20,1,2,1,13,4540,45,2000,1,1,1,5,1,800102,1000000
2024JP0002537,1,304.62,41,1,3,1,10,3673,36,6000,6,1,1,1,1,800109,1000000
2024JP0002538,1,304.62,1,2,6,1,8,4298,42,0,0,6,1,5,1,800104,1000000
2024JP0002539,1,304.62,33,1,7,1,8,11217,112,9000,1,1,1,5,1,800109,1000000
2024JP0002540,1,304.62,31,1,2,1,8,9782,97,9920,1,1,1,1,1,800104,1000000
2024JP0002541,1,304.62,30,1,6,1,9,32074,320,9000,4,2,1,1,1,800108,1000000
2024JP0002542,1,304.62,23,1,2,1,12,13380,133,7000,4,1,1,1,1,800100,1000000
2024JP0002543,1,304.62,23,2,5,1,18,16779,167,5000,3,1,1,5,1,800100,1000000
2024JP0002544,1,304.62,56,1,2,1,12,31774,317,2000,2,1,1,1,1,800105,1000000
2024JP0002545,1,304.62,38,2,1,1,8,15196,151,9800,1,1,1,1,1,800101,1000000
2024JP0002546,1,304.62,28,1,1,1,8,2139,21,8000,1,1,1,5,1,800103,1000000
2024JP0002547,1,304.62,56,2,6,1,6,3664,36,7000,3,1,1,1,1,800108,1000000
2024JP0002548,1,304.62,30,1,1,1,9,53810,501,7000,6,1,1,1,1,800102,1000000
2024JP0002549,1,304.62,74,1,3,1,8,10771,107,0,0,6,1,1,1,800104,1000000
2024JP0002550,1,304.62,1,2,3,1,5,6656,66,0,0,6,1,5,1,800100,1000000
2024JP0002551,1,304.62,50,2,9,1,7,2545,25,7000,6,1,1,1,1,800109,1000000
2024JP0002552,1,304.62,100,1,2,1,7,3881,38,0,0,6,1,1,1,800104,1000000
2024JP0002553,1,304.62,2,2,1,1,3,18359,183,0,0,6,1,5,1,800103,1000000
2024JP0002554,1,304.62,40,1,6,1,13,20515,205,6000,1,1,1,1,1,800108,1000000
2024JP0002555,1,304.62,25,1,3,1,6,2238,22,6000,1,1,1,1,1,800102,1000000
2024JP0002556,1,304.62,32,1,7,1,7,3522,35,7000,4,1,1,1,1,800102,1000000
2024JP0002557,1,304.62,40,2,6,1,16,38984,389,5000,3,1,1,1,1,800106,1000000
2024JP0002558,1,304.62,59,2,6,1,13,24124,241,2000,1,1,1,2,1,800109,1000000
2024JP0002559,1,304.62,23,2,1,1,14,14254,142,5000,1,5,1,5,1,800100,1000000
2024JP0002560,1,304.62,6,1,6,1,2,852,8,0,0,6,1,5,1,800101,1000000
2024JP0002561,1,304.62,46,1,2,1,6,7245,72,6000,6,1,2,5,1,800102,1000000
2024JP0002562,1,304.62,19,2,6,1,18,23838,238,3000,1,3,1,5,1,800109,1000000
2024JP0002563,1,304.62,22,1,2,1,17,99649,501,5000,1,1,1,1,1,800105,1000000
2024JP0002564,1,304.62,24,1,5,1,15,50735,501,4000,3,1,1,1,1,800104,1000000
2024JP0002565,1,304.62,5,2,4,1,6,4074,40,0,0,6,1,5,1,800105,1000000
2024JP0002566,1,304.62,1,1,2,1,3,6570,65,0,0,6,1,5,1,800104,1000000
2024JP0002567,1,304.62,3,1,4,1,6,9320,93,0,0,6,1,5,1,800100,1000000
2024JP0002568,1,304.62,14,1,1,1,3,1831,18,0,0,6,1,5,1,800102,1000000
2024JP0002569,1,304.62,31,2,3,1,6,4546,45,5000,1,2,1,1,1,800105,1000000
2024JP0002570,1,304.62,43,1,5,1,5,17140,171,5000,4,4,1,1,1,800100,1000000
2024JP0002571,1,304.62,20,1,5,1,18,11969,119,1000,1,3,1,5,1,800103,1000000
2024JP0002572,1,304.62,58,2,5,1,6,12372,123,9000,4,1,1,1,1,800101,1000000
2024JP0002573,1,304.62,43,2,6,1,10,10821,108,3000,1,1,1,5,1,800102,1000000
2024JP0002574,1,304.62,28,2,5,1,9,14461,144,6000,3,1,1,5,1,800107,1000000
2024JP0002575,1,304.62,43,2,2,1,14,77301,501,6000,1,1,1,1,1,800102,1000000
2024JP0002576,1,304.62,6,2,9,1,4,3649,36,0,0,6,1,5,1,800104,1000000
2024JP0002577,1,304.62,17,1,5,1,10,3103,31,0,0,6,1,5,1,800105,1000000
2024JP0002578,1,304.62,10,2,6,1,4,1164,11,0,0,6,1,5,1,800109,1000000
2024JP0002579,1,304.62,14,1,2,1,7,1310,13,0,0,6,1,5,1,800109,1000000
2024JP0002580,1,304.62,24,1,3,1,15,31782,317,2000,3,1,1,1,1,800101,1000000
2024JP0002581,1,304.62,30,2,4,1,6,7471,74,9800,6,1,1,1,1,800107,1000000
2024JP0002582,1,304.62,42,2,2,1,7,17012,170,7000,3,1,1,2,1,800108,1000000
2024JP0002583,1,304.62,6,2,4,1,4,988,9,0,0,6,1,5,1,800102,1000000
2024JP0002584,1,304.62,21,1,1,1,13,8333,83,7000,3,1,1,5,1,800100,1000000
2024JP0002585,1,304.62,22,1,4,1,16,102296,501,1000,2,5,1,5,1,800109,1000000
2024JP0002586,1,304.62,2,1,6,1,3,1383,13,0,0,6,1,5,1,800108,1000000
2024JP0002587,1,304.62,27,1,3,1,12,15753,157,6000,1,1,1,5,1,800103,1000000
2024JP0002588,1,304.62,17,2,7,1,13,8464,84,0,0,6,1,5,1,800101,1000000
2024JP0002589,1,304.62,3,1,3,1,6,1053,10,0,0,6,1,5,1,800105,1000000
2024JP0002590,1,304.62,16,1,6,1,15,18446,184,0,0,6,1,5,1,800100,1000000
2024JP0002591,1,304.62,41,1,6,1,11,13523,135,4000,1,1,1,3,1,800108,1000000
2024JP0002592,1,304.62,17,2,6,1,18,20806,208,0,0,6,1,5,1,800104,1000000
2024JP0002593,1,304.62,12,2,2,1,3,463,4,0,0,6,1,5,1,800101,1000000
2024JP0002594,1,304.62,51,2,1,1,5,4858,48,8000,1,1,1,1,1,800100,1000000
2024JP0002595,1,304.62,34,2,7,1,9,41849,418,9000,3,5,1,1,1,800106,1000000
2024JP0002596,1,304.62,12,2,6,1,2,433,4,0,0,6,1,5,1,800103,1000000
2024JP0002597,1,304.62,40,1,4,1,10,33764,337,2000,1,3,1,1,1,800107,1000000
2024JP0002598,1,304.62,12,2,4,1,7,1503,15,0,0,6,1,5,1,800101,1000000
2024JP0002599,1,304.62,37,1,6,1,14,10231,102,7000,3,1,1,1,1,800107,1000000
2024JP0002600,1,304.62,11,1,4,1,3,1816,18,0,0,6,1,5,1,800107,1000000
2024JP0002601,1,304.62,6,1,6,1,6,927,9,0,0,6,1,5,1,800104,1000000
2024JP0002602,1,304.62,18,2,2,1,14,38261,382,9000,6,1,1,5,2,800109,1000000
2024JP0002603,1,304.62,23,1,2,1,13,20645,206,9000,1,4,1,5,1,800107,1000000
2024JP0002604,1,304.62,43,1,5,1,6,10228,102,8000,1,1,1,1,1,800100,1000000
2024JP0002605,1,304.62,47,2,1,1,12,12232,122,5000,4,1,1,2,1,800107,1000000
2024JP0002606,1,304.62,6,1,2,1,7,1088,10,0,0,6,1,5,1,800102,1000000
2024JP0002607,1,304.62,26,2,2,1,12,22697,226,7000,4,1,1,1,1,800102,1000000
2024JP0002608,1,304.62,28,1,2,1,11,22445,224,7000,1,1,1,1,1,800109,1000000
2024JP0002609,1,304.62,58,2,2,1,10,7561,75,2000,1,1,1,1,1,800101,1000000
2024JP0002610,1,304.62,7,1,2,1,2,1581,15,0,0,6,1,5,1,800101,1000000
2024JP0002611,1,304.62,34,1,6,1,14,8922,89,2000,2,3,1,1,1,800105,1000000
2024JP0002612,1,304.62,65,1,1,1,6,18575,185,6000,1,3,1,1,1,800109,1000000
2024JP0002613,1,304.62,7,2,4,1,4,2260,22,0,0,6,1,5,1,800106,1000000
2024JP0002614,1,304.62,0,1,1,1,3,3025,30,0,0,6,1,5,1,800109,1000000
2024JP0002615,1,304.62,77,2,6,1,5,5822,58,0,0,6,1,5,1,800109,1000000
2024JP0002616,1,304.62,6,1,1,1,1,2050,20,0,0,6,1,5,1,800102,1000000
2024JP0002617,1,304.62,3,2,6,1,1,4750,47,0,0,6,1,5,1,800103,1000000
2024JP0002618,1,304.62,25,1,4,1,11,23713,237,5000,3,1,1,5,1,800107,1000000
2024JP0002619,1,304.62,38,2,8,1,8,35610,356,7000,1,1,1,1,1,800101,1000000
2024JP0002620,1,304.62,10,2,3,1,3,1874,18,0,0,6,1,5,1,800108,1000000
2024JP0002621,1,304.62,58,1,4,1,5,14669,146,9920,1,1,1,3,1,800108,1000000
2024JP0002622,1,304.62,26,2,2,1,7,2508,25,9920,3,1,1,1,1,800101,1000000
2024JP0002623,1,304.62,67,2,2,1,5,2410,24,5000,1,1,1,1,1,800105,1000000
2024JP0002624,1,304.62,14,2,1,1,9,2468,24,0,0,6,2,5,1,800107,1000000
2024JP0002625,1,304.62,24,2,3,1,15,26270,262,4000,1,1,1,5,1,800100,1000000
2024JP0002626,1,304.62,40,2,1,1,7,6529,65,9920,4,1,1,5,1,800102,1000000
2024JP0002627,1,304.62,23,2,1,1,11,10274,102,7000,4,1,1,1,1,800106,1000000
2024JP0002628,1,304.62,74,2,1,1,7,699,6,0,0,6,1,1,1,800105,1000000
2024JP0002629,1,304.62,53,2,4,1,7,1098,10,5000,1,1,1,1,1,800108,1000000
2024JP0002630,1,304.62,46,2,4,1,9,58338,501,6000,1,1,1,1,1,800109,1000000
2024JP0002631,1,304.62,33,1,8,1,9,7967,79,6000,6,1,1,5,1,800107,1000000
2024JP0002632,1,304.62,19,1,2,1,12,4677,46,7000,1,5,1,1,1,800106,1000000
2024JP0002633,1,304.62,17,1,7,1,17,18307,183,0,0,6,1,5,1,800102,1000000
2024JP0002634,1,304.62,28,2,1,1,9,8610,86,5000,6,1,1,5,1,800105,1000000
2024JP0002635,1,304.62,22,1,4,1,14,27541,275,1000,3,1,1,1,1,800101,1000000
2024JP0002636,1,304.62,18,2,6,1,18,32273,322,2000,1,1,1,5,1,800104,1000000
2024JP0002637,1,304.62,21,1,1,1,12,7706,77,7000,1,1,1,5,1,800108,1000000
2024JP0002638,1,304.62,50,2,2,1,12,7466,74,6000,4,1,1,1,1,800100,1000000
2024JP0002639,1,304.62,40,2,3,1,13,12870,128,5000,3,1,1,1,1,800104,1000000
2024JP0002640,1,304.62,14,2,5,1,3,5614,56,0,0,6,1,5,1,800106,1000000
2024JP0002641,1,304.62,79,1,2,1,8,4405,44,0,0,6,1,2,1,800102,1000000
2024JP0002642,1,304.62,8,2,7,1,2,7688,76,0,0,6,1,5,1,800101,1000000
2024JP0002643,1,304.62,98,1,1,1,6,1987,19,0,0,6,1,2,1,800105,1000000
2024JP0002644,1,304.62,37,2,1,1,10,21987,219,6000,4,4,1,1,1,800101,1000000
2024JP0002645,1,304.62,49,1,2,1,13,14956,149,3000,1,1,1,1,1,800106,1000000
2024JP0002646,1,304.62,31,2,3,1,15,68044,501,5000,1,4,1,5,1,800105,1000000
2024JP0002647,1,304.62,44,1,6,1,13,29923,299,8000,1,1,1,3,1,800102,1000000
2024JP0002648,1,304.62,36,2,7,1,6,27764,277,9000,1,1,1,1,1,800100,1000000
2024JP0002649,1,304.62,42,1,4,1,8,6095,60,7000,3,2,1,5,1,800106,1000000
2024JP0002650,1,304.62,98,1,8,1,9,33440,334,0,0,6,1,2,1,800104,1000000
2024JP0002651,1,304.62,14,1,1,1,4,6298,62,0,0,6,1,5,1,800105,1000000
2024JP0002652,1,304.62,3,2,4,1,4,2390,23,0,0,6,1,5,1,800100,1000000
2024JP0002653,1,304.62,30,1,7,1,6,18250,182,5000,1,1,1,1,1,800102,1000000
2024JP0002654,1,304.62,0,2,4,1,3,2004,20,0,0,6,1,5,1,800109,1000000
2024JP0002655,1,304.62,41,2,3,1,7,2717,27,8000,4,1,1,1,1,800100,1000000
2024JP0002656,1,304.62,58,2,2,1,5,19657,196,6000,4,1,1,1,1,800106,1000000
2024JP0002657,1,304.62,3,1,5,1,2,2303,23,0,0,6,1,5,1,800107,1000000
2024JP0002658,1,304.62,39,1,3,1,11,13025,130,7000,3,1,1,1,1,800105,1000000
2024JP0002659,1,304.62,15,2,2,1,12,4499,44,0,0,6,1,5,1,800105,1000000
2024JP0002660,1,304.62,15,2,4,1,16,22851,228,0,0,6,1,5,1,800103,1000000
2024JP0002661,1,304.62,15,1,2,1,14,3916,39,0,0,6,1,5,1,800100,1000000
2024JP0002662,1,304.62,0,1,2,1,4,1804,18,0,0,6,1,5,1,800100,1000000
2024JP0002663,1,304.62,6,1,6,1,3,660,6,0,0,6,1,5,1,800104,1000000
2024JP0002664,1,304.62,78,1,1,1,9,9145,91,0,0,6,1,5,1,800103,1000000
2024JP0002665,1,304.62,4,1,4,1,3,4154,41,0,0,6,1,5,1,800103,1000000
2024JP0002666,1,304.62,32,1,1,1,8,3367,33,6000,4,1,1,1,1,800101,1000000
2024JP0002667,1,304.62,57,2,4,1,11,18571,185,5000,6,1,1,1,1,800100,1000000
2024JP0002668,1,304.62,2,1,6,1,4,1112,11,0,0,6,1,5,1,800104,1000000
2024JP0002669,1,304.62,23,1,2,1,16,52718,501,6000,1,5,1,5,1,800106,1000000
2024JP0002670,1,304.62,2,2,2,1,7,6095,60,0,0,6,1,5,1,800101,1000000
2024JP0002671,1,304.62,17,2,3,1,11,8031,80,0,0,6,1,5,1,800108,1000000
2024JP0002672,1,304.62,44,2,5,1,8,8935,89,5000,1,1,1,1,1,800102,1000000
2024JP0002673,1,304.62,16,2,2,1,18,17768,177,0,0,6,1,5,1,800102,1000000
2024JP0002674,1,304.62,22,1,1,1,20,43625,436,3000,2,1,1,1,1,800106,1000000
2024JP0002675,1,304.62,59,1,1,1,8,35242,352,6000,4,1,1,3,1,800107,1000000
2024JP0002676,1,304.62,25,1,3,1,5,2455,24,6000,3,1,1,5,1,800106,1000000
2024JP0002677,1,304.62,12,2,1,1,1,7107,71,0,0,6,1,5,1,800102,1000000
2024JP0002678,1,304.62,0,1,1,1,2,5575,55,0,0,6,1,5,1,800108,1000000
2024JP0002679,1,304.62,19,1,7,1,13,7194,71,8000,3,1,1,5,1,800107,1000000
2024JP0002680,1,304.62,0,1,6,1,3,731,7,0,0,6,1,5,1,800102,1000000
2024JP0002681,1,304.62,1,1,5,1,3,1948,19,0,0,6,1,5,1,800109,1000000
2024JP0002682,1,304.62,30,2,1,1,9,15269,152,2000,1,1,1,2,1,800101,1000000
2024JP0002683,1,304.62,40,1,6,1,11,23611,236,3000,2,1,1,1,1,800109,1000000
2024JP0002684,1,304.62,57,2,6,1,6,3482,34,6000,1,2,1,5,1,800103,1000000
2024JP0002685,1,304.62,84,2,4,1,11,9987,99,0,0,6,1,5,1,800108,1000000
2024JP0002686,1,304.62,15,1,4,1,11,2204,22,0,0,6,1,5,1,800105,1000000
2024JP0002687,1,304.62,32,1,5,1,6,10020,100,9800,3,1,1,1,1,800102,1000000
2024JP0002688,1,304.62,8,2,2,1,1,1510,15,0,0,6,1,5,1,800106,1000000
2024JP0002689,1,304.62,17,1,6,1,13,3651,36,0,0,6,1,5,1,800103,1000000
2024JP0002690,1,304.62,56,1,6,1,8,8550,85,9920,1,1,1,2,1,800109,1000000
2024JP0002691,1,304.62,11,1,2,1,6,6097,60,0,0,6,1,5,1,800105,1000000
2024JP0002692,1,304.62,43,2,2,1,9,30611,306,6000,1,1,1,1,1,800109,1000000
2024JP0002693,1,304.62,50,1,4,1,5,3902,39,9920,1,1,1,5,1,800100,1000000
2024JP0002694,1,304.62,58,2,2,1,7,3711,37,9920,1,3,1,4,1,800107,1000000
2024JP0002695,1,304.62,18,1,5,1,10,7104,71,7000,3,1,1,1,1,800107,1000000
2024JP0002696,1,304.62,35,1,3,1,9,26754,267,7000,4,1,1,1,1,800107,1000000
2024JP0002697,1,304.62,38,1,3,1,12,34609,346,8000,6,1,1,1,1,800107,1000000
2024JP0002698,1,304.62,36,2,4,1,8,22089,220,9000,1,1,1,2,1,800101,1000000
2024JP0002699,1,304.62,44,2,7,1,6,12089,120,8000,1,1,1,1,1,800108,1000000
2024JP0002700,1,304.62,56,2,2,1,7,6643,66,6000,1,1,1,2,1,800105,1000000
2024JP0002701,1,304.62,13,1,1,1,2,1623,16,0,0,6,1,5,1,800104,1000000
2024JP0002702,1,304.62,31,1,2,1,8,2960,29,9920,1,1,1,1,1,800108,1000000
2024JP0002703,1,304.62,29,2,2,1,9,5069,50,4000,1,1,1,5,1,800108,1000000
2024JP0002704,1,304.62,12,1,7,1,1,2121,21,0,0,6,1,5,1,800105,1000000
2024JP0002705,1,304.62,26,2,5,1,8,2868,28,7000,3,1,1,1,1,800100,1000000
2024JP0002706,1,304.62,11,1,5,1,8,1419,14,0,0,6,1,5,1,800109,1000000
2024JP0002707,1,304.62,25,2,5,1,5,15919,159,9000,4,1,1,1,1,800100,1000000
2024JP0002708,1,304.62,7,1,1,1,7,2128,21,0,0,6,1,5,1,800106,1000000
2024JP0002709,1,304.62,37,2,6,1,5,5214,52,5000,3,1,1,1,1,800104,1000000
2024JP0002710,1,304.62,16,2,6,1,13,5822,58,0,0,6,1,5,1,800104,1000000
2024JP0002711,1,304.62,10,1,6,1,2,2345,23,0,0,6,1,5,1,800105,1000000
2024JP0002712,1,304.62,16,2,1,1,15,11992,119,0,0,6,1,5,1,800109,1000000
2024JP0002713,1,304.62,55,2,1,1,5,3404,34,5000,3,1,1,5,1,800101,1000000
2024JP0002714,1,304.62,33,1,4,1,5,5497,54,7000,3,1,1,1,1,800105,1000000
2024JP0002715,1,304.62,43,2,3,1,6,2968,29,5000,1,1,1,1,1,800107,1000000
2024JP0002716,1,304.62,21,2,1,1,10,4773,47,7000,4,5,1,5,1,800106,1000000
2024JP0002717,1,304.62,39,1,2,1,5,12049,120,9920,1,2,1,1,1,800107,1000000
2024JP0002718,1,304.62,6,1,2,1,3,711,7,0,0,6,1,5,1,800106,1000000
2024JP0002719,1,304.62,42,1,6,1,7,21501,215,8000,3,1,1,1,1,800108,1000000
2024JP0002720,1,304.62,17,1,1,1,17,37630,376,0,0,6,1,5,1,800108,1000000
2024JP0002721,1,304.62,1,2,1,1,4,2075,20,0,0,6,1,5,1,800108,1000000
2024JP0002722,1,304.62,27,2,2,1,8,51786,501,7000,3,1,1,5,1,800100,1000000
2024JP0002723,1,304.62,23,1,6,1,12,11143,111,5000,3,1,1,5,1,800109,1000000
2024JP0002724,1,304.62,43,2,2,1,6,5523,55,9000,3,1,1,1,1,800103,1000000
2024JP0002725,1,304.62,34,2,6,1,14,27873,278,6000,4,1,1,1,1,800101,1000000
2024JP0002726,1,304.62,31,1,6,1,14,47154,471,6000,3,1,1,1,1,800101,1000000
2024JP0002727,1,304.62,13,2,1,1,8,2320,23,0,0,6,1,5,1,800108,1000000
2024JP0002728,1,304.62,51,1,6,1,7,10193,101,9000,1,1,1,1,1,800109,1000000
2024JP0002729,1,304.62,6,1,4,1,8,3344,33,0,0,6,1,5,1,800105,1000000
2024JP0002730,1,304.62,44,1,1,1,5,5585,55,8000,6,1,1,1,1,800101,1000000
2024JP0002731,1,304.62,15,2,1,1,15,8214,82,0,0,6,1,5,1,800105,1000000
2024JP0002732,1,304.62,16,1,5,1,11,2819,28,0,0,6,1,5,1,800106,1000000
2024JP0002733,1,304.62,89,2,3,1,5,3774,37,0,0,6,1,2,1,800108,1000000
2024JP0002734,1,304.62,51,2,2,1,9,12666,126,7000,1,1,1,1,1,800103,1000000
2024JP0002735,1,304.62,29,1,1,1,10,9151,91,1000,1,1,1,5,1,800102,1000000
2024JP0002736,1,304.62,14,2,1,1,5,1437,14,0,0,6,1,5,1,800108,1000000
2024JP0002737,1,304.62,28,1,3,1,11,8991,89,5000,3,1,1,1,1,800102,1000000
2024JP0002738,1,304.62,48,1,6,1,6,14205,142,7000,1,1,1,2,1,800103,1000000
2024JP0002739,1,304.62,21,1,6,1,12,11685,116,6000,4,1,1,5,1,800109,1000000
2024JP0002740,1,304.62,28,2,1,1,6,1530,15,6000,1,1,1,5,1,800107,1000000
2024JP0002741,1,304.62,14,2,1,1,5,575,5,0,0,6,1,5,1,800104,1000000
2024JP0002742,1,304.62,11,2,4,1,5,829,8,0,0,6,1,5,1,800100,1000000
2024JP0002743,1,304.62,35,1,1,1,9,16897,168,7000,1,1,1,1,1,800108,1000000
2024JP0002744,1,304.62,9,2,3,1,1,4269,42,0,0,6,1,5,1,800108,1000000
2024JP0002745,1,304.62,54,1,1,1,9,6562,65,7000,4,1,1,1,1,800107,1000000
2024JP0002746,1,304.62,31,2,6,1,5,30282,302,9800,4,1,1,1,1,800108,1000000
2024JP0002747,1,304.62,44,2,4,1,9,26692,266,5000,1,1,1,1,1,800108,1000000
2024JP0002748,1,304.62,53,2,1,1,7,22120,221,5000,1,1,1,5,1,800105,1000000
2024JP0002749,1,304.62,39,2,3,1,9,37928,379,2000,1,1,1,1,1,800103,1000000
2024JP0002750,1,304.62,17,1,4,1,11,10383,103,0,0,6,1,5,1,800102,1000000
2024JP0002751,1,304.62,31,1,3,1,9,30652,306,9000,4,1,1,5,1,800103,1000000
2024JP0002752,1,304.62,15,1,8,1,15,37102,371,0,0,6,1,5,1,800109,1000000
2024JP0002753,1,304.62,34,2,1,1,7,2765,27,7000,1,1,1,5,1,800100,1000000
2024JP0002754,1,304.62,38,1,5,1,13,44951,449,2000,2,1,1,1,1,800106,1000000
2024JP0002755,1,304.62,0,1,1,1,4,849,8,0,0,6,1,5,1,800109,1000000
2024JP0002756,1,304.62,10,1,1,1,2,3486,34,0,0,6,1,5,1,800109,1000000
2024JP0002757,1,304.62,13,1,6,1,5,4844,48,0,0,6,1,5,1,800100,1000000
2024JP0002758,1,304.62,58,1,2,1,7,8186,81,7000,1,1,1,1,1,800102,1000000
2024JP0002759,1,304.62,38,1,4,1,12,29479,294,6000,3,2,1,1,1,800105,1000000
2024JP0002760,1,304.62,45,1,1,1,6,14578,145,7000,3,1,1,1,1,800106,1000000
2024JP0002761,1,304.62,34,1,1,1,8,21894,218,5000,3,1,1,1,1,800109,1000000
2024JP0002762,1,304.62,33,1,1,1,7,8565,85,9800,4,1,1,1,1,800101,1000000
2024JP0002763,1,304.62,59,2,6,1,5,4444,44,6000,3,5,1,1,1,800104,1000000
2024JP0002764,1,304.62,27,2,5,1,10,11269,112,5000,6,1,1,1,1,800109,1000000
2024JP0002765,1,304.62,18,2,1,1,16,15940,159,5000,1,1,1,5,1,800109,1000000
2024JP0002766,1,304.62,13,1,2,1,1,4061,40,0,0,6,1,5,1,800106,1000000
2024JP0002767,1,304.62,29,1,6,1,10,5264,52,3000,1,1,1,5,1,800104,1000000
2024JP0002768,1,304.62,10,2,6,1,4,1301,13,0,0,6,1,5,1,800105,1000000
2024JP0002769,1,304.62,21,2,2,1,14,4931,49,6000,3,1,1,5,1,800105,1000000
2024JP0002770,1,304.62,25,2,9,1,9,15399,153,8000,3,1,1,5,1,800103,1000000
2024JP0002771,1,304.62,26,1,3,1,6,9165,91,5000,6,3,1,1,2,800106,1000000
2024JP0002772,1,304.62,19,1,7,1,11,14870,148,5000,6,1,1,5,1,800105,1000000
2024JP0002773,1,304.62,43,1,4,1,13,25986,259,3000,3,2,1,1,1,800100,1000000
2024JP0002774,1,304.62,5,2,6,1,6,1043,10,0,0,6,1,5,1,800101,1000000
2024JP0002775,1,304.62,25,1,7,1,9,8947,89,6000,3,1,1,1,1,800107,1000000
2024JP0002776,1,304.62,9,1,3,1,2,939,9,0,0,6,1,5,1,800109,1000000
2024JP0002777,1,304.62,26,1,3,1,10,8682,86,7000,1,1,1,5,1,800102,1000000
2024JP0002778,1,304.62,20,2,6,1,11,4222,42,7000,1,1,1,5,1,800109,1000000
2024JP0002779,1,304.62,45,2,1,1,9,28754,287,8000,3,1,1,1,1,800106,1000000
2024JP0002780,1,304.62,7,1,1,1,3,3724,37,0,0,6,1,5,1,800101,1000000
2024JP0002781,1,304.62,21,2,4,1,12,4817,48,2000,3,1,1,5,1,800108,1000000
2024JP0002782,1,304.62,37,2,2,1,8,9027,90,7000,6,2,1,1,1,800105,1000000
2024JP0002783,1,304.62,42,2,6,1,9,13396,133,1000,3,2,1,1,1,800109,1000000
2024JP0002784,1,304.62,19,2,6,1,14,10483,104,1000,1,1,1,5,1,800101,1000000
2024JP0002785,1,304.62,32,2,3,1,7,6979,69,6000,1,2,1,1,1,800102,1000000
2024JP0002786,1,304.62,33,2,6,1,10,10933,109,2000,1,1,1,1,1,800106,1000000
2024JP0002787,1,304.62,26,1,3,1,13,9787,97,9000,3,2,1,5,1,800107,1000000
2024JP0002788,1,304.62,11,2,1,1,1,2588,25,0,0,6,1,5,1,800109,1000000
2024JP0002789,1,304.62,47,2,1,1,15,62133,501,4000,1,1,1,2,1,800102,1000000
2024JP0002790,1,304.62,51,1,5,1,9,4541,45,6000,4,1,1,1,1,800103,1000000
2024JP0002791,1,304.62,5,1,4,1,5,950,9,0,0,6,1,5,1,800100,1000000
2024JP0002792,1,304.62,18,2,2,1,16,23937,239,6000,1,1,1,5,1,800106,1000000
2024JP0002793,1,304.62,52,1,8,1,11,13836,138,9000,1,1,1,5,1,800105,1000000
2024JP0002794,1,304.62,18,1,6,1,15,24788,247,4000,1,1,1,5,1,800105,1000000
2024JP0002795,1,304.62,30,1,2,1,9,34862,348,8000,3,2,1,2,2,800107,1000000
2024JP0002796,1,304.62,3,2,5,1,2,2238,22,0,0,6,1,5,1,800105,1000000
2024JP0002797,1,304.62,26,2,2,1,6,3878,38,5000,3,1,1,5,1,800108,1000000
2024JP0002798,1,304.62,45,1,2,1,10,11487,114,5000,1,1,1,1,1,800107,1000000
2024JP0002799,1,304.62,10,2,3,1,2,5432,54,0,0,6,1,5,1,800106,1000000
2024JP0002800,1,304.62,38,2,1,1,9,15977,159,7000,6,3,1,1,1,800100,1000000
2024JP0002801,1,304.62,37,1,6,1,7,4831,48,8000,3,1,1,1,1,800104,1000000
2024JP0002802,1,304.62,38,1,7,1,11,58076,501,1000,1,1,1,5,1,800105,1000000
2024JP0002803,1,304.62,28,1,1,1,6,4650,46,9000,1,4,1,5,1,800100,1000000
2024JP0002804,1,304.62,29,2,9,1,7,11181,111,5000,1,1,1,1,1,800107,1000000
2024JP0002805,1,304.62,16,1,1,1,11,4941,49,0,0,6,1,5,1,800101,1000000
2024JP0002806,1,304.62,14,2,3,1,3,13433,134,0,0,6,1,5,1,800101,1000000
2024JP0002807,1,304.62,23,1,2,1,13,5112,51,6000,4,1,1,1,1,800105,1000000
2024JP0002808,1,304.62,8,1,4,1,3,5347,53,0,0,6,1,5,1,800100,1000000
2024JP0002809,1,304.62,26,2,7,1,9,11425,114,3000,2,1,1,5,1,800109,1000000
2024JP0002810,1,304.62,41,2,4,1,11,29035,290,9000,4,1,1,1,1,800100,1000000
2024JP0002811,1,304.62,2,1,6,1,6,5569,55,0,0,6,1,5,1,800105,1000000
2024JP0002812,1,304.62,13,1,2,1,1,2586,25,0,0,6,1,5,1,800104,1000000
2024JP0002813,1,304.62,22,1,5,1,11,2827,28,1000,1,1,1,5,1,800103,1000000
2024JP0002814,1,304.62,33,1,3,1,5,2604,26,6000,4,2,1,1,1,800102,1000000
2024JP0002815,1,304.62,6,1,8,1,2,1870,18,0,0,6,1,5,1,800105,1000000
2024JP0002816,1,304.62,48,2,4,1,10,23410,234,6000,6,1,1,5,1,800105,1000000
2024JP0002817,1,304.62,20,2,3,1,12,38646,386,5000,1,1,1,1,1,800104,1000000
2024JP0002818,1,304.62,16,2,1,1,12,13613,136,0,0,6,1,5,1,800103,1000000
2024JP0002819,1,304.62,17,1,3,1,18,11078,110,0,0,6,1,5,1,800106,1000000
2024JP0002820,1,304.62,34,1,1,1,7,6625,66,7000,4,1,1,1,1,800109,1000000
2024JP0002821,1,304.62,14,1,1,1,4,811,8,0,0,6,1,5,1,800103,1000000
2024JP0002822,1,304.62,33,1,1,1,6,10949,109,7000,4,1,1,1,1,800105,1000000
2024JP0002823,1,304.62,24,2,1,1,13,27907,279,8000,4,5,1,1,1,800107,1000000
2024JP0002824,1,304.62,41,1,3,1,9,47933,479,8000,3,5,1,1,1,800105,1000000
2024JP0002825,1,304.62,20,2,1,1,14,5901,59,1000,1,1,1,5,1,800109,1000000
2024JP0002826,1,304.62,18,1,5,1,17,21820,218,2000,3,1,1,5,1,800100,1000000
2024JP0002827,1,304.62,24,2,4,1,16,53739,501,6000,1,1,1,1,1,800109,1000000
2024JP0002828,1,304.62,0,1,6,1,7,1065,10,0,0,6,1,5,1,800101,1000000
2024JP0002829,1,304.62,11,2,8,1,6,2539,25,0,0,6,1,5,1,800102,1000000
2024JP0002830,1,304.62,42,1,3,1,5,4173,41,9000,1,1,1,1,1,800105,1000000
2024JP0002831,1,304.62,19,1,4,1,11,5106,51,9800,3,2,1,5,1,800106,1000000
2024JP0002832,1,304.62,31,2,1,1,5,9210,92,7000,1,1,1,1,1,800105,1000000
2024JP0002833,1,304.62,34,2,3,1,5,8251,82,6000,3,3,1,1,1,800100,1000000
2024JP0002834,1,304.62,33,2,9,1,7,8069,80,9800,3,5,1,1,1,800109,1000000
2024JP0002835,1,304.62,22,1,5,1,13,5819,58,7000,3,1,1,5,1,800103,1000000
2024JP0002836,1,304.62,63,1,1,1,8,5110,51,5000,1,1,1,1,1,800105,1000000
2024JP0002837,1,304.62,41,1,6,1,6,6602,66,9000,1,1,1,1,1,800108,1000000
2024JP0002838,1,304.62,18,2,3,1,14,4391,43,9000,3,1,1,5,1,800103,1000000
2024JP0002839,1,304.62,42,1,2,1,10,43966,439,5000,3,1,1,1,1,800107,1000000
2024JP0002840,1,304.62,33,1,1,1,5,4067,40,9000,3,2,1,1,1,800106,1000000
2024JP0002841,1,304.62,54,1,6,1,12,31568,315,8000,3,1,1,1,1,800104,1000000
2024JP0002842,1,304.62,20,2,8,1,12,23326,233,9800,1,1,1,5,1,800108,1000000
2024JP0002843,1,304.62,5,1,6,1,2,2088,20,0,0,6,1,5,1,800106,1000000
2024JP0002844,1,304.62,21,1,5,1,13,4817,48,9000,1,3,1,5,1,800100,1000000
2024JP0002845,1,304.62,42,1,6,1,7,6691,66,7000,6,1,1,1,1,800108,1000000
2024JP0002846,1,304.62,21,2,7,1,16,19901,199,6000,3,1,1,5,1,800107,1000000
2024JP0002847,1,304.62,24,1,1,1,17,23331,233,6000,4,1,1,5,1,800104,1000000
2024JP0002848,1,304.62,59,1,1,1,6,5245,52,7000,1,1,1,1,1,800101,1000000
2024JP0002849,1,304.62,31,2,1,1,12,13130,131,7000,1,1,1,1,1,800107,1000000
2024JP0002850,1,304.62,99,2,6,1,5,8228,82,0,0,6,1,1,1,800102,1000000
2024JP0002851,1,304.62,65,1,4,1,8,1293,12,9800,3,5,1,1,1,800109,1000000
2024JP0002852,1,304.62,12,2,7,1,3,1684,16,0,0,6,1,5,1,800104,1000000
2024JP0002853,1,304.62,2,1,4,1,6,8447,84,0,0,6,1,5,1,800106,1000000
2024JP0002854,1,304.62,23,2,5,1,10,19341,193,2000,3,1,1,5,1,800105,1000000
2024JP0002855,1,304.62,12,1,2,1,4,1368,13,0,0,6,1,5,1,800108,1000000
2024JP0002856,1,304.62,59,2,6,1,7,3607,36,6000,6,1,1,2,1,800104,1000000
2024JP0002857,1,304.62,28,2,1,1,8,1280,12,9800,1,1,1,1,1,800103,1000000
2024JP0002858,1,304.62,9,2,4,1,5,2109,21,0,0,6,1,5,1,800101,1000000
2024JP0002859,1,304.62,28,1,8,1,12,14451,144,7000,3,1,1,1,1,800100,1000000
2024JP0002860,1,304.62,47,1,5,1,7,12477,124,9800,3,2,1,1,1,800103,1000000
2024JP0002861,1,304.62,34,1,3,1,7,11542,115,9000,1,1,1,1,1,800107,1000000
2024JP0002862,1,304.62,26,2,4,1,7,7087,70,7000,4,1,1,1,1,800101,1000000
2024JP0002863,1,304.62,12,1,6,1,3,782,7,0,0,6,1,5,1,800103,1000000
2024JP0002864,1,304.62,93,1,1,1,6,5588,55,0,0,6,1,1,1,800103,1000000
2024JP0002865,1,304.62,42,2,1,1,9,26508,265,2000,1,1,1,1,1,800104,1000000
2024JP0002866,1,304.62,17,1,4,1,17,19807,198,0,0,6,1,5,1,800100,1000000
2024JP0002867,1,304.62,31,2,8,1,10,29346,293,1000,1,1,5,1,1,800108,1000000
2024JP0002868,1,304.62,73,1,6,1,7,5243,52,0,0,6,1,1,1,800101,1000000
2024JP0002869,1,304.62,2,2,3,1,5,4332,43,0,0,6,1,5,1,800103,1000000
2024JP0002870,1,304.62,87,1,4,1,7,1709,17,0,0,6,1,1,1,800102,1000000
2024JP0002871,1,304.62,73,1,3,1,10,10202,102,0,0,6,1,1,1,800104,1000000
2024JP0002872,1,304.62,31,2,6,1,7,4500,45,9000,1,2,1,2,1,800106,1000000
2024JP0002873,1,304.62,64,2,5,1,10,49783,497,7000,1,1,1,1,1,800101,1000000
2024JP0002874,1,304.62,12,1,2,1,4,448,4,0,0,6,1,5,1,800107,1000000
2024JP0002875,1,304.62,40,2,4,1,9,13801,138,2000,1,1,1,5,1,800100,1000000
2024JP0002876,1,304.62,80,1,8,1,12,21288,212,0,0,6,1,2,1,800105,1000000
2024JP0002877,1,304.62,37,1,6,1,12,34129,341,5000,3,5,1,1,1,800104,1000000
2024JP0002878,1,304.62,32,2,5,1,7,2080,20,6000,4,1,1,1,1,800101,1000000
2024JP0002879,1,304.62,29,1,6,1,7,760,7,6000,3,1,1,1,1,800102,1000000
2024JP0002880,1,304.62,24,1,5,1,12,20971,209,6000,1,1,1,1,1,800109,1000000
2024JP0002881,1,304.62,10,2,6,1,4,1111,11,0,0,6,1,5,1,800101,1000000
2024JP0002882,1,304.62,18,2,4,1,10,4156,41,6000,3,1,1,5,1,800104,1000000
2024JP0002883,1,304.62,4,2,4,1,1,1082,10,0,0,6,1,5,1,800100,1000000
2024JP0002884,1,304.62,8,1,4,1,7,868,8,0,0,6,1,5,1,800108,1000000
2024JP0002885,1,304.62,18,1,8,1,13,2912,29,1000,1,1,1,5,1,800106,1000000
2024JP0002886,1,304.62,55,2,6,1,13,20295,202,5000,1,1,1,1,1,800106,1000000
2024JP0002887,1,304.62,37,1,6,1,12,28793,287,6000,1,1,1,3,1,800105,1000000
2024JP0002888,1,304.62,94,2,9,1,8,2347,23,0,0,6,1,1,1,800106,1000000
2024JP0002889,1,304.62,22,1,1,1,12,27844,278,5000,1,1,1,5,1,800109,1000000
2024JP0002890,1,304.62,7,1,1,1,7,727,7,0,0,6,1,5,1,800103,1000000
2024JP0002891,1,304.62,38,1,3,1,9,22205,222,8000,3,1,1,1,1,800104,1000000
2024JP0002892,1,304.62,39,2,4,1,8,24823,248,7000,4,1,1,2,1,800105,1000000
2024JP0002893,1,304.62,59,2,2,1,5,7469,74,6000,6,1,1,5,1,800106,1000000
2024JP0002894,1,304.62,27,2,6,1,11,8490,84,5000,4,1,1,5,1,800100,1000000
2024JP0002895,1,304.62,65,2,6,1,5,2651,26,9800,1,1,1,1,1,800107,1000000
2024JP0002896,1,304.62,18,1,1,1,10,7900,79,7000,1,4,1,1,1,800101,1000000
2024JP0002897,1,304.62,43,2,7,1,8,2089,20,9800,3,1,1,1,1,800102,1000000
2024JP0002898,1,304.62,9,2,3,1,7,3253,32,0,0,6,1,5,1,800105,1000000
2024JP0002899,1,304.62,30,2,6,1,10,17050,170,5000,1,1,1,1,1,800100,1000000
2024JP0002900,1,304.62,19,2,3,1,16,40919,409,3000,3,4,1,5,1,800101,1000000
2024JP0002901,1,304.62,25,1,8,1,11,14217,142,6000,3,4,1,1,1,800108,1000000
2024JP0002902,1,304.62,37,2,1,1,9,58453,501,6000,1,1,1,1,1,800108,1000000
2024JP0002903,1,304.62,36,1,7,1,8,12985,129,9920,4,1,1,1,1,800102,1000000
2024JP0002904,1,304.62,35,2,8,1,7,5766,57,6000,3,1,1,1,1,800108,1000000
2024JP0002905,1,304.62,20,1,5,1,15,7638,76,6000,4,1,1,5,1,800107,1000000
2024JP0002906,1,304.62,11,2,1,1,1,3722,37,0,0,6,1,5,1,800104,1000000
2024JP0002907,1,304.62,40,2,5,1,10,5003,50,2000,3,2,1,3,1,800102,1000000
2024JP0002908,1,304.62,87,2,5,1,5,3515,35,0,0,6,1,2,1,800107,1000000
2024JP0002909,1,304.62,19,1,4,1,11,10120,101,7000,1,3,1,5,1,800100,1000000
2024JP0002910,1,304.62,27,2,2,1,9,22436,224,5000,3,1,1,1,1,800104,1000000
2024JP0002911,1,304.62,0,1,5,1,3,1238,12,0,0,6,1,5,1,800105,1000000
2024JP0002912,1,304.62,14,2,1,1,3,3950,39,0,0,6,1,5,1,800100,1000000
2024JP0002913,1,304.62,5,1,4,1,4,5312,53,0,0,6,1,5,1,800106,1000000
2024JP0002914,1,304.62,22,2,2,1,12,10385,103,8000,4,1,1,1,1,800104,1000000
2024JP0002915,1,304.62,17,2,1,1,17,26615,266,0,0,6,1,5,1,800109,1000000
2024JP0002916,1,304.62,31,2,6,1,12,15147,151,6000,1,1,1,1,1,800103,1000000
2024JP0002917,1,304.62,14,1,1,1,4,2230,22,0,0,6,1,5,1,800102,1000000
2024JP0002918,1,304.62,11,1,5,1,3,2031,20,0,0,6,1,5,1,800109,1000000
2024JP0002919,1,304.62,41,1,1,1,12,38982,389,9000,4,1,1,1,1,800104,1000000
2024JP0002920,1,304.62,65,2,2,1,7,1064,10,9920,3,5,1,1,1,800101,1000000
2024JP0002921,1,304.62,61,1,3,1,5,18223,182,9800,4,2,1,1,1,800102,1000000
2024JP0002922,1,304.62,15,1,5,1,10,2168,21,0,0,6,1,5,1,800105,1000000
2024JP0002923,1,304.62,5,1,2,1,3,1848,18,0,0,6,1,5,1,800101,1000000
2024JP0002924,1,304.62,31,2,6,1,7,3811,38,7000,3,1,1,2,1,800107,1000000
2024JP0002925,1,304.62,33,2,1,1,9,17853,178,7000,3,1,1,1,1,800109,1000000
2024JP0002926,1,304.62,22,2,5,1,15,34740,347,6000,1,1,1,5,1,800107,1000000
2024JP0002927,1,304.62,52,2,3,1,7,4239,42,9800,3,1,1,1,1,800106,1000000
2024JP0002928,1,304.62,40,2,6,1,12,7210,72,1000,1,1,1,1,1,800100,1000000
2024JP0002929,1,304.62,37,1,3,1,14,31732,317,8000,4,1,1,1,1,800102,1000000
2024JP0002930,1,304.62,27,2,6,1,13,12021,120,2000,3,1,5,1,1,800103,1000000
2024JP0002931,1,304.62,15,1,3,1,17,10039,100,0,0,6,1,5,1,800101,1000000
2024JP0002932,1,304.62,9,1,1,1,1,2680,26,0,0,6,1,5,1,800104,1000000
2024JP0002933,1,304.62,83,2,2,1,5,1545,15,0,0,6,1,5,1,800100,1000000
2024JP0002934,1,304.62,21,2,4,1,15,32024,320,6000,1,1,1,5,1,800103,1000000
2024JP0002935,1,304.62,78,2,5,1,10,6333,63,0,0,6,1,5,1,800101,1000000
2024JP0002936,1,304.62,5,1,4,1,2,905,9,0,0,6,1,5,1,800100,1000000
2024JP0002937,1,304.62,29,2,4,1,6,1198,11,9000,4,1,1,1,1,800109,1000000
2024JP0002938,1,304.62,14,1,2,1,3,413,4,0,0,6,1,5,1,800105,1000000
2024JP0002939,1,304.62,8,2,3,1,6,1876,18,0,0,6,1,5,1,800102,1000000
2024JP0002940,1,304.62,32,1,5,1,11,13212,132,5000,4,5,1,1,1,800105,1000000
2024JP0002941,1,304.62,57,2,5,1,9,19242,192,6000,4,5,1,1,1,800101,1000000
2024JP0002942,1,304.62,43,2,2,1,6,30424,304,9800,4,2,2,1,1,800106,1000000
2024JP0002943,1,304.62,32,1,6,1,5,6206,62,6000,1,5,1,1,1,800107,1000000
2024JP0002944,1,304.62,41,1,1,1,9,25931,259,8000,6,1,1,1,1,800101,1000000
2024JP0002945,1,304.62,16,2,1,1,10,4986,49,0,0,6,1,5,1,800105,1000000
2024JP0002946,1,304.62,16,1,5,1,16,33764,337,0,0,6,1,5,1,800104,1000000
2024JP0002947,1,304.62,15,1,2,1,12,18864,188,0,0,6,1,5,1,800104,1000000
2024JP0002948,1,304.62,10,2,1,1,3,1375,13,0,0,6,1,5,1,800109,1000000
2024JP0002949,1,304.62,40,2,3,1,6,10883,108,6000,4,1,1,1,1,800102,1000000
2024JP0002950,1,304.62,48,2,4,1,10,22318,223,9800,3,1,1,1,1,800103,1000000
2024JP0002951,1,304.62,35,2,4,1,6,12012,120,5000,1,1,1,1,1,800107,1000000
2024JP0002952,1,304.62,77,1,2,1,6,556,5,0,0,6,1,1,1,800101,1000000
2024JP0002953,1,304.62,59,2,2,1,10,37303,373,2000,1,1,1,5,1,800106,1000000
2024JP0002954,1,304.62,89,1,1,1,6,10589,105,0,0,6,1,3,1,800103,1000000
2024JP0002955,1,304.62,14,1,1,1,5,4453,44,0,0,6,1,5,1,800102,1000000
2024JP0002956,1,304.62,0,1,6,1,1,3377,33,0,0,6,1,5,1,800104,1000000
2024JP0002957,1,304.62,10,2,1,1,1,6608,66,0,0,6,1,5,1,800103,1000000
2024JP0002958,1,304.62,40,2,2,1,8,5652,56,5000,6,1,1,1,1,800105,1000000
2024JP0002959,1,304.62,11,1,2,1,2,2825,28,0,0,6,1,5,1,800109,1000000
2024JP0002960,1,304.62,34,1,4,1,6,6898,68,9920,1,1,1,1,1,800108,1000000
2024JP0002961,1,304.62,47,2,8,1,7,5057,50,9000,4,1,1,1,1,800101,1000000
2024JP0002962,1,304.62,3,1,1,1,2,2022,20,0,0,6,1,5,1,800100,1000000
2024JP0002963,1,304.62,57,2,8,1,12,23372,233,8000,1,1,1,1,1,800102,1000000
2024JP0002964,1,304.62,73,1,2,1,5,3508,35,0,0,6,1,2,1,800107,1000000
2024JP0002965,1,304.62,1,2,5,1,1,1158,11,0,0,6,1,5,1,800104,1000000
2024JP0002966,1,304.62,3,2,5,1,1,2383,23,0,0,6,1,5,1,800102,1000000
2024JP0002967,1,304.62,7,2,2,1,3,1761,17,0,0,6,1,5,1,800106,1000000
2024JP0002968,1,304.62,56,2,8,1,10,23800,238,6000,3,1,1,1,1,800100,1000000
2024JP0002969,1,304.62,23,2,2,1,14,14553,145,2000,2,1,1,5,1,800106,1000000
2024JP0002970,1,304.62,26,2,4,1,11,11207,112,6000,3,1,1,5,1,800104,1000000
2024JP0002971,1,304.62,24,1,6,1,13,8615,86,2000,3,1,1,5,1,800109,1000000
2024JP0002972,1,304.62,8,2,1,1,5,3644,36,0,0,6,1,5,1,800100,1000000
2024JP0002973,1,304.62,84,2,1,1,6,8795,87,0,0,6,1,3,1,800100,1000000
2024JP0002974,1,304.62,25,1,5,1,11,6481,64,7000,1,1,1,5,1,800109,1000000
2024JP0002975,1,304.62,13,2,7,1,4,897,8,0,0,6,1,5,1,800105,1000000
2024JP0002976,1,304.62,11,1,4,1,3,1012,10,0,0,6,2,5,1,800100,1000000
2024JP0002977,1,304.62,26,1,6,1,15,70933,501,4000,3,1,1,5,1,800105,1000000
2024JP0002978,1,304.62,57,2,5,1,13,34340,343,6000,4,1,1,2,1,800101,1000000
2024JP0002979,1,304.62,43,1,1,1,7,3468,34,9800,3,1,1,1,1,800103,1000000
2024JP0002980,1,304.62,44,1,1,1,8,5643,56,5000,4,1,1,1,1,800102,1000000
2024JP0002981,1,304.62,23,1,4,1,12,12171,121,7000,4,1,1,5,1,800106,1000000
2024JP0002982,1,304.62,37,2,2,1,6,5523,55,7000,3,2,1,1,1,800105,1000000
2024JP0002983,1,304.62,23,1,1,1,14,40081,400,5000,3,1,1,5,1,800107,1000000
2024JP0002984,1,304.62,5,2,6,1,5,1421,14,0,0,6,1,5,1,800104,1000000
2024JP0002985,1,304.62,45,1,6,1,7,9473,94,6000,1,5,1,1,1,800109,1000000
2024JP0002986,1,304.62,0,1,6,1,3,2109,21,0,0,6,1,5,1,800101,1000000
2024JP0002987,1,304.62,33,1,3,1,5,11588,115,9920,3,2,1,5,1,800100,1000000
2024JP0002988,1,304.62,21,2,7,1,13,8350,83,9800,4,1,1,5,1,800101,1000000
2024JP0002989,1,304.62,11,1,4,1,4,9173,91,0,0,6,1,5,1,800103,1000000
2024JP0002990,1,304.62,6,1,5,1,4,2099,20,0,0,6,1,5,1,800105,1000000
2024JP0002991,1,304.62,33,1,5,1,10,8426,84,5000,4,1,1,1,1,800104,1000000
2024JP0002992,1,304.62,87,1,7,1,8,1628,16,0,0,6,1,1,1,800105,1000000
2024JP0002993,1,304.62,10,2,4,1,2,7776,77,0,0,6,1,5,1,800101,1000000
2024JP0002994,1,304.62,20,2,6,1,17,21364,213,3000,3,1,1,5,1,800100,1000000
2024JP0002995,1,304.62,59,2,3,1,9,38827,388,1000,3,5,1,1,1,800101,1000000
2024JP0002996,1,304.62,5,1,1,1,3,834,8,0,0,6,1,5,1,800106,1000000
2024JP0002997,1,304.62,42,1,1,1,6,4443,44,6000,1,5,1,1,1,800101,1000000
2024JP0002998,1,304.62,22,2,1,1,14,3906,39,2000,1,1,1,5,1,800105,1000000
2024JP0002999,1,304.62,39,1,3,1,13,48298,482,8000,1,1,1,1,1,800103,1000000
2024JP0003000,1,304.62,12,2,9,1,5,6403,64,0,0,6,1,5,1,800100,1000000
2024JP0003001,1,304.62,32,2,6,1,10,45300,453,8000,3,1,1,1,1,800102,1000000
2024JP0003002,1,304.62,1,2,5,1,4,2612,26,0,0,6,1,5,1,800103,1000000
2024JP0003003,1,304.62,56,1,2,1,9,9929,99,7000,6,2,1,1,1,800105,1000000
2024JP0003004,1,304.62,54,2,6,1,5,12350,123,9000,1,1,1,1,1,800102,1000000
2024JP0003005,1,304.62,90,1,2,1,6,3487,34,0,0,6,1,2,1,800107,1000000
2024JP0003006,1,304.62,37,1,4,1,9,14994,149,6000,4,1,1,1,1,800102,1000000
2024JP0003007,1,304.62,41,1,6,1,9,26370,263,1000,1,1,1,1,1,800100,1000000
2024JP0003008,1,304.62,44,2,6,1,5,3271,32,6000,4,1,1,1,1,800107,1000000
2024JP0003009,1,304.62,8,2,8,1,5,453,4,0,0,6,1,5,1,800108,1000000
2024JP0003010,1,304.62,14,2,1,1,7,3618,36,0,0,6,1,5,1,800100,1000000
2024JP0003011,1,304.62,29,2,2,1,10,8941,89,7000,4,1,1,1,1,800105,1000000
2024JP0003012,1,304.62,27,1,1,1,14,30120,301,6000,1,1,1,5,1,800107,1000000
2024JP0003013,1,304.62,36,1,5,1,11,30732,307,3000,1,1,1,1,1,800108,1000000
2024JP0003014,1,304.62,44,2,7,1,11,32639,326,8000,6,1,1,1,1,800109,1000000
2024JP0003015,1,304.62,1,1,6,1,6,6438,64,0,0,6,1,5,1,800100,1000000
2024JP0003016,1,304.62,44,1,7,1,6,2258,22,5000,4,1,1,1,1,800106,1000000
2024JP0003017,1,304.62,56,2,7,1,11,7018,70,6000,1,1,1,1,1,800103,1000000
2024JP0003018,1,304.62,4,1,6,1,3,707,7,0,0,6,1,5,1,800100,1000000
2024JP0003019,1,304.62,44,2,4,1,7,12019,120,9000,4,1,1,1,1,800108,1000000
2024JP0003020,1,304.62,9,2,3,1,7,5664,56,0,0,6,1,5,1,800106,1000000
2024JP0003021,1,304.62,1,2,2,1,4,5817,58,0,0,6,1,5,1,800107,1000000
2024JP0003022,1,304.62,16,2,6,1,15,57655,501,0,0,6,1,5,1,800106,1000000
2024JP0003023,1,304.62,33,2,7,1,8,12384,123,5000,3,1,1,5,1,800107,1000000
2024JP0003024,1,304.62,37,2,2,1,9,23038,230,2000,1,5,1,1,1,800107,1000000
2024JP0003025,1,304.62,18,2,6,1,12,8686,86,8000,4,1,1,5,1,800102,1000000
2024JP0003026,1,304.62,26,1,6,1,14,13586,135,5000,1,1,1,1,1,800103,1000000
2024JP0003027,1,304.62,83,2,4,1,5,2336,23,0,0,6,1,1,1,800108,1000000
2024JP0003028,1,304.62,29,1,4,1,8,9686,96,6000,3,2,1,5,1,800109,1000000
2024JP0003029,1,304.62,11,2,3,1,5,438,4,0,0,6,1,5,1,800104,1000000
2024JP0003030,1,304.62,9,1,3,1,5,1915,19,0,0,6,1,5,1,800102,1000000
2024JP0003031,1,304.62,30,1,1,1,12,43059,430,2000,1,1,1,1,1,800109,1000000
2024JP0003032,1,304.62,18,2,2,1,15,58596,501,2000,3,1,1,1,1,800106,1000000
2024JP0003033,1,304.62,8,2,2,1,3,3422,34,0,0,6,1,5,1,800107,1000000
2024JP0003034,1,304.62,59,1,2,1,5,7187,71,8000,1,1,1,1,1,800109,1000000
2024JP0003035,1,304.62,57,1,6,1,9,11012,110,5000,3,1,1,1,1,800103,1000000
2024JP0003036,1,304.62,18,2,1,1,19,63448,501,4000,2,1,1,5,1,800109,1000000
2024JP0003037,1,304.62,33,1,7,1,7,4290,42,7000,6,1,1,1,1,800106,1000000
2024JP0003038,1,304.62,39,1,1,1,13,73177,501,5000,6,1,1,1,1,800101,1000000
2024JP0003039,1,304.62,5,2,2,1,7,1976,19,0,0,6,1,5,1,800101,1000000
2024JP0003040,1,304.62,14,2,2,1,3,4718,47,0,0,6,1,5,1,800103,1000000
2024JP0003041,1,304.62,88,1,2,1,9,10312,103,0,0,6,1,1,1,800106,1000000
2024JP0003042,1,304.62,41,1,7,1,7,3928,39,9000,4,1,1,1,1,800106,1000000
2024JP0003043,1,304.62,15,1,5,1,19,38895,388,0,0,6,1,5,1,800109,1000000
2024JP0003044,1,304.62,8,1,1,1,5,3205,32,0,0,6,1,5,1,800106,1000000
2024JP0003045,1,304.62,66,2,3,1,8,8880,88,7000,3,1,1,5,1,800107,1000000
2024JP0003046,1,304.62,31,2,4,1,9,6979,69,5000,3,2,1,1,1,800109,1000000
2024JP0003047,1,304.62,4,2,6,1,8,3004,30,0,0,6,1,5,1,800101,1000000
2024JP0003048,1,304.62,42,1,1,1,8,3254,32,5000,4,1,1,1,1,800102,1000000
2024JP0003049,1,304.62,44,1,7,1,14,14616,146,2000,1,2,1,2,1,800109,1000000
2024JP0003050,1,304.62,37,2,6,1,10,20642,206,6000,1,1,1,2,1,800103,1000000
2024JP0003051,1,304.62,20,2,7,1,12,60497,501,1000,1,1,1,5,1,800108,1000000
2024JP0003052,1,304.62,38,1,4,1,6,9071,90,5000,1,1,1,1,1,800104,1000000
2024JP0003053,1,304.62,2,1,1,1,5,3487,34,0,0,6,1,5,1,800108,1000000
2024JP0003054,1,304.62,40,2,3,1,7,7071,70,8000,1,5,1,1,1,800106,1000000
2024JP0003055,1,304.62,5,1,5,1,7,1632,16,0,0,6,1,5,1,800109,1000000
2024JP0003056,1,304.62,5,2,7,1,5,1408,14,0,0,6,1,5,1,800103,1000000
2024JP0003057,1,304.62,30,2,4,1,5,4781,47,9800,4,1,1,1,1,800106,1000000
2024JP0003058,1,304.62,12,2,5,1,4,1112,11,0,0,6,1,5,1,800102,1000000
2024JP0003059,1,304.62,2,1,2,1,4,673,6,0,0,6,1,5,1,800100,1000000
2024JP0003060,1,304.62,5,2,4,1,2,1474,14,0,0,6,1,5,1,800104,1000000
2024JP0003061,1,304.62,35,2,1,1,8,4454,44,5000,3,1,1,1,1,800107,1000000
2024JP0003062,1,304.62,46,2,7,1,8,13290,132,6000,1,3,1,2,1,800107,1000000
2024JP0003063,1,304.62,37,1,3,1,10,35121,351,6000,1,1,1,1,1,800101,1000000
2024JP0003064,1,304.62,26,1,1,1,8,8730,87,6000,6,1,1,1,1,800100,1000000
2024JP0003065,1,304.62,26,2,1,1,9,25205,252,6000,6,1,1,5,1,800106,1000000
2024JP0003066,1,304.62,54,1,7,1,11,4679,46,3000,1,1,1,1,1,800105,1000000
2024JP0003067,1,304.62,48,1,4,1,8,4232,42,5000,1,1,1,5,1,800105,1000000
2024JP0003068,1,304.62,1,1,1,1,2,509,5,0,0,6,1,5,1,800104,1000000
2024JP0003069,1,304.62,8,1,2,1,7,2483,24,0,0,6,1,5,1,800105,1000000
2024JP0003070,1,304.62,6,1,2,1,5,3894,38,0,0,6,1,5,1,800104,1000000
2024JP0003071,1,304.62,43,2,4,1,10,101894,501,9000,6,1,1,1,1,800105,1000000
2024JP0003072,1,304.62,1,2,3,1,1,1401,14,0,0,6,1,5,1,800106,1000000
2024JP0003073,1,304.62,40,2,3,1,7,2065,20,5000,1,1,1,1,1,800106,1000000
2024JP0003074,1,304.62,37,2,6,1,6,9495,94,7000,3,1,1,1,1,800109,1000000
2024JP0003075,1,304.62,2,2,7,1,4,12355,123,0,0,6,1,5,1,800104,1000000
2024JP0003076,1,304.62,35,2,4,1,7,8807,88,7000,4,2,1,1,1,800104,1000000
2024JP0003077,1,304.62,24,1,2,1,15,64944,501,2000,2,4,1,5,1,800106,1000000
2024JP0003078,1,304.62,17,2,2,1,16,5583,55,0,0,6,1,5,1,800103,1000000
2024JP0003079,1,304.62,56,2,2,1,8,14844,148,6000,3,1,5,2,1,800105,1000000
2024JP0003080,1,304.62,59,2,7,1,9,19131,191,5000,1,1,1,1,1,800103,1000000
2024JP0003081,1,304.62,17,1,4,1,10,10059,100,0,0,6,1,5,1,800102,1000000
2024JP0003082,1,304.62,93,1,2,1,6,8709,87,0,0,6,1,1,1,800102,1000000
2024JP0003083,1,304.62,0,2,4,1,8,3788,37,0,0,6,1,5,1,800101,1000000
2024JP0003084,1,304.62,30,1,6,1,9,21688,216,6000,3,4,1,2,1,800102,1000000
2024JP0003085,1,304.62,26,2,1,1,5,13083,130,7000,1,1,1,5,1,800100,1000000
2024JP0003086,1,304.62,35,1,1,1,6,1072,10,6000,4,1,1,1,1,800107,1000000
2024JP0003087,1,304.62,8,2,2,1,1,1564,15,0,0,6,1,5,1,800100,1000000
2024JP0003088,1,304.62,31,2,1,1,15,87782,501,4000,2,5,1,1,1,800105,1000000
2024JP0003089,1,304.62,12,1,3,1,6,2823,28,0,0,6,1,5,1,800104,1000000
2024JP0003090,1,304.62,67,2,1,1,7,1583,15,8000,3,5,1,2,1,800102,1000000
2024JP0003091,1,304.62,14,1,1,1,6,753,7,0,0,6,1,5,1,800101,1000000
2024JP0003092,1,304.62,15,2,3,1,13,8224,82,0,0,6,1,5,1,800101,1000000
2024JP0003093,1,304.62,34,2,2,1,9,39246,392,9000,1,1,1,5,1,800107,1000000
2024JP0003094,1,304.62,26,2,4,1,6,5041,50,8000,3,1,1,5,1,800104,1000000
2024JP0003095,1,304.62,18,2,6,1,20,36624,366,4000,1,1,1,5,2,800100,1000000
2024JP0003096,1,304.62,14,1,6,1,2,3232,32,0,0,6,1,5,1,800100,1000000
2024JP0003097,1,304.62,4,1,5,1,3,3885,38,0,0,6,1,5,1,800102,1000000
2024JP0003098,1,304.62,25,2,6,1,14,13668,136,3000,3,1,1,5,1,800109,1000000
2024JP0003099,1,304.62,93,2,6,1,7,5046,50,0,0,6,1,1,1,800103,1000000
2024JP0003100,1,304.62,14,1,3,1,2,2548,25,0,0,6,1,5,1,800100,1000000
2024JP0003101,1,304.62,29,1,7,1,11,11732,117,6000,1,3,1,5,1,800100,1000000
2024JP0003102,1,304.62,17,2,6,1,18,13038,130,0,0,6,1,5,1,800102,1000000
2024JP0003103,1,304.62,42,1,3,1,7,1913,19,6000,6,1,1,1,1,800100,1000000
2024JP0003104,1,304.62,35,1,5,1,10,49866,498,3000,1,1,1,1,1,800102,1000000
2024JP0003105,1,304.62,4,1,1,1,4,4959,49,0,0,6,1,5,1,800109,1000000
2024JP0003106,1,304.62,63,1,2,1,7,4905,49,5000,1,1,1,1,1,800101,1000000
2024JP0003107,1,304.62,6,2,1,1,6,1728,17,0,0,6,1,5,1,800106,1000000
2024JP0003108,1,304.62,11,1,1,1,4,1553,15,0,0,6,1,5,1,800108,1000000
2024JP0003109,1,304.62,4,1,1,1,3,530,5,0,0,6,1,5,1,800108,1000000
2024JP0003110,1,304.62,93,1,1,1,6,628,6,0,0,6,1,1,1,800108,1000000
2024JP0003111,1,304.62,8,1,2,1,1,1923,19,0,0,6,1,5,1,800105,1000000
2024JP0003112,1,304.62,97,1,1,1,5,3955,39,0,0,6,1,3,1,800101,1000000
2024JP0003113,1,304.62,2,1,5,1,5,960,9,0,0,6,1,5,1,800105,1000000
2024JP0003114,1,304.62,4,2,2,1,2,4842,48,0,0,6,1,5,1,800103,1000000
2024JP0003115,1,304.62,8,1,1,1,4,5218,52,0,0,6,1,5,1,800101,1000000
2024JP0003116,1,304.62,29,1,3,1,6,689,6,5000,1,1,1,1,1,800109,1000000
2024JP0003117,1,304.62,4,1,6,1,4,1114,11,0,0,6,1,5,1,800103,1000000
2024JP0003118,1,304.62,5,2,2,1,1,2626,26,0,0,6,1,5,1,800104,1000000
2024JP0003119,1,304.62,36,2,6,1,10,15349,153,6000,1,1,1,1,1,800109,1000000
2024JP0003120,1,304.62,6,2,3,1,2,2428,24,0,0,6,1,5,1,800104,1000000
2024JP0003121,1,304.62,23,1,1,1,15,93220,501,4000,2,1,1,5,1,800100,1000000
2024JP0003122,1,304.62,43,1,4,1,12,20163,201,5000,1,1,1,5,1,800109,1000000
2024JP0003123,1,304.62,45,1,7,1,10,24089,240,7000,3,1,1,1,1,800105,1000000
2024JP0003124,1,304.62,25,1,6,1,6,345,3,9800,1,1,1,1,1,800100,1000000
2024JP0003125,1,304.62,73,2,1,1,5,11471,114,0,0,6,1,1,1,800107,1000000
2024JP0003126,1,304.62,4,1,2,1,2,4411,44,0,0,6,1,5,1,800106,1000000
2024JP0003127,1,304.62,21,1,2,1,15,31384,313,4000,1,1,1,5,1,800104,1000000
2024JP0003128,1,304.62,45,2,5,1,9,9185,91,5000,6,1,1,1,1,800100,1000000
2024JP0003129,1,304.62,11,1,2,1,3,6349,63,0,0,6,1,5,1,800106,1000000
2024JP0003130,1,304.62,15,1,1,1,13,24411,244,0,0,6,1,5,1,800102,1000000
2024JP0003131,1,304.62,9,2,4,1,5,916,9,0,0,6,1,5,1,800105,1000000
2024JP0003132,1,304.62,42,2,6,1,11,15578,155,7000,6,5,1,1,1,800109,1000000
2024JP0003133,1,304.62,49,1,4,1,9,11354,113,5000,4,1,1,1,1,800107,1000000
2024JP0003134,1,304.62,42,1,1,1,6,6889,68,9920,1,1,1,1,1,800108,1000000
2024JP0003135,1,304.62,45,1,2,1,10,86279,501,5000,1,1,1,1,1,800101,1000000
2024JP0003136,1,304.62,24,1,1,1,17,15915,159,4000,2,1,1,5,1,800107,1000000
2024JP0003137,1,304.62,97,1,5,1,5,2495,24,0,0,6,1,1,1,800104,1000000
2024JP0003138,1,304.62,16,2,2,1,14,2639,26,0,0,6,1,5,1,800102,1000000
2024JP0003139,1,304.62,20,2,2,1,11,2810,28,5000,3,1,1,5,1,800107,1000000
2024JP0003140,1,304.62,74,1,6,1,5,4337,43,0,0,6,1,1,1,800104,1000000
2024JP0003141,1,304.62,45,2,2,1,5,3396,33,9800,1,1,1,1,1,800107,1000000
2024JP0003142,1,304.62,14,1,4,1,8,2945,29,0,0,6,1,5,1,800107,1000000
2024JP0003143,1,304.62,3,1,1,1,5,2886,28,0,0,6,1,5,1,800104,1000000
2024JP0003144,1,304.62,39,1,6,1,11,31786,317,6000,6,1,1,1,1,800107,1000000
2024JP0003145,1,304.62,19,2,6,1,15,7122,71,4000,3,1,1,1,1,800109,1000000
2024JP0003146,1,304.62,36,1,7,1,10,44392,443,7000,1,1,1,1,1,800108,1000000
2024JP0003147,1,304.62,38,2,1,1,12,10530,105,6000,3,1,1,5,1,800100,1000000
2024JP0003148,1,304.62,50,1,2,1,5,5789,57,7000,1,1,1,5,1,800107,1000000
2024JP0003149,1,304.62,16,1,7,1,18,31821,318,0,0,6,1,5,1,800103,1000000
2024JP0003150,1,304.62,1,2,1,1,2,568,5,0,0,6,1,5,1,800106,1000000
2024JP0003151,1,304.62,1,2,1,1,3,4870,48,0,0,6,1,5,1,800104,1000000
2024JP0003152,1,304.62,24,2,1,1,13,10842,108,7000,4,1,1,5,1,800101,1000000
2024JP0003153,1,304.62,8,2,2,1,3,1350,13,0,0,6,1,5,1,800100,1000000
2024JP0003154,1,304.62,46,1,2,1,8,11688,116,9000,1,1,1,1,1,800107,1000000
2024JP0003155,1,304.62,15,1,1,1,13,6156,61,0,0,6,1,5,1,800103,1000000
2024JP0003156,1,304.62,41,2,7,1,7,12351,123,6000,3,3,1,1,1,800104,1000000
2024JP0003157,1,304.62,42,1,9,1,7,12918,129,5000,3,1,1,1,1,800107,1000000
2024JP0003158,1,304.62,25,1,1,1,10,11925,119,5000,1,1,1,5,1,800104,1000000
2024JP0003159,1,304.62,56,2,4,1,7,20692,206,7000,1,5,1,1,1,800101,1000000
2024JP0003160,1,304.62,51,1,2,1,5,8500,85,9000,4,1,1,1,1,800100,1000000
2024JP0003161,1,304.62,11,2,3,1,2,4227,42,0,0,6,1,5,1,800106,1000000
2024JP0003162,1,304.62,57,1,8,1,8,13901,139,6000,4,1,1,1,1,800105,1000000
2024JP0003163,1,304.62,25,2,1,1,7,5123,51,5000,3,1,1,1,1,800103,1000000
2024JP0003164,1,304.62,14,2,9,1,4,1344,13,0,0,6,1,5,1,800109,1000000
2024JP0003165,1,304.62,47,1,2,1,5,6194,61,7000,1,1,1,1,1,800100,1000000
2024JP0003166,1,304.62,23,1,3,1,14,47889,478,8000,1,1,1,5,1,800100,1000000
2024JP0003167,1,304.62,29,1,2,1,11,28905,289,6000,3,2,1,1,1,800106,1000000
2024JP0003168,1,304.62,40,1,3,1,5,8238,82,8000,3,3,1,5,1,800101,1000000
2024JP0003169,1,304.62,59,2,1,1,7,6690,66,9800,1,1,1,1,1,800103,1000000
2024JP0003170,1,304.62,22,2,7,1,12,25683,256,8000,6,1,1,1,1,800105,1000000
2024JP0003171,1,304.62,28,2,5,1,9,9281,92,2000,1,3,1,1,1,800102,1000000
2024JP0003172,1,304.62,47,2,4,1,7,12780,127,6000,3,1,1,1,1,800102,1000000
2024JP0003173,1,304.62,44,2,2,1,8,2693,26,7000,3,1,1,1,1,800105,1000000
2024JP0003174,1,304.62,12,1,7,1,2,545,5,0,0,6,1,5,1,800108,1000000
2024JP0003175,1,304.62,59,2,2,1,8,10133,101,7000,1,1,1,2,1,800104,1000000
2024JP0003176,1,304.62,57,2,1,1,5,17297,172,9920,3,3,1,1,1,800104,1000000
2024JP0003177,1,304.62,41,2,1,1,11,26476,264,6000,1,1,1,1,1,800106,1000000
2024JP0003178,1,304.62,9,1,5,1,7,4537,45,0,0,6,1,5,1,800107,1000000
2024JP0003179,1,304.62,43,2,6,1,10,14812,148,3000,1,1,1,1,1,800102,1000000
2024JP0003180,1,304.62,54,1,1,1,13,7111,71,8000,3,1,1,2,1,800106,1000000
2024JP0003181,1,304.62,22,2,7,1,14,44593,445,2000,2,1,1,5,1,800106,1000000
2024JP0003182,1,304.62,38,2,6,1,12,190724,501,9800,3,3,1,1,1,800101,1000000
2024JP0003183,1,304.62,28,2,1,1,7,42416,424,9920,4,1,1,5,1,800109,1000000
2024JP0003184,1,304.62,11,1,6,1,9,4529,45,0,0,6,1,5,1,800109,1000000
2024JP0003185,1,304.62,5,1,4,1,5,1656,16,0,0,6,1,5,1,800105,1000000
2024JP0003186,1,304.62,16,1,2,1,17,10066,100,0,0,6,1,5,1,800104,1000000
2024JP0003187,1,304.62,21,1,1,1,18,7793,77,6000,6,1,1,1,1,800100,1000000
2024JP0003188,1,304.62,40,1,1,1,7,5295,52,6000,1,1,1,5,1,800107,1000000
2024JP0003189,1,304.62,37,1,7,1,6,1526,15,7000,4,1,1,1,1,800107,1000000
2024JP0003190,1,304.62,57,2,2,1,8,4634,46,9800,1,5,1,5,1,800106,1000000
2024JP0003191,1,304.62,21,1,2,1,16,23143,231,2000,1,1,1,5,1,800105,1000000
2024JP0003192,1,304.62,17,2,4,1,14,4465,44,0,0,6,1,5,1,800103,1000000
2024JP0003193,1,304.62,0,1,2,1,1,1800,18,0,0,6,1,5,1,800106,1000000
2024JP0003194,1,304.62,34,2,1,1,5,25266,252,9920,4,1,1,1,1,800109,1000000
2024JP0003195,1,304.62,12,2,1,1,5,7074,70,0,0,6,1,5,1,800103,1000000
2024JP0003196,1,304.62,81,1,2,1,6,2630,26,0,0,6,1,1,1,800102,1000000
2024JP0003197,1,304.62,30,2,1,1,13,8272,82,5000,1,1,1,1,1,800101,1000000
2024JP0003198,1,304.62,15,2,5,1,14,9165,91,0,0,6,1,5,1,800101,1000000
2024JP0003199,1,304.62,8,2,1,1,4,6013,60,0,0,6,1,5,1,800101,1000000
2024JP0003200,1,304.62,3,1,1,1,2,1157,11,0,0,6,1,5,1,800104,1000000
2024JP0003201,1,304.62,56,1,6,1,11,28275,282,6000,4,1,1,1,1,800109,1000000
2024JP0003202,1,304.62,7,2,5,1,2,9978,99,0,0,6,1,5,1,800100,1000000
2024JP0003203,1,304.62,15,2,4,1,15,29515,295,0,0,6,1,5,1,800105,1000000
2024JP0003204,1,304.62,28,2,6,1,9,20946,209,6000,4,1,1,1,1,800107,1000000
2024JP0003205,1,304.62,41,1,4,1,8,5733,57,9920,1,4,1,1,1,800101,1000000
2024JP0003206,1,304.62,6,2,2,1,1,1218,12,0,0,6,1,5,1,800107,1000000
2024JP0003207,1,304.62,0,2,9,1,6,3030,30,0,0,6,1,5,1,800108,1000000
2024JP0003208,1,304.62,15,2,5,1,10,3325,33,0,0,6,1,5,1,800109,1000000
2024JP0003209,1,304.62,49,1,8,1,7,16701,167,9800,1,1,1,1,1,800104,1000000
2024JP0003210,1,304.62,42,1,2,1,6,25003,250,9000,6,3,1,1,1,800105,1000000
2024JP0003211,1,304.62,29,2,4,1,7,3643,36,9000,4,1,1,5,1,800109,1000000
2024JP0003212,1,304.62,14,2,5,1,4,4557,45,0,0,6,1,5,1,800101,1000000
2024JP0003213,1,304.62,2,2,3,1,3,3113,31,0,0,6,1,5,1,800103,1000000
2024JP0003214,1,304.62,33,2,5,1,12,37371,373,5000,1,1,1,5,1,800106,1000000
2024JP0003215,1,304.62,36,1,5,1,6,6972,69,5000,3,1,1,1,1,800102,1000000
2024JP0003216,1,304.62,6,2,3,1,5,4229,42,0,0,6,1,5,1,800102,1000000
2024JP0003217,1,304.62,54,1,5,1,14,32365,323,7000,1,1,1,3,1,800109,1000000
2024JP0003218,1,304.62,7,2,6,1,6,5028,50,0,0,6,1,5,1,800104,1000000
2024JP0003219,1,304.62,32,1,6,1,9,7318,73,5000,3,1,1,1,1,800105,1000000
2024JP0003220,1,304.62,27,2,1,1,7,16329,163,5000,1,1,1,1,1,800104,1000000
2024JP0003221,1,304.62,26,2,4,1,9,5400,54,6000,1,2,1,5,1,800104,1000000
2024JP0003222,1,304.62,31,2,7,1,5,10736,107,9800,1,1,1,1,1,800107,1000000
2024JP0003223,1,304.62,36,1,1,1,5,12479,124,5000,1,1,1,1,1,800108,1000000
2024JP0003224,1,304.62,2,2,2,1,3,3045,30,0,0,6,1,5,1,800101,1000000
2024JP0003225,1,304.62,21,2,2,1,14,6017,60,6000,4,1,1,5,1,800102,1000000
2024JP0003226,1,304.62,51,2,1,1,10,8864,88,7000,6,1,1,5,1,800108,1000000
2024JP0003227,1,304.62,77,1,5,1,7,8381,83,0,0,6,1,1,1,800108,1000000
2024JP0003228,1,304.62,41,2,6,1,12,19709,197,6000,6,1,1,5,1,800105,1000000
2024JP0003229,1,304.62,35,1,4,1,12,10844,108,6000,3,5,1,1,1,800102,1000000
2024JP0003230,1,304.62,1,2,3,1,4,2888,28,0,0,6,1,5,1,800108,1000000
2024JP0003231,1,304.62,23,2,5,1,14,14603,146,9800,4,5,1,5,1,800101,1000000
2024JP0003232,1,304.62,29,2,5,1,10,9244,92,5000,1,1,1,5,1,800108,1000000
2024JP0003233,1,304.62,50,2,4,1,9,7815,78,5000,3,3,1,1,1,800101,1000000
2024JP0003234,1,304.62,20,1,5,1,12,13052,130,1000,3,1,1,5,1,800109,1000000
2024JP0003235,1,304.62,16,2,1,1,12,5205,52,0,0,6,1,5,1,800107,1000000
2024JP0003236,1,304.62,68,1,2,1,6,3860,38,9000,1,2,1,1,1,800107,1000000
2024JP0003237,1,304.62,13,1,1,1,4,2553,25,0,0,6,1,5,1,800103,1000000
2024JP0003238,1,304.62,41,2,6,1,8,22349,223,9800,3,1,1,5,1,800105,1000000
2024JP0003239,1,304.62,9,1,8,1,2,1398,13,0,0,6,1,5,1,800105,1000000
2024JP0003240,1,304.62,43,2,7,1,10,22070,220,2000,3,1,1,1,1,800106,1000000
2024JP0003241,1,304.62,44,2,7,1,5,9234,92,9800,1,1,1,1,1,800102,1000000
2024JP0003242,1,304.62,35,2,4,1,7,2063,20,5000,6,1,1,2,1,800105,1000000
2024JP0003243,1,304.62,92,1,4,1,6,2432,24,0,0,6,1,1,1,800106,1000000
2024JP0003244,1,304.62,21,2,4,1,20,27250,272,1000,1,1,1,5,1,800104,1000000
2024JP0003245,1,304.62,38,2,8,1,13,3815,38,5000,6,1,1,1,1,800109,1000000
2024JP0003246,1,304.62,37,2,1,1,8,18819,188,9920,1,1,1,1,1,800106,1000000
2024JP0003247,1,304.62,28,1,1,1,6,8099,80,6000,3,1,1,5,1,800102,1000000
2024JP0003248,1,304.62,23,1,7,1,12,13301,133,3000,2,1,1,5,1,800102,1000000
2024JP0003249,1,304.62,21,2,7,1,14,25670,256,7000,6,1,1,5,1,800103,1000000
2024JP0003250,1,304.62,2,1,7,1,2,1446,14,0,0,6,1,5,1,800101,1000000
2024JP0003251,1,304.62,4,1,2,1,6,2455,24,0,0,6,1,5,1,800107,1000000
2024JP0003252,1,304.62,42,2,5,1,11,9521,95,7000,1,5,1,1,1,800100,1000000
2024JP0003253,1,304.62,39,1,3,1,14,5511,55,8000,3,1,1,1,1,800101,1000000
2024JP0003254,1,304.62,34,2,6,1,6,11652,116,9800,1,1,1,1,1,800107,1000000
2024JP0003255,1,304.62,23,2,4,1,11,15382,153,4000,1,5,1,5,1,800105,1000000
2024JP0003256,1,304.62,11,1,5,1,2,12607,126,0,0,6,1,5,1,800101,1000000
2024JP0003257,1,304.62,12,1,1,1,2,4057,40,0,0,6,1,5,1,800103,1000000
2024JP0003258,1,304.62,2,1,3,1,2,3562,35,0,0,6,1,5,1,800103,1000000
2024JP0003259,1,304.62,28,2,1,1,11,8220,82,4000,1,1,1,5,1,800106,1000000
2024JP0003260,1,304.62,27,1,4,1,13,24607,246,4000,1,5,1,5,1,800100,1000000
2024JP0003261,1,304.62,57,2,3,1,5,4157,41,6000,3,1,1,2,1,800101,1000000
2024JP0003262,1,304.62,9,2,1,1,3,3549,35,0,0,6,1,5,1,800103,1000000
2024JP0003263,1,304.62,0,1,5,1,5,992,9,0,0,6,1,5,1,800103,1000000
2024JP0003264,1,304.62,9,2,6,1,6,12770,127,0,0,6,5,5,1,800101,1000000
2024JP0003265,1,304.62,4,1,7,1,2,2095,20,0,0,6,1,5,1,800104,1000000
2024JP0003266,1,304.62,24,1,4,1,13,3659,36,8000,1,1,1,5,1,800103,1000000
2024JP0003267,1,304.62,17,1,2,1,12,3850,38,0,0,6,1,5,1,800102,1000000
2024JP0003268,1,304.62,64,1,4,1,6,18105,181,9920,4,1,1,1,1,800100,1000000
2024JP0003269,1,304.62,40,2,1,1,7,4657,46,9920,1,1,1,1,1,800107,1000000
2024JP0003270,1,304.62,5,2,1,1,6,1914,19,0,0,6,1,5,1,800107,1000000
2024JP0003271,1,304.62,34,2,3,1,7,2241,22,9800,3,3,1,1,1,800100,1000000
2024JP0003272,1,304.62,0,1,4,1,1,1319,13,0,0,6,1,5,1,800103,1000000
2024JP0003273,1,304.62,0,1,6,1,5,3484,34,0,0,6,1,5,1,800103,1000000
2024JP0003274,1,304.62,36,2,1,1,9,7443,74,6000,1,1,1,1,1,800105,1000000
2024JP0003275,1,304.62,38,2,1,1,7,7215,72,8000,1,1,2,1,1,800104,1000000
2024JP0003276,1,304.62,58,2,1,1,8,2461,24,6000,6,1,1,1,1,800100,1000000
2024JP0003277,1,304.62,13,2,3,1,9,13953,139,0,0,6,1,5,1,800100,1000000
2024JP0003278,1,304.62,27,2,1,1,8,5053,50,8000,3,1,1,1,1,800105,1000000
2024JP0003279,1,304.62,0,1,6,1,4,728,7,0,0,6,1,5,1,800108,1000000
2024JP0003280,1,304.62,53,1,6,1,5,10170,101,5000,1,2,1,5,1,800107,1000000
2024JP0003281,1,304.62,29,1,4,1,12,21624,216,5000,6,1,1,5,1,800107,1000000
2024JP0003282,1,304.62,44,1,6,1,11,11534,115,6000,6,1,1,1,1,800106,1000000
2024JP0003283,1,304.62,50,1,6,1,11,6015,60,6000,3,1,1,1,1,800107,1000000
2024JP0003284,1,304.62,20,1,3,1,14,2713,27,9000,1,1,1,5,1,800103,1000000
2024JP0003285,1,304.62,40,2,3,1,11,33697,336,5000,6,1,1,5,1,800100,1000000
2024JP0003286,1,304.62,39,1,1,1,6,1669,16,5000,3,1,1,1,1,800109,1000000
2024JP0003287,1,304.62,27,2,2,1,10,29606,296,4000,1,1,1,5,1,800103,1000000
2024JP0003288,1,304.62,28,1,4,1,12,11637,116,5000,4,1,1,1,1,800104,1000000
2024JP0003289,1,304.62,15,1,1,1,18,21543,215,0,0,6,1,5,1,800106,1000000
2024JP0003290,1,304.62,36,2,3,1,13,37665,376,5000,1,1,1,5,1,800107,1000000
2024JP0003291,1,304.62,29,1,4,1,6,2286,22,6000,3,1,1,1,1,800105,1000000
2024JP0003292,1,304.62,7,1,5,1,6,5723,57,0,0,6,1,5,1,800103,1000000
2024JP0003293,1,304.62,19,2,6,1,18,9066,90,5000,3,2,1,5,1,800104,1000000
2024JP0003294,1,304.62,36,1,9,1,6,5007,50,7000,1,2,1,1,1,800109,1000000
2024JP0003295,1,304.62,49,1,6,1,8,30243,302,9800,3,2,1,5,1,800105,1000000
2024JP0003296,1,304.62,47,2,3,1,7,5384,53,6000,4,1,1,1,1,800100,1000000
2024JP0003297,1,304.62,37,2,1,1,12,6701,67,5000,1,1,1,1,1,800100,1000000
2024JP0003298,1,304.62,42,2,2,1,6,2136,21,9800,4,1,1,1,1,800100,1000000
2024JP0003299,1,304.62,32,2,6,1,9,19037,190,5000,4,1,1,2,1,800106,1000000
2024JP0003300,1,304.62,9,1,1,1,1,385,3,0,0,6,1,5,1,800101,1000000
2024JP0003301,1,304.62,4,2,6,1,1,1950,19,0,0,6,1,5,1,800103,1000000
2024JP0003302,1,304.62,10,2,2,1,3,3270,32,0,0,6,1,5,1,800107,1000000
2024JP0003303,1,304.62,24,2,2,1,13,4869,48,6000,1,1,1,1,1,800100,1000000
2024JP0003304,1,304.62,28,1,6,1,10,15735,157,2000,1,1,1,5,1,800103,1000000
2024JP0003305,1,304.62,19,1,7,1,14,15247,152,8000,1,1,1,5,1,800105,1000000
2024JP0003306,1,304.62,27,1,3,1,6,15260,152,6000,4,4,1,1,1,800105,1000000
2024JP0003307,1,304.62,44,2,9,1,7,2290,22,5000,1,5,1,1,1,800109,1000000
2024JP0003308,1,304.62,3,2,4,1,7,284,2,0,0,6,1,5,1,800104,1000000
2024JP0003309,1,304.62,14,1,6,1,2,531,5,0,0,6,1,5,1,800109,1000000
2024JP0003310,1,304.62,33,2,2,1,7,7133,71,7000,1,1,1,1,1,800106,1000000
2024JP0003311,1,304.62,0,2,5,1,4,1744,17,0,0,6,1,5,1,800104,1000000
2024JP0003312,1,304.62,59,2,2,1,11,7759,77,5000,1,1,1,1,1,800101,1000000
2024JP0003313,1,304.62,15,1,6,1,18,22355,223,0,0,6,1,5,1,800107,1000000
2024JP0003314,1,304.62,23,2,2,1,10,15875,158,5000,4,3,1,1,1,800101,1000000
2024JP0003315,1,304.62,17,1,6,1,14,6917,69,0,0,6,1,5,1,800101,1000000
2024JP0003316,1,304.62,0,2,3,1,3,2899,28,0,0,6,1,5,1,800103,1000000
2024JP0003317,1,304.62,20,1,1,1,11,11971,119,2000,2,1,1,5,1,800109,1000000
2024JP0003318,1,304.62,21,1,4,1,12,10309,103,9000,1,1,1,5,1,800105,1000000
2024JP0003319,1,304.62,46,1,7,1,10,12022,120,7000,4,1,1,1,1,800109,1000000
2024JP0003320,1,304.62,5,1,2,1,2,701,7,0,0,6,1,5,1,800104,1000000
2024JP0003321,1,304.62,40,1,5,1,16,90060,501,1000,2,1,1,1,1,800106,1000000
2024JP0003322,1,304.62,77,2,2,1,9,23292,232,0,0,6,1,3,1,800105,1000000
2024JP0003323,1,304.62,58,1,6,1,6,10670,106,7000,1,5,1,1,1,800103,1000000
2024JP0003324,1,304.62,45,1,4,1,7,3673,36,9800,3,1,1,1,1,800108,1000000
2024JP0003325,1,304.62,29,1,6,1,15,34375,343,6000,3,1,1,1,1,800108,1000000
2024JP0003326,1,304.62,27,1,8,1,6,1514,15,7000,1,1,1,5,1,800106,1000000
2024JP0003327,1,304.62,41,2,3,1,8,11721,117,9800,1,1,1,1,1,800101,1000000
2024JP0003328,1,304.62,9,2,1,1,7,5069,50,0,0,6,1,5,1,800101,1000000
2024JP0003329,1,304.62,45,1,4,1,8,46005,460,9000,1,1,1,5,1,800108,1000000
2024JP0003330,1,304.62,11,1,5,1,5,2408,24,0,0,6,1,5,1,800109,1000000
2024JP0003331,1,304.62,42,1,5,1,6,21031,210,9800,3,1,1,1,1,800105,1000000
2024JP0003332,1,304.62,39,1,4,1,5,7291,72,5000,1,1,1,1,1,800109,1000000
2024JP0003333,1,304.62,40,1,2,1,5,20504,205,6000,1,2,1,1,1,800102,1000000
2024JP0003334,1,304.62,3,2,5,1,4,12667,126,0,0,6,1,5,1,800104,1000000
2024JP0003335,1,304.62,28,1,5,1,11,10434,104,5000,1,1,1,5,1,800100,1000000
2024JP0003336,1,304.62,48,1,9,1,5,11903,119,7000,4,2,1,1,1,800104,1000000
2024JP0003337,1,304.62,12,2,6,1,2,815,8,0,0,6,1,5,1,800101,1000000
2024JP0003338,1,304.62,29,2,6,1,6,4610,46,7000,3,1,1,1,1,800104,1000000
2024JP0003339,1,304.62,37,1,2,1,11,24928,249,7000,4,1,1,5,1,800103,1000000
2024JP0003340,1,304.62,30,1,4,1,6,8774,87,9920,4,1,1,1,1,800106,1000000
2024JP0003341,1,304.62,14,2,6,1,4,3317,33,0,0,6,1,5,1,800100,1000000
2024JP0003342,1,304.62,13,1,1,1,3,13410,134,0,0,6,1,5,1,800106,1000000
2024JP0003343,1,304.62,19,2,4,1,15,23341,233,5000,3,1,1,5,1,800104,1000000
2024JP0003344,1,304.62,18,1,4,1,13,3901,39,9000,6,1,1,5,1,800105,1000000
2024JP0003345,1,304.62,9,1,6,1,3,3646,36,0,0,6,1,5,1,800102,1000000
2024JP0003346,1,304.62,40,1,4,1,12,35886,358,9800,3,1,1,1,2,800102,1000000
2024JP0003347,1,304.62,0,2,3,1,2,2209,22,0,0,6,1,5,1,800100,1000000
2024JP0003348,1,304.62,32,1,8,1,5,6579,65,9920,3,1,1,1,1,800105,1000000
2024JP0003349,1,304.62,10,1,2,1,7,530,5,0,0,6,1,5,1,800103,1000000
2024JP0003350,1,304.62,25,2,1,1,9,9095,90,1000,3,1,1,1,1,800107,1000000
2024JP0003351,1,304.62,28,1,6,1,6,8731,87,9800,1,1,1,1,1,800104,1000000
2024JP0003352,1,304.62,23,2,2,1,15,57757,501,4000,1,5,1,1,1,800101,1000000
2024JP0003353,1,304.62,3,2,4,1,1,1243,12,0,0,6,1,5,1,800105,1000000
2024JP0003354,1,304.62,94,1,3,1,7,3381,33,0,0,6,1,1,1,800108,1000000
2024JP0003355,1,304.62,55,1,3,1,9,19124,191,3000,1,4,1,1,1,800102,1000000
2024JP0003356,1,304.62,54,1,7,1,6,23546,235,9800,3,1,1,1,1,800103,1000000
2024JP0003357,1,304.62,23,1,3,1,17,75306,501,5000,1,3,1,1,1,800102,1000000
2024JP0003358,1,304.62,29,1,4,1,9,23290,232,3000,3,5,1,1,1,800104,1000000
2024JP0003359,1,304.62,25,2,4,1,5,5295,52,9800,3,1,1,1,1,800109,1000000
2024JP0003360,1,304.62,41,1,4,1,10,19791,197,6000,6,1,1,1,1,800106,1000000
2024JP0003361,1,304.62,25,1,2,1,10,33337,333,6000,3,1,1,1,1,800105,1000000
2024JP0003362,1,304.62,52,2,3,1,7,1981,19,7000,1,1,1,1,1,800104,1000000
2024JP0003363,1,304.62,36,1,6,1,8,6998,69,6000,3,1,1,1,1,800101,1000000
2024JP0003364,1,304.62,44,2,7,1,7,13339,133,7000,1,1,1,5,1,800101,1000000
2024JP0003365,1,304.62,9,2,4,1,5,6485,64,0,0,6,1,5,1,800102,1000000
2024JP0003366,1,304.62,41,2,4,1,10,19306,193,9000,3,1,1,1,1,800106,1000000
2024JP0003367,1,304.62,37,2,8,1,10,33342,333,1000,3,2,1,1,1,800106,1000000
2024JP0003368,1,304.62,6,2,1,1,1,6299,62,0,0,6,1,5,1,800106,1000000
2024JP0003369,1,304.62,22,2,5,1,14,7337,73,6000,3,1,1,5,1,800107,1000000
2024JP0003370,1,304.62,3,1,2,1,4,1608,16,0,0,6,1,5,1,800109,1000000
2024JP0003371,1,304.62,46,1,6,1,5,10312,103,5000,1,4,1,1,1,800102,1000000
2024JP0003372,1,304.62,11,1,6,1,6,2252,22,0,0,6,1,5,1,800100,1000000
2024JP0003373,1,304.62,41,2,1,1,14,19041,190,4000,1,1,1,1,1,800108,1000000
2024JP0003374,1,304.62,38,2,2,1,6,7794,77,6000,3,5,1,1,1,800106,1000000
2024JP0003375,1,304.62,15,2,4,1,15,38905,389,0,0,6,1,5,1,800102,1000000
2024JP0003376,1,304.62,25,1,7,1,6,2018,20,5000,4,4,1,1,1,800108,1000000
2024JP0003377,1,304.62,40,2,1,1,10,29494,294,6000,1,2,1,1,1,800106,1000000
2024JP0003378,1,304.62,35,1,3,1,11,15213,152,5000,6,5,1,5,1,800109,1000000
2024JP0003379,1,304.62,26,2,4,1,9,153091,501,5000,1,1,1,1,1,800107,1000000
2024JP0003380,1,304.62,22,1,2,1,15,42809,428,4000,1,1,1,5,1,800107,1000000
2024JP0003381,1,304.62,3,2,1,1,3,2455,24,0,0,6,1,5,1,800103,1000000
2024JP0003382,1,304.62,10,2,5,1,6,4733,47,0,0,6,1,5,1,800101,1000000
2024JP0003383,1,304.62,26,1,2,1,5,7334,73,8000,4,1,1,1,1,800108,1000000
2024JP0003384,1,304.62,19,2,1,1,12,9431,94,6000,3,1,1,5,1,800104,1000000
2024JP0003385,1,304.62,18,2,7,1,16,25786,257,6000,6,1,1,5,1,800105,1000000
2024JP0003386,1,304.62,31,2,6,1,6,1239,12,5000,4,1,1,2,1,800108,1000000
2024JP0003387,1,304.62,9,2,4,1,1,4096,40,0,0,6,1,5,1,800102,1000000
2024JP0003388,1,304.62,5,1,3,1,1,1823,18,0,0,6,1,5,1,800104,1000000
2024JP0003389,1,304.62,37,2,6,1,12,20655,206,5000,6,2,1,1,1,800104,1000000
2024JP0003390,1,304.62,4,1,1,1,5,1623,16,0,0,6,1,5,1,800109,1000000
2024JP0003391,1,304.62,7,2,3,1,3,1907,19,0,0,6,1,5,1,800106,1000000
2024JP0003392,1,304.62,82,1,1,1,9,14812,148,0,0,6,1,1,1,800107,1000000
2024JP0003393,1,304.62,0,1,6,1,6,1826,18,0,0,6,1,5,1,800107,1000000
2024JP0003394,1,304.62,21,1,6,1,14,1961,19,2000,2,1,1,5,1,800104,1000000
2024JP0003395,1,304.62,9,1,1,1,4,4697,46,0,0,6,1,5,1,800103,1000000
2024JP0003396,1,304.62,48,2,5,1,14,60981,501,9000,1,1,1,1,1,800100,1000000
2024JP0003397,1,304.62,20,1,7,1,15,15339,153,5000,1,1,1,1,1,800108,1000000
2024JP0003398,1,304.62,5,1,4,1,6,4625,46,0,0,6,1,5,1,800100,1000000
2024JP0003399,1,304.62,27,1,1,1,6,23950,239,5000,1,1,1,1,1,800101,1000000
2024JP0003400,1,304.62,78,2,1,1,6,946,9,0,0,6,1,1,1,800106,1000000
2024JP0003401,1,304.62,37,2,1,1,11,36559,365,5000,4,1,1,1,1,800106,1000000
2024JP0003402,1,304.62,38,1,1,1,8,18277,182,5000,1,1,1,1,1,800105,1000000
2024JP0003403,1,304.62,41,1,7,1,9,14827,148,2000,1,1,1,1,1,800104,1000000
2024JP0003404,1,304.62,13,1,2,1,3,4270,42,0,0,6,1,5,1,800106,1000000
2024JP0003405,1,304.62,18,2,2,1,13,15492,154,2000,2,1,1,5,1,800106,1000000
2024JP0003406,1,304.62,55,2,5,1,14,19757,197,2000,2,1,1,1,1,800102,1000000
2024JP0003407,1,304.62,47,1,2,1,10,48024,480,7000,3,1,1,1,1,800103,1000000
2024JP0003408,1,304.62,38,1,4,1,13,15390,153,4000,1,1,1,2,1,800103,1000000
2024JP0003409,1,304.62,32,1,5,1,9,16870,168,6000,3,3,1,2,1,800102,1000000
2024JP0003410,1,304.62,35,2,4,1,7,12773,127,7000,4,1,1,1,1,800108,1000000
2024JP0003411,1,304.62,56,1,3,1,7,6572,65,6000,6,4,1,1,1,800103,1000000
2024JP0003412,1,304.62,40,2,1,1,12,45544,455,2000,1,1,1,1,1,800101,1000000
2024JP0003413,1,304.62,39,1,1,1,5,1854,18,9000,1,1,1,2,1,800100,1000000
2024JP0003414,1,304.62,80,2,2,1,8,1737,17,0,0,6,1,1,1,800106,1000000
2024JP0003415,1,304.62,30,2,4,1,10,11124,111,6000,6,1,1,1,1,800101,1000000
2024JP0003416,1,304.62,24,1,1,1,12,9407,94,5000,4,1,1,1,1,800109,1000000
2024JP0003417,1,304.62,26,2,4,1,6,3265,32,5000,1,1,1,5,1,800107,1000000
2024JP0003418,1,304.62,18,1,7,1,14,7719,77,5000,4,1,1,5,1,800100,1000000
2024JP0003419,1,304.62,0,2,4,1,3,468,4,0,0,6,1,5,1,800106,1000000
2024JP0003420,1,304.62,0,1,1,1,3,2740,27,0,0,6,1,5,1,800107,1000000
2024JP0003421,1,304.62,14,2,6,1,5,673,6,0,0,6,1,5,1,800109,1000000
2024JP0003422,1,304.62,31,2,3,1,11,72098,501,4000,3,5,1,2,1,800109,1000000
2024JP0003423,1,304.62,35,2,6,1,10,13691,136,5000,4,1,1,1,1,800104,1000000
2024JP0003424,1,304.62,88,2,6,1,5,4497,44,0,0,6,1,2,1,800107,1000000
2024JP0003425,1,304.62,36,2,4,1,9,31505,315,5000,1,1,1,1,1,800103,1000000
2024JP0003426,1,304.62,22,2,2,1,14,10539,105,6000,1,1,1,5,1,800102,1000000
2024JP0003427,1,304.62,27,2,2,1,7,1524,15,9800,4,1,1,5,1,800104,1000000
2024JP0003428,1,304.62,35,1,6,1,11,37035,370,9000,1,1,1,1,1,800105,1000000
2024JP0003429,1,304.62,14,1,5,1,5,3953,39,0,0,6,1,5,1,800107,1000000
2024JP0003430,1,304.62,67,1,7,1,7,4520,45,9000,1,1,1,1,1,800104,1000000
2024JP0003431,1,304.62,25,1,1,1,8,1452,14,9920,1,5,1,5,1,800109,1000000
2024JP0003432,1,304.62,78,2,6,1,9,10425,104,0,0,6,1,1,1,800109,1000000
2024JP0003433,1,304.62,53,1,6,1,5,11773,117,5000,6,4,1,1,1,800100,1000000
2024JP0003434,1,304.62,44,1,3,1,10,34140,341,6000,1,5,1,1,1,800104,1000000
2024JP0003435,1,304.62,1,1,8,1,5,4613,46,0,0,6,1,5,1,800109,1000000
2024JP0003436,1,304.62,3,1,5,1,1,2531,25,0,0,6,1,5,1,800109,1000000
2024JP0003437,1,304.62,48,1,4,1,5,6418,64,9000,6,1,1,1,1,800107,1000000
2024JP0003438,1,304.62,45,2,1,1,6,6832,68,9000,4,1,1,2,1,800100,1000000
2024JP0003439,1,304.62,0,2,7,1,5,4002,40,0,0,6,1,5,1,800105,1000000
2024JP0003440,1,304.62,1,2,7,1,2,2909,29,0,0,6,1,5,1,800101,1000000
2024JP0003441,1,304.62,27,1,5,1,7,23696,236,9000,3,1,1,1,1,800101,1000000
2024JP0003442,1,304.62,30,2,3,1,9,51355,501,5000,3,1,1,1,1,800100,1000000
2024JP0003443,1,304.62,34,1,1,1,10,33189,331,8000,1,1,1,1,2,800102,1000000
2024JP0003444,1,304.62,1,1,1,1,4,1089,10,0,0,6,1,5,1,800100,1000000
2024JP0003445,1,304.62,98,1,3,1,8,2005,20,0,0,6,1,1,1,800108,1000000
2024JP0003446,1,304.62,36,2,2,1,5,10202,102,7000,1,1,1,1,1,800105,1000000
2024JP0003447,1,304.62,31,1,1,1,14,10852,108,6000,3,1,1,1,1,800108,1000000
2024JP0003448,1,304.62,30,2,1,1,9,33268,332,7000,1,1,1,5,1,800100,1000000
2024JP0003449,1,304.62,25,2,6,1,9,14676,146,2000,2,5,1,5,1,800108,1000000
2024JP0003450,1,304.62,17,1,9,1,11,12394,123,0,0,6,1,5,1,800104,1000000
2024JP0003451,1,304.62,32,2,4,1,12,16729,167,2000,2,1,1,1,1,800106,1000000
2024JP0003452,1,304.62,26,2,1,1,9,6693,66,5000,1,4,1,1,1,800109,1000000
2024JP0003453,1,304.62,8,1,1,1,6,1276,12,0,0,6,1,5,1,800102,1000000
2024JP0003454,1,304.62,3,2,2,1,4,1028,10,0,0,6,1,5,1,800103,1000000
2024JP0003455,1,304.62,11,1,5,1,4,1828,18,0,0,6,1,5,1,800101,1000000
2024JP0003456,1,304.62,26,2,7,1,8,6635,66,5000,1,1,1,1,1,800103,1000000
2024JP0003457,1,304.62,12,2,4,1,1,3570,35,0,0,6,1,5,1,800109,1000000
2024JP0003458,1,304.62,33,2,4,1,13,34057,340,5000,4,1,1,1,1,800100,1000000
2024JP0003459,1,304.62,45,2,8,1,5,7843,78,9800,1,1,1,1,1,800109,1000000
2024JP0003460,1,304.62,29,1,4,1,8,10279,102,6000,1,1,1,1,1,800108,1000000
2024JP0003461,1,304.62,34,2,9,1,7,18133,181,5000,3,1,1,2,1,800101,1000000
2024JP0003462,1,304.62,21,2,5,1,11,15706,157,8000,1,1,1,5,1,800105,1000000
2024JP0003463,1,304.62,41,2,2,1,6,3169,31,9920,1,1,1,1,1,800104,1000000
2024JP0003464,1,304.62,42,2,1,1,12,23698,236,3000,2,1,1,1,1,800102,1000000
2024JP0003465,1,304.62,28,1,5,1,13,4380,43,5000,3,5,1,1,1,800101,1000000
2024JP0003466,1,304.62,0,1,2,1,4,1212,12,0,0,6,1,5,1,800105,1000000
2024JP0003467,1,304.62,23,1,4,1,17,98696,501,5000,1,1,1,5,1,800102,1000000
2024JP0003468,1,304.62,44,1,1,1,10,6215,62,7000,1,1,1,1,1,800107,1000000
2024JP0003469,1,304.62,0,1,1,1,3,4550,45,0,0,6,1,5,1,800108,1000000
2024JP0003470,1,304.62,13,2,5,1,7,1564,15,0,0,6,1,5,1,800102,1000000
2024JP0003471,1,304.62,57,1,1,1,5,10456,104,7000,3,1,1,5,1,800105,1000000
2024JP0003472,1,304.62,33,1,5,1,7,5248,52,8000,1,1,1,5,1,800100,1000000
2024JP0003473,1,304.62,6,1,4,1,3,5196,51,0,0,6,1,5,1,800104,1000000
2024JP0003474,1,304.62,29,1,7,1,14,13984,139,7000,1,1,1,5,1,800102,1000000
2024JP0003475,1,304.62,25,1,1,1,10,3779,37,9800,3,5,1,5,1,800100,1000000
2024JP0003476,1,304.62,16,2,5,1,13,2691,26,0,0,6,1,5,1,800101,1000000
2024JP0003477,1,304.62,33,2,7,1,8,9298,92,5000,1,1,1,1,1,800101,1000000
2024JP0003478,1,304.62,46,2,7,1,8,52078,501,5000,1,1,1,5,1,800104,1000000
2024JP0003479,1,304.62,28,2,4,1,9,45966,459,7000,1,1,1,1,1,800103,1000000
2024JP0003480,1,304.62,16,1,3,1,13,1863,18,0,0,6,1,5,1,800106,1000000
2024JP0003481,1,304.62,56,2,3,1,8,1524,15,5000,1,5,1,2,1,800102,1000000
2024JP0003482,1,304.62,8,1,4,1,1,775,7,0,0,6,1,5,1,800102,1000000
2024JP0003483,1,304.62,1,2,2,1,8,1437,14,0,0,6,1,5,1,800107,1000000
2024JP0003484,1,304.62,4,2,6,1,4,5599,55,0,0,6,1,5,1,800107,1000000
2024JP0003485,1,304.62,32,1,4,1,9,19949,199,7000,3,1,1,1,1,800108,1000000
2024JP0003486,1,304.62,25,2,5,1,9,10285,102,6000,3,1,1,1,1,800106,1000000
2024JP0003487,1,304.62,59,1,2,1,5,5875,58,6000,1,1,1,5,1,800102,1000000
2024JP0003488,1,304.62,35,1,2,1,5,33355,333,6000,3,1,1,1,1,800109,1000000
2024JP0003489,1,304.62,8,2,4,1,4,1205,12,0,0,6,1,5,1,800105,1000000
2024JP0003490,1,304.62,24,1,4,1,14,31929,319,6000,3,1,1,1,1,800103,1000000
2024JP0003491,1,304.62,9,2,7,1,8,2988,29,0,0,6,1,5,1,800103,1000000
2024JP0003492,1,304.62,43,2,4,1,11,9854,98,7000,4,1,1,1,1,800109,1000000
2024JP0003493,1,304.62,56,1,4,1,10,168585,501,2000,2,1,1,1,1,800105,1000000
2024JP0003494,1,304.62,15,1,9,1,15,38793,387,0,0,6,1,5,1,800108,1000000
2024JP0003495,1,304.62,3,2,6,1,4,843,8,0,0,6,1,5,1,800109,1000000
2024JP0003496,1,304.62,38,1,7,1,9,37724,377,2000,1,1,1,2,1,800103,1000000
2024JP0003497,1,304.62,10,1,1,1,4,1461,14,0,0,6,1,5,1,800108,1000000
2024JP0003498,1,304.62,34,1,8,1,7,3405,34,7000,4,1,1,1,1,800102,1000000
2024JP0003499,1,304.62,18,1,1,1,13,2895,28,2000,1,1,1,5,1,800103,1000000
2024JP0003500,1,304.62,38,2,6,1,9,22215,222,5000,3,1,1,5,1,800107,1000000
2024JP0003501,1,304.62,21,2,6,1,14,8050,80,9000,1,1,1,5,1,800109,1000000
2024JP0003502,1,304.62,43,1,1,1,11,24923,249,8000,4,1,1,1,1,800109,1000000
2024JP0003503,1,304.62,4,2,3,1,1,1367,13,0,0,6,1,5,1,800102,1000000
2024JP0003504,1,304.62,4,2,5,1,8,1620,16,0,0,6,1,5,1,800104,1000000
2024JP0003505,1,304.62,16,2,3,1,11,3175,31,0,0,6,1,5,1,800107,1000000
2024JP0003506,1,304.62,43,2,2,1,9,60442,501,8000,1,1,1,1,1,800102,1000000
2024JP0003507,1,304.62,3,2,1,1,4,12636,126,0,0,6,1,5,1,800105,1000000
2024JP0003508,1,304.62,26,1,2,1,7,3306,33,7000,3,1,1,1,1,800102,1000000
2024JP0003509,1,304.62,40,2,6,1,10,22967,229,2000,1,1,1,1,1,800104,1000000
2024JP0003510,1,304.62,6,2,2,1,5,1437,14,0,0,6,1,5,1,800103,1000000
2024JP0003511,1,304.62,52,1,4,1,7,5191,51,9000,1,1,1,2,1,800106,1000000
2024JP0003512,1,304.62,14,2,1,1,3,3680,36,0,0,6,1,5,1,800101,1000000
2024JP0003513,1,304.62,17,2,7,1,12,9663,96,0,0,6,1,5,1,800100,1000000
2024JP0003514,1,304.62,32,2,2,1,11,16110,161,9000,1,1,1,1,1,800102,1000000
2024JP0003515,1,304.62,34,1,4,1,11,24885,248,7000,6,1,1,1,1,800103,1000000
2024JP0003516,1,304.62,40,1,1,1,10,35404,354,8000,3,1,1,5,1,800108,1000000
2024JP0003517,1,304.62,34,1,4,1,14,14351,143,5000,3,1,1,1,1,800102,1000000
2024JP0003518,1,304.62,14,2,6,1,6,1768,17,0,0,6,1,5,1,800108,1000000
2024JP0003519,1,304.62,18,2,4,1,17,19199,191,2000,3,4,1,5,1,800101,1000000
2024JP0003520,1,304.62,17,2,1,1,10,4647,46,0,0,6,1,5,1,800109,1000000
2024JP0003521,1,304.62,5,2,8,1,4,3496,34,0,0,6,1,5,1,800108,1000000
2024JP0003522,1,304.62,35,1,1,1,12,6650,66,3000,1,1,1,1,1,800106,1000000
2024JP0003523,1,304.62,22,1,2,1,13,18784,187,5000,1,1,1,1,1,800104,1000000
2024JP0003524,1,304.62,27,1,5,1,9,10764,107,6000,1,1,1,5,1,800102,1000000
2024JP0003525,1,304.62,9,1,1,1,1,3908,39,0,0,6,1,5,1,800104,1000000
2024JP0003526,1,304.62,41,1,2,1,10,18818,188,8000,6,1,1,1,1,800104,1000000
2024JP0003527,1,304.62,34,2,1,1,14,34531,345,9000,4,1,1,1,1,800109,1000000
2024JP0003528,1,304.62,8,1,1,1,4,1006,10,0,0,6,1,5,1,800101,1000000
2024JP0003529,1,304.62,29,1,2,1,10,5773,57,2000,1,1,1,5,1,800109,1000000
2024JP0003530,1,304.62,1,1,1,1,5,5982,59,0,0,6,1,5,1,800104,1000000
2024JP0003531,1,304.62,12,1,6,1,1,516,5,0,0,6,1,5,1,800109,1000000
2024JP0003532,1,304.62,24,1,2,1,10,7638,76,5000,4,1,1,5,1,800104,1000000
2024JP0003533,1,304.62,23,2,1,1,14,41750,417,1000,3,1,1,1,1,800100,1000000
2024JP0003534,1,304.62,26,2,3,1,10,44043,440,7000,3,1,1,5,1,800102,1000000
2024JP0003535,1,304.62,98,1,3,1,5,3919,39,0,0,6,1,2,1,800105,1000000
2024JP0003536,1,304.62,28,1,3,1,12,13973,139,7000,1,1,1,1,1,800107,1000000
2024JP0003537,1,304.62,15,2,1,1,12,2960,29,0,0,6,2,5,1,800102,1000000
2024JP0003538,1,304.62,8,1,8,1,3,752,7,0,0,6,1,5,1,800106,1000000
2024JP0003539,1,304.62,19,1,1,1,16,13359,133,3000,3,1,1,5,1,800103,1000000
2024JP0003540,1,304.62,44,1,3,1,5,9066,90,9920,4,1,1,5,1,800101,1000000
2024JP0003541,1,304.62,48,2,5,1,8,4737,47,9000,1,1,1,1,1,800106,1000000
2024JP0003542,1,304.62,20,2,9,1,15,22182,221,4000,2,1,1,5,1,800100,1000000
2024JP0003543,1,304.62,9,2,2,1,4,4258,42,0,0,6,1,5,1,800109,1000000
2024JP0003544,1,304.62,8,1,9,1,5,9865,98,0,0,6,1,5,1,800109,1000000
2024JP0003545,1,304.62,5,2,3,1,4,4587,45,0,0,6,1,5,1,800107,1000000
2024JP0003546,1,304.62,59,1,1,1,8,4567,45,6000,1,1,1,2,1,800102,1000000
2024JP0003547,1,304.62,34,1,3,1,9,47429,474,8000,6,1,1,1,1,800102,1000000
2024JP0003548,1,304.62,24,1,2,1,14,94740,501,7000,6,1,1,1,1,800101,1000000
2024JP0003549,1,304.62,14,2,6,1,5,1846,18,0,0,6,1,5,1,800102,1000000
2024JP0003550,1,304.62,1,2,1,1,1,866,8,0,0,6,1,5,1,800101,1000000
2024JP0003551,1,304.62,0,1,6,1,3,1709,17,0,0,6,1,5,1,800107,1000000
2024JP0003552,1,304.62,16,2,4,1,15,19442,194,0,0,6,1,5,1,800107,1000000
2024JP0003553,1,304.62,19,2,6,1,11,9304,93,1000,1,1,1,5,1,800106,1000000
2024JP0003554,1,304.62,97,1,1,1,7,3318,33,0,0,6,1,2,1,800100,1000000
2024JP0003555,1,304.62,51,2,1,1,8,12637,126,9800,1,1,1,5,1,800108,1000000
2024JP0003556,1,304.62,31,2,7,1,9,50017,500,6000,1,1,1,1,1,800103,1000000
2024JP0003557,1,304.62,8,1,1,1,1,1435,14,0,0,6,1,5,1,800105,1000000
2024JP0003558,1,304.62,41,2,6,1,9,18863,188,7000,4,2,1,1,1,800108,1000000
2024JP0003559,1,304.62,43,2,1,1,11,7689,76,5000,3,1,1,5,1,800106,1000000
2024JP0003560,1,304.62,0,1,5,1,4,4225,42,0,0,6,1,5,1,800103,1000000
2024JP0003561,1,304.62,41,1,3,1,12,29233,292,3000,2,1,1,1,1,800104,1000000
2024JP0003562,1,304.62,31,1,5,1,13,41454,414,5000,4,1,1,1,1,800106,1000000
2024JP0003563,1,304.62,41,1,2,1,7,4776,47,9800,1,1,1,5,1,800104,1000000
2024JP0003564,1,304.62,53,2,5,1,7,5736,57,6000,1,1,1,2,1,800108,1000000
2024JP0003565,1,304.62,44,2,3,1,9,4418,44,8000,4,2,1,1,1,800107,1000000
2024JP0003566,1,304.62,39,2,2,1,10,49359,493,6000,3,1,1,1,1,800103,1000000
2024JP0003567,1,304.62,15,2,3,1,10,3493,34,0,0,6,1,5,1,800108,1000000
2024JP0003568,1,304.62,28,1,4,1,9,16126,161,5000,6,5,1,1,1,800102,1000000
2024JP0003569,1,304.62,84,2,2,1,10,28429,284,0,0,6,1,1,1,800101,1000000
2024JP0003570,1,304.62,42,1,3,1,10,68076,501,9000,4,1,1,1,1,800104,1000000
2024JP0003571,1,304.62,5,2,2,1,3,2067,20,0,0,6,1,5,1,800100,1000000
2024JP0003572,1,304.62,6,1,5,1,4,1530,15,0,0,6,1,5,1,800103,1000000
2024JP0003573,1,304.62,22,2,2,1,12,16290,162,7000,1,1,1,1,1,800104,1000000
2024JP0003574,1,304.62,59,1,1,1,6,2881,28,5000,6,1,1,2,1,800104,1000000
2024JP0003575,1,304.62,54,2,4,1,6,11669,116,7000,4,5,1,2,1,800100,1000000
2024JP0003576,1,304.62,24,2,2,1,10,46344,463,9800,4,1,1,1,1,800109,1000000
2024JP0003577,1,304.62,49,2,6,1,9,19694,196,6000,4,1,1,1,1,800100,1000000
2024JP0003578,1,304.62,7,1,2,1,2,4624,46,0,0,6,1,5,1,800105,1000000
2024JP0003579,1,304.62,47,2,5,1,9,17222,172,6000,4,1,1,2,1,800107,1000000
2024JP0003580,1,304.62,10,2,1,1,4,1548,15,0,0,6,1,5,1,800103,1000000
2024JP0003581,1,304.62,44,1,9,1,5,20077,200,5000,1,1,1,1,1,800102,1000000
2024JP0003582,1,304.62,17,2,2,1,16,21525,215,0,0,6,1,5,1,800106,1000000
2024JP0003583,1,304.62,19,1,4,1,17,28177,281,1000,1,5,1,5,1,800102,1000000
2024JP0003584,1,304.62,35,2,6,1,7,12339,123,5000,1,1,1,5,1,800107,1000000
2024JP0003585,1,304.62,27,1,1,1,11,13534,135,6000,1,2,1,1,1,800100,1000000
2024JP0003586,1,304.62,54,2,6,1,13,12533,125,9000,1,1,1,1,1,800108,1000000
2024JP0003587,1,304.62,7,2,2,1,4,5470,54,0,0,6,1,5,1,800100,1000000
2024JP0003588,1,304.62,14,1,5,1,1,1561,15,0,0,6,1,5,1,800101,1000000
2024JP0003589,1,304.62,47,2,6,1,9,12336,123,2000,2,1,1,2,1,800100,1000000
2024JP0003590,1,304.62,58,1,3,1,5,9817,98,6000,4,3,1,1,1,800104,1000000
2024JP0003591,1,304.62,58,1,5,1,9,32020,320,5000,1,1,1,1,1,800106,1000000
2024JP0003592,1,304.62,38,1,1,1,13,44525,445,4000,1,1,1,3,1,800106,1000000
2024JP0003593,1,304.62,4,2,3,1,4,719,7,0,0,6,1,5,1,800102,1000000
2024JP0003594,1,304.62,22,2,1,1,12,32307,323,7000,3,1,1,5,1,800107,1000000
2024JP0003595,1,304.62,12,2,6,1,4,1526,15,0,0,6,1,5,1,800105,1000000
2024JP0003596,1,304.62,51,2,1,1,5,22085,220,5000,1,1,1,5,1,800103,1000000
2024JP0003597,1,304.62,27,2,1,1,8,6444,64,7000,1,1,1,5,1,800101,1000000
2024JP0003598,1,304.62,19,1,4,1,13,12052,120,1000,3,1,1,5,1,800107,1000000
2024JP0003599,1,304.62,35,2,6,1,5,16359,163,9920,3,1,1,1,1,800109,1000000
2024JP0003600,1,304.62,86,1,2,1,6,3336,33,0,0,6,1,1,1,800106,1000000
2024JP0003601,1,304.62,30,2,3,1,9,10760,107,5000,1,1,1,1,1,800100,1000000
2024JP0003602,1,304.62,30,1,6,1,7,1172,11,9800,4,1,1,1,1,800100,1000000
2024JP0003603,1,304.62,14,1,1,1,3,9718,97,0,0,6,1,5,1,800101,1000000
2024JP0003604,1,304.62,40,2,3,1,9,18289,182,6000,1,3,1,1,1,800107,1000000
2024JP0003605,1,304.62,22,1,9,1,13,11310,113,7000,1,1,1,1,1,800105,1000000
2024JP0003606,1,304.62,15,1,6,1,17,34847,348,0,0,6,1,5,1,800106,1000000
2024JP0003607,1,304.62,23,1,2,1,18,27612,276,4000,1,4,1,1,1,800106,1000000
2024JP0003608,1,304.62,36,1,1,1,5,5910,59,7000,4,1,1,1,1,800103,1000000
2024JP0003609,1,304.62,60,2,5,1,7,4378,43,9000,1,1,1,1,1,800105,1000000
2024JP0003610,1,304.62,45,2,5,1,7,2531,25,8000,3,5,1,1,1,800107,1000000
2024JP0003611,1,304.62,57,1,8,1,5,6382,63,6000,6,2,1,2,1,800106,1000000
2024JP0003612,1,304.62,27,1,2,1,11,26132,261,2000,1,2,1,1,1,800103,1000000
2024JP0003613,1,304.62,11,1,2,1,4,2036,20,0,0,6,1,5,1,800100,1000000
2024JP0003614,1,304.62,31,1,7,1,14,120908,501,7000,3,1,1,1,1,800108,1000000
2024JP0003615,1,304.62,41,1,1,1,6,27125,271,9800,4,1,1,1,1,800109,1000000
2024JP0003616,1,304.62,31,2,1,1,7,7102,71,5000,3,1,1,5,1,800108,1000000
2024JP0003617,1,304.62,18,1,2,1,11,6694,66,5000,1,1,1,1,1,800106,1000000
2024JP0003618,1,304.62,16,2,4,1,14,26952,269,0,0,6,1,5,1,800103,1000000
2024JP0003619,1,304.62,2,2,4,1,5,2666,26,0,0,6,1,5,1,800108,1000000
2024JP0003620,1,304.62,21,2,1,1,11,1522,15,5000,1,1,1,5,1,800108,1000000
2024JP0003621,1,304.62,33,1,6,1,11,57734,501,9000,1,1,1,1,1,800105,1000000
2024JP0003622,1,304.62,27,1,1,1,8,20639,206,9800,3,1,1,1,1,800101,1000000
2024JP0003623,1,304.62,54,2,7,1,9,12651,126,9000,3,3,1,1,1,800103,1000000
2024JP0003624,1,304.62,32,2,1,1,11,5178,51,6000,3,2,1,1,1,800103,1000000
2024JP0003625,1,304.62,25,1,5,1,13,14391,143,1000,1,1,1,5,1,800100,1000000
2024JP0003626,1,304.62,52,1,2,1,9,27556,275,5000,4,1,1,1,1,800107,1000000
2024JP0003627,1,304.62,44,1,4,1,16,96483,501,2000,1,4,1,1,1,800104,1000000
2024JP0003628,1,304.62,41,2,4,1,6,10511,105,6000,3,1,1,2,1,800108,1000000
2024JP0003629,1,304.62,48,2,3,1,12,29109,291,7000,1,5,1,1,1,800109,1000000
2024JP0003630,1,304.62,2,1,6,1,2,3669,36,0,0,6,1,5,1,800100,1000000
2024JP0003631,1,304.62,12,2,6,1,3,3492,34,0,0,6,1,5,1,800108,1000000
2024JP0003632,1,304.62,24,2,1,1,14,21517,215,1000,1,1,1,1,1,800101,1000000
2024JP0003633,1,304.62,28,1,1,1,11,8997,89,9000,4,1,1,1,1,800106,1000000
2024JP0003634,1,304.62,11,2,5,1,4,1541,15,0,0,6,1,5,1,800105,1000000
2024JP0003635,1,304.62,35,2,3,1,9,26873,268,6000,3,1,1,1,1,800100,1000000
2024JP0003636,1,304.62,12,1,4,1,2,2206,22,0,0,6,1,5,1,800106,1000000
2024JP0003637,1,304.62,15,2,6,1,14,10850,108,0,0,6,1,5,1,800103,1000000
2024JP0003638,1,304.62,11,2,2,1,9,17157,171,0,0,6,1,5,1,800102,1000000
2024JP0003639,1,304.62,59,2,1,1,12,15072,150,7000,4,1,1,1,1,800105,1000000
2024JP0003640,1,304.62,63,1,4,1,6,5150,51,5000,1,1,1,1,1,800107,1000000
2024JP0003641,1,304.62,27,1,2,1,9,5324,53,4000,3,3,1,1,1,800102,1000000
2024JP0003642,1,304.62,40,1,9,1,10,41118,411,1000,1,1,1,1,1,800106,1000000
2024JP0003643,1,304.62,6,2,3,1,2,8731,87,0,0,6,1,5,1,800105,1000000
2024JP0003644,1,304.62,27,1,3,1,7,7678,76,6000,1,2,1,1,1,800105,1000000
2024JP0003645,1,304.62,29,2,2,1,8,2515,25,5000,6,1,1,5,1,800106,1000000
2024JP0003646,1,304.62,6,1,4,1,4,4366,43,0,0,6,1,5,1,800105,1000000
2024JP0003647,1,304.62,38,2,6,1,5,3959,39,6000,1,1,1,1,1,800106,1000000
2024JP0003648,1,304.62,7,1,1,1,2,1795,17,0,0,6,1,5,1,800107,1000000
2024JP0003649,1,304.62,32,2,7,1,7,26850,268,6000,3,1,1,5,1,800106,1000000
2024JP0003650,1,304.62,18,1,4,1,13,16815,168,4000,1,1,1,5,1,800101,1000000
2024JP0003651,1,304.62,13,2,6,1,4,1900,19,0,0,6,1,5,1,800107,1000000
2024JP0003652,1,304.62,75,1,1,1,7,2905,29,0,0,6,1,1,1,800102,1000000
2024JP0003653,1,304.62,45,1,5,1,9,5937,59,9000,1,1,1,1,1,800102,1000000
2024JP0003654,1,304.62,21,2,5,1,17,12325,123,4000,1,1,1,5,1,800109,1000000
2024JP0003655,1,304.62,48,1,6,1,9,9359,93,4000,1,1,1,5,1,800105,1000000
2024JP0003656,1,304.62,21,1,3,1,10,8786,87,7000,1,1,1,5,1,800101,1000000
2024JP0003657,1,304.62,32,1,2,1,5,15277,152,8000,1,1,1,1,1,800104,1000000
2024JP0003658,1,304.62,43,2,1,1,9,10472,104,5000,3,1,1,1,1,800103,1000000
2024JP0003659,1,304.62,10,2,1,1,5,9232,92,0,0,6,1,5,1,800101,1000000
2024JP0003660,1,304.62,25,1,6,1,7,11137,111,9000,6,1,1,5,1,800109,1000000
2024JP0003661,1,304.62,75,1,5,1,8,6934,69,0,0,6,1,1,1,800108,1000000
2024JP0003662,1,304.62,25,1,5,1,15,71814,501,6000,1,1,1,5,1,800109,1000000
2024JP0003663,1,304.62,40,1,5,1,8,5048,50,9000,1,1,1,1,1,800107,1000000
2024JP0003664,1,304.62,22,1,1,1,10,28228,282,9000,3,5,1,1,1,800102,1000000
2024JP0003665,1,304.62,89,1,6,1,10,14864,148,0,0,6,1,1,1,800108,1000000
2024JP0003666,1,304.62,54,2,2,1,6,2535,25,9800,3,1,1,1,1,800108,1000000
2024JP0003667,1,304.62,6,2,3,1,4,950,9,0,0,6,1,5,1,800108,1000000
2024JP0003668,1,304.62,41,1,5,1,6,9105,91,7000,6,1,1,1,1,800109,1000000
2024JP0003669,1,304.62,11,1,1,1,1,2076,20,0,0,6,1,5,1,800109,1000000
2024JP0003670,1,304.62,2,2,6,1,1,5936,59,0,0,6,1,5,1,800103,1000000
2024JP0003671,1,304.62,16,1,6,1,12,6048,60,0,0,6,1,5,1,800108,1000000
2024JP0003672,1,304.62,34,2,4,1,14,8649,86,6000,1,1,1,1,1,800104,1000000
2024JP0003673,1,304.62,25,1,3,1,6,2785,27,6000,3,1,1,1,1,800108,1000000
2024JP0003674,1,304.62,49,2,7,1,13,13242,132,5000,1,1,1,2,1,800100,1000000
2024JP0003675,1,304.62,7,1,1,1,5,5150,51,0,0,6,1,5,1,800104,1000000
2024JP0003676,1,304.62,7,1,6,1,1,6063,60,0,0,6,1,5,1,800103,1000000
2024JP0003677,1,304.62,38,2,1,1,8,11623,116,5000,1,1,1,2,1,800108,1000000
2024JP0003678,1,304.62,8,1,2,1,4,1633,16,0,0,6,1,5,1,800101,1000000
2024JP0003679,1,304.62,13,2,6,1,2,1842,18,0,0,6,1,5,1,800106,1000000
2024JP0003680,1,304.62,36,1,5,1,7,8890,88,7000,4,1,1,1,1,800108,1000000
2024JP0003681,1,304.62,28,2,1,1,13,25114,251,9000,1,1,1,1,1,800109,1000000
2024JP0003682,1,304.62,22,2,8,1,15,118511,501,6000,3,1,1,1,1,800103,1000000
2024JP0003683,1,304.62,12,1,3,1,5,1310,13,0,0,6,1,5,1,800100,1000000
2024JP0003684,1,304.62,1,1,6,1,6,1420,14,0,0,6,1,5,1,800107,1000000
2024JP0003685,1,304.62,90,1,3,1,7,1950,19,0,0,6,1,2,1,800106,1000000
2024JP0003686,1,304.62,25,1,9,1,13,7101,71,4000,2,1,1,5,1,800101,1000000
2024JP0003687,1,304.62,33,2,6,1,10,22317,223,5000,1,1,1,1,1,800107,1000000
2024JP0003688,1,304.62,34,1,2,1,8,3903,39,9000,3,1,1,1,1,800104,1000000
2024JP0003689,1,304.62,21,2,1,1,14,11487,114,6000,1,1,1,5,1,800101,1000000
2024JP0003690,1,304.62,38,1,2,1,10,7176,71,5000,4,1,1,1,1,800104,1000000
2024JP0003691,1,304.62,28,1,2,1,5,19769,197,9800,6,1,1,1,1,800102,1000000
2024JP0003692,1,304.62,25,2,3,1,6,3851,38,9000,3,1,1,1,1,800109,1000000
2024JP0003693,1,304.62,9,2,7,1,2,2390,23,0,0,6,1,5,1,800107,1000000
2024JP0003694,1,304.62,46,2,6,1,6,7235,72,7000,4,1,1,4,1,800101,1000000
2024JP0003695,1,304.62,42,1,8,1,15,18871,188,2000,1,1,1,5,1,800106,1000000
2024JP0003696,1,304.62,33,1,5,1,9,26809,268,9000,4,3,1,1,1,800109,1000000
2024JP0003697,1,304.62,18,1,5,1,17,20295,202,5000,3,3,1,5,1,800106,1000000
2024JP0003698,1,304.62,85,2,6,1,5,528,5,0,0,6,1,1,1,800105,1000000
2024JP0003699,1,304.62,12,1,8,1,1,1135,11,0,0,6,1,5,1,800102,1000000
2024JP0003700,1,304.62,37,1,1,1,9,15393,153,9800,1,1,1,1,1,800105,1000000
2024JP0003701,1,304.62,6,2,2,1,2,389,3,0,0,6,1,5,1,800108,1000000
2024JP0003702,1,304.62,40,2,4,1,10,9452,94,6000,1,1,1,1,1,800104,1000000
2024JP0003703,1,304.62,26,2,6,1,5,3515,35,8000,1,1,1,1,1,800108,1000000
2024JP0003704,1,304.62,36,2,5,1,9,50230,501,9000,1,3,1,1,1,800109,1000000
2024JP0003705,1,304.62,44,1,5,1,15,45711,457,1000,1,1,1,1,1,800107,1000000
2024JP0003706,1,304.62,23,2,2,1,15,35866,358,4000,1,1,1,1,1,800105,1000000
2024JP0003707,1,304.62,34,1,1,1,11,13903,139,6000,3,1,1,1,1,800105,1000000
2024JP0003708,1,304.62,18,1,5,1,14,15592,155,6000,1,5,1,5,1,800105,1000000
2024JP0003709,1,304.62,29,1,1,1,5,6202,62,9800,1,1,1,1,1,800101,1000000
2024JP0003710,1,304.62,15,2,1,1,16,8184,81,0,0,6,1,5,1,800108,1000000
2024JP0003711,1,304.62,86,2,3,1,11,10030,100,0,0,6,1,1,1,800107,1000000
2024JP0003712,1,304.62,22,2,1,1,15,68349,501,5000,3,1,1,5,1,800104,1000000
2024JP0003713,1,304.62,26,2,2,1,12,24356,243,2000,3,1,1,1,1,800101,1000000
2024JP0003714,1,304.62,15,2,1,1,10,7979,79,0,0,6,1,5,1,800106,1000000
2024JP0003715,1,304.62,9,1,5,1,3,3089,30,0,0,6,1,5,1,800101,1000000
2024JP0003716,1,304.62,25,2,7,1,10,8900,89,8000,1,1,1,1,1,800103,1000000
2024JP0003717,1,304.62,55,1,3,1,8,15960,159,7000,1,1,1,1,1,800102,1000000
2024JP0003718,1,304.62,28,1,5,1,16,66377,501,2000,2,3,1,1,1,800106,1000000
2024JP0003719,1,304.62,32,1,4,1,11,9872,98,9000,4,2,1,1,1,800109,1000000
2024JP0003720,1,304.62,43,1,1,1,14,22752,227,1000,3,1,1,1,1,800101,1000000
2024JP0003721,1,304.62,22,2,3,1,19,58469,501,2000,1,1,1,1,1,800104,1000000
2024JP0003722,1,304.62,53,2,2,1,9,39597,395,8000,1,4,1,1,1,800100,1000000
2024JP0003723,1,304.62,32,1,1,1,8,45461,454,6000,1,4,1,1,1,800101,1000000
2024JP0003724,1,304.62,32,1,2,1,7,3017,30,9920,4,1,1,1,1,800102,1000000
2024JP0003725,1,304.62,8,1,6,1,1,901,9,0,0,6,1,5,1,800103,1000000
2024JP0003726,1,304.62,35,1,6,1,5,5598,55,5000,3,1,2,1,1,800100,1000000
2024JP0003727,1,304.62,41,1,5,1,5,12713,127,9920,4,5,1,1,1,800107,1000000
2024JP0003728,1,304.62,23,1,1,1,16,54714,501,4000,1,5,1,1,1,800105,1000000
2024JP0003729,1,304.62,88,2,1,1,10,12792,127,0,0,6,1,1,1,800106,1000000
2024JP0003730,1,304.62,2,2,6,1,4,3873,38,0,0,6,1,5,1,800108,1000000
2024JP0003731,1,304.62,9,2,1,1,7,1700,17,0,0,6,1,5,1,800105,1000000
2024JP0003732,1,304.62,77,2,4,1,5,6474,64,0,0,6,1,1,1,800100,1000000
2024JP0003733,1,304.62,32,1,2,1,5,4933,49,6000,4,1,1,1,1,800104,1000000
2024JP0003734,1,304.62,42,1,6,1,5,2740,27,5000,3,1,1,1,1,800107,1000000
2024JP0003735,1,304.62,4,1,7,1,4,6488,64,0,0,6,1,5,1,800106,1000000
2024JP0003736,1,304.62,4,1,6,1,1,4198,41,0,0,6,1,5,1,800109,1000000
2024JP0003737,1,304.62,21,2,4,1,16,68222,501,4000,3,1,1,5,1,800100,1000000
2024JP0003738,1,304.62,4,2,6,1,5,2005,20,0,0,6,1,5,1,800109,1000000
2024JP0003739,1,304.62,43,2,4,1,11,11513,115,9000,3,1,1,5,1,800101,1000000
2024JP0003740,1,304.62,15,1,5,1,17,14101,141,0,0,6,1,5,1,800105,1000000
2024JP0003741,1,304.62,7,2,2,1,6,2414,24,0,0,6,1,5,1,800106,1000000
2024JP0003742,1,304.62,12,1,5,1,1,3467,34,0,0,6,1,5,1,800106,1000000
2024JP0003743,1,304.62,0,1,4,1,1,3157,31,0,0,6,1,5,1,800109,1000000
2024JP0003744,1,304.62,11,1,1,1,4,2832,28,0,0,6,1,5,1,800106,1000000
2024JP0003745,1,304.62,11,2,6,1,2,767,7,0,0,6,1,5,1,800107,1000000
2024JP0003746,1,304.62,13,2,4,1,2,3439,34,0,0,6,1,5,1,800102,1000000
2024JP0003747,1,304.62,44,2,1,1,8,12984,129,7000,4,1,1,1,1,800104,1000000
2024JP0003748,1,304.62,44,2,2,1,10,15847,158,6000,1,1,1,5,1,800100,1000000
2024JP0003749,1,304.62,11,2,1,1,5,1177,11,0,0,6,1,5,1,800106,1000000
2024JP0003750,1,304.62,21,1,9,1,19,18701,187,2000,1,1,1,5,1,800109,1000000
2024JP0003751,1,304.62,27,2,1,1,6,5279,52,5000,4,2,1,5,1,800107,1000000
2024JP0003752,1,304.62,35,2,4,1,8,6942,69,5000,3,1,1,1,1,800108,1000000
2024JP0003753,1,304.62,41,2,1,1,10,21013,210,2000,2,1,1,1,1,800107,1000000
2024JP0003754,1,304.62,43,1,1,1,10,11240,112,6000,4,1,1,1,1,800100,1000000
2024JP0003755,1,304.62,36,1,6,1,6,32408,324,9800,4,1,1,3,1,800106,1000000
2024JP0003756,1,304.62,48,2,1,1,14,43737,437,5000,4,1,1,5,1,800106,1000000
2024JP0003757,1,304.62,25,2,1,1,5,6212,62,9800,4,1,1,1,1,800104,1000000
2024JP0003758,1,304.62,58,1,5,1,6,12484,124,7000,4,1,1,3,1,800100,1000000
2024JP0003759,1,304.62,9,2,4,1,4,1255,12,0,0,6,1,5,1,800108,1000000
2024JP0003760,1,304.62,41,2,6,1,13,56337,501,7000,4,1,1,2,1,800104,1000000
2024JP0003761,1,304.62,46,1,4,1,12,6102,61,7000,1,1,1,1,1,800104,1000000
2024JP0003762,1,304.62,20,2,1,1,16,56887,501,6000,1,1,1,5,1,800109,1000000
2024JP0003763,1,304.62,1,1,6,1,3,2125,21,0,0,6,1,5,1,800101,1000000
2024JP0003764,1,304.62,57,2,1,1,7,5438,54,5000,3,1,1,5,1,800109,1000000
2024JP0003765,1,304.62,44,1,7,1,13,20440,204,9000,1,1,1,1,1,800108,1000000
2024JP0003766,1,304.62,35,2,1,1,12,9143,91,7000,3,1,1,1,1,800103,1000000
2024JP0003767,1,304.62,54,2,1,1,9,18545,185,7000,1,2,1,5,1,800100,1000000
2024JP0003768,1,304.62,12,2,1,1,4,1847,18,0,0,6,1,5,1,800105,1000000
2024JP0003769,1,304.62,4,1,2,1,2,2375,23,0,0,6,1,5,1,800106,1000000
2024JP0003770,1,304.62,36,1,7,1,10,10156,101,4000,1,1,1,1,1,800104,1000000
2024JP0003771,1,304.62,25,2,4,1,8,5337,53,5000,4,1,1,1,1,800106,1000000
2024JP0003772,1,304.62,15,2,4,1,15,25930,259,0,0,6,1,5,1,800107,1000000
2024JP0003773,1,304.62,0,2,4,1,1,8027,80,0,0,6,1,5,1,800103,1000000
2024JP0003774,1,304.62,0,1,6,1,5,9294,92,0,0,6,1,5,1,800100,1000000
2024JP0003775,1,304.62,0,1,6,1,4,2602,26,0,0,6,1,5,1,800106,1000000
2024JP0003776,1,304.62,26,2,1,1,13,20550,205,7000,4,1,1,1,1,800104,1000000
2024JP0003777,1,304.62,5,2,8,1,5,6186,61,0,0,6,1,5,1,800109,1000000
2024JP0003778,1,304.62,0,1,9,1,3,1904,19,0,0,6,1,5,1,800104,1000000
2024JP0003779,1,304.62,43,2,1,1,11,13732,137,8000,1,1,1,1,1,800109,1000000
2024JP0003780,1,304.62,13,2,3,1,1,2393,23,0,0,6,1,5,1,800109,1000000
2024JP0003781,1,304.62,2,1,7,1,3,3863,38,0,0,6,1,5,1,800100,1000000
2024JP0003782,1,304.62,11,2,7,1,5,4423,44,0,0,6,1,5,1,800104,1000000
2024JP0003783,1,304.62,38,1,1,1,7,6178,61,5000,1,1,1,5,1,800107,1000000
2024JP0003784,1,304.62,4,2,1,1,8,3299,32,0,0,6,1,5,1,800107,1000000
2024JP0003785,1,304.62,43,2,2,1,5,6135,61,5000,1,5,1,1,1,800101,1000000
2024JP0003786,1,304.62,45,1,3,1,12,18508,185,4000,3,1,1,1,1,800101,1000000
2024JP0003787,1,304.62,3,1,6,1,5,2217,22,0,0,6,1,5,1,800105,1000000
2024JP0003788,1,304.62,41,2,9,1,9,18005,180,6000,1,1,1,1,1,800103,1000000
2024JP0003789,1,304.62,53,2,7,1,10,32565,325,6000,4,1,1,1,1,800106,1000000
2024JP0003790,1,304.62,32,2,7,1,12,24553,245,1000,3,3,1,1,1,800102,1000000
2024JP0003791,1,304.62,3,1,6,1,1,2299,22,0,0,6,1,5,1,800108,1000000
2024JP0003792,1,304.62,72,1,1,1,9,14927,149,0,0,6,1,1,1,800103,1000000
2024JP0003793,1,304.62,35,2,3,1,6,2432,24,7000,4,1,5,1,1,800104,1000000
2024JP0003794,1,304.62,1,2,1,1,2,2261,22,0,0,6,1,5,1,800103,1000000
2024JP0003795,1,304.62,31,2,1,1,8,2389,23,9000,6,1,2,1,1,800104,1000000
2024JP0003796,1,304.62,44,1,1,1,14,21789,217,8000,1,2,1,1,1,800107,1000000
2024JP0003797,1,304.62,4,1,7,1,6,515,5,0,0,6,1,5,1,800106,1000000
2024JP0003798,1,304.62,38,1,1,1,5,11315,113,8000,1,1,1,1,1,800107,1000000
2024JP0003799,1,304.62,9,1,1,1,5,1137,11,0,0,6,1,5,1,800100,1000000
2024JP0003800,1,304.62,6,1,6,1,3,1288,12,0,0,6,1,5,1,800105,1000000
2024JP0003801,1,304.62,29,2,3,1,8,3977,39,9920,1,1,1,5,1,800101,1000000
2024JP0003802,1,304.62,28,1,5,1,12,9877,98,5000,3,1,1,5,1,800109,1000000
2024JP0003803,1,304.62,41,1,1,1,9,13061,130,7000,1,1,1,1,1,800104,1000000
2024JP0003804,1,304.62,15,2,9,1,16,32552,325,0,0,6,1,5,1,800100,1000000
2024JP0003805,1,304.62,3,1,1,1,1,3345,33,0,0,6,1,5,1,800103,1000000
2024JP0003806,1,304.62,22,2,1,1,16,145624,501,6000,4,1,1,1,1,800107,1000000
2024JP0003807,1,304.62,16,2,5,1,17,14389,143,0,0,6,1,5,1,800104,1000000
2024JP0003808,1,304.62,4,2,4,1,5,3724,37,0,0,6,1,5,1,800101,1000000
2024JP0003809,1,304.62,29,2,6,1,9,11914,119,5000,4,4,1,5,1,800104,1000000
2024JP0003810,1,304.62,20,2,2,1,15,12684,126,2000,1,1,1,5,1,800100,1000000
2024JP0003811,1,304.62,3,1,4,1,6,7520,75,0,0,6,1,5,1,800108,1000000
2024JP0003812,1,304.62,7,1,2,1,4,2855,28,0,0,6,1,5,1,800107,1000000
2024JP0003813,1,304.62,52,1,4,1,8,5264,52,9920,1,1,1,1,1,800101,1000000
2024JP0003814,1,304.62,55,2,2,1,9,19307,193,7000,3,1,1,1,1,800102,1000000
2024JP0003815,1,304.62,30,1,3,1,6,5816,58,5000,1,1,1,3,1,800105,1000000
2024JP0003816,1,304.62,38,1,8,1,8,7597,75,5000,6,3,1,1,1,800100,1000000
2024JP0003817,1,304.62,30,2,6,1,15,94047,501,5000,1,1,1,1,1,800102,1000000
2024JP0003818,1,304.62,43,2,1,1,8,35011,350,5000,1,1,1,1,1,800102,1000000
2024JP0003819,1,304.62,45,1,4,1,6,23422,234,9920,3,1,1,1,1,800108,1000000
2024JP0003820,1,304.62,29,1,6,1,10,27253,272,6000,3,1,1,5,1,800106,1000000
2024JP0003821,1,304.62,95,2,6,1,9,8771,87,0,0,6,1,1,1,800106,1000000
2024JP0003822,1,304.62,25,2,3,1,5,28002,280,5000,1,1,1,5,1,800108,1000000
2024JP0003823,1,304.62,25,2,6,1,9,6840,68,5000,1,1,1,1,1,800109,1000000
2024JP0003824,1,304.62,32,2,4,1,9,17920,179,5000,1,1,1,1,1,800103,1000000
2024JP0003825,1,304.62,55,1,9,1,5,1790,17,9000,1,1,1,1,1,800100,1000000
2024JP0003826,1,304.62,31,1,1,1,12,21902,219,6000,1,1,1,1,1,800108,1000000
2024JP0003827,1,304.62,22,2,8,1,12,7845,78,4000,1,1,1,1,1,800101,1000000
2024JP0003828,1,304.62,39,1,1,1,14,28918,289,1000,2,1,1,1,1,800101,1000000
2024JP0003829,1,304.62,34,1,6,1,10,12881,128,6000,1,1,1,1,1,800109,1000000
2024JP0003830,1,304.62,55,2,1,1,11,23045,230,3000,2,1,1,2,1,800100,1000000
2024JP0003831,1,304.62,13,2,4,1,6,2881,28,0,0,6,1,5,1,800106,1000000
2024JP0003832,1,304.62,21,1,7,1,19,42805,428,4000,1,1,1,1,1,800102,1000000
2024JP0003833,1,304.62,24,1,6,1,10,37646,376,2000,2,1,1,1,1,800106,1000000
2024JP0003834,1,304.62,38,2,4,1,7,6840,68,9800,1,1,1,1,1,800101,1000000
2024JP0003835,1,304.62,52,1,6,1,6,21673,216,6000,4,1,1,1,1,800109,1000000
2024JP0003836,1,304.62,24,2,7,1,14,8539,85,6000,3,1,1,5,1,800102,1000000
2024JP0003837,1,304.62,37,1,6,1,15,61319,501,4000,2,1,1,1,1,800102,1000000
2024JP0003838,1,304.62,53,2,5,1,12,12402,124,3000,2,1,5,1,1,800104,1000000
2024JP0003839,1,304.62,32,1,6,1,9,29746,297,5000,4,3,2,1,1,800107,1000000
2024JP0003840,1,304.62,10,1,1,1,4,3604,36,0,0,6,1,5,1,800106,1000000
2024JP0003841,1,304.62,0,1,3,1,8,1658,16,0,0,6,1,5,1,800104,1000000
2024JP0003842,1,304.62,12,2,2,1,9,3677,36,0,0,6,1,5,1,800108,1000000
2024JP0003843,1,304.62,57,1,3,1,6,18136,181,8000,3,1,1,1,1,800101,1000000
2024JP0003844,1,304.62,18,1,5,1,10,21719,217,6000,4,1,1,5,1,800101,1000000
2024JP0003845,1,304.62,34,1,5,1,8,13461,134,6000,4,1,1,1,1,800101,1000000
2024JP0003846,1,304.62,31,1,6,1,6,8232,82,9920,1,4,1,1,1,800103,1000000
2024JP0003847,1,304.62,12,1,7,1,6,3437,34,0,0,6,1,5,1,800103,1000000
2024JP0003848,1,304.62,6,2,5,1,4,2215,22,0,0,6,1,5,1,800104,1000000
2024JP0003849,1,304.62,38,2,1,1,5,2226,22,5000,6,1,1,1,1,800101,1000000
2024JP0003850,1,304.62,8,2,2,1,3,3901,39,0,0,6,1,5,1,800109,1000000
2024JP0003851,1,304.62,19,2,7,1,12,3335,33,8000,1,1,1,1,1,800103,1000000
2024JP0003852,1,304.62,33,2,1,1,6,5277,52,6000,1,1,1,1,1,800105,1000000
2024JP0003853,1,304.62,3,1,6,1,4,570,5,0,0,6,1,5,1,800103,1000000
2024JP0003854,1,304.62,67,2,1,1,5,8549,85,7000,4,1,1,1,1,800102,1000000
2024JP0003855,1,304.62,30,1,1,1,10,27775,277,6000,3,5,1,1,1,800108,1000000
2024JP0003856,1,304.62,25,1,3,1,7,4961,49,9800,4,1,1,5,1,800109,1000000
2024JP0003857,1,304.62,39,2,3,1,11,21551,215,9000,3,1,1,5,1,800102,1000000
2024JP0003858,1,304.62,19,1,2,1,13,4858,48,9800,4,1,1,5,1,800101,1000000
2024JP0003859,1,304.62,36,1,4,1,9,43545,435,7000,3,1,1,1,1,800108,1000000
2024JP0003860,1,304.62,15,2,3,1,13,4330,43,0,0,6,1,5,1,800102,1000000
2024JP0003861,1,304.62,38,1,8,1,12,37320,373,6000,1,1,1,1,1,800105,1000000
2024JP0003862,1,304.62,34,2,1,1,5,14766,147,9920,1,1,1,5,1,800108,1000000
2024JP0003863,1,304.62,9,1,6,1,2,2341,23,0,0,6,1,5,1,800107,1000000
2024JP0003864,1,304.62,7,1,4,1,3,1623,16,0,0,6,1,5,1,800103,1000000
2024JP0003865,1,304.62,11,1,6,1,6,688,6,0,0,6,1,5,1,800104,1000000
2024JP0003866,1,304.62,36,2,2,1,9,39168,391,9000,3,1,1,1,1,800108,1000000
2024JP0003867,1,304.62,44,2,7,1,14,14690,146,7000,3,1,1,5,1,800101,1000000
2024JP0003868,1,304.62,24,1,3,1,18,46418,464,4000,2,2,1,5,1,800108,1000000
2024JP0003869,1,304.62,25,1,8,1,9,36057,360,6000,1,1,1,5,1,800106,1000000
2024JP0003870,1,304.62,63,1,1,1,5,10865,108,8000,1,1,1,5,1,800102,1000000
2024JP0003871,1,304.62,2,1,7,1,4,4332,43,0,0,6,1,5,1,800107,1000000
2024JP0003872,1,304.62,40,2,1,1,13,81818,501,3000,2,1,1,1,1,800100,1000000
2024JP0003873,1,304.62,1,1,1,1,4,4677,46,0,0,6,1,5,1,800103,1000000
2024JP0003874,1,304.62,0,1,1,1,4,546,5,0,0,6,1,5,1,800109,1000000
2024JP0003875,1,304.62,52,1,3,1,12,13304,133,6000,1,1,1,1,1,800104,1000000
2024JP0003876,1,304.62,40,2,1,1,7,33428,334,7000,4,4,1,1,1,800106,1000000
2024JP0003877,1,304.62,31,1,6,1,6,2301,23,9920,3,3,1,1,1,800106,1000000
2024JP0003878,1,304.62,29,1,3,1,6,2704,27,5000,3,1,1,1,1,800103,1000000
2024JP0003879,1,304.62,20,1,4,1,14,9797,97,6000,1,1,1,5,1,800107,1000000
2024JP0003880,1,304.62,36,1,2,1,8,3544,35,6000,6,3,1,1,1,800109,1000000
2024JP0003881,1,304.62,86,2,7,1,5,1543,15,0,0,6,1,1,1,800106,1000000
2024JP0003882,1,304.62,2,1,6,1,2,3103,31,0,0,6,1,5,1,800103,1000000
2024JP0003883,1,304.62,27,2,3,1,11,13533,135,5000,1,5,1,5,1,800100,1000000
2024JP0003884,1,304.62,47,2,6,1,13,41181,411,2000,1,1,1,2,1,800104,1000000
2024JP0003885,1,304.62,8,2,6,1,5,6069,60,0,0,6,1,5,1,800103,1000000
2024JP0003886,1,304.62,40,1,3,1,6,8879,88,9000,1,1,1,1,1,800109,1000000
2024JP0003887,1,304.62,28,2,5,1,7,4786,47,6000,1,1,1,5,1,800107,1000000
2024JP0003888,1,304.62,26,2,9,1,5,63080,501,6000,3,1,1,1,1,800100,1000000
2024JP0003889,1,304.62,33,2,3,1,7,10292,102,5000,3,1,1,5,1,800108,1000000
2024JP0003890,1,304.62,19,2,5,1,15,18395,183,4000,1,2,1,5,1,800108,1000000
2024JP0003891,1,304.62,27,1,1,1,9,8099,80,6000,4,1,1,1,1,800103,1000000
2024JP0003892,1,304.62,62,2,4,1,5,5962,59,7000,3,5,1,1,1,800102,1000000
2024JP0003893,1,304.62,39,2,5,1,9,15534,155,2000,2,1,1,1,1,800108,1000000
2024JP0003894,1,304.62,15,1,9,1,14,10642,106,0,0,6,5,5,1,800106,1000000
2024JP0003895,1,304.62,50,2,1,1,12,4773,47,5000,1,1,1,5,1,800108,1000000
2024JP0003896,1,304.62,32,2,3,1,6,11603,116,8000,1,1,1,1,1,800101,1000000
2024JP0003897,1,304.62,20,2,6,1,11,9208,92,7000,3,1,1,5,1,800104,1000000
2024JP0003898,1,304.62,35,1,4,1,9,19315,193,5000,1,3,1,1,1,800103,1000000
2024JP0003899,1,304.62,38,2,3,1,14,70357,501,5000,3,1,1,1,1,800104,1000000
2024JP0003900,1,304.62,79,1,3,1,5,1323,13,0,0,6,1,1,1,800102,1000000
2024JP0003901,1,304.62,18,1,3,1,13,2858,28,2000,1,2,1,5,1,800108,1000000
2024JP0003902,1,304.62,5,1,9,1,5,1345,13,0,0,6,1,5,1,800104,1000000
2024JP0003903,1,304.62,2,2,6,1,5,3611,36,0,0,6,1,5,1,800102,1000000
2024JP0003904,1,304.62,27,1,1,1,12,6113,61,5000,3,1,1,5,1,800100,1000000
2024JP0003905,1,304.62,38,1,3,1,10,11929,119,3000,2,2,1,1,1,800103,1000000
2024JP0003906,1,304.62,41,1,1,1,14,16590,165,5000,1,1,1,1,1,800101,1000000
2024JP0003907,1,304.62,25,1,2,1,5,1870,18,6000,1,1,1,5,1,800103,1000000
2024JP0003908,1,304.62,97,1,5,1,5,16256,162,0,0,6,1,1,1,800102,1000000
2024JP0003909,1,304.62,46,1,4,1,9,18736,187,6000,1,1,1,1,1,800105,1000000
2024JP0003910,1,304.62,14,1,1,1,3,5936,59,0,0,6,1,5,1,800105,1000000
2024JP0003911,1,304.62,33,1,6,1,7,25845,258,6000,3,1,1,1,1,800100,1000000
2024JP0003912,1,304.62,33,2,4,1,13,31040,310,2000,1,4,1,1,1,800107,1000000
2024JP0003913,1,304.62,38,1,5,1,6,8696,86,9000,4,1,1,1,1,800101,1000000
2024JP0003914,1,304.62,36,1,1,1,12,10275,102,5000,3,1,1,1,1,800109,1000000
2024JP0003915,1,304.62,14,1,1,1,5,2641,26,0,0,6,2,5,1,800108,1000000
2024JP0003916,1,304.62,43,2,7,1,6,7189,71,6000,3,1,1,1,1,800108,1000000
2024JP0003917,1,304.62,5,2,6,1,9,3661,36,0,0,6,1,5,1,800108,1000000
2024JP0003918,1,304.62,5,2,2,1,3,2984,29,0,0,6,1,5,1,800108,1000000
2024JP0003919,1,304.62,32,1,1,1,7,59651,501,7000,3,1,1,5,1,800101,1000000
2024JP0003920,1,304.62,7,2,8,1,1,1327,13,0,0,6,1,5,1,800109,1000000
2024JP0003921,1,304.62,30,2,4,1,9,17068,170,8000,1,1,1,1,1,800108,1000000
2024JP0003922,1,304.62,48,1,4,1,5,6871,68,9000,1,1,1,1,1,800109,1000000
2024JP0003923,1,304.62,19,1,7,1,14,8670,86,7000,1,1,1,1,1,800108,1000000
2024JP0003924,1,304.62,31,1,5,1,9,21971,219,1000,1,1,1,1,1,800109,1000000
2024JP0003925,1,304.62,19,2,1,1,20,31445,314,4000,2,1,1,1,1,800101,1000000
2024JP0003926,1,304.62,8,2,9,1,4,1160,11,0,0,6,1,5,1,800105,1000000
2024JP0003927,1,304.62,44,1,5,1,10,4000,40,6000,6,1,1,1,1,800102,1000000
2024JP0003928,1,304.62,35,2,2,1,14,37938,379,6000,4,1,1,1,1,800105,1000000
2024JP0003929,1,304.62,0,2,6,1,7,2662,26,0,0,6,1,5,1,800108,1000000
2024JP0003930,1,304.62,42,1,4,1,11,16695,166,5000,1,1,1,1,1,800100,1000000
2024JP0003931,1,304.62,24,1,5,1,14,7314,73,6000,4,1,1,1,1,800103,1000000
2024JP0003932,1,304.62,28,1,1,1,5,4799,47,9000,1,1,1,5,1,800109,1000000
2024JP0003933,1,304.62,1,1,5,1,7,801,8,0,0,6,1,5,1,800109,1000000
2024JP0003934,1,304.62,4,1,2,1,3,1975,19,0,0,6,1,5,1,800102,1000000
2024JP0003935,1,304.62,38,1,6,1,9,3432,34,6000,1,4,1,1,1,800103,1000000
2024JP0003936,1,304.62,18,1,6,1,13,10473,104,8000,1,1,1,5,1,800104,1000000
2024JP0003937,1,304.62,6,1,2,1,4,3750,37,0,0,6,1,5,1,800105,1000000
2024JP0003938,1,304.62,41,2,5,1,8,6956,69,9000,6,1,1,1,1,800107,1000000
2024JP0003939,1,304.62,21,2,3,1,10,17602,176,2000,1,1,1,5,1,800103,1000000
2024JP0003940,1,304.62,83,2,7,1,6,1994,19,0,0,6,1,1,1,800107,1000000
2024JP0003941,1,304.62,8,2,2,1,4,9609,96,0,0,6,1,5,1,800107,1000000
2024JP0003942,1,304.62,43,2,1,1,5,5175,51,9800,6,1,1,1,1,800109,1000000
2024JP0003943,1,304.62,38,1,1,1,8,10322,103,6000,4,1,1,1,1,800108,1000000
2024JP0003944,1,304.62,97,1,1,1,6,7507,75,0,0,6,1,1,1,800109,1000000
2024JP0003945,1,304.62,20,2,2,1,18,15508,155,1000,2,1,1,5,1,800101,1000000
2024JP0003946,1,304.62,8,2,1,1,4,1048,10,0,0,6,1,5,1,800102,1000000
2024JP0003947,1,304.62,4,2,4,1,6,927,9,0,0,6,1,5,1,800100,1000000
2024JP0003948,1,304.62,29,1,5,1,9,16723,167,7000,1,1,1,1,1,800102,1000000
2024JP0003949,1,304.62,51,2,2,1,9,34828,348,6000,1,1,1,5,1,800105,1000000
2024JP0003950,1,304.62,48,1,1,1,6,16661,166,9800,3,1,1,5,1,800109,1000000
2024JP0003951,1,304.62,19,2,4,1,18,11849,118,1000,3,1,1,5,1,800108,1000000
2024JP0003952,1,304.62,93,1,6,1,5,3624,36,0,0,6,1,1,1,800100,1000000
2024JP0003953,1,304.62,5,2,6,1,6,2372,23,0,0,6,1,5,1,800103,1000000
2024JP0003954,1,304.62,0,1,3,1,4,280,2,0,0,6,1,5,1,800105,1000000
2024JP0003955,1,304.62,9,2,4,1,4,838,8,0,0,6,1,5,1,800100,1000000
2024JP0003956,1,304.62,12,2,6,1,4,942,9,0,0,6,1,5,1,800107,1000000
2024JP0003957,1,304.62,15,2,1,1,17,4418,44,0,0,6,1,5,1,800109,1000000
2024JP0003958,1,304.62,9,2,4,1,9,5509,55,0,0,6,1,5,1,800100,1000000
2024JP0003959,1,304.62,52,2,1,1,7,5496,54,8000,1,1,1,2,1,800107,1000000
2024JP0003960,1,304.62,0,1,5,1,5,1741,17,0,0,6,1,5,1,800104,1000000
2024JP0003961,1,304.62,2,1,1,1,7,7113,71,0,0,6,1,5,1,800104,1000000
2024JP0003962,1,304.62,0,1,1,1,4,5273,52,0,0,6,1,5,1,800103,1000000
2024JP0003963,1,304.62,50,2,6,1,11,6720,67,7000,3,2,1,1,1,800102,1000000
2024JP0003964,1,304.62,33,2,8,1,7,6282,62,8000,3,1,1,1,1,800106,1000000
2024JP0003965,1,304.62,32,2,6,1,5,6989,69,9000,3,2,1,1,1,800105,1000000
2024JP0003966,1,304.62,47,1,4,1,12,8184,81,6000,1,1,1,1,1,800105,1000000
2024JP0003967,1,304.62,16,2,2,1,12,2729,27,0,0,6,1,5,1,800107,1000000
2024JP0003968,1,304.62,20,2,5,1,13,4427,44,3000,1,1,1,5,1,800104,1000000
2024JP0003969,1,304.62,63,2,6,1,5,4419,44,5000,1,1,1,1,1,800106,1000000
2024JP0003970,1,304.62,62,1,1,1,5,25525,255,6000,3,1,1,1,1,800109,1000000
2024JP0003971,1,304.62,11,2,6,1,5,2540,25,0,0,6,1,5,1,800100,1000000
2024JP0003972,1,304.62,21,2,6,1,14,20920,209,5000,4,1,1,1,1,800101,1000000
2024JP0003973,1,304.62,65,2,7,1,8,3377,33,5000,6,2,1,1,1,800107,1000000
2024JP0003974,1,304.62,27,2,7,1,11,24735,247,5000,4,1,1,5,1,800106,1000000
2024JP0003975,1,304.62,26,1,1,1,10,45516,455,6000,4,1,1,5,1,800102,1000000
2024JP0003976,1,304.62,51,1,1,1,11,47476,474,9000,1,1,1,5,1,800101,1000000
2024JP0003977,1,304.62,17,2,2,1,10,2352,23,0,0,6,1,5,1,800102,1000000
2024JP0003978,1,304.62,18,1,8,1,15,31490,314,2000,1,1,1,1,1,800103,1000000
2024JP0003979,1,304.62,41,1,1,1,9,57584,501,5000,4,2,1,5,1,800107,1000000
2024JP0003980,1,304.62,18,1,4,1,15,28215,282,3000,3,1,1,5,1,800106,1000000
2024JP0003981,1,304.62,18,2,6,1,11,5430,54,7000,6,1,1,5,1,800100,1000000
2024JP0003982,1,304.62,2,2,7,1,5,398,3,0,0,6,1,5,1,800100,1000000
2024JP0003983,1,304.62,3,2,2,1,6,4446,44,0,0,6,1,5,1,800108,1000000
2024JP0003984,1,304.62,0,1,4,1,4,17616,176,0,0,6,1,5,1,800108,1000000
2024JP0003985,1,304.62,27,2,5,1,14,8164,81,3000,3,1,1,5,1,800101,1000000
2024JP0003986,1,304.62,28,2,4,1,8,5866,58,7000,1,4,1,1,1,800107,1000000
2024JP0003987,1,304.62,22,2,3,1,14,11629,116,7000,1,5,1,1,1,800100,1000000
2024JP0003988,1,304.62,18,1,4,1,12,4109,41,7000,1,1,1,5,1,800103,1000000
2024JP0003989,1,304.62,3,1,5,1,2,2035,20,0,0,6,1,5,1,800100,1000000
2024JP0003990,1,304.62,16,1,2,1,14,7265,72,0,0,6,5,5,1,800109,1000000
2024JP0003991,1,304.62,35,1,7,1,13,30258,302,4000,1,1,1,1,1,800103,1000000
2024JP0003992,1,304.62,3,2,1,1,1,4557,45,0,0,6,1,5,1,800101,1000000
2024JP0003993,1,304.62,14,1,7,1,3,7328,73,0,0,6,1,5,1,800102,1000000
2024JP0003994,1,304.62,40,2,5,1,12,25949,259,2000,3,1,1,5,1,800105,1000000
2024JP0003995,1,304.62,13,2,8,1,3,3016,30,0,0,6,1,5,1,800105,1000000
2024JP0003996,1,304.62,44,2,2,1,13,10934,109,8000,3,1,1,1,1,800104,1000000
2024JP0003997,1,304.62,44,1,4,1,13,7896,78,2000,1,5,1,1,1,800106,1000000
2024JP0003998,1,304.62,9,1,1,1,5,1108,11,0,0,6,1,5,1,800103,1000000
2024JP0003999,1,304.62,15,1,8,1,14,13346,133,0,0,6,1,5,1,800108,1000000
2024JP0004000,1,304.62,19,1,7,1,16,26994,269,5000,1,1,1,5,1,800101,1000000
2024JP0004001,1,304.62,33,1,6,1,9,22446,224,5000,6,1,1,2,1,800106,1000000
2024JP0004002,1,304.62,3,1,2,1,2,4921,49,0,0,6,1,5,1,800106,1000000
2024JP0004003,1,304.62,21,2,6,1,13,3793,37,9800,3,5,1,5,1,800101,1000000
2024JP0004004,1,304.62,92,2,5,1,6,2400,24,0,0,6,1,1,1,800103,1000000
2024JP0004005,1,304.62,26,1,2,1,10,13001,130,9000,1,1,1,1,1,800101,1000000
2024JP0004006,1,304.62,25,1,7,1,9,9240,92,3000,1,1,1,1,1,800106,1000000
2024JP0004007,1,304.62,35,1,6,1,6,4902,49,6000,4,1,1,5,1,800109,1000000
2024JP0004008,1,304.62,39,1,7,1,8,5950,59,8000,6,1,1,2,1,800104,1000000
2024JP0004009,1,304.62,39,1,2,1,6,8583,85,9800,3,1,1,5,1,800100,1000000
2024JP0004010,1,304.62,21,1,1,1,16,24798,247,6000,3,5,1,5,1,800104,1000000
2024JP0004011,1,304.62,13,2,7,1,1,5114,51,0,0,6,1,5,1,800100,1000000
2024JP0004012,1,304.62,4,2,6,1,6,1874,18,0,0,6,1,5,1,800109,1000000
2024JP0004013,1,304.62,6,2,1,1,3,568,5,0,0,6,1,5,1,800106,1000000
2024JP0004014,1,304.62,0,1,1,1,3,7585,75,0,0,6,1,5,1,800109,1000000
2024JP0004015,1,304.62,16,2,7,1,11,3883,38,0,0,6,1,5,1,800106,1000000
2024JP0004016,1,304.62,8,1,1,1,2,1427,14,0,0,6,1,5,1,800101,1000000
2024JP0004017,1,304.62,31,1,1,1,14,19891,198,3000,3,1,1,1,1,800106,1000000
2024JP0004018,1,304.62,39,2,1,1,12,17019,170,6000,4,1,1,1,1,800109,1000000
2024JP0004019,1,304.62,6,1,6,1,3,4710,47,0,0,6,1,5,1,800104,1000000
2024JP0004020,1,304.62,38,1,6,1,5,28633,286,9800,3,1,1,5,1,800107,1000000
2024JP0004021,1,304.62,18,2,5,1,18,16791,167,2000,1,1,1,5,1,800105,1000000
2024JP0004022,1,304.62,30,2,6,1,8,5627,56,6000,1,5,1,1,1,800102,1000000
2024JP0004023,1,304.62,15,2,4,1,19,128267,501,0,0,6,1,5,1,800104,1000000
2024JP0004024,1,304.62,24,1,1,1,16,49210,492,3000,1,1,1,1,1,800102,1000000
2024JP0004025,1,304.62,14,1,1,1,1,1890,18,0,0,6,1,5,1,800108,1000000
2024JP0004026,1,304.62,34,2,6,1,11,19782,197,6000,1,2,1,1,1,800107,1000000
2024JP0004027,1,304.62,36,1,2,1,10,9575,95,7000,1,1,1,1,1,800102,1000000
2024JP0004028,1,304.62,19,1,3,1,18,11603,116,4000,2,1,1,5,1,800105,1000000
2024JP0004029,1,304.62,48,1,6,1,7,7757,77,9800,1,1,1,2,1,800107,1000000
2024JP0004030,1,304.62,26,2,4,1,13,18158,181,7000,3,1,1,1,1,800107,1000000
2024JP0004031,1,304.62,40,2,2,1,10,11132,111,8000,6,1,1,1,1,800103,1000000
2024JP0004032,1,304.62,44,1,6,1,12,21699,216,5000,3,1,1,1,1,800103,1000000
2024JP0004033,1,304.62,37,1,4,1,11,17364,173,6000,3,1,1,1,1,800100,1000000
2024JP0004034,1,304.62,7,2,3,1,3,2098,20,0,0,6,1,5,1,800106,1000000
2024JP0004035,1,304.62,50,1,1,1,8,3644,36,9920,1,3,1,1,1,800108,1000000
2024JP0004036,1,304.62,33,2,4,1,7,41271,412,9800,3,1,1,3,1,800108,1000000
2024JP0004037,1,304.62,5,2,5,1,5,1525,15,0,0,6,1,5,1,800104,1000000
2024JP0004038,1,304.62,11,2,3,1,5,1347,13,0,0,6,1,5,1,800101,1000000
2024JP0004039,1,304.62,53,1,3,1,7,9704,97,6000,3,1,1,1,1,800100,1000000
2024JP0004040,1,304.62,0,1,1,1,5,4876,48,0,0,6,1,5,1,800104,1000000
2024JP0004041,1,304.62,31,1,3,1,9,7802,78,6000,1,3,1,1,1,800106,1000000
2024JP0004042,1,304.62,3,2,2,1,7,1625,16,0,0,6,1,5,1,800105,1000000
2024JP0004043,1,304.62,35,2,6,1,15,97953,501,6000,1,1,1,5,1,800108,1000000
2024JP0004044,1,304.62,54,1,3,1,6,4337,43,7000,4,1,1,1,1,800100,1000000
2024JP0004045,1,304.62,100,2,1,1,5,842,8,0,0,6,1,1,1,800108,1000000
2024JP0004046,1,304.62,11,1,4,1,3,2238,22,0,0,6,1,5,1,800108,1000000
2024JP0004047,1,304.62,34,1,3,1,15,105189,501,4000,2,5,1,2,1,800108,1000000
2024JP0004048,1,304.62,33,1,7,1,16,101672,501,6000,1,1,1,1,1,800104,1000000
2024JP0004049,1,304.62,5,1,7,1,5,2303,23,0,0,6,1,5,1,800103,1000000
2024JP0004050,1,304.62,16,1,7,1,15,16009,160,0,0,6,1,5,1,800106,1000000
2024JP0004051,1,304.62,44,2,3,1,10,40288,402,5000,1,1,1,1,1,800104,1000000
2024JP0004052,1,304.62,25,2,8,1,14,13003,130,2000,2,1,1,1,1,800100,1000000
2024JP0004053,1,304.62,28,2,4,1,5,2567,25,6000,4,1,1,5,1,800103,1000000
2024JP0004054,1,304.62,58,2,6,1,13,6578,65,2000,1,2,1,5,1,800105,1000000
2024JP0004055,1,304.62,4,2,1,1,4,382,3,0,0,6,1,5,1,800107,1000000
2024JP0004056,1,304.62,35,2,4,1,15,38323,383,6000,1,5,1,1,1,800102,1000000
2024JP0004057,1,304.62,25,2,1,1,11,10788,107,8000,3,1,1,1,1,800101,1000000
2024JP0004058,1,304.62,14,1,5,1,2,692,6,0,0,6,1,5,1,800106,1000000
2024JP0004059,1,304.62,23,1,5,1,12,8220,82,3000,1,1,5,5,1,800102,1000000
2024JP0004060,1,304.62,37,1,4,1,8,14056,140,8000,3,1,1,1,1,800103,1000000
2024JP0004061,1,304.62,43,2,1,1,12,52114,501,5000,1,1,1,1,1,800101,1000000
2024JP0004062,1,304.62,44,1,5,1,10,18034,180,3000,1,1,1,1,1,800101,1000000
2024JP0004063,1,304.62,5,2,2,1,3,3652,36,0,0,6,1,5,1,800103,1000000
2024JP0004064,1,304.62,40,1,6,1,6,3914,39,9800,1,1,1,1,1,800107,1000000
2024JP0004065,1,304.62,6,1,4,1,2,3677,36,0,0,6,1,5,1,800106,1000000
2024JP0004066,1,304.62,46,1,4,1,8,8600,86,9000,6,5,1,5,1,800104,1000000
2024JP0004067,1,304.62,26,2,2,1,7,5581,55,6000,6,1,1,5,1,800101,1000000
2024JP0004068,1,304.62,6,1,2,1,3,2956,29,0,0,6,1,5,1,800103,1000000
2024JP0004069,1,304.62,41,1,6,1,5,5222,52,6000,3,1,1,1,1,800109,1000000
2024JP0004070,1,304.62,31,1,7,1,12,17991,179,9800,1,1,1,1,1,800107,1000000
2024JP0004071,1,304.62,16,1,2,1,14,6458,64,0,0,6,1,5,1,800109,1000000
2024JP0004072,1,304.62,7,2,6,1,5,1880,18,0,0,6,1,5,1,800107,1000000
2024JP0004073,1,304.62,16,2,6,1,17,29463,294,0,0,6,1,5,1,800101,1000000
2024JP0004074,1,304.62,41,2,5,1,12,52966,501,9000,4,1,1,1,1,800105,1000000
2024JP0004075,1,304.62,15,1,2,1,16,20343,203,0,0,6,1,5,1,800104,1000000
2024JP0004076,1,304.62,22,1,1,1,15,78639,501,5000,1,1,1,1,1,800104,1000000
2024JP0004077,1,304.62,3,2,5,1,6,704,7,0,0,6,1,5,1,800108,1000000
2024JP0004078,1,304.62,39,1,6,1,13,13173,131,8000,3,1,1,1,1,800104,1000000
2024JP0004079,1,304.62,81,2,1,1,6,5914,59,0,0,6,1,2,1,800109,1000000
2024JP0004080,1,304.62,48,1,2,1,6,3884,38,5000,1,1,1,1,1,800107,1000000
2024JP0004081,1,304.62,51,1,6,1,13,9189,91,8000,4,1,1,1,1,800102,1000000
2024JP0004082,1,304.62,24,2,7,1,18,15561,155,3000,3,1,1,5,1,800105,1000000
2024JP0004083,1,304.62,24,1,8,1,12,9801,98,9000,1,1,1,5,1,800106,1000000
2024JP0004084,1,304.62,35,1,6,1,9,20005,200,9800,1,1,1,1,1,800101,1000000
2024JP0004085,1,304.62,13,2,2,1,2,5559,55,0,0,6,1,5,1,800101,1000000
2024JP0004086,1,304.62,34,2,3,1,9,6210,62,6000,4,1,1,1,1,800109,1000000
2024JP0004087,1,304.62,33,1,1,1,10,36806,368,6000,1,1,1,1,1,800104,1000000
2024JP0004088,1,304.62,56,2,6,1,6,3462,34,5000,4,1,1,1,1,800104,1000000
2024JP0004089,1,304.62,8,1,2,1,6,10869,108,0,0,6,1,5,1,800102,1000000
2024JP0004090,1,304.62,58,1,2,1,5,5207,52,9920,3,1,1,2,1,800101,1000000
2024JP0004091,1,304.62,10,2,7,1,2,2360,23,0,0,6,1,5,1,800107,1000000
2024JP0004092,1,304.62,54,1,1,1,5,10505,105,7000,1,1,1,5,1,800103,1000000
2024JP0004093,1,304.62,26,2,1,1,6,1799,17,5000,1,1,1,1,1,800103,1000000
2024JP0004094,1,304.62,27,2,1,1,12,7501,75,6000,3,1,1,1,1,800101,1000000
2024JP0004095,1,304.62,35,2,7,1,8,5102,51,5000,1,2,1,1,1,800107,1000000
2024JP0004096,1,304.62,5,1,1,1,2,1357,13,0,0,6,1,5,1,800100,1000000
2024JP0004097,1,304.62,15,1,6,1,12,9024,90,0,0,6,1,5,1,800106,1000000
2024JP0004098,1,304.62,29,2,6,1,5,2062,20,9800,1,1,1,1,1,800109,1000000
2024JP0004099,1,304.62,6,2,2,1,4,5467,54,0,0,6,1,5,1,800105,1000000
2024JP0004100,1,304.62,15,2,6,1,13,9523,95,0,0,6,1,5,1,800100,1000000
2024JP0004101,1,304.62,65,1,7,1,7,5649,56,6000,4,2,1,2,1,800102,1000000
2024JP0004102,1,304.62,41,1,6,1,11,20567,205,5000,4,1,1,1,1,800109,1000000
2024JP0004103,1,304.62,44,1,1,1,7,6251,62,7000,1,2,1,1,1,800100,1000000
2024JP0004104,1,304.62,4,1,4,1,3,786,7,0,0,6,1,5,1,800102,1000000
2024JP0004105,1,304.62,70,1,2,1,6,1676,16,5000,3,2,1,1,1,800103,1000000
2024JP0004106,1,304.62,18,2,1,1,10,9337,93,5000,4,1,1,5,1,800102,1000000
2024JP0004107,1,304.62,6,1,6,1,7,5391,53,0,0,6,1,5,1,800107,1000000
2024JP0004108,1,304.62,40,1,4,1,9,19180,191,2000,1,4,1,2,1,800108,1000000
2024JP0004109,1,304.62,33,1,1,1,5,5976,59,7000,4,1,1,1,1,800104,1000000
2024JP0004110,1,304.62,20,1,6,1,11,11836,118,5000,1,1,1,1,1,800100,1000000
2024JP0004111,1,304.62,41,2,1,1,6,8059,80,9000,3,5,1,1,1,800103,1000000
2024JP0004112,1,304.62,28,2,3,1,11,27406,274,7000,6,1,1,1,1,800108,1000000
2024JP0004113,1,304.62,13,2,3,1,5,1470,14,0,0,6,1,5,1,800101,1000000
2024JP0004114,1,304.62,9,2,8,1,3,4353,43,0,0,6,1,5,1,800105,1000000
2024JP0004115,1,304.62,0,1,1,1,6,3596,35,0,0,6,1,5,1,800109,1000000
2024JP0004116,1,304.62,21,2,1,1,15,6167,61,2000,3,1,5,5,1,800100,1000000
2024JP0004117,1,304.62,1,1,2,1,1,1352,13,0,0,6,1,5,1,800106,1000000
2024JP0004118,1,304.62,9,1,7,1,6,970,9,0,0,6,1,5,1,800103,1000000
2024JP0004119,1,304.62,38,2,1,1,9,20444,204,8000,3,2,1,1,1,800107,1000000
2024JP0004120,1,304.62,20,1,2,1,12,2972,29,2000,2,1,1,5,1,800106,1000000
2024JP0004121,1,304.62,13,2,4,1,6,28911,289,0,0,6,1,5,1,800101,1000000
2024JP0004122,1,304.62,24,2,1,1,14,7001,70,5000,3,1,1,1,1,800109,1000000
2024JP0004123,1,304.62,17,2,5,1,13,16870,168,0,0,6,1,5,1,800106,1000000
2024JP0004124,1,304.62,22,2,5,1,17,57486,501,2000,1,1,1,1,1,800102,1000000
2024JP0004125,1,304.62,27,1,6,1,14,31800,318,9000,3,1,1,1,1,800107,1000000
2024JP0004126,1,304.62,45,2,4,1,13,35427,354,6000,4,1,1,1,1,800103,1000000
2024JP0004127,1,304.62,27,2,6,1,9,11384,113,2000,1,1,1,1,1,800107,1000000
2024JP0004128,1,304.62,40,1,1,1,7,8878,88,5000,3,1,1,1,1,800105,1000000
2024JP0004129,1,304.62,21,2,1,1,15,38126,381,6000,4,1,1,1,1,800100,1000000
2024JP0004130,1,304.62,21,1,6,1,15,14003,140,2000,3,1,1,5,1,800108,1000000
2024JP0004131,1,304.62,43,1,4,1,9,15460,154,8000,1,1,1,1,1,800105,1000000
2024JP0004132,1,304.62,12,1,1,1,3,13563,135,0,0,6,1,5,1,800107,1000000
2024JP0004133,1,304.62,34,1,7,1,5,4122,41,7000,4,4,5,1,1,800101,1000000
2024JP0004134,1,304.62,13,2,2,1,5,600,6,0,0,6,1,5,1,800102,1000000
2024JP0004135,1,304.62,3,1,6,1,2,11140,111,0,0,6,1,5,1,800106,1000000
2024JP0004136,1,304.62,35,1,1,1,10,10389,103,6000,1,1,1,1,1,800104,1000000
2024JP0004137,1,304.62,1,2,2,1,2,3095,30,0,0,6,1,5,1,800107,1000000
2024JP0004138,1,304.62,46,2,4,1,10,16271,162,7000,1,1,1,1,1,800107,1000000
2024JP0004139,1,304.62,7,2,1,1,4,1904,19,0,0,6,1,5,1,800105,1000000
2024JP0004140,1,304.62,9,2,1,1,2,263,2,0,0,6,1,5,1,800100,1000000
2024JP0004141,1,304.62,33,1,5,1,11,11280,112,6000,1,1,1,1,1,800108,1000000
2024JP0004142,1,304.62,55,1,3,1,9,72231,501,5000,1,5,2,4,1,800103,1000000
2024JP0004143,1,304.62,19,2,1,1,11,9821,98,7000,1,1,1,1,1,800107,1000000
2024JP0004144,1,304.62,44,1,2,1,5,63042,501,6000,3,1,1,1,1,800106,1000000
2024JP0004145,1,304.62,27,1,3,1,6,5460,54,9000,1,1,1,5,1,800104,1000000
2024JP0004146,1,304.62,12,1,4,1,6,2844,28,0,0,6,1,5,1,800105,1000000
2024JP0004147,1,304.62,1,1,4,1,3,12629,126,0,0,6,1,5,1,800106,1000000
2024JP0004148,1,304.62,9,1,7,1,4,1097,10,0,0,6,1,5,1,800106,1000000
2024JP0004149,1,304.62,77,1,6,1,7,2102,21,0,0,6,1,2,1,800103,1000000
2024JP0004150,1,304.62,34,1,1,1,5,10753,107,7000,3,2,1,1,1,800107,1000000
2024JP0004151,1,304.62,40,2,8,1,6,8547,85,9920,1,1,1,1,1,800103,1000000
2024JP0004152,1,304.62,32,2,2,1,8,3961,39,5000,1,1,1,1,1,800104,1000000
2024JP0004153,1,304.62,36,2,4,1,5,5220,52,9800,1,1,1,1,1,800108,1000000
2024JP0004154,1,304.62,27,2,6,1,7,9849,98,9800,4,1,1,5,1,800109,1000000
2024JP0004155,1,304.62,39,1,5,1,6,7615,76,6000,1,1,1,1,1,800108,1000000
2024JP0004156,1,304.62,31,2,1,1,10,15955,159,6000,1,1,1,1,1,800108,1000000
2024JP0004157,1,304.62,36,2,3,1,7,14875,148,9000,3,2,1,1,1,800100,1000000
2024JP0004158,1,304.62,12,1,6,1,6,5578,55,0,0,6,1,5,1,800105,1000000
2024JP0004159,1,304.62,18,1,4,1,12,10228,102,9000,4,5,1,5,1,800100,1000000
2024JP0004160,1,304.62,15,1,1,1,19,14211,142,0,0,6,1,5,1,800105,1000000
2024JP0004161,1,304.62,55,2,9,1,8,4639,46,7000,3,1,1,1,1,800104,1000000
2024JP0004162,1,304.62,27,1,5,1,10,14731,147,7000,6,1,1,1,1,800100,1000000
2024JP0004163,1,304.62,38,1,5,1,7,8666,86,6000,1,1,1,1,1,800107,1000000
2024JP0004164,1,304.62,39,1,6,1,7,9129,91,6000,3,1,1,1,1,800104,1000000
2024JP0004165,1,304.62,36,2,6,1,13,39996,399,6000,1,1,1,1,1,800103,1000000
2024JP0004166,1,304.62,33,1,5,1,7,5136,51,9800,3,1,1,1,1,800100,1000000
2024JP0004167,1,304.62,42,2,9,1,10,38931,389,9800,1,1,1,1,1,800104,1000000
2024JP0004168,1,304.62,42,1,3,1,7,6181,61,9800,1,2,1,1,1,800108,1000000
2024JP0004169,1,304.62,27,2,1,1,11,26811,268,9000,4,1,1,5,1,800107,1000000
2024JP0004170,1,304.62,30,1,1,1,7,6360,63,5000,3,1,1,1,1,800106,1000000
2024JP0004171,1,304.62,9,1,2,1,7,14217,142,0,0,6,1,5,1,800109,1000000
2024JP0004172,1,304.62,23,1,6,1,12,11915,119,1000,3,1,1,5,1,800102,1000000
2024JP0004173,1,304.62,50,1,3,1,7,5772,57,7000,6,1,1,5,2,800101,1000000
2024JP0004174,1,304.62,4,1,4,1,5,3241,32,0,0,6,1,5,1,800108,1000000
2024JP0004175,1,304.62,43,1,6,1,9,66564,501,9800,1,1,1,2,1,800109,1000000
2024JP0004176,1,304.62,8,1,4,1,4,2246,22,0,0,6,1,5,1,800105,1000000
2024JP0004177,1,304.62,20,1,3,1,10,4286,42,9000,3,1,1,5,1,800108,1000000
2024JP0004178,1,304.62,22,2,2,1,10,33104,331,1000,3,1,1,5,1,800102,1000000
2024JP0004179,1,304.62,48,2,3,1,5,18859,188,6000,4,1,1,1,1,800101,1000000
2024JP0004180,1,304.62,94,1,6,1,10,1849,18,0,0,6,1,1,1,800104,1000000
2024JP0004181,1,304.62,31,2,2,1,10,9673,96,9000,1,1,1,1,1,800100,1000000
2024JP0004182,1,304.62,21,1,5,1,12,4095,40,7000,1,2,1,5,1,800108,1000000
2024JP0004183,1,304.62,46,1,1,1,6,15796,157,5000,1,1,1,1,1,800108,1000000
2024JP0004184,1,304.62,9,2,6,1,1,1210,12,0,0,6,1,5,1,800104,1000000
2024JP0004185,1,304.62,15,2,7,1,15,35605,356,0,0,6,1,5,1,800109,1000000
2024JP0004186,1,304.62,39,1,3,1,13,13907,139,2000,2,1,1,1,1,800101,1000000
2024JP0004187,1,304.62,97,2,1,1,5,5808,58,0,0,6,1,1,1,800107,1000000
2024JP0004188,1,304.62,99,1,2,1,7,2584,25,0,0,6,1,1,1,800101,1000000
2024JP0004189,1,304.62,87,2,3,1,5,3681,36,0,0,6,1,1,1,800100,1000000
2024JP0004190,1,304.62,20,1,6,1,12,2418,24,3000,1,1,1,1,1,800103,1000000
2024JP0004191,1,304.62,51,2,1,1,7,3393,33,7000,3,1,1,1,1,800106,1000000
2024JP0004192,1,304.62,16,1,2,1,10,3634,36,0,0,6,1,5,1,800100,1000000
2024JP0004193,1,304.62,2,2,1,1,4,4928,49,0,0,6,1,5,1,800107,1000000
2024JP0004194,1,304.62,29,1,4,1,7,9866,98,9800,4,1,1,5,1,800103,1000000
2024JP0004195,1,304.62,10,2,2,1,6,2194,21,0,0,6,1,5,1,800103,1000000
2024JP0004196,1,304.62,15,1,3,1,15,10745,107,0,0,6,1,5,1,800109,1000000
2024JP0004197,1,304.62,0,1,3,1,1,1834,18,0,0,6,1,5,1,800104,1000000
2024JP0004198,1,304.62,13,2,6,1,3,2335,23,0,0,6,1,5,1,800101,1000000
2024JP0004199,1,304.62,52,2,6,1,9,19250,192,8000,6,4,1,2,1,800108,1000000
2024JP0004200,1,304.62,24,2,6,1,13,9459,94,7000,3,2,1,1,1,800107,1000000
2024JP0004201,1,304.62,14,2,2,1,4,2560,25,0,0,6,1,5,1,800107,1000000
2024JP0004202,1,304.62,14,2,1,1,4,3081,30,0,0,6,1,5,1,800103,1000000
2024JP0004203,1,304.62,46,1,6,1,5,7397,73,9800,1,2,1,1,1,800101,1000000
2024JP0004204,1,304.62,72,2,6,1,10,10476,104,0,0,6,1,4,1,800107,1000000
2024JP0004205,1,304.62,42,1,6,1,8,2891,28,9800,1,1,1,1,1,800100,1000000
2024JP0004206,1,304.62,32,1,5,1,10,30886,308,9000,3,3,1,1,1,800100,1000000
2024JP0004207,1,304.62,33,1,2,1,11,39075,390,2000,3,1,5,1,1,800101,1000000
2024JP0004208,1,304.62,34,1,1,1,14,32967,329,6000,6,1,1,1,1,800103,1000000
2024JP0004209,1,304.62,2,1,6,1,6,2932,29,0,0,6,1,5,1,800101,1000000
2024JP0004210,1,304.62,28,2,1,1,13,28459,284,2000,3,1,1,1,1,800108,1000000
2024JP0004211,1,304.62,24,2,6,1,18,84633,501,2000,2,1,1,1,1,800109,1000000
2024JP0004212,1,304.62,3,2,1,1,2,4171,41,0,0,6,1,5,1,800102,1000000
2024JP0004213,1,304.62,3,1,4,1,3,4009,40,0,0,6,1,5,1,800100,1000000
2024JP0004214,1,304.62,12,2,3,1,4,891,8,0,0,6,1,5,1,800105,1000000
2024JP0004215,1,304.62,69,1,3,1,5,1595,15,9920,1,1,1,2,1,800100,1000000
2024JP0004216,1,304.62,17,2,6,1,11,2732,27,0,0,6,1,5,1,800103,1000000
2024JP0004217,1,304.62,2,1,1,1,1,1065,10,0,0,6,1,5,1,800103,1000000
2024JP0004218,1,304.62,5,2,6,1,1,3597,35,0,0,6,1,5,1,800105,1000000
2024JP0004219,1,304.62,15,2,1,1,17,31901,319,0,0,6,1,5,1,800105,1000000
2024JP0004220,1,304.62,5,2,6,1,7,2735,27,0,0,6,1,5,1,800106,1000000
2024JP0004221,1,304.62,46,2,2,1,8,5067,50,9920,1,1,1,1,1,800103,1000000
2024JP0004222,1,304.62,22,1,6,1,14,11289,112,1000,3,5,1,1,1,800100,1000000
2024JP0004223,1,304.62,58,1,2,1,12,14755,147,6000,4,1,1,2,1,800100,1000000
2024JP0004224,1,304.62,39,1,2,1,9,15895,158,5000,4,1,1,1,1,800103,1000000
2024JP0004225,1,304.62,32,2,4,1,6,10857,108,7000,3,1,1,1,1,800102,1000000
2024JP0004226,1,304.62,32,1,3,1,11,23967,239,5000,3,2,1,1,1,800100,1000000
2024JP0004227,1,304.62,37,1,2,1,10,69502,501,6000,4,1,1,1,1,800103,1000000
2024JP0004228,1,304.62,37,1,1,1,8,3365,33,6000,1,1,2,1,1,800106,1000000
2024JP0004229,1,304.62,7,1,4,1,1,1117,11,0,0,6,1,5,1,800101,1000000
2024JP0004230,1,304.62,30,1,6,1,11,15414,154,5000,1,1,1,1,1,800103,1000000
2024JP0004231,1,304.62,29,2,6,1,6,4731,47,8000,1,1,1,1,1,800102,1000000
2024JP0004232,1,304.62,41,1,1,1,8,13135,131,8000,1,1,1,1,1,800107,1000000
2024JP0004233,1,304.62,56,2,4,1,8,11574,115,9920,3,1,1,1,1,800108,1000000
2024JP0004234,1,304.62,31,1,2,1,5,12553,125,9920,1,1,1,1,1,800106,1000000
2024JP0004235,1,304.62,45,2,1,1,5,5923,59,7000,3,2,1,1,1,800100,1000000
2024JP0004236,1,304.62,26,2,2,1,11,17689,176,7000,4,1,1,5,1,800105,1000000
2024JP0004237,1,304.62,33,2,3,1,9,6421,64,9000,6,2,1,1,1,800105,1000000
2024JP0004238,1,304.62,38,1,1,1,11,13246,132,5000,3,1,1,5,1,800109,1000000
2024JP0004239,1,304.62,0,2,6,1,6,3391,33,0,0,6,1,5,1,800108,1000000
2024JP0004240,1,304.62,35,1,6,1,9,37502,375,5000,6,2,1,1,1,800104,1000000
2024JP0004241,1,304.62,0,2,8,1,3,6980,69,0,0,6,1,5,2,800101,1000000
2024JP0004242,1,304.62,8,2,3,1,6,17205,172,0,0,6,1,5,1,800107,1000000
2024JP0004243,1,304.62,43,1,1,1,5,2921,29,6000,3,5,1,1,1,800108,1000000
2024JP0004244,1,304.62,86,2,6,1,7,17801,178,0,0,6,1,1,1,800102,1000000
2024JP0004245,1,304.62,18,2,6,1,15,19754,197,4000,1,1,1,1,1,800101,1000000
2024JP0004246,1,304.62,3,1,2,1,4,2460,24,0,0,6,1,5,1,800101,1000000
2024JP0004247,1,304.62,40,2,6,1,8,4568,45,5000,3,1,1,1,1,800107,1000000
2024JP0004248,1,304.62,10,1,3,1,2,3671,36,0,0,6,1,5,1,800102,1000000
2024JP0004249,1,304.62,39,1,1,1,11,7659,76,9000,1,1,1,1,1,800102,1000000
2024JP0004250,1,304.62,22,1,2,1,14,12426,124,1000,1,1,1,5,1,800102,1000000
2024JP0004251,1,304.62,36,1,6,1,6,15699,156,6000,4,1,1,1,1,800106,1000000
2024JP0004252,1,304.62,43,2,3,1,6,4197,41,9000,4,1,1,1,1,800101,1000000
2024JP0004253,1,304.62,58,1,8,1,6,2397,23,8000,1,1,1,1,1,800102,1000000
2024JP0004254,1,304.62,36,2,6,1,9,17991,179,7000,3,1,1,1,1,800103,1000000
2024JP0004255,1,304.62,52,2,4,1,7,3403,34,8000,1,1,1,1,1,800101,1000000
2024JP0004256,1,304.62,60,1,2,1,5,5822,58,5000,6,1,1,2,1,800107,1000000
2024JP0004257,1,304.62,18,1,6,1,18,21161,211,6000,4,1,1,5,1,800106,1000000
2024JP0004258,1,304.62,31,1,1,1,12,49631,496,7000,1,5,1,1,1,800108,1000000
2024JP0004259,1,304.62,35,2,4,1,8,8765,87,5000,1,1,1,1,1,800103,1000000
2024JP0004260,1,304.62,24,1,6,1,20,43722,437,4000,3,1,1,1,1,800105,1000000
2024JP0004261,1,304.62,0,1,2,1,1,1033,10,0,0,6,1,5,1,800102,1000000
2024JP0004262,1,304.62,44,1,3,1,12,11965,119,3000,3,5,1,1,1,800104,1000000
2024JP0004263,1,304.62,22,1,4,1,16,80703,501,5000,1,1,1,1,1,800105,1000000
2024JP0004264,1,304.62,8,2,4,1,4,2597,25,0,0,6,1,5,1,800109,1000000
2024JP0004265,1,304.62,11,1,1,1,6,2989,29,0,0,6,1,5,1,800103,1000000
2024JP0004266,1,304.62,48,1,5,1,6,17431,174,5000,1,1,1,5,1,800100,1000000
2024JP0004267,1,304.62,19,2,1,1,14,3213,32,5000,3,1,1,5,1,800107,1000000
2024JP0004268,1,304.62,35,1,2,1,7,6864,68,7000,4,5,1,1,1,800108,1000000
2024JP0004269,1,304.62,40,2,1,1,5,16091,160,9800,3,3,1,1,1,800106,1000000
2024JP0004270,1,304.62,18,1,6,1,10,4536,45,9000,1,1,1,5,1,800103,1000000
2024JP0004271,1,304.62,41,1,4,1,5,3919,39,5000,1,1,1,5,1,800109,1000000
2024JP0004272,1,304.62,88,1,1,1,8,411,4,0,0,6,1,2,1,800103,1000000
2024JP0004273,1,304.62,25,1,5,1,8,4359,43,9800,3,2,1,1,1,800102,1000000
2024JP0004274,1,304.62,7,2,1,1,4,1626,16,0,0,6,1,5,1,800108,1000000
2024JP0004275,1,304.62,22,1,4,1,13,53854,501,3000,1,1,1,1,1,800105,1000000
2024JP0004276,1,304.62,35,2,4,1,11,14374,143,9000,6,1,1,1,1,800105,1000000
2024JP0004277,1,304.62,53,1,2,1,9,22600,225,9000,1,1,1,1,1,800104,1000000
2024JP0004278,1,304.62,37,1,3,1,9,7947,79,6000,1,2,1,1,1,800102,1000000
2024JP0004279,1,304.62,39,1,3,1,12,12027,120,7000,3,1,1,1,1,800104,1000000
2024JP0004280,1,304.62,7,2,2,1,3,659,6,0,0,6,1,5,1,800108,1000000
2024JP0004281,1,304.62,39,2,7,1,8,40285,402,5000,3,1,1,1,1,800104,1000000
2024JP0004282,1,304.62,20,1,8,1,13,9539,95,7000,4,1,1,1,1,800103,1000000
2024JP0004283,1,304.62,10,1,7,1,5,656,6,0,0,6,1,5,1,800108,1000000
2024JP0004284,1,304.62,6,2,6,1,2,1936,19,0,0,6,1,5,1,800102,1000000
2024JP0004285,1,304.62,35,2,1,1,12,10726,107,6000,1,1,1,1,1,800109,1000000
2024JP0004286,1,304.62,38,1,7,1,6,3861,38,9920,1,1,1,1,1,800103,1000000
2024JP0004287,1,304.62,34,2,6,1,7,7622,76,9000,1,1,1,2,1,800100,1000000
2024JP0004288,1,304.62,29,2,7,1,7,10177,101,6000,1,1,1,5,1,800102,1000000
2024JP0004289,1,304.62,24,1,3,1,10,13481,134,8000,1,1,1,5,1,800106,1000000
2024JP0004290,1,304.62,27,1,7,1,9,6959,69,8000,4,1,2,5,1,800100,1000000
2024JP0004291,1,304.62,7,2,3,1,4,2524,25,0,0,6,1,5,1,800104,1000000
2024JP0004292,1,304.62,52,1,6,1,7,4293,42,6000,4,5,1,1,1,800109,1000000
2024JP0004293,1,304.62,9,1,3,1,2,6102,61,0,0,6,1,5,1,800100,1000000
2024JP0004294,1,304.62,15,1,6,1,12,11728,117,0,0,6,1,5,1,800107,1000000
2024JP0004295,1,304.62,1,1,2,1,2,5010,50,0,0,6,1,5,1,800108,1000000
2024JP0004296,1,304.62,40,1,9,1,11,15082,150,5000,1,5,1,2,1,800103,1000000
2024JP0004297,1,304.62,41,2,4,1,12,12633,126,2000,1,1,1,1,1,800103,1000000
2024JP0004298,1,304.62,71,2,5,1,7,4313,43,0,0,6,1,1,1,800102,1000000
2024JP0004299,1,304.62,36,1,5,1,13,7319,73,7000,3,1,1,1,1,800108,1000000
2024JP0004300,1,304.62,15,2,1,1,11,2440,24,0,0,6,1,5,1,800101,1000000
2024JP0004301,1,304.62,39,2,1,1,8,5624,56,6000,3,1,1,2,1,800101,1000000
2024JP0004302,1,304.62,28,1,3,1,12,36045,360,8000,3,3,1,1,1,800109,1000000
2024JP0004303,1,304.62,4,2,3,1,6,2281,22,0,0,6,1,5,1,800108,1000000
2024JP0004304,1,304.62,52,1,7,1,13,62444,501,6000,3,1,1,1,1,800101,1000000
2024JP0004305,1,304.62,16,1,2,1,13,22612,226,0,0,6,1,5,1,800109,1000000
2024JP0004306,1,304.62,12,2,4,1,3,2334,23,0,0,6,1,5,1,800106,1000000
2024JP0004307,1,304.62,16,1,1,1,10,10293,102,0,0,6,1,5,1,800100,1000000
2024JP0004308,1,304.62,19,2,2,1,14,3217,32,6000,3,1,1,5,1,800103,1000000
2024JP0004309,1,304.62,17,2,7,1,10,23228,232,0,0,6,1,5,1,800108,1000000
2024JP0004310,1,304.62,19,2,1,1,15,20204,202,6000,3,1,1,1,1,800102,1000000
2024JP0004311,1,304.62,44,2,4,1,11,38568,385,5000,3,1,1,1,1,800100,1000000
2024JP0004312,1,304.62,34,2,7,1,6,5393,53,7000,4,1,1,1,1,800102,1000000
2024JP0004313,1,304.62,27,2,6,1,9,9077,90,4000,1,1,1,1,1,800108,1000000
2024JP0004314,1,304.62,42,2,9,1,12,11148,111,8000,3,1,1,1,1,800105,1000000
2024JP0004315,1,304.62,18,2,1,1,16,24541,245,6000,4,1,1,1,1,800109,1000000
2024JP0004316,1,304.62,22,2,3,1,14,20144,201,8000,3,1,1,1,1,800104,1000000
2024JP0004317,1,304.62,25,2,2,1,7,7498,74,8000,6,1,1,1,1,800104,1000000
2024JP0004318,1,304.62,42,1,5,1,15,47580,475,6000,3,1,1,1,1,800101,1000000
2024JP0004319,1,304.62,45,1,2,1,8,5531,55,5000,6,1,1,1,1,800102,1000000
2024JP0004320,1,304.62,39,1,7,1,11,28652,286,3000,1,1,1,5,1,800103,1000000
2024JP0004321,1,304.62,3,1,5,1,4,2685,26,0,0,6,1,5,1,800106,1000000
2024JP0004322,1,304.62,50,1,1,1,11,27107,271,6000,6,1,1,1,1,800102,1000000
2024JP0004323,1,304.62,42,1,7,1,11,22614,226,2000,3,1,1,1,1,800106,1000000
2024JP0004324,1,304.62,6,2,5,1,3,1077,10,0,0,6,1,5,1,800102,1000000
2024JP0004325,1,304.62,31,2,6,1,9,11278,112,6000,3,1,1,1,1,800106,1000000
2024JP0004326,1,304.62,15,2,1,1,15,30193,301,0,0,6,1,5,1,800102,1000000
2024JP0004327,1,304.62,25,2,1,1,5,11057,110,6000,4,1,1,5,1,800100,1000000
2024JP0004328,1,304.62,20,2,9,1,13,3206,32,6000,1,5,1,1,1,800100,1000000
2024JP0004329,1,304.62,67,1,3,1,6,733,7,9000,4,1,1,3,1,800104,1000000
2024JP0004330,1,304.62,22,1,2,1,11,8358,83,5000,3,3,1,1,1,800102,1000000
2024JP0004331,1,304.62,2,2,1,1,4,1518,15,0,0,6,1,5,1,800108,1000000
2024JP0004332,1,304.62,21,1,4,1,13,15677,156,5000,3,1,1,5,1,800104,1000000
2024JP0004333,1,304.62,22,2,5,1,18,30428,304,4000,1,1,1,5,1,800105,1000000
2024JP0004334,1,304.62,11,1,6,1,5,2255,22,0,0,6,1,5,1,800102,1000000
2024JP0004335,1,304.62,42,2,1,1,9,46156,461,2000,3,1,1,3,1,800100,1000000
2024JP0004336,1,304.62,13,1,4,1,2,2923,29,0,0,6,1,5,1,800103,1000000
2024JP0004337,1,304.62,5,2,5,1,5,3488,34,0,0,6,1,5,1,800103,1000000
2024JP0004338,1,304.62,42,2,5,1,9,22626,226,8000,1,1,1,1,1,800102,1000000
2024JP0004339,1,304.62,39,1,4,1,6,16461,164,9920,3,1,1,1,1,800102,1000000
2024JP0004340,1,304.62,12,1,3,1,7,1661,16,0,0,6,1,5,1,800105,1000000
2024JP0004341,1,304.62,14,1,6,1,1,668,6,0,0,6,1,5,1,800108,1000000
2024JP0004342,1,304.62,14,1,2,1,3,6701,67,0,0,6,1,5,1,800106,1000000
2024JP0004343,1,304.62,18,2,4,1,12,5929,59,4000,1,1,1,1,1,800105,1000000
2024JP0004344,1,304.62,36,1,5,1,9,16091,160,1000,2,1,1,1,1,800109,1000000
2024JP0004345,1,304.62,25,1,6,1,6,1689,16,7000,3,1,1,1,1,800102,1000000
2024JP0004346,1,304.62,0,1,1,1,6,672,6,0,0,6,1,5,1,800103,1000000
2024JP0004347,1,304.62,30,2,6,1,9,74060,501,9000,1,1,1,1,1,800105,1000000
2024JP0004348,1,304.62,49,1,2,1,5,10172,101,6000,1,1,1,2,1,800109,1000000
2024JP0004349,1,304.62,17,2,4,1,15,9304,93,0,0,6,1,5,1,800107,1000000
2024JP0004350,1,304.62,61,1,1,1,6,10979,109,7000,1,2,1,4,1,800105,1000000
2024JP0004351,1,304.62,18,1,1,1,17,26197,261,4000,1,1,1,5,1,800100,1000000
2024JP0004352,1,304.62,6,1,2,1,4,1785,17,0,0,6,1,5,1,800101,1000000
2024JP0004353,1,304.62,56,1,6,1,13,15379,153,6000,1,1,1,2,1,800106,1000000
2024JP0004354,1,304.62,22,2,3,1,10,3970,39,1000,3,1,1,5,1,800103,1000000
2024JP0004355,1,304.62,28,2,9,1,12,8348,83,6000,3,1,1,1,1,800100,1000000
2024JP0004356,1,304.62,38,1,1,1,10,14672,146,5000,1,1,1,1,1,800108,1000000
2024JP0004357,1,304.62,18,2,2,1,13,6992,69,4000,1,1,1,5,1,800103,1000000
2024JP0004358,1,304.62,78,2,1,1,8,5613,56,0,0,6,1,1,1,800106,1000000
2024JP0004359,1,304.62,2,1,2,1,3,832,8,0,0,6,1,5,1,800103,1000000
2024JP0004360,1,304.62,19,2,1,1,14,16534,165,2000,1,1,1,5,1,800100,1000000
2024JP0004361,1,304.62,39,1,2,1,9,3147,31,7000,1,1,1,1,1,800109,1000000
2024JP0004362,1,304.62,39,2,5,1,8,4315,43,9920,6,1,1,1,1,800100,1000000
2024JP0004363,1,304.62,22,1,4,1,15,41639,416,4000,3,1,1,5,1,800103,1000000
2024JP0004364,1,304.62,5,1,4,1,5,1187,11,0,0,6,1,5,1,800108,1000000
2024JP0004365,1,304.62,2,1,2,1,5,11663,116,0,0,6,1,5,1,800101,1000000
2024JP0004366,1,304.62,11,2,1,1,4,947,9,0,0,6,1,5,1,800101,1000000
2024JP0004367,1,304.62,46,2,2,1,6,5922,59,6000,3,1,1,1,1,800105,1000000
2024JP0004368,1,304.62,10,2,6,1,3,1480,14,0,0,6,1,5,1,800100,1000000
2024JP0004369,1,304.62,55,1,1,1,9,13348,133,5000,1,5,1,1,1,800105,1000000
2024JP0004370,1,304.62,3,2,4,1,7,1716,17,0,0,6,1,5,1,800103,1000000
2024JP0004371,1,304.62,18,2,6,1,19,33876,338,1000,3,1,1,5,1,800108,1000000
2024JP0004372,1,304.62,53,1,1,1,6,6613,66,6000,4,3,1,1,1,800104,1000000
2024JP0004373,1,304.62,37,1,8,1,8,2245,22,6000,3,1,1,1,1,800103,1000000
2024JP0004374,1,304.62,26,2,4,1,11,7511,75,1000,3,1,1,5,1,800103,1000000
2024JP0004375,1,304.62,14,1,4,1,3,740,7,0,0,6,1,5,1,800109,1000000
2024JP0004376,1,304.62,5,1,1,1,4,3682,36,0,0,6,1,5,1,800107,1000000
2024JP0004377,1,304.62,31,1,5,1,11,18347,183,3000,3,2,1,1,1,800106,1000000
2024JP0004378,1,304.62,52,2,1,1,8,3710,37,9800,1,5,1,1,1,800104,1000000
2024JP0004379,1,304.62,27,1,4,1,7,6389,63,9920,3,2,1,1,1,800106,1000000
2024JP0004380,1,304.62,17,1,3,1,14,2410,24,0,0,6,1,5,1,800106,1000000
2024JP0004381,1,304.62,74,1,4,1,6,7818,78,0,0,6,1,5,1,800105,1000000
2024JP0004382,1,304.62,26,1,2,1,11,28508,285,6000,1,4,1,1,1,800100,1000000
2024JP0004383,1,304.62,19,1,2,1,12,3657,36,6000,1,1,1,5,1,800107,1000000
2024JP0004384,1,304.62,50,1,4,1,10,21886,218,5000,3,1,1,1,1,800104,1000000
2024JP0004385,1,304.62,91,2,4,1,5,29179,291,0,0,6,1,1,1,800103,1000000
2024JP0004386,1,304.62,0,1,1,1,4,1621,16,0,0,6,1,5,1,800107,1000000
2024JP0004387,1,304.62,40,1,4,1,10,3952,39,2000,1,1,1,1,1,800108,1000000
2024JP0004388,1,304.62,39,2,3,1,11,20422,204,2000,1,1,1,1,1,800102,1000000
2024JP0004389,1,304.62,28,2,1,1,5,1446,14,9920,1,1,1,1,1,800106,1000000
2024JP0004390,1,304.62,22,2,1,1,15,60533,501,5000,4,1,1,1,1,800109,1000000
2024JP0004391,1,304.62,4,1,1,1,3,8459,84,0,0,6,1,5,1,800101,1000000
2024JP0004392,1,304.62,20,1,5,1,15,22048,220,4000,2,1,1,5,1,800105,1000000
2024JP0004393,1,304.62,36,2,6,1,10,53002,501,6000,3,1,1,2,1,800108,1000000
2024JP0004394,1,304.62,95,2,5,1,5,4015,40,0,0,6,1,1,1,800105,1000000
2024JP0004395,1,304.62,18,1,1,1,16,38464,384,6000,1,1,1,5,1,800107,1000000
2024JP0004396,1,304.62,23,1,1,1,16,64586,501,5000,4,4,1,1,1,800103,1000000
2024JP0004397,1,304.62,19,1,1,1,17,32488,324,1000,2,1,1,5,1,800101,1000000
2024JP0004398,1,304.62,3,2,6,1,1,5415,54,0,0,6,1,5,1,800107,1000000
2024JP0004399,1,304.62,54,1,2,1,10,13932,139,6000,1,1,1,2,1,800103,1000000
2024JP0004400,1,304.62,41,2,2,1,10,6741,67,2000,3,1,1,1,1,800100,1000000
2024JP0004401,1,304.62,3,2,1,1,3,686,6,0,0,6,1,5,1,800107,1000000
2024JP0004402,1,304.62,57,2,5,1,7,3644,36,7000,1,1,1,1,1,800100,1000000
2024JP0004403,1,304.62,40,2,1,1,11,15999,159,5000,3,1,1,1,1,800105,1000000
2024JP0004404,1,304.62,17,2,4,1,16,34001,340,0,0,6,1,5,1,800107,1000000
2024JP0004405,1,304.62,16,2,2,1,13,2721,27,0,0,6,1,5,1,800109,1000000
2024JP0004406,1,304.62,55,2,3,1,5,25000,250,9000,1,1,1,1,1,800104,1000000
2024JP0004407,1,304.62,29,2,1,1,11,6750,67,5000,3,1,1,1,1,800103,1000000
2024JP0004408,1,304.62,23,1,2,1,12,7512,75,5000,4,1,1,5,1,800105,1000000
2024JP0004409,1,304.62,37,1,6,1,14,8247,82,6000,4,1,1,1,1,800105,1000000
2024JP0004410,1,304.62,69,2,4,1,5,3646,36,9000,1,1,1,1,1,800100,1000000
2024JP0004411,1,304.62,1,1,5,1,7,1103,11,0,0,6,1,5,1,800102,1000000
2024JP0004412,1,304.62,21,2,2,1,10,2345,23,2000,1,1,1,5,1,800107,1000000
2024JP0004413,1,304.62,5,1,8,1,1,2369,23,0,0,6,1,5,1,800104,1000000
2024JP0004414,1,304.62,40,1,6,1,10,7714,77,5000,3,5,1,1,1,800108,1000000
2024JP0004415,1,304.62,40,1,2,1,7,21789,217,5000,1,1,1,1,1,800109,1000000
2024JP0004416,1,304.62,43,1,2,1,8,2227,22,6000,1,1,1,1,1,800106,1000000
2024JP0004417,1,304.62,25,2,6,1,10,22903,229,5000,3,1,1,1,1,800104,1000000
2024JP0004418,1,304.62,39,2,6,1,13,38587,385,5000,6,1,1,1,1,800102,1000000
2024JP0004419,1,304.62,40,1,5,1,9,8285,82,2000,3,1,1,1,1,800106,1000000
2024JP0004420,1,304.62,15,1,6,1,16,17366,173,0,0,6,1,5,1,800103,1000000
2024JP0004421,1,304.62,43,2,4,1,12,6769,67,2000,1,1,1,1,1,800103,1000000
2024JP0004422,1,304.62,9,1,7,1,6,3261,32,0,0,6,1,5,1,800103,1000000
2024JP0004423,1,304.62,15,2,1,1,13,6042,60,0,0,6,1,5,1,800105,1000000
2024JP0004424,1,304.62,5,1,4,1,5,4107,41,0,0,6,1,5,1,800109,1000000
2024JP0004425,1,304.62,17,2,3,1,12,10781,107,0,0,6,1,5,1,800105,1000000
2024JP0004426,1,304.62,6,2,3,1,2,1508,15,0,0,6,1,5,1,800106,1000000
2024JP0004427,1,304.62,6,1,8,1,3,1463,14,0,0,6,5,5,1,800108,1000000
2024JP0004428,1,304.62,12,2,2,1,7,10056,100,0,0,6,1,5,1,800108,1000000
2024JP0004429,1,304.62,34,1,1,1,10,8771,87,6000,1,1,1,1,1,800102,1000000
2024JP0004430,1,304.62,47,1,1,1,15,44763,447,4000,1,5,1,1,1,800109,1000000
2024JP0004431,1,304.62,32,1,7,1,8,5699,56,8000,3,1,1,1,1,800101,1000000
2024JP0004432,1,304.62,1,2,1,1,7,2135,21,0,0,6,1,5,1,800100,1000000
2024JP0004433,1,304.62,35,2,5,1,8,16630,166,9800,4,1,5,1,1,800109,1000000
2024JP0004434,1,304.62,49,1,3,1,6,3474,34,8000,1,1,1,1,1,800103,1000000
2024JP0004435,1,304.62,86,2,2,1,8,5696,56,0,0,6,2,1,1,800106,1000000
2024JP0004436,1,304.62,89,1,2,1,9,6799,67,0,0,6,1,4,1,800102,1000000
2024JP0004437,1,304.62,38,2,4,1,10,25397,253,7000,1,1,1,1,1,800104,1000000
2024JP0004438,1,304.62,56,2,4,1,8,10707,107,5000,1,2,1,1,1,800107,1000000
2024JP0004439,1,304.62,41,1,6,1,16,113075,501,1000,1,1,1,1,1,800108,1000000
2024JP0004440,1,304.62,40,2,1,1,9,27350,273,2000,2,1,1,1,1,800100,1000000
2024JP0004441,1,304.62,50,2,3,1,6,4497,44,5000,4,1,1,1,1,800107,1000000
2024JP0004442,1,304.62,25,2,5,1,7,11290,112,6000,3,1,1,5,1,800106,1000000
2024JP0004443,1,304.62,27,2,6,1,5,12742,127,5000,3,1,1,1,1,800109,1000000
2024JP0004444,1,304.62,40,1,4,1,8,37970,379,9800,3,1,1,1,1,800104,1000000
2024JP0004445,1,304.62,26,2,7,1,7,4224,42,5000,6,1,1,1,1,800106,1000000
2024JP0004446,1,304.62,63,1,1,1,8,3486,34,7000,6,1,1,5,1,800109,1000000
2024JP0004447,1,304.62,32,1,6,1,7,1497,14,5000,6,1,1,1,1,800103,1000000
2024JP0004448,1,304.62,21,2,2,1,18,25926,259,3000,3,1,1,5,1,800101,1000000
2024JP0004449,1,304.62,35,1,8,1,12,13535,135,7000,6,1,1,1,1,800108,1000000
2024JP0004450,1,304.62,28,1,4,1,13,8272,82,8000,6,5,1,5,1,800105,1000000
2024JP0004451,1,304.62,23,1,1,1,17,50494,501,6000,1,5,1,1,1,800106,1000000
2024JP0004452,1,304.62,15,2,7,1,13,2391,23,0,0,6,1,5,1,800101,1000000
2024JP0004453,1,304.62,38,1,5,1,8,5235,52,7000,3,1,1,3,1,800105,1000000
2024JP0004454,1,304.62,36,1,6,1,11,18484,184,2000,3,1,1,5,1,800108,1000000
2024JP0004455,1,304.62,26,1,7,1,5,5650,56,9000,4,1,1,1,1,800105,1000000
2024JP0004456,1,304.62,29,1,1,1,10,4757,47,5000,6,1,1,1,1,800102,1000000
2024JP0004457,1,304.62,22,1,6,1,15,158828,501,6000,3,1,1,1,1,800105,1000000
2024JP0004458,1,304.62,33,2,2,1,13,9136,91,9000,4,1,1,2,1,800106,1000000
2024JP0004459,1,304.62,37,2,4,1,10,11170,111,5000,3,1,1,1,1,800107,1000000
2024JP0004460,1,304.62,13,2,3,1,4,1874,18,0,0,6,1,5,1,800108,1000000
2024JP0004461,1,304.62,38,2,4,1,6,2413,24,8000,1,1,1,1,1,800107,1000000
2024JP0004462,1,304.62,14,1,1,1,7,1482,14,0,0,6,1,5,1,800100,1000000
2024JP0004463,1,304.62,17,1,7,1,14,724,7,0,0,6,1,5,1,800101,1000000
2024JP0004464,1,304.62,79,2,2,1,8,6720,67,0,0,6,1,1,1,800105,1000000
2024JP0004465,1,304.62,15,1,1,1,10,12148,121,0,0,6,1,5,1,800101,1000000
2024JP0004466,1,304.62,8,1,6,1,5,1704,17,0,0,6,1,5,1,800101,1000000
2024JP0004467,1,304.62,54,1,5,1,10,12801,128,9000,4,1,1,5,1,800100,1000000
2024JP0004468,1,304.62,52,2,7,1,11,22971,229,9000,4,1,1,1,1,800105,1000000
2024JP0004469,1,304.62,33,2,6,1,11,11663,116,8000,6,1,1,1,1,800102,1000000
2024JP0004470,1,304.62,37,2,3,1,7,16038,160,5000,3,1,1,1,1,800106,1000000
2024JP0004471,1,304.62,43,2,9,1,10,35524,355,5000,3,1,1,1,1,800102,1000000
2024JP0004472,1,304.62,27,1,5,1,9,45455,454,6000,1,1,1,1,1,800103,1000000
2024JP0004473,1,304.62,40,1,3,1,8,9637,96,5000,1,1,5,1,1,800105,1000000
2024JP0004474,1,304.62,22,2,6,1,10,21831,218,5000,3,1,1,1,1,800108,1000000
2024JP0004475,1,304.62,28,2,2,1,7,7084,70,7000,4,1,1,1,1,800106,1000000
2024JP0004476,1,304.62,66,1,2,1,6,1406,14,9920,1,1,1,1,1,800108,1000000
2024JP0004477,1,304.62,33,2,1,1,7,4544,45,9920,6,1,1,1,1,800109,1000000
2024JP0004478,1,304.62,31,2,1,1,5,5288,52,9000,3,1,1,1,1,800107,1000000
2024JP0004479,1,304.62,68,2,3,1,10,3407,34,2000,3,1,1,1,1,800107,1000000
2024JP0004480,1,304.62,28,1,3,1,10,23233,232,7000,1,1,1,1,1,800101,1000000
2024JP0004481,1,304.62,32,1,2,1,8,19074,190,5000,1,1,1,1,1,800105,1000000
2024JP0004482,1,304.62,0,1,3,1,9,8499,84,0,0,6,1,5,1,800100,1000000
2024JP0004483,1,304.62,16,1,2,1,10,7822,78,0,0,6,1,5,1,800100,1000000
2024JP0004484,1,304.62,14,2,8,1,1,2960,29,0,0,6,1,5,1,800102,1000000
2024JP0004485,1,304.62,79,2,6,1,5,3524,35,0,0,6,1,1,1,800101,1000000
2024JP0004486,1,304.62,25,1,1,1,5,4239,42,6000,4,1,1,1,1,800104,1000000
2024JP0004487,1,304.62,4,2,1,1,7,1803,18,0,0,6,1,5,1,800103,1000000
2024JP0004488,1,304.62,1,2,2,1,1,3695,36,0,0,6,1,5,1,800106,1000000
2024JP0004489,1,304.62,44,1,7,1,8,7438,74,5000,3,1,1,1,1,800106,1000000
2024JP0004490,1,304.62,18,2,2,1,14,10564,105,9000,1,1,1,5,1,800109,1000000
2024JP0004491,1,304.62,16,1,6,1,14,13656,136,0,0,6,1,5,1,800102,1000000
2024JP0004492,1,304.62,36,2,1,1,10,14354,143,9000,6,1,1,1,1,800107,1000000
2024JP0004493,1,304.62,4,1,4,1,2,5518,55,0,0,6,1,5,1,800109,1000000
2024JP0004494,1,304.62,9,2,3,1,6,3533,35,0,0,6,1,5,1,800102,1000000
2024JP0004495,1,304.62,15,2,6,1,15,22057,220,0,0,6,1,5,1,800105,1000000
2024JP0004496,1,304.62,28,2,1,1,6,5300,53,6000,4,1,1,5,1,800101,1000000
2024JP0004497,1,304.62,24,2,7,1,11,12046,120,6000,3,2,1,5,1,800108,1000000
2024JP0004498,1,304.62,35,1,3,1,11,102906,501,2000,1,1,1,5,1,800107,1000000
2024JP0004499,1,304.62,72,2,8,1,8,3708,37,0,0,6,1,1,1,800109,1000000
2024JP0004500,1,304.62,19,1,2,1,16,40076,400,6000,3,1,1,5,1,800103,1000000
2024JP0004501,1,304.62,8,1,1,1,4,1220,12,0,0,6,1,5,1,800101,1000000
2024JP0004502,1,304.62,41,1,5,1,15,132317,501,4000,1,1,2,1,1,800104,1000000
2024JP0004503,1,304.62,37,2,6,1,8,8555,85,9000,4,1,1,3,1,800104,1000000
2024JP0004504,1,304.62,0,2,1,1,1,1342,13,0,0,6,1,5,1,800103,1000000
2024JP0004505,1,304.62,0,1,5,1,1,3200,32,0,0,6,1,5,1,800109,1000000
2024JP0004506,1,304.62,7,1,2,1,2,3705,37,0,0,6,1,5,1,800100,1000000
2024JP0004507,1,304.62,54,1,2,1,5,17305,173,9800,1,1,1,1,1,800106,1000000
2024JP0004508,1,304.62,7,1,4,1,7,1622,16,0,0,6,1,5,1,800103,1000000
2024JP0004509,1,304.62,43,2,6,1,9,12989,129,2000,1,1,1,1,1,800105,1000000
2024JP0004510,1,304.62,37,1,2,1,8,23416,234,6000,1,4,1,1,1,800106,1000000
2024JP0004511,1,304.62,42,2,4,1,7,2035,20,6000,3,1,1,1,1,800109,1000000
2024JP0004512,1,304.62,28,2,4,1,6,8527,85,5000,3,1,1,1,1,800107,1000000
2024JP0004513,1,304.62,35,1,4,1,7,4982,49,6000,1,1,1,1,1,800109,1000000
2024JP0004514,1,304.62,48,2,5,1,6,18362,183,6000,1,1,1,1,1,800109,1000000
2024JP0004515,1,304.62,44,2,3,1,13,21692,216,5000,6,1,1,1,1,800109,1000000
2024JP0004516,1,304.62,14,2,2,1,6,2546,25,0,0,6,1,5,1,800109,1000000
2024JP0004517,1,304.62,30,2,2,1,7,5348,53,7000,4,5,1,5,1,800105,1000000
2024JP0004518,1,304.62,16,2,4,1,11,7222,72,0,0,6,1,5,1,800105,1000000
2024JP0004519,1,304.62,29,1,6,1,8,5040,50,9920,1,1,1,1,1,800105,1000000
2024JP0004520,1,304.62,26,2,1,1,6,2177,21,6000,1,1,1,1,1,800101,1000000
2024JP0004521,1,304.62,3,1,2,1,1,6504,65,0,0,6,1,5,1,800103,1000000
2024JP0004522,1,304.62,40,1,3,1,10,9034,90,3000,3,3,1,1,1,800106,1000000
2024JP0004523,1,304.62,9,2,4,1,7,2279,22,0,0,6,1,5,1,800109,1000000
2024JP0004524,1,304.62,98,1,3,1,7,1779,17,0,0,6,1,2,1,800106,1000000
2024JP0004525,1,304.62,0,1,6,1,7,2173,21,0,0,6,1,5,1,800103,1000000
2024JP0004526,1,304.62,20,1,4,1,13,7325,73,5000,1,1,1,5,1,800106,1000000
2024JP0004527,1,304.62,22,1,4,1,13,34788,347,7000,1,1,1,5,1,800107,1000000
2024JP0004528,1,304.62,42,2,6,1,11,16986,169,6000,6,1,1,1,1,800102,1000000
2024JP0004529,1,304.62,2,1,2,1,2,3051,30,0,0,6,1,5,1,800109,1000000
2024JP0004530,1,304.62,8,2,1,1,5,9787,97,0,0,6,1,5,1,800107,1000000
2024JP0004531,1,304.62,21,1,4,1,16,7667,76,1000,2,1,1,5,1,800106,1000000
2024JP0004532,1,304.62,23,2,2,1,14,9561,95,5000,1,1,1,5,1,800104,1000000
2024JP0004533,1,304.62,25,2,9,1,13,23350,233,6000,3,1,1,1,1,800102,1000000
2024JP0004534,1,304.62,16,1,2,1,18,30161,301,0,0,6,1,5,1,800109,1000000
2024JP0004535,1,304.62,78,2,1,1,5,3985,39,0,0,6,1,1,1,800103,1000000
2024JP0004536,1,304.62,11,1,3,1,3,5893,58,0,0,6,1,5,1,800101,1000000
2024JP0004537,1,304.62,4,1,1,1,3,714,7,0,0,6,1,5,1,800102,1000000
2024JP0004538,1,304.62,0,1,2,1,7,1313,13,0,0,6,1,5,1,800105,1000000
2024JP0004539,1,304.62,30,2,5,1,7,5292,52,6000,3,1,1,1,1,800105,1000000
2024JP0004540,1,304.62,26,1,3,1,10,12478,124,2000,2,1,1,1,1,800101,1000000
2024JP0004541,1,304.62,9,1,3,1,7,2035,20,0,0,6,1,5,1,800106,1000000
2024JP0004542,1,304.62,6,2,7,1,2,7879,78,0,0,6,1,5,1,800103,1000000
2024JP0004543,1,304.62,35,2,1,1,12,10940,109,6000,4,1,1,1,1,800109,1000000
2024JP0004544,1,304.62,1,2,2,1,6,4564,45,0,0,6,1,5,1,800102,1000000
2024JP0004545,1,304.62,36,1,4,1,7,1942,19,5000,1,1,1,1,1,800101,1000000
2024JP0004546,1,304.62,8,2,3,1,7,4232,42,0,0,6,1,5,1,800101,1000000
2024JP0004547,1,304.62,18,1,6,1,10,4932,49,7000,4,1,1,5,1,800100,1000000
2024JP0004548,1,304.62,59,1,2,1,7,15518,155,9800,3,1,1,5,1,800101,1000000
2024JP0004549,1,304.62,22,2,3,1,14,60963,501,9000,1,1,1,5,1,800105,1000000
2024JP0004550,1,304.62,20,2,4,1,10,22613,226,4000,1,1,1,5,1,800108,1000000
2024JP0004551,1,304.62,30,1,6,1,10,48409,484,6000,1,4,1,1,1,800104,1000000
2024JP0004552,1,304.62,30,1,3,1,11,8061,80,5000,3,1,1,1,1,800104,1000000
2024JP0004553,1,304.62,84,2,1,1,9,8556,85,0,0,6,1,1,1,800100,1000000
2024JP0004554,1,304.62,71,2,7,1,6,3190,31,0,0,6,1,2,1,800105,1000000
2024JP0004555,1,304.62,4,1,5,1,3,6171,61,0,0,6,1,5,1,800106,1000000
2024JP0004556,1,304.62,17,2,2,1,14,5053,50,0,0,6,1,5,1,800106,1000000
2024JP0004557,1,304.62,44,1,4,1,12,11701,117,3000,3,1,1,2,1,800102,1000000
2024JP0004558,1,304.62,18,1,2,1,14,2670,26,5000,1,1,1,5,1,800103,1000000
2024JP0004559,1,304.62,38,2,6,1,11,33594,335,7000,3,1,1,1,1,800101,1000000
2024JP0004560,1,304.62,28,1,1,1,13,21437,214,4000,3,1,1,1,1,800109,1000000
2024JP0004561,1,304.62,36,1,1,1,11,28670,286,5000,3,1,1,1,1,800108,1000000
2024JP0004562,1,304.62,37,1,2,1,7,1404,14,7000,3,1,1,1,1,800100,1000000
2024JP0004563,1,304.62,29,2,3,1,7,18176,181,9000,1,1,1,1,1,800109,1000000
2024JP0004564,1,304.62,22,2,1,1,12,12956,129,5000,3,1,1,5,1,800104,1000000
2024JP0004565,1,304.62,37,1,1,1,5,5631,56,9800,1,1,1,1,1,800102,1000000
2024JP0004566,1,304.62,2,2,1,1,1,3449,34,0,0,6,1,5,1,800101,1000000
2024JP0004567,1,304.62,40,1,6,1,8,5350,53,6000,1,1,1,5,1,800107,1000000
2024JP0004568,1,304.62,33,2,1,1,9,11336,113,7000,4,5,1,1,1,800108,1000000
2024JP0004569,1,304.62,2,2,3,1,6,1109,11,0,0,6,1,5,1,800109,1000000
2024JP0004570,1,304.62,23,1,2,1,13,16346,163,7000,3,1,1,5,1,800103,1000000
2024JP0004571,1,304.62,12,2,7,1,4,9951,99,0,0,6,1,5,1,800109,1000000
2024JP0004572,1,304.62,31,2,6,1,7,7396,73,6000,3,4,1,1,1,800101,1000000
2024JP0004573,1,304.62,48,2,1,1,7,5459,54,7000,3,1,1,2,1,800101,1000000
2024JP0004574,1,304.62,15,1,1,1,14,16890,168,0,0,6,1,5,1,800107,1000000
2024JP0004575,1,304.62,1,2,6,1,5,5306,53,0,0,6,1,5,1,800108,1000000
2024JP0004576,1,304.62,16,1,5,1,15,31981,319,0,0,6,1,5,1,800103,1000000
2024JP0004577,1,304.62,58,2,2,1,12,21152,211,8000,3,1,1,1,1,800101,1000000
2024JP0004578,1,304.62,99,1,6,1,5,965,9,0,0,6,1,5,1,800103,1000000
2024JP0004579,1,304.62,11,1,1,1,6,1646,16,0,0,6,1,5,1,800101,1000000
2024JP0004580,1,304.62,17,1,1,1,11,3792,37,0,0,6,1,5,1,800103,1000000
2024JP0004581,1,304.62,58,1,3,1,9,23040,230,7000,3,1,1,3,1,800105,1000000
2024JP0004582,1,304.62,54,1,8,1,10,7881,78,8000,3,1,1,1,1,800104,1000000
2024JP0004583,1,304.62,57,1,1,1,10,51207,501,5000,3,1,1,5,1,800101,1000000
2024JP0004584,1,304.62,3,2,4,1,7,1200,12,0,0,6,1,5,1,800102,1000000
2024JP0004585,1,304.62,41,1,1,1,6,12973,129,6000,3,3,1,1,1,800105,1000000
2024JP0004586,1,304.62,51,2,4,1,11,4655,46,7000,4,1,1,1,1,800109,1000000
2024JP0004587,1,304.62,19,1,6,1,14,3499,34,6000,3,1,1,5,1,800102,1000000
2024JP0004588,1,304.62,37,1,4,1,8,88513,501,6000,1,1,1,1,1,800100,1000000
2024JP0004589,1,304.62,57,1,1,1,11,39788,397,7000,6,2,1,2,1,800104,1000000
2024JP0004590,1,304.62,31,2,5,1,10,15881,158,1000,1,1,1,1,1,800104,1000000
2024JP0004591,1,304.62,50,1,5,1,14,16459,164,4000,1,1,1,1,1,800104,1000000
2024JP0004592,1,304.62,28,2,2,1,7,2903,29,5000,3,5,1,1,1,800101,1000000
2024JP0004593,1,304.62,59,2,1,1,6,1577,15,5000,1,1,1,1,1,800109,1000000
2024JP0004594,1,304.62,10,1,2,1,1,3790,37,0,0,6,1,5,1,800107,1000000
2024JP0004595,1,304.62,52,2,2,1,10,11423,114,7000,1,1,1,1,1,800100,1000000
2024JP0004596,1,304.62,48,1,7,1,7,4872,48,5000,3,1,1,2,1,800104,1000000
2024JP0004597,1,304.62,2,1,1,1,3,1573,15,0,0,6,1,5,1,800106,1000000
2024JP0004598,1,304.62,23,1,1,1,16,24001,240,6000,3,3,1,5,1,800103,1000000
2024JP0004599,1,304.62,10,1,3,1,2,744,7,0,0,6,1,5,1,800100,1000000
2024JP0004600,1,304.62,35,1,1,1,10,28175,281,6000,1,1,1,1,1,800109,1000000
2024JP0004601,1,304.62,37,1,6,1,13,15990,159,7000,4,1,1,1,1,800101,1000000
2024JP0004602,1,304.62,44,1,4,1,7,7529,75,6000,4,1,1,2,1,800106,1000000
2024JP0004603,1,304.62,57,2,4,1,7,2660,26,9800,1,1,1,5,1,800106,1000000
2024JP0004604,1,304.62,43,2,3,1,6,6594,65,9920,3,1,1,1,1,800103,1000000
2024JP0004605,1,304.62,59,2,4,1,7,4801,48,7000,3,1,1,4,1,800100,1000000
2024JP0004606,1,304.62,27,1,1,1,13,20229,202,8000,3,1,1,1,1,800102,1000000
2024JP0004607,1,304.62,10,2,2,1,4,1039,10,0,0,6,1,5,1,800106,1000000
2024JP0004608,1,304.62,41,1,5,1,16,117767,501,2000,1,2,1,1,1,800101,1000000
2024JP0004609,1,304.62,44,1,6,1,10,17776,177,3000,1,1,1,1,1,800104,1000000
2024JP0004610,1,304.62,12,1,4,1,2,17565,175,0,0,6,1,5,1,800106,1000000
2024JP0004611,1,304.62,5,1,1,1,5,1699,16,0,0,6,1,5,1,800100,1000000
2024JP0004612,1,304.62,20,2,1,1,14,2641,26,1000,3,1,1,1,1,800109,1000000
2024JP0004613,1,304.62,19,1,1,1,11,22575,225,5000,3,1,1,1,1,800102,1000000
2024JP0004614,1,304.62,7,2,1,1,3,7214,72,0,0,6,1,5,1,800101,1000000
2024JP0004615,1,304.62,42,1,4,1,9,8195,81,5000,6,3,1,1,1,800106,1000000
2024JP0004616,1,304.62,66,1,5,1,8,3994,39,5000,1,1,1,2,1,800103,1000000
2024JP0004617,1,304.62,27,1,3,1,10,12549,125,4000,1,1,1,1,1,800102,1000000
2024JP0004618,1,304.62,5,1,5,1,4,2000,20,0,0,6,1,5,1,800108,1000000
2024JP0004619,1,304.62,4,1,3,1,3,1461,14,0,0,6,1,5,1,800105,1000000
2024JP0004620,1,304.62,23,2,2,1,15,77263,501,2000,1,1,1,5,1,800103,1000000
2024JP0004621,1,304.62,24,2,2,1,14,31911,319,9000,3,4,1,1,1,800105,1000000
2024JP0004622,1,304.62,6,2,1,1,8,1423,14,0,0,6,1,5,1,800102,1000000
2024JP0004623,1,304.62,49,1,6,1,8,5442,54,7000,4,1,1,1,1,800100,1000000
2024JP0004624,1,304.62,12,1,6,1,2,4030,40,0,0,6,1,5,1,800109,1000000
2024JP0004625,1,304.62,59,2,5,1,10,19475,194,6000,1,1,1,1,1,800100,1000000
2024JP0004626,1,304.62,26,2,4,1,12,29178,291,5000,1,1,1,1,1,800109,1000000
2024JP0004627,1,304.62,87,2,1,1,5,5575,55,0,0,6,1,1,1,800100,1000000
2024JP0004628,1,304.62,16,2,1,1,16,14901,149,0,0,6,1,5,1,800107,1000000
2024JP0004629,1,304.62,48,1,2,1,12,44549,445,5000,4,1,1,1,1,800103,1000000
2024JP0004630,1,304.62,30,2,7,1,11,23944,239,5000,1,1,1,1,1,800102,1000000
2024JP0004631,1,304.62,23,2,1,1,17,67356,501,6000,3,1,1,5,1,800109,1000000
2024JP0004632,1,304.62,44,2,7,1,16,44859,448,6000,4,1,1,1,1,800109,1000000
2024JP0004633,1,304.62,10,2,2,1,1,10686,106,0,0,6,1,5,1,800108,1000000
2024JP0004634,1,304.62,25,1,1,1,6,15068,150,9800,3,1,1,1,1,800106,1000000
2024JP0004635,1,304.62,66,2,8,1,5,2894,28,8000,4,1,1,1,1,800101,1000000
2024JP0004636,1,304.62,39,1,1,1,10,19702,197,8000,4,5,1,1,1,800101,1000000
2024JP0004637,1,304.62,15,2,6,1,17,10974,109,0,0,6,1,5,1,800105,1000000
2024JP0004638,1,304.62,34,2,2,1,6,9757,97,9000,3,5,1,1,1,800105,1000000
2024JP0004639,1,304.62,54,1,3,1,9,20594,205,6000,4,1,1,2,1,800108,1000000
2024JP0004640,1,304.62,3,1,2,1,2,1682,16,0,0,6,1,5,1,800109,1000000
2024JP0004641,1,304.62,34,1,5,1,11,30093,300,5000,4,1,1,5,1,800109,1000000
2024JP0004642,1,304.62,0,1,3,1,5,2986,29,0,0,6,1,5,1,800108,1000000
2024JP0004643,1,304.62,16,1,8,1,13,10528,105,0,0,6,1,5,1,800105,1000000
2024JP0004644,1,304.62,47,1,3,1,12,25773,257,5000,6,1,1,1,1,800105,1000000
2024JP0004645,1,304.62,4,1,6,1,6,2006,20,0,0,6,1,5,1,800106,1000000
2024JP0004646,1,304.62,20,2,4,1,13,7678,76,1000,1,1,1,5,1,800101,1000000
2024JP0004647,1,304.62,67,2,1,1,5,869,8,9800,3,1,1,1,1,800107,1000000
2024JP0004648,1,304.62,50,2,6,1,10,34787,347,6000,3,1,1,1,1,800105,1000000
2024JP0004649,1,304.62,32,1,5,1,7,3308,33,9920,6,1,1,5,1,800101,1000000
2024JP0004650,1,304.62,8,2,2,1,1,3157,31,0,0,6,1,5,1,800106,1000000
2024JP0004651,1,304.62,18,2,1,1,16,13327,133,3000,3,1,1,5,1,800103,1000000
2024JP0004652,1,304.62,2,1,3,1,1,2029,20,0,0,6,1,5,1,800102,1000000
2024JP0004653,1,304.62,43,2,8,1,8,9011,90,9000,4,1,1,2,1,800103,1000000
2024JP0004654,1,304.62,11,1,6,1,5,6075,60,0,0,6,1,5,1,800102,1000000
2024JP0004655,1,304.62,10,1,7,1,3,633,6,0,0,6,1,5,1,800109,1000000
2024JP0004656,1,304.62,30,2,6,1,9,16333,163,6000,1,5,1,2,1,800109,1000000
2024JP0004657,1,304.62,38,1,1,1,13,89142,501,5000,3,1,1,1,1,800108,1000000
2024JP0004658,1,304.62,19,1,6,1,12,3606,36,6000,1,1,1,5,1,800103,1000000
2024JP0004659,1,304.62,15,2,4,1,17,52444,501,0,0,6,1,5,1,800108,1000000
2024JP0004660,1,304.62,30,2,1,1,11,51018,501,2000,1,1,1,1,1,800102,1000000
2024JP0004661,1,304.62,31,2,6,1,9,6625,66,9000,1,1,1,1,1,800107,1000000
2024JP0004662,1,304.62,80,2,6,1,7,6497,64,0,0,6,1,1,1,800106,1000000
2024JP0004663,1,304.62,18,1,7,1,18,18812,188,4000,3,1,1,5,1,800105,1000000
2024JP0004664,1,304.62,10,2,6,1,2,2988,29,0,0,6,1,5,1,800105,1000000
2024JP0004665,1,304.62,52,1,4,1,5,8189,81,8000,1,1,1,1,1,800105,1000000
2024JP0004666,1,304.62,7,1,2,1,5,1196,11,0,0,6,1,5,1,800100,1000000
2024JP0004667,1,304.62,39,2,6,1,7,25346,253,8000,3,2,1,2,1,800107,1000000
2024JP0004668,1,304.62,20,2,3,1,12,1958,19,2000,1,1,1,5,1,800102,1000000
2024JP0004669,1,304.62,29,2,6,1,8,2608,26,9800,3,1,1,5,1,800104,1000000
2024JP0004670,1,304.62,28,2,1,1,8,8179,81,7000,1,2,1,1,1,800100,1000000
2024JP0004671,1,304.62,44,2,3,1,7,6487,64,9000,3,1,1,1,1,800109,1000000
2024JP0004672,1,304.62,22,1,3,1,14,9931,99,5000,1,1,1,1,1,800106,1000000
2024JP0004673,1,304.62,22,2,8,1,12,5258,52,4000,1,1,1,1,1,800104,1000000
2024JP0004674,1,304.62,34,1,5,1,8,21862,218,6000,1,1,1,1,1,800105,1000000
2024JP0004675,1,304.62,51,2,2,1,7,3541,35,8000,1,1,1,1,1,800107,1000000
2024JP0004676,1,304.62,41,1,7,1,11,19002,190,6000,4,5,1,1,1,800106,1000000
2024JP0004677,1,304.62,34,2,5,1,8,40994,409,7000,1,1,1,5,1,800108,1000000
2024JP0004678,1,304.62,5,1,4,1,3,5621,56,0,0,6,1,5,1,800104,1000000
2024JP0004679,1,304.62,44,1,2,1,11,21001,210,4000,3,1,1,1,1,800108,1000000
2024JP0004680,1,304.62,65,2,3,1,9,9734,97,6000,1,1,1,5,1,800102,1000000
2024JP0004681,1,304.62,19,2,4,1,14,4653,46,9000,3,1,1,5,1,800106,1000000
2024JP0004682,1,304.62,7,1,4,1,8,3243,32,0,0,6,1,5,1,800107,1000000
2024JP0004683,1,304.62,53,1,1,1,9,10263,102,5000,1,1,1,2,1,800106,1000000
2024JP0004684,1,304.62,4,1,8,1,2,1850,18,0,0,6,1,5,1,800108,1000000
2024JP0004685,1,304.62,18,1,3,1,17,20222,202,6000,4,1,1,5,1,800106,1000000
2024JP0004686,1,304.62,11,1,1,1,4,1036,10,0,0,6,1,5,1,800109,1000000
2024JP0004687,1,304.62,21,1,1,1,19,33912,339,4000,3,1,1,5,1,800103,1000000
2024JP0004688,1,304.62,62,2,6,1,6,4104,41,7000,3,1,1,1,1,800105,1000000
2024JP0004689,1,304.62,16,1,1,1,19,50158,501,0,0,6,1,5,1,800108,1000000
2024JP0004690,1,304.62,17,2,2,1,12,6558,65,0,0,6,1,5,1,800107,1000000
2024JP0004691,1,304.62,25,2,4,1,11,25605,256,8000,4,1,1,1,1,800103,1000000
2024JP0004692,1,304.62,55,2,3,1,8,1199,11,9800,1,4,1,1,1,800105,1000000
2024JP0004693,1,304.62,34,2,5,1,9,9454,94,1000,1,5,1,2,1,800102,1000000
2024JP0004694,1,304.62,4,1,4,1,7,2526,25,0,0,6,1,5,1,800107,1000000
2024JP0004695,1,304.62,31,1,6,1,5,3590,35,7000,6,1,1,1,1,800108,1000000
2024JP0004696,1,304.62,48,2,1,1,7,22799,227,5000,3,1,1,2,1,800105,1000000
2024JP0004697,1,304.62,26,1,3,1,13,17136,171,7000,3,1,1,5,1,800102,1000000
2024JP0004698,1,304.62,32,1,4,1,8,5648,56,7000,4,1,1,1,1,800106,1000000
2024JP0004699,1,304.62,79,2,2,1,7,1723,17,0,0,6,1,1,1,800104,1000000
2024JP0004700,1,304.62,50,2,2,1,12,11354,113,6000,4,1,1,1,1,800102,1000000
2024JP0004701,1,304.62,56,2,2,1,5,2532,25,6000,4,1,1,1,1,800102,1000000
2024JP0004702,1,304.62,10,1,1,1,3,6842,68,0,0,6,1,5,1,800105,1000000
2024JP0004703,1,304.62,18,2,3,1,13,6190,61,9000,1,1,1,5,1,800106,1000000
2024JP0004704,1,304.62,21,1,5,1,12,1592,15,8000,3,1,1,1,1,800108,1000000
2024JP0004705,1,304.62,30,1,1,1,5,3244,32,5000,1,1,1,1,1,800103,1000000
2024JP0004706,1,304.62,12,2,6,1,4,567,5,0,0,6,1,5,1,800108,1000000
2024JP0004707,1,304.62,42,1,5,1,9,19736,197,9000,1,1,1,1,1,800106,1000000
2024JP0004708,1,304.62,13,1,1,1,4,896,8,0,0,6,1,5,1,800108,1000000
2024JP0004709,1,304.62,18,1,1,1,19,72694,501,2000,1,1,1,5,1,800106,1000000
2024JP0004710,1,304.62,51,2,3,1,8,1685,16,9800,3,1,1,1,1,800104,1000000
2024JP0004711,1,304.62,41,2,1,1,14,29930,299,9800,1,1,1,1,1,800108,1000000
2024JP0004712,1,304.62,44,1,4,1,7,14114,141,9920,1,1,1,1,1,800100,1000000
2024JP0004713,1,304.62,16,2,1,1,12,5796,57,0,0,6,1,5,1,800100,1000000
2024JP0004714,1,304.62,47,2,7,1,6,10716,107,9920,3,1,1,3,1,800107,1000000
2024JP0004715,1,304.62,16,2,1,1,11,4082,40,0,0,6,1,5,1,800103,1000000
2024JP0004716,1,304.62,43,2,1,1,9,8129,81,7000,3,1,1,5,1,800105,1000000
2024JP0004717,1,304.62,39,1,3,1,8,4541,45,6000,1,1,1,1,1,800104,1000000
2024JP0004718,1,304.62,86,2,2,1,5,6726,67,0,0,6,1,2,1,800107,1000000
2024JP0004719,1,304.62,27,1,6,1,14,1518,15,6000,3,1,1,1,1,800103,1000000
2024JP0004720,1,304.62,36,1,4,1,6,18425,184,9000,1,1,1,1,1,800100,1000000
2024JP0004721,1,304.62,30,1,2,1,11,27035,270,2000,1,1,1,1,1,800109,1000000
2024JP0004722,1,304.62,30,2,6,1,5,4725,47,9800,3,1,1,5,1,800102,1000000
2024JP0004723,1,304.62,12,1,2,1,1,6668,66,0,0,6,1,5,1,800109,1000000
2024JP0004724,1,304.62,14,1,5,1,5,2079,20,0,0,6,1,5,1,800109,1000000
2024JP0004725,1,304.62,41,1,1,1,11,24812,248,4000,3,1,1,1,1,800106,1000000
2024JP0004726,1,304.62,15,1,4,1,13,5308,53,0,0,6,1,5,1,800105,1000000
2024JP0004727,1,304.62,30,1,1,1,7,9128,91,9000,1,1,1,1,1,800107,1000000
2024JP0004728,1,304.62,12,2,2,1,3,12222,122,0,0,6,1,5,1,800101,1000000
2024JP0004729,1,304.62,33,1,4,1,7,12608,126,9000,1,1,1,5,1,800100,1000000
2024JP0004730,1,304.62,11,1,6,1,4,1732,17,0,0,6,1,5,1,800105,1000000
2024JP0004731,1,304.62,18,1,8,1,18,33495,334,6000,1,4,1,5,1,800108,1000000
2024JP0004732,1,304.62,43,1,1,1,16,86182,501,5000,1,1,1,1,1,800101,1000000
2024JP0004733,1,304.62,14,2,5,1,1,2580,25,0,0,6,1,5,1,800103,1000000
2024JP0004734,1,304.62,44,1,5,1,8,27879,278,7000,3,1,1,1,1,800108,1000000
2024JP0004735,1,304.62,44,2,1,1,7,3719,37,5000,1,3,1,1,1,800102,1000000
2024JP0004736,1,304.62,51,2,1,1,6,10260,102,6000,1,1,1,1,1,800101,1000000
2024JP0004737,1,304.62,56,1,2,1,7,6572,65,5000,1,2,1,1,1,800100,1000000
2024JP0004738,1,304.62,23,2,4,1,11,6939,69,4000,2,1,1,5,1,800109,1000000
2024JP0004739,1,304.62,48,2,6,1,13,21454,214,7000,6,1,1,1,1,800106,1000000
2024JP0004740,1,304.62,13,1,9,1,1,2023,20,0,0,6,1,5,1,800109,1000000
2024JP0004741,1,304.62,57,1,1,1,5,7551,75,9000,1,1,1,1,1,800109,1000000
2024JP0004742,1,304.62,1,1,3,1,4,1998,19,0,0,6,1,5,1,800109,1000000
2024JP0004743,1,304.62,16,2,4,1,17,47338,473,0,0,6,1,5,1,800100,1000000
2024JP0004744,1,304.62,46,2,5,1,11,18475,184,3000,1,1,1,1,1,800102,1000000
2024JP0004745,1,304.62,16,1,1,1,13,4400,44,0,0,6,1,5,1,800109,1000000
2024JP0004746,1,304.62,18,1,4,1,15,76538,501,4000,2,1,1,5,1,800106,1000000
2024JP0004747,1,304.62,32,2,7,1,14,13207,132,7000,1,1,1,1,1,800103,1000000
2024JP0004748,1,304.62,53,1,4,1,6,4504,45,8000,3,1,2,2,1,800106,1000000
2024JP0004749,1,304.62,39,1,6,1,7,12095,120,5000,1,1,1,1,1,800108,1000000
2024JP0004750,1,304.62,53,2,2,1,7,7692,76,7000,4,1,1,2,1,800107,1000000
2024JP0004751,1,304.62,30,1,1,1,11,39209,392,5000,1,2,1,1,1,800100,1000000
2024JP0004752,1,304.62,19,1,5,1,10,15671,156,3000,1,1,1,5,1,800106,1000000
2024JP0004753,1,304.62,2,2,1,1,3,1285,12,0,0,6,1,5,1,800101,1000000
2024JP0004754,1,304.62,0,1,4,1,4,1344,13,0,0,6,1,5,1,800100,1000000
2024JP0004755,1,304.62,17,2,1,1,17,20261,202,0,0,6,1,5,1,800101,1000000
2024JP0004756,1,304.62,43,1,6,1,6,9129,91,5000,6,1,1,5,1,800105,1000000
2024JP0004757,1,304.62,9,1,2,1,5,1448,14,0,0,6,1,5,1,800105,1000000
2024JP0004758,1,304.62,37,2,6,1,13,15889,158,2000,1,1,1,5,1,800100,1000000
2024JP0004759,1,304.62,15,2,1,1,15,21701,217,0,0,6,1,5,1,800109,1000000
2024JP0004760,1,304.62,23,2,3,1,13,7273,72,4000,2,1,1,5,1,800104,1000000
2024JP0004761,1,304.62,57,2,1,1,11,9880,98,6000,1,1,1,1,1,800109,1000000
2024JP0004762,1,304.62,20,2,1,1,14,11124,111,9000,1,1,1,5,1,800100,1000000
2024JP0004763,1,304.62,50,2,2,1,10,28862,288,6000,4,1,1,1,1,800105,1000000
2024JP0004764,1,304.62,31,1,1,1,7,21918,219,9920,1,1,1,1,1,800104,1000000
2024JP0004765,1,304.62,11,1,1,1,6,498,4,0,0,6,1,5,1,800101,1000000
2024JP0004766,1,304.62,89,1,4,1,5,9251,92,0,0,6,1,1,1,800109,1000000
2024JP0004767,1,304.62,34,1,3,1,11,22985,229,4000,3,3,1,1,1,800104,1000000
2024JP0004768,1,304.62,39,2,8,1,9,21742,217,9800,1,1,1,1,1,800101,1000000
2024JP0004769,1,304.62,42,2,6,1,10,42795,427,4000,3,5,1,1,1,800107,1000000
2024JP0004770,1,304.62,46,2,1,1,9,30652,306,9000,4,1,5,1,1,800109,1000000
2024JP0004771,1,304.62,20,1,5,1,11,8126,81,5000,3,1,1,5,1,800103,1000000
2024JP0004772,1,304.62,46,2,8,1,5,4766,47,9000,1,2,1,5,1,800102,1000000
2024JP0004773,1,304.62,1,1,5,1,4,2519,25,0,0,6,1,5,1,800109,1000000
2024JP0004774,1,304.62,54,2,1,1,13,8841,88,2000,1,1,1,5,1,800109,1000000
2024JP0004775,1,304.62,15,1,2,1,17,39659,396,0,0,6,1,5,1,800108,1000000
2024JP0004776,1,304.62,50,2,6,1,8,4118,41,6000,1,1,1,5,1,800101,1000000
2024JP0004777,1,304.62,37,1,1,1,6,9185,91,9800,6,1,1,1,1,800106,1000000
2024JP0004778,1,304.62,27,2,7,1,9,15389,153,5000,4,1,1,5,1,800107,1000000
2024JP0004779,1,304.62,15,2,1,1,12,2675,26,0,0,6,1,5,1,800101,1000000
2024JP0004780,1,304.62,1,1,5,1,2,2271,22,0,0,6,1,5,1,800109,1000000
2024JP0004781,1,304.62,37,2,6,1,10,12519,125,6000,1,1,1,5,1,800100,1000000
2024JP0004782,1,304.62,39,2,4,1,11,15257,152,5000,1,1,1,1,1,800102,1000000
2024JP0004783,1,304.62,12,1,6,1,2,1452,14,0,0,6,1,5,1,800107,1000000
2024JP0004784,1,304.62,30,2,8,1,14,4739,47,5000,3,1,1,1,1,800103,1000000
2024JP0004785,1,304.62,24,1,7,1,16,44401,444,6000,1,1,1,1,1,800103,1000000
2024JP0004786,1,304.62,20,2,4,1,13,5792,57,7000,4,2,1,5,1,800109,1000000
2024JP0004787,1,304.62,13,1,6,1,4,3271,32,0,0,6,1,5,1,800107,1000000
2024JP0004788,1,304.62,28,1,6,1,9,24676,246,5000,1,1,1,1,1,800100,1000000
2024JP0004789,1,304.62,33,1,1,1,12,15085,150,2000,2,1,1,1,1,800109,1000000
2024JP0004790,1,304.62,10,2,1,1,8,679,6,0,0,6,1,5,1,800105,1000000
2024JP0004791,1,304.62,11,1,9,1,7,1556,15,0,0,6,1,5,1,800101,1000000
2024JP0004792,1,304.62,9,1,3,1,3,776,7,0,0,6,1,5,1,800103,1000000
2024JP0004793,1,304.62,18,1,5,1,10,1769,17,6000,6,1,1,5,1,800101,1000000
2024JP0004794,1,304.62,10,1,4,1,5,8208,82,0,0,6,1,5,1,800107,1000000
2024JP0004795,1,304.62,8,1,2,1,1,1641,16,0,0,6,1,5,1,800107,1000000
2024JP0004796,1,304.62,14,2,8,1,3,789,7,0,0,6,1,5,1,800104,1000000
2024JP0004797,1,304.62,48,2,2,1,7,3275,32,9800,4,1,1,5,1,800104,1000000
2024JP0004798,1,304.62,29,1,6,1,9,13586,135,7000,4,1,1,5,1,800102,1000000
2024JP0004799,1,304.62,17,1,1,1,14,15718,157,0,0,6,1,5,1,800109,1000000
2024JP0004800,1,304.62,47,1,7,1,8,2809,28,9000,1,1,1,1,1,800104,1000000
2024JP0004801,1,304.62,0,1,3,1,3,4823,48,0,0,6,1,5,1,800102,1000000
2024JP0004802,1,304.62,80,1,4,1,5,3246,32,0,0,6,1,1,1,800107,1000000
2024JP0004803,1,304.62,42,1,3,1,13,38288,382,6000,3,1,1,1,1,800107,1000000
2024JP0004804,1,304.62,37,1,6,1,6,3005,30,8000,4,1,1,3,1,800104,1000000
2024JP0004805,1,304.62,53,1,4,1,8,3664,36,7000,1,1,1,5,1,800108,1000000
2024JP0004806,1,304.62,10,1,1,1,1,3193,31,0,0,6,1,5,1,800101,1000000
2024JP0004807,1,304.62,83,1,1,1,6,11503,115,0,0,6,1,1,1,800107,1000000
2024JP0004808,1,304.62,23,1,3,1,19,75678,501,2000,2,1,1,5,1,800100,1000000
2024JP0004809,1,304.62,4,2,7,1,6,3587,35,0,0,6,1,5,1,800109,1000000
2024JP0004810,1,304.62,49,1,2,1,6,4714,47,5000,1,1,1,1,1,800108,1000000
2024JP0004811,1,304.62,2,2,6,1,3,4395,43,0,0,6,1,5,1,800107,1000000
2024JP0004812,1,304.62,35,2,1,1,10,6522,65,6000,3,1,1,1,1,800101,1000000
2024JP0004813,1,304.62,81,2,3,1,9,24064,240,0,0,6,1,2,1,800104,1000000
2024JP0004814,1,304.62,20,1,2,1,13,3576,35,5000,1,1,1,5,1,800102,1000000
2024JP0004815,1,304.62,1,2,6,1,2,1050,10,0,0,6,1,5,1,800106,1000000
2024JP0004816,1,304.62,25,1,1,1,6,7892,78,9000,1,1,1,1,1,800102,1000000
2024JP0004817,1,304.62,7,1,1,1,9,5180,51,0,0,6,1,5,1,800107,1000000
2024JP0004818,1,304.62,58,2,1,1,7,1892,18,8000,3,1,1,1,1,800105,1000000
2024JP0004819,1,304.62,39,1,1,1,13,22336,223,5000,3,1,1,1,1,800102,1000000
2024JP0004820,1,304.62,27,2,6,1,9,15051,150,8000,6,3,1,1,1,800101,1000000
2024JP0004821,1,304.62,5,1,6,1,5,2752,27,0,0,6,1,5,1,800105,1000000
2024JP0004822,1,304.62,4,2,6,1,5,4369,43,0,0,6,1,5,1,800105,1000000
2024JP0004823,1,304.62,33,1,3,1,7,7650,76,9000,4,1,1,1,1,800102,1000000
2024JP0004824,1,304.62,33,2,1,1,7,9697,96,9920,4,5,1,5,1,800101,1000000
2024JP0004825,1,304.62,88,1,5,1,7,2901,29,0,0,6,1,1,1,800107,1000000
2024JP0004826,1,304.62,13,2,6,1,9,1737,17,0,0,6,1,5,1,800101,1000000
2024JP0004827,1,304.62,29,1,7,1,14,24814,248,9000,3,1,1,1,1,800108,1000000
2024JP0004828,1,304.62,8,2,1,1,3,4921,49,0,0,6,1,5,1,800106,1000000
2024JP0004829,1,304.62,61,2,6,1,8,3291,32,5000,3,1,1,1,1,800103,1000000
2024JP0004830,1,304.62,9,1,1,1,4,1089,10,0,0,6,1,5,1,800103,1000000
2024JP0004831,1,304.62,10,1,5,1,3,3681,36,0,0,6,1,5,1,800108,1000000
2024JP0004832,1,304.62,18,2,1,1,11,6700,67,3000,3,1,1,5,1,800107,1000000
2024JP0004833,1,304.62,25,1,3,1,5,4964,49,9800,1,5,1,5,1,800102,1000000
2024JP0004834,1,304.62,37,2,2,1,11,37439,374,5000,3,1,1,5,1,800104,1000000
2024JP0004835,1,304.62,35,2,1,1,6,6232,62,8000,4,1,1,1,1,800108,1000000
2024JP0004836,1,304.62,16,2,3,1,14,10322,103,0,0,6,1,5,1,800103,1000000
2024JP0004837,1,304.62,17,1,5,1,12,2059,20,0,0,6,1,5,1,800104,1000000
2024JP0004838,1,304.62,3,1,1,1,5,4451,44,0,0,6,1,5,1,800107,1000000
2024JP0004839,1,304.62,11,2,3,1,4,542,5,0,0,6,1,5,1,800106,1000000
2024JP0004840,1,304.62,29,1,7,1,5,8487,84,7000,3,1,1,5,1,800108,1000000
2024JP0004841,1,304.62,47,2,3,1,9,16482,164,2000,1,1,1,2,1,800106,1000000
2024JP0004842,1,304.62,3,1,5,1,4,861,8,0,0,6,1,5,1,800100,1000000
2024JP0004843,1,304.62,13,2,4,1,1,16692,166,0,0,6,1,5,1,800107,1000000
2024JP0004844,1,304.62,38,1,7,1,7,8435,84,9800,1,1,1,1,1,800104,1000000
2024JP0004845,1,304.62,1,2,2,1,1,2224,22,0,0,6,1,5,1,800105,1000000
2024JP0004846,1,304.62,6,2,1,1,6,2019,20,0,0,6,1,5,1,800106,1000000
2024JP0004847,1,304.62,31,1,2,1,8,4404,44,9800,1,1,1,5,1,800102,1000000
2024JP0004848,1,304.62,1,2,6,1,7,3615,36,0,0,6,1,5,1,800104,1000000
2024JP0004849,1,304.62,48,1,1,1,12,18648,186,7000,6,1,1,5,1,800107,1000000
2024JP0004850,1,304.62,40,1,4,1,10,13685,136,6000,3,1,1,3,1,800106,1000000
2024JP0004851,1,304.62,26,2,8,1,14,51599,501,8000,1,1,1,5,1,800101,1000000
2024JP0004852,1,304.62,4,1,1,1,6,993,9,0,0,6,1,5,1,800105,1000000
2024JP0004853,1,304.62,24,2,1,1,10,31040,310,3000,2,1,1,5,1,800106,1000000
2024JP0004854,1,304.62,27,1,2,1,9,28100,281,1000,1,1,1,5,1,800105,1000000
2024JP0004855,1,304.62,5,1,4,1,4,10281,102,0,0,6,1,5,1,800106,1000000
2024JP0004856,1,304.62,53,2,2,1,12,12494,124,6000,1,1,1,1,1,800104,1000000
2024JP0004857,1,304.62,26,2,5,1,7,4245,42,5000,1,1,1,1,1,800106,1000000
2024JP0004858,1,304.62,1,2,5,1,1,3348,33,0,0,6,1,5,1,800104,1000000
2024JP0004859,1,304.62,8,1,1,1,6,2016,20,0,0,6,1,5,1,800103,1000000
2024JP0004860,1,304.62,1,1,1,1,1,2618,26,0,0,6,1,5,1,800101,1000000
2024JP0004861,1,304.62,1,2,3,1,4,912,9,0,0,6,1,5,1,800106,1000000
2024JP0004862,1,304.62,39,1,1,1,6,7190,71,9920,1,1,1,1,1,800106,1000000
2024JP0004863,1,304.62,42,1,6,1,9,11153,111,8000,1,3,1,1,1,800108,1000000
2024JP0004864,1,304.62,48,2,3,1,6,8025,80,9920,1,5,1,5,1,800103,1000000
2024JP0004865,1,304.62,63,1,6,1,6,4991,49,8000,4,2,1,1,1,800107,1000000
2024JP0004866,1,304.62,29,1,1,1,10,4747,47,4000,3,3,1,1,1,800105,1000000
2024JP0004867,1,304.62,45,2,2,1,10,24006,240,3000,2,5,1,1,1,800102,1000000
2024JP0004868,1,304.62,58,1,1,1,9,8808,88,3000,1,4,1,1,1,800105,1000000
2024JP0004869,1,304.62,6,1,3,1,1,1638,16,0,0,6,1,5,1,800104,1000000
2024JP0004870,1,304.62,21,2,7,1,11,3272,32,7000,3,1,1,5,1,800105,1000000
2024JP0004871,1,304.62,42,2,2,1,12,11240,112,3000,2,1,1,1,1,800106,1000000
2024JP0004872,1,304.62,38,1,4,1,5,11345,113,9920,4,1,1,1,1,800108,1000000
2024JP0004873,1,304.62,24,1,4,1,18,83472,501,1000,1,1,1,5,1,800109,1000000
2024JP0004874,1,304.62,18,2,6,1,18,15544,155,5000,3,1,1,5,1,800108,1000000
2024JP0004875,1,304.62,86,1,1,1,7,2160,21,0,0,6,1,1,1,800108,1000000
2024JP0004876,1,304.62,28,2,4,1,5,4858,48,6000,1,2,1,1,1,800102,1000000
2024JP0004877,1,304.62,19,1,2,1,15,35030,350,5000,3,4,1,5,1,800100,1000000
2024JP0004878,1,304.62,11,1,1,1,1,3682,36,0,0,6,1,5,1,800106,1000000
2024JP0004879,1,304.62,6,2,1,1,4,3003,30,0,0,6,1,5,1,800109,1000000
2024JP0004880,1,304.62,3,2,1,1,1,2334,23,0,0,6,1,5,1,800104,1000000
2024JP0004881,1,304.62,41,2,7,1,9,10913,109,7000,3,1,1,5,1,800101,1000000
2024JP0004882,1,304.62,41,1,2,1,6,159189,501,9920,3,1,1,1,1,800108,1000000
2024JP0004883,1,304.62,39,1,6,1,9,31573,315,6000,3,1,1,1,1,800107,1000000
2024JP0004884,1,304.62,2,1,7,1,9,15348,153,0,0,6,1,5,1,800105,1000000
2024JP0004885,1,304.62,35,2,6,1,11,21731,217,2000,1,1,1,2,1,800103,1000000
2024JP0004886,1,304.62,22,1,2,1,16,23591,235,2000,1,1,1,1,1,800105,1000000
2024JP0004887,1,304.62,28,1,4,1,12,31079,310,6000,6,1,1,5,1,800109,1000000
2024JP0004888,1,304.62,35,1,1,1,13,30326,303,7000,1,2,1,1,1,800105,1000000
2024JP0004889,1,304.62,34,1,6,1,5,2134,21,9800,4,1,1,5,1,800104,1000000
2024JP0004890,1,304.62,61,2,8,1,8,29398,293,9800,1,1,1,2,1,800101,1000000
2024JP0004891,1,304.62,52,2,6,1,5,2783,27,5000,6,2,1,1,1,800102,1000000
2024JP0004892,1,304.62,8,1,6,1,6,1807,18,0,0,6,1,5,1,800102,1000000
2024JP0004893,1,304.62,6,1,6,1,3,2502,25,0,0,6,1,5,1,800109,1000000
2024JP0004894,1,304.62,10,1,2,1,4,978,9,0,0,6,1,5,1,800103,1000000
2024JP0004895,1,304.62,10,2,4,1,3,2256,22,0,0,6,1,5,1,800106,1000000
2024JP0004896,1,304.62,33,1,6,1,16,74459,501,6000,3,1,1,1,1,800103,1000000
2024JP0004897,1,304.62,38,2,5,1,12,53735,501,9800,1,1,1,1,1,800107,1000000
2024JP0004898,1,304.62,66,1,2,1,7,9444,94,6000,1,1,1,1,1,800103,1000000
2024JP0004899,1,304.62,47,2,5,1,9,85423,501,6000,4,1,1,2,1,800101,1000000
2024JP0004900,1,304.62,29,2,3,1,11,20910,209,6000,6,1,1,5,1,800105,1000000
2024JP0004901,1,304.62,80,1,6,1,8,3186,31,0,0,6,1,1,1,800102,1000000
2024JP0004902,1,304.62,44,1,7,1,11,29182,291,6000,1,1,1,1,1,800106,1000000
2024JP0004903,1,304.62,28,1,5,1,8,8318,83,5000,1,1,1,5,1,800109,1000000
2024JP0004904,1,304.62,0,1,4,1,4,4135,41,0,0,6,1,5,1,800105,1000000
2024JP0004905,1,304.62,39,2,1,1,7,8605,86,9800,3,1,1,1,1,800107,1000000
2024JP0004906,1,304.62,19,1,1,1,17,17452,174,5000,4,1,1,5,1,800102,1000000
2024JP0004907,1,304.62,96,2,7,1,5,1567,15,0,0,6,1,1,1,800108,1000000
2024JP0004908,1,304.62,30,1,2,1,16,173329,501,6000,4,1,1,1,1,800100,1000000
2024JP0004909,1,304.62,4,1,1,1,3,4063,40,0,0,6,1,5,1,800105,1000000
2024JP0004910,1,304.62,34,1,1,1,7,5865,58,9920,4,1,1,1,1,800103,1000000
2024JP0004911,1,304.62,19,1,5,1,16,14342,143,1000,3,1,1,5,1,800100,1000000
2024JP0004912,1,304.62,9,1,6,1,6,2798,27,0,0,6,1,5,1,800107,1000000
2024JP0004913,1,304.62,23,2,2,1,13,5405,54,5000,4,1,1,1,1,800109,1000000
2024JP0004914,1,304.62,43,2,6,1,9,12491,124,6000,3,1,1,1,1,800108,1000000
2024JP0004915,1,304.62,10,2,1,1,5,826,8,0,0,6,1,5,1,800108,1000000
2024JP0004916,1,304.62,31,2,4,1,7,28032,280,9800,1,1,1,1,1,800109,1000000
2024JP0004917,1,304.62,18,1,5,1,14,3759,37,4000,2,1,1,5,1,800101,1000000
2024JP0004918,1,304.62,34,1,4,1,10,35218,352,6000,3,1,1,1,1,800105,1000000
2024JP0004919,1,304.62,77,2,5,1,6,7115,71,0,0,6,1,2,1,800104,1000000
2024JP0004920,1,304.62,8,2,4,1,5,2946,29,0,0,6,1,5,1,800106,1000000
2024JP0004921,1,304.62,5,1,1,1,3,4165,41,0,0,6,1,5,1,800107,1000000
2024JP0004922,1,304.62,51,1,4,1,5,3137,31,9800,1,1,1,2,1,800103,1000000
2024JP0004923,1,304.62,4,2,5,1,4,1706,17,0,0,6,1,5,1,800102,1000000
2024JP0004924,1,304.62,5,2,2,1,6,3551,35,0,0,6,1,5,1,800101,1000000
2024JP0004925,1,304.62,9,1,1,1,2,7521,75,0,0,6,1,5,2,800104,1000000
2024JP0004926,1,304.62,21,2,1,1,17,27621,276,5000,6,1,1,5,1,800100,1000000
2024JP0004927,1,304.62,16,1,4,1,17,17988,179,0,0,6,1,5,1,800101,1000000
2024JP0004928,1,304.62,9,2,1,1,3,917,9,0,0,6,1,5,1,800106,1000000
2024JP0004929,1,304.62,44,2,4,1,7,6364,63,5000,4,2,1,5,1,800107,1000000
2024JP0004930,1,304.62,15,1,5,1,15,16071,160,0,0,6,1,5,1,800102,1000000
2024JP0004931,1,304.62,55,1,3,1,10,10771,107,4000,2,1,1,1,1,800103,1000000
2024JP0004932,1,304.62,3,2,3,1,3,818,8,0,0,6,1,5,1,800103,1000000
2024JP0004933,1,304.62,37,1,2,1,8,3912,39,8000,1,5,1,1,1,800104,1000000
2024JP0004934,1,304.62,19,2,1,1,11,31781,317,6000,3,1,1,5,1,800103,1000000
2024JP0004935,1,304.62,40,1,2,1,11,14651,146,5000,1,1,1,1,1,800106,1000000
2024JP0004936,1,304.62,21,1,5,1,15,1505,15,6000,4,1,1,5,1,800108,1000000
2024JP0004937,1,304.62,22,1,5,1,14,15913,159,3000,1,1,1,1,1,800102,1000000
2024JP0004938,1,304.62,10,2,3,1,2,1377,13,0,0,6,1,5,1,800109,1000000
2024JP0004939,1,304.62,47,1,2,1,5,3990,39,9800,3,1,1,1,1,800101,1000000
2024JP0004940,1,304.62,49,2,1,1,5,7689,76,7000,3,1,1,1,1,800104,1000000
2024JP0004941,1,304.62,51,2,4,1,8,5746,57,5000,4,1,1,1,1,800102,1000000
2024JP0004942,1,304.62,15,1,2,1,17,27800,278,0,0,6,1,5,1,800105,1000000
2024JP0004943,1,304.62,26,2,2,1,6,7198,71,7000,4,3,1,1,1,800101,1000000
2024JP0004944,1,304.62,14,1,7,1,3,5517,55,0,0,6,1,5,1,800109,1000000
2024JP0004945,1,304.62,38,1,1,1,5,8481,84,8000,1,4,1,1,1,800100,1000000
2024JP0004946,1,304.62,39,2,2,1,10,24768,247,4000,1,1,1,5,1,800102,1000000
2024JP0004947,1,304.62,23,2,1,1,15,189892,501,5000,4,1,1,1,1,800101,1000000
2024JP0004948,1,304.62,17,1,2,1,14,5314,53,0,0,6,1,5,1,800106,1000000
2024JP0004949,1,304.62,54,2,1,1,7,3256,32,5000,6,5,1,1,1,800103,1000000
2024JP0004950,1,304.62,54,2,2,1,5,7065,70,8000,1,1,1,1,1,800104,1000000
2024JP0004951,1,304.62,21,1,2,1,11,1728,17,4000,1,5,1,5,1,800107,1000000
2024JP0004952,1,304.62,10,1,2,1,3,1181,11,0,0,6,1,5,1,800107,1000000
2024JP0004953,1,304.62,5,2,7,1,4,2411,24,0,0,6,1,5,1,800107,1000000
2024JP0004954,1,304.62,33,2,6,1,9,5844,58,3000,2,1,1,1,1,800109,1000000
2024JP0004955,1,304.62,58,1,6,1,5,3914,39,6000,3,1,1,5,1,800102,1000000
2024JP0004956,1,304.62,0,1,7,1,6,2849,28,0,0,6,1,5,1,800103,1000000
2024JP0004957,1,304.62,11,2,5,1,1,1516,15,0,0,6,1,5,1,800100,1000000
2024JP0004958,1,304.62,15,2,9,1,14,3756,37,0,0,6,1,5,1,800106,1000000
2024JP0004959,1,304.62,29,1,6,1,10,11658,116,3000,1,1,1,5,1,800101,1000000
2024JP0004960,1,304.62,72,1,4,1,9,12404,124,0,0,6,1,5,1,800101,1000000
2024JP0004961,1,304.62,41,2,4,1,10,7245,72,1000,1,1,1,1,1,800105,1000000
2024JP0004962,1,304.62,59,2,6,1,12,12360,123,7000,4,1,1,5,1,800107,1000000
2024JP0004963,1,304.62,2,2,3,1,3,7170,71,0,0,6,1,5,1,800108,1000000
2024JP0004964,1,304.62,31,1,5,1,12,12981,129,6000,1,5,1,1,1,800108,1000000
2024JP0004965,1,304.62,13,1,4,1,6,4621,46,0,0,6,1,5,1,800105,1000000
2024JP0004966,1,304.62,44,1,6,1,6,1576,15,5000,3,1,1,1,1,800107,1000000
2024JP0004967,1,304.62,39,2,6,1,5,7250,72,9800,1,2,1,1,1,800107,1000000
2024JP0004968,1,304.62,37,1,2,1,8,1950,19,9000,4,1,1,5,1,800103,1000000
2024JP0004969,1,304.62,16,2,2,1,13,7040,70,0,0,6,1,5,1,800107,1000000
2024JP0004970,1,304.62,34,2,5,1,8,12968,129,9800,3,5,1,1,1,800100,1000000
2024JP0004971,1,304.62,17,1,5,1,16,46010,460,0,0,6,1,5,2,800100,1000000
2024JP0004972,1,304.62,37,1,6,1,13,27507,275,5000,4,5,1,1,1,800102,1000000
2024JP0004973,1,304.62,14,1,3,1,1,9129,91,0,0,6,1,5,1,800102,1000000
2024JP0004974,1,304.62,93,2,6,1,7,1567,15,0,0,6,1,1,1,800105,1000000
2024JP0004975,1,304.62,3,1,3,1,6,3621,36,0,0,6,1,5,1,800108,1000000
2024JP0004976,1,304.62,28,2,3,1,10,23889,238,2000,2,1,1,1,1,800104,1000000
2024JP0004977,1,304.62,46,2,9,1,6,3769,37,9800,4,1,1,1,1,800108,1000000
2024JP0004978,1,304.62,15,2,5,1,13,2751,27,0,0,6,1,5,1,800100,1000000
2024JP0004979,1,304.62,11,1,2,1,1,1069,10,0,0,6,1,5,1,800100,1000000
2024JP0004980,1,304.62,21,1,1,1,15,21475,214,2000,1,1,1,1,1,800107,1000000
2024JP0004981,1,304.62,33,1,2,1,9,13629,136,1000,1,1,1,1,1,800109,1000000
2024JP0004982,1,304.62,12,2,1,1,1,1449,14,0,0,6,1,5,1,800101,1000000
2024JP0004983,1,304.62,39,1,4,1,15,23410,234,2000,1,1,1,1,1,800101,1000000
2024JP0004984,1,304.62,70,1,7,1,6,988,9,5000,4,1,1,1,1,800101,1000000
2024JP0004985,1,304.62,11,1,3,1,4,2719,27,0,0,6,1,5,1,800108,1000000
2024JP0004986,1,304.62,47,1,6,1,7,3480,34,9800,6,1,1,1,1,800105,1000000
2024JP0004987,1,304.62,35,1,1,1,9,60408,501,6000,3,1,2,1,1,800107,1000000
2024JP0004988,1,304.62,41,2,2,1,13,34029,340,2000,2,3,1,1,1,800104,1000000
2024JP0004989,1,304.62,43,1,6,1,9,28697,286,5000,4,1,1,1,1,800100,1000000
2024JP0004990,1,304.62,44,2,5,1,13,6037,60,1000,3,5,1,1,1,800107,1000000
2024JP0004991,1,304.62,21,1,7,1,10,11167,111,6000,1,1,1,5,1,800100,1000000
2024JP0004992,1,304.62,5,1,1,1,8,13044,130,0,0,6,1,5,1,800106,1000000
2024JP0004993,1,304.62,56,2,2,1,5,3269,32,6000,3,1,1,1,1,800100,1000000
2024JP0004994,1,304.62,38,2,1,1,7,1682,16,5000,4,1,1,2,1,800106,1000000
2024JP0004995,1,304.62,10,1,5,1,4,10124,101,0,0,6,1,5,1,800106,1000000
2024JP0004996,1,304.62,0,1,9,1,4,942,9,0,0,6,1,5,1,800103,1000000
2024JP0004997,1,304.62,38,2,3,1,9,19752,197,6000,6,4,1,5,1,800100,1000000
2024JP0004998,1,304.62,44,2,1,1,10,28604,286,6000,3,4,1,2,1,800102,1000000
2024JP0004999,1,304.62,29,2,7,1,10,21452,214,9000,4,1,1,1,1,800104,1000000
2024JP0005000,1,304.62,4,1,9,1,3,756,7,0,0,6,1,5,1,800106,1000000
2024JP0005001,1,304.62,4,2,1,1,4,1448,14,0,0,6,1,5,1,800106,1000000
2024JP0005002,1,304.62,54,2,2,1,14,44809,448,5000,3,1,1,1,1,800104,1000000
2024JP0005003,1,304.62,6,1,2,1,8,4819,48,0,0,6,1,5,1,800104,1000000
2024JP0005004,1,304.62,28,1,5,1,9,9086,90,8000,1,1,5,1,1,800104,1000000
2024JP0005005,1,304.62,19,1,4,1,12,4232,42,5000,4,1,1,5,1,800106,1000000
2024JP0005006,1,304.62,2,1,1,1,2,1260,12,0,0,6,1,5,1,800101,1000000
2024JP0005007,1,304.62,33,1,9,1,8,11500,114,6000,3,1,1,1,1,800102,1000000
2024JP0005008,1,304.62,26,2,1,1,9,83643,501,5000,3,3,1,1,1,800101,1000000
2024JP0005009,1,304.62,15,1,2,1,11,3015,30,0,0,6,1,5,1,800103,1000000
2024JP0005010,1,304.62,2,2,1,1,6,2839,28,0,0,6,1,5,1,800100,1000000
2024JP0005011,1,304.62,11,1,2,1,8,716,7,0,0,6,1,5,1,800103,1000000
2024JP0005012,1,304.62,6,2,4,1,6,6139,61,0,0,6,1,5,1,800104,1000000
2024JP0005013,1,304.62,39,2,5,1,6,4022,40,8000,3,1,1,1,1,800102,1000000
2024JP0005014,1,304.62,29,1,2,1,12,29681,296,5000,1,1,1,1,1,800109,1000000
2024JP0005015,1,304.62,73,2,2,1,8,1429,14,0,0,6,1,2,1,800107,1000000
2024JP0005016,1,304.62,71,1,4,1,10,7010,70,0,0,6,1,5,1,800106,1000000
2024JP0005017,1,304.62,51,2,6,1,7,16487,164,5000,4,5,1,4,1,800105,1000000
2024JP0005018,1,304.62,38,2,5,1,5,4750,47,9000,4,1,1,1,1,800107,1000000
2024JP0005019,1,304.62,35,1,2,1,9,44135,441,1000,1,2,1,1,1,800109,1000000
2024JP0005020,1,304.62,16,1,5,1,14,4985,49,0,0,6,1,5,1,800103,1000000
2024JP0005021,1,304.62,26,2,1,1,6,3105,31,6000,1,1,1,5,1,800107,1000000
2024JP0005022,1,304.62,22,1,4,1,12,30026,300,7000,1,1,1,5,1,800101,1000000
2024JP0005023,1,304.62,59,2,2,1,5,7986,79,6000,1,1,1,5,1,800104,1000000
2024JP0005024,1,304.62,48,2,1,1,6,35144,351,6000,1,1,1,2,1,800108,1000000
2024JP0005025,1,304.62,33,1,2,1,6,2518,25,6000,3,1,1,1,1,800100,1000000
2024JP0005026,1,304.62,32,1,1,1,10,34895,348,9000,4,5,1,2,1,800109,1000000
2024JP0005027,1,304.62,3,2,1,1,1,394,3,0,0,6,1,5,1,800107,1000000
2024JP0005028,1,304.62,8,2,5,1,5,2097,20,0,0,6,1,5,1,800104,1000000
2024JP0005029,1,304.62,46,1,6,1,7,23970,239,5000,3,1,1,1,1,800108,1000000
2024JP0005030,1,304.62,14,1,2,1,3,1527,15,0,0,6,1,5,1,800109,1000000
2024JP0005031,1,304.62,39,2,5,1,11,13056,130,5000,3,1,1,1,1,800109,1000000
2024JP0005032,1,304.62,23,2,3,1,16,26538,265,4000,3,1,1,5,1,800106,1000000
2024JP0005033,1,304.62,12,2,6,1,5,3397,33,0,0,6,1,5,1,800103,1000000
2024JP0005034,1,304.62,40,2,5,1,9,20331,203,1000,3,1,1,1,1,800106,1000000
2024JP0005035,1,304.62,89,1,1,1,5,3615,36,0,0,6,1,4,1,800102,1000000
2024JP0005036,1,304.62,13,1,5,1,7,1494,14,0,0,6,1,5,1,800108,1000000
2024JP0005037,1,304.62,16,2,6,1,15,14074,140,0,0,6,1,5,1,800103,1000000
2024JP0005038,1,304.62,36,2,4,1,8,7263,72,9000,3,1,1,5,1,800102,1000000
2024JP0005039,1,304.62,34,1,1,1,5,9273,92,6000,1,1,1,1,1,800107,1000000
2024JP0005040,1,304.62,23,1,6,1,11,11493,114,7000,1,1,1,5,1,800104,1000000
2024JP0005041,1,304.62,5,2,4,1,2,2807,28,0,0,6,1,5,1,800104,1000000
2024JP0005042,1,304.62,21,2,2,1,17,14753,147,6000,3,1,1,5,1,800103,1000000
2024JP0005043,1,304.62,8,2,2,1,1,3833,38,0,0,6,1,5,1,800106,1000000
2024JP0005044,1,304.62,21,2,7,1,17,45005,450,6000,1,1,1,5,1,800108,1000000
2024JP0005045,1,304.62,27,2,1,1,7,3285,32,7000,6,1,1,5,1,800108,1000000
2024JP0005046,1,304.62,77,2,1,1,8,844,8,0,0,6,1,1,1,800100,1000000
2024JP0005047,1,304.62,22,2,5,1,17,30446,304,4000,1,1,1,5,1,800100,1000000
2024JP0005048,1,304.62,92,2,6,1,6,2505,25,0,0,6,1,1,1,800102,1000000
2024JP0005049,1,304.62,31,2,4,1,12,11129,111,7000,4,1,1,1,1,800105,1000000
2024JP0005050,1,304.62,26,2,2,1,8,1109,11,5000,4,3,1,1,1,800102,1000000
2024JP0005051,1,304.62,7,2,1,1,1,2849,28,0,0,6,1,5,1,800104,1000000
2024JP0005052,1,304.62,52,2,1,1,8,3849,38,9800,3,1,1,1,1,800104,1000000
2024JP0005053,1,304.62,36,1,2,1,13,29856,298,8000,1,1,1,1,1,800105,1000000
2024JP0005054,1,304.62,13,2,5,1,5,253,2,0,0,6,1,5,1,800102,1000000
2024JP0005055,1,304.62,3,2,2,1,3,7165,71,0,0,6,1,5,1,800105,1000000
2024JP0005056,1,304.62,40,2,2,1,5,4872,48,6000,1,1,1,5,1,800102,1000000
2024JP0005057,1,304.62,22,1,2,1,17,62534,501,4000,3,4,1,1,1,800102,1000000
2024JP0005058,1,304.62,33,2,1,1,11,77656,501,5000,4,1,1,1,1,800101,1000000
2024JP0005059,1,304.62,22,1,2,1,16,79140,501,5000,1,1,1,1,1,800105,1000000
2024JP0005060,1,304.62,52,1,7,1,9,42867,428,2000,3,2,1,2,1,800106,1000000
2024JP0005061,1,304.62,39,2,2,1,8,19497,194,9800,4,1,1,1,1,800105,1000000
2024JP0005062,1,304.62,24,2,2,1,18,62390,501,1000,1,1,1,5,1,800109,1000000
2024JP0005063,1,304.62,56,1,1,1,8,11580,115,5000,3,1,1,1,1,800106,1000000
2024JP0005064,1,304.62,18,1,2,1,13,3785,37,9000,1,1,1,5,1,800103,1000000
2024JP0005065,1,304.62,31,1,3,1,8,12686,126,7000,3,1,1,1,1,800106,1000000
2024JP0005066,1,304.62,66,1,6,1,5,7796,77,7000,6,1,1,1,1,800103,1000000
2024JP0005067,1,304.62,43,1,5,1,5,12597,125,7000,1,1,1,1,1,800103,1000000
2024JP0005068,1,304.62,99,1,7,1,10,7353,73,0,0,6,1,2,1,800103,1000000
2024JP0005069,1,304.62,39,2,3,1,15,74226,501,5000,3,1,1,1,1,800105,1000000
2024JP0005070,1,304.62,6,2,1,1,1,3072,30,0,0,6,1,5,1,800109,1000000
2024JP0005071,1,304.62,16,1,4,1,11,26360,263,0,0,6,1,5,1,800103,1000000
2024JP0005072,1,304.62,5,1,1,1,5,3425,34,0,0,6,1,5,1,800102,1000000
2024JP0005073,1,304.62,3,1,2,1,2,1349,13,0,0,6,2,5,1,800104,1000000
2024JP0005074,1,304.62,26,2,1,1,9,6364,63,7000,6,1,1,1,1,800103,1000000
2024JP0005075,1,304.62,26,2,6,1,15,27687,276,6000,1,5,1,5,1,800102,1000000
2024JP0005076,1,304.62,23,2,3,1,14,9164,91,7000,4,1,1,1,1,800107,1000000
2024JP0005077,1,304.62,30,2,3,1,9,79118,501,9000,6,1,1,1,1,800105,1000000
2024JP0005078,1,304.62,10,1,5,1,2,3928,39,0,0,6,1,5,1,800100,1000000
2024JP0005079,1,304.62,54,2,6,1,11,32846,328,2000,1,1,1,1,1,800104,1000000
2024JP0005080,1,304.62,35,1,4,1,11,21280,212,8000,1,1,1,1,1,800102,1000000
2024JP0005081,1,304.62,3,1,1,1,6,5791,57,0,0,6,1,5,1,800108,1000000
2024JP0005082,1,304.62,87,2,1,1,6,3860,38,0,0,6,1,1,1,800104,1000000
2024JP0005083,1,304.62,26,1,2,1,9,17471,174,6000,6,1,1,1,1,800106,1000000
2024JP0005084,1,304.62,100,1,2,1,10,26872,268,0,0,6,1,1,1,800109,1000000
2024JP0005085,1,304.62,43,1,1,1,9,19319,193,8000,1,1,1,5,1,800101,1000000
2024JP0005086,1,304.62,15,1,1,1,19,10924,109,0,0,6,1,5,1,800106,1000000
2024JP0005087,1,304.62,42,1,7,1,12,41839,418,9000,1,1,1,1,1,800107,1000000
2024JP0005088,1,304.62,53,1,2,1,12,8325,83,9000,1,1,1,1,1,800107,1000000
2024JP0005089,1,304.62,43,1,2,1,11,21045,210,9800,3,1,1,1,1,800107,1000000
2024JP0005090,1,304.62,42,1,5,1,5,11226,112,5000,4,1,1,1,1,800104,1000000
2024JP0005091,1,304.62,71,1,6,1,6,2784,27,0,0,6,1,5,1,800101,1000000
2024JP0005092,1,304.62,29,1,6,1,9,9179,91,7000,1,3,1,1,1,800109,1000000
2024JP0005093,1,304.62,12,1,4,1,6,4978,49,0,0,6,1,5,1,800103,1000000
2024JP0005094,1,304.62,1,2,6,1,5,4155,41,0,0,6,1,5,1,800100,1000000
2024JP0005095,1,304.62,33,2,6,1,5,7382,73,7000,4,1,1,1,1,800101,1000000
2024JP0005096,1,304.62,47,2,5,1,6,6321,63,7000,3,5,1,1,1,800103,1000000
2024JP0005097,1,304.62,2,1,5,1,4,4622,46,0,0,6,1,5,1,800102,1000000
2024JP0005098,1,304.62,38,2,3,1,10,12993,129,2000,2,1,1,1,1,800105,1000000
2024JP0005099,1,304.62,39,1,4,1,9,19378,193,4000,3,2,1,1,1,800102,1000000
2024JP0005100,1,304.62,5,1,2,1,4,6797,67,0,0,6,1,5,1,800108,1000000
2024JP0005101,1,304.62,44,2,1,1,8,22841,228,6000,1,3,1,1,1,800107,1000000
2024JP0005102,1,304.62,31,1,3,1,11,16435,164,4000,3,1,1,1,1,800104,1000000
2024JP0005103,1,304.62,47,1,2,1,12,13415,134,1000,1,1,1,1,1,800101,1000000
2024JP0005104,1,304.62,1,1,2,1,6,3601,36,0,0,6,1,5,1,800107,1000000
2024JP0005105,1,304.62,15,2,6,1,17,54559,501,0,0,6,1,5,1,800108,1000000
2024JP0005106,1,304.62,97,2,6,1,7,4181,41,0,0,6,1,3,1,800108,1000000
2024JP0005107,1,304.62,55,1,3,1,8,4336,43,6000,3,1,1,1,1,800103,1000000
2024JP0005108,1,304.62,35,2,2,1,7,18508,185,5000,1,1,1,1,1,800100,1000000
2024JP0005109,1,304.62,12,1,2,1,3,2559,25,0,0,6,1,5,1,800102,1000000
2024JP0005110,1,304.62,26,1,2,1,7,708,7,5000,1,1,1,1,1,800103,1000000
2024JP0005111,1,304.62,77,2,6,1,5,2714,27,0,0,6,1,1,1,800103,1000000
2024JP0005112,1,304.62,25,1,2,1,11,14794,147,8000,6,1,1,1,1,800108,1000000
2024JP0005113,1,304.62,41,1,6,1,6,13293,132,5000,1,1,1,1,1,800107,1000000
2024JP0005114,1,304.62,20,1,1,1,15,9671,96,6000,1,1,1,5,1,800105,1000000
2024JP0005115,1,304.62,50,1,6,1,15,13375,133,6000,6,1,1,1,1,800101,1000000
2024JP0005116,1,304.62,14,1,9,1,4,1067,10,0,0,6,1,5,1,800107,1000000
2024JP0005117,1,304.62,28,1,1,1,12,8064,80,2000,1,1,1,5,1,800107,1000000
2024JP0005118,1,304.62,35,1,4,1,9,13476,134,8000,1,2,1,1,1,800103,1000000
2024JP0005119,1,304.62,43,2,4,1,8,7551,75,9800,1,1,1,1,1,800102,1000000
2024JP0005120,1,304.62,18,2,4,1,15,50236,501,3000,1,2,1,5,1,800104,1000000
2024JP0005121,1,304.62,21,1,4,1,13,12277,122,6000,1,1,1,5,1,800104,1000000
2024JP0005122,1,304.62,13,2,8,1,2,2474,24,0,0,6,1,5,1,800108,1000000
2024JP0005123,1,304.62,6,2,4,1,2,1454,14,0,0,6,1,5,1,800107,1000000
2024JP0005124,1,304.62,5,2,2,1,1,1142,11,0,0,6,1,5,1,800108,1000000
2024JP0005125,1,304.62,26,2,1,1,14,12807,128,2000,2,3,1,1,1,800106,1000000
2024JP0005126,1,304.62,40,2,2,1,8,5186,51,9800,3,1,1,1,1,800105,1000000
2024JP0005127,1,304.62,16,2,2,1,12,3144,31,0,0,6,1,5,1,800104,1000000
2024JP0005128,1,304.62,44,2,1,1,10,21016,210,9000,3,1,1,5,1,800109,1000000
2024JP0005129,1,304.62,25,1,9,1,9,7996,79,5000,4,1,1,1,1,800100,1000000
2024JP0005130,1,304.62,49,2,4,1,10,8776,87,2000,3,4,1,1,1,800100,1000000
2024JP0005131,1,304.62,1,1,3,1,2,4358,43,0,0,6,1,5,1,800106,1000000
2024JP0005132,1,304.62,29,1,2,1,9,16144,161,9000,3,1,1,1,1,800108,1000000
2024JP0005133,1,304.62,100,1,6,1,5,3073,30,0,0,6,1,1,1,800109,1000000
2024JP0005134,1,304.62,19,2,8,1,15,7010,70,4000,2,1,1,5,1,800102,1000000
2024JP0005135,1,304.62,47,1,2,1,11,24729,247,2000,1,1,1,1,1,800105,1000000
2024JP0005136,1,304.62,41,2,6,1,9,17290,172,8000,4,1,1,1,1,800107,1000000
2024JP0005137,1,304.62,37,1,1,1,10,14143,141,7000,1,1,1,1,1,800103,1000000
2024JP0005138,1,304.62,25,1,3,1,12,6897,68,5000,4,1,1,1,1,800108,1000000
2024JP0005139,1,304.62,12,1,2,1,7,351,3,0,0,6,1,5,1,800103,1000000
2024JP0005140,1,304.62,19,1,7,1,12,7984,79,6000,4,1,1,5,1,800102,1000000
2024JP0005141,1,304.62,31,1,4,1,10,15073,150,4000,2,1,1,5,1,800107,1000000
2024JP0005142,1,304.62,47,1,7,1,12,9203,92,6000,3,1,1,1,1,800104,1000000
2024JP0005143,1,304.62,86,2,3,1,7,4101,41,0,0,6,1,1,1,800101,1000000
2024JP0005144,1,304.62,18,2,1,1,11,4684,46,7000,1,1,1,5,1,800101,1000000
2024JP0005145,1,304.62,8,2,4,1,3,11244,112,0,0,6,1,5,1,800102,1000000
2024JP0005146,1,304.62,44,1,2,1,10,14243,142,6000,1,1,1,1,1,800106,1000000
2024JP0005147,1,304.62,72,2,2,1,6,1810,18,0,0,6,1,1,1,800102,1000000
2024JP0005148,1,304.62,83,1,2,1,6,3071,30,0,0,6,1,1,1,800101,1000000
2024JP0005149,1,304.62,34,2,9,1,10,23796,237,7000,1,5,1,1,1,800108,1000000
2024JP0005150,1,304.62,38,2,1,1,6,17602,176,6000,4,1,1,1,1,800108,1000000
2024JP0005151,1,304.62,30,2,1,1,6,14980,149,7000,1,1,1,1,1,800104,1000000
2024JP0005152,1,304.62,45,2,7,1,12,19067,190,5000,1,1,1,1,1,800100,1000000
2024JP0005153,1,304.62,33,2,7,1,8,10165,101,9800,3,2,1,1,1,800106,1000000
2024JP0005154,1,304.62,3,2,3,1,6,751,7,0,0,6,1,5,1,800103,1000000
2024JP0005155,1,304.62,34,2,2,1,14,12846,128,2000,2,1,1,1,1,800100,1000000
2024JP0005156,1,304.62,14,1,1,1,6,4367,43,0,0,6,1,5,1,800109,1000000
2024JP0005157,1,304.62,45,1,5,1,9,10035,100,6000,3,1,1,1,1,800109,1000000
2024JP0005158,1,304.62,9,1,6,1,5,4677,46,0,0,6,1,5,1,800103,1000000
2024JP0005159,1,304.62,32,1,6,1,13,10145,101,2000,1,1,1,1,1,800106,1000000
2024JP0005160,1,304.62,33,2,3,1,7,6840,68,6000,3,1,1,1,1,800101,1000000
2024JP0005161,1,304.62,1,2,6,1,4,534,5,0,0,6,1,5,1,800102,1000000
2024JP0005162,1,304.62,72,2,2,1,5,7421,74,0,0,6,1,1,1,800109,1000000
2024JP0005163,1,304.62,22,2,5,1,13,11697,116,6000,3,1,1,1,1,800104,1000000
2024JP0005164,1,304.62,11,1,6,1,2,1163,11,0,0,6,1,5,1,800107,1000000
2024JP0005165,1,304.62,64,2,3,1,5,9654,96,6000,3,1,1,1,1,800108,1000000
2024JP0005166,1,304.62,23,1,6,1,13,8808,88,9800,3,1,1,5,1,800105,1000000
2024JP0005167,1,304.62,85,1,1,1,10,5992,59,0,0,6,1,1,1,800103,1000000
2024JP0005168,1,304.62,58,2,6,1,5,7096,70,6000,4,2,1,5,1,800101,1000000
2024JP0005169,1,304.62,11,2,2,1,7,3455,34,0,0,6,1,5,1,800107,1000000
2024JP0005170,1,304.62,19,1,3,1,10,12225,122,5000,6,1,1,5,1,800103,1000000
2024JP0005171,1,304.62,19,1,1,1,15,14497,144,6000,1,1,1,5,1,800104,1000000
2024JP0005172,1,304.62,1,2,3,1,5,7174,71,0,0,6,1,5,1,800108,1000000
2024JP0005173,1,304.62,90,2,1,1,5,12239,122,0,0,6,1,1,1,800106,1000000
2024JP0005174,1,304.62,27,1,6,1,9,11986,119,3000,1,1,1,1,1,800102,1000000
2024JP0005175,1,304.62,36,2,4,1,11,53663,501,2000,1,1,1,5,1,800104,1000000
2024JP0005176,1,304.62,42,2,4,1,13,37223,372,5000,1,1,1,1,1,800102,1000000
2024JP0005177,1,304.62,12,2,2,1,9,6104,61,0,0,6,1,5,1,800105,1000000
2024JP0005178,1,304.62,9,2,4,1,5,1152,11,0,0,6,1,5,1,800108,1000000
2024JP0005179,1,304.62,9,2,2,1,3,927,9,0,0,6,1,5,1,800103,1000000
2024JP0005180,1,304.62,1,2,5,1,4,1579,15,0,0,6,1,5,1,800106,1000000
2024JP0005181,1,304.62,20,1,6,1,17,20552,205,6000,1,1,1,5,1,800101,1000000
2024JP0005182,1,304.62,10,2,1,1,2,1489,14,0,0,6,1,5,1,800101,1000000
2024JP0005183,1,304.62,33,2,1,1,5,7174,71,6000,6,1,1,2,1,800109,1000000
2024JP0005184,1,304.62,29,1,4,1,9,24606,246,8000,1,5,1,1,1,800100,1000000
2024JP0005185,1,304.62,26,1,8,1,5,19718,197,5000,3,1,1,1,1,800101,1000000
2024JP0005186,1,304.62,11,2,1,1,5,1916,19,0,0,6,1,5,1,800101,1000000
2024JP0005187,1,304.62,38,2,3,1,6,2622,26,7000,1,1,1,1,1,800105,1000000
2024JP0005188,1,304.62,1,2,4,1,5,2002,20,0,0,6,1,5,1,800105,1000000
2024JP0005189,1,304.62,44,1,5,1,9,47840,478,2000,1,1,1,2,1,800108,1000000
2024JP0005190,1,304.62,41,1,5,1,10,19140,191,2000,2,1,1,1,1,800104,1000000
2024JP0005191,1,304.62,19,2,1,1,13,5072,50,7000,1,1,1,1,1,800107,1000000
2024JP0005192,1,304.62,36,1,8,1,14,12663,126,2000,1,1,1,1,1,800109,1000000
2024JP0005193,1,304.62,32,2,1,1,6,6681,66,6000,1,4,1,3,1,800105,1000000
2024JP0005194,1,304.62,13,2,2,1,1,1635,16,0,0,6,1,5,1,800106,1000000
2024JP0005195,1,304.62,28,2,3,1,11,8277,82,4000,1,1,1,5,1,800105,1000000
2024JP0005196,1,304.62,4,2,4,1,5,3123,31,0,0,6,1,5,1,800109,1000000
2024JP0005197,1,304.62,14,1,1,1,2,2942,29,0,0,6,1,5,1,800106,1000000
2024JP0005198,1,304.62,24,1,4,1,16,46796,467,4000,1,2,1,5,1,800104,1000000
2024JP0005199,1,304.62,23,1,3,1,14,16466,164,4000,3,1,1,5,1,800108,1000000
2024JP0005200,1,304.62,41,1,1,1,8,4274,42,9000,1,1,1,1,1,800108,1000000
2024JP0005201,1,304.62,23,1,3,1,14,10821,108,6000,1,5,1,1,1,800100,1000000
2024JP0005202,1,304.62,13,1,5,1,4,1493,14,0,0,6,1,5,1,800102,1000000
2024JP0005203,1,304.62,23,2,4,1,17,65555,501,2000,1,4,1,5,1,800105,1000000
2024JP0005204,1,304.62,28,1,1,1,9,13024,130,2000,1,1,1,1,1,800104,1000000
2024JP0005205,1,304.62,2,1,1,1,5,2129,21,0,0,6,1,5,1,800107,1000000
2024JP0005206,1,304.62,1,1,3,1,1,1597,15,0,0,6,5,5,1,800105,1000000
2024JP0005207,1,304.62,14,1,6,1,4,7095,70,0,0,6,1,5,1,800104,1000000
2024JP0005208,1,304.62,13,1,6,1,9,4959,49,0,0,6,1,5,1,800103,1000000
2024JP0005209,1,304.62,39,2,6,1,11,5497,54,5000,1,1,1,1,1,800103,1000000
2024JP0005210,1,304.62,22,2,5,1,14,29362,293,2000,1,1,1,1,1,800101,1000000
2024JP0005211,1,304.62,14,1,3,1,1,3029,30,0,0,6,1,5,1,800104,1000000
2024JP0005212,1,304.62,6,1,2,1,1,1101,11,0,0,6,1,5,1,800101,1000000
2024JP0005213,1,304.62,6,2,3,1,5,2306,23,0,0,6,1,5,1,800106,1000000
2024JP0005214,1,304.62,18,2,6,1,17,16265,162,4000,1,1,1,5,1,800108,1000000
2024JP0005215,1,304.62,17,2,6,1,14,1468,14,0,0,6,1,5,1,800108,1000000
2024JP0005216,1,304.62,48,1,3,1,11,29470,294,5000,3,1,1,5,1,800103,1000000
2024JP0005217,1,304.62,42,1,6,1,16,93060,501,2000,3,1,1,1,1,800101,1000000
2024JP0005218,1,304.62,54,1,1,1,10,16340,163,5000,1,1,1,2,1,800103,1000000
2024JP0005219,1,304.62,36,2,1,1,7,6840,68,9800,6,1,1,1,1,800109,1000000
2024JP0005220,1,304.62,15,2,4,1,15,52315,501,0,0,6,1,5,1,800106,1000000
2024JP0005221,1,304.62,42,1,3,1,8,3826,38,7000,6,1,1,1,1,800105,1000000
2024JP0005222,1,304.62,96,2,4,1,6,5322,53,0,0,6,1,2,1,800109,1000000
2024JP0005223,1,304.62,18,1,1,1,13,8555,85,6000,3,1,1,5,1,800105,1000000
2024JP0005224,1,304.62,8,1,6,1,5,3064,30,0,0,6,5,5,1,800106,1000000
2024JP0005225,1,304.62,39,1,2,1,5,7261,72,9000,4,1,1,2,1,800104,1000000
2024JP0005226,1,304.62,6,1,5,1,1,2255,22,0,0,6,1,5,1,800108,1000000
2024JP0005227,1,304.62,44,2,2,1,5,4778,47,5000,1,1,1,1,1,800100,1000000
2024JP0005228,1,304.62,22,2,6,1,17,56527,501,6000,3,1,1,1,1,800106,1000000
2024JP0005229,1,304.62,65,2,6,1,6,2830,28,5000,3,3,1,1,1,800100,1000000
2024JP0005230,1,304.62,54,1,8,1,5,4779,47,7000,4,1,1,1,1,800107,1000000
2024JP0005231,1,304.62,14,1,2,1,1,8770,87,0,0,6,1,5,1,800102,1000000
2024JP0005232,1,304.62,29,1,5,1,13,21551,215,6000,3,1,1,5,1,800102,1000000
2024JP0005233,1,304.62,47,2,5,1,7,43657,436,6000,3,4,1,1,1,800107,1000000
2024JP0005234,1,304.62,7,1,5,1,2,2970,29,0,0,6,1,5,1,800100,1000000
2024JP0005235,1,304.62,7,1,1,1,7,888,8,0,0,6,1,5,1,800108,1000000
2024JP0005236,1,304.62,24,1,2,1,15,39981,399,4000,1,1,1,1,1,800109,1000000
2024JP0005237,1,304.62,8,2,3,1,6,4117,41,0,0,6,1,5,1,800106,1000000
2024JP0005238,1,304.62,12,1,2,1,4,1482,14,0,0,6,1,5,1,800101,1000000
2024JP0005239,1,304.62,15,1,3,1,11,3314,33,0,0,6,1,5,1,800100,1000000
2024JP0005240,1,304.62,41,2,4,1,12,36710,367,8000,3,1,1,1,1,800104,1000000
2024JP0005241,1,304.62,44,2,7,1,11,14495,144,1000,1,1,1,1,1,800102,1000000
2024JP0005242,1,304.62,41,2,1,1,13,16810,168,6000,1,5,1,1,1,800100,1000000
2024JP0005243,1,304.62,37,1,6,1,11,99348,501,7000,1,4,1,5,1,800100,1000000
2024JP0005244,1,304.62,59,1,3,1,10,15510,155,5000,6,1,1,5,1,800102,1000000
2024JP0005245,1,304.62,21,2,1,1,11,4901,49,1000,1,1,1,5,1,800103,1000000
2024JP0005246,1,304.62,25,2,6,1,9,22369,223,6000,6,1,1,5,1,800108,1000000
2024JP0005247,1,304.62,2,2,6,1,3,3295,32,0,0,6,1,5,1,800106,1000000
2024JP0005248,1,304.62,28,1,4,1,5,6172,61,6000,3,1,1,5,1,800100,1000000
2024JP0005249,1,304.62,21,1,3,1,11,1856,18,2000,1,5,1,5,1,800108,1000000
2024JP0005250,1,304.62,40,2,1,1,9,14613,146,7000,1,1,1,1,1,800101,1000000
2024JP0005251,1,304.62,21,2,3,1,16,32818,328,4000,1,1,1,5,1,800107,1000000
2024JP0005252,1,304.62,16,2,6,1,15,19961,199,0,0,6,1,5,1,800104,1000000
2024JP0005253,1,304.62,18,2,4,1,19,34197,341,3000,3,1,1,5,1,800101,1000000
2024JP0005254,1,304.62,94,1,4,1,6,5957,59,0,0,6,1,1,1,800108,1000000
2024JP0005255,1,304.62,19,1,6,1,14,3908,39,7000,3,1,1,5,1,800105,1000000
2024JP0005256,1,304.62,35,2,4,1,6,6747,67,5000,3,1,1,1,1,800102,1000000
2024JP0005257,1,304.62,74,1,2,1,5,5998,59,0,0,6,1,1,1,800104,1000000
2024JP0005258,1,304.62,1,1,3,1,5,6547,65,0,0,6,1,5,1,800100,1000000
2024JP0005259,1,304.62,46,1,7,1,8,5984,59,9800,1,1,1,2,1,800102,1000000
2024JP0005260,1,304.62,31,1,6,1,14,28512,285,8000,1,1,1,1,1,800101,1000000
2024JP0005261,1,304.62,32,2,5,1,13,63607,501,2000,3,1,1,1,1,800104,1000000
2024JP0005262,1,304.62,23,1,5,1,11,61100,501,6000,1,1,1,5,1,800105,1000000
2024JP0005263,1,304.62,19,2,1,1,14,29492,294,8000,3,2,1,5,1,800103,1000000
2024JP0005264,1,304.62,34,2,7,1,10,10743,107,7000,1,1,1,1,1,800103,1000000
2024JP0005265,1,304.62,47,2,1,1,8,13197,131,9920,4,1,1,1,1,800109,1000000
2024JP0005266,1,304.62,3,1,1,1,7,3805,38,0,0,6,1,5,1,800103,1000000
2024JP0005267,1,304.62,55,2,3,1,6,7535,75,8000,3,1,1,1,1,800100,1000000
2024JP0005268,1,304.62,14,1,5,1,3,1288,12,0,0,6,1,5,1,800108,1000000
2024JP0005269,1,304.62,15,1,5,1,17,19687,196,0,0,6,1,5,1,800108,1000000
2024JP0005270,1,304.62,21,2,6,1,13,3618,36,6000,1,1,1,5,1,800101,1000000
2024JP0005271,1,304.62,31,2,4,1,8,3422,34,5000,3,5,1,1,1,800107,1000000
2024JP0005272,1,304.62,36,1,4,1,6,4827,48,9920,3,1,1,1,1,800108,1000000
2024JP0005273,1,304.62,27,1,3,1,10,9641,96,4000,3,3,1,1,1,800104,1000000
2024JP0005274,1,304.62,38,1,4,1,11,58877,501,6000,4,2,1,1,1,800103,1000000
2024JP0005275,1,304.62,42,2,1,1,5,4210,42,5000,6,1,1,5,1,800102,1000000
2024JP0005276,1,304.62,6,1,6,1,8,4448,44,0,0,6,1,5,1,800107,1000000
2024JP0005277,1,304.62,0,1,1,1,3,10073,100,0,0,6,1,5,1,800108,1000000
2024JP0005278,1,304.62,26,1,7,1,11,22164,221,9000,4,1,1,1,1,800106,1000000
2024JP0005279,1,304.62,21,1,2,1,20,38448,384,1000,1,4,1,5,1,800103,1000000
2024JP0005280,1,304.62,50,1,3,1,8,7054,70,5000,6,1,1,2,1,800104,1000000
2024JP0005281,1,304.62,13,1,8,1,2,1096,10,0,0,6,1,5,1,800106,1000000
2024JP0005282,1,304.62,30,2,1,1,5,5061,50,8000,3,2,1,1,1,800104,1000000
2024JP0005283,1,304.62,6,2,2,1,1,2296,22,0,0,6,1,5,1,800103,1000000
2024JP0005284,1,304.62,25,1,4,1,6,15422,154,9800,3,1,1,5,1,800100,1000000
2024JP0005285,1,304.62,39,2,3,1,11,11027,110,9000,1,1,1,1,1,800100,1000000
2024JP0005286,1,304.62,23,1,7,1,10,4948,49,7000,1,3,1,1,1,800106,1000000
2024JP0005287,1,304.62,44,2,4,1,12,12945,129,2000,3,1,1,1,1,800106,1000000
2024JP0005288,1,304.62,3,2,2,1,7,686,6,0,0,6,1,5,1,800100,1000000
2024JP0005289,1,304.62,12,1,1,1,3,2051,20,0,0,6,1,5,1,800103,1000000
2024JP0005290,1,304.62,50,2,2,1,11,14719,147,9000,4,2,1,1,1,800105,1000000
2024JP0005291,1,304.62,14,1,1,1,7,1983,19,0,0,6,1,5,1,800101,1000000
2024JP0005292,1,304.62,30,1,2,1,13,31264,312,8000,1,1,1,1,1,800104,1000000
2024JP0005293,1,304.62,21,1,4,1,16,25185,251,1000,1,1,1,5,1,800105,1000000
2024JP0005294,1,304.62,13,2,3,1,6,3456,34,0,0,6,1,5,1,800109,1000000
2024JP0005295,1,304.62,30,1,2,1,7,8166,81,9800,1,1,1,1,1,800108,1000000
2024JP0005296,1,304.62,9,2,3,1,1,4796,47,0,0,6,1,5,1,800100,1000000
2024JP0005297,1,304.62,8,1,9,1,3,3579,35,0,0,6,1,5,1,800105,1000000
2024JP0005298,1,304.62,43,2,2,1,6,12786,127,5000,1,1,1,1,1,800105,1000000
2024JP0005299,1,304.62,11,2,3,1,3,3597,35,0,0,6,1,5,1,800101,1000000
2024JP0005300,1,304.62,19,2,1,1,15,20441,204,4000,1,1,1,5,1,800108,1000000
2024JP0005301,1,304.62,0,1,5,1,3,804,8,0,0,6,1,5,1,800102,1000000
2024JP0005302,1,304.62,21,1,4,1,16,34871,348,1000,1,1,1,5,1,800103,1000000
2024JP0005303,1,304.62,51,1,1,1,11,25835,258,2000,2,1,1,1,1,800108,1000000
2024JP0005304,1,304.62,44,2,6,1,6,16336,163,7000,1,5,1,1,1,800107,1000000
2024JP0005305,1,304.62,9,1,5,1,1,3710,37,0,0,6,1,5,1,800102,1000000
2024JP0005306,1,304.62,23,2,2,1,12,4008,40,2000,1,1,1,1,1,800108,1000000
2024JP0005307,1,304.62,28,2,1,1,8,3381,33,6000,1,1,1,1,1,800104,1000000
2024JP0005308,1,304.62,20,1,6,1,17,39745,397,1000,2,4,1,5,1,800109,1000000
2024JP0005309,1,304.62,0,1,2,1,5,1113,11,0,0,6,1,5,1,800100,1000000
2024JP0005310,1,304.62,28,1,4,1,10,5574,55,7000,1,1,1,1,1,800101,1000000
2024JP0005311,1,304.62,16,1,2,1,13,3035,30,0,0,6,1,5,1,800109,1000000
2024JP0005312,1,304.62,33,1,6,1,12,18627,186,2000,3,1,1,2,1,800104,1000000
2024JP0005313,1,304.62,32,1,1,1,13,43508,435,8000,6,2,1,1,1,800105,1000000
2024JP0005314,1,304.62,26,2,5,1,5,2684,26,7000,1,1,1,1,1,800104,1000000
2024JP0005315,1,304.62,13,2,1,1,2,2080,20,0,0,6,1,5,1,800108,1000000
2024JP0005316,1,304.62,59,2,6,1,7,13210,132,5000,3,1,1,1,1,800108,1000000
2024JP0005317,1,304.62,44,1,1,1,11,15610,156,7000,1,2,1,1,1,800100,1000000
2024JP0005318,1,304.62,4,1,2,1,1,2028,20,0,0,6,1,5,1,800104,1000000
2024JP0005319,1,304.62,7,1,1,1,4,2046,20,0,0,6,1,5,1,800106,1000000
2024JP0005320,1,304.62,7,1,6,1,3,6166,61,0,0,6,1,5,1,800105,1000000
2024JP0005321,1,304.62,59,1,7,1,5,4738,47,5000,3,4,1,2,1,800109,1000000
2024JP0005322,1,304.62,38,1,1,1,5,5131,51,9000,3,1,1,1,1,800108,1000000
2024JP0005323,1,304.62,98,2,2,1,6,8279,82,0,0,6,1,1,1,800102,1000000
2024JP0005324,1,304.62,20,2,6,1,17,29504,295,1000,2,1,1,5,1,800104,1000000
2024JP0005325,1,304.62,59,2,1,1,7,12148,121,9000,1,1,1,5,1,800106,1000000
2024JP0005326,1,304.62,2,2,3,1,1,1361,13,0,0,6,1,5,1,800107,1000000
2024JP0005327,1,304.62,45,2,6,1,10,33629,336,5000,1,1,1,3,1,800100,1000000
2024JP0005328,1,304.62,58,1,4,1,7,12421,124,6000,4,1,1,2,2,800105,1000000
2024JP0005329,1,304.62,27,2,4,1,11,8379,83,6000,6,1,1,1,1,800100,1000000
2024JP0005330,1,304.62,19,2,2,1,16,14584,145,5000,1,1,1,5,1,800105,1000000
2024JP0005331,1,304.62,26,2,6,1,8,5175,51,6000,6,1,1,1,1,800105,1000000
2024JP0005332,1,304.62,23,2,2,1,16,46392,463,6000,3,1,1,5,1,800106,1000000
2024JP0005333,1,304.62,9,1,1,1,8,3396,33,0,0,6,1,5,1,800105,1000000
2024JP0005334,1,304.62,44,1,2,1,13,17971,179,7000,1,1,1,1,1,800105,1000000
2024JP0005335,1,304.62,51,1,7,1,6,5553,55,9000,1,1,1,1,1,800101,1000000
2024JP0005336,1,304.62,37,1,2,1,8,4374,43,6000,4,1,1,1,1,800105,1000000
2024JP0005337,1,304.62,35,2,4,1,10,7205,72,6000,1,5,1,1,1,800102,1000000
2024JP0005338,1,304.62,46,2,8,1,6,5729,57,7000,3,1,1,2,1,800108,1000000
2024JP0005339,1,304.62,4,1,3,1,2,2148,21,0,0,6,1,5,1,800107,1000000
2024JP0005340,1,304.62,1,1,6,1,6,1344,13,0,0,6,1,5,1,800107,1000000
2024JP0005341,1,304.62,33,1,4,1,9,14948,149,9000,1,1,1,5,1,800102,1000000
2024JP0005342,1,304.62,26,1,7,1,8,3033,30,8000,3,1,1,5,1,800102,1000000
2024JP0005343,1,304.62,31,1,2,1,12,23376,233,5000,3,2,1,1,1,800101,1000000
2024JP0005344,1,304.62,36,1,1,1,13,20286,202,7000,3,1,1,1,1,800109,1000000
2024JP0005345,1,304.62,40,1,1,1,8,21091,210,8000,4,1,1,1,1,800101,1000000
2024JP0005346,1,304.62,26,1,6,1,11,9028,90,1000,1,1,1,1,1,800108,1000000
2024JP0005347,1,304.62,19,1,5,1,13,5587,55,9000,1,1,1,5,1,800103,1000000
2024JP0005348,1,304.62,36,2,8,1,8,14339,143,9800,6,2,1,5,1,800103,1000000
2024JP0005349,1,304.62,37,1,2,1,7,13266,132,5000,6,1,1,1,1,800100,1000000
2024JP0005350,1,304.62,55,2,2,1,7,9826,98,7000,3,1,1,2,1,800106,1000000
2024JP0005351,1,304.62,7,1,6,1,1,4521,45,0,0,6,1,5,1,800102,1000000
2024JP0005352,1,304.62,49,1,2,1,10,14038,140,5000,4,1,1,4,1,800100,1000000
2024JP0005353,1,304.62,21,2,2,1,13,17086,170,5000,4,1,1,1,1,800105,1000000
2024JP0005354,1,304.62,32,1,6,1,9,21255,212,9000,1,1,1,1,1,800104,1000000
2024JP0005355,1,304.62,27,1,2,1,6,6200,62,7000,3,1,1,5,1,800108,1000000
2024JP0005356,1,304.62,31,2,4,1,10,19887,198,4000,3,1,1,1,1,800108,1000000
2024JP0005357,1,304.62,13,2,2,1,2,2263,22,0,0,6,1,5,1,800106,1000000
2024JP0005358,1,304.62,0,2,1,1,2,8545,85,0,0,6,1,5,1,800108,1000000
2024JP0005359,1,304.62,30,2,1,1,9,30703,307,8000,1,1,1,5,1,800109,1000000
2024JP0005360,1,304.62,2,1,1,1,1,1213,12,0,0,6,1,5,1,800102,1000000
2024JP0005361,1,304.62,11,2,2,1,3,8193,81,0,0,6,1,5,1,800101,1000000
2024JP0005362,1,304.62,1,2,1,1,1,5868,58,0,0,6,1,5,1,800108,1000000
2024JP0005363,1,304.62,51,2,1,1,6,9011,90,7000,1,1,1,2,2,800105,1000000
2024JP0005364,1,304.62,10,1,4,1,7,934,9,0,0,6,1,5,1,800102,1000000
2024JP0005365,1,304.62,35,1,2,1,14,3214,32,6000,4,1,1,1,1,800100,1000000
2024JP0005366,1,304.62,55,2,2,1,8,45401,454,5000,6,4,1,1,1,800100,1000000
2024JP0005367,1,304.62,41,1,3,1,12,47607,476,2000,3,2,1,2,1,800102,1000000
2024JP0005368,1,304.62,23,1,3,1,18,23012,230,4000,1,2,1,5,1,800100,1000000
2024JP0005369,1,304.62,44,2,1,1,9,35981,359,5000,3,1,1,1,1,800105,1000000
2024JP0005370,1,304.62,33,2,5,1,8,1788,17,5000,6,1,1,1,1,800108,1000000
2024JP0005371,1,304.62,28,1,5,1,11,19567,195,9800,1,1,1,1,1,800105,1000000
2024JP0005372,1,304.62,50,1,1,1,8,7952,79,7000,1,1,2,1,1,800104,1000000
2024JP0005373,1,304.62,35,1,6,1,8,30520,305,8000,4,1,1,1,1,800103,1000000
2024JP0005374,1,304.62,45,2,7,1,8,38609,386,7000,3,1,1,1,1,800104,1000000
2024JP0005375,1,304.62,13,2,9,1,6,1030,10,0,0,6,1,5,1,800105,1000000
2024JP0005376,1,304.62,19,1,1,1,12,21136,211,7000,1,1,1,5,1,800103,1000000
2024JP0005377,1,304.62,20,2,9,1,12,5284,52,7000,3,1,1,5,1,800106,1000000
2024JP0005378,1,304.62,8,2,4,1,3,5167,51,0,0,6,1,5,1,800100,1000000
2024JP0005379,1,304.62,24,2,1,1,17,33364,333,2000,1,1,1,5,1,800104,1000000
2024JP0005380,1,304.62,38,1,6,1,13,93418,501,9000,1,1,1,1,1,800107,1000000
2024JP0005381,1,304.62,24,1,2,1,14,8018,80,7000,6,1,1,5,1,800104,1000000
2024JP0005382,1,304.62,5,1,2,1,4,439,4,0,0,6,1,5,1,800101,1000000
2024JP0005383,1,304.62,24,2,6,1,14,11828,118,2000,1,1,1,5,1,800107,1000000
2024JP0005384,1,304.62,21,2,8,1,13,5739,57,9000,1,1,1,5,1,800106,1000000
2024JP0005385,1,304.62,16,1,7,1,14,2794,27,0,0,6,1,5,1,800107,1000000
2024JP0005386,1,304.62,5,1,7,1,3,9507,95,0,0,6,1,5,1,800109,1000000
2024JP0005387,1,304.62,37,2,2,1,9,16323,163,9000,1,1,1,1,1,800107,1000000
2024JP0005388,1,304.62,29,2,1,1,15,24035,240,1000,1,1,1,5,1,800103,1000000
2024JP0005389,1,304.62,11,2,6,1,6,3138,31,0,0,6,1,5,1,800109,1000000
2024JP0005390,1,304.62,21,2,3,1,10,3392,33,8000,3,1,1,5,1,800107,1000000
2024JP0005391,1,304.62,13,1,6,1,2,3188,31,0,0,6,1,5,1,800102,1000000
2024JP0005392,1,304.62,26,1,5,1,5,4000,40,5000,1,1,1,5,1,800104,1000000
2024JP0005393,1,304.62,24,2,1,1,14,3877,38,2000,3,3,1,5,1,800109,1000000
2024JP0005394,1,304.62,17,2,5,1,17,20501,205,0,0,6,1,5,1,800104,1000000
2024JP0005395,1,304.62,29,1,2,1,11,40158,401,5000,1,1,1,1,1,800103,1000000
2024JP0005396,1,304.62,31,2,1,1,11,9662,96,9000,4,1,1,1,1,800108,1000000
2024JP0005397,1,304.62,39,2,7,1,7,3471,34,8000,6,2,1,1,1,800100,1000000
2024JP0005398,1,304.62,40,1,1,1,7,4540,45,9000,3,3,1,1,1,800104,1000000
2024JP0005399,1,304.62,38,1,4,1,16,19571,195,6000,3,1,1,1,1,800103,1000000
2024JP0005400,1,304.62,8,1,1,1,4,999,9,0,0,6,1,5,1,800106,1000000
2024JP0005401,1,304.62,95,1,6,1,10,15920,159,0,0,6,1,5,1,800104,1000000
2024JP0005402,1,304.62,34,1,6,1,7,5843,58,6000,1,2,1,1,1,800100,1000000
2024JP0005403,1,304.62,37,1,6,1,5,1514,15,9920,3,1,1,1,1,800109,1000000
2024JP0005404,1,304.62,28,2,4,1,15,25098,250,5000,1,1,1,5,1,800100,1000000
2024JP0005405,1,304.62,18,2,3,1,12,5193,51,8000,4,1,1,5,1,800108,1000000
2024JP0005406,1,304.62,31,1,3,1,8,4032,40,8000,1,1,1,1,1,800105,1000000
2024JP0005407,1,304.62,21,2,6,1,15,13280,132,2000,2,1,1,5,1,800103,1000000
2024JP0005408,1,304.62,2,2,2,1,3,693,6,0,0,6,1,5,1,800104,1000000
2024JP0005409,1,304.62,84,1,6,1,5,2913,29,0,0,6,1,2,1,800103,1000000
2024JP0005410,1,304.62,14,2,2,1,1,2307,23,0,0,6,1,5,1,800104,1000000
2024JP0005411,1,304.62,27,2,1,1,9,11545,115,5000,1,1,1,1,1,800101,1000000
2024JP0005412,1,304.62,2,1,3,1,4,934,9,0,0,6,1,5,1,800109,1000000
2024JP0005413,1,304.62,40,1,3,1,7,3516,35,6000,1,4,1,1,1,800102,1000000
2024JP0005414,1,304.62,22,2,1,1,15,66725,501,5000,1,5,1,5,1,800102,1000000
2024JP0005415,1,304.62,20,2,1,1,15,19502,195,6000,1,1,1,5,1,800109,1000000
2024JP0005416,1,304.62,2,2,2,1,6,1811,18,0,0,6,1,5,1,800106,1000000
2024JP0005417,1,304.62,21,1,2,1,16,47232,472,4000,1,1,1,5,1,800102,1000000
2024JP0005418,1,304.62,4,1,7,1,2,2131,21,0,0,6,1,5,1,800103,1000000
2024JP0005419,1,304.62,26,2,2,1,7,2970,29,8000,1,1,5,5,1,800107,1000000
2024JP0005420,1,304.62,16,2,6,1,10,5644,56,0,0,6,1,5,1,800107,1000000
2024JP0005421,1,304.62,19,1,3,1,12,9834,98,2000,1,5,1,5,1,800102,1000000
2024JP0005422,1,304.62,22,1,1,1,11,5173,51,6000,6,2,1,5,1,800100,1000000
2024JP0005423,1,304.62,45,1,5,1,9,33430,334,6000,3,1,1,1,1,800100,1000000
2024JP0005424,1,304.62,14,2,2,1,4,3686,36,0,0,6,1,5,1,800109,1000000
2024JP0005425,1,304.62,25,2,4,1,10,29541,295,7000,6,1,1,1,1,800100,1000000
2024JP0005426,1,304.62,4,1,1,1,3,2711,27,0,0,6,1,5,1,800101,1000000
2024JP0005427,1,304.62,2,1,4,1,1,2442,24,0,0,6,1,5,1,800107,1000000
2024JP0005428,1,304.62,17,2,1,1,10,11090,110,0,0,6,1,5,1,800104,1000000
2024JP0005429,1,304.62,4,1,5,1,4,1013,10,0,0,6,1,5,1,800107,1000000
2024JP0005430,1,304.62,36,1,8,1,5,20218,202,5000,3,1,1,1,1,800100,1000000
2024JP0005431,1,304.62,20,1,6,1,14,6248,62,3000,1,4,1,5,1,800102,1000000
2024JP0005432,1,304.62,18,1,1,1,10,2795,27,2000,1,3,1,5,1,800108,1000000
2024JP0005433,1,304.62,36,2,4,1,7,2755,27,5000,4,1,1,1,1,800101,1000000
2024JP0005434,1,304.62,41,1,7,1,14,27741,277,5000,3,1,1,1,1,800101,1000000
2024JP0005435,1,304.62,15,2,9,1,14,6295,62,0,0,6,1,5,1,800108,1000000
2024JP0005436,1,304.62,37,2,2,1,9,51950,501,6000,4,1,1,1,1,800104,1000000
2024JP0005437,1,304.62,31,1,3,1,5,6668,66,9920,3,5,1,2,1,800105,1000000
2024JP0005438,1,304.62,26,1,8,1,8,3288,32,9000,1,1,1,5,1,800100,1000000
2024JP0005439,1,304.62,16,2,1,1,17,19088,190,0,0,6,1,5,1,800101,1000000
2024JP0005440,1,304.62,59,1,1,1,11,9242,92,2000,3,1,1,1,1,800105,1000000
2024JP0005441,1,304.62,41,1,1,1,6,12767,127,9800,4,1,1,1,1,800108,1000000
2024JP0005442,1,304.62,72,2,2,1,6,3440,34,0,0,6,1,5,1,800107,1000000
2024JP0005443,1,304.62,34,1,6,1,9,6394,63,5000,3,2,1,1,1,800109,1000000
2024JP0005444,1,304.62,40,2,1,1,10,26629,266,3000,2,1,1,1,1,800105,1000000
2024JP0005445,1,304.62,3,1,1,1,4,868,8,0,0,6,1,5,1,800107,1000000
2024JP0005446,1,304.62,36,2,9,1,8,10898,108,7000,1,1,1,1,1,800102,1000000
2024JP0005447,1,304.62,34,2,6,1,8,11347,113,9000,6,1,1,1,1,800101,1000000
2024JP0005448,1,304.62,31,2,2,1,5,4445,44,5000,6,1,1,2,1,800106,1000000
2024JP0005449,1,304.62,42,2,4,1,14,21587,215,2000,1,1,1,1,1,800106,1000000
2024JP0005450,1,304.62,23,2,5,1,10,13638,136,9000,1,1,1,5,1,800102,1000000
2024JP0005451,1,304.62,15,2,6,1,15,42533,425,0,0,6,1,5,1,800100,1000000
2024JP0005452,1,304.62,27,1,7,1,5,6817,68,7000,3,1,1,5,1,800103,1000000
2024JP0005453,1,304.62,4,2,3,1,2,1604,16,0,0,6,1,5,1,800100,1000000
2024JP0005454,1,304.62,15,2,4,1,18,20915,209,0,0,6,1,5,1,800105,1000000
2024JP0005455,1,304.62,10,1,3,1,3,7266,72,0,0,6,1,5,1,800101,1000000
2024JP0005456,1,304.62,33,1,6,1,9,29155,291,9000,4,1,1,1,1,800102,1000000
2024JP0005457,1,304.62,5,2,7,1,3,894,8,0,0,6,1,5,1,800106,1000000
2024JP0005458,1,304.62,43,1,3,1,8,765,7,8000,3,1,1,1,1,800108,1000000
2024JP0005459,1,304.62,10,1,3,1,1,2758,27,0,0,6,1,5,1,800103,1000000
2024JP0005460,1,304.62,40,1,2,1,11,19484,194,2000,3,1,1,5,1,800103,1000000
2024JP0005461,1,304.62,11,2,2,1,1,881,8,0,0,6,1,5,1,800109,1000000
2024JP0005462,1,304.62,84,1,1,1,8,7030,70,0,0,6,1,1,1,800103,1000000
2024JP0005463,1,304.62,14,1,4,1,5,1267,12,0,0,6,1,5,1,800106,1000000
2024JP0005464,1,304.62,41,1,2,1,12,17101,171,2000,2,1,1,1,1,800109,1000000
2024JP0005465,1,304.62,7,1,3,1,3,3265,32,0,0,6,1,5,1,800107,1000000
2024JP0005466,1,304.62,9,2,5,1,3,707,7,0,0,6,1,5,1,800102,1000000
2024JP0005467,1,304.62,43,2,5,1,5,2302,23,9920,3,1,1,1,1,800100,1000000
2024JP0005468,1,304.62,33,2,6,1,5,21966,219,6000,1,5,1,1,1,800105,1000000
2024JP0005469,1,304.62,9,1,9,1,5,1914,19,0,0,6,1,5,1,800102,1000000
2024JP0005470,1,304.62,6,1,2,1,6,3893,38,0,0,6,1,5,1,800106,1000000
2024JP0005471,1,304.62,6,1,4,1,6,1548,15,0,0,6,1,5,1,800103,1000000
2024JP0005472,1,304.62,46,2,1,1,11,19633,196,6000,4,1,1,1,1,800106,1000000
2024JP0005473,1,304.62,55,2,6,1,12,33584,335,6000,4,1,1,1,1,800106,1000000
2024JP0005474,1,304.62,19,1,9,1,12,8768,87,6000,4,1,1,1,1,800104,1000000
2024JP0005475,1,304.62,9,2,3,1,7,4206,42,0,0,6,1,5,1,800100,1000000
2024JP0005476,1,304.62,25,1,6,1,5,7802,78,9800,3,1,1,1,1,800102,1000000
2024JP0005477,1,304.62,5,2,3,1,1,1702,17,0,0,6,1,5,1,800104,1000000
2024JP0005478,1,304.62,43,1,3,1,6,4448,44,9000,1,1,1,5,1,800107,1000000
2024JP0005479,1,304.62,45,2,6,1,6,7794,77,6000,4,2,1,1,1,800108,1000000
2024JP0005480,1,304.62,32,1,7,1,6,12303,123,9000,4,2,1,5,1,800103,1000000
2024JP0005481,1,304.62,23,1,5,1,14,9880,98,5000,1,2,1,1,1,800101,1000000
2024JP0005482,1,304.62,20,1,2,1,10,10227,102,7000,1,2,1,5,1,800105,1000000
2024JP0005483,1,304.62,78,2,1,1,5,1731,17,0,0,6,1,2,1,800102,1000000
2024JP0005484,1,304.62,43,1,4,1,6,3866,38,5000,1,2,1,1,1,800107,1000000
2024JP0005485,1,304.62,10,1,7,1,5,7845,78,0,0,6,1,5,1,800107,1000000
2024JP0005486,1,304.62,13,2,1,1,2,5657,56,0,0,6,1,5,1,800102,1000000
2024JP0005487,1,304.62,13,2,1,1,2,3529,35,0,0,6,1,5,1,800102,1000000
2024JP0005488,1,304.62,38,1,6,1,12,29461,294,5000,3,1,1,1,1,800105,1000000
2024JP0005489,1,304.62,29,1,3,1,7,4818,48,8000,1,1,1,1,1,800102,1000000
2024JP0005490,1,304.62,10,2,2,1,3,10393,103,0,0,6,1,5,1,800100,1000000
2024JP0005491,1,304.62,41,2,1,1,8,18833,188,7000,6,1,1,5,1,800108,1000000
2024JP0005492,1,304.62,0,1,1,1,3,3084,30,0,0,6,1,5,1,800100,1000000
2024JP0005493,1,304.62,14,2,5,1,2,3074,30,0,0,6,1,5,1,800102,1000000
2024JP0005494,1,304.62,63,1,4,1,7,2464,24,5000,4,1,1,3,1,800105,1000000
2024JP0005495,1,304.62,40,2,2,1,9,39063,390,5000,1,1,1,1,1,800103,1000000
2024JP0005496,1,304.62,99,2,2,1,5,10099,100,0,0,6,1,1,1,800107,1000000
2024JP0005497,1,304.62,11,1,1,1,2,16952,169,0,0,6,1,5,1,800109,1000000
2024JP0005498,1,304.62,100,1,7,1,5,2768,27,0,0,6,1,1,1,800101,1000000
2024JP0005499,1,304.62,6,2,9,1,4,2571,25,0,0,6,1,5,1,800109,1000000
2024JP0005500,1,304.62,33,2,3,1,11,36614,366,6000,1,1,1,1,1,800102,1000000
2024JP0005501,1,304.62,14,2,3,1,2,3327,33,0,0,6,1,5,1,800103,1000000
2024JP0005502,1,304.62,19,1,3,1,10,4990,49,2000,1,1,1,5,1,800100,1000000
2024JP0005503,1,304.62,52,1,6,1,12,11536,115,9000,1,1,1,1,1,800104,1000000
2024JP0005504,1,304.62,13,2,1,1,5,3138,31,0,0,6,2,5,1,800103,1000000
2024JP0005505,1,304.62,34,2,7,1,10,18723,187,6000,3,1,1,1,1,800108,1000000
2024JP0005506,1,304.62,4,1,2,1,5,5053,50,0,0,6,1,5,2,800107,1000000
2024JP0005507,1,304.62,2,2,1,1,4,1539,15,0,0,6,1,5,1,800109,1000000
2024JP0005508,1,304.62,14,1,4,1,2,549,5,0,0,6,1,5,1,800109,1000000
2024JP0005509,1,304.62,8,2,8,1,4,990,9,0,0,6,1,5,1,800108,1000000
2024JP0005510,1,304.62,35,1,6,1,14,32413,324,1000,1,1,1,1,1,800102,1000000
2024JP0005511,1,304.62,13,1,6,1,5,1289,12,0,0,6,1,5,1,800101,1000000
2024JP0005512,1,304.62,0,1,3,1,1,447,4,0,0,6,1,5,1,800107,1000000
2024JP0005513,1,304.62,9,1,1,1,3,1271,12,0,0,6,1,5,1,800102,1000000
2024JP0005514,1,304.62,31,1,7,1,11,12446,124,2000,3,1,1,1,1,800100,1000000
2024JP0005515,1,304.62,15,2,1,1,16,14911,149,0,0,6,1,5,1,800106,1000000
2024JP0005516,1,304.62,10,2,5,1,2,5536,55,0,0,6,1,5,1,800100,1000000
2024JP0005517,1,304.62,7,1,4,1,3,3727,37,0,0,6,1,5,1,800103,1000000
2024JP0005518,1,304.62,31,1,9,1,11,13195,131,5000,3,1,1,1,1,800103,1000000
2024JP0005519,1,304.62,18,1,4,1,13,6058,60,7000,3,5,1,5,1,800109,1000000
2024JP0005520,1,304.62,36,2,6,1,10,16701,167,6000,4,1,1,1,1,800100,1000000
2024JP0005521,1,304.62,95,1,1,1,5,2893,28,0,0,6,1,1,1,800108,1000000
2024JP0005522,1,304.62,29,1,4,1,7,24525,245,7000,4,3,1,1,1,800105,1000000
2024JP0005523,1,304.62,49,1,9,1,7,2560,25,9800,3,1,1,2,1,800104,1000000
2024JP0005524,1,304.62,6,2,1,1,6,2197,21,0,0,6,1,5,1,800101,1000000
2024JP0005525,1,304.62,43,1,1,1,12,29039,290,6000,1,1,1,1,1,800107,1000000
2024JP0005526,1,304.62,20,2,5,1,18,15101,151,5000,3,5,1,5,1,800100,1000000
2024JP0005527,1,304.62,42,2,4,1,8,18584,185,5000,1,1,1,1,1,800102,1000000
2024JP0005528,1,304.62,43,2,3,1,7,17661,176,6000,3,1,1,1,1,800109,1000000
2024JP0005529,1,304.62,23,2,7,1,14,18535,185,7000,3,1,1,1,1,800106,1000000
2024JP0005530,1,304.62,48,2,2,1,6,14419,144,7000,6,5,1,1,1,800108,1000000
2024JP0005531,1,304.62,4,1,5,1,7,3010,30,0,0,6,1,5,1,800104,1000000
2024JP0005532,1,304.62,27,2,1,1,6,8541,85,7000,1,1,1,5,1,800103,1000000
2024JP0005533,1,304.62,14,1,7,1,1,2045,20,0,0,6,1,5,1,800103,1000000
2024JP0005534,1,304.62,26,1,2,1,9,6464,64,3000,2,1,1,5,1,800108,1000000
2024JP0005535,1,304.62,5,1,6,1,2,5399,53,0,0,6,1,5,1,800101,1000000
2024JP0005536,1,304.62,33,2,5,1,13,14614,146,5000,4,4,1,1,1,800101,1000000
2024JP0005537,1,304.62,35,1,1,1,14,24936,249,6000,3,2,5,1,1,800103,1000000
2024JP0005538,1,304.62,41,1,1,1,10,14805,148,2000,2,1,1,1,1,800106,1000000
2024JP0005539,1,304.62,19,1,1,1,10,3800,38,9000,1,1,1,5,1,800103,1000000
2024JP0005540,1,304.62,17,1,4,1,12,9230,92,0,0,6,1,5,1,800104,1000000
2024JP0005541,1,304.62,0,2,1,1,2,3623,36,0,0,6,1,5,1,800104,1000000
2024JP0005542,1,304.62,43,2,6,1,8,13342,133,7000,4,2,1,2,1,800103,1000000
2024JP0005543,1,304.62,14,2,6,1,2,1846,18,0,0,6,1,5,1,800105,1000000
2024JP0005544,1,304.62,38,1,5,1,6,1488,14,8000,1,2,1,5,1,800108,1000000
2024JP0005545,1,304.62,16,1,1,1,15,31495,314,0,0,6,1,5,1,800101,1000000
2024JP0005546,1,304.62,38,1,1,1,6,37265,372,9800,1,1,1,1,1,800105,1000000
2024JP0005547,1,304.62,4,2,5,1,3,1490,14,0,0,6,1,5,1,800100,1000000
2024JP0005548,1,304.62,46,2,2,1,7,5168,51,9000,6,1,1,1,1,800107,1000000
2024JP0005549,1,304.62,7,2,6,1,8,1170,11,0,0,6,1,5,1,800104,1000000
2024JP0005550,1,304.62,56,1,2,1,10,14051,140,6000,1,1,1,1,1,800106,1000000
2024JP0005551,1,304.62,50,1,7,1,9,13472,134,2000,1,1,1,5,1,800106,1000000
2024JP0005552,1,304.62,27,1,1,1,11,20107,201,2000,2,1,1,1,1,800102,1000000
2024JP0005553,1,304.62,16,1,8,1,16,6756,67,0,0,6,1,5,1,800105,1000000
2024JP0005554,1,304.62,16,2,5,1,13,2539,25,0,0,6,1,5,1,800107,1000000
2024JP0005555,1,304.62,16,1,4,1,13,8585,85,0,0,6,1,5,1,800104,1000000
2024JP0005556,1,304.62,34,2,4,1,6,31536,315,7000,1,1,1,1,1,800102,1000000
2024JP0005557,1,304.62,8,2,2,1,3,2442,24,0,0,6,1,5,1,800106,1000000
2024JP0005558,1,304.62,56,2,2,1,8,30581,305,7000,4,1,1,1,1,800104,1000000
2024JP0005559,1,304.62,19,1,7,1,16,10675,106,3000,1,1,1,5,1,800100,1000000
2024JP0005560,1,304.62,38,2,2,1,13,8423,84,3000,3,4,1,1,1,800106,1000000
2024JP0005561,1,304.62,41,1,4,1,6,3484,34,9800,1,1,1,5,1,800109,1000000
2024JP0005562,1,304.62,52,1,2,1,6,1841,18,8000,4,1,1,5,1,800108,1000000
2024JP0005563,1,304.62,23,2,4,1,14,8411,84,7000,3,1,1,1,1,800106,1000000
2024JP0005564,1,304.62,31,2,3,1,8,9643,96,8000,3,3,1,1,1,800103,1000000
2024JP0005565,1,304.62,50,1,4,1,10,11012,110,1000,1,1,1,1,1,800109,1000000
2024JP0005566,1,304.62,28,2,2,1,9,20831,208,8000,4,1,1,1,1,800104,1000000
2024JP0005567,1,304.62,37,2,1,1,8,11275,112,5000,4,1,1,1,1,800108,1000000
2024JP0005568,1,304.62,49,2,9,1,9,25100,250,2000,3,1,1,4,1,800100,1000000
2024JP0005569,1,304.62,6,2,7,1,4,9697,96,0,0,6,1,5,1,800103,1000000
2024JP0005570,1,304.62,11,1,3,1,1,1277,12,0,0,6,1,5,1,800102,1000000
2024JP0005571,1,304.62,23,2,5,1,19,91107,501,3000,2,1,1,1,1,800103,1000000
2024JP0005572,1,304.62,42,1,2,1,14,28081,280,7000,1,1,1,1,1,800105,1000000
2024JP0005573,1,304.62,32,1,7,1,9,21618,216,5000,1,1,1,1,1,800104,1000000
2024JP0005574,1,304.62,0,1,1,1,1,3262,32,0,0,6,1,5,1,800102,1000000
2024JP0005575,1,304.62,39,2,9,1,12,18383,183,6000,1,1,1,3,1,800108,1000000
2024JP0005576,1,304.62,62,1,4,1,8,5659,56,9920,4,1,1,3,1,800103,1000000
2024JP0005577,1,304.62,32,2,1,1,6,9183,91,9920,1,5,1,3,1,800100,1000000
2024JP0005578,1,304.62,8,1,3,1,5,6593,65,0,0,6,1,5,1,800104,1000000
2024JP0005579,1,304.62,14,1,4,1,2,3778,37,0,0,6,1,5,1,800109,1000000
2024JP0005580,1,304.62,3,2,9,1,9,9436,94,0,0,6,1,5,1,800103,1000000
2024JP0005581,1,304.62,29,2,2,1,5,14676,146,9800,3,5,1,5,1,800101,1000000
2024JP0005582,1,304.62,3,2,6,1,9,4817,48,0,0,6,1,5,1,800101,1000000
2024JP0005583,1,304.62,41,1,4,1,5,5171,51,9920,3,1,1,1,1,800104,1000000
2024JP0005584,1,304.62,80,2,1,1,5,5433,54,0,0,6,1,1,1,800104,1000000
2024JP0005585,1,304.62,22,1,4,1,12,29571,295,9000,4,1,1,1,1,800101,1000000
2024JP0005586,1,304.62,54,2,1,1,5,9077,90,6000,1,1,1,1,1,800103,1000000
2024JP0005587,1,304.62,99,2,5,1,6,3427,34,0,0,6,1,1,1,800105,1000000
2024JP0005588,1,304.62,44,1,1,1,11,12503,125,7000,3,1,1,1,1,800101,1000000
2024JP0005589,1,304.62,27,2,4,1,5,5722,57,9000,1,1,1,1,1,800106,1000000
2024JP0005590,1,304.62,54,2,1,1,7,10322,103,9800,3,1,1,1,1,800105,1000000
2024JP0005591,1,304.62,40,1,4,1,8,30062,300,6000,4,1,1,1,1,800105,1000000
2024JP0005592,1,304.62,39,2,2,1,9,19764,197,5000,4,3,1,5,1,800102,1000000
2024JP0005593,1,304.62,7,1,3,1,5,3418,34,0,0,6,1,5,1,800106,1000000
2024JP0005594,1,304.62,57,2,4,1,6,1859,18,9920,1,1,1,5,1,800104,1000000
2024JP0005595,1,304.62,59,1,4,1,11,9528,95,5000,1,1,1,5,1,800100,1000000
2024JP0005596,1,304.62,13,1,6,1,2,2811,28,0,0,6,1,5,1,800108,1000000
2024JP0005597,1,304.62,36,2,6,1,6,2668,26,9920,4,1,1,1,1,800104,1000000
2024JP0005598,1,304.62,34,2,8,1,10,56689,501,2000,1,2,1,1,1,800106,1000000
2024JP0005599,1,304.62,9,2,2,1,3,4486,44,0,0,6,1,5,1,800103,1000000
2024JP0005600,1,304.62,22,2,2,1,18,38392,383,2000,3,2,1,1,1,800108,1000000
2024JP0005601,1,304.62,31,2,4,1,8,14737,147,9920,1,1,1,1,1,800107,1000000
2024JP0005602,1,304.62,25,1,5,1,14,63832,501,6000,6,1,1,5,1,800102,1000000
2024JP0005603,1,304.62,37,2,2,1,8,14387,143,5000,1,4,1,1,1,800109,1000000
2024JP0005604,1,304.62,22,1,7,1,15,71650,501,5000,3,4,1,5,1,800109,1000000
2024JP0005605,1,304.62,40,2,4,1,9,27694,276,1000,3,2,1,1,1,800106,1000000
2024JP0005606,1,304.62,1,1,6,1,2,3555,35,0,0,6,1,5,1,800109,1000000
2024JP0005607,1,304.62,40,1,5,1,13,45485,454,6000,1,5,1,2,1,800101,1000000
2024JP0005608,1,304.62,21,1,7,1,14,3756,37,7000,3,1,1,5,1,800104,1000000
2024JP0005609,1,304.62,3,1,5,1,2,2689,26,0,0,6,1,5,1,800100,1000000
2024JP0005610,1,304.62,12,1,4,1,3,8609,86,0,0,6,1,5,1,800101,1000000
2024JP0005611,1,304.62,35,2,1,1,11,12833,128,7000,3,1,1,1,1,800104,1000000
2024JP0005612,1,304.62,81,1,2,1,7,659,6,0,0,6,1,3,1,800104,1000000
2024JP0005613,1,304.62,6,1,2,1,3,1001,10,0,0,6,1,5,1,800109,1000000
2024JP0005614,1,304.62,4,2,6,1,1,1924,19,0,0,6,1,5,1,800101,1000000
2024JP0005615,1,304.62,22,1,3,1,13,14709,147,6000,3,5,1,5,1,800106,1000000
2024JP0005616,1,304.62,23,1,6,1,18,29276,292,5000,1,1,1,1,1,800102,1000000
2024JP0005617,1,304.62,20,2,4,1,15,97381,501,1000,3,1,1,5,1,800108,1000000
2024JP0005618,1,304.62,37,1,2,1,10,119554,501,5000,1,1,1,1,1,800105,1000000
2024JP0005619,1,304.62,29,2,1,1,5,2715,27,7000,4,3,1,1,1,800100,1000000
2024JP0005620,1,304.62,4,1,4,1,3,8619,86,0,0,6,1,5,1,800107,1000000
2024JP0005621,1,304.62,5,1,1,1,8,4000,40,0,0,6,1,5,1,800108,1000000
2024JP0005622,1,304.62,50,1,5,1,6,3878,38,6000,1,5,1,1,1,800106,1000000
2024JP0005623,1,304.62,70,2,1,1,7,3101,31,8000,1,5,1,1,1,800103,1000000
2024JP0005624,1,304.62,33,2,5,1,5,12190,121,9000,3,4,1,1,1,800106,1000000
2024JP0005625,1,304.62,34,1,3,1,6,10121,101,9920,3,3,1,5,1,800105,1000000
2024JP0005626,1,304.62,2,2,3,1,2,7633,76,0,0,6,1,5,1,800106,1000000
2024JP0005627,1,304.62,33,2,4,1,15,72774,501,5000,1,1,1,1,1,800109,1000000
2024JP0005628,1,304.62,33,2,2,1,9,31226,312,5000,1,1,1,1,1,800106,1000000
2024JP0005629,1,304.62,39,1,1,1,7,2801,28,9800,6,2,1,1,1,800106,1000000
2024JP0005630,1,304.62,41,1,7,1,15,128659,501,2000,1,1,1,1,1,800102,1000000
2024JP0005631,1,304.62,14,1,6,1,4,4745,47,0,0,6,1,5,1,800106,1000000
2024JP0005632,1,304.62,19,2,4,1,16,21633,216,5000,4,1,1,1,1,800109,1000000
2024JP0005633,1,304.62,36,2,5,1,9,16329,163,1000,1,1,1,1,1,800102,1000000
2024JP0005634,1,304.62,14,2,4,1,4,339,3,0,0,6,1,5,1,800105,1000000
2024JP0005635,1,304.62,29,1,2,1,6,7425,74,7000,3,5,1,1,1,800104,1000000
2024JP0005636,1,304.62,26,1,5,1,9,8921,89,5000,4,1,1,5,1,800102,1000000
2024JP0005637,1,304.62,79,1,3,1,5,2772,27,0,0,6,1,1,1,800105,1000000
2024JP0005638,1,304.62,29,2,1,1,9,10961,109,2000,1,1,1,5,1,800104,1000000
2024JP0005639,1,304.62,44,2,4,1,13,36199,361,9800,3,2,1,1,1,800108,1000000
2024JP0005640,1,304.62,38,2,3,1,14,58042,501,5000,3,3,1,1,1,800108,1000000
2024JP0005641,1,304.62,8,1,5,1,8,824,8,0,0,6,1,5,1,800104,1000000
2024JP0005642,1,304.62,44,1,1,1,11,6840,68,8000,3,1,1,1,1,800106,1000000
2024JP0005643,1,304.62,16,1,5,1,14,12179,121,0,0,6,1,5,1,800109,1000000
2024JP0005644,1,304.62,10,1,2,1,2,1054,10,0,0,6,1,5,1,800102,1000000
2024JP0005645,1,304.62,0,1,5,1,9,8003,80,0,0,6,1,5,1,800102,1000000
2024JP0005646,1,304.62,15,2,2,1,18,17666,176,0,0,6,1,5,1,800102,1000000
2024JP0005647,1,304.62,29,2,6,1,8,9597,95,9800,1,1,1,1,1,800103,1000000
2024JP0005648,1,304.62,77,1,1,1,8,4186,41,0,0,6,1,1,1,800108,1000000
2024JP0005649,1,304.62,29,1,1,1,10,15441,154,5000,4,1,5,5,1,800104,1000000
2024JP0005650,1,304.62,19,2,5,1,14,3194,31,6000,1,1,1,5,1,800102,1000000
2024JP0005651,1,304.62,10,2,4,1,4,2805,28,0,0,6,1,5,1,800105,1000000
2024JP0005652,1,304.62,26,2,2,1,10,16067,160,2000,2,1,2,5,1,800101,1000000
2024JP0005653,1,304.62,30,2,6,1,11,58030,501,4000,2,1,1,1,1,800102,1000000
2024JP0005654,1,304.62,33,1,1,1,8,2699,26,7000,3,1,1,1,1,800104,1000000
2024JP0005655,1,304.62,39,2,3,1,10,6847,68,4000,1,3,1,1,1,800106,1000000
2024JP0005656,1,304.62,12,1,1,1,4,1819,18,0,0,6,1,5,1,800100,1000000
2024JP0005657,1,304.62,43,2,7,1,6,3538,35,9920,3,1,1,1,1,800101,1000000
2024JP0005658,1,304.62,37,1,8,1,13,18934,189,5000,1,1,1,1,1,800109,1000000
2024JP0005659,1,304.62,7,1,2,1,2,1410,14,0,0,6,1,5,1,800101,1000000
2024JP0005660,1,304.62,16,2,6,1,14,9358,93,0,0,6,1,5,1,800100,1000000
2024JP0005661,1,304.62,68,1,4,1,5,1461,14,7000,1,1,1,5,1,800102,1000000
2024JP0005662,1,304.62,35,1,8,1,10,22073,220,6000,1,1,1,1,1,800109,1000000
2024JP0005663,1,304.62,31,2,2,1,8,11129,111,5000,6,1,1,5,1,800104,1000000
2024JP0005664,1,304.62,40,2,2,1,11,32342,323,5000,1,1,1,1,1,800106,1000000
2024JP0005665,1,304.62,1,1,2,1,6,2367,23,0,0,6,1,5,1,800102,1000000
2024JP0005666,1,304.62,59,2,1,1,5,1356,13,5000,3,1,1,1,1,800100,1000000
2024JP0005667,1,304.62,8,1,1,1,3,2672,26,0,0,6,1,5,1,800101,1000000
2024JP0005668,1,304.62,85,1,2,1,7,5021,50,0,0,6,1,2,1,800106,1000000
2024JP0005669,1,304.62,55,2,1,1,6,7930,79,9800,1,1,1,1,1,800107,1000000
2024JP0005670,1,304.62,26,2,2,1,14,16236,162,2000,3,1,1,5,1,800100,1000000
2024JP0005671,1,304.62,56,2,5,1,5,1460,14,9800,3,1,1,1,1,800104,1000000
2024JP0005672,1,304.62,20,2,7,1,18,17720,177,6000,4,4,1,5,1,800100,1000000
2024JP0005673,1,304.62,35,2,1,1,12,19799,197,1000,3,1,1,1,1,800100,1000000
2024JP0005674,1,304.62,28,1,2,1,9,5207,52,7000,3,1,1,1,1,800106,1000000
2024JP0005675,1,304.62,33,2,2,1,9,20061,200,5000,4,1,1,1,1,800109,1000000
2024JP0005676,1,304.62,12,1,6,1,3,1037,10,0,0,6,1,5,1,800105,1000000
2024JP0005677,1,304.62,41,2,6,1,13,15579,155,2000,2,1,1,5,1,800106,1000000
2024JP0005678,1,304.62,5,2,7,1,6,2708,27,0,0,6,1,5,1,800100,1000000
2024JP0005679,1,304.62,2,2,1,1,1,2836,28,0,0,6,1,5,1,800103,1000000
2024JP0005680,1,304.62,41,2,1,1,6,4155,41,8000,1,1,1,1,1,800105,1000000
2024JP0005681,1,304.62,57,2,4,1,6,5500,55,9920,1,4,1,1,1,800100,1000000
2024JP0005682,1,304.62,0,2,7,1,9,12531,125,0,0,6,1,5,1,800106,1000000
2024JP0005683,1,304.62,32,1,5,1,7,16626,166,7000,1,1,1,5,1,800102,1000000
2024JP0005684,1,304.62,42,1,1,1,8,10575,105,5000,3,2,1,1,1,800109,1000000
2024JP0005685,1,304.62,23,1,6,1,10,18870,188,6000,1,1,1,5,1,800103,1000000
2024JP0005686,1,304.62,37,2,5,1,7,1244,12,9800,1,2,1,1,1,800105,1000000
2024JP0005687,1,304.62,22,1,1,1,16,67448,501,6000,6,3,1,1,1,800104,1000000
2024JP0005688,1,304.62,20,1,1,1,18,17744,177,5000,4,1,1,5,1,800109,1000000
2024JP0005689,1,304.62,33,1,2,1,9,8507,85,9000,6,1,1,5,1,800104,1000000
2024JP0005690,1,304.62,1,2,2,1,5,1299,12,0,0,6,1,5,1,800101,1000000
2024JP0005691,1,304.62,37,1,3,1,10,47672,476,2000,3,2,1,1,1,800107,1000000
2024JP0005692,1,304.62,21,2,4,1,15,25013,250,4000,2,1,1,5,1,800109,1000000
2024JP0005693,1,304.62,12,2,8,1,3,3604,36,0,0,6,1,5,1,800100,1000000
2024JP0005694,1,304.62,23,1,6,1,11,11943,119,4000,1,1,1,5,1,800101,1000000
2024JP0005695,1,304.62,19,2,6,1,14,16927,169,2000,3,1,1,5,1,800105,1000000
2024JP0005696,1,304.62,12,2,6,1,4,4442,44,0,0,6,1,5,1,800106,1000000
2024JP0005697,1,304.62,5,1,2,1,1,1013,10,0,0,6,1,5,1,800108,1000000
2024JP0005698,1,304.62,42,2,6,1,11,30430,304,5000,1,1,1,1,1,800101,1000000
2024JP0005699,1,304.62,29,1,3,1,6,2481,24,9800,6,1,1,1,1,800108,1000000
2024JP0005700,1,304.62,27,1,6,1,10,8880,88,8000,4,1,1,1,1,800105,1000000
2024JP0005701,1,304.62,21,2,3,1,15,26556,265,3000,1,1,1,5,1,800109,1000000
2024JP0005702,1,304.62,36,2,9,1,9,97906,501,5000,1,1,1,1,1,800107,1000000
2024JP0005703,1,304.62,5,2,4,1,6,336,3,0,0,6,1,5,1,800107,1000000
2024JP0005704,1,304.62,22,2,1,1,11,25246,252,3000,3,1,1,1,1,800100,1000000
2024JP0005705,1,304.62,87,2,1,1,5,7654,76,0,0,6,1,4,1,800102,1000000
2024JP0005706,1,304.62,3,2,3,1,2,12889,128,0,0,6,1,5,1,800107,1000000
2024JP0005707,1,304.62,17,1,5,1,13,5489,54,0,0,6,1,5,1,800104,1000000
2024JP0005708,1,304.62,35,1,4,1,5,3127,31,9920,4,1,1,1,1,800101,1000000
2024JP0005709,1,304.62,2,1,6,1,4,1291,12,0,0,6,1,5,1,800102,1000000
2024JP0005710,1,304.62,36,2,5,1,7,3488,34,7000,1,1,1,1,1,800107,1000000
2024JP0005711,1,304.62,14,1,3,1,2,1365,13,0,0,6,1,5,1,800100,1000000
2024JP0005712,1,304.62,25,2,2,1,8,2858,28,7000,4,1,1,5,1,800105,1000000
2024JP0005713,1,304.62,23,1,4,1,15,34747,347,6000,1,1,1,1,1,800108,1000000
2024JP0005714,1,304.62,6,2,5,1,4,20465,204,0,0,6,1,5,1,800103,1000000
2024JP0005715,1,304.62,52,2,7,1,11,21186,211,5000,4,1,1,1,1,800107,1000000
2024JP0005716,1,304.62,58,1,1,1,10,29138,291,9000,4,1,1,1,2,800103,1000000
2024JP0005717,1,304.62,17,2,3,1,15,9731,97,0,0,6,1,5,1,800100,1000000
2024JP0005718,1,304.62,34,1,6,1,12,13670,136,6000,6,1,2,1,1,800102,1000000
2024JP0005719,1,304.62,26,2,4,1,6,8921,89,9920,3,1,1,1,1,800108,1000000
2024JP0005720,1,304.62,71,2,3,1,6,4719,47,0,0,6,1,1,1,800105,1000000
2024JP0005721,1,304.62,6,1,2,1,2,2275,22,0,0,6,1,5,1,800104,1000000
2024JP0005722,1,304.62,12,1,3,1,4,1644,16,0,0,6,1,5,1,800104,1000000
2024JP0005723,1,304.62,20,2,9,1,17,25170,251,1000,1,1,1,5,1,800104,1000000
2024JP0005724,1,304.62,6,1,4,1,5,13038,130,0,0,6,1,5,1,800107,1000000
2024JP0005725,1,304.62,27,1,6,1,15,36682,366,5000,3,1,1,5,1,800100,1000000
2024JP0005726,1,304.62,93,1,6,1,9,2336,23,0,0,6,1,5,1,800102,1000000
2024JP0005727,1,304.62,5,1,4,1,2,2860,28,0,0,6,1,5,1,800106,1000000
2024JP0005728,1,304.62,9,1,4,1,4,4829,48,0,0,6,1,5,1,800100,1000000
2024JP0005729,1,304.62,38,1,4,1,8,2542,25,9920,4,1,1,1,1,800101,1000000
2024JP0005730,1,304.62,2,2,3,1,8,792,7,0,0,6,1,5,1,800108,1000000
2024JP0005731,1,304.62,48,1,3,1,13,16959,169,6000,1,1,1,1,1,800104,1000000
2024JP0005732,1,304.62,21,2,4,1,17,18147,181,6000,1,1,1,5,1,800108,1000000
2024JP0005733,1,304.62,71,1,6,1,8,6790,67,0,0,6,1,1,2,800100,1000000
2024JP0005734,1,304.62,30,1,2,1,11,19284,192,8000,3,1,1,5,1,800101,1000000
2024JP0005735,1,304.62,24,1,5,1,13,8557,85,2000,1,1,1,5,1,800106,1000000
2024JP0005736,1,304.62,31,1,6,1,11,27757,277,6000,1,1,1,1,1,800101,1000000
2024JP0005737,1,304.62,27,2,8,1,15,43626,436,6000,1,1,1,1,1,800109,1000000
2024JP0005738,1,304.62,27,2,7,1,7,5219,52,7000,6,2,1,1,1,800100,1000000
2024JP0005739,1,304.62,87,2,1,1,6,5446,54,0,0,6,1,1,1,800107,1000000
2024JP0005740,1,304.62,31,1,6,1,13,4996,49,6000,3,1,1,1,1,800104,1000000
2024JP0005741,1,304.62,7,2,5,1,1,2191,21,0,0,6,1,5,1,800109,1000000
2024JP0005742,1,304.62,57,2,6,1,7,12584,125,9000,3,4,1,1,1,800105,1000000
2024JP0005743,1,304.62,43,2,3,1,12,15643,156,5000,4,1,1,1,1,800104,1000000
2024JP0005744,1,304.62,11,1,3,1,7,4099,40,0,0,6,1,5,1,800101,1000000
2024JP0005745,1,304.62,24,2,3,1,13,4398,43,6000,4,3,1,5,1,800105,1000000
2024JP0005746,1,304.62,32,1,4,1,12,28600,286,9000,4,1,1,2,1,800105,1000000
2024JP0005747,1,304.62,20,2,1,1,11,5307,53,7000,3,1,1,5,1,800101,1000000
2024JP0005748,1,304.62,30,2,1,1,7,5437,54,5000,1,1,1,1,1,800108,1000000
2024JP0005749,1,304.62,53,1,3,1,5,13245,132,7000,1,1,1,1,1,800105,1000000
2024JP0005750,1,304.62,38,1,7,1,7,24008,240,9800,1,1,1,1,1,800106,1000000
2024JP0005751,1,304.62,45,2,8,1,9,5608,56,5000,1,1,1,2,1,800105,1000000
2024JP0005752,1,304.62,53,2,4,1,11,11083,110,5000,3,2,1,1,1,800102,1000000
2024JP0005753,1,304.62,19,1,6,1,15,26494,264,4000,3,1,1,5,1,800107,1000000
2024JP0005754,1,304.62,3,1,1,1,5,8721,87,0,0,6,1,5,1,800103,1000000
2024JP0005755,1,304.62,23,2,6,1,17,19627,196,4000,2,1,1,1,1,800104,1000000
2024JP0005756,1,304.62,23,2,4,1,12,8171,81,7000,6,1,1,5,1,800106,1000000
2024JP0005757,1,304.62,95,2,8,1,8,997,9,0,0,6,1,5,1,800106,1000000
2024JP0005758,1,304.62,89,1,4,1,8,4353,43,0,0,6,1,1,1,800106,1000000
2024JP0005759,1,304.62,39,1,9,1,7,6869,68,9920,3,1,1,1,1,800105,1000000
2024JP0005760,1,304.62,61,2,4,1,6,9295,92,7000,1,5,1,5,1,800102,1000000
2024JP0005761,1,304.62,29,1,2,1,8,11885,118,7000,3,1,1,1,1,800101,1000000
2024JP0005762,1,304.62,24,1,1,1,12,4184,41,5000,4,2,1,1,1,800103,1000000
2024JP0005763,1,304.62,30,1,2,1,7,3038,30,9920,4,1,1,1,1,800101,1000000
2024JP0005764,1,304.62,5,2,4,1,7,1377,13,0,0,6,1,5,1,800108,1000000
2024JP0005765,1,304.62,9,1,2,1,1,2673,26,0,0,6,1,5,1,800104,1000000
2024JP0005766,1,304.62,21,1,8,1,14,14706,147,7000,1,1,1,5,1,800101,1000000
2024JP0005767,1,304.62,17,1,4,1,16,7982,79,0,0,6,1,5,1,800106,1000000
2024JP0005768,1,304.62,12,2,9,1,3,2069,20,0,0,6,1,5,2,800106,1000000
2024JP0005769,1,304.62,14,1,7,1,4,5810,58,0,0,6,1,5,1,800104,1000000
2024JP0005770,1,304.62,6,2,4,1,5,12515,125,0,0,6,1,5,1,800108,1000000
2024JP0005771,1,304.62,32,1,7,1,9,34145,341,2000,2,3,1,3,1,800101,1000000
2024JP0005772,1,304.62,15,2,2,1,13,7222,72,0,0,6,1,5,1,800109,1000000
2024JP0005773,1,304.62,4,1,6,1,3,3000,30,0,0,6,1,5,1,800102,1000000
2024JP0005774,1,304.62,51,2,2,1,10,25948,259,7000,1,1,1,1,1,800105,1000000
2024JP0005775,1,304.62,11,1,4,1,1,3237,32,0,0,6,1,5,1,800104,1000000
2024JP0005776,1,304.62,5,2,4,1,2,1303,13,0,0,6,1,5,1,800109,1000000
2024JP0005777,1,304.62,5,1,7,1,5,1873,18,0,0,6,1,5,1,800104,1000000
2024JP0005778,1,304.62,15,2,1,1,14,6920,69,0,0,6,1,5,1,800100,1000000
2024JP0005779,1,304.62,9,2,6,1,5,599,5,0,0,6,1,5,1,800100,1000000
2024JP0005780,1,304.62,33,2,2,1,10,37693,376,9000,1,1,1,1,1,800107,1000000
2024JP0005781,1,304.62,59,2,6,1,7,8053,80,5000,1,1,1,2,1,800105,1000000
2024JP0005782,1,304.62,24,1,1,1,15,116279,501,5000,1,1,1,1,1,800106,1000000
2024JP0005783,1,304.62,59,1,6,1,9,33020,330,5000,3,1,1,2,1,800100,1000000
2024JP0005784,1,304.62,31,1,6,1,7,9897,98,6000,3,1,1,1,1,800101,1000000
2024JP0005785,1,304.62,26,2,3,1,6,3707,37,5000,1,1,1,1,1,800105,1000000
2024JP0005786,1,304.62,36,1,6,1,7,7056,70,7000,1,1,1,3,1,800102,1000000
2024JP0005787,1,304.62,55,2,6,1,7,5314,53,9800,3,1,1,2,1,800107,1000000
2024JP0005788,1,304.62,24,1,3,1,14,14512,145,2000,1,1,1,1,1,800106,1000000
2024JP0005789,1,304.62,50,2,2,1,8,5971,59,8000,6,1,1,5,1,800102,1000000
2024JP0005790,1,304.62,7,2,3,1,7,1611,16,0,0,6,1,5,1,800100,1000000
2024JP0005791,1,304.62,21,1,4,1,16,9211,92,6000,1,1,1,5,1,800106,1000000
2024JP0005792,1,304.62,14,2,4,1,2,2920,29,0,0,6,1,5,1,800101,1000000
2024JP0005793,1,304.62,22,2,4,1,15,38368,383,6000,3,1,1,1,1,800103,1000000
2024JP0005794,1,304.62,64,1,2,1,5,3166,31,9800,1,3,1,1,1,800105,1000000
2024JP0005795,1,304.62,18,2,9,1,17,7211,72,6000,1,1,1,5,1,800104,1000000
2024JP0005796,1,304.62,4,2,8,1,1,1788,17,0,0,6,1,5,1,800104,1000000
2024JP0005797,1,304.62,30,1,4,1,9,23424,234,2000,1,1,1,1,1,800107,1000000
2024JP0005798,1,304.62,41,2,5,1,9,10499,104,7000,3,1,1,1,1,800107,1000000
2024JP0005799,1,304.62,31,2,2,1,7,2527,25,5000,3,1,1,1,1,800104,1000000
2024JP0005800,1,304.62,16,2,6,1,17,13912,139,0,0,6,1,5,1,800100,1000000
2024JP0005801,1,304.62,34,1,1,1,5,16767,167,5000,6,1,1,1,1,800109,1000000
2024JP0005802,1,304.62,69,1,7,1,8,4536,45,5000,6,4,1,3,1,800105,1000000
2024JP0005803,1,304.62,2,1,1,1,9,12726,127,0,0,6,1,5,1,800107,1000000
2024JP0005804,1,304.62,36,2,2,1,11,16474,164,9000,1,1,1,1,1,800107,1000000
2024JP0005805,1,304.62,21,1,1,1,12,4164,41,1000,1,1,1,5,1,800105,1000000
2024JP0005806,1,304.62,36,2,1,1,10,7991,79,6000,3,1,1,1,1,800103,1000000
2024JP0005807,1,304.62,1,2,5,1,2,1009,10,0,0,6,1,5,1,800109,1000000
2024JP0005808,1,304.62,20,2,7,1,10,5007,50,7000,1,2,1,5,1,800109,1000000
2024JP0005809,1,304.62,24,1,2,1,15,66013,501,2000,3,4,1,5,1,800107,1000000
2024JP0005810,1,304.62,51,1,4,1,14,13969,139,9800,1,1,1,5,1,800106,1000000
2024JP0005811,1,304.62,25,2,3,1,10,9886,98,2000,1,1,1,5,1,800108,1000000
2024JP0005812,1,304.62,3,2,2,1,3,841,8,0,0,6,1,5,1,800108,1000000
2024JP0005813,1,304.62,19,1,6,1,15,27299,272,2000,1,2,1,5,1,800105,1000000
2024JP0005814,1,304.62,21,2,1,1,12,6796,67,4000,2,1,1,5,1,800104,1000000
2024JP0005815,1,304.62,34,2,1,1,5,24187,241,5000,1,1,2,1,1,800103,1000000
2024JP0005816,1,304.62,4,2,7,1,1,3199,31,0,0,6,1,5,1,800103,1000000
2024JP0005817,1,304.62,16,1,1,1,16,11179,111,0,0,6,1,5,1,800104,1000000
2024JP0005818,1,304.62,13,1,3,1,1,15768,157,0,0,6,1,5,1,800104,1000000
2024JP0005819,1,304.62,16,1,9,1,16,4257,42,0,0,6,1,5,1,800108,1000000
2024JP0005820,1,304.62,31,1,3,1,6,5439,54,6000,6,1,1,1,1,800102,1000000
2024JP0005821,1,304.62,51,2,3,1,7,4193,41,8000,1,1,1,2,1,800101,1000000
2024JP0005822,1,304.62,32,1,1,1,8,1871,18,5000,1,3,1,1,1,800106,1000000
2024JP0005823,1,304.62,22,1,7,1,18,48959,489,5000,4,1,1,5,1,800105,1000000
2024JP0005824,1,304.62,4,2,3,1,5,1455,14,0,0,6,1,5,1,800102,1000000
2024JP0005825,1,304.62,96,2,2,1,8,2070,20,0,0,6,1,1,1,800104,1000000
2024JP0005826,1,304.62,65,1,4,1,9,23686,236,9000,1,1,1,5,1,800103,1000000
2024JP0005827,1,304.62,60,2,5,1,6,5274,52,7000,4,1,1,1,1,800106,1000000
2024JP0005828,1,304.62,29,1,1,1,5,22622,226,5000,3,5,1,5,1,800106,1000000
2024JP0005829,1,304.62,16,1,6,1,11,4178,41,0,0,6,1,5,1,800106,1000000
2024JP0005830,1,304.62,14,2,4,1,1,1291,12,0,0,6,1,5,1,800105,1000000
2024JP0005831,1,304.62,32,1,1,1,12,63458,501,6000,4,1,1,1,1,800108,1000000
2024JP0005832,1,304.62,22,1,1,1,18,23887,238,2000,3,1,1,1,1,800102,1000000
2024JP0005833,1,304.62,11,2,1,1,4,3204,32,0,0,6,1,5,1,800101,1000000
2024JP0005834,1,304.62,52,2,4,1,7,3523,35,5000,6,1,1,1,1,800103,1000000
2024JP0005835,1,304.62,2,1,6,1,1,9477,94,0,0,6,1,5,1,800104,1000000
2024JP0005836,1,304.62,12,1,5,1,4,6052,60,0,0,6,1,5,1,800100,1000000
2024JP0005837,1,304.62,19,1,1,1,16,8305,83,4000,3,5,1,1,1,800102,1000000
2024JP0005838,1,304.62,42,1,1,1,10,18214,182,8000,6,2,1,1,1,800103,1000000
2024JP0005839,1,304.62,27,2,8,1,5,11433,114,9920,3,1,1,5,1,800100,1000000
2024JP0005840,1,304.62,33,2,3,1,8,1911,19,9000,3,1,1,1,1,800102,1000000
2024JP0005841,1,304.62,28,1,2,1,7,10073,100,6000,4,1,1,1,1,800103,1000000
2024JP0005842,1,304.62,15,2,9,1,17,5343,53,0,0,6,1,5,1,800103,1000000
2024JP0005843,1,304.62,10,2,5,1,1,3773,37,0,0,6,1,5,1,800102,1000000
2024JP0005844,1,304.62,6,1,6,1,3,4506,45,0,0,6,1,5,1,800109,1000000
2024JP0005845,1,304.62,60,2,7,1,8,18093,180,9000,6,1,1,5,1,800105,1000000
2024JP0005846,1,304.62,8,1,3,1,1,7529,75,0,0,6,1,5,1,800105,1000000
2024JP0005847,1,304.62,41,2,3,1,7,7521,75,6000,3,1,1,2,1,800106,1000000
2024JP0005848,1,304.62,41,1,1,1,7,4874,48,6000,4,1,1,1,1,800105,1000000
2024JP0005849,1,304.62,32,1,7,1,6,1250,12,6000,3,1,1,1,1,800105,1000000
2024JP0005850,1,304.62,13,1,1,1,6,4664,46,0,0,6,1,5,1,800104,1000000
2024JP0005851,1,304.62,4,2,6,1,6,545,5,0,0,6,1,5,1,800108,1000000
2024JP0005852,1,304.62,9,2,2,1,5,951,9,0,0,6,1,5,1,800107,1000000
2024JP0005853,1,304.62,84,1,3,1,5,2417,24,0,0,6,1,1,1,800107,1000000
2024JP0005854,1,304.62,14,2,6,1,2,1300,13,0,0,6,1,5,1,800100,1000000
2024JP0005855,1,304.62,18,1,1,1,11,9496,94,3000,3,1,1,1,1,800104,1000000
2024JP0005856,1,304.62,24,2,2,1,12,13566,135,6000,1,1,1,1,1,800101,1000000
2024JP0005857,1,304.62,9,1,1,1,8,4016,40,0,0,6,1,5,1,800109,1000000
2024JP0005858,1,304.62,28,1,4,1,11,9629,96,2000,1,1,1,1,1,800106,1000000
2024JP0005859,1,304.62,23,2,3,1,14,13696,136,6000,1,1,1,5,1,800109,1000000
2024JP0005860,1,304.62,35,2,4,1,9,7171,71,8000,1,1,1,1,1,800108,1000000
2024JP0005861,1,304.62,40,1,6,1,5,30271,302,9920,1,5,1,1,1,800101,1000000
2024JP0005862,1,304.62,32,2,5,1,11,5062,50,9000,3,1,1,1,1,800105,1000000
2024JP0005863,1,304.62,28,2,3,1,11,5888,58,8000,4,5,1,1,1,800109,1000000
2024JP0005864,1,304.62,31,1,1,1,9,24722,247,5000,1,1,1,1,1,800104,1000000
2024JP0005865,1,304.62,37,1,3,1,6,82684,501,9800,3,1,1,1,1,800101,1000000
2024JP0005866,1,304.62,34,2,2,1,10,26457,264,7000,1,2,1,1,1,800102,1000000
2024JP0005867,1,304.62,69,2,3,1,5,1371,13,6000,6,1,1,1,1,800108,1000000
2024JP0005868,1,304.62,29,1,5,1,11,19928,199,7000,6,1,1,1,1,800103,1000000
2024JP0005869,1,304.62,54,1,1,1,5,37439,374,5000,3,1,1,1,1,800105,1000000
2024JP0005870,1,304.62,90,2,2,1,8,8166,81,0,0,6,1,1,1,800106,1000000
2024JP0005871,1,304.62,20,1,2,1,14,15237,152,6000,4,1,1,5,1,800100,1000000
2024JP0005872,1,304.62,52,1,1,1,6,11006,110,6000,4,1,5,5,1,800104,1000000
2024JP0005873,1,304.62,36,1,1,1,6,6216,62,5000,3,1,1,1,1,800100,1000000
2024JP0005874,1,304.62,10,2,2,1,6,2547,25,0,0,6,1,5,1,800101,1000000
2024JP0005875,1,304.62,31,2,3,1,13,25668,256,6000,1,5,1,5,1,800100,1000000
2024JP0005876,1,304.62,35,1,6,1,7,5252,52,9920,1,1,2,1,1,800109,1000000
2024JP0005877,1,304.62,14,1,1,1,7,5392,53,0,0,6,1,5,1,800104,1000000
2024JP0005878,1,304.62,15,2,7,1,14,13077,130,0,0,6,1,5,1,800101,1000000
2024JP0005879,1,304.62,30,2,1,1,13,8898,88,9000,1,1,1,1,1,800102,1000000
2024JP0005880,1,304.62,8,1,2,1,3,1245,12,0,0,6,1,5,1,800101,1000000
2024JP0005881,1,304.62,7,1,5,1,5,720,7,0,0,6,1,5,1,800106,1000000
2024JP0005882,1,304.62,6,1,3,1,6,1668,16,0,0,6,1,5,1,800102,1000000
2024JP0005883,1,304.62,19,2,6,1,17,42567,425,3000,1,3,1,1,1,800100,1000000
2024JP0005884,1,304.62,25,2,1,1,6,5325,53,6000,1,1,1,1,1,800106,1000000
2024JP0005885,1,304.62,17,2,1,1,11,14354,143,0,0,6,1,5,1,800109,1000000
2024JP0005886,1,304.62,27,1,9,1,9,21594,215,3000,3,5,1,1,1,800106,1000000
2024JP0005887,1,304.62,5,1,6,1,3,1103,11,0,0,6,1,5,1,800103,1000000
2024JP0005888,1,304.62,25,1,6,1,6,9857,98,6000,4,1,1,1,1,800103,1000000
2024JP0005889,1,304.62,85,1,5,1,5,696,6,0,0,6,1,1,1,800102,1000000
2024JP0005890,1,304.62,31,1,7,1,5,7194,71,7000,4,3,1,1,1,800100,1000000
2024JP0005891,1,304.62,58,2,3,1,11,17873,178,6000,3,1,1,5,1,800100,1000000
2024JP0005892,1,304.62,14,1,5,1,4,1973,19,0,0,6,1,5,1,800109,1000000
2024JP0005893,1,304.62,8,1,2,1,4,4805,48,0,0,6,1,5,1,800103,1000000
2024JP0005894,1,304.62,2,2,6,1,1,7075,70,0,0,6,1,5,1,800100,1000000
2024JP0005895,1,304.62,5,1,2,1,4,2271,22,0,0,6,1,5,1,800105,1000000
2024JP0005896,1,304.62,25,2,5,1,6,2582,25,6000,1,1,1,1,1,800103,1000000
2024JP0005897,1,304.62,26,1,2,1,10,8312,83,4000,2,1,1,1,1,800107,1000000
2024JP0005898,1,304.62,39,1,4,1,9,35028,350,5000,3,1,1,1,1,800108,1000000
2024JP0005899,1,304.62,23,1,6,1,13,7158,71,6000,1,1,1,5,1,800107,1000000
2024JP0005900,1,304.62,24,1,1,1,13,4990,49,6000,6,1,1,1,1,800109,1000000
2024JP0005901,1,304.62,14,2,1,1,4,1699,16,0,0,6,1,5,1,800108,1000000
2024JP0005902,1,304.62,43,1,2,1,9,34766,347,2000,1,1,1,1,1,800102,1000000
2024JP0005903,1,304.62,4,1,6,1,7,2573,25,0,0,6,1,5,1,800108,1000000
2024JP0005904,1,304.62,19,1,4,1,14,4711,47,5000,3,1,1,5,1,800103,1000000
2024JP0005905,1,304.62,9,2,1,1,1,1312,13,0,0,6,1,5,1,800101,1000000
2024JP0005906,1,304.62,43,1,6,1,7,4404,44,6000,4,1,1,1,1,800105,1000000
2024JP0005907,1,304.62,34,2,4,1,13,14335,143,6000,6,1,1,1,1,800105,1000000
2024JP0005908,1,304.62,16,2,2,1,14,7006,70,0,0,6,1,5,1,800103,1000000
2024JP0005909,1,304.62,31,1,2,1,9,10700,107,5000,3,1,1,1,1,800104,1000000
2024JP0005910,1,304.62,3,2,7,1,4,8941,89,0,0,6,1,5,1,800101,1000000
2024JP0005911,1,304.62,16,2,4,1,14,12900,129,0,0,6,1,5,1,800100,1000000
2024JP0005912,1,304.62,0,1,6,1,1,1756,17,0,0,6,1,5,1,800100,1000000
2024JP0005913,1,304.62,37,2,5,1,13,55634,501,2000,1,1,1,1,1,800104,1000000
2024JP0005914,1,304.62,20,1,9,1,13,2750,27,4000,3,1,5,1,1,800102,1000000
2024JP0005915,1,304.62,52,2,2,1,15,35548,355,5000,1,1,1,5,1,800100,1000000
2024JP0005916,1,304.62,12,1,1,1,1,704,7,0,0,6,1,5,1,800106,1000000
2024JP0005917,1,304.62,16,1,3,1,16,21772,217,0,0,6,1,5,1,800106,1000000
2024JP0005918,1,304.62,20,1,2,1,15,6436,64,4000,2,1,1,5,1,800105,1000000
2024JP0005919,1,304.62,59,1,1,1,5,18363,183,9800,3,1,1,1,1,800105,1000000
2024JP0005920,1,304.62,24,2,6,1,12,32514,325,5000,3,1,1,1,1,800109,1000000
2024JP0005921,1,304.62,37,1,2,1,10,25023,250,7000,1,1,1,1,1,800108,1000000
2024JP0005922,1,304.62,7,2,2,1,4,3653,36,0,0,6,1,5,1,800104,1000000
2024JP0005923,1,304.62,31,1,3,1,9,17121,171,7000,1,2,1,1,1,800106,1000000
2024JP0005924,1,304.62,12,2,9,1,3,1270,12,0,0,6,1,5,1,800109,1000000
2024JP0005925,1,304.62,44,1,2,1,9,30150,301,6000,4,4,1,1,1,800106,1000000
2024JP0005926,1,304.62,23,2,6,1,12,8208,82,6000,1,1,1,5,1,800105,1000000
2024JP0005927,1,304.62,8,1,1,1,6,1245,12,0,0,6,1,5,1,800109,1000000
2024JP0005928,1,304.62,0,1,7,1,5,1330,13,0,0,6,1,5,1,800100,1000000
2024JP0005929,1,304.62,37,1,2,1,15,41446,414,5000,4,1,1,1,1,800104,1000000
2024JP0005930,1,304.62,8,2,4,1,3,1446,14,0,0,6,1,5,1,800100,1000000
2024JP0005931,1,304.62,17,2,1,1,12,3838,38,0,0,6,1,5,1,800109,1000000
2024JP0005932,1,304.62,55,1,3,1,8,6235,62,5000,1,2,1,1,1,800100,1000000
2024JP0005933,1,304.62,29,2,2,1,6,3724,37,7000,4,1,1,1,1,800105,1000000
2024JP0005934,1,304.62,24,1,5,1,14,8119,81,2000,1,1,1,5,1,800103,1000000
2024JP0005935,1,304.62,21,2,6,1,13,1398,13,1000,1,1,1,5,1,800102,1000000
2024JP0005936,1,304.62,2,2,1,1,2,1447,14,0,0,6,1,5,1,800109,1000000
2024JP0005937,1,304.62,21,1,8,1,14,624,6,2000,1,1,1,5,1,800103,1000000
2024JP0005938,1,304.62,39,2,4,1,8,9211,92,8000,4,1,1,1,1,800103,1000000
2024JP0005939,1,304.62,20,1,3,1,19,19971,199,3000,1,1,1,5,1,800101,1000000
2024JP0005940,1,304.62,48,1,4,1,11,18451,184,5000,1,1,1,5,1,800103,1000000
2024JP0005941,1,304.62,25,2,2,1,5,8877,88,9920,3,2,1,1,1,800107,1000000
2024JP0005942,1,304.62,19,2,7,1,14,7107,71,2000,1,1,1,5,1,800103,1000000
2024JP0005943,1,304.62,9,1,4,1,1,1568,15,0,0,6,1,5,1,800103,1000000
2024JP0005944,1,304.62,2,2,6,1,5,3032,30,0,0,6,1,5,1,800105,1000000
2024JP0005945,1,304.62,30,1,4,1,12,39528,395,6000,1,1,1,1,1,800105,1000000
2024JP0005946,1,304.62,40,2,3,1,6,2997,29,5000,3,1,1,5,1,800108,1000000
2024JP0005947,1,304.62,12,2,3,1,6,2126,21,0,0,6,1,5,1,800105,1000000
2024JP0005948,1,304.62,81,2,1,1,7,2825,28,0,0,6,1,1,1,800106,1000000
2024JP0005949,1,304.62,25,2,3,1,6,1297,12,9000,6,1,1,1,1,800100,1000000
2024JP0005950,1,304.62,12,1,7,1,2,5104,51,0,0,6,1,5,1,800104,1000000
2024JP0005951,1,304.62,70,2,5,1,5,5957,59,7000,1,1,1,1,1,800109,1000000
2024JP0005952,1,304.62,5,2,7,1,5,3867,38,0,0,6,1,5,1,800101,1000000
2024JP0005953,1,304.62,20,1,6,1,13,11797,117,7000,3,2,1,1,1,800101,1000000
2024JP0005954,1,304.62,8,2,4,1,5,8154,81,0,0,6,1,5,1,800103,1000000
2024JP0005955,1,304.62,12,1,4,1,6,1402,14,0,0,6,1,5,1,800104,1000000
2024JP0005956,1,304.62,30,1,5,1,8,5315,53,9800,3,1,1,1,1,800108,1000000
2024JP0005957,1,304.62,28,1,6,1,10,28080,280,2000,3,1,1,1,1,800106,1000000
2024JP0005958,1,304.62,11,1,6,1,2,656,6,0,0,6,1,5,1,800100,1000000
2024JP0005959,1,304.62,11,1,3,1,1,6072,60,0,0,6,1,5,1,800100,1000000
2024JP0005960,1,304.62,32,1,3,1,10,30118,301,2000,3,1,1,1,1,800100,1000000
2024JP0005961,1,304.62,3,1,4,1,9,6104,61,0,0,6,1,5,1,800109,1000000
2024JP0005962,1,304.62,22,2,4,1,15,22385,223,3000,2,1,1,5,1,800102,1000000
2024JP0005963,1,304.62,2,2,5,1,2,3291,32,0,0,6,1,5,1,800107,1000000
2024JP0005964,1,304.62,9,2,7,1,1,778,7,0,0,6,1,5,1,800101,1000000
2024JP0005965,1,304.62,35,1,4,1,6,5553,55,9000,1,1,1,1,1,800100,1000000
2024JP0005966,1,304.62,26,2,6,1,10,36761,367,9000,4,1,1,5,1,800106,1000000
2024JP0005967,1,304.62,30,2,3,1,7,10175,101,6000,4,1,1,5,1,800100,1000000
2024JP0005968,1,304.62,20,1,1,1,13,6153,61,6000,3,1,1,5,1,800105,1000000
2024JP0005969,1,304.62,33,1,1,1,13,19482,194,8000,3,1,1,1,1,800107,1000000
2024JP0005970,1,304.62,22,1,6,1,15,68110,501,5000,4,5,1,5,1,800109,1000000
2024JP0005971,1,304.62,95,1,5,1,7,5187,51,0,0,6,1,5,1,800108,1000000
2024JP0005972,1,304.62,16,1,1,1,16,25454,254,0,0,6,1,5,1,800108,1000000
2024JP0005973,1,304.62,25,1,8,1,6,3355,33,9800,6,3,1,5,1,800101,1000000
2024JP0005974,1,304.62,11,2,6,1,8,2287,22,0,0,6,1,5,1,800103,1000000
2024JP0005975,1,304.62,22,1,5,1,20,153086,501,4000,3,1,1,1,1,800105,1000000
2024JP0005976,1,304.62,30,1,1,1,6,18179,181,9000,4,5,1,1,1,800101,1000000
2024JP0005977,1,304.62,5,1,6,1,7,5756,57,0,0,6,1,5,1,800101,1000000
2024JP0005978,1,304.62,27,2,3,1,12,14136,141,5000,1,1,1,5,1,800104,1000000
2024JP0005979,1,304.62,42,2,4,1,5,9607,96,6000,1,1,1,1,1,800108,1000000
2024JP0005980,1,304.62,33,2,4,1,9,38922,389,5000,6,1,1,1,1,800103,1000000
2024JP0005981,1,304.62,18,1,1,1,14,2733,27,5000,4,1,1,5,1,800104,1000000
2024JP0005982,1,304.62,0,2,3,1,2,2742,27,0,0,6,1,5,1,800103,1000000
2024JP0005983,1,304.62,22,1,1,1,12,33598,335,5000,3,1,1,5,1,800105,1000000
2024JP0005984,1,304.62,23,1,6,1,17,87585,501,4000,2,3,1,5,1,800105,1000000
2024JP0005985,1,304.62,35,1,3,1,7,4825,48,5000,3,1,1,1,1,800103,1000000
2024JP0005986,1,304.62,4,1,4,1,2,4923,49,0,0,6,1,5,1,800108,1000000
2024JP0005987,1,304.62,19,1,4,1,11,12336,123,5000,4,1,1,5,1,800106,1000000
2024JP0005988,1,304.62,68,2,1,1,5,1843,18,6000,1,1,1,1,1,800101,1000000
2024JP0005989,1,304.62,38,1,3,1,12,24836,248,9000,6,1,1,1,1,800102,1000000
2024JP0005990,1,304.62,38,2,1,1,6,2439,24,9920,4,1,1,5,1,800108,1000000
2024JP0005991,1,304.62,20,1,1,1,15,21269,212,5000,4,1,1,5,1,800108,1000000
2024JP0005992,1,304.62,7,1,1,1,2,2108,21,0,0,6,1,5,1,800107,1000000
2024JP0005993,1,304.62,25,2,5,1,8,5547,55,7000,1,2,1,5,1,800107,1000000
2024JP0005994,1,304.62,21,1,4,1,14,10326,103,9000,4,1,1,5,1,800108,1000000
2024JP0005995,1,304.62,5,1,1,1,5,3249,32,0,0,6,1,5,1,800106,1000000
2024JP0005996,1,304.62,9,1,4,1,3,1376,13,0,0,6,1,5,1,800100,1000000
2024JP0005997,1,304.62,24,2,3,1,15,32817,328,6000,1,1,1,1,1,800101,1000000
2024JP0005998,1,304.62,35,2,1,1,6,29025,290,9800,1,1,1,1,1,800103,1000000
2024JP0005999,1,304.62,2,1,3,1,4,4165,41,0,0,6,1,5,1,800100,1000000
2024JP0006000,1,304.62,22,1,1,1,18,16662,166,5000,1,1,1,5,1,800107,1000000
2024JP0006001,1,304.62,5,2,4,1,2,897,8,0,0,6,1,5,1,800104,1000000
2024JP0006002,1,304.62,26,2,2,1,10,10323,103,9800,3,1,1,1,1,800106,1000000
2024JP0006003,1,304.62,51,2,5,1,7,4048,40,5000,6,1,1,1,1,800106,1000000
2024JP0006004,1,304.62,22,2,7,1,12,7621,76,8000,4,1,1,5,1,800105,1000000
2024JP0006005,1,304.62,2,1,4,1,2,1686,16,0,0,6,1,5,1,800101,1000000
2024JP0006006,1,304.62,39,2,1,1,11,29019,290,7000,4,1,1,1,1,800108,1000000
2024JP0006007,1,304.62,6,2,2,1,3,19085,190,0,0,6,1,5,1,800107,1000000
2024JP0006008,1,304.62,9,1,6,1,4,2663,26,0,0,6,1,5,1,800107,1000000
2024JP0006009,1,304.62,74,2,1,1,5,2688,26,0,0,6,1,1,1,800107,1000000
2024JP0006010,1,304.62,34,2,4,1,12,29697,296,6000,6,1,1,1,1,800103,1000000
2024JP0006011,1,304.62,36,2,2,1,5,6434,64,8000,3,1,1,1,1,800108,1000000
2024JP0006012,1,304.62,84,1,1,1,5,5820,58,0,0,6,1,2,1,800103,1000000
2024JP0006013,1,304.62,26,2,2,1,5,3628,36,8000,1,1,1,1,1,800108,1000000
2024JP0006014,1,304.62,43,2,1,1,10,12396,123,5000,1,1,1,1,1,800109,1000000
2024JP0006015,1,304.62,25,1,2,1,8,18473,184,5000,3,1,1,1,1,800105,1000000
2024JP0006016,1,304.62,20,2,6,1,15,12344,123,6000,1,1,1,5,1,800107,1000000
2024JP0006017,1,304.62,38,2,2,1,9,10212,102,5000,3,1,1,1,1,800101,1000000
2024JP0006018,1,304.62,32,2,4,1,11,33940,339,5000,1,1,1,5,1,800101,1000000
2024JP0006019,1,304.62,31,1,6,1,11,4249,42,8000,1,1,1,2,1,800106,1000000
2024JP0006020,1,304.62,8,1,1,1,7,3330,33,0,0,6,1,5,1,800105,1000000
2024JP0006021,1,304.62,4,2,6,1,6,1404,14,0,0,6,1,5,1,800108,1000000
2024JP0006022,1,304.62,21,1,4,1,11,8051,80,7000,3,1,1,5,1,800104,1000000
2024JP0006023,1,304.62,16,1,2,1,13,3245,32,0,0,6,1,5,1,800108,1000000
2024JP0006024,1,304.62,41,2,5,1,9,18846,188,6000,1,1,1,2,1,800104,1000000
2024JP0006025,1,304.62,39,2,7,1,9,60419,501,6000,6,1,1,1,1,800102,1000000
2024JP0006026,1,304.62,4,2,6,1,4,2654,26,0,0,6,1,5,1,800100,1000000
2024JP0006027,1,304.62,0,2,3,1,3,3648,36,0,0,6,1,5,1,800100,1000000
2024JP0006028,1,304.62,0,2,1,1,2,2475,24,0,0,6,1,5,1,800100,1000000
2024JP0006029,1,304.62,36,1,7,1,9,15475,154,4000,1,1,1,1,1,800109,1000000
2024JP0006030,1,304.62,11,2,6,1,4,1461,14,0,0,6,1,5,1,800105,1000000
2024JP0006031,1,304.62,27,1,6,1,11,34246,342,6000,3,1,1,5,1,800105,1000000
2024JP0006032,1,304.62,14,2,6,1,1,17355,173,0,0,6,1,5,1,800108,1000000
2024JP0006033,1,304.62,44,2,6,1,7,856,8,9920,3,5,1,1,1,800105,1000000
2024JP0006034,1,304.62,9,2,1,1,2,2123,21,0,0,6,1,5,1,800108,1000000
2024JP0006035,1,304.62,24,2,1,1,10,45687,456,9000,1,1,1,1,1,800103,1000000
2024JP0006036,1,304.62,28,2,1,1,7,4476,44,6000,3,1,1,1,1,800105,1000000
2024JP0006037,1,304.62,0,2,2,1,1,3399,33,0,0,6,1,5,1,800100,1000000
2024JP0006038,1,304.62,57,2,2,1,10,32251,322,5000,1,1,1,1,1,800105,1000000
2024JP0006039,1,304.62,8,2,5,1,1,2007,20,0,0,6,1,5,1,800105,1000000
2024JP0006040,1,304.62,3,2,5,1,2,2944,29,0,0,6,1,5,1,800108,1000000
2024JP0006041,1,304.62,3,2,3,1,5,10198,101,0,0,6,1,5,1,800108,1000000
2024JP0006042,1,304.62,25,2,4,1,5,2785,27,7000,6,1,1,1,1,800100,1000000
2024JP0006043,1,304.62,16,2,5,1,15,14860,148,0,0,6,1,5,1,800103,1000000
2024JP0006044,1,304.62,3,1,1,1,1,2454,24,0,0,6,1,5,1,800105,1000000
2024JP0006045,1,304.62,21,1,4,1,10,9367,93,5000,3,1,1,5,1,800102,1000000
2024JP0006046,1,304.62,16,2,2,1,19,71875,501,0,0,6,1,5,1,800108,1000000
2024JP0006047,1,304.62,9,2,3,1,3,2473,24,0,0,6,1,5,1,800107,1000000
2024JP0006048,1,304.62,48,2,1,1,10,12001,120,3000,1,1,1,1,1,800107,1000000
2024JP0006049,1,304.62,35,1,4,1,10,24287,242,2000,1,1,1,1,1,800103,1000000
2024JP0006050,1,304.62,30,1,3,1,8,12869,128,7000,1,1,1,1,1,800103,1000000
2024JP0006051,1,304.62,21,2,1,1,13,4005,40,6000,4,5,1,5,1,800101,1000000
2024JP0006052,1,304.62,42,1,1,1,7,2599,25,8000,1,1,1,1,1,800106,1000000
2024JP0006053,1,304.62,6,1,2,1,4,1040,10,0,0,6,1,5,1,800109,1000000
2024JP0006054,1,304.62,46,2,3,1,7,3760,37,9800,1,1,1,1,1,800108,1000000
2024JP0006055,1,304.62,55,1,4,1,7,7122,71,5000,1,1,1,1,1,800104,1000000
2024JP0006056,1,304.62,32,1,2,1,6,12870,128,9920,3,3,1,1,1,800100,1000000
2024JP0006057,1,304.62,0,1,7,1,5,9142,91,0,0,6,1,5,1,800101,1000000
2024JP0006058,1,304.62,38,2,2,1,7,8906,89,5000,4,1,1,1,1,800107,1000000
2024JP0006059,1,304.62,22,1,6,1,14,30166,301,7000,4,1,1,5,1,800103,1000000
2024JP0006060,1,304.62,39,1,3,1,5,5113,51,9800,1,1,1,1,1,800106,1000000
2024JP0006061,1,304.62,0,2,4,1,1,4071,40,0,0,6,1,5,1,800106,1000000
2024JP0006062,1,304.62,97,1,6,1,7,5101,51,0,0,6,1,1,1,800101,1000000
2024JP0006063,1,304.62,1,1,5,1,6,3876,38,0,0,6,1,5,1,800103,1000000
2024JP0006064,1,304.62,20,1,2,1,16,32608,326,6000,3,1,1,5,1,800101,1000000
2024JP0006065,1,304.62,2,1,6,1,3,1799,17,0,0,6,1,5,1,800105,1000000
2024JP0006066,1,304.62,19,2,6,1,17,38708,387,4000,3,1,1,5,1,800102,1000000
2024JP0006067,1,304.62,21,2,6,1,19,40547,405,4000,1,2,1,5,1,800105,1000000
2024JP0006068,1,304.62,28,2,7,1,8,7530,75,5000,3,1,1,1,1,800109,1000000
2024JP0006069,1,304.62,17,2,1,1,13,35357,353,0,0,6,1,5,1,800103,1000000
2024JP0006070,1,304.62,0,1,1,1,7,2485,24,0,0,6,1,5,1,800103,1000000
2024JP0006071,1,304.62,9,1,1,1,1,1254,12,0,0,6,1,5,1,800104,1000000
2024JP0006072,1,304.62,58,2,4,1,8,9134,91,9800,3,1,1,1,1,800109,1000000
2024JP0006073,1,304.62,7,1,1,1,3,1715,17,0,0,6,1,5,1,800109,1000000
2024JP0006074,1,304.62,22,1,7,1,12,10945,109,6000,1,1,1,5,1,800104,1000000
2024JP0006075,1,304.62,35,1,2,1,8,13533,135,9800,3,1,1,1,1,800100,1000000
2024JP0006076,1,304.62,0,1,6,1,1,4134,41,0,0,6,1,5,1,800101,1000000
2024JP0006077,1,304.62,20,2,4,1,12,11301,113,2000,3,1,1,5,1,800107,1000000
2024JP0006078,1,304.62,2,1,1,1,2,1274,12,0,0,6,1,5,1,800107,1000000
2024JP0006079,1,304.62,57,2,5,1,6,2927,29,9920,6,1,1,1,1,800109,1000000
2024JP0006080,1,304.62,29,2,4,1,10,80412,501,7000,1,1,1,1,1,800106,1000000
2024JP0006081,1,304.62,35,1,5,1,7,4260,42,7000,1,1,1,1,1,800106,1000000
2024JP0006082,1,304.62,58,1,1,1,7,4234,42,9000,3,1,1,1,1,800100,1000000
2024JP0006083,1,304.62,5,2,2,1,1,2291,22,0,0,6,1,5,1,800107,1000000
2024JP0006084,1,304.62,49,1,2,1,9,55212,501,6000,3,1,1,1,1,800108,1000000
2024JP0006085,1,304.62,11,2,2,1,5,2382,23,0,0,6,1,5,1,800107,1000000
2024JP0006086,1,304.62,9,2,1,1,9,7728,77,0,0,6,1,5,1,800103,1000000
2024JP0006087,1,304.62,36,1,7,1,10,17628,176,4000,1,1,1,5,1,800101,1000000
2024JP0006088,1,304.62,14,1,1,1,6,1514,15,0,0,6,1,5,1,800105,1000000
2024JP0006089,1,304.62,19,2,5,1,10,10650,106,9800,1,1,1,5,1,800104,1000000
2024JP0006090,1,304.62,42,1,2,1,10,9164,91,1000,1,1,1,1,1,800105,1000000
2024JP0006091,1,304.62,33,2,3,1,9,64752,501,5000,6,1,1,5,1,800109,1000000
2024JP0006092,1,304.62,9,1,5,1,5,2072,20,0,0,6,1,5,1,800107,1000000
2024JP0006093,1,304.62,35,1,2,1,5,13619,136,8000,4,1,1,1,1,800103,1000000
2024JP0006094,1,304.62,64,2,3,1,5,8500,85,6000,1,4,1,1,1,800106,1000000
2024JP0006095,1,304.62,18,1,3,1,16,15342,153,1000,1,3,1,5,1,800101,1000000
2024JP0006096,1,304.62,39,1,6,1,9,7616,76,6000,3,1,1,2,1,800101,1000000
2024JP0006097,1,304.62,48,2,1,1,11,30502,305,2000,1,1,1,2,1,800105,1000000
2024JP0006098,1,304.62,20,2,1,1,17,16041,160,2000,3,5,1,5,1,800107,1000000
2024JP0006099,1,304.62,3,1,2,1,1,6322,63,0,0,6,1,5,1,800100,1000000
2024JP0006100,1,304.62,22,1,6,1,16,14172,141,3000,1,1,1,5,1,800104,1000000
2024JP0006101,1,304.62,29,1,7,1,11,11093,110,5000,1,1,1,1,1,800106,1000000
2024JP0006102,1,304.62,25,2,7,1,6,2945,29,6000,1,5,1,1,1,800102,1000000
2024JP0006103,1,304.62,7,1,5,1,5,1401,14,0,0,6,1,5,1,800107,1000000
2024JP0006104,1,304.62,18,2,3,1,18,24695,246,5000,4,1,1,5,1,800104,1000000
2024JP0006105,1,304.62,53,1,2,1,10,24546,245,7000,3,1,1,1,1,800105,1000000
2024JP0006106,1,304.62,19,2,1,1,14,8736,87,5000,1,4,1,5,1,800102,1000000
2024JP0006107,1,304.62,24,1,6,1,14,8668,86,5000,1,1,1,1,1,800103,1000000
2024JP0006108,1,304.62,26,2,6,1,11,6128,61,8000,1,1,1,1,1,800104,1000000
2024JP0006109,1,304.62,5,2,5,1,3,2738,27,0,0,6,1,5,1,800107,1000000
2024JP0006110,1,304.62,27,1,3,1,10,3182,31,2000,1,1,1,5,1,800106,1000000
2024JP0006111,1,304.62,58,2,6,1,13,48629,486,6000,1,5,1,2,1,800103,1000000
2024JP0006112,1,304.62,38,2,6,1,8,23781,237,7000,3,1,1,1,1,800104,1000000
2024JP0006113,1,304.62,13,1,1,1,5,2389,23,0,0,6,1,5,1,800106,1000000
2024JP0006114,1,304.62,28,2,4,1,9,64872,501,2000,1,1,1,1,1,800102,1000000
2024JP0006115,1,304.62,16,2,3,1,11,11431,114,0,0,6,1,5,1,800105,1000000
2024JP0006116,1,304.62,46,1,5,1,10,20047,200,6000,1,1,1,2,1,800109,1000000
2024JP0006117,1,304.62,39,2,6,1,13,16472,164,7000,1,5,1,1,1,800101,1000000
2024JP0006118,1,304.62,13,1,6,1,2,3392,33,0,0,6,1,5,1,800100,1000000
2024JP0006119,1,304.62,30,1,7,1,12,58632,501,8000,1,1,1,1,1,800107,1000000
2024JP0006120,1,304.62,42,2,1,1,9,9921,99,5000,1,1,1,1,1,800100,1000000
2024JP0006121,1,304.62,7,1,5,1,2,3311,33,0,0,6,1,5,1,800100,1000000
2024JP0006122,1,304.62,41,1,3,1,7,30735,307,5000,6,5,1,1,1,800100,1000000
2024JP0006123,1,304.62,33,2,1,1,6,12877,128,6000,1,2,1,1,1,800101,1000000
2024JP0006124,1,304.62,36,1,6,1,8,11150,111,5000,3,1,1,1,1,800105,1000000
2024JP0006125,1,304.62,22,1,7,1,16,39392,393,2000,1,1,1,1,1,800101,1000000
2024JP0006126,1,304.62,31,1,6,1,11,28792,287,6000,1,3,1,1,1,800107,1000000
2024JP0006127,1,304.62,36,2,5,1,5,11706,117,9800,4,1,1,1,1,800107,1000000
2024JP0006128,1,304.62,20,2,5,1,17,24764,247,6000,6,2,1,5,1,800102,1000000
2024JP0006129,1,304.62,44,2,4,1,8,4378,43,7000,3,1,1,1,1,800103,1000000
2024JP0006130,1,304.62,49,1,3,1,10,25565,255,8000,1,1,1,2,1,800107,1000000
2024JP0006131,1,304.62,50,1,1,1,9,30156,301,6000,6,1,1,4,1,800108,1000000
2024JP0006132,1,304.62,37,1,6,1,11,22499,224,7000,6,1,1,1,1,800101,1000000
2024JP0006133,1,304.62,29,2,6,1,14,50663,501,5000,1,1,1,5,1,800102,1000000
2024JP0006134,1,304.62,20,2,2,1,15,12280,122,6000,1,1,1,5,1,800105,1000000
2024JP0006135,1,304.62,14,2,1,1,5,5904,59,0,0,6,1,5,1,800108,1000000
2024JP0006136,1,304.62,71,1,6,1,8,2490,24,0,0,6,1,1,1,800100,1000000
2024JP0006137,1,304.62,15,2,1,1,13,10698,106,0,0,6,1,5,1,800108,1000000
2024JP0006138,1,304.62,33,2,6,1,8,17567,175,8000,3,1,1,1,1,800106,1000000
2024JP0006139,1,304.62,41,2,1,1,8,8938,89,6000,1,1,1,1,1,800105,1000000
2024JP0006140,1,304.62,41,1,4,1,8,20257,202,6000,4,1,1,1,1,800103,1000000
2024JP0006141,1,304.62,14,1,2,1,4,3629,36,0,0,6,1,5,1,800104,1000000
2024JP0006142,1,304.62,13,1,5,1,1,1804,18,0,0,6,1,5,1,800101,1000000
2024JP0006143,1,304.62,31,2,5,1,12,17654,176,5000,1,1,1,1,1,800107,1000000
2024JP0006144,1,304.62,36,1,6,1,5,3356,33,9920,3,1,1,1,1,800106,1000000
2024JP0006145,1,304.62,26,1,6,1,13,35622,356,4000,1,1,1,5,1,800107,1000000
2024JP0006146,1,304.62,43,2,6,1,6,14698,146,7000,1,2,1,1,1,800106,1000000
2024JP0006147,1,304.62,10,1,3,1,1,1167,11,0,0,6,1,5,1,800104,1000000
2024JP0006148,1,304.62,22,1,3,1,10,18657,186,5000,3,1,1,1,1,800107,1000000
2024JP0006149,1,304.62,14,1,1,1,3,9306,93,0,0,6,1,5,1,800108,1000000
2024JP0006150,1,304.62,24,2,1,1,11,16835,168,9000,1,1,1,1,1,800105,1000000
2024JP0006151,1,304.62,86,2,7,1,7,4669,46,0,0,6,1,1,1,800102,1000000
2024JP0006152,1,304.62,21,2,6,1,11,10673,106,2000,1,1,1,5,1,800100,1000000
2024JP0006153,1,304.62,99,2,1,1,6,4703,47,0,0,6,1,1,1,800101,1000000
2024JP0006154,1,304.62,36,2,2,1,6,6246,62,6000,3,1,1,1,1,800107,1000000
2024JP0006155,1,304.62,45,2,4,1,10,38187,381,9800,1,1,1,1,1,800107,1000000
2024JP0006156,1,304.62,40,1,6,1,12,10534,105,1000,2,1,1,1,1,800108,1000000
2024JP0006157,1,304.62,28,2,1,1,6,1653,16,6000,4,5,1,1,1,800109,1000000
2024JP0006158,1,304.62,29,2,2,1,6,5227,52,6000,3,5,1,1,1,800109,1000000
2024JP0006159,1,304.62,21,2,6,1,15,21887,218,1000,2,1,1,5,1,800105,1000000
2024JP0006160,1,304.62,17,1,6,1,12,5363,53,0,0,6,1,5,1,800101,1000000
2024JP0006161,1,304.62,5,1,4,1,5,2755,27,0,0,6,1,5,1,800100,1000000
2024JP0006162,1,304.62,34,2,2,1,7,10013,100,7000,4,5,1,5,1,800104,1000000
2024JP0006163,1,304.62,14,2,1,1,3,706,7,0,0,6,1,5,1,800103,1000000
2024JP0006164,1,304.62,67,2,5,1,12,2721,27,8000,1,1,1,1,1,800107,1000000
2024JP0006165,1,304.62,13,2,3,1,1,7911,79,0,0,6,1,5,1,800104,1000000
2024JP0006166,1,304.62,36,1,1,1,9,6472,64,9000,3,1,1,1,1,800105,1000000
2024JP0006167,1,304.62,29,2,7,1,7,3581,35,9800,3,3,1,1,1,800106,1000000
2024JP0006168,1,304.62,18,1,5,1,13,6431,64,3000,2,1,1,5,1,800100,1000000
2024JP0006169,1,304.62,65,1,2,1,7,3266,32,5000,1,1,1,2,1,800102,1000000
2024JP0006170,1,304.62,34,2,1,1,9,9151,91,2000,3,1,1,2,1,800105,1000000
2024JP0006171,1,304.62,11,2,2,1,1,1215,12,0,0,6,1,5,1,800106,1000000
2024JP0006172,1,304.62,9,2,6,1,4,8509,85,0,0,6,1,5,1,800102,1000000
2024JP0006173,1,304.62,15,2,7,1,19,13603,136,0,0,6,1,5,1,800100,1000000
2024JP0006174,1,304.62,35,2,9,1,11,29463,294,2000,1,1,1,1,1,800104,1000000
2024JP0006175,1,304.62,92,2,1,1,10,36122,361,0,0,6,1,1,1,800100,1000000
2024JP0006176,1,304.62,6,1,5,1,1,11344,113,0,0,6,1,5,1,800101,1000000
2024JP0006177,1,304.62,44,2,7,1,9,47906,479,5000,1,1,1,1,1,800105,1000000
2024JP0006178,1,304.62,56,1,1,1,10,30348,303,6000,3,1,1,5,1,800101,1000000
2024JP0006179,1,304.62,35,2,6,1,13,7769,77,9000,3,5,1,5,1,800107,1000000
2024JP0006180,1,304.62,52,2,5,1,11,8732,87,5000,1,5,1,1,1,800101,1000000
2024JP0006181,1,304.62,7,2,1,1,6,3014,30,0,0,6,1,5,1,800105,1000000
2024JP0006182,1,304.62,28,2,4,1,10,18305,183,6000,4,2,1,1,1,800103,1000000
2024JP0006183,1,304.62,32,2,6,1,10,14756,147,6000,3,1,1,5,1,800106,1000000
2024JP0006184,1,304.62,44,1,2,1,7,17725,177,9800,1,1,1,1,1,800107,1000000
2024JP0006185,1,304.62,1,1,3,1,2,450,4,0,0,6,1,5,1,800107,1000000
2024JP0006186,1,304.62,25,1,1,1,10,27281,272,5000,3,1,1,1,1,800107,1000000
2024JP0006187,1,304.62,6,1,2,1,2,2916,29,0,0,6,1,5,1,800108,1000000
2024JP0006188,1,304.62,5,2,2,1,2,3938,39,0,0,6,1,5,1,800104,1000000
2024JP0006189,1,304.62,17,2,6,1,13,9704,97,0,0,6,1,5,1,800103,1000000
2024JP0006190,1,304.62,27,1,4,1,11,5170,51,6000,3,1,1,5,1,800105,1000000
2024JP0006191,1,304.62,38,2,1,1,14,59483,501,9000,1,1,1,1,1,800107,1000000
2024JP0006192,1,304.62,1,1,4,1,5,955,9,0,0,6,1,5,1,800107,1000000
2024JP0006193,1,304.62,57,1,2,1,5,21333,213,9000,4,1,1,1,1,800107,1000000
2024JP0006194,1,304.62,22,1,7,1,10,7864,78,7000,3,5,1,1,1,800100,1000000
2024JP0006195,1,304.62,22,2,3,1,14,9018,90,6000,1,4,1,5,1,800107,1000000
2024JP0006196,1,304.62,85,2,6,1,7,3068,30,0,0,6,1,1,1,800109,1000000
2024JP0006197,1,304.62,14,1,3,1,2,1127,11,0,0,6,1,5,1,800107,1000000
2024JP0006198,1,304.62,9,2,7,1,1,3565,35,0,0,6,1,5,1,800104,1000000
2024JP0006199,1,304.62,35,1,1,1,7,4099,40,8000,1,1,1,1,1,800104,1000000
2024JP0006200,1,304.62,34,1,1,1,14,26010,260,9000,4,1,1,3,1,800108,1000000
2024JP0006201,1,304.62,12,1,7,1,6,1548,15,0,0,6,1,5,1,800105,1000000
2024JP0006202,1,304.62,20,1,2,1,12,15192,151,7000,3,5,1,5,1,800100,1000000
2024JP0006203,1,304.62,30,2,7,1,6,10784,107,5000,3,1,1,1,1,800103,1000000
2024JP0006204,1,304.62,10,2,3,1,5,9161,91,0,0,6,1,5,1,800105,1000000
2024JP0006205,1,304.62,10,1,2,1,1,1186,11,0,0,6,1,5,1,800104,1000000
2024JP0006206,1,304.62,89,1,6,1,7,1943,19,0,0,6,1,2,1,800109,1000000
2024JP0006207,1,304.62,35,1,1,1,8,25771,257,6000,3,1,1,1,1,800109,1000000
2024JP0006208,1,304.62,27,1,4,1,9,3730,37,6000,4,2,1,1,1,800105,1000000
2024JP0006209,1,304.62,34,1,2,1,12,19714,197,2000,1,1,1,1,1,800106,1000000
2024JP0006210,1,304.62,41,1,4,1,12,28472,284,3000,3,5,1,1,1,800104,1000000
2024JP0006211,1,304.62,34,2,3,1,14,3918,39,5000,4,1,1,1,1,800101,1000000
2024JP0006212,1,304.62,34,2,1,1,11,15532,155,1000,1,5,1,1,1,800108,1000000
2024JP0006213,1,304.62,39,2,1,1,13,11940,119,6000,1,1,1,5,1,800102,1000000
2024JP0006214,1,304.62,51,1,6,1,7,2609,26,5000,1,1,1,1,1,800106,1000000
2024JP0006215,1,304.62,2,1,4,1,5,1078,10,0,0,6,1,5,1,800109,1000000
2024JP0006216,1,304.62,40,2,4,1,12,20875,208,9800,1,1,1,1,1,800101,1000000
2024JP0006217,1,304.62,37,1,1,1,7,9284,92,7000,3,1,1,1,1,800101,1000000
2024JP0006218,1,304.62,10,1,4,1,7,1163,11,0,0,6,1,5,1,800103,1000000
2024JP0006219,1,304.62,65,1,1,1,8,2850,28,7000,4,1,1,2,1,800105,1000000
2024JP0006220,1,304.62,14,1,3,1,2,1335,13,0,0,6,1,5,1,800107,1000000
2024JP0006221,1,304.62,83,1,2,1,10,6501,65,0,0,6,1,1,1,800106,1000000
2024JP0006222,1,304.62,45,2,3,1,9,32180,321,5000,1,1,1,1,1,800104,1000000
2024JP0006223,1,304.62,28,2,4,1,9,8587,85,6000,1,4,1,1,1,800102,1000000
2024JP0006224,1,304.62,17,2,9,1,15,17841,178,0,0,6,1,5,1,800100,1000000
2024JP0006225,1,304.62,11,2,1,1,3,10539,105,0,0,6,1,5,1,800106,1000000
2024JP0006226,1,304.62,33,2,1,1,7,9493,94,8000,1,5,1,1,1,800107,1000000
2024JP0006227,1,304.62,2,1,3,1,4,3684,36,0,0,6,1,5,1,800102,1000000
2024JP0006228,1,304.62,2,1,5,1,2,3800,38,0,0,6,1,5,1,800109,1000000
2024JP0006229,1,304.62,10,2,1,1,5,675,6,0,0,6,1,5,1,800104,1000000
2024JP0006230,1,304.62,55,2,1,1,11,34650,346,8000,4,1,1,1,1,800104,1000000
2024JP0006231,1,304.62,47,1,6,1,7,2526,25,6000,6,1,1,1,1,800105,1000000
2024JP0006232,1,304.62,54,1,7,1,7,16757,167,6000,3,1,1,3,1,800109,1000000
2024JP0006233,1,304.62,37,1,1,1,12,15284,152,5000,4,1,1,1,1,800105,1000000
2024JP0006234,1,304.62,38,1,6,1,6,7927,79,5000,1,5,1,1,1,800106,1000000
2024JP0006235,1,304.62,18,1,9,1,11,12427,124,5000,4,3,1,1,1,800106,1000000
2024JP0006236,1,304.62,3,1,1,1,5,2914,29,0,0,6,1,5,1,800108,1000000
2024JP0006237,1,304.62,29,2,1,1,8,5211,52,5000,1,1,2,1,1,800107,1000000
2024JP0006238,1,304.62,12,1,6,1,4,4370,43,0,0,6,1,5,1,800106,1000000
2024JP0006239,1,304.62,45,1,4,1,5,11430,114,6000,4,1,1,1,1,800105,1000000
2024JP0006240,1,304.62,45,1,3,1,7,3920,39,9920,6,3,1,1,1,800101,1000000
2024JP0006241,1,304.62,28,2,4,1,10,4116,41,4000,1,2,1,5,1,800108,1000000
2024JP0006242,1,304.62,43,1,3,1,8,11811,118,9800,1,1,1,1,1,800105,1000000
2024JP0006243,1,304.62,26,2,6,1,9,7151,71,4000,2,1,1,1,1,800108,1000000
2024JP0006244,1,304.62,16,2,1,1,15,10967,109,0,0,6,1,5,1,800104,1000000
2024JP0006245,1,304.62,21,1,1,1,10,3215,32,6000,1,1,2,5,1,800107,1000000
2024JP0006246,1,304.62,31,1,1,1,8,4159,41,7000,1,3,1,1,1,800100,1000000
2024JP0006247,1,304.62,17,2,2,1,12,6402,64,0,0,6,2,5,1,800101,1000000
2024JP0006248,1,304.62,34,1,6,1,14,122686,501,1000,2,1,1,1,1,800100,1000000
2024JP0006249,1,304.62,51,2,1,1,11,6098,60,7000,1,1,1,1,1,800108,1000000
2024JP0006250,1,304.62,36,2,3,1,12,23193,231,2000,2,1,1,1,1,800109,1000000
2024JP0006251,1,304.62,22,1,1,1,12,65561,501,8000,1,1,1,1,1,800106,1000000
2024JP0006252,1,304.62,43,2,1,1,9,51995,501,7000,3,1,1,1,1,800102,1000000
2024JP0006253,1,304.62,38,1,3,1,6,6178,61,6000,6,3,1,1,1,800100,1000000
2024JP0006254,1,304.62,1,1,6,1,1,3925,39,0,0,6,1,5,1,800101,1000000
2024JP0006255,1,304.62,19,1,4,1,13,5411,54,7000,1,1,1,5,1,800109,1000000
2024JP0006256,1,304.62,22,1,4,1,14,15177,151,4000,3,1,1,5,1,800107,1000000
2024JP0006257,1,304.62,64,1,6,1,6,18513,185,9920,4,1,1,4,1,800104,1000000
2024JP0006258,1,304.62,21,2,9,1,19,78977,501,3000,1,1,1,5,1,800100,1000000
2024JP0006259,1,304.62,20,1,3,1,17,74225,501,6000,1,1,1,5,1,800103,1000000
2024JP0006260,1,304.62,4,2,3,1,9,7817,78,0,0,6,1,5,1,800106,1000000
2024JP0006261,1,304.62,22,2,3,1,14,8966,89,2000,1,1,1,5,1,800102,1000000
2024JP0006262,1,304.62,9,1,2,1,4,1358,13,0,0,6,1,5,1,800100,1000000
2024JP0006263,1,304.62,78,1,1,1,7,7451,74,0,0,6,1,2,1,800108,1000000
2024JP0006264,1,304.62,12,2,4,1,3,1359,13,0,0,6,1,5,1,800104,1000000
2024JP0006265,1,304.62,55,1,6,1,15,49710,497,1000,3,3,1,2,1,800108,1000000
2024JP0006266,1,304.62,15,1,3,1,16,6818,68,0,0,6,1,5,1,800106,1000000
2024JP0006267,1,304.62,48,2,4,1,5,4079,40,7000,1,1,1,5,1,800103,1000000
2024JP0006268,1,304.62,44,2,6,1,9,11363,113,7000,4,1,1,1,1,800109,1000000
2024JP0006269,1,304.62,25,2,2,1,7,4440,44,5000,1,1,1,1,1,800100,1000000
2024JP0006270,1,304.62,36,1,5,1,13,34981,349,6000,3,5,1,1,1,800101,1000000
2024JP0006271,1,304.62,14,1,3,1,4,3282,32,0,0,6,1,5,1,800101,1000000
2024JP0006272,1,304.62,32,2,1,1,13,12518,125,5000,1,4,1,1,1,800108,1000000
2024JP0006273,1,304.62,65,1,6,1,6,10863,108,7000,1,1,1,1,1,800109,1000000
2024JP0006274,1,304.62,11,2,8,1,3,1490,14,0,0,6,1,5,1,800105,1000000
2024JP0006275,1,304.62,41,1,2,1,8,13569,135,5000,1,1,1,5,1,800106,1000000
2024JP0006276,1,304.62,24,2,2,1,16,55877,501,6000,1,1,1,5,1,800101,1000000
2024JP0006277,1,304.62,54,2,1,1,8,5070,50,8000,3,1,1,1,1,800100,1000000
2024JP0006278,1,304.62,53,2,6,1,8,5621,56,6000,6,1,1,2,1,800103,1000000
2024JP0006279,1,304.62,27,2,4,1,6,1472,14,7000,1,1,1,5,1,800109,1000000
2024JP0006280,1,304.62,80,1,1,1,5,7436,74,0,0,6,1,5,1,800104,1000000
2024JP0006281,1,304.62,0,1,2,1,4,1631,16,0,0,6,1,5,1,800100,1000000
2024JP0006282,1,304.62,6,2,3,1,4,2010,20,0,0,6,1,5,1,800104,1000000
2024JP0006283,1,304.62,40,1,1,1,5,1569,15,5000,1,1,1,1,1,800108,1000000
2024JP0006284,1,304.62,31,1,2,1,13,4477,44,6000,1,1,1,1,1,800100,1000000
2024JP0006285,1,304.62,58,2,7,1,11,35785,357,1000,1,1,1,1,1,800104,1000000
2024JP0006286,1,304.62,85,1,3,1,5,4088,40,0,0,6,1,1,1,800108,1000000
2024JP0006287,1,304.62,19,1,6,1,15,23779,237,3000,3,1,1,5,1,800100,1000000
2024JP0006288,1,304.62,29,2,6,1,12,34052,340,2000,1,4,1,1,1,800108,1000000
2024JP0006289,1,304.62,29,2,3,1,8,14321,143,9800,1,1,1,1,1,800108,1000000
2024JP0006290,1,304.62,32,2,2,1,12,50363,501,5000,3,1,1,5,1,800105,1000000
2024JP0006291,1,304.62,40,1,3,1,8,60088,501,9800,4,1,1,1,1,800105,1000000
2024JP0006292,1,304.62,27,2,2,1,8,8613,86,9800,1,4,1,5,1,800101,1000000
2024JP0006293,1,304.62,38,2,1,1,11,17654,176,6000,4,5,1,1,1,800100,1000000
2024JP0006294,1,304.62,57,1,4,1,14,23341,233,8000,1,1,1,1,1,800102,1000000
2024JP0006295,1,304.62,75,1,2,1,5,3073,30,0,0,6,1,2,1,800107,1000000
2024JP0006296,1,304.62,34,2,3,1,8,26474,264,5000,1,2,1,1,1,800105,1000000
2024JP0006297,1,304.62,20,2,5,1,15,20248,202,6000,4,1,1,5,1,800104,1000000
2024JP0006298,1,304.62,22,1,8,1,17,13855,138,6000,1,1,1,5,1,800106,1000000
2024JP0006299,1,304.62,20,2,7,1,12,7236,72,2000,1,1,1,5,1,800106,1000000
2024JP0006300,1,304.62,33,2,1,1,11,21225,212,6000,3,5,1,1,1,800100,1000000
2024JP0006301,1,304.62,13,2,4,1,4,456,4,0,0,6,1,5,1,800101,1000000
2024JP0006302,1,304.62,100,2,7,1,6,5218,52,0,0,6,1,1,1,800106,1000000
2024JP0006303,1,304.62,37,2,2,1,8,14319,143,8000,4,1,1,1,1,800101,1000000
2024JP0006304,1,304.62,56,2,1,1,12,38045,380,6000,3,1,1,1,1,800104,1000000
2024JP0006305,1,304.62,51,2,1,1,9,15883,158,5000,1,1,1,1,1,800102,1000000
2024JP0006306,1,304.62,6,1,3,1,4,3419,34,0,0,6,1,5,1,800106,1000000
2024JP0006307,1,304.62,33,2,2,1,8,6213,62,5000,1,1,1,1,1,800106,1000000
2024JP0006308,1,304.62,18,1,4,1,13,2863,28,9000,4,1,1,1,1,800107,1000000
2024JP0006309,1,304.62,53,1,2,1,10,16979,169,5000,1,1,1,5,1,800103,1000000
2024JP0006310,1,304.62,13,1,3,1,2,2274,22,0,0,6,1,5,1,800108,1000000
2024JP0006311,1,304.62,4,1,1,1,1,1291,12,0,0,6,1,5,1,800105,1000000
2024JP0006312,1,304.62,82,1,2,1,9,794,7,0,0,6,1,1,1,800108,1000000
2024JP0006313,1,304.62,18,1,2,1,15,69841,501,2000,1,1,1,5,1,800102,1000000
2024JP0006314,1,304.62,57,1,2,1,10,37676,376,5000,6,5,1,5,1,800108,1000000
2024JP0006315,1,304.62,23,2,6,1,13,14068,140,5000,3,1,1,1,1,800107,1000000
2024JP0006316,1,304.62,36,1,3,1,6,26505,265,9920,3,1,1,1,1,800100,1000000
2024JP0006317,1,304.62,39,1,3,1,7,2563,25,7000,1,1,1,1,1,800101,1000000
2024JP0006318,1,304.62,8,2,8,1,3,2931,29,0,0,6,1,5,1,800103,1000000
2024JP0006319,1,304.62,1,2,7,1,4,7464,74,0,0,6,1,5,1,800108,1000000
2024JP0006320,1,304.62,67,1,1,1,5,493,4,8000,1,1,1,1,1,800100,1000000
2024JP0006321,1,304.62,23,2,6,1,11,23766,237,7000,4,1,1,5,1,800108,1000000
2024JP0006322,1,304.62,15,2,4,1,14,6308,63,0,0,6,1,5,1,800101,1000000
2024JP0006323,1,304.62,26,1,1,1,8,4181,41,6000,4,1,1,1,1,800102,1000000
2024JP0006324,1,304.62,41,1,1,1,8,6120,61,9000,4,5,1,1,1,800100,1000000
2024JP0006325,1,304.62,20,2,1,1,13,10900,109,1000,1,1,1,5,1,800104,1000000
2024JP0006326,1,304.62,58,1,5,1,5,14409,144,5000,3,1,1,1,1,800107,1000000
2024JP0006327,1,304.62,10,2,6,1,2,13133,131,0,0,6,1,5,1,800101,1000000
2024JP0006328,1,304.62,1,2,4,1,3,17933,179,0,0,6,1,5,1,800103,1000000
2024JP0006329,1,304.62,37,1,2,1,12,27780,277,5000,1,1,1,1,1,800104,1000000
2024JP0006330,1,304.62,40,2,6,1,9,29982,299,6000,3,1,1,1,1,800103,1000000
2024JP0006331,1,304.62,48,2,1,1,7,3337,33,7000,6,1,1,1,1,800103,1000000
2024JP0006332,1,304.62,26,2,1,1,8,1743,17,9800,1,1,1,1,1,800107,1000000
2024JP0006333,1,304.62,43,2,4,1,12,13838,138,1000,1,1,1,1,1,800108,1000000
2024JP0006334,1,304.62,26,2,6,1,12,9372,93,3000,3,3,1,5,1,800105,1000000
2024JP0006335,1,304.62,19,2,5,1,16,14849,148,5000,6,1,1,5,1,800109,1000000
2024JP0006336,1,304.62,38,1,1,1,9,42119,421,7000,1,1,1,1,1,800106,1000000
2024JP0006337,1,304.62,39,1,9,1,10,40767,407,2000,3,1,1,1,1,800107,1000000
2024JP0006338,1,304.62,32,2,2,1,7,1614,16,7000,4,2,1,2,1,800108,1000000
2024JP0006339,1,304.62,37,2,4,1,15,56200,501,3000,1,4,1,1,1,800109,1000000
2024JP0006340,1,304.62,39,1,1,1,12,46429,464,8000,3,1,1,1,1,800100,1000000
2024JP0006341,1,304.62,15,1,6,1,12,16485,164,0,0,6,1,5,1,800103,1000000
2024JP0006342,1,304.62,43,1,1,1,11,12969,129,8000,3,1,1,1,1,800105,1000000
2024JP0006343,1,304.62,28,2,2,1,6,5144,51,6000,1,1,5,5,1,800107,1000000
2024JP0006344,1,304.62,24,2,1,1,12,7942,79,6000,4,1,1,5,1,800109,1000000
2024JP0006345,1,304.62,13,1,3,1,9,5242,52,0,0,6,1,5,1,800107,1000000
2024JP0006346,1,304.62,86,1,2,1,5,2660,26,0,0,6,1,5,1,800106,1000000
2024JP0006347,1,304.62,3,2,2,1,3,5989,59,0,0,6,1,5,1,800106,1000000
2024JP0006348,1,304.62,22,2,1,1,11,41019,410,6000,4,1,1,1,1,800104,1000000
2024JP0006349,1,304.62,70,1,5,1,7,2218,22,7000,4,1,5,1,1,800104,1000000
2024JP0006350,1,304.62,28,1,4,1,6,11645,116,5000,6,1,1,1,1,800100,1000000
2024JP0006351,1,304.62,41,2,4,1,13,48093,480,8000,6,3,1,1,1,800103,1000000
2024JP0006352,1,304.62,38,1,6,1,9,21508,215,5000,1,1,1,3,1,800105,1000000
2024JP0006353,1,304.62,27,2,8,1,10,3738,37,3000,2,1,1,1,1,800106,1000000
2024JP0006354,1,304.62,5,1,1,1,2,3200,32,0,0,6,1,5,1,800100,1000000
2024JP0006355,1,304.62,11,1,1,1,2,8103,81,0,0,6,1,5,1,800105,1000000
2024JP0006356,1,304.62,47,1,2,1,9,17185,171,6000,4,1,1,1,1,800107,1000000
2024JP0006357,1,304.62,10,2,6,1,2,2138,21,0,0,6,1,5,1,800101,1000000
2024JP0006358,1,304.62,22,2,4,1,17,78065,501,3000,1,5,1,5,1,800105,1000000
2024JP0006359,1,304.62,7,1,6,1,1,1864,18,0,0,6,1,5,1,800108,1000000
2024JP0006360,1,304.62,23,2,4,1,14,11427,114,2000,3,1,1,5,1,800106,1000000
2024JP0006361,1,304.62,2,1,3,1,3,1286,12,0,0,6,1,5,1,800100,1000000
2024JP0006362,1,304.62,18,1,7,1,14,7183,71,3000,1,1,1,5,1,800106,1000000
2024JP0006363,1,304.62,16,1,2,1,15,21932,219,0,0,6,1,5,1,800100,1000000
2024JP0006364,1,304.62,7,1,4,1,4,604,6,0,0,6,1,5,1,800105,1000000
2024JP0006365,1,304.62,20,1,2,1,20,72368,501,4000,1,1,1,5,1,800106,1000000
2024JP0006366,1,304.62,14,2,1,1,2,456,4,0,0,6,1,5,1,800107,1000000
2024JP0006367,1,304.62,20,1,5,1,17,10784,107,5000,1,4,1,5,1,800109,1000000
2024JP0006368,1,304.62,43,1,1,1,7,10020,100,5000,4,4,1,1,1,800101,1000000
2024JP0006369,1,304.62,34,1,6,1,12,6837,68,2000,1,5,1,1,1,800106,1000000
2024JP0006370,1,304.62,27,1,2,1,10,25760,257,4000,1,1,1,5,1,800102,1000000
2024JP0006371,1,304.62,43,2,2,1,9,10991,109,6000,1,1,1,1,1,800105,1000000
2024JP0006372,1,304.62,28,1,2,1,9,12012,120,7000,1,1,1,1,1,800108,1000000
2024JP0006373,1,304.62,9,1,5,1,1,740,7,0,0,6,1,5,1,800104,1000000
2024JP0006374,1,304.62,12,1,2,1,1,2970,29,0,0,6,1,5,1,800100,1000000
2024JP0006375,1,304.62,37,2,3,1,8,8115,81,5000,4,1,1,1,1,800109,1000000
2024JP0006376,1,304.62,7,2,5,1,6,2688,26,0,0,6,1,5,1,800100,1000000
2024JP0006377,1,304.62,27,2,1,1,5,6642,66,5000,3,1,1,5,1,800106,1000000
2024JP0006378,1,304.62,5,2,4,1,4,3324,33,0,0,6,1,5,1,800102,1000000
2024JP0006379,1,304.62,35,1,5,1,14,14202,142,6000,6,5,1,5,1,800105,1000000
2024JP0006380,1,304.62,7,2,6,1,6,2065,20,0,0,6,1,5,1,800100,1000000
2024JP0006381,1,304.62,81,2,1,1,9,9108,91,0,0,6,1,1,1,800103,1000000
2024JP0006382,1,304.62,14,1,7,1,5,4215,42,0,0,6,1,5,1,800101,1000000
2024JP0006383,1,304.62,31,2,1,1,8,6944,69,6000,3,1,1,1,1,800104,1000000
2024JP0006384,1,304.62,45,2,6,1,8,25054,250,8000,3,1,1,5,1,800106,1000000
2024JP0006385,1,304.62,57,1,2,1,5,24659,246,9800,6,1,1,2,1,800104,1000000
2024JP0006386,1,304.62,49,1,4,1,5,15999,159,7000,3,1,1,1,1,800107,1000000
2024JP0006387,1,304.62,38,2,6,1,8,7234,72,9000,3,4,1,5,1,800109,1000000
2024JP0006388,1,304.62,19,1,1,1,16,52010,501,6000,4,2,1,5,1,800103,1000000
2024JP0006389,1,304.62,65,1,4,1,5,3668,36,9920,3,1,1,1,1,800104,1000000
2024JP0006390,1,304.62,6,1,3,1,5,2919,29,0,0,6,1,5,1,800104,1000000
2024JP0006391,1,304.62,19,2,6,1,16,30749,307,4000,3,2,1,5,1,800101,1000000
2024JP0006392,1,304.62,26,1,6,1,5,1936,19,9800,1,1,1,5,1,800101,1000000
2024JP0006393,1,304.62,36,1,6,1,10,36307,363,6000,3,1,1,5,1,800104,1000000
2024JP0006394,1,304.62,20,2,6,1,12,5171,51,2000,3,1,1,5,1,800107,1000000
2024JP0006395,1,304.62,33,1,1,1,14,74210,501,9000,1,1,1,1,1,800100,1000000
2024JP0006396,1,304.62,33,1,4,1,7,9321,93,9800,3,1,1,1,1,800100,1000000
2024JP0006397,1,304.62,13,1,1,1,3,1902,19,0,0,6,1,5,1,800105,1000000
2024JP0006398,1,304.62,40,1,3,1,12,18737,187,1000,3,3,1,1,1,800106,1000000
2024JP0006399,1,304.62,28,2,6,1,11,25448,254,9000,3,1,1,5,1,800106,1000000
2024JP0006400,1,304.62,32,2,6,1,5,3299,32,7000,3,1,1,1,1,800101,1000000
2024JP0006401,1,304.62,38,1,1,1,5,14151,141,9920,1,4,1,1,1,800109,1000000
2024JP0006402,1,304.62,11,1,2,1,5,3140,31,0,0,6,1,5,1,800106,1000000
2024JP0006403,1,304.62,26,2,4,1,5,14380,143,9800,3,1,1,5,1,800108,1000000
2024JP0006404,1,304.62,58,2,5,1,6,9632,96,5000,4,1,1,5,1,800103,1000000
2024JP0006405,1,304.62,12,2,3,1,8,3811,38,0,0,6,1,5,1,800102,1000000
2024JP0006406,1,304.62,6,2,6,1,4,7655,76,0,0,6,1,5,1,800102,1000000
2024JP0006407,1,304.62,36,1,3,1,10,23523,235,5000,3,1,1,2,1,800106,1000000
2024JP0006408,1,304.62,24,1,3,1,14,7098,70,6000,1,1,1,1,1,800104,1000000
2024JP0006409,1,304.62,22,1,2,1,13,18443,184,9000,1,1,1,5,1,800108,1000000
2024JP0006410,1,304.62,17,2,4,1,13,10508,105,0,0,6,5,5,1,800100,1000000
2024JP0006411,1,304.62,55,1,4,1,5,8578,85,9000,3,1,1,1,1,800104,1000000
2024JP0006412,1,304.62,23,2,2,1,15,42176,421,5000,6,1,1,1,1,800108,1000000
2024JP0006413,1,304.62,7,1,5,1,3,1036,10,0,0,6,1,5,1,800105,1000000
2024JP0006414,1,304.62,22,1,6,1,11,53226,501,7000,1,1,1,1,1,800108,1000000
2024JP0006415,1,304.62,35,1,6,1,7,5948,59,7000,4,1,1,1,1,800102,1000000
2024JP0006416,1,304.62,12,1,1,1,4,3503,35,0,0,6,1,5,1,800107,1000000
2024JP0006417,1,304.62,43,1,4,1,6,5665,56,9800,3,5,1,5,1,800101,1000000
2024JP0006418,1,304.62,61,2,1,1,5,10671,106,9920,3,5,1,1,1,800105,1000000
2024JP0006419,1,304.62,92,2,7,1,9,6096,60,0,0,6,1,1,1,800100,1000000
2024JP0006420,1,304.62,5,2,5,1,7,1588,15,0,0,6,1,5,1,800106,1000000
2024JP0006421,1,304.62,43,2,6,1,11,22716,227,6000,1,1,1,1,1,800106,1000000
2024JP0006422,1,304.62,24,2,2,1,12,12264,122,5000,3,1,1,5,1,800103,1000000
2024JP0006423,1,304.62,31,1,1,1,8,5661,56,9800,3,3,1,1,1,800108,1000000
2024JP0006424,1,304.62,1,2,1,1,9,7170,71,0,0,6,1,5,1,800100,1000000
2024JP0006425,1,304.62,32,1,5,1,5,3657,36,6000,6,1,1,1,1,800108,1000000
2024JP0006426,1,304.62,6,2,6,1,6,5080,50,0,0,6,1,5,1,800103,1000000
2024JP0006427,1,304.62,16,2,1,1,17,41985,419,0,0,6,1,5,1,800109,1000000
2024JP0006428,1,304.62,0,2,3,1,2,930,9,0,0,6,1,5,1,800109,1000000
2024JP0006429,1,304.62,25,2,2,1,5,8809,88,9920,3,1,1,5,1,800107,1000000
2024JP0006430,1,304.62,34,2,1,1,5,13473,134,6000,1,1,1,1,1,800100,1000000
2024JP0006431,1,304.62,43,2,4,1,7,14449,144,9800,6,1,1,5,1,800101,1000000
2024JP0006432,1,304.62,50,2,2,1,12,36029,360,4000,3,1,1,1,1,800102,1000000
2024JP0006433,1,304.62,19,1,7,1,11,2582,25,6000,1,1,1,5,1,800101,1000000
2024JP0006434,1,304.62,4,2,1,1,3,2397,23,0,0,6,1,5,1,800109,1000000
2024JP0006435,1,304.62,20,1,4,1,10,3496,34,8000,6,1,1,5,1,800100,1000000
2024JP0006436,1,304.62,43,1,6,1,9,11191,111,5000,3,1,1,1,1,800109,1000000
2024JP0006437,1,304.62,17,2,6,1,11,9447,94,0,0,6,1,5,1,800107,1000000
2024JP0006438,1,304.62,0,2,3,1,5,906,9,0,0,6,1,5,1,800108,1000000
2024JP0006439,1,304.62,31,1,3,1,8,4882,48,7000,6,1,1,1,1,800108,1000000
2024JP0006440,1,304.62,42,1,5,1,10,29406,294,8000,1,1,1,1,1,800104,1000000
2024JP0006441,1,304.62,15,1,2,1,15,24129,241,0,0,6,1,5,1,800104,1000000
2024JP0006442,1,304.62,36,2,1,1,6,7055,70,5000,1,1,1,1,1,800107,1000000
2024JP0006443,1,304.62,19,2,3,1,15,14266,142,2000,1,1,1,5,1,800103,1000000
2024JP0006444,1,304.62,10,1,6,1,2,2046,20,0,0,6,1,5,1,800105,1000000
2024JP0006445,1,304.62,19,2,2,1,12,10382,103,7000,3,1,1,5,1,800107,1000000
2024JP0006446,1,304.62,5,2,4,1,3,5748,57,0,0,6,1,5,1,800104,1000000
2024JP0006447,1,304.62,5,1,5,1,2,3363,33,0,0,6,1,5,1,800108,1000000
2024JP0006448,1,304.62,19,1,6,1,17,23328,233,4000,3,4,1,5,1,800104,1000000
2024JP0006449,1,304.62,27,1,2,1,7,5852,58,7000,4,2,1,1,1,800101,1000000
2024JP0006450,1,304.62,43,2,2,1,12,14554,145,9000,1,1,1,1,1,800103,1000000
2024JP0006451,1,304.62,38,2,6,1,10,6608,66,5000,4,1,1,1,1,800102,1000000
2024JP0006452,1,304.62,0,1,6,1,4,3640,36,0,0,6,1,5,1,800100,1000000
2024JP0006453,1,304.62,34,1,6,1,9,26659,266,2000,3,1,1,1,1,800102,1000000
2024JP0006454,1,304.62,26,1,2,1,9,14686,146,8000,4,5,1,1,1,800102,1000000
2024JP0006455,1,304.62,27,1,1,1,7,1966,19,5000,3,1,1,5,1,800106,1000000
2024JP0006456,1,304.62,13,1,1,1,1,7299,72,0,0,6,1,5,1,800107,1000000
2024JP0006457,1,304.62,15,2,1,1,16,28497,284,0,0,6,1,5,1,800105,1000000
2024JP0006458,1,304.62,53,2,1,1,11,5580,55,9800,3,2,1,1,1,800101,1000000
2024JP0006459,1,304.62,14,2,1,1,7,3186,31,0,0,6,1,5,1,800102,1000000
2024JP0006460,1,304.62,29,2,7,1,10,13737,137,2000,1,1,1,1,1,800108,1000000
2024JP0006461,1,304.62,27,1,7,1,6,17131,171,6000,3,1,1,1,1,800106,1000000
2024JP0006462,1,304.62,9,1,1,1,2,3833,38,0,0,6,1,5,1,800105,1000000
2024JP0006463,1,304.62,3,2,3,1,9,5594,55,0,0,6,1,5,1,800101,1000000
2024JP0006464,1,304.62,43,1,1,1,7,10960,109,5000,4,1,1,1,1,800108,1000000
2024JP0006465,1,304.62,5,1,6,1,4,10216,102,0,0,6,1,5,1,800106,1000000
2024JP0006466,1,304.62,37,1,2,1,11,49625,496,8000,1,1,1,1,1,800106,1000000
2024JP0006467,1,304.62,9,2,2,1,3,2742,27,0,0,6,1,5,1,800106,1000000
2024JP0006468,1,304.62,39,1,1,1,9,25471,254,6000,3,1,1,1,1,800104,1000000
2024JP0006469,1,304.62,8,1,7,1,4,5544,55,0,0,6,1,5,1,800102,1000000
2024JP0006470,1,304.62,1,1,4,1,8,734,7,0,0,6,1,5,1,800102,1000000
2024JP0006471,1,304.62,1,1,1,1,1,1870,18,0,0,6,1,5,1,800107,1000000
2024JP0006472,1,304.62,37,1,1,1,9,16204,162,1000,1,2,1,1,1,800105,1000000
2024JP0006473,1,304.62,98,1,1,1,9,12936,129,0,0,6,1,1,1,800104,1000000
2024JP0006474,1,304.62,12,2,6,1,1,3495,34,0,0,6,1,5,1,800106,1000000
2024JP0006475,1,304.62,9,1,3,1,3,4742,47,0,0,6,1,5,1,800102,1000000
2024JP0006476,1,304.62,30,2,1,1,10,15596,155,7000,3,1,1,1,1,800109,1000000
2024JP0006477,1,304.62,10,1,7,1,3,1157,11,0,0,6,1,5,1,800109,1000000
2024JP0006478,1,304.62,48,1,7,1,7,9495,94,6000,3,1,1,1,1,800104,1000000
2024JP0006479,1,304.62,9,2,3,1,3,252,2,0,0,6,1,5,1,800104,1000000
2024JP0006480,1,304.62,7,1,9,1,9,2622,26,0,0,6,1,5,1,800106,1000000
2024JP0006481,1,304.62,2,1,2,1,5,2458,24,0,0,6,1,5,1,800108,1000000
2024JP0006482,1,304.62,0,1,3,1,5,1057,10,0,0,6,1,5,1,800101,1000000
2024JP0006483,1,304.62,38,1,3,1,11,19696,196,3000,2,3,1,1,1,800106,1000000
2024JP0006484,1,304.62,7,1,1,1,1,1776,17,0,0,6,1,5,1,800104,1000000
2024JP0006485,1,304.62,8,2,7,1,8,3131,31,0,0,6,1,5,1,800105,1000000
2024JP0006486,1,304.62,51,2,7,1,5,4671,46,8000,6,4,1,1,1,800108,1000000
2024JP0006487,1,304.62,3,1,3,1,8,2998,29,0,0,6,1,5,1,800105,1000000
2024JP0006488,1,304.62,43,1,2,1,6,7314,73,7000,3,1,1,1,1,800102,1000000
2024JP0006489,1,304.62,46,1,2,1,8,3103,31,7000,6,3,2,1,1,800102,1000000
2024JP0006490,1,304.62,42,1,5,1,14,10291,102,8000,3,1,1,1,1,800101,1000000
2024JP0006491,1,304.62,21,2,2,1,17,81602,501,1000,3,1,1,5,1,800109,1000000
2024JP0006492,1,304.62,40,2,1,1,7,3677,36,7000,1,1,1,3,1,800103,1000000
2024JP0006493,1,304.62,21,2,3,1,13,5861,58,5000,3,1,1,1,1,800108,1000000
2024JP0006494,1,304.62,4,1,1,1,6,1381,13,0,0,6,1,5,1,800104,1000000
2024JP0006495,1,304.62,8,1,1,1,4,1511,15,0,0,6,1,5,1,800101,1000000
2024JP0006496,1,304.62,9,2,3,1,2,2853,28,0,0,6,1,5,1,800106,1000000
2024JP0006497,1,304.62,21,1,5,1,13,11928,119,9800,1,1,1,5,1,800105,1000000
2024JP0006498,1,304.62,3,2,8,1,6,1850,18,0,0,6,1,5,1,800107,1000000
2024JP0006499,1,304.62,0,2,4,1,4,3421,34,0,0,6,1,5,1,800109,1000000
2024JP0006500,1,304.62,34,2,6,1,9,30057,300,3000,1,1,1,1,1,800100,1000000
2024JP0006501,1,304.62,54,2,4,1,7,4674,46,9000,1,1,1,1,1,800104,1000000
2024JP0006502,1,304.62,20,2,2,1,17,25414,254,1000,1,5,1,5,1,800102,1000000
2024JP0006503,1,304.62,47,1,1,1,8,8488,84,8000,6,1,1,5,1,800102,1000000
2024JP0006504,1,304.62,7,1,3,1,2,4322,43,0,0,6,1,5,1,800107,1000000
2024JP0006505,1,304.62,7,1,6,1,9,9199,91,0,0,6,1,5,1,800109,1000000
2024JP0006506,1,304.62,20,1,4,1,16,24136,241,5000,3,1,1,1,2,800108,1000000
2024JP0006507,1,304.62,1,1,2,1,1,4642,46,0,0,6,1,5,1,800109,1000000
2024JP0006508,1,304.62,2,1,7,1,3,1939,19,0,0,6,1,5,1,800105,1000000
2024JP0006509,1,304.62,19,2,4,1,11,1626,16,4000,2,5,1,5,1,800107,1000000
2024JP0006510,1,304.62,94,1,2,1,8,1860,18,0,0,6,1,1,1,800105,1000000
2024JP0006511,1,304.62,37,1,3,1,11,11369,113,1000,3,1,1,5,1,800102,1000000
2024JP0006512,1,304.62,77,2,3,1,5,4382,43,0,0,6,1,3,1,800104,1000000
2024JP0006513,1,304.62,9,2,1,1,4,2844,28,0,0,6,1,5,1,800101,1000000
2024JP0006514,1,304.62,15,1,1,1,10,15997,159,0,0,6,1,5,1,800100,1000000
2024JP0006515,1,304.62,99,2,3,1,5,11624,116,0,0,6,1,1,1,800103,1000000
2024JP0006516,1,304.62,0,1,5,1,7,1984,19,0,0,6,1,5,1,800100,1000000
2024JP0006517,1,304.62,76,1,3,1,8,4526,45,0,0,6,1,1,1,800106,1000000
2024JP0006518,1,304.62,19,1,7,1,12,3917,39,7000,1,5,1,5,1,800109,1000000
2024JP0006519,1,304.62,41,2,3,1,13,7156,71,6000,3,1,1,1,1,800109,1000000
2024JP0006520,1,304.62,18,1,5,1,17,14543,145,4000,1,1,1,5,1,800106,1000000
2024JP0006521,1,304.62,65,2,1,1,6,2802,28,9920,6,1,1,1,1,800102,1000000
2024JP0006522,1,304.62,21,2,6,1,12,5591,55,4000,3,5,1,5,1,800102,1000000
2024JP0006523,1,304.62,9,1,6,1,6,6978,69,0,0,6,1,5,1,800109,1000000
2024JP0006524,1,304.62,32,1,7,1,7,25648,256,6000,6,1,1,2,1,800103,1000000
2024JP0006525,1,304.62,58,2,4,1,7,20217,202,5000,4,1,1,5,1,800103,1000000
2024JP0006526,1,304.62,47,2,2,1,13,6219,62,5000,4,1,1,5,1,800106,1000000
2024JP0006527,1,304.62,10,2,1,1,5,1938,19,0,0,6,1,5,1,800101,1000000
2024JP0006528,1,304.62,9,2,5,1,4,5588,55,0,0,6,1,5,1,800107,1000000
2024JP0006529,1,304.62,12,1,1,1,7,5920,59,0,0,6,1,5,1,800104,1000000
2024JP0006530,1,304.62,4,1,4,1,1,11936,119,0,0,6,1,5,1,800106,1000000
2024JP0006531,1,304.62,52,2,1,1,14,46385,463,7000,1,1,1,3,1,800101,1000000
2024JP0006532,1,304.62,7,1,3,1,2,994,9,0,0,6,1,5,1,800103,1000000
2024JP0006533,1,304.62,16,1,4,1,10,9995,99,0,0,6,1,5,1,800105,1000000
2024JP0006534,1,304.62,58,2,6,1,10,36902,369,5000,1,1,1,1,1,800107,1000000
2024JP0006535,1,304.62,24,1,6,1,14,4827,48,6000,3,1,1,1,1,800108,1000000
2024JP0006536,1,304.62,43,2,4,1,10,75589,501,9000,4,1,1,1,1,800101,1000000
2024JP0006537,1,304.62,28,2,1,1,13,8780,87,5000,4,1,1,1,1,800101,1000000
2024JP0006538,1,304.62,54,1,5,1,5,2363,23,9920,6,1,1,1,1,800106,1000000
2024JP0006539,1,304.62,53,1,3,1,9,41340,413,6000,1,1,1,1,1,800104,1000000
2024JP0006540,1,304.62,15,1,1,1,18,31019,310,0,0,6,1,5,1,800104,1000000
2024JP0006541,1,304.62,19,1,1,1,18,37911,379,3000,3,1,1,5,1,800107,1000000
2024JP0006542,1,304.62,13,1,1,1,1,953,9,0,0,6,1,5,1,800109,1000000
2024JP0006543,1,304.62,3,2,3,1,7,4806,48,0,0,6,1,5,1,800104,1000000
2024JP0006544,1,304.62,40,2,6,1,11,18301,183,5000,3,5,1,1,1,800102,1000000
2024JP0006545,1,304.62,40,1,3,1,9,5910,59,2000,1,5,1,2,1,800109,1000000
2024JP0006546,1,304.62,25,1,4,1,7,7897,78,5000,1,5,1,5,1,800108,1000000
2024JP0006547,1,304.62,14,2,1,1,5,1976,19,0,0,6,1,5,1,800104,1000000
2024JP0006548,1,304.62,15,1,1,1,13,19741,197,0,0,6,1,5,1,800100,1000000
2024JP0006549,1,304.62,12,1,1,1,2,2400,24,0,0,6,1,5,1,800100,1000000
2024JP0006550,1,304.62,20,2,3,1,12,2426,24,3000,1,1,1,5,1,800103,1000000
2024JP0006551,1,304.62,2,1,4,1,2,3120,31,0,0,6,1,5,1,800102,1000000
2024JP0006552,1,304.62,12,2,1,1,4,12768,127,0,0,6,1,5,1,800101,1000000
2024JP0006553,1,304.62,59,1,7,1,6,9404,94,9920,1,1,1,2,1,800108,1000000
2024JP0006554,1,304.62,72,2,6,1,5,4962,49,0,0,6,1,1,1,800100,1000000
2024JP0006555,1,304.62,32,2,5,1,8,3967,39,7000,1,1,1,1,1,800101,1000000
2024JP0006556,1,304.62,12,2,3,1,1,1288,12,0,0,6,1,5,1,800100,1000000
2024JP0006557,1,304.62,24,1,6,1,17,44744,447,4000,1,1,1,1,1,800101,1000000
2024JP0006558,1,304.62,29,1,4,1,7,1624,16,9000,3,1,1,1,1,800104,1000000
2024JP0006559,1,304.62,51,2,1,1,10,60829,501,8000,3,5,1,3,1,800106,1000000
2024JP0006560,1,304.62,5,1,3,1,5,7301,73,0,0,6,1,5,1,800108,1000000
2024JP0006561,1,304.62,56,2,3,1,10,14277,142,2000,1,1,1,5,1,800109,1000000
2024JP0006562,1,304.62,39,2,6,1,15,107345,501,5000,3,5,1,1,1,800108,1000000
2024JP0006563,1,304.62,30,2,6,1,8,7859,78,7000,3,5,1,5,1,800106,1000000
2024JP0006564,1,304.62,46,1,1,1,6,1913,19,8000,4,1,1,5,1,800107,1000000
2024JP0006565,1,304.62,11,2,2,1,5,3450,34,0,0,6,1,5,1,800109,1000000
2024JP0006566,1,304.62,34,2,5,1,8,15827,158,9920,4,1,1,1,1,800109,1000000
2024JP0006567,1,304.62,3,1,2,1,2,3962,39,0,0,6,1,5,1,800109,1000000
2024JP0006568,1,304.62,43,1,3,1,11,30930,309,7000,1,2,1,1,1,800104,1000000
2024JP0006569,1,304.62,40,1,6,1,11,20064,200,7000,3,1,1,1,1,800104,1000000
2024JP0006570,1,304.62,48,2,9,1,7,15636,156,6000,3,1,1,2,1,800105,1000000
2024JP0006571,1,304.62,3,1,9,1,6,3713,37,0,0,6,1,5,1,800108,1000000
2024JP0006572,1,304.62,8,1,1,1,3,2653,26,0,0,6,1,5,1,800107,1000000
2024JP0006573,1,304.62,93,1,1,1,7,3300,33,0,0,6,1,1,1,800100,1000000
2024JP0006574,1,304.62,70,2,2,1,5,1660,16,7000,3,1,1,1,1,800106,1000000
2024JP0006575,1,304.62,10,1,1,1,4,3216,32,0,0,6,1,5,1,800101,1000000
2024JP0006576,1,304.62,36,1,6,1,9,18569,185,9800,4,1,1,1,1,800100,1000000
2024JP0006577,1,304.62,24,1,4,1,14,15612,156,2000,1,1,1,5,1,800105,1000000
2024JP0006578,1,304.62,21,1,3,1,10,9279,92,9000,3,1,1,1,1,800109,1000000
2024JP0006579,1,304.62,26,1,4,1,9,11278,112,9800,1,1,1,1,1,800109,1000000
2024JP0006580,1,304.62,35,2,1,1,13,13789,137,9800,3,4,1,1,1,800101,1000000
2024JP0006581,1,304.62,29,2,5,1,9,3686,36,2000,1,5,1,1,1,800101,1000000
2024JP0006582,1,304.62,5,1,3,1,5,1604,16,0,0,6,1,5,1,800101,1000000
2024JP0006583,1,304.62,37,2,5,1,8,3410,34,7000,3,5,1,5,1,800102,1000000
2024JP0006584,1,304.62,54,1,2,1,7,1258,12,6000,3,1,1,2,1,800102,1000000
2024JP0006585,1,304.62,39,1,3,1,9,9018,90,3000,1,1,1,1,1,800104,1000000
2024JP0006586,1,304.62,20,1,1,1,19,32074,320,3000,1,3,1,5,1,800105,1000000
2024JP0006587,1,304.62,53,2,3,1,11,61976,501,5000,1,1,1,1,1,800102,1000000
2024JP0006588,1,304.62,6,2,4,1,1,7550,75,0,0,6,1,5,1,800101,1000000
2024JP0006589,1,304.62,43,2,1,1,15,101752,501,1000,3,1,1,1,1,800108,1000000
2024JP0006590,1,304.62,26,2,6,1,11,23719,237,4000,3,1,1,5,1,800100,1000000
2024JP0006591,1,304.62,41,1,4,1,8,5652,56,9000,4,1,1,1,1,800100,1000000
2024JP0006592,1,304.62,28,1,1,1,11,18755,187,5000,3,2,1,1,1,800101,1000000
2024JP0006593,1,304.62,89,1,7,1,5,11668,116,0,0,6,1,2,1,800101,1000000
2024JP0006594,1,304.62,40,1,5,1,7,25634,256,7000,3,1,1,1,1,800100,1000000
2024JP0006595,1,304.62,28,2,3,1,12,6077,60,7000,1,1,1,5,1,800101,1000000
2024JP0006596,1,304.62,9,1,2,1,1,3523,35,0,0,6,1,5,1,800105,1000000
2024JP0006597,1,304.62,55,1,7,1,5,6306,63,5000,3,1,1,1,1,800102,1000000
2024JP0006598,1,304.62,33,1,1,1,6,7280,72,8000,3,5,1,1,1,800102,1000000
2024JP0006599,1,304.62,6,1,6,1,2,2975,29,0,0,6,1,5,1,800108,1000000
2024JP0006600,1,304.62,7,2,3,1,6,2269,22,0,0,6,1,5,1,800107,1000000
2024JP0006601,1,304.62,10,2,6,1,3,1206,12,0,0,6,1,5,1,800108,1000000
2024JP0006602,1,304.62,43,2,1,1,13,36204,362,7000,3,1,1,5,1,800107,1000000
2024JP0006603,1,304.62,20,2,1,1,17,28810,288,3000,1,2,1,5,1,800101,1000000
2024JP0006604,1,304.62,13,1,9,1,1,3666,36,0,0,6,1,5,1,800107,1000000
2024JP0006605,1,304.62,8,2,5,1,2,1768,17,0,0,6,1,5,1,800107,1000000
2024JP0006606,1,304.62,23,1,3,1,18,60322,501,2000,1,1,1,1,1,800103,1000000
2024JP0006607,1,304.62,50,2,5,1,12,17725,177,2000,3,1,1,1,1,800101,1000000
2024JP0006608,1,304.62,9,1,2,1,3,3364,33,0,0,6,1,5,1,800108,1000000
2024JP0006609,1,304.62,76,2,2,1,7,3651,36,0,0,6,1,1,1,800101,1000000
2024JP0006610,1,304.62,9,2,2,1,4,2341,23,0,0,6,1,5,1,800104,1000000
2024JP0006611,1,304.62,18,1,5,1,16,20010,200,6000,1,2,1,5,1,800102,1000000
2024JP0006612,1,304.62,9,2,6,1,4,2692,26,0,0,6,1,5,1,800109,1000000
2024JP0006613,1,304.62,26,1,3,1,16,25894,258,2000,1,2,1,5,1,800108,1000000
2024JP0006614,1,304.62,63,1,1,1,5,4425,44,6000,1,1,1,1,1,800101,1000000
2024JP0006615,1,304.62,0,1,1,1,5,1262,12,0,0,6,1,5,1,800101,1000000
2024JP0006616,1,304.62,44,2,5,1,9,29178,291,4000,2,1,1,1,1,800101,1000000
2024JP0006617,1,304.62,10,2,3,1,2,3400,34,0,0,6,1,5,1,800104,1000000
2024JP0006618,1,304.62,29,1,1,1,5,1870,18,7000,4,1,1,5,1,800101,1000000
2024JP0006619,1,304.62,32,2,5,1,5,5797,57,6000,1,3,1,1,1,800105,1000000
2024JP0006620,1,304.62,54,1,1,1,6,5989,59,9920,3,1,1,1,1,800107,1000000
2024JP0006621,1,304.62,36,2,5,1,10,13422,134,5000,1,1,1,1,1,800102,1000000
2024JP0006622,1,304.62,39,2,3,1,11,19288,192,2000,3,1,1,1,1,800109,1000000
2024JP0006623,1,304.62,20,1,2,1,15,8123,81,5000,6,1,1,5,1,800103,1000000
2024JP0006624,1,304.62,39,2,5,1,10,11691,116,7000,1,1,1,5,1,800101,1000000
2024JP0006625,1,304.62,35,1,2,1,8,6635,66,6000,3,1,1,1,1,800108,1000000
2024JP0006626,1,304.62,71,2,5,1,10,52845,501,0,0,6,1,2,1,800108,1000000
2024JP0006627,1,304.62,28,1,3,1,12,31687,316,5000,1,1,1,5,1,800102,1000000
2024JP0006628,1,304.62,40,1,1,1,10,30631,306,7000,3,1,1,1,1,800101,1000000
2024JP0006629,1,304.62,42,2,6,1,9,20062,200,6000,1,1,1,1,1,800101,1000000
2024JP0006630,1,304.62,1,2,4,1,5,7018,70,0,0,6,1,5,1,800104,1000000
2024JP0006631,1,304.62,25,2,7,1,7,2266,22,9800,3,1,1,1,1,800108,1000000
2024JP0006632,1,304.62,7,2,6,1,3,1711,17,0,0,6,1,5,1,800107,1000000
2024JP0006633,1,304.62,10,1,1,1,2,2464,24,0,0,6,1,5,1,800106,1000000
2024JP0006634,1,304.62,25,2,6,1,9,9392,93,5000,3,1,1,5,1,800107,1000000
2024JP0006635,1,304.62,24,1,6,1,18,67822,501,5000,4,1,1,5,1,800108,1000000
2024JP0006636,1,304.62,2,1,3,1,6,3127,31,0,0,6,1,5,1,800103,1000000
2024JP0006637,1,304.62,35,1,7,1,14,70428,501,9800,1,1,1,1,1,800101,1000000
2024JP0006638,1,304.62,18,1,2,1,12,19854,198,2000,1,1,1,5,1,800102,1000000
2024JP0006639,1,304.62,41,2,2,1,5,2527,25,6000,1,1,1,1,1,800102,1000000
2024JP0006640,1,304.62,59,1,4,1,8,7038,70,6000,4,1,1,1,1,800101,1000000
2024JP0006641,1,304.62,31,2,5,1,6,3099,30,7000,6,1,1,1,1,800109,1000000
2024JP0006642,1,304.62,50,1,2,1,8,10483,104,9800,1,2,1,1,1,800109,1000000
2024JP0006643,1,304.62,23,2,5,1,16,14005,140,5000,3,1,1,1,1,800105,1000000
2024JP0006644,1,304.62,25,1,2,1,10,8124,81,8000,3,1,1,1,1,800100,1000000
2024JP0006645,1,304.62,38,2,1,1,7,9371,93,9800,3,1,1,1,1,800106,1000000
2024JP0006646,1,304.62,42,1,1,1,7,2424,24,5000,4,1,1,1,1,800107,1000000
2024JP0006647,1,304.62,6,1,2,1,1,7604,76,0,0,6,1,5,1,800105,1000000
2024JP0006648,1,304.62,19,1,5,1,11,5668,56,4000,1,1,1,5,1,800105,1000000
2024JP0006649,1,304.62,21,2,3,1,17,51059,501,3000,3,1,1,5,1,800100,1000000
2024JP0006650,1,304.62,24,1,6,1,15,39631,396,1000,1,1,1,1,1,800100,1000000
2024JP0006651,1,304.62,60,2,5,1,5,11091,110,7000,1,1,1,1,1,800105,1000000
2024JP0006652,1,304.62,8,1,7,1,4,1281,12,0,0,6,1,5,1,800101,1000000
2024JP0006653,1,304.62,21,1,1,1,18,36187,361,6000,3,1,1,1,1,800108,1000000
2024JP0006654,1,304.62,20,1,1,1,14,5232,52,5000,1,1,2,1,1,800102,1000000
2024JP0006655,1,304.62,39,2,3,1,8,11570,115,7000,3,1,1,5,1,800108,1000000
2024JP0006656,1,304.62,22,1,4,1,16,51301,501,4000,3,1,1,5,1,800104,1000000
2024JP0006657,1,304.62,55,1,6,1,5,16780,167,6000,1,3,1,2,1,800108,1000000
2024JP0006658,1,304.62,55,1,5,1,6,5947,59,5000,1,2,1,1,1,800102,1000000
2024JP0006659,1,304.62,18,1,5,1,14,5450,54,6000,1,1,1,5,1,800104,1000000
2024JP0006660,1,304.62,47,1,2,1,7,3397,33,6000,3,1,1,1,1,800107,1000000
2024JP0006661,1,304.62,24,1,4,1,14,13739,137,6000,3,1,1,5,1,800104,1000000
2024JP0006662,1,304.62,33,2,4,1,6,3181,31,7000,4,1,1,2,1,800106,1000000
2024JP0006663,1,304.62,36,2,5,1,7,8379,83,9920,1,1,2,1,1,800103,1000000
2024JP0006664,1,304.62,35,1,7,1,12,24820,248,7000,3,1,1,1,1,800101,1000000
2024JP0006665,1,304.62,21,2,2,1,15,11612,116,4000,1,1,1,1,1,800105,1000000
2024JP0006666,1,304.62,29,2,6,1,9,16818,168,4000,1,2,1,5,1,800107,1000000
2024JP0006667,1,304.62,7,2,2,1,5,737,7,0,0,6,1,5,1,800105,1000000
2024JP0006668,1,304.62,87,2,7,1,8,1613,16,0,0,6,1,1,1,800105,1000000
2024JP0006669,1,304.62,8,2,1,1,4,3624,36,0,0,6,1,5,1,800109,1000000
2024JP0006670,1,304.62,53,1,5,1,8,4527,45,9920,3,1,1,5,1,800105,1000000
2024JP0006671,1,304.62,36,1,4,1,12,19363,193,2000,1,1,1,5,1,800100,1000000
2024JP0006672,1,304.62,29,2,6,1,14,28410,284,5000,1,1,1,1,1,800106,1000000
2024JP0006673,1,304.62,57,2,5,1,5,3937,39,7000,4,1,1,1,1,800101,1000000
2024JP0006674,1,304.62,7,1,1,1,4,852,8,0,0,6,1,5,1,800106,1000000
2024JP0006675,1,304.62,10,1,4,1,3,2139,21,0,0,6,1,5,1,800108,1000000
2024JP0006676,1,304.62,44,1,3,1,6,3861,38,6000,3,1,1,5,1,800106,1000000
2024JP0006677,1,304.62,2,1,5,1,3,1150,11,0,0,6,1,5,1,800100,1000000
2024JP0006678,1,304.62,17,1,1,1,13,4233,42,0,0,6,1,5,1,800104,1000000
2024JP0006679,1,304.62,35,2,6,1,6,3847,38,5000,3,1,1,5,1,800109,1000000
2024JP0006680,1,304.62,15,1,5,1,12,3103,31,0,0,6,1,5,1,800100,1000000
2024JP0006681,1,304.62,39,2,3,1,6,8726,87,7000,1,4,1,1,1,800100,1000000
2024JP0006682,1,304.62,52,2,2,1,10,12385,123,7000,1,1,1,1,1,800101,1000000
2024JP0006683,1,304.62,34,2,2,1,7,4052,40,5000,1,1,1,5,1,800106,1000000
2024JP0006684,1,304.62,25,2,2,1,5,3009,30,5000,6,1,1,1,1,800103,1000000
2024JP0006685,1,304.62,43,1,6,1,7,6870,68,9800,1,1,1,1,1,800108,1000000
2024JP0006686,1,304.62,23,2,5,1,15,52259,501,5000,4,1,1,1,1,800106,1000000
2024JP0006687,1,304.62,44,1,1,1,8,6318,63,5000,4,1,1,1,1,800101,1000000
2024JP0006688,1,304.62,2,1,9,1,9,7116,71,0,0,6,1,5,1,800103,1000000
2024JP0006689,1,304.62,19,2,6,1,14,1191,11,6000,3,1,1,5,1,800107,1000000
2024JP0006690,1,304.62,42,2,3,1,11,33311,333,5000,6,1,1,2,1,800107,1000000
2024JP0006691,1,304.62,23,2,7,1,12,12549,125,9000,3,1,1,1,1,800100,1000000
2024JP0006692,1,304.62,99,2,4,1,10,19479,194,0,0,6,1,2,1,800101,1000000
2024JP0006693,1,304.62,8,2,3,1,2,1378,13,0,0,6,1,5,1,800105,1000000
2024JP0006694,1,304.62,26,2,3,1,6,2877,28,5000,1,1,1,1,1,800101,1000000
2024JP0006695,1,304.62,10,2,3,1,7,1905,19,0,0,6,1,5,1,800106,1000000
2024JP0006696,1,304.62,20,2,5,1,12,11162,111,5000,4,3,1,5,1,800103,1000000
2024JP0006697,1,304.62,9,2,1,1,7,3057,30,0,0,6,1,5,1,800105,1000000
2024JP0006698,1,304.62,59,2,7,1,5,9648,96,7000,6,1,1,1,1,800109,1000000
2024JP0006699,1,304.62,39,1,1,1,5,5060,50,8000,3,1,1,1,1,800109,1000000
2024JP0006700,1,304.62,23,1,1,1,12,46378,463,6000,3,1,1,5,1,800107,1000000
2024JP0006701,1,304.62,90,1,6,1,7,2614,26,0,0,6,1,1,1,800103,1000000
2024JP0006702,1,304.62,5,2,6,1,2,4093,40,0,0,6,1,5,1,800101,1000000
2024JP0006703,1,304.62,1,2,2,1,6,2824,28,0,0,6,1,5,1,800109,1000000
2024JP0006704,1,304.62,12,1,1,1,7,1572,15,0,0,6,1,5,1,800101,1000000
2024JP0006705,1,304.62,37,2,4,1,11,58749,501,3000,2,1,1,1,1,800107,1000000
2024JP0006706,1,304.62,58,1,4,1,10,8413,84,8000,6,1,1,1,1,800106,1000000
2024JP0006707,1,304.62,5,2,2,1,6,4696,46,0,0,6,1,5,1,800106,1000000
2024JP0006708,1,304.62,32,2,5,1,7,1918,19,9000,6,2,1,1,1,800103,1000000
2024JP0006709,1,304.62,17,1,1,1,15,17636,176,0,0,6,1,5,1,800107,1000000
2024JP0006710,1,304.62,32,2,1,1,8,16690,166,5000,1,1,1,1,1,800100,1000000
2024JP0006711,1,304.62,8,2,6,1,3,3320,33,0,0,6,1,5,1,800100,1000000
2024JP0006712,1,304.62,66,1,2,1,6,1297,12,5000,1,1,1,1,1,800108,1000000
2024JP0006713,1,304.62,13,2,8,1,1,3596,35,0,0,6,1,5,1,800107,1000000
2024JP0006714,1,304.62,19,2,7,1,14,5161,51,6000,3,1,1,5,1,800100,1000000
2024JP0006715,1,304.62,34,2,6,1,8,2754,27,7000,1,1,1,1,1,800100,1000000
2024JP0006716,1,304.62,10,2,5,1,2,2981,29,0,0,6,1,5,1,800108,1000000
2024JP0006717,1,304.62,4,2,1,1,3,2088,20,0,0,6,1,5,1,800105,1000000
2024JP0006718,1,304.62,11,1,3,1,5,1892,18,0,0,6,1,5,1,800106,1000000
2024JP0006719,1,304.62,55,1,4,1,12,32077,320,8000,1,1,1,1,1,800108,1000000
2024JP0006720,1,304.62,22,2,4,1,12,20267,202,3000,3,1,1,5,1,800105,1000000
2024JP0006721,1,304.62,16,2,1,1,10,10878,108,0,0,6,1,5,1,800100,1000000
2024JP0006722,1,304.62,12,1,2,1,3,1430,14,0,0,6,1,5,1,800103,1000000
2024JP0006723,1,304.62,61,1,1,1,9,11767,117,8000,1,1,1,1,1,800103,1000000
2024JP0006724,1,304.62,36,2,6,1,9,9689,96,6000,3,1,1,1,1,800108,1000000
2024JP0006725,1,304.62,26,1,8,1,6,5418,54,5000,3,1,1,1,1,800105,1000000
2024JP0006726,1,304.62,40,2,4,1,9,6887,68,6000,6,3,1,1,1,800101,1000000
2024JP0006727,1,304.62,52,1,5,1,8,6495,64,5000,3,1,1,5,1,800103,1000000
2024JP0006728,1,304.62,39,2,4,1,7,2861,28,6000,4,3,1,1,1,800108,1000000
2024JP0006729,1,304.62,51,1,2,1,7,3326,33,9000,1,1,1,5,1,800101,1000000
2024JP0006730,1,304.62,21,2,6,1,13,5601,56,7000,1,1,1,1,1,800104,1000000
2024JP0006731,1,304.62,38,1,1,1,11,14351,143,4000,1,3,1,1,1,800100,1000000
2024JP0006732,1,304.62,41,1,1,1,7,14389,143,9800,1,1,1,5,1,800107,1000000
2024JP0006733,1,304.62,13,2,2,1,7,8844,88,0,0,6,1,5,1,800104,1000000
2024JP0006734,1,304.62,45,2,3,1,6,16145,161,8000,3,5,1,1,1,800107,1000000
2024JP0006735,1,304.62,32,2,6,1,8,73126,501,5000,1,1,1,1,1,800104,1000000
2024JP0006736,1,304.62,42,2,1,1,13,46532,465,6000,1,1,1,1,1,800108,1000000
2024JP0006737,1,304.62,23,2,2,1,18,62858,501,1000,1,1,1,1,2,800109,1000000
2024JP0006738,1,304.62,41,1,1,1,15,23253,232,4000,1,1,1,1,1,800106,1000000
2024JP0006739,1,304.62,6,2,1,1,5,1881,18,0,0,6,1,5,1,800107,1000000
2024JP0006740,1,304.62,37,2,2,1,12,34485,344,6000,4,1,1,1,1,800103,1000000
2024JP0006741,1,304.62,29,1,3,1,11,33200,332,5000,4,1,1,5,1,800104,1000000
2024JP0006742,1,304.62,42,1,2,1,8,13940,139,5000,1,5,1,1,1,800102,1000000
2024JP0006743,1,304.62,1,1,5,1,2,1922,19,0,0,6,1,5,1,800102,1000000
2024JP0006744,1,304.62,28,1,7,1,8,1291,12,7000,1,1,1,5,1,800100,1000000
2024JP0006745,1,304.62,79,1,4,1,5,748,7,0,0,6,1,1,1,800106,1000000
2024JP0006746,1,304.62,38,2,1,1,10,10592,105,5000,4,1,1,1,1,800104,1000000
2024JP0006747,1,304.62,57,1,5,1,6,13598,135,8000,3,1,1,1,1,800107,1000000
2024JP0006748,1,304.62,57,1,3,1,10,40503,405,5000,1,1,1,5,1,800107,1000000
2024JP0006749,1,304.62,55,2,7,1,5,4512,45,8000,3,5,1,1,1,800101,1000000
2024JP0006750,1,304.62,8,1,3,1,4,10312,103,0,0,6,1,5,1,800103,1000000
2024JP0006751,1,304.62,19,2,7,1,14,15378,153,6000,1,2,1,5,1,800101,1000000
2024JP0006752,1,304.62,10,2,1,1,4,4168,41,0,0,6,1,5,1,800107,1000000
2024JP0006753,1,304.62,41,2,6,1,8,4116,41,8000,3,1,1,1,1,800104,1000000
2024JP0006754,1,304.62,2,1,6,1,1,1920,19,0,0,6,1,5,1,800103,1000000
2024JP0006755,1,304.62,6,1,7,1,5,655,6,0,0,6,1,5,1,800100,1000000
2024JP0006756,1,304.62,38,1,7,1,10,61163,501,7000,1,1,1,1,1,800106,1000000
2024JP0006757,1,304.62,20,2,6,1,14,3157,31,8000,1,1,1,5,1,800108,1000000
2024JP0006758,1,304.62,39,2,1,1,11,32948,329,4000,1,1,1,1,1,800106,1000000
2024JP0006759,1,304.62,41,2,1,1,9,22790,227,2000,1,3,1,2,1,800106,1000000
2024JP0006760,1,304.62,12,1,3,1,3,1062,10,0,0,6,1,5,1,800107,1000000
2024JP0006761,1,304.62,26,2,2,1,7,4329,43,9000,3,1,1,5,1,800101,1000000
2024JP0006762,1,304.62,27,2,2,1,8,1537,15,8000,1,1,1,1,1,800105,1000000
2024JP0006763,1,304.62,2,1,2,1,2,3333,33,0,0,6,1,5,1,800100,1000000
2024JP0006764,1,304.62,27,2,3,1,9,4443,44,5000,4,1,1,5,1,800102,1000000
2024JP0006765,1,304.62,59,1,6,1,5,1458,14,9800,6,1,1,5,1,800104,1000000
2024JP0006766,1,304.62,53,1,7,1,7,666,6,9000,3,5,1,1,1,800103,1000000
2024JP0006767,1,304.62,42,2,2,1,5,8011,80,9000,6,2,1,1,1,800107,1000000
2024JP0006768,1,304.62,83,2,2,1,5,2141,21,0,0,6,1,4,1,800103,1000000
2024JP0006769,1,304.62,9,2,6,1,1,1738,17,0,0,6,1,5,1,800102,1000000
2024JP0006770,1,304.62,29,2,6,1,12,5015,50,9000,4,5,1,5,1,800100,1000000
2024JP0006771,1,304.62,29,2,3,1,10,3185,31,3000,1,5,1,1,1,800108,1000000
2024JP0006772,1,304.62,5,1,7,1,1,4594,45,0,0,6,1,5,1,800103,1000000
2024JP0006773,1,304.62,50,2,6,1,6,10241,102,5000,3,5,1,1,1,800105,1000000
2024JP0006774,1,304.62,11,2,8,1,1,654,6,0,0,6,1,5,1,800100,1000000
2024JP0006775,1,304.62,29,1,3,1,9,11306,113,7000,4,1,1,5,1,800105,1000000
2024JP0006776,1,304.62,5,2,3,1,6,957,9,0,0,6,1,5,1,800102,1000000
2024JP0006777,1,304.62,24,2,6,1,15,31255,312,6000,1,1,1,5,1,800105,1000000
2024JP0006778,1,304.62,21,2,7,1,15,6233,62,5000,1,1,1,5,1,800103,1000000
2024JP0006779,1,304.62,26,2,5,1,10,11476,114,8000,1,1,1,5,1,800102,1000000
2024JP0006780,1,304.62,35,1,4,1,5,5556,55,8000,4,1,1,1,1,800102,1000000
2024JP0006781,1,304.62,37,1,8,1,12,5655,56,2000,3,1,1,1,1,800106,1000000
2024JP0006782,1,304.62,11,1,2,1,1,589,5,0,0,6,1,5,1,800102,1000000
2024JP0006783,1,304.62,18,1,8,1,14,9647,96,8000,4,1,1,5,1,800106,1000000
2024JP0006784,1,304.62,42,1,9,1,7,5522,55,9000,3,4,1,1,1,800106,1000000
2024JP0006785,1,304.62,34,1,2,1,14,43992,439,2000,1,2,1,1,1,800105,1000000
2024JP0006786,1,304.62,33,2,6,1,7,14665,146,6000,1,1,1,1,1,800109,1000000
2024JP0006787,1,304.62,3,1,3,1,2,1685,16,0,0,6,1,5,1,800104,1000000
2024JP0006788,1,304.62,1,2,2,1,6,5301,53,0,0,6,1,5,1,800107,1000000
2024JP0006789,1,304.62,2,1,6,1,1,13098,130,0,0,6,1,5,1,800109,1000000
2024JP0006790,1,304.62,28,2,6,1,14,36187,361,3000,2,1,1,1,1,800108,1000000
2024JP0006791,1,304.62,11,1,7,1,4,5992,59,0,0,6,1,5,1,800102,1000000
2024JP0006792,1,304.62,22,1,3,1,15,18819,188,4000,1,3,1,5,1,800100,1000000
2024JP0006793,1,304.62,23,1,1,1,14,26166,261,7000,1,1,1,1,1,800101,1000000
2024JP0006794,1,304.62,44,2,2,1,6,1929,19,9000,1,1,1,1,1,800108,1000000
2024JP0006795,1,304.62,18,2,6,1,13,9145,91,5000,4,1,1,1,1,800100,1000000
2024JP0006796,1,304.62,33,1,5,1,7,4845,48,9920,4,3,1,5,1,800104,1000000
2024JP0006797,1,304.62,56,1,1,1,7,2420,24,7000,6,5,1,1,1,800102,1000000
2024JP0006798,1,304.62,0,2,7,1,3,2927,29,0,0,6,1,5,1,800102,1000000
2024JP0006799,1,304.62,52,1,4,1,6,21561,215,7000,6,2,1,1,1,800105,1000000
2024JP0006800,1,304.62,12,2,3,1,5,1560,15,0,0,6,1,5,1,800106,1000000
2024JP0006801,1,304.62,44,2,1,1,5,6287,62,5000,3,1,1,1,1,800108,1000000
2024JP0006802,1,304.62,4,2,1,1,8,1278,12,0,0,6,1,5,1,800106,1000000
2024JP0006803,1,304.62,93,1,6,1,7,1823,18,0,0,6,1,1,1,800102,1000000
2024JP0006804,1,304.62,10,2,1,1,7,2774,27,0,0,6,1,5,1,800106,1000000
2024JP0006805,1,304.62,18,1,4,1,13,10259,102,7000,4,1,1,5,1,800109,1000000
2024JP0006806,1,304.62,29,2,5,1,6,8210,82,6000,1,1,1,1,1,800103,1000000
2024JP0006807,1,304.62,59,2,4,1,5,2792,27,7000,4,1,1,1,1,800107,1000000
2024JP0006808,1,304.62,15,1,2,1,13,7002,70,0,0,6,1,5,1,800109,1000000
2024JP0006809,1,304.62,43,1,1,1,10,43336,433,2000,3,4,1,5,1,800109,1000000
2024JP0006810,1,304.62,23,2,8,1,14,9671,96,3000,1,1,1,5,1,800108,1000000
2024JP0006811,1,304.62,80,2,3,1,5,2095,20,0,0,6,1,1,1,800103,1000000
2024JP0006812,1,304.62,0,1,3,1,3,565,5,0,0,6,1,5,1,800108,1000000
2024JP0006813,1,304.62,15,2,6,1,12,2674,26,0,0,6,1,5,1,800106,1000000
2024JP0006814,1,304.62,87,1,5,1,6,6256,62,0,0,6,2,1,1,800107,1000000
2024JP0006815,1,304.62,62,1,1,1,7,3109,31,9920,4,1,1,1,1,800108,1000000
2024JP0006816,1,304.62,2,1,4,1,1,1625,16,0,0,6,1,5,1,800100,1000000
2024JP0006817,1,304.62,11,1,3,1,2,2192,21,0,0,6,5,5,1,800106,1000000
2024JP0006818,1,304.62,52,1,3,1,7,14710,147,6000,1,1,1,1,1,800102,1000000
2024JP0006819,1,304.62,97,2,8,1,5,2731,27,0,0,6,1,1,1,800107,1000000
2024JP0006820,1,304.62,32,2,5,1,5,18405,184,5000,1,1,1,1,1,800100,1000000
2024JP0006821,1,304.62,39,2,1,1,5,6023,60,8000,1,1,1,1,1,800108,1000000
2024JP0006822,1,304.62,26,2,1,1,9,13275,132,6000,1,2,1,1,1,800104,1000000
2024JP0006823,1,304.62,15,1,3,1,14,4223,42,0,0,6,1,5,1,800101,1000000
2024JP0006824,1,304.62,41,1,5,1,9,34458,344,3000,2,3,1,1,1,800106,1000000
2024JP0006825,1,304.62,10,1,8,1,3,768,7,0,0,6,1,5,1,800107,1000000
2024JP0006826,1,304.62,19,2,4,1,18,47256,472,4000,3,4,1,5,1,800101,1000000
2024JP0006827,1,304.62,33,2,6,1,12,50243,501,3000,2,1,1,1,1,800107,1000000
2024JP0006828,1,304.62,42,1,1,1,10,17805,178,4000,3,1,1,1,1,800101,1000000
2024JP0006829,1,304.62,8,1,2,1,1,2543,25,0,0,6,1,5,1,800103,1000000
2024JP0006830,1,304.62,6,2,3,1,1,2598,25,0,0,6,1,5,1,800103,1000000
2024JP0006831,1,304.62,15,2,2,1,13,9988,99,0,0,6,1,5,1,800103,1000000
2024JP0006832,1,304.62,19,1,2,1,17,31546,315,5000,1,1,1,5,1,800105,1000000
2024JP0006833,1,304.62,67,1,1,1,6,1192,11,6000,1,3,1,1,1,800100,1000000
2024JP0006834,1,304.62,10,2,5,1,3,426,4,0,0,6,1,5,1,800100,1000000
2024JP0006835,1,304.62,11,1,1,1,8,307,3,0,0,6,1,5,1,800103,1000000
2024JP0006836,1,304.62,14,2,7,1,6,411,4,0,0,6,1,5,1,800104,1000000
2024JP0006837,1,304.62,22,2,2,1,13,6882,68,5000,1,1,1,5,1,800102,1000000
2024JP0006838,1,304.62,3,1,4,1,1,5448,54,0,0,6,1,5,1,800108,1000000
2024JP0006839,1,304.62,76,1,3,1,8,6163,61,0,0,6,1,5,1,800107,1000000
2024JP0006840,1,304.62,24,2,2,1,13,10963,109,6000,1,1,1,5,1,800105,1000000
2024JP0006841,1,304.62,1,2,6,1,4,1604,16,0,0,6,1,5,1,800101,1000000
2024JP0006842,1,304.62,46,2,5,1,5,11464,114,9920,3,2,1,1,1,800106,1000000
2024JP0006843,1,304.62,29,2,6,1,11,25079,250,6000,6,1,1,1,1,800106,1000000
2024JP0006844,1,304.62,16,2,9,1,17,9349,93,0,0,6,1,5,1,800102,1000000
2024JP0006845,1,304.62,91,1,4,1,5,8669,86,0,0,6,1,1,1,800101,1000000
2024JP0006846,1,304.62,11,1,2,1,2,6199,61,0,0,6,1,5,1,800102,1000000
2024JP0006847,1,304.62,40,2,1,1,13,30681,306,5000,1,1,1,1,1,800105,1000000
2024JP0006848,1,304.62,38,2,1,1,13,23053,230,5000,1,1,1,1,1,800108,1000000
2024JP0006849,1,304.62,48,2,6,1,9,28095,280,2000,1,1,1,1,1,800102,1000000
2024JP0006850,1,304.62,40,1,7,1,6,1740,17,5000,3,1,1,1,1,800107,1000000
2024JP0006851,1,304.62,9,1,5,1,3,1356,13,0,0,6,1,5,1,800108,1000000
2024JP0006852,1,304.62,22,1,4,1,11,16615,166,9000,3,1,1,1,1,800101,1000000
2024JP0006853,1,304.62,71,2,5,1,10,6312,63,0,0,6,1,2,1,800101,1000000
2024JP0006854,1,304.62,16,2,4,1,14,4236,42,0,0,6,1,5,1,800106,1000000
2024JP0006855,1,304.62,11,2,3,1,5,9938,99,0,0,6,1,5,1,800104,1000000
2024JP0006856,1,304.62,53,1,1,1,6,3533,35,8000,4,4,1,1,1,800102,1000000
2024JP0006857,1,304.62,23,2,2,1,11,59758,501,5000,1,5,1,5,1,800107,1000000
2024JP0006858,1,304.62,21,2,1,1,14,13269,132,7000,1,1,1,5,1,800104,1000000
2024JP0006859,1,304.62,11,1,3,1,6,3272,32,0,0,6,1,5,1,800105,1000000
2024JP0006860,1,304.62,40,1,2,1,7,9008,90,5000,4,5,1,1,1,800105,1000000
2024JP0006861,1,304.62,12,1,3,1,2,3336,33,0,0,6,1,5,1,800102,1000000
2024JP0006862,1,304.62,13,2,7,1,7,4547,45,0,0,6,1,5,1,800103,1000000
2024JP0006863,1,304.62,20,1,4,1,14,1881,18,4000,3,1,1,5,1,800108,1000000
2024JP0006864,1,304.62,0,1,4,1,5,1341,13,0,0,6,1,5,1,800100,1000000
2024JP0006865,1,304.62,16,1,1,1,11,15676,156,0,0,6,1,5,1,800100,1000000
2024JP0006866,1,304.62,22,1,6,1,13,27807,278,2000,1,1,1,1,1,800106,1000000
2024JP0006867,1,304.62,46,2,1,1,10,150760,501,5000,3,5,1,2,1,800108,1000000
2024JP0006868,1,304.62,21,1,1,1,13,7639,76,9000,1,1,1,5,1,800104,1000000
2024JP0006869,1,304.62,12,2,3,1,3,6936,69,0,0,6,1,5,1,800102,1000000
2024JP0006870,1,304.62,1,1,4,1,3,915,9,0,0,6,1,5,1,800106,1000000
2024JP0006871,1,304.62,18,1,3,1,18,14779,147,6000,1,1,1,5,1,800103,1000000
2024JP0006872,1,304.62,43,1,2,1,6,6575,65,9800,4,1,1,1,1,800103,1000000
2024JP0006873,1,304.62,14,1,3,1,3,3773,37,0,0,6,1,5,1,800100,1000000
2024JP0006874,1,304.62,18,1,6,1,11,9301,93,5000,4,1,1,5,1,800108,1000000
2024JP0006875,1,304.62,2,1,7,1,2,2369,23,0,0,6,1,5,1,800106,1000000
2024JP0006876,1,304.62,65,1,2,1,7,2954,29,9920,1,2,1,1,1,800103,1000000
2024JP0006877,1,304.62,11,1,4,1,3,3171,31,0,0,6,1,5,1,800105,1000000
2024JP0006878,1,304.62,51,2,1,1,13,64592,501,6000,3,1,1,5,1,800103,1000000
2024JP0006879,1,304.62,1,2,7,1,2,1692,16,0,0,6,1,5,1,800100,1000000
2024JP0006880,1,304.62,45,1,4,1,10,41799,417,8000,6,1,1,1,1,800103,1000000
2024JP0006881,1,304.62,4,1,2,1,4,1644,16,0,0,6,1,5,1,800108,1000000
2024JP0006882,1,304.62,11,2,1,1,9,3973,39,0,0,6,1,5,1,800100,1000000
2024JP0006883,1,304.62,30,1,3,1,9,55694,501,6000,1,1,1,1,1,800106,1000000
2024JP0006884,1,304.62,3,1,1,1,4,4042,40,0,0,6,1,5,1,800108,1000000
2024JP0006885,1,304.62,3,2,2,1,3,1150,11,0,0,6,1,5,1,800101,1000000
2024JP0006886,1,304.62,25,1,3,1,10,28087,280,8000,4,1,1,5,1,800109,1000000
2024JP0006887,1,304.62,4,2,7,1,5,702,7,0,0,6,1,5,1,800101,1000000
2024JP0006888,1,304.62,13,2,7,1,4,3803,38,0,0,6,1,5,1,800104,1000000
2024JP0006889,1,304.62,32,2,4,1,5,1764,17,6000,3,4,1,1,1,800107,1000000
2024JP0006890,1,304.62,13,2,6,1,3,5385,53,0,0,6,1,5,1,800104,1000000
2024JP0006891,1,304.62,18,2,2,1,10,4701,47,7000,1,1,1,5,1,800108,1000000
2024JP0006892,1,304.62,96,2,6,1,9,18783,187,0,0,6,1,1,1,800106,1000000
2024JP0006893,1,304.62,9,1,1,1,5,1197,11,0,0,6,1,5,1,800109,1000000
2024JP0006894,1,304.62,55,1,1,1,12,10341,103,7000,6,1,1,1,1,800104,1000000
2024JP0006895,1,304.62,5,2,2,1,2,1592,15,0,0,6,1,5,1,800107,1000000
2024JP0006896,1,304.62,6,2,3,1,2,2729,27,0,0,6,1,5,1,800103,1000000
2024JP0006897,1,304.62,28,2,6,1,5,6640,66,5000,4,1,1,1,1,800108,1000000
2024JP0006898,1,304.62,56,2,1,1,14,14643,146,7000,3,1,1,2,1,800101,1000000
2024JP0006899,1,304.62,34,1,1,1,8,11300,112,9000,1,1,1,1,1,800108,1000000
2024JP0006900,1,304.62,25,2,1,1,8,7287,72,7000,3,1,1,1,1,800109,1000000
2024JP0006901,1,304.62,7,1,2,1,5,1826,18,0,0,6,1,5,1,800106,1000000
2024JP0006902,1,304.62,50,1,8,1,10,24291,242,5000,6,3,1,5,1,800106,1000000
2024JP0006903,1,304.62,29,1,3,1,6,2840,28,9920,1,1,1,1,1,800102,1000000
2024JP0006904,1,304.62,31,2,7,1,12,58021,501,2000,3,1,1,1,1,800102,1000000
2024JP0006905,1,304.62,15,1,2,1,15,12098,120,0,0,6,1,5,1,800103,1000000
2024JP0006906,1,304.62,27,2,1,1,11,9673,96,1000,2,1,1,1,1,800101,1000000
2024JP0006907,1,304.62,6,2,2,1,1,5159,51,0,0,6,1,5,1,800100,1000000
2024JP0006908,1,304.62,44,1,1,1,7,5520,55,8000,3,5,1,5,1,800109,1000000
2024JP0006909,1,304.62,96,1,1,1,8,8145,81,0,0,6,1,2,1,800106,1000000
2024JP0006910,1,304.62,7,2,5,1,1,3092,30,0,0,6,1,5,1,800105,1000000
2024JP0006911,1,304.62,48,1,6,1,6,19040,190,6000,4,1,1,1,1,800103,1000000
2024JP0006912,1,304.62,23,2,1,1,11,26300,263,6000,4,1,1,1,1,800107,1000000
2024JP0006913,1,304.62,13,2,4,1,1,4760,47,0,0,6,1,5,1,800103,1000000
2024JP0006914,1,304.62,4,1,2,1,3,1087,10,0,0,6,5,5,1,800101,1000000
2024JP0006915,1,304.62,11,2,3,1,1,744,7,0,0,6,1,5,1,800107,1000000
2024JP0006916,1,304.62,33,2,7,1,7,4293,42,9800,3,1,1,5,1,800108,1000000
2024JP0006917,1,304.62,9,2,5,1,5,2422,24,0,0,6,1,5,1,800101,1000000
2024JP0006918,1,304.62,37,1,1,1,5,5217,52,5000,3,1,1,1,1,800106,1000000
2024JP0006919,1,304.62,38,1,1,1,9,37789,377,5000,3,1,5,5,1,800100,1000000
2024JP0006920,1,304.62,52,1,4,1,10,26870,268,4000,1,1,1,1,1,800103,1000000
2024JP0006921,1,304.62,31,1,1,1,5,2160,21,9800,3,5,1,1,1,800104,1000000
2024JP0006922,1,304.62,9,1,2,1,2,8692,86,0,0,6,1,5,1,800107,1000000
2024JP0006923,1,304.62,40,1,6,1,7,7274,72,7000,4,1,1,5,1,800108,1000000
2024JP0006924,1,304.62,36,1,2,1,8,8296,82,5000,6,2,1,1,1,800100,1000000
2024JP0006925,1,304.62,19,2,4,1,11,9102,91,2000,2,5,1,1,1,800105,1000000
2024JP0006926,1,304.62,26,1,1,1,11,55599,501,2000,1,1,1,1,1,800105,1000000
2024JP0006927,1,304.62,4,1,1,1,7,5561,55,0,0,6,1,5,1,800103,1000000
2024JP0006928,1,304.62,56,1,1,1,15,81541,501,4000,1,1,1,5,1,800102,1000000
2024JP0006929,1,304.62,32,2,2,1,6,15835,158,5000,4,1,1,1,1,800100,1000000
2024JP0006930,1,304.62,21,1,5,1,19,44858,448,2000,2,1,1,5,1,800105,1000000
2024JP0006931,1,304.62,8,2,2,1,3,973,9,0,0,6,1,5,1,800106,1000000
2024JP0006932,1,304.62,10,2,7,1,2,1458,14,0,0,6,1,5,1,800109,1000000
2024JP0006933,1,304.62,43,2,1,1,13,16210,162,6000,3,2,1,5,1,800108,1000000
2024JP0006934,1,304.62,28,1,6,1,8,35365,353,9800,1,2,1,5,1,800102,1000000
2024JP0006935,1,304.62,31,1,1,1,6,6873,68,9800,1,1,1,1,1,800102,1000000
2024JP0006936,1,304.62,5,1,6,1,3,273,2,0,0,6,1,5,1,800109,1000000
2024JP0006937,1,304.62,2,1,5,1,2,5346,53,0,0,6,1,5,1,800106,1000000
2024JP0006938,1,304.62,22,1,6,1,11,30304,303,8000,3,2,1,1,1,800107,1000000
2024JP0006939,1,304.62,14,1,5,1,3,6567,65,0,0,6,1,5,1,800103,1000000
2024JP0006940,1,304.62,56,1,2,1,5,28168,281,9000,4,1,1,4,1,800107,1000000
2024JP0006941,1,304.62,5,2,1,1,3,4425,44,0,0,6,1,5,1,800107,1000000
2024JP0006942,1,304.62,34,1,2,1,6,3711,37,5000,3,1,1,1,1,800103,1000000
2024JP0006943,1,304.62,30,2,6,1,8,12530,125,5000,3,1,1,1,1,800104,1000000
2024JP0006944,1,304.62,17,2,7,1,16,35716,357,0,0,6,1,5,1,800106,1000000
2024JP0006945,1,304.62,32,1,7,1,8,18577,185,7000,1,4,1,1,1,800107,1000000
2024JP0006946,1,304.62,60,1,6,1,6,2226,22,9000,3,1,1,5,1,800106,1000000
2024JP0006947,1,304.62,35,1,1,1,10,27693,276,9000,1,3,1,1,1,800104,1000000
2024JP0006948,1,304.62,47,2,3,1,8,6565,65,9920,1,1,1,1,1,800102,1000000
2024JP0006949,1,304.62,18,2,2,1,15,15403,154,6000,1,1,1,1,1,800109,1000000
2024JP0006950,1,304.62,13,1,2,1,6,3913,39,0,0,6,1,5,1,800106,1000000
2024JP0006951,1,304.62,29,1,6,1,11,13403,134,2000,1,1,1,1,1,800109,1000000
2024JP0006952,1,304.62,17,1,3,1,14,6944,69,0,0,6,1,5,1,800105,1000000
2024JP0006953,1,304.62,11,1,4,1,1,5301,53,0,0,6,1,5,1,800104,1000000
2024JP0006954,1,304.62,15,1,2,1,13,35876,358,0,0,6,1,5,1,800101,1000000
2024JP0006955,1,304.62,10,2,2,1,4,5624,56,0,0,6,1,5,1,800105,1000000
2024JP0006956,1,304.62,32,2,6,1,9,15349,153,8000,6,1,1,5,1,800105,1000000
2024JP0006957,1,304.62,15,1,1,1,13,3676,36,0,0,6,1,5,1,800107,1000000
2024JP0006958,1,304.62,17,1,1,1,15,5294,52,0,0,6,1,5,1,800100,1000000
2024JP0006959,1,304.62,22,2,6,1,12,16387,163,5000,1,1,1,5,1,800106,1000000
2024JP0006960,1,304.62,23,1,6,1,14,26382,263,5000,4,1,1,5,1,800102,1000000
2024JP0006961,1,304.62,13,2,1,1,5,2268,22,0,0,6,1,5,1,800102,1000000
2024JP0006962,1,304.62,33,2,3,1,14,13299,132,7000,6,1,1,1,1,800109,1000000
2024JP0006963,1,304.62,25,1,1,1,13,7146,71,6000,1,5,1,1,1,800104,1000000
2024JP0006964,1,304.62,16,1,4,1,14,28218,282,0,0,6,1,5,1,800104,1000000
2024JP0006965,1,304.62,55,1,2,1,10,6483,64,2000,3,5,1,1,1,800101,1000000
2024JP0006966,1,304.62,20,1,2,1,19,58938,501,3000,2,4,1,5,1,800107,1000000
2024JP0006967,1,304.62,0,2,2,1,3,6152,61,0,0,6,1,5,1,800104,1000000
2024JP0006968,1,304.62,41,1,3,1,14,16396,163,4000,3,1,1,1,1,800100,1000000
2024JP0006969,1,304.62,46,2,2,1,11,11337,113,7000,6,1,1,1,1,800102,1000000
2024JP0006970,1,304.62,50,1,6,1,8,4551,45,9920,1,4,2,1,1,800100,1000000
2024JP0006971,1,304.62,24,1,1,1,19,86057,501,3000,3,1,1,5,1,800102,1000000
2024JP0006972,1,304.62,39,1,1,1,6,4369,43,9800,6,1,1,1,1,800100,1000000
2024JP0006973,1,304.62,31,1,2,1,10,20134,201,8000,1,1,1,1,1,800106,1000000
2024JP0006974,1,304.62,3,2,2,1,2,1968,19,0,0,6,1,5,1,800101,1000000
2024JP0006975,1,304.62,10,1,2,1,4,1831,18,0,0,6,1,5,1,800104,1000000
2024JP0006976,1,304.62,40,2,7,1,13,18755,187,2000,2,1,1,1,1,800108,1000000
2024JP0006977,1,304.62,42,2,7,1,10,39849,398,5000,4,1,1,1,1,800102,1000000
2024JP0006978,1,304.62,10,2,1,1,6,3435,34,0,0,6,1,5,1,800109,1000000
2024JP0006979,1,304.62,34,2,1,1,5,11571,115,9000,1,2,1,5,1,800109,1000000
2024JP0006980,1,304.62,3,2,3,1,6,5775,57,0,0,6,1,5,1,800104,1000000
2024JP0006981,1,304.62,30,1,1,1,5,7497,74,7000,4,5,1,5,1,800105,1000000
2024JP0006982,1,304.62,10,2,4,1,5,1760,17,0,0,6,1,5,1,800109,1000000
2024JP0006983,1,304.62,22,2,5,1,13,9166,91,2000,2,2,1,1,1,800102,1000000
2024JP0006984,1,304.62,14,2,4,1,2,470,4,0,0,6,1,5,1,800109,1000000
2024JP0006985,1,304.62,15,1,4,1,18,17120,171,0,0,6,1,5,1,800109,1000000
2024JP0006986,1,304.62,29,1,4,1,9,34182,341,4000,1,1,1,1,1,800105,1000000
2024JP0006987,1,304.62,26,2,1,1,8,13981,139,5000,4,1,1,5,1,800109,1000000
2024JP0006988,1,304.62,54,1,1,1,9,28076,280,3000,1,1,1,1,1,800105,1000000
2024JP0006989,1,304.62,3,1,2,1,1,3038,30,0,0,6,1,5,1,800106,1000000
2024JP0006990,1,304.62,22,2,3,1,14,8954,89,6000,4,1,1,5,1,800103,1000000
2024JP0006991,1,304.62,0,1,6,1,3,2868,28,0,0,6,1,5,1,800101,1000000
2024JP0006992,1,304.62,33,1,3,1,13,9710,97,5000,1,1,1,1,1,800109,1000000
2024JP0006993,1,304.62,47,1,2,1,7,2673,26,8000,4,1,1,1,1,800109,1000000
2024JP0006994,1,304.62,27,2,1,1,6,2598,25,6000,1,1,1,5,1,800108,1000000
2024JP0006995,1,304.62,37,1,3,1,13,93199,501,8000,1,1,1,1,1,800105,1000000
2024JP0006996,1,304.62,24,2,3,1,16,58675,501,6000,3,1,1,5,1,800101,1000000
2024JP0006997,1,304.62,44,2,1,1,9,27195,271,1000,1,1,1,1,1,800106,1000000
2024JP0006998,1,304.62,41,1,6,1,11,23551,235,2000,1,2,1,1,1,800100,1000000
2024JP0006999,1,304.62,63,1,6,1,5,8300,83,5000,4,1,1,1,1,800108,1000000
2024JP0007000,1,304.62,3,1,4,1,3,2647,26,0,0,6,1,5,1,800101,1000000
2024JP0007001,1,304.62,26,1,1,1,5,1930,19,6000,1,1,1,1,1,800102,1000000
2024JP0007002,1,304.62,10,1,6,1,3,4421,44,0,0,6,1,5,1,800106,1000000
2024JP0007003,1,304.62,17,2,3,1,14,6749,67,0,0,6,1,5,1,800100,1000000
2024JP0007004,1,304.62,12,2,1,1,5,766,7,0,0,6,1,5,1,800103,1000000
2024JP0007005,1,304.62,31,2,3,1,6,21146,211,9800,3,1,1,1,1,800102,1000000
2024JP0007006,1,304.62,21,1,2,1,13,2044,20,8000,3,1,1,1,1,800103,1000000
2024JP0007007,1,304.62,7,1,2,1,7,1177,11,0,0,6,1,5,1,800109,1000000
2024JP0007008,1,304.62,10,2,6,1,5,3005,30,0,0,6,1,5,1,800104,1000000
2024JP0007009,1,304.62,15,1,2,1,10,6473,64,0,0,6,1,5,1,800101,1000000
2024JP0007010,1,304.62,53,2,1,1,10,10486,104,6000,4,3,1,1,1,800102,1000000
2024JP0007011,1,304.62,25,1,4,1,10,17375,173,5000,1,1,1,1,1,800104,1000000
2024JP0007012,1,304.62,3,1,3,1,6,1188,11,0,0,6,1,5,1,800100,1000000
2024JP0007013,1,304.62,39,1,4,1,14,7921,79,6000,1,1,1,1,1,800104,1000000
2024JP0007014,1,304.62,32,2,1,1,11,8317,83,8000,1,1,1,1,1,800101,1000000
2024JP0007015,1,304.62,24,2,7,1,10,4253,42,5000,1,1,1,5,1,800109,1000000
2024JP0007016,1,304.62,37,1,2,1,9,21252,212,9000,6,1,5,1,1,800103,1000000
2024JP0007017,1,304.62,0,2,1,1,2,1465,14,0,0,6,1,5,1,800101,1000000
2024JP0007018,1,304.62,49,2,2,1,6,5674,56,5000,6,1,1,1,1,800106,1000000
2024JP0007019,1,304.62,1,2,1,1,5,2000,20,0,0,6,1,5,1,800108,1000000
2024JP0007020,1,304.62,20,2,6,1,14,4256,42,6000,1,1,1,5,1,800105,1000000
2024JP0007021,1,304.62,36,2,2,1,6,22029,220,5000,1,1,1,1,1,800104,1000000
2024JP0007022,1,304.62,14,1,5,1,4,1346,13,0,0,6,1,5,1,800109,1000000
2024JP0007023,1,304.62,52,1,2,1,12,24462,244,5000,1,2,1,1,1,800108,1000000
2024JP0007024,1,304.62,54,1,3,1,7,6773,67,9920,4,1,1,1,1,800106,1000000
2024JP0007025,1,304.62,4,1,5,1,4,718,7,0,0,6,1,5,1,800108,1000000
2024JP0007026,1,304.62,37,1,1,1,7,23708,237,8000,3,1,1,1,1,800101,1000000
2024JP0007027,1,304.62,76,2,1,1,6,29698,296,0,0,6,1,1,1,800106,1000000
2024JP0007028,1,304.62,53,2,6,1,11,9574,95,7000,3,1,1,1,1,800100,1000000
2024JP0007029,1,304.62,34,2,2,1,5,2153,21,6000,1,1,1,1,1,800107,1000000
2024JP0007030,1,304.62,43,2,2,1,12,18688,186,9800,3,1,1,1,1,800106,1000000
2024JP0007031,1,304.62,10,2,6,1,2,3550,35,0,0,6,1,5,1,800103,1000000
2024JP0007032,1,304.62,33,1,5,1,9,34345,343,9000,3,1,1,1,1,800108,1000000
2024JP0007033,1,304.62,32,1,6,1,11,24922,249,7000,4,1,1,1,1,800105,1000000
2024JP0007034,1,304.62,36,2,5,1,14,18598,185,6000,1,3,1,1,1,800107,1000000
2024JP0007035,1,304.62,2,2,3,1,1,927,9,0,0,6,1,5,1,800104,1000000
2024JP0007036,1,304.62,4,1,1,1,1,1820,18,0,0,6,1,5,1,800105,1000000
2024JP0007037,1,304.62,55,2,1,1,6,2744,27,9920,4,5,1,1,1,800105,1000000
2024JP0007038,1,304.62,8,1,4,1,2,7922,79,0,0,6,1,5,1,800103,1000000
2024JP0007039,1,304.62,21,2,3,1,15,14319,143,6000,1,1,1,5,1,800104,1000000
2024JP0007040,1,304.62,13,1,2,1,1,1842,18,0,0,6,1,5,1,800100,1000000
2024JP0007041,1,304.62,1,1,2,1,3,1867,18,0,0,6,1,5,1,800105,1000000
2024JP0007042,1,304.62,4,1,1,1,4,4069,40,0,0,6,1,5,1,800104,1000000
2024JP0007043,1,304.62,53,1,1,1,5,11142,111,7000,1,1,1,5,1,800103,1000000
2024JP0007044,1,304.62,56,1,1,1,9,13793,137,7000,1,1,1,1,1,800107,1000000
2024JP0007045,1,304.62,11,1,6,1,5,8302,83,0,0,6,1,5,1,800107,1000000
2024JP0007046,1,304.62,23,1,4,1,10,18869,188,6000,1,1,1,1,1,800104,1000000
2024JP0007047,1,304.62,11,1,7,1,2,842,8,0,0,6,1,5,1,800109,1000000
2024JP0007048,1,304.62,22,1,6,1,10,41366,413,2000,1,1,1,1,1,800108,1000000
2024JP0007049,1,304.62,3,2,5,1,3,2044,20,0,0,6,1,5,1,800100,1000000
2024JP0007050,1,304.62,34,2,2,1,8,9488,94,5000,1,1,1,1,1,800101,1000000
2024JP0007051,1,304.62,2,1,2,1,6,2068,20,0,0,6,1,5,1,800104,1000000
2024JP0007052,1,304.62,53,1,6,1,5,2651,26,9800,3,4,1,3,1,800100,1000000
2024JP0007053,1,304.62,4,2,4,1,2,777,7,0,0,6,1,5,1,800104,1000000
2024JP0007054,1,304.62,21,2,2,1,13,13346,133,2000,3,1,1,5,1,800104,1000000
2024JP0007055,1,304.62,11,2,1,1,4,6705,67,0,0,6,1,5,1,800100,1000000
2024JP0007056,1,304.62,3,1,2,1,4,6333,63,0,0,6,1,5,1,800105,1000000
2024JP0007057,1,304.62,19,2,3,1,19,31275,312,4000,1,1,1,1,1,800100,1000000
2024JP0007058,1,304.62,31,1,3,1,8,1622,16,6000,1,1,1,1,1,800103,1000000
2024JP0007059,1,304.62,30,2,4,1,5,10913,109,9000,1,1,1,1,1,800108,1000000
2024JP0007060,1,304.62,20,1,2,1,16,12622,126,3000,2,1,1,1,1,800102,1000000
2024JP0007061,1,304.62,34,1,5,1,10,23082,230,8000,1,1,1,5,1,800109,1000000
2024JP0007062,1,304.62,29,2,4,1,9,19382,193,6000,4,1,1,5,1,800106,1000000
2024JP0007063,1,304.62,17,2,1,1,13,2222,22,0,0,6,1,5,1,800109,1000000
2024JP0007064,1,304.62,44,1,1,1,7,3106,31,7000,3,1,1,1,1,800103,1000000
2024JP0007065,1,304.62,74,1,2,1,8,3342,33,0,0,6,1,1,1,800103,1000000
2024JP0007066,1,304.62,14,1,6,1,5,6278,62,0,0,6,1,5,1,800109,1000000
2024JP0007067,1,304.62,10,1,4,1,3,2776,27,0,0,6,1,5,1,800108,1000000
2024JP0007068,1,304.62,34,2,8,1,7,8170,81,7000,6,1,1,1,1,800100,1000000
2024JP0007069,1,304.62,30,2,7,1,8,10051,100,6000,1,1,1,2,1,800107,1000000
2024JP0007070,1,304.62,18,1,7,1,14,13304,133,7000,1,1,1,5,1,800106,1000000
2024JP0007071,1,304.62,6,1,6,1,1,3012,30,0,0,6,1,5,1,800106,1000000
2024JP0007072,1,304.62,88,2,1,1,6,2576,25,0,0,6,1,1,1,800103,1000000
2024JP0007073,1,304.62,29,2,2,1,15,16571,165,3000,1,5,1,5,1,800109,1000000
2024JP0007074,1,304.62,92,1,1,1,8,2830,28,0,0,6,1,1,1,800107,1000000
2024JP0007075,1,304.62,38,2,2,1,9,22307,223,9000,3,1,1,1,1,800105,1000000
2024JP0007076,1,304.62,12,2,8,1,3,4467,44,0,0,6,1,5,1,800107,1000000
2024JP0007077,1,304.62,1,1,4,1,3,2512,25,0,0,6,1,5,1,800109,1000000
2024JP0007078,1,304.62,29,2,9,1,10,25134,251,1000,3,1,1,1,1,800100,1000000
2024JP0007079,1,304.62,51,1,7,1,12,4381,43,7000,1,1,1,2,1,800106,1000000
2024JP0007080,1,304.62,15,2,4,1,12,2181,21,0,0,6,1,5,1,800108,1000000
2024JP0007081,1,304.62,57,2,3,1,11,21360,213,1000,3,1,1,5,1,800106,1000000
2024JP0007082,1,304.62,11,1,2,1,2,3163,31,0,0,6,1,5,1,800101,1000000
2024JP0007083,1,304.62,30,2,8,1,5,8309,83,6000,3,1,1,5,1,800104,1000000
2024JP0007084,1,304.62,8,2,6,1,8,2951,29,0,0,6,1,5,1,800102,1000000
2024JP0007085,1,304.62,49,2,5,1,7,3092,30,9800,1,3,1,1,1,800105,1000000
2024JP0007086,1,304.62,4,1,6,1,1,3736,37,0,0,6,1,5,1,800106,1000000
2024JP0007087,1,304.62,18,2,1,1,14,5028,50,3000,1,3,1,5,1,800101,1000000
2024JP0007088,1,304.62,4,1,1,1,3,6107,61,0,0,6,1,5,1,800106,1000000
2024JP0007089,1,304.62,12,1,3,1,4,1277,12,0,0,6,1,5,1,800104,1000000
2024JP0007090,1,304.62,42,1,6,1,12,24889,248,7000,4,1,1,1,1,800109,1000000
2024JP0007091,1,304.62,94,2,1,1,5,5800,57,0,0,6,1,5,1,800108,1000000
2024JP0007092,1,304.62,12,1,1,1,2,1124,11,0,0,6,1,5,1,800102,1000000
2024JP0007093,1,304.62,6,2,2,1,1,865,8,0,0,6,1,5,1,800100,1000000
2024JP0007094,1,304.62,59,2,9,1,9,3685,36,9000,1,1,1,1,1,800100,1000000
2024JP0007095,1,304.62,99,1,4,1,6,1464,14,0,0,6,1,1,1,800100,1000000
2024JP0007096,1,304.62,48,1,7,1,9,14300,143,5000,1,1,1,2,1,800104,1000000
2024JP0007097,1,304.62,7,1,7,1,3,3549,35,0,0,6,1,5,1,800102,1000000
2024JP0007098,1,304.62,24,1,6,1,17,92190,501,6000,3,1,1,5,1,800109,1000000
2024JP0007099,1,304.62,18,1,6,1,14,3431,34,7000,3,1,1,5,1,800108,1000000
2024JP0007100,1,304.62,34,2,3,1,12,36389,363,9000,4,1,1,1,1,800105,1000000
2024JP0007101,1,304.62,14,1,4,1,1,1421,14,0,0,6,1,5,1,800100,1000000
2024JP0007102,1,304.62,1,1,5,1,4,3065,30,0,0,6,1,5,1,800105,1000000
2024JP0007103,1,304.62,10,1,4,1,2,2534,25,0,0,6,1,5,1,800107,1000000
2024JP0007104,1,304.62,51,1,6,1,8,42549,425,7000,1,1,1,5,1,800109,1000000
2024JP0007105,1,304.62,35,2,1,1,9,32495,324,1000,1,1,1,1,1,800103,1000000
2024JP0007106,1,304.62,15,1,8,1,12,2519,25,0,0,6,1,5,1,800102,1000000
2024JP0007107,1,304.62,31,1,3,1,7,10295,102,5000,3,1,1,1,1,800105,1000000
2024JP0007108,1,304.62,39,2,1,1,9,18527,185,5000,1,1,1,1,1,800106,1000000
2024JP0007109,1,304.62,19,1,5,1,11,12914,129,9000,1,1,1,5,1,800104,1000000
2024JP0007110,1,304.62,98,2,4,1,5,1101,11,0,0,6,1,1,1,800108,1000000
2024JP0007111,1,304.62,11,1,4,1,2,5051,50,0,0,6,1,5,1,800105,1000000
2024JP0007112,1,304.62,10,1,3,1,4,1197,11,0,0,6,1,5,1,800104,1000000
2024JP0007113,1,304.62,48,1,1,1,10,20911,209,2000,1,1,1,1,1,800107,1000000
2024JP0007114,1,304.62,38,1,5,1,7,5209,52,9000,3,1,1,1,1,800104,1000000
2024JP0007115,1,304.62,2,2,4,1,2,11239,112,0,0,6,1,5,1,800101,1000000
2024JP0007116,1,304.62,35,2,1,1,7,13316,133,7000,3,1,1,1,1,800102,1000000
2024JP0007117,1,304.62,4,2,6,1,1,5190,51,0,0,6,1,5,1,800103,1000000
2024JP0007118,1,304.62,21,2,1,1,16,17193,171,5000,3,1,1,5,1,800109,1000000
2024JP0007119,1,304.62,28,1,1,1,9,9613,96,2000,3,1,1,1,1,800104,1000000
2024JP0007120,1,304.62,57,1,1,1,7,5539,55,5000,1,1,1,2,1,800106,1000000
2024JP0007121,1,304.62,8,2,8,1,5,773,7,0,0,6,1,5,1,800101,1000000
2024JP0007122,1,304.62,11,1,5,1,1,4930,49,0,0,6,1,5,1,800109,1000000
2024JP0007123,1,304.62,17,2,3,1,13,4269,42,0,0,6,1,5,1,800104,1000000
2024JP0007124,1,304.62,19,2,5,1,15,15017,150,2000,1,1,1,5,1,800103,1000000
2024JP0007125,1,304.62,31,1,6,1,5,8299,82,7000,6,1,1,1,1,800108,1000000
2024JP0007126,1,304.62,39,1,6,1,13,26507,265,5000,3,1,1,1,1,800108,1000000
2024JP0007127,1,304.62,4,2,6,1,5,1086,10,0,0,6,1,5,1,800101,1000000
2024JP0007128,1,304.62,30,1,6,1,12,32986,329,9000,4,1,1,1,1,800107,1000000
2024JP0007129,1,304.62,0,1,6,1,4,5245,52,0,0,6,1,5,1,800109,1000000
2024JP0007130,1,304.62,3,2,2,1,2,2758,27,0,0,6,1,5,1,800102,1000000
2024JP0007131,1,304.62,55,1,7,1,6,4117,41,6000,1,1,1,1,1,800100,1000000
2024JP0007132,1,304.62,23,1,2,1,19,219184,501,3000,3,1,1,1,1,800101,1000000
2024JP0007133,1,304.62,44,2,6,1,10,17524,175,4000,1,1,1,1,1,800109,1000000
2024JP0007134,1,304.62,76,1,9,1,5,11362,113,0,0,6,1,1,1,800101,1000000
2024JP0007135,1,304.62,29,1,2,1,10,25059,250,7000,1,1,1,5,1,800102,1000000
2024JP0007136,1,304.62,58,2,2,1,14,17959,179,5000,1,1,1,1,1,800103,1000000
2024JP0007137,1,304.62,27,1,2,1,9,10479,104,7000,1,1,1,1,1,800107,1000000
2024JP0007138,1,304.62,41,1,4,1,9,15438,154,7000,1,1,1,1,1,800106,1000000
2024JP0007139,1,304.62,24,1,8,1,14,23523,235,1000,2,1,1,1,1,800107,1000000
2024JP0007140,1,304.62,27,1,2,1,9,33362,333,3000,3,5,1,1,1,800106,1000000
2024JP0007141,1,304.62,33,1,1,1,5,10711,107,9000,1,5,1,1,1,800101,1000000
2024JP0007142,1,304.62,44,1,2,1,9,50657,501,6000,3,1,1,1,1,800108,1000000
2024JP0007143,1,304.62,89,2,2,1,7,6570,65,0,0,6,1,1,1,800108,1000000
2024JP0007144,1,304.62,40,1,3,1,11,6041,60,5000,4,1,1,1,1,800109,1000000
2024JP0007145,1,304.62,36,1,1,1,12,17465,174,1000,3,1,1,1,1,800107,1000000
2024JP0007146,1,304.62,35,2,6,1,7,9079,90,6000,1,5,1,1,1,800105,1000000
2024JP0007147,1,304.62,93,2,4,1,8,4926,49,0,0,6,1,1,1,800107,1000000
2024JP0007148,1,304.62,25,2,2,1,7,14082,140,6000,6,5,1,1,1,800100,1000000
2024JP0007149,1,304.62,53,2,3,1,12,20829,208,7000,1,1,1,5,1,800108,1000000
2024JP0007150,1,304.62,17,2,9,1,17,6856,68,0,0,6,1,5,1,800108,1000000
2024JP0007151,1,304.62,25,1,3,1,8,2437,24,5000,1,1,1,1,1,800102,1000000
2024JP0007152,1,304.62,69,1,2,1,8,1810,18,5000,6,1,1,2,1,800104,1000000
2024JP0007153,1,304.62,54,1,3,1,6,4819,48,9800,4,1,1,1,1,800103,1000000
2024JP0007154,1,304.62,14,1,2,1,5,2931,29,0,0,6,1,5,1,800103,1000000
2024JP0007155,1,304.62,27,1,3,1,13,25756,257,6000,1,3,1,1,1,800100,1000000
2024JP0007156,1,304.62,81,2,7,1,8,14434,144,0,0,6,1,1,1,800102,1000000
2024JP0007157,1,304.62,6,1,1,1,5,2073,20,0,0,6,1,5,1,800101,1000000
2024JP0007158,1,304.62,38,1,5,1,11,13743,137,8000,6,1,1,1,1,800102,1000000
2024JP0007159,1,304.62,33,2,2,1,8,23794,237,5000,3,1,1,1,1,800100,1000000
2024JP0007160,1,304.62,32,1,4,1,10,44912,449,2000,1,5,1,1,1,800109,1000000
2024JP0007161,1,304.62,4,1,3,1,4,1839,18,0,0,6,1,5,1,800100,1000000
2024JP0007162,1,304.62,5,2,4,1,4,4709,47,0,0,6,1,5,1,800104,1000000
2024JP0007163,1,304.62,45,1,3,1,11,31528,315,9800,4,1,1,1,1,800104,1000000
2024JP0007164,1,304.62,27,2,4,1,11,27984,279,2000,3,1,1,1,1,800109,1000000
2024JP0007165,1,304.62,2,1,1,1,3,2562,25,0,0,6,1,5,1,800100,1000000
2024JP0007166,1,304.62,19,1,1,1,15,21104,211,4000,2,1,1,5,1,800109,1000000
2024JP0007167,1,304.62,3,2,8,1,2,7029,70,0,0,6,1,5,1,800105,1000000
2024JP0007168,1,304.62,23,2,5,1,16,54931,501,2000,1,1,1,1,1,800107,1000000
2024JP0007169,1,304.62,48,1,1,1,12,10415,104,4000,1,1,1,1,1,800103,1000000
2024JP0007170,1,304.62,44,1,1,1,7,9940,99,5000,6,1,1,1,1,800101,1000000
2024JP0007171,1,304.62,40,2,9,1,9,49531,495,6000,6,1,1,1,1,800100,1000000
2024JP0007172,1,304.62,56,2,9,1,12,35769,357,6000,1,1,1,1,1,800103,1000000
2024JP0007173,1,304.62,14,2,4,1,2,1149,11,0,0,6,1,5,1,800100,1000000
2024JP0007174,1,304.62,83,2,2,1,5,2652,26,0,0,6,1,1,1,800102,1000000
2024JP0007175,1,304.62,36,1,2,1,9,29401,294,5000,3,1,1,2,1,800100,1000000
2024JP0007176,1,304.62,33,2,3,1,11,15898,158,4000,2,3,1,1,1,800108,1000000
2024JP0007177,1,304.62,74,1,5,1,5,5250,52,0,0,6,1,2,1,800106,1000000
2024JP0007178,1,304.62,13,1,2,1,4,2712,27,0,0,6,1,5,1,800102,1000000
2024JP0007179,1,304.62,27,1,5,1,6,19121,191,7000,1,1,1,5,1,800102,1000000
2024JP0007180,1,304.62,48,2,4,1,6,6311,63,8000,3,1,1,2,1,800107,1000000
2024JP0007181,1,304.62,14,2,5,1,6,4264,42,0,0,6,1,5,1,800107,1000000
2024JP0007182,1,304.62,34,1,4,1,8,10457,104,9920,6,4,1,1,1,800103,1000000
2024JP0007183,1,304.62,24,1,5,1,13,5507,55,4000,3,1,1,1,1,800106,1000000
2024JP0007184,1,304.62,4,1,3,1,5,2933,29,0,0,6,1,5,1,800103,1000000
2024JP0007185,1,304.62,48,1,6,1,9,5891,58,6000,1,1,1,1,1,800103,1000000
2024JP0007186,1,304.62,44,2,4,1,5,19462,194,8000,3,1,1,1,1,800101,1000000
2024JP0007187,1,304.62,37,1,5,1,10,60370,501,6000,4,1,1,1,1,800105,1000000
2024JP0007188,1,304.62,19,1,6,1,13,7780,77,1000,1,1,1,5,1,800106,1000000
2024JP0007189,1,304.62,48,2,5,1,12,62102,501,2000,1,1,1,1,1,800106,1000000
2024JP0007190,1,304.62,44,2,1,1,6,3347,33,9920,3,1,1,1,1,800104,1000000
2024JP0007191,1,304.62,15,1,6,1,12,14003,140,0,0,6,1,5,1,800103,1000000
2024JP0007192,1,304.62,17,2,5,1,15,12017,120,0,0,6,1,5,1,800109,1000000
2024JP0007193,1,304.62,10,2,9,1,7,8467,84,0,0,6,1,5,1,800100,1000000
2024JP0007194,1,304.62,7,1,4,1,1,402,4,0,0,6,1,5,1,800104,1000000
2024JP0007195,1,304.62,17,1,3,1,12,7374,73,0,0,6,1,5,1,800100,1000000
2024JP0007196,1,304.62,25,1,4,1,9,3663,36,7000,6,1,1,5,1,800101,1000000
2024JP0007197,1,304.62,10,1,1,1,5,5574,55,0,0,6,1,5,1,800104,1000000
2024JP0007198,1,304.62,21,1,7,1,15,38547,385,4000,1,1,1,1,1,800109,1000000
2024JP0007199,1,304.62,56,1,7,1,7,6854,68,6000,3,1,1,1,1,800104,1000000
2024JP0007200,1,304.62,41,2,5,1,15,85483,501,2000,3,5,1,1,1,800100,1000000
2024JP0007201,1,304.62,59,1,5,1,7,10022,100,9800,4,2,1,2,1,800103,1000000
2024JP0007202,1,304.62,1,1,7,1,6,3297,32,0,0,6,1,5,1,800106,1000000
2024JP0007203,1,304.62,25,1,4,1,9,11252,112,7000,3,1,1,5,1,800104,1000000
2024JP0007204,1,304.62,10,1,5,1,2,4990,49,0,0,6,1,5,1,800104,1000000
2024JP0007205,1,304.62,38,2,6,1,10,21968,219,7000,1,1,1,1,1,800109,1000000
2024JP0007206,1,304.62,25,1,7,1,9,17767,177,8000,4,2,1,5,1,800105,1000000
2024JP0007207,1,304.62,15,1,6,1,16,15829,158,0,0,6,1,5,1,800105,1000000
2024JP0007208,1,304.62,7,2,3,1,2,1185,11,0,0,6,1,5,1,800107,1000000
2024JP0007209,1,304.62,42,2,1,1,9,8657,86,5000,1,1,1,2,1,800104,1000000
2024JP0007210,1,304.62,59,1,3,1,15,37875,378,5000,3,1,1,1,1,800103,1000000
2024JP0007211,1,304.62,8,1,5,1,4,3318,33,0,0,6,1,5,1,800105,1000000
2024JP0007212,1,304.62,32,1,6,1,13,6000,60,1000,3,1,1,1,1,800105,1000000
2024JP0007213,1,304.62,21,1,4,1,15,23018,230,4000,3,2,1,1,1,800107,1000000
2024JP0007214,1,304.62,44,1,4,1,13,5012,50,5000,1,5,1,1,1,800106,1000000
2024JP0007215,1,304.62,26,1,4,1,7,15384,153,7000,1,5,1,5,1,800104,1000000
2024JP0007216,1,304.62,33,2,3,1,9,9832,98,7000,3,5,1,1,1,800105,1000000
2024JP0007217,1,304.62,1,2,3,1,3,1759,17,0,0,6,1,5,1,800104,1000000
2024JP0007218,1,304.62,17,2,1,1,13,2462,24,0,0,6,1,5,1,800103,1000000
2024JP0007219,1,304.62,29,1,7,1,14,33091,330,6000,4,4,1,5,1,800105,1000000
2024JP0007220,1,304.62,22,2,6,1,14,42531,425,4000,2,3,1,1,1,800102,1000000
2024JP0007221,1,304.62,36,2,2,1,7,12282,122,7000,3,1,1,5,1,800104,1000000
2024JP0007222,1,304.62,53,1,5,1,8,13457,134,5000,1,1,1,5,1,800109,1000000
2024JP0007223,1,304.62,47,1,1,1,5,6175,61,5000,1,1,1,2,1,800108,1000000
2024JP0007224,1,304.62,45,1,2,1,5,10825,108,9800,3,1,1,1,1,800107,1000000
2024JP0007225,1,304.62,40,1,3,1,15,39526,395,2000,1,1,1,1,1,800108,1000000
2024JP0007226,1,304.62,24,1,1,1,14,8273,82,8000,4,5,1,1,1,800104,1000000
2024JP0007227,1,304.62,99,2,1,1,9,9739,97,0,0,6,1,1,1,800101,1000000
2024JP0007228,1,304.62,67,1,1,1,10,25375,253,5000,3,1,1,2,1,800109,1000000
2024JP0007229,1,304.62,33,2,4,1,7,9921,99,9800,3,1,1,1,1,800107,1000000
2024JP0007230,1,304.62,52,1,5,1,6,2257,22,5000,1,1,1,1,1,800100,1000000
2024JP0007231,1,304.62,36,1,2,1,8,3964,39,9000,1,1,1,1,1,800105,1000000
2024JP0007232,1,304.62,44,2,2,1,7,8305,83,5000,4,1,1,1,1,800106,1000000
2024JP0007233,1,304.62,16,2,4,1,14,24769,247,0,0,6,1,5,1,800108,1000000
2024JP0007234,1,304.62,0,1,6,1,5,1012,10,0,0,6,1,5,1,800101,1000000
2024JP0007235,1,304.62,24,2,1,1,14,57253,501,1000,1,1,1,5,1,800105,1000000
2024JP0007236,1,304.62,5,1,2,1,6,550,5,0,0,6,1,5,1,800100,1000000
2024JP0007237,1,304.62,36,2,6,1,10,24755,247,8000,6,1,1,1,1,800106,1000000
2024JP0007238,1,304.62,53,2,1,1,8,2830,28,6000,6,1,1,1,1,800107,1000000
2024JP0007239,1,304.62,24,1,7,1,14,7632,76,6000,3,1,1,1,1,800108,1000000
2024JP0007240,1,304.62,78,1,4,1,6,2494,24,0,0,6,1,1,1,800104,1000000
2024JP0007241,1,304.62,0,1,7,1,3,2652,26,0,0,6,1,5,1,800107,1000000
2024JP0007242,1,304.62,75,1,6,1,5,4975,49,0,0,6,1,2,1,800100,1000000
2024JP0007243,1,304.62,21,2,3,1,15,23610,236,5000,1,5,1,5,1,800102,1000000
2024JP0007244,1,304.62,28,2,1,1,10,7137,71,6000,6,1,1,1,1,800104,1000000
2024JP0007245,1,304.62,7,1,1,1,1,16400,164,0,0,6,1,5,1,800107,1000000
2024JP0007246,1,304.62,36,1,6,1,12,31653,316,8000,1,1,1,1,1,800101,1000000
2024JP0007247,1,304.62,9,2,5,1,5,1022,10,0,0,6,1,5,1,800106,1000000
2024JP0007248,1,304.62,89,1,1,1,6,939,9,0,0,6,1,1,1,800103,1000000
2024JP0007249,1,304.62,4,1,5,1,4,1370,13,0,0,6,1,5,1,800107,1000000
2024JP0007250,1,304.62,27,2,1,1,13,52675,501,6000,1,1,1,5,1,800105,1000000
2024JP0007251,1,304.62,16,1,5,1,12,3103,31,0,0,6,1,5,1,800107,1000000
2024JP0007252,1,304.62,28,2,3,1,9,19135,191,7000,3,1,1,1,1,800109,1000000
2024JP0007253,1,304.62,21,1,9,1,10,6016,60,5000,3,1,1,1,1,800109,1000000
2024JP0007254,1,304.62,35,1,6,1,9,6508,65,4000,1,1,1,1,1,800108,1000000
2024JP0007255,1,304.62,60,1,2,1,6,1835,18,9000,3,1,1,1,1,800106,1000000
2024JP0007256,1,304.62,38,1,3,1,5,1860,18,7000,1,1,1,2,1,800109,1000000
2024JP0007257,1,304.62,13,1,1,1,5,810,8,0,0,6,1,5,1,800107,1000000
2024JP0007258,1,304.62,40,2,2,1,10,9113,91,4000,1,1,1,1,1,800103,1000000
2024JP0007259,1,304.62,31,1,1,1,6,11989,119,7000,1,5,1,1,1,800109,1000000
2024JP0007260,1,304.62,35,1,5,1,10,13686,136,5000,1,1,1,1,1,800107,1000000
2024JP0007261,1,304.62,12,2,6,1,6,5001,50,0,0,6,1,5,1,800101,1000000
2024JP0007262,1,304.62,38,1,7,1,5,1690,16,6000,3,1,1,1,1,800105,1000000
2024JP0007263,1,304.62,10,1,6,1,7,1187,11,0,0,6,1,5,1,800106,1000000
2024JP0007264,1,304.62,44,1,2,1,12,13058,130,5000,1,1,1,1,1,800107,1000000
2024JP0007265,1,304.62,32,2,6,1,9,12974,129,8000,1,1,1,1,1,800106,1000000
2024JP0007266,1,304.62,77,2,5,1,6,3195,31,0,0,6,1,3,1,800108,1000000
2024JP0007267,1,304.62,54,2,5,1,10,20495,204,6000,6,1,1,1,1,800106,1000000
2024JP0007268,1,304.62,17,2,7,1,15,15040,150,0,0,6,1,5,1,800103,1000000
2024JP0007269,1,304.62,47,2,3,1,9,47118,471,6000,3,1,1,1,1,800102,1000000
2024JP0007270,1,304.62,36,1,1,1,9,6676,66,9000,3,1,1,1,1,800105,1000000
2024JP0007271,1,304.62,25,2,6,1,6,5086,50,6000,4,1,1,5,1,800105,1000000
2024JP0007272,1,304.62,4,1,1,1,1,3987,39,0,0,6,1,5,1,800108,1000000
2024JP0007273,1,304.62,53,2,4,1,11,8394,83,2000,1,2,1,1,1,800107,1000000
2024JP0007274,1,304.62,4,2,2,1,2,3906,39,0,0,6,1,5,1,800108,1000000
2024JP0007275,1,304.62,30,1,3,1,9,12415,124,6000,1,5,1,1,1,800109,1000000
2024JP0007276,1,304.62,100,1,4,1,7,2928,29,0,0,6,1,1,1,800101,1000000
2024JP0007277,1,304.62,18,1,2,1,13,17601,176,6000,1,1,1,5,1,800100,1000000
2024JP0007278,1,304.62,23,2,2,1,15,44005,440,5000,3,1,1,5,1,800101,1000000
2024JP0007279,1,304.62,39,1,7,1,11,22131,221,5000,3,1,1,5,1,800108,1000000
2024JP0007280,1,304.62,16,1,4,1,15,22626,226,0,0,6,1,5,1,800109,1000000
2024JP0007281,1,304.62,2,1,4,1,3,2135,21,0,0,6,1,5,1,800106,1000000
2024JP0007282,1,304.62,43,1,3,1,13,10236,102,1000,1,1,1,5,1,800105,1000000
2024JP0007283,1,304.62,47,1,6,1,10,15254,152,9000,4,1,1,1,1,800105,1000000
2024JP0007284,1,304.62,58,1,5,1,7,1259,12,7000,1,1,1,1,1,800103,1000000
2024JP0007285,1,304.62,20,1,5,1,10,16091,160,5000,1,1,1,5,1,800100,1000000
2024JP0007286,1,304.62,17,2,3,1,12,4385,43,0,0,6,1,5,1,800106,1000000
2024JP0007287,1,304.62,1,1,4,1,4,776,7,0,0,6,1,5,1,800102,1000000
2024JP0007288,1,304.62,2,1,3,1,5,8546,85,0,0,6,1,5,1,800106,1000000
2024JP0007289,1,304.62,38,2,1,1,13,26429,264,1000,1,1,1,5,1,800100,1000000
2024JP0007290,1,304.62,24,2,6,1,15,37682,376,5000,6,1,1,1,1,800108,1000000
2024JP0007291,1,304.62,13,1,3,1,5,6441,64,0,0,6,1,5,1,800104,1000000
2024JP0007292,1,304.62,21,1,7,1,13,1816,18,6000,3,1,1,5,1,800101,1000000
2024JP0007293,1,304.62,28,2,1,1,8,10760,107,6000,3,1,1,5,1,800108,1000000
2024JP0007294,1,304.62,18,2,2,1,12,17390,173,2000,1,1,1,5,1,800102,1000000
2024JP0007295,1,304.62,33,2,2,1,6,4127,41,9920,1,1,1,1,1,800105,1000000
2024JP0007296,1,304.62,43,2,1,1,9,7701,77,2000,3,2,1,1,1,800107,1000000
2024JP0007297,1,304.62,24,1,3,1,15,75691,501,5000,1,1,1,1,1,800107,1000000
2024JP0007298,1,304.62,0,2,6,1,2,5504,55,0,0,6,1,5,1,800103,1000000
2024JP0007299,1,304.62,44,1,5,1,6,6628,66,7000,1,4,1,1,1,800100,1000000
2024JP0007300,1,304.62,8,1,8,1,4,1389,13,0,0,6,1,5,1,800106,1000000
2024JP0007301,1,304.62,49,2,4,1,6,5768,57,6000,1,5,1,1,1,800105,1000000
2024JP0007302,1,304.62,23,2,3,1,14,7654,76,5000,1,1,1,5,1,800100,1000000
2024JP0007303,1,304.62,51,1,3,1,5,8348,83,8000,1,1,1,1,1,800104,1000000
2024JP0007304,1,304.62,26,1,2,1,7,11629,116,7000,1,2,1,1,1,800105,1000000
2024JP0007305,1,304.62,44,1,1,1,6,5985,59,9920,4,1,1,1,1,800100,1000000
2024JP0007306,1,304.62,10,1,1,1,2,3345,33,0,0,6,1,5,1,800103,1000000
2024JP0007307,1,304.62,26,1,5,1,10,6634,66,4000,1,1,1,5,1,800103,1000000
2024JP0007308,1,304.62,8,2,6,1,1,1211,12,0,0,6,1,5,1,800103,1000000
2024JP0007309,1,304.62,41,1,7,1,8,5233,52,9920,1,1,1,1,1,800106,1000000
2024JP0007310,1,304.62,29,2,1,1,11,16761,167,8000,4,1,1,1,1,800102,1000000
2024JP0007311,1,304.62,32,2,4,1,10,29467,294,5000,4,5,1,1,1,800100,1000000
2024JP0007312,1,304.62,10,2,1,1,2,485,4,0,0,6,1,5,1,800101,1000000
2024JP0007313,1,304.62,23,1,7,1,10,136027,501,2000,2,1,1,5,1,800101,1000000
2024JP0007314,1,304.62,62,1,8,1,7,10510,105,9000,1,1,5,1,1,800103,1000000
2024JP0007315,1,304.62,25,1,7,1,5,2755,27,5000,3,2,1,1,1,800102,1000000
2024JP0007316,1,304.62,30,1,5,1,6,15045,150,9800,3,1,1,1,1,800100,1000000
2024JP0007317,1,304.62,21,2,3,1,12,2944,29,4000,1,1,1,1,1,800106,1000000
2024JP0007318,1,304.62,17,1,5,1,17,33718,337,0,0,6,1,5,1,800105,1000000
2024JP0007319,1,304.62,40,1,1,1,5,14976,149,9800,6,1,1,1,1,800106,1000000
2024JP0007320,1,304.62,56,2,2,1,10,10897,108,9000,1,5,1,1,1,800100,1000000
2024JP0007321,1,304.62,6,1,1,1,7,4147,41,0,0,6,1,5,1,800101,1000000
2024JP0007322,1,304.62,32,1,4,1,5,7916,79,9000,6,1,1,1,1,800107,1000000
2024JP0007323,1,304.62,14,2,7,1,2,23421,234,0,0,6,1,5,1,800106,1000000
2024JP0007324,1,304.62,45,1,1,1,9,9479,94,7000,6,4,1,1,1,800104,1000000
2024JP0007325,1,304.62,12,1,3,1,5,2297,22,0,0,6,1,5,1,800109,1000000
2024JP0007326,1,304.62,57,2,6,1,10,17633,176,6000,3,1,1,1,1,800105,1000000
2024JP0007327,1,304.62,33,2,2,1,5,17956,179,7000,6,1,1,1,1,800107,1000000
2024JP0007328,1,304.62,20,1,7,1,14,10548,105,7000,1,1,1,5,1,800106,1000000
2024JP0007329,1,304.62,30,2,6,1,7,8533,85,9000,1,4,1,1,1,800102,1000000
2024JP0007330,1,304.62,95,2,3,1,6,5912,59,0,0,6,1,2,1,800101,1000000
2024JP0007331,1,304.62,10,1,6,1,5,6449,64,0,0,6,1,5,1,800102,1000000
2024JP0007332,1,304.62,8,1,2,1,6,4823,48,0,0,6,1,5,1,800101,1000000
2024JP0007333,1,304.62,98,1,6,1,8,9685,96,0,0,6,1,1,1,800108,1000000
2024JP0007334,1,304.62,2,1,6,1,3,2818,28,0,0,6,1,5,1,800102,1000000
2024JP0007335,1,304.62,1,2,8,1,7,1831,18,0,0,6,1,5,1,800104,1000000
2024JP0007336,1,304.62,32,1,6,1,9,15777,157,2000,1,1,1,1,1,800101,1000000
2024JP0007337,1,304.62,29,1,2,1,8,35487,354,9920,1,1,1,1,1,800102,1000000
2024JP0007338,1,304.62,20,1,4,1,17,30185,301,3000,2,2,1,5,1,800107,1000000
2024JP0007339,1,304.62,26,1,5,1,6,12500,125,6000,3,1,1,1,1,800107,1000000
2024JP0007340,1,304.62,3,2,6,1,3,5480,54,0,0,6,1,5,1,800101,1000000
2024JP0007341,1,304.62,25,2,7,1,6,1627,16,9000,1,1,1,5,1,800108,1000000
2024JP0007342,1,304.62,4,2,1,1,5,662,6,0,0,6,1,5,1,800104,1000000
2024JP0007343,1,304.62,99,1,2,1,5,5070,50,0,0,6,1,1,1,800107,1000000
2024JP0007344,1,304.62,25,1,2,1,7,2504,25,7000,4,5,1,1,1,800102,1000000
2024JP0007345,1,304.62,20,2,2,1,12,9820,98,6000,3,1,1,5,1,800103,1000000
2024JP0007346,1,304.62,21,2,1,1,13,3785,37,3000,2,4,1,5,1,800101,1000000
2024JP0007347,1,304.62,45,1,2,1,5,6021,60,6000,3,1,5,2,1,800108,1000000
2024JP0007348,1,304.62,15,1,1,1,10,5403,54,0,0,6,1,5,1,800101,1000000
2024JP0007349,1,304.62,46,1,1,1,7,8643,86,9800,1,1,1,1,1,800104,1000000
2024JP0007350,1,304.62,2,1,1,1,1,2528,25,0,0,6,1,5,1,800104,1000000
2024JP0007351,1,304.62,21,1,6,1,15,11311,113,1000,2,1,1,1,1,800103,1000000
2024JP0007352,1,304.62,34,1,6,1,5,11055,110,5000,6,1,1,1,1,800103,1000000
2024JP0007353,1,304.62,0,1,1,1,2,2057,20,0,0,6,1,5,1,800105,1000000
2024JP0007354,1,304.62,14,1,2,1,5,1345,13,0,0,6,1,5,1,800108,1000000
2024JP0007355,1,304.62,40,1,2,1,12,8097,80,9800,1,1,1,2,1,800105,1000000
2024JP0007356,1,304.62,68,1,5,1,8,8483,84,9000,6,1,1,2,1,800108,1000000
2024JP0007357,1,304.62,11,1,2,1,9,8261,82,0,0,6,1,5,1,800101,1000000
2024JP0007358,1,304.62,26,1,1,1,13,11035,110,9000,3,1,1,1,1,800109,1000000
2024JP0007359,1,304.62,12,2,6,1,7,245,2,0,0,6,1,5,1,800105,1000000
2024JP0007360,1,304.62,25,1,5,1,8,18261,182,9920,4,1,1,1,1,800101,1000000
2024JP0007361,1,304.62,12,1,2,1,1,7047,70,0,0,6,1,5,1,800104,1000000
2024JP0007362,1,304.62,27,2,2,1,8,3490,34,9800,1,1,1,5,1,800108,1000000
2024JP0007363,1,304.62,39,1,2,1,5,9489,94,9800,3,1,1,1,1,800108,1000000
2024JP0007364,1,304.62,11,1,3,1,3,6584,65,0,0,6,1,5,1,800109,1000000
2024JP0007365,1,304.62,18,2,6,1,17,36704,367,1000,1,5,1,5,1,800105,1000000
2024JP0007366,1,304.62,26,2,2,1,8,2266,22,8000,1,1,1,5,1,800103,1000000
2024JP0007367,1,304.62,10,1,8,1,4,3435,34,0,0,6,1,5,1,800105,1000000
2024JP0007368,1,304.62,14,1,4,1,6,1575,15,0,0,6,5,5,1,800106,1000000
2024JP0007369,1,304.62,36,2,1,1,6,5995,59,7000,1,5,1,1,1,800101,1000000
2024JP0007370,1,304.62,3,2,3,1,3,3096,30,0,0,6,1,5,1,800105,1000000
2024JP0007371,1,304.62,18,1,6,1,18,10665,106,6000,1,5,1,5,1,800101,1000000
2024JP0007372,1,304.62,3,1,4,1,3,4515,45,0,0,6,1,5,1,800107,1000000
2024JP0007373,1,304.62,45,1,7,1,10,36660,366,4000,1,1,1,1,1,800108,1000000
2024JP0007374,1,304.62,37,2,5,1,9,12569,125,3000,3,1,1,1,1,800107,1000000
2024JP0007375,1,304.62,12,1,5,1,4,3580,35,0,0,6,1,5,1,800109,1000000
2024JP0007376,1,304.62,3,1,2,1,6,4583,45,0,0,6,1,5,1,800109,1000000
2024JP0007377,1,304.62,11,1,6,1,1,2849,28,0,0,6,1,5,1,800103,1000000
2024JP0007378,1,304.62,37,2,8,1,9,14197,141,2000,1,5,1,1,1,800101,1000000
2024JP0007379,1,304.62,2,2,7,1,5,2974,29,0,0,6,1,5,1,800102,1000000
2024JP0007380,1,304.62,33,1,1,1,13,19070,190,1000,1,4,1,1,1,800109,1000000
2024JP0007381,1,304.62,37,1,4,1,10,7368,73,2000,2,2,1,1,1,800100,1000000
2024JP0007382,1,304.62,58,2,6,1,6,30141,301,6000,3,3,1,1,1,800108,1000000
2024JP0007383,1,304.62,17,2,6,1,14,4947,49,0,0,6,1,5,1,800108,1000000
2024JP0007384,1,304.62,33,2,3,1,14,26808,268,6000,1,1,1,1,1,800108,1000000
2024JP0007385,1,304.62,44,1,2,1,8,21272,212,5000,4,3,1,1,1,800103,1000000
2024JP0007386,1,304.62,26,2,1,1,7,14725,147,5000,3,5,1,5,1,800102,1000000
2024JP0007387,1,304.62,19,1,6,1,15,35810,358,6000,4,1,1,5,1,800104,1000000
2024JP0007388,1,304.62,34,2,4,1,11,4465,44,6000,4,5,1,1,1,800100,1000000
2024JP0007389,1,304.62,25,1,6,1,11,21866,218,3000,2,1,1,1,1,800101,1000000
2024JP0007390,1,304.62,26,2,1,1,5,8912,89,8000,4,1,1,1,1,800104,1000000
2024JP0007391,1,304.62,11,1,1,1,1,665,6,0,0,6,1,5,1,800100,1000000
2024JP0007392,1,304.62,6,1,2,1,1,2470,24,0,0,6,1,5,1,800105,1000000
2024JP0007393,1,304.62,50,2,6,1,6,1822,18,7000,3,1,1,2,1,800106,1000000
2024JP0007394,1,304.62,7,1,9,1,3,3198,31,0,0,6,1,5,1,800105,1000000
2024JP0007395,1,304.62,26,2,7,1,13,45822,458,5000,1,2,1,5,1,800100,1000000
2024JP0007396,1,304.62,44,1,5,1,7,19257,192,6000,3,1,1,1,1,800104,1000000
2024JP0007397,1,304.62,9,2,4,1,1,1408,14,0,0,6,1,5,1,800102,1000000
2024JP0007398,1,304.62,59,2,2,1,6,16747,167,9920,1,1,1,1,1,800102,1000000
2024JP0007399,1,304.62,81,1,2,1,5,1162,11,0,0,6,1,2,1,800104,1000000
2024JP0007400,1,304.62,27,2,4,1,10,6116,61,5000,1,1,1,5,1,800103,1000000
2024JP0007401,1,304.62,21,1,6,1,17,16421,164,4000,1,1,1,5,1,800102,1000000
2024JP0007402,1,304.62,15,2,4,1,13,26369,263,0,0,6,1,5,1,800108,1000000
2024JP0007403,1,304.62,21,1,2,1,13,12925,129,2000,3,1,1,5,1,800106,1000000
2024JP0007404,1,304.62,39,2,6,1,6,7587,75,5000,1,1,1,1,1,800105,1000000
2024JP0007405,1,304.62,5,1,5,1,2,977,9,0,0,6,1,5,1,800101,1000000
2024JP0007406,1,304.62,28,2,5,1,9,5500,55,5000,1,1,1,5,1,800101,1000000
2024JP0007407,1,304.62,27,1,3,1,12,10146,101,6000,1,5,1,1,1,800103,1000000
2024JP0007408,1,304.62,53,1,1,1,14,8368,83,6000,3,1,1,1,1,800104,1000000
2024JP0007409,1,304.62,44,1,1,1,9,25594,255,3000,1,5,1,1,1,800107,1000000
2024JP0007410,1,304.62,40,1,4,1,5,3338,33,9000,1,1,1,5,1,800106,1000000
2024JP0007411,1,304.62,37,2,1,1,8,5804,58,5000,4,1,1,1,1,800105,1000000
2024JP0007412,1,304.62,23,1,6,1,13,12317,123,2000,1,3,1,1,1,800102,1000000
2024JP0007413,1,304.62,41,1,4,1,9,21843,218,5000,6,1,1,1,1,800102,1000000
2024JP0007414,1,304.62,9,1,2,1,5,1363,13,0,0,6,1,5,1,800106,1000000
2024JP0007415,1,304.62,23,1,6,1,12,20226,202,7000,3,1,1,1,1,800109,1000000
2024JP0007416,1,304.62,97,2,6,1,7,2147,21,0,0,6,1,2,1,800102,1000000
2024JP0007417,1,304.62,5,1,4,1,2,952,9,0,0,6,1,5,1,800106,1000000
2024JP0007418,1,304.62,5,1,1,1,4,1559,15,0,0,6,1,5,1,800107,1000000
2024JP0007419,1,304.62,20,1,4,1,10,11858,118,2000,1,1,1,5,1,800107,1000000
2024JP0007420,1,304.62,72,1,3,1,7,3785,37,0,0,6,1,1,1,800109,1000000
2024JP0007421,1,304.62,39,1,4,1,9,40408,404,2000,3,1,1,1,1,800104,1000000
2024JP0007422,1,304.62,16,2,6,1,13,10665,106,0,0,6,1,5,1,800101,1000000
2024JP0007423,1,304.62,59,1,2,1,10,37508,375,3000,2,1,1,2,1,800107,1000000
2024JP0007424,1,304.62,46,2,2,1,7,6044,60,9000,3,1,1,2,1,800107,1000000
2024JP0007425,1,304.62,7,2,4,1,2,1915,19,0,0,6,1,5,1,800103,1000000
2024JP0007426,1,304.62,1,1,8,1,3,1740,17,0,0,6,1,5,1,800101,1000000
2024JP0007427,1,304.62,24,2,2,1,12,16943,169,6000,4,1,1,5,1,800108,1000000
2024JP0007428,1,304.62,42,1,6,1,6,12270,122,9920,1,1,5,1,1,800100,1000000
2024JP0007429,1,304.62,18,1,7,1,12,4923,49,5000,1,1,1,5,1,800101,1000000
2024JP0007430,1,304.62,44,1,3,1,14,50989,501,5000,3,1,1,1,1,800107,1000000
2024JP0007431,1,304.62,4,2,1,1,4,10816,108,0,0,6,1,5,1,800108,1000000
2024JP0007432,1,304.62,39,1,6,1,13,18425,184,2000,3,1,1,1,1,800101,1000000
2024JP0007433,1,304.62,27,1,2,1,8,14019,140,9800,1,5,1,1,1,800105,1000000
2024JP0007434,1,304.62,44,1,7,1,10,45290,452,9000,1,1,1,1,1,800105,1000000
2024JP0007435,1,304.62,19,1,2,1,16,57801,501,3000,3,1,1,5,1,800108,1000000
2024JP0007436,1,304.62,90,2,8,1,6,2035,20,0,0,6,1,1,1,800102,1000000
2024JP0007437,1,304.62,28,2,3,1,7,1902,19,7000,3,4,5,5,1,800101,1000000
2024JP0007438,1,304.62,6,1,4,1,4,583,5,0,0,6,1,5,1,800109,1000000
2024JP0007439,1,304.62,43,2,4,1,5,5007,50,9000,4,1,1,1,1,800104,1000000
2024JP0007440,1,304.62,4,2,2,1,4,925,9,0,0,6,1,5,1,800107,1000000
2024JP0007441,1,304.62,36,1,6,1,7,17402,174,5000,1,1,1,1,1,800101,1000000
2024JP0007442,1,304.62,93,1,2,1,7,934,9,0,0,6,1,5,1,800100,1000000
2024JP0007443,1,304.62,39,2,6,1,9,18034,180,3000,3,1,1,1,1,800103,1000000
2024JP0007444,1,304.62,41,1,6,1,5,4787,47,7000,1,1,1,5,1,800102,1000000
2024JP0007445,1,304.62,5,1,4,1,9,6090,60,0,0,6,1,5,1,800106,1000000
2024JP0007446,1,304.62,23,1,5,1,14,5208,52,4000,3,1,1,5,1,800109,1000000
2024JP0007447,1,304.62,11,1,6,1,3,12474,124,0,0,6,1,5,1,800108,1000000
2024JP0007448,1,304.62,35,2,6,1,16,58904,501,1000,1,1,1,1,1,800107,1000000
2024JP0007449,1,304.62,27,2,7,1,9,16601,166,7000,1,1,1,1,1,800102,1000000
2024JP0007450,1,304.62,26,2,4,1,7,4012,40,7000,6,1,1,5,1,800108,1000000
2024JP0007451,1,304.62,35,2,6,1,9,8421,84,9000,3,2,1,1,1,800109,1000000
2024JP0007452,1,304.62,31,2,1,1,9,31532,315,2000,1,1,1,1,1,800109,1000000
2024JP0007453,1,304.62,50,2,7,1,9,14302,143,3000,2,1,1,2,1,800102,1000000
2024JP0007454,1,304.62,1,1,2,1,6,1668,16,0,0,6,1,5,1,800103,1000000
2024JP0007455,1,304.62,22,2,2,1,13,9669,96,9800,1,2,1,1,1,800105,1000000
2024JP0007456,1,304.62,37,2,1,1,10,6000,60,4000,3,5,1,5,1,800101,1000000
2024JP0007457,1,304.62,36,2,4,1,13,10318,103,5000,3,1,1,1,1,800104,1000000
2024JP0007458,1,304.62,18,1,3,1,15,22179,221,2000,3,3,1,5,1,800104,1000000
2024JP0007459,1,304.62,2,2,4,1,7,1751,17,0,0,6,1,5,1,800104,1000000
2024JP0007460,1,304.62,27,1,3,1,12,5968,59,6000,3,1,1,1,1,800104,1000000
2024JP0007461,1,304.62,41,1,2,1,7,4173,41,5000,4,2,1,5,1,800101,1000000
2024JP0007462,1,304.62,39,2,6,1,7,9942,99,9800,3,1,1,1,1,800107,1000000
2024JP0007463,1,304.62,17,1,6,1,10,10026,100,0,0,6,1,5,1,800103,1000000
2024JP0007464,1,304.62,11,1,9,1,7,4184,41,0,0,6,1,5,1,800103,1000000
2024JP0007465,1,304.62,21,1,6,1,13,4386,43,7000,1,4,1,5,1,800105,1000000
2024JP0007466,1,304.62,10,2,1,1,1,1614,16,0,0,6,1,5,1,800104,1000000
2024JP0007467,1,304.62,39,2,5,1,9,15780,157,5000,4,1,1,1,1,800101,1000000
2024JP0007468,1,304.62,4,1,7,1,4,11681,116,0,0,6,1,5,1,800107,1000000
2024JP0007469,1,304.62,54,1,6,1,6,11580,115,5000,1,1,1,1,1,800106,1000000
2024JP0007470,1,304.62,5,1,6,1,3,3229,32,0,0,6,1,5,1,800107,1000000
2024JP0007471,1,304.62,16,1,5,1,14,2376,23,0,0,6,1,5,1,800106,1000000
2024JP0007472,1,304.62,6,2,6,1,1,1991,19,0,0,6,1,5,1,800106,1000000
2024JP0007473,1,304.62,34,2,2,1,8,31019,310,7000,3,4,1,1,1,800101,1000000
2024JP0007474,1,304.62,29,1,2,1,9,2922,29,5000,3,5,1,5,1,800108,1000000
2024JP0007475,1,304.62,68,1,2,1,6,2293,22,9800,1,4,1,1,1,800102,1000000
2024JP0007476,1,304.62,53,1,4,1,8,13194,131,6000,1,1,1,1,1,800100,1000000
2024JP0007477,1,304.62,30,2,1,1,6,35753,357,9800,1,5,1,1,1,800105,1000000
2024JP0007478,1,304.62,43,2,4,1,8,3274,32,7000,1,1,1,1,1,800103,1000000
2024JP0007479,1,304.62,10,2,4,1,3,3859,38,0,0,6,1,5,1,800104,1000000
2024JP0007480,1,304.62,23,1,9,1,13,16258,162,2000,1,1,1,1,1,800101,1000000
2024JP0007481,1,304.62,76,1,6,1,6,2594,25,0,0,6,1,5,1,800101,1000000
2024JP0007482,1,304.62,20,2,6,1,18,29069,290,4000,1,1,1,5,1,800108,1000000
2024JP0007483,1,304.62,1,1,3,1,6,1958,19,0,0,6,1,5,1,800105,1000000
2024JP0007484,1,304.62,23,2,3,1,14,18401,184,8000,4,1,1,1,1,800109,1000000
2024JP0007485,1,304.62,36,1,6,1,5,2738,27,9800,1,1,1,1,1,800108,1000000
2024JP0007486,1,304.62,39,2,6,1,9,17219,172,9800,4,1,1,2,1,800105,1000000
2024JP0007487,1,304.62,25,2,2,1,9,11324,113,5000,3,1,1,1,1,800105,1000000
2024JP0007488,1,304.62,56,1,1,1,10,9012,90,8000,1,1,1,1,1,800104,1000000
2024JP0007489,1,304.62,40,1,6,1,10,29720,297,9800,3,1,1,5,1,800109,1000000
2024JP0007490,1,304.62,18,2,3,1,15,41764,417,4000,3,1,1,5,1,800108,1000000
2024JP0007491,1,304.62,7,2,6,1,3,10963,109,0,0,6,1,5,1,800109,1000000
2024JP0007492,1,304.62,5,1,2,1,4,3272,32,0,0,6,1,5,1,800100,1000000
2024JP0007493,1,304.62,37,1,7,1,8,16214,162,7000,3,1,1,1,1,800106,1000000
2024JP0007494,1,304.62,66,1,7,1,5,32636,326,6000,4,1,1,2,1,800106,1000000
2024JP0007495,1,304.62,4,2,2,1,2,5573,55,0,0,6,1,5,1,800109,1000000
2024JP0007496,1,304.62,21,1,3,1,10,2922,29,1000,2,1,1,5,1,800100,1000000
2024JP0007497,1,304.62,58,2,1,1,13,19471,194,7000,6,1,1,1,1,800103,1000000
2024JP0007498,1,304.62,62,1,6,1,6,5013,50,9000,6,1,1,1,1,800107,1000000
2024JP0007499,1,304.62,29,2,2,1,11,54574,501,6000,3,1,1,1,1,800102,1000000
2024JP0007500,1,304.62,18,1,1,1,16,16519,165,2000,2,5,1,5,1,800100,1000000
2024JP0007501,1,304.62,6,1,4,1,6,1653,16,0,0,6,1,5,1,800101,1000000
2024JP0007502,1,304.62,5,2,8,1,2,4633,46,0,0,6,1,5,1,800108,1000000
2024JP0007503,1,304.62,13,2,1,1,4,1324,13,0,0,6,1,5,1,800105,1000000
2024JP0007504,1,304.62,0,1,4,1,4,1335,13,0,0,6,1,5,1,800107,1000000
2024JP0007505,1,304.62,14,1,6,1,1,2749,27,0,0,6,1,5,1,800102,1000000
2024JP0007506,1,304.62,26,1,4,1,8,2167,21,7000,1,5,1,5,1,800107,1000000
2024JP0007507,1,304.62,7,2,7,1,2,5947,59,0,0,6,1,5,1,800109,1000000
2024JP0007508,1,304.62,53,1,7,1,8,9881,98,5000,1,1,1,1,1,800101,1000000
2024JP0007509,1,304.62,89,1,2,1,7,3735,37,0,0,6,1,1,1,800101,1000000
2024JP0007510,1,304.62,38,1,4,1,13,10168,101,8000,4,1,1,1,1,800105,1000000
2024JP0007511,1,304.62,26,1,2,1,15,24663,246,6000,3,1,1,1,1,800108,1000000
2024JP0007512,1,304.62,1,1,1,1,4,7319,73,0,0,6,1,5,1,800106,1000000
2024JP0007513,1,304.62,45,2,3,1,6,7618,76,8000,1,1,1,4,1,800103,1000000
2024JP0007514,1,304.62,7,2,7,1,3,2895,28,0,0,6,1,5,1,800109,1000000
2024JP0007515,1,304.62,28,2,2,1,6,4198,41,9920,4,1,1,5,1,800107,1000000
2024JP0007516,1,304.62,6,2,7,1,4,3307,33,0,0,6,1,5,1,800106,1000000
2024JP0007517,1,304.62,69,2,1,1,6,15429,154,5000,1,2,1,1,1,800107,1000000
2024JP0007518,1,304.62,19,1,2,1,10,6453,64,9800,1,1,1,5,1,800102,1000000
2024JP0007519,1,304.62,10,2,4,1,4,1420,14,0,0,6,1,5,1,800106,1000000
2024JP0007520,1,304.62,42,1,6,1,5,23405,234,7000,4,1,1,1,1,800106,1000000
2024JP0007521,1,304.62,27,1,2,1,6,1358,13,6000,3,1,1,1,1,800100,1000000
2024JP0007522,1,304.62,31,2,2,1,5,2054,20,9800,1,1,1,1,1,800107,1000000
2024JP0007523,1,304.62,5,1,2,1,3,2631,26,0,0,6,1,5,1,800109,1000000
2024JP0007524,1,304.62,10,2,3,1,6,1878,18,0,0,6,1,5,1,800108,1000000
2024JP0007525,1,304.62,29,1,6,1,12,5605,56,2000,1,1,1,1,1,800102,1000000
2024JP0007526,1,304.62,40,1,9,1,9,15975,159,1000,1,1,1,1,1,800106,1000000
2024JP0007527,1,304.62,44,1,4,1,12,16298,162,6000,4,2,1,5,1,800100,1000000
2024JP0007528,1,304.62,15,1,1,1,11,8851,88,0,0,6,1,5,1,800102,1000000
2024JP0007529,1,304.62,28,1,4,1,12,24355,243,5000,1,1,1,5,1,800104,1000000
2024JP0007530,1,304.62,58,2,2,1,9,26561,265,3000,1,5,1,1,1,800104,1000000
2024JP0007531,1,304.62,11,1,3,1,3,4866,48,0,0,6,1,5,1,800104,1000000
2024JP0007532,1,304.62,6,1,3,1,2,18596,185,0,0,6,1,5,1,800101,1000000
2024JP0007533,1,304.62,34,1,2,1,7,7136,71,5000,1,4,1,1,1,800108,1000000
2024JP0007534,1,304.62,17,2,6,1,10,3494,34,0,0,6,1,5,1,800102,1000000
2024JP0007535,1,304.62,23,2,1,1,19,38350,383,1000,1,1,1,1,1,800102,1000000
2024JP0007536,1,304.62,39,1,1,1,12,10994,109,7000,3,1,1,1,1,800104,1000000
2024JP0007537,1,304.62,52,2,5,1,9,11034,110,5000,3,3,1,1,1,800104,1000000
2024JP0007538,1,304.62,25,1,4,1,15,120928,501,6000,1,1,1,5,1,800107,1000000
2024JP0007539,1,304.62,35,1,1,1,12,18450,184,9000,1,1,1,1,1,800108,1000000
2024JP0007540,1,304.62,2,1,8,1,2,753,7,0,0,6,1,5,1,800101,1000000
2024JP0007541,1,304.62,16,2,1,1,13,5399,53,0,0,6,1,5,1,800105,1000000
2024JP0007542,1,304.62,34,1,2,1,11,29977,299,6000,6,1,1,1,1,800107,1000000
2024JP0007543,1,304.62,34,2,1,1,7,4898,48,7000,1,1,1,1,1,800107,1000000
2024JP0007544,1,304.62,11,1,5,1,1,1770,17,0,0,6,1,5,1,800105,1000000
2024JP0007545,1,304.62,34,2,6,1,11,16702,167,7000,4,1,1,1,1,800104,1000000
2024JP0007546,1,304.62,10,1,1,1,5,545,5,0,0,6,1,5,1,800102,1000000
2024JP0007547,1,304.62,35,2,5,1,11,53195,501,4000,3,2,1,1,1,800107,1000000
2024JP0007548,1,304.62,30,2,6,1,11,12474,124,9800,3,1,1,1,1,800104,1000000
2024JP0007549,1,304.62,42,1,6,1,6,16964,169,5000,3,1,1,1,1,800108,1000000
2024JP0007550,1,304.62,49,2,1,1,6,987,9,9920,1,5,1,1,1,800107,1000000
2024JP0007551,1,304.62,23,2,9,1,14,12598,125,5000,4,1,1,1,1,800105,1000000
2024JP0007552,1,304.62,42,2,3,1,7,4199,41,6000,4,1,1,1,1,800103,1000000
2024JP0007553,1,304.62,29,1,1,1,6,2251,22,5000,6,4,1,5,1,800103,1000000
2024JP0007554,1,304.62,39,1,6,1,14,24169,241,9000,1,4,1,3,1,800106,1000000
2024JP0007555,1,304.62,2,1,2,1,1,727,7,0,0,6,1,5,1,800103,1000000
2024JP0007556,1,304.62,21,1,2,1,13,6909,69,5000,1,1,1,5,1,800106,1000000
2024JP0007557,1,304.62,18,2,3,1,12,2993,29,7000,4,1,1,5,1,800107,1000000
2024JP0007558,1,304.62,47,2,2,1,7,4549,45,9920,3,3,1,1,1,800103,1000000
2024JP0007559,1,304.62,8,1,8,1,4,3580,35,0,0,6,1,5,1,800107,1000000
2024JP0007560,1,304.62,9,1,6,1,1,638,6,0,0,6,1,5,1,800103,1000000
2024JP0007561,1,304.62,8,1,4,1,3,3183,31,0,0,6,1,5,1,800104,1000000
2024JP0007562,1,304.62,12,2,1,1,4,10266,102,0,0,6,1,5,1,800104,1000000
2024JP0007563,1,304.62,5,1,4,1,2,2734,27,0,0,6,1,5,1,800104,1000000
2024JP0007564,1,304.62,36,1,3,1,6,2822,28,6000,3,1,1,1,1,800106,1000000
2024JP0007565,1,304.62,21,2,2,1,15,24047,240,1000,1,1,1,5,1,800101,1000000
2024JP0007566,1,304.62,52,1,7,1,11,8387,83,5000,3,1,1,1,1,800105,1000000
2024JP0007567,1,304.62,33,2,6,1,11,31938,319,6000,1,2,1,5,1,800103,1000000
2024JP0007568,1,304.62,33,2,6,1,8,6694,66,8000,4,1,1,1,1,800103,1000000
2024JP0007569,1,304.62,44,1,8,1,12,3469,34,9000,3,1,1,1,1,800107,1000000
2024JP0007570,1,304.62,11,1,3,1,5,1532,15,0,0,6,1,5,1,800107,1000000
2024JP0007571,1,304.62,34,2,8,1,9,23168,231,6000,3,1,1,5,1,800107,1000000
2024JP0007572,1,304.62,40,1,3,1,14,80071,501,4000,1,1,1,1,1,800103,1000000
2024JP0007573,1,304.62,59,2,4,1,5,3416,34,5000,4,1,1,1,1,800100,1000000
2024JP0007574,1,304.62,42,1,7,1,10,24922,249,2000,3,1,1,1,1,800109,1000000
2024JP0007575,1,304.62,15,2,4,1,14,1937,19,0,0,6,1,5,1,800105,1000000
2024JP0007576,1,304.62,28,2,4,1,14,32638,326,5000,3,1,1,5,1,800103,1000000
2024JP0007577,1,304.62,30,2,7,1,6,5860,58,9800,6,1,1,1,1,800100,1000000
2024JP0007578,1,304.62,21,2,7,1,10,2736,27,1000,1,5,1,5,1,800104,1000000
2024JP0007579,1,304.62,41,1,5,1,7,4489,44,7000,1,1,1,1,1,800101,1000000
2024JP0007580,1,304.62,46,2,6,1,6,2163,21,9800,1,1,1,1,1,800102,1000000
2024JP0007581,1,304.62,46,2,4,1,9,8626,86,5000,1,1,1,2,1,800105,1000000
2024JP0007582,1,304.62,18,1,4,1,14,3108,31,5000,1,1,1,5,1,800108,1000000
2024JP0007583,1,304.62,8,2,2,1,4,1281,12,0,0,6,1,5,1,800100,1000000
2024JP0007584,1,304.62,61,1,4,1,5,14973,149,9920,1,1,1,2,1,800101,1000000
2024JP0007585,1,304.62,5,2,6,1,4,1955,19,0,0,6,1,5,1,800107,1000000
2024JP0007586,1,304.62,35,1,5,1,12,18197,181,5000,4,1,1,1,1,800100,1000000
2024JP0007587,1,304.62,84,1,4,1,6,2116,21,0,0,6,1,2,1,800104,1000000
2024JP0007588,1,304.62,20,2,6,1,11,2146,21,8000,1,1,1,5,1,800101,1000000
2024JP0007589,1,304.62,17,1,3,1,11,8328,83,0,0,6,1,5,1,800108,1000000
2024JP0007590,1,304.62,7,2,4,1,3,1423,14,0,0,6,1,5,1,800108,1000000
2024JP0007591,1,304.62,22,2,9,1,16,59635,501,5000,1,1,1,1,1,800108,1000000
2024JP0007592,1,304.62,22,1,6,1,18,87971,501,3000,1,1,1,5,1,800101,1000000
2024JP0007593,1,304.62,34,1,8,1,11,18573,185,7000,4,4,1,5,1,800104,1000000
2024JP0007594,1,304.62,3,2,4,1,2,1678,16,0,0,6,1,5,1,800103,1000000
2024JP0007595,1,304.62,42,2,1,1,5,2512,25,7000,1,1,1,1,1,800100,1000000
2024JP0007596,1,304.62,34,1,6,1,10,49831,498,7000,4,1,1,1,1,800109,1000000
2024JP0007597,1,304.62,55,2,2,1,5,984,9,5000,4,3,1,1,1,800107,1000000
2024JP0007598,1,304.62,6,2,6,1,2,3122,31,0,0,6,1,5,1,800108,1000000
2024JP0007599,1,304.62,39,1,6,1,11,6455,64,4000,1,1,1,1,1,800106,1000000
2024JP0007600,1,304.62,14,1,2,1,1,2467,24,0,0,6,1,5,1,800107,1000000
2024JP0007601,1,304.62,6,1,1,1,6,1266,12,0,0,6,1,5,1,800107,1000000
2024JP0007602,1,304.62,20,1,1,1,11,11978,119,5000,1,1,1,5,1,800103,1000000
2024JP0007603,1,304.62,39,2,2,1,7,6431,64,9800,6,1,1,1,1,800101,1000000
2024JP0007604,1,304.62,42,1,1,1,9,46462,464,7000,1,4,1,1,1,800100,1000000
2024JP0007605,1,304.62,8,2,4,1,4,3448,34,0,0,6,1,5,1,800101,1000000
2024JP0007606,1,304.62,44,1,8,1,14,21112,211,6000,4,1,1,1,1,800102,1000000
2024JP0007607,1,304.62,12,1,4,1,3,7577,75,0,0,6,1,5,1,800107,1000000
2024JP0007608,1,304.62,33,1,1,1,10,14073,140,1000,3,1,1,1,1,800101,1000000
2024JP0007609,1,304.62,6,1,3,1,4,3370,33,0,0,6,1,5,1,800106,1000000
2024JP0007610,1,304.62,46,2,6,1,11,21202,212,5000,6,1,1,1,1,800105,1000000
2024JP0007611,1,304.62,25,2,1,1,8,1670,16,5000,3,1,1,1,1,800107,1000000
2024JP0007612,1,304.62,40,1,3,1,9,21600,216,6000,4,4,1,1,1,800104,1000000
2024JP0007613,1,304.62,1,2,7,1,4,1602,16,0,0,6,1,5,1,800106,1000000
2024JP0007614,1,304.62,6,2,6,1,6,3035,30,0,0,6,1,5,1,800102,1000000
2024JP0007615,1,304.62,16,2,2,1,10,10831,108,0,0,6,1,5,1,800108,1000000
2024JP0007616,1,304.62,4,1,2,1,7,5751,57,0,0,6,1,5,1,800104,1000000
2024JP0007617,1,304.62,24,2,1,1,11,3574,35,1000,2,1,1,1,1,800106,1000000
2024JP0007618,1,304.62,11,2,8,1,2,5060,50,0,0,6,1,5,1,800104,1000000
2024JP0007619,1,304.62,8,2,1,1,4,8754,87,0,0,6,1,5,1,800107,1000000
2024JP0007620,1,304.62,26,2,2,1,12,17696,176,5000,3,1,1,5,1,800107,1000000
2024JP0007621,1,304.62,0,1,3,1,4,893,8,0,0,6,1,5,1,800109,1000000
2024JP0007622,1,304.62,50,1,6,1,8,14491,144,6000,1,1,1,1,1,800108,1000000
2024JP0007623,1,304.62,6,2,5,1,1,761,7,0,0,6,1,5,1,800106,1000000
2024JP0007624,1,304.62,11,1,9,1,5,2274,22,0,0,6,1,5,1,800103,1000000
2024JP0007625,1,304.62,12,2,3,1,1,2291,22,0,0,6,1,5,1,800100,1000000
2024JP0007626,1,304.62,26,2,7,1,5,4074,40,5000,1,2,1,1,1,800100,1000000
2024JP0007627,1,304.62,37,1,6,1,7,28436,284,6000,3,5,1,1,1,800108,1000000
2024JP0007628,1,304.62,59,2,2,1,6,7426,74,7000,1,1,1,5,1,800104,1000000
2024JP0007629,1,304.62,44,2,4,1,12,13559,135,7000,1,1,1,1,1,800101,1000000
2024JP0007630,1,304.62,47,2,6,1,5,17969,179,5000,1,1,1,3,1,800100,1000000
2024JP0007631,1,304.62,4,2,6,1,4,8809,88,0,0,6,1,5,1,800108,1000000
2024JP0007632,1,304.62,8,2,1,1,1,1133,11,0,0,6,1,5,1,800107,1000000
2024JP0007633,1,304.62,3,1,1,1,3,531,5,0,0,6,1,5,1,800107,1000000
2024JP0007634,1,304.62,20,2,4,1,10,1205,12,6000,1,5,1,5,1,800108,1000000
2024JP0007635,1,304.62,78,1,7,1,7,1637,16,0,0,6,1,1,1,800106,1000000
2024JP0007636,1,304.62,20,1,4,1,14,6069,60,9000,4,1,1,5,1,800101,1000000
2024JP0007637,1,304.62,80,1,3,1,8,1143,11,0,0,6,1,1,1,800105,1000000
2024JP0007638,1,304.62,40,1,2,1,16,48697,486,5000,1,1,1,1,2,800101,1000000
2024JP0007639,1,304.62,31,2,7,1,13,78827,501,2000,3,2,1,1,1,800100,1000000
2024JP0007640,1,304.62,42,2,9,1,11,24872,248,2000,1,4,1,1,1,800103,1000000
2024JP0007641,1,304.62,78,1,3,1,7,2582,25,0,0,6,1,2,1,800102,1000000
2024JP0007642,1,304.62,57,2,1,1,13,17106,171,6000,4,2,1,1,1,800101,1000000
2024JP0007643,1,304.62,34,2,2,1,9,62374,501,7000,1,1,1,1,1,800100,1000000
2024JP0007644,1,304.62,6,1,3,1,7,2134,21,0,0,6,1,5,1,800104,1000000
2024JP0007645,1,304.62,41,1,5,1,5,2244,22,6000,4,1,1,1,1,800101,1000000
2024JP0007646,1,304.62,48,2,1,1,10,10176,101,2000,3,1,1,1,1,800109,1000000
2024JP0007647,1,304.62,52,2,5,1,10,9382,93,9000,6,1,1,1,1,800104,1000000
2024JP0007648,1,304.62,43,1,2,1,16,81391,501,5000,1,1,1,1,1,800106,1000000
2024JP0007649,1,304.62,52,2,6,1,6,20925,209,8000,3,1,1,1,1,800104,1000000
2024JP0007650,1,304.62,20,1,5,1,12,9941,99,6000,4,5,1,5,1,800102,1000000
2024JP0007651,1,304.62,35,1,4,1,10,15930,159,6000,1,1,1,1,1,800108,1000000
2024JP0007652,1,304.62,0,2,5,1,2,983,9,0,0,6,1,5,1,800105,1000000
2024JP0007653,1,304.62,13,2,4,1,7,3516,35,0,0,6,1,5,1,800100,1000000
2024JP0007654,1,304.62,83,1,1,1,5,3510,35,0,0,6,1,1,1,800103,1000000
2024JP0007655,1,304.62,21,2,3,1,15,21626,216,1000,2,3,1,5,1,800107,1000000
2024JP0007656,1,304.62,14,2,3,1,5,1419,14,0,0,6,1,5,1,800101,1000000
2024JP0007657,1,304.62,6,2,6,1,3,1993,19,0,0,6,1,5,1,800109,1000000
2024JP0007658,1,304.62,37,2,8,1,7,25558,255,6000,1,1,1,1,1,800101,1000000
2024JP0007659,1,304.62,33,1,4,1,13,7660,76,2000,1,1,1,1,1,800103,1000000
2024JP0007660,1,304.62,23,1,6,1,16,30830,308,4000,3,1,1,1,1,800103,1000000
2024JP0007661,1,304.62,17,1,3,1,13,13595,135,0,0,6,1,5,1,800103,1000000
2024JP0007662,1,304.62,28,2,2,1,6,42914,429,9000,6,1,1,5,1,800105,1000000
2024JP0007663,1,304.62,12,2,5,1,2,1072,10,0,0,6,1,5,1,800108,1000000
2024JP0007664,1,304.62,10,1,5,1,3,2747,27,0,0,6,1,5,1,800106,1000000
2024JP0007665,1,304.62,52,1,7,1,7,4373,43,9000,3,5,1,2,1,800103,1000000
2024JP0007666,1,304.62,5,1,2,1,1,1955,19,0,0,6,1,5,1,800101,1000000
2024JP0007667,1,304.62,15,1,3,1,12,9777,97,0,0,6,1,5,1,800102,1000000
2024JP0007668,1,304.62,50,1,3,1,10,18724,187,1000,3,1,1,1,1,800109,1000000
2024JP0007669,1,304.62,15,1,6,1,11,2982,29,0,0,6,1,5,1,800101,1000000
2024JP0007670,1,304.62,22,2,8,1,11,8017,80,7000,3,1,1,1,1,800101,1000000
2024JP0007671,1,304.62,17,2,5,1,13,8504,85,0,0,6,1,5,1,800101,1000000
2024JP0007672,1,304.62,14,1,3,1,3,1342,13,0,0,6,1,5,1,800101,1000000
2024JP0007673,1,304.62,39,2,9,1,5,4374,43,9800,6,4,1,1,1,800100,1000000
2024JP0007674,1,304.62,2,2,3,1,5,3719,37,0,0,6,1,5,1,800106,1000000
2024JP0007675,1,304.62,11,2,8,1,4,3169,31,0,0,6,1,5,1,800109,1000000
2024JP0007676,1,304.62,18,1,1,1,13,11180,111,7000,1,1,1,5,1,800104,1000000
2024JP0007677,1,304.62,3,1,2,1,2,4049,40,0,0,6,1,5,1,800105,1000000
2024JP0007678,1,304.62,12,2,6,1,3,2805,28,0,0,6,1,5,1,800104,1000000
2024JP0007679,1,304.62,3,1,1,1,1,4805,48,0,0,6,1,5,1,800108,1000000
2024JP0007680,1,304.62,49,1,4,1,14,16989,169,6000,1,1,1,1,1,800103,1000000
2024JP0007681,1,304.62,8,2,6,1,1,613,6,0,0,6,1,5,1,800106,1000000
2024JP0007682,1,304.62,42,1,3,1,8,17017,170,9800,1,1,5,1,1,800108,1000000
2024JP0007683,1,304.62,14,2,3,1,4,1897,18,0,0,6,1,5,1,800107,1000000
2024JP0007684,1,304.62,76,1,6,1,10,8191,81,0,0,6,1,1,1,800105,1000000
2024JP0007685,1,304.62,12,1,4,1,3,1959,19,0,0,6,1,5,1,800107,1000000
2024JP0007686,1,304.62,10,1,7,1,3,2092,20,0,0,6,1,5,1,800105,1000000
2024JP0007687,1,304.62,34,1,7,1,10,14359,143,9000,3,1,1,1,1,800106,1000000
2024JP0007688,1,304.62,3,1,6,1,1,1406,14,0,0,6,1,5,1,800105,1000000
2024JP0007689,1,304.62,47,1,2,1,8,14359,143,9000,4,1,1,1,1,800103,1000000
2024JP0007690,1,304.62,36,1,6,1,8,10368,103,9000,1,1,1,1,1,800106,1000000
2024JP0007691,1,304.62,3,2,6,1,4,605,6,0,0,6,1,5,1,800106,1000000
2024JP0007692,1,304.62,30,2,7,1,13,16980,169,2000,3,1,1,5,1,800104,1000000
2024JP0007693,1,304.62,55,1,4,1,12,19440,194,6000,4,1,1,5,1,800103,1000000
2024JP0007694,1,304.62,17,1,4,1,18,15207,152,0,0,6,1,5,1,800105,1000000
2024JP0007695,1,304.62,7,1,5,1,6,671,6,0,0,6,1,5,1,800109,1000000
2024JP0007696,1,304.62,10,2,6,1,1,4275,42,0,0,6,1,5,1,800102,1000000
2024JP0007697,1,304.62,33,1,1,1,8,14142,141,6000,1,1,1,1,1,800103,1000000
2024JP0007698,1,304.62,54,2,5,1,5,5876,58,5000,1,1,1,1,1,800103,1000000
2024JP0007699,1,304.62,4,1,3,1,4,3308,33,0,0,6,1,5,1,800105,1000000
2024JP0007700,1,304.62,51,2,3,1,10,15381,153,2000,1,4,1,1,1,800107,1000000
2024JP0007701,1,304.62,24,2,4,1,14,36754,367,9000,3,1,1,1,1,800104,1000000
2024JP0007702,1,304.62,1,1,6,1,2,1302,13,0,0,6,1,5,1,800102,1000000
2024JP0007703,1,304.62,10,2,2,1,5,3921,39,0,0,6,1,5,1,800107,1000000
2024JP0007704,1,304.62,21,1,5,1,18,22555,225,5000,3,1,1,5,1,800106,1000000
2024JP0007705,1,304.62,26,2,4,1,11,33394,333,2000,2,1,1,1,1,800102,1000000
2024JP0007706,1,304.62,57,2,3,1,6,5453,54,5000,3,1,1,1,1,800108,1000000
2024JP0007707,1,304.62,5,1,6,1,1,1285,12,0,0,6,1,5,1,800105,1000000
2024JP0007708,1,304.62,32,2,5,1,8,20908,209,8000,1,1,1,1,1,800108,1000000
2024JP0007709,1,304.62,86,1,4,1,7,10436,104,0,0,6,1,5,1,800106,1000000
2024JP0007710,1,304.62,5,1,1,1,2,2914,29,0,0,6,1,5,1,800101,1000000
2024JP0007711,1,304.62,26,1,1,1,5,11804,118,9920,3,1,1,1,1,800104,1000000
2024JP0007712,1,304.62,78,1,1,1,8,3859,38,0,0,6,1,1,1,800101,1000000
2024JP0007713,1,304.62,36,2,1,1,11,5947,59,6000,1,1,1,1,1,800107,1000000
2024JP0007714,1,304.62,33,2,2,1,9,19977,199,6000,1,1,1,2,1,800100,1000000
2024JP0007715,1,304.62,29,1,5,1,5,13821,138,9000,4,1,1,5,1,800105,1000000
2024JP0007716,1,304.62,72,1,4,1,6,3650,36,0,0,6,1,2,1,800100,1000000
2024JP0007717,1,304.62,24,1,9,1,18,46193,461,6000,3,1,1,5,1,800101,1000000
2024JP0007718,1,304.62,29,1,2,1,9,48140,481,5000,1,1,1,1,1,800100,1000000
2024JP0007719,1,304.62,44,1,3,1,9,20646,206,9800,1,1,1,1,1,800101,1000000
2024JP0007720,1,304.62,28,1,1,1,11,9315,93,7000,4,1,1,5,1,800106,1000000
2024JP0007721,1,304.62,17,1,2,1,13,7115,71,0,0,6,1,5,1,800100,1000000
2024JP0007722,1,304.62,17,1,2,1,18,7865,78,0,0,6,1,5,1,800108,1000000
2024JP0007723,1,304.62,4,1,5,1,3,2545,25,0,0,6,1,5,1,800102,1000000
2024JP0007724,1,304.62,40,1,2,1,10,42937,429,6000,6,5,1,1,1,800105,1000000
2024JP0007725,1,304.62,23,2,1,1,16,55300,501,2000,2,1,1,5,1,800107,1000000
2024JP0007726,1,304.62,61,1,7,1,11,6965,69,5000,3,1,1,1,1,800104,1000000
2024JP0007727,1,304.62,42,1,1,1,9,31833,318,7000,3,1,1,5,1,800101,1000000
2024JP0007728,1,304.62,5,1,5,1,1,1170,11,0,0,6,1,5,1,800106,1000000
2024JP0007729,1,304.62,53,1,6,1,8,11111,111,9000,1,1,1,1,1,800108,1000000
2024JP0007730,1,304.62,13,2,1,1,3,10548,105,0,0,6,1,5,1,800102,1000000
2024JP0007731,1,304.62,42,2,5,1,8,1825,18,9800,3,1,1,1,1,800101,1000000
2024JP0007732,1,304.62,16,2,1,1,11,3772,37,0,0,6,1,5,1,800109,1000000
2024JP0007733,1,304.62,39,2,1,1,10,114630,501,8000,3,2,1,1,1,800108,1000000
2024JP0007734,1,304.62,29,2,4,1,8,23399,233,5000,4,1,1,5,1,800100,1000000
2024JP0007735,1,304.62,26,2,1,1,15,31873,318,4000,1,1,1,1,1,800107,1000000
2024JP0007736,1,304.62,28,2,5,1,13,18033,180,5000,3,4,1,1,1,800104,1000000
2024JP0007737,1,304.62,38,1,1,1,14,5813,58,1000,1,1,1,5,1,800102,1000000
2024JP0007738,1,304.62,10,2,4,1,7,8511,85,0,0,6,1,5,1,800102,1000000
2024JP0007739,1,304.62,36,2,5,1,5,9165,91,8000,4,1,1,5,1,800105,1000000
2024JP0007740,1,304.62,38,1,1,1,13,11364,113,5000,1,1,1,1,1,800100,1000000
2024JP0007741,1,304.62,28,2,2,1,13,7669,76,2000,1,1,1,1,1,800100,1000000
2024JP0007742,1,304.62,5,2,6,1,3,1162,11,0,0,6,1,5,1,800104,1000000
2024JP0007743,1,304.62,43,2,6,1,10,3296,32,2000,3,1,1,1,1,800101,1000000
2024JP0007744,1,304.62,17,2,7,1,12,6836,68,0,0,6,1,5,1,800109,1000000
2024JP0007745,1,304.62,4,1,1,1,4,2022,20,0,0,6,1,5,1,800102,1000000
2024JP0007746,1,304.62,26,1,6,1,5,4312,43,6000,1,1,1,5,1,800103,1000000
2024JP0007747,1,304.62,45,2,8,1,10,33121,331,6000,1,1,1,5,1,800106,1000000
2024JP0007748,1,304.62,39,1,4,1,9,35887,358,2000,1,1,1,1,1,800101,1000000
2024JP0007749,1,304.62,14,2,6,1,3,6009,60,0,0,6,1,5,1,800109,1000000
2024JP0007750,1,304.62,18,1,1,1,10,2521,25,6000,1,1,1,1,1,800108,1000000
2024JP0007751,1,304.62,18,2,4,1,15,25436,254,3000,2,1,1,5,1,800109,1000000
2024JP0007752,1,304.62,37,2,6,1,10,9191,91,8000,4,1,1,1,2,800108,1000000
2024JP0007753,1,304.62,5,1,1,1,3,930,9,0,0,6,1,5,1,800105,1000000
2024JP0007754,1,304.62,22,2,1,1,19,46669,466,4000,1,1,1,1,1,800109,1000000
2024JP0007755,1,304.62,48,2,1,1,8,2247,22,7000,4,1,1,1,1,800103,1000000
2024JP0007756,1,304.62,32,1,5,1,13,60577,501,7000,1,1,1,5,1,800101,1000000
2024JP0007757,1,304.62,6,1,2,1,3,3015,30,0,0,6,1,5,1,800108,1000000
2024JP0007758,1,304.62,9,1,1,1,2,6381,63,0,0,6,1,5,1,800107,1000000
2024JP0007759,1,304.62,93,2,2,1,6,1843,18,0,0,6,1,1,1,800102,1000000
2024JP0007760,1,304.62,36,2,1,1,12,13702,137,9000,1,1,1,1,1,800106,1000000
2024JP0007761,1,304.62,21,1,5,1,12,3289,32,9000,3,1,1,5,1,800102,1000000
2024JP0007762,1,304.62,22,1,6,1,11,4999,49,9000,4,1,1,5,1,800109,1000000
2024JP0007763,1,304.62,53,1,2,1,6,5135,51,7000,3,1,1,3,1,800107,1000000
2024JP0007764,1,304.62,1,1,6,1,7,1952,19,0,0,6,1,5,1,800101,1000000
2024JP0007765,1,304.62,42,1,3,1,16,21777,217,2000,2,1,1,1,1,800105,1000000
2024JP0007766,1,304.62,21,1,2,1,14,3215,32,9000,6,1,1,5,1,800105,1000000
2024JP0007767,1,304.62,17,2,1,1,18,36907,369,0,0,6,1,5,1,800109,1000000
2024JP0007768,1,304.62,9,1,6,1,1,4006,40,0,0,6,1,5,1,800108,1000000
2024JP0007769,1,304.62,22,1,9,1,15,26238,262,1000,3,1,1,1,1,800107,1000000
2024JP0007770,1,304.62,28,2,2,1,13,20520,205,7000,3,1,1,5,1,800109,1000000
2024JP0007771,1,304.62,18,1,4,1,11,3753,37,9000,1,3,1,5,1,800101,1000000
2024JP0007772,1,304.62,7,1,6,1,8,6318,63,0,0,6,1,5,1,800109,1000000
2024JP0007773,1,304.62,88,2,5,1,7,696,6,0,0,6,1,2,1,800101,1000000
2024JP0007774,1,304.62,47,2,1,1,8,27816,278,9800,4,1,1,5,1,800101,1000000
2024JP0007775,1,304.62,43,1,4,1,7,3808,38,9800,1,1,1,2,1,800109,1000000
2024JP0007776,1,304.62,19,1,3,1,14,9818,98,6000,6,1,1,5,1,800106,1000000
2024JP0007777,1,304.62,22,2,2,1,10,68240,501,5000,3,1,1,5,1,800107,1000000
2024JP0007778,1,304.62,19,2,3,1,19,60483,501,1000,1,1,1,5,1,800101,1000000
2024JP0007779,1,304.62,10,2,7,1,7,5827,58,0,0,6,1,5,1,800107,1000000
2024JP0007780,1,304.62,2,2,6,1,7,725,7,0,0,6,1,5,1,800100,1000000
2024JP0007781,1,304.62,44,2,1,1,8,4957,49,9000,3,1,1,1,1,800109,1000000
2024JP0007782,1,304.62,4,2,4,1,5,2404,24,0,0,6,1,5,1,800105,1000000
2024JP0007783,1,304.62,35,1,3,1,11,3285,32,5000,1,1,1,1,1,800108,1000000
2024JP0007784,1,304.62,19,1,1,1,17,72924,501,6000,1,1,1,5,1,800102,1000000
2024JP0007785,1,304.62,34,1,7,1,10,20790,207,2000,1,1,1,1,1,800102,1000000
2024JP0007786,1,304.62,29,1,5,1,10,15419,154,6000,3,1,1,1,1,800107,1000000
2024JP0007787,1,304.62,27,2,5,1,10,12985,129,8000,1,2,1,1,1,800108,1000000
2024JP0007788,1,304.62,45,1,6,1,5,5504,55,9920,1,1,1,3,1,800106,1000000
2024JP0007789,1,304.62,42,1,4,1,11,111509,501,2000,2,1,1,1,1,800108,1000000
2024JP0007790,1,304.62,33,1,1,1,5,3577,35,5000,6,1,1,1,1,800103,1000000
2024JP0007791,1,304.62,19,1,6,1,13,3321,33,1000,2,1,1,1,1,800104,1000000
2024JP0007792,1,304.62,37,1,5,1,8,5572,55,6000,1,1,1,2,1,800100,1000000
2024JP0007793,1,304.62,28,1,2,1,8,2155,21,7000,1,2,1,1,1,800105,1000000
2024JP0007794,1,304.62,16,2,3,1,14,9263,92,0,0,6,1,5,1,800106,1000000
2024JP0007795,1,304.62,31,1,2,1,9,13182,131,6000,3,1,1,3,1,800107,1000000
2024JP0007796,1,304.62,5,1,1,1,6,3257,32,0,0,6,1,5,1,800106,1000000
2024JP0007797,1,304.62,54,1,6,1,7,3181,31,9920,4,1,1,1,1,800103,1000000
2024JP0007798,1,304.62,37,1,4,1,15,35703,357,5000,4,1,1,1,1,800104,1000000
2024JP0007799,1,304.62,27,2,2,1,7,4480,44,6000,6,1,1,5,1,800106,1000000
2024JP0007800,1,304.62,37,2,1,1,7,13098,130,9000,6,1,1,5,1,800108,1000000
2024JP0007801,1,304.62,29,1,5,1,7,2272,22,6000,1,1,1,1,1,800109,1000000
2024JP0007802,1,304.62,89,2,1,1,5,1079,10,0,0,6,1,3,1,800100,1000000
2024JP0007803,1,304.62,26,2,6,1,8,4603,46,5000,3,1,1,1,1,800103,1000000
2024JP0007804,1,304.62,8,2,1,1,1,1285,12,0,0,6,1,5,1,800106,1000000
2024JP0007805,1,304.62,38,1,6,1,13,33274,332,7000,4,1,1,1,1,800106,1000000
2024JP0007806,1,304.62,2,1,1,1,2,1550,15,0,0,6,1,5,1,800109,1000000
2024JP0007807,1,304.62,20,2,2,1,17,14384,143,4000,1,1,1,1,1,800108,1000000
2024JP0007808,1,304.62,50,2,6,1,5,3184,31,9920,3,1,1,1,1,800100,1000000
2024JP0007809,1,304.62,17,2,5,1,14,9133,91,0,0,6,1,5,1,800100,1000000
2024JP0007810,1,304.62,29,1,1,1,9,18744,187,5000,4,1,1,1,1,800107,1000000
2024JP0007811,1,304.62,57,2,1,1,5,5929,59,9920,4,1,1,2,1,800106,1000000
2024JP0007812,1,304.62,27,1,2,1,6,1929,19,9920,3,1,1,5,1,800106,1000000
2024JP0007813,1,304.62,51,2,2,1,9,13511,135,4000,2,1,1,1,1,800106,1000000
2024JP0007814,1,304.62,28,1,1,1,10,25885,258,9000,4,1,1,1,1,800100,1000000
2024JP0007815,1,304.62,64,2,6,1,6,8430,84,9920,4,1,1,1,1,800100,1000000
2024JP0007816,1,304.62,4,2,5,1,2,762,7,0,0,6,1,5,1,800103,1000000
2024JP0007817,1,304.62,42,1,9,1,11,20002,200,2000,2,5,1,1,1,800106,1000000
2024JP0007818,1,304.62,19,2,4,1,10,8516,85,2000,1,1,1,1,1,800105,1000000
2024JP0007819,1,304.62,20,1,3,1,15,34187,341,3000,2,1,1,5,1,800109,1000000
2024JP0007820,1,304.62,9,2,7,1,3,1500,15,0,0,6,1,5,1,800104,1000000
2024JP0007821,1,304.62,30,1,4,1,5,3629,36,7000,4,1,1,1,1,800108,1000000
2024JP0007822,1,304.62,13,2,2,1,5,548,5,0,0,6,1,5,1,800104,1000000
2024JP0007823,1,304.62,21,1,1,1,19,24218,242,2000,2,1,1,1,1,800105,1000000
2024JP0007824,1,304.62,24,2,3,1,14,24283,242,6000,1,1,1,1,1,800101,1000000
2024JP0007825,1,304.62,48,2,5,1,8,11388,113,7000,3,1,1,1,1,800105,1000000
2024JP0007826,1,304.62,41,1,3,1,11,33368,333,5000,3,4,1,2,1,800106,1000000
2024JP0007827,1,304.62,10,2,1,1,4,5450,54,0,0,6,1,5,1,800109,1000000
2024JP0007828,1,304.62,27,2,8,1,15,43410,434,2000,1,1,1,1,1,800103,1000000
2024JP0007829,1,304.62,11,2,8,1,4,11039,110,0,0,6,1,5,1,800105,1000000
2024JP0007830,1,304.62,33,2,4,1,7,10325,103,9000,3,1,1,1,1,800106,1000000
2024JP0007831,1,304.62,4,1,6,1,4,1525,15,0,0,6,1,5,1,800102,1000000
2024JP0007832,1,304.62,22,2,4,1,15,78357,501,4000,1,1,1,5,1,800103,1000000
2024JP0007833,1,304.62,1,1,5,1,4,875,8,0,0,6,1,5,1,800108,1000000
2024JP0007834,1,304.62,25,1,1,1,6,5495,54,6000,3,2,1,1,1,800106,1000000
2024JP0007835,1,304.62,28,2,1,1,7,10325,103,8000,3,1,1,5,1,800107,1000000
2024JP0007836,1,304.62,47,2,6,1,10,14502,145,7000,1,1,1,2,1,800104,1000000
2024JP0007837,1,304.62,36,1,2,1,12,25906,259,6000,6,3,1,1,1,800108,1000000
2024JP0007838,1,304.62,33,1,1,1,9,12839,128,6000,6,1,1,1,1,800108,1000000
2024JP0007839,1,304.62,21,2,4,1,14,7600,76,6000,4,1,1,5,1,800104,1000000
2024JP0007840,1,304.62,39,1,1,1,5,1408,14,5000,3,1,1,1,1,800101,1000000
2024JP0007841,1,304.62,20,1,5,1,11,10152,101,7000,3,1,1,5,1,800100,1000000
2024JP0007842,1,304.62,13,1,2,1,5,11109,111,0,0,6,1,5,1,800105,1000000
2024JP0007843,1,304.62,28,1,1,1,5,8884,88,9920,1,1,1,1,1,800106,1000000
2024JP0007844,1,304.62,39,2,7,1,11,47497,474,6000,1,1,1,1,1,800103,1000000
2024JP0007845,1,304.62,1,1,5,1,2,2978,29,0,0,6,1,5,1,800104,1000000
2024JP0007846,1,304.62,44,1,2,1,5,5760,57,8000,1,1,1,1,1,800107,1000000
2024JP0007847,1,304.62,22,1,5,1,10,15563,155,6000,1,1,1,5,1,800105,1000000
2024JP0007848,1,304.62,12,2,3,1,4,1056,10,0,0,6,1,5,1,800106,1000000
2024JP0007849,1,304.62,25,1,3,1,5,9549,95,9920,3,1,1,1,1,800106,1000000
2024JP0007850,1,304.62,41,1,1,1,12,11929,119,1000,3,1,1,1,1,800107,1000000
2024JP0007851,1,304.62,19,2,2,1,14,3682,36,5000,1,1,1,5,1,800101,1000000
2024JP0007852,1,304.62,69,2,5,1,8,8988,89,5000,3,1,1,1,1,800103,1000000
2024JP0007853,1,304.62,34,1,8,1,6,8758,87,8000,4,4,1,5,1,800106,1000000
2024JP0007854,1,304.62,3,2,4,1,2,2982,29,0,0,6,1,5,1,800103,1000000
2024JP0007855,1,304.62,21,2,1,1,14,18362,183,5000,6,1,1,5,1,800108,1000000
2024JP0007856,1,304.62,11,1,6,1,7,1121,11,0,0,6,1,5,1,800101,1000000
2024JP0007857,1,304.62,18,1,6,1,14,6230,62,6000,3,1,1,5,1,800107,1000000
2024JP0007858,1,304.62,0,2,1,1,6,3275,32,0,0,6,1,5,1,800106,1000000
2024JP0007859,1,304.62,7,2,2,1,2,8757,87,0,0,6,1,5,1,800106,1000000
2024JP0007860,1,304.62,40,2,1,1,8,8727,87,9920,6,3,1,1,1,800105,1000000
2024JP0007861,1,304.62,28,2,3,1,8,8256,82,9920,4,1,1,5,1,800108,1000000
2024JP0007862,1,304.62,8,2,1,1,2,4041,40,0,0,6,1,5,1,800108,1000000
2024JP0007863,1,304.62,23,1,6,1,15,149044,501,5000,3,1,1,5,1,800107,1000000
2024JP0007864,1,304.62,6,1,6,1,1,8383,83,0,0,6,1,5,1,800109,1000000
2024JP0007865,1,304.62,14,2,5,1,4,3009,30,0,0,6,1,5,1,800106,1000000
2024JP0007866,1,304.62,23,2,1,1,13,19585,195,9800,6,4,1,5,1,800104,1000000
2024JP0007867,1,304.62,63,2,2,1,5,2190,21,9920,4,5,1,1,1,800103,1000000
2024JP0007868,1,304.62,37,2,1,1,9,25397,253,4000,2,1,1,1,1,800103,1000000
2024JP0007869,1,304.62,41,2,2,1,6,44300,443,5000,3,1,1,2,1,800107,1000000
2024JP0007870,1,304.62,59,1,6,1,7,5794,57,9800,1,1,1,1,1,800104,1000000
2024JP0007871,1,304.62,28,2,6,1,8,3048,30,8000,3,1,1,1,1,800107,1000000
2024JP0007872,1,304.62,57,1,3,1,7,2464,24,5000,1,5,1,2,1,800107,1000000
2024JP0007873,1,304.62,17,1,3,1,18,22852,228,0,0,6,1,5,1,800103,1000000
2024JP0007874,1,304.62,14,2,3,1,1,1108,11,0,0,6,1,5,1,800105,1000000
2024JP0007875,1,304.62,29,2,2,1,8,3173,31,9800,4,1,1,1,1,800109,1000000
2024JP0007876,1,304.62,8,1,7,1,3,7517,75,0,0,6,1,5,1,800102,1000000
2024JP0007877,1,304.62,0,2,5,1,8,16705,167,0,0,6,1,5,1,800108,1000000
2024JP0007878,1,304.62,25,1,1,1,14,41377,413,8000,1,1,1,5,1,800108,1000000
2024JP0007879,1,304.62,35,1,5,1,11,42516,425,7000,1,5,1,1,1,800103,1000000
2024JP0007880,1,304.62,26,1,1,1,13,10197,101,5000,1,1,1,1,1,800105,1000000
2024JP0007881,1,304.62,48,1,2,1,12,15734,157,8000,4,1,1,1,1,800105,1000000
2024JP0007882,1,304.62,72,1,2,1,5,5827,58,0,0,6,1,1,1,800106,1000000
2024JP0007883,1,304.62,4,2,3,1,2,1806,18,0,0,6,1,5,1,800100,1000000
2024JP0007884,1,304.62,20,2,1,1,20,27893,278,1000,1,1,1,5,1,800104,1000000
2024JP0007885,1,304.62,35,1,2,1,12,29505,295,5000,1,1,1,1,1,800102,1000000
2024JP0007886,1,304.62,29,1,2,1,10,7304,73,6000,1,1,1,1,1,800109,1000000
2024JP0007887,1,304.62,42,1,6,1,14,41064,410,2000,2,1,1,1,1,800103,1000000
2024JP0007888,1,304.62,24,1,2,1,13,9235,92,5000,1,1,1,5,1,800101,1000000
2024JP0007889,1,304.62,34,1,2,1,14,6160,61,9000,3,1,1,1,1,800100,1000000
2024JP0007890,1,304.62,41,1,3,1,9,44410,444,6000,6,5,1,1,1,800100,1000000
2024JP0007891,1,304.62,18,2,1,1,15,57818,501,5000,4,1,1,5,1,800106,1000000
2024JP0007892,1,304.62,5,2,5,1,4,685,6,0,0,6,1,5,1,800106,1000000
2024JP0007893,1,304.62,9,1,6,1,1,1760,17,0,0,6,1,5,1,800105,1000000
2024JP0007894,1,304.62,26,2,3,1,12,6403,64,6000,4,1,1,1,1,800103,1000000
2024JP0007895,1,304.62,28,2,1,1,10,14356,143,2000,1,1,1,5,1,800107,1000000
2024JP0007896,1,304.62,47,1,5,1,11,15325,153,1000,2,1,1,1,1,800108,1000000
2024JP0007897,1,304.62,32,2,1,1,9,29267,292,8000,4,1,1,2,1,800101,1000000
2024JP0007898,1,304.62,48,2,2,1,6,12720,127,6000,3,1,1,1,1,800109,1000000
2024JP0007899,1,304.62,22,1,1,1,11,23744,237,2000,1,5,1,1,1,800100,1000000
2024JP0007900,1,304.62,26,2,3,1,12,3622,36,7000,1,1,1,5,1,800103,1000000
2024JP0007901,1,304.62,20,2,1,1,14,7019,70,1000,3,1,1,5,1,800106,1000000
2024JP0007902,1,304.62,9,1,6,1,2,3965,39,0,0,6,1,5,1,800107,1000000
2024JP0007903,1,304.62,27,2,6,1,9,50549,501,9000,1,1,1,1,1,800102,1000000
2024JP0007904,1,304.62,40,2,2,1,6,3524,35,7000,1,1,1,1,1,800102,1000000
2024JP0007905,1,304.62,22,2,2,1,12,12787,127,9800,1,1,1,5,1,800105,1000000
2024JP0007906,1,304.62,56,1,1,1,8,5427,54,5000,3,1,1,1,1,800102,1000000
2024JP0007907,1,304.62,11,1,5,1,7,5646,56,0,0,6,1,5,1,800108,1000000
2024JP0007908,1,304.62,15,1,5,1,12,6637,66,0,0,6,1,5,1,800106,1000000
2024JP0007909,1,304.62,44,1,1,1,10,7508,75,6000,1,1,1,1,1,800101,1000000
2024JP0007910,1,304.62,3,1,4,1,2,3574,35,0,0,6,1,5,1,800107,1000000
2024JP0007911,1,304.62,11,1,4,1,9,11986,119,0,0,6,1,5,1,800106,1000000
2024JP0007912,1,304.62,39,2,1,1,9,22629,226,7000,3,1,1,2,1,800108,1000000
2024JP0007913,1,304.62,33,2,2,1,9,20506,205,5000,1,1,1,1,1,800101,1000000
2024JP0007914,1,304.62,7,2,1,1,3,807,8,0,0,6,1,5,1,800103,1000000
2024JP0007915,1,304.62,27,2,8,1,9,9710,97,5000,3,1,1,1,1,800105,1000000
2024JP0007916,1,304.62,21,2,6,1,15,12534,125,6000,1,1,1,5,1,800104,1000000
2024JP0007917,1,304.62,22,1,5,1,16,28324,283,6000,4,1,1,1,1,800107,1000000
2024JP0007918,1,304.62,19,1,2,1,18,23352,233,1000,3,1,1,5,1,800100,1000000
2024JP0007919,1,304.62,34,1,4,1,10,19986,199,6000,3,1,1,1,1,800107,1000000
2024JP0007920,1,304.62,30,1,1,1,6,3689,36,9920,6,2,1,1,1,800106,1000000
2024JP0007921,1,304.62,20,1,6,1,17,27229,272,2000,3,1,1,5,1,800102,1000000
2024JP0007922,1,304.62,14,2,2,1,4,3959,39,0,0,6,1,5,1,800101,1000000
2024JP0007923,1,304.62,4,1,5,1,3,1432,14,0,0,6,1,5,1,800101,1000000
2024JP0007924,1,304.62,2,1,1,1,5,1000,10,0,0,6,1,5,1,800104,1000000
2024JP0007925,1,304.62,36,2,2,1,12,67638,501,6000,6,1,1,1,1,800100,1000000
2024JP0007926,1,304.62,30,1,6,1,14,6717,67,6000,3,3,1,1,1,800107,1000000
2024JP0007927,1,304.62,44,2,6,1,10,33923,339,5000,1,5,1,1,1,800105,1000000
2024JP0007928,1,304.62,35,2,1,1,14,5382,53,6000,3,1,1,1,1,800104,1000000
2024JP0007929,1,304.62,21,1,3,1,19,48209,482,3000,1,1,1,5,1,800101,1000000
2024JP0007930,1,304.62,10,1,1,1,1,811,8,0,0,6,1,5,1,800102,1000000
2024JP0007931,1,304.62,19,1,3,1,14,3705,37,7000,1,1,1,5,1,800109,1000000
2024JP0007932,1,304.62,23,2,5,1,15,36579,365,1000,3,1,1,1,1,800105,1000000
2024JP0007933,1,304.62,45,2,6,1,12,23784,237,5000,6,1,1,2,1,800107,1000000
2024JP0007934,1,304.62,28,2,2,1,9,16596,165,5000,1,1,1,1,1,800106,1000000
2024JP0007935,1,304.62,37,1,2,1,6,3221,32,5000,3,1,1,1,1,800104,1000000
2024JP0007936,1,304.62,27,1,1,1,6,9622,96,6000,1,1,1,1,1,800101,1000000
2024JP0007937,1,304.62,68,1,8,1,7,7071,70,9800,4,1,1,1,1,800107,1000000
2024JP0007938,1,304.62,10,1,2,1,2,907,9,0,0,6,1,5,1,800109,1000000
2024JP0007939,1,304.62,24,1,2,1,14,25864,258,7000,4,1,1,1,1,800108,1000000
2024JP0007940,1,304.62,14,2,1,1,8,1195,11,0,0,6,1,5,1,800100,1000000
2024JP0007941,1,304.62,46,2,5,1,5,6767,67,7000,1,1,1,2,1,800102,1000000
2024JP0007942,1,304.62,40,1,2,1,13,19684,196,8000,1,1,1,1,1,800107,1000000
2024JP0007943,1,304.62,3,2,5,1,2,1617,16,0,0,6,1,5,1,800103,1000000
2024JP0007944,1,304.62,43,1,4,1,10,16695,166,7000,4,1,1,1,1,800101,1000000
2024JP0007945,1,304.62,12,1,4,1,5,2964,29,0,0,6,1,5,1,800107,1000000
2024JP0007946,1,304.62,18,1,2,1,16,28009,280,4000,1,1,1,5,1,800105,1000000
2024JP0007947,1,304.62,27,1,2,1,8,4314,43,6000,3,1,1,1,1,800106,1000000
2024JP0007948,1,304.62,22,1,5,1,16,68338,501,5000,3,1,1,1,1,800100,1000000
2024JP0007949,1,304.62,40,1,6,1,13,10519,105,2000,1,1,1,1,1,800108,1000000
2024JP0007950,1,304.62,100,1,6,1,7,2206,22,0,0,6,1,4,1,800103,1000000
2024JP0007951,1,304.62,43,2,4,1,5,1889,18,9800,3,1,1,5,1,800102,1000000
2024JP0007952,1,304.62,10,1,3,1,5,3342,33,0,0,6,1,5,1,800100,1000000
2024JP0007953,1,304.62,27,2,4,1,14,26877,268,9800,6,1,1,5,1,800107,1000000
2024JP0007954,1,304.62,28,1,2,1,5,3300,33,9800,3,1,1,1,1,800104,1000000
2024JP0007955,1,304.62,33,1,3,1,10,10902,109,6000,1,1,1,1,1,800108,1000000
2024JP0007956,1,304.62,44,1,5,1,8,4158,41,5000,3,1,1,1,1,800104,1000000
2024JP0007957,1,304.62,19,2,3,1,15,15020,150,3000,2,1,1,1,1,800107,1000000
2024JP0007958,1,304.62,43,1,2,1,9,26765,267,7000,3,1,1,1,1,800102,1000000
2024JP0007959,1,304.62,3,1,1,1,3,2227,22,0,0,6,1,5,1,800106,1000000
2024JP0007960,1,304.62,42,2,2,1,7,6288,62,6000,3,1,1,1,1,800108,1000000
2024JP0007961,1,304.62,2,2,1,1,2,790,7,0,0,6,1,5,1,800102,1000000
2024JP0007962,1,304.62,16,2,6,1,12,5989,59,0,0,6,1,5,1,800103,1000000
2024JP0007963,1,304.62,47,1,4,1,5,5559,55,6000,4,1,1,2,1,800103,1000000
2024JP0007964,1,304.62,16,2,7,1,12,9466,94,0,0,6,1,5,1,800106,1000000
2024JP0007965,1,304.62,45,2,1,1,5,9090,90,6000,1,1,1,2,1,800109,1000000
2024JP0007966,1,304.62,11,2,5,1,6,5403,54,0,0,6,1,5,1,800100,1000000
2024JP0007967,1,304.62,42,2,3,1,10,7002,70,6000,3,1,1,1,1,800101,1000000
2024JP0007968,1,304.62,36,1,1,1,13,7730,77,9000,1,1,1,1,1,800108,1000000
2024JP0007969,1,304.62,70,2,5,1,11,29426,294,8000,1,3,1,2,1,800103,1000000
2024JP0007970,1,304.62,25,2,1,1,7,6576,65,5000,3,4,1,5,1,800109,1000000
2024JP0007971,1,304.62,65,2,3,1,6,2636,26,6000,4,1,1,1,1,800108,1000000
2024JP0007972,1,304.62,84,2,1,1,6,7637,76,0,0,6,5,1,1,800101,1000000
2024JP0007973,1,304.62,100,1,3,1,9,4522,45,0,0,6,1,1,1,800103,1000000
2024JP0007974,1,304.62,20,1,7,1,15,16458,164,4000,3,1,1,5,1,800103,1000000
2024JP0007975,1,304.62,25,2,5,1,13,43227,432,5000,1,1,1,5,1,800102,1000000
2024JP0007976,1,304.62,22,2,2,1,13,7159,71,9800,1,1,1,1,1,800103,1000000
2024JP0007977,1,304.62,20,1,9,1,15,37641,376,6000,1,1,1,5,1,800102,1000000
2024JP0007978,1,304.62,37,1,2,1,9,20270,202,2000,1,1,1,1,1,800106,1000000
2024JP0007979,1,304.62,37,2,9,1,7,10721,107,9800,1,1,1,1,1,800105,1000000
2024JP0007980,1,304.62,22,2,1,1,15,72609,501,5000,1,1,1,1,1,800106,1000000
2024JP0007981,1,304.62,30,2,1,1,8,4615,46,8000,3,1,1,5,1,800102,1000000
2024JP0007982,1,304.62,17,1,5,1,12,9759,97,0,0,6,1,5,1,800106,1000000
2024JP0007983,1,304.62,9,2,2,1,7,1737,17,0,0,6,1,5,1,800109,1000000
2024JP0007984,1,304.62,41,2,5,1,9,10418,104,6000,1,1,1,1,1,800107,1000000
2024JP0007985,1,304.62,24,1,6,1,18,27608,276,2000,2,1,1,1,1,800103,1000000
2024JP0007986,1,304.62,48,1,5,1,10,49349,493,8000,3,1,1,4,1,800108,1000000
2024JP0007987,1,304.62,19,1,7,1,19,67215,501,3000,1,1,1,5,1,800102,1000000
2024JP0007988,1,304.62,20,1,4,1,17,11152,111,1000,1,1,1,5,1,800101,1000000
2024JP0007989,1,304.62,11,1,1,1,1,5023,50,0,0,6,1,5,1,800108,1000000
2024JP0007990,1,304.62,19,2,6,1,19,15903,159,4000,2,5,1,5,1,800105,1000000
2024JP0007991,1,304.62,87,1,1,1,7,571,5,0,0,6,1,1,1,800107,1000000
2024JP0007992,1,304.62,78,1,2,1,9,10760,107,0,0,6,1,2,1,800104,1000000
2024JP0007993,1,304.62,17,2,6,1,10,14529,145,0,0,6,5,5,1,800105,1000000
2024JP0007994,1,304.62,0,2,2,1,7,3380,33,0,0,6,1,5,1,800104,1000000
2024JP0007995,1,304.62,8,1,6,1,4,2318,23,0,0,6,1,5,1,800102,1000000
2024JP0007996,1,304.62,35,1,6,1,10,25584,255,5000,3,1,1,1,1,800106,1000000
2024JP0007997,1,304.62,20,1,1,1,19,28848,288,4000,1,1,1,5,1,800100,1000000
2024JP0007998,1,304.62,14,2,4,1,3,2196,21,0,0,6,1,5,1,800104,1000000
2024JP0007999,1,304.62,48,1,1,1,10,11601,116,5000,1,1,1,1,1,800103,1000000
2024JP0008000,1,304.62,0,1,1,1,2,2935,29,0,0,6,1,5,1,800108,1000000
2024JP0008001,1,304.62,35,1,1,1,7,13708,137,5000,6,1,1,1,1,800102,1000000
2024JP0008002,1,304.62,73,1,1,1,5,1398,13,0,0,6,1,5,1,800107,1000000
2024JP0008003,1,304.62,5,2,1,1,7,990,9,0,0,6,1,5,1,800108,1000000
2024JP0008004,1,304.62,12,2,1,1,3,8309,83,0,0,6,1,5,1,800107,1000000
2024JP0008005,1,304.62,18,1,4,1,13,17657,176,1000,2,2,1,5,1,800106,1000000
2024JP0008006,1,304.62,34,1,6,1,13,7732,77,7000,4,1,1,1,1,800108,1000000
2024JP0008007,1,304.62,1,2,4,1,4,923,9,0,0,6,1,5,1,800107,1000000
2024JP0008008,1,304.62,39,2,1,1,11,11239,112,9000,1,3,1,1,1,800102,1000000
2024JP0008009,1,304.62,15,2,5,1,13,3267,32,0,0,6,1,5,1,800101,1000000
2024JP0008010,1,304.62,13,1,3,1,3,2076,20,0,0,6,1,5,1,800101,1000000
2024JP0008011,1,304.62,41,1,5,1,6,3268,32,6000,6,1,1,1,1,800105,1000000
2024JP0008012,1,304.62,38,2,2,1,10,42728,427,6000,1,3,1,1,1,800102,1000000
2024JP0008013,1,304.62,14,1,2,1,2,1477,14,0,0,6,1,5,1,800107,1000000
2024JP0008014,1,304.62,27,1,3,1,6,6474,64,9920,3,1,1,5,1,800109,1000000
2024JP0008015,1,304.62,27,1,1,1,5,8340,83,8000,1,1,1,1,1,800104,1000000
2024JP0008016,1,304.62,40,1,2,1,6,6380,63,9000,3,1,1,1,1,800109,1000000
2024JP0008017,1,304.62,27,2,2,1,10,23425,234,1000,3,1,1,1,1,800104,1000000
2024JP0008018,1,304.62,97,1,1,1,7,1095,10,0,0,6,1,1,1,800106,1000000
2024JP0008019,1,304.62,6,2,6,1,4,3665,36,0,0,6,1,5,1,800107,1000000
2024JP0008020,1,304.62,11,2,2,1,1,1813,18,0,0,6,1,5,1,800107,1000000
2024JP0008021,1,304.62,56,2,1,1,9,23955,239,2000,1,1,1,1,1,800100,1000000
2024JP0008022,1,304.62,2,1,1,1,4,1222,12,0,0,6,1,5,1,800103,1000000
2024JP0008023,1,304.62,43,2,3,1,14,15549,155,5000,1,1,1,1,1,800109,1000000
2024JP0008024,1,304.62,8,2,6,1,4,2737,27,0,0,6,1,5,1,800101,1000000
2024JP0008025,1,304.62,21,1,1,1,11,6212,62,2000,2,1,1,5,1,800103,1000000
2024JP0008026,1,304.62,28,2,6,1,6,5284,52,5000,1,1,1,1,1,800102,1000000
2024JP0008027,1,304.62,31,1,3,1,5,7628,76,9000,4,1,1,1,1,800103,1000000
2024JP0008028,1,304.62,40,2,3,1,14,39776,397,2000,3,5,1,1,1,800107,1000000
2024JP0008029,1,304.62,3,1,2,1,4,1873,18,0,0,6,1,5,1,800104,1000000
2024JP0008030,1,304.62,8,1,1,1,6,6732,67,0,0,6,1,5,1,800109,1000000
2024JP0008031,1,304.62,21,2,2,1,14,3230,32,1000,1,1,1,5,1,800106,1000000
2024JP0008032,1,304.62,40,2,7,1,6,7421,74,7000,1,1,1,1,1,800103,1000000
2024JP0008033,1,304.62,0,1,6,1,1,2911,29,0,0,6,1,5,1,800101,1000000
2024JP0008034,1,304.62,21,1,8,1,19,11005,110,1000,1,1,1,1,1,800101,1000000
2024JP0008035,1,304.62,57,1,3,1,6,3145,31,5000,3,1,1,1,1,800109,1000000
2024JP0008036,1,304.62,54,2,4,1,5,2314,23,9800,3,1,1,2,1,800105,1000000
2024JP0008037,1,304.62,32,2,7,1,13,50778,501,9800,4,1,1,1,1,800103,1000000
2024JP0008038,1,304.62,17,1,6,1,13,3881,38,0,0,6,1,5,1,800104,1000000
2024JP0008039,1,304.62,31,1,6,1,7,16117,161,5000,1,4,1,5,1,800104,1000000
2024JP0008040,1,304.62,8,1,6,1,1,1815,18,0,0,6,1,5,1,800107,1000000
2024JP0008041,1,304.62,18,1,4,1,11,4318,43,7000,3,3,1,5,1,800107,1000000
2024JP0008042,1,304.62,7,2,1,1,2,966,9,0,0,6,1,5,1,800101,1000000
2024JP0008043,1,304.62,36,1,1,1,6,8025,80,9800,3,1,1,1,1,800102,1000000
2024JP0008044,1,304.62,13,1,6,1,1,2547,25,0,0,6,1,5,1,800108,1000000
2024JP0008045,1,304.62,45,1,7,1,9,40667,406,5000,1,1,1,1,1,800108,1000000
2024JP0008046,1,304.62,42,1,6,1,12,55225,501,7000,3,1,1,1,1,800107,1000000
2024JP0008047,1,304.62,55,2,3,1,5,4249,42,9920,3,1,1,2,1,800105,1000000
2024JP0008048,1,304.62,6,2,7,1,4,4051,40,0,0,6,1,5,1,800106,1000000
2024JP0008049,1,304.62,11,1,6,1,4,4638,46,0,0,6,1,5,1,800109,1000000
2024JP0008050,1,304.62,17,1,1,1,17,24233,242,0,0,6,1,5,1,800108,1000000
2024JP0008051,1,304.62,8,1,4,1,3,2481,24,0,0,6,1,5,1,800101,1000000
2024JP0008052,1,304.62,25,1,6,1,9,5466,54,5000,4,3,1,1,1,800103,1000000
2024JP0008053,1,304.62,20,1,4,1,15,11482,114,4000,2,1,1,5,1,800107,1000000
2024JP0008054,1,304.62,25,1,1,1,9,14245,142,9000,1,1,1,5,1,800107,1000000
2024JP0008055,1,304.62,44,2,6,1,10,32368,323,8000,1,1,1,1,1,800104,1000000
2024JP0008056,1,304.62,44,1,5,1,7,1793,17,7000,1,3,1,1,1,800106,1000000
2024JP0008057,1,304.62,40,1,4,1,10,33708,337,6000,4,1,1,1,1,800104,1000000
2024JP0008058,1,304.62,15,2,3,1,10,4331,43,0,0,6,1,5,1,800106,1000000
2024JP0008059,1,304.62,53,1,6,1,6,762,7,8000,3,1,1,5,1,800101,1000000
2024JP0008060,1,304.62,25,1,4,1,8,1482,14,9800,6,2,1,5,1,800103,1000000
2024JP0008061,1,304.62,26,2,2,1,7,8483,84,5000,3,1,1,1,1,800100,1000000
2024JP0008062,1,304.62,8,2,2,1,6,1727,17,0,0,6,1,5,1,800107,1000000
2024JP0008063,1,304.62,30,1,1,1,11,15509,155,1000,1,3,1,1,1,800108,1000000
2024JP0008064,1,304.62,4,2,1,1,6,3368,33,0,0,6,1,5,1,800101,1000000
2024JP0008065,1,304.62,29,2,1,1,10,16540,165,2000,2,1,1,5,1,800100,1000000
2024JP0008066,1,304.62,28,1,2,1,9,8870,88,7000,1,1,1,5,1,800107,1000000
2024JP0008067,1,304.62,32,1,2,1,8,4389,43,7000,1,1,1,2,1,800100,1000000
2024JP0008068,1,304.62,0,1,3,1,2,5005,50,0,0,6,1,5,1,800103,1000000
2024JP0008069,1,304.62,59,2,2,1,8,4126,41,5000,1,1,1,2,2,800103,1000000
2024JP0008070,1,304.62,10,2,4,1,3,3196,31,0,0,6,1,5,1,800106,1000000
2024JP0008071,1,304.62,11,1,5,1,2,955,9,0,0,6,1,5,1,800107,1000000
2024JP0008072,1,304.62,30,1,1,1,7,10266,102,5000,6,1,1,1,1,800103,1000000
2024JP0008073,1,304.62,78,2,9,1,5,3573,35,0,0,6,1,2,1,800107,1000000
2024JP0008074,1,304.62,13,1,2,1,4,1326,13,0,0,6,1,5,1,800101,1000000
2024JP0008075,1,304.62,59,2,5,1,5,2707,27,9800,1,1,1,2,1,800100,1000000
2024JP0008076,1,304.62,6,2,5,1,3,1164,11,0,0,6,1,5,1,800109,1000000
2024JP0008077,1,304.62,17,1,1,1,17,14542,145,0,0,6,1,5,1,800105,1000000
2024JP0008078,1,304.62,20,2,6,1,15,8730,87,1000,2,1,1,1,1,800105,1000000
2024JP0008079,1,304.62,8,1,6,1,4,2010,20,0,0,6,1,5,1,800105,1000000
2024JP0008080,1,304.62,9,1,1,1,7,1783,17,0,0,6,1,5,1,800109,1000000
2024JP0008081,1,304.62,13,1,5,1,1,2001,20,0,0,6,1,5,1,800109,1000000
2024JP0008082,1,304.62,55,1,1,1,5,4000,40,8000,1,1,1,2,1,800105,1000000
2024JP0008083,1,304.62,0,2,3,1,4,3833,38,0,0,6,1,5,1,800105,1000000
2024JP0008084,1,304.62,41,1,6,1,8,26181,261,9800,1,1,1,1,1,800109,1000000
2024JP0008085,1,304.62,3,2,1,1,3,1861,18,0,0,6,1,5,1,800108,1000000
2024JP0008086,1,304.62,21,2,6,1,14,8480,84,5000,1,5,1,5,1,800104,1000000
2024JP0008087,1,304.62,27,1,1,1,5,16799,167,9000,3,1,1,1,1,800107,1000000
2024JP0008088,1,304.62,40,1,1,1,6,2770,27,5000,4,1,1,5,1,800101,1000000
2024JP0008089,1,304.62,33,1,6,1,9,26765,267,2000,2,1,1,1,1,800107,1000000
2024JP0008090,1,304.62,15,1,5,1,12,4349,43,0,0,6,1,5,1,800103,1000000
2024JP0008091,1,304.62,19,1,2,1,16,18202,182,5000,4,1,1,5,2,800105,1000000
2024JP0008092,1,304.62,19,1,1,1,13,9990,99,1000,1,1,1,5,1,800104,1000000
2024JP0008093,1,304.62,35,2,5,1,11,10633,106,9000,4,1,1,1,1,800104,1000000
2024JP0008094,1,304.62,45,1,6,1,6,14979,149,6000,1,1,1,1,1,800107,1000000
2024JP0008095,1,304.62,22,1,2,1,10,39031,390,6000,1,2,1,1,1,800100,1000000
2024JP0008096,1,304.62,18,1,1,1,14,18004,180,4000,3,1,1,5,1,800103,1000000
2024JP0008097,1,304.62,6,2,2,1,3,3346,33,0,0,6,1,5,1,800105,1000000
2024JP0008098,1,304.62,43,2,5,1,8,2912,29,9920,3,1,1,1,1,800101,1000000
2024JP0008099,1,304.62,9,1,1,1,6,2182,21,0,0,6,1,5,1,800109,1000000
2024JP0008100,1,304.62,10,2,7,1,7,958,9,0,0,6,1,5,1,800103,1000000
2024JP0008101,1,304.62,19,1,6,1,12,5294,52,5000,4,1,1,1,1,800104,1000000
2024JP0008102,1,304.62,28,1,2,1,13,19778,197,4000,2,1,1,5,1,800104,1000000
2024JP0008103,1,304.62,35,2,4,1,10,9406,94,7000,6,1,1,1,1,800100,1000000
2024JP0008104,1,304.62,29,1,2,1,9,10785,107,6000,1,2,1,1,1,800103,1000000
2024JP0008105,1,304.62,23,2,3,1,16,51018,501,5000,3,1,1,5,1,800105,1000000
2024JP0008106,1,304.62,22,2,7,1,17,373384,501,2000,1,1,1,5,1,800101,1000000
2024JP0008107,1,304.62,46,2,3,1,6,2839,28,7000,4,1,1,1,1,800100,1000000
2024JP0008108,1,304.62,33,1,4,1,7,15321,153,7000,1,1,1,1,1,800108,1000000
2024JP0008109,1,304.62,27,1,4,1,5,7783,77,5000,3,1,1,5,1,800109,1000000
2024JP0008110,1,304.62,29,1,2,1,11,47331,473,2000,1,1,1,5,1,800100,1000000
2024JP0008111,1,304.62,39,1,5,1,10,15223,152,5000,4,1,1,1,1,800108,1000000
2024JP0008112,1,304.62,3,1,4,1,1,961,9,0,0,6,1,5,1,800104,1000000
2024JP0008113,1,304.62,7,1,3,1,3,3685,36,0,0,6,1,5,1,800105,1000000
2024JP0008114,1,304.62,35,1,6,1,12,59187,501,6000,1,1,1,1,1,800106,1000000
2024JP0008115,1,304.62,7,1,6,1,4,1390,13,0,0,6,1,5,1,800104,1000000
2024JP0008116,1,304.62,98,1,1,1,5,7541,75,0,0,6,1,1,1,800100,1000000
2024JP0008117,1,304.62,41,1,5,1,12,22243,222,2000,3,5,1,1,1,800103,1000000
2024JP0008118,1,304.62,17,2,5,1,13,10894,108,0,0,6,1,5,1,800107,1000000
2024JP0008119,1,304.62,27,1,6,1,5,14785,147,6000,1,1,1,1,1,800102,1000000
2024JP0008120,1,304.62,34,1,6,1,11,24262,242,6000,3,1,1,1,1,800105,1000000
2024JP0008121,1,304.62,20,2,3,1,17,11634,116,5000,1,1,1,5,1,800105,1000000
2024JP0008122,1,304.62,55,1,5,1,11,44092,440,7000,1,1,1,5,1,800102,1000000
2024JP0008123,1,304.62,37,2,1,1,12,27985,279,6000,1,1,1,1,1,800109,1000000
2024JP0008124,1,304.62,53,1,3,1,7,32464,324,9000,3,1,1,2,1,800109,1000000
2024JP0008125,1,304.62,0,1,1,1,4,522,5,0,0,6,1,5,1,800109,1000000
2024JP0008126,1,304.62,11,1,5,1,6,8115,81,0,0,6,1,5,1,800106,1000000
2024JP0008127,1,304.62,42,2,6,1,12,15094,150,6000,1,1,1,1,1,800108,1000000
2024JP0008128,1,304.62,58,1,1,1,7,7507,75,8000,4,3,1,1,1,800109,1000000
2024JP0008129,1,304.62,92,2,7,1,5,2050,20,0,0,6,1,1,1,800108,1000000
2024JP0008130,1,304.62,3,1,1,1,6,1404,14,0,0,6,1,5,1,800102,1000000
2024JP0008131,1,304.62,17,1,5,1,11,3848,38,0,0,6,1,5,1,800102,1000000
2024JP0008132,1,304.62,0,2,2,1,5,7300,73,0,0,6,1,5,1,800104,1000000
2024JP0008133,1,304.62,14,2,3,1,2,5824,58,0,0,6,1,5,1,800106,1000000
2024JP0008134,1,304.62,30,1,3,1,12,13819,138,6000,1,1,1,1,1,800108,1000000
2024JP0008135,1,304.62,34,2,6,1,8,25328,253,9800,1,1,1,1,1,800103,1000000
2024JP0008136,1,304.62,8,1,3,1,4,3262,32,0,0,6,1,5,1,800102,1000000
2024JP0008137,1,304.62,33,1,3,1,11,49149,491,5000,1,2,1,1,1,800109,1000000
2024JP0008138,1,304.62,8,2,2,1,6,3280,32,0,0,6,1,5,1,800105,1000000
2024JP0008139,1,304.62,6,1,3,1,2,3090,30,0,0,6,1,5,1,800107,1000000
2024JP0008140,1,304.62,4,2,2,1,9,5348,53,0,0,6,1,5,1,800109,1000000
2024JP0008141,1,304.62,12,1,4,1,8,3236,32,0,0,6,1,5,1,800107,1000000
2024JP0008142,1,304.62,39,1,1,1,12,19934,199,7000,6,2,1,1,1,800108,1000000
2024JP0008143,1,304.62,7,1,2,1,3,1255,12,0,0,6,1,5,1,800100,1000000
2024JP0008144,1,304.62,51,2,1,1,7,8142,81,5000,6,1,1,1,1,800101,1000000
2024JP0008145,1,304.62,43,1,2,1,5,2204,22,9000,3,1,1,5,1,800107,1000000
2024JP0008146,1,304.62,37,1,1,1,10,21335,213,7000,4,1,1,1,1,800106,1000000
2024JP0008147,1,304.62,43,2,3,1,10,10656,106,5000,3,1,1,1,1,800103,1000000
2024JP0008148,1,304.62,48,1,5,1,8,3352,33,9920,4,1,1,1,1,800106,1000000
2024JP0008149,1,304.62,11,2,5,1,4,4682,46,0,0,6,1,5,1,800103,1000000
2024JP0008150,1,304.62,15,2,6,1,12,12146,121,0,0,6,1,5,1,800106,1000000
2024JP0008151,1,304.62,18,2,1,1,11,13525,135,5000,3,1,1,5,1,800108,1000000
2024JP0008152,1,304.62,49,2,4,1,8,6224,62,9800,6,1,1,1,1,800100,1000000
2024JP0008153,1,304.62,58,2,3,1,14,17593,175,7000,6,3,1,5,1,800104,1000000
2024JP0008154,1,304.62,0,1,1,1,2,1979,19,0,0,6,1,5,1,800106,1000000
2024JP0008155,1,304.62,25,1,1,1,9,37010,370,8000,3,1,1,5,1,800105,1000000
2024JP0008156,1,304.62,8,2,6,1,3,1348,13,0,0,6,1,5,1,800100,1000000
2024JP0008157,1,304.62,46,2,1,1,7,15991,159,6000,1,1,1,1,1,800108,1000000
2024JP0008158,1,304.62,11,2,7,1,4,3717,37,0,0,6,1,5,1,800109,1000000
2024JP0008159,1,304.62,22,1,5,1,18,60324,501,5000,1,1,1,1,1,800105,1000000
2024JP0008160,1,304.62,24,1,1,1,10,24231,242,1000,1,1,1,5,1,800106,1000000
2024JP0008161,1,304.62,20,1,7,1,14,5820,58,2000,3,1,1,5,1,800104,1000000
2024JP0008162,1,304.62,29,1,4,1,5,9760,97,9800,4,1,1,5,1,800107,1000000
2024JP0008163,1,304.62,49,2,6,1,8,4690,46,5000,1,1,1,2,1,800101,1000000
2024JP0008164,1,304.62,17,2,5,1,10,8590,85,0,0,6,1,5,1,800100,1000000
2024JP0008165,1,304.62,7,2,4,1,2,1697,16,0,0,6,1,5,1,800107,1000000
2024JP0008166,1,304.62,28,2,5,1,8,6287,62,6000,1,1,1,5,1,800109,1000000
2024JP0008167,1,304.62,40,1,4,1,6,11178,111,5000,6,5,1,1,1,800108,1000000
2024JP0008168,1,304.62,14,2,1,1,6,1284,12,0,0,6,1,5,1,800108,1000000
2024JP0008169,1,304.62,18,2,1,1,13,4276,42,5000,3,1,1,5,1,800102,1000000
2024JP0008170,1,304.62,34,2,2,1,6,3829,38,8000,3,2,1,1,1,800100,1000000
2024JP0008171,1,304.62,6,1,1,1,1,456,4,0,0,6,1,5,1,800100,1000000
2024JP0008172,1,304.62,93,2,7,1,6,11213,112,0,0,6,1,3,1,800109,1000000
2024JP0008173,1,304.62,44,2,1,1,15,32782,327,6000,1,1,1,5,1,800106,1000000
2024JP0008174,1,304.62,26,1,3,1,10,27778,277,9000,4,1,1,5,1,800102,1000000
2024JP0008175,1,304.62,40,1,7,1,10,71566,501,6000,3,1,1,5,1,800101,1000000
2024JP0008176,1,304.62,39,2,4,1,5,7228,72,6000,4,1,1,1,1,800103,1000000
2024JP0008177,1,304.62,6,1,5,1,4,14116,141,0,0,6,1,5,1,800101,1000000
2024JP0008178,1,304.62,25,1,4,1,7,10657,106,9920,4,2,1,5,1,800101,1000000
2024JP0008179,1,304.62,16,2,3,1,19,15413,154,0,0,6,1,5,1,800105,1000000
2024JP0008180,1,304.62,57,2,6,1,10,16284,162,2000,1,4,1,1,1,800108,1000000
2024JP0008181,1,304.62,53,1,6,1,10,12412,124,2000,1,2,1,2,1,800108,1000000
2024JP0008182,1,304.62,7,2,3,1,2,1061,10,0,0,6,1,5,1,800102,1000000
2024JP0008183,1,304.62,16,1,1,1,16,21299,212,0,0,6,1,5,1,800108,1000000
2024JP0008184,1,304.62,22,2,4,1,12,33425,334,7000,4,1,1,5,1,800103,1000000
2024JP0008185,1,304.62,24,1,3,1,13,16994,169,2000,1,1,1,1,1,800105,1000000
2024JP0008186,1,304.62,12,1,1,1,1,3143,31,0,0,6,1,5,1,800100,1000000
2024JP0008187,1,304.62,43,2,2,1,9,19517,195,5000,3,1,1,1,1,800109,1000000
2024JP0008188,1,304.62,29,2,2,1,12,16142,161,8000,1,1,1,1,1,800103,1000000
2024JP0008189,1,304.62,39,1,6,1,10,23839,238,5000,3,1,1,1,1,800102,1000000
2024JP0008190,1,304.62,12,2,1,1,6,5771,57,0,0,6,1,5,1,800101,1000000
2024JP0008191,1,304.62,29,1,2,1,13,13958,139,4000,1,2,1,5,1,800102,1000000
2024JP0008192,1,304.62,22,1,1,1,17,107058,501,2000,3,1,1,1,1,800108,1000000
2024JP0008193,1,304.62,12,2,6,1,8,1934,19,0,0,6,1,5,1,800101,1000000
2024JP0008194,1,304.62,33,2,1,1,11,6297,62,2000,3,4,1,1,1,800100,1000000
2024JP0008195,1,304.62,21,2,2,1,15,36660,366,4000,3,2,1,5,1,800103,1000000
2024JP0008196,1,304.62,19,1,2,1,12,8005,80,7000,6,1,1,5,1,800107,1000000
2024JP0008197,1,304.62,16,1,2,1,14,21855,218,0,0,6,1,5,1,800100,1000000
2024JP0008198,1,304.62,22,2,5,1,12,20111,201,2000,2,5,1,1,1,800104,1000000
2024JP0008199,1,304.62,48,1,4,1,7,15099,150,6000,3,2,1,1,1,800109,1000000
2024JP0008200,1,304.62,34,2,6,1,8,7790,77,7000,1,1,1,1,1,800108,1000000
2024JP0008201,1,304.62,23,2,1,1,15,40398,403,4000,3,1,1,1,1,800101,1000000
2024JP0008202,1,304.62,29,1,1,1,10,23983,239,7000,4,1,1,1,1,800103,1000000
2024JP0008203,1,304.62,9,2,1,1,4,6587,65,0,0,6,1,5,1,800103,1000000
2024JP0008204,1,304.62,31,1,5,1,10,20503,205,5000,6,1,1,1,1,800102,1000000
2024JP0008205,1,304.62,37,1,2,1,8,2396,23,7000,3,1,1,1,1,800100,1000000
2024JP0008206,1,304.62,17,2,2,1,14,9504,95,0,0,6,1,5,1,800103,1000000
2024JP0008207,1,304.62,19,1,3,1,16,27108,271,4000,3,1,1,5,1,800105,1000000
2024JP0008208,1,304.62,5,1,1,1,3,3696,36,0,0,6,1,5,1,800106,1000000
2024JP0008209,1,304.62,1,2,1,1,4,248,2,0,0,6,1,5,1,800105,1000000
2024JP0008210,1,304.62,9,1,1,1,6,3874,38,0,0,6,1,5,1,800107,1000000
2024JP0008211,1,304.62,2,1,2,1,4,11209,112,0,0,6,1,5,1,800104,1000000
2024JP0008212,1,304.62,37,2,5,1,6,4164,41,5000,6,1,1,1,1,800100,1000000
2024JP0008213,1,304.62,42,2,4,1,15,55255,501,2000,3,1,1,1,1,800102,1000000
2024JP0008214,1,304.62,39,1,1,1,6,5767,57,5000,1,1,1,1,1,800100,1000000
2024JP0008215,1,304.62,16,2,1,1,13,8685,86,0,0,6,1,5,1,800102,1000000
2024JP0008216,1,304.62,6,2,1,1,6,4818,48,0,0,6,1,5,1,800107,1000000
2024JP0008217,1,304.62,22,1,8,1,13,39526,395,8000,1,1,1,5,1,800104,1000000
2024JP0008218,1,304.62,21,2,3,1,14,3781,37,7000,3,1,1,1,1,800101,1000000
2024JP0008219,1,304.62,19,2,6,1,15,35309,353,6000,1,1,1,5,1,800101,1000000
2024JP0008220,1,304.62,42,2,5,1,5,19563,195,5000,4,5,1,1,1,800108,1000000
2024JP0008221,1,304.62,4,2,7,1,6,4036,40,0,0,6,1,5,1,800106,1000000
2024JP0008222,1,304.62,90,2,1,1,6,11130,111,0,0,6,1,2,1,800107,1000000
2024JP0008223,1,304.62,11,2,5,1,6,2500,25,0,0,6,1,5,1,800107,1000000
2024JP0008224,1,304.62,23,2,2,1,12,17313,173,7000,1,1,1,5,1,800101,1000000
2024JP0008225,1,304.62,46,2,7,1,13,18889,188,8000,1,5,1,1,1,800101,1000000
2024JP0008226,1,304.62,26,1,2,1,5,2565,25,6000,4,1,1,5,1,800106,1000000
2024JP0008227,1,304.62,41,2,5,1,7,12725,127,9800,1,1,1,1,1,800109,1000000
2024JP0008228,1,304.62,54,1,5,1,7,19696,196,9800,3,1,1,1,1,800107,1000000
2024JP0008229,1,304.62,27,2,2,1,7,8756,87,9000,1,2,1,5,1,800101,1000000
2024JP0008230,1,304.62,23,2,2,1,13,30430,304,8000,3,2,1,5,1,800107,1000000
2024JP0008231,1,304.62,7,2,2,1,2,1116,11,0,0,6,1,5,1,800104,1000000
2024JP0008232,1,304.62,24,2,4,1,12,11050,110,6000,1,1,1,1,1,800100,1000000
2024JP0008233,1,304.62,33,1,2,1,10,127964,501,2000,3,1,1,1,1,800103,1000000
2024JP0008234,1,304.62,51,2,4,1,9,14077,140,5000,1,1,1,5,1,800109,1000000
2024JP0008235,1,304.62,44,1,1,1,10,21017,210,6000,6,1,1,1,1,800105,1000000
2024JP0008236,1,304.62,8,1,5,1,6,2703,27,0,0,6,1,5,1,800104,1000000
2024JP0008237,1,304.62,28,1,3,1,8,2196,21,9000,3,1,1,1,1,800104,1000000
2024JP0008238,1,304.62,23,1,2,1,13,18354,183,5000,1,1,1,5,1,800106,1000000
2024JP0008239,1,304.62,32,2,4,1,11,6464,64,6000,4,1,1,5,1,800106,1000000
2024JP0008240,1,304.62,30,1,6,1,11,8841,88,8000,3,3,1,1,1,800107,1000000
2024JP0008241,1,304.62,34,2,4,1,5,11972,119,6000,1,3,1,2,1,800108,1000000
2024JP0008242,1,304.62,20,1,1,1,13,5935,59,5000,3,1,1,5,1,800109,1000000
2024JP0008243,1,304.62,67,2,3,1,5,1822,18,9920,4,2,1,5,1,800109,1000000
2024JP0008244,1,304.62,56,2,9,1,12,25448,254,2000,3,1,1,2,1,800104,1000000
2024JP0008245,1,304.62,45,1,2,1,5,15431,154,5000,4,1,1,1,1,800105,1000000
2024JP0008246,1,304.62,54,2,5,1,13,13108,131,6000,1,1,1,5,1,800106,1000000
2024JP0008247,1,304.62,6,2,2,1,1,1136,11,0,0,6,1,5,1,800106,1000000
2024JP0008248,1,304.62,47,2,5,1,8,6908,69,9920,1,1,1,1,1,800107,1000000
2024JP0008249,1,304.62,34,1,6,1,11,10265,102,5000,4,1,1,1,1,800106,1000000
2024JP0008250,1,304.62,5,1,2,1,6,2118,21,0,0,6,1,5,1,800106,1000000
2024JP0008251,1,304.62,23,1,4,1,13,22900,229,2000,1,1,1,5,1,800106,1000000
2024JP0008252,1,304.62,1,1,1,1,4,3812,38,0,0,6,1,5,1,800108,1000000
2024JP0008253,1,304.62,35,1,1,1,13,11412,114,5000,1,1,1,1,1,800100,1000000
2024JP0008254,1,304.62,18,2,3,1,16,16524,165,2000,3,5,1,5,1,800106,1000000
2024JP0008255,1,304.62,31,1,4,1,12,41789,417,8000,3,1,1,1,1,800109,1000000
2024JP0008256,1,304.62,26,1,6,1,9,5607,56,8000,1,1,1,5,1,800109,1000000
2024JP0008257,1,304.62,24,1,1,1,13,14251,142,9000,1,1,1,5,1,800108,1000000
2024JP0008258,1,304.62,17,2,4,1,11,5883,58,0,0,6,2,5,1,800103,1000000
2024JP0008259,1,304.62,8,1,6,1,2,2276,22,0,0,6,1,5,1,800109,1000000
2024JP0008260,1,304.62,24,1,8,1,14,43604,436,2000,2,1,1,5,1,800104,1000000
2024JP0008261,1,304.62,8,2,6,1,1,2683,26,0,0,6,1,5,1,800108,1000000
2024JP0008262,1,304.62,87,2,2,1,6,2374,23,0,0,6,1,1,1,800109,1000000
2024JP0008263,1,304.62,42,1,1,1,7,11599,115,5000,1,1,1,1,1,800106,1000000
2024JP0008264,1,304.62,3,2,3,1,1,4207,42,0,0,6,1,5,1,800100,1000000
2024JP0008265,1,304.62,45,2,7,1,9,34772,347,7000,1,1,1,2,1,800100,1000000
2024JP0008266,1,304.62,93,2,1,1,5,2274,22,0,0,6,1,2,1,800107,1000000
2024JP0008267,1,304.62,37,2,3,1,7,4641,46,8000,3,1,1,1,1,800105,1000000
2024JP0008268,1,304.62,43,2,4,1,8,4236,42,7000,3,1,1,1,1,800108,1000000
2024JP0008269,1,304.62,24,1,2,1,17,51914,501,6000,3,2,1,1,1,800107,1000000
2024JP0008270,1,304.62,10,1,4,1,9,3058,30,0,0,6,1,5,1,800102,1000000
2024JP0008271,1,304.62,33,2,2,1,8,6819,68,8000,1,1,1,1,1,800103,1000000
2024JP0008272,1,304.62,47,2,5,1,11,7893,78,5000,4,1,1,5,1,800109,1000000
2024JP0008273,1,304.62,4,2,8,1,2,5864,58,0,0,6,1,5,1,800107,1000000
2024JP0008274,1,304.62,48,1,6,1,12,28736,287,6000,4,5,1,2,1,800102,1000000
2024JP0008275,1,304.62,14,1,2,1,1,18885,188,0,0,6,1,5,1,800105,1000000
2024JP0008276,1,304.62,35,2,1,1,13,8582,85,6000,3,5,1,1,1,800107,1000000
2024JP0008277,1,304.62,34,1,6,1,12,21521,215,7000,3,1,1,1,1,800105,1000000
2024JP0008278,1,304.62,42,2,2,1,8,3180,31,8000,3,1,1,1,1,800102,1000000
2024JP0008279,1,304.62,4,1,4,1,3,980,9,0,0,6,1,5,1,800100,1000000
2024JP0008280,1,304.62,3,2,2,1,3,2226,22,0,0,6,1,5,1,800100,1000000
2024JP0008281,1,304.62,7,1,1,1,3,11575,115,0,0,6,1,5,1,800104,1000000
2024JP0008282,1,304.62,6,1,5,1,4,2188,21,0,0,6,1,5,1,800106,1000000
2024JP0008283,1,304.62,9,1,1,1,4,2498,24,0,0,6,1,5,1,800104,1000000
2024JP0008284,1,304.62,9,2,1,1,5,965,9,0,0,6,1,5,1,800108,1000000
2024JP0008285,1,304.62,8,1,1,1,4,5473,54,0,0,6,1,5,1,800104,1000000
2024JP0008286,1,304.62,1,2,6,1,1,1423,14,0,0,6,1,5,1,800108,1000000
2024JP0008287,1,304.62,26,1,4,1,7,2142,21,5000,4,1,1,1,1,800107,1000000
2024JP0008288,1,304.62,21,2,3,1,13,6312,63,4000,2,5,1,5,1,800108,1000000
2024JP0008289,1,304.62,46,1,3,1,6,11372,113,6000,1,1,1,1,1,800108,1000000
2024JP0008290,1,304.62,1,1,3,1,6,1922,19,0,0,6,1,5,1,800102,1000000
2024JP0008291,1,304.62,17,1,6,1,15,9552,95,0,0,6,1,5,1,800105,1000000
2024JP0008292,1,304.62,20,1,6,1,12,5895,58,5000,1,1,1,5,1,800107,1000000
2024JP0008293,1,304.62,16,1,1,1,17,19826,198,0,0,6,1,5,1,800109,1000000
2024JP0008294,1,304.62,28,2,1,1,8,2073,20,7000,3,1,1,1,1,800109,1000000
2024JP0008295,1,304.62,30,1,1,1,9,19397,193,6000,3,1,1,1,1,800103,1000000
2024JP0008296,1,304.62,38,1,1,1,9,7383,73,9800,1,1,1,1,1,800103,1000000
2024JP0008297,1,304.62,0,2,1,1,3,1844,18,0,0,6,1,5,1,800105,1000000
2024JP0008298,1,304.62,60,2,6,1,7,5440,54,7000,1,1,1,1,1,800101,1000000
2024JP0008299,1,304.62,55,1,5,1,6,5229,52,9920,3,1,1,1,1,800108,1000000
2024JP0008300,1,304.62,12,2,2,1,1,1174,11,0,0,6,1,5,1,800107,1000000
2024JP0008301,1,304.62,39,2,2,1,7,5293,52,9920,3,1,1,2,1,800107,1000000
2024JP0008302,1,304.62,5,2,3,1,4,3236,32,0,0,6,1,5,1,800107,1000000
2024JP0008303,1,304.62,36,2,4,1,9,35662,356,5000,1,1,1,1,1,800107,1000000
2024JP0008304,1,304.62,10,1,1,1,3,2700,27,0,0,6,1,5,1,800109,1000000
2024JP0008305,1,304.62,20,2,1,1,14,3595,35,9800,1,1,1,5,1,800103,1000000
2024JP0008306,1,304.62,35,1,7,1,5,2747,27,9800,1,1,1,1,1,800104,1000000
2024JP0008307,1,304.62,28,1,6,1,13,7997,79,9000,3,1,1,5,1,800101,1000000
2024JP0008308,1,304.62,12,2,1,1,1,1658,16,0,0,6,1,5,1,800104,1000000
2024JP0008309,1,304.62,54,2,7,1,8,4913,49,6000,1,1,1,2,1,800105,1000000
2024JP0008310,1,304.62,12,1,7,1,7,868,8,0,0,6,1,5,1,800105,1000000
2024JP0008311,1,304.62,13,2,1,1,1,4142,41,0,0,6,1,5,1,800105,1000000
2024JP0008312,1,304.62,10,2,1,1,1,2820,28,0,0,6,1,5,1,800105,1000000
2024JP0008313,1,304.62,11,1,4,1,1,1341,13,0,0,6,1,5,1,800107,1000000
2024JP0008314,1,304.62,6,1,2,1,6,5114,51,0,0,6,1,5,1,800107,1000000
2024JP0008315,1,304.62,18,2,1,1,14,4845,48,3000,1,1,1,5,1,800101,1000000
2024JP0008316,1,304.62,24,1,2,1,10,4300,43,5000,4,1,1,1,1,800106,1000000
2024JP0008317,1,304.62,34,2,3,1,13,22192,221,5000,3,1,1,5,1,800104,1000000
2024JP0008318,1,304.62,27,1,2,1,5,1840,18,9920,3,1,2,5,1,800109,1000000
2024JP0008319,1,304.62,32,2,2,1,11,8280,82,5000,4,1,1,1,1,800105,1000000
2024JP0008320,1,304.62,6,2,2,1,5,1325,13,0,0,6,1,5,1,800105,1000000
2024JP0008321,1,304.62,14,2,1,1,3,3827,38,0,0,6,1,5,1,800106,1000000
2024JP0008322,1,304.62,57,2,4,1,9,8832,88,7000,1,1,1,2,1,800106,1000000
2024JP0008323,1,304.62,17,1,5,1,16,17252,172,0,0,6,1,5,1,800106,1000000
2024JP0008324,1,304.62,29,1,5,1,5,4673,46,7000,4,1,1,5,1,800101,1000000
2024JP0008325,1,304.62,25,2,2,1,9,17851,178,2000,1,1,1,1,1,800101,1000000
2024JP0008326,1,304.62,37,2,3,1,7,9185,91,9000,3,1,1,1,1,800109,1000000
2024JP0008327,1,304.62,69,2,1,1,8,6069,60,6000,4,1,1,2,1,800109,1000000
2024JP0008328,1,304.62,14,2,6,1,2,1709,17,0,0,6,1,5,1,800100,1000000
2024JP0008329,1,304.62,30,2,3,1,8,6645,66,5000,1,1,1,1,1,800106,1000000
2024JP0008330,1,304.62,6,2,1,1,3,3957,39,0,0,6,1,5,1,800108,1000000
2024JP0008331,1,304.62,44,2,5,1,5,16606,166,5000,4,1,1,1,1,800101,1000000
2024JP0008332,1,304.62,18,1,1,1,10,11983,119,6000,4,3,1,5,1,800108,1000000
2024JP0008333,1,304.62,31,1,6,1,5,2554,25,9000,1,1,1,1,1,800105,1000000
2024JP0008334,1,304.62,8,2,3,1,5,3331,33,0,0,6,1,5,1,800101,1000000
2024JP0008335,1,304.62,16,2,4,1,16,31812,318,0,0,6,1,5,1,800101,1000000
2024JP0008336,1,304.62,22,2,4,1,14,21800,218,2000,3,1,1,5,1,800108,1000000
2024JP0008337,1,304.62,31,2,6,1,6,4204,42,8000,1,1,1,1,1,800108,1000000
2024JP0008338,1,304.62,21,1,4,1,13,32886,328,8000,1,1,1,5,1,800108,1000000
2024JP0008339,1,304.62,21,1,1,1,18,23926,239,1000,1,4,1,5,1,800101,1000000
2024JP0008340,1,304.62,14,1,1,1,3,3536,35,0,0,6,1,5,1,800101,1000000
2024JP0008341,1,304.62,15,2,3,1,19,21894,218,0,0,6,1,5,1,800101,1000000
2024JP0008342,1,304.62,22,2,2,1,14,18070,180,5000,6,1,1,1,1,800102,1000000
2024JP0008343,1,304.62,24,1,4,1,18,41421,414,6000,3,5,1,1,1,800101,1000000
2024JP0008344,1,304.62,33,2,1,1,11,15275,152,8000,1,1,1,1,1,800105,1000000
2024JP0008345,1,304.62,53,2,6,1,15,79195,501,5000,1,1,1,1,1,800109,1000000
2024JP0008346,1,304.62,29,1,1,1,8,12320,123,8000,1,1,1,5,1,800109,1000000
2024JP0008347,1,304.62,16,2,7,1,18,12985,129,0,0,6,1,5,1,800104,1000000
2024JP0008348,1,304.62,10,1,6,1,6,2340,23,0,0,6,1,5,1,800108,1000000
2024JP0008349,1,304.62,36,1,1,1,10,29694,296,5000,3,3,1,1,1,800109,1000000
2024JP0008350,1,304.62,16,1,6,1,13,7408,74,0,0,6,1,5,1,800107,1000000
2024JP0008351,1,304.62,77,1,1,1,5,612,6,0,0,6,1,1,1,800101,1000000
2024JP0008352,1,304.62,14,2,5,1,2,1391,13,0,0,6,1,5,1,800105,1000000
2024JP0008353,1,304.62,22,1,1,1,18,69845,501,6000,1,1,1,1,1,800106,1000000
2024JP0008354,1,304.62,4,2,5,1,1,8739,87,0,0,6,1,5,1,800104,1000000
2024JP0008355,1,304.62,54,1,5,1,11,8705,87,9000,3,1,1,2,1,800104,1000000
2024JP0008356,1,304.62,16,2,1,1,10,2654,26,0,0,6,1,5,1,800105,1000000
2024JP0008357,1,304.62,6,1,1,1,5,2296,22,0,0,6,1,5,1,800104,1000000
2024JP0008358,1,304.62,24,1,3,1,18,36123,361,5000,1,1,1,1,1,800102,1000000
2024JP0008359,1,304.62,10,1,2,1,5,1177,11,0,0,6,1,5,1,800104,1000000
2024JP0008360,1,304.62,43,1,9,1,12,50951,501,7000,1,1,1,1,1,800100,1000000
2024JP0008361,1,304.62,45,1,3,1,9,5501,55,4000,3,1,1,1,1,800106,1000000
2024JP0008362,1,304.62,22,2,2,1,19,89396,501,2000,1,4,1,5,1,800101,1000000
2024JP0008363,1,304.62,22,1,1,1,14,18143,181,6000,3,1,1,1,1,800101,1000000
2024JP0008364,1,304.62,35,2,1,1,9,46232,462,1000,1,1,1,1,1,800103,1000000
2024JP0008365,1,304.62,50,1,6,1,11,30171,301,6000,3,1,1,2,1,800106,1000000
2024JP0008366,1,304.62,50,1,7,1,5,10609,106,5000,3,1,1,1,1,800108,1000000
2024JP0008367,1,304.62,15,1,4,1,13,60855,501,0,0,6,1,5,1,800102,1000000
2024JP0008368,1,304.62,35,2,7,1,13,18813,188,8000,1,4,1,1,1,800100,1000000
2024JP0008369,1,304.62,43,2,7,1,8,11011,110,6000,3,5,1,1,1,800108,1000000
2024JP0008370,1,304.62,36,1,6,1,5,2202,22,6000,3,1,1,1,1,800102,1000000
2024JP0008371,1,304.62,7,1,4,1,4,326,3,0,0,6,1,5,1,800109,1000000
2024JP0008372,1,304.62,29,2,1,1,10,27793,277,9000,3,1,1,1,1,800102,1000000
2024JP0008373,1,304.62,54,2,6,1,9,21073,210,9000,3,1,1,2,1,800102,1000000
2024JP0008374,1,304.62,47,2,2,1,9,41799,417,7000,1,1,1,2,1,800106,1000000
2024JP0008375,1,304.62,2,1,3,1,5,1797,17,0,0,6,1,5,1,800102,1000000
2024JP0008376,1,304.62,23,1,6,1,10,8602,86,1000,1,1,1,1,1,800103,1000000
2024JP0008377,1,304.62,52,1,1,1,12,17364,173,5000,4,1,1,2,1,800101,1000000
2024JP0008378,1,304.62,29,2,3,1,6,3956,39,9000,3,2,1,5,1,800103,1000000
2024JP0008379,1,304.62,6,1,1,1,6,4606,46,0,0,6,1,5,1,800100,1000000
2024JP0008380,1,304.62,39,2,1,1,9,40417,404,6000,3,2,2,1,2,800105,1000000
2024JP0008381,1,304.62,24,1,4,1,17,61563,501,5000,3,1,1,1,1,800101,1000000
2024JP0008382,1,304.62,80,2,5,1,9,8066,80,0,0,6,1,1,1,800105,1000000
2024JP0008383,1,304.62,4,2,5,1,1,7309,73,0,0,6,1,5,1,800101,1000000
2024JP0008384,1,304.62,28,1,6,1,7,24640,246,9920,3,1,1,5,1,800100,1000000
2024JP0008385,1,304.62,13,1,1,1,2,6214,62,0,0,6,1,5,1,800104,1000000
2024JP0008386,1,304.62,9,2,2,1,1,844,8,0,0,6,1,5,1,800100,1000000
2024JP0008387,1,304.62,44,1,7,1,6,3715,37,9000,3,1,1,1,1,800108,1000000
2024JP0008388,1,304.62,93,2,1,1,5,5186,51,0,0,6,1,2,1,800109,1000000
2024JP0008389,1,304.62,63,2,7,1,6,9714,97,9920,6,1,1,2,1,800105,1000000
2024JP0008390,1,304.62,30,2,7,1,10,33039,330,9000,3,1,1,1,1,800100,1000000
2024JP0008391,1,304.62,46,1,4,1,6,2760,27,7000,3,1,1,1,1,800101,1000000
2024JP0008392,1,304.62,29,2,1,1,11,14093,140,4000,2,1,1,5,1,800102,1000000
2024JP0008393,1,304.62,0,1,3,1,6,3038,30,0,0,6,1,5,1,800105,1000000
2024JP0008394,1,304.62,9,2,3,1,3,2522,25,0,0,6,1,5,1,800103,1000000
2024JP0008395,1,304.62,91,1,1,1,7,3472,34,0,0,6,1,1,1,800106,1000000
2024JP0008396,1,304.62,58,2,4,1,9,27978,279,9000,4,1,1,1,1,800108,1000000
2024JP0008397,1,304.62,39,1,2,1,11,37332,373,2000,2,1,1,1,1,800100,1000000
2024JP0008398,1,304.62,44,2,1,1,5,7975,79,8000,3,1,1,1,1,800101,1000000
2024JP0008399,1,304.62,11,1,6,1,2,671,6,0,0,6,1,5,1,800107,1000000
2024JP0008400,1,304.62,28,1,6,1,14,4998,49,4000,3,1,1,1,1,800102,1000000
2024JP0008401,1,304.62,25,1,6,1,5,7577,75,9920,1,5,1,5,1,800104,1000000
2024JP0008402,1,304.62,12,1,5,1,4,8238,82,0,0,6,1,5,1,800105,1000000
2024JP0008403,1,304.62,41,1,6,1,8,4123,41,5000,3,1,1,1,1,800106,1000000
2024JP0008404,1,304.62,5,1,4,1,4,1083,10,0,0,6,1,5,1,800106,1000000
2024JP0008405,1,304.62,27,2,7,1,10,4483,44,2000,1,1,1,1,1,800101,1000000
2024JP0008406,1,304.62,59,2,5,1,10,4528,45,9000,6,1,1,2,1,800100,1000000
2024JP0008407,1,304.62,28,2,1,1,14,21585,215,8000,3,1,1,1,1,800108,1000000
2024JP0008408,1,304.62,3,2,4,1,6,2636,26,0,0,6,1,5,1,800108,1000000
2024JP0008409,1,304.62,42,1,7,1,11,8119,81,9800,3,1,1,1,1,800104,1000000
2024JP0008410,1,304.62,27,1,6,1,8,4764,47,8000,6,1,1,1,1,800105,1000000
2024JP0008411,1,304.62,17,1,3,1,18,36757,367,0,0,6,1,5,1,800104,1000000
2024JP0008412,1,304.62,29,1,5,1,8,3762,37,9000,3,1,1,1,1,800105,1000000
2024JP0008413,1,304.62,42,1,4,1,11,16672,166,9000,3,5,1,1,1,800107,1000000
2024JP0008414,1,304.62,34,2,7,1,7,4220,42,9920,1,1,1,3,1,800101,1000000
2024JP0008415,1,304.62,67,2,1,1,9,13987,139,5000,1,1,1,4,1,800106,1000000
2024JP0008416,1,304.62,34,1,7,1,10,9717,97,4000,1,1,1,5,1,800109,1000000
2024JP0008417,1,304.62,27,2,3,1,12,10517,105,5000,4,1,1,1,1,800108,1000000
2024JP0008418,1,304.62,26,1,6,1,6,5482,54,5000,3,1,1,1,1,800109,1000000
2024JP0008419,1,304.62,28,1,1,1,10,4937,49,7000,3,1,1,1,1,800106,1000000
2024JP0008420,1,304.62,23,2,1,1,16,74769,501,4000,2,1,1,1,1,800109,1000000
2024JP0008421,1,304.62,33,2,5,1,6,2118,21,8000,4,1,1,1,1,800101,1000000
2024JP0008422,1,304.62,9,1,1,1,6,2278,22,0,0,6,1,5,1,800104,1000000
2024JP0008423,1,304.62,33,1,5,1,8,9650,96,6000,6,1,1,1,1,800107,1000000
2024JP0008424,1,304.62,44,1,1,1,9,54538,501,2000,1,1,1,1,1,800101,1000000
2024JP0008425,1,304.62,10,1,1,1,1,3279,32,0,0,6,1,5,1,800101,1000000
2024JP0008426,1,304.62,31,2,6,1,5,18722,187,5000,1,1,1,1,1,800105,1000000
2024JP0008427,1,304.62,0,2,9,1,1,2754,27,0,0,6,1,5,1,800108,1000000
2024JP0008428,1,304.62,10,1,2,1,5,13164,131,0,0,6,1,5,1,800100,1000000
2024JP0008429,1,304.62,20,2,2,1,17,9312,93,1000,3,1,1,5,1,800105,1000000
2024JP0008430,1,304.62,58,1,1,1,9,13273,132,6000,4,1,2,1,1,800104,1000000
2024JP0008431,1,304.62,49,2,1,1,10,15558,155,7000,3,5,1,1,1,800100,1000000
2024JP0008432,1,304.62,79,1,7,1,5,4609,46,0,0,6,1,1,1,800101,1000000
2024JP0008433,1,304.62,11,1,5,1,3,5164,51,0,0,6,1,5,1,800105,1000000
2024JP0008434,1,304.62,43,2,1,1,7,11129,111,5000,4,2,1,1,1,800106,1000000
2024JP0008435,1,304.62,4,2,3,1,7,1209,12,0,0,6,1,5,1,800105,1000000
2024JP0008436,1,304.62,2,1,5,1,1,2724,27,0,0,6,1,5,1,800104,1000000
2024JP0008437,1,304.62,71,2,6,1,8,10118,101,0,0,6,1,5,1,800102,1000000
2024JP0008438,1,304.62,5,1,6,1,1,3886,38,0,0,6,1,5,1,800107,1000000
2024JP0008439,1,304.62,15,2,4,1,17,21626,216,0,0,6,1,5,1,800100,1000000
2024JP0008440,1,304.62,31,2,4,1,10,46220,462,5000,1,1,1,1,1,800109,1000000
2024JP0008441,1,304.62,9,1,2,1,4,691,6,0,0,6,1,5,1,800101,1000000
2024JP0008442,1,304.62,19,2,1,1,17,11223,112,5000,1,1,1,5,1,800107,1000000
2024JP0008443,1,304.62,0,2,6,1,6,5895,58,0,0,6,1,5,1,800103,1000000
2024JP0008444,1,304.62,8,1,5,1,2,6223,62,0,0,6,1,5,1,800109,1000000
2024JP0008445,1,304.62,14,1,5,1,7,1741,17,0,0,6,1,5,1,800108,1000000
2024JP0008446,1,304.62,30,1,5,1,5,5263,52,5000,4,1,1,1,1,800108,1000000
2024JP0008447,1,304.62,52,1,2,1,13,36454,364,6000,3,1,1,3,1,800108,1000000
2024JP0008448,1,304.62,30,1,5,1,13,14338,143,1000,1,1,1,1,1,800105,1000000
2024JP0008449,1,304.62,15,2,5,1,10,2783,27,0,0,6,1,5,1,800108,1000000
2024JP0008450,1,304.62,2,1,3,1,9,6205,62,0,0,6,1,5,1,800106,1000000
2024JP0008451,1,304.62,15,2,6,1,18,10452,104,0,0,6,1,5,1,800105,1000000
2024JP0008452,1,304.62,41,1,2,1,5,24084,240,8000,4,1,1,1,1,800101,1000000
2024JP0008453,1,304.62,44,1,1,1,14,36718,367,5000,4,3,1,1,1,800104,1000000
2024JP0008454,1,304.62,21,2,4,1,14,6302,63,7000,1,1,1,1,1,800108,1000000
2024JP0008455,1,304.62,24,2,6,1,11,27966,279,2000,2,1,1,1,1,800108,1000000
2024JP0008456,1,304.62,13,1,6,1,2,3843,38,0,0,6,1,5,1,800104,1000000
2024JP0008457,1,304.62,25,2,1,1,9,11211,112,5000,4,3,1,5,1,800104,1000000
2024JP0008458,1,304.62,41,2,4,1,7,4179,41,5000,1,1,1,1,1,800103,1000000
2024JP0008459,1,304.62,45,2,7,1,9,64501,501,8000,4,1,1,1,1,800108,1000000
2024JP0008460,1,304.62,0,1,1,1,7,1046,10,0,0,6,1,5,1,800105,1000000
2024JP0008461,1,304.62,72,2,1,1,10,5842,58,0,0,6,1,1,1,800108,1000000
2024JP0008462,1,304.62,25,2,5,1,8,5443,54,6000,1,1,1,5,1,800104,1000000
2024JP0008463,1,304.62,28,1,1,1,10,11288,112,2000,1,1,1,1,1,800106,1000000
2024JP0008464,1,304.62,3,2,6,1,2,1214,12,0,0,6,1,5,1,800102,1000000
2024JP0008465,1,304.62,59,2,3,1,5,10883,108,9000,4,1,1,1,1,800109,1000000
2024JP0008466,1,304.62,38,2,2,1,9,21952,219,7000,3,1,1,1,1,800103,1000000
2024JP0008467,1,304.62,16,1,3,1,14,3037,30,0,0,6,1,5,1,800103,1000000
2024JP0008468,1,304.62,53,1,5,1,6,5270,52,6000,1,1,1,5,1,800107,1000000
2024JP0008469,1,304.62,90,2,1,1,7,1520,15,0,0,6,1,5,1,800109,1000000
2024JP0008470,1,304.62,11,1,2,1,7,4055,40,0,0,6,1,5,1,800107,1000000
2024JP0008471,1,304.62,41,1,4,1,8,2829,28,5000,1,2,1,3,1,800101,1000000
2024JP0008472,1,304.62,25,1,1,1,5,2641,26,9800,1,3,1,5,1,800107,1000000
2024JP0008473,1,304.62,15,2,5,1,13,1818,18,0,0,6,1,5,1,800106,1000000
2024JP0008474,1,304.62,6,2,1,1,4,2836,28,0,0,6,1,5,1,800107,1000000
2024JP0008475,1,304.62,18,2,3,1,14,3688,36,3000,2,1,1,5,1,800105,1000000
2024JP0008476,1,304.62,61,1,5,1,5,45751,457,9920,1,1,1,1,1,800103,1000000
2024JP0008477,1,304.62,27,2,5,1,12,11241,112,5000,1,1,1,5,1,800103,1000000
2024JP0008478,1,304.62,27,1,3,1,5,4362,43,8000,6,1,1,5,1,800104,1000000
2024JP0008479,1,304.62,52,1,6,1,8,2356,23,9000,3,1,1,5,1,800109,1000000
2024JP0008480,1,304.62,7,2,6,1,6,3747,37,0,0,6,1,5,1,800103,1000000
2024JP0008481,1,304.62,98,1,5,1,9,5260,52,0,0,6,1,1,1,800103,1000000
2024JP0008482,1,304.62,84,2,1,1,5,4204,42,0,0,6,1,2,1,800105,1000000
2024JP0008483,1,304.62,9,2,4,1,2,1030,10,0,0,6,1,5,1,800106,1000000
2024JP0008484,1,304.62,26,1,1,1,12,10098,100,7000,6,1,1,1,1,800101,1000000
2024JP0008485,1,304.62,37,1,3,1,10,17075,170,5000,4,1,1,1,1,800108,1000000
2024JP0008486,1,304.62,16,1,8,1,11,11736,117,0,0,6,1,5,1,800109,1000000
2024JP0008487,1,304.62,55,1,6,1,11,8577,85,5000,4,1,1,5,1,800105,1000000
2024JP0008488,1,304.62,33,2,4,1,9,21967,219,6000,3,1,1,1,1,800108,1000000
2024JP0008489,1,304.62,2,2,4,1,1,1227,12,0,0,6,1,5,1,800107,1000000
2024JP0008490,1,304.62,100,1,5,1,5,5774,57,0,0,6,1,2,1,800100,1000000
2024JP0008491,1,304.62,34,1,3,1,7,23822,238,5000,4,1,1,1,1,800104,1000000
2024JP0008492,1,304.62,22,2,5,1,16,66330,501,4000,2,5,1,1,1,800100,1000000
2024JP0008493,1,304.62,1,2,8,1,3,4205,42,0,0,6,1,5,1,800104,1000000
2024JP0008494,1,304.62,47,2,6,1,8,3254,32,9800,1,1,1,1,1,800104,1000000
2024JP0008495,1,304.62,1,1,4,1,5,410,4,0,0,6,1,5,1,800103,1000000
2024JP0008496,1,304.62,74,1,5,1,5,2297,22,0,0,6,1,4,1,800100,1000000
2024JP0008497,1,304.62,91,1,5,1,5,3836,38,0,0,6,1,2,1,800107,1000000
2024JP0008498,1,304.62,29,1,2,1,16,34158,341,3000,2,1,1,5,1,800104,1000000
2024JP0008499,1,304.62,31,2,2,1,9,17950,179,8000,3,1,1,1,1,800107,1000000
2024JP0008500,1,304.62,36,2,4,1,9,24469,244,9000,1,1,1,1,1,800100,1000000
2024JP0008501,1,304.62,56,2,2,1,8,2646,26,5000,3,1,1,5,1,800108,1000000
2024JP0008502,1,304.62,38,1,4,1,7,9301,93,9920,6,1,1,1,1,800109,1000000
2024JP0008503,1,304.62,52,2,4,1,7,3020,30,9000,3,1,1,1,1,800107,1000000
2024JP0008504,1,304.62,6,2,5,1,3,1939,19,0,0,6,1,5,1,800107,1000000
2024JP0008505,1,304.62,19,2,1,1,18,28608,286,5000,3,1,1,5,1,800104,1000000
2024JP0008506,1,304.62,42,1,3,1,8,6293,62,7000,1,1,1,5,1,800105,1000000
2024JP0008507,1,304.62,23,1,4,1,12,15107,151,1000,1,5,1,5,1,800104,1000000
2024JP0008508,1,304.62,9,1,1,1,3,2264,22,0,0,6,1,5,1,800109,1000000
2024JP0008509,1,304.62,2,1,2,1,1,1558,15,0,0,6,1,5,1,800107,1000000
2024JP0008510,1,304.62,20,2,1,1,12,3515,35,6000,3,1,1,5,1,800104,1000000
2024JP0008511,1,304.62,0,2,3,1,6,2371,23,0,0,6,1,5,1,800100,1000000
2024JP0008512,1,304.62,11,2,2,1,3,2287,22,0,0,6,1,5,1,800108,1000000
2024JP0008513,1,304.62,41,1,3,1,8,22996,229,9800,4,1,1,1,1,800100,1000000
2024JP0008514,1,304.62,19,1,5,1,16,33048,330,2000,1,1,1,5,1,800100,1000000
2024JP0008515,1,304.62,26,2,2,1,6,5713,57,9000,4,1,1,1,1,800107,1000000
2024JP0008516,1,304.62,29,1,6,1,14,23880,238,4000,1,1,1,5,1,800104,1000000
2024JP0008517,1,304.62,45,2,7,1,5,9345,93,9920,6,1,1,1,1,800101,1000000
2024JP0008518,1,304.62,4,1,3,1,5,4239,42,0,0,6,1,5,1,800102,1000000
2024JP0008519,1,304.62,22,1,7,1,15,46324,463,2000,3,1,1,5,1,800108,1000000
2024JP0008520,1,304.62,6,1,2,1,3,3150,31,0,0,6,1,5,1,800107,1000000
2024JP0008521,1,304.62,20,1,4,1,19,90455,501,3000,2,1,1,1,1,800108,1000000
2024JP0008522,1,304.62,17,2,3,1,12,16532,165,0,0,6,1,5,1,800103,1000000
2024JP0008523,1,304.62,7,1,3,1,5,5167,51,0,0,6,1,5,1,800108,1000000
2024JP0008524,1,304.62,6,1,4,1,4,2999,29,0,0,6,1,5,1,800103,1000000
2024JP0008525,1,304.62,34,2,4,1,12,31625,316,2000,1,1,1,2,1,800100,1000000
2024JP0008526,1,304.62,42,2,2,1,14,31421,314,9000,4,1,1,1,1,800106,1000000
2024JP0008527,1,304.62,17,1,1,1,14,4705,47,0,0,6,1,5,1,800108,1000000
2024JP0008528,1,304.62,55,1,7,1,9,15005,150,6000,1,1,1,2,1,800103,1000000
2024JP0008529,1,304.62,21,1,6,1,13,4233,42,7000,1,2,1,5,1,800109,1000000
2024JP0008530,1,304.62,65,2,5,1,5,2758,27,6000,1,1,1,1,1,800101,1000000
2024JP0008531,1,304.62,18,2,4,1,14,6057,60,4000,3,2,1,5,1,800103,1000000
2024JP0008532,1,304.62,3,2,5,1,9,5343,53,0,0,6,1,5,2,800107,1000000
2024JP0008533,1,304.62,11,1,1,1,5,1546,15,0,0,6,1,5,1,800108,1000000
2024JP0008534,1,304.62,5,2,5,1,4,9409,94,0,0,6,1,5,1,800104,1000000
2024JP0008535,1,304.62,29,2,1,1,10,11696,116,2000,1,1,1,1,1,800100,1000000
2024JP0008536,1,304.62,27,1,7,1,14,21557,215,7000,1,1,1,1,1,800101,1000000
2024JP0008537,1,304.62,2,1,8,1,9,11808,118,0,0,6,5,5,1,800101,1000000
2024JP0008538,1,304.62,14,2,1,1,5,2018,20,0,0,6,1,5,1,800102,1000000
2024JP0008539,1,304.62,39,1,1,1,8,14204,142,5000,1,1,1,1,1,800105,1000000
2024JP0008540,1,304.62,12,1,5,1,1,3835,38,0,0,6,1,5,1,800109,1000000
2024JP0008541,1,304.62,19,1,9,1,18,12007,120,5000,3,1,1,5,1,800108,1000000
2024JP0008542,1,304.62,16,1,5,1,18,16555,165,0,0,6,1,5,1,800107,1000000
2024JP0008543,1,304.62,26,1,8,1,10,29232,292,9800,1,3,1,5,1,800100,1000000
2024JP0008544,1,304.62,16,1,2,1,14,6567,65,0,0,6,1,5,1,800103,1000000
2024JP0008545,1,304.62,31,2,2,1,12,25755,257,2000,2,1,1,1,1,800107,1000000
2024JP0008546,1,304.62,100,2,3,1,6,3851,38,0,0,6,1,1,1,800102,1000000
2024JP0008547,1,304.62,0,2,6,1,1,7123,71,0,0,6,1,5,1,800101,1000000
2024JP0008548,1,304.62,4,2,9,1,6,948,9,0,0,6,1,5,1,800102,1000000
2024JP0008549,1,304.62,6,1,7,1,4,3915,39,0,0,6,1,5,1,800103,1000000
2024JP0008550,1,304.62,31,2,1,1,7,21351,213,5000,1,1,1,1,1,800101,1000000
2024JP0008551,1,304.62,7,2,3,1,1,5288,52,0,0,6,1,5,1,800102,1000000
2024JP0008552,1,304.62,16,2,6,1,16,10968,109,0,0,6,1,5,1,800100,1000000
2024JP0008553,1,304.62,54,2,1,1,9,18763,187,7000,3,1,1,1,1,800101,1000000
2024JP0008554,1,304.62,3,2,2,1,4,6560,65,0,0,6,1,5,1,800108,1000000
2024JP0008555,1,304.62,16,2,6,1,19,39412,394,0,0,6,1,5,1,800100,1000000
2024JP0008556,1,304.62,56,1,3,1,6,5864,58,5000,1,1,1,1,1,800108,1000000
2024JP0008557,1,304.62,0,2,1,1,1,2621,26,0,0,6,1,5,1,800106,1000000
2024JP0008558,1,304.62,48,2,4,1,7,3622,36,9000,1,1,1,1,1,800109,1000000
2024JP0008559,1,304.62,9,2,6,1,4,639,6,0,0,6,1,5,1,800105,1000000
2024JP0008560,1,304.62,8,2,6,1,1,4811,48,0,0,6,1,5,1,800105,1000000
2024JP0008561,1,304.62,38,2,6,1,5,3888,38,9800,1,1,1,1,1,800108,1000000
2024JP0008562,1,304.62,5,1,2,1,4,1251,12,0,0,6,1,5,1,800100,1000000
2024JP0008563,1,304.62,61,1,6,1,6,17242,172,5000,1,3,1,1,1,800103,1000000
2024JP0008564,1,304.62,38,2,1,1,10,12445,124,6000,1,1,1,1,1,800106,1000000
2024JP0008565,1,304.62,37,2,2,1,7,2305,23,7000,1,5,1,1,1,800101,1000000
2024JP0008566,1,304.62,3,1,1,1,3,1061,10,0,0,6,1,5,1,800108,1000000
2024JP0008567,1,304.62,22,1,7,1,10,19095,190,2000,2,2,1,5,1,800107,1000000
2024JP0008568,1,304.62,2,2,5,1,8,841,8,0,0,6,2,5,1,800109,1000000
2024JP0008569,1,304.62,5,1,9,1,4,7858,78,0,0,6,1,5,1,800102,1000000
2024JP0008570,1,304.62,3,1,3,1,4,2268,22,0,0,6,1,5,1,800109,1000000
2024JP0008571,1,304.62,26,2,4,1,7,9148,91,5000,6,1,1,1,1,800106,1000000
2024JP0008572,1,304.62,35,2,9,1,10,30523,305,7000,4,1,1,1,1,800108,1000000
2024JP0008573,1,304.62,56,2,6,1,8,5625,56,9000,4,1,1,1,1,800108,1000000
2024JP0008574,1,304.62,2,2,2,1,4,12596,125,0,0,6,1,5,1,800109,1000000
2024JP0008575,1,304.62,6,1,3,1,5,2801,28,0,0,6,1,5,1,800104,1000000
2024JP0008576,1,304.62,3,1,2,1,1,2295,22,0,0,6,1,5,1,800101,1000000
2024JP0008577,1,304.62,40,2,6,1,13,10046,100,6000,3,1,1,5,1,800101,1000000
2024JP0008578,1,304.62,22,1,5,1,15,132977,501,5000,4,1,1,1,1,800100,1000000
2024JP0008579,1,304.62,16,2,5,1,11,9743,97,0,0,6,1,5,1,800107,1000000
2024JP0008580,1,304.62,26,2,6,1,11,12700,127,7000,1,1,1,5,1,800100,1000000
2024JP0008581,1,304.62,9,1,2,1,6,652,6,0,0,6,1,5,1,800105,1000000
2024JP0008582,1,304.62,59,2,6,1,8,5452,54,8000,6,1,1,1,1,800102,1000000
2024JP0008583,1,304.62,31,2,4,1,5,1461,14,7000,3,1,1,5,1,800103,1000000
2024JP0008584,1,304.62,57,1,2,1,7,1797,17,5000,1,1,1,1,1,800109,1000000
2024JP0008585,1,304.62,35,1,2,1,9,9480,94,2000,1,1,1,1,1,800107,1000000
2024JP0008586,1,304.62,58,1,5,1,9,5260,52,9000,1,1,1,2,1,800102,1000000
2024JP0008587,1,304.62,12,2,1,1,9,6504,65,0,0,6,1,5,1,800107,1000000
2024JP0008588,1,304.62,17,1,1,1,13,11044,110,0,0,6,1,5,1,800109,1000000
2024JP0008589,1,304.62,21,1,6,1,16,28551,285,5000,1,1,1,5,1,800103,1000000
2024JP0008590,1,304.62,20,2,4,1,12,4520,45,9000,1,1,1,5,1,800102,1000000
2024JP0008591,1,304.62,31,1,4,1,12,44821,448,9000,3,1,1,5,1,800100,1000000
2024JP0008592,1,304.62,8,1,2,1,3,875,8,0,0,6,1,5,1,800102,1000000
2024JP0008593,1,304.62,75,1,1,1,7,3209,32,0,0,6,1,2,1,800106,1000000
2024JP0008594,1,304.62,39,1,3,1,8,7334,73,6000,1,2,1,1,1,800106,1000000
2024JP0008595,1,304.62,36,2,8,1,8,3267,32,5000,4,1,1,2,1,800108,1000000
2024JP0008596,1,304.62,35,1,4,1,12,5600,56,6000,6,1,1,1,1,800102,1000000
2024JP0008597,1,304.62,0,1,2,1,4,8835,88,0,0,6,1,5,1,800103,1000000
2024JP0008598,1,304.62,30,1,1,1,6,3652,36,6000,6,1,1,1,1,800102,1000000
2024JP0008599,1,304.62,15,2,4,1,15,14554,145,0,0,6,1,5,1,800101,1000000
2024JP0008600,1,304.62,20,1,3,1,16,17997,179,6000,3,1,1,5,1,800105,1000000
2024JP0008601,1,304.62,23,1,3,1,16,22785,227,4000,1,2,1,5,1,800101,1000000
2024JP0008602,1,304.62,51,1,4,1,13,6862,68,2000,3,1,1,1,1,800101,1000000
2024JP0008603,1,304.62,30,2,3,1,6,8060,80,5000,1,1,1,1,1,800106,1000000
2024JP0008604,1,304.62,56,2,2,1,8,13459,134,5000,1,1,1,1,1,800104,1000000
2024JP0008605,1,304.62,12,2,2,1,2,1149,11,0,0,6,1,5,1,800109,1000000
2024JP0008606,1,304.62,39,1,4,1,12,26404,264,1000,1,1,1,1,1,800104,1000000
2024JP0008607,1,304.62,19,2,3,1,16,15264,152,4000,2,1,1,5,1,800101,1000000
2024JP0008608,1,304.62,49,2,5,1,8,5833,58,6000,3,1,1,1,1,800106,1000000
2024JP0008609,1,304.62,3,2,1,1,5,4719,47,0,0,6,1,5,1,800103,1000000
2024JP0008610,1,304.62,19,1,2,1,13,5225,52,2000,1,1,1,5,1,800108,1000000
2024JP0008611,1,304.62,14,1,4,1,3,13312,133,0,0,6,1,5,1,800101,1000000
2024JP0008612,1,304.62,12,1,2,1,5,1119,11,0,0,6,1,5,1,800109,1000000
2024JP0008613,1,304.62,50,1,5,1,12,21741,217,6000,4,1,1,1,1,800102,1000000
2024JP0008614,1,304.62,19,2,5,1,18,20286,202,6000,1,2,1,5,1,800105,1000000
2024JP0008615,1,304.62,31,1,3,1,11,8283,82,9000,3,1,1,1,1,800109,1000000
2024JP0008616,1,304.62,7,2,2,1,3,11148,111,0,0,6,1,5,1,800101,1000000
2024JP0008617,1,304.62,38,2,8,1,8,5741,57,7000,6,1,1,1,1,800109,1000000
2024JP0008618,1,304.62,5,1,1,1,6,3260,32,0,0,6,1,5,1,800103,1000000
2024JP0008619,1,304.62,5,1,1,1,5,1021,10,0,0,6,1,5,1,800104,1000000
2024JP0008620,1,304.62,8,1,3,1,3,2161,21,0,0,6,1,5,1,800104,1000000
2024JP0008621,1,304.62,23,1,1,1,13,27463,274,6000,4,1,1,5,1,800107,1000000
2024JP0008622,1,304.62,16,1,1,1,13,6255,62,0,0,6,1,5,1,800101,1000000
2024JP0008623,1,304.62,40,1,2,1,14,29765,297,2000,1,1,1,2,1,800104,1000000
2024JP0008624,1,304.62,38,2,1,1,6,26641,266,5000,3,5,1,1,1,800105,1000000
2024JP0008625,1,304.62,55,1,9,1,12,8561,85,6000,4,1,1,2,1,800100,1000000
2024JP0008626,1,304.62,47,1,1,1,6,2761,27,9920,1,1,1,1,1,800105,1000000
2024JP0008627,1,304.62,43,2,3,1,8,5551,55,8000,3,1,1,1,1,800104,1000000
2024JP0008628,1,304.62,47,2,4,1,5,3896,38,7000,3,1,1,1,1,800102,1000000
2024JP0008629,1,304.62,11,1,5,1,2,8526,85,0,0,6,1,5,1,800101,1000000
2024JP0008630,1,304.62,21,1,3,1,16,20772,207,5000,1,1,1,5,1,800104,1000000
2024JP0008631,1,304.62,16,1,5,1,10,7241,72,0,0,6,1,5,1,800106,1000000
2024JP0008632,1,304.62,40,1,1,1,8,8681,86,9920,4,1,1,1,1,800100,1000000
2024JP0008633,1,304.62,1,1,6,1,4,1865,18,0,0,6,1,5,1,800107,1000000
2024JP0008634,1,304.62,39,1,1,1,11,35439,354,5000,4,1,1,1,1,800104,1000000
2024JP0008635,1,304.62,27,2,6,1,13,5771,57,9000,3,1,1,1,1,800109,1000000
2024JP0008636,1,304.62,15,1,1,1,14,7416,74,0,0,6,1,5,1,800102,1000000
2024JP0008637,1,304.62,56,2,2,1,5,9992,99,9000,1,1,1,5,1,800105,1000000
2024JP0008638,1,304.62,3,1,5,1,1,1966,19,0,0,6,1,5,1,800106,1000000
2024JP0008639,1,304.62,16,1,1,1,14,8329,83,0,0,6,1,5,1,800108,1000000
2024JP0008640,1,304.62,38,2,7,1,7,2482,24,6000,3,1,1,1,1,800106,1000000
2024JP0008641,1,304.62,19,1,7,1,11,1727,17,1000,1,1,1,5,1,800104,1000000
2024JP0008642,1,304.62,0,2,3,1,1,3728,37,0,0,6,1,5,1,800105,1000000
2024JP0008643,1,304.62,26,2,1,1,5,30435,304,8000,3,1,1,5,1,800108,1000000
2024JP0008644,1,304.62,14,2,1,1,3,1034,10,0,0,6,1,5,1,800101,1000000
2024JP0008645,1,304.62,34,2,4,1,5,5958,59,7000,1,1,1,1,1,800106,1000000
2024JP0008646,1,304.62,40,2,2,1,15,24197,241,5000,4,5,1,1,1,800101,1000000
2024JP0008647,1,304.62,54,1,1,1,14,6630,66,9800,4,1,1,1,1,800100,1000000
2024JP0008648,1,304.62,17,1,2,1,14,8941,89,0,0,6,1,5,1,800107,1000000
2024JP0008649,1,304.62,34,1,4,1,11,10047,100,4000,1,1,1,1,1,800109,1000000
2024JP0008650,1,304.62,11,2,5,1,3,6615,66,0,0,6,1,5,1,800103,1000000
2024JP0008651,1,304.62,26,2,1,1,13,13636,136,7000,1,5,1,1,1,800109,1000000
2024JP0008652,1,304.62,40,1,8,1,6,2921,29,5000,1,1,1,1,1,800102,1000000
2024JP0008653,1,304.62,7,1,6,1,3,9390,93,0,0,6,1,5,1,800104,1000000
2024JP0008654,1,304.62,27,2,2,1,10,12235,122,1000,2,1,1,1,1,800105,1000000
2024JP0008655,1,304.62,49,1,6,1,7,8683,86,9920,1,1,1,1,1,800107,1000000
2024JP0008656,1,304.62,36,2,6,1,13,6740,67,7000,3,1,1,1,1,800101,1000000
2024JP0008657,1,304.62,31,2,1,1,9,4130,41,9000,1,1,1,1,1,800109,1000000
2024JP0008658,1,304.62,12,2,1,1,1,1525,15,0,0,6,1,5,1,800105,1000000
2024JP0008659,1,304.62,12,1,6,1,5,415,4,0,0,6,1,5,1,800109,1000000
2024JP0008660,1,304.62,4,1,4,1,6,3574,35,0,0,6,1,5,1,800101,1000000
2024JP0008661,1,304.62,9,2,5,1,3,3225,32,0,0,6,1,5,1,800101,1000000
2024JP0008662,1,304.62,32,2,9,1,7,4771,47,9800,1,1,1,1,1,800108,1000000
2024JP0008663,1,304.62,44,2,3,1,7,9492,94,9920,3,1,1,5,1,800100,1000000
2024JP0008664,1,304.62,27,1,6,1,10,19740,197,2000,2,1,1,5,1,800100,1000000
2024JP0008665,1,304.62,40,1,6,1,11,2679,26,7000,3,1,1,1,1,800104,1000000
2024JP0008666,1,304.62,32,1,3,1,10,24884,248,7000,3,3,1,1,1,800100,1000000
2024JP0008667,1,304.62,21,2,6,1,14,11581,115,3000,1,3,1,5,1,800104,1000000
2024JP0008668,1,304.62,29,2,2,1,6,6520,65,7000,4,2,1,5,1,800102,1000000
2024JP0008669,1,304.62,55,2,2,1,10,6646,66,6000,1,1,1,1,1,800100,1000000
2024JP0008670,1,304.62,34,1,1,1,11,72708,501,7000,3,1,1,1,1,800106,1000000
2024JP0008671,1,304.62,32,2,7,1,8,15275,152,7000,1,2,1,1,1,800103,1000000
2024JP0008672,1,304.62,15,1,9,1,15,30176,301,0,0,6,1,5,1,800103,1000000
2024JP0008673,1,304.62,19,2,4,1,13,15146,151,2000,1,4,1,5,1,800100,1000000
2024JP0008674,1,304.62,21,1,2,1,15,18645,186,6000,1,5,1,5,1,800105,1000000
2024JP0008675,1,304.62,49,2,1,1,7,1771,17,6000,3,1,1,1,1,800102,1000000
2024JP0008676,1,304.62,11,2,4,1,3,2171,21,0,0,6,1,5,1,800105,1000000
2024JP0008677,1,304.62,30,1,7,1,9,42131,421,7000,3,1,1,1,1,800105,1000000
2024JP0008678,1,304.62,12,2,6,1,4,5141,51,0,0,6,1,5,1,800104,1000000
2024JP0008679,1,304.62,21,1,6,1,16,4435,44,4000,3,1,1,5,1,800105,1000000
2024JP0008680,1,304.62,28,1,6,1,14,70455,501,8000,4,1,1,1,1,800103,1000000
2024JP0008681,1,304.62,4,2,2,1,3,3173,31,0,0,6,1,5,1,800103,1000000
2024JP0008682,1,304.62,40,1,1,1,10,11934,119,3000,1,1,1,1,1,800101,1000000
2024JP0008683,1,304.62,7,1,3,1,2,1287,12,0,0,6,1,5,1,800106,1000000
2024JP0008684,1,304.62,44,2,3,1,6,2168,21,5000,3,2,1,1,1,800108,1000000
2024JP0008685,1,304.62,12,2,1,1,6,1894,18,0,0,6,1,5,1,800102,1000000
2024JP0008686,1,304.62,60,2,6,1,8,4116,41,9920,6,2,1,1,1,800100,1000000
2024JP0008687,1,304.62,1,1,8,1,3,2944,29,0,0,6,1,5,1,800108,1000000
2024JP0008688,1,304.62,16,1,3,1,19,27441,274,0,0,6,1,5,1,800101,1000000
2024JP0008689,1,304.62,6,1,6,1,2,739,7,0,0,6,1,5,1,800106,1000000
2024JP0008690,1,304.62,37,2,6,1,11,44250,442,9800,1,1,1,5,1,800105,1000000
2024JP0008691,1,304.62,31,2,7,1,5,3538,35,7000,3,4,1,1,1,800100,1000000
2024JP0008692,1,304.62,36,2,2,1,10,13796,137,9000,3,1,1,1,1,800107,1000000
2024JP0008693,1,304.62,21,1,4,1,18,16921,169,1000,3,1,1,5,1,800109,1000000
2024JP0008694,1,304.62,48,1,4,1,5,1997,19,5000,6,2,1,2,1,800105,1000000
2024JP0008695,1,304.62,56,2,1,1,8,1971,19,7000,3,4,1,5,1,800108,1000000
2024JP0008696,1,304.62,28,1,9,1,7,14399,143,6000,3,5,1,1,1,800107,1000000
2024JP0008697,1,304.62,11,1,5,1,4,1278,12,0,0,6,1,5,1,800106,1000000
2024JP0008698,1,304.62,34,2,9,1,13,8908,89,7000,3,5,1,1,1,800105,1000000
2024JP0008699,1,304.62,67,1,2,1,5,2511,25,6000,1,1,1,1,1,800101,1000000
2024JP0008700,1,304.62,42,1,5,1,5,1641,16,8000,1,1,1,1,1,800108,1000000
2024JP0008701,1,304.62,4,1,2,1,3,636,6,0,0,6,1,5,1,800105,1000000
2024JP0008702,1,304.62,69,1,7,1,11,9634,96,7000,4,1,1,1,1,800102,1000000
2024JP0008703,1,304.62,14,2,1,1,1,366,3,0,0,6,1,5,1,800104,1000000
2024JP0008704,1,304.62,24,1,3,1,15,53446,501,6000,1,1,1,1,1,800105,1000000
2024JP0008705,1,304.62,12,1,4,1,7,669,6,0,0,6,1,5,1,800107,1000000
2024JP0008706,1,304.62,31,1,9,1,7,6545,65,6000,1,1,1,1,2,800103,1000000
2024JP0008707,1,304.62,14,2,4,1,1,4689,46,0,0,6,1,5,1,800109,1000000
2024JP0008708,1,304.62,17,2,3,1,15,50434,501,0,0,6,1,5,1,800101,1000000
2024JP0008709,1,304.62,28,2,7,1,10,52026,501,6000,1,1,1,1,1,800107,1000000
2024JP0008710,1,304.62,10,1,2,1,5,2350,23,0,0,6,1,5,1,800107,1000000
2024JP0008711,1,304.62,3,1,8,1,2,3151,31,0,0,6,1,5,1,800106,1000000
2024JP0008712,1,304.62,18,1,6,1,14,2850,28,5000,1,1,1,1,1,800100,1000000
2024JP0008713,1,304.62,29,1,1,1,8,11942,119,7000,1,1,1,5,1,800107,1000000
2024JP0008714,1,304.62,33,2,1,1,7,15782,157,5000,1,1,1,1,1,800106,1000000
2024JP0008715,1,304.62,29,1,1,1,12,38274,382,6000,4,1,1,5,1,800104,1000000
2024JP0008716,1,304.62,32,1,1,1,7,3703,37,6000,1,1,1,1,1,800102,1000000
2024JP0008717,1,304.62,0,2,3,1,2,1174,11,0,0,6,1,5,2,800109,1000000
2024JP0008718,1,304.62,1,1,5,1,2,1423,14,0,0,6,1,5,1,800108,1000000
2024JP0008719,1,304.62,46,2,2,1,10,37388,373,6000,4,1,1,1,1,800104,1000000
2024JP0008720,1,304.62,4,2,6,1,2,3824,38,0,0,6,1,5,1,800109,1000000
2024JP0008721,1,304.62,13,2,7,1,6,977,9,0,0,6,1,5,1,800103,1000000
2024JP0008722,1,304.62,46,1,1,1,6,17189,171,7000,4,5,1,2,1,800109,1000000
2024JP0008723,1,304.62,25,1,7,1,5,4605,46,9800,1,1,1,5,1,800104,1000000
2024JP0008724,1,304.62,15,2,6,1,10,7458,74,0,0,6,1,5,1,800108,1000000
2024JP0008725,1,304.62,0,1,1,1,4,2016,20,0,0,6,1,5,1,800103,1000000
2024JP0008726,1,304.62,15,1,6,1,13,4566,45,0,0,6,1,5,1,800105,1000000
2024JP0008727,1,304.62,2,1,2,1,1,5587,55,0,0,6,1,5,1,800102,1000000
2024JP0008728,1,304.62,67,1,8,1,10,12565,125,8000,3,1,1,5,1,800100,1000000
2024JP0008729,1,304.62,30,1,6,1,15,92124,501,4000,1,1,1,1,1,800108,1000000
2024JP0008730,1,304.62,30,2,2,1,6,14770,147,9920,1,1,1,1,1,800102,1000000
2024JP0008731,1,304.62,72,1,4,1,5,830,8,0,0,6,1,1,1,800101,1000000
2024JP0008732,1,304.62,26,2,2,1,5,5113,51,5000,4,1,1,5,1,800105,1000000
2024JP0008733,1,304.62,31,2,5,1,7,12843,128,6000,1,2,1,1,1,800106,1000000
2024JP0008734,1,304.62,31,2,2,1,9,7301,73,8000,1,1,1,1,1,800103,1000000
2024JP0008735,1,304.62,24,1,4,1,13,43281,432,7000,4,5,1,5,1,800108,1000000
2024JP0008736,1,304.62,27,2,2,1,8,5618,56,9920,3,1,1,1,1,800101,1000000
2024JP0008737,1,304.62,3,1,5,1,7,1571,15,0,0,6,1,5,1,800104,1000000
2024JP0008738,1,304.62,5,1,5,1,5,3408,34,0,0,6,1,5,1,800104,1000000
2024JP0008739,1,304.62,58,1,4,1,10,7210,72,3000,1,1,1,3,1,800109,1000000
2024JP0008740,1,304.62,52,1,4,1,12,25894,258,5000,3,1,1,1,1,800102,1000000
2024JP0008741,1,304.62,1,2,4,1,1,9057,90,0,0,6,1,5,1,800105,1000000
2024JP0008742,1,304.62,47,2,4,1,10,43525,435,6000,1,1,1,2,1,800106,1000000
2024JP0008743,1,304.62,59,2,8,1,9,22231,222,6000,1,1,1,1,1,800102,1000000
2024JP0008744,1,304.62,42,2,1,1,7,7347,73,5000,1,1,1,1,1,800107,1000000
2024JP0008745,1,304.62,14,2,1,1,2,1605,16,0,0,6,1,5,1,800100,1000000
2024JP0008746,1,304.62,42,1,3,1,10,9477,94,5000,1,1,1,1,1,800102,1000000
2024JP0008747,1,304.62,2,1,1,1,1,1800,18,0,0,6,1,5,1,800105,1000000
2024JP0008748,1,304.62,28,2,2,1,9,8203,82,6000,1,1,1,5,1,800108,1000000
2024JP0008749,1,304.62,13,2,6,1,7,1642,16,0,0,6,1,5,1,800101,1000000
2024JP0008750,1,304.62,6,1,1,1,1,2595,25,0,0,6,1,5,1,800107,1000000
2024JP0008751,1,304.62,17,1,2,1,18,50469,501,0,0,6,1,5,1,800101,1000000
2024JP0008752,1,304.62,29,2,1,1,11,10725,107,1000,2,1,1,5,1,800100,1000000
2024JP0008753,1,304.62,24,1,3,1,10,22447,224,1000,2,1,1,1,1,800101,1000000
2024JP0008754,1,304.62,24,2,3,1,14,33635,336,6000,4,1,1,5,1,800102,1000000
2024JP0008755,1,304.62,12,2,4,1,3,3445,34,0,0,6,1,5,1,800107,1000000
2024JP0008756,1,304.62,28,1,4,1,16,30149,301,6000,4,1,1,5,1,800107,1000000
2024JP0008757,1,304.62,57,1,1,1,5,23612,236,9800,1,1,1,1,1,800107,1000000
2024JP0008758,1,304.62,39,2,1,1,10,14481,144,9000,1,1,1,1,1,800101,1000000
2024JP0008759,1,304.62,35,1,1,1,9,22458,224,3000,1,1,1,5,1,800100,1000000
2024JP0008760,1,304.62,82,1,1,1,5,6388,63,0,0,6,1,1,1,800108,1000000
2024JP0008761,1,304.62,22,2,1,1,16,36925,369,5000,4,1,1,1,1,800105,1000000
2024JP0008762,1,304.62,35,2,1,1,11,5355,53,7000,4,2,1,5,1,800106,1000000
2024JP0008763,1,304.62,49,2,8,1,13,16106,161,5000,3,1,1,1,1,800107,1000000
2024JP0008764,1,304.62,32,1,7,1,9,13829,138,5000,3,2,1,5,1,800107,1000000
2024JP0008765,1,304.62,49,1,1,1,9,23868,238,8000,3,1,1,1,1,800100,1000000
2024JP0008766,1,304.62,33,1,9,1,6,7982,79,5000,3,1,1,1,1,800109,1000000
2024JP0008767,1,304.62,9,2,4,1,6,695,6,0,0,6,1,5,1,800105,1000000
2024JP0008768,1,304.62,11,2,2,1,8,8906,89,0,0,6,1,5,1,800107,1000000
2024JP0008769,1,304.62,3,2,2,1,5,2076,20,0,0,6,1,5,1,800102,1000000
2024JP0008770,1,304.62,23,1,2,1,19,68186,501,3000,2,5,1,1,1,800105,1000000
2024JP0008771,1,304.62,38,1,4,1,8,3177,31,9000,4,1,1,2,1,800108,1000000
2024JP0008772,1,304.62,38,1,1,1,10,9039,90,1000,1,3,1,1,1,800100,1000000
2024JP0008773,1,304.62,25,1,1,1,12,13881,138,7000,3,1,1,1,1,800103,1000000
2024JP0008774,1,304.62,55,2,2,1,7,10579,105,6000,1,1,1,1,1,800102,1000000
2024JP0008775,1,304.62,2,2,6,1,5,8361,83,0,0,6,1,5,1,800101,1000000
2024JP0008776,1,304.62,9,1,4,1,4,7593,75,0,0,6,1,5,1,800105,1000000
2024JP0008777,1,304.62,83,2,4,1,7,1853,18,0,0,6,1,1,1,800103,1000000
2024JP0008778,1,304.62,23,1,2,1,12,36400,364,7000,4,2,1,1,1,800100,1000000
2024JP0008779,1,304.62,12,1,6,1,4,4402,44,0,0,6,1,5,1,800103,1000000
2024JP0008780,1,304.62,8,1,1,1,2,2467,24,0,0,6,1,5,1,800101,1000000
2024JP0008781,1,304.62,2,1,5,1,1,3381,33,0,0,6,1,5,1,800100,1000000
2024JP0008782,1,304.62,6,1,6,1,1,5278,52,0,0,6,1,5,1,800103,1000000
2024JP0008783,1,304.62,7,2,1,1,5,3081,30,0,0,6,1,5,1,800108,1000000
2024JP0008784,1,304.62,30,1,6,1,10,7805,78,6000,1,1,1,1,1,800101,1000000
2024JP0008785,1,304.62,40,2,3,1,6,6299,62,7000,4,2,1,1,1,800106,1000000
2024JP0008786,1,304.62,41,1,3,1,9,35816,358,6000,1,1,1,1,1,800103,1000000
2024JP0008787,1,304.62,14,2,2,1,5,2549,25,0,0,6,1,5,1,800104,1000000
2024JP0008788,1,304.62,0,2,6,1,3,1626,16,0,0,6,1,5,1,800103,1000000
2024JP0008789,1,304.62,7,1,5,1,8,2011,20,0,0,6,1,5,1,800109,1000000
2024JP0008790,1,304.62,4,2,1,1,2,2032,20,0,0,6,1,5,1,800105,1000000
2024JP0008791,1,304.62,27,2,2,1,7,6976,69,5000,4,1,1,5,1,800103,1000000
2024JP0008792,1,304.62,94,1,4,1,5,3759,37,0,0,6,1,1,1,800108,1000000
2024JP0008793,1,304.62,41,1,2,1,13,17647,176,2000,2,1,1,1,1,800101,1000000
2024JP0008794,1,304.62,29,1,9,1,8,18333,183,9800,3,1,1,1,1,800101,1000000
2024JP0008795,1,304.62,58,2,4,1,11,10370,103,3000,2,1,1,5,1,800108,1000000
2024JP0008796,1,304.62,44,2,9,1,10,8386,83,5000,3,1,1,1,1,800100,1000000
2024JP0008797,1,304.62,42,1,1,1,9,12937,129,8000,3,1,1,1,1,800107,1000000
2024JP0008798,1,304.62,19,1,5,1,16,11912,119,1000,2,1,1,5,1,800105,1000000
2024JP0008799,1,304.62,50,1,3,1,10,24138,241,1000,1,1,1,2,1,800106,1000000
2024JP0008800,1,304.62,17,2,6,1,10,16500,165,0,0,6,1,5,1,800103,1000000
2024JP0008801,1,304.62,1,2,3,1,9,15421,154,0,0,6,1,5,1,800105,1000000
2024JP0008802,1,304.62,29,2,4,1,8,11042,110,7000,4,1,1,1,1,800109,1000000
2024JP0008803,1,304.62,24,1,3,1,16,43668,436,2000,1,1,1,1,1,800102,1000000
2024JP0008804,1,304.62,12,1,4,1,2,1928,19,0,0,6,1,5,1,800106,1000000
2024JP0008805,1,304.62,6,1,4,1,4,815,8,0,0,6,1,5,1,800100,1000000
2024JP0008806,1,304.62,48,1,1,1,8,37440,374,7000,4,1,1,1,1,800101,1000000
2024JP0008807,1,304.62,39,2,8,1,5,15501,155,6000,3,1,1,5,1,800102,1000000
2024JP0008808,1,304.62,8,2,6,1,6,4517,45,0,0,6,1,5,1,800108,1000000
2024JP0008809,1,304.62,80,1,4,1,6,2701,27,0,0,6,1,1,1,800105,1000000
2024JP0008810,1,304.62,38,2,1,1,10,17975,179,7000,3,1,1,1,1,800107,1000000
2024JP0008811,1,304.62,22,2,3,1,15,31451,314,5000,1,1,1,5,1,800105,1000000
2024JP0008812,1,304.62,9,2,1,1,3,3512,35,0,0,6,1,5,1,800109,1000000
2024JP0008813,1,304.62,7,1,5,1,2,5240,52,0,0,6,1,5,1,800108,1000000
2024JP0008814,1,304.62,2,2,3,1,2,3495,34,0,0,6,1,5,1,800101,1000000
2024JP0008815,1,304.62,23,1,5,1,18,63305,501,4000,1,1,1,5,1,800108,1000000
2024JP0008816,1,304.62,29,1,6,1,9,21408,214,6000,1,1,1,1,1,800109,1000000
2024JP0008817,1,304.62,83,2,6,1,5,1228,12,0,0,6,1,2,1,800109,1000000
2024JP0008818,1,304.62,33,1,6,1,13,10575,105,7000,1,1,1,1,1,800104,1000000
2024JP0008819,1,304.62,12,2,2,1,6,1392,13,0,0,6,1,5,1,800103,1000000
2024JP0008820,1,304.62,21,1,2,1,17,28687,286,6000,1,1,1,5,1,800103,1000000
2024JP0008821,1,304.62,3,1,6,1,2,2419,24,0,0,6,1,5,1,800107,1000000
2024JP0008822,1,304.62,35,2,4,1,9,23614,236,7000,6,1,1,1,1,800107,1000000
2024JP0008823,1,304.62,36,1,4,1,5,4897,48,9800,1,1,1,5,1,800103,1000000
2024JP0008824,1,304.62,67,1,2,1,5,3213,32,5000,1,1,1,1,1,800103,1000000
2024JP0008825,1,304.62,1,1,2,1,3,3320,33,0,0,6,1,5,2,800101,1000000
2024JP0008826,1,304.62,51,1,6,1,6,5816,58,6000,1,1,1,1,1,800102,1000000
2024JP0008827,1,304.62,26,2,1,1,10,26847,268,5000,3,1,1,1,1,800105,1000000
2024JP0008828,1,304.62,14,1,5,1,1,11018,110,0,0,6,1,5,1,800100,1000000
2024JP0008829,1,304.62,36,1,3,1,9,11569,115,9000,4,1,1,1,1,800101,1000000
2024JP0008830,1,304.62,35,1,8,1,5,8355,83,5000,1,1,1,1,1,800100,1000000
2024JP0008831,1,304.62,13,1,1,1,3,4504,45,0,0,6,1,5,1,800104,1000000
2024JP0008832,1,304.62,7,1,1,1,4,2750,27,0,0,6,1,5,1,800103,1000000
2024JP0008833,1,304.62,64,1,6,1,5,17183,171,9800,6,2,1,5,1,800101,1000000
2024JP0008834,1,304.62,33,1,6,1,12,21415,214,3000,1,1,1,1,1,800109,1000000
2024JP0008835,1,304.62,54,2,6,1,11,5152,51,4000,1,1,1,1,1,800106,1000000
2024JP0008836,1,304.62,11,1,9,1,3,1940,19,0,0,6,1,5,1,800102,1000000
2024JP0008837,1,304.62,32,2,3,1,5,13246,132,9800,3,5,1,1,1,800105,1000000
2024JP0008838,1,304.62,42,2,1,1,10,10913,109,2000,3,5,1,1,1,800105,1000000
2024JP0008839,1,304.62,14,1,6,1,4,1221,12,0,0,6,1,5,1,800101,1000000
2024JP0008840,1,304.62,33,2,1,1,8,27821,278,5000,1,1,1,1,1,800101,1000000
2024JP0008841,1,304.62,19,2,1,1,19,30942,309,4000,1,1,1,5,1,800105,1000000
2024JP0008842,1,304.62,3,2,2,1,6,1337,13,0,0,6,1,5,1,800100,1000000
2024JP0008843,1,304.62,28,2,5,1,7,4455,44,6000,1,1,1,1,1,800108,1000000
2024JP0008844,1,304.62,2,2,6,1,2,2292,22,0,0,6,1,5,1,800108,1000000
2024JP0008845,1,304.62,41,1,7,1,10,16124,161,6000,6,1,1,5,1,800108,1000000
2024JP0008846,1,304.62,9,1,5,1,4,1102,11,0,0,6,1,5,1,800102,1000000
2024JP0008847,1,304.62,21,2,5,1,16,38632,386,4000,2,1,1,5,1,800107,1000000
2024JP0008848,1,304.62,40,1,1,1,8,5730,57,5000,3,1,1,2,1,800100,1000000
2024JP0008849,1,304.62,60,1,4,1,8,6554,65,6000,1,1,1,1,1,800101,1000000
2024JP0008850,1,304.62,59,2,6,1,12,27123,271,6000,1,1,1,1,1,800102,1000000
2024JP0008851,1,304.62,34,2,2,1,12,9441,94,5000,3,1,1,1,1,800101,1000000
2024JP0008852,1,304.62,37,2,5,1,13,12873,128,1000,3,1,1,2,1,800104,1000000
2024JP0008853,1,304.62,21,2,5,1,13,35889,358,6000,6,1,1,5,1,800108,1000000
2024JP0008854,1,304.62,0,2,6,1,9,4227,42,0,0,6,1,5,1,800109,1000000
2024JP0008855,1,304.62,40,2,3,1,14,46102,461,5000,1,1,1,1,1,800108,1000000
2024JP0008856,1,304.62,48,1,6,1,7,3850,38,5000,4,1,1,1,1,800101,1000000
2024JP0008857,1,304.62,17,2,1,1,11,2767,27,0,0,6,1,5,1,800100,1000000
2024JP0008858,1,304.62,43,2,3,1,10,15862,158,6000,3,1,1,1,1,800101,1000000
2024JP0008859,1,304.62,57,2,5,1,5,3602,36,5000,4,1,1,1,1,800103,1000000
2024JP0008860,1,304.62,31,2,1,1,10,17874,178,2000,1,1,1,1,1,800100,1000000
2024JP0008861,1,304.62,20,1,5,1,15,4314,43,2000,1,1,1,5,1,800109,1000000
2024JP0008862,1,304.62,66,2,2,1,7,4297,42,5000,6,1,1,1,1,800106,1000000
2024JP0008863,1,304.62,21,1,1,1,14,2173,21,9000,1,1,1,5,1,800101,1000000
2024JP0008864,1,304.62,14,2,3,1,6,846,8,0,0,6,1,5,1,800100,1000000
2024JP0008865,1,304.62,5,2,3,1,2,1975,19,0,0,6,1,5,1,800102,1000000
2024JP0008866,1,304.62,19,2,3,1,11,16934,169,7000,4,5,1,5,1,800106,1000000
2024JP0008867,1,304.62,27,1,1,1,6,3330,33,5000,1,1,1,1,1,800104,1000000
2024JP0008868,1,304.62,26,2,4,1,15,62880,501,3000,1,1,1,1,1,800105,1000000
2024JP0008869,1,304.62,25,2,1,1,10,18933,189,7000,4,2,1,5,1,800101,1000000
2024JP0008870,1,304.62,18,2,3,1,20,25672,256,1000,1,2,1,5,1,800109,1000000
2024JP0008871,1,304.62,25,1,6,1,9,2314,23,6000,6,2,1,5,1,800107,1000000
2024JP0008872,1,304.62,14,1,6,1,5,5931,59,0,0,6,1,5,1,800103,1000000
2024JP0008873,1,304.62,99,2,1,1,5,2682,26,0,0,6,1,1,1,800100,1000000
2024JP0008874,1,304.62,11,2,8,1,7,4506,45,0,0,6,1,5,1,800100,1000000
2024JP0008875,1,304.62,24,2,5,1,12,36450,364,7000,6,1,1,5,1,800100,1000000
2024JP0008876,1,304.62,57,2,5,1,10,11594,115,9000,3,1,1,1,1,800103,1000000
2024JP0008877,1,304.62,21,1,7,1,14,7674,76,5000,3,1,1,5,1,800106,1000000
2024JP0008878,1,304.62,87,1,6,1,10,7594,75,0,0,6,1,1,1,800100,1000000
2024JP0008879,1,304.62,24,1,2,1,18,38168,381,4000,2,1,1,5,1,800101,1000000
2024JP0008880,1,304.62,9,1,1,1,9,4119,41,0,0,6,1,5,1,800104,1000000
2024JP0008881,1,304.62,41,1,4,1,12,20826,208,6000,1,1,1,5,1,800100,1000000
2024JP0008882,1,304.62,8,1,1,1,5,1668,16,0,0,6,1,5,1,800101,1000000
2024JP0008883,1,304.62,31,2,5,1,14,37460,374,3000,2,1,1,1,1,800104,1000000
2024JP0008884,1,304.62,20,2,8,1,17,10617,106,5000,4,1,1,1,1,800102,1000000
2024JP0008885,1,304.62,57,1,5,1,12,33006,330,2000,1,2,1,1,1,800106,1000000
2024JP0008886,1,304.62,41,2,2,1,6,14124,141,9920,4,1,1,2,1,800106,1000000
2024JP0008887,1,304.62,31,1,7,1,13,34074,340,5000,4,1,1,1,1,800100,1000000
2024JP0008888,1,304.62,81,1,9,1,6,2101,21,0,0,6,1,5,1,800101,1000000
2024JP0008889,1,304.62,33,2,5,1,13,16390,163,5000,1,1,1,1,1,800101,1000000
2024JP0008890,1,304.62,33,2,4,1,11,12693,126,6000,4,5,1,1,1,800101,1000000
2024JP0008891,1,304.62,42,1,2,1,5,5739,57,7000,3,1,1,5,1,800107,1000000
2024JP0008892,1,304.62,2,2,3,1,8,927,9,0,0,6,1,5,1,800100,1000000
2024JP0008893,1,304.62,31,2,3,1,14,144643,501,3000,1,1,1,1,1,800104,1000000
2024JP0008894,1,304.62,6,2,5,1,4,630,6,0,0,6,1,5,1,800103,1000000
2024JP0008895,1,304.62,8,2,3,1,4,2375,23,0,0,6,1,5,1,800104,1000000
2024JP0008896,1,304.62,49,1,3,1,10,78855,501,1000,3,1,1,1,1,800105,1000000
2024JP0008897,1,304.62,16,1,1,1,14,10941,109,0,0,6,1,5,1,800102,1000000
2024JP0008898,1,304.62,40,2,3,1,8,11505,115,7000,3,5,1,1,1,800100,1000000
2024JP0008899,1,304.62,19,2,4,1,14,15072,150,6000,3,1,1,5,1,800106,1000000
2024JP0008900,1,304.62,0,1,2,1,5,1695,16,0,0,6,1,5,1,800109,1000000
2024JP0008901,1,304.62,43,2,9,1,11,3451,34,9000,1,1,1,1,1,800103,1000000
2024JP0008902,1,304.62,73,1,1,1,5,361,3,0,0,6,1,2,1,800106,1000000
2024JP0008903,1,304.62,37,2,1,1,6,7131,71,9920,6,1,1,1,1,800107,1000000
2024JP0008904,1,304.62,27,1,5,1,12,11927,119,9800,3,3,1,5,1,800106,1000000
2024JP0008905,1,304.62,7,1,1,1,3,2540,25,0,0,6,1,5,1,800103,1000000
2024JP0008906,1,304.62,23,1,6,1,12,37971,379,6000,4,1,1,5,1,800105,1000000
2024JP0008907,1,304.62,29,1,2,1,6,3008,30,6000,4,1,1,1,1,800104,1000000
2024JP0008908,1,304.62,21,2,2,1,15,56913,501,6000,1,1,1,5,1,800101,1000000
2024JP0008909,1,304.62,46,2,1,1,6,7312,73,9000,4,1,1,2,1,800109,1000000
2024JP0008910,1,304.62,22,2,5,1,15,49699,496,2000,3,1,1,1,1,800109,1000000
2024JP0008911,1,304.62,43,1,6,1,11,24643,246,7000,1,1,1,2,1,800102,1000000
2024JP0008912,1,304.62,16,1,4,1,17,20125,201,0,0,6,1,5,1,800101,1000000
2024JP0008913,1,304.62,37,2,1,1,13,24281,242,5000,4,1,2,1,1,800106,1000000
2024JP0008914,1,304.62,36,1,5,1,10,18169,181,4000,3,1,1,1,1,800101,1000000
2024JP0008915,1,304.62,3,2,9,1,4,3681,36,0,0,6,2,5,1,800104,1000000
2024JP0008916,1,304.62,6,2,1,1,5,2468,24,0,0,6,1,5,1,800100,1000000
2024JP0008917,1,304.62,5,1,6,1,5,2237,22,0,0,6,1,5,1,800108,1000000
2024JP0008918,1,304.62,34,2,6,1,9,16265,162,3000,3,1,1,1,1,800103,1000000
2024JP0008919,1,304.62,6,1,2,1,3,1742,17,0,0,6,1,5,1,800108,1000000
2024JP0008920,1,304.62,72,2,4,1,6,4712,47,0,0,6,1,1,1,800105,1000000
2024JP0008921,1,304.62,12,1,5,1,2,1339,13,0,0,6,1,5,1,800100,1000000
2024JP0008922,1,304.62,33,2,2,1,5,7308,73,6000,3,1,1,1,1,800108,1000000
2024JP0008923,1,304.62,22,1,7,1,13,4583,45,2000,1,1,1,1,1,800101,1000000
2024JP0008924,1,304.62,40,1,8,1,9,15870,158,9800,1,1,1,2,1,800104,1000000
2024JP0008925,1,304.62,3,1,5,1,1,14265,142,0,0,6,1,5,1,800108,1000000
2024JP0008926,1,304.62,20,2,8,1,10,1871,18,6000,1,2,1,5,1,800107,1000000
2024JP0008927,1,304.62,34,1,4,1,8,8254,82,5000,3,1,1,1,1,800103,1000000
2024JP0008928,1,304.62,17,2,3,1,17,28333,283,0,0,6,1,5,1,800104,1000000
2024JP0008929,1,304.62,15,2,1,1,11,8139,81,0,0,6,1,5,1,800106,1000000
2024JP0008930,1,304.62,27,2,6,1,8,13844,138,9000,3,1,1,5,1,800106,1000000
2024JP0008931,1,304.62,20,1,6,1,18,20466,204,5000,1,1,1,1,1,800103,1000000
2024JP0008932,1,304.62,37,1,6,1,8,25967,259,6000,4,1,1,1,1,800104,1000000
2024JP0008933,1,304.62,33,1,1,1,13,44794,447,6000,1,1,1,1,1,800100,1000000
2024JP0008934,1,304.62,35,1,4,1,10,19212,192,9000,1,1,1,1,1,800108,1000000
2024JP0008935,1,304.62,26,1,3,1,5,8657,86,9000,1,1,1,1,1,800100,1000000
2024JP0008936,1,304.62,24,1,4,1,11,8309,83,6000,1,3,1,5,1,800107,1000000
2024JP0008937,1,304.62,31,1,1,1,6,16950,169,9800,3,1,1,1,1,800103,1000000
2024JP0008938,1,304.62,31,2,6,1,10,10049,100,5000,1,1,1,1,1,800104,1000000
2024JP0008939,1,304.62,43,1,3,1,9,32626,326,7000,4,1,1,1,1,800106,1000000
2024JP0008940,1,304.62,52,2,1,1,10,9645,96,9000,3,1,1,1,1,800106,1000000
2024JP0008941,1,304.62,26,2,1,1,7,1611,16,5000,4,1,1,5,1,800100,1000000
2024JP0008942,1,304.62,14,2,2,1,1,1588,15,0,0,6,1,5,1,800100,1000000
2024JP0008943,1,304.62,38,2,3,1,5,10204,102,5000,1,1,1,1,1,800103,1000000
2024JP0008944,1,304.62,26,1,1,1,9,8146,81,8000,3,3,1,5,1,800105,1000000
2024JP0008945,1,304.62,59,2,5,1,7,4672,46,9920,3,1,1,1,1,800103,1000000
2024JP0008946,1,304.62,31,1,1,1,10,21508,215,2000,3,1,1,1,1,800105,1000000
2024JP0008947,1,304.62,29,1,6,1,10,5191,51,7000,1,1,1,5,1,800105,1000000
2024JP0008948,1,304.62,48,1,5,1,9,8991,89,5000,1,1,1,1,1,800106,1000000
2024JP0008949,1,304.62,0,1,6,1,3,4265,42,0,0,6,1,5,1,800104,1000000
2024JP0008950,1,304.62,85,2,7,1,10,23168,231,0,0,6,5,2,1,800109,1000000
2024JP0008951,1,304.62,24,1,7,1,10,10779,107,5000,3,1,1,1,1,800106,1000000
2024JP0008952,1,304.62,26,2,4,1,13,27394,273,9800,1,1,1,1,1,800109,1000000
2024JP0008953,1,304.62,2,2,2,1,5,1659,16,0,0,6,1,5,1,800103,1000000
2024JP0008954,1,304.62,8,1,4,1,6,3276,32,0,0,6,5,5,1,800101,1000000
2024JP0008955,1,304.62,8,1,1,1,4,8207,82,0,0,6,1,5,1,800105,1000000
2024JP0008956,1,304.62,3,2,6,1,1,1742,17,0,0,6,1,5,1,800109,1000000
2024JP0008957,1,304.62,47,2,5,1,6,4526,45,9920,1,1,1,1,1,800107,1000000
2024JP0008958,1,304.62,28,1,7,1,12,10637,106,1000,1,1,1,1,1,800108,1000000
2024JP0008959,1,304.62,10,1,1,1,1,2342,23,0,0,6,1,5,1,800109,1000000
2024JP0008960,1,304.62,30,1,1,1,5,18557,185,5000,1,5,1,1,1,800104,1000000
2024JP0008961,1,304.62,3,1,2,1,4,1916,19,0,0,6,1,5,1,800107,1000000
2024JP0008962,1,304.62,28,2,5,1,5,2579,25,9800,1,2,1,1,1,800103,1000000
2024JP0008963,1,304.62,2,2,2,1,3,2936,29,0,0,6,1,5,1,800100,1000000
2024JP0008964,1,304.62,55,1,3,1,7,1510,15,5000,1,1,1,1,1,800109,1000000
2024JP0008965,1,304.62,40,1,2,1,12,81703,501,7000,1,1,1,1,1,800106,1000000
2024JP0008966,1,304.62,72,2,5,1,11,3291,32,0,0,6,1,3,1,800102,1000000
2024JP0008967,1,304.62,42,1,1,1,10,16172,161,5000,1,1,1,1,1,800105,1000000
2024JP0008968,1,304.62,3,2,3,1,2,3418,34,0,0,6,1,5,1,800109,1000000
2024JP0008969,1,304.62,28,1,4,1,9,5495,54,8000,3,5,1,5,1,800109,1000000
2024JP0008970,1,304.62,43,1,3,1,10,14556,145,6000,3,1,1,1,1,800101,1000000
2024JP0008971,1,304.62,22,1,2,1,12,7972,79,6000,3,1,1,1,1,800101,1000000
2024JP0008972,1,304.62,34,1,3,1,9,29025,290,7000,3,1,1,1,1,800102,1000000
2024JP0008973,1,304.62,44,1,2,1,12,11785,117,2000,1,1,1,1,1,800100,1000000
2024JP0008974,1,304.62,21,2,2,1,17,12126,121,1000,1,1,1,5,1,800102,1000000
2024JP0008975,1,304.62,37,2,1,1,7,22694,226,9000,3,1,1,1,1,800105,1000000
2024JP0008976,1,304.62,34,2,5,1,8,31059,310,9800,4,1,1,5,1,800104,1000000
2024JP0008977,1,304.62,30,2,4,1,12,30984,309,7000,1,1,1,1,1,800100,1000000
2024JP0008978,1,304.62,16,1,1,1,10,3686,36,0,0,6,1,5,1,800109,1000000
2024JP0008979,1,304.62,22,2,1,1,18,52533,501,1000,3,1,1,1,1,800105,1000000
2024JP0008980,1,304.62,47,2,7,1,7,8433,84,6000,4,1,1,5,1,800100,1000000
2024JP0008981,1,304.62,18,1,1,1,17,19844,198,2000,1,1,1,1,1,800100,1000000
2024JP0008982,1,304.62,39,2,6,1,11,27728,277,4000,1,1,1,1,1,800108,1000000
2024JP0008983,1,304.62,21,2,6,1,16,25319,253,6000,6,3,1,5,1,800108,1000000
2024JP0008984,1,304.62,1,2,6,1,1,1902,19,0,0,6,1,5,1,800108,1000000
2024JP0008985,1,304.62,24,1,2,1,15,79588,501,5000,4,1,1,5,1,800105,1000000
2024JP0008986,1,304.62,34,1,4,1,5,3160,31,9800,1,1,1,1,2,800100,1000000
2024JP0008987,1,304.62,21,2,4,1,14,4838,48,2000,2,1,1,5,1,800109,1000000
2024JP0008988,1,304.62,56,1,8,1,9,14546,145,5000,6,5,1,1,1,800106,1000000
2024JP0008989,1,304.62,19,2,1,1,10,4351,43,5000,3,2,1,5,1,800109,1000000
2024JP0008990,1,304.62,31,1,6,1,7,14529,145,5000,4,1,1,1,1,800104,1000000
2024JP0008991,1,304.62,55,1,3,1,7,6407,64,7000,3,1,1,1,1,800108,1000000
2024JP0008992,1,304.62,32,2,4,1,15,43479,434,6000,1,1,1,1,1,800101,1000000
2024JP0008993,1,304.62,6,1,6,1,3,472,4,0,0,6,1,5,1,800105,1000000
2024JP0008994,1,304.62,24,2,7,1,15,34557,345,2000,1,1,1,5,1,800104,1000000
2024JP0008995,1,304.62,17,2,1,1,18,23130,231,0,0,6,1,5,1,800105,1000000
2024JP0008996,1,304.62,8,2,6,1,1,2461,24,0,0,6,1,5,1,800102,1000000
2024JP0008997,1,304.62,8,1,3,1,1,4409,44,0,0,6,1,5,1,800102,1000000
2024JP0008998,1,304.62,43,2,7,1,9,19458,194,9000,3,1,1,1,1,800109,1000000
2024JP0008999,1,304.62,47,1,3,1,6,8357,83,6000,4,1,1,1,1,800105,1000000
2024JP0009000,1,304.62,33,1,1,1,7,3410,34,8000,3,5,1,1,1,800106,1000000
2024JP0009001,1,304.62,29,1,2,1,10,4936,49,4000,1,1,1,1,1,800105,1000000
2024JP0009002,1,304.62,7,1,3,1,4,1661,16,0,0,6,1,5,1,800106,1000000
2024JP0009003,1,304.62,11,1,4,1,5,745,7,0,0,6,1,5,1,800105,1000000
2024JP0009004,1,304.62,17,1,3,1,12,3826,38,0,0,6,1,5,1,800108,1000000
2024JP0009005,1,304.62,0,2,9,1,6,5493,54,0,0,6,1,5,1,800104,1000000
2024JP0009006,1,304.62,23,1,8,1,13,22181,221,2000,3,1,1,5,1,800101,1000000
2024JP0009007,1,304.62,44,1,5,1,7,8403,84,5000,1,1,1,5,1,800104,1000000
2024JP0009008,1,304.62,26,1,8,1,9,13119,131,6000,3,1,1,1,1,800109,1000000
2024JP0009009,1,304.62,37,1,5,1,12,27130,271,9000,3,1,1,1,1,800106,1000000
2024JP0009010,1,304.62,19,1,6,1,15,57393,501,2000,1,2,1,5,1,800100,1000000
2024JP0009011,1,304.62,33,2,2,1,11,13884,138,5000,1,1,1,1,1,800108,1000000
2024JP0009012,1,304.62,46,1,3,1,8,3934,39,7000,1,1,1,1,1,800107,1000000
2024JP0009013,1,304.62,9,2,1,1,5,1658,16,0,0,6,1,5,1,800107,1000000
2024JP0009014,1,304.62,5,2,1,1,2,7078,70,0,0,6,1,5,1,800102,1000000
2024JP0009015,1,304.62,13,2,2,1,1,4711,47,0,0,6,1,5,1,800103,1000000
2024JP0009016,1,304.62,29,2,4,1,11,4515,45,9000,3,1,1,5,1,800108,1000000
2024JP0009017,1,304.62,16,1,2,1,10,10536,105,0,0,6,1,5,1,800103,1000000
2024JP0009018,1,304.62,29,2,6,1,12,16219,162,5000,1,1,1,5,1,800108,1000000
2024JP0009019,1,304.62,47,2,1,1,15,56588,501,2000,2,1,1,2,1,800102,1000000
2024JP0009020,1,304.62,76,2,5,1,10,1047,10,0,0,6,1,5,1,800108,1000000
2024JP0009021,1,304.62,16,2,4,1,12,7771,77,0,0,6,1,5,1,800105,1000000
2024JP0009022,1,304.62,32,1,3,1,10,32531,325,2000,1,1,1,1,1,800107,1000000
2024JP0009023,1,304.62,8,1,6,1,1,1776,17,0,0,6,1,5,1,800103,1000000
2024JP0009024,1,304.62,5,1,2,1,5,4318,43,0,0,6,1,5,1,800101,1000000
2024JP0009025,1,304.62,17,1,4,1,14,9334,93,0,0,6,1,5,1,800101,1000000
2024JP0009026,1,304.62,47,2,4,1,9,36434,364,8000,1,3,1,1,1,800104,1000000
2024JP0009027,1,304.62,54,1,1,1,8,10880,108,8000,3,1,1,1,1,800109,1000000
2024JP0009028,1,304.62,27,1,4,1,8,3617,36,5000,4,1,1,1,1,800106,1000000
2024JP0009029,1,304.62,31,2,9,1,11,25446,254,9800,1,1,1,1,1,800100,1000000
2024JP0009030,1,304.62,18,2,1,1,13,4403,44,6000,4,2,1,5,1,800103,1000000
2024JP0009031,1,304.62,16,2,4,1,11,5261,52,0,0,6,1,5,1,800103,1000000
2024JP0009032,1,304.62,51,1,1,1,10,13203,132,9000,1,1,1,1,1,800101,1000000
2024JP0009033,1,304.62,29,2,2,1,8,8158,81,5000,3,4,1,1,1,800107,1000000
2024JP0009034,1,304.62,0,2,4,1,1,1255,12,0,0,6,1,5,1,800103,1000000
2024JP0009035,1,304.62,9,1,3,1,3,1394,13,0,0,6,1,5,1,800100,1000000
2024JP0009036,1,304.62,44,1,2,1,14,42941,429,6000,1,1,1,1,1,800105,1000000
2024JP0009037,1,304.62,39,1,2,1,16,33438,334,2000,2,2,1,5,1,800107,1000000
2024JP0009038,1,304.62,14,2,2,1,1,2657,26,0,0,6,1,5,1,800105,1000000
2024JP0009039,1,304.62,21,2,1,1,18,13112,131,2000,1,1,1,5,1,800109,1000000
2024JP0009040,1,304.62,37,2,1,1,6,18483,184,9800,3,1,1,1,1,800101,1000000
2024JP0009041,1,304.62,37,2,2,1,8,4289,42,9000,3,1,1,1,1,800100,1000000
2024JP0009042,1,304.62,39,1,2,1,7,2652,26,7000,3,2,1,1,1,800100,1000000
2024JP0009043,1,304.62,42,1,1,1,5,18738,187,7000,6,1,1,1,1,800107,1000000
2024JP0009044,1,304.62,12,1,2,1,3,2787,27,0,0,6,1,5,1,800108,1000000
2024JP0009045,1,304.62,2,2,4,1,3,6271,62,0,0,6,1,5,1,800109,1000000
2024JP0009046,1,304.62,85,1,5,1,6,2745,27,0,0,6,1,5,1,800107,1000000
2024JP0009047,1,304.62,32,2,3,1,5,45621,456,7000,1,2,1,5,1,800100,1000000
2024JP0009048,1,304.62,19,2,1,1,13,5433,54,7000,6,1,1,1,1,800100,1000000
2024JP0009049,1,304.62,9,2,3,1,3,393,3,0,0,6,1,5,1,800100,1000000
2024JP0009050,1,304.62,46,1,2,1,11,24789,247,2000,3,1,1,2,1,800106,1000000
2024JP0009051,1,304.62,87,2,9,1,6,2379,23,0,0,6,1,1,1,800108,1000000
2024JP0009052,1,304.62,36,2,1,1,12,14243,142,1000,2,1,1,1,1,800104,1000000
2024JP0009053,1,304.62,21,2,7,1,13,17218,172,9000,1,5,1,5,1,800100,1000000
2024JP0009054,1,304.62,21,2,1,1,12,28223,282,6000,3,1,1,5,1,800108,1000000
2024JP0009055,1,304.62,30,2,6,1,13,57837,501,2000,1,2,1,5,1,800106,1000000
2024JP0009056,1,304.62,20,1,2,1,13,4986,49,5000,1,1,1,5,1,800103,1000000
2024JP0009057,1,304.62,9,2,2,1,2,5620,56,0,0,6,1,5,1,800103,1000000
2024JP0009058,1,304.62,7,2,6,1,8,4884,48,0,0,6,1,5,1,800107,1000000
2024JP0009059,1,304.62,100,2,2,1,5,5023,50,0,0,6,1,1,1,800105,1000000
2024JP0009060,1,304.62,20,1,3,1,14,6321,63,7000,4,1,1,5,1,800102,1000000
2024JP0009061,1,304.62,37,2,2,1,9,14969,149,2000,1,3,1,1,1,800109,1000000
2024JP0009062,1,304.62,5,1,7,1,7,7588,75,0,0,6,1,5,1,800105,1000000
2024JP0009063,1,304.62,81,1,4,1,10,11697,116,0,0,6,1,1,1,800107,1000000
2024JP0009064,1,304.62,1,1,2,1,3,4927,49,0,0,6,1,5,1,800100,1000000
2024JP0009065,1,304.62,16,2,4,1,12,4289,42,0,0,6,1,5,1,800100,1000000
2024JP0009066,1,304.62,13,2,3,1,6,2901,29,0,0,6,1,5,1,800104,1000000
2024JP0009067,1,304.62,38,2,4,1,9,46998,469,5000,1,1,1,1,1,800101,1000000
2024JP0009068,1,304.62,57,1,4,1,5,3518,35,8000,3,1,1,1,1,800100,1000000
2024JP0009069,1,304.62,2,1,6,1,4,4720,47,0,0,6,1,5,1,800101,1000000
2024JP0009070,1,304.62,0,2,2,1,2,4835,48,0,0,6,1,5,1,800108,1000000
2024JP0009071,1,304.62,38,2,4,1,11,25849,258,4000,2,1,1,2,1,800101,1000000
2024JP0009072,1,304.62,35,1,6,1,9,22598,225,6000,3,1,1,5,1,800100,1000000
2024JP0009073,1,304.62,6,1,1,1,6,1246,12,0,0,6,1,5,1,800108,1000000
2024JP0009074,1,304.62,89,2,6,1,7,3056,30,0,0,6,1,1,1,800104,1000000
2024JP0009075,1,304.62,5,1,6,1,6,3348,33,0,0,6,1,5,1,800101,1000000
2024JP0009076,1,304.62,10,1,1,1,6,562,5,0,0,6,1,5,1,800108,1000000
2024JP0009077,1,304.62,46,1,3,1,10,36440,364,1000,3,1,1,4,1,800107,1000000
2024JP0009078,1,304.62,32,1,1,1,7,30321,303,6000,4,3,1,1,1,800103,1000000
2024JP0009079,1,304.62,15,1,4,1,15,58551,501,0,0,6,1,5,1,800100,1000000
2024JP0009080,1,304.62,41,2,7,1,9,14905,149,6000,4,1,1,1,1,800102,1000000
2024JP0009081,1,304.62,2,1,6,1,5,819,8,0,0,6,1,5,1,800109,1000000
2024JP0009082,1,304.62,23,2,6,1,18,25413,254,5000,1,3,1,1,1,800100,1000000
2024JP0009083,1,304.62,1,1,4,1,1,2990,29,0,0,6,1,5,1,800105,1000000
2024JP0009084,1,304.62,4,2,4,1,4,3567,35,0,0,6,1,5,1,800105,1000000
2024JP0009085,1,304.62,35,1,1,1,12,29926,299,5000,6,1,1,1,1,800106,1000000
2024JP0009086,1,304.62,17,2,5,1,15,63034,501,0,0,6,1,5,1,800100,1000000
2024JP0009087,1,304.62,30,2,5,1,8,8669,86,6000,3,1,1,1,1,800102,1000000
2024JP0009088,1,304.62,42,2,4,1,5,4847,48,5000,3,1,1,1,1,800107,1000000
2024JP0009089,1,304.62,38,2,3,1,7,7542,75,7000,1,1,1,1,1,800107,1000000
2024JP0009090,1,304.62,10,2,3,1,6,766,7,0,0,6,1,5,1,800109,1000000
2024JP0009091,1,304.62,33,1,3,1,13,47656,476,6000,1,1,1,1,1,800101,1000000
2024JP0009092,1,304.62,38,2,4,1,9,94311,501,5000,6,1,1,5,1,800108,1000000
2024JP0009093,1,304.62,55,1,6,1,9,5599,55,5000,3,1,1,1,1,800105,1000000
2024JP0009094,1,304.62,51,1,3,1,11,26751,267,5000,4,1,1,2,1,800106,1000000
2024JP0009095,1,304.62,89,1,2,1,5,2910,29,0,0,6,5,1,1,800102,1000000
2024JP0009096,1,304.62,17,1,6,1,10,3644,36,0,0,6,1,5,1,800100,1000000
2024JP0009097,1,304.62,22,1,7,1,13,28181,281,4000,2,1,1,5,1,800100,1000000
2024JP0009098,1,304.62,9,1,5,1,2,4556,45,0,0,6,1,5,1,800102,1000000
2024JP0009099,1,304.62,94,1,3,1,10,10844,108,0,0,6,1,5,1,800104,1000000
2024JP0009100,1,304.62,26,1,6,1,7,1765,17,7000,3,1,1,1,1,800109,1000000
2024JP0009101,1,304.62,23,2,4,1,17,41141,411,5000,3,3,1,5,1,800106,1000000
2024JP0009102,1,304.62,39,2,2,1,14,15933,159,6000,1,1,1,2,1,800103,1000000
2024JP0009103,1,304.62,19,1,4,1,19,53210,501,1000,1,1,1,5,1,800104,1000000
2024JP0009104,1,304.62,8,1,1,1,3,2647,26,0,0,6,1,5,1,800108,1000000
2024JP0009105,1,304.62,3,2,1,1,6,1022,10,0,0,6,1,5,1,800108,1000000
2024JP0009106,1,304.62,18,2,3,1,14,13572,135,6000,4,1,1,5,1,800101,1000000
2024JP0009107,1,304.62,23,2,6,1,14,21559,215,9000,1,1,1,1,1,800104,1000000
2024JP0009108,1,304.62,20,1,3,1,13,7826,78,7000,3,1,1,5,1,800104,1000000
2024JP0009109,1,304.62,82,2,1,1,5,3604,36,0,0,6,1,5,1,800100,1000000
2024JP0009110,1,304.62,49,1,5,1,11,13675,136,5000,1,1,1,2,1,800105,1000000
2024JP0009111,1,304.62,17,2,7,1,16,22749,227,0,0,6,1,5,1,800105,1000000
2024JP0009112,1,304.62,55,1,2,1,10,15083,150,6000,1,1,1,1,1,800108,1000000
2024JP0009113,1,304.62,34,2,4,1,11,13085,130,7000,3,1,1,1,1,800102,1000000
2024JP0009114,1,304.62,57,1,2,1,5,3948,39,6000,4,1,1,1,1,800103,1000000
2024JP0009115,1,304.62,31,2,8,1,7,19436,194,5000,6,1,1,1,1,800104,1000000
2024JP0009116,1,304.62,5,2,3,1,7,11231,112,0,0,6,1,5,1,800103,1000000
2024JP0009117,1,304.62,19,2,2,1,12,13052,130,6000,1,1,1,5,1,800103,1000000
2024JP0009118,1,304.62,6,1,5,1,3,1064,10,0,0,6,1,5,1,800106,1000000
2024JP0009119,1,304.62,2,2,4,1,7,8523,85,0,0,6,1,5,1,800108,1000000
2024JP0009120,1,304.62,41,2,1,1,14,31337,313,6000,3,1,1,1,1,800101,1000000
2024JP0009121,1,304.62,58,2,1,1,11,64281,501,6000,1,1,1,1,1,800106,1000000
2024JP0009122,1,304.62,43,2,6,1,8,2584,25,8000,3,1,1,1,1,800100,1000000
2024JP0009123,1,304.62,20,1,3,1,15,9602,96,6000,3,1,1,5,1,800100,1000000
2024JP0009124,1,304.62,50,1,6,1,6,10759,107,5000,3,3,1,1,1,800102,1000000
2024JP0009125,1,304.62,35,2,3,1,7,16149,161,9000,1,1,1,1,1,800106,1000000
2024JP0009126,1,304.62,1,1,1,1,8,3529,35,0,0,6,1,5,1,800102,1000000
2024JP0009127,1,304.62,78,2,2,1,5,10481,104,0,0,6,1,5,1,800102,1000000
2024JP0009128,1,304.62,18,1,6,1,18,27186,271,2000,1,1,1,5,1,800104,1000000
2024JP0009129,1,304.62,90,1,8,1,5,8195,81,0,0,6,1,2,1,800109,1000000
2024JP0009130,1,304.62,57,2,6,1,9,30246,302,6000,4,1,1,5,1,800108,1000000
2024JP0009131,1,304.62,21,1,4,1,11,2699,26,5000,6,5,1,5,1,800102,1000000
2024JP0009132,1,304.62,96,1,2,1,6,1875,18,0,0,6,1,1,1,800101,1000000
2024JP0009133,1,304.62,26,1,7,1,8,3212,32,9800,3,5,1,5,1,800109,1000000
2024JP0009134,1,304.62,38,2,3,1,5,7880,78,9000,4,1,1,2,1,800107,1000000
2024JP0009135,1,304.62,30,1,2,1,5,7790,77,5000,3,1,1,1,1,800105,1000000
2024JP0009136,1,304.62,24,1,2,1,12,13560,135,9000,3,1,1,1,1,800103,1000000
2024JP0009137,1,304.62,55,1,4,1,9,11314,113,6000,1,1,1,5,1,800102,1000000
2024JP0009138,1,304.62,10,1,2,1,4,4167,41,0,0,6,1,5,1,800106,1000000
2024JP0009139,1,304.62,27,1,2,1,13,4006,40,6000,3,1,1,1,1,800105,1000000
2024JP0009140,1,304.62,14,1,1,1,3,2932,29,0,0,6,1,5,1,800104,1000000
2024JP0009141,1,304.62,44,1,2,1,8,1289,12,6000,1,1,1,1,1,800102,1000000
2024JP0009142,1,304.62,76,1,3,1,7,2941,29,0,0,6,1,2,1,800104,1000000
2024JP0009143,1,304.62,23,2,1,1,13,18580,185,2000,1,1,1,5,1,800103,1000000
2024JP0009144,1,304.62,4,2,7,1,2,2226,22,0,0,6,1,5,1,800101,1000000
2024JP0009145,1,304.62,25,2,4,1,12,16512,165,6000,1,1,1,1,1,800100,1000000
2024JP0009146,1,304.62,69,1,6,1,7,3399,33,6000,3,1,1,2,1,800104,1000000
2024JP0009147,1,304.62,8,2,8,1,3,1834,18,0,0,6,1,5,1,800109,1000000
2024JP0009148,1,304.62,6,2,6,1,5,3894,38,0,0,6,1,5,1,800107,1000000
2024JP0009149,1,304.62,4,1,2,1,3,11964,119,0,0,6,1,5,1,800109,1000000
2024JP0009150,1,304.62,59,1,2,1,10,17649,176,5000,3,1,1,1,1,800108,1000000
2024JP0009151,1,304.62,42,1,6,1,6,17435,174,9800,1,1,1,1,1,800108,1000000
2024JP0009152,1,304.62,37,1,4,1,6,2624,26,6000,1,1,1,5,1,800101,1000000
2024JP0009153,1,304.62,39,1,1,1,14,11521,115,6000,1,1,1,1,1,800106,1000000
2024JP0009154,1,304.62,3,2,3,1,2,1394,13,0,0,6,1,5,1,800103,1000000
2024JP0009155,1,304.62,14,1,3,1,4,4983,49,0,0,6,1,5,1,800107,1000000
2024JP0009156,1,304.62,40,1,4,1,8,29197,291,8000,3,1,1,1,1,800107,1000000
2024JP0009157,1,304.62,9,1,6,1,3,985,9,0,0,6,1,5,1,800100,1000000
2024JP0009158,1,304.62,26,1,4,1,7,9628,96,9000,1,1,1,5,1,800102,1000000
2024JP0009159,1,304.62,10,2,3,1,3,2715,27,0,0,6,1,5,1,800100,1000000
2024JP0009160,1,304.62,12,1,2,1,2,2097,20,0,0,6,1,5,1,800107,1000000
2024JP0009161,1,304.62,42,2,6,1,9,16793,167,1000,2,1,1,1,1,800108,1000000
2024JP0009162,1,304.62,2,1,7,1,6,846,8,0,0,6,1,5,1,800106,1000000
2024JP0009163,1,304.62,56,1,1,1,9,7942,79,7000,3,2,1,1,1,800103,1000000
2024JP0009164,1,304.62,60,2,5,1,5,6308,63,6000,4,2,1,5,1,800101,1000000
2024JP0009165,1,304.62,44,2,4,1,13,15143,151,6000,3,1,1,1,1,800105,1000000
2024JP0009166,1,304.62,64,2,7,1,7,5044,50,7000,1,1,1,1,1,800108,1000000
2024JP0009167,1,304.62,67,1,2,1,5,1782,17,6000,1,1,1,1,1,800109,1000000
2024JP0009168,1,304.62,49,1,8,1,6,5176,51,7000,3,1,1,1,1,800106,1000000
2024JP0009169,1,304.62,15,2,6,1,16,19494,194,0,0,6,1,5,1,800100,1000000
2024JP0009170,1,304.62,38,2,2,1,9,26459,264,4000,1,1,1,1,1,800108,1000000
2024JP0009171,1,304.62,26,1,9,1,5,3960,39,9800,1,1,2,5,1,800107,1000000
2024JP0009172,1,304.62,36,2,1,1,10,24917,249,6000,3,1,1,1,1,800107,1000000
2024JP0009173,1,304.62,55,2,6,1,6,8638,86,9800,4,1,1,1,1,800108,1000000
2024JP0009174,1,304.62,13,2,1,1,3,3555,35,0,0,6,1,5,1,800102,1000000
2024JP0009175,1,304.62,32,1,1,1,5,5603,56,6000,1,5,1,1,1,800106,1000000
2024JP0009176,1,304.62,6,2,9,1,1,2345,23,0,0,6,1,5,1,800103,1000000
2024JP0009177,1,304.62,28,1,5,1,6,2160,21,9920,1,1,1,5,1,800109,1000000
2024JP0009178,1,304.62,89,2,1,1,9,19433,194,0,0,6,1,1,1,800100,1000000
2024JP0009179,1,304.62,54,1,3,1,5,3284,32,5000,3,1,1,5,1,800104,1000000
2024JP0009180,1,304.62,36,2,1,1,9,31856,318,9000,4,4,1,2,1,800109,1000000
2024JP0009181,1,304.62,42,1,4,1,7,5311,53,5000,1,1,1,1,1,800101,1000000
2024JP0009182,1,304.62,12,1,2,1,6,1552,15,0,0,6,1,5,1,800105,1000000
2024JP0009183,1,304.62,4,1,1,1,1,783,7,0,0,6,1,5,1,800105,1000000
2024JP0009184,1,304.62,33,2,4,1,5,13779,137,6000,1,1,1,5,1,800102,1000000
2024JP0009185,1,304.62,38,1,3,1,10,9364,93,7000,1,2,1,1,1,800109,1000000
2024JP0009186,1,304.62,41,2,2,1,10,9751,97,6000,1,1,1,1,1,800103,1000000
2024JP0009187,1,304.62,3,1,1,1,1,6221,62,0,0,6,1,5,1,800106,1000000
2024JP0009188,1,304.62,12,1,5,1,1,909,9,0,0,6,1,5,1,800109,1000000
2024JP0009189,1,304.62,14,2,1,1,7,3876,38,0,0,6,1,5,1,800104,1000000
2024JP0009190,1,304.62,37,1,4,1,9,26064,260,5000,1,1,1,1,1,800104,1000000
2024JP0009191,1,304.62,59,1,4,1,10,10750,107,6000,1,1,1,1,1,800109,1000000
2024JP0009192,1,304.62,19,1,2,1,17,14418,144,5000,1,1,1,5,1,800103,1000000
2024JP0009193,1,304.62,36,2,6,1,5,10050,100,9920,4,3,1,1,1,800107,1000000
2024JP0009194,1,304.62,40,2,1,1,5,6696,66,5000,1,1,1,1,1,800107,1000000
2024JP0009195,1,304.62,23,1,1,1,11,6007,60,5000,6,1,1,5,1,800102,1000000
2024JP0009196,1,304.62,11,1,6,1,1,4771,47,0,0,6,1,5,1,800106,1000000
2024JP0009197,1,304.62,44,2,5,1,8,11820,118,9800,4,1,1,1,1,800107,1000000
2024JP0009198,1,304.62,32,2,5,1,10,1907,19,2000,2,1,1,2,1,800101,1000000
2024JP0009199,1,304.62,15,2,3,1,16,14682,146,0,0,6,1,5,1,800104,1000000
2024JP0009200,1,304.62,18,1,1,1,18,18947,189,6000,3,1,1,5,1,800102,1000000
2024JP0009201,1,304.62,1,2,1,1,2,1314,13,0,0,6,1,5,1,800107,1000000
2024JP0009202,1,304.62,32,2,9,1,8,29206,292,5000,3,1,1,1,1,800106,1000000
2024JP0009203,1,304.62,32,2,4,1,7,13112,131,8000,1,1,1,1,1,800102,1000000
2024JP0009204,1,304.62,24,2,4,1,15,35053,350,6000,1,4,1,5,1,800108,1000000
2024JP0009205,1,304.62,9,1,2,1,4,1781,17,0,0,6,1,5,1,800101,1000000
2024JP0009206,1,304.62,58,2,4,1,12,20349,203,9000,4,3,1,1,1,800105,1000000
2024JP0009207,1,304.62,78,1,6,1,8,2420,24,0,0,6,1,1,1,800101,1000000
2024JP0009208,1,304.62,11,2,1,1,1,4834,48,0,0,6,1,5,1,800105,1000000
2024JP0009209,1,304.62,11,2,4,1,5,1491,14,0,0,6,1,5,1,800106,1000000
2024JP0009210,1,304.62,17,1,4,1,10,12211,122,0,0,6,1,5,1,800108,1000000
2024JP0009211,1,304.62,18,2,2,1,14,7105,71,8000,4,1,1,5,1,800102,1000000
2024JP0009212,1,304.62,23,1,3,1,11,30409,304,9000,4,1,1,5,1,800104,1000000
2024JP0009213,1,304.62,5,2,4,1,2,2243,22,0,0,6,1,5,1,800103,1000000
2024JP0009214,1,304.62,0,1,3,1,7,1858,18,0,0,6,1,5,1,800103,1000000
2024JP0009215,1,304.62,82,1,2,1,5,2164,21,0,0,6,1,2,1,800107,1000000
2024JP0009216,1,304.62,15,1,8,1,12,5849,58,0,0,6,1,5,1,800108,1000000
2024JP0009217,1,304.62,31,1,2,1,8,5555,55,5000,3,1,1,1,1,800105,1000000
2024JP0009218,1,304.62,58,1,6,1,6,7423,74,5000,6,1,1,1,1,800101,1000000
2024JP0009219,1,304.62,28,1,5,1,12,7681,76,1000,2,1,1,5,1,800105,1000000
2024JP0009220,1,304.62,99,1,4,1,5,1483,14,0,0,6,1,2,1,800109,1000000
2024JP0009221,1,304.62,64,2,4,1,5,2728,27,9920,3,1,1,1,1,800108,1000000
2024JP0009222,1,304.62,7,1,4,1,2,929,9,0,0,6,1,5,1,800109,1000000
2024JP0009223,1,304.62,25,2,1,1,12,5912,59,6000,4,1,1,1,1,800105,1000000
2024JP0009224,1,304.62,31,1,2,1,12,4298,42,7000,1,1,1,2,1,800104,1000000
2024JP0009225,1,304.62,9,2,7,1,4,1474,14,0,0,6,1,5,1,800109,1000000
2024JP0009226,1,304.62,28,1,1,1,8,4828,48,5000,4,1,1,5,1,800104,1000000
2024JP0009227,1,304.62,15,1,6,1,12,3714,37,0,0,6,1,5,1,800108,1000000
2024JP0009228,1,304.62,8,1,4,1,2,3151,31,0,0,6,1,5,1,800105,1000000
2024JP0009229,1,304.62,3,2,6,1,3,8112,81,0,0,6,1,5,1,800109,1000000
2024JP0009230,1,304.62,41,2,6,1,7,3172,31,9800,1,1,1,1,1,800102,1000000
2024JP0009231,1,304.62,29,2,2,1,9,11952,119,5000,6,5,1,1,1,800107,1000000
2024JP0009232,1,304.62,32,2,1,1,6,6997,69,9000,1,1,1,1,1,800101,1000000
2024JP0009233,1,304.62,16,2,2,1,14,5084,50,0,0,6,1,5,1,800106,1000000
2024JP0009234,1,304.62,56,1,1,1,14,30734,307,4000,1,1,1,5,1,800103,1000000
2024JP0009235,1,304.62,6,1,8,1,6,2055,20,0,0,6,1,5,1,800102,1000000
2024JP0009236,1,304.62,17,2,4,1,15,32568,325,0,0,6,1,5,1,800107,1000000
2024JP0009237,1,304.62,55,1,4,1,6,7736,77,9800,3,1,1,1,1,800102,1000000
2024JP0009238,1,304.62,72,1,9,1,8,1876,18,0,0,6,1,1,1,800106,1000000
2024JP0009239,1,304.62,13,1,4,1,2,4471,44,0,0,6,1,5,1,800108,1000000
2024JP0009240,1,304.62,19,1,2,1,16,12950,129,6000,6,1,1,5,1,800104,1000000
2024JP0009241,1,304.62,1,1,7,1,2,4813,48,0,0,6,1,5,1,800107,1000000
2024JP0009242,1,304.62,12,2,7,1,5,845,8,0,0,6,1,5,1,800103,1000000
2024JP0009243,1,304.62,54,1,4,1,9,14070,140,5000,1,1,1,1,1,800102,1000000
2024JP0009244,1,304.62,48,1,6,1,10,59747,501,5000,1,1,1,1,1,800107,1000000
2024JP0009245,1,304.62,6,1,5,1,3,3174,31,0,0,6,1,5,1,800109,1000000
2024JP0009246,1,304.62,6,2,5,1,1,2346,23,0,0,6,1,5,1,800101,1000000
2024JP0009247,1,304.62,0,2,9,1,2,14109,141,0,0,6,1,5,1,800109,1000000
2024JP0009248,1,304.62,67,1,5,1,8,6305,63,5000,6,1,1,1,1,800100,1000000
2024JP0009249,1,304.62,29,1,6,1,12,22545,225,2000,3,1,1,5,1,800101,1000000
2024JP0009250,1,304.62,9,1,2,1,5,2407,24,0,0,6,1,5,1,800100,1000000
2024JP0009251,1,304.62,36,1,9,1,8,10948,109,9800,1,1,1,1,1,800101,1000000
2024JP0009252,1,304.62,45,1,5,1,7,2756,27,8000,4,1,1,1,1,800107,1000000
2024JP0009253,1,304.62,37,2,7,1,9,18601,186,8000,1,1,1,5,1,800102,1000000
2024JP0009254,1,304.62,16,2,1,1,16,7641,76,0,0,6,1,5,1,800105,1000000
2024JP0009255,1,304.62,26,2,5,1,10,16738,167,9800,6,1,1,5,1,800107,1000000
2024JP0009256,1,304.62,22,2,3,1,13,4594,45,6000,3,1,1,5,1,800105,1000000
2024JP0009257,1,304.62,7,2,6,1,1,10310,103,0,0,6,1,5,1,800106,1000000
2024JP0009258,1,304.62,38,2,6,1,12,63183,501,5000,1,1,1,1,1,800109,1000000
2024JP0009259,1,304.62,36,1,9,1,10,27050,270,9800,6,1,1,1,1,800109,1000000
2024JP0009260,1,304.62,11,2,2,1,6,2484,24,0,0,6,1,5,1,800109,1000000
2024JP0009261,1,304.62,9,2,4,1,4,4240,42,0,0,6,1,5,1,800100,1000000
2024JP0009262,1,304.62,20,1,5,1,14,24755,247,6000,1,1,1,1,1,800107,1000000
2024JP0009263,1,304.62,21,1,4,1,18,18003,180,2000,2,1,1,5,1,800103,1000000
2024JP0009264,1,304.62,7,2,2,1,3,843,8,0,0,6,1,5,1,800108,1000000
2024JP0009265,1,304.62,4,1,2,1,6,3440,34,0,0,6,1,5,1,800105,1000000
2024JP0009266,1,304.62,39,1,1,1,9,49052,490,5000,1,5,1,1,1,800109,1000000
2024JP0009267,1,304.62,3,1,4,1,5,10394,103,0,0,6,1,5,1,800109,1000000
2024JP0009268,1,304.62,27,1,5,1,5,30430,304,7000,1,1,1,1,1,800104,1000000
2024JP0009269,1,304.62,15,1,4,1,16,5221,52,0,0,6,1,5,1,800107,1000000
2024JP0009270,1,304.62,5,2,5,1,6,588,5,0,0,6,1,5,1,800101,1000000
2024JP0009271,1,304.62,52,2,6,1,10,12003,120,2000,3,1,1,1,1,800101,1000000
2024JP0009272,1,304.62,27,1,4,1,12,15021,150,7000,1,1,1,1,1,800100,1000000
2024JP0009273,1,304.62,19,1,1,1,11,14688,146,5000,1,1,1,5,1,800103,1000000
2024JP0009274,1,304.62,16,2,4,1,11,3692,36,0,0,6,1,5,1,800103,1000000
2024JP0009275,1,304.62,22,2,5,1,12,14790,147,7000,1,1,1,1,1,800101,1000000
2024JP0009276,1,304.62,0,2,1,1,5,1490,14,0,0,6,1,5,1,800107,1000000
2024JP0009277,1,304.62,39,1,3,1,12,20414,204,9000,4,1,1,1,1,800104,1000000
2024JP0009278,1,304.62,40,2,8,1,14,173114,501,5000,1,1,1,1,1,800100,1000000
2024JP0009279,1,304.62,36,2,1,1,16,43193,431,5000,4,1,1,1,1,800107,1000000
2024JP0009280,1,304.62,18,1,6,1,10,5593,55,8000,3,1,1,5,1,800103,1000000
2024JP0009281,1,304.62,41,1,2,1,9,38986,389,9000,1,1,1,5,1,800108,1000000
2024JP0009282,1,304.62,57,2,5,1,6,16585,165,8000,1,1,1,1,1,800101,1000000
2024JP0009283,1,304.62,40,1,6,1,8,5019,50,9920,1,1,1,1,1,800101,1000000
2024JP0009284,1,304.62,14,1,5,1,2,3744,37,0,0,6,1,5,1,800108,1000000
2024JP0009285,1,304.62,46,2,2,1,5,4784,47,6000,3,1,1,1,1,800106,1000000
2024JP0009286,1,304.62,15,2,3,1,19,18977,189,0,0,6,1,5,1,800101,1000000
2024JP0009287,1,304.62,19,2,2,1,15,44394,443,2000,3,3,1,5,1,800106,1000000
2024JP0009288,1,304.62,99,2,7,1,6,3886,38,0,0,6,1,1,1,800106,1000000
2024JP0009289,1,304.62,43,2,1,1,12,38322,383,5000,4,5,1,1,1,800100,1000000
2024JP0009290,1,304.62,23,1,6,1,10,3033,30,5000,3,1,1,1,1,800106,1000000
2024JP0009291,1,304.62,42,1,6,1,10,9789,97,1000,1,2,1,1,1,800105,1000000
2024JP0009292,1,304.62,22,1,3,1,11,5321,53,6000,1,1,1,1,1,800102,1000000
2024JP0009293,1,304.62,23,2,1,1,13,8214,82,2000,1,1,1,1,1,800104,1000000
2024JP0009294,1,304.62,30,2,1,1,15,23864,238,6000,4,1,1,1,1,800109,1000000
2024JP0009295,1,304.62,22,2,5,1,15,52296,501,1000,1,1,1,5,1,800100,1000000
2024JP0009296,1,304.62,95,2,6,1,8,1815,18,0,0,6,1,1,1,800107,1000000
2024JP0009297,1,304.62,46,1,1,1,9,37486,374,6000,3,1,1,2,1,800103,1000000
2024JP0009298,1,304.62,12,2,6,1,6,2645,26,0,0,6,1,5,1,800108,1000000
2024JP0009299,1,304.62,27,2,2,1,10,8434,84,6000,3,1,1,1,1,800108,1000000
2024JP0009300,1,304.62,7,2,1,1,2,1952,19,0,0,6,1,5,1,800100,1000000
2024JP0009301,1,304.62,0,1,3,1,4,4209,42,0,0,6,1,5,1,800104,1000000
2024JP0009302,1,304.62,32,2,7,1,16,168963,501,4000,2,3,1,1,1,800100,1000000
2024JP0009303,1,304.62,22,1,6,1,12,6064,60,6000,1,1,1,1,1,800100,1000000
2024JP0009304,1,304.62,63,1,3,1,6,9694,96,9800,1,1,5,5,1,800108,1000000
2024JP0009305,1,304.62,29,1,3,1,14,7435,74,7000,3,2,1,5,1,800109,1000000
2024JP0009306,1,304.62,16,1,8,1,13,1994,19,0,0,6,1,5,1,800109,1000000
2024JP0009307,1,304.62,1,1,1,1,2,5806,58,0,0,6,1,5,1,800101,1000000
2024JP0009308,1,304.62,9,2,5,1,1,1732,17,0,0,6,1,5,1,800109,1000000
2024JP0009309,1,304.62,12,2,4,1,4,8618,86,0,0,6,1,5,1,800103,1000000
2024JP0009310,1,304.62,39,2,3,1,5,6680,66,5000,3,1,1,1,1,800104,1000000
2024JP0009311,1,304.62,49,2,1,1,6,15580,155,9800,4,1,1,1,1,800104,1000000
2024JP0009312,1,304.62,35,1,3,1,5,2293,22,7000,1,4,1,1,1,800109,1000000
2024JP0009313,1,304.62,41,1,2,1,9,60121,501,2000,3,1,1,1,1,800108,1000000
2024JP0009314,1,304.62,28,1,4,1,7,23031,230,7000,6,1,1,1,1,800107,1000000
2024JP0009315,1,304.62,43,2,3,1,8,2848,28,6000,1,1,1,1,1,800109,1000000
2024JP0009316,1,304.62,33,2,3,1,11,43437,434,1000,1,1,1,1,1,800109,1000000
2024JP0009317,1,304.62,21,1,2,1,10,16356,163,5000,4,1,1,5,1,800102,1000000
2024JP0009318,1,304.62,25,2,2,1,13,6192,61,8000,1,1,1,5,1,800104,1000000
2024JP0009319,1,304.62,14,2,3,1,5,1249,12,0,0,6,1,5,1,800102,1000000
2024JP0009320,1,304.62,41,1,5,1,12,8031,80,6000,4,1,1,2,1,800106,1000000
2024JP0009321,1,304.62,41,1,5,1,11,13898,138,5000,3,1,1,1,1,800103,1000000
2024JP0009322,1,304.62,46,2,2,1,12,14780,147,2000,3,1,1,1,1,800106,1000000
2024JP0009323,1,304.62,0,1,6,1,6,2552,25,0,0,6,1,5,1,800109,1000000
2024JP0009324,1,304.62,8,1,5,1,9,15635,156,0,0,6,1,5,1,800106,1000000
2024JP0009325,1,304.62,37,2,1,1,6,9304,93,8000,4,1,1,3,1,800104,1000000
2024JP0009326,1,304.62,25,2,3,1,7,6876,68,7000,4,1,1,1,1,800100,1000000
2024JP0009327,1,304.62,9,2,6,1,4,19912,199,0,0,6,1,5,1,800107,1000000
2024JP0009328,1,304.62,39,1,2,1,12,75311,501,7000,1,1,1,1,1,800105,1000000
2024JP0009329,1,304.62,21,2,6,1,11,6976,69,6000,1,1,1,1,1,800101,1000000
2024JP0009330,1,304.62,44,1,6,1,12,28656,286,1000,3,1,1,1,1,800100,1000000
2024JP0009331,1,304.62,43,1,6,1,12,24198,241,5000,4,1,1,1,1,800104,1000000
2024JP0009332,1,304.62,9,1,1,1,2,2610,26,0,0,6,1,5,1,800109,1000000
2024JP0009333,1,304.62,26,1,5,1,8,29208,292,9800,3,1,1,5,1,800109,1000000
2024JP0009334,1,304.62,24,1,3,1,10,34705,347,6000,1,5,1,5,1,800106,1000000
2024JP0009335,1,304.62,52,2,6,1,5,7033,70,6000,1,1,1,1,1,800104,1000000
2024JP0009336,1,304.62,6,1,7,1,3,10360,103,0,0,6,1,5,1,800100,1000000
2024JP0009337,1,304.62,95,2,1,1,6,6499,64,0,0,6,1,2,1,800108,1000000
2024JP0009338,1,304.62,20,1,6,1,17,38114,381,4000,3,4,1,5,1,800109,1000000
2024JP0009339,1,304.62,6,2,5,1,6,3046,30,0,0,6,1,5,1,800105,1000000
2024JP0009340,1,304.62,1,2,4,1,2,11475,114,0,0,6,1,5,1,800106,1000000
2024JP0009341,1,304.62,88,2,4,1,6,1433,14,0,0,6,1,1,1,800102,1000000
2024JP0009342,1,304.62,30,2,6,1,6,8069,80,9800,1,1,1,1,1,800102,1000000
2024JP0009343,1,304.62,35,2,1,1,12,14080,140,7000,4,3,1,1,1,800103,1000000
2024JP0009344,1,304.62,30,2,5,1,12,7021,70,9000,3,1,1,1,1,800102,1000000
2024JP0009345,1,304.62,47,2,1,1,12,24733,247,2000,2,1,1,2,1,800100,1000000
2024JP0009346,1,304.62,33,1,5,1,10,4399,43,8000,1,1,1,5,1,800108,1000000
2024JP0009347,1,304.62,39,1,5,1,9,54482,501,3000,1,4,1,1,1,800105,1000000
2024JP0009348,1,304.62,2,2,7,1,1,7063,70,0,0,6,1,5,1,800104,1000000
2024JP0009349,1,304.62,11,2,4,1,5,4084,40,0,0,6,1,5,1,800100,1000000
2024JP0009350,1,304.62,32,1,1,1,11,29830,298,6000,3,4,1,1,1,800100,1000000
2024JP0009351,1,304.62,15,1,6,1,17,20029,200,0,0,6,1,5,1,800109,1000000
2024JP0009352,1,304.62,20,2,1,1,15,56114,501,2000,2,1,1,5,1,800106,1000000
2024JP0009353,1,304.62,2,2,4,1,3,1242,12,0,0,6,1,5,1,800101,1000000
2024JP0009354,1,304.62,65,1,2,1,5,3831,38,5000,1,1,1,5,1,800104,1000000
2024JP0009355,1,304.62,21,1,1,1,17,17683,176,1000,1,1,1,5,1,800103,1000000
2024JP0009356,1,304.62,3,1,4,1,1,2182,21,0,0,6,1,5,1,800109,1000000
2024JP0009357,1,304.62,22,1,1,1,11,26799,267,7000,6,1,1,5,1,800104,1000000
2024JP0009358,1,304.62,31,2,1,1,11,15210,152,7000,4,1,1,1,1,800105,1000000
2024JP0009359,1,304.62,44,1,4,1,11,14305,143,5000,3,4,1,5,1,800101,1000000
2024JP0009360,1,304.62,26,1,3,1,7,8961,89,5000,3,2,1,1,1,800101,1000000
2024JP0009361,1,304.62,37,2,4,1,12,4336,43,2000,1,1,1,1,1,800100,1000000
2024JP0009362,1,304.62,7,1,2,1,3,1083,10,0,0,6,1,5,1,800106,1000000
2024JP0009363,1,304.62,23,1,2,1,13,28156,281,1000,3,1,1,5,1,800107,1000000
2024JP0009364,1,304.62,0,1,1,1,3,4077,40,0,0,6,1,5,1,800108,1000000
2024JP0009365,1,304.62,38,2,5,1,9,20689,206,8000,1,2,1,1,1,800107,1000000
2024JP0009366,1,304.62,9,2,9,1,8,8323,83,0,0,6,1,5,1,800109,1000000
2024JP0009367,1,304.62,34,1,6,1,8,17380,173,9920,1,3,1,1,1,800104,1000000
2024JP0009368,1,304.62,13,2,4,1,1,2149,21,0,0,6,1,5,1,800100,1000000
2024JP0009369,1,304.62,26,1,6,1,7,996,9,7000,3,1,1,1,1,800102,1000000
2024JP0009370,1,304.62,51,1,3,1,5,11894,118,9000,6,5,1,1,1,800100,1000000
2024JP0009371,1,304.62,7,2,1,1,6,1255,12,0,0,6,1,5,1,800107,1000000
2024JP0009372,1,304.62,18,1,3,1,16,10996,109,6000,3,1,1,5,1,800100,1000000
2024JP0009373,1,304.62,26,1,1,1,9,13461,134,8000,6,1,1,5,1,800109,1000000
2024JP0009374,1,304.62,20,2,6,1,16,9631,96,5000,4,5,1,5,1,800103,1000000
2024JP0009375,1,304.62,20,2,3,1,13,4953,49,7000,3,1,1,5,1,800102,1000000
2024JP0009376,1,304.62,41,2,7,1,5,8519,85,8000,3,1,1,1,1,800103,1000000
2024JP0009377,1,304.62,31,2,7,1,10,8450,84,8000,1,5,1,1,1,800107,1000000
2024JP0009378,1,304.62,30,2,4,1,11,18026,180,5000,4,1,1,1,1,800104,1000000
2024JP0009379,1,304.62,19,2,3,1,10,33542,335,2000,3,1,1,5,1,800109,1000000
2024JP0009380,1,304.62,83,2,4,1,7,5970,59,0,0,6,1,5,1,800109,1000000
2024JP0009381,1,304.62,39,1,2,1,11,32599,325,5000,1,1,1,1,1,800100,1000000
2024JP0009382,1,304.62,45,1,2,1,11,15434,154,7000,3,5,1,1,1,800104,1000000
2024JP0009383,1,304.62,19,2,2,1,10,10626,106,8000,1,1,1,5,1,800107,1000000
2024JP0009384,1,304.62,11,1,1,1,6,9350,93,0,0,6,1,5,1,800101,1000000
2024JP0009385,1,304.62,41,2,5,1,7,11797,117,5000,6,2,1,2,1,800101,1000000
2024JP0009386,1,304.62,8,1,2,1,1,4981,49,0,0,6,1,5,1,800102,1000000
2024JP0009387,1,304.62,20,1,2,1,17,49181,491,4000,1,1,1,1,1,800104,1000000
2024JP0009388,1,304.62,70,1,2,1,6,6001,60,9920,3,1,1,5,1,800107,1000000
2024JP0009389,1,304.62,44,1,6,1,8,42446,424,6000,1,5,1,1,1,800109,1000000
2024JP0009390,1,304.62,5,1,1,1,2,526,5,0,0,6,1,5,1,800100,1000000
2024JP0009391,1,304.62,20,1,9,1,15,9363,93,6000,1,5,1,5,1,800106,1000000
2024JP0009392,1,304.62,27,1,2,1,12,29229,292,2000,1,1,1,1,1,800109,1000000
2024JP0009393,1,304.62,23,2,6,1,18,81922,501,2000,1,3,1,5,1,800100,1000000
2024JP0009394,1,304.62,29,1,5,1,11,3902,39,7000,6,1,1,5,1,800108,1000000
2024JP0009395,1,304.62,39,1,7,1,5,5313,53,6000,4,1,1,1,1,800101,1000000
2024JP0009396,1,304.62,42,2,5,1,7,5932,59,7000,4,1,1,5,1,800107,1000000
2024JP0009397,1,304.62,42,2,3,1,9,29682,296,6000,3,1,1,1,1,800105,1000000
2024JP0009398,1,304.62,3,2,1,1,1,1312,13,0,0,6,1,5,1,800101,1000000
2024JP0009399,1,304.62,55,1,3,1,11,25800,258,8000,1,1,1,1,1,800105,1000000
2024JP0009400,1,304.62,11,1,4,1,4,1659,16,0,0,6,1,5,1,800109,1000000
2024JP0009401,1,304.62,22,1,5,1,15,49179,491,3000,3,1,1,1,1,800105,1000000
2024JP0009402,1,304.62,18,2,3,1,18,23240,232,3000,2,5,1,5,1,800103,1000000
2024JP0009403,1,304.62,28,1,4,1,12,11605,116,1000,3,1,1,1,1,800107,1000000
2024JP0009404,1,304.62,82,2,6,1,6,4619,46,0,0,6,1,5,1,800103,1000000
2024JP0009405,1,304.62,4,2,2,1,2,513,5,0,0,6,1,5,1,800104,1000000
2024JP0009406,1,304.62,4,2,3,1,4,1315,13,0,0,6,1,5,1,800109,1000000
2024JP0009407,1,304.62,43,1,6,1,5,6208,62,5000,3,1,1,5,1,800105,1000000
2024JP0009408,1,304.62,69,1,2,1,9,9504,95,7000,1,1,1,5,1,800106,1000000
2024JP0009409,1,304.62,52,1,3,1,10,41819,418,7000,3,1,1,1,1,800103,1000000
2024JP0009410,1,304.62,28,1,6,1,6,4616,46,9000,1,1,1,1,1,800101,1000000
2024JP0009411,1,304.62,4,1,7,1,5,2935,29,0,0,6,1,5,1,800107,1000000
2024JP0009412,1,304.62,9,2,3,1,4,1904,19,0,0,6,1,5,1,800105,1000000
2024JP0009413,1,304.62,3,1,4,1,5,2258,22,0,0,6,1,5,1,800103,1000000
2024JP0009414,1,304.62,58,2,4,1,9,28485,284,6000,1,5,1,4,1,800104,1000000
2024JP0009415,1,304.62,13,1,1,1,6,566,5,0,0,6,1,5,1,800102,1000000
2024JP0009416,1,304.62,24,2,5,1,17,30424,304,1000,1,1,1,5,1,800103,1000000
2024JP0009417,1,304.62,37,1,4,1,13,12789,127,5000,6,1,1,1,1,800102,1000000
2024JP0009418,1,304.62,22,1,1,1,16,100813,501,1000,1,1,1,5,1,800102,1000000
2024JP0009419,1,304.62,39,2,2,1,10,32216,322,5000,1,1,1,2,1,800107,1000000
2024JP0009420,1,304.62,22,2,5,1,14,13495,134,6000,1,1,1,1,1,800107,1000000
2024JP0009421,1,304.62,19,1,2,1,10,6659,66,9800,4,1,1,5,1,800105,1000000
2024JP0009422,1,304.62,43,1,3,1,11,31467,314,1000,3,1,1,1,1,800103,1000000
2024JP0009423,1,304.62,15,1,6,1,14,4079,40,0,0,6,1,5,1,800108,1000000
2024JP0009424,1,304.62,21,2,5,1,11,16596,165,8000,3,1,1,5,1,800109,1000000
2024JP0009425,1,304.62,25,1,1,1,9,9369,93,7000,3,1,1,5,1,800106,1000000
2024JP0009426,1,304.62,21,1,2,1,11,4538,45,9800,1,1,1,5,1,800107,1000000
2024JP0009427,1,304.62,37,2,1,1,8,9248,92,9920,4,1,1,1,1,800105,1000000
2024JP0009428,1,304.62,32,1,2,1,9,23179,231,7000,4,1,1,1,1,800105,1000000
2024JP0009429,1,304.62,27,1,3,1,5,5051,50,5000,1,1,1,5,1,800103,1000000
2024JP0009430,1,304.62,41,2,1,1,7,15342,153,6000,3,1,2,1,1,800102,1000000
2024JP0009431,1,304.62,53,1,3,1,6,5633,56,9920,4,1,5,5,1,800100,1000000
2024JP0009432,1,304.62,15,1,3,1,13,8188,81,0,0,6,1,5,1,800108,1000000
2024JP0009433,1,304.62,51,1,2,1,15,46900,469,4000,1,1,1,1,1,800100,1000000
2024JP0009434,1,304.62,5,2,2,1,2,4524,45,0,0,6,1,5,1,800103,1000000
2024JP0009435,1,304.62,57,2,1,1,8,5963,59,7000,1,1,1,2,1,800100,1000000
2024JP0009436,1,304.62,36,1,7,1,9,16684,166,5000,6,1,1,5,1,800103,1000000
2024JP0009437,1,304.62,23,2,8,1,12,51748,501,4000,3,1,1,1,1,800107,1000000
2024JP0009438,1,304.62,54,2,5,1,9,13281,132,6000,4,1,1,1,1,800101,1000000
2024JP0009439,1,304.62,45,1,8,1,8,11488,114,8000,3,4,1,1,1,800103,1000000
2024JP0009440,1,304.62,84,1,1,1,5,11445,114,0,0,6,1,1,1,800107,1000000
2024JP0009441,1,304.62,8,2,2,1,2,1896,18,0,0,6,1,5,1,800106,1000000
2024JP0009442,1,304.62,13,1,2,1,1,3483,34,0,0,6,1,5,1,800108,1000000
2024JP0009443,1,304.62,42,1,6,1,10,14694,146,2000,3,1,1,1,1,800109,1000000
2024JP0009444,1,304.62,32,1,1,1,11,20426,204,9000,4,5,1,1,1,800107,1000000
2024JP0009445,1,304.62,55,2,7,1,5,19172,191,6000,3,1,1,1,1,800104,1000000
2024JP0009446,1,304.62,46,1,4,1,9,5986,59,9000,1,1,1,2,1,800102,1000000
2024JP0009447,1,304.62,1,2,6,1,1,3556,35,0,0,6,1,5,1,800106,1000000
2024JP0009448,1,304.62,7,2,4,1,3,2699,26,0,0,6,1,5,1,800108,1000000
2024JP0009449,1,304.62,90,1,7,1,7,2859,28,0,0,6,1,1,1,800106,1000000
2024JP0009450,1,304.62,29,1,4,1,10,33605,336,6000,1,1,1,1,1,800100,1000000
2024JP0009451,1,304.62,40,1,3,1,11,14130,141,9800,6,4,1,1,1,800108,1000000
2024JP0009452,1,304.62,8,1,1,1,3,2424,24,0,0,6,1,5,1,800100,1000000
2024JP0009453,1,304.62,40,2,2,1,10,27243,272,6000,4,1,1,1,1,800108,1000000
2024JP0009454,1,304.62,1,1,1,1,1,1000,10,0,0,6,1,5,1,800104,1000000
2024JP0009455,1,304.62,39,1,4,1,12,9663,96,6000,1,3,1,1,1,800109,1000000
2024JP0009456,1,304.62,43,1,6,1,16,58505,501,6000,3,1,1,1,1,800102,1000000
2024JP0009457,1,304.62,72,2,5,1,5,7774,77,0,0,6,1,2,1,800105,1000000
2024JP0009458,1,304.62,35,2,6,1,6,5578,55,7000,1,1,1,1,1,800101,1000000
2024JP0009459,1,304.62,16,2,5,1,14,5010,50,0,0,6,1,5,1,800105,1000000
2024JP0009460,1,304.62,2,1,6,1,7,2740,27,0,0,6,1,5,1,800107,1000000
2024JP0009461,1,304.62,72,1,6,1,6,45246,452,0,0,6,1,1,1,800109,1000000
2024JP0009462,1,304.62,16,1,3,1,14,10784,107,0,0,6,1,5,1,800105,1000000
2024JP0009463,1,304.62,39,2,8,1,13,98605,501,9000,4,1,1,1,1,800102,1000000
2024JP0009464,1,304.62,53,1,3,1,5,1088,10,9920,1,1,1,1,1,800104,1000000
2024JP0009465,1,304.62,27,1,6,1,5,2327,23,5000,4,5,1,5,1,800105,1000000
2024JP0009466,1,304.62,32,2,8,1,10,10843,108,5000,1,1,1,1,1,800109,1000000
2024JP0009467,1,304.62,56,1,1,1,14,18385,183,7000,3,1,1,1,1,800103,1000000
2024JP0009468,1,304.62,39,1,5,1,7,19355,193,9800,1,5,1,1,1,800101,1000000
2024JP0009469,1,304.62,3,1,1,1,2,3602,36,0,0,6,1,5,1,800102,1000000
2024JP0009470,1,304.62,18,1,1,1,14,3645,36,2000,1,1,1,5,1,800109,1000000
2024JP0009471,1,304.62,15,2,2,1,12,7328,73,0,0,6,1,5,1,800109,1000000
2024JP0009472,1,304.62,16,1,7,1,13,5830,58,0,0,6,1,5,1,800105,1000000
2024JP0009473,1,304.62,49,1,2,1,14,7947,79,6000,3,1,1,2,1,800107,1000000
2024JP0009474,1,304.62,26,2,2,1,11,22172,221,2000,1,1,1,5,1,800107,1000000
2024JP0009475,1,304.62,13,2,6,1,7,821,8,0,0,6,1,5,1,800100,1000000
2024JP0009476,1,304.62,0,2,3,1,7,2314,23,0,0,6,1,5,1,800109,1000000
2024JP0009477,1,304.62,23,2,6,1,15,25113,251,6000,4,1,1,1,1,800103,1000000
2024JP0009478,1,304.62,99,1,1,1,6,6942,69,0,0,6,1,2,1,800105,1000000
2024JP0009479,1,304.62,46,1,2,1,9,21676,216,7000,1,1,1,2,1,800109,1000000
2024JP0009480,1,304.62,58,2,1,1,7,2227,22,9920,4,1,1,1,1,800103,1000000
2024JP0009481,1,304.62,6,1,6,1,3,635,6,0,0,6,1,5,1,800100,1000000
2024JP0009482,1,304.62,28,2,3,1,11,7896,78,2000,1,1,1,5,1,800104,1000000
2024JP0009483,1,304.62,36,2,4,1,11,22176,221,9000,1,1,1,1,1,800102,1000000
2024JP0009484,1,304.62,88,2,4,1,5,21798,217,0,0,6,1,5,1,800101,1000000
2024JP0009485,1,304.62,29,2,5,1,14,26219,262,2000,1,5,1,5,1,800104,1000000
2024JP0009486,1,304.62,33,2,1,1,8,10650,106,7000,1,1,1,1,1,800106,1000000
2024JP0009487,1,304.62,27,2,2,1,10,13105,131,9800,1,1,1,1,1,800100,1000000
2024JP0009488,1,304.62,38,1,5,1,7,5489,54,5000,1,1,1,1,1,800109,1000000
2024JP0009489,1,304.62,28,2,2,1,6,9302,93,6000,4,1,1,1,1,800109,1000000
2024JP0009490,1,304.62,11,1,1,1,6,1166,11,0,0,6,1,5,1,800100,1000000
2024JP0009491,1,304.62,23,2,6,1,12,30667,306,5000,6,1,1,1,1,800108,1000000
2024JP0009492,1,304.62,4,1,3,1,6,3482,34,0,0,6,1,5,1,800106,1000000
2024JP0009493,1,304.62,15,2,1,1,13,10193,101,0,0,6,1,5,1,800104,1000000
2024JP0009494,1,304.62,26,1,6,1,10,20266,202,2000,1,1,1,1,1,800106,1000000
2024JP0009495,1,304.62,25,2,6,1,7,3624,36,9800,1,1,1,1,1,800106,1000000
2024JP0009496,1,304.62,80,2,8,1,6,2585,25,0,0,6,1,1,1,800101,1000000
2024JP0009497,1,304.62,12,1,6,1,1,1434,14,0,0,6,1,5,1,800101,1000000
2024JP0009498,1,304.62,83,2,1,1,9,4396,43,0,0,6,1,5,1,800105,1000000
2024JP0009499,1,304.62,64,1,2,1,10,49033,490,6000,1,1,1,1,1,800102,1000000
2024JP0009500,1,304.62,9,1,1,1,3,2185,21,0,0,6,1,5,1,800100,1000000
2024JP0009501,1,304.62,21,2,1,1,13,2758,27,9000,1,1,1,5,1,800100,1000000
2024JP0009502,1,304.62,17,2,7,1,13,10588,105,0,0,6,1,5,1,800103,1000000
2024JP0009503,1,304.62,9,1,4,1,2,3209,32,0,0,6,1,5,1,800108,1000000
2024JP0009504,1,304.62,9,2,4,1,1,4962,49,0,0,6,1,5,1,800106,1000000
2024JP0009505,1,304.62,59,1,2,1,7,19333,193,9000,1,1,1,1,1,800102,1000000
2024JP0009506,1,304.62,25,1,4,1,10,10258,102,5000,3,1,1,1,1,800105,1000000
2024JP0009507,1,304.62,8,2,6,1,5,2488,24,0,0,6,1,5,1,800106,1000000
2024JP0009508,1,304.62,27,1,2,1,5,6800,68,9920,6,1,1,5,1,800108,1000000
2024JP0009509,1,304.62,42,1,5,1,9,21082,210,9000,4,1,1,1,1,800105,1000000
2024JP0009510,1,304.62,8,2,4,1,3,1631,16,0,0,6,1,5,1,800109,1000000
2024JP0009511,1,304.62,56,1,9,1,5,29083,290,8000,3,1,1,3,1,800101,1000000
2024JP0009512,1,304.62,8,1,1,1,1,2796,27,0,0,6,1,5,1,800104,1000000
2024JP0009513,1,304.62,11,1,1,1,6,5009,50,0,0,6,1,5,1,800102,1000000
2024JP0009514,1,304.62,21,2,2,1,14,4353,43,5000,4,1,1,5,1,800109,1000000
2024JP0009515,1,304.62,35,1,6,1,11,54755,501,8000,1,2,1,1,1,800103,1000000
2024JP0009516,1,304.62,25,2,3,1,6,4520,45,5000,6,1,1,1,1,800101,1000000
2024JP0009517,1,304.62,11,2,5,1,5,2388,23,0,0,6,1,5,1,800101,1000000
2024JP0009518,1,304.62,14,2,1,1,3,2548,25,0,0,6,1,5,1,800100,1000000
2024JP0009519,1,304.62,33,1,5,1,10,9386,93,7000,3,1,1,5,1,800104,1000000
2024JP0009520,1,304.62,15,1,4,1,18,7420,74,0,0,6,1,5,1,800108,1000000
2024JP0009521,1,304.62,26,1,1,1,6,12168,121,9800,1,1,1,1,1,800105,1000000
2024JP0009522,1,304.62,48,2,4,1,6,9594,95,8000,1,1,1,5,1,800109,1000000
2024JP0009523,1,304.62,31,1,4,1,9,13165,131,7000,3,1,1,1,1,800103,1000000
2024JP0009524,1,304.62,2,1,6,1,3,6225,62,0,0,6,1,5,1,800106,1000000
2024JP0009525,1,304.62,51,2,6,1,5,10903,109,6000,3,1,1,1,1,800101,1000000
2024JP0009526,1,304.62,31,1,2,1,8,4514,45,6000,4,2,1,1,1,800100,1000000
2024JP0009527,1,304.62,56,2,5,1,7,8676,86,5000,4,1,1,5,1,800102,1000000
2024JP0009528,1,304.62,57,1,8,1,13,70708,501,2000,2,4,1,2,1,800102,1000000
2024JP0009529,1,304.62,55,2,2,1,6,5907,59,5000,4,2,1,1,1,800103,1000000
2024JP0009530,1,304.62,9,1,5,1,6,2905,29,0,0,6,1,5,1,800109,1000000
2024JP0009531,1,304.62,48,1,8,1,15,39530,395,4000,3,1,1,2,1,800105,1000000
2024JP0009532,1,304.62,6,1,4,1,3,2969,29,0,0,6,1,5,1,800102,1000000
2024JP0009533,1,304.62,12,2,1,1,6,572,5,0,0,6,1,5,1,800100,1000000
2024JP0009534,1,304.62,24,1,2,1,16,31007,310,1000,2,1,1,1,1,800104,1000000
2024JP0009535,1,304.62,13,1,2,1,4,1381,13,0,0,6,1,5,1,800105,1000000
2024JP0009536,1,304.62,10,1,6,1,3,2148,21,0,0,6,1,5,1,800107,1000000
2024JP0009537,1,304.62,12,1,4,1,5,1518,15,0,0,6,1,5,1,800101,1000000
2024JP0009538,1,304.62,95,2,1,1,6,11732,117,0,0,6,1,1,1,800102,1000000
2024JP0009539,1,304.62,32,2,3,1,7,12102,121,9920,1,4,1,1,2,800106,1000000
2024JP0009540,1,304.62,12,2,3,1,4,2340,23,0,0,6,5,5,1,800105,1000000
2024JP0009541,1,304.62,19,2,4,1,12,4987,49,4000,3,1,1,5,1,800101,1000000
2024JP0009542,1,304.62,42,2,9,1,6,2415,24,9800,1,1,1,1,1,800102,1000000
2024JP0009543,1,304.62,15,1,1,1,16,12508,125,0,0,6,1,5,1,800104,1000000
2024JP0009544,1,304.62,20,2,4,1,14,4432,44,7000,3,1,1,1,1,800108,1000000
2024JP0009545,1,304.62,2,2,6,1,4,5760,57,0,0,6,1,5,1,800105,1000000
2024JP0009546,1,304.62,9,2,6,1,4,9499,94,0,0,6,1,5,1,800105,1000000
2024JP0009547,1,304.62,29,1,2,1,9,8732,87,7000,3,1,1,1,1,800109,1000000
2024JP0009548,1,304.62,10,2,1,1,1,2798,27,0,0,6,1,5,1,800108,1000000
2024JP0009549,1,304.62,50,2,1,1,10,19630,196,2000,1,1,1,1,1,800104,1000000
2024JP0009550,1,304.62,28,1,3,1,13,3917,39,3000,2,3,1,1,1,800105,1000000
2024JP0009551,1,304.62,36,1,6,1,9,10619,106,7000,1,1,1,1,1,800109,1000000
2024JP0009552,1,304.62,35,1,4,1,10,26951,269,7000,4,1,1,1,1,800108,1000000
2024JP0009553,1,304.62,20,2,6,1,18,16477,164,2000,1,1,1,5,1,800102,1000000
2024JP0009554,1,304.62,30,2,5,1,9,26106,261,4000,1,1,1,1,1,800109,1000000
2024JP0009555,1,304.62,44,1,6,1,15,72171,501,6000,4,3,1,1,1,800107,1000000
2024JP0009556,1,304.62,22,1,1,1,15,106633,501,5000,1,2,1,5,1,800102,1000000
2024JP0009557,1,304.62,13,2,1,1,4,2481,24,0,0,6,1,5,1,800108,1000000
2024JP0009558,1,304.62,15,1,5,1,13,3300,33,0,0,6,1,5,1,800108,1000000
2024JP0009559,1,304.62,41,2,5,1,7,7246,72,7000,1,1,1,1,1,800104,1000000
2024JP0009560,1,304.62,34,2,1,1,7,1146,11,7000,4,1,1,1,1,800105,1000000
2024JP0009561,1,304.62,33,1,6,1,8,3328,33,5000,3,2,1,1,1,800105,1000000
2024JP0009562,1,304.62,35,2,3,1,6,2112,21,9800,4,1,1,1,1,800107,1000000
2024JP0009563,1,304.62,10,1,2,1,4,891,8,0,0,6,1,5,1,800104,1000000
2024JP0009564,1,304.62,42,2,8,1,13,13433,134,6000,1,1,1,2,1,800100,1000000
2024JP0009565,1,304.62,37,2,1,1,7,6034,60,7000,1,1,1,1,1,800108,1000000
2024JP0009566,1,304.62,42,2,6,1,7,6044,60,8000,6,2,1,1,1,800106,1000000
2024JP0009567,1,304.62,25,2,6,1,13,6698,66,3000,1,1,1,1,1,800107,1000000
2024JP0009568,1,304.62,3,2,5,1,3,4996,49,0,0,6,1,5,1,800103,1000000
2024JP0009569,1,304.62,2,2,2,1,4,958,9,0,0,6,1,5,1,800100,1000000
2024JP0009570,1,304.62,35,1,3,1,14,16333,163,7000,3,1,1,1,1,800105,1000000
2024JP0009571,1,304.62,38,1,7,1,5,11189,111,8000,1,1,1,1,1,800109,1000000
2024JP0009572,1,304.62,33,2,1,1,7,14750,147,9920,1,1,1,1,1,800108,1000000
2024JP0009573,1,304.62,24,1,2,1,12,8357,83,9000,3,1,1,1,1,800104,1000000
2024JP0009574,1,304.62,26,2,1,1,11,10109,101,2000,1,1,1,1,1,800106,1000000
2024JP0009575,1,304.62,5,1,2,1,9,5962,59,0,0,6,1,5,1,800106,1000000
2024JP0009576,1,304.62,21,2,3,1,16,14383,143,4000,1,1,1,5,1,800108,1000000
2024JP0009577,1,304.62,35,1,2,1,6,130295,501,8000,1,4,1,1,1,800103,1000000
2024JP0009578,1,304.62,9,1,2,1,4,1115,11,0,0,6,1,5,1,800103,1000000
2024JP0009579,1,304.62,18,1,1,1,14,10728,107,6000,6,1,1,5,1,800103,1000000
2024JP0009580,1,304.62,17,2,2,1,18,9441,94,0,0,6,1,5,1,800103,1000000
2024JP0009581,1,304.62,43,2,2,1,14,20580,205,7000,6,1,1,1,1,800106,1000000
2024JP0009582,1,304.62,9,1,5,1,1,1761,17,0,0,6,1,5,1,800102,1000000
2024JP0009583,1,304.62,14,2,3,1,4,1266,12,0,0,6,1,5,1,800107,1000000
2024JP0009584,1,304.62,46,2,4,1,10,119294,501,9000,1,1,2,1,1,800105,1000000
2024JP0009585,1,304.62,59,1,5,1,10,14283,142,2000,2,1,1,1,1,800101,1000000
2024JP0009586,1,304.62,7,2,4,1,1,623,6,0,0,6,1,5,1,800104,1000000
2024JP0009587,1,304.62,11,1,6,1,2,4582,45,0,0,6,1,5,1,800107,1000000
2024JP0009588,1,304.62,20,2,1,1,14,5982,59,7000,4,1,1,5,1,800100,1000000
2024JP0009589,1,304.62,40,1,5,1,7,9623,96,6000,6,1,1,5,1,800108,1000000
2024JP0009590,1,304.62,28,2,2,1,11,12485,124,5000,6,1,1,1,1,800102,1000000
2024JP0009591,1,304.62,40,1,1,1,9,6788,67,7000,1,1,1,1,1,800100,1000000
2024JP0009592,1,304.62,3,1,6,1,5,881,8,0,0,6,1,5,1,800101,1000000
2024JP0009593,1,304.62,50,1,1,1,9,96271,501,2000,1,1,1,2,1,800102,1000000
2024JP0009594,1,304.62,25,1,1,1,9,8637,86,9800,4,1,1,1,1,800103,1000000
2024JP0009595,1,304.62,78,1,3,1,8,1302,13,0,0,6,1,2,1,800103,1000000
2024JP0009596,1,304.62,20,2,2,1,14,11284,112,5000,1,5,1,5,1,800109,1000000
2024JP0009597,1,304.62,10,1,1,1,2,1294,12,0,0,6,1,5,1,800104,1000000
2024JP0009598,1,304.62,100,2,7,1,12,6038,60,0,0,6,1,2,1,800104,1000000
2024JP0009599,1,304.62,28,1,1,1,8,2720,27,9000,3,5,1,1,1,800109,1000000
2024JP0009600,1,304.62,47,1,1,1,11,10396,103,5000,3,3,1,2,1,800106,1000000
2024JP0009601,1,304.62,38,1,6,1,10,18359,183,7000,3,1,1,1,1,800107,1000000
2024JP0009602,1,304.62,59,1,3,1,9,3276,32,9000,1,1,1,1,1,800100,1000000
2024JP0009603,1,304.62,17,2,3,1,14,30605,306,0,0,6,1,5,1,800102,1000000
2024JP0009604,1,304.62,27,1,1,1,9,11154,111,4000,3,1,1,1,1,800103,1000000
2024JP0009605,1,304.62,7,2,7,1,4,1017,10,0,0,6,1,5,1,800107,1000000
2024JP0009606,1,304.62,43,2,4,1,5,4796,47,5000,4,5,1,5,1,800107,1000000
2024JP0009607,1,304.62,32,2,4,1,13,24661,246,4000,1,1,1,1,1,800100,1000000
2024JP0009608,1,304.62,13,1,4,1,5,496,4,0,0,6,1,5,1,800107,1000000
2024JP0009609,1,304.62,77,1,3,1,7,2996,29,0,0,6,1,1,1,800109,1000000
2024JP0009610,1,304.62,38,1,2,1,10,96605,501,6000,6,1,1,1,1,800109,1000000
2024JP0009611,1,304.62,18,2,7,1,16,12694,126,3000,2,1,1,5,1,800101,1000000
2024JP0009612,1,304.62,26,2,7,1,8,8100,81,8000,3,2,1,1,1,800107,1000000
2024JP0009613,1,304.62,14,2,5,1,3,1146,11,0,0,6,1,5,1,800103,1000000
2024JP0009614,1,304.62,4,2,2,1,4,1745,17,0,0,6,1,5,1,800100,1000000
2024JP0009615,1,304.62,37,2,5,1,9,20773,207,7000,1,1,1,1,1,800109,1000000
2024JP0009616,1,304.62,45,1,2,1,7,11551,115,9800,1,3,1,1,1,800102,1000000
2024JP0009617,1,304.62,40,2,4,1,10,11018,110,9000,1,1,1,1,1,800107,1000000
2024JP0009618,1,304.62,59,2,3,1,5,12032,120,9920,1,1,1,1,1,800103,1000000
2024JP0009619,1,304.62,22,1,2,1,14,23476,234,1000,3,1,1,1,1,800109,1000000
2024JP0009620,1,304.62,9,1,6,1,4,2048,20,0,0,6,1,5,1,800103,1000000
2024JP0009621,1,304.62,42,2,5,1,6,4269,42,5000,1,2,1,3,1,800105,1000000
2024JP0009622,1,304.62,26,1,5,1,9,21495,214,5000,4,5,1,5,1,800104,1000000
2024JP0009623,1,304.62,7,2,3,1,7,715,7,0,0,6,1,5,1,800105,1000000
2024JP0009624,1,304.62,44,2,1,1,9,47298,472,7000,1,1,1,1,2,800105,1000000
2024JP0009625,1,304.62,57,1,6,1,5,12984,129,9800,1,1,1,5,1,800106,1000000
2024JP0009626,1,304.62,12,1,3,1,6,5689,56,0,0,6,1,5,1,800108,1000000
2024JP0009627,1,304.62,42,2,6,1,10,16252,162,8000,1,1,1,1,1,800104,1000000
2024JP0009628,1,304.62,14,1,2,1,5,984,9,0,0,6,2,5,1,800106,1000000
2024JP0009629,1,304.62,17,2,5,1,12,5795,57,0,0,6,1,5,1,800100,1000000
2024JP0009630,1,304.62,39,2,2,1,14,12216,122,3000,1,2,1,1,1,800108,1000000
2024JP0009631,1,304.62,16,2,4,1,16,39626,396,0,0,6,1,5,1,800104,1000000
2024JP0009632,1,304.62,19,1,7,1,13,5444,54,2000,1,1,1,5,1,800100,1000000
2024JP0009633,1,304.62,28,2,3,1,10,23972,239,7000,1,1,1,5,1,800107,1000000
2024JP0009634,1,304.62,40,2,5,1,10,15435,154,3000,1,1,1,1,1,800108,1000000
2024JP0009635,1,304.62,1,1,1,1,6,5058,50,0,0,6,1,5,1,800100,1000000
2024JP0009636,1,304.62,36,1,4,1,13,17798,177,2000,2,1,1,5,1,800103,1000000
2024JP0009637,1,304.62,61,2,4,1,6,18885,188,9800,4,1,1,1,1,800102,1000000
2024JP0009638,1,304.62,9,1,3,1,9,4684,46,0,0,6,1,5,1,800103,1000000
2024JP0009639,1,304.62,0,1,1,1,7,2275,22,0,0,6,1,5,1,800109,1000000
2024JP0009640,1,304.62,40,2,2,1,9,26819,268,2000,2,1,1,5,1,800105,1000000
2024JP0009641,1,304.62,10,1,6,1,7,7332,73,0,0,6,1,5,1,800108,1000000
2024JP0009642,1,304.62,1,1,4,1,5,2098,20,0,0,6,1,5,1,800105,1000000
2024JP0009643,1,304.62,2,2,6,1,1,2117,21,0,0,6,1,5,1,800107,1000000
2024JP0009644,1,304.62,62,1,7,1,10,14143,141,2000,3,1,1,3,1,800105,1000000
2024JP0009645,1,304.62,55,1,6,1,8,8428,84,5000,1,1,1,3,1,800105,1000000
2024JP0009646,1,304.62,10,1,7,1,1,1691,16,0,0,6,1,5,1,800101,1000000
2024JP0009647,1,304.62,17,1,5,1,17,16157,161,0,0,6,1,5,1,800109,1000000
2024JP0009648,1,304.62,3,2,1,1,1,2400,24,0,0,6,1,5,1,800101,1000000
2024JP0009649,1,304.62,3,2,2,1,4,343,3,0,0,6,1,5,1,800102,1000000
2024JP0009650,1,304.62,16,1,4,1,15,24889,248,0,0,6,1,5,1,800102,1000000
2024JP0009651,1,304.62,30,1,6,1,7,7080,70,9920,4,4,1,1,1,800105,1000000
2024JP0009652,1,304.62,58,1,9,1,10,24934,249,2000,1,1,1,3,1,800108,1000000
2024JP0009653,1,304.62,19,1,7,1,11,2966,29,5000,1,5,1,5,1,800105,1000000
2024JP0009654,1,304.62,39,2,1,1,10,43205,432,9000,1,1,1,1,1,800101,1000000
2024JP0009655,1,304.62,39,2,1,1,5,4028,40,7000,1,1,1,1,1,800107,1000000
2024JP0009656,1,304.62,22,1,2,1,14,4493,44,2000,1,5,1,5,1,800108,1000000
2024JP0009657,1,304.62,18,1,4,1,12,7245,72,6000,1,1,1,5,1,800109,1000000
2024JP0009658,1,304.62,29,1,6,1,6,7596,75,6000,1,1,1,1,1,800109,1000000
2024JP0009659,1,304.62,13,1,2,1,6,2543,25,0,0,6,1,5,1,800104,1000000
2024JP0009660,1,304.62,21,1,3,1,13,8028,80,7000,1,1,1,5,1,800102,1000000
2024JP0009661,1,304.62,35,1,7,1,5,8819,88,6000,4,1,1,1,1,800103,1000000
2024JP0009662,1,304.62,9,1,4,1,2,2933,29,0,0,6,1,5,1,800100,1000000
2024JP0009663,1,304.62,59,2,1,1,5,14758,147,9800,3,1,1,1,1,800104,1000000
2024JP0009664,1,304.62,42,1,3,1,9,7008,70,5000,6,1,1,1,1,800100,1000000
2024JP0009665,1,304.62,14,1,1,1,1,2872,28,0,0,6,1,5,1,800109,1000000
2024JP0009666,1,304.62,41,2,2,1,9,12025,120,1000,3,1,1,1,1,800103,1000000
2024JP0009667,1,304.62,15,1,7,1,16,32601,326,0,0,6,1,5,1,800107,1000000
2024JP0009668,1,304.62,2,1,5,1,8,8326,83,0,0,6,1,5,1,800101,1000000
2024JP0009669,1,304.62,6,2,3,1,3,2192,21,0,0,6,1,5,1,800104,1000000
2024JP0009670,1,304.62,42,1,5,1,11,13959,139,6000,6,1,1,1,1,800105,1000000
2024JP0009671,1,304.62,8,2,4,1,4,550,5,0,0,6,1,5,1,800109,1000000
2024JP0009672,1,304.62,3,2,2,1,6,2206,22,0,0,6,1,5,1,800106,1000000
2024JP0009673,1,304.62,14,1,6,1,2,2109,21,0,0,6,1,5,1,800102,1000000
2024JP0009674,1,304.62,7,2,1,1,2,1049,10,0,0,6,1,5,1,800109,1000000
2024JP0009675,1,304.62,21,1,1,1,12,1687,16,7000,4,1,1,5,1,800106,1000000
2024JP0009676,1,304.62,63,2,6,1,7,7224,72,9920,3,4,1,1,1,800103,1000000
2024JP0009677,1,304.62,57,2,5,1,7,6786,67,9800,1,1,1,1,1,800107,1000000
2024JP0009678,1,304.62,32,2,1,1,10,141904,501,6000,4,3,1,2,1,800100,1000000
2024JP0009679,1,304.62,2,1,2,1,5,1493,14,0,0,6,1,5,1,800108,1000000
2024JP0009680,1,304.62,38,2,7,1,12,15415,154,5000,3,1,1,1,1,800105,1000000
2024JP0009681,1,304.62,30,2,5,1,10,33911,339,6000,4,1,1,1,1,800106,1000000
2024JP0009682,1,304.62,21,2,3,1,12,8886,88,6000,1,1,1,5,1,800106,1000000
2024JP0009683,1,304.62,49,2,2,1,14,9707,97,7000,4,3,1,1,1,800109,1000000
2024JP0009684,1,304.62,3,2,6,1,7,2679,26,0,0,6,1,5,1,800104,1000000
2024JP0009685,1,304.62,39,1,6,1,5,23170,231,5000,1,1,1,1,1,800100,1000000
2024JP0009686,1,304.62,20,1,1,1,17,37261,372,6000,4,1,1,5,1,800101,1000000
2024JP0009687,1,304.62,14,1,1,1,3,1935,19,0,0,6,1,5,1,800109,1000000
2024JP0009688,1,304.62,25,2,5,1,6,870,8,8000,4,1,1,1,1,800106,1000000
2024JP0009689,1,304.62,29,2,5,1,12,23706,237,6000,4,1,1,1,1,800105,1000000
2024JP0009690,1,304.62,21,1,3,1,13,1226,12,3000,1,1,1,5,1,800106,1000000
2024JP0009691,1,304.62,30,1,2,1,8,3463,34,5000,1,1,1,1,1,800107,1000000
2024JP0009692,1,304.62,25,2,4,1,6,6013,60,5000,1,4,1,5,1,800109,1000000
2024JP0009693,1,304.62,36,2,6,1,8,2563,25,9800,6,1,1,1,1,800100,1000000
2024JP0009694,1,304.62,42,2,5,1,6,13728,137,5000,1,1,1,1,1,800101,1000000
2024JP0009695,1,304.62,76,2,6,1,6,2481,24,0,0,6,1,1,1,800106,1000000
2024JP0009696,1,304.62,7,1,3,1,3,4141,41,0,0,6,1,5,1,800109,1000000
2024JP0009697,1,304.62,7,2,4,1,4,5479,54,0,0,6,1,5,1,800106,1000000
2024JP0009698,1,304.62,14,2,4,1,1,11770,117,0,0,6,1,5,1,800104,1000000
2024JP0009699,1,304.62,10,2,6,1,2,2423,24,0,0,6,1,5,1,800106,1000000
2024JP0009700,1,304.62,59,1,1,1,7,5358,53,9920,3,1,1,1,1,800109,1000000
2024JP0009701,1,304.62,33,2,5,1,8,16823,168,5000,4,1,1,1,1,800100,1000000
2024JP0009702,1,304.62,8,2,3,1,3,3404,34,0,0,6,1,5,1,800109,1000000
2024JP0009703,1,304.62,22,2,1,1,14,7373,73,7000,4,1,1,1,1,800101,1000000
2024JP0009704,1,304.62,28,2,2,1,11,23144,231,7000,3,1,1,5,1,800109,1000000
2024JP0009705,1,304.62,27,1,6,1,11,8102,81,8000,1,1,1,1,1,800108,1000000
2024JP0009706,1,304.62,11,2,7,1,1,11450,114,0,0,6,1,5,1,800106,1000000
2024JP0009707,1,304.62,7,1,3,1,9,2164,21,0,0,6,1,5,1,800109,1000000
2024JP0009708,1,304.62,25,2,2,1,7,5708,57,9000,1,1,1,1,1,800102,1000000
2024JP0009709,1,304.62,83,2,4,1,5,4908,49,0,0,6,1,1,2,800103,1000000
2024JP0009710,1,304.62,15,1,2,1,12,15645,156,0,0,6,1,5,1,800105,1000000
2024JP0009711,1,304.62,71,2,1,1,9,5646,56,0,0,6,1,2,1,800103,1000000
2024JP0009712,1,304.62,4,1,1,1,1,2266,22,0,0,6,1,5,1,800104,1000000
2024JP0009713,1,304.62,5,1,3,1,4,4139,41,0,0,6,1,5,1,800108,1000000
2024JP0009714,1,304.62,2,2,4,1,8,1687,16,0,0,6,1,5,1,800100,1000000
2024JP0009715,1,304.62,10,2,2,1,2,2103,21,0,0,6,1,5,1,800100,1000000
2024JP0009716,1,304.62,41,2,1,1,10,5116,51,5000,1,5,1,1,1,800100,1000000
2024JP0009717,1,304.62,54,1,8,1,7,17664,176,9800,6,1,1,2,1,800108,1000000
2024JP0009718,1,304.62,39,2,3,1,11,23323,233,7000,3,1,1,1,1,800108,1000000
2024JP0009719,1,304.62,23,1,2,1,17,37009,370,1000,1,2,1,1,1,800107,1000000
2024JP0009720,1,304.62,24,1,4,1,13,18162,181,9000,3,5,1,1,1,800107,1000000
2024JP0009721,1,304.62,40,2,1,1,8,1329,13,9800,4,1,1,1,1,800109,1000000
2024JP0009722,1,304.62,20,2,1,1,15,32872,328,5000,4,1,1,5,1,800106,1000000
2024JP0009723,1,304.62,6,2,1,1,5,1248,12,0,0,6,1,5,1,800109,1000000
2024JP0009724,1,304.62,23,2,7,1,16,78896,501,2000,1,1,1,1,1,800105,1000000
2024JP0009725,1,304.62,35,2,5,1,5,3077,30,8000,3,1,1,5,1,800103,1000000
2024JP0009726,1,304.62,11,1,1,1,7,1401,14,0,0,6,1,5,1,800102,1000000
2024JP0009727,1,304.62,16,1,6,1,18,6166,61,0,0,6,1,5,1,800102,1000000
2024JP0009728,1,304.62,14,2,2,1,4,1145,11,0,0,6,2,5,1,800108,1000000
2024JP0009729,1,304.62,64,2,2,1,5,6350,63,9920,4,1,1,1,1,800103,1000000
2024JP0009730,1,304.62,5,2,3,1,4,1461,14,0,0,6,1,5,1,800106,1000000
2024JP0009731,1,304.62,41,2,2,1,11,11733,117,2000,1,1,1,1,1,800107,1000000
2024JP0009732,1,304.62,17,1,3,1,16,14070,140,0,0,6,1,5,1,800100,1000000
2024JP0009733,1,304.62,7,1,9,1,6,2127,21,0,0,6,1,5,1,800102,1000000
2024JP0009734,1,304.62,28,2,5,1,7,15542,155,8000,4,5,1,1,1,800104,1000000
2024JP0009735,1,304.62,17,1,4,1,15,39230,392,0,0,6,1,5,1,800102,1000000
2024JP0009736,1,304.62,4,1,2,1,9,14815,148,0,0,6,1,5,1,800104,1000000
2024JP0009737,1,304.62,47,2,4,1,6,1751,17,8000,1,1,1,1,1,800102,1000000
2024JP0009738,1,304.62,23,1,6,1,13,25669,256,7000,6,1,1,1,1,800101,1000000
2024JP0009739,1,304.62,13,1,5,1,6,1150,11,0,0,6,1,5,1,800105,1000000
2024JP0009740,1,304.62,21,2,2,1,17,23328,233,4000,3,1,1,5,1,800109,1000000
2024JP0009741,1,304.62,32,2,2,1,10,16695,166,2000,3,1,1,1,1,800108,1000000
2024JP0009742,1,304.62,34,1,1,1,7,1837,18,5000,1,1,1,1,1,800107,1000000
2024JP0009743,1,304.62,31,2,1,1,14,52825,501,2000,1,2,1,1,1,800104,1000000
2024JP0009744,1,304.62,21,2,2,1,18,27805,278,5000,1,1,1,5,1,800102,1000000
2024JP0009745,1,304.62,30,2,6,1,12,38723,387,2000,2,1,1,3,1,800108,1000000
2024JP0009746,1,304.62,46,2,6,1,10,73874,501,9000,4,1,1,1,1,800106,1000000
2024JP0009747,1,304.62,49,2,1,1,7,14587,145,7000,1,1,1,5,1,800102,1000000
2024JP0009748,1,304.62,12,2,1,1,1,2490,24,0,0,6,1,5,1,800105,1000000
2024JP0009749,1,304.62,31,2,5,1,5,12138,121,9800,3,1,1,1,1,800106,1000000
2024JP0009750,1,304.62,21,1,4,1,14,3126,31,6000,1,1,1,5,1,800105,1000000
2024JP0009751,1,304.62,91,2,1,1,8,2155,21,0,0,6,1,5,1,800104,1000000
2024JP0009752,1,304.62,5,2,4,1,8,1870,18,0,0,6,1,5,1,800104,1000000
2024JP0009753,1,304.62,53,1,5,1,8,9735,97,7000,6,1,1,5,1,800108,1000000
2024JP0009754,1,304.62,58,2,2,1,10,13965,139,8000,6,1,1,1,1,800108,1000000
2024JP0009755,1,304.62,29,2,2,1,5,2398,23,7000,1,1,1,1,1,800109,1000000
2024JP0009756,1,304.62,22,1,7,1,17,52161,501,2000,1,1,1,5,1,800108,1000000
2024JP0009757,1,304.62,98,1,6,1,7,7884,78,0,0,6,1,1,1,800104,1000000
2024JP0009758,1,304.62,34,1,3,1,12,17487,174,8000,6,1,1,1,1,800106,1000000
2024JP0009759,1,304.62,28,2,6,1,8,2546,25,6000,3,1,1,1,1,800108,1000000
2024JP0009760,1,304.62,27,1,4,1,8,15317,153,9000,1,1,1,1,1,800107,1000000
2024JP0009761,1,304.62,4,1,1,1,3,4205,42,0,0,6,1,5,1,800104,1000000
2024JP0009762,1,304.62,15,1,3,1,13,4725,47,0,0,6,1,5,1,800109,1000000
2024JP0009763,1,304.62,13,2,4,1,3,883,8,0,0,6,1,5,1,800102,1000000
2024JP0009764,1,304.62,56,1,3,1,6,15561,155,6000,3,1,1,2,1,800106,1000000
2024JP0009765,1,304.62,13,2,4,1,2,1063,10,0,0,6,1,5,1,800105,1000000
2024JP0009766,1,304.62,29,1,4,1,10,46446,464,5000,1,1,1,1,1,800103,1000000
2024JP0009767,1,304.62,14,1,1,1,9,11511,115,0,0,6,1,5,1,800103,1000000
2024JP0009768,1,304.62,41,1,2,1,10,10285,102,6000,1,1,1,1,1,800104,1000000
2024JP0009769,1,304.62,43,1,1,1,12,8459,84,2000,1,1,1,1,1,800103,1000000
2024JP0009770,1,304.62,22,1,5,1,16,74714,501,5000,6,1,1,1,1,800104,1000000
2024JP0009771,1,304.62,22,1,2,1,14,14581,145,8000,1,3,1,1,1,800106,1000000
2024JP0009772,1,304.62,91,1,5,1,9,19409,194,0,0,6,1,1,1,800102,1000000
2024JP0009773,1,304.62,11,1,1,1,2,4769,47,0,0,6,1,5,1,800100,1000000
2024JP0009774,1,304.62,40,2,3,1,6,9007,90,7000,1,4,1,1,1,800106,1000000
2024JP0009775,1,304.62,41,1,4,1,16,92136,501,5000,3,5,1,1,1,800102,1000000
2024JP0009776,1,304.62,2,1,2,1,1,498,4,0,0,6,1,5,1,800109,1000000
2024JP0009777,1,304.62,6,2,1,1,4,895,8,0,0,6,1,5,1,800108,1000000
2024JP0009778,1,304.62,1,2,5,1,8,4347,43,0,0,6,1,5,1,800104,1000000
2024JP0009779,1,304.62,53,2,3,1,5,4193,41,5000,1,1,1,2,1,800107,1000000
2024JP0009780,1,304.62,9,2,7,1,9,7080,70,0,0,6,1,5,1,800100,1000000
2024JP0009781,1,304.62,10,2,1,1,2,996,9,0,0,6,1,5,1,800101,1000000
2024JP0009782,1,304.62,1,2,5,1,9,2904,29,0,0,6,1,5,1,800107,1000000
2024JP0009783,1,304.62,19,2,7,1,16,23381,233,5000,3,1,1,5,1,800103,1000000
2024JP0009784,1,304.62,4,2,5,1,1,606,6,0,0,6,1,5,1,800100,1000000
2024JP0009785,1,304.62,1,1,2,1,3,860,8,0,0,6,1,5,1,800100,1000000
2024JP0009786,1,304.62,55,2,6,1,9,27051,270,6000,1,1,1,1,1,800103,1000000
2024JP0009787,1,304.62,11,1,1,1,3,2884,28,0,0,6,1,5,1,800102,1000000
2024JP0009788,1,304.62,10,2,6,1,2,342,3,0,0,6,1,5,1,800105,1000000
2024JP0009789,1,304.62,38,1,3,1,7,6763,67,9800,1,5,1,1,1,800104,1000000
2024JP0009790,1,304.62,15,1,4,1,16,11541,115,0,0,6,1,5,1,800104,1000000
2024JP0009791,1,304.62,29,2,3,1,13,7121,71,5000,3,1,1,1,1,800100,1000000
2024JP0009792,1,304.62,45,2,2,1,7,3867,38,6000,1,5,1,5,1,800108,1000000
2024JP0009793,1,304.62,44,2,1,1,10,21646,216,6000,4,2,1,1,1,800109,1000000
2024JP0009794,1,304.62,43,2,1,1,13,18614,186,8000,1,2,1,1,1,800105,1000000
2024JP0009795,1,304.62,19,1,4,1,12,3633,36,6000,4,1,1,5,1,800108,1000000
2024JP0009796,1,304.62,9,2,1,1,5,1942,19,0,0,6,1,5,1,800101,1000000
2024JP0009797,1,304.62,12,2,3,1,7,1357,13,0,0,6,1,5,1,800105,1000000
2024JP0009798,1,304.62,21,1,3,1,13,2600,26,3000,3,1,1,5,1,800100,1000000
2024JP0009799,1,304.62,44,1,4,1,6,13033,130,6000,4,1,1,1,1,800101,1000000
2024JP0009800,1,304.62,18,1,4,1,15,15577,155,4000,1,1,1,1,1,800106,1000000
2024JP0009801,1,304.62,46,2,2,1,8,12728,127,6000,1,1,1,1,1,800106,1000000
2024JP0009802,1,304.62,56,2,6,1,8,8626,86,9800,1,1,1,1,1,800107,1000000
2024JP0009803,1,304.62,16,2,1,1,14,1395,13,0,0,6,1,5,1,800101,1000000
2024JP0009804,1,304.62,20,1,9,1,16,42688,426,2000,2,1,1,5,1,800105,1000000
2024JP0009805,1,304.62,38,1,5,1,10,10054,100,8000,1,1,1,1,1,800106,1000000
2024JP0009806,1,304.62,17,1,6,1,18,15870,158,0,0,6,1,5,1,800106,1000000
2024JP0009807,1,304.62,7,1,1,1,3,4151,41,0,0,6,1,5,1,800102,1000000
2024JP0009808,1,304.62,0,1,1,1,4,3125,31,0,0,6,1,5,1,800106,1000000
2024JP0009809,1,304.62,1,1,4,1,3,1336,13,0,0,6,1,5,1,800105,1000000
2024JP0009810,1,304.62,23,2,3,1,16,33631,336,4000,1,1,1,5,1,800103,1000000
2024JP0009811,1,304.62,31,1,3,1,9,27002,270,5000,3,1,1,1,1,800107,1000000
2024JP0009812,1,304.62,49,1,3,1,9,32144,321,9800,4,2,1,1,1,800100,1000000
2024JP0009813,1,304.62,6,1,9,1,1,1109,11,0,0,6,1,5,1,800104,1000000
2024JP0009814,1,304.62,44,1,5,1,6,4338,43,9920,4,2,1,1,1,800107,1000000
2024JP0009815,1,304.62,21,2,1,1,14,5852,58,5000,6,1,1,5,1,800102,1000000
2024JP0009816,1,304.62,29,2,3,1,12,13462,134,7000,4,1,1,5,1,800101,1000000
2024JP0009817,1,304.62,37,2,7,1,10,34100,341,9000,3,1,1,1,1,800103,1000000
2024JP0009818,1,304.62,32,1,6,1,9,54461,501,3000,1,1,1,1,1,800103,1000000
2024JP0009819,1,304.62,9,2,1,1,7,936,9,0,0,6,1,5,1,800101,1000000
2024JP0009820,1,304.62,55,1,1,1,9,32063,320,7000,3,1,1,1,1,800101,1000000
2024JP0009821,1,304.62,95,2,7,1,6,368,3,0,0,6,1,2,1,800100,1000000
2024JP0009822,1,304.62,26,1,4,1,9,19030,190,2000,3,1,1,5,1,800105,1000000
2024JP0009823,1,304.62,7,1,4,1,5,3495,34,0,0,6,1,5,1,800109,1000000
2024JP0009824,1,304.62,7,1,6,1,3,8287,82,0,0,6,1,5,1,800108,1000000
2024JP0009825,1,304.62,24,2,2,1,16,51425,501,6000,1,1,1,1,1,800102,1000000
2024JP0009826,1,304.62,25,1,1,1,9,12498,124,1000,3,1,1,5,1,800101,1000000
2024JP0009827,1,304.62,38,2,3,1,8,14598,145,5000,6,1,1,1,1,800102,1000000
2024JP0009828,1,304.62,1,1,3,1,3,6705,67,0,0,6,1,5,1,800100,1000000
2024JP0009829,1,304.62,33,1,5,1,8,7765,77,9000,1,1,1,1,1,800100,1000000
2024JP0009830,1,304.62,13,2,3,1,4,878,8,0,0,6,1,5,1,800109,1000000
2024JP0009831,1,304.62,7,1,4,1,5,10810,108,0,0,6,1,5,1,800107,1000000
2024JP0009832,1,304.62,39,2,2,1,10,15856,158,5000,4,1,1,1,1,800103,1000000
2024JP0009833,1,304.62,6,2,3,1,5,2013,20,0,0,6,1,5,1,800105,1000000
2024JP0009834,1,304.62,4,2,7,1,7,3997,39,0,0,6,1,5,1,800103,1000000
2024JP0009835,1,304.62,44,2,6,1,16,228469,501,2000,1,1,1,1,1,800107,1000000
2024JP0009836,1,304.62,29,1,6,1,8,1996,19,9800,3,1,1,1,1,800102,1000000
2024JP0009837,1,304.62,45,1,4,1,6,5205,52,9000,4,5,1,2,1,800105,1000000
2024JP0009838,1,304.62,55,1,6,1,9,12252,122,7000,1,1,1,1,1,800106,1000000
2024JP0009839,1,304.62,22,2,3,1,14,13764,137,5000,4,4,1,1,1,800101,1000000
2024JP0009840,1,304.62,8,1,1,1,1,1416,14,0,0,6,1,5,1,800106,1000000
2024JP0009841,1,304.62,44,2,6,1,11,16064,160,7000,1,2,1,1,1,800102,1000000
2024JP0009842,1,304.62,22,2,5,1,10,9628,96,8000,1,1,1,5,1,800100,1000000
2024JP0009843,1,304.62,34,1,4,1,9,46503,465,1000,1,1,1,1,1,800106,1000000
2024JP0009844,1,304.62,15,1,1,1,12,5944,59,0,0,6,1,5,1,800101,1000000
2024JP0009845,1,304.62,4,1,1,1,8,1028,10,0,0,6,1,5,1,800109,1000000
2024JP0009846,1,304.62,3,1,4,1,1,5807,58,0,0,6,1,5,1,800109,1000000
2024JP0009847,1,304.62,36,2,4,1,11,17384,173,6000,1,1,1,5,1,800109,1000000
2024JP0009848,1,304.62,57,1,4,1,8,9182,91,9920,1,1,1,2,1,800108,1000000
2024JP0009849,1,304.62,36,1,8,1,8,4400,44,9800,4,2,1,1,1,800109,1000000
2024JP0009850,1,304.62,49,2,4,1,13,11031,110,7000,1,4,1,1,1,800101,1000000
2024JP0009851,1,304.62,39,2,1,1,9,9464,94,8000,1,1,1,1,1,800105,1000000
2024JP0009852,1,304.62,5,2,2,1,1,2422,24,0,0,6,1,5,1,800100,1000000
2024JP0009853,1,304.62,1,2,4,1,1,4571,45,0,0,6,1,5,1,800106,1000000
2024JP0009854,1,304.62,18,1,1,1,11,6945,69,9000,3,5,1,5,1,800105,1000000
2024JP0009855,1,304.62,11,2,5,1,3,1753,17,0,0,6,1,5,1,800100,1000000
2024JP0009856,1,304.62,16,2,6,1,12,3501,35,0,0,6,1,5,1,800102,1000000
2024JP0009857,1,304.62,59,1,1,1,6,10640,106,9920,3,1,1,5,1,800104,1000000
2024JP0009858,1,304.62,23,2,8,1,12,35763,357,5000,6,1,1,5,1,800105,1000000
2024JP0009859,1,304.62,48,2,7,1,8,4191,41,5000,1,1,1,2,1,800106,1000000
2024JP0009860,1,304.62,18,2,1,1,16,8767,87,4000,1,1,1,5,1,800102,1000000
2024JP0009861,1,304.62,26,2,6,1,5,5333,53,9800,1,1,1,1,1,800109,1000000
2024JP0009862,1,304.62,88,1,3,1,7,2277,22,0,0,6,1,1,1,800107,1000000
2024JP0009863,1,304.62,31,1,5,1,9,9168,91,2000,2,1,1,1,1,800104,1000000
2024JP0009864,1,304.62,21,2,5,1,15,21634,216,3000,2,1,1,5,1,800104,1000000
2024JP0009865,1,304.62,53,2,6,1,12,27876,278,7000,1,1,1,5,1,800105,1000000
2024JP0009866,1,304.62,30,2,3,1,11,17573,175,7000,3,1,1,1,1,800105,1000000
2024JP0009867,1,304.62,16,1,4,1,13,8426,84,0,0,6,1,5,1,800105,1000000
2024JP0009868,1,304.62,14,2,3,1,3,7743,77,0,0,6,1,5,1,800105,1000000
2024JP0009869,1,304.62,29,1,6,1,5,2120,21,7000,1,1,1,5,1,800102,1000000
2024JP0009870,1,304.62,52,1,6,1,9,7129,71,9000,3,1,1,1,1,800106,1000000
2024JP0009871,1,304.62,5,1,1,1,3,1043,10,0,0,6,1,5,1,800109,1000000
2024JP0009872,1,304.62,66,1,6,1,6,3554,35,5000,6,1,1,1,1,800103,1000000
2024JP0009873,1,304.62,36,2,1,1,7,6916,69,7000,4,1,1,1,1,800101,1000000
2024JP0009874,1,304.62,36,2,4,1,6,7328,73,9000,4,1,1,1,1,800103,1000000
2024JP0009875,1,304.62,31,2,4,1,8,604,6,9000,3,1,1,1,1,800103,1000000
2024JP0009876,1,304.62,25,1,2,1,6,3117,31,9800,3,2,1,5,1,800104,1000000
2024JP0009877,1,304.62,24,1,5,1,10,7143,71,7000,1,1,1,5,1,800103,1000000
2024JP0009878,1,304.62,79,2,3,1,6,5358,53,0,0,6,1,5,1,800106,1000000
2024JP0009879,1,304.62,24,2,2,1,10,6861,68,8000,4,1,1,1,1,800105,1000000
2024JP0009880,1,304.62,36,2,1,1,5,4025,40,7000,3,1,1,1,1,800105,1000000
2024JP0009881,1,304.62,1,1,1,1,2,5741,57,0,0,6,1,5,1,800104,1000000
2024JP0009882,1,304.62,17,2,1,1,16,10756,107,0,0,6,1,5,1,800108,1000000
2024JP0009883,1,304.62,63,1,5,1,7,5027,50,6000,3,1,1,1,1,800101,1000000
2024JP0009884,1,304.62,34,1,2,1,7,9588,95,5000,3,1,1,1,1,800103,1000000
2024JP0009885,1,304.62,93,2,3,1,7,5136,51,0,0,6,1,5,1,800109,1000000
2024JP0009886,1,304.62,85,1,4,1,5,2121,21,0,0,6,1,1,1,800109,1000000
2024JP0009887,1,304.62,36,1,4,1,8,7954,79,9800,1,5,1,1,1,800103,1000000
2024JP0009888,1,304.62,17,1,4,1,10,5187,51,0,0,6,1,5,1,800100,1000000
2024JP0009889,1,304.62,40,1,3,1,15,19465,194,5000,3,1,1,5,1,800103,1000000
2024JP0009890,1,304.62,18,2,1,1,15,19608,196,3000,1,1,1,5,1,800102,1000000
2024JP0009891,1,304.62,24,2,2,1,14,9227,92,1000,1,1,1,1,1,800102,1000000
2024JP0009892,1,304.62,18,1,1,1,17,4636,46,6000,3,2,1,5,1,800102,1000000
2024JP0009893,1,304.62,13,1,1,1,8,9463,94,0,0,6,1,5,1,800109,1000000
2024JP0009894,1,304.62,35,2,1,1,9,17926,179,7000,6,4,1,1,1,800103,1000000
2024JP0009895,1,304.62,26,2,4,1,9,10346,103,3000,1,1,1,5,1,800106,1000000
2024JP0009896,1,304.62,33,2,6,1,12,18404,184,6000,4,1,1,1,1,800107,1000000
2024JP0009897,1,304.62,15,1,2,1,11,2432,24,0,0,6,1,5,1,800100,1000000
2024JP0009898,1,304.62,15,1,1,1,19,19038,190,0,0,6,1,5,1,800108,1000000
2024JP0009899,1,304.62,22,1,6,1,12,17059,170,6000,6,1,1,1,1,800108,1000000
2024JP0009900,1,304.62,28,2,6,1,8,4327,43,9920,1,1,5,1,1,800102,1000000
2024JP0009901,1,304.62,27,1,9,1,10,12732,127,7000,1,1,1,1,1,800107,1000000
2024JP0009902,1,304.62,11,1,6,1,6,4241,42,0,0,6,1,5,1,800106,1000000
2024JP0009903,1,304.62,17,2,6,1,15,41351,413,0,0,6,1,5,1,800103,1000000
2024JP0009904,1,304.62,30,2,2,1,9,37444,374,5000,1,1,1,1,1,800105,1000000
2024JP0009905,1,304.62,42,2,3,1,12,27086,270,6000,4,5,1,1,1,800103,1000000
2024JP0009906,1,304.62,35,1,3,1,13,20758,207,6000,3,1,1,1,1,800105,1000000
2024JP0009907,1,304.62,9,2,6,1,2,1728,17,0,0,6,1,5,1,800102,1000000
2024JP0009908,1,304.62,17,1,6,1,12,8497,84,0,0,6,1,5,1,800103,1000000
2024JP0009909,1,304.62,55,2,1,1,12,31986,319,7000,3,4,1,2,1,800104,1000000
2024JP0009910,1,304.62,31,2,3,1,10,7878,78,8000,4,1,1,1,1,800106,1000000
2024JP0009911,1,304.62,15,1,7,1,14,3030,30,0,0,6,1,5,1,800105,1000000
2024JP0009912,1,304.62,36,2,1,1,6,8432,84,9920,3,5,1,5,1,800105,1000000
2024JP0009913,1,304.62,52,1,5,1,11,13072,130,9800,1,1,1,1,1,800104,1000000
2024JP0009914,1,304.62,46,2,1,1,7,4384,43,8000,1,1,1,1,1,800103,1000000
2024JP0009915,1,304.62,15,1,1,1,12,9984,99,0,0,6,1,5,1,800100,1000000
2024JP0009916,1,304.62,90,1,6,1,8,2116,21,0,0,6,1,1,1,800102,1000000
2024JP0009917,1,304.62,43,2,5,1,9,97095,501,6000,3,1,1,1,1,800101,1000000
2024JP0009918,1,304.62,37,1,1,1,5,9675,96,7000,4,1,1,1,1,800108,1000000
2024JP0009919,1,304.62,17,1,7,1,13,4943,49,0,0,6,1,5,1,800103,1000000
2024JP0009920,1,304.62,23,2,5,1,15,88941,501,4000,3,1,1,1,1,800101,1000000
2024JP0009921,1,304.62,29,2,1,1,6,8185,81,7000,4,5,1,5,1,800109,1000000
2024JP0009922,1,304.62,57,1,6,1,7,13354,133,9920,1,1,1,1,1,800107,1000000
2024JP0009923,1,304.62,4,1,3,1,4,1267,12,0,0,6,1,5,1,800104,1000000
2024JP0009924,1,304.62,15,1,4,1,16,16267,162,0,0,6,1,5,1,800108,1000000
2024JP0009925,1,304.62,6,2,3,1,4,772,7,0,0,6,1,5,1,800106,1000000
2024JP0009926,1,304.62,41,2,4,1,8,5717,57,7000,4,1,1,1,1,800103,1000000
2024JP0009927,1,304.62,38,1,5,1,8,8237,82,7000,3,1,1,1,1,800103,1000000
2024JP0009928,1,304.62,3,2,5,1,6,4813,48,0,0,6,1,5,1,800101,1000000
2024JP0009929,1,304.62,38,2,4,1,7,4604,46,9920,3,1,1,1,1,800102,1000000
2024JP0009930,1,304.62,46,1,5,1,7,5635,56,9920,3,1,1,1,1,800106,1000000
2024JP0009931,1,304.62,24,1,3,1,13,17287,172,2000,1,2,1,1,1,800105,1000000
2024JP0009932,1,304.62,56,1,2,1,6,2542,25,9000,6,1,1,1,1,800102,1000000
2024JP0009933,1,304.62,16,2,5,1,16,12665,126,0,0,6,1,5,1,800107,1000000
2024JP0009934,1,304.62,0,2,6,1,2,3485,34,0,0,6,1,5,1,800106,1000000
2024JP0009935,1,304.62,47,1,6,1,12,34458,344,9000,4,1,1,2,1,800100,1000000
2024JP0009936,1,304.62,2,2,4,1,4,7650,76,0,0,6,1,5,1,800109,1000000
2024JP0009937,1,304.62,26,1,2,1,8,6531,65,9000,4,1,1,5,1,800106,1000000
2024JP0009938,1,304.62,1,1,2,1,6,1058,10,0,0,6,1,5,1,800100,1000000
2024JP0009939,1,304.62,32,1,1,1,11,9568,95,8000,6,1,1,1,1,800104,1000000
2024JP0009940,1,304.62,27,1,2,1,8,4405,44,7000,1,1,1,1,2,800103,1000000
2024JP0009941,1,304.62,13,1,6,1,7,1109,11,0,0,6,1,5,1,800103,1000000
2024JP0009942,1,304.62,42,2,5,1,11,26458,264,5000,3,1,1,1,1,800106,1000000
2024JP0009943,1,304.62,58,2,1,1,8,8630,86,8000,1,1,1,5,1,800109,1000000
2024JP0009944,1,304.62,31,1,3,1,12,4716,47,9000,1,1,1,1,1,800101,1000000
2024JP0009945,1,304.62,41,2,2,1,9,14545,145,5000,1,2,1,1,1,800105,1000000
2024JP0009946,1,304.62,6,1,1,1,4,4611,46,0,0,6,1,5,1,800104,1000000
2024JP0009947,1,304.62,37,1,5,1,7,4417,44,5000,3,4,1,1,1,800104,1000000
2024JP0009948,1,304.62,14,2,6,1,7,934,9,0,0,6,1,5,1,800107,1000000
2024JP0009949,1,304.62,21,2,1,1,10,1583,15,5000,1,1,1,5,1,800104,1000000
2024JP0009950,1,304.62,34,2,3,1,5,13880,138,5000,1,1,1,1,1,800102,1000000
2024JP0009951,1,304.62,7,1,6,1,2,698,6,0,0,6,1,5,1,800102,1000000
2024JP0009952,1,304.62,14,1,1,1,2,2575,25,0,0,6,1,5,1,800108,1000000
2024JP0009953,1,304.62,43,2,3,1,5,18290,182,9800,6,1,1,1,1,800100,1000000
2024JP0009954,1,304.62,3,2,6,1,5,5282,52,0,0,6,1,5,1,800109,1000000
2024JP0009955,1,304.62,58,1,2,1,6,2923,29,5000,1,1,1,1,1,800101,1000000
2024JP0009956,1,304.62,27,1,1,1,12,17351,173,2000,2,4,1,1,1,800109,1000000
2024JP0009957,1,304.62,24,1,1,1,10,12672,126,5000,4,1,1,5,1,800106,1000000
2024JP0009958,1,304.62,1,2,1,1,2,2102,21,0,0,6,1,5,1,800106,1000000
2024JP0009959,1,304.62,31,1,1,1,11,18295,182,5000,3,2,1,1,1,800104,1000000
2024JP0009960,1,304.62,58,2,5,1,7,3491,34,5000,3,1,1,2,1,800105,1000000
2024JP0009961,1,304.62,43,1,2,1,8,5712,57,9800,6,1,1,1,1,800103,1000000
2024JP0009962,1,304.62,4,2,7,1,4,4915,49,0,0,6,1,5,1,800105,1000000
2024JP0009963,1,304.62,10,1,5,1,2,1388,13,0,0,6,1,5,1,800107,1000000
2024JP0009964,1,304.62,14,1,6,1,3,1771,17,0,0,6,1,5,1,800100,1000000
2024JP0009965,1,304.62,12,2,6,1,1,5561,55,0,0,6,1,5,1,800100,1000000
2024JP0009966,1,304.62,3,1,3,1,2,1135,11,0,0,6,1,5,1,800104,1000000
2024JP0009967,1,304.62,55,1,1,1,5,11894,118,7000,3,1,1,3,1,800101,1000000
2024JP0009968,1,304.62,44,1,1,1,14,25526,255,1000,1,1,1,1,1,800106,1000000
2024JP0009969,1,304.62,21,1,5,1,12,3795,37,7000,6,1,1,5,1,800101,1000000
2024JP0009970,1,304.62,36,2,2,1,9,17586,175,4000,1,1,1,1,1,800104,1000000
2024JP0009971,1,304.62,22,2,1,1,14,9300,93,5000,1,1,1,5,1,800104,1000000
2024JP0009972,1,304.62,37,2,6,1,5,13392,133,5000,1,3,1,1,1,800100,1000000
2024JP0009973,1,304.62,37,1,3,1,11,22123,221,7000,3,1,1,1,1,800105,1000000
2024JP0009974,1,304.62,35,2,1,1,7,11257,112,9000,4,2,1,1,1,800101,1000000
2024JP0009975,1,304.62,23,2,1,1,18,37925,379,6000,3,1,1,1,1,800101,1000000
2024JP0009976,1,304.62,15,2,2,1,16,11126,111,0,0,6,1,5,1,800105,1000000
2024JP0009977,1,304.62,46,2,2,1,9,34017,340,2000,1,1,1,1,1,800103,1000000
2024JP0009978,1,304.62,28,2,4,1,10,9137,91,7000,1,2,1,1,1,800108,1000000
2024JP0009979,1,304.62,16,1,1,1,16,46360,463,0,0,6,1,5,1,800103,1000000
2024JP0009980,1,304.62,43,2,5,1,8,7773,77,9000,1,1,1,2,1,800103,1000000
2024JP0009981,1,304.62,75,2,3,1,6,1464,14,0,0,6,1,5,1,800105,1000000
2024JP0009982,1,304.62,24,1,9,1,13,14841,148,6000,1,3,1,1,1,800102,1000000
2024JP0009983,1,304.62,28,1,6,1,13,18753,187,7000,3,1,1,5,1,800104,1000000
2024JP0009984,1,304.62,2,2,4,1,1,5016,50,0,0,6,1,5,1,800107,1000000
2024JP0009985,1,304.62,3,1,4,1,2,1539,15,0,0,6,1,5,1,800105,1000000
2024JP0009986,1,304.62,18,1,1,1,14,26102,261,5000,1,1,1,5,1,800109,1000000
2024JP0009987,1,304.62,30,1,6,1,7,11637,116,5000,6,1,1,1,1,800103,1000000
2024JP0009988,1,304.62,25,2,8,1,6,5563,55,9800,6,1,1,1,1,800104,1000000
2024JP0009989,1,304.62,94,2,1,1,6,1238,12,0,0,6,1,1,1,800108,1000000
2024JP0009990,1,304.62,0,2,5,1,3,1195,11,0,0,6,1,5,1,800104,1000000
2024JP0009991,1,304.62,59,2,6,1,5,5553,55,7000,1,1,1,2,1,800102,1000000
2024JP0009992,1,304.62,59,1,2,1,8,2867,28,8000,3,2,1,1,1,800107,1000000
2024JP0009993,1,304.62,8,2,1,1,2,704,7,0,0,6,1,5,1,800103,1000000
2024JP0009994,1,304.62,59,1,2,1,7,7844,78,5000,1,1,1,1,1,800106,1000000
2024JP0009995,1,304.62,33,1,1,1,10,2961,29,7000,3,1,1,1,1,800105,1000000
2024JP0009996,1,304.62,47,2,7,1,8,11474,114,6000,3,1,1,1,1,800102,1000000
2024JP0009997,1,304.62,3,2,2,1,2,5770,57,0,0,6,1,5,1,800104,1000000
2024JP0009998,1,304.62,63,2,2,1,6,12085,120,9800,1,4,1,1,1,800103,1000000
2024JP0009999,1,304.62,21,1,9,1,11,4448,44,5000,3,1,1,5,1,800105,1000000
2024JP0010000,1,304.62,37,2,1,1,8,19383,193,9920,4,5,1,2,1,800100,1000000
