SERIALNO,SPORDER,PWGTP,AGEP,SEX,RAC1P,HISP,SCHL,PINCP,POVPIP,OCCP,COW,ESR,CIT,MAR,NATIVITY,PUMA,ADJINC
2024KL0000001,1,449.67,46,1,1,1,5,16207,147,6000,6,1,1,1,1,1900114,1000000
2024KL0000002,1,449.67,3,1,1,1,3,6063,55,0,0,6,1,5,2,1900113,1000000
2024KL0000003,1,449.67,18,1,5,1,17,34338,312,5000,4,1,1,5,1,1900113,1000000
2024KL0000004,1,449.67,23,1,1,1,14,13840,125,2000,1,1,1,5,1,1900112,1000000
2024KL0000005,1,449.67,21,1,4,1,15,24304,220,1000,1,1,1,5,1,1900107,1000000
2024KL0000006,1,449.67,22,1,1,1,15,92756,501,1000,2,1,1,1,1,1900111,1000000
2024KL0000007,1,449.67,36,1,1,1,11,20814,189,3000,1,2,1,1,1,1900100,1000000
2024KL0000008,1,449.67,34,1,3,1,8,7627,69,9000,1,1,1,5,2,1900110,1000000
2024KL0000009,1,449.67,16,1,1,1,16,12635,114,0,0,6,1,5,1,1900109,1000000
2024KL0000010,1,449.67,7,2,1,1,7,17639,160,0,0,6,1,5,1,1900102,1000000
2024KL0000011,1,449.67,81,1,4,1,5,10281,93,0,0,6,1,1,1,1900103,1000000
2024KL0000012,1,449.67,25,2,1,1,17,107482,501,4000,1,3,1,5,1,1900108,1000000
2024KL0000013,1,449.67,32,2,2,1,14,38620,351,4000,1,5,1,5,1,1900100,1000000
2024KL0000014,1,449.67,43,2,1,1,16,58076,501,2000,3,1,1,1,1,1900107,1000000
2024KL0000015,1,449.67,51,1,1,1,7,16398,149,9800,1,1,1,5,1,1900111,1000000
2024KL0000016,1,449.67,45,1,1,1,6,8533,77,9000,1,1,1,1,1,1900113,1000000
2024KL0000017,1,449.67,53,1,2,1,8,30382,276,9920,4,1,1,5,1,1900103,1000000
2024KL0000018,1,449.67,47,2,1,1,5,24777,225,9000,1,1,1,1,1,1900110,1000000
2024KL0000019,1,449.67,46,2,2,1,7,56592,501,5000,1,1,2,5,1,1900106,1000000
2024KL0000020,1,449.67,2,1,2,1,5,1102,10,0,0,6,1,5,1,1900102,1000000
2024KL0000021,1,449.67,17,2,1,1,14,4367,39,0,0,6,1,5,1,1900102,1000000
2024KL0000022,1,449.67,1,1,4,1,5,9792,89,0,0,6,1,5,1,1900102,1000000
2024KL0000023,1,449.67,4,2,4,1,3,3209,29,0,0,6,1,5,1,1900105,1000000
2024KL0000024,1,449.67,66,2,8,1,6,19243,174,5000,1,1,1,2,1,1900109,1000000
2024KL0000025,1,449.67,27,1,1,1,11,32938,299,7000,1,5,2,1,1,1900110,1000000
2024KL0000026,1,449.67,11,2,2,1,5,13320,121,0,0,6,1,5,1,1900112,1000000
2024KL0000027,1,449.67,28,1,1,1,15,110096,501,6000,6,1,1,5,1,1900102,1000000
2024KL0000028,1,449.67,46,1,1,1,14,60800,501,7000,6,2,1,1,2,1900105,1000000
2024KL0000029,1,449.67,57,2,4,1,6,4442,40,9920,1,4,1,1,1,1900103,1000000
2024KL0000030,1,449.67,43,2,3,1,10,34263,311,5000,4,1,1,1,1,1900105,1000000
2024KL0000031,1,449.67,10,1,2,1,3,6628,60,0,0,6,1,5,1,1900112,1000000
2024KL0000032,1,449.67,3,1,1,1,4,1496,13,0,0,6,1,5,1,1900106,1000000
2024KL0000033,1,449.67,85,1,4,1,5,4433,40,0,0,6,1,5,1,1900107,1000000
2024KL0000034,1,449.67,8,2,1,1,5,10704,97,0,0,6,1,5,1,1900106,1000000
2024KL0000035,1,449.67,4,2,6,1,5,6284,57,0,0,6,1,5,1,1900109,1000000
2024KL0000036,1,449.67,24,1,2,1,16,43641,396,6000,1,4,5,5,1,1900110,1000000
2024KL0000037,1,449.67,6,2,1,1,4,1450,13,0,0,6,1,5,1,1900103,1000000
2024KL0000038,1,449.67,44,1,7,1,16,34862,316,6000,1,1,1,1,1,1900114,1000000
2024KL0000039,1,449.67,15,1,6,1,17,40888,371,0,0,6,1,5,1,1900112,1000000
2024KL0000040,1,449.67,26,1,2,1,17,20061,182,3000,3,1,1,5,1,1900100,1000000
2024KL0000041,1,449.67,41,1,1,1,13,42394,385,6000,3,1,1,1,1,1900113,1000000
2024KL0000042,1,449.67,47,2,1,1,6,10894,99,9920,6,1,1,1,1,1900114,1000000
2024KL0000043,1,449.67,17,2,1,1,12,20372,185,0,0,6,1,5,1,1900101,1000000
2024KL0000044,1,449.67,55,2,1,1,11,32080,291,6000,4,1,1,4,1,1900108,1000000
2024KL0000045,1,449.67,6,2,1,1,3,1488,13,0,0,6,1,5,1,1900110,1000000
2024KL0000046,1,449.67,29,1,1,1,12,5886,53,9000,1,1,1,1,1,1900107,1000000
2024KL0000047,1,449.67,3,1,3,1,9,29704,270,0,0,6,1,5,1,1900106,1000000
2024KL0000048,1,449.67,12,1,6,1,5,3796,34,0,0,6,1,5,1,1900110,1000000
2024KL0000049,1,449.67,35,1,1,1,15,44484,404,6000,4,2,1,1,1,1900114,1000000
2024KL0000050,1,449.67,58,1,3,1,8,6518,59,5000,1,1,1,2,1,1900101,1000000
2024KL0000051,1,449.67,66,1,1,1,10,2849,25,3000,2,1,2,1,1,1900107,1000000
2024KL0000052,1,449.67,38,2,1,1,7,17906,162,7000,3,1,1,1,1,1900113,1000000
2024KL0000053,1,449.67,5,1,1,1,6,15039,136,0,0,6,1,5,1,1900107,1000000
2024KL0000054,1,449.67,57,1,5,1,6,31150,283,9000,1,1,1,5,1,1900106,1000000
2024KL0000055,1,449.67,11,2,3,1,4,7297,66,0,0,6,2,5,1,1900108,1000000
2024KL0000056,1,449.67,7,2,3,1,6,3930,35,0,0,6,1,5,2,1900114,1000000
2024KL0000057,1,449.67,11,2,4,1,2,2733,24,0,0,6,1,5,1,1900104,1000000
2024KL0000058,1,449.67,30,1,1,1,8,23374,212,5000,1,1,1,5,1,1900111,1000000
2024KL0000059,1,449.67,7,1,1,1,1,8720,79,0,0,6,1,5,1,1900109,1000000
2024KL0000060,1,449.67,25,2,5,1,9,8575,77,8000,1,4,1,1,1,1900105,1000000
2024KL0000061,1,449.67,50,1,1,1,9,48096,437,7000,3,5,1,1,1,1900101,1000000
2024KL0000062,1,449.67,34,2,5,1,13,23178,210,9800,6,1,1,1,1,1900106,1000000
2024KL0000063,1,449.67,10,2,1,1,9,3283,29,0,0,6,1,5,1,1900107,1000000
2024KL0000064,1,449.67,60,1,1,1,8,11008,100,9000,6,3,1,2,1,1900106,1000000
2024KL0000065,1,449.67,16,2,3,1,14,14366,130,0,0,6,1,5,1,1900114,1000000
2024KL0000066,1,449.67,51,1,3,1,11,23040,209,6000,4,1,1,1,2,1900107,1000000
2024KL0000067,1,449.67,3,1,6,1,9,17917,162,0,0,6,1,5,1,1900107,1000000
2024KL0000068,1,449.67,38,1,1,1,11,60556,501,8000,1,1,1,1,1,1900110,1000000
2024KL0000069,1,449.67,77,2,1,1,7,9467,86,0,0,6,1,1,1,1900112,1000000
2024KL0000070,1,449.67,5,2,2,1,6,4178,37,0,0,6,1,5,1,1900102,1000000
2024KL0000071,1,449.67,21,1,2,1,17,30212,274,1000,3,1,1,1,1,1900105,1000000
2024KL0000072,1,449.67,1,2,1,1,1,1372,12,0,0,6,1,5,1,1900101,1000000
2024KL0000073,1,449.67,41,1,1,1,18,73623,501,3000,2,1,1,1,1,1900113,1000000
2024KL0000074,1,449.67,0,1,1,1,1,3521,32,0,0,6,1,5,1,1900112,1000000
2024KL0000075,1,449.67,49,2,1,1,14,48576,441,9800,1,1,1,1,1,1900113,1000000
2024KL0000076,1,449.67,40,1,4,1,10,11313,102,8000,3,1,1,1,1,1900104,1000000
2024KL0000077,1,449.67,16,1,1,1,11,8080,73,0,0,6,1,5,1,1900109,1000000
2024KL0000078,1,449.67,1,2,1,1,3,6466,58,0,0,6,1,5,1,1900110,1000000
2024KL0000079,1,449.67,30,1,2,1,8,21270,193,7000,3,1,1,5,1,1900108,1000000
2024KL0000080,1,449.67,2,1,2,1,1,4038,36,0,0,6,1,5,1,1900109,1000000
2024KL0000081,1,449.67,27,2,1,1,15,91623,501,4000,3,1,1,1,1,1900103,1000000
2024KL0000082,1,449.67,7,1,1,1,2,2316,21,0,0,6,1,5,1,1900103,1000000
2024KL0000083,1,449.67,82,2,2,1,6,16543,150,0,0,6,1,4,1,1900106,1000000
2024KL0000084,1,449.67,43,1,3,1,5,8930,81,5000,1,1,1,1,1,1900100,1000000
2024KL0000085,1,449.67,41,1,1,1,7,25627,232,9920,6,1,1,2,1,1900114,1000000
2024KL0000086,1,449.67,43,2,2,1,11,18667,169,9000,6,1,1,1,1,1900101,1000000
2024KL0000087,1,449.67,21,1,2,1,16,13033,118,5000,3,1,1,5,1,1900103,1000000
2024KL0000088,1,449.67,25,1,1,1,12,14828,134,6000,1,1,1,1,1,1900108,1000000
2024KL0000089,1,449.67,54,2,1,1,16,40810,371,6000,1,1,1,2,1,1900110,1000000
2024KL0000090,1,449.67,6,2,2,1,2,918,8,0,0,6,1,5,1,1900108,1000000
2024KL0000091,1,449.67,50,1,1,1,8,12231,111,9800,3,1,1,2,1,1900113,1000000
2024KL0000092,1,449.67,39,1,2,1,5,10064,91,7000,1,1,1,1,1,1900105,1000000
2024KL0000093,1,449.67,28,2,6,1,9,16774,152,9800,1,1,1,1,1,1900113,1000000
2024KL0000094,1,449.67,32,1,2,1,10,26421,240,3000,2,2,1,1,1,1900113,1000000
2024KL0000095,1,449.67,18,1,2,1,14,17159,155,6000,4,1,1,5,1,1900109,1000000
2024KL0000096,1,449.67,53,1,6,1,14,39333,357,2000,3,1,1,1,1,1900108,1000000
2024KL0000097,1,449.67,36,2,6,1,8,8293,75,6000,1,1,1,1,1,1900113,1000000
2024KL0000098,1,449.67,23,2,1,1,17,43882,398,5000,1,2,1,5,1,1900102,1000000
2024KL0000099,1,449.67,16,2,2,1,15,14517,131,0,0,6,1,5,1,1900106,1000000
2024KL0000100,1,449.67,20,1,2,1,15,35067,318,6000,1,1,1,1,1,1900103,1000000
2024KL0000101,1,449.67,41,1,1,1,13,8738,79,2000,3,2,1,1,1,1900100,1000000
2024KL0000102,1,449.67,42,2,2,1,11,36194,329,6000,1,1,1,1,1,1900110,1000000
2024KL0000103,1,449.67,32,2,6,1,14,10324,93,8000,1,1,1,5,1,1900108,1000000
2024KL0000104,1,449.67,25,2,1,1,13,13975,127,8000,1,1,1,5,1,1900112,1000000
2024KL0000105,1,449.67,41,2,1,1,15,63574,501,5000,4,1,1,1,1,1900106,1000000
2024KL0000106,1,449.67,43,2,1,1,9,105845,501,2000,3,1,1,1,1,1900105,1000000
2024KL0000107,1,449.67,97,1,1,1,5,6238,56,0,0,6,1,1,1,1900100,1000000
2024KL0000108,1,449.67,25,2,7,1,14,15532,141,9000,6,1,1,5,1,1900109,1000000
2024KL0000109,1,449.67,36,1,1,1,11,65735,501,7000,1,5,1,1,1,1900101,1000000
2024KL0000110,1,449.67,15,1,4,1,20,53750,488,0,0,6,1,5,1,1900101,1000000
2024KL0000111,1,449.67,45,2,2,1,11,15064,136,5000,4,1,1,1,1,1900114,1000000
2024KL0000112,1,449.67,64,1,5,1,11,14417,131,3000,2,1,1,1,1,1900112,1000000
2024KL0000113,1,449.67,38,2,9,1,12,19055,173,5000,6,5,1,1,1,1900100,1000000
2024KL0000114,1,449.67,3,2,3,1,3,1448,13,0,0,6,1,5,1,1900110,1000000
2024KL0000115,1,449.67,44,1,1,1,16,259898,501,5000,4,1,1,1,1,1900107,1000000
2024KL0000116,1,449.67,16,1,1,1,16,21572,196,0,0,6,1,5,1,1900100,1000000
2024KL0000117,1,449.67,5,1,1,1,3,13355,121,0,0,6,1,5,1,1900108,1000000
2024KL0000118,1,449.67,14,1,4,1,3,2558,23,0,0,6,1,5,1,1900107,1000000
2024KL0000119,1,449.67,18,1,3,1,15,8347,75,4000,3,1,1,1,1,1900110,1000000
2024KL0000120,1,449.67,37,2,5,1,6,12163,110,6000,4,1,1,1,1,1900104,1000000
2024KL0000121,1,449.67,17,1,1,1,14,17758,161,0,0,6,1,5,1,1900113,1000000
2024KL0000122,1,449.67,50,2,3,1,12,29614,269,6000,3,1,1,2,1,1900101,1000000
2024KL0000123,1,449.67,93,2,1,1,10,8178,74,0,0,6,1,2,1,1900112,1000000
2024KL0000124,1,449.67,43,2,2,1,9,19901,180,9000,1,1,1,1,1,1900111,1000000
2024KL0000125,1,449.67,22,1,1,1,11,16299,148,1000,3,1,1,5,1,1900100,1000000
2024KL0000126,1,449.67,35,1,2,1,5,2753,25,7000,6,1,1,1,1,1900114,1000000
2024KL0000127,1,449.67,33,1,1,1,9,117786,501,5000,4,1,1,5,1,1900109,1000000
2024KL0000128,1,449.67,2,2,1,1,1,2667,24,0,0,6,1,5,1,1900106,1000000
2024KL0000129,1,449.67,59,2,2,1,11,25569,232,1000,2,1,1,1,1,1900109,1000000
2024KL0000130,1,449.67,45,1,1,1,10,9838,89,6000,6,1,1,1,1,1900108,1000000
2024KL0000131,1,449.67,28,2,1,1,9,47104,428,9800,3,5,1,1,1,1900109,1000000
2024KL0000132,1,449.67,40,2,2,1,11,41040,373,5000,1,1,1,1,1,1900101,1000000
2024KL0000133,1,449.67,44,1,7,1,14,108456,501,7000,1,2,1,1,1,1900113,1000000
2024KL0000134,1,449.67,6,2,6,1,6,3925,35,0,0,6,1,5,1,1900100,1000000
2024KL0000135,1,449.67,37,1,1,1,12,50034,454,4000,1,1,1,1,1,1900109,1000000
2024KL0000136,1,449.67,22,2,4,1,17,23052,209,6000,3,2,1,1,1,1900111,1000000
2024KL0000137,1,449.67,87,1,1,1,8,5441,49,0,0,6,1,1,1,1900112,1000000
2024KL0000138,1,449.67,48,2,2,1,12,26522,241,8000,3,1,1,1,1,1900113,1000000
2024KL0000139,1,449.67,32,1,1,1,6,13736,124,9800,4,1,1,5,1,1900113,1000000
2024KL0000140,1,449.67,40,2,2,1,20,147135,501,3000,2,1,1,1,1,1900105,1000000
2024KL0000141,1,449.67,36,1,2,1,14,12759,115,4000,1,1,1,1,1,1900109,1000000
2024KL0000142,1,449.67,39,2,2,1,12,18071,164,6000,1,5,1,1,1,1900110,1000000
2024KL0000143,1,449.67,24,1,1,1,14,28584,259,3000,2,5,1,1,1,1900105,1000000
2024KL0000144,1,449.67,33,1,1,1,9,17082,155,7000,4,1,1,5,1,1900110,1000000
2024KL0000145,1,449.67,31,2,4,1,11,20730,188,7000,1,5,1,1,1,1900112,1000000
2024KL0000146,1,449.67,34,2,1,1,8,21743,197,6000,3,1,1,5,1,1900105,1000000
2024KL0000147,1,449.67,29,1,6,1,20,91506,501,2000,1,1,1,5,2,1900109,1000000
2024KL0000148,1,449.67,41,1,2,1,18,60342,501,1000,1,1,1,3,1,1900111,1000000
2024KL0000149,1,449.67,34,1,1,1,14,73932,501,9000,4,1,1,1,1,1900110,1000000
2024KL0000150,1,449.67,37,2,7,1,16,45567,414,2000,3,1,1,1,1,1900111,1000000
2024KL0000151,1,449.67,30,2,3,1,12,49443,449,8000,1,5,1,1,1,1900114,1000000
2024KL0000152,1,449.67,39,1,3,1,8,10839,98,9000,6,2,1,2,2,1900100,1000000
2024KL0000153,1,449.67,30,1,2,1,9,18899,171,6000,1,1,1,1,1,1900107,1000000
2024KL0000154,1,449.67,15,1,1,1,13,61991,501,0,0,6,1,5,1,1900109,1000000
2024KL0000155,1,449.67,2,1,1,1,8,1218,11,0,0,6,1,5,1,1900105,1000000
2024KL0000156,1,449.67,12,2,1,1,5,6105,55,0,0,6,1,5,1,1900109,1000000
2024KL0000157,1,449.67,20,2,3,1,14,2624,23,1000,1,5,1,5,1,1900114,1000000
2024KL0000158,1,449.67,32,1,3,1,13,58442,501,6000,1,1,1,1,1,1900111,1000000
2024KL0000159,1,449.67,17,2,1,1,20,55104,500,0,0,6,1,5,1,1900108,1000000
2024KL0000160,1,449.67,18,1,1,1,20,49107,446,3000,3,4,1,1,1,1900103,1000000
2024KL0000161,1,449.67,59,2,4,1,8,5643,51,7000,4,1,1,1,1,1900106,1000000
2024KL0000162,1,449.67,41,2,1,1,8,8176,74,6000,3,1,1,1,1,1900113,1000000
2024KL0000163,1,449.67,86,1,7,1,12,15083,137,0,0,6,1,5,1,1900106,1000000
2024KL0000164,1,449.67,57,1,2,1,8,3023,27,9000,1,5,1,5,1,1900108,1000000
2024KL0000165,1,449.67,78,2,1,1,6,2321,21,0,0,6,1,1,1,1900104,1000000
2024KL0000166,1,449.67,68,1,1,1,6,3191,29,5000,1,1,1,5,1,1900108,1000000
2024KL0000167,1,449.67,27,2,1,1,11,7563,68,6000,1,5,1,1,1,1900111,1000000
2024KL0000168,1,449.67,44,2,2,1,15,93305,501,1000,2,1,1,1,1,1900111,1000000
2024KL0000169,1,449.67,45,1,3,1,12,20888,189,5000,1,1,1,1,1,1900110,1000000
2024KL0000170,1,449.67,24,1,6,1,16,73540,501,5000,4,5,1,5,1,1900102,1000000
2024KL0000171,1,449.67,52,2,2,1,7,10290,93,8000,1,1,1,1,1,1900111,1000000
2024KL0000172,1,449.67,31,2,1,1,11,16523,150,1000,1,1,1,1,1,1900114,1000000
2024KL0000173,1,449.67,31,1,6,1,11,34505,313,7000,4,2,1,1,1,1900107,1000000
2024KL0000174,1,449.67,43,2,4,1,14,79240,501,6000,6,2,1,1,2,1900101,1000000
2024KL0000175,1,449.67,63,1,2,1,9,21736,197,8000,4,2,1,1,1,1900110,1000000
2024KL0000176,1,449.67,2,2,2,1,4,2529,22,0,0,6,1,5,1,1900101,1000000
2024KL0000177,1,449.67,9,2,1,1,5,2891,26,0,0,6,1,5,1,1900105,1000000
2024KL0000178,1,449.67,47,2,1,1,11,24649,224,7000,3,1,2,1,1,1900108,1000000
2024KL0000179,1,449.67,34,1,5,1,10,30496,277,8000,6,1,1,1,1,1900114,1000000
2024KL0000180,1,449.67,44,2,3,1,10,59390,501,8000,3,1,1,1,1,1900109,1000000
2024KL0000181,1,449.67,12,1,2,1,3,910,8,0,0,6,1,5,1,1900103,1000000
2024KL0000182,1,449.67,16,2,1,1,10,9396,85,0,0,6,1,5,2,1900109,1000000
2024KL0000183,1,449.67,9,2,1,1,3,7581,68,0,0,6,1,5,1,1900113,1000000
2024KL0000184,1,449.67,15,2,1,1,15,28843,262,0,0,6,1,5,1,1900105,1000000
2024KL0000185,1,449.67,57,2,1,1,5,18427,167,5000,1,3,1,1,1,1900114,1000000
2024KL0000186,1,449.67,27,1,3,1,8,2137,19,9000,1,2,1,5,1,1900103,1000000
2024KL0000187,1,449.67,10,1,1,1,5,6272,57,0,0,6,1,5,1,1900108,1000000
2024KL0000188,1,449.67,31,2,1,1,6,28687,260,6000,1,1,1,1,1,1900114,1000000
2024KL0000189,1,449.67,52,2,1,1,14,116538,501,1000,1,1,1,5,1,1900114,1000000
2024KL0000190,1,449.67,4,2,1,1,7,5584,50,0,0,6,1,5,1,1900114,1000000
2024KL0000191,1,449.67,34,2,3,1,12,27780,252,7000,1,1,1,1,1,1900112,1000000
2024KL0000192,1,449.67,88,2,2,1,11,24749,224,0,0,6,1,1,1,1900110,1000000
2024KL0000193,1,449.67,26,2,1,1,15,53985,490,2000,2,1,1,1,1,1900101,1000000
2024KL0000194,1,449.67,59,2,1,1,13,82612,501,1000,1,5,1,5,1,1900104,1000000
2024KL0000195,1,449.67,79,2,1,1,8,4116,37,0,0,6,1,2,1,1900102,1000000
2024KL0000196,1,449.67,0,1,2,1,2,4773,43,0,0,6,1,5,1,1900102,1000000
2024KL0000197,1,449.67,52,2,2,1,10,4737,43,5000,6,1,1,3,1,1900103,1000000
2024KL0000198,1,449.67,17,1,4,1,15,23695,215,0,0,6,1,5,1,1900106,1000000
2024KL0000199,1,449.67,4,1,1,1,2,1732,15,0,0,6,1,5,1,1900111,1000000
2024KL0000200,1,449.67,44,2,1,1,13,42378,385,1000,1,1,1,1,1,1900105,1000000
2024KL0000201,1,449.67,26,2,6,1,17,80260,501,3000,2,1,1,1,1,1900107,1000000
2024KL0000202,1,449.67,42,2,6,1,13,51270,466,5000,1,2,1,5,1,1900108,1000000
2024KL0000203,1,449.67,57,1,3,1,12,8605,78,6000,1,1,1,1,2,1900110,1000000
2024KL0000204,1,449.67,99,1,4,1,6,5534,50,0,0,6,1,1,1,1900112,1000000
2024KL0000205,1,449.67,27,1,2,1,9,40112,364,4000,1,1,1,1,2,1900104,1000000
2024KL0000206,1,449.67,57,1,2,1,5,4500,40,8000,3,4,1,2,1,1900114,1000000
2024KL0000207,1,449.67,50,2,2,1,10,53685,488,7000,3,1,1,5,1,1900104,1000000
2024KL0000208,1,449.67,62,1,3,1,6,3949,35,6000,6,1,1,1,1,1900110,1000000
2024KL0000209,1,449.67,16,1,1,1,10,8103,73,0,0,6,1,5,1,1900110,1000000
2024KL0000210,1,449.67,4,2,3,1,7,6485,58,0,0,6,1,5,1,1900103,1000000
2024KL0000211,1,449.67,22,1,3,1,15,133408,501,3000,3,1,1,1,1,1900112,1000000
2024KL0000212,1,449.67,58,1,1,1,14,73038,501,1000,2,1,1,2,1,1900109,1000000
2024KL0000213,1,449.67,10,2,1,1,3,3311,30,0,0,6,1,5,1,1900114,1000000
2024KL0000214,1,449.67,62,2,1,1,9,32602,296,6000,3,1,1,1,1,1900114,1000000
2024KL0000215,1,449.67,27,2,5,1,14,39913,362,6000,3,3,1,5,1,1900113,1000000
2024KL0000216,1,449.67,35,2,1,1,8,24333,221,9000,3,1,1,1,1,1900112,1000000
2024KL0000217,1,449.67,26,2,7,1,9,22610,205,4000,1,2,1,5,2,1900105,1000000
2024KL0000218,1,449.67,25,1,1,1,6,15657,142,6000,1,1,1,1,1,1900113,1000000
2024KL0000219,1,449.67,4,2,3,1,3,3794,34,0,0,6,1,5,1,1900101,1000000
2024KL0000220,1,449.67,51,2,1,1,6,4988,45,7000,1,1,1,2,1,1900102,1000000
2024KL0000221,1,449.67,89,2,4,1,10,11588,105,0,0,6,1,1,1,1900105,1000000
2024KL0000222,1,449.67,35,2,2,1,9,85238,501,9000,4,1,1,1,1,1900103,1000000
2024KL0000223,1,449.67,42,2,1,1,5,7848,71,6000,1,5,1,1,1,1900106,1000000
2024KL0000224,1,449.67,6,2,1,1,6,3584,32,0,0,6,1,5,1,1900101,1000000
2024KL0000225,1,449.67,29,1,7,1,8,13601,123,5000,3,1,1,5,1,1900107,1000000
2024KL0000226,1,449.67,45,1,5,1,19,60157,501,3000,1,1,1,1,1,1900106,1000000
2024KL0000227,1,449.67,42,2,6,1,15,111994,501,1000,1,1,1,1,1,1900113,1000000
2024KL0000228,1,449.67,19,2,1,1,18,14679,133,3000,3,1,1,5,1,1900107,1000000
2024KL0000229,1,449.67,53,2,6,1,10,6428,58,7000,6,1,2,1,1,1900107,1000000
2024KL0000230,1,449.67,36,2,1,1,12,53958,490,5000,4,4,1,1,1,1900111,1000000
2024KL0000231,1,449.67,26,2,1,1,8,4289,38,7000,4,5,1,5,1,1900104,1000000
2024KL0000232,1,449.67,25,1,1,1,15,58746,501,5000,3,1,1,1,1,1900100,1000000
2024KL0000233,1,449.67,54,1,3,1,10,36637,333,9800,1,1,1,1,1,1900105,1000000
2024KL0000234,1,449.67,73,1,2,1,6,5471,49,0,0,6,1,2,1,1900110,1000000
2024KL0000235,1,449.67,35,1,1,1,8,6397,58,9800,4,1,1,1,1,1900109,1000000
2024KL0000236,1,449.67,55,2,1,1,11,63317,501,6000,4,1,1,2,1,1900109,1000000
2024KL0000237,1,449.67,21,1,2,1,11,7526,68,4000,1,1,1,1,2,1900108,1000000
2024KL0000238,1,449.67,94,2,2,1,6,4917,44,0,0,6,1,2,1,1900108,1000000
2024KL0000239,1,449.67,75,2,1,1,6,25697,233,0,0,6,1,2,1,1900102,1000000
2024KL0000240,1,449.67,35,2,2,1,5,7195,65,9800,1,1,1,1,1,1900104,1000000
2024KL0000241,1,449.67,37,2,3,1,9,65973,501,8000,3,4,1,1,1,1900113,1000000
2024KL0000242,1,449.67,63,2,9,1,6,10740,97,9800,1,3,1,2,1,1900101,1000000
2024KL0000243,1,449.67,23,1,2,1,12,6684,60,7000,1,1,1,5,1,1900106,1000000
2024KL0000244,1,449.67,28,2,1,1,11,50160,455,9800,4,4,1,1,1,1900114,1000000
2024KL0000245,1,449.67,36,2,1,1,14,70013,501,1000,1,1,1,1,1,1900105,1000000
2024KL0000246,1,449.67,11,1,3,1,1,1339,12,0,0,6,1,5,1,1900105,1000000
2024KL0000247,1,449.67,32,1,1,1,5,3048,27,5000,1,1,1,5,1,1900107,1000000
2024KL0000248,1,449.67,10,2,1,1,9,15243,138,0,0,6,1,5,1,1900114,1000000
2024KL0000249,1,449.67,12,1,4,1,6,5055,45,0,0,6,5,5,1,1900107,1000000
2024KL0000250,1,449.67,14,2,1,1,8,3473,31,0,0,6,1,5,1,1900111,1000000
2024KL0000251,1,449.67,45,1,3,1,13,28940,263,2000,1,1,1,1,2,1900101,1000000
2024KL0000252,1,449.67,17,1,2,1,15,35286,320,0,0,6,1,5,1,1900114,1000000
2024KL0000253,1,449.67,48,2,1,1,13,62281,501,9000,1,1,1,1,1,1900107,1000000
2024KL0000254,1,449.67,58,1,1,1,5,9265,84,5000,1,1,1,1,1,1900100,1000000
2024KL0000255,1,449.67,46,2,1,1,10,49175,447,2000,2,2,1,1,1,1900105,1000000
2024KL0000256,1,449.67,21,2,1,1,14,9421,85,9000,3,1,1,1,1,1900104,1000000
2024KL0000257,1,449.67,15,1,3,1,19,61021,501,0,0,6,1,5,1,1900109,1000000
2024KL0000258,1,449.67,62,1,1,1,5,4503,40,6000,3,1,1,5,1,1900100,1000000
2024KL0000259,1,449.67,24,1,1,1,18,46194,419,4000,2,3,1,5,1,1900100,1000000
2024KL0000260,1,449.67,43,2,3,1,12,41619,378,7000,3,1,1,1,1,1900110,1000000
2024KL0000261,1,449.67,5,2,1,1,4,1829,16,0,0,6,1,5,1,1900112,1000000
2024KL0000262,1,449.67,15,1,1,1,15,34638,314,0,0,6,1,5,1,1900100,1000000
2024KL0000263,1,449.67,6,2,1,1,3,17162,156,0,0,6,1,5,1,1900101,1000000
2024KL0000264,1,449.67,17,2,1,1,13,15287,138,0,0,6,1,5,1,1900102,1000000
2024KL0000265,1,449.67,24,1,1,1,20,84715,501,3000,2,1,1,5,1,1900106,1000000
2024KL0000266,1,449.67,58,1,2,1,9,8489,77,5000,3,1,1,1,1,1900114,1000000
2024KL0000267,1,449.67,27,2,1,1,20,103763,501,1000,2,5,1,5,1,1900111,1000000
2024KL0000268,1,449.67,97,2,4,1,9,16925,153,0,0,6,1,1,1,1900106,1000000
2024KL0000269,1,449.67,89,1,1,1,7,12023,109,0,0,6,1,1,1,1900105,1000000
2024KL0000270,1,449.67,40,1,6,1,11,60990,501,8000,1,1,1,1,1,1900111,1000000
2024KL0000271,1,449.67,17,1,1,1,12,1867,16,0,0,6,1,5,1,1900106,1000000
2024KL0000272,1,449.67,37,2,1,1,13,21092,191,8000,6,1,1,1,1,1900111,1000000
2024KL0000273,1,449.67,43,1,4,1,9,23560,214,9000,1,1,1,1,1,1900104,1000000
2024KL0000274,1,449.67,93,2,2,1,7,4940,44,0,0,6,1,1,1,1900102,1000000
2024KL0000275,1,449.67,31,2,6,1,13,65936,501,9800,4,1,1,1,1,1900109,1000000
2024KL0000276,1,449.67,41,2,2,1,11,18976,172,6000,1,1,1,1,1,1900103,1000000
2024KL0000277,1,449.67,31,1,1,1,17,54713,497,4000,1,5,1,1,1,1900105,1000000
2024KL0000278,1,449.67,52,2,5,1,7,4578,41,5000,1,3,1,1,1,1900105,1000000
2024KL0000279,1,449.67,4,2,1,1,5,39185,356,0,0,6,1,5,1,1900101,1000000
2024KL0000280,1,449.67,37,1,1,1,18,212893,501,4000,3,1,1,1,1,1900101,1000000
2024KL0000281,1,449.67,33,1,2,1,5,7606,69,9800,4,1,1,5,1,1900113,1000000
2024KL0000282,1,449.67,83,2,3,1,7,1676,15,0,0,6,1,1,1,1900110,1000000
2024KL0000283,1,449.67,46,2,1,1,15,64406,501,2000,1,1,1,1,1,1900105,1000000
2024KL0000284,1,449.67,2,1,1,1,7,6597,59,0,0,6,1,5,1,1900107,1000000
2024KL0000285,1,449.67,39,2,6,1,10,13759,125,5000,4,4,1,1,1,1900113,1000000
2024KL0000286,1,449.67,26,1,2,1,14,60965,501,6000,3,1,1,5,1,1900109,1000000
2024KL0000287,1,449.67,36,2,4,1,11,25109,228,3000,2,1,1,1,1,1900108,1000000
2024KL0000288,1,449.67,63,2,2,1,5,4935,44,5000,1,1,1,2,1,1900103,1000000
2024KL0000289,1,449.67,37,2,1,1,18,57328,501,1000,2,1,1,2,1,1900114,1000000
2024KL0000290,1,449.67,18,1,3,1,14,13502,122,1000,1,1,1,5,1,1900100,1000000
2024KL0000291,1,449.67,45,1,1,1,10,50469,458,6000,1,1,1,1,1,1900113,1000000
2024KL0000292,1,449.67,43,1,6,1,5,4601,41,9920,4,1,1,1,1,1900110,1000000
2024KL0000293,1,449.67,18,1,4,1,12,6536,59,5000,1,1,1,1,1,1900105,1000000
2024KL0000294,1,449.67,36,2,3,1,18,42547,386,6000,1,4,1,1,1,1900111,1000000
2024KL0000295,1,449.67,19,1,1,1,17,34047,309,1000,1,1,1,5,1,1900110,1000000
2024KL0000296,1,449.67,9,2,1,1,6,1417,12,0,0,6,1,5,1,1900101,1000000
2024KL0000297,1,449.67,17,1,5,1,16,12493,113,0,0,6,1,5,1,1900102,1000000
2024KL0000298,1,449.67,40,1,1,1,9,5587,50,5000,4,1,1,1,1,1900106,1000000
2024KL0000299,1,449.67,4,1,6,1,4,4175,37,0,0,6,1,5,1,1900114,1000000
2024KL0000300,1,449.67,33,1,1,1,14,26320,239,7000,4,1,1,5,1,1900104,1000000
2024KL0000301,1,449.67,1,1,1,1,3,2316,21,0,0,6,1,5,1,1900103,1000000
2024KL0000302,1,449.67,29,2,1,1,11,35752,325,7000,1,1,1,1,1,1900113,1000000
2024KL0000303,1,449.67,53,1,1,1,7,27079,246,9920,1,4,1,1,1,1900114,1000000
2024KL0000304,1,449.67,22,2,1,1,14,7430,67,5000,1,1,1,5,1,1900100,1000000
2024KL0000305,1,449.67,9,1,4,1,3,5337,48,0,0,6,1,5,1,1900110,1000000
2024KL0000306,1,449.67,45,2,3,1,12,26955,245,3000,1,1,1,1,1,1900111,1000000
2024KL0000307,1,449.67,10,1,2,1,8,2897,26,0,0,6,1,5,1,1900114,1000000
2024KL0000308,1,449.67,34,2,1,1,16,101981,501,4000,2,1,1,1,1,1900114,1000000
2024KL0000309,1,449.67,23,2,3,1,18,37375,339,1000,1,1,1,5,2,1900111,1000000
2024KL0000310,1,449.67,42,1,2,1,17,53807,489,2000,3,1,1,1,1,1900110,1000000
2024KL0000311,1,449.67,33,1,5,1,5,45702,415,8000,1,1,1,1,1,1900108,1000000
2024KL0000312,1,449.67,5,1,2,1,1,1168,10,0,0,6,1,5,1,1900109,1000000
2024KL0000313,1,449.67,22,1,2,1,18,15077,137,3000,1,1,1,5,1,1900104,1000000
2024KL0000314,1,449.67,4,1,4,1,4,12991,118,0,0,6,5,5,1,1900103,1000000
2024KL0000315,1,449.67,25,2,1,1,8,10698,97,8000,6,5,1,1,1,1900106,1000000
2024KL0000316,1,449.67,28,1,1,1,10,38472,349,3000,2,1,1,1,1,1900113,1000000
2024KL0000317,1,449.67,4,2,1,1,4,9746,88,0,0,6,1,5,1,1900105,1000000
2024KL0000318,1,449.67,69,1,2,1,7,13190,119,9920,6,1,1,1,1,1900110,1000000
2024KL0000319,1,449.67,12,2,3,1,6,20329,184,0,0,6,1,5,1,1900103,1000000
2024KL0000320,1,449.67,34,2,1,1,9,34356,312,9000,1,1,1,1,1,1900112,1000000
2024KL0000321,1,449.67,30,2,7,1,5,1983,18,6000,3,1,1,1,1,1900114,1000000
2024KL0000322,1,449.67,2,2,4,1,2,2290,20,0,0,6,1,5,1,1900103,1000000
2024KL0000323,1,449.67,36,2,1,1,11,50650,460,5000,4,1,1,1,1,1900110,1000000
2024KL0000324,1,449.67,17,1,1,1,18,9931,90,0,0,6,1,5,1,1900102,1000000
2024KL0000325,1,449.67,49,1,1,1,11,75710,501,7000,6,1,2,1,1,1900111,1000000
2024KL0000326,1,449.67,2,1,1,1,8,6708,60,0,0,6,1,5,1,1900111,1000000
2024KL0000327,1,449.67,43,2,1,1,15,97138,501,5000,1,1,1,5,1,1900103,1000000
2024KL0000328,1,449.67,5,1,2,1,4,5570,50,0,0,6,1,5,1,1900109,1000000
2024KL0000329,1,449.67,44,1,2,1,6,6383,58,9000,4,4,1,1,1,1900108,1000000
2024KL0000330,1,449.67,6,2,1,1,2,3215,29,0,0,6,1,5,1,1900100,1000000
2024KL0000331,1,449.67,58,2,6,1,14,14537,132,9000,4,2,1,1,1,1900109,1000000
2024KL0000332,1,449.67,77,2,1,1,9,7065,64,0,0,6,1,1,1,1900106,1000000
2024KL0000333,1,449.67,47,1,1,1,6,14940,135,7000,1,1,5,1,1,1900107,1000000
2024KL0000334,1,449.67,50,2,4,1,10,43134,392,6000,6,3,1,1,1,1900109,1000000
2024KL0000335,1,449.67,13,2,2,1,4,1389,12,0,0,6,1,5,1,1900112,1000000
2024KL0000336,1,449.67,12,2,1,1,8,799,7,0,0,6,1,5,1,1900107,1000000
2024KL0000337,1,449.67,42,2,2,1,14,37088,337,5000,4,1,1,1,1,1900101,1000000
2024KL0000338,1,449.67,36,1,4,1,8,16262,147,7000,1,4,1,1,1,1900101,1000000
2024KL0000339,1,449.67,20,1,1,1,17,25623,232,4000,3,1,1,5,1,1900110,1000000
2024KL0000340,1,449.67,26,2,4,1,11,26834,243,3000,1,1,2,5,1,1900113,1000000
2024KL0000341,1,449.67,32,1,1,1,10,21185,192,6000,1,1,1,1,1,1900112,1000000
2024KL0000342,1,449.67,26,1,1,1,18,47238,429,2000,2,1,2,1,1,1900107,1000000
2024KL0000343,1,449.67,74,1,1,1,7,7533,68,0,0,6,1,4,1,1900103,1000000
2024KL0000344,1,449.67,31,1,2,1,14,31624,287,6000,1,1,1,1,1,1900102,1000000
2024KL0000345,1,449.67,11,2,6,1,6,2546,23,0,0,6,1,5,1,1900101,1000000
2024KL0000346,1,449.67,1,1,1,1,3,2802,25,0,0,6,1,5,1,1900113,1000000
2024KL0000347,1,449.67,19,2,1,1,18,77509,501,2000,1,1,1,5,1,1900114,1000000
2024KL0000348,1,449.67,17,1,2,1,13,16580,150,0,0,6,1,5,1,1900108,1000000
2024KL0000349,1,449.67,52,2,2,1,15,73207,501,6000,1,1,1,1,1,1900108,1000000
2024KL0000350,1,449.67,5,2,1,1,6,2707,24,0,0,6,1,5,1,1900106,1000000
2024KL0000351,1,449.67,5,2,1,1,4,6901,62,0,0,6,1,5,1,1900101,1000000
2024KL0000352,1,449.67,53,1,7,1,5,7720,70,9800,1,1,1,5,1,1900114,1000000
2024KL0000353,1,449.67,41,1,1,1,7,13854,125,6000,3,2,1,1,1,1900110,1000000
2024KL0000354,1,449.67,7,1,1,1,2,18072,164,0,0,6,1,5,1,1900111,1000000
2024KL0000355,1,449.67,50,1,1,1,7,6216,56,9920,1,1,1,1,1,1900112,1000000
2024KL0000356,1,449.67,32,2,2,1,12,33247,302,1000,1,1,1,1,1,1900113,1000000
2024KL0000357,1,449.67,32,1,1,1,14,19538,177,5000,1,1,1,1,1,1900102,1000000
2024KL0000358,1,449.67,31,2,1,1,20,128159,501,4000,1,1,1,1,1,1900113,1000000
2024KL0000359,1,449.67,36,2,3,1,10,71883,501,7000,4,1,1,1,1,1900107,1000000
2024KL0000360,1,449.67,33,1,1,1,12,30573,277,6000,1,1,1,5,1,1900100,1000000
2024KL0000361,1,449.67,10,1,1,1,7,4387,39,0,0,6,1,5,1,1900101,1000000
2024KL0000362,1,449.67,3,2,4,1,7,8416,76,0,0,6,1,5,1,1900112,1000000
2024KL0000363,1,449.67,33,1,7,1,11,47777,434,5000,4,1,1,1,1,1900102,1000000
2024KL0000364,1,449.67,25,2,3,1,7,11777,107,6000,4,1,1,1,1,1900113,1000000
2024KL0000365,1,449.67,50,2,1,1,20,112597,501,4000,1,1,1,5,1,1900102,1000000
2024KL0000366,1,449.67,17,2,6,1,17,14016,127,0,0,6,1,5,1,1900106,1000000
2024KL0000367,1,449.67,50,1,1,1,16,72633,501,5000,3,2,1,5,1,1900101,1000000
2024KL0000368,1,449.67,62,1,4,1,8,22104,200,5000,1,1,1,1,1,1900113,1000000
2024KL0000369,1,449.67,58,2,1,1,11,61148,501,6000,6,4,1,1,1,1900105,1000000
2024KL0000370,1,449.67,40,1,1,1,14,33996,309,7000,1,1,1,1,1,1900113,1000000
2024KL0000371,1,449.67,34,1,3,1,17,47022,427,6000,4,1,1,1,1,1900110,1000000
2024KL0000372,1,449.67,3,2,1,1,3,3504,31,0,0,6,1,5,1,1900101,1000000
2024KL0000373,1,449.67,24,2,3,1,16,16732,152,1000,1,1,1,1,1,1900108,1000000
2024KL0000374,1,449.67,38,1,1,1,6,6351,57,7000,6,1,1,1,1,1900110,1000000
2024KL0000375,1,449.67,9,2,2,1,4,3115,28,0,0,6,1,5,1,1900104,1000000
2024KL0000376,1,449.67,38,2,3,1,12,13273,120,6000,4,1,1,1,1,1900111,1000000
2024KL0000377,1,449.67,82,2,1,1,8,9138,83,0,0,6,1,2,2,1900109,1000000
2024KL0000378,1,449.67,19,2,3,1,14,3016,27,1000,1,1,1,5,1,1900108,1000000
2024KL0000379,1,449.67,39,1,3,1,10,78270,501,1000,1,1,1,1,1,1900100,1000000
2024KL0000380,1,449.67,16,2,6,1,19,39174,356,0,0,6,1,5,1,1900111,1000000
2024KL0000381,1,449.67,7,1,1,1,6,2444,22,0,0,6,1,5,1,1900113,1000000
2024KL0000382,1,449.67,40,1,1,1,5,8140,74,7000,1,5,1,1,1,1900111,1000000
2024KL0000383,1,449.67,38,1,6,1,18,163526,501,6000,3,1,1,1,1,1900112,1000000
2024KL0000384,1,449.67,23,2,6,1,14,13213,120,7000,1,1,1,5,1,1900114,1000000
2024KL0000385,1,449.67,8,2,6,1,3,2547,23,0,0,6,1,5,1,1900105,1000000
2024KL0000386,1,449.67,37,2,4,1,8,28440,258,7000,3,2,1,1,1,1900111,1000000
2024KL0000387,1,449.67,53,2,3,1,10,33074,300,3000,2,1,1,1,1,1900103,1000000
2024KL0000388,1,449.67,39,2,7,1,11,24056,218,8000,1,1,1,5,1,1900111,1000000
2024KL0000389,1,449.67,81,2,1,1,6,469,4,0,0,6,1,1,1,1900103,1000000
2024KL0000390,1,449.67,0,1,1,1,7,4612,41,0,0,6,1,5,1,1900114,1000000
2024KL0000391,1,449.67,40,1,3,1,12,35600,323,6000,3,1,1,1,1,1900104,1000000
2024KL0000392,1,449.67,15,2,8,1,15,7860,71,0,0,6,1,5,1,1900103,1000000
2024KL0000393,1,449.67,43,2,1,1,10,43930,399,8000,3,5,1,5,1,1900108,1000000
2024KL0000394,1,449.67,28,2,4,1,11,16446,149,6000,1,1,1,1,1,1900113,1000000
2024KL0000395,1,449.67,41,2,6,1,17,19213,174,1000,1,1,1,1,1,1900107,1000000
2024KL0000396,1,449.67,32,2,1,1,6,31529,286,9000,1,1,1,1,1,1900107,1000000
2024KL0000397,1,449.67,42,1,1,1,6,13250,120,9000,6,1,1,1,1,1900107,1000000
2024KL0000398,1,449.67,43,1,6,1,12,27360,248,6000,3,3,1,1,1,1900114,1000000
2024KL0000399,1,449.67,14,2,1,1,6,1234,11,0,0,6,1,5,1,1900113,1000000
2024KL0000400,1,449.67,98,1,2,1,7,8505,77,0,0,6,1,1,1,1900104,1000000
2024KL0000401,1,449.67,11,2,1,1,8,4190,38,0,0,6,1,5,1,1900105,1000000
2024KL0000402,1,449.67,22,1,1,1,15,40763,370,5000,1,1,1,5,1,1900100,1000000
2024KL0000403,1,449.67,43,2,2,1,5,11260,102,9920,4,1,1,1,1,1900106,1000000
2024KL0000404,1,449.67,70,2,7,1,9,15939,144,5000,1,4,1,1,1,1900109,1000000
2024KL0000405,1,449.67,59,2,6,1,10,23135,210,5000,6,1,1,1,1,1900108,1000000
2024KL0000406,1,449.67,32,1,2,1,12,29274,266,1000,1,4,1,5,1,1900103,1000000
2024KL0000407,1,449.67,5,2,1,1,7,1114,10,0,0,6,1,5,1,1900108,1000000
2024KL0000408,1,449.67,74,2,1,1,12,13314,121,0,0,6,1,5,1,1900111,1000000
2024KL0000409,1,449.67,35,1,4,1,15,87392,501,5000,1,1,1,1,2,1900102,1000000
2024KL0000410,1,449.67,3,2,1,1,5,13353,121,0,0,6,1,5,2,1900102,1000000
2024KL0000411,1,449.67,11,2,8,1,2,4898,44,0,0,6,1,5,2,1900111,1000000
2024KL0000412,1,449.67,33,2,3,1,6,4966,45,5000,1,1,1,5,1,1900106,1000000
2024KL0000413,1,449.67,1,1,1,1,3,2616,23,0,0,6,1,5,1,1900108,1000000
2024KL0000414,1,449.67,62,2,1,1,7,7370,67,5000,3,1,1,1,1,1900107,1000000
2024KL0000415,1,449.67,41,2,2,1,9,17676,160,8000,1,1,1,1,1,1900111,1000000
2024KL0000416,1,449.67,5,1,1,1,4,1173,10,0,0,6,1,5,2,1900112,1000000
2024KL0000417,1,449.67,25,1,1,1,11,28528,259,9800,3,4,1,1,1,1900114,1000000
2024KL0000418,1,449.67,37,1,1,1,11,14930,135,9000,3,2,1,3,1,1900102,1000000
2024KL0000419,1,449.67,34,2,1,1,12,10587,96,1000,3,5,1,1,1,1900100,1000000
2024KL0000420,1,449.67,31,2,4,1,10,20259,184,8000,1,1,1,1,1,1900111,1000000
2024KL0000421,1,449.67,40,1,1,1,20,225024,501,4000,3,1,1,1,1,1900107,1000000
2024KL0000422,1,449.67,55,1,6,1,14,59620,501,9000,1,2,1,1,1,1900100,1000000
2024KL0000423,1,449.67,80,2,1,1,6,2030,18,0,0,6,1,2,1,1900108,1000000
2024KL0000424,1,449.67,36,1,1,1,16,126220,501,1000,2,1,1,1,1,1900111,1000000
2024KL0000425,1,449.67,12,2,4,1,3,5079,46,0,0,6,1,5,1,1900105,1000000
2024KL0000426,1,449.67,17,1,3,1,11,17432,158,0,0,6,1,5,1,1900100,1000000
2024KL0000427,1,449.67,50,1,4,1,9,32131,292,6000,3,1,1,1,1,1900107,1000000
2024KL0000428,1,449.67,34,1,1,1,13,23089,209,5000,1,1,1,1,1,1900110,1000000
2024KL0000429,1,449.67,42,1,6,1,14,22621,205,3000,2,1,1,1,1,1900100,1000000
2024KL0000430,1,449.67,19,2,2,1,11,12747,115,2000,1,2,1,5,1,1900113,1000000
2024KL0000431,1,449.67,49,2,5,1,12,42688,388,8000,1,1,1,1,1,1900100,1000000
2024KL0000432,1,449.67,58,1,1,1,8,11001,100,7000,4,1,1,1,1,1900111,1000000
2024KL0000433,1,449.67,40,1,1,1,11,7294,66,9800,1,2,1,1,1,1900113,1000000
2024KL0000434,1,449.67,21,2,1,1,13,9273,84,5000,6,1,1,5,1,1900107,1000000
2024KL0000435,1,449.67,31,1,1,1,12,18840,171,5000,1,1,1,5,1,1900111,1000000
2024KL0000436,1,449.67,40,1,2,1,11,33705,306,8000,4,1,1,1,1,1900109,1000000
2024KL0000437,1,449.67,8,1,1,1,4,3205,29,0,0,6,1,5,1,1900110,1000000
2024KL0000438,1,449.67,21,2,1,1,14,2946,26,2000,1,1,1,5,1,1900101,1000000
2024KL0000439,1,449.67,27,2,8,1,15,51578,468,4000,1,1,1,5,1,1900109,1000000
2024KL0000440,1,449.67,8,1,1,1,1,3257,29,0,0,6,1,5,1,1900113,1000000
2024KL0000441,1,449.67,44,2,1,1,16,91330,501,6000,3,1,1,2,1,1900113,1000000
2024KL0000442,1,449.67,74,1,2,1,5,6258,56,0,0,6,1,2,1,1900107,1000000
2024KL0000443,1,449.67,35,1,3,1,7,16639,151,9800,4,5,1,2,1,1900108,1000000
2024KL0000444,1,449.67,2,2,1,1,7,3758,34,0,0,6,1,5,2,1900100,1000000
2024KL0000445,1,449.67,19,1,1,1,18,26200,238,5000,1,5,1,5,1,1900110,1000000
2024KL0000446,1,449.67,0,2,3,1,4,5018,45,0,0,6,1,5,1,1900108,1000000
2024KL0000447,1,449.67,36,2,7,1,11,24894,226,5000,4,4,1,2,2,1900102,1000000
2024KL0000448,1,449.67,21,2,2,1,14,32533,295,4000,2,1,1,5,1,1900109,1000000
2024KL0000449,1,449.67,5,2,4,1,5,2358,21,0,0,6,1,5,1,1900110,1000000
2024KL0000450,1,449.67,31,2,1,1,13,35490,322,6000,1,1,1,5,1,1900100,1000000
2024KL0000451,1,449.67,25,2,1,1,8,13388,121,9920,1,3,2,1,1,1900105,1000000
2024KL0000452,1,449.67,86,1,1,1,5,3111,28,0,0,6,1,1,1,1900103,1000000
2024KL0000453,1,449.67,18,2,3,1,18,21469,195,4000,1,1,1,5,2,1900102,1000000
2024KL0000454,1,449.67,48,1,3,1,7,5737,52,8000,1,1,1,1,1,1900111,1000000
2024KL0000455,1,449.67,19,1,1,1,14,5652,51,9800,1,2,1,5,1,1900114,1000000
2024KL0000456,1,449.67,28,1,3,1,12,51763,470,9000,4,1,1,1,1,1900110,1000000
2024KL0000457,1,449.67,14,2,1,1,8,3286,29,0,0,6,1,5,1,1900102,1000000
2024KL0000458,1,449.67,75,2,4,1,5,7370,67,0,0,6,1,1,1,1900100,1000000
2024KL0000459,1,449.67,43,2,7,1,6,14860,135,5000,6,1,1,1,1,1900113,1000000
2024KL0000460,1,449.67,6,1,1,1,7,1591,14,0,0,6,1,5,1,1900105,1000000
2024KL0000461,1,449.67,37,2,1,1,12,28796,261,7000,1,1,1,1,1,1900106,1000000
2024KL0000462,1,449.67,14,2,2,1,8,4156,37,0,0,6,1,5,1,1900102,1000000
2024KL0000463,1,449.67,8,1,1,1,7,1227,11,0,0,6,1,5,1,1900110,1000000
2024KL0000464,1,449.67,59,2,7,1,8,12637,114,5000,4,1,1,1,1,1900108,1000000
2024KL0000465,1,449.67,15,2,2,1,20,67553,501,0,0,6,1,5,1,1900100,1000000
2024KL0000466,1,449.67,58,2,1,1,9,38943,354,7000,6,1,1,1,1,1900109,1000000
2024KL0000467,1,449.67,24,2,8,1,18,29682,269,1000,1,1,1,5,1,1900110,1000000
2024KL0000468,1,449.67,53,2,6,1,5,37880,344,6000,3,2,1,1,1,1900105,1000000
2024KL0000469,1,449.67,0,2,2,1,5,4705,42,0,0,6,1,5,1,1900105,1000000
2024KL0000470,1,449.67,24,1,2,1,16,131669,501,4000,3,1,1,5,1,1900105,1000000
2024KL0000471,1,449.67,42,1,2,1,7,11530,104,5000,4,3,1,5,1,1900109,1000000
2024KL0000472,1,449.67,3,2,4,1,4,6886,62,0,0,6,1,5,1,1900113,1000000
2024KL0000473,1,449.67,4,1,7,1,5,1789,16,0,0,6,1,5,1,1900101,1000000
2024KL0000474,1,449.67,71,1,4,1,10,23328,212,0,0,6,1,2,1,1900103,1000000
2024KL0000475,1,449.67,15,2,9,1,14,12221,111,0,0,6,1,5,1,1900109,1000000
2024KL0000476,1,449.67,20,2,2,1,13,10126,92,7000,3,1,1,5,2,1900108,1000000
2024KL0000477,1,449.67,3,2,3,1,4,5479,49,0,0,6,1,5,1,1900101,1000000
2024KL0000478,1,449.67,23,2,4,1,17,219071,501,2000,3,5,1,1,1,1900104,1000000
2024KL0000479,1,449.67,14,2,2,1,8,2761,25,0,0,6,1,5,1,1900102,1000000
2024KL0000480,1,449.67,32,2,2,1,8,8253,75,5000,3,1,2,5,1,1900107,1000000
2024KL0000481,1,449.67,99,1,2,1,11,8920,81,0,0,6,1,1,1,1900110,1000000
2024KL0000482,1,449.67,30,2,1,1,14,47894,435,5000,1,2,1,5,1,1900108,1000000
2024KL0000483,1,449.67,37,2,3,1,7,6154,55,9800,3,5,1,1,1,1900102,1000000
2024KL0000484,1,449.67,14,2,4,1,4,1272,11,0,0,6,1,5,2,1900111,1000000
2024KL0000485,1,449.67,24,2,1,1,18,36986,336,4000,2,1,1,5,1,1900106,1000000
2024KL0000486,1,449.67,14,1,1,1,4,651,5,0,0,6,1,5,2,1900114,1000000
2024KL0000487,1,449.67,23,2,6,1,16,13090,119,5000,1,1,1,1,1,1900114,1000000
2024KL0000488,1,449.67,42,2,2,1,15,58356,501,1000,1,3,1,1,1,1900110,1000000
2024KL0000489,1,449.67,4,2,2,1,3,2677,24,0,0,6,1,5,1,1900114,1000000
2024KL0000490,1,449.67,98,2,1,1,5,9235,83,0,0,6,1,1,1,1900109,1000000
2024KL0000491,1,449.67,28,1,1,1,14,20998,190,8000,4,2,1,5,1,1900103,1000000
2024KL0000492,1,449.67,33,1,2,1,13,58269,501,5000,1,1,1,5,1,1900100,1000000
2024KL0000493,1,449.67,30,1,1,1,18,67431,501,6000,1,1,1,5,1,1900107,1000000
2024KL0000494,1,449.67,84,1,3,1,6,2929,26,0,0,6,1,5,1,1900100,1000000
2024KL0000495,1,449.67,33,2,1,1,12,85253,501,9800,1,1,1,1,1,1900108,1000000
2024KL0000496,1,449.67,5,2,2,1,5,10168,92,0,0,6,1,5,1,1900108,1000000
2024KL0000497,1,449.67,16,2,1,1,10,14216,129,0,0,6,1,5,1,1900108,1000000
2024KL0000498,1,449.67,41,1,1,1,12,21259,193,9800,6,1,1,2,1,1900112,1000000
2024KL0000499,1,449.67,68,1,1,1,5,3983,36,9920,1,1,1,1,1,1900108,1000000
2024KL0000500,1,449.67,22,2,2,1,13,124616,501,9000,3,3,1,1,1,1900107,1000000
2024KL0000501,1,449.67,47,2,1,1,13,31761,288,1000,3,1,1,1,1,1900106,1000000
2024KL0000502,1,449.67,20,2,6,1,17,18581,168,4000,2,1,1,5,1,1900102,1000000
2024KL0000503,1,449.67,37,2,1,1,17,115265,501,5000,6,4,1,1,1,1900101,1000000
2024KL0000504,1,449.67,35,2,4,1,9,29740,270,4000,3,1,1,1,1,1900114,1000000
2024KL0000505,1,449.67,19,1,1,1,16,13371,121,5000,3,1,1,5,1,1900111,1000000
2024KL0000506,1,449.67,18,1,5,1,18,23194,210,1000,2,1,1,5,1,1900110,1000000
2024KL0000507,1,449.67,10,2,2,1,3,3111,28,0,0,6,1,5,1,1900112,1000000
2024KL0000508,1,449.67,1,1,9,1,4,3492,31,0,0,6,5,5,1,1900109,1000000
2024KL0000509,1,449.67,48,1,1,1,9,54957,499,9000,1,1,1,5,1,1900103,1000000
2024KL0000510,1,449.67,28,2,1,1,8,21356,194,9000,6,1,1,1,1,1900104,1000000
2024KL0000511,1,449.67,10,1,1,1,2,1517,13,0,0,6,1,5,1,1900104,1000000
2024KL0000512,1,449.67,19,1,1,1,10,7941,72,3000,1,1,1,5,1,1900101,1000000
2024KL0000513,1,449.67,38,2,1,1,10,15343,139,6000,1,1,1,3,1,1900103,1000000
2024KL0000514,1,449.67,48,2,3,1,16,147494,501,5000,6,1,1,3,1,1900112,1000000
2024KL0000515,1,449.67,3,1,1,1,3,1184,10,0,0,6,1,5,1,1900107,1000000
2024KL0000516,1,449.67,6,1,4,1,1,11711,106,0,0,6,1,5,1,1900108,1000000
2024KL0000517,1,449.67,59,1,3,1,8,9916,90,6000,1,1,1,1,1,1900111,1000000
2024KL0000518,1,449.67,29,1,3,1,14,75195,501,5000,3,5,1,1,1,1900103,1000000
2024KL0000519,1,449.67,21,1,4,1,19,35947,326,2000,1,1,1,5,1,1900102,1000000
2024KL0000520,1,449.67,16,2,1,1,19,40396,367,0,0,6,1,5,1,1900104,1000000
2024KL0000521,1,449.67,11,2,2,1,3,13294,120,0,0,6,1,5,1,1900100,1000000
2024KL0000522,1,449.67,10,1,1,1,6,3127,28,0,0,6,1,5,1,1900114,1000000
2024KL0000523,1,449.67,53,1,1,1,15,237901,501,2000,1,1,1,1,1,1900110,1000000
2024KL0000524,1,449.67,25,2,2,1,14,5687,51,7000,6,1,1,1,1,1900112,1000000
2024KL0000525,1,449.67,64,2,1,1,7,8021,72,6000,6,2,1,3,1,1900111,1000000
2024KL0000526,1,449.67,2,1,5,1,7,564,5,0,0,6,1,5,1,1900110,1000000
2024KL0000527,1,449.67,7,2,3,1,6,3832,34,0,0,6,1,5,1,1900108,1000000
2024KL0000528,1,449.67,6,2,1,1,4,3340,30,0,0,6,1,5,1,1900114,1000000
2024KL0000529,1,449.67,85,2,1,1,5,4415,40,0,0,6,1,1,1,1900102,1000000
2024KL0000530,1,449.67,27,1,3,1,13,34571,314,6000,3,3,5,5,1,1900103,1000000
2024KL0000531,1,449.67,32,1,9,1,15,114836,501,6000,6,1,1,1,2,1900109,1000000
2024KL0000532,1,449.67,8,2,5,1,4,16278,147,0,0,6,1,5,1,1900102,1000000
2024KL0000533,1,449.67,27,2,2,1,10,26034,236,5000,1,1,1,1,1,1900112,1000000
2024KL0000534,1,449.67,29,1,1,1,10,39055,355,9000,3,1,1,1,1,1900100,1000000
2024KL0000535,1,449.67,31,1,1,1,8,3562,32,9920,1,1,1,5,1,1900100,1000000
2024KL0000536,1,449.67,35,2,1,1,8,4672,42,5000,1,3,1,1,1,1900110,1000000
2024KL0000537,1,449.67,30,2,1,1,20,455899,501,3000,2,1,1,1,1,1900102,1000000
2024KL0000538,1,449.67,31,2,1,1,14,20089,182,1000,1,1,1,5,1,1900108,1000000
2024KL0000539,1,449.67,38,1,1,1,16,174996,501,5000,1,1,1,5,1,1900107,1000000
2024KL0000540,1,449.67,23,1,2,1,17,63967,501,3000,1,2,1,1,1,1900108,1000000
2024KL0000541,1,449.67,47,2,1,1,9,16290,148,6000,3,1,1,1,1,1900106,1000000
2024KL0000542,1,449.67,2,1,3,1,6,3481,31,0,0,6,1,5,1,1900108,1000000
2024KL0000543,1,449.67,26,2,3,1,13,23698,215,6000,1,2,1,5,1,1900107,1000000
2024KL0000544,1,449.67,19,2,1,1,12,18920,172,5000,4,1,2,5,1,1900109,1000000
2024KL0000545,1,449.67,41,1,3,1,10,38181,347,9000,1,2,1,1,1,1900111,1000000
2024KL0000546,1,449.67,17,1,1,1,16,83792,501,0,0,6,1,5,1,1900106,1000000
2024KL0000547,1,449.67,7,1,1,1,3,2648,24,0,0,6,1,5,1,1900101,1000000
2024KL0000548,1,449.67,32,2,1,1,12,32215,292,4000,1,1,1,1,1,1900105,1000000
2024KL0000549,1,449.67,17,1,6,1,14,11257,102,0,0,6,1,5,1,1900103,1000000
2024KL0000550,1,449.67,0,1,1,1,5,3030,27,0,0,6,1,5,1,1900102,1000000
2024KL0000551,1,449.67,1,2,1,1,3,1673,15,0,0,6,1,5,1,1900102,1000000
2024KL0000552,1,449.67,31,2,3,1,12,35199,319,4000,2,5,1,5,1,1900100,1000000
2024KL0000553,1,449.67,55,2,1,1,9,43633,396,1000,2,1,1,2,1,1900103,1000000
2024KL0000554,1,449.67,37,1,2,1,13,40661,369,2000,2,1,1,1,1,1900109,1000000
2024KL0000555,1,449.67,5,2,2,1,4,2964,26,0,0,6,5,5,1,1900102,1000000
2024KL0000556,1,449.67,38,2,1,1,7,8334,75,7000,4,1,1,1,1,1900108,1000000
2024KL0000557,1,449.67,16,1,7,1,17,28683,260,0,0,6,1,5,1,1900105,1000000
2024KL0000558,1,449.67,25,2,1,1,14,32477,295,6000,1,1,1,1,2,1900103,1000000
2024KL0000559,1,449.67,7,2,1,1,3,4326,39,0,0,6,1,5,1,1900102,1000000
2024KL0000560,1,449.67,41,2,5,1,9,37414,340,4000,2,2,1,1,1,1900100,1000000
2024KL0000561,1,449.67,52,2,1,1,11,45707,415,8000,4,1,1,1,1,1900113,1000000
2024KL0000562,1,449.67,32,2,1,1,15,44261,402,5000,1,1,1,5,1,1900112,1000000
2024KL0000563,1,449.67,10,2,2,1,3,5728,52,0,0,6,1,5,1,1900106,1000000
2024KL0000564,1,449.67,1,2,1,1,3,8268,75,0,0,6,1,5,1,1900103,1000000
2024KL0000565,1,449.67,32,1,2,1,11,124793,501,1000,2,1,1,1,1,1900102,1000000
2024KL0000566,1,449.67,7,2,1,1,6,507,4,0,0,6,1,5,1,1900106,1000000
2024KL0000567,1,449.67,35,2,3,1,17,72523,501,6000,4,1,1,1,1,1900100,1000000
2024KL0000568,1,449.67,8,1,1,1,3,5156,46,0,0,6,1,5,1,1900111,1000000
2024KL0000569,1,449.67,30,1,4,1,15,104895,501,1000,1,4,1,5,1,1900111,1000000
2024KL0000570,1,449.67,27,1,1,1,8,14817,134,8000,1,1,1,5,1,1900109,1000000
2024KL0000571,1,449.67,5,1,1,1,6,2258,20,0,0,6,1,5,1,1900114,1000000
2024KL0000572,1,449.67,54,2,1,1,5,3875,35,9920,3,2,1,2,1,1900102,1000000
2024KL0000573,1,449.67,62,2,2,1,7,3969,36,9800,1,2,1,2,1,1900107,1000000
2024KL0000574,1,449.67,63,1,1,1,8,9593,87,8000,1,1,1,1,1,1900101,1000000
2024KL0000575,1,449.67,8,2,1,1,2,20852,189,0,0,6,1,5,1,1900103,1000000
2024KL0000576,1,449.67,25,2,4,1,9,25823,234,6000,3,1,1,1,2,1900112,1000000
2024KL0000577,1,449.67,16,1,1,1,10,15539,141,0,0,6,1,5,1,1900111,1000000
2024KL0000578,1,449.67,48,1,1,1,17,96966,501,5000,1,2,1,3,1,1900111,1000000
2024KL0000579,1,449.67,49,1,4,1,8,6535,59,9800,1,1,1,1,1,1900110,1000000
2024KL0000580,1,449.67,7,1,1,1,2,2237,20,0,0,6,1,5,1,1900110,1000000
2024KL0000581,1,449.67,19,1,3,1,17,24624,223,2000,2,2,1,1,1,1900105,1000000
2024KL0000582,1,449.67,23,2,1,1,18,75696,501,5000,6,1,1,5,1,1900113,1000000
2024KL0000583,1,449.67,43,1,6,1,9,14300,130,9800,4,1,1,1,1,1900101,1000000
2024KL0000584,1,449.67,24,1,7,1,19,92351,501,3000,1,1,1,1,1,1900105,1000000
2024KL0000585,1,449.67,22,2,2,1,16,121951,501,2000,2,1,1,5,1,1900107,1000000
2024KL0000586,1,449.67,27,1,2,1,10,15679,142,6000,1,5,1,5,1,1900108,1000000
2024KL0000587,1,449.67,14,1,6,1,4,13727,124,0,0,6,1,5,1,1900100,1000000
2024KL0000588,1,449.67,35,1,5,1,11,49535,450,7000,1,1,1,1,1,1900106,1000000
2024KL0000589,1,449.67,51,1,4,1,7,12271,111,9000,3,3,1,1,1,1900114,1000000
2024KL0000590,1,449.67,22,2,2,1,13,19162,174,7000,6,1,1,5,1,1900103,1000000
2024KL0000591,1,449.67,22,1,7,1,12,13748,124,6000,1,1,1,1,1,1900108,1000000
2024KL0000592,1,449.67,17,1,1,1,13,2378,21,0,0,6,1,5,1,1900102,1000000
2024KL0000593,1,449.67,35,1,1,1,14,139743,501,2000,1,3,1,1,1,1900101,1000000
2024KL0000594,1,449.67,22,1,1,1,18,122595,501,1000,2,1,1,5,1,1900101,1000000
2024KL0000595,1,449.67,48,2,2,1,5,18001,163,9920,3,1,1,1,1,1900109,1000000
2024KL0000596,1,449.67,70,1,3,1,5,11181,101,5000,3,1,1,2,1,1900101,1000000
2024KL0000597,1,449.67,15,2,1,1,17,21549,195,0,0,6,1,5,1,1900107,1000000
2024KL0000598,1,449.67,9,1,1,1,7,3683,33,0,0,6,1,5,1,1900101,1000000
2024KL0000599,1,449.67,28,1,4,1,15,94307,501,6000,6,2,1,1,1,1900110,1000000
2024KL0000600,1,449.67,37,1,1,1,11,9819,89,9000,4,1,1,1,2,1900102,1000000
2024KL0000601,1,449.67,19,2,1,1,15,15324,139,4000,1,1,1,1,1,1900104,1000000
2024KL0000602,1,449.67,55,1,2,1,5,6072,55,9800,6,5,1,1,1,1900113,1000000
2024KL0000603,1,449.67,9,2,1,1,1,7766,70,0,0,6,2,5,1,1900100,1000000
2024KL0000604,1,449.67,57,1,1,1,7,5542,50,9000,3,1,1,2,1,1900110,1000000
2024KL0000605,1,449.67,48,1,6,1,10,21871,198,8000,1,1,1,1,1,1900102,1000000
2024KL0000606,1,449.67,9,2,1,1,3,1007,9,0,0,6,1,5,1,1900107,1000000
2024KL0000607,1,449.67,31,1,6,1,13,21763,197,8000,6,1,1,1,1,1900106,1000000
2024KL0000608,1,449.67,35,1,1,1,7,3598,32,6000,3,1,1,1,1,1900107,1000000
2024KL0000609,1,449.67,42,1,1,1,7,11494,104,5000,1,2,1,1,1,1900104,1000000
2024KL0000610,1,449.67,33,2,1,1,9,103753,501,5000,6,5,1,1,1,1900104,1000000
2024KL0000611,1,449.67,14,2,3,1,4,14850,135,0,0,6,1,5,1,1900106,1000000
2024KL0000612,1,449.67,26,2,1,1,11,62242,501,1000,2,1,1,1,1,1900104,1000000
2024KL0000613,1,449.67,12,2,2,1,4,2758,25,0,0,6,1,5,1,1900100,1000000
2024KL0000614,1,449.67,25,2,1,1,10,18411,167,3000,1,1,1,5,1,1900112,1000000
2024KL0000615,1,449.67,16,2,2,1,14,16559,150,0,0,6,1,5,1,1900109,1000000
2024KL0000616,1,449.67,14,1,1,1,4,17315,157,0,0,6,1,5,1,1900109,1000000
2024KL0000617,1,449.67,18,1,1,1,14,23273,211,5000,1,1,1,5,1,1900110,1000000
2024KL0000618,1,449.67,96,2,1,1,5,4380,39,0,0,6,1,1,1,1900101,1000000
2024KL0000619,1,449.67,22,1,1,1,20,65034,501,2000,3,2,1,5,1,1900106,1000000
2024KL0000620,1,449.67,50,1,1,1,5,6543,59,9920,3,1,1,1,1,1900112,1000000
2024KL0000621,1,449.67,37,2,3,1,9,135004,501,7000,4,1,1,1,2,1900111,1000000
2024KL0000622,1,449.67,20,1,3,1,11,3786,34,4000,1,1,1,1,1,1900100,1000000
2024KL0000623,1,449.67,34,1,2,1,8,9505,86,9800,1,4,1,1,1,1900103,1000000
2024KL0000624,1,449.67,1,1,1,1,1,2469,22,0,0,6,1,5,1,1900112,1000000
2024KL0000625,1,449.67,24,1,1,1,18,136317,501,4000,3,1,1,1,1,1900110,1000000
2024KL0000626,1,449.67,34,2,2,1,11,73355,501,9800,3,1,1,1,1,1900103,1000000
2024KL0000627,1,449.67,45,1,3,1,10,11962,108,5000,4,2,1,1,1,1900110,1000000
2024KL0000628,1,449.67,41,2,2,1,13,43717,397,6000,3,4,1,1,1,1900112,1000000
2024KL0000629,1,449.67,4,2,7,1,1,23800,216,0,0,6,1,5,1,1900114,1000000
2024KL0000630,1,449.67,79,1,2,1,6,23069,209,0,0,6,1,1,1,1900113,1000000
2024KL0000631,1,449.67,9,2,3,1,4,2297,20,0,0,6,1,5,2,1900108,1000000
2024KL0000632,1,449.67,6,1,3,1,3,5798,52,0,0,6,1,5,1,1900114,1000000
2024KL0000633,1,449.67,16,1,3,1,13,14047,127,0,0,6,1,5,1,1900106,1000000
2024KL0000634,1,449.67,36,2,1,1,11,25563,232,6000,1,1,1,1,1,1900107,1000000
2024KL0000635,1,449.67,17,2,1,1,13,8284,75,0,0,6,1,5,1,1900104,1000000
2024KL0000636,1,449.67,5,1,6,1,6,9187,83,0,0,6,1,5,1,1900100,1000000
2024KL0000637,1,449.67,17,1,2,1,18,11985,108,0,0,6,1,5,1,1900111,1000000
2024KL0000638,1,449.67,38,1,5,1,8,22244,202,7000,1,1,1,1,1,1900108,1000000
2024KL0000639,1,449.67,3,1,4,1,3,2102,19,0,0,6,1,5,1,1900106,1000000
2024KL0000640,1,449.67,34,2,1,1,8,7809,70,7000,1,1,1,5,1,1900106,1000000
2024KL0000641,1,449.67,31,1,4,1,5,8623,78,8000,1,1,5,1,1,1900112,1000000
2024KL0000642,1,449.67,4,2,5,1,3,5973,54,0,0,6,1,5,1,1900106,1000000
2024KL0000643,1,449.67,34,1,8,1,7,17326,157,6000,1,1,1,1,1,1900113,1000000
2024KL0000644,1,449.67,44,2,1,1,15,98224,501,3000,2,2,1,1,1,1900101,1000000
2024KL0000645,1,449.67,32,1,1,1,11,94311,501,5000,1,1,1,5,1,1900100,1000000
2024KL0000646,1,449.67,70,1,1,1,5,11624,105,9800,3,1,1,1,1,1900100,1000000
2024KL0000647,1,449.67,48,1,2,1,5,21217,192,5000,1,1,1,1,1,1900109,1000000
2024KL0000648,1,449.67,79,2,1,1,6,2319,21,0,0,6,1,5,1,1900102,1000000
2024KL0000649,1,449.67,24,1,1,1,14,23173,210,9000,6,5,1,5,1,1900108,1000000
2024KL0000650,1,449.67,6,2,2,1,7,3136,28,0,0,6,1,5,1,1900106,1000000
2024KL0000651,1,449.67,23,2,1,1,10,16400,149,4000,3,1,1,5,1,1900100,1000000
2024KL0000652,1,449.67,27,2,1,1,19,58035,501,4000,1,2,1,1,1,1900107,1000000
2024KL0000653,1,449.67,7,1,7,1,3,1448,13,0,0,6,1,5,1,1900102,1000000
2024KL0000654,1,449.67,59,1,9,1,5,10200,92,8000,3,1,1,2,2,1900109,1000000
2024KL0000655,1,449.67,17,2,2,1,12,13942,126,0,0,6,1,5,2,1900100,1000000
2024KL0000656,1,449.67,14,1,2,1,2,2720,24,0,0,6,2,5,1,1900103,1000000
2024KL0000657,1,449.67,11,2,3,1,6,1493,13,0,0,6,1,5,1,1900113,1000000
2024KL0000658,1,449.67,52,2,2,1,10,36312,330,8000,1,1,1,1,1,1900106,1000000
2024KL0000659,1,449.67,35,2,2,1,12,32909,299,1000,1,4,1,1,1,1900112,1000000
2024KL0000660,1,449.67,38,1,5,1,12,5755,52,6000,1,1,1,1,1,1900113,1000000
2024KL0000661,1,449.67,35,1,7,1,17,96304,501,1000,1,1,1,1,1,1900102,1000000
2024KL0000662,1,449.67,29,1,1,1,12,19419,176,5000,4,5,1,1,1,1900105,1000000
2024KL0000663,1,449.67,3,2,4,1,5,3383,30,0,0,6,1,5,1,1900107,1000000
2024KL0000664,1,449.67,18,1,1,1,14,5884,53,4000,1,1,2,5,1,1900110,1000000
2024KL0000665,1,449.67,0,2,2,1,3,3085,28,0,0,6,1,5,1,1900100,1000000
2024KL0000666,1,449.67,18,2,4,1,11,5798,52,9800,3,1,1,5,1,1900110,1000000
2024KL0000667,1,449.67,26,1,2,1,13,79838,501,3000,2,1,1,1,1,1900109,1000000
2024KL0000668,1,449.67,4,1,1,1,4,8518,77,0,0,6,1,5,1,1900110,1000000
2024KL0000669,1,449.67,20,2,2,1,16,13735,124,5000,1,1,1,1,1,1900110,1000000
2024KL0000670,1,449.67,59,1,3,1,15,96395,501,2000,3,1,1,2,1,1900106,1000000
2024KL0000671,1,449.67,58,2,4,1,11,58594,501,6000,1,1,1,1,1,1900112,1000000
2024KL0000672,1,449.67,24,2,1,1,17,75363,501,1000,1,1,1,5,1,1900110,1000000
2024KL0000673,1,449.67,54,2,2,1,15,98008,501,6000,3,4,1,2,1,1900113,1000000
2024KL0000674,1,449.67,2,2,6,1,4,2208,20,0,0,6,1,5,2,1900108,1000000
2024KL0000675,1,449.67,15,1,6,1,18,10826,98,0,0,6,1,5,1,1900111,1000000
2024KL0000676,1,449.67,36,2,8,1,19,84753,501,3000,2,1,1,1,1,1900106,1000000
2024KL0000677,1,449.67,34,2,2,1,13,16607,150,5000,3,5,1,1,1,1900100,1000000
2024KL0000678,1,449.67,55,2,2,1,10,61184,501,2000,2,3,1,5,1,1900112,1000000
2024KL0000679,1,449.67,32,1,2,1,9,68274,501,7000,6,1,1,1,1,1900106,1000000
2024KL0000680,1,449.67,4,1,1,1,5,12974,117,0,0,6,1,5,1,1900112,1000000
2024KL0000681,1,449.67,22,1,1,1,17,136072,501,5000,4,1,1,1,1,1900108,1000000
2024KL0000682,1,449.67,27,1,1,1,9,9969,90,3000,3,4,1,5,1,1900109,1000000
2024KL0000683,1,449.67,39,1,4,1,8,3450,31,7000,1,5,1,1,1,1900100,1000000
2024KL0000684,1,449.67,43,1,2,1,9,8400,76,5000,1,1,1,1,1,1900111,1000000
2024KL0000685,1,449.67,9,2,1,1,3,3265,29,0,0,6,1,5,1,1900110,1000000
2024KL0000686,1,449.67,10,2,2,1,3,3412,31,0,0,6,2,5,2,1900113,1000000
2024KL0000687,1,449.67,38,1,2,1,14,20836,189,5000,6,1,1,1,1,1900108,1000000
2024KL0000688,1,449.67,87,2,1,1,5,10286,93,0,0,6,1,2,1,1900105,1000000
2024KL0000689,1,449.67,1,2,6,1,4,6013,54,0,0,6,1,5,1,1900100,1000000
2024KL0000690,1,449.67,58,2,7,1,7,9843,89,9800,3,1,1,3,1,1900109,1000000
2024KL0000691,1,449.67,59,1,1,1,10,60178,501,6000,3,1,1,1,1,1900107,1000000
2024KL0000692,1,449.67,17,1,4,1,20,30287,275,0,0,6,1,5,1,1900104,1000000
2024KL0000693,1,449.67,8,1,6,1,2,3429,31,0,0,6,1,5,1,1900112,1000000
2024KL0000694,1,449.67,27,1,3,1,11,16534,150,6000,1,1,1,1,1,1900114,1000000
2024KL0000695,1,449.67,31,2,3,1,17,52104,473,5000,4,1,1,1,1,1900114,1000000
2024KL0000696,1,449.67,3,2,6,1,1,1682,15,0,0,6,5,5,1,1900114,1000000
2024KL0000697,1,449.67,14,1,1,1,4,2312,21,0,0,6,1,5,1,1900107,1000000
2024KL0000698,1,449.67,24,2,3,1,17,39755,361,4000,2,1,1,5,1,1900109,1000000
2024KL0000699,1,449.67,7,2,2,1,1,6460,58,0,0,6,1,5,1,1900107,1000000
2024KL0000700,1,449.67,96,2,1,1,6,3650,33,0,0,6,1,1,1,1900106,1000000
2024KL0000701,1,449.67,12,2,2,1,1,1226,11,0,0,6,1,5,1,1900108,1000000
2024KL0000702,1,449.67,28,2,1,1,10,38473,349,6000,4,1,1,1,1,1900114,1000000
2024KL0000703,1,449.67,74,1,1,1,7,2199,19,0,0,6,1,1,1,1900112,1000000
2024KL0000704,1,449.67,1,1,2,1,1,2889,26,0,0,6,1,5,1,1900112,1000000
2024KL0000705,1,449.67,24,2,1,1,16,68621,501,5000,3,1,1,1,1,1900108,1000000
2024KL0000706,1,449.67,4,1,2,1,3,1519,13,0,0,6,1,5,1,1900112,1000000
2024KL0000707,1,449.67,42,2,2,1,10,33638,305,1000,2,1,1,1,1,1900111,1000000
2024KL0000708,1,449.67,21,1,1,1,15,34967,317,6000,4,1,1,1,1,1900113,1000000
2024KL0000709,1,449.67,69,1,6,1,9,37397,339,9000,6,1,1,1,1,1900112,1000000
2024KL0000710,1,449.67,58,2,2,1,15,31254,284,5000,1,1,1,1,2,1900103,1000000
2024KL0000711,1,449.67,19,1,6,1,15,36760,334,4000,2,1,1,5,1,1900105,1000000
2024KL0000712,1,449.67,77,2,1,1,7,11267,102,0,0,6,1,1,1,1900112,1000000
2024KL0000713,1,449.67,46,1,3,1,11,27254,247,5000,6,1,1,1,1,1900108,1000000
2024KL0000714,1,449.67,76,1,2,1,6,12842,116,0,0,6,1,1,1,1900104,1000000
2024KL0000715,1,449.67,67,2,6,1,5,1204,10,6000,1,1,1,1,1,1900109,1000000
2024KL0000716,1,449.67,35,1,1,1,5,22507,204,9800,1,2,1,1,1,1900112,1000000
2024KL0000717,1,449.67,13,2,2,1,1,7435,67,0,0,6,1,5,1,1900109,1000000
2024KL0000718,1,449.67,11,2,4,1,3,9632,87,0,0,6,1,5,1,1900107,1000000
2024KL0000719,1,449.67,21,1,1,1,14,19297,175,1000,3,1,1,5,1,1900101,1000000
2024KL0000720,1,449.67,38,1,1,1,8,22409,203,5000,6,3,2,1,1,1900114,1000000
2024KL0000721,1,449.67,39,2,1,1,11,9688,88,5000,1,2,1,1,1,1900107,1000000
2024KL0000722,1,449.67,7,2,3,1,2,3795,34,0,0,6,1,5,1,1900110,1000000
2024KL0000723,1,449.67,25,1,3,1,5,20577,187,7000,1,1,1,1,2,1900106,1000000
2024KL0000724,1,449.67,3,1,1,1,2,2160,19,0,0,6,1,5,1,1900106,1000000
2024KL0000725,1,449.67,19,2,1,1,18,10692,97,6000,1,1,1,5,1,1900110,1000000
2024KL0000726,1,449.67,27,2,1,1,13,20899,189,9800,3,1,1,5,1,1900100,1000000
2024KL0000727,1,449.67,59,2,1,1,14,72680,501,8000,1,1,1,1,1,1900105,1000000
2024KL0000728,1,449.67,21,1,1,1,16,89992,501,1000,1,1,1,1,1,1900100,1000000
2024KL0000729,1,449.67,6,1,1,1,4,2976,27,0,0,6,2,5,1,1900101,1000000
2024KL0000730,1,449.67,28,2,2,1,9,30739,279,1000,2,5,1,1,1,1900107,1000000
2024KL0000731,1,449.67,40,1,2,1,13,78029,501,6000,4,1,1,1,1,1900112,1000000
2024KL0000732,1,449.67,3,1,1,1,2,4075,37,0,0,6,1,5,1,1900101,1000000
2024KL0000733,1,449.67,58,1,4,1,9,12462,113,8000,1,2,1,2,1,1900108,1000000
2024KL0000734,1,449.67,41,1,3,1,17,39285,357,2000,2,1,1,1,1,1900108,1000000
2024KL0000735,1,449.67,40,1,1,1,6,1986,18,7000,1,2,1,1,1,1900110,1000000
2024KL0000736,1,449.67,26,1,1,1,6,6298,57,9800,4,3,1,5,1,1900108,1000000
2024KL0000737,1,449.67,48,1,4,1,7,7502,68,9920,1,1,1,1,1,1900102,1000000
2024KL0000738,1,449.67,15,1,1,1,17,58720,501,0,0,6,1,5,1,1900103,1000000
2024KL0000739,1,449.67,45,1,1,1,10,73378,501,1000,1,2,1,5,1,1900100,1000000
2024KL0000740,1,449.67,5,1,4,1,5,4232,38,0,0,6,2,5,1,1900113,1000000
2024KL0000741,1,449.67,24,1,1,1,11,13956,126,5000,6,3,1,5,1,1900114,1000000
2024KL0000742,1,449.67,42,1,1,1,14,9747,88,3000,1,1,5,1,1,1900107,1000000
2024KL0000743,1,449.67,51,1,6,1,11,20891,189,6000,6,2,1,1,1,1900111,1000000
2024KL0000744,1,449.67,50,2,4,1,9,36385,330,7000,3,1,1,2,1,1900105,1000000
2024KL0000745,1,449.67,8,1,2,1,3,472,4,0,0,6,1,5,1,1900112,1000000
2024KL0000746,1,449.67,31,2,1,1,15,90533,501,2000,1,1,1,1,1,1900100,1000000
2024KL0000747,1,449.67,28,1,5,1,12,20537,186,2000,1,1,1,1,1,1900101,1000000
2024KL0000748,1,449.67,6,2,1,1,1,1739,15,0,0,6,1,5,2,1900112,1000000
2024KL0000749,1,449.67,63,1,2,1,7,2991,27,9920,3,5,1,1,1,1900112,1000000
2024KL0000750,1,449.67,60,1,4,1,5,12390,112,5000,6,2,1,1,1,1900100,1000000
2024KL0000751,1,449.67,29,2,2,1,13,13771,125,2000,1,1,1,1,1,1900114,1000000
2024KL0000752,1,449.67,53,1,1,1,11,21368,194,7000,1,1,1,4,1,1900100,1000000
2024KL0000753,1,449.67,2,2,1,1,5,13893,126,0,0,6,1,5,1,1900113,1000000
2024KL0000754,1,449.67,14,1,1,1,2,4018,36,0,0,6,1,5,1,1900105,1000000
2024KL0000755,1,449.67,37,1,1,1,14,14144,128,7000,1,1,1,1,1,1900107,1000000
2024KL0000756,1,449.67,50,2,1,1,10,13025,118,7000,1,2,1,1,1,1900103,1000000
2024KL0000757,1,449.67,18,1,3,1,11,17210,156,5000,1,1,1,5,1,1900101,1000000
2024KL0000758,1,449.67,20,1,1,1,18,55699,501,6000,3,1,1,5,1,1900105,1000000
2024KL0000759,1,449.67,49,2,1,1,9,29717,270,6000,1,2,2,1,1,1900103,1000000
2024KL0000760,1,449.67,23,1,6,1,10,44812,407,8000,1,1,1,5,1,1900106,1000000
2024KL0000761,1,449.67,8,1,3,1,5,1618,14,0,0,6,1,5,1,1900113,1000000
2024KL0000762,1,449.67,3,1,7,1,1,4821,43,0,0,6,1,5,1,1900113,1000000
2024KL0000763,1,449.67,32,1,1,1,15,330085,501,3000,1,4,1,1,1,1900106,1000000
2024KL0000764,1,449.67,75,2,1,1,8,6237,56,0,0,6,1,1,1,1900114,1000000
2024KL0000765,1,449.67,30,2,5,1,14,46989,427,9000,6,4,1,5,1,1900111,1000000
2024KL0000766,1,449.67,68,2,3,1,6,3590,32,9000,1,1,1,1,1,1900104,1000000
2024KL0000767,1,449.67,50,2,1,1,5,23032,209,6000,1,3,1,1,1,1900106,1000000
2024KL0000768,1,449.67,40,2,1,1,8,4383,39,9000,6,1,1,1,1,1900101,1000000
2024KL0000769,1,449.67,15,2,2,1,18,27991,254,0,0,6,1,5,1,1900110,1000000
2024KL0000770,1,449.67,27,2,1,1,15,9667,87,4000,2,1,1,1,1,1900107,1000000
2024KL0000771,1,449.67,44,2,1,1,10,38657,351,6000,3,1,1,1,1,1900103,1000000
2024KL0000772,1,449.67,17,1,2,1,16,28158,255,0,0,6,1,5,1,1900101,1000000
2024KL0000773,1,449.67,13,2,3,1,1,24358,221,0,0,6,1,5,1,1900114,1000000
2024KL0000774,1,449.67,65,2,4,1,10,23502,213,9000,1,1,1,1,1,1900104,1000000
2024KL0000775,1,449.67,32,2,1,1,11,39915,362,7000,3,3,1,5,1,1900104,1000000
2024KL0000776,1,449.67,8,2,1,1,5,8486,77,0,0,6,1,5,1,1900111,1000000
2024KL0000777,1,449.67,37,1,2,1,10,144044,501,6000,1,5,1,2,1,1900100,1000000
2024KL0000778,1,449.67,85,1,5,1,7,1939,17,0,0,6,5,2,1,1900113,1000000
2024KL0000779,1,449.67,7,1,1,1,9,9134,83,0,0,6,1,5,1,1900103,1000000
2024KL0000780,1,449.67,23,1,1,1,13,12729,115,2000,3,1,1,1,1,1900106,1000000
2024KL0000781,1,449.67,24,2,2,1,14,20436,185,8000,4,1,1,5,1,1900106,1000000
2024KL0000782,1,449.67,38,2,1,1,9,30504,277,4000,1,5,1,1,1,1900108,1000000
2024KL0000783,1,449.67,33,1,7,1,10,82141,501,5000,1,1,1,1,1,1900106,1000000
2024KL0000784,1,449.67,11,2,2,1,1,2851,25,0,0,6,1,5,1,1900108,1000000
2024KL0000785,1,449.67,14,2,1,1,3,9511,86,0,0,6,1,5,1,1900107,1000000
2024KL0000786,1,449.67,29,2,2,1,9,8749,79,6000,4,1,1,1,1,1900108,1000000
2024KL0000787,1,449.67,41,1,7,1,8,28816,261,5000,3,2,1,1,1,1900110,1000000
2024KL0000788,1,449.67,2,2,6,1,4,2858,25,0,0,6,1,5,1,1900113,1000000
2024KL0000789,1,449.67,4,1,2,1,6,13516,122,0,0,6,1,5,1,1900113,1000000
2024KL0000790,1,449.67,93,2,6,1,5,11332,103,0,0,6,1,1,1,1900107,1000000
2024KL0000791,1,449.67,1,1,2,1,6,13301,120,0,0,6,1,5,2,1900104,1000000
2024KL0000792,1,449.67,95,2,1,1,5,3752,34,0,0,6,2,4,1,1900101,1000000
2024KL0000793,1,449.67,26,1,1,1,17,14405,130,2000,1,1,1,1,1,1900102,1000000
2024KL0000794,1,449.67,21,2,1,1,15,15703,142,4000,1,1,1,5,1,1900111,1000000
2024KL0000795,1,449.67,78,1,1,1,5,2066,18,0,0,6,1,1,1,1900101,1000000
2024KL0000796,1,449.67,21,1,1,1,15,58105,501,5000,1,1,1,5,1,1900114,1000000
2024KL0000797,1,449.67,35,1,1,1,10,17285,157,8000,1,1,1,1,1,1900104,1000000
2024KL0000798,1,449.67,75,1,3,1,10,8839,80,0,0,6,1,1,1,1900111,1000000
2024KL0000799,1,449.67,52,2,1,1,15,41221,374,3000,1,1,1,1,1,1900104,1000000
2024KL0000800,1,449.67,6,1,1,1,5,315,2,0,0,6,1,5,1,1900114,1000000
2024KL0000801,1,449.67,21,2,6,1,18,38474,349,6000,4,1,1,1,1,1900106,1000000
2024KL0000802,1,449.67,38,1,2,1,17,97935,501,5000,4,1,1,1,1,1900103,1000000
2024KL0000803,1,449.67,39,1,2,1,10,45240,411,7000,3,1,1,1,1,1900112,1000000
2024KL0000804,1,449.67,36,1,3,1,12,31815,289,4000,1,1,1,1,1,1900110,1000000
2024KL0000805,1,449.67,54,1,4,1,10,59130,501,5000,1,1,1,5,1,1900102,1000000
2024KL0000806,1,449.67,13,1,1,1,1,6224,56,0,0,6,1,5,1,1900101,1000000
2024KL0000807,1,449.67,39,2,4,1,8,42948,390,9920,4,1,1,1,1,1900112,1000000
2024KL0000808,1,449.67,19,1,1,1,18,16356,148,2000,1,5,1,5,1,1900102,1000000
2024KL0000809,1,449.67,34,1,1,1,20,108819,501,3000,2,1,1,1,1,1900105,1000000
2024KL0000810,1,449.67,28,1,1,1,7,15046,136,7000,1,1,1,1,1,1900104,1000000
2024KL0000811,1,449.67,8,2,2,1,7,1013,9,0,0,6,1,5,1,1900112,1000000
2024KL0000812,1,449.67,28,1,3,1,7,2629,23,5000,1,4,1,5,1,1900101,1000000
2024KL0000813,1,449.67,89,2,2,1,8,2805,25,0,0,6,1,2,1,1900106,1000000
2024KL0000814,1,449.67,69,2,7,1,6,3276,29,9920,1,1,1,2,1,1900104,1000000
2024KL0000815,1,449.67,42,1,1,1,9,39499,359,3000,1,3,1,1,1,1900112,1000000
2024KL0000816,1,449.67,6,2,1,1,4,1885,17,0,0,6,1,5,1,1900108,1000000
2024KL0000817,1,449.67,5,1,1,1,2,2206,20,0,0,6,1,5,1,1900100,1000000
2024KL0000818,1,449.67,48,1,2,1,6,16084,146,9920,3,1,1,1,1,1900103,1000000
2024KL0000819,1,449.67,16,1,7,1,15,113508,501,0,0,6,1,5,1,1900106,1000000
2024KL0000820,1,449.67,39,1,7,1,5,2792,25,9000,3,1,1,1,1,1900105,1000000
2024KL0000821,1,449.67,54,2,1,1,11,36319,330,5000,6,1,1,5,2,1900113,1000000
2024KL0000822,1,449.67,57,1,2,1,5,16126,146,9000,1,5,1,2,1,1900102,1000000
2024KL0000823,1,449.67,52,1,2,1,6,8902,80,9000,4,3,1,2,1,1900113,1000000
2024KL0000824,1,449.67,9,1,1,1,5,563,5,0,0,6,1,5,1,1900103,1000000
2024KL0000825,1,449.67,44,1,1,1,10,27542,250,6000,6,1,1,1,2,1900103,1000000
2024KL0000826,1,449.67,59,1,6,1,9,39862,362,5000,3,1,1,1,1,1900108,1000000
2024KL0000827,1,449.67,28,2,2,1,14,40115,364,6000,1,1,1,1,1,1900114,1000000
2024KL0000828,1,449.67,43,1,1,1,10,42194,383,6000,6,1,1,1,1,1900107,1000000
2024KL0000829,1,449.67,43,1,1,1,9,13794,125,9000,3,1,1,1,2,1900111,1000000
2024KL0000830,1,449.67,23,1,1,1,17,47939,435,4000,1,1,1,5,1,1900106,1000000
2024KL0000831,1,449.67,3,2,1,1,6,8669,78,0,0,6,1,5,1,1900101,1000000
2024KL0000832,1,449.67,37,1,1,1,10,20974,190,1000,1,2,1,1,1,1900101,1000000
2024KL0000833,1,449.67,58,1,2,1,10,11327,102,3000,3,1,1,1,1,1900101,1000000
2024KL0000834,1,449.67,7,1,1,1,6,3658,33,0,0,6,1,5,1,1900103,1000000
2024KL0000835,1,449.67,52,1,9,1,11,90422,501,9000,1,1,1,2,1,1900109,1000000
2024KL0000836,1,449.67,50,2,1,1,13,19768,179,8000,1,5,1,1,1,1900110,1000000
2024KL0000837,1,449.67,38,1,1,1,5,3195,29,9800,4,3,2,1,1,1900111,1000000
2024KL0000838,1,449.67,9,1,2,1,5,3248,29,0,0,6,1,5,1,1900114,1000000
2024KL0000839,1,449.67,17,2,1,1,18,18486,168,0,0,6,1,5,1,1900111,1000000
2024KL0000840,1,449.67,16,2,5,1,15,29425,267,0,0,6,1,5,1,1900103,1000000
2024KL0000841,1,449.67,20,1,2,1,12,12141,110,8000,4,1,1,1,1,1900101,1000000
2024KL0000842,1,449.67,30,2,1,1,12,45296,411,5000,3,2,1,1,1,1900102,1000000
2024KL0000843,1,449.67,20,2,2,1,16,25498,231,1000,3,1,1,5,1,1900104,1000000
2024KL0000844,1,449.67,31,1,1,1,12,158431,501,1000,1,1,1,1,1,1900104,1000000
2024KL0000845,1,449.67,5,1,7,1,1,3801,34,0,0,6,1,5,1,1900104,1000000
2024KL0000846,1,449.67,34,1,1,1,14,32926,299,6000,1,3,1,1,1,1900108,1000000
2024KL0000847,1,449.67,1,1,1,1,1,3195,29,0,0,6,1,5,1,1900108,1000000
2024KL0000848,1,449.67,9,2,1,1,2,8570,77,0,0,6,1,5,1,1900114,1000000
2024KL0000849,1,449.67,57,1,1,1,7,5547,50,6000,1,1,1,5,1,1900101,1000000
2024KL0000850,1,449.67,42,2,4,1,12,74010,501,9000,1,1,1,1,1,1900111,1000000
2024KL0000851,1,449.67,37,1,7,1,13,11468,104,1000,1,5,1,1,1,1900107,1000000
2024KL0000852,1,449.67,57,2,1,1,5,11198,101,5000,4,3,1,1,1,1900101,1000000
2024KL0000853,1,449.67,6,2,2,1,2,6435,58,0,0,6,1,5,1,1900110,1000000
2024KL0000854,1,449.67,7,1,1,1,2,5017,45,0,0,6,1,5,1,1900112,1000000
2024KL0000855,1,449.67,11,1,1,1,3,5249,47,0,0,6,1,5,1,1900102,1000000
2024KL0000856,1,449.67,31,2,6,1,13,115100,501,6000,1,1,1,1,1,1900113,1000000
2024KL0000857,1,449.67,12,1,9,1,5,2710,24,0,0,6,1,5,1,1900100,1000000
2024KL0000858,1,449.67,3,1,1,1,1,3802,34,0,0,6,1,5,1,1900105,1000000
2024KL0000859,1,449.67,43,1,2,1,8,10418,94,9800,3,1,1,1,1,1900101,1000000
2024KL0000860,1,449.67,23,2,2,1,20,85961,501,2000,1,2,1,5,1,1900112,1000000
2024KL0000861,1,449.67,45,1,3,1,10,41089,373,3000,2,1,1,1,1,1900105,1000000
2024KL0000862,1,449.67,23,1,1,1,13,43027,391,4000,2,1,1,5,1,1900110,1000000
2024KL0000863,1,449.67,37,1,4,1,5,6723,61,9920,1,1,1,1,1,1900106,1000000
2024KL0000864,1,449.67,23,2,1,1,13,30276,275,7000,4,2,1,1,1,1900109,1000000
2024KL0000865,1,449.67,15,2,3,1,14,31899,289,0,0,6,1,5,1,1900114,1000000
2024KL0000866,1,449.67,79,1,1,1,8,5122,46,0,0,6,1,1,1,1900113,1000000
2024KL0000867,1,449.67,1,2,2,1,3,2210,20,0,0,6,5,5,1,1900113,1000000
2024KL0000868,1,449.67,27,1,1,1,11,32184,292,6000,6,1,1,1,1,1900114,1000000
2024KL0000869,1,449.67,17,2,2,1,15,55429,501,0,0,6,1,5,1,1900105,1000000
2024KL0000870,1,449.67,37,1,1,1,7,3291,29,7000,1,1,1,1,1,1900105,1000000
2024KL0000871,1,449.67,23,1,3,1,13,8999,81,2000,1,1,1,1,1,1900109,1000000
2024KL0000872,1,449.67,3,1,3,1,3,4094,37,0,0,6,1,5,1,1900110,1000000
2024KL0000873,1,449.67,53,2,1,1,10,17114,155,7000,4,4,1,2,1,1900109,1000000
2024KL0000874,1,449.67,30,1,2,1,11,26146,237,4000,2,1,1,5,1,1900103,1000000
2024KL0000875,1,449.67,17,1,1,1,12,6582,59,0,0,6,1,5,2,1900112,1000000
2024KL0000876,1,449.67,25,1,3,1,9,47355,430,5000,4,1,1,1,1,1900106,1000000
2024KL0000877,1,449.67,29,2,1,1,14,9453,85,6000,4,1,1,1,1,1900108,1000000
2024KL0000878,1,449.67,19,1,5,1,18,17564,159,6000,3,1,1,5,1,1900111,1000000
2024KL0000879,1,449.67,28,2,1,1,14,22009,200,2000,1,1,1,1,1,1900104,1000000
2024KL0000880,1,449.67,48,1,2,1,9,46772,425,6000,4,1,1,1,1,1900114,1000000
2024KL0000881,1,449.67,54,1,1,1,20,57404,501,3000,1,4,1,2,1,1900108,1000000
2024KL0000882,1,449.67,0,1,2,1,4,6354,57,0,0,6,1,5,1,1900106,1000000
2024KL0000883,1,449.67,29,1,3,1,6,24533,223,9800,4,5,1,1,1,1900108,1000000
2024KL0000884,1,449.67,27,1,2,1,9,21784,198,7000,1,1,1,1,1,1900111,1000000
2024KL0000885,1,449.67,6,2,2,1,1,11945,108,0,0,6,1,5,1,1900101,1000000
2024KL0000886,1,449.67,53,2,1,1,11,21366,194,6000,3,3,1,1,1,1900101,1000000
2024KL0000887,1,449.67,36,1,1,1,13,49838,453,8000,4,1,1,1,1,1900100,1000000
2024KL0000888,1,449.67,55,2,3,1,9,5365,48,9800,4,1,1,1,1,1900110,1000000
2024KL0000889,1,449.67,20,1,7,1,17,24297,220,6000,3,1,1,5,1,1900105,1000000
2024KL0000890,1,449.67,22,2,5,1,15,85733,501,6000,6,3,1,5,1,1900100,1000000
2024KL0000891,1,449.67,34,2,2,1,5,6036,54,7000,1,1,1,1,1,1900105,1000000
2024KL0000892,1,449.67,77,1,7,1,5,9945,90,0,0,6,1,1,1,1900110,1000000
2024KL0000893,1,449.67,37,2,5,1,10,26625,242,5000,1,4,1,1,1,1900103,1000000
2024KL0000894,1,449.67,9,2,4,1,6,4965,45,0,0,6,1,5,1,1900112,1000000
2024KL0000895,1,449.67,17,1,4,1,11,10921,99,0,0,6,1,5,1,1900102,1000000
2024KL0000896,1,449.67,55,1,2,1,17,29161,265,1000,1,1,1,2,1,1900104,1000000
2024KL0000897,1,449.67,8,1,3,1,5,2044,18,0,0,6,1,5,1,1900109,1000000
2024KL0000898,1,449.67,64,1,2,1,7,17151,155,8000,4,5,1,1,1,1900114,1000000
2024KL0000899,1,449.67,57,2,1,1,11,25393,230,6000,1,1,1,1,2,1900106,1000000
2024KL0000900,1,449.67,9,1,1,1,9,4983,45,0,0,6,1,5,1,1900111,1000000
2024KL0000901,1,449.67,5,1,1,1,2,1403,12,0,0,6,1,5,1,1900107,1000000
2024KL0000902,1,449.67,32,2,4,1,15,117885,501,2000,3,1,1,5,1,1900111,1000000
2024KL0000903,1,449.67,6,2,1,1,4,6215,56,0,0,6,1,5,1,1900107,1000000
2024KL0000904,1,449.67,12,2,1,1,1,3194,29,0,0,6,1,5,1,1900111,1000000
2024KL0000905,1,449.67,41,2,6,1,13,16609,150,2000,1,2,2,1,1,1900100,1000000
2024KL0000906,1,449.67,23,2,6,1,11,6274,57,5000,1,5,1,5,1,1900100,1000000
2024KL0000907,1,449.67,39,1,2,1,12,72755,501,8000,3,1,1,1,2,1900108,1000000
2024KL0000908,1,449.67,0,1,1,1,4,1933,17,0,0,6,1,5,1,1900100,1000000
2024KL0000909,1,449.67,42,2,7,1,9,21796,198,5000,1,1,1,1,1,1900112,1000000
2024KL0000910,1,449.67,16,2,1,1,14,4682,42,0,0,6,1,5,1,1900104,1000000
2024KL0000911,1,449.67,25,1,1,1,11,26104,237,7000,1,1,1,5,1,1900100,1000000
2024KL0000912,1,449.67,2,2,1,1,4,9338,84,0,0,6,1,5,2,1900109,1000000
2024KL0000913,1,449.67,27,1,3,1,11,14503,131,4000,1,1,1,1,1,1900101,1000000
2024KL0000914,1,449.67,5,2,4,1,1,2555,23,0,0,6,1,5,1,1900109,1000000
2024KL0000915,1,449.67,25,1,1,1,13,22606,205,5000,1,1,2,5,1,1900110,1000000
2024KL0000916,1,449.67,20,2,1,1,15,10087,91,3000,1,1,1,1,2,1900100,1000000
2024KL0000917,1,449.67,57,1,3,1,6,8531,77,8000,1,1,1,5,1,1900109,1000000
2024KL0000918,1,449.67,36,2,4,1,14,20079,182,6000,3,1,1,1,1,1900111,1000000
2024KL0000919,1,449.67,15,1,6,1,13,9965,90,0,0,6,1,5,1,1900106,1000000
2024KL0000920,1,449.67,41,2,2,1,12,37223,338,6000,1,1,1,1,1,1900110,1000000
2024KL0000921,1,449.67,33,1,1,1,11,7966,72,6000,1,4,1,1,1,1900111,1000000
2024KL0000922,1,449.67,7,2,1,1,1,10093,91,0,0,6,1,5,1,1900111,1000000
2024KL0000923,1,449.67,28,1,1,1,12,22170,201,1000,1,1,1,5,1,1900114,1000000
2024KL0000924,1,449.67,48,1,1,1,9,15449,140,9000,1,1,1,1,1,1900104,1000000
2024KL0000925,1,449.67,48,2,1,1,7,31930,290,9800,3,1,1,1,1,1900110,1000000
2024KL0000926,1,449.67,78,2,1,1,7,9377,85,0,0,6,1,1,1,1900113,1000000
2024KL0000927,1,449.67,36,2,1,1,13,113109,501,8000,1,2,1,1,1,1900102,1000000
2024KL0000928,1,449.67,85,1,1,1,7,3079,27,0,0,6,2,5,1,1900108,1000000
2024KL0000929,1,449.67,16,1,1,1,13,15867,144,0,0,6,1,5,1,1900112,1000000
2024KL0000930,1,449.67,50,1,5,1,6,5151,46,5000,1,3,1,1,1,1900113,1000000
2024KL0000931,1,449.67,32,1,1,1,10,16470,149,9000,1,2,1,5,1,1900106,1000000
2024KL0000932,1,449.67,88,2,5,1,5,4835,43,0,0,6,1,1,1,1900113,1000000
2024KL0000933,1,449.67,31,1,1,1,16,80685,501,3000,1,1,1,1,1,1900105,1000000
2024KL0000934,1,449.67,16,2,1,1,18,43222,392,0,0,6,1,5,1,1900108,1000000
2024KL0000935,1,449.67,33,2,1,1,14,14114,128,5000,3,1,2,1,1,1900109,1000000
2024KL0000936,1,449.67,40,1,5,1,13,25428,231,4000,1,1,1,1,1,1900104,1000000
2024KL0000937,1,449.67,66,1,1,1,9,4611,41,1000,2,3,1,5,1,1900114,1000000
2024KL0000938,1,449.67,20,2,1,1,19,24951,226,4000,2,1,1,1,1,1900111,1000000
2024KL0000939,1,449.67,18,1,1,1,14,24177,219,5000,1,2,1,5,1,1900108,1000000
2024KL0000940,1,449.67,40,1,4,1,17,47757,434,4000,1,5,1,1,1,1900102,1000000
2024KL0000941,1,449.67,28,1,1,1,14,19381,176,5000,4,1,1,5,1,1900104,1000000
2024KL0000942,1,449.67,44,1,2,1,12,35137,319,7000,1,1,1,1,1,1900104,1000000
2024KL0000943,1,449.67,62,1,2,1,10,30271,275,9000,1,1,1,1,1,1900100,1000000
2024KL0000944,1,449.67,36,1,1,1,12,83310,501,1000,1,1,1,1,1,1900113,1000000
2024KL0000945,1,449.67,22,2,7,1,19,104439,501,3000,2,1,1,5,1,1900114,1000000
2024KL0000946,1,449.67,59,1,2,1,5,2749,24,5000,6,1,1,1,1,1900110,1000000
2024KL0000947,1,449.67,97,2,7,1,12,3144,28,0,0,6,1,2,1,1900114,1000000
2024KL0000948,1,449.67,59,2,4,1,6,29430,267,9920,1,1,1,2,1,1900113,1000000
2024KL0000949,1,449.67,4,1,4,1,9,11041,100,0,0,6,1,5,1,1900112,1000000
2024KL0000950,1,449.67,88,1,1,1,6,2600,23,0,0,6,1,1,1,1900105,1000000
2024KL0000951,1,449.67,28,2,2,1,11,15431,140,6000,4,4,2,5,1,1900102,1000000
2024KL0000952,1,449.67,38,1,2,1,20,209360,501,2000,2,4,1,1,1,1900110,1000000
2024KL0000953,1,449.67,50,1,1,1,8,51270,466,7000,3,1,1,1,1,1900109,1000000
2024KL0000954,1,449.67,65,1,1,1,5,9038,82,8000,6,3,1,1,1,1900102,1000000
2024KL0000955,1,449.67,4,2,1,1,7,2088,18,0,0,6,1,5,1,1900100,1000000
2024KL0000956,1,449.67,11,2,1,1,2,1760,16,0,0,6,1,5,1,1900112,1000000
2024KL0000957,1,449.67,14,1,9,1,8,3557,32,0,0,6,1,5,1,1900104,1000000
2024KL0000958,1,449.67,56,1,1,1,12,65486,501,7000,1,1,1,4,1,1900103,1000000
2024KL0000959,1,449.67,34,1,1,1,14,32353,294,5000,3,2,1,5,1,1900104,1000000
2024KL0000960,1,449.67,22,2,4,1,17,48881,444,6000,6,2,1,1,2,1900113,1000000
2024KL0000961,1,449.67,24,2,1,1,14,7905,71,2000,3,5,1,5,1,1900110,1000000
2024KL0000962,1,449.67,45,1,1,1,12,23051,209,7000,4,1,1,1,1,1900104,1000000
2024KL0000963,1,449.67,9,2,3,1,3,6312,57,0,0,6,1,5,1,1900111,1000000
2024KL0000964,1,449.67,48,1,6,1,8,2714,24,7000,4,2,1,1,1,1900104,1000000
2024KL0000965,1,449.67,20,1,1,1,19,38273,347,4000,1,1,1,5,1,1900104,1000000
2024KL0000966,1,449.67,18,1,3,1,18,44842,407,3000,3,1,1,5,1,1900106,1000000
2024KL0000967,1,449.67,6,1,2,1,4,15827,143,0,0,6,1,5,1,1900100,1000000
2024KL0000968,1,449.67,34,1,6,1,10,7836,71,6000,3,5,1,1,2,1900110,1000000
2024KL0000969,1,449.67,36,2,1,1,11,52003,472,1000,3,1,1,1,2,1900102,1000000
2024KL0000970,1,449.67,52,1,2,1,5,6271,57,8000,4,1,1,1,1,1900104,1000000
2024KL0000971,1,449.67,1,1,2,1,2,1955,17,0,0,6,1,5,1,1900114,1000000
2024KL0000972,1,449.67,28,2,2,1,15,143376,501,6000,4,1,1,5,2,1900114,1000000
2024KL0000973,1,449.67,37,1,2,1,18,51037,463,4000,1,1,1,1,1,1900101,1000000
2024KL0000974,1,449.67,0,1,2,1,6,1112,10,0,0,6,1,5,1,1900111,1000000
2024KL0000975,1,449.67,6,2,2,1,6,2733,24,0,0,6,1,5,1,1900104,1000000
2024KL0000976,1,449.67,29,1,4,1,9,26946,244,6000,1,1,1,1,2,1900114,1000000
2024KL0000977,1,449.67,69,2,3,1,5,2796,25,7000,1,5,1,1,1,1900102,1000000
2024KL0000978,1,449.67,65,2,3,1,7,3506,31,8000,1,1,1,2,1,1900109,1000000
2024KL0000979,1,449.67,47,1,5,1,5,6195,56,7000,1,1,1,1,1,1900102,1000000
2024KL0000980,1,449.67,50,1,3,1,9,22878,207,9000,1,3,1,5,1,1900105,1000000
2024KL0000981,1,449.67,22,1,2,1,14,32301,293,6000,1,1,1,5,1,1900113,1000000
2024KL0000982,1,449.67,7,1,4,1,7,4474,40,0,0,6,1,5,1,1900104,1000000
2024KL0000983,1,449.67,1,1,1,1,1,2738,24,0,0,6,1,5,1,1900105,1000000
2024KL0000984,1,449.67,6,1,1,1,1,1448,13,0,0,6,1,5,1,1900111,1000000
2024KL0000985,1,449.67,55,2,1,1,12,87526,501,5000,1,1,1,5,1,1900105,1000000
2024KL0000986,1,449.67,28,1,2,1,11,12648,114,9800,4,1,1,5,1,1900113,1000000
2024KL0000987,1,449.67,41,1,2,1,8,19033,173,8000,1,5,1,2,1,1900108,1000000
2024KL0000988,1,449.67,61,1,1,1,12,17927,162,1000,1,3,1,2,1,1900101,1000000
2024KL0000989,1,449.67,27,2,1,1,19,121478,501,1000,2,5,1,1,1,1900101,1000000
2024KL0000990,1,449.67,3,2,1,1,1,1397,12,0,0,6,1,5,1,1900106,1000000
2024KL0000991,1,449.67,24,2,2,1,18,23818,216,4000,1,1,1,5,1,1900106,1000000
2024KL0000992,1,449.67,59,1,1,1,9,32228,292,9000,4,1,1,1,1,1900114,1000000
2024KL0000993,1,449.67,17,1,2,1,18,21313,193,0,0,6,1,5,1,1900114,1000000
2024KL0000994,1,449.67,21,1,1,1,18,62311,501,4000,1,5,1,5,1,1900113,1000000
2024KL0000995,1,449.67,23,2,1,1,14,6460,58,8000,4,1,1,1,1,1900103,1000000
2024KL0000996,1,449.67,46,2,4,1,7,20223,183,5000,1,1,1,3,1,1900101,1000000
2024KL0000997,1,449.67,100,1,6,1,9,40647,369,0,0,6,1,1,1,1900110,1000000
2024KL0000998,1,449.67,42,2,2,1,8,24755,225,9920,1,1,2,1,1,1900101,1000000
2024KL0000999,1,449.67,57,2,1,1,13,72634,501,7000,3,1,1,5,2,1900106,1000000
2024KL0001000,1,449.67,14,2,1,1,7,5351,48,0,0,6,1,5,1,1900111,1000000
2024KL0001001,1,449.67,42,2,1,1,9,23736,215,4000,3,2,1,1,1,1900114,1000000
2024KL0001002,1,449.67,61,1,6,1,9,47969,436,7000,6,1,1,3,1,1900108,1000000
2024KL0001003,1,449.67,44,2,6,1,9,10667,96,8000,1,1,1,3,1,1900114,1000000
2024KL0001004,1,449.67,9,2,4,1,4,6660,60,0,0,6,1,5,1,1900102,1000000
2024KL0001005,1,449.67,11,2,6,1,6,4404,40,0,0,6,1,5,1,1900103,1000000
2024KL0001006,1,449.67,43,1,1,1,19,106093,501,4000,2,5,1,1,1,1900113,1000000
2024KL0001007,1,449.67,27,1,1,1,13,20183,183,9000,1,3,1,5,1,1900106,1000000
2024KL0001008,1,449.67,49,1,7,1,11,50900,462,1000,3,1,1,1,1,1900114,1000000
2024KL0001009,1,449.67,8,1,2,1,2,10531,95,0,0,6,1,5,1,1900101,1000000
2024KL0001010,1,449.67,30,1,2,1,13,17631,160,6000,1,1,1,1,1,1900112,1000000
2024KL0001011,1,449.67,46,1,1,1,12,7225,65,6000,1,1,1,1,1,1900102,1000000
2024KL0001012,1,449.67,2,2,4,1,6,13243,120,0,0,6,1,5,1,1900107,1000000
2024KL0001013,1,449.67,42,2,4,1,10,71154,501,9800,3,1,1,5,2,1900105,1000000
2024KL0001014,1,449.67,25,1,2,1,9,45115,410,4000,1,1,1,5,1,1900114,1000000
2024KL0001015,1,449.67,3,2,3,1,7,7142,64,0,0,6,1,5,1,1900112,1000000
2024KL0001016,1,449.67,53,2,1,1,10,24357,221,9800,4,1,2,1,1,1900112,1000000
2024KL0001017,1,449.67,97,2,1,1,6,4208,38,0,0,6,1,2,1,1900108,1000000
2024KL0001018,1,449.67,51,1,3,1,15,37190,338,4000,3,1,1,2,1,1900111,1000000
2024KL0001019,1,449.67,31,2,1,1,20,67308,501,3000,1,1,1,1,1,1900102,1000000
2024KL0001020,1,449.67,21,1,4,1,11,10622,96,6000,4,2,1,5,2,1900112,1000000
2024KL0001021,1,449.67,21,1,2,1,14,5456,49,9000,3,2,1,5,1,1900114,1000000
2024KL0001022,1,449.67,42,1,5,1,12,13684,124,6000,1,1,1,1,1,1900108,1000000
2024KL0001023,1,449.67,29,1,5,1,14,25630,233,1000,1,1,1,1,1,1900100,1000000
2024KL0001024,1,449.67,58,1,4,1,8,5679,51,6000,4,5,1,1,1,1900100,1000000
2024KL0001025,1,449.67,43,1,5,1,10,23387,212,3000,3,2,1,1,1,1900113,1000000
2024KL0001026,1,449.67,50,1,3,1,8,3333,30,9920,1,1,1,1,1,1900107,1000000
2024KL0001027,1,449.67,33,2,2,1,9,22522,204,7000,1,1,1,1,1,1900112,1000000
2024KL0001028,1,449.67,3,2,1,1,5,6897,62,0,0,6,1,5,1,1900111,1000000
2024KL0001029,1,449.67,1,1,1,1,3,1566,14,0,0,6,1,5,1,1900110,1000000
2024KL0001030,1,449.67,8,2,1,1,3,7025,63,0,0,6,1,5,2,1900111,1000000
2024KL0001031,1,449.67,33,1,1,1,8,8822,80,5000,1,4,1,1,1,1900100,1000000
2024KL0001032,1,449.67,98,1,1,1,5,1993,18,0,0,6,1,1,1,1900102,1000000
2024KL0001033,1,449.67,38,1,4,1,6,17614,160,9000,1,1,1,1,1,1900100,1000000
2024KL0001034,1,449.67,14,2,1,1,5,7507,68,0,0,6,1,5,1,1900104,1000000
2024KL0001035,1,449.67,26,2,1,1,14,38643,351,1000,3,5,1,1,1,1900104,1000000
2024KL0001036,1,449.67,21,1,3,1,15,12403,112,2000,2,1,1,1,1,1900104,1000000
2024KL0001037,1,449.67,5,1,7,1,6,5620,51,0,0,6,1,5,1,1900104,1000000
2024KL0001038,1,449.67,22,1,4,1,13,19879,180,5000,3,1,1,5,1,1900103,1000000
2024KL0001039,1,449.67,43,1,1,1,20,57384,501,4000,2,2,1,3,1,1900107,1000000
2024KL0001040,1,449.67,9,2,1,1,4,4602,41,0,0,6,1,5,1,1900113,1000000
2024KL0001041,1,449.67,13,2,1,1,4,22122,201,0,0,6,1,5,1,1900103,1000000
2024KL0001042,1,449.67,96,1,1,1,9,14851,135,0,0,6,1,3,1,1900112,1000000
2024KL0001043,1,449.67,2,1,2,1,5,15623,142,0,0,6,1,5,1,1900102,1000000
2024KL0001044,1,449.67,37,1,1,1,13,8335,75,9000,1,5,1,1,1,1900108,1000000
2024KL0001045,1,449.67,37,2,1,1,13,56149,501,7000,3,4,1,1,1,1900100,1000000
2024KL0001046,1,449.67,38,1,1,1,13,75101,501,7000,1,2,1,1,1,1900109,1000000
2024KL0001047,1,449.67,26,1,1,1,9,13145,119,7000,1,1,1,1,1,1900100,1000000
2024KL0001048,1,449.67,14,2,6,1,5,2213,20,0,0,6,1,5,1,1900108,1000000
2024KL0001049,1,449.67,21,1,1,1,18,23064,209,6000,1,1,1,5,1,1900101,1000000
2024KL0001050,1,449.67,94,1,1,1,6,3956,35,0,0,6,1,1,1,1900104,1000000
2024KL0001051,1,449.67,44,1,1,1,16,18784,170,2000,2,1,1,1,1,1900114,1000000
2024KL0001052,1,449.67,23,2,3,1,14,3232,29,7000,1,1,1,5,1,1900104,1000000
2024KL0001053,1,449.67,21,1,2,1,11,10528,95,8000,1,1,1,5,1,1900101,1000000
2024KL0001054,1,449.67,25,1,6,1,11,11597,105,8000,3,1,1,1,1,1900105,1000000
2024KL0001055,1,449.67,26,1,1,1,13,20991,190,6000,6,1,1,1,1,1900101,1000000
2024KL0001056,1,449.67,49,2,1,1,6,61386,501,9920,4,3,1,3,1,1900101,1000000
2024KL0001057,1,449.67,26,1,4,1,12,11452,104,4000,2,1,1,1,1,1900110,1000000
2024KL0001058,1,449.67,23,2,2,1,11,45954,417,6000,3,4,1,5,1,1900110,1000000
2024KL0001059,1,449.67,40,1,1,1,10,29220,265,7000,4,2,1,5,1,1900113,1000000
2024KL0001060,1,449.67,23,2,1,1,15,155255,501,2000,3,1,1,5,1,1900107,1000000
2024KL0001061,1,449.67,73,1,1,1,8,3776,34,0,0,6,1,1,1,1900112,1000000
2024KL0001062,1,449.67,95,2,1,1,6,3585,32,0,0,6,1,2,1,1900111,1000000
2024KL0001063,1,449.67,52,1,1,1,8,15478,140,9920,1,2,1,1,1,1900107,1000000
2024KL0001064,1,449.67,5,2,1,1,8,3991,36,0,0,6,1,5,1,1900102,1000000
2024KL0001065,1,449.67,14,1,2,1,1,2763,25,0,0,6,1,5,1,1900104,1000000
2024KL0001066,1,449.67,37,1,5,1,9,31109,282,7000,1,1,1,1,1,1900100,1000000
2024KL0001067,1,449.67,36,1,7,1,12,57970,501,9000,3,1,1,1,1,1900107,1000000
2024KL0001068,1,449.67,24,2,1,1,17,87659,501,4000,1,2,1,5,1,1900112,1000000
2024KL0001069,1,449.67,20,1,1,1,12,14515,131,3000,3,1,1,1,1,1900111,1000000
2024KL0001070,1,449.67,56,1,2,1,16,112183,501,3000,1,2,1,1,1,1900100,1000000
2024KL0001071,1,449.67,19,1,1,1,14,8867,80,3000,3,1,1,5,1,1900110,1000000
2024KL0001072,1,449.67,45,2,4,1,15,98442,501,5000,3,1,1,1,1,1900109,1000000
2024KL0001073,1,449.67,25,2,2,1,12,16739,152,6000,3,1,1,5,1,1900107,1000000
2024KL0001074,1,449.67,18,1,6,1,17,18837,171,6000,1,1,1,1,1,1900106,1000000
2024KL0001075,1,449.67,33,2,1,1,10,27045,245,6000,4,1,1,5,1,1900101,1000000
2024KL0001076,1,449.67,7,1,1,1,2,956,8,0,0,6,1,5,1,1900100,1000000
2024KL0001077,1,449.67,44,2,2,1,7,26022,236,8000,1,1,1,1,2,1900104,1000000
2024KL0001078,1,449.67,29,2,2,1,14,14575,132,8000,1,1,1,1,1,1900102,1000000
2024KL0001079,1,449.67,40,2,1,1,8,5757,52,5000,1,3,1,2,1,1900112,1000000
2024KL0001080,1,449.67,7,1,1,1,4,1140,10,0,0,6,1,5,1,1900110,1000000
2024KL0001081,1,449.67,20,1,2,1,10,7429,67,5000,1,1,1,5,1,1900109,1000000
2024KL0001082,1,449.67,2,2,6,1,5,3250,29,0,0,6,1,5,1,1900104,1000000
2024KL0001083,1,449.67,81,1,1,1,11,6781,61,0,0,6,1,1,1,1900107,1000000
2024KL0001084,1,449.67,99,1,3,1,10,33258,302,0,0,6,1,1,1,1900114,1000000
2024KL0001085,1,449.67,10,1,3,1,1,2615,23,0,0,6,1,5,1,1900111,1000000
2024KL0001086,1,449.67,56,1,1,1,5,12015,109,8000,1,1,1,1,1,1900103,1000000
2024KL0001087,1,449.67,48,2,8,1,9,23986,218,7000,1,5,1,1,1,1900101,1000000
2024KL0001088,1,449.67,27,2,1,1,14,17756,161,5000,1,2,1,1,2,1900107,1000000
2024KL0001089,1,449.67,15,1,1,1,17,20265,184,0,0,6,1,5,1,1900102,1000000
2024KL0001090,1,449.67,7,1,1,1,4,4919,44,0,0,6,2,5,1,1900108,1000000
2024KL0001091,1,449.67,23,1,1,1,16,40557,368,1000,1,1,1,1,2,1900101,1000000
2024KL0001092,1,449.67,59,1,2,1,14,101820,501,7000,1,1,1,2,1,1900102,1000000
2024KL0001093,1,449.67,18,1,4,1,15,33995,309,2000,1,1,1,5,1,1900112,1000000
2024KL0001094,1,449.67,28,1,1,1,12,24154,219,6000,1,5,1,1,1,1900107,1000000
2024KL0001095,1,449.67,18,2,1,1,14,8654,78,2000,1,1,1,5,1,1900106,1000000
2024KL0001096,1,449.67,32,1,4,1,13,12991,118,7000,6,1,1,5,2,1900104,1000000
2024KL0001097,1,449.67,96,1,9,1,5,5937,53,0,0,6,1,1,1,1900107,1000000
2024KL0001098,1,449.67,33,1,1,1,15,25742,234,1000,1,1,1,1,1,1900105,1000000
2024KL0001099,1,449.67,98,2,2,1,9,6402,58,0,0,6,1,5,1,1900110,1000000
2024KL0001100,1,449.67,26,2,4,1,15,37642,342,3000,3,1,5,5,1,1900103,1000000
2024KL0001101,1,449.67,11,1,6,1,7,4774,43,0,0,6,1,5,1,1900112,1000000
2024KL0001102,1,449.67,47,2,4,1,6,16609,150,5000,1,1,1,1,1,1900110,1000000
2024KL0001103,1,449.67,90,2,2,1,6,5844,53,0,0,6,1,1,1,1900110,1000000
2024KL0001104,1,449.67,9,2,1,1,3,4621,42,0,0,6,1,5,1,1900111,1000000
2024KL0001105,1,449.67,42,1,1,1,18,111306,501,3000,1,2,1,3,1,1900110,1000000
2024KL0001106,1,449.67,67,2,3,1,8,2319,21,5000,6,1,1,1,1,1900100,1000000
2024KL0001107,1,449.67,28,2,1,1,6,3827,34,9000,3,1,1,5,1,1900113,1000000
2024KL0001108,1,449.67,46,1,1,1,8,5283,48,9800,3,1,1,5,1,1900114,1000000
2024KL0001109,1,449.67,54,2,1,1,9,21132,192,1000,1,2,1,5,1,1900110,1000000
2024KL0001110,1,449.67,11,1,3,1,4,3503,31,0,0,6,1,5,1,1900103,1000000
2024KL0001111,1,449.67,98,2,4,1,5,9454,85,0,0,6,1,5,1,1900108,1000000
2024KL0001112,1,449.67,67,2,1,1,10,32485,295,8000,4,1,2,1,1,1900101,1000000
2024KL0001113,1,449.67,35,2,3,1,6,5203,47,9920,6,2,1,1,1,1900104,1000000
2024KL0001114,1,449.67,31,1,1,1,12,42984,390,6000,1,2,1,1,1,1900100,1000000
2024KL0001115,1,449.67,25,2,1,1,7,12120,110,9920,1,1,1,5,1,1900106,1000000
2024KL0001116,1,449.67,9,1,3,1,7,6806,61,0,0,6,1,5,1,1900107,1000000
2024KL0001117,1,449.67,22,1,1,1,12,19563,177,5000,6,1,1,5,1,1900114,1000000
2024KL0001118,1,449.67,85,2,4,1,6,1641,14,0,0,6,1,1,1,1900101,1000000
2024KL0001119,1,449.67,33,2,1,1,9,119470,501,6000,3,4,1,1,1,1900103,1000000
2024KL0001120,1,449.67,50,2,1,1,6,4203,38,6000,4,1,1,1,1,1900101,1000000
2024KL0001121,1,449.67,89,1,1,1,5,3178,28,0,0,6,1,3,1,1900114,1000000
2024KL0001122,1,449.67,8,2,3,1,6,5666,51,0,0,6,1,5,1,1900100,1000000
2024KL0001123,1,449.67,6,2,4,1,1,6674,60,0,0,6,1,5,1,1900104,1000000
2024KL0001124,1,449.67,31,2,1,1,15,71196,501,4000,1,1,1,1,1,1900105,1000000
2024KL0001125,1,449.67,24,1,7,1,13,16821,152,7000,3,1,1,5,1,1900106,1000000
2024KL0001126,1,449.67,11,2,6,1,1,3095,28,0,0,6,1,5,1,1900110,1000000
2024KL0001127,1,449.67,22,2,1,1,19,170944,501,1000,2,1,1,5,1,1900101,1000000
2024KL0001128,1,449.67,63,2,1,1,8,13901,126,6000,3,1,1,1,1,1900111,1000000
2024KL0001129,1,449.67,33,1,1,1,9,58328,501,9000,3,3,1,1,1,1900110,1000000
2024KL0001130,1,449.67,49,1,4,1,19,57672,501,2000,3,2,1,1,1,1900104,1000000
2024KL0001131,1,449.67,71,1,1,1,8,5251,47,0,0,6,1,1,1,1900106,1000000
2024KL0001132,1,449.67,40,1,6,1,13,43722,397,7000,1,2,1,1,1,1900114,1000000
2024KL0001133,1,449.67,4,2,6,1,5,7068,64,0,0,6,1,5,1,1900110,1000000
2024KL0001134,1,449.67,11,1,3,1,4,8386,76,0,0,6,1,5,1,1900111,1000000
2024KL0001135,1,449.67,24,2,6,1,16,111484,501,4000,3,2,1,1,1,1900102,1000000
2024KL0001136,1,449.67,42,1,1,1,16,30711,279,3000,1,1,1,1,1,1900108,1000000
2024KL0001137,1,449.67,43,2,2,1,7,7136,64,8000,6,1,2,1,1,1900113,1000000
2024KL0001138,1,449.67,41,1,1,1,7,3940,35,9920,3,1,1,1,1,1900101,1000000
2024KL0001139,1,449.67,17,1,3,1,12,21144,192,0,0,6,1,5,1,1900114,1000000
2024KL0001140,1,449.67,43,1,2,1,8,3414,31,9800,3,4,1,1,1,1900107,1000000
2024KL0001141,1,449.67,0,2,3,1,9,6621,60,0,0,6,1,5,1,1900100,1000000
2024KL0001142,1,449.67,36,1,1,1,8,4521,41,8000,1,2,1,1,1,1900110,1000000
2024KL0001143,1,449.67,45,2,1,1,8,11080,100,6000,4,1,1,1,1,1900103,1000000
2024KL0001144,1,449.67,46,1,2,1,10,22152,201,9000,1,1,1,1,1,1900101,1000000
2024KL0001145,1,449.67,29,2,1,1,9,14646,133,6000,1,1,1,1,1,1900103,1000000
2024KL0001146,1,449.67,61,2,1,1,6,50192,456,6000,1,1,1,1,2,1900114,1000000
2024KL0001147,1,449.67,19,1,1,1,19,47544,432,4000,1,1,1,5,1,1900105,1000000
2024KL0001148,1,449.67,49,2,1,1,7,7503,68,5000,4,1,1,1,1,1900111,1000000
2024KL0001149,1,449.67,4,1,1,1,4,1163,10,0,0,6,1,5,1,1900103,1000000
2024KL0001150,1,449.67,20,2,1,1,18,35277,320,6000,1,1,2,5,1,1900113,1000000
2024KL0001151,1,449.67,7,2,4,1,5,8349,75,0,0,6,1,5,1,1900106,1000000
2024KL0001152,1,449.67,46,2,1,1,12,29891,271,7000,4,1,1,2,1,1900113,1000000
2024KL0001153,1,449.67,65,1,6,1,6,8215,74,6000,3,1,1,1,1,1900101,1000000
2024KL0001154,1,449.67,3,2,1,1,3,1265,11,0,0,6,1,5,1,1900110,1000000
2024KL0001155,1,449.67,16,1,1,1,12,4670,42,0,0,6,1,5,1,1900113,1000000
2024KL0001156,1,449.67,1,1,2,1,1,5494,49,0,0,6,1,5,1,1900111,1000000
2024KL0001157,1,449.67,14,2,5,1,6,3510,31,0,0,6,1,5,2,1900107,1000000
2024KL0001158,1,449.67,20,1,4,1,18,43717,397,4000,2,5,1,5,1,1900105,1000000
2024KL0001159,1,449.67,66,1,1,1,11,22477,204,6000,1,5,1,2,1,1900103,1000000
2024KL0001160,1,449.67,77,1,5,1,5,3901,35,0,0,6,1,1,1,1900109,1000000
2024KL0001161,1,449.67,49,1,1,1,13,23637,214,9000,1,1,1,1,1,1900100,1000000
2024KL0001162,1,449.67,29,1,1,1,13,26329,239,5000,1,1,1,5,1,1900101,1000000
2024KL0001163,1,449.67,24,1,1,1,20,103362,501,4000,1,5,1,5,1,1900112,1000000
2024KL0001164,1,449.67,19,2,1,1,17,28690,260,6000,1,1,1,5,1,1900105,1000000
2024KL0001165,1,449.67,54,2,3,1,13,34494,313,7000,1,2,1,3,1,1900112,1000000
2024KL0001166,1,449.67,47,1,1,1,18,92243,501,2000,1,1,1,1,1,1900107,1000000
2024KL0001167,1,449.67,61,2,1,1,9,30877,280,3000,3,1,1,5,1,1900109,1000000
2024KL0001168,1,449.67,32,1,3,1,12,6226,56,8000,4,1,1,1,1,1900106,1000000
2024KL0001169,1,449.67,17,1,1,1,13,14001,127,0,0,6,1,5,1,1900112,1000000
2024KL0001170,1,449.67,36,2,1,1,7,4181,38,9800,4,1,1,1,1,1900101,1000000
2024KL0001171,1,449.67,35,2,4,1,16,54336,493,3000,2,1,1,1,1,1900114,1000000
2024KL0001172,1,449.67,5,1,1,1,3,6095,55,0,0,6,1,5,1,1900104,1000000
2024KL0001173,1,449.67,15,1,2,1,14,4345,39,0,0,6,1,5,1,1900113,1000000
2024KL0001174,1,449.67,51,1,8,1,8,7211,65,6000,3,1,1,2,1,1900112,1000000
2024KL0001175,1,449.67,44,2,1,1,11,20831,189,2000,1,2,1,5,1,1900101,1000000
2024KL0001176,1,449.67,71,1,1,1,11,31481,286,0,0,6,1,2,1,1900114,1000000
2024KL0001177,1,449.67,36,2,1,1,12,29046,264,7000,6,1,1,1,1,1900104,1000000
2024KL0001178,1,449.67,34,2,2,1,6,8369,76,6000,3,1,1,5,1,1900103,1000000
2024KL0001179,1,449.67,34,1,1,1,10,26057,236,5000,1,1,1,1,1,1900109,1000000
2024KL0001180,1,449.67,35,1,6,1,15,116204,501,5000,1,1,1,1,1,1900112,1000000
2024KL0001181,1,449.67,52,2,1,1,10,11980,108,5000,4,1,1,1,1,1900109,1000000
2024KL0001182,1,449.67,37,2,1,1,8,5702,51,5000,1,3,1,1,1,1900108,1000000
2024KL0001183,1,449.67,3,2,4,1,4,6740,61,0,0,6,1,5,1,1900108,1000000
2024KL0001184,1,449.67,57,2,4,1,13,39564,359,9000,4,1,1,1,1,1900113,1000000
2024KL0001185,1,449.67,5,2,1,1,2,3839,34,0,0,6,1,5,1,1900107,1000000
2024KL0001186,1,449.67,51,2,2,1,5,7818,71,5000,4,3,1,1,2,1900103,1000000
2024KL0001187,1,449.67,73,1,1,1,5,8497,77,0,0,6,1,1,1,1900103,1000000
2024KL0001188,1,449.67,44,1,3,1,6,3515,31,9800,4,1,1,3,1,1900112,1000000
2024KL0001189,1,449.67,12,1,1,1,3,993,9,0,0,6,1,5,1,1900111,1000000
2024KL0001190,1,449.67,38,1,2,1,11,26905,244,1000,3,1,1,1,1,1900111,1000000
2024KL0001191,1,449.67,32,1,9,1,11,103819,501,6000,6,1,1,5,1,1900109,1000000
2024KL0001192,1,449.67,44,2,1,1,11,46550,423,8000,1,1,1,5,1,1900104,1000000
2024KL0001193,1,449.67,4,1,3,1,4,4487,40,0,0,6,1,5,1,1900101,1000000
2024KL0001194,1,449.67,35,2,1,1,14,94118,501,6000,1,2,1,1,1,1900113,1000000
2024KL0001195,1,449.67,14,1,1,1,1,16069,146,0,0,6,1,5,1,1900100,1000000
2024KL0001196,1,449.67,58,2,1,1,8,5627,51,9920,1,5,1,2,1,1900109,1000000
2024KL0001197,1,449.67,29,1,3,1,9,27922,253,6000,4,1,2,1,1,1900100,1000000
2024KL0001198,1,449.67,45,2,1,1,8,7756,70,9800,1,2,1,1,1,1900110,1000000
2024KL0001199,1,449.67,47,1,4,1,11,11745,106,2000,2,1,1,1,1,1900103,1000000
2024KL0001200,1,449.67,32,1,1,1,10,125179,501,1000,3,1,1,1,1,1900103,1000000
2024KL0001201,1,449.67,24,1,8,1,16,88114,501,4000,1,5,1,5,1,1900105,1000000
2024KL0001202,1,449.67,31,1,1,1,13,57459,501,7000,1,1,1,1,1,1900113,1000000
2024KL0001203,1,449.67,38,2,1,1,11,16094,146,7000,1,1,1,1,1,1900102,1000000
2024KL0001204,1,449.67,16,2,2,1,17,25575,232,0,0,6,1,5,1,1900110,1000000
2024KL0001205,1,449.67,8,2,4,1,5,9937,90,0,0,6,1,5,1,1900104,1000000
2024KL0001206,1,449.67,23,1,1,1,16,72214,501,5000,1,5,1,1,1,1900114,1000000
2024KL0001207,1,449.67,1,1,1,1,7,774,7,0,0,6,1,5,1,1900104,1000000
2024KL0001208,1,449.67,42,2,4,1,12,12578,114,8000,1,1,1,1,1,1900100,1000000
2024KL0001209,1,449.67,47,2,1,1,11,13389,121,5000,1,3,1,1,2,1900107,1000000
2024KL0001210,1,449.67,17,1,1,1,15,11086,100,0,0,6,1,5,1,1900100,1000000
2024KL0001211,1,449.67,58,1,1,1,12,28378,257,6000,1,2,1,2,1,1900110,1000000
2024KL0001212,1,449.67,43,2,3,1,14,16214,147,1000,2,1,1,1,1,1900105,1000000
2024KL0001213,1,449.67,54,2,4,1,10,20180,183,2000,1,1,1,1,1,1900100,1000000
2024KL0001214,1,449.67,67,1,4,1,5,4438,40,9800,4,1,1,5,1,1900109,1000000
2024KL0001215,1,449.67,33,1,2,1,9,17017,154,6000,1,1,1,1,1,1900112,1000000
2024KL0001216,1,449.67,3,1,1,1,6,9487,86,0,0,6,1,5,1,1900102,1000000
2024KL0001217,1,449.67,21,1,2,1,19,58391,501,3000,1,1,1,1,1,1900105,1000000
2024KL0001218,1,449.67,5,1,1,1,5,11904,108,0,0,6,1,5,1,1900111,1000000
2024KL0001219,1,449.67,7,1,1,1,3,14200,129,0,0,6,1,5,1,1900113,1000000
2024KL0001220,1,449.67,16,1,4,1,15,19557,177,0,0,6,1,5,1,1900100,1000000
2024KL0001221,1,449.67,40,2,3,1,12,31067,282,5000,1,1,5,1,1,1900105,1000000
2024KL0001222,1,449.67,24,1,5,1,11,2974,27,9800,6,1,1,5,1,1900107,1000000
2024KL0001223,1,449.67,34,2,1,1,12,29905,271,8000,1,1,1,1,1,1900102,1000000
2024KL0001224,1,449.67,97,1,1,1,6,4149,37,0,0,6,1,2,1,1900104,1000000
2024KL0001225,1,449.67,34,1,1,1,12,17599,159,5000,1,1,1,1,1,1900106,1000000
2024KL0001226,1,449.67,7,1,1,1,2,17826,162,0,0,6,1,5,1,1900113,1000000
2024KL0001227,1,449.67,59,1,1,1,7,18293,166,5000,4,1,1,1,1,1900108,1000000
2024KL0001228,1,449.67,10,1,6,1,5,7379,67,0,0,6,1,5,1,1900105,1000000
2024KL0001229,1,449.67,37,1,3,1,10,32947,299,8000,1,4,1,5,1,1900114,1000000
2024KL0001230,1,449.67,24,1,2,1,19,80112,501,4000,2,1,1,5,1,1900111,1000000
2024KL0001231,1,449.67,18,2,4,1,12,1928,17,1000,2,1,1,5,1,1900104,1000000
2024KL0001232,1,449.67,80,1,1,1,10,7850,71,0,0,6,1,1,1,1900106,1000000
2024KL0001233,1,449.67,3,1,1,1,4,2528,22,0,0,6,1,5,1,1900107,1000000
2024KL0001234,1,449.67,31,2,1,1,14,59414,501,9800,4,1,1,1,1,1900101,1000000
2024KL0001235,1,449.67,15,1,1,1,14,9247,84,0,0,6,1,5,1,1900113,1000000
2024KL0001236,1,449.67,24,2,1,1,19,128881,501,4000,2,1,1,1,1,1900113,1000000
2024KL0001237,1,449.67,33,1,2,1,10,12549,114,5000,1,1,1,5,1,1900107,1000000
2024KL0001238,1,449.67,7,1,9,1,1,2383,21,0,0,6,1,5,1,1900109,1000000
2024KL0001239,1,449.67,17,1,7,1,15,29846,271,0,0,6,1,5,1,1900113,1000000
2024KL0001240,1,449.67,8,1,2,1,6,2176,19,0,0,6,1,5,1,1900111,1000000
2024KL0001241,1,449.67,52,1,2,1,9,24033,218,3000,1,1,1,3,2,1900106,1000000
2024KL0001242,1,449.67,23,2,3,1,16,71374,501,6000,1,3,1,1,1,1900111,1000000
2024KL0001243,1,449.67,36,1,1,1,11,3056,27,8000,3,1,1,1,1,1900113,1000000
2024KL0001244,1,449.67,49,2,2,1,8,4096,37,9800,1,1,1,1,2,1900111,1000000
2024KL0001245,1,449.67,20,2,3,1,14,4134,37,7000,1,1,1,1,1,1900110,1000000
2024KL0001246,1,449.67,17,1,1,1,17,19264,175,0,0,6,1,5,1,1900108,1000000
2024KL0001247,1,449.67,72,1,3,1,5,4081,37,0,0,6,1,1,1,1900103,1000000
2024KL0001248,1,449.67,57,2,5,1,7,14839,134,9920,1,2,1,2,1,1900113,1000000
2024KL0001249,1,449.67,10,2,2,1,5,2166,19,0,0,6,1,5,1,1900110,1000000
2024KL0001250,1,449.67,45,2,1,1,10,50206,456,5000,1,1,1,5,1,1900106,1000000
2024KL0001251,1,449.67,51,2,2,1,6,17430,158,6000,1,1,1,3,1,1900104,1000000
2024KL0001252,1,449.67,44,2,2,1,15,101398,501,5000,1,1,1,1,1,1900105,1000000
2024KL0001253,1,449.67,13,2,1,1,1,4759,43,0,0,6,1,5,1,1900107,1000000
2024KL0001254,1,449.67,15,1,6,1,15,48040,436,0,0,6,1,5,1,1900113,1000000
2024KL0001255,1,449.67,1,1,4,1,4,6829,62,0,0,6,1,5,1,1900101,1000000
2024KL0001256,1,449.67,8,1,2,1,6,1392,12,0,0,6,1,5,1,1900113,1000000
2024KL0001257,1,449.67,25,1,1,1,5,4564,41,7000,4,1,1,1,1,1900112,1000000
2024KL0001258,1,449.67,12,2,2,1,2,1432,13,0,0,6,1,5,1,1900106,1000000
2024KL0001259,1,449.67,58,1,2,1,20,134133,501,3000,1,1,1,1,1,1900114,1000000
2024KL0001260,1,449.67,57,1,2,1,14,55984,501,5000,1,1,2,1,1,1900111,1000000
2024KL0001261,1,449.67,5,1,6,1,2,7091,64,0,0,6,1,5,2,1900106,1000000
2024KL0001262,1,449.67,41,2,1,1,12,33591,305,7000,6,1,1,1,1,1900104,1000000
2024KL0001263,1,449.67,34,2,4,1,9,4695,42,2000,1,2,1,1,1,1900105,1000000
2024KL0001264,1,449.67,4,1,1,1,2,2284,20,0,0,6,1,5,1,1900112,1000000
2024KL0001265,1,449.67,34,1,3,1,20,318900,501,3000,2,2,1,1,1,1900104,1000000
2024KL0001266,1,449.67,36,2,4,1,6,7564,68,5000,6,1,1,1,1,1900113,1000000
2024KL0001267,1,449.67,6,2,1,1,4,5327,48,0,0,6,1,5,1,1900104,1000000
2024KL0001268,1,449.67,3,1,3,1,9,15116,137,0,0,6,1,5,1,1900112,1000000
2024KL0001269,1,449.67,52,2,2,1,9,25971,236,6000,3,3,1,1,1,1900114,1000000
2024KL0001270,1,449.67,19,1,1,1,13,7057,64,9000,4,1,1,5,1,1900112,1000000
2024KL0001271,1,449.67,62,1,3,1,8,46456,422,9000,1,1,1,1,1,1900109,1000000
2024KL0001272,1,449.67,32,2,1,1,19,101997,501,3000,3,1,1,1,1,1900111,1000000
2024KL0001273,1,449.67,3,1,1,1,7,1913,17,0,0,6,1,5,1,1900100,1000000
2024KL0001274,1,449.67,88,1,1,1,7,3615,32,0,0,6,1,4,1,1900110,1000000
2024KL0001275,1,449.67,37,1,5,1,10,67077,501,9000,1,1,1,1,1,1900100,1000000
2024KL0001276,1,449.67,44,1,5,1,7,15951,145,6000,6,1,1,1,1,1900109,1000000
2024KL0001277,1,449.67,37,1,1,1,17,28304,257,4000,1,1,1,1,1,1900106,1000000
2024KL0001278,1,449.67,36,2,4,1,8,33783,307,9920,6,1,1,1,1,1900112,1000000
2024KL0001279,1,449.67,7,1,2,1,1,5292,48,0,0,6,1,5,1,1900105,1000000
2024KL0001280,1,449.67,22,2,4,1,14,63714,501,5000,3,1,1,5,1,1900104,1000000
2024KL0001281,1,449.67,6,1,1,1,4,813,7,0,0,6,1,5,1,1900102,1000000
2024KL0001282,1,449.67,36,2,2,1,5,22014,200,6000,4,1,1,1,1,1900114,1000000
2024KL0001283,1,449.67,40,1,1,1,18,56379,501,4000,1,1,1,1,1,1900100,1000000
2024KL0001284,1,449.67,47,1,2,1,17,37263,338,4000,1,1,1,1,1,1900110,1000000
2024KL0001285,1,449.67,6,2,1,1,2,1880,17,0,0,6,1,5,1,1900103,1000000
2024KL0001286,1,449.67,52,1,1,1,9,8015,72,9800,4,1,1,5,1,1900106,1000000
2024KL0001287,1,449.67,35,1,2,1,13,18418,167,5000,1,2,1,1,1,1900101,1000000
2024KL0001288,1,449.67,24,2,1,1,14,25350,230,3000,1,3,1,5,1,1900101,1000000
2024KL0001289,1,449.67,34,1,2,1,16,148186,501,5000,4,5,1,1,1,1900100,1000000
2024KL0001290,1,449.67,19,1,3,1,15,34353,312,6000,3,1,1,5,1,1900113,1000000
2024KL0001291,1,449.67,91,2,4,1,8,17508,159,0,0,6,1,5,1,1900112,1000000
2024KL0001292,1,449.67,31,2,1,1,10,53964,490,6000,1,1,1,5,1,1900106,1000000
2024KL0001293,1,449.67,47,1,2,1,11,41061,373,9000,1,5,1,1,1,1900109,1000000
2024KL0001294,1,449.67,39,2,2,1,10,81389,501,2000,1,1,1,1,1,1900103,1000000
2024KL0001295,1,449.67,43,2,2,1,14,77766,501,7000,3,2,1,1,1,1900113,1000000
2024KL0001296,1,449.67,21,1,2,1,13,28462,258,5000,4,1,1,1,1,1900106,1000000
2024KL0001297,1,449.67,2,2,2,1,5,3718,33,0,0,6,1,5,1,1900109,1000000
2024KL0001298,1,449.67,25,1,2,1,9,19669,178,2000,1,1,1,1,1,1900109,1000000
2024KL0001299,1,449.67,91,2,7,1,9,8264,75,0,0,6,1,1,1,1900105,1000000
2024KL0001300,1,449.67,30,1,1,1,14,18179,165,5000,4,1,1,1,1,1900105,1000000
2024KL0001301,1,449.67,0,1,1,1,4,2851,25,0,0,6,1,5,2,1900105,1000000
2024KL0001302,1,449.67,50,1,2,1,8,11674,106,9800,4,4,1,1,1,1900105,1000000
2024KL0001303,1,449.67,8,2,6,1,5,5679,51,0,0,6,1,5,1,1900111,1000000
2024KL0001304,1,449.67,33,2,3,1,18,136862,501,5000,6,1,1,1,1,1900110,1000000
2024KL0001305,1,449.67,21,1,4,1,12,22640,205,7000,4,1,1,1,1,1900101,1000000
2024KL0001306,1,449.67,36,1,1,1,6,2273,20,7000,1,1,1,1,1,1900106,1000000
2024KL0001307,1,449.67,17,2,1,1,14,35119,319,0,0,6,1,5,1,1900109,1000000
2024KL0001308,1,449.67,16,2,3,1,17,80598,501,0,0,6,1,5,1,1900100,1000000
2024KL0001309,1,449.67,18,2,1,1,13,10725,97,9800,1,1,1,1,1,1900106,1000000
2024KL0001310,1,449.67,0,2,1,1,5,3859,35,0,0,6,1,5,1,1900106,1000000
2024KL0001311,1,449.67,45,2,3,1,8,5480,49,9800,1,1,1,5,1,1900114,1000000
2024KL0001312,1,449.67,12,2,3,1,5,4932,44,0,0,6,1,5,1,1900112,1000000
2024KL0001313,1,449.67,22,1,4,1,14,13830,125,9000,4,1,1,5,2,1900108,1000000
2024KL0001314,1,449.67,36,1,4,1,16,110417,501,2000,3,4,1,1,1,1900107,1000000
2024KL0001315,1,449.67,95,1,1,1,5,4751,43,0,0,6,1,5,1,1900104,1000000
2024KL0001316,1,449.67,5,2,1,1,9,9425,85,0,0,6,1,5,1,1900103,1000000
2024KL0001317,1,449.67,21,2,1,1,18,31629,287,6000,1,1,1,5,1,1900109,1000000
2024KL0001318,1,449.67,49,2,1,1,7,18731,170,9920,1,1,1,1,1,1900114,1000000
2024KL0001319,1,449.67,48,2,1,1,7,16037,145,8000,3,1,1,1,1,1900107,1000000
2024KL0001320,1,449.67,27,2,2,1,16,75713,501,4000,3,1,1,5,1,1900104,1000000
2024KL0001321,1,449.67,11,1,1,1,4,7022,63,0,0,6,1,5,1,1900114,1000000
2024KL0001322,1,449.67,44,1,6,1,7,8837,80,7000,4,1,1,1,1,1900101,1000000
2024KL0001323,1,449.67,21,1,1,1,12,10436,94,9800,1,1,1,1,1,1900103,1000000
2024KL0001324,1,449.67,40,2,1,1,5,15333,139,9920,1,1,1,2,1,1900105,1000000
2024KL0001325,1,449.67,13,1,1,1,2,3825,34,0,0,6,1,5,1,1900112,1000000
2024KL0001326,1,449.67,16,1,1,1,16,38334,348,0,0,6,1,5,1,1900113,1000000
2024KL0001327,1,449.67,44,2,6,1,16,55793,501,6000,6,2,1,1,1,1900102,1000000
2024KL0001328,1,449.67,45,2,2,1,7,13588,123,5000,1,1,1,1,1,1900113,1000000
2024KL0001329,1,449.67,45,2,1,1,9,1904,17,1000,1,1,1,1,1,1900103,1000000
2024KL0001330,1,449.67,29,1,2,1,12,15510,141,9000,4,5,1,1,1,1900107,1000000
2024KL0001331,1,449.67,17,2,3,1,15,15020,136,0,0,6,1,5,1,1900103,1000000
2024KL0001332,1,449.67,18,2,1,1,15,26049,236,3000,2,1,1,5,1,1900111,1000000
2024KL0001333,1,449.67,15,2,7,1,17,40282,366,0,0,6,1,5,1,1900101,1000000
2024KL0001334,1,449.67,35,1,1,1,11,17200,156,6000,3,1,1,1,1,1900103,1000000
2024KL0001335,1,449.67,35,1,2,1,15,202400,501,6000,1,1,5,1,1,1900104,1000000
2024KL0001336,1,449.67,28,1,2,1,8,8072,73,9000,3,1,1,1,1,1900101,1000000
2024KL0001337,1,449.67,17,2,1,1,18,30738,279,0,0,6,1,5,1,1900108,1000000
2024KL0001338,1,449.67,30,1,2,1,13,51601,469,5000,4,1,1,5,1,1900111,1000000
2024KL0001339,1,449.67,24,1,1,1,16,96050,501,6000,1,1,1,1,1,1900113,1000000
2024KL0001340,1,449.67,46,1,2,1,5,12694,115,6000,4,1,1,1,1,1900108,1000000
2024KL0001341,1,449.67,23,1,1,1,18,28998,263,4000,1,1,1,5,1,1900112,1000000
2024KL0001342,1,449.67,77,1,2,1,8,4401,40,0,0,6,1,2,1,1900102,1000000
2024KL0001343,1,449.67,24,1,1,1,15,34942,317,4000,1,1,1,1,1,1900104,1000000
2024KL0001344,1,449.67,4,1,1,1,5,6025,54,0,0,6,1,5,1,1900104,1000000
2024KL0001345,1,449.67,21,1,2,1,17,13387,121,2000,2,1,1,5,2,1900105,1000000
2024KL0001346,1,449.67,87,2,6,1,6,17746,161,0,0,6,1,1,1,1900103,1000000
2024KL0001347,1,449.67,7,1,1,1,4,3644,33,0,0,6,1,5,1,1900112,1000000
2024KL0001348,1,449.67,23,1,1,1,20,29750,270,3000,1,3,1,1,1,1900114,1000000
2024KL0001349,1,449.67,3,1,2,1,1,6304,57,0,0,6,1,5,1,1900102,1000000
2024KL0001350,1,449.67,76,2,2,1,10,6495,59,0,0,6,1,1,1,1900114,1000000
2024KL0001351,1,449.67,11,1,1,1,5,1199,10,0,0,6,1,5,1,1900108,1000000
2024KL0001352,1,449.67,50,2,2,1,7,11547,104,9000,1,4,1,1,1,1900112,1000000
2024KL0001353,1,449.67,4,2,9,1,2,2344,21,0,0,6,1,5,1,1900103,1000000
2024KL0001354,1,449.67,44,2,3,1,12,47995,436,5000,4,1,1,1,1,1900114,1000000
2024KL0001355,1,449.67,22,1,2,1,20,96420,501,3000,2,1,1,5,1,1900113,1000000
2024KL0001356,1,449.67,7,1,2,1,3,3560,32,0,0,6,1,5,1,1900105,1000000
2024KL0001357,1,449.67,4,2,3,1,5,7350,66,0,0,6,1,5,1,1900107,1000000
2024KL0001358,1,449.67,52,2,1,1,6,14040,127,9920,1,1,1,1,1,1900101,1000000
2024KL0001359,1,449.67,56,2,1,1,6,33397,303,8000,1,4,1,3,1,1900110,1000000
2024KL0001360,1,449.67,36,1,1,1,9,18508,168,6000,1,1,1,1,1,1900100,1000000
2024KL0001361,1,449.67,41,1,2,1,16,71252,501,4000,3,1,1,1,1,1900110,1000000
2024KL0001362,1,449.67,55,1,4,1,11,24823,225,1000,1,1,1,1,1,1900110,1000000
2024KL0001363,1,449.67,28,2,2,1,18,65201,501,6000,1,1,1,1,1,1900111,1000000
2024KL0001364,1,449.67,33,1,1,1,11,25996,236,1000,3,5,1,1,1,1900111,1000000
2024KL0001365,1,449.67,17,1,4,1,13,8624,78,0,0,6,1,5,1,1900114,1000000
2024KL0001366,1,449.67,19,1,1,1,14,7193,65,7000,4,1,1,5,1,1900105,1000000
2024KL0001367,1,449.67,83,1,1,1,7,1894,17,0,0,6,1,2,1,1900102,1000000
2024KL0001368,1,449.67,95,2,2,1,5,2732,24,0,0,6,1,1,1,1900111,1000000
2024KL0001369,1,449.67,13,2,2,1,1,982,8,0,0,6,1,5,1,1900104,1000000
2024KL0001370,1,449.67,25,2,1,1,7,5259,47,5000,6,1,1,1,1,1900101,1000000
2024KL0001371,1,449.67,11,1,3,1,3,2536,23,0,0,6,1,5,1,1900104,1000000
2024KL0001372,1,449.67,16,2,1,1,14,11305,102,0,0,6,1,5,1,1900110,1000000
2024KL0001373,1,449.67,18,1,2,1,18,25268,229,1000,1,3,1,1,1,1900114,1000000
2024KL0001374,1,449.67,19,1,3,1,10,19167,174,4000,1,1,1,5,1,1900110,1000000
2024KL0001375,1,449.67,31,1,7,1,15,91060,501,6000,1,1,1,1,1,1900105,1000000
2024KL0001376,1,449.67,47,1,1,1,10,22914,208,8000,3,1,1,5,1,1900114,1000000
2024KL0001377,1,449.67,5,1,1,1,5,5768,52,0,0,6,1,5,1,1900103,1000000
2024KL0001378,1,449.67,19,1,1,1,20,23761,216,4000,2,1,1,5,1,1900110,1000000
2024KL0001379,1,449.67,0,2,1,1,3,2261,20,0,0,6,1,5,1,1900101,1000000
2024KL0001380,1,449.67,38,2,7,1,15,101417,501,4000,3,1,2,1,1,1900100,1000000
2024KL0001381,1,449.67,27,1,3,1,14,41858,380,9000,1,1,1,5,2,1900112,1000000
2024KL0001382,1,449.67,47,2,3,1,7,2811,25,6000,1,2,1,2,1,1900100,1000000
2024KL0001383,1,449.67,91,2,1,1,12,15935,144,0,0,6,1,2,1,1900106,1000000
2024KL0001384,1,449.67,7,1,1,1,3,3903,35,0,0,6,1,5,1,1900111,1000000
2024KL0001385,1,449.67,42,1,2,1,10,47844,434,3000,1,1,1,1,1,1900104,1000000
2024KL0001386,1,449.67,49,1,1,1,5,22877,207,7000,1,1,1,1,1,1900114,1000000
2024KL0001387,1,449.67,49,1,5,1,14,46048,418,7000,3,1,1,1,1,1900103,1000000
2024KL0001388,1,449.67,24,1,2,1,13,18046,164,5000,1,1,1,5,1,1900105,1000000
2024KL0001389,1,449.67,3,2,5,1,4,19299,175,0,0,6,1,5,1,1900101,1000000
2024KL0001390,1,449.67,45,2,3,1,9,20821,189,5000,1,1,1,1,1,1900105,1000000
2024KL0001391,1,449.67,18,2,1,1,13,9812,89,7000,1,1,1,1,2,1900110,1000000
2024KL0001392,1,449.67,25,1,1,1,10,21294,193,7000,4,1,1,1,1,1900106,1000000
2024KL0001393,1,449.67,50,2,1,1,6,3083,28,9920,4,5,1,1,1,1900110,1000000
2024KL0001394,1,449.67,100,1,1,1,6,9745,88,0,0,6,1,1,1,1900101,1000000
2024KL0001395,1,449.67,56,2,2,1,14,15742,143,6000,1,1,1,1,1,1900110,1000000
2024KL0001396,1,449.67,44,2,1,1,13,67413,501,1000,1,1,1,1,1,1900104,1000000
2024KL0001397,1,449.67,58,1,3,1,6,7460,67,5000,6,1,1,1,1,1900105,1000000
2024KL0001398,1,449.67,8,2,1,1,3,1176,10,0,0,6,1,5,1,1900107,1000000
2024KL0001399,1,449.67,9,1,9,1,5,5707,51,0,0,6,1,5,1,1900110,1000000
2024KL0001400,1,449.67,90,2,2,1,9,41883,380,0,0,6,1,1,2,1900108,1000000
2024KL0001401,1,449.67,35,2,2,1,10,44754,406,6000,1,1,1,1,1,1900104,1000000
2024KL0001402,1,449.67,22,2,2,1,18,99849,501,3000,1,1,1,5,1,1900106,1000000
2024KL0001403,1,449.67,56,2,1,1,10,34599,314,7000,1,1,1,1,1,1900114,1000000
2024KL0001404,1,449.67,16,1,2,1,14,15505,140,0,0,6,1,5,1,1900103,1000000
2024KL0001405,1,449.67,11,1,1,1,6,4996,45,0,0,6,1,5,1,1900107,1000000
2024KL0001406,1,449.67,3,1,4,1,1,3531,32,0,0,6,1,5,1,1900102,1000000
2024KL0001407,1,449.67,11,1,1,1,9,4551,41,0,0,6,1,5,1,1900106,1000000
2024KL0001408,1,449.67,30,1,5,1,7,2233,20,8000,4,1,1,5,1,1900103,1000000
2024KL0001409,1,449.67,10,2,2,1,5,2476,22,0,0,6,1,5,1,1900109,1000000
2024KL0001410,1,449.67,53,1,6,1,5,5258,47,7000,3,3,1,1,2,1900106,1000000
2024KL0001411,1,449.67,28,2,1,1,10,33756,306,8000,3,1,1,1,1,1900101,1000000
2024KL0001412,1,449.67,12,1,1,1,7,750,6,0,0,6,1,5,1,1900111,1000000
2024KL0001413,1,449.67,51,1,3,1,11,16465,149,2000,3,2,1,1,2,1900114,1000000
2024KL0001414,1,449.67,10,1,3,1,2,1047,9,0,0,6,1,5,1,1900108,1000000
2024KL0001415,1,449.67,21,1,4,1,14,5941,54,6000,3,2,1,5,1,1900109,1000000
2024KL0001416,1,449.67,8,1,3,1,5,5250,47,0,0,6,1,5,1,1900113,1000000
2024KL0001417,1,449.67,57,1,2,1,5,4228,38,9920,3,1,1,1,1,1900104,1000000
2024KL0001418,1,449.67,47,1,1,1,10,23558,214,5000,4,1,1,2,1,1900101,1000000
2024KL0001419,1,449.67,10,1,1,1,3,2589,23,0,0,6,2,5,1,1900102,1000000
2024KL0001420,1,449.67,13,1,1,1,6,1261,11,0,0,6,1,5,1,1900105,1000000
2024KL0001421,1,449.67,29,1,2,1,10,8393,76,9800,6,1,1,1,1,1900103,1000000
2024KL0001422,1,449.67,100,2,1,1,6,14896,135,0,0,6,1,1,1,1900112,1000000
2024KL0001423,1,449.67,5,2,6,1,5,2596,23,0,0,6,1,5,2,1900109,1000000
2024KL0001424,1,449.67,18,2,6,1,15,59028,501,3000,2,1,1,5,1,1900110,1000000
2024KL0001425,1,449.67,33,2,1,1,8,8857,80,9000,3,1,2,1,1,1900111,1000000
2024KL0001426,1,449.67,34,1,4,1,12,21041,191,5000,1,1,1,1,1,1900106,1000000
2024KL0001427,1,449.67,28,1,7,1,12,59074,501,8000,4,1,1,5,1,1900106,1000000
2024KL0001428,1,449.67,19,2,3,1,17,14944,135,5000,1,1,1,1,1,1900111,1000000
2024KL0001429,1,449.67,34,1,2,1,16,86712,501,1000,1,1,1,1,1,1900105,1000000
2024KL0001430,1,449.67,17,1,2,1,14,5759,52,0,0,6,1,5,1,1900104,1000000
2024KL0001431,1,449.67,36,1,2,1,6,7864,71,9920,1,1,1,1,1,1900102,1000000
2024KL0001432,1,449.67,35,1,9,1,11,77371,501,6000,3,1,1,2,1,1900108,1000000
2024KL0001433,1,449.67,14,2,1,1,6,7967,72,0,0,6,1,5,1,1900110,1000000
2024KL0001434,1,449.67,84,1,2,1,8,4496,40,0,0,6,1,1,1,1900104,1000000
2024KL0001435,1,449.67,26,2,2,1,14,23787,216,6000,1,1,1,1,1,1900114,1000000
2024KL0001436,1,449.67,6,1,4,1,6,3880,35,0,0,6,1,5,1,1900106,1000000
2024KL0001437,1,449.67,49,2,6,1,11,28101,255,8000,1,4,1,1,1,1900105,1000000
2024KL0001438,1,449.67,33,1,5,1,14,6633,60,9000,1,4,1,5,1,1900107,1000000
2024KL0001439,1,449.67,3,2,1,1,2,2648,24,0,0,6,1,5,1,1900104,1000000
2024KL0001440,1,449.67,41,1,3,1,15,45398,412,4000,1,2,1,1,1,1900107,1000000
2024KL0001441,1,449.67,16,1,1,1,15,126305,501,0,0,6,2,5,1,1900105,1000000
2024KL0001442,1,449.67,6,2,4,1,2,4196,38,0,0,6,1,5,1,1900100,1000000
2024KL0001443,1,449.67,15,2,6,1,16,37524,341,0,0,6,1,5,1,1900104,1000000
2024KL0001444,1,449.67,33,2,2,1,5,14941,135,7000,3,1,1,1,1,1900105,1000000
2024KL0001445,1,449.67,33,2,2,1,12,77820,501,9800,3,1,1,1,1,1900103,1000000
2024KL0001446,1,449.67,15,2,1,1,11,5075,46,0,0,6,5,5,1,1900111,1000000
2024KL0001447,1,449.67,29,2,1,1,15,24210,220,4000,2,1,1,1,1,1900100,1000000
2024KL0001448,1,449.67,44,2,1,1,8,26205,238,9800,6,2,1,1,1,1900110,1000000
2024KL0001449,1,449.67,29,2,2,1,14,19130,173,5000,1,1,1,1,1,1900110,1000000
2024KL0001450,1,449.67,17,2,6,1,15,12658,115,0,0,6,1,5,1,1900102,1000000
2024KL0001451,1,449.67,38,1,4,1,15,62277,501,6000,6,1,1,1,1,1900101,1000000
2024KL0001452,1,449.67,0,1,1,1,5,1909,17,0,0,6,5,5,1,1900112,1000000
2024KL0001453,1,449.67,77,1,1,1,6,3389,30,0,0,6,1,2,1,1900111,1000000
2024KL0001454,1,449.67,10,2,1,1,9,4515,41,0,0,6,1,5,1,1900108,1000000
2024KL0001455,1,449.67,16,2,1,1,12,8543,77,0,0,6,1,5,1,1900114,1000000
2024KL0001456,1,449.67,34,1,1,1,19,134617,501,2000,1,1,1,1,1,1900109,1000000
2024KL0001457,1,449.67,85,1,5,1,12,22281,202,0,0,6,1,1,1,1900105,1000000
2024KL0001458,1,449.67,38,1,7,1,13,16034,145,6000,4,1,1,1,1,1900104,1000000
2024KL0001459,1,449.67,3,2,6,1,3,3474,31,0,0,6,1,5,1,1900100,1000000
2024KL0001460,1,449.67,34,1,2,1,18,166011,501,1000,1,1,1,1,1,1900102,1000000
2024KL0001461,1,449.67,24,2,5,1,12,23329,212,7000,6,1,1,5,1,1900103,1000000
2024KL0001462,1,449.67,9,1,1,1,1,1047,9,0,0,6,1,5,1,1900105,1000000
2024KL0001463,1,449.67,10,2,3,1,3,2016,18,0,0,6,1,5,1,1900100,1000000
2024KL0001464,1,449.67,15,2,2,1,15,24734,224,0,0,6,1,5,1,1900108,1000000
2024KL0001465,1,449.67,25,2,1,1,12,50339,457,6000,3,1,1,5,1,1900105,1000000
2024KL0001466,1,449.67,43,2,3,1,13,36765,334,9000,3,1,1,1,1,1900112,1000000
2024KL0001467,1,449.67,9,2,1,1,9,4695,42,0,0,6,1,5,1,1900106,1000000
2024KL0001468,1,449.67,20,2,3,1,17,67221,501,4000,1,1,1,5,1,1900112,1000000
2024KL0001469,1,449.67,27,2,3,1,17,30476,277,2000,2,1,1,1,1,1900113,1000000
2024KL0001470,1,449.67,8,1,1,1,3,9147,83,0,0,6,1,5,1,1900102,1000000
2024KL0001471,1,449.67,88,1,1,1,7,4213,38,0,0,6,1,1,1,1900100,1000000
2024KL0001472,1,449.67,32,2,5,1,15,85735,501,1000,1,2,1,1,1,1900100,1000000
2024KL0001473,1,449.67,21,1,3,1,14,8405,76,6000,1,1,1,5,1,1900111,1000000
2024KL0001474,1,449.67,47,2,1,1,9,26988,245,6000,1,1,1,1,1,1900105,1000000
2024KL0001475,1,449.67,54,1,3,1,8,4420,40,9000,1,1,2,1,1,1900103,1000000
2024KL0001476,1,449.67,44,2,4,1,5,14624,132,6000,1,1,1,1,1,1900105,1000000
2024KL0001477,1,449.67,5,2,1,1,2,1624,14,0,0,6,1,5,1,1900101,1000000
2024KL0001478,1,449.67,23,2,4,1,16,47429,431,4000,1,5,1,5,1,1900104,1000000
2024KL0001479,1,449.67,49,2,4,1,6,7444,67,8000,3,1,1,5,1,1900108,1000000
2024KL0001480,1,449.67,61,2,1,1,11,14484,131,7000,4,1,1,1,2,1900108,1000000
2024KL0001481,1,449.67,54,1,6,1,8,7677,69,6000,3,1,1,5,1,1900114,1000000
2024KL0001482,1,449.67,69,1,1,1,5,3535,32,9800,3,1,1,3,1,1900102,1000000
2024KL0001483,1,449.67,6,2,6,1,6,3377,30,0,0,6,2,5,1,1900107,1000000
2024KL0001484,1,449.67,49,2,7,1,5,28388,258,5000,1,1,1,1,1,1900108,1000000
2024KL0001485,1,449.67,31,1,3,1,7,19253,175,9920,1,2,1,5,1,1900113,1000000
2024KL0001486,1,449.67,37,2,1,1,7,3072,27,9920,1,1,1,1,1,1900106,1000000
2024KL0001487,1,449.67,0,1,1,1,7,12425,112,0,0,6,1,5,1,1900100,1000000
2024KL0001488,1,449.67,0,1,1,1,2,2750,25,0,0,6,1,5,1,1900112,1000000
2024KL0001489,1,449.67,29,2,1,1,5,7655,69,9920,1,1,1,1,1,1900114,1000000
2024KL0001490,1,449.67,2,1,1,1,1,317,2,0,0,6,1,5,1,1900112,1000000
2024KL0001491,1,449.67,29,1,5,1,18,38639,351,2000,2,1,1,1,1,1900110,1000000
2024KL0001492,1,449.67,37,2,1,1,11,29742,270,6000,1,1,1,1,1,1900111,1000000
2024KL0001493,1,449.67,52,2,1,1,19,235527,501,4000,2,1,1,4,1,1900108,1000000
2024KL0001494,1,449.67,71,1,6,1,5,6431,58,0,0,6,1,1,2,1900106,1000000
2024KL0001495,1,449.67,22,1,2,1,12,13533,123,9000,3,1,1,5,1,1900102,1000000
2024KL0001496,1,449.67,21,2,4,1,18,16473,149,6000,1,1,1,5,1,1900102,1000000
2024KL0001497,1,449.67,28,1,4,1,8,3239,29,5000,3,1,1,1,1,1900106,1000000
2024KL0001498,1,449.67,51,2,1,1,15,108305,501,5000,4,5,1,1,1,1900100,1000000
2024KL0001499,1,449.67,57,2,1,1,8,4253,38,9920,4,2,1,2,1,1900111,1000000
2024KL0001500,1,449.67,30,1,6,1,7,12568,114,9800,4,1,1,1,1,1900101,1000000
2024KL0001501,1,449.67,52,1,1,1,14,165799,501,7000,4,1,1,2,1,1900101,1000000
2024KL0001502,1,449.67,6,2,2,1,3,888,8,0,0,6,1,5,1,1900101,1000000
2024KL0001503,1,449.67,2,2,1,1,1,923,8,0,0,6,1,5,1,1900106,1000000
2024KL0001504,1,449.67,4,2,1,1,6,1784,16,0,0,6,1,5,1,1900109,1000000
2024KL0001505,1,449.67,22,2,1,1,13,25979,236,1000,2,1,1,5,1,1900114,1000000
2024KL0001506,1,449.67,13,2,5,1,1,1261,11,0,0,6,1,5,1,1900114,1000000
2024KL0001507,1,449.67,92,1,2,1,5,12402,112,0,0,6,1,1,1,1900101,1000000
2024KL0001508,1,449.67,57,1,1,1,19,62706,501,1000,3,3,1,3,1,1900110,1000000
2024KL0001509,1,449.67,5,1,1,1,1,4517,41,0,0,6,1,5,1,1900113,1000000
2024KL0001510,1,449.67,90,1,1,1,5,4325,39,0,0,6,1,1,1,1900103,1000000
2024KL0001511,1,449.67,34,2,2,1,13,38843,353,6000,1,1,1,1,1,1900114,1000000
2024KL0001512,1,449.67,18,1,1,1,14,21579,196,8000,1,1,2,5,1,1900108,1000000
2024KL0001513,1,449.67,96,1,2,1,5,1910,17,0,0,6,1,5,1,1900111,1000000
2024KL0001514,1,449.67,56,2,1,1,12,91053,501,3000,1,1,1,2,1,1900104,1000000
2024KL0001515,1,449.67,27,1,2,1,9,38162,346,6000,1,1,1,1,1,1900102,1000000
2024KL0001516,1,449.67,48,2,2,1,10,33920,308,3000,1,1,1,1,1,1900112,1000000
2024KL0001517,1,449.67,59,2,1,1,9,3949,35,3000,2,1,1,1,1,1900103,1000000
2024KL0001518,1,449.67,10,1,1,1,2,5073,46,0,0,6,1,5,1,1900104,1000000
2024KL0001519,1,449.67,22,2,5,1,14,31247,284,8000,1,1,1,5,1,1900102,1000000
2024KL0001520,1,449.67,31,2,1,1,7,45729,415,6000,6,1,1,1,1,1900105,1000000
2024KL0001521,1,449.67,11,1,1,1,7,7190,65,0,0,6,1,5,1,1900103,1000000
2024KL0001522,1,449.67,78,1,9,1,8,3743,34,0,0,6,1,1,1,1900114,1000000
2024KL0001523,1,449.67,15,1,1,1,14,3507,31,0,0,6,1,5,1,1900114,1000000
2024KL0001524,1,449.67,46,2,1,1,7,29417,267,9800,4,1,1,1,1,1900106,1000000
2024KL0001525,1,449.67,7,1,3,1,3,4268,38,0,0,6,1,5,2,1900106,1000000
2024KL0001526,1,449.67,37,1,1,1,12,3705,33,9800,1,2,1,1,1,1900110,1000000
2024KL0001527,1,449.67,16,1,1,1,18,16355,148,0,0,6,1,5,1,1900110,1000000
2024KL0001528,1,449.67,0,1,1,1,4,6603,60,0,0,6,2,5,1,1900105,1000000
2024KL0001529,1,449.67,44,1,3,1,9,24742,224,4000,1,1,1,1,1,1900111,1000000
2024KL0001530,1,449.67,11,1,3,1,4,6039,54,0,0,6,1,5,1,1900112,1000000
2024KL0001531,1,449.67,55,1,7,1,5,7371,67,9800,1,4,1,1,1,1900110,1000000
2024KL0001532,1,449.67,12,2,7,1,1,8250,75,0,0,6,1,5,1,1900107,1000000
2024KL0001533,1,449.67,8,1,1,1,2,15215,138,0,0,6,1,5,2,1900114,1000000
2024KL0001534,1,449.67,34,1,2,1,10,13118,119,5000,3,1,1,1,2,1900101,1000000
2024KL0001535,1,449.67,89,2,2,1,5,6526,59,0,0,6,1,1,1,1900103,1000000
2024KL0001536,1,449.67,21,1,1,1,15,34558,314,4000,2,4,1,5,1,1900111,1000000
2024KL0001537,1,449.67,44,2,4,1,12,32599,296,5000,3,1,1,1,1,1900102,1000000
2024KL0001538,1,449.67,36,2,1,1,9,16949,154,5000,1,4,1,5,1,1900108,1000000
2024KL0001539,1,449.67,53,2,2,1,8,27836,253,7000,1,1,2,1,2,1900107,1000000
2024KL0001540,1,449.67,34,1,1,1,9,23529,213,6000,1,1,2,1,1,1900104,1000000
2024KL0001541,1,449.67,7,2,1,1,7,1318,11,0,0,6,1,5,1,1900107,1000000
2024KL0001542,1,449.67,24,1,1,1,16,45409,412,2000,1,1,1,1,1,1900100,1000000
2024KL0001543,1,449.67,40,1,3,1,14,12583,114,1000,1,1,1,1,1,1900111,1000000
2024KL0001544,1,449.67,23,2,1,1,13,88999,501,3000,2,1,1,5,2,1900113,1000000
2024KL0001545,1,449.67,35,2,6,1,15,70476,501,4000,1,1,1,1,1,1900107,1000000
2024KL0001546,1,449.67,25,1,4,1,9,21472,195,7000,6,1,1,1,1,1900108,1000000
2024KL0001547,1,449.67,15,1,1,1,18,32149,292,0,0,6,1,5,1,1900113,1000000
2024KL0001548,1,449.67,55,1,1,1,11,19632,178,9800,6,3,1,1,1,1900108,1000000
2024KL0001549,1,449.67,26,1,6,1,9,23309,211,7000,3,1,1,1,1,1900103,1000000
2024KL0001550,1,449.67,0,1,2,1,3,4385,39,0,0,6,1,5,1,1900112,1000000
2024KL0001551,1,449.67,5,1,1,1,7,2004,18,0,0,6,1,5,1,1900106,1000000
2024KL0001552,1,449.67,11,2,3,1,5,3010,27,0,0,6,1,5,1,1900108,1000000
2024KL0001553,1,449.67,59,1,4,1,9,15366,139,6000,3,1,1,2,1,1900109,1000000
2024KL0001554,1,449.67,38,1,1,1,10,45521,413,2000,1,1,1,1,1,1900110,1000000
2024KL0001555,1,449.67,21,1,7,1,17,46110,419,4000,1,1,1,5,1,1900107,1000000
2024KL0001556,1,449.67,0,1,5,1,1,26400,240,0,0,6,1,5,1,1900110,1000000
2024KL0001557,1,449.67,44,1,4,1,16,156347,501,6000,1,1,1,1,1,1900101,1000000
2024KL0001558,1,449.67,48,2,2,1,9,17814,161,2000,1,1,1,1,1,1900105,1000000
2024KL0001559,1,449.67,39,1,2,1,9,32121,292,9000,1,1,1,1,1,1900114,1000000
2024KL0001560,1,449.67,44,1,1,1,15,72629,501,6000,3,1,1,1,1,1900112,1000000
2024KL0001561,1,449.67,77,1,3,1,6,4726,42,0,0,6,1,3,1,1900104,1000000
2024KL0001562,1,449.67,39,2,1,1,11,44361,403,7000,4,5,1,1,1,1900103,1000000
2024KL0001563,1,449.67,22,2,1,1,13,17759,161,7000,6,1,1,5,1,1900105,1000000
2024KL0001564,1,449.67,42,1,7,1,13,2752,25,5000,3,1,1,1,2,1900113,1000000
2024KL0001565,1,449.67,45,1,3,1,9,29783,270,2000,2,1,1,1,1,1900109,1000000
2024KL0001566,1,449.67,3,2,1,1,7,3425,31,0,0,6,1,5,1,1900114,1000000
2024KL0001567,1,449.67,49,1,1,1,14,24650,224,2000,2,1,1,1,1,1900112,1000000
2024KL0001568,1,449.67,31,2,1,1,9,26970,245,3000,3,4,2,1,1,1900103,1000000
2024KL0001569,1,449.67,42,2,2,1,9,51691,469,1000,2,4,1,1,1,1900105,1000000
2024KL0001570,1,449.67,6,1,1,1,7,632,5,0,0,6,1,5,2,1900100,1000000
2024KL0001571,1,449.67,4,1,3,1,1,1895,17,0,0,6,1,5,1,1900105,1000000
2024KL0001572,1,449.67,2,1,1,1,5,1524,13,0,0,6,1,5,1,1900105,1000000
2024KL0001573,1,449.67,1,1,1,1,3,715,6,0,0,6,1,5,1,1900110,1000000
2024KL0001574,1,449.67,18,1,1,1,18,23900,217,4000,1,1,1,5,1,1900106,1000000
2024KL0001575,1,449.67,25,2,3,1,8,14745,134,9000,1,1,1,1,1,1900109,1000000
2024KL0001576,1,449.67,40,1,1,1,12,36631,333,8000,1,4,1,1,1,1900101,1000000
2024KL0001577,1,449.67,28,1,1,1,7,5557,50,9800,1,1,1,1,1,1900100,1000000
2024KL0001578,1,449.67,23,2,5,1,16,51710,470,6000,6,1,1,1,1,1900106,1000000
2024KL0001579,1,449.67,57,1,3,1,7,18243,165,9920,1,1,1,1,1,1900111,1000000
2024KL0001580,1,449.67,53,2,3,1,7,5377,48,7000,1,1,1,1,1,1900111,1000000
2024KL0001581,1,449.67,44,1,2,1,17,127285,501,2000,1,1,1,1,1,1900114,1000000
2024KL0001582,1,449.67,41,2,6,1,16,93896,501,1000,3,1,1,1,1,1900107,1000000
2024KL0001583,1,449.67,27,2,6,1,7,10209,92,7000,1,2,1,1,1,1900100,1000000
2024KL0001584,1,449.67,35,2,1,1,11,12014,109,9000,3,3,1,1,1,1900113,1000000
2024KL0001585,1,449.67,76,1,3,1,8,2661,24,0,0,6,5,5,1,1900107,1000000
2024KL0001586,1,449.67,76,2,9,1,8,7911,71,0,0,6,1,1,1,1900105,1000000
2024KL0001587,1,449.67,74,1,1,1,6,1818,16,0,0,6,1,2,1,1900112,1000000
2024KL0001588,1,449.67,50,2,1,1,16,126880,501,1000,1,4,1,1,1,1900108,1000000
2024KL0001589,1,449.67,3,1,2,1,2,1546,14,0,0,6,2,5,1,1900103,1000000
2024KL0001590,1,449.67,18,2,2,1,18,15093,137,1000,2,2,1,1,1,1900109,1000000
2024KL0001591,1,449.67,42,1,5,1,13,47990,436,6000,1,1,1,1,1,1900101,1000000
2024KL0001592,1,449.67,24,1,7,1,17,50800,461,4000,3,2,1,1,1,1900109,1000000
2024KL0001593,1,449.67,44,2,2,1,7,9577,87,9800,1,1,1,1,1,1900114,1000000
2024KL0001594,1,449.67,69,1,1,1,6,1916,17,9800,4,5,2,5,1,1900114,1000000
2024KL0001595,1,449.67,53,1,3,1,7,2362,21,7000,1,2,1,1,1,1900105,1000000
2024KL0001596,1,449.67,10,2,1,1,3,1635,14,0,0,6,1,5,1,1900114,1000000
2024KL0001597,1,449.67,39,2,8,1,7,5791,52,6000,4,2,1,1,1,1900102,1000000
2024KL0001598,1,449.67,18,2,3,1,17,45255,411,4000,1,1,1,5,1,1900104,1000000
2024KL0001599,1,449.67,21,1,3,1,19,78333,501,1000,1,1,1,1,1,1900103,1000000
2024KL0001600,1,449.67,10,1,7,1,2,5039,45,0,0,6,1,5,1,1900102,1000000
2024KL0001601,1,449.67,19,1,9,1,14,22201,201,9800,1,5,1,5,1,1900111,1000000
2024KL0001602,1,449.67,38,1,5,1,13,66404,501,1000,1,1,1,1,1,1900100,1000000
2024KL0001603,1,449.67,32,1,1,1,13,8064,73,7000,4,1,1,1,1,1900104,1000000
2024KL0001604,1,449.67,45,2,2,1,9,33563,305,5000,1,5,1,1,1,1900103,1000000
2024KL0001605,1,449.67,27,2,1,1,14,33027,300,1000,1,1,1,5,1,1900101,1000000
2024KL0001606,1,449.67,21,2,2,1,12,10663,96,6000,1,1,1,5,1,1900103,1000000
2024KL0001607,1,449.67,25,1,6,1,14,6293,57,9000,3,1,1,1,1,1900100,1000000
2024KL0001608,1,449.67,22,1,1,1,16,78116,501,4000,1,1,1,5,1,1900102,1000000
2024KL0001609,1,449.67,35,2,1,1,7,16063,146,7000,1,1,1,1,1,1900106,1000000
2024KL0001610,1,449.67,11,2,2,1,7,3971,36,0,0,6,1,5,2,1900105,1000000
2024KL0001611,1,449.67,56,1,1,1,8,4207,38,9000,1,3,1,5,1,1900111,1000000
2024KL0001612,1,449.67,37,2,3,1,13,42075,382,9800,1,1,1,1,1,1900113,1000000
2024KL0001613,1,449.67,21,2,4,1,17,21935,199,4000,2,1,1,5,1,1900109,1000000
2024KL0001614,1,449.67,36,1,3,1,8,14411,131,6000,6,4,2,1,1,1900114,1000000
2024KL0001615,1,449.67,13,1,6,1,1,2794,25,0,0,6,1,5,1,1900107,1000000
2024KL0001616,1,449.67,2,2,4,1,5,10403,94,0,0,6,1,5,1,1900112,1000000
2024KL0001617,1,449.67,23,1,1,1,19,36137,328,3000,3,1,2,5,1,1900114,1000000
2024KL0001618,1,449.67,60,1,2,1,7,12549,114,9800,4,1,1,3,1,1900112,1000000
2024KL0001619,1,449.67,48,1,4,1,10,15200,138,3000,2,1,1,1,1,1900110,1000000
2024KL0001620,1,449.67,33,1,1,1,10,26560,241,6000,4,1,1,5,1,1900106,1000000
2024KL0001621,1,449.67,0,1,4,1,9,10912,99,0,0,6,1,5,1,1900106,1000000
2024KL0001622,1,449.67,48,1,4,1,5,28334,257,5000,1,1,1,1,1,1900103,1000000
2024KL0001623,1,449.67,32,2,6,1,12,39533,359,9000,4,2,1,5,1,1900104,1000000
2024KL0001624,1,449.67,38,1,1,1,12,31267,284,6000,1,1,1,1,1,1900112,1000000
2024KL0001625,1,449.67,45,1,1,1,11,9495,86,6000,3,1,1,1,1,1900114,1000000
2024KL0001626,1,449.67,47,2,1,1,8,5354,48,8000,1,4,1,5,1,1900100,1000000
2024KL0001627,1,449.67,35,1,3,1,9,23750,215,7000,1,1,1,1,1,1900112,1000000
2024KL0001628,1,449.67,32,2,1,1,15,68195,501,2000,3,1,1,1,2,1900107,1000000
2024KL0001629,1,449.67,71,1,2,1,7,6681,60,0,0,6,1,4,2,1900108,1000000
2024KL0001630,1,449.67,16,1,3,1,18,18956,172,0,0,6,1,5,1,1900109,1000000
2024KL0001631,1,449.67,15,1,3,1,12,25184,228,0,0,6,1,5,1,1900113,1000000
2024KL0001632,1,449.67,28,2,1,1,7,15236,138,9800,3,1,1,1,1,1900105,1000000
2024KL0001633,1,449.67,27,1,1,1,13,9679,87,5000,6,2,1,1,2,1900103,1000000
2024KL0001634,1,449.67,17,1,3,1,14,16435,149,0,0,6,2,5,1,1900102,1000000
2024KL0001635,1,449.67,84,2,1,1,6,5803,52,0,0,6,1,2,1,1900104,1000000
2024KL0001636,1,449.67,35,1,1,1,9,64365,501,6000,4,4,1,1,1,1900111,1000000
2024KL0001637,1,449.67,26,2,4,1,11,5806,52,6000,1,1,1,1,1,1900103,1000000
2024KL0001638,1,449.67,33,2,1,1,12,70411,501,5000,1,1,1,1,1,1900113,1000000
2024KL0001639,1,449.67,31,2,4,1,5,18407,167,9000,6,1,1,1,1,1900104,1000000
2024KL0001640,1,449.67,30,2,8,1,10,43298,393,7000,4,3,1,1,1,1900105,1000000
2024KL0001641,1,449.67,44,1,1,1,5,13760,125,7000,1,3,1,1,1,1900110,1000000
2024KL0001642,1,449.67,21,1,4,1,20,55891,501,4000,3,1,1,1,1,1900114,1000000
2024KL0001643,1,449.67,0,1,2,1,5,7223,65,0,0,6,1,5,1,1900114,1000000
2024KL0001644,1,449.67,33,1,1,1,15,26448,240,2000,3,2,1,1,1,1900109,1000000
2024KL0001645,1,449.67,15,2,1,1,16,10910,99,0,0,6,1,5,1,1900100,1000000
2024KL0001646,1,449.67,43,2,1,1,15,122188,501,3000,2,1,1,5,1,1900109,1000000
2024KL0001647,1,449.67,15,1,1,1,13,11830,107,0,0,6,1,5,1,1900114,1000000
2024KL0001648,1,449.67,11,2,5,1,9,10238,93,0,0,6,1,5,1,1900112,1000000
2024KL0001649,1,449.67,55,2,1,1,11,56050,501,7000,4,1,1,1,1,1900105,1000000
2024KL0001650,1,449.67,34,1,3,1,14,34888,317,2000,2,1,1,1,1,1900107,1000000
2024KL0001651,1,449.67,17,1,1,1,16,32167,292,0,0,6,1,5,1,1900103,1000000
2024KL0001652,1,449.67,2,2,2,1,2,5677,51,0,0,6,1,5,1,1900111,1000000
2024KL0001653,1,449.67,44,2,3,1,15,172686,501,3000,3,5,1,1,1,1900102,1000000
2024KL0001654,1,449.67,69,1,1,1,7,5380,48,6000,4,1,1,2,2,1900101,1000000
2024KL0001655,1,449.67,19,1,1,1,20,75729,501,3000,1,1,1,1,1,1900105,1000000
2024KL0001656,1,449.67,31,2,1,1,17,122891,501,4000,1,1,1,1,1,1900110,1000000
2024KL0001657,1,449.67,12,1,1,1,7,2385,21,0,0,6,1,5,1,1900109,1000000
2024KL0001658,1,449.67,51,2,2,1,9,58018,501,1000,1,2,1,1,1,1900104,1000000
2024KL0001659,1,449.67,10,1,2,1,6,8628,78,0,0,6,1,5,1,1900102,1000000
2024KL0001660,1,449.67,40,2,1,1,16,41251,375,6000,1,2,1,1,1,1900109,1000000
2024KL0001661,1,449.67,30,2,1,1,8,8293,75,8000,3,1,1,5,1,1900105,1000000
2024KL0001662,1,449.67,83,1,2,1,12,10187,92,0,0,6,1,2,1,1900104,1000000
2024KL0001663,1,449.67,42,1,1,1,7,16550,150,6000,4,1,1,1,1,1900113,1000000
2024KL0001664,1,449.67,64,2,4,1,6,9166,83,6000,6,4,2,1,1,1900114,1000000
2024KL0001665,1,449.67,36,1,2,1,10,11079,100,6000,3,1,1,1,1,1900109,1000000
2024KL0001666,1,449.67,32,1,2,1,13,21081,191,6000,1,3,1,1,1,1900106,1000000
2024KL0001667,1,449.67,70,2,1,1,6,2342,21,9800,6,1,1,2,1,1900103,1000000
2024KL0001668,1,449.67,24,2,3,1,15,44492,404,5000,1,1,1,5,1,1900111,1000000
2024KL0001669,1,449.67,6,2,1,1,1,5650,51,0,0,6,1,5,1,1900114,1000000
2024KL0001670,1,449.67,28,1,2,1,11,38135,346,8000,4,1,1,5,1,1900106,1000000
2024KL0001671,1,449.67,25,1,2,1,18,34798,316,4000,1,1,1,1,1,1900107,1000000
2024KL0001672,1,449.67,10,1,2,1,9,24340,221,0,0,6,1,5,1,1900102,1000000
2024KL0001673,1,449.67,19,1,1,1,14,3204,29,7000,6,1,1,5,1,1900101,1000000
2024KL0001674,1,449.67,17,1,4,1,18,75423,501,0,0,6,1,5,1,1900113,1000000
2024KL0001675,1,449.67,37,2,1,1,10,33576,305,9000,6,1,1,1,1,1900102,1000000
2024KL0001676,1,449.67,5,2,6,1,3,16919,153,0,0,6,1,5,1,1900114,1000000
2024KL0001677,1,449.67,14,2,2,1,3,4514,41,0,0,6,1,5,1,1900106,1000000
2024KL0001678,1,449.67,22,2,1,1,20,171794,501,3000,1,1,1,5,1,1900101,1000000
2024KL0001679,1,449.67,18,2,1,1,16,30907,280,5000,1,1,1,5,2,1900106,1000000
2024KL0001680,1,449.67,32,1,1,1,5,9500,86,8000,1,1,1,1,1,1900100,1000000
2024KL0001681,1,449.67,10,2,2,1,3,3184,28,0,0,6,1,5,1,1900102,1000000
2024KL0001682,1,449.67,26,2,1,1,18,44617,405,1000,2,2,1,1,1,1900105,1000000
2024KL0001683,1,449.67,84,2,3,1,5,1047,9,0,0,6,1,5,1,1900101,1000000
2024KL0001684,1,449.67,30,1,2,1,15,40831,371,2000,1,1,1,1,1,1900111,1000000
2024KL0001685,1,449.67,18,2,1,1,17,32847,298,2000,2,1,1,5,1,1900102,1000000
2024KL0001686,1,449.67,43,1,1,1,11,44888,408,3000,1,1,1,1,1,1900102,1000000
2024KL0001687,1,449.67,25,1,3,1,16,56754,501,1000,2,1,2,1,1,1900105,1000000
2024KL0001688,1,449.67,44,1,6,1,10,57656,501,6000,1,1,1,1,1,1900101,1000000
2024KL0001689,1,449.67,37,1,2,1,16,78582,501,2000,2,1,1,1,1,1900106,1000000
2024KL0001690,1,449.67,48,1,1,1,8,48755,443,9000,1,5,1,1,1,1900106,1000000
2024KL0001691,1,449.67,14,2,4,1,4,2378,21,0,0,6,1,5,2,1900114,1000000
2024KL0001692,1,449.67,14,1,1,1,5,8241,74,0,0,6,1,5,1,1900101,1000000
2024KL0001693,1,449.67,22,2,2,1,18,100180,501,3000,1,2,1,5,1,1900114,1000000
2024KL0001694,1,449.67,22,2,2,1,18,63396,501,1000,1,1,1,1,1,1900101,1000000
2024KL0001695,1,449.67,0,1,2,1,7,2840,25,0,0,6,1,5,1,1900100,1000000
2024KL0001696,1,449.67,31,1,3,1,18,82936,501,5000,6,1,2,1,1,1900109,1000000
2024KL0001697,1,449.67,30,2,3,1,10,132741,501,6000,3,1,1,1,1,1900101,1000000
2024KL0001698,1,449.67,4,2,2,1,5,5345,48,0,0,6,1,5,1,1900109,1000000
2024KL0001699,1,449.67,12,1,1,1,3,2130,19,0,0,6,1,5,1,1900101,1000000
2024KL0001700,1,449.67,32,1,1,1,17,38269,347,5000,1,5,1,1,1,1900114,1000000
2024KL0001701,1,449.67,33,1,1,1,15,86950,501,5000,4,1,1,1,1,1900108,1000000
2024KL0001702,1,449.67,44,2,7,1,12,33965,308,6000,1,2,1,3,1,1900112,1000000
2024KL0001703,1,449.67,6,2,4,1,3,4031,36,0,0,6,1,5,1,1900112,1000000
2024KL0001704,1,449.67,17,1,6,1,14,13049,118,0,0,6,1,5,1,1900111,1000000
2024KL0001705,1,449.67,51,2,3,1,8,5735,52,5000,1,2,1,3,1,1900113,1000000
2024KL0001706,1,449.67,11,1,1,1,4,2106,19,0,0,6,1,5,1,1900106,1000000
2024KL0001707,1,449.67,64,2,5,1,6,3297,29,5000,1,2,1,2,2,1900112,1000000
2024KL0001708,1,449.67,18,2,1,1,15,16489,149,3000,1,5,1,5,1,1900113,1000000
2024KL0001709,1,449.67,42,2,4,1,11,32855,298,5000,1,1,1,1,1,1900114,1000000
2024KL0001710,1,449.67,26,2,2,1,18,31983,290,6000,4,1,1,1,1,1900109,1000000
2024KL0001711,1,449.67,37,2,2,1,12,67706,501,9800,1,1,1,1,1,1900114,1000000
2024KL0001712,1,449.67,3,2,2,1,4,8758,79,0,0,6,1,5,1,1900109,1000000
2024KL0001713,1,449.67,17,1,1,1,18,5963,54,0,0,6,1,5,1,1900112,1000000
2024KL0001714,1,449.67,12,2,1,1,3,11458,104,0,0,6,1,5,1,1900101,1000000
2024KL0001715,1,449.67,59,2,2,1,10,22100,200,3000,1,1,1,2,1,1900111,1000000
2024KL0001716,1,449.67,3,2,4,1,3,5845,53,0,0,6,1,5,1,1900113,1000000
2024KL0001717,1,449.67,26,2,6,1,12,23747,215,6000,1,1,1,5,1,1900107,1000000
2024KL0001718,1,449.67,11,1,1,1,2,8453,76,0,0,6,1,5,1,1900107,1000000
2024KL0001719,1,449.67,29,2,6,1,15,74799,501,4000,1,2,1,1,1,1900111,1000000
2024KL0001720,1,449.67,27,1,2,1,11,11863,107,8000,3,1,1,1,1,1900103,1000000
2024KL0001721,1,449.67,33,1,4,1,12,33393,303,6000,6,1,1,1,1,1900106,1000000
2024KL0001722,1,449.67,27,1,4,1,9,10861,98,3000,1,5,1,1,1,1900105,1000000
2024KL0001723,1,449.67,23,1,2,1,18,135518,501,3000,1,1,1,1,1,1900105,1000000
2024KL0001724,1,449.67,93,2,1,1,11,4746,43,0,0,6,1,1,1,1900104,1000000
2024KL0001725,1,449.67,2,1,3,1,7,6563,59,0,0,6,1,5,1,1900114,1000000
2024KL0001726,1,449.67,12,1,4,1,7,10922,99,0,0,6,1,5,1,1900109,1000000
2024KL0001727,1,449.67,19,2,2,1,15,23208,210,4000,1,4,1,5,1,1900109,1000000
2024KL0001728,1,449.67,15,2,1,1,12,5194,47,0,0,6,1,5,2,1900114,1000000
2024KL0001729,1,449.67,29,1,1,1,8,8088,73,9800,3,1,1,5,1,1900108,1000000
2024KL0001730,1,449.67,51,2,2,1,10,13440,122,1000,1,1,1,1,1,1900100,1000000
2024KL0001731,1,449.67,18,2,2,1,15,53585,487,4000,1,4,1,5,1,1900113,1000000
2024KL0001732,1,449.67,54,1,2,1,8,19620,178,9000,1,1,1,3,1,1900100,1000000
2024KL0001733,1,449.67,19,1,1,1,14,23836,216,5000,1,1,1,5,1,1900103,1000000
2024KL0001734,1,449.67,16,2,2,1,15,40082,364,0,0,6,1,5,1,1900103,1000000
2024KL0001735,1,449.67,1,2,1,1,4,3389,30,0,0,6,1,5,1,1900107,1000000
2024KL0001736,1,449.67,38,1,3,1,7,23510,213,5000,1,1,1,1,1,1900101,1000000
2024KL0001737,1,449.67,14,2,4,1,5,1228,11,0,0,6,1,5,1,1900102,1000000
2024KL0001738,1,449.67,2,2,2,1,8,2858,25,0,0,6,2,5,1,1900114,1000000
2024KL0001739,1,449.67,90,1,2,1,5,7480,68,0,0,6,1,5,1,1900113,1000000
2024KL0001740,1,449.67,99,2,7,1,6,1241,11,0,0,6,1,2,1,1900111,1000000
2024KL0001741,1,449.67,45,1,1,1,11,29059,264,1000,3,1,1,1,1,1900109,1000000
2024KL0001742,1,449.67,7,1,2,1,5,4878,44,0,0,6,1,5,1,1900104,1000000
2024KL0001743,1,449.67,34,1,8,1,9,124770,501,8000,3,1,1,1,1,1900110,1000000
2024KL0001744,1,449.67,41,2,1,1,7,5904,53,9000,4,1,1,1,1,1900102,1000000
2024KL0001745,1,449.67,24,2,2,1,10,13326,121,9000,3,1,1,1,1,1900109,1000000
2024KL0001746,1,449.67,21,1,7,1,16,17729,161,1000,2,3,1,1,1,1900104,1000000
2024KL0001747,1,449.67,27,2,4,1,11,5614,51,9000,1,1,1,5,2,1900113,1000000
2024KL0001748,1,449.67,23,1,5,1,12,17894,162,6000,1,4,1,5,1,1900113,1000000
2024KL0001749,1,449.67,8,1,1,1,3,2376,21,0,0,6,5,5,1,1900112,1000000
2024KL0001750,1,449.67,19,1,1,1,20,70421,501,3000,3,1,1,5,1,1900111,1000000
2024KL0001751,1,449.67,44,1,1,1,9,29651,269,5000,3,1,1,1,1,1900114,1000000
2024KL0001752,1,449.67,1,2,1,1,5,2798,25,0,0,6,1,5,1,1900107,1000000
2024KL0001753,1,449.67,25,1,1,1,14,28703,260,4000,1,5,1,1,1,1900103,1000000
2024KL0001754,1,449.67,31,2,1,1,12,13748,124,8000,1,1,1,1,1,1900112,1000000
2024KL0001755,1,449.67,13,2,1,1,5,2870,26,0,0,6,1,5,1,1900103,1000000
2024KL0001756,1,449.67,47,1,2,1,10,26751,243,6000,1,1,1,5,1,1900109,1000000
2024KL0001757,1,449.67,41,2,1,1,10,128618,501,6000,1,4,1,2,1,1900101,1000000
2024KL0001758,1,449.67,23,1,1,1,11,20164,183,6000,6,1,1,5,1,1900114,1000000
2024KL0001759,1,449.67,35,1,1,1,8,14263,129,9920,1,1,1,1,1,1900103,1000000
2024KL0001760,1,449.67,45,2,1,1,13,11725,106,7000,4,1,1,1,1,1900104,1000000
2024KL0001761,1,449.67,18,2,1,1,17,51279,466,3000,2,3,1,5,1,1900102,1000000
2024KL0001762,1,449.67,5,2,1,1,3,2868,26,0,0,6,1,5,1,1900101,1000000
2024KL0001763,1,449.67,22,1,1,1,15,24332,221,1000,1,4,1,5,1,1900100,1000000
2024KL0001764,1,449.67,46,2,2,1,7,15574,141,9920,4,1,1,1,1,1900113,1000000
2024KL0001765,1,449.67,15,1,1,1,12,2040,18,0,0,6,1,5,1,1900110,1000000
2024KL0001766,1,449.67,37,1,2,1,10,12468,113,3000,1,1,1,1,1,1900111,1000000
2024KL0001767,1,449.67,38,2,2,1,13,49525,450,9000,1,1,1,1,1,1900109,1000000
2024KL0001768,1,449.67,79,1,1,1,6,6275,57,0,0,6,1,2,1,1900105,1000000
2024KL0001769,1,449.67,11,2,1,1,1,6337,57,0,0,6,1,5,2,1900114,1000000
2024KL0001770,1,449.67,19,2,2,1,12,3468,31,7000,3,1,1,1,1,1900105,1000000
2024KL0001771,1,449.67,53,2,1,1,11,78830,501,6000,1,1,1,1,1,1900112,1000000
2024KL0001772,1,449.67,27,2,1,1,15,81047,501,3000,1,1,1,1,1,1900101,1000000
2024KL0001773,1,449.67,80,1,1,1,5,5117,46,0,0,6,1,1,1,1900111,1000000
2024KL0001774,1,449.67,37,1,3,1,14,95779,501,3000,3,1,1,1,1,1900111,1000000
2024KL0001775,1,449.67,31,2,1,1,15,121339,501,6000,1,1,1,5,1,1900105,1000000
2024KL0001776,1,449.67,33,1,3,1,9,16676,151,2000,1,1,1,5,1,1900105,1000000
2024KL0001777,1,449.67,54,1,2,1,11,44528,404,5000,4,4,1,1,1,1900112,1000000
2024KL0001778,1,449.67,66,2,1,1,9,48225,438,9800,3,1,1,1,1,1900108,1000000
2024KL0001779,1,449.67,75,2,2,1,11,5132,46,0,0,6,1,2,1,1900102,1000000
2024KL0001780,1,449.67,40,2,2,1,12,94829,501,6000,6,1,1,1,1,1900100,1000000
2024KL0001781,1,449.67,43,1,4,1,18,68753,501,6000,4,1,1,2,1,1900105,1000000
2024KL0001782,1,449.67,15,2,1,1,10,11207,101,0,0,6,1,5,2,1900112,1000000
2024KL0001783,1,449.67,46,1,3,1,10,6146,55,6000,6,2,1,3,1,1900106,1000000
2024KL0001784,1,449.67,97,1,1,1,12,7191,65,0,0,6,1,3,1,1900102,1000000
2024KL0001785,1,449.67,28,1,6,1,15,33532,304,4000,3,1,1,1,1,1900109,1000000
2024KL0001786,1,449.67,57,1,2,1,8,21507,195,9920,3,1,1,1,1,1900113,1000000
2024KL0001787,1,449.67,53,1,1,1,16,61106,501,5000,1,3,1,1,1,1900101,1000000
2024KL0001788,1,449.67,34,1,6,1,13,13406,121,1000,1,1,1,5,1,1900101,1000000
2024KL0001789,1,449.67,28,2,1,1,8,19254,175,6000,1,1,1,1,1,1900109,1000000
2024KL0001790,1,449.67,60,1,1,1,5,4470,40,9800,3,1,1,4,1,1900104,1000000
2024KL0001791,1,449.67,30,2,2,1,11,33072,300,7000,4,4,1,1,1,1900106,1000000
2024KL0001792,1,449.67,43,1,4,1,11,35288,320,3000,2,1,1,1,2,1900109,1000000
2024KL0001793,1,449.67,8,2,1,1,1,2391,21,0,0,6,1,5,1,1900104,1000000
2024KL0001794,1,449.67,44,2,1,1,6,21350,194,8000,1,1,1,1,1,1900104,1000000
2024KL0001795,1,449.67,49,2,1,1,9,34543,314,6000,4,4,1,1,1,1900113,1000000
2024KL0001796,1,449.67,53,2,1,1,7,13139,119,9000,1,1,1,2,1,1900105,1000000
2024KL0001797,1,449.67,18,2,7,1,15,29970,272,1000,3,1,1,1,1,1900112,1000000
2024KL0001798,1,449.67,36,2,2,1,10,39278,357,6000,3,1,1,1,1,1900109,1000000
2024KL0001799,1,449.67,57,1,2,1,12,10734,97,2000,3,2,1,3,1,1900106,1000000
2024KL0001800,1,449.67,36,1,2,1,13,23099,209,7000,1,2,1,1,1,1900100,1000000
2024KL0001801,1,449.67,71,2,1,1,9,11868,107,0,0,6,1,1,1,1900100,1000000
2024KL0001802,1,449.67,59,1,2,1,10,20606,187,6000,1,2,1,1,1,1900101,1000000
2024KL0001803,1,449.67,39,2,1,1,14,41283,375,2000,1,1,1,5,1,1900103,1000000
2024KL0001804,1,449.67,16,1,8,1,17,32564,296,0,0,6,1,5,1,1900110,1000000
2024KL0001805,1,449.67,3,2,1,1,3,2513,22,0,0,6,1,5,1,1900102,1000000
2024KL0001806,1,449.67,0,2,1,1,4,1065,9,0,0,6,1,5,1,1900101,1000000
2024KL0001807,1,449.67,100,1,1,1,5,2611,23,0,0,6,1,1,1,1900104,1000000
2024KL0001808,1,449.67,45,1,3,1,5,13261,120,8000,4,1,1,1,1,1900114,1000000
2024KL0001809,1,449.67,45,2,1,1,15,172549,501,1000,2,4,1,1,1,1900110,1000000
2024KL0001810,1,449.67,81,1,1,1,9,4515,41,0,0,6,1,1,1,1900105,1000000
2024KL0001811,1,449.67,48,1,1,1,8,18162,165,5000,1,5,1,1,1,1900113,1000000
2024KL0001812,1,449.67,5,2,1,1,4,2080,18,0,0,6,1,5,1,1900100,1000000
2024KL0001813,1,449.67,9,2,2,1,3,3253,29,0,0,6,1,5,1,1900103,1000000
2024KL0001814,1,449.67,30,1,2,1,6,9216,83,7000,3,1,1,1,1,1900113,1000000
2024KL0001815,1,449.67,94,2,3,1,7,4804,43,0,0,6,1,5,1,1900102,1000000
2024KL0001816,1,449.67,31,2,1,1,19,189316,501,1000,2,1,1,1,1,1900109,1000000
2024KL0001817,1,449.67,16,1,6,1,18,68034,501,0,0,6,1,5,2,1900104,1000000
2024KL0001818,1,449.67,48,1,1,1,5,12405,112,5000,1,1,1,1,1,1900114,1000000
2024KL0001819,1,449.67,25,1,1,1,12,10152,92,6000,4,1,2,1,1,1900102,1000000
2024KL0001820,1,449.67,16,1,1,1,14,7161,65,0,0,6,1,5,1,1900105,1000000
2024KL0001821,1,449.67,15,2,6,1,16,24728,224,0,0,6,1,5,1,1900105,1000000
2024KL0001822,1,449.67,1,2,6,1,6,709,6,0,0,6,1,5,1,1900114,1000000
2024KL0001823,1,449.67,22,2,1,1,12,13938,126,7000,4,1,1,5,2,1900105,1000000
2024KL0001824,1,449.67,34,2,1,1,9,22515,204,9000,4,1,1,5,1,1900114,1000000
2024KL0001825,1,449.67,49,2,1,1,9,83768,501,1000,1,5,1,1,1,1900105,1000000
2024KL0001826,1,449.67,37,1,1,1,10,18549,168,5000,1,4,1,1,1,1900104,1000000
2024KL0001827,1,449.67,44,2,1,1,8,10543,95,5000,1,1,1,5,1,1900109,1000000
2024KL0001828,1,449.67,65,1,2,1,12,10427,94,2000,1,1,1,1,1,1900102,1000000
2024KL0001829,1,449.67,38,1,3,1,13,18707,170,7000,4,1,1,1,1,1900106,1000000
2024KL0001830,1,449.67,35,1,1,1,9,21661,196,4000,3,5,5,1,1,1900103,1000000
2024KL0001831,1,449.67,6,2,3,1,6,6736,61,0,0,6,1,5,1,1900113,1000000
2024KL0001832,1,449.67,37,1,1,1,15,72958,501,1000,2,1,1,1,1,1900105,1000000
2024KL0001833,1,449.67,7,1,3,1,7,2026,18,0,0,6,1,5,1,1900113,1000000
2024KL0001834,1,449.67,2,1,1,1,9,2765,25,0,0,6,1,5,1,1900110,1000000
2024KL0001835,1,449.67,27,1,2,1,13,19637,178,6000,1,3,1,5,1,1900104,1000000
2024KL0001836,1,449.67,39,2,2,1,20,129309,501,1000,2,5,1,1,1,1900104,1000000
2024KL0001837,1,449.67,91,2,3,1,5,909,8,0,0,6,1,1,1,1900105,1000000
2024KL0001838,1,449.67,49,1,1,1,17,143100,501,3000,1,4,1,1,1,1900108,1000000
2024KL0001839,1,449.67,4,2,2,1,5,4035,36,0,0,6,1,5,1,1900101,1000000
2024KL0001840,1,449.67,76,2,1,1,6,9038,82,0,0,6,1,2,1,1900113,1000000
2024KL0001841,1,449.67,48,1,3,1,9,19378,176,6000,3,3,5,1,1,1900109,1000000
2024KL0001842,1,449.67,16,2,1,1,12,6799,61,0,0,6,1,5,1,1900103,1000000
2024KL0001843,1,449.67,27,2,2,1,5,4862,44,6000,1,1,1,1,1,1900107,1000000
2024KL0001844,1,449.67,24,2,1,1,16,45821,416,3000,1,1,1,1,1,1900112,1000000
2024KL0001845,1,449.67,33,2,6,1,13,21136,192,9000,6,1,1,1,1,1900114,1000000
2024KL0001846,1,449.67,22,2,2,1,15,33553,305,5000,4,1,1,5,1,1900114,1000000
2024KL0001847,1,449.67,3,2,2,1,6,823,7,0,0,6,1,5,1,1900102,1000000
2024KL0001848,1,449.67,9,1,7,1,1,2293,20,0,0,6,1,5,1,1900111,1000000
2024KL0001849,1,449.67,37,1,2,1,6,11589,105,6000,1,5,1,1,1,1900100,1000000
2024KL0001850,1,449.67,36,2,6,1,16,172290,501,6000,4,1,1,1,1,1900108,1000000
2024KL0001851,1,449.67,29,2,4,1,11,19004,172,7000,3,1,1,5,1,1900101,1000000
2024KL0001852,1,449.67,8,1,2,1,8,6652,60,0,0,6,1,5,1,1900113,1000000
2024KL0001853,1,449.67,36,2,1,1,14,21170,192,9800,1,1,1,1,1,1900114,1000000
2024KL0001854,1,449.67,19,1,2,1,13,6623,60,9000,3,1,1,5,1,1900104,1000000
2024KL0001855,1,449.67,55,2,1,1,20,81776,501,4000,1,1,1,1,1,1900104,1000000
2024KL0001856,1,449.67,72,1,6,1,6,5645,51,0,0,6,1,2,1,1900107,1000000
2024KL0001857,1,449.67,29,1,1,1,12,20259,184,7000,4,1,1,5,1,1900113,1000000
2024KL0001858,1,449.67,31,2,3,1,16,166235,501,4000,3,5,1,1,1,1900101,1000000
2024KL0001859,1,449.67,72,2,2,1,7,20623,187,0,0,6,1,1,2,1900111,1000000
2024KL0001860,1,449.67,42,2,1,1,9,34809,316,7000,1,1,1,1,1,1900111,1000000
2024KL0001861,1,449.67,44,1,2,1,8,37107,337,8000,1,1,1,1,1,1900112,1000000
2024KL0001862,1,449.67,56,2,1,1,15,90993,501,5000,3,1,1,2,1,1900102,1000000
2024KL0001863,1,449.67,29,2,2,1,13,12368,112,2000,1,1,1,1,1,1900105,1000000
2024KL0001864,1,449.67,95,1,3,1,5,10022,91,0,0,6,1,2,1,1900105,1000000
2024KL0001865,1,449.67,54,1,2,1,10,101530,501,7000,3,1,1,5,1,1900103,1000000
2024KL0001866,1,449.67,22,2,2,1,14,27223,247,5000,1,5,1,5,1,1900112,1000000
2024KL0001867,1,449.67,57,2,4,1,18,41022,372,5000,1,1,1,1,1,1900103,1000000
2024KL0001868,1,449.67,33,2,1,1,5,19543,177,9920,4,1,1,5,1,1900113,1000000
2024KL0001869,1,449.67,39,2,2,1,12,63396,501,6000,4,1,1,1,1,1900101,1000000
2024KL0001870,1,449.67,52,1,1,1,7,12723,115,5000,3,1,1,2,1,1900109,1000000
2024KL0001871,1,449.67,7,2,2,1,5,1857,16,0,0,6,1,5,1,1900106,1000000
2024KL0001872,1,449.67,26,2,2,1,10,63346,501,6000,1,1,1,5,1,1900105,1000000
2024KL0001873,1,449.67,15,1,1,1,14,4603,41,0,0,6,1,5,1,1900110,1000000
2024KL0001874,1,449.67,23,1,3,1,18,33690,306,1000,2,3,1,5,1,1900110,1000000
2024KL0001875,1,449.67,1,1,2,1,3,9278,84,0,0,6,1,5,1,1900100,1000000
2024KL0001876,1,449.67,33,2,2,1,12,76951,501,5000,4,1,1,1,1,1900110,1000000
2024KL0001877,1,449.67,9,1,2,1,6,9123,82,0,0,6,1,5,2,1900102,1000000
2024KL0001878,1,449.67,35,1,1,1,12,104446,501,2000,1,1,1,1,1,1900102,1000000
2024KL0001879,1,449.67,23,1,3,1,18,45461,413,4000,1,5,1,5,1,1900110,1000000
2024KL0001880,1,449.67,33,2,1,1,9,20645,187,1000,1,1,1,1,1,1900104,1000000
2024KL0001881,1,449.67,28,1,1,1,11,13772,125,2000,1,1,1,1,1,1900110,1000000
2024KL0001882,1,449.67,22,1,6,1,12,17125,155,6000,1,1,1,5,1,1900106,1000000
2024KL0001883,1,449.67,17,1,1,1,16,38498,349,0,0,6,1,5,1,1900113,1000000
2024KL0001884,1,449.67,30,2,3,1,8,11015,100,8000,1,1,1,1,1,1900106,1000000
2024KL0001885,1,449.67,44,2,1,1,15,67960,501,6000,1,1,1,1,1,1900107,1000000
2024KL0001886,1,449.67,19,1,1,1,14,9238,83,1000,1,3,1,1,1,1900102,1000000
2024KL0001887,1,449.67,56,1,1,1,11,15911,144,7000,4,1,1,5,1,1900107,1000000
2024KL0001888,1,449.67,25,2,2,1,5,25284,229,9920,1,1,1,1,1,1900112,1000000
2024KL0001889,1,449.67,16,2,8,1,18,36036,327,0,0,6,1,5,1,1900106,1000000
2024KL0001890,1,449.67,68,2,1,1,6,27496,249,7000,3,1,1,2,1,1900113,1000000
2024KL0001891,1,449.67,48,1,3,1,5,9278,84,7000,1,1,1,1,1,1900108,1000000
2024KL0001892,1,449.67,37,2,2,1,5,65724,501,7000,4,1,1,1,1,1900114,1000000
2024KL0001893,1,449.67,44,2,1,1,16,71568,501,3000,2,1,1,5,1,1900102,1000000
2024KL0001894,1,449.67,23,2,1,1,16,225706,501,1000,1,1,1,5,1,1900100,1000000
2024KL0001895,1,449.67,34,1,1,1,14,20296,184,1000,3,1,1,5,1,1900108,1000000
2024KL0001896,1,449.67,29,1,1,1,15,22866,207,1000,3,1,1,1,2,1900113,1000000
2024KL0001897,1,449.67,62,2,1,1,8,97904,501,7000,1,1,1,2,2,1900107,1000000
2024KL0001898,1,449.67,34,2,1,1,11,63679,501,9000,1,1,1,1,2,1900104,1000000
2024KL0001899,1,449.67,41,1,1,1,11,56440,501,9000,1,1,1,1,1,1900104,1000000
2024KL0001900,1,449.67,26,2,1,1,8,41437,376,6000,4,4,1,5,1,1900103,1000000
2024KL0001901,1,449.67,59,1,1,1,15,37703,342,6000,6,1,1,1,1,1900109,1000000
2024KL0001902,1,449.67,34,2,1,1,14,12823,116,6000,4,1,1,1,1,1900102,1000000
2024KL0001903,1,449.67,29,2,2,1,6,1095,9,9800,4,5,1,5,1,1900106,1000000
2024KL0001904,1,449.67,50,1,1,1,8,20648,187,9000,4,1,1,5,1,1900108,1000000
2024KL0001905,1,449.67,9,1,6,1,6,2130,19,0,0,6,1,5,1,1900110,1000000
2024KL0001906,1,449.67,27,1,1,1,8,18210,165,7000,1,1,1,1,2,1900108,1000000
2024KL0001907,1,449.67,46,1,6,1,11,24748,224,9000,3,1,1,1,1,1900105,1000000
2024KL0001908,1,449.67,28,2,9,1,15,45842,416,2000,1,5,1,1,1,1900110,1000000
2024KL0001909,1,449.67,56,2,4,1,13,29452,267,5000,4,1,1,1,1,1900105,1000000
2024KL0001910,1,449.67,19,1,1,1,14,18745,170,9000,3,1,2,5,1,1900105,1000000
2024KL0001911,1,449.67,30,1,3,1,14,38426,349,5000,6,1,1,1,1,1900103,1000000
2024KL0001912,1,449.67,1,2,2,1,1,6798,61,0,0,6,1,5,1,1900106,1000000
2024KL0001913,1,449.67,32,2,1,1,10,95423,501,8000,6,1,1,5,1,1900105,1000000
2024KL0001914,1,449.67,25,1,5,1,9,9476,86,1000,1,1,1,1,1,1900102,1000000
2024KL0001915,1,449.67,37,2,1,1,8,61287,501,9920,1,1,1,2,1,1900111,1000000
2024KL0001916,1,449.67,18,2,5,1,17,29151,265,3000,1,1,1,5,1,1900101,1000000
2024KL0001917,1,449.67,7,1,1,1,2,3886,35,0,0,6,1,5,1,1900107,1000000
2024KL0001918,1,449.67,38,1,2,1,10,12005,109,4000,2,1,1,5,1,1900104,1000000
2024KL0001919,1,449.67,3,1,2,1,5,1968,17,0,0,6,1,5,1,1900102,1000000
2024KL0001920,1,449.67,59,2,2,1,9,29878,271,4000,1,1,1,1,1,1900104,1000000
2024KL0001921,1,449.67,54,2,3,1,7,20731,188,9920,1,1,2,2,1,1900112,1000000
2024KL0001922,1,449.67,53,2,4,1,5,20147,183,6000,4,2,1,4,1,1900109,1000000
2024KL0001923,1,449.67,49,2,1,1,7,4844,44,5000,3,1,1,1,1,1900104,1000000
2024KL0001924,1,449.67,43,1,1,1,8,7520,68,9920,3,1,1,1,1,1900108,1000000
2024KL0001925,1,449.67,0,1,1,1,4,579,5,0,0,6,1,5,1,1900114,1000000
2024KL0001926,1,449.67,4,1,1,1,1,3639,33,0,0,6,1,5,1,1900110,1000000
2024KL0001927,1,449.67,26,2,4,1,10,29908,271,8000,1,1,1,1,1,1900100,1000000
2024KL0001928,1,449.67,6,1,4,1,6,9499,86,0,0,6,1,5,1,1900111,1000000
2024KL0001929,1,449.67,1,1,1,1,6,3125,28,0,0,6,1,5,1,1900111,1000000
2024KL0001930,1,449.67,81,2,1,1,5,2233,20,0,0,6,1,2,1,1900111,1000000
2024KL0001931,1,449.67,57,1,3,1,11,33971,308,5000,4,1,1,1,1,1900103,1000000
2024KL0001932,1,449.67,15,1,5,1,18,16952,154,0,0,6,1,5,1,1900110,1000000
2024KL0001933,1,449.67,58,1,7,1,6,54448,494,9920,1,2,1,1,1,1900106,1000000
2024KL0001934,1,449.67,24,1,1,1,14,27373,248,7000,1,1,1,5,1,1900108,1000000
2024KL0001935,1,449.67,1,2,6,1,8,2807,25,0,0,6,1,5,1,1900110,1000000
2024KL0001936,1,449.67,31,2,3,1,9,11332,103,5000,3,1,1,1,1,1900111,1000000
2024KL0001937,1,449.67,58,2,2,1,11,32933,299,5000,1,1,1,2,1,1900101,1000000
2024KL0001938,1,449.67,83,2,1,1,7,5902,53,0,0,6,1,1,1,1900103,1000000
2024KL0001939,1,449.67,56,1,4,1,10,19749,179,9800,1,1,1,1,1,1900100,1000000
2024KL0001940,1,449.67,7,1,1,1,5,9215,83,0,0,6,2,5,1,1900104,1000000
2024KL0001941,1,449.67,3,2,1,1,2,1286,11,0,0,6,1,5,1,1900106,1000000
2024KL0001942,1,449.67,15,2,2,1,19,33191,301,0,0,6,1,5,1,1900106,1000000
2024KL0001943,1,449.67,10,1,1,1,3,1929,17,0,0,6,1,5,1,1900108,1000000
2024KL0001944,1,449.67,51,1,2,1,13,5939,53,4000,1,1,1,5,1,1900114,1000000
2024KL0001945,1,449.67,45,1,1,1,9,47113,428,8000,1,5,1,1,1,1900111,1000000
2024KL0001946,1,449.67,52,2,4,1,9,11792,107,6000,3,1,1,1,1,1900108,1000000
2024KL0001947,1,449.67,44,1,2,1,11,86172,501,7000,1,1,1,1,1,1900106,1000000
2024KL0001948,1,449.67,39,1,1,1,9,26245,238,9800,4,1,1,1,1,1900102,1000000
2024KL0001949,1,449.67,25,2,5,1,16,61120,501,4000,3,5,1,5,1,1900103,1000000
2024KL0001950,1,449.67,18,1,1,1,11,8205,74,3000,3,1,1,1,1,1900101,1000000
2024KL0001951,1,449.67,42,2,1,1,8,4878,44,9000,4,1,1,1,1,1900113,1000000
2024KL0001952,1,449.67,8,1,6,1,7,5589,50,0,0,6,1,5,1,1900103,1000000
2024KL0001953,1,449.67,23,1,1,1,15,31753,288,2000,3,1,1,5,1,1900114,1000000
2024KL0001954,1,449.67,53,2,3,1,7,13596,123,7000,1,4,1,1,1,1900113,1000000
2024KL0001955,1,449.67,40,2,9,1,12,49188,447,7000,4,4,1,1,1,1900101,1000000
2024KL0001956,1,449.67,24,1,1,1,15,92073,501,4000,2,5,1,5,1,1900104,1000000
2024KL0001957,1,449.67,38,1,1,1,5,3384,30,6000,3,1,1,1,1,1900101,1000000
2024KL0001958,1,449.67,39,2,2,1,14,18477,167,6000,3,1,1,1,1,1900110,1000000
2024KL0001959,1,449.67,25,1,1,1,9,22980,208,3000,3,1,1,1,1,1900109,1000000
2024KL0001960,1,449.67,41,1,1,1,7,11604,105,9800,1,1,1,2,1,1900111,1000000
2024KL0001961,1,449.67,14,2,1,1,6,4696,42,0,0,6,1,5,1,1900109,1000000
2024KL0001962,1,449.67,43,2,9,1,8,43478,395,9800,4,1,1,1,1,1900105,1000000
2024KL0001963,1,449.67,34,1,2,1,10,19175,174,8000,1,1,1,1,1,1900112,1000000
2024KL0001964,1,449.67,51,1,6,1,12,117835,501,9000,1,1,2,1,1,1900105,1000000
2024KL0001965,1,449.67,13,1,4,1,7,16072,146,0,0,6,1,5,1,1900102,1000000
2024KL0001966,1,449.67,18,2,3,1,12,10587,96,6000,4,2,1,1,2,1900102,1000000
2024KL0001967,1,449.67,35,1,7,1,13,16543,150,5000,1,1,1,1,1,1900114,1000000
2024KL0001968,1,449.67,31,1,2,1,7,19821,180,7000,1,5,1,1,2,1900101,1000000
2024KL0001969,1,449.67,11,1,1,1,2,2503,22,0,0,6,1,5,1,1900112,1000000
2024KL0001970,1,449.67,37,1,5,1,14,32851,298,6000,1,1,1,1,1,1900100,1000000
2024KL0001971,1,449.67,2,1,2,1,3,9247,84,0,0,6,1,5,1,1900102,1000000
2024KL0001972,1,449.67,27,1,2,1,6,2192,19,9000,1,1,1,1,1,1900111,1000000
2024KL0001973,1,449.67,11,1,2,1,3,2840,25,0,0,6,1,5,1,1900107,1000000
2024KL0001974,1,449.67,21,1,3,1,12,14790,134,7000,1,1,1,1,1,1900105,1000000
2024KL0001975,1,449.67,28,1,6,1,7,2369,21,9800,4,1,2,1,1,1900105,1000000
2024KL0001976,1,449.67,43,2,5,1,15,125914,501,6000,3,1,1,3,1,1900103,1000000
2024KL0001977,1,449.67,45,1,1,1,8,4816,43,8000,4,1,1,1,2,1900109,1000000
2024KL0001978,1,449.67,20,1,6,1,18,86382,501,6000,1,1,1,5,1,1900105,1000000
2024KL0001979,1,449.67,27,1,2,1,8,5358,48,5000,3,4,1,1,1,1900111,1000000
2024KL0001980,1,449.67,33,2,1,1,14,64954,501,6000,3,1,1,1,1,1900108,1000000
2024KL0001981,1,449.67,92,2,7,1,9,29051,264,0,0,6,1,1,2,1900108,1000000
2024KL0001982,1,449.67,31,1,7,1,15,40317,366,3000,3,3,1,1,1,1900113,1000000
2024KL0001983,1,449.67,6,1,6,1,3,3457,31,0,0,6,1,5,1,1900108,1000000
2024KL0001984,1,449.67,16,1,9,1,14,4616,41,0,0,6,1,5,1,1900102,1000000
2024KL0001985,1,449.67,23,1,2,1,19,110936,501,3000,1,1,1,5,1,1900100,1000000
2024KL0001986,1,449.67,57,2,7,1,12,17290,157,1000,1,1,1,1,1,1900104,1000000
2024KL0001987,1,449.67,41,1,1,1,13,27381,248,5000,1,1,1,1,1,1900107,1000000
2024KL0001988,1,449.67,3,1,1,1,3,9326,84,0,0,6,1,5,1,1900102,1000000
2024KL0001989,1,449.67,19,1,5,1,18,15209,138,4000,1,1,1,5,1,1900103,1000000
2024KL0001990,1,449.67,59,2,1,1,13,14086,128,3000,2,3,1,1,1,1900107,1000000
2024KL0001991,1,449.67,27,2,6,1,9,8441,76,2000,2,4,1,1,2,1900112,1000000
2024KL0001992,1,449.67,29,1,1,1,7,7070,64,5000,1,3,1,1,1,1900110,1000000
2024KL0001993,1,449.67,18,2,1,1,12,6166,56,6000,3,2,1,5,1,1900102,1000000
2024KL0001994,1,449.67,25,1,2,1,11,42808,389,5000,6,1,1,5,1,1900114,1000000
2024KL0001995,1,449.67,53,1,5,1,6,9416,85,6000,1,1,1,1,1,1900109,1000000
2024KL0001996,1,449.67,27,1,2,1,17,91575,501,1000,2,1,1,1,1,1900109,1000000
2024KL0001997,1,449.67,3,1,5,1,1,11989,108,0,0,6,1,5,1,1900112,1000000
2024KL0001998,1,449.67,31,1,1,1,7,63307,501,8000,1,1,1,5,1,1900110,1000000
2024KL0001999,1,449.67,33,1,1,1,7,4339,39,7000,3,1,5,1,1,1900109,1000000
2024KL0002000,1,449.67,19,2,2,1,16,28766,261,5000,4,4,1,5,1,1900110,1000000
2024KL0002001,1,449.67,56,1,1,1,16,34285,311,1000,1,1,1,1,1,1900109,1000000
2024KL0002002,1,449.67,14,1,3,1,5,1319,11,0,0,6,1,5,1,1900109,1000000
2024KL0002003,1,449.67,54,2,3,1,11,38392,349,3000,1,1,1,5,1,1900105,1000000
2024KL0002004,1,449.67,39,1,1,1,12,27766,252,7000,1,1,1,1,1,1900110,1000000
2024KL0002005,1,449.67,53,2,3,1,10,9672,87,7000,3,1,1,1,1,1900111,1000000
2024KL0002006,1,449.67,42,2,4,1,11,19106,173,9800,3,1,1,1,1,1900104,1000000
2024KL0002007,1,449.67,24,2,4,1,15,69211,501,6000,3,1,1,5,1,1900104,1000000
2024KL0002008,1,449.67,15,1,3,1,12,3629,32,0,0,6,1,5,1,1900105,1000000
2024KL0002009,1,449.67,38,1,2,1,10,28246,256,2000,1,1,1,5,1,1900104,1000000
2024KL0002010,1,449.67,23,2,2,1,12,14591,132,7000,4,1,1,1,1,1900111,1000000
2024KL0002011,1,449.67,39,2,5,1,5,6727,61,9800,6,1,1,5,1,1900108,1000000
2024KL0002012,1,449.67,23,1,1,1,17,52479,477,1000,1,1,1,5,1,1900102,1000000
2024KL0002013,1,449.67,22,2,1,1,18,95402,501,3000,1,1,1,5,1,1900106,1000000
2024KL0002014,1,449.67,1,1,2,1,2,8982,81,0,0,6,1,5,1,1900106,1000000
2024KL0002015,1,449.67,93,2,6,1,5,2835,25,0,0,6,1,1,2,1900110,1000000
2024KL0002016,1,449.67,59,2,3,1,6,34147,310,8000,1,1,1,1,1,1900111,1000000
2024KL0002017,1,449.67,59,2,1,1,8,5429,49,6000,1,2,1,2,1,1900105,1000000
2024KL0002018,1,449.67,36,1,1,1,12,42594,387,1000,1,4,1,1,1,1900104,1000000
2024KL0002019,1,449.67,33,2,2,1,14,35122,319,1000,1,1,1,1,1,1900110,1000000
2024KL0002020,1,449.67,44,1,1,1,18,61621,501,4000,2,1,1,1,1,1900103,1000000
2024KL0002021,1,449.67,35,2,1,1,12,28460,258,2000,1,5,1,5,2,1900105,1000000
2024KL0002022,1,449.67,27,1,4,1,5,20552,186,9920,6,1,1,1,1,1900107,1000000
2024KL0002023,1,449.67,31,1,2,1,15,32221,292,4000,2,1,1,1,1,1900104,1000000
2024KL0002024,1,449.67,22,1,3,1,16,165881,501,2000,1,1,1,5,1,1900112,1000000
2024KL0002025,1,449.67,76,1,2,1,5,11297,102,0,0,6,1,5,1,1900102,1000000
2024KL0002026,1,449.67,41,1,2,1,8,16284,148,9920,1,2,1,1,1,1900106,1000000
2024KL0002027,1,449.67,43,1,2,1,7,10219,92,5000,1,1,1,1,1,1900102,1000000
2024KL0002028,1,449.67,7,1,1,1,7,3239,29,0,0,6,1,5,2,1900108,1000000
2024KL0002029,1,449.67,22,1,2,1,12,18521,168,5000,3,1,1,5,1,1900108,1000000
2024KL0002030,1,449.67,34,1,2,1,12,25991,236,6000,1,5,1,1,1,1900108,1000000
2024KL0002031,1,449.67,2,1,4,1,7,4860,44,0,0,6,1,5,1,1900108,1000000
2024KL0002032,1,449.67,21,2,2,1,18,9183,83,5000,6,1,1,1,1,1900108,1000000
2024KL0002033,1,449.67,7,2,1,1,3,8589,78,0,0,6,1,5,1,1900100,1000000
2024KL0002034,1,449.67,11,2,2,1,3,1110,10,0,0,6,1,5,1,1900104,1000000
2024KL0002035,1,449.67,6,2,1,1,3,9987,90,0,0,6,1,5,2,1900110,1000000
2024KL0002036,1,449.67,98,2,3,1,11,24989,227,0,0,6,1,1,1,1900101,1000000
2024KL0002037,1,449.67,1,1,4,1,5,999,9,0,0,6,1,5,1,1900110,1000000
2024KL0002038,1,449.67,84,2,2,1,5,14770,134,0,0,6,1,1,1,1900103,1000000
2024KL0002039,1,449.67,5,1,4,1,6,1455,13,0,0,6,1,5,1,1900104,1000000
2024KL0002040,1,449.67,45,1,2,1,11,20602,187,9800,1,1,1,1,1,1900108,1000000
2024KL0002041,1,449.67,17,2,1,1,13,4158,37,0,0,6,1,5,1,1900101,1000000
2024KL0002042,1,449.67,41,1,1,1,12,139611,501,5000,1,4,2,5,1,1900113,1000000
2024KL0002043,1,449.67,75,1,1,1,9,8500,77,0,0,6,1,5,1,1900107,1000000
2024KL0002044,1,449.67,22,2,2,1,11,26336,239,7000,3,1,1,5,1,1900107,1000000
2024KL0002045,1,449.67,30,2,4,1,15,71089,501,5000,1,1,1,1,1,1900101,1000000
2024KL0002046,1,449.67,37,1,1,1,18,122162,501,6000,1,1,1,1,1,1900108,1000000
2024KL0002047,1,449.67,57,2,1,1,5,3814,34,9800,3,3,2,2,1,1900114,1000000
2024KL0002048,1,449.67,49,1,1,1,9,13635,123,2000,2,1,1,2,1,1900109,1000000
2024KL0002049,1,449.67,7,1,2,1,8,12519,113,0,0,6,1,5,1,1900107,1000000
2024KL0002050,1,449.67,53,2,4,1,11,46351,421,3000,1,1,1,1,1,1900111,1000000
2024KL0002051,1,449.67,17,1,5,1,18,19079,173,0,0,6,1,5,1,1900106,1000000
2024KL0002052,1,449.67,48,2,3,1,11,5305,48,7000,1,1,1,1,1,1900101,1000000
2024KL0002053,1,449.67,24,2,1,1,13,18168,165,1000,1,4,2,5,2,1900110,1000000
2024KL0002054,1,449.67,34,2,1,1,18,59943,501,4000,3,1,1,5,1,1900111,1000000
2024KL0002055,1,449.67,32,1,3,1,11,35816,325,7000,6,1,1,1,2,1900112,1000000
2024KL0002056,1,449.67,35,2,4,1,5,8477,77,5000,1,1,1,1,1,1900113,1000000
2024KL0002057,1,449.67,31,1,2,1,11,54820,498,2000,1,5,2,1,1,1900103,1000000
2024KL0002058,1,449.67,21,2,1,1,20,67785,501,3000,2,4,1,5,1,1900106,1000000
2024KL0002059,1,449.67,39,2,1,1,13,120006,501,5000,6,3,1,1,1,1900103,1000000
2024KL0002060,1,449.67,55,2,2,1,8,8436,76,8000,1,1,1,1,1,1900111,1000000
2024KL0002061,1,449.67,36,2,1,1,11,13821,125,6000,1,2,1,2,2,1900113,1000000
2024KL0002062,1,449.67,55,2,6,1,12,33411,303,4000,3,1,1,1,1,1900112,1000000
2024KL0002063,1,449.67,37,1,1,1,13,148648,501,7000,3,1,5,1,1,1900106,1000000
2024KL0002064,1,449.67,57,2,2,1,10,33997,309,7000,1,2,1,1,1,1900102,1000000
2024KL0002065,1,449.67,32,1,1,1,11,18001,163,9000,1,1,1,1,1,1900104,1000000
2024KL0002066,1,449.67,15,1,1,1,14,10098,91,0,0,6,1,5,1,1900107,1000000
2024KL0002067,1,449.67,35,2,1,1,14,19286,175,5000,1,1,1,1,1,1900110,1000000
2024KL0002068,1,449.67,22,1,1,1,18,101313,501,6000,1,1,1,5,1,1900100,1000000
2024KL0002069,1,449.67,8,1,2,1,3,3869,35,0,0,6,1,5,1,1900112,1000000
2024KL0002070,1,449.67,36,1,1,1,12,22480,204,6000,3,1,1,1,1,1900109,1000000
2024KL0002071,1,449.67,32,1,2,1,17,109430,501,4000,2,1,1,1,1,1900101,1000000
2024KL0002072,1,449.67,32,2,1,1,12,24416,221,7000,4,1,1,1,1,1900112,1000000
2024KL0002073,1,449.67,1,2,1,1,8,2570,23,0,0,6,1,5,1,1900112,1000000
2024KL0002074,1,449.67,27,2,2,1,9,9377,85,6000,6,1,1,1,1,1900108,1000000
2024KL0002075,1,449.67,14,2,1,1,8,3461,31,0,0,6,1,5,1,1900112,1000000
2024KL0002076,1,449.67,8,2,1,1,7,6085,55,0,0,6,1,5,1,1900100,1000000
2024KL0002077,1,449.67,56,2,1,1,10,33036,300,7000,3,1,1,2,1,1900113,1000000
2024KL0002078,1,449.67,17,2,1,1,14,5962,54,0,0,6,1,5,2,1900111,1000000
2024KL0002079,1,449.67,42,1,3,1,10,22153,201,8000,4,2,1,1,1,1900109,1000000
2024KL0002080,1,449.67,56,2,1,1,5,21139,192,5000,1,1,1,2,1,1900105,1000000
2024KL0002081,1,449.67,16,2,1,1,16,36701,333,0,0,6,1,5,1,1900100,1000000
2024KL0002082,1,449.67,66,1,1,1,10,23148,210,8000,1,1,1,1,1,1900113,1000000
2024KL0002083,1,449.67,19,1,4,1,19,59570,501,4000,1,1,1,5,1,1900100,1000000
2024KL0002084,1,449.67,19,2,5,1,16,19587,178,5000,1,5,1,5,1,1900111,1000000
2024KL0002085,1,449.67,34,2,2,1,12,68992,501,6000,6,1,1,1,1,1900101,1000000
2024KL0002086,1,449.67,41,1,1,1,8,3927,35,5000,4,1,1,1,1,1900113,1000000
2024KL0002087,1,449.67,34,1,2,1,12,16376,148,6000,1,1,1,5,1,1900110,1000000
2024KL0002088,1,449.67,35,1,6,1,15,85546,501,6000,6,1,1,1,1,1900113,1000000
2024KL0002089,1,449.67,23,1,2,1,20,150045,501,3000,2,1,1,1,1,1900102,1000000
2024KL0002090,1,449.67,29,1,2,1,8,15099,137,9000,6,1,2,1,1,1900102,1000000
2024KL0002091,1,449.67,26,2,1,1,11,7586,68,7000,4,1,1,1,1,1900106,1000000
2024KL0002092,1,449.67,53,1,1,1,5,5975,54,6000,1,1,1,2,1,1900111,1000000
2024KL0002093,1,449.67,51,1,4,1,9,14168,128,7000,1,1,1,2,1,1900111,1000000
2024KL0002094,1,449.67,100,1,2,1,8,5379,48,0,0,6,1,1,1,1900111,1000000
2024KL0002095,1,449.67,14,1,9,1,8,15664,142,0,0,6,1,5,1,1900110,1000000
2024KL0002096,1,449.67,19,2,3,1,17,28070,255,1000,3,4,1,5,1,1900108,1000000
2024KL0002097,1,449.67,37,2,2,1,10,53268,484,9800,4,1,1,1,1,1900111,1000000
2024KL0002098,1,449.67,29,1,2,1,14,192231,501,8000,4,1,1,1,1,1900101,1000000
2024KL0002099,1,449.67,56,2,2,1,11,22029,200,9000,1,1,1,1,1,1900113,1000000
2024KL0002100,1,449.67,58,2,1,1,5,4773,43,9800,4,4,5,1,1,1900101,1000000
2024KL0002101,1,449.67,1,2,3,1,7,3331,30,0,0,6,1,5,1,1900103,1000000
2024KL0002102,1,449.67,93,1,3,1,5,8395,76,0,0,6,1,1,1,1900101,1000000
2024KL0002103,1,449.67,17,1,1,1,13,18296,166,0,0,6,1,5,1,1900111,1000000
2024KL0002104,1,449.67,0,1,7,1,2,3537,32,0,0,6,1,5,1,1900111,1000000
2024KL0002105,1,449.67,16,2,8,1,20,47560,432,0,0,6,1,5,1,1900114,1000000
2024KL0002106,1,449.67,26,1,1,1,9,13889,126,7000,3,1,1,1,1,1900103,1000000
2024KL0002107,1,449.67,42,2,2,1,11,8672,78,8000,4,2,2,1,1,1900112,1000000
2024KL0002108,1,449.67,10,1,1,1,5,2033,18,0,0,6,1,5,1,1900107,1000000
2024KL0002109,1,449.67,68,1,1,1,6,2769,25,5000,4,1,1,1,1,1900101,1000000
2024KL0002110,1,449.67,5,2,1,1,3,2778,25,0,0,6,1,5,1,1900106,1000000
2024KL0002111,1,449.67,26,1,5,1,9,20552,186,6000,1,1,1,5,1,1900106,1000000
2024KL0002112,1,449.67,53,1,6,1,9,48997,445,3000,1,4,1,1,1,1900104,1000000
2024KL0002113,1,449.67,21,1,2,1,17,21333,193,5000,1,1,1,5,1,1900111,1000000
2024KL0002114,1,449.67,13,2,4,1,3,3707,33,0,0,6,1,5,1,1900113,1000000
2024KL0002115,1,449.67,27,1,3,1,8,1942,17,5000,3,1,1,5,1,1900106,1000000
2024KL0002116,1,449.67,38,2,3,1,14,16284,148,6000,6,1,1,1,1,1900108,1000000
2024KL0002117,1,449.67,91,1,1,1,8,15369,139,0,0,6,1,1,1,1900105,1000000
2024KL0002118,1,449.67,90,1,1,1,10,1515,13,0,0,6,1,1,1,1900113,1000000
2024KL0002119,1,449.67,31,1,4,1,8,3996,36,9800,1,1,1,1,1,1900101,1000000
2024KL0002120,1,449.67,10,2,3,1,2,4905,44,0,0,6,1,5,1,1900111,1000000
2024KL0002121,1,449.67,53,2,2,1,9,71920,501,8000,1,1,1,1,1,1900108,1000000
2024KL0002122,1,449.67,14,2,1,1,2,1571,14,0,0,6,1,5,1,1900110,1000000
2024KL0002123,1,449.67,8,2,1,1,5,16226,147,0,0,6,2,5,1,1900111,1000000
2024KL0002124,1,449.67,20,2,2,1,12,14408,130,8000,1,1,1,5,1,1900107,1000000
2024KL0002125,1,449.67,25,1,1,1,10,8891,80,8000,1,1,1,5,1,1900104,1000000
2024KL0002126,1,449.67,36,2,1,1,14,19840,180,6000,4,3,1,1,1,1900114,1000000
2024KL0002127,1,449.67,22,1,3,1,10,16010,145,7000,4,2,1,1,1,1900114,1000000
2024KL0002128,1,449.67,6,1,2,1,5,27616,251,0,0,6,1,5,1,1900114,1000000
2024KL0002129,1,449.67,18,2,2,1,18,6006,54,1000,2,1,1,1,1,1900101,1000000
2024KL0002130,1,449.67,40,1,1,1,7,32251,293,9920,3,1,1,1,1,1900107,1000000
2024KL0002131,1,449.67,19,2,2,1,19,40557,368,3000,2,1,1,5,2,1900109,1000000
2024KL0002132,1,449.67,16,2,1,1,17,17022,154,0,0,6,1,5,2,1900101,1000000
2024KL0002133,1,449.67,2,1,1,1,8,2120,19,0,0,6,1,5,1,1900103,1000000
2024KL0002134,1,449.67,46,1,9,1,9,10060,91,5000,1,1,1,1,1,1900100,1000000
2024KL0002135,1,449.67,1,2,3,1,4,1000,9,0,0,6,1,5,1,1900109,1000000
2024KL0002136,1,449.67,29,1,2,1,10,42494,386,1000,1,1,1,1,1,1900101,1000000
2024KL0002137,1,449.67,31,1,2,1,13,58665,501,7000,3,1,1,5,1,1900111,1000000
2024KL0002138,1,449.67,65,1,1,1,11,5052,45,7000,6,1,1,1,1,1900112,1000000
2024KL0002139,1,449.67,88,2,4,1,9,4123,37,0,0,6,1,2,1,1900103,1000000
2024KL0002140,1,449.67,55,1,1,1,16,90014,501,2000,1,1,1,2,1,1900102,1000000
2024KL0002141,1,449.67,17,2,1,1,15,41468,376,0,0,6,1,5,1,1900100,1000000
2024KL0002142,1,449.67,44,1,1,1,11,62612,501,7000,1,1,1,2,1,1900106,1000000
2024KL0002143,1,449.67,40,2,1,1,15,29759,270,1000,1,1,1,3,1,1900110,1000000
2024KL0002144,1,449.67,48,1,3,1,7,3637,33,7000,1,3,1,2,1,1900108,1000000
2024KL0002145,1,449.67,85,1,1,1,6,2995,27,0,0,6,1,5,1,1900104,1000000
2024KL0002146,1,449.67,34,1,1,1,8,3028,27,8000,4,1,1,1,1,1900109,1000000
2024KL0002147,1,449.67,4,1,1,1,4,1327,12,0,0,6,1,5,1,1900100,1000000
2024KL0002148,1,449.67,39,1,8,1,14,34327,312,7000,3,1,1,5,1,1900112,1000000
2024KL0002149,1,449.67,29,2,1,1,14,75531,501,6000,4,1,1,5,2,1900105,1000000
2024KL0002150,1,449.67,36,2,1,1,8,8666,78,9000,6,1,1,1,1,1900103,1000000
2024KL0002151,1,449.67,15,2,5,1,17,54560,496,0,0,6,1,5,1,1900105,1000000
2024KL0002152,1,449.67,32,1,2,1,11,25514,231,1000,1,1,1,1,1,1900111,1000000
2024KL0002153,1,449.67,22,1,1,1,15,71962,501,4000,1,1,1,5,2,1900108,1000000
2024KL0002154,1,449.67,47,1,1,1,14,15587,141,9000,4,1,1,5,1,1900111,1000000
2024KL0002155,1,449.67,49,2,1,1,12,29607,269,8000,6,1,1,1,1,1900112,1000000
2024KL0002156,1,449.67,33,1,1,1,8,2604,23,7000,6,1,1,1,1,1900106,1000000
2024KL0002157,1,449.67,49,2,4,1,17,64825,501,2000,1,3,1,5,1,1900110,1000000
2024KL0002158,1,449.67,23,2,4,1,16,45719,415,2000,2,1,1,1,1,1900104,1000000
2024KL0002159,1,449.67,15,2,8,1,15,34953,317,0,0,6,1,5,1,1900102,1000000
2024KL0002160,1,449.67,49,2,2,1,9,17588,159,7000,3,1,1,1,1,1900108,1000000
2024KL0002161,1,449.67,42,1,7,1,12,28476,258,4000,1,1,1,1,1,1900105,1000000
2024KL0002162,1,449.67,28,2,1,1,12,17577,159,6000,3,1,1,5,1,1900107,1000000
2024KL0002163,1,449.67,20,1,3,1,16,14958,135,2000,1,5,1,5,2,1900113,1000000
2024KL0002164,1,449.67,28,2,1,1,11,29117,264,5000,1,1,1,1,1,1900112,1000000
2024KL0002165,1,449.67,18,1,2,1,15,40741,370,2000,3,1,1,5,1,1900107,1000000
2024KL0002166,1,449.67,5,2,6,1,4,13799,125,0,0,6,1,5,1,1900105,1000000
2024KL0002167,1,449.67,41,2,1,1,12,46714,424,4000,1,1,1,1,1,1900111,1000000
2024KL0002168,1,449.67,28,2,1,1,18,23944,217,3000,2,1,1,1,2,1900104,1000000
2024KL0002169,1,449.67,21,1,1,1,14,778,7,5000,1,2,1,1,1,1900101,1000000
2024KL0002170,1,449.67,22,1,1,1,18,38332,348,1000,3,5,1,5,1,1900104,1000000
2024KL0002171,1,449.67,9,2,1,1,2,3665,33,0,0,6,1,5,1,1900107,1000000
2024KL0002172,1,449.67,17,1,2,1,14,3198,29,0,0,6,1,5,1,1900114,1000000
2024KL0002173,1,449.67,68,1,1,1,8,2574,23,9920,1,1,1,1,1,1900114,1000000
2024KL0002174,1,449.67,55,2,1,1,7,8395,76,9000,3,1,1,4,1,1900101,1000000
2024KL0002175,1,449.67,34,2,3,1,12,11930,108,7000,1,1,1,5,1,1900112,1000000
2024KL0002176,1,449.67,7,1,1,1,6,3461,31,0,0,6,1,5,1,1900111,1000000
2024KL0002177,1,449.67,47,2,5,1,16,211511,501,1000,3,4,1,1,1,1900109,1000000
2024KL0002178,1,449.67,2,1,1,1,5,3117,28,0,0,6,1,5,1,1900109,1000000
2024KL0002179,1,449.67,43,1,2,1,11,67110,501,8000,3,1,1,1,1,1900103,1000000
2024KL0002180,1,449.67,26,2,2,1,9,10081,91,1000,1,2,1,1,2,1900114,1000000
2024KL0002181,1,449.67,43,2,1,1,9,15319,139,9800,3,1,1,5,1,1900104,1000000
2024KL0002182,1,449.67,10,1,1,1,4,2458,22,0,0,6,1,5,1,1900112,1000000
2024KL0002183,1,449.67,2,1,1,1,4,2948,26,0,0,6,1,5,1,1900103,1000000
2024KL0002184,1,449.67,33,2,1,1,19,380213,501,1000,1,5,1,1,1,1900110,1000000
2024KL0002185,1,449.67,29,2,1,1,12,3879,35,1000,1,1,1,5,1,1900112,1000000
2024KL0002186,1,449.67,24,2,1,1,12,21709,197,7000,4,1,1,5,1,1900106,1000000
2024KL0002187,1,449.67,53,1,5,1,8,14702,133,7000,6,3,1,5,1,1900106,1000000
2024KL0002188,1,449.67,30,1,1,1,13,7111,64,8000,1,1,1,1,1,1900101,1000000
2024KL0002189,1,449.67,27,1,1,1,13,3837,34,6000,6,1,1,1,1,1900102,1000000
2024KL0002190,1,449.67,62,1,2,1,8,24116,219,5000,1,1,5,1,1,1900108,1000000
2024KL0002191,1,449.67,48,1,2,1,5,10643,96,9800,1,2,1,1,1,1900106,1000000
2024KL0002192,1,449.67,47,1,2,1,9,37492,340,5000,1,1,1,1,1,1900107,1000000
2024KL0002193,1,449.67,36,1,1,1,8,12565,114,5000,1,1,1,2,1,1900107,1000000
2024KL0002194,1,449.67,8,2,1,1,2,569,5,0,0,6,1,5,1,1900107,1000000
2024KL0002195,1,449.67,8,1,1,1,7,3662,33,0,0,6,1,5,1,1900108,1000000
2024KL0002196,1,449.67,14,2,1,1,3,2729,24,0,0,6,1,5,1,1900101,1000000
2024KL0002197,1,449.67,28,2,2,1,12,35619,323,6000,1,5,1,1,1,1900100,1000000
2024KL0002198,1,449.67,79,1,3,1,7,2941,26,0,0,6,1,1,1,1900113,1000000
2024KL0002199,1,449.67,45,2,4,1,5,23057,209,9800,4,5,1,2,1,1900109,1000000
2024KL0002200,1,449.67,18,1,4,1,10,3989,36,7000,3,1,1,1,1,1900109,1000000
2024KL0002201,1,449.67,52,2,2,1,5,37163,337,9920,3,1,1,1,1,1900110,1000000
2024KL0002202,1,449.67,12,1,2,1,2,18095,164,0,0,6,1,5,2,1900106,1000000
2024KL0002203,1,449.67,4,2,4,1,2,7257,65,0,0,6,1,5,1,1900114,1000000
2024KL0002204,1,449.67,23,1,1,1,16,27536,250,1000,1,1,1,5,1,1900111,1000000
2024KL0002205,1,449.67,5,2,1,1,7,8549,77,0,0,6,1,5,1,1900101,1000000
2024KL0002206,1,449.67,41,2,3,1,12,25444,231,4000,2,1,1,1,2,1900111,1000000
2024KL0002207,1,449.67,32,1,1,1,14,13878,126,8000,1,1,1,1,1,1900105,1000000
2024KL0002208,1,449.67,26,2,1,1,11,6756,61,6000,3,1,1,1,1,1900113,1000000
2024KL0002209,1,449.67,22,1,1,1,13,3689,33,7000,1,2,1,1,1,1900109,1000000
2024KL0002210,1,449.67,35,2,1,1,15,52594,478,6000,1,2,1,3,1,1900101,1000000
2024KL0002211,1,449.67,20,1,1,1,14,25389,230,9800,3,1,1,5,1,1900114,1000000
2024KL0002212,1,449.67,46,1,6,1,9,17973,163,7000,4,4,1,1,1,1900107,1000000
2024KL0002213,1,449.67,31,2,2,1,12,18530,168,1000,1,3,1,5,1,1900103,1000000
2024KL0002214,1,449.67,17,1,6,1,12,23272,211,0,0,6,1,5,2,1900102,1000000
2024KL0002215,1,449.67,23,2,2,1,19,93390,501,1000,1,2,1,5,1,1900100,1000000
2024KL0002216,1,449.67,0,2,5,1,3,2228,20,0,0,6,1,5,1,1900109,1000000
2024KL0002217,1,449.67,34,2,1,1,5,10778,97,5000,3,1,1,1,1,1900113,1000000
2024KL0002218,1,449.67,4,1,1,1,6,14025,127,0,0,6,1,5,1,1900104,1000000
2024KL0002219,1,449.67,63,2,6,1,7,35956,326,7000,1,2,1,2,1,1900113,1000000
2024KL0002220,1,449.67,21,2,5,1,16,25037,227,4000,1,1,1,1,1,1900100,1000000
2024KL0002221,1,449.67,32,1,1,1,14,64095,501,1000,1,1,1,1,1,1900110,1000000
2024KL0002222,1,449.67,8,1,7,1,1,11433,103,0,0,6,1,5,1,1900104,1000000
2024KL0002223,1,449.67,31,2,4,1,15,254704,501,2000,1,3,1,5,1,1900108,1000000
2024KL0002224,1,449.67,21,2,6,1,18,17709,160,2000,3,3,1,5,1,1900108,1000000
2024KL0002225,1,449.67,64,1,1,1,12,37684,342,8000,3,1,1,1,1,1900111,1000000
2024KL0002226,1,449.67,26,1,1,1,13,36498,331,6000,4,1,1,1,1,1900100,1000000
2024KL0002227,1,449.67,13,2,8,1,4,918,8,0,0,6,1,5,1,1900110,1000000
2024KL0002228,1,449.67,40,1,1,1,14,8429,76,1000,2,1,1,1,1,1900107,1000000
2024KL0002229,1,449.67,32,2,3,1,10,21985,199,8000,3,1,1,5,1,1900110,1000000
2024KL0002230,1,449.67,16,2,2,1,15,45417,412,0,0,6,1,5,1,1900106,1000000
2024KL0002231,1,449.67,38,1,2,1,9,19902,180,5000,1,1,1,2,1,1900111,1000000
2024KL0002232,1,449.67,25,1,1,1,13,23005,209,1000,2,1,1,5,1,1900102,1000000
2024KL0002233,1,449.67,26,2,1,1,10,15923,144,9800,6,1,1,1,1,1900101,1000000
2024KL0002234,1,449.67,8,1,1,1,5,1389,12,0,0,6,1,5,1,1900105,1000000
2024KL0002235,1,449.67,6,1,1,1,5,3164,28,0,0,6,1,5,1,1900103,1000000
2024KL0002236,1,449.67,44,1,1,1,15,89181,501,2000,2,4,1,1,1,1900105,1000000
2024KL0002237,1,449.67,27,2,1,1,15,23544,214,3000,1,3,1,1,1,1900110,1000000
2024KL0002238,1,449.67,45,1,2,1,17,45070,409,6000,1,5,1,3,1,1900110,1000000
2024KL0002239,1,449.67,52,2,1,1,14,34439,313,5000,4,1,1,1,1,1900102,1000000
2024KL0002240,1,449.67,6,2,3,1,4,3250,29,0,0,6,1,5,1,1900109,1000000
2024KL0002241,1,449.67,56,2,2,1,10,24991,227,6000,4,1,1,1,1,1900111,1000000
2024KL0002242,1,449.67,0,2,4,1,5,3245,29,0,0,6,1,5,1,1900102,1000000
2024KL0002243,1,449.67,43,1,3,1,14,20417,185,9000,1,1,1,1,1,1900102,1000000
2024KL0002244,1,449.67,27,1,1,1,14,58717,501,1000,2,1,1,1,1,1900114,1000000
2024KL0002245,1,449.67,49,1,4,1,12,10609,96,3000,1,3,1,1,2,1900104,1000000
2024KL0002246,1,449.67,30,1,1,1,13,41005,372,2000,1,1,1,1,1,1900106,1000000
2024KL0002247,1,449.67,41,1,1,1,14,18718,170,9000,4,1,1,5,1,1900100,1000000
2024KL0002248,1,449.67,21,2,6,1,19,72803,501,4000,2,1,1,5,1,1900114,1000000
2024KL0002249,1,449.67,92,1,2,1,6,8118,73,0,0,6,1,1,1,1900111,1000000
2024KL0002250,1,449.67,33,1,1,1,9,21029,191,7000,4,2,1,5,1,1900110,1000000
2024KL0002251,1,449.67,52,1,1,1,12,50377,457,8000,1,1,1,1,1,1900107,1000000
2024KL0002252,1,449.67,99,1,1,1,6,15357,139,0,0,6,1,1,1,1900108,1000000
2024KL0002253,1,449.67,4,2,3,1,5,7150,65,0,0,6,1,5,1,1900112,1000000
2024KL0002254,1,449.67,24,2,5,1,18,66774,501,3000,2,1,1,1,1,1900109,1000000
2024KL0002255,1,449.67,21,1,1,1,15,23079,209,6000,1,1,1,1,1,1900107,1000000
2024KL0002256,1,449.67,10,1,2,1,5,565,5,0,0,6,1,5,1,1900110,1000000
2024KL0002257,1,449.67,44,2,4,1,12,20526,186,6000,1,1,1,1,1,1900100,1000000
2024KL0002258,1,449.67,7,2,2,1,3,6179,56,0,0,6,1,5,1,1900102,1000000
2024KL0002259,1,449.67,44,1,4,1,6,5809,52,5000,3,1,1,1,1,1900103,1000000
2024KL0002260,1,449.67,88,2,1,1,6,5878,53,0,0,6,1,1,1,1900113,1000000
2024KL0002261,1,449.67,47,2,1,1,7,31015,281,9800,4,1,1,1,1,1900107,1000000
2024KL0002262,1,449.67,84,1,7,1,5,1357,12,0,0,6,1,1,1,1900105,1000000
2024KL0002263,1,449.67,17,2,1,1,14,16391,149,0,0,6,1,5,1,1900109,1000000
2024KL0002264,1,449.67,50,2,3,1,12,12829,116,5000,1,1,1,5,1,1900103,1000000
2024KL0002265,1,449.67,32,1,1,1,10,41482,377,6000,3,1,1,1,1,1900114,1000000
2024KL0002266,1,449.67,29,2,1,1,11,5409,49,9000,6,1,1,1,1,1900111,1000000
2024KL0002267,1,449.67,24,1,1,1,14,34095,309,7000,6,2,1,5,1,1900112,1000000
2024KL0002268,1,449.67,52,2,3,1,14,56319,501,8000,4,1,1,1,1,1900100,1000000
2024KL0002269,1,449.67,40,1,5,1,8,26085,237,9920,1,5,1,1,1,1900108,1000000
2024KL0002270,1,449.67,56,2,1,1,7,28318,257,7000,1,1,2,5,1,1900106,1000000
2024KL0002271,1,449.67,51,2,1,1,11,74911,501,8000,1,1,1,4,1,1900113,1000000
2024KL0002272,1,449.67,61,1,8,1,5,19679,178,7000,1,5,1,4,1,1900107,1000000
2024KL0002273,1,449.67,82,2,1,1,5,2991,27,0,0,6,1,5,1,1900109,1000000
2024KL0002274,1,449.67,92,2,1,1,5,3044,27,0,0,6,1,1,1,1900107,1000000
2024KL0002275,1,449.67,54,2,1,1,5,4924,44,5000,6,3,1,1,1,1900103,1000000
2024KL0002276,1,449.67,82,1,3,1,9,3261,29,0,0,6,1,2,2,1900100,1000000
2024KL0002277,1,449.67,63,2,4,1,10,41022,372,2000,1,1,1,1,1,1900105,1000000
2024KL0002278,1,449.67,13,1,2,1,3,7899,71,0,0,6,1,5,1,1900112,1000000
2024KL0002279,1,449.67,7,2,6,1,3,3211,29,0,0,6,1,5,1,1900106,1000000
2024KL0002280,1,449.67,41,2,5,1,11,37551,341,9800,1,1,1,1,1,1900100,1000000
2024KL0002281,1,449.67,38,2,2,1,11,212817,501,8000,4,1,1,1,1,1900114,1000000
2024KL0002282,1,449.67,35,2,4,1,18,102107,501,4000,1,1,1,5,1,1900108,1000000
2024KL0002283,1,449.67,92,2,8,1,12,27727,252,0,0,6,1,3,1,1900100,1000000
2024KL0002284,1,449.67,49,2,1,1,7,16319,148,9920,4,5,1,1,1,1900103,1000000
2024KL0002285,1,449.67,15,2,1,1,13,6396,58,0,0,6,1,5,1,1900107,1000000
2024KL0002286,1,449.67,58,2,1,1,5,15364,139,5000,1,3,1,1,1,1900112,1000000
2024KL0002287,1,449.67,5,1,1,1,6,1111,10,0,0,6,1,5,1,1900104,1000000
2024KL0002288,1,449.67,40,2,2,1,14,11826,107,9000,1,1,1,1,1,1900114,1000000
2024KL0002289,1,449.67,25,2,2,1,9,54371,494,6000,1,1,1,1,1,1900108,1000000
2024KL0002290,1,449.67,5,2,2,1,4,6738,61,0,0,6,1,5,1,1900113,1000000
2024KL0002291,1,449.67,30,1,2,1,12,24649,224,9800,1,5,1,1,1,1900100,1000000
2024KL0002292,1,449.67,36,1,2,1,11,18222,165,6000,1,3,1,1,1,1900102,1000000
2024KL0002293,1,449.67,0,2,4,1,3,14371,130,0,0,6,1,5,1,1900104,1000000
2024KL0002294,1,449.67,58,2,1,1,11,19664,178,8000,6,2,1,1,1,1900108,1000000
2024KL0002295,1,449.67,43,1,1,1,12,47090,428,8000,6,1,1,1,1,1900103,1000000
2024KL0002296,1,449.67,21,2,1,1,19,70904,501,2000,1,1,1,5,1,1900103,1000000
2024KL0002297,1,449.67,28,2,1,1,11,69325,501,1000,2,1,1,1,1,1900101,1000000
2024KL0002298,1,449.67,34,2,5,1,10,3868,35,3000,1,1,1,1,1,1900106,1000000
2024KL0002299,1,449.67,50,1,2,1,12,13655,124,6000,1,2,1,2,1,1900104,1000000
2024KL0002300,1,449.67,60,1,1,1,5,2620,23,9800,4,1,1,1,1,1900112,1000000
2024KL0002301,1,449.67,17,1,6,1,17,62878,501,0,0,6,1,5,1,1900103,1000000
2024KL0002302,1,449.67,40,2,7,1,15,43725,397,3000,1,1,1,1,1,1900102,1000000
2024KL0002303,1,449.67,39,1,1,1,7,23589,214,5000,4,1,1,5,1,1900107,1000000
2024KL0002304,1,449.67,58,1,6,1,8,26960,245,5000,6,1,1,5,1,1900114,1000000
2024KL0002305,1,449.67,47,1,5,1,8,6794,61,5000,6,2,2,1,1,1900110,1000000
2024KL0002306,1,449.67,45,1,3,1,5,11430,103,6000,6,3,1,1,1,1900109,1000000
2024KL0002307,1,449.67,77,2,1,1,7,5892,53,0,0,6,1,2,2,1900107,1000000
2024KL0002308,1,449.67,29,2,4,1,10,30846,280,6000,4,1,1,5,1,1900101,1000000
2024KL0002309,1,449.67,49,1,2,1,9,18382,167,5000,1,1,1,1,1,1900101,1000000
2024KL0002310,1,449.67,17,1,1,1,15,24502,222,0,0,6,1,5,1,1900108,1000000
2024KL0002311,1,449.67,51,1,1,1,7,3173,28,9800,1,1,1,2,1,1900105,1000000
2024KL0002312,1,449.67,32,2,1,1,16,186835,501,3000,2,1,1,1,2,1900110,1000000
2024KL0002313,1,449.67,9,1,3,1,5,2565,23,0,0,6,1,5,1,1900100,1000000
2024KL0002314,1,449.67,7,1,4,1,5,11326,102,0,0,6,1,5,1,1900107,1000000
2024KL0002315,1,449.67,57,2,3,1,9,12864,116,4000,1,1,1,1,2,1900105,1000000
2024KL0002316,1,449.67,16,1,7,1,16,23884,217,0,0,6,1,5,1,1900108,1000000
2024KL0002317,1,449.67,49,1,1,1,10,43537,395,6000,1,1,1,1,2,1900110,1000000
2024KL0002318,1,449.67,59,1,2,1,6,50325,457,8000,4,1,1,1,1,1900100,1000000
2024KL0002319,1,449.67,70,2,1,1,10,6773,61,8000,1,1,1,1,2,1900108,1000000
2024KL0002320,1,449.67,59,2,2,1,8,5646,51,7000,1,5,1,2,1,1900112,1000000
2024KL0002321,1,449.67,15,1,6,1,15,24476,222,0,0,6,1,5,1,1900104,1000000
2024KL0002322,1,449.67,47,2,4,1,20,238916,501,1000,1,1,1,1,1,1900106,1000000
2024KL0002323,1,449.67,25,1,3,1,8,10841,98,9920,1,1,1,1,1,1900104,1000000
2024KL0002324,1,449.67,71,1,1,1,7,6418,58,0,0,6,1,5,1,1900114,1000000
2024KL0002325,1,449.67,20,1,3,1,14,23288,211,3000,2,1,1,1,1,1900112,1000000
2024KL0002326,1,449.67,0,2,1,1,4,1313,11,0,0,6,1,5,1,1900101,1000000
2024KL0002327,1,449.67,40,2,1,1,11,140710,501,8000,4,1,1,3,1,1900103,1000000
2024KL0002328,1,449.67,26,2,7,1,7,3784,34,5000,1,1,1,1,1,1900100,1000000
2024KL0002329,1,449.67,51,1,2,1,7,8963,81,9920,1,1,1,1,1,1900110,1000000
2024KL0002330,1,449.67,12,1,5,1,9,14893,135,0,0,6,1,5,1,1900108,1000000
2024KL0002331,1,449.67,40,2,2,1,9,5639,51,5000,3,2,1,1,1,1900106,1000000
2024KL0002332,1,449.67,39,2,2,1,8,36520,332,9800,6,1,1,1,1,1900106,1000000
2024KL0002333,1,449.67,59,2,5,1,17,105199,501,3000,3,2,1,2,1,1900114,1000000
2024KL0002334,1,449.67,40,2,1,1,17,89230,501,2000,1,4,1,2,1,1900107,1000000
2024KL0002335,1,449.67,46,1,5,1,8,5009,45,5000,4,1,1,3,1,1900101,1000000
2024KL0002336,1,449.67,42,2,1,1,13,13547,123,6000,4,1,1,1,1,1900114,1000000
2024KL0002337,1,449.67,38,2,1,1,8,8320,75,5000,1,1,1,1,1,1900100,1000000
2024KL0002338,1,449.67,4,2,2,1,5,216,1,0,0,6,1,5,1,1900107,1000000
2024KL0002339,1,449.67,15,2,2,1,11,4135,37,0,0,6,1,5,1,1900107,1000000
2024KL0002340,1,449.67,54,2,6,1,8,31015,281,7000,1,1,1,5,1,1900101,1000000
2024KL0002341,1,449.67,43,2,6,1,9,31208,283,5000,6,2,1,1,1,1900112,1000000
2024KL0002342,1,449.67,24,2,1,1,12,65033,501,4000,2,1,1,1,1,1900107,1000000
2024KL0002343,1,449.67,35,2,2,1,11,60719,501,9000,1,1,1,1,1,1900110,1000000
2024KL0002344,1,449.67,42,1,6,1,14,32023,291,6000,1,1,2,1,1,1900100,1000000
2024KL0002345,1,449.67,43,2,2,1,9,12051,109,7000,1,1,1,1,2,1900106,1000000
2024KL0002346,1,449.67,29,1,1,1,12,40104,364,6000,6,4,1,1,1,1900107,1000000
2024KL0002347,1,449.67,38,1,1,1,12,18380,167,9000,4,2,1,1,1,1900113,1000000
2024KL0002348,1,449.67,9,2,1,1,1,3558,32,0,0,6,1,5,1,1900110,1000000
2024KL0002349,1,449.67,35,2,2,1,16,35012,318,4000,3,2,1,1,1,1900114,1000000
2024KL0002350,1,449.67,77,1,7,1,6,3687,33,0,0,6,1,3,1,1900102,1000000
2024KL0002351,1,449.67,45,1,1,1,11,20191,183,5000,4,5,1,1,1,1900101,1000000
2024KL0002352,1,449.67,38,2,2,1,12,23538,213,6000,4,1,1,2,1,1900107,1000000
2024KL0002353,1,449.67,49,1,2,1,5,34952,317,6000,1,1,1,1,1,1900109,1000000
2024KL0002354,1,449.67,6,2,2,1,9,19920,181,0,0,6,1,5,1,1900111,1000000
2024KL0002355,1,449.67,99,2,1,1,6,7451,67,0,0,6,1,1,1,1900107,1000000
2024KL0002356,1,449.67,58,1,4,1,8,36885,335,9000,1,4,1,2,1,1900104,1000000
2024KL0002357,1,449.67,54,1,1,1,9,31190,283,8000,1,3,1,2,1,1900101,1000000
2024KL0002358,1,449.67,3,2,1,1,4,1917,17,0,0,6,1,5,1,1900106,1000000
2024KL0002359,1,449.67,0,1,5,1,4,2877,26,0,0,6,1,5,1,1900102,1000000
2024KL0002360,1,449.67,13,2,1,1,4,19602,178,0,0,6,1,5,1,1900114,1000000
2024KL0002361,1,449.67,76,1,9,1,12,34487,313,0,0,6,1,1,1,1900106,1000000
2024KL0002362,1,449.67,32,1,2,1,5,3992,36,5000,1,2,2,5,1,1900113,1000000
2024KL0002363,1,449.67,79,2,2,1,5,2942,26,0,0,6,1,1,1,1900104,1000000
2024KL0002364,1,449.67,48,2,1,1,14,47669,433,7000,1,1,1,1,1,1900100,1000000
2024KL0002365,1,449.67,25,1,1,1,13,28205,256,8000,1,1,1,5,1,1900112,1000000
2024KL0002366,1,449.67,15,1,5,1,14,2155,19,0,0,6,1,5,1,1900110,1000000
2024KL0002367,1,449.67,8,2,1,1,1,2100,19,0,0,6,1,5,1,1900113,1000000
2024KL0002368,1,449.67,18,1,2,1,14,5323,48,1000,3,1,1,1,1,1900108,1000000
2024KL0002369,1,449.67,41,2,4,1,17,41730,379,3000,2,1,2,1,1,1900103,1000000
2024KL0002370,1,449.67,14,2,1,1,9,10739,97,0,0,6,1,5,1,1900106,1000000
2024KL0002371,1,449.67,39,1,1,1,10,107413,501,8000,4,1,1,1,1,1900104,1000000
2024KL0002372,1,449.67,11,1,1,1,2,6492,59,0,0,6,1,5,1,1900113,1000000
2024KL0002373,1,449.67,100,1,5,1,11,23028,209,0,0,6,1,3,1,1900108,1000000
2024KL0002374,1,449.67,60,1,1,1,6,9130,83,9800,3,1,1,1,1,1900108,1000000
2024KL0002375,1,449.67,18,2,3,1,10,14020,127,2000,3,1,1,1,1,1900114,1000000
2024KL0002376,1,449.67,40,1,1,1,6,7817,71,6000,6,1,1,3,1,1900106,1000000
2024KL0002377,1,449.67,51,1,7,1,8,10983,99,9800,3,1,1,1,1,1900114,1000000
2024KL0002378,1,449.67,4,2,1,1,3,1143,10,0,0,6,1,5,1,1900100,1000000
2024KL0002379,1,449.67,5,2,2,1,3,3600,32,0,0,6,1,5,1,1900112,1000000
2024KL0002380,1,449.67,29,2,3,1,12,19665,178,7000,1,1,1,1,1,1900105,1000000
2024KL0002381,1,449.67,27,1,1,1,13,7702,70,7000,3,1,1,5,1,1900106,1000000
2024KL0002382,1,449.67,57,2,2,1,11,13918,126,9000,4,1,2,5,1,1900103,1000000
2024KL0002383,1,449.67,56,2,1,1,11,26418,240,6000,1,5,1,1,1,1900113,1000000
2024KL0002384,1,449.67,30,1,1,1,17,49248,447,5000,3,1,1,1,1,1900114,1000000
2024KL0002385,1,449.67,22,2,1,1,14,108414,501,9800,4,3,1,1,1,1900104,1000000
2024KL0002386,1,449.67,20,2,1,1,17,37930,344,6000,1,5,1,1,1,1900102,1000000
2024KL0002387,1,449.67,19,2,2,1,13,10543,95,9000,1,1,2,1,1,1900108,1000000
2024KL0002388,1,449.67,37,2,1,1,7,8748,79,5000,3,1,1,1,1,1900102,1000000
2024KL0002389,1,449.67,35,1,1,1,5,4106,37,8000,1,1,1,1,1,1900111,1000000
2024KL0002390,1,449.67,31,1,5,1,11,22870,207,1000,1,4,1,1,2,1900107,1000000
2024KL0002391,1,449.67,17,2,3,1,17,32490,295,0,0,6,1,5,1,1900110,1000000
2024KL0002392,1,449.67,2,2,1,1,1,5178,47,0,0,6,1,5,1,1900110,1000000
2024KL0002393,1,449.67,26,2,1,1,5,9208,83,9800,4,5,1,5,1,1900111,1000000
2024KL0002394,1,449.67,3,1,4,1,8,2198,19,0,0,6,1,5,1,1900104,1000000
2024KL0002395,1,449.67,58,1,2,1,12,14000,127,4000,1,1,1,1,1,1900105,1000000
2024KL0002396,1,449.67,2,1,2,1,4,12915,117,0,0,6,1,5,1,1900114,1000000
2024KL0002397,1,449.67,24,1,2,1,15,142338,501,4000,2,1,1,5,1,1900108,1000000
2024KL0002398,1,449.67,76,2,1,1,7,8521,77,0,0,6,1,1,1,1900100,1000000
2024KL0002399,1,449.67,78,1,1,1,10,54015,491,0,0,6,1,2,1,1900108,1000000
2024KL0002400,1,449.67,42,1,7,1,16,203361,501,4000,1,3,1,1,1,1900105,1000000
2024KL0002401,1,449.67,18,2,2,1,17,22811,207,1000,2,3,1,1,2,1900114,1000000
2024KL0002402,1,449.67,17,2,2,1,12,9069,82,0,0,6,1,5,1,1900100,1000000
2024KL0002403,1,449.67,28,1,1,1,8,10089,91,6000,3,1,2,1,1,1900102,1000000
2024KL0002404,1,449.67,8,1,1,1,6,1438,13,0,0,6,1,5,1,1900100,1000000
2024KL0002405,1,449.67,45,1,1,1,6,6189,56,5000,3,1,1,1,1,1900102,1000000
2024KL0002406,1,449.67,16,1,3,1,13,12295,111,0,0,6,1,5,1,1900104,1000000
2024KL0002407,1,449.67,29,2,2,1,8,6874,62,9920,1,1,1,5,1,1900107,1000000
2024KL0002408,1,449.67,31,1,6,1,11,36884,335,6000,6,3,1,1,1,1900107,1000000
2024KL0002409,1,449.67,52,2,1,1,12,8695,79,9800,4,5,1,4,1,1900106,1000000
2024KL0002410,1,449.67,2,2,1,1,7,1863,16,0,0,6,1,5,1,1900110,1000000
2024KL0002411,1,449.67,6,2,1,1,3,3392,30,0,0,6,1,5,1,1900108,1000000
2024KL0002412,1,449.67,25,2,1,1,10,18576,168,5000,6,1,1,5,1,1900114,1000000
2024KL0002413,1,449.67,4,1,2,1,4,13005,118,0,0,6,1,5,1,1900110,1000000
2024KL0002414,1,449.67,25,1,1,1,16,99303,501,3000,1,1,1,5,1,1900113,1000000
2024KL0002415,1,449.67,5,2,4,1,6,9470,86,0,0,6,1,5,1,1900111,1000000
2024KL0002416,1,449.67,59,2,1,1,7,35908,326,5000,1,1,1,1,1,1900102,1000000
2024KL0002417,1,449.67,44,2,2,1,16,50631,460,1000,1,1,1,1,1,1900110,1000000
2024KL0002418,1,449.67,6,2,2,1,2,2490,22,0,0,6,1,5,1,1900102,1000000
2024KL0002419,1,449.67,42,1,1,1,14,42745,388,1000,1,4,1,1,1,1900107,1000000
2024KL0002420,1,449.67,8,2,1,1,3,2032,18,0,0,6,1,5,1,1900107,1000000
2024KL0002421,1,449.67,74,1,1,1,10,6269,56,0,0,6,1,1,1,1900112,1000000
2024KL0002422,1,449.67,65,1,2,1,6,7075,64,8000,1,1,1,5,1,1900103,1000000
2024KL0002423,1,449.67,46,2,2,1,8,10539,95,9800,1,5,1,1,2,1900109,1000000
2024KL0002424,1,449.67,7,2,1,1,3,2939,26,0,0,6,1,5,1,1900107,1000000
2024KL0002425,1,449.67,29,2,7,1,11,11188,101,7000,4,2,1,1,1,1900101,1000000
2024KL0002426,1,449.67,1,2,1,1,1,2160,19,0,0,6,1,5,1,1900113,1000000
2024KL0002427,1,449.67,49,1,1,1,8,9359,85,9800,1,1,1,1,1,1900105,1000000
2024KL0002428,1,449.67,43,2,7,1,5,8536,77,6000,1,1,1,1,1,1900100,1000000
2024KL0002429,1,449.67,55,1,2,1,6,3947,35,5000,1,5,1,1,1,1900114,1000000
2024KL0002430,1,449.67,100,2,3,1,8,3839,34,0,0,6,1,1,1,1900106,1000000
2024KL0002431,1,449.67,56,1,1,1,13,74285,501,3000,1,1,1,5,1,1900103,1000000
2024KL0002432,1,449.67,48,2,6,1,11,12741,115,9000,1,1,1,1,1,1900103,1000000
2024KL0002433,1,449.67,55,1,1,1,13,16430,149,9800,1,1,1,1,1,1900108,1000000
2024KL0002434,1,449.67,3,2,3,1,8,3001,27,0,0,6,1,5,1,1900113,1000000
2024KL0002435,1,449.67,42,1,1,1,11,24660,224,7000,3,1,1,5,1,1900113,1000000
2024KL0002436,1,449.67,50,1,1,1,9,21524,195,2000,3,1,1,2,1,1900108,1000000
2024KL0002437,1,449.67,28,1,3,1,12,44196,401,8000,6,4,1,1,2,1900110,1000000
2024KL0002438,1,449.67,24,1,2,1,13,31960,290,8000,1,1,1,1,1,1900110,1000000
2024KL0002439,1,449.67,11,2,1,1,3,511,4,0,0,6,1,5,1,1900101,1000000
2024KL0002440,1,449.67,2,2,1,1,1,1617,14,0,0,6,1,5,1,1900104,1000000
2024KL0002441,1,449.67,36,1,2,1,11,34020,309,1000,3,1,1,1,1,1900106,1000000
2024KL0002442,1,449.67,58,1,5,1,6,3902,35,6000,1,1,1,1,1,1900104,1000000
2024KL0002443,1,449.67,44,2,2,1,7,8428,76,9800,1,1,1,1,1,1900114,1000000
2024KL0002444,1,449.67,1,1,1,1,6,2309,20,0,0,6,1,5,1,1900114,1000000
2024KL0002445,1,449.67,62,2,3,1,5,3120,28,7000,1,1,1,5,1,1900111,1000000
2024KL0002446,1,449.67,3,2,1,1,3,10845,98,0,0,6,1,5,2,1900113,1000000
2024KL0002447,1,449.67,13,1,5,1,1,2215,20,0,0,6,1,5,1,1900102,1000000
2024KL0002448,1,449.67,23,2,1,1,14,19161,174,3000,1,5,1,1,1,1900100,1000000
2024KL0002449,1,449.67,23,1,5,1,20,49670,451,3000,1,1,1,5,1,1900105,1000000
2024KL0002450,1,449.67,27,2,6,1,6,4166,37,7000,1,1,1,1,2,1900108,1000000
2024KL0002451,1,449.67,39,2,1,1,10,40266,366,6000,1,5,1,1,1,1900108,1000000
2024KL0002452,1,449.67,55,1,1,1,10,19455,176,6000,1,1,1,5,1,1900103,1000000
2024KL0002453,1,449.67,25,2,3,1,6,2771,25,6000,3,1,1,1,1,1900114,1000000
2024KL0002454,1,449.67,48,2,7,1,9,27688,251,5000,1,1,1,1,2,1900112,1000000
2024KL0002455,1,449.67,12,1,2,1,3,10298,93,0,0,6,1,5,1,1900100,1000000
2024KL0002456,1,449.67,32,1,1,1,19,69594,501,3000,1,1,1,5,1,1900101,1000000
2024KL0002457,1,449.67,33,1,6,1,15,127984,501,3000,2,1,1,5,1,1900102,1000000
2024KL0002458,1,449.67,27,2,1,1,14,40926,372,6000,4,1,1,1,1,1900101,1000000
2024KL0002459,1,449.67,2,1,2,1,3,3522,32,0,0,6,1,5,1,1900107,1000000
2024KL0002460,1,449.67,10,2,6,1,6,1822,16,0,0,6,1,5,1,1900113,1000000
2024KL0002461,1,449.67,43,1,8,1,12,29109,264,1000,2,2,1,1,1,1900114,1000000
2024KL0002462,1,449.67,6,2,4,1,9,14383,130,0,0,6,1,5,1,1900111,1000000
2024KL0002463,1,449.67,9,1,4,1,2,2640,24,0,0,6,1,5,1,1900103,1000000
2024KL0002464,1,449.67,7,1,4,1,7,1588,14,0,0,6,1,5,1,1900103,1000000
2024KL0002465,1,449.67,39,1,1,1,11,24184,219,9000,1,1,1,1,1,1900112,1000000
2024KL0002466,1,449.67,29,2,1,1,13,24751,225,4000,2,1,1,5,1,1900103,1000000
2024KL0002467,1,449.67,34,2,4,1,8,2374,21,9800,6,1,1,1,2,1900113,1000000
2024KL0002468,1,449.67,85,1,4,1,10,5421,49,0,0,6,1,5,1,1900103,1000000
2024KL0002469,1,449.67,5,2,1,1,7,2025,18,0,0,6,1,5,1,1900101,1000000
2024KL0002470,1,449.67,5,1,1,1,6,2473,22,0,0,6,1,5,1,1900104,1000000
2024KL0002471,1,449.67,2,1,1,1,8,4148,37,0,0,6,1,5,1,1900114,1000000
2024KL0002472,1,449.67,46,1,4,1,11,34581,314,9800,6,1,1,1,1,1900114,1000000
2024KL0002473,1,449.67,57,2,3,1,16,34139,310,6000,6,1,1,1,1,1900105,1000000
2024KL0002474,1,449.67,36,2,2,1,7,13721,124,7000,3,1,1,1,1,1900105,1000000
2024KL0002475,1,449.67,51,1,1,1,5,13990,127,9800,1,1,1,2,1,1900107,1000000
2024KL0002476,1,449.67,51,1,2,1,7,4103,37,7000,6,4,1,5,1,1900102,1000000
2024KL0002477,1,449.67,1,2,2,1,1,5995,54,0,0,6,1,5,1,1900103,1000000
2024KL0002478,1,449.67,10,1,6,1,3,7612,69,0,0,6,1,5,1,1900112,1000000
2024KL0002479,1,449.67,3,2,1,1,5,4328,39,0,0,6,1,5,1,1900109,1000000
2024KL0002480,1,449.67,18,2,3,1,16,30225,274,4000,1,1,1,5,2,1900102,1000000
2024KL0002481,1,449.67,86,1,1,1,5,9804,89,0,0,6,1,1,1,1900110,1000000
2024KL0002482,1,449.67,98,1,1,1,7,4105,37,0,0,6,1,3,1,1900107,1000000
2024KL0002483,1,449.67,7,2,5,1,1,4007,36,0,0,6,1,5,1,1900102,1000000
2024KL0002484,1,449.67,13,1,8,1,2,4687,42,0,0,6,1,5,1,1900106,1000000
2024KL0002485,1,449.67,13,1,1,1,8,4459,40,0,0,6,1,5,1,1900111,1000000
2024KL0002486,1,449.67,50,2,1,1,9,59737,501,1000,1,1,1,1,1,1900102,1000000
2024KL0002487,1,449.67,55,1,1,1,7,15847,144,7000,4,1,1,1,1,1900109,1000000
2024KL0002488,1,449.67,26,1,3,1,12,5979,54,2000,1,1,1,1,1,1900101,1000000
2024KL0002489,1,449.67,52,2,1,1,9,61621,501,8000,4,3,1,5,1,1900106,1000000
2024KL0002490,1,449.67,17,1,6,1,18,59932,501,0,0,6,1,5,1,1900112,1000000
2024KL0002491,1,449.67,59,2,6,1,6,6287,57,6000,1,1,1,2,1,1900106,1000000
2024KL0002492,1,449.67,10,2,1,1,4,797,7,0,0,6,1,5,1,1900102,1000000
2024KL0002493,1,449.67,5,2,1,1,1,3268,29,0,0,6,1,5,1,1900102,1000000
2024KL0002494,1,449.67,65,2,2,1,6,6615,60,6000,3,1,1,1,1,1900105,1000000
2024KL0002495,1,449.67,26,2,6,1,10,60016,501,5000,6,1,2,1,1,1900110,1000000
2024KL0002496,1,449.67,32,1,1,1,12,22861,207,6000,6,1,1,5,1,1900100,1000000
2024KL0002497,1,449.67,32,2,6,1,13,39375,357,2000,2,1,1,1,1,1900109,1000000
2024KL0002498,1,449.67,5,2,4,1,3,2655,24,0,0,6,1,5,2,1900105,1000000
2024KL0002499,1,449.67,32,1,1,1,13,38565,350,9000,4,1,1,5,1,1900111,1000000
2024KL0002500,1,449.67,36,1,2,1,6,18970,172,9800,1,5,1,1,1,1900111,1000000
2024KL0002501,1,449.67,21,2,3,1,20,68859,501,3000,3,1,1,1,1,1900111,1000000
2024KL0002502,1,449.67,4,1,2,1,1,5144,46,0,0,6,1,5,1,1900103,1000000
2024KL0002503,1,449.67,24,1,4,1,13,24918,226,5000,6,1,1,1,1,1900110,1000000
2024KL0002504,1,449.67,35,1,2,1,17,61441,501,3000,1,1,1,1,1,1900114,1000000
2024KL0002505,1,449.67,2,2,5,1,1,3368,30,0,0,6,1,5,1,1900104,1000000
2024KL0002506,1,449.67,86,1,6,1,11,23621,214,0,0,6,1,1,1,1900105,1000000
2024KL0002507,1,449.67,0,1,6,1,3,6360,57,0,0,6,1,5,1,1900103,1000000
2024KL0002508,1,449.67,34,1,1,1,16,185299,501,3000,1,1,1,1,1,1900111,1000000
2024KL0002509,1,449.67,33,2,2,1,8,32190,292,7000,4,5,1,1,1,1900101,1000000
2024KL0002510,1,449.67,7,1,2,1,5,3034,27,0,0,6,1,5,2,1900100,1000000
2024KL0002511,1,449.67,16,1,1,1,19,50654,460,0,0,6,1,5,1,1900112,1000000
2024KL0002512,1,449.67,8,1,1,1,1,3845,34,0,0,6,1,5,1,1900111,1000000
2024KL0002513,1,449.67,44,1,2,1,11,29661,269,9000,4,1,1,1,1,1900112,1000000
2024KL0002514,1,449.67,73,2,1,1,7,7622,69,0,0,6,1,2,1,1900101,1000000
2024KL0002515,1,449.67,57,2,3,1,11,17659,160,6000,4,1,1,1,1,1900105,1000000
2024KL0002516,1,449.67,17,2,7,1,12,13662,124,0,0,6,1,5,1,1900110,1000000
2024KL0002517,1,449.67,2,1,7,1,4,5081,46,0,0,6,1,5,1,1900111,1000000
2024KL0002518,1,449.67,20,1,4,1,16,16911,153,3000,2,1,5,5,1,1900104,1000000
2024KL0002519,1,449.67,42,1,4,1,8,11369,103,9920,1,2,1,1,1,1900103,1000000
2024KL0002520,1,449.67,71,2,6,1,5,1624,14,0,0,6,1,3,1,1900104,1000000
2024KL0002521,1,449.67,22,2,6,1,14,19917,181,8000,3,1,1,5,1,1900109,1000000
2024KL0002522,1,449.67,24,1,1,1,16,38914,353,5000,6,1,1,5,1,1900101,1000000
2024KL0002523,1,449.67,18,2,1,1,13,4151,37,5000,1,1,1,5,1,1900112,1000000
2024KL0002524,1,449.67,27,2,3,1,12,104210,501,2000,1,5,1,1,1,1900103,1000000
2024KL0002525,1,449.67,3,1,1,1,5,2028,18,0,0,6,1,5,1,1900114,1000000
2024KL0002526,1,449.67,26,2,3,1,12,5781,52,5000,3,1,1,1,1,1900111,1000000
2024KL0002527,1,449.67,6,1,3,1,1,7381,67,0,0,6,1,5,1,1900103,1000000
2024KL0002528,1,449.67,7,2,1,1,5,3608,32,0,0,6,1,5,1,1900106,1000000
2024KL0002529,1,449.67,15,1,1,1,15,29053,264,0,0,6,1,5,1,1900107,1000000
2024KL0002530,1,449.67,9,2,3,1,6,3365,30,0,0,6,1,5,1,1900114,1000000
2024KL0002531,1,449.67,13,2,6,1,2,980,8,0,0,6,1,5,1,1900113,1000000
2024KL0002532,1,449.67,2,2,2,1,4,10478,95,0,0,6,1,5,1,1900105,1000000
2024KL0002533,1,449.67,74,2,2,1,8,11930,108,0,0,6,1,2,1,1900109,1000000
2024KL0002534,1,449.67,96,1,1,1,8,2437,22,0,0,6,2,1,1,1900113,1000000
2024KL0002535,1,449.67,40,1,1,1,5,2340,21,9800,3,5,1,1,1,1900113,1000000
2024KL0002536,1,449.67,73,1,1,1,12,51958,472,0,0,6,1,1,1,1900102,1000000
2024KL0002537,1,449.67,32,1,1,1,18,207847,501,5000,1,1,2,1,1,1900114,1000000
2024KL0002538,1,449.67,30,1,5,1,13,21678,197,9000,1,5,1,1,1,1900111,1000000
2024KL0002539,1,449.67,18,1,2,1,16,11609,105,5000,1,1,1,5,1,1900102,1000000
2024KL0002540,1,449.67,22,2,1,1,16,96108,501,1000,1,1,1,1,1,1900108,1000000
2024KL0002541,1,449.67,31,1,1,1,9,84404,501,6000,1,1,1,1,2,1900106,1000000
2024KL0002542,1,449.67,19,2,1,1,15,15735,143,2000,2,1,1,5,2,1900114,1000000
2024KL0002543,1,449.67,36,1,2,1,11,8070,73,2000,2,2,1,1,1,1900113,1000000
2024KL0002544,1,449.67,14,1,4,1,2,11219,101,0,0,6,1,5,1,1900105,1000000
2024KL0002545,1,449.67,19,2,1,1,12,10528,95,6000,3,1,1,5,1,1900107,1000000
2024KL0002546,1,449.67,47,1,7,1,7,35714,324,9000,4,1,1,1,1,1900113,1000000
2024KL0002547,1,449.67,74,1,3,1,8,3203,29,0,0,6,1,1,1,1900102,1000000
2024KL0002548,1,449.67,53,2,1,1,15,39922,362,2000,2,1,1,1,2,1900103,1000000
2024KL0002549,1,449.67,35,2,1,1,7,12220,111,7000,3,1,1,1,1,1900105,1000000
2024KL0002550,1,449.67,46,1,1,1,16,98173,501,5000,1,1,1,5,1,1900109,1000000
2024KL0002551,1,449.67,13,1,4,1,3,1553,14,0,0,6,1,5,1,1900106,1000000
2024KL0002552,1,449.67,32,2,1,1,13,10423,94,6000,3,4,1,1,1,1900109,1000000
2024KL0002553,1,449.67,48,2,1,1,10,28271,257,4000,3,1,1,1,2,1900110,1000000
2024KL0002554,1,449.67,14,1,1,1,5,4297,39,0,0,6,1,5,1,1900104,1000000
2024KL0002555,1,449.67,41,2,4,1,7,63592,501,7000,6,1,1,5,1,1900104,1000000
2024KL0002556,1,449.67,41,1,1,1,10,94857,501,6000,1,2,1,1,1,1900103,1000000
2024KL0002557,1,449.67,57,1,5,1,11,198447,501,4000,1,1,1,2,1,1900114,1000000
2024KL0002558,1,449.67,29,1,1,1,15,62495,501,4000,2,1,1,1,1,1900100,1000000
2024KL0002559,1,449.67,83,2,1,1,6,5871,53,0,0,6,1,2,1,1900102,1000000
2024KL0002560,1,449.67,18,1,7,1,14,5080,46,7000,1,1,1,1,1,1900111,1000000
2024KL0002561,1,449.67,36,1,4,1,15,221515,501,1000,1,1,1,1,1,1900114,1000000
2024KL0002562,1,449.67,17,1,1,1,16,30117,273,0,0,6,1,5,1,1900100,1000000
2024KL0002563,1,449.67,5,2,6,1,1,5718,51,0,0,6,1,5,1,1900110,1000000
2024KL0002564,1,449.67,23,1,1,1,16,38537,350,6000,1,1,1,5,1,1900107,1000000
2024KL0002565,1,449.67,68,2,1,1,6,8688,78,8000,3,1,1,1,1,1900106,1000000
2024KL0002566,1,449.67,15,1,2,1,11,11586,105,0,0,6,1,5,1,1900100,1000000
2024KL0002567,1,449.67,5,1,1,1,5,1762,16,0,0,6,1,5,1,1900113,1000000
2024KL0002568,1,449.67,33,1,1,1,5,17465,158,7000,6,5,1,1,1,1900100,1000000
2024KL0002569,1,449.67,5,1,1,1,3,4204,38,0,0,6,2,5,1,1900105,1000000
2024KL0002570,1,449.67,2,1,1,1,1,2142,19,0,0,6,1,5,1,1900107,1000000
2024KL0002571,1,449.67,7,2,2,1,8,4911,44,0,0,6,1,5,1,1900103,1000000
2024KL0002572,1,449.67,38,1,1,1,10,59264,501,4000,1,5,1,1,1,1900101,1000000
2024KL0002573,1,449.67,45,2,1,1,9,5539,50,5000,1,1,1,1,1,1900113,1000000
2024KL0002574,1,449.67,16,2,3,1,14,2962,26,0,0,6,1,5,1,1900113,1000000
2024KL0002575,1,449.67,2,2,4,1,4,11688,106,0,0,6,1,5,1,1900109,1000000
2024KL0002576,1,449.67,30,1,2,1,9,47287,429,7000,1,1,1,5,2,1900113,1000000
2024KL0002577,1,449.67,48,1,2,1,7,3585,32,9800,6,1,1,1,1,1900102,1000000
2024KL0002578,1,449.67,41,2,6,1,10,28056,255,1000,1,1,1,3,1,1900102,1000000
2024KL0002579,1,449.67,49,2,1,1,6,10550,95,9920,1,3,1,5,1,1900108,1000000
2024KL0002580,1,449.67,31,1,8,1,5,13060,118,5000,3,3,1,1,1,1900112,1000000
2024KL0002581,1,449.67,94,1,1,1,9,12773,116,0,0,6,1,2,1,1900113,1000000
2024KL0002582,1,449.67,32,2,3,1,18,26927,244,5000,4,1,1,1,1,1900101,1000000
2024KL0002583,1,449.67,57,1,3,1,12,82706,501,4000,1,1,1,5,1,1900101,1000000
2024KL0002584,1,449.67,36,1,2,1,9,15130,137,8000,3,1,1,1,1,1900106,1000000
2024KL0002585,1,449.67,23,2,8,1,12,22791,207,5000,1,2,1,1,1,1900106,1000000
2024KL0002586,1,449.67,20,1,9,1,17,42148,383,2000,1,1,1,5,1,1900109,1000000
2024KL0002587,1,449.67,21,2,1,1,15,11582,105,5000,4,1,1,1,1,1900100,1000000
2024KL0002588,1,449.67,33,1,1,1,14,17079,155,8000,4,1,1,5,1,1900111,1000000
2024KL0002589,1,449.67,22,1,3,1,14,4283,38,8000,1,4,1,1,1,1900101,1000000
2024KL0002590,1,449.67,31,1,2,1,7,8662,78,5000,4,1,1,5,1,1900107,1000000
2024KL0002591,1,449.67,28,2,2,1,8,9763,88,8000,3,4,1,1,1,1900103,1000000
2024KL0002592,1,449.67,32,1,1,1,14,98905,501,8000,4,1,1,1,1,1900113,1000000
2024KL0002593,1,449.67,40,2,1,1,8,5579,50,5000,1,1,1,1,1,1900110,1000000
2024KL0002594,1,449.67,51,2,5,1,9,40891,371,7000,4,1,1,5,1,1900103,1000000
2024KL0002595,1,449.67,48,2,3,1,12,55256,501,6000,6,1,1,2,1,1900102,1000000
2024KL0002596,1,449.67,52,2,9,1,15,36100,328,5000,3,1,1,2,1,1900105,1000000
2024KL0002597,1,449.67,53,1,1,1,7,16054,145,9800,6,1,1,1,1,1900105,1000000
2024KL0002598,1,449.67,39,1,3,1,9,55347,501,7000,1,1,1,5,1,1900105,1000000
2024KL0002599,1,449.67,24,2,4,1,13,22977,208,1000,3,1,1,5,1,1900101,1000000
2024KL0002600,1,449.67,31,2,3,1,11,13947,126,8000,1,1,1,5,1,1900109,1000000
2024KL0002601,1,449.67,4,1,7,1,1,23092,209,0,0,6,1,5,2,1900108,1000000
2024KL0002602,1,449.67,10,2,4,1,9,20127,182,0,0,6,1,5,1,1900113,1000000
2024KL0002603,1,449.67,37,2,3,1,12,27308,248,8000,3,1,1,2,1,1900100,1000000
2024KL0002604,1,449.67,70,1,6,1,6,6028,54,6000,1,2,1,1,1,1900107,1000000
2024KL0002605,1,449.67,29,2,1,1,10,26847,244,9800,3,1,1,5,1,1900113,1000000
2024KL0002606,1,449.67,34,1,1,1,9,8881,80,5000,3,5,1,5,1,1900114,1000000
2024KL0002607,1,449.67,96,2,1,1,12,29619,269,0,0,6,1,1,1,1900102,1000000
2024KL0002608,1,449.67,30,2,6,1,16,277333,501,1000,2,5,1,1,1,1900112,1000000
2024KL0002609,1,449.67,53,2,1,1,10,372045,501,5000,3,2,1,1,2,1900114,1000000
2024KL0002610,1,449.67,1,1,5,1,4,2090,19,0,0,6,1,5,1,1900104,1000000
2024KL0002611,1,449.67,12,1,3,1,6,3711,33,0,0,6,1,5,1,1900113,1000000
2024KL0002612,1,449.67,14,2,3,1,8,4227,38,0,0,6,1,5,1,1900105,1000000
2024KL0002613,1,449.67,65,1,1,1,5,3413,31,6000,4,1,1,1,1,1900108,1000000
2024KL0002614,1,449.67,23,1,6,1,17,56349,501,4000,1,1,1,5,1,1900104,1000000
2024KL0002615,1,449.67,0,1,1,1,7,2040,18,0,0,6,1,5,1,1900113,1000000
2024KL0002616,1,449.67,55,2,1,1,14,17485,158,5000,4,5,1,2,1,1900101,1000000
2024KL0002617,1,449.67,66,1,1,1,5,7135,64,9920,3,1,1,1,1,1900112,1000000
2024KL0002618,1,449.67,7,2,2,1,4,972,8,0,0,6,1,5,1,1900110,1000000
2024KL0002619,1,449.67,27,2,3,1,12,11185,101,1000,2,5,5,5,1,1900110,1000000
2024KL0002620,1,449.67,13,1,2,1,4,3381,30,0,0,6,1,5,1,1900104,1000000
2024KL0002621,1,449.67,16,2,1,1,19,38835,353,0,0,6,1,5,1,1900108,1000000
2024KL0002622,1,449.67,61,1,4,1,5,56212,501,7000,3,1,1,1,1,1900112,1000000
2024KL0002623,1,449.67,24,1,7,1,16,95644,501,4000,1,1,1,5,1,1900111,1000000
2024KL0002624,1,449.67,40,1,1,1,8,5679,51,5000,1,4,1,1,1,1900104,1000000
2024KL0002625,1,449.67,6,1,5,1,4,3955,35,0,0,6,1,5,1,1900112,1000000
2024KL0002626,1,449.67,38,1,1,1,17,56467,501,6000,1,1,1,1,1,1900110,1000000
2024KL0002627,1,449.67,13,1,2,1,5,2750,25,0,0,6,1,5,1,1900105,1000000
2024KL0002628,1,449.67,30,2,4,1,10,10023,91,2000,3,1,1,1,1,1900106,1000000
2024KL0002629,1,449.67,20,2,1,1,13,5490,49,9800,3,1,1,5,2,1900110,1000000
2024KL0002630,1,449.67,28,1,2,1,14,47295,429,4000,1,1,1,1,1,1900111,1000000
2024KL0002631,1,449.67,24,2,5,1,18,27657,251,3000,1,1,1,5,1,1900111,1000000
2024KL0002632,1,449.67,1,2,2,1,8,1337,12,0,0,6,1,5,1,1900102,1000000
2024KL0002633,1,449.67,49,2,2,1,10,104016,501,3000,1,1,1,1,1,1900109,1000000
2024KL0002634,1,449.67,19,1,1,1,15,12377,112,5000,3,1,1,5,1,1900105,1000000
2024KL0002635,1,449.67,58,1,1,1,11,9314,84,9000,1,1,1,1,1,1900109,1000000
2024KL0002636,1,449.67,24,2,3,1,14,21191,192,5000,1,1,1,5,1,1900104,1000000
2024KL0002637,1,449.67,57,1,4,1,7,6275,57,6000,3,5,1,1,1,1900104,1000000
2024KL0002638,1,449.67,40,2,7,1,17,109968,501,5000,1,1,1,1,1,1900101,1000000
2024KL0002639,1,449.67,18,2,1,1,14,9254,84,6000,1,1,1,5,1,1900113,1000000
2024KL0002640,1,449.67,42,2,1,1,10,21273,193,6000,1,1,1,1,1,1900104,1000000
2024KL0002641,1,449.67,50,2,5,1,14,52942,481,6000,4,1,1,5,1,1900110,1000000
2024KL0002642,1,449.67,7,1,1,1,7,3217,29,0,0,6,1,5,1,1900111,1000000
2024KL0002643,1,449.67,14,1,2,1,3,2850,25,0,0,6,1,5,1,1900102,1000000
2024KL0002644,1,449.67,4,1,4,1,5,3005,27,0,0,6,1,5,1,1900109,1000000
2024KL0002645,1,449.67,49,1,2,1,11,19380,176,8000,1,1,1,1,1,1900100,1000000
2024KL0002646,1,449.67,39,2,1,1,7,22886,208,6000,4,2,1,1,1,1900111,1000000
2024KL0002647,1,449.67,65,2,3,1,9,7117,64,3000,2,1,1,2,1,1900112,1000000
2024KL0002648,1,449.67,5,1,1,1,4,3765,34,0,0,6,1,5,2,1900111,1000000
2024KL0002649,1,449.67,30,2,1,1,13,14153,128,6000,1,1,1,5,1,1900111,1000000
2024KL0002650,1,449.67,18,1,1,1,17,8745,79,5000,1,1,1,5,1,1900110,1000000
2024KL0002651,1,449.67,41,1,1,1,7,17512,159,8000,1,1,1,1,1,1900104,1000000
2024KL0002652,1,449.67,34,2,1,1,9,16377,148,4000,1,1,1,1,1,1900110,1000000
2024KL0002653,1,449.67,6,2,9,1,2,2314,21,0,0,6,1,5,1,1900104,1000000
2024KL0002654,1,449.67,19,1,1,1,17,15884,144,4000,1,1,1,5,1,1900106,1000000
2024KL0002655,1,449.67,22,1,2,1,15,67683,501,6000,3,1,1,5,1,1900107,1000000
2024KL0002656,1,449.67,7,2,4,1,2,4752,43,0,0,6,1,5,1,1900104,1000000
2024KL0002657,1,449.67,21,2,1,1,15,21826,198,2000,3,3,1,5,1,1900114,1000000
2024KL0002658,1,449.67,44,1,1,1,20,207683,501,4000,2,1,1,1,1,1900107,1000000
2024KL0002659,1,449.67,22,1,1,1,10,17877,162,1000,2,1,2,5,1,1900114,1000000
2024KL0002660,1,449.67,60,2,1,1,9,13537,123,6000,1,1,1,2,1,1900102,1000000
2024KL0002661,1,449.67,23,2,1,1,13,32359,294,9000,6,1,1,5,1,1900112,1000000
2024KL0002662,1,449.67,27,1,1,1,13,54629,496,6000,1,3,1,1,1,1900114,1000000
2024KL0002663,1,449.67,34,1,1,1,9,19777,179,6000,1,3,2,1,1,1900102,1000000
2024KL0002664,1,449.67,45,2,6,1,11,14778,134,9000,3,1,1,1,1,1900109,1000000
2024KL0002665,1,449.67,55,1,2,1,12,15100,137,1000,2,1,1,1,1,1900111,1000000
2024KL0002666,1,449.67,36,1,1,1,8,43346,394,8000,1,1,1,1,2,1900107,1000000
2024KL0002667,1,449.67,41,2,1,1,13,43829,398,7000,4,1,1,1,1,1900104,1000000
2024KL0002668,1,449.67,22,2,2,1,17,58747,501,3000,1,1,1,5,1,1900101,1000000
2024KL0002669,1,449.67,32,1,1,1,15,134092,501,5000,1,1,1,1,2,1900110,1000000
2024KL0002670,1,449.67,18,1,1,1,14,11092,100,8000,6,2,1,1,1,1900106,1000000
2024KL0002671,1,449.67,40,2,4,1,11,12003,109,5000,1,3,1,1,1,1900103,1000000
2024KL0002672,1,449.67,28,2,9,1,10,27707,251,4000,2,1,1,1,1,1900107,1000000
2024KL0002673,1,449.67,31,1,5,1,12,36445,331,5000,1,1,1,5,1,1900100,1000000
2024KL0002674,1,449.67,2,1,1,1,4,2569,23,0,0,6,1,5,1,1900111,1000000
2024KL0002675,1,449.67,23,1,5,1,14,34857,316,1000,3,1,1,5,1,1900108,1000000
2024KL0002676,1,449.67,35,2,6,1,10,62314,501,1000,2,5,1,1,1,1900107,1000000
2024KL0002677,1,449.67,75,2,6,1,6,8233,74,0,0,6,1,2,1,1900109,1000000
2024KL0002678,1,449.67,70,2,5,1,5,16790,152,7000,1,1,1,1,1,1900102,1000000
2024KL0002679,1,449.67,16,1,1,1,20,38011,345,0,0,6,1,5,1,1900111,1000000
2024KL0002680,1,449.67,26,2,1,1,15,62156,501,3000,1,5,1,1,1,1900112,1000000
2024KL0002681,1,449.67,32,1,6,1,13,42051,382,1000,3,1,1,1,1,1900106,1000000
2024KL0002682,1,449.67,7,1,1,1,9,11291,102,0,0,6,1,5,1,1900114,1000000
2024KL0002683,1,449.67,19,1,1,1,19,49935,453,2000,3,1,1,5,1,1900104,1000000
2024KL0002684,1,449.67,70,1,1,1,6,3079,27,5000,4,1,1,4,1,1900111,1000000
2024KL0002685,1,449.67,43,1,1,1,7,14997,136,5000,1,1,5,1,1,1900112,1000000
2024KL0002686,1,449.67,14,1,1,1,4,1522,13,0,0,6,1,5,1,1900112,1000000
2024KL0002687,1,449.67,53,1,3,1,11,19931,181,9800,1,1,1,1,1,1900106,1000000
2024KL0002688,1,449.67,56,2,5,1,9,32342,294,7000,3,1,1,4,1,1900100,1000000
2024KL0002689,1,449.67,9,1,1,1,5,4417,40,0,0,6,1,5,2,1900103,1000000
2024KL0002690,1,449.67,55,2,1,1,6,10060,91,9920,1,1,1,1,1,1900110,1000000
2024KL0002691,1,449.67,25,1,9,1,15,38117,346,6000,1,1,1,5,1,1900112,1000000
2024KL0002692,1,449.67,27,1,4,1,11,57871,501,6000,1,2,1,1,1,1900114,1000000
2024KL0002693,1,449.67,47,1,1,1,12,8541,77,1000,2,1,1,1,1,1900110,1000000
2024KL0002694,1,449.67,42,1,2,1,12,35914,326,6000,1,2,1,1,2,1900111,1000000
2024KL0002695,1,449.67,12,2,7,1,4,2246,20,0,0,6,1,5,1,1900110,1000000
2024KL0002696,1,449.67,93,2,2,1,5,19110,173,0,0,6,1,2,1,1900111,1000000
2024KL0002697,1,449.67,16,2,1,1,17,18616,169,0,0,6,1,5,1,1900101,1000000
2024KL0002698,1,449.67,53,1,6,1,7,7549,68,9800,1,1,1,1,1,1900102,1000000
2024KL0002699,1,449.67,45,2,4,1,10,22003,200,5000,1,1,2,1,1,1900100,1000000
2024KL0002700,1,449.67,13,2,7,1,1,2840,25,0,0,6,1,5,1,1900107,1000000
2024KL0002701,1,449.67,41,2,1,1,8,20141,183,8000,1,1,1,1,1,1900103,1000000
2024KL0002702,1,449.67,3,1,1,1,4,346,3,0,0,6,1,5,1,1900109,1000000
2024KL0002703,1,449.67,2,2,2,1,9,18253,165,0,0,6,1,5,1,1900108,1000000
2024KL0002704,1,449.67,74,2,1,1,5,7708,70,0,0,6,1,1,2,1900103,1000000
2024KL0002705,1,449.67,40,1,2,1,8,14795,134,8000,1,1,1,1,1,1900104,1000000
2024KL0002706,1,449.67,53,2,3,1,9,11320,102,5000,3,1,1,2,1,1900101,1000000
2024KL0002707,1,449.67,82,2,2,1,6,6163,56,0,0,6,1,2,1,1900108,1000000
2024KL0002708,1,449.67,33,1,1,1,8,5096,46,9800,1,2,1,1,1,1900103,1000000
2024KL0002709,1,449.67,28,2,1,1,10,11561,105,5000,3,2,1,5,1,1900102,1000000
2024KL0002710,1,449.67,23,2,1,1,18,68898,501,2000,3,1,1,5,1,1900109,1000000
2024KL0002711,1,449.67,17,1,1,1,17,29438,267,0,0,6,1,5,1,1900113,1000000
2024KL0002712,1,449.67,53,1,1,1,10,10388,94,6000,3,2,1,1,1,1900101,1000000
2024KL0002713,1,449.67,30,2,1,1,13,37576,341,8000,6,1,1,1,1,1900113,1000000
2024KL0002714,1,449.67,46,1,9,1,9,38571,350,1000,2,5,1,1,1,1900104,1000000
2024KL0002715,1,449.67,57,2,3,1,10,19067,173,7000,1,1,1,1,1,1900105,1000000
2024KL0002716,1,449.67,7,1,1,1,6,2614,23,0,0,6,1,5,1,1900101,1000000
2024KL0002717,1,449.67,43,2,2,1,12,22814,207,1000,1,1,1,5,1,1900100,1000000
2024KL0002718,1,449.67,3,2,3,1,3,1397,12,0,0,6,1,5,1,1900108,1000000
2024KL0002719,1,449.67,70,2,1,1,9,14096,128,5000,1,1,1,5,1,1900107,1000000
2024KL0002720,1,449.67,43,1,3,1,10,10271,93,6000,1,1,1,1,1,1900111,1000000
2024KL0002721,1,449.67,44,2,5,1,11,32292,293,9000,1,1,1,1,1,1900107,1000000
2024KL0002722,1,449.67,24,1,2,1,16,68546,501,2000,1,1,1,5,1,1900114,1000000
2024KL0002723,1,449.67,30,2,1,1,13,45700,415,7000,4,1,1,5,1,1900114,1000000
2024KL0002724,1,449.67,22,1,6,1,18,74801,501,5000,4,1,1,5,1,1900114,1000000
2024KL0002725,1,449.67,42,1,1,1,10,55007,500,7000,1,3,1,5,1,1900102,1000000
2024KL0002726,1,449.67,2,1,3,1,5,1463,13,0,0,6,1,5,1,1900105,1000000
2024KL0002727,1,449.67,10,1,2,1,3,6304,57,0,0,6,1,5,1,1900104,1000000
2024KL0002728,1,449.67,20,1,5,1,16,38370,348,4000,1,5,1,1,1,1900104,1000000
2024KL0002729,1,449.67,45,1,1,1,5,23628,214,9000,1,1,1,3,1,1900106,1000000
2024KL0002730,1,449.67,23,2,6,1,18,26561,241,4000,1,5,1,5,1,1900113,1000000
2024KL0002731,1,449.67,44,1,2,1,12,38551,350,9800,1,4,1,1,1,1900101,1000000
2024KL0002732,1,449.67,6,1,1,1,4,455,4,0,0,6,1,5,1,1900106,1000000
2024KL0002733,1,449.67,20,2,4,1,18,39518,359,3000,3,1,1,5,1,1900104,1000000
2024KL0002734,1,449.67,55,1,3,1,9,34835,316,5000,3,1,1,1,1,1900109,1000000
2024KL0002735,1,449.67,34,2,1,1,16,224563,501,1000,1,1,1,5,1,1900111,1000000
2024KL0002736,1,449.67,37,1,1,1,6,14738,133,7000,1,1,1,1,1,1900107,1000000
2024KL0002737,1,449.67,0,1,1,1,4,4787,43,0,0,6,1,5,1,1900107,1000000
2024KL0002738,1,449.67,27,2,2,1,12,26376,239,9800,1,1,1,1,1,1900103,1000000
2024KL0002739,1,449.67,8,2,1,1,9,7143,64,0,0,6,1,5,1,1900113,1000000
2024KL0002740,1,449.67,83,1,4,1,10,26627,242,0,0,6,1,4,1,1900105,1000000
2024KL0002741,1,449.67,17,1,1,1,15,49808,452,0,0,6,1,5,1,1900104,1000000
2024KL0002742,1,449.67,16,2,1,1,13,4291,39,0,0,6,1,5,1,1900104,1000000
2024KL0002743,1,449.67,95,1,2,1,5,3090,28,0,0,6,2,1,1,1900100,1000000
2024KL0002744,1,449.67,1,2,2,1,6,3720,33,0,0,6,1,5,1,1900102,1000000
2024KL0002745,1,449.67,25,2,1,1,5,27358,248,6000,1,1,1,1,1,1900102,1000000
2024KL0002746,1,449.67,30,1,5,1,18,87276,501,3000,1,5,1,5,1,1900112,1000000
2024KL0002747,1,449.67,25,2,3,1,8,24911,226,6000,3,1,1,5,1,1900109,1000000
2024KL0002748,1,449.67,57,1,3,1,11,70901,501,7000,4,2,1,1,1,1900114,1000000
2024KL0002749,1,449.67,29,2,1,1,15,36965,336,5000,1,1,1,1,1,1900107,1000000
2024KL0002750,1,449.67,52,2,1,1,9,26625,242,3000,1,5,1,4,2,1900106,1000000
2024KL0002751,1,449.67,36,2,2,1,15,113463,501,6000,6,1,1,1,1,1900108,1000000
2024KL0002752,1,449.67,40,2,6,1,11,10584,96,5000,3,1,1,1,1,1900113,1000000
2024KL0002753,1,449.67,70,2,1,1,5,2115,19,6000,1,3,1,1,1,1900108,1000000
2024KL0002754,1,449.67,71,2,1,1,5,3886,35,0,0,6,1,5,1,1900105,1000000
2024KL0002755,1,449.67,36,1,1,1,13,34860,316,9800,3,2,1,1,1,1900105,1000000
2024KL0002756,1,449.67,22,1,6,1,18,70016,501,5000,1,1,1,5,1,1900100,1000000
2024KL0002757,1,449.67,55,1,1,1,7,10686,97,5000,4,1,1,1,1,1900109,1000000
2024KL0002758,1,449.67,35,2,3,1,16,54512,495,6000,1,1,1,2,1,1900111,1000000
2024KL0002759,1,449.67,12,1,1,1,6,2664,24,0,0,6,1,5,1,1900103,1000000
2024KL0002760,1,449.67,14,2,3,1,5,2393,21,0,0,6,1,5,1,1900113,1000000
2024KL0002761,1,449.67,24,1,7,1,12,16791,152,7000,6,1,1,1,1,1900106,1000000
2024KL0002762,1,449.67,14,2,1,1,6,6739,61,0,0,6,1,5,1,1900114,1000000
2024KL0002763,1,449.67,47,2,1,1,6,2811,25,9800,1,2,1,2,1,1900106,1000000
2024KL0002764,1,449.67,34,1,1,1,11,49439,449,6000,3,1,1,1,1,1900109,1000000
2024KL0002765,1,449.67,15,1,9,1,13,16738,152,0,0,6,1,5,1,1900111,1000000
2024KL0002766,1,449.67,4,1,3,1,7,15257,138,0,0,6,1,5,1,1900109,1000000
2024KL0002767,1,449.67,27,1,1,1,9,20977,190,6000,3,1,1,5,1,1900100,1000000
2024KL0002768,1,449.67,49,2,2,1,6,2994,27,5000,1,5,1,3,1,1900101,1000000
2024KL0002769,1,449.67,62,1,2,1,7,4793,43,9920,1,1,1,1,1,1900108,1000000
2024KL0002770,1,449.67,23,2,2,1,14,13508,122,5000,6,4,1,5,1,1900101,1000000
2024KL0002771,1,449.67,58,2,3,1,11,41778,379,7000,1,1,1,1,1,1900104,1000000
2024KL0002772,1,449.67,58,1,3,1,11,12508,113,7000,1,4,1,5,1,1900105,1000000
2024KL0002773,1,449.67,2,1,1,1,4,2588,23,0,0,6,1,5,1,1900108,1000000
2024KL0002774,1,449.67,28,2,5,1,10,20534,186,9000,1,1,1,1,1,1900106,1000000
2024KL0002775,1,449.67,44,2,1,1,7,16682,151,8000,1,1,1,1,1,1900107,1000000
2024KL0002776,1,449.67,24,2,1,1,11,26734,243,1000,3,3,1,5,1,1900102,1000000
2024KL0002777,1,449.67,30,1,1,1,8,8518,77,9000,3,1,1,1,1,1900101,1000000
2024KL0002778,1,449.67,12,1,1,1,2,1238,11,0,0,6,1,5,1,1900112,1000000
2024KL0002779,1,449.67,44,1,1,1,19,284679,501,4000,1,1,1,2,1,1900113,1000000
2024KL0002780,1,449.67,29,2,1,1,12,35995,327,1000,1,3,1,1,1,1900104,1000000
2024KL0002781,1,449.67,80,2,2,1,5,4784,43,0,0,6,1,1,1,1900100,1000000
2024KL0002782,1,449.67,18,2,1,1,13,21082,191,9000,1,2,1,5,1,1900109,1000000
2024KL0002783,1,449.67,1,1,1,1,6,8267,75,0,0,6,1,5,1,1900100,1000000
2024KL0002784,1,449.67,98,2,1,1,5,7730,70,0,0,6,1,1,1,1900106,1000000
2024KL0002785,1,449.67,37,1,1,1,15,40057,364,1000,2,5,1,1,1,1900106,1000000
2024KL0002786,1,449.67,48,2,6,1,9,107096,501,9000,1,1,1,1,1,1900106,1000000
2024KL0002787,1,449.67,8,2,1,1,7,1943,17,0,0,6,1,5,1,1900109,1000000
2024KL0002788,1,449.67,89,2,3,1,9,20116,182,0,0,6,1,1,2,1900103,1000000
2024KL0002789,1,449.67,42,1,1,1,7,7533,68,5000,4,1,1,1,1,1900109,1000000
2024KL0002790,1,449.67,75,1,3,1,9,11568,105,0,0,6,1,1,1,1900108,1000000
2024KL0002791,1,449.67,44,1,2,1,12,23651,215,9800,1,1,1,5,1,1900111,1000000
2024KL0002792,1,449.67,18,2,3,1,18,15210,138,3000,2,1,1,1,1,1900103,1000000
2024KL0002793,1,449.67,26,1,2,1,14,22528,204,1000,1,1,1,5,1,1900102,1000000
2024KL0002794,1,449.67,35,2,2,1,11,36197,329,2000,2,1,1,1,1,1900104,1000000
2024KL0002795,1,449.67,5,1,2,1,2,1535,13,0,0,6,1,5,1,1900108,1000000
2024KL0002796,1,449.67,76,1,1,1,12,7787,70,0,0,6,1,2,1,1900113,1000000
2024KL0002797,1,449.67,33,2,4,1,9,10299,93,2000,3,1,1,1,1,1900104,1000000
2024KL0002798,1,449.67,3,1,3,1,5,2735,24,0,0,6,1,5,1,1900108,1000000
2024KL0002799,1,449.67,36,2,4,1,15,115449,501,3000,2,5,1,1,1,1900103,1000000
2024KL0002800,1,449.67,10,1,5,1,7,3248,29,0,0,6,1,5,1,1900109,1000000
2024KL0002801,1,449.67,25,2,1,1,8,7833,71,9800,1,1,1,5,1,1900113,1000000
2024KL0002802,1,449.67,11,1,1,1,1,2900,26,0,0,6,1,5,1,1900102,1000000
2024KL0002803,1,449.67,43,2,5,1,12,48333,439,9000,1,1,1,1,1,1900101,1000000
2024KL0002804,1,449.67,76,2,2,1,6,10021,91,0,0,6,1,3,1,1900105,1000000
2024KL0002805,1,449.67,35,1,2,1,14,76071,501,7000,1,4,1,1,1,1900107,1000000
2024KL0002806,1,449.67,12,1,7,1,7,5945,54,0,0,6,1,5,1,1900100,1000000
2024KL0002807,1,449.67,43,1,7,1,10,46358,421,8000,3,2,1,1,1,1900107,1000000
2024KL0002808,1,449.67,6,2,1,1,4,9102,82,0,0,6,1,5,1,1900105,1000000
2024KL0002809,1,449.67,26,2,4,1,7,2843,25,9800,3,1,1,5,1,1900107,1000000
2024KL0002810,1,449.67,49,2,2,1,12,32405,294,7000,4,1,1,1,1,1900112,1000000
2024KL0002811,1,449.67,92,1,1,1,6,9707,88,0,0,6,1,2,2,1900102,1000000
2024KL0002812,1,449.67,48,1,1,1,9,24484,222,7000,4,1,1,1,1,1900101,1000000
2024KL0002813,1,449.67,40,1,2,1,6,1889,17,7000,4,1,1,5,1,1900107,1000000
2024KL0002814,1,449.67,34,2,4,1,15,100549,501,3000,3,1,1,1,1,1900105,1000000
2024KL0002815,1,449.67,39,2,6,1,11,27455,249,4000,1,1,1,1,1,1900106,1000000
2024KL0002816,1,449.67,66,1,5,1,11,21576,196,8000,3,1,1,2,2,1900113,1000000
2024KL0002817,1,449.67,53,1,1,1,7,4818,43,5000,4,2,1,1,1,1900114,1000000
2024KL0002818,1,449.67,15,2,2,1,17,25285,229,0,0,6,1,5,1,1900114,1000000
2024KL0002819,1,449.67,26,2,2,1,6,13255,120,9920,1,3,1,1,1,1900108,1000000
2024KL0002820,1,449.67,43,2,3,1,12,13010,118,1000,2,4,1,1,2,1900100,1000000
2024KL0002821,1,449.67,17,1,1,1,19,35971,327,0,0,6,1,5,1,1900100,1000000
2024KL0002822,1,449.67,59,1,4,1,12,26209,238,5000,6,1,1,2,1,1900104,1000000
2024KL0002823,1,449.67,14,1,1,1,3,1907,17,0,0,6,1,5,1,1900105,1000000
2024KL0002824,1,449.67,3,2,6,1,7,3507,31,0,0,6,1,5,1,1900110,1000000
2024KL0002825,1,449.67,23,1,2,1,15,111910,501,6000,1,1,1,5,1,1900109,1000000
2024KL0002826,1,449.67,46,2,2,1,11,122818,501,7000,4,1,1,1,1,1900111,1000000
2024KL0002827,1,449.67,34,2,1,1,5,5850,53,9920,6,3,1,1,1,1900106,1000000
2024KL0002828,1,449.67,59,2,4,1,8,16926,153,7000,1,1,1,1,1,1900103,1000000
2024KL0002829,1,449.67,47,2,1,1,6,10006,90,9000,1,1,1,1,1,1900100,1000000
2024KL0002830,1,449.67,13,1,1,1,1,1900,17,0,0,6,1,5,1,1900103,1000000
2024KL0002831,1,449.67,19,2,1,1,14,10798,98,5000,1,1,1,1,1,1900114,1000000
2024KL0002832,1,449.67,30,1,3,1,12,26882,244,1000,1,1,5,5,1,1900108,1000000
2024KL0002833,1,449.67,4,2,1,1,1,6242,56,0,0,6,1,5,1,1900107,1000000
2024KL0002834,1,449.67,40,1,3,1,13,81798,501,7000,3,1,1,2,1,1900105,1000000
2024KL0002835,1,449.67,6,2,1,1,1,2144,19,0,0,6,1,5,1,1900105,1000000
2024KL0002836,1,449.67,9,1,5,1,1,3101,28,0,0,6,1,5,1,1900101,1000000
2024KL0002837,1,449.67,5,2,1,1,4,6376,57,0,0,6,1,5,1,1900102,1000000
2024KL0002838,1,449.67,36,1,8,1,13,18340,166,6000,1,2,1,1,1,1900104,1000000
2024KL0002839,1,449.67,32,2,4,1,6,46126,419,9920,1,1,1,1,2,1900105,1000000
2024KL0002840,1,449.67,33,2,4,1,9,22243,202,9800,3,1,1,5,1,1900110,1000000
2024KL0002841,1,449.67,16,1,1,1,14,17760,161,0,0,6,1,5,1,1900109,1000000
2024KL0002842,1,449.67,72,1,6,1,8,11793,107,0,0,6,1,1,1,1900114,1000000
2024KL0002843,1,449.67,9,1,1,1,2,2663,24,0,0,6,1,5,1,1900111,1000000
2024KL0002844,1,449.67,47,1,5,1,6,10974,99,9920,4,3,1,1,1,1900104,1000000
2024KL0002845,1,449.67,39,2,1,1,12,12091,109,8000,1,3,1,5,1,1900109,1000000
2024KL0002846,1,449.67,6,1,1,1,1,15117,137,0,0,6,1,5,1,1900102,1000000
2024KL0002847,1,449.67,79,1,3,1,11,2746,24,0,0,6,1,1,2,1900108,1000000
2024KL0002848,1,449.67,74,2,1,1,5,6956,63,0,0,6,1,1,1,1900112,1000000
2024KL0002849,1,449.67,18,1,1,1,18,39119,355,4000,2,5,1,1,1,1900100,1000000
2024KL0002850,1,449.67,56,1,1,1,13,48982,445,6000,1,1,1,1,1,1900111,1000000
2024KL0002851,1,449.67,96,2,4,1,7,6227,56,0,0,6,1,1,1,1900111,1000000
2024KL0002852,1,449.67,13,2,1,1,3,12135,110,0,0,6,1,5,2,1900108,1000000
2024KL0002853,1,449.67,57,1,1,1,6,5485,49,5000,3,1,1,1,1,1900100,1000000
2024KL0002854,1,449.67,84,1,3,1,5,8296,75,0,0,6,1,1,1,1900105,1000000
2024KL0002855,1,449.67,20,2,2,1,18,29940,272,6000,1,1,1,5,1,1900110,1000000
2024KL0002856,1,449.67,30,2,1,1,17,76801,501,5000,1,1,1,1,2,1900110,1000000
2024KL0002857,1,449.67,96,2,1,1,5,2305,20,0,0,6,1,1,1,1900103,1000000
2024KL0002858,1,449.67,19,2,2,1,17,14022,127,1000,1,2,1,5,1,1900113,1000000
2024KL0002859,1,449.67,22,2,4,1,17,105348,501,6000,1,1,1,5,1,1900100,1000000
2024KL0002860,1,449.67,62,2,1,1,6,4016,36,7000,4,1,1,4,2,1900100,1000000
2024KL0002861,1,449.67,3,2,1,1,9,17652,160,0,0,6,1,5,1,1900103,1000000
2024KL0002862,1,449.67,13,1,1,1,5,4988,45,0,0,6,1,5,1,1900101,1000000
2024KL0002863,1,449.67,54,1,1,1,8,6400,58,9000,1,1,1,1,1,1900109,1000000
2024KL0002864,1,449.67,27,2,5,1,11,15645,142,5000,1,2,1,5,1,1900108,1000000
2024KL0002865,1,449.67,76,2,3,1,6,2090,19,0,0,6,1,1,1,1900112,1000000
2024KL0002866,1,449.67,52,1,1,1,9,28262,256,1000,3,2,2,2,1,1900106,1000000
2024KL0002867,1,449.67,52,2,3,1,15,26701,242,4000,1,1,1,1,1,1900108,1000000
2024KL0002868,1,449.67,59,2,1,1,12,7722,70,5000,3,2,1,5,1,1900101,1000000
2024KL0002869,1,449.67,34,1,6,1,13,24140,219,9000,1,3,1,1,1,1900109,1000000
2024KL0002870,1,449.67,34,1,6,1,13,44326,402,5000,1,1,1,1,2,1900100,1000000
2024KL0002871,1,449.67,26,1,6,1,11,23545,214,8000,4,2,1,5,1,1900103,1000000
2024KL0002872,1,449.67,5,2,2,1,3,1631,14,0,0,6,1,5,1,1900107,1000000
2024KL0002873,1,449.67,35,1,1,1,8,5020,45,9000,1,5,1,5,1,1900112,1000000
2024KL0002874,1,449.67,41,2,3,1,9,11047,100,3000,3,1,1,1,1,1900102,1000000
2024KL0002875,1,449.67,36,2,2,1,11,93235,501,8000,4,5,1,1,1,1900102,1000000
2024KL0002876,1,449.67,17,2,1,1,17,15134,137,0,0,6,1,5,1,1900111,1000000
2024KL0002877,1,449.67,49,2,1,1,13,14997,136,7000,1,5,2,1,1,1900101,1000000
2024KL0002878,1,449.67,5,1,4,1,3,6071,55,0,0,6,1,5,1,1900106,1000000
2024KL0002879,1,449.67,72,2,6,1,9,13177,119,0,0,6,1,3,1,1900102,1000000
2024KL0002880,1,449.67,21,2,1,1,18,16138,146,5000,1,1,1,1,1,1900103,1000000
2024KL0002881,1,449.67,58,1,1,1,5,2723,24,7000,3,5,1,1,1,1900109,1000000
2024KL0002882,1,449.67,23,2,1,1,13,9781,88,9800,3,1,1,5,1,1900103,1000000
2024KL0002883,1,449.67,27,1,1,1,11,52610,478,9000,1,1,1,1,1,1900110,1000000
2024KL0002884,1,449.67,24,2,7,1,20,268768,501,1000,2,5,1,5,1,1900102,1000000
2024KL0002885,1,449.67,21,1,2,1,14,20490,186,3000,3,1,1,1,1,1900102,1000000
2024KL0002886,1,449.67,40,1,1,1,15,84384,501,6000,1,5,1,1,2,1900112,1000000
2024KL0002887,1,449.67,7,1,6,1,4,1115,10,0,0,6,1,5,1,1900114,1000000
2024KL0002888,1,449.67,28,2,5,1,8,6354,57,6000,1,1,1,1,1,1900105,1000000
2024KL0002889,1,449.67,22,1,6,1,13,11419,103,2000,2,1,1,5,1,1900113,1000000
2024KL0002890,1,449.67,40,1,1,1,14,17076,155,5000,3,1,1,5,1,1900112,1000000
2024KL0002891,1,449.67,44,1,3,1,11,31165,283,5000,3,1,1,1,2,1900105,1000000
2024KL0002892,1,449.67,58,1,4,1,9,26062,236,1000,3,1,1,2,1,1900101,1000000
2024KL0002893,1,449.67,45,1,3,1,6,9941,90,9000,1,5,1,1,1,1900101,1000000
2024KL0002894,1,449.67,35,1,3,1,16,101606,501,4000,2,1,1,1,1,1900110,1000000
2024KL0002895,1,449.67,29,2,7,1,18,85108,501,3000,1,5,1,1,1,1900106,1000000
2024KL0002896,1,449.67,14,1,1,1,5,414,3,0,0,6,1,5,1,1900103,1000000
2024KL0002897,1,449.67,9,1,2,1,1,3450,31,0,0,6,1,5,1,1900110,1000000
2024KL0002898,1,449.67,21,1,2,1,16,33414,303,6000,3,1,1,1,1,1900113,1000000
2024KL0002899,1,449.67,38,1,1,1,16,66517,501,4000,1,1,1,2,1,1900105,1000000
2024KL0002900,1,449.67,44,1,2,1,11,28074,255,7000,4,5,1,1,1,1900113,1000000
2024KL0002901,1,449.67,5,1,2,1,4,2070,18,0,0,6,2,5,1,1900111,1000000
2024KL0002902,1,449.67,66,2,5,1,11,10506,95,6000,1,1,1,1,1,1900106,1000000
2024KL0002903,1,449.67,12,2,3,1,9,11234,102,0,0,6,1,5,1,1900113,1000000
2024KL0002904,1,449.67,44,2,1,1,6,12980,118,9920,4,1,1,5,1,1900110,1000000
2024KL0002905,1,449.67,31,2,1,1,10,204047,501,8000,6,1,1,1,1,1900105,1000000
2024KL0002906,1,449.67,15,2,6,1,20,71210,501,0,0,6,1,5,1,1900101,1000000
2024KL0002907,1,449.67,58,1,4,1,15,18948,172,5000,3,2,1,1,1,1900102,1000000
2024KL0002908,1,449.67,22,1,2,1,13,46064,418,1000,1,1,1,1,1,1900100,1000000
2024KL0002909,1,449.67,30,1,1,1,10,8109,73,1000,3,2,1,1,1,1900102,1000000
2024KL0002910,1,449.67,17,1,1,1,17,42582,387,0,0,6,1,5,1,1900113,1000000
2024KL0002911,1,449.67,3,2,1,1,7,1176,10,0,0,6,1,5,1,1900109,1000000
2024KL0002912,1,449.67,29,1,3,1,7,6305,57,9800,3,1,1,1,1,1900105,1000000
2024KL0002913,1,449.67,100,1,3,1,11,8399,76,0,0,6,1,5,1,1900100,1000000
2024KL0002914,1,449.67,6,1,1,1,4,10573,96,0,0,6,1,5,1,1900102,1000000
2024KL0002915,1,449.67,39,2,1,1,8,49091,446,9000,1,2,1,1,1,1900113,1000000
2024KL0002916,1,449.67,30,1,1,1,11,46660,424,8000,1,4,1,1,1,1900110,1000000
2024KL0002917,1,449.67,30,2,4,1,7,6937,63,9920,1,1,1,1,1,1900111,1000000
2024KL0002918,1,449.67,28,2,2,1,17,65030,501,5000,4,2,1,5,1,1900114,1000000
2024KL0002919,1,449.67,88,1,1,1,10,10206,92,0,0,6,1,5,1,1900108,1000000
2024KL0002920,1,449.67,11,2,2,1,8,6482,58,0,0,6,1,5,1,1900105,1000000
2024KL0002921,1,449.67,25,2,1,1,17,109260,501,3000,1,2,1,1,1,1900103,1000000
2024KL0002922,1,449.67,38,2,9,1,12,33055,300,3000,2,1,1,1,1,1900102,1000000
2024KL0002923,1,449.67,62,2,2,1,5,19217,174,5000,1,1,1,2,1,1900103,1000000
2024KL0002924,1,449.67,60,1,2,1,8,6167,56,9800,4,1,1,1,1,1900101,1000000
2024KL0002925,1,449.67,45,2,1,1,5,5103,46,6000,1,1,1,1,1,1900108,1000000
2024KL0002926,1,449.67,4,2,3,1,4,3811,34,0,0,6,1,5,1,1900104,1000000
2024KL0002927,1,449.67,24,2,1,1,15,60892,501,1000,3,1,1,5,1,1900104,1000000
2024KL0002928,1,449.67,30,2,1,1,9,14896,135,5000,1,1,1,5,1,1900106,1000000
2024KL0002929,1,449.67,37,1,2,1,11,28422,258,8000,3,1,1,1,1,1900104,1000000
2024KL0002930,1,449.67,72,2,6,1,7,23932,217,0,0,6,1,3,1,1900105,1000000
2024KL0002931,1,449.67,13,1,1,1,6,7524,68,0,0,6,1,5,1,1900106,1000000
2024KL0002932,1,449.67,15,2,1,1,17,37707,342,0,0,6,1,5,1,1900113,1000000
2024KL0002933,1,449.67,18,2,3,1,14,4001,36,5000,4,1,1,5,1,1900107,1000000
2024KL0002934,1,449.67,12,1,7,1,3,1531,13,0,0,6,1,5,2,1900112,1000000
2024KL0002935,1,449.67,9,1,2,1,3,1422,12,0,0,6,1,5,1,1900101,1000000
2024KL0002936,1,449.67,27,1,3,1,12,12565,114,6000,1,2,1,1,1,1900100,1000000
2024KL0002937,1,449.67,49,1,2,1,9,28909,262,5000,4,1,1,1,1,1900108,1000000
2024KL0002938,1,449.67,2,1,1,1,3,2330,21,0,0,6,1,5,1,1900109,1000000
2024KL0002939,1,449.67,26,2,4,1,5,36293,329,9920,4,1,1,1,1,1900114,1000000
2024KL0002940,1,449.67,13,2,1,1,3,16320,148,0,0,6,1,5,1,1900106,1000000
2024KL0002941,1,449.67,58,1,7,1,12,10055,91,4000,3,1,1,1,1,1900114,1000000
2024KL0002942,1,449.67,27,1,1,1,12,39200,356,1000,1,1,1,1,2,1900111,1000000
2024KL0002943,1,449.67,12,1,1,1,3,4332,39,0,0,6,1,5,1,1900100,1000000
2024KL0002944,1,449.67,4,2,1,1,6,8345,75,0,0,6,1,5,1,1900112,1000000
2024KL0002945,1,449.67,0,1,1,1,7,7081,64,0,0,6,1,5,1,1900113,1000000
2024KL0002946,1,449.67,66,2,1,1,6,4942,44,5000,4,2,1,5,1,1900110,1000000
2024KL0002947,1,449.67,46,1,7,1,6,3912,35,9800,1,1,1,1,1,1900114,1000000
2024KL0002948,1,449.67,15,2,1,1,17,11676,106,0,0,6,1,5,1,1900112,1000000
2024KL0002949,1,449.67,35,2,5,1,18,78310,501,1000,1,1,1,1,1,1900110,1000000
2024KL0002950,1,449.67,30,1,6,1,8,8263,75,9000,3,3,1,5,1,1900108,1000000
2024KL0002951,1,449.67,15,1,7,1,11,12537,113,0,0,6,1,5,1,1900112,1000000
2024KL0002952,1,449.67,73,1,2,1,7,3386,30,0,0,6,1,2,1,1900101,1000000
2024KL0002953,1,449.67,53,2,7,1,13,106193,501,6000,4,5,5,1,1,1900104,1000000
2024KL0002954,1,449.67,39,2,1,1,5,5435,49,8000,1,1,5,1,1,1900110,1000000
2024KL0002955,1,449.67,41,1,1,1,8,5603,50,6000,3,4,1,1,1,1900111,1000000
2024KL0002956,1,449.67,57,1,2,1,15,97228,501,1000,3,1,1,1,1,1900109,1000000
2024KL0002957,1,449.67,54,1,6,1,6,3904,35,9000,1,4,1,2,1,1900110,1000000
2024KL0002958,1,449.67,37,1,1,1,7,22314,202,9000,1,1,1,1,1,1900106,1000000
2024KL0002959,1,449.67,18,2,5,1,14,14190,129,3000,1,1,1,5,1,1900103,1000000
2024KL0002960,1,449.67,34,2,7,1,11,12304,111,5000,3,1,1,5,1,1900112,1000000
2024KL0002961,1,449.67,34,1,2,1,14,64950,501,8000,1,1,1,1,1,1900107,1000000
2024KL0002962,1,449.67,27,2,9,1,14,81868,501,5000,6,2,1,1,1,1900100,1000000
2024KL0002963,1,449.67,58,2,5,1,11,29173,265,9000,6,3,1,1,1,1900104,1000000
2024KL0002964,1,449.67,30,1,1,1,11,37029,336,6000,1,1,1,1,1,1900100,1000000
2024KL0002965,1,449.67,23,2,2,1,15,86720,501,4000,3,4,1,5,1,1900112,1000000
2024KL0002966,1,449.67,3,1,2,1,6,1428,12,0,0,6,1,5,1,1900104,1000000
2024KL0002967,1,449.67,16,1,3,1,13,7734,70,0,0,6,1,5,1,1900112,1000000
2024KL0002968,1,449.67,24,1,1,1,14,18327,166,6000,4,1,2,5,1,1900110,1000000
2024KL0002969,1,449.67,34,1,1,1,10,16746,152,8000,3,1,1,1,1,1900111,1000000
2024KL0002970,1,449.67,44,1,1,1,11,20991,190,5000,1,5,1,2,1,1900102,1000000
2024KL0002971,1,449.67,9,1,2,1,3,3141,28,0,0,6,1,5,2,1900113,1000000
2024KL0002972,1,449.67,82,1,3,1,8,5292,48,0,0,6,1,1,1,1900102,1000000
2024KL0002973,1,449.67,43,2,1,1,7,6756,61,9000,3,1,1,1,1,1900103,1000000
2024KL0002974,1,449.67,33,1,2,1,13,39143,355,1000,1,1,1,5,1,1900104,1000000
2024KL0002975,1,449.67,28,1,1,1,9,8676,78,7000,6,1,1,5,1,1900110,1000000
2024KL0002976,1,449.67,35,2,1,1,13,15962,145,7000,4,1,1,1,1,1900107,1000000
2024KL0002977,1,449.67,21,1,1,1,15,58530,501,2000,1,3,1,1,1,1900107,1000000
2024KL0002978,1,449.67,32,1,1,1,8,8038,73,9920,3,1,1,1,1,1900106,1000000
2024KL0002979,1,449.67,6,2,1,1,1,4913,44,0,0,6,1,5,1,1900104,1000000
2024KL0002980,1,449.67,6,1,1,1,4,3673,33,0,0,6,1,5,1,1900101,1000000
2024KL0002981,1,449.67,24,1,3,1,15,209859,501,5000,1,5,1,5,1,1900113,1000000
2024KL0002982,1,449.67,32,1,2,1,7,15299,139,9920,3,1,1,1,1,1900104,1000000
2024KL0002983,1,449.67,75,1,1,1,6,3318,30,0,0,6,1,1,1,1900104,1000000
2024KL0002984,1,449.67,28,1,5,1,12,44841,407,9800,6,1,1,1,1,1900100,1000000
2024KL0002985,1,449.67,41,2,1,1,14,35727,324,7000,4,1,1,2,1,1900107,1000000
2024KL0002986,1,449.67,2,2,6,1,4,1922,17,0,0,6,2,5,1,1900105,1000000
2024KL0002987,1,449.67,18,1,2,1,17,8625,78,4000,2,1,1,5,1,1900105,1000000
2024KL0002988,1,449.67,79,1,1,1,5,8046,73,0,0,6,1,1,1,1900104,1000000
2024KL0002989,1,449.67,26,1,1,1,8,4457,40,5000,4,1,1,5,1,1900104,1000000
2024KL0002990,1,449.67,35,1,7,1,6,34204,310,9800,1,1,1,1,1,1900108,1000000
2024KL0002991,1,449.67,31,1,1,1,20,104420,501,4000,1,2,1,1,1,1900111,1000000
2024KL0002992,1,449.67,54,1,2,1,16,36350,330,1000,1,1,1,5,1,1900101,1000000
2024KL0002993,1,449.67,0,2,2,1,1,1414,12,0,0,6,1,5,1,1900101,1000000
2024KL0002994,1,449.67,56,1,1,1,13,96961,501,7000,6,1,1,1,1,1900114,1000000
2024KL0002995,1,449.67,98,1,3,1,6,12238,111,0,0,6,1,5,1,1900106,1000000
2024KL0002996,1,449.67,36,1,3,1,15,61035,501,5000,4,4,1,1,1,1900103,1000000
2024KL0002997,1,449.67,27,2,5,1,14,7898,71,4000,3,1,1,1,1,1900109,1000000
2024KL0002998,1,449.67,31,1,3,1,5,4775,43,9800,1,3,1,1,1,1900111,1000000
2024KL0002999,1,449.67,22,2,1,1,17,36774,334,3000,1,1,1,1,1,1900105,1000000
2024KL0003000,1,449.67,31,2,6,1,10,56651,501,6000,1,1,1,1,1,1900102,1000000
2024KL0003001,1,449.67,4,2,2,1,3,2086,18,0,0,6,1,5,1,1900107,1000000
2024KL0003002,1,449.67,17,1,1,1,15,15791,143,0,0,6,1,5,1,1900113,1000000
2024KL0003003,1,449.67,42,2,1,1,11,26817,243,7000,3,1,1,1,1,1900105,1000000
2024KL0003004,1,449.67,80,2,3,1,9,16364,148,0,0,6,1,2,1,1900112,1000000
2024KL0003005,1,449.67,7,2,1,1,5,1087,9,0,0,6,1,5,1,1900102,1000000
2024KL0003006,1,449.67,10,1,1,1,8,3139,28,0,0,6,1,5,1,1900114,1000000
2024KL0003007,1,449.67,90,2,1,1,10,17568,159,0,0,6,1,1,1,1900105,1000000
2024KL0003008,1,449.67,18,1,1,1,13,13500,122,9800,4,1,1,1,1,1900103,1000000
2024KL0003009,1,449.67,11,2,7,1,3,3292,29,0,0,6,1,5,1,1900104,1000000
2024KL0003010,1,449.67,59,1,6,1,13,10240,93,8000,3,1,1,1,1,1900100,1000000
2024KL0003011,1,449.67,60,1,1,1,7,25363,230,9000,1,1,1,2,1,1900113,1000000
2024KL0003012,1,449.67,95,1,3,1,6,6009,54,0,0,6,1,2,1,1900110,1000000
2024KL0003013,1,449.67,3,1,1,1,5,11057,100,0,0,6,1,5,1,1900107,1000000
2024KL0003014,1,449.67,2,1,1,1,2,6823,62,0,0,6,1,5,1,1900111,1000000
2024KL0003015,1,449.67,3,1,2,1,9,9327,84,0,0,6,1,5,1,1900113,1000000
2024KL0003016,1,449.67,35,2,1,1,10,14716,133,7000,1,1,1,1,1,1900114,1000000
2024KL0003017,1,449.67,80,2,2,1,8,3306,30,0,0,6,1,2,1,1900107,1000000
2024KL0003018,1,449.67,74,1,3,1,5,16335,148,0,0,6,1,1,1,1900107,1000000
2024KL0003019,1,449.67,9,2,1,1,5,2208,20,0,0,6,1,5,1,1900104,1000000
2024KL0003020,1,449.67,15,2,4,1,10,3809,34,0,0,6,1,5,1,1900107,1000000
2024KL0003021,1,449.67,16,1,1,1,16,16970,154,0,0,6,1,5,1,1900111,1000000
2024KL0003022,1,449.67,20,1,4,1,15,77239,501,4000,1,2,1,5,1,1900107,1000000
2024KL0003023,1,449.67,30,2,3,1,12,97878,501,6000,4,1,1,5,1,1900112,1000000
2024KL0003024,1,449.67,32,1,1,1,7,19779,179,6000,3,1,1,1,1,1900112,1000000
2024KL0003025,1,449.67,44,2,1,1,6,85863,501,8000,1,1,1,1,1,1900110,1000000
2024KL0003026,1,449.67,8,1,2,1,3,6947,63,0,0,6,1,5,1,1900104,1000000
2024KL0003027,1,449.67,4,1,2,1,4,1887,17,0,0,6,1,5,1,1900107,1000000
2024KL0003028,1,449.67,37,2,1,1,10,16017,145,9000,4,1,1,1,1,1900112,1000000
2024KL0003029,1,449.67,52,1,1,1,9,28009,254,8000,3,4,1,5,1,1900109,1000000
2024KL0003030,1,449.67,39,2,3,1,12,50382,458,1000,1,1,1,1,2,1900106,1000000
2024KL0003031,1,449.67,14,2,1,1,3,6033,54,0,0,6,1,5,1,1900109,1000000
2024KL0003032,1,449.67,64,1,4,1,12,31890,289,7000,1,2,1,1,1,1900110,1000000
2024KL0003033,1,449.67,45,1,3,1,10,34026,309,7000,1,2,1,1,1,1900110,1000000
2024KL0003034,1,449.67,4,2,9,1,7,349,3,0,0,6,1,5,1,1900102,1000000
2024KL0003035,1,449.67,53,1,1,1,13,29443,267,5000,4,2,1,2,1,1900100,1000000
2024KL0003036,1,449.67,40,2,1,1,7,5612,51,9920,4,1,1,1,1,1900114,1000000
2024KL0003037,1,449.67,43,1,4,1,16,36835,334,5000,3,2,1,1,1,1900110,1000000
2024KL0003038,1,449.67,0,2,4,1,9,8356,75,0,0,6,1,5,1,1900110,1000000
2024KL0003039,1,449.67,2,1,1,1,2,10161,92,0,0,6,1,5,1,1900111,1000000
2024KL0003040,1,449.67,57,2,1,1,17,61460,501,6000,4,1,2,1,1,1900111,1000000
2024KL0003041,1,449.67,28,1,2,1,6,10093,91,7000,4,1,1,5,1,1900102,1000000
2024KL0003042,1,449.67,63,1,2,1,9,16779,152,7000,1,1,1,1,1,1900112,1000000
2024KL0003043,1,449.67,44,2,1,1,15,76895,501,2000,1,4,1,2,1,1900106,1000000
2024KL0003044,1,449.67,27,2,1,1,5,9852,89,5000,1,1,1,5,1,1900110,1000000
2024KL0003045,1,449.67,23,1,1,1,18,78003,501,4000,2,1,1,5,1,1900110,1000000
2024KL0003046,1,449.67,22,2,1,1,17,38586,350,2000,2,1,1,5,1,1900103,1000000
2024KL0003047,1,449.67,70,2,4,1,5,1738,15,6000,1,1,1,2,1,1900113,1000000
2024KL0003048,1,449.67,35,1,1,1,5,25516,231,8000,6,1,1,1,1,1900105,1000000
2024KL0003049,1,449.67,41,2,3,1,17,102181,501,3000,2,1,1,5,1,1900103,1000000
2024KL0003050,1,449.67,70,2,6,1,5,3451,31,9920,1,3,1,2,1,1900108,1000000
2024KL0003051,1,449.67,29,1,1,1,10,49430,449,4000,3,1,1,1,1,1900100,1000000
2024KL0003052,1,449.67,41,1,1,1,5,7254,65,7000,1,5,1,1,1,1900104,1000000
2024KL0003053,1,449.67,40,2,4,1,13,48762,443,6000,4,1,1,1,1,1900113,1000000
2024KL0003054,1,449.67,25,1,3,1,9,22461,204,2000,1,1,1,1,1,1900111,1000000
2024KL0003055,1,449.67,94,1,2,1,6,1982,18,0,0,6,1,2,1,1900102,1000000
2024KL0003056,1,449.67,35,1,1,1,6,7112,64,9800,1,1,1,1,1,1900107,1000000
2024KL0003057,1,449.67,19,2,2,1,13,25055,227,1000,2,5,5,5,1,1900108,1000000
2024KL0003058,1,449.67,14,2,4,1,1,6284,57,0,0,6,1,5,1,1900114,1000000
2024KL0003059,1,449.67,1,2,1,1,1,5289,48,0,0,6,1,5,1,1900111,1000000
2024KL0003060,1,449.67,5,2,4,1,5,1072,9,0,0,6,1,5,1,1900103,1000000
2024KL0003061,1,449.67,50,2,1,1,9,50481,458,1000,1,1,1,1,1,1900102,1000000
2024KL0003062,1,449.67,13,2,1,1,2,14341,130,0,0,6,1,5,1,1900109,1000000
2024KL0003063,1,449.67,46,2,3,1,11,142706,501,7000,3,1,1,1,1,1900106,1000000
2024KL0003064,1,449.67,35,2,1,1,10,8624,78,9800,6,1,1,1,1,1900103,1000000
2024KL0003065,1,449.67,38,2,2,1,11,16827,152,6000,1,1,1,1,1,1900112,1000000
2024KL0003066,1,449.67,59,2,1,1,12,29152,265,6000,4,1,1,1,1,1900109,1000000
2024KL0003067,1,449.67,23,1,2,1,14,15438,140,1000,1,4,1,5,1,1900106,1000000
2024KL0003068,1,449.67,77,1,1,1,7,3431,31,0,0,6,1,1,2,1900101,1000000
2024KL0003069,1,449.67,20,2,6,1,18,40677,369,5000,3,1,1,5,1,1900103,1000000
2024KL0003070,1,449.67,27,2,5,1,19,85205,501,3000,1,1,1,5,1,1900104,1000000
2024KL0003071,1,449.67,46,2,4,1,10,43760,397,7000,6,1,1,2,1,1900112,1000000
2024KL0003072,1,449.67,44,1,2,1,13,58534,501,7000,1,2,1,1,1,1900103,1000000
2024KL0003073,1,449.67,40,1,4,1,11,40397,367,6000,4,1,1,5,1,1900112,1000000
2024KL0003074,1,449.67,45,1,2,1,11,28256,256,5000,1,1,1,5,1,1900100,1000000
2024KL0003075,1,449.67,8,2,7,1,7,1523,13,0,0,6,1,5,1,1900100,1000000
2024KL0003076,1,449.67,15,2,2,1,14,7252,65,0,0,6,1,5,1,1900104,1000000
2024KL0003077,1,449.67,26,1,1,1,12,51496,468,8000,4,1,1,1,1,1900112,1000000
2024KL0003078,1,449.67,55,1,3,1,5,25039,227,7000,6,1,1,1,1,1900114,1000000
2024KL0003079,1,449.67,7,1,2,1,4,2127,19,0,0,6,1,5,1,1900103,1000000
2024KL0003080,1,449.67,53,2,1,1,7,11560,105,9800,1,1,1,1,1,1900106,1000000
2024KL0003081,1,449.67,18,1,1,1,20,37795,343,4000,1,1,1,5,1,1900112,1000000
2024KL0003082,1,449.67,2,2,1,1,8,13944,126,0,0,6,1,5,1,1900102,1000000
2024KL0003083,1,449.67,30,2,5,1,9,32273,293,4000,1,1,1,1,1,1900107,1000000
2024KL0003084,1,449.67,64,2,2,1,5,33633,305,8000,1,1,1,1,1,1900114,1000000
2024KL0003085,1,449.67,3,1,1,1,3,780,7,0,0,6,1,5,1,1900110,1000000
2024KL0003086,1,449.67,42,1,1,1,14,122826,501,9800,1,1,1,5,1,1900107,1000000
2024KL0003087,1,449.67,16,1,2,1,13,10937,99,0,0,6,1,5,1,1900100,1000000
2024KL0003088,1,449.67,24,1,7,1,16,30141,274,6000,1,1,1,5,1,1900113,1000000
2024KL0003089,1,449.67,6,1,1,1,1,1089,9,0,0,6,1,5,1,1900114,1000000
2024KL0003090,1,449.67,14,1,1,1,6,590,5,0,0,6,1,5,1,1900104,1000000
2024KL0003091,1,449.67,54,1,6,1,13,14582,132,6000,4,1,1,5,1,1900113,1000000
2024KL0003092,1,449.67,28,2,2,1,20,193573,501,3000,3,1,1,1,1,1900109,1000000
2024KL0003093,1,449.67,33,2,1,1,9,10622,96,9000,3,1,1,1,1,1900105,1000000
2024KL0003094,1,449.67,37,1,1,1,11,9678,87,5000,6,1,1,1,1,1900112,1000000
2024KL0003095,1,449.67,68,2,3,1,6,1623,14,9000,3,1,1,1,1,1900105,1000000
2024KL0003096,1,449.67,36,2,1,1,13,17217,156,7000,4,1,1,1,1,1900114,1000000
2024KL0003097,1,449.67,59,2,1,1,13,15439,140,9000,4,2,1,1,1,1900110,1000000
2024KL0003098,1,449.67,54,2,2,1,8,7220,65,5000,1,1,1,1,1,1900100,1000000
2024KL0003099,1,449.67,4,1,1,1,2,10437,94,0,0,6,1,5,1,1900104,1000000
2024KL0003100,1,449.67,5,2,2,1,3,3095,28,0,0,6,1,5,1,1900102,1000000
2024KL0003101,1,449.67,45,2,1,1,6,4925,44,9800,6,1,1,1,1,1900103,1000000
2024KL0003102,1,449.67,4,1,4,1,4,16106,146,0,0,6,1,5,1,1900103,1000000
2024KL0003103,1,449.67,7,2,3,1,3,2575,23,0,0,6,1,5,1,1900103,1000000
2024KL0003104,1,449.67,27,2,3,1,18,82347,501,5000,1,1,1,5,1,1900100,1000000
2024KL0003105,1,449.67,47,2,2,1,7,19179,174,5000,4,1,1,5,1,1900103,1000000
2024KL0003106,1,449.67,36,1,3,1,9,25000,227,9000,1,1,1,1,1,1900103,1000000
2024KL0003107,1,449.67,36,2,2,1,9,109622,501,9000,4,1,1,1,1,1900106,1000000
2024KL0003108,1,449.67,21,2,2,1,11,12634,114,8000,3,1,1,5,1,1900101,1000000
2024KL0003109,1,449.67,15,2,1,1,19,83889,501,0,0,6,1,5,2,1900111,1000000
2024KL0003110,1,449.67,18,1,2,1,12,2598,23,8000,1,1,1,5,1,1900103,1000000
2024KL0003111,1,449.67,52,2,1,1,9,10011,91,1000,1,4,1,1,1,1900106,1000000
2024KL0003112,1,449.67,30,1,2,1,8,7875,71,6000,1,1,1,5,1,1900114,1000000
2024KL0003113,1,449.67,58,1,1,1,5,6572,59,9000,4,4,1,1,2,1900112,1000000
2024KL0003114,1,449.67,63,2,6,1,5,7885,71,5000,3,1,1,1,1,1900104,1000000
2024KL0003115,1,449.67,97,2,1,1,7,3074,27,0,0,6,1,1,1,1900101,1000000
2024KL0003116,1,449.67,16,1,6,1,18,58779,501,0,0,6,1,5,2,1900109,1000000
2024KL0003117,1,449.67,31,1,3,1,10,23205,210,9000,4,2,1,1,1,1900110,1000000
2024KL0003118,1,449.67,34,2,7,1,7,7124,64,6000,6,5,1,1,1,1900101,1000000
2024KL0003119,1,449.67,46,2,1,1,9,55180,501,9800,1,1,1,1,1,1900108,1000000
2024KL0003120,1,449.67,28,1,4,1,11,8650,78,8000,1,1,1,1,1,1900102,1000000
2024KL0003121,1,449.67,11,2,1,1,6,1984,18,0,0,6,1,5,1,1900110,1000000
2024KL0003122,1,449.67,34,1,2,1,12,44843,407,6000,1,1,1,1,1,1900111,1000000
2024KL0003123,1,449.67,24,2,4,1,16,42719,388,4000,3,3,1,5,1,1900100,1000000
2024KL0003124,1,449.67,39,2,1,1,8,11750,106,9920,1,1,1,5,1,1900102,1000000
2024KL0003125,1,449.67,97,1,7,1,7,19238,174,0,0,6,1,1,1,1900104,1000000
2024KL0003126,1,449.67,18,2,1,1,14,4425,40,6000,1,1,1,5,2,1900108,1000000
2024KL0003127,1,449.67,43,1,1,1,10,36236,329,9000,4,1,1,1,1,1900104,1000000
2024KL0003128,1,449.67,87,2,2,1,8,6001,54,0,0,6,1,1,1,1900110,1000000
2024KL0003129,1,449.67,23,2,3,1,12,12328,112,8000,1,1,1,5,1,1900114,1000000
2024KL0003130,1,449.67,15,1,4,1,19,106631,501,0,0,6,2,5,1,1900108,1000000
2024KL0003131,1,449.67,52,1,6,1,11,15620,142,5000,1,2,1,5,1,1900110,1000000
2024KL0003132,1,449.67,100,2,7,1,6,10302,93,0,0,6,1,1,1,1900106,1000000
2024KL0003133,1,449.67,32,2,1,1,10,3023,27,8000,6,1,1,5,1,1900109,1000000
2024KL0003134,1,449.67,29,2,1,1,15,68715,501,4000,2,5,1,1,1,1900108,1000000
2024KL0003135,1,449.67,42,1,2,1,13,30038,273,8000,4,2,1,2,1,1900112,1000000
2024KL0003136,1,449.67,20,2,1,1,19,111487,501,4000,3,1,1,5,1,1900104,1000000
2024KL0003137,1,449.67,10,1,2,1,5,3408,30,0,0,6,1,5,2,1900111,1000000
2024KL0003138,1,449.67,17,1,4,1,18,18521,168,0,0,6,1,5,1,1900103,1000000
2024KL0003139,1,449.67,27,1,1,1,11,20800,189,1000,2,2,1,1,1,1900105,1000000
2024KL0003140,1,449.67,2,1,1,1,1,1023,9,0,0,6,1,5,1,1900113,1000000
2024KL0003141,1,449.67,30,2,1,1,12,17773,161,1000,2,4,1,1,1,1900107,1000000
2024KL0003142,1,449.67,88,1,2,1,6,1810,16,0,0,6,1,1,1,1900111,1000000
2024KL0003143,1,449.67,29,2,3,1,5,9085,82,5000,1,2,1,5,1,1900107,1000000
2024KL0003144,1,449.67,3,1,1,1,5,2678,24,0,0,6,1,5,1,1900113,1000000
2024KL0003145,1,449.67,30,2,3,1,13,22660,206,1000,1,1,1,1,1,1900104,1000000
2024KL0003146,1,449.67,43,2,4,1,6,8485,77,7000,3,1,1,1,1,1900111,1000000
2024KL0003147,1,449.67,5,2,1,1,7,5248,47,0,0,6,1,5,1,1900111,1000000
2024KL0003148,1,449.67,33,2,1,1,19,142607,501,3000,2,1,1,1,2,1900103,1000000
2024KL0003149,1,449.67,76,1,4,1,6,4463,40,0,0,6,1,1,1,1900102,1000000
2024KL0003150,1,449.67,25,1,2,1,11,46938,426,1000,3,1,1,1,1,1900103,1000000
2024KL0003151,1,449.67,26,1,1,1,7,6019,54,9800,1,1,1,1,1,1900105,1000000
2024KL0003152,1,449.67,37,2,2,1,17,31180,283,3000,2,1,1,2,1,1900105,1000000
2024KL0003153,1,449.67,19,1,4,1,19,64716,501,3000,2,1,1,5,1,1900107,1000000
2024KL0003154,1,449.67,13,2,1,1,4,2451,22,0,0,6,1,5,1,1900109,1000000
2024KL0003155,1,449.67,53,2,2,1,9,68791,501,2000,3,1,1,1,1,1900114,1000000
2024KL0003156,1,449.67,14,2,3,1,3,3850,35,0,0,6,1,5,1,1900103,1000000
2024KL0003157,1,449.67,93,1,1,1,11,6936,63,0,0,6,1,1,1,1900100,1000000
2024KL0003158,1,449.67,29,1,3,1,8,7689,69,6000,1,3,1,5,1,1900101,1000000
2024KL0003159,1,449.67,82,2,1,1,5,5213,47,0,0,6,1,1,1,1900104,1000000
2024KL0003160,1,449.67,17,2,8,1,17,16027,145,0,0,6,5,5,1,1900100,1000000
2024KL0003161,1,449.67,8,1,1,1,8,2430,22,0,0,6,1,5,1,1900100,1000000
2024KL0003162,1,449.67,8,1,7,1,3,4165,37,0,0,6,1,5,1,1900101,1000000
2024KL0003163,1,449.67,39,2,2,1,9,49918,453,2000,2,1,1,5,1,1900106,1000000
2024KL0003164,1,449.67,49,2,2,1,7,4321,39,7000,1,5,1,1,1,1900109,1000000
2024KL0003165,1,449.67,70,2,1,1,9,9969,90,3000,1,1,1,1,1,1900103,1000000
2024KL0003166,1,449.67,51,1,4,1,11,41441,376,1000,1,1,1,2,1,1900100,1000000
2024KL0003167,1,449.67,26,2,2,1,10,12996,118,8000,3,3,1,1,1,1900110,1000000
2024KL0003168,1,449.67,9,2,1,1,4,2551,23,0,0,6,1,5,1,1900107,1000000
2024KL0003169,1,449.67,62,2,4,1,9,23502,213,6000,1,5,1,1,1,1900102,1000000
2024KL0003170,1,449.67,30,1,6,1,7,7617,69,7000,1,1,1,1,1,1900114,1000000
2024KL0003171,1,449.67,72,2,1,1,11,27264,247,0,0,6,1,2,1,1900104,1000000
2024KL0003172,1,449.67,43,1,2,1,13,77420,501,2000,1,1,1,1,1,1900113,1000000
2024KL0003173,1,449.67,23,1,2,1,19,198119,501,3000,2,1,1,1,1,1900103,1000000
2024KL0003174,1,449.67,2,1,3,1,4,6156,55,0,0,6,1,5,1,1900114,1000000
2024KL0003175,1,449.67,20,1,1,1,16,39258,356,4000,1,1,1,5,1,1900114,1000000
2024KL0003176,1,449.67,49,2,5,1,5,17116,155,6000,3,1,1,1,1,1900100,1000000
2024KL0003177,1,449.67,52,1,1,1,16,36661,333,4000,2,4,1,1,1,1900103,1000000
2024KL0003178,1,449.67,40,2,2,1,11,44591,405,9000,1,5,1,1,1,1900103,1000000
2024KL0003179,1,449.67,58,1,2,1,11,20160,183,9800,1,1,1,1,1,1900111,1000000
2024KL0003180,1,449.67,1,2,6,1,1,3419,31,0,0,6,1,5,1,1900114,1000000
2024KL0003181,1,449.67,14,1,1,1,8,4868,44,0,0,6,1,5,1,1900108,1000000
2024KL0003182,1,449.67,19,2,7,1,12,10735,97,1000,1,1,1,1,1,1900107,1000000
2024KL0003183,1,449.67,33,2,4,1,8,26675,242,5000,1,1,1,5,1,1900107,1000000
2024KL0003184,1,449.67,24,1,5,1,13,45058,409,5000,1,1,1,5,1,1900111,1000000
2024KL0003185,1,449.67,55,2,1,1,9,17794,161,5000,1,1,1,1,1,1900113,1000000
2024KL0003186,1,449.67,51,1,8,1,5,3715,33,9920,1,1,1,1,1,1900104,1000000
2024KL0003187,1,449.67,97,2,1,1,8,2034,18,0,0,6,1,5,1,1900114,1000000
2024KL0003188,1,449.67,38,2,1,1,12,34925,317,9800,1,1,1,1,1,1900107,1000000
2024KL0003189,1,449.67,17,1,1,1,14,7462,67,0,0,6,1,5,1,1900100,1000000
2024KL0003190,1,449.67,17,2,1,1,18,19970,181,0,0,6,1,5,1,1900106,1000000
2024KL0003191,1,449.67,9,1,5,1,9,10590,96,0,0,6,1,5,1,1900100,1000000
2024KL0003192,1,449.67,67,2,1,1,5,2927,26,5000,3,5,1,1,1,1900114,1000000
2024KL0003193,1,449.67,12,1,4,1,2,1634,14,0,0,6,1,5,1,1900114,1000000
2024KL0003194,1,449.67,12,1,7,1,5,2144,19,0,0,6,1,5,1,1900106,1000000
2024KL0003195,1,449.67,54,1,1,1,8,11890,108,9800,1,1,1,2,1,1900111,1000000
2024KL0003196,1,449.67,33,2,1,1,5,28934,263,8000,3,1,1,1,1,1900104,1000000
2024KL0003197,1,449.67,13,2,4,1,5,4116,37,0,0,6,1,5,1,1900108,1000000
2024KL0003198,1,449.67,47,1,1,1,9,20864,189,7000,1,1,1,1,1,1900109,1000000
2024KL0003199,1,449.67,1,2,1,1,6,3405,30,0,0,6,1,5,1,1900107,1000000
2024KL0003200,1,449.67,58,2,2,1,11,56536,501,4000,2,1,1,1,1,1900102,1000000
2024KL0003201,1,449.67,61,2,1,1,11,20414,185,1000,1,1,1,1,1,1900109,1000000
2024KL0003202,1,449.67,30,2,1,1,6,10182,92,9800,4,2,1,5,1,1900110,1000000
2024KL0003203,1,449.67,35,1,4,1,10,24672,224,9800,4,4,1,1,1,1900110,1000000
2024KL0003204,1,449.67,38,1,1,1,14,16262,147,5000,3,1,1,1,1,1900108,1000000
2024KL0003205,1,449.67,14,1,1,1,7,4115,37,0,0,6,1,5,1,1900108,1000000
2024KL0003206,1,449.67,52,1,1,1,8,25365,230,6000,3,1,1,1,1,1900110,1000000
2024KL0003207,1,449.67,35,2,4,1,13,27927,253,9000,4,1,1,1,1,1900107,1000000
2024KL0003208,1,449.67,10,2,1,1,5,4695,42,0,0,6,1,5,1,1900112,1000000
2024KL0003209,1,449.67,5,2,6,1,5,13431,122,0,0,6,1,5,1,1900114,1000000
2024KL0003210,1,449.67,23,2,1,1,17,21966,199,4000,1,5,1,1,1,1900101,1000000
2024KL0003211,1,449.67,48,2,1,1,5,3590,32,8000,6,4,1,5,1,1900101,1000000
2024KL0003212,1,449.67,68,2,6,1,10,44279,402,9800,3,4,1,1,1,1900109,1000000
2024KL0003213,1,449.67,23,2,3,1,14,27559,250,8000,4,5,1,5,2,1900112,1000000
2024KL0003214,1,449.67,38,1,2,1,14,4940,44,6000,6,5,1,1,1,1900104,1000000
2024KL0003215,1,449.67,99,2,1,1,6,7229,65,0,0,6,1,1,1,1900113,1000000
2024KL0003216,1,449.67,0,1,6,1,6,6698,60,0,0,6,1,5,1,1900107,1000000
2024KL0003217,1,449.67,59,1,3,1,10,29728,270,5000,3,2,1,2,1,1900107,1000000
2024KL0003218,1,449.67,17,1,3,1,17,41815,380,0,0,6,1,5,1,1900114,1000000
2024KL0003219,1,449.67,31,1,3,1,12,16633,151,5000,3,4,1,1,1,1900104,1000000
2024KL0003220,1,449.67,2,1,7,1,7,11696,106,0,0,6,1,5,1,1900108,1000000
2024KL0003221,1,449.67,22,2,1,1,14,17783,161,7000,1,1,1,1,1,1900110,1000000
2024KL0003222,1,449.67,20,1,7,1,18,31135,283,6000,1,1,1,5,1,1900110,1000000
2024KL0003223,1,449.67,43,2,2,1,12,49903,453,6000,1,1,1,1,1,1900109,1000000
2024KL0003224,1,449.67,7,2,1,1,2,1137,10,0,0,6,1,5,1,1900101,1000000
2024KL0003225,1,449.67,27,2,4,1,14,7939,72,9000,1,1,1,1,2,1900112,1000000
2024KL0003226,1,449.67,50,1,1,1,14,29736,270,5000,1,1,1,2,1,1900112,1000000
2024KL0003227,1,449.67,10,1,1,1,3,2200,20,0,0,6,1,5,1,1900106,1000000
2024KL0003228,1,449.67,99,2,1,1,9,12405,112,0,0,6,1,1,1,1900102,1000000
2024KL0003229,1,449.67,6,1,1,1,6,5333,48,0,0,6,1,5,1,1900104,1000000
2024KL0003230,1,449.67,14,1,1,1,3,5496,49,0,0,6,1,5,1,1900107,1000000
2024KL0003231,1,449.67,37,1,6,1,11,60971,501,6000,6,2,1,1,1,1900102,1000000
2024KL0003232,1,449.67,30,1,4,1,18,132611,501,3000,1,1,1,1,1,1900111,1000000
2024KL0003233,1,449.67,7,2,1,1,7,3673,33,0,0,6,1,5,1,1900108,1000000
2024KL0003234,1,449.67,37,1,4,1,9,71304,501,7000,1,1,1,1,1,1900107,1000000
2024KL0003235,1,449.67,52,2,6,1,9,40914,371,5000,4,1,1,1,1,1900102,1000000
2024KL0003236,1,449.67,55,2,5,1,12,129599,501,5000,6,2,1,2,1,1900108,1000000
2024KL0003237,1,449.67,17,1,1,1,14,17211,156,0,0,6,1,5,1,1900107,1000000
2024KL0003238,1,449.67,50,2,9,1,11,42133,383,9800,4,4,1,2,1,1900109,1000000
2024KL0003239,1,449.67,37,1,1,1,10,43170,392,5000,1,1,1,1,1,1900111,1000000
2024KL0003240,1,449.67,8,1,4,1,7,3180,28,0,0,6,1,5,1,1900112,1000000
2024KL0003241,1,449.67,44,1,1,1,12,16621,151,2000,1,1,1,1,1,1900101,1000000
2024KL0003242,1,449.67,51,1,3,1,9,58497,501,2000,3,1,1,2,1,1900102,1000000
2024KL0003243,1,449.67,30,2,1,1,13,32532,295,6000,4,1,1,1,1,1900104,1000000
2024KL0003244,1,449.67,9,1,1,1,3,3289,29,0,0,6,1,5,1,1900104,1000000
2024KL0003245,1,449.67,21,2,6,1,16,24964,226,6000,6,1,5,5,1,1900109,1000000
2024KL0003246,1,449.67,15,1,1,1,13,42961,390,0,0,6,1,5,1,1900113,1000000
2024KL0003247,1,449.67,40,1,1,1,7,9788,88,9920,1,1,1,1,1,1900107,1000000
2024KL0003248,1,449.67,42,2,1,1,9,107118,501,5000,6,1,1,1,1,1900108,1000000
2024KL0003249,1,449.67,94,2,2,1,7,3702,33,0,0,6,1,2,1,1900112,1000000
2024KL0003250,1,449.67,33,2,1,1,6,6472,58,6000,6,1,1,1,1,1900108,1000000
2024KL0003251,1,449.67,20,2,6,1,12,2453,22,2000,2,1,1,5,1,1900114,1000000
2024KL0003252,1,449.67,74,2,5,1,6,5590,50,0,0,6,1,1,2,1900100,1000000
2024KL0003253,1,449.67,9,1,1,1,4,962,8,0,0,6,1,5,1,1900109,1000000
2024KL0003254,1,449.67,57,1,2,1,11,22064,200,5000,1,2,1,1,1,1900104,1000000
2024KL0003255,1,449.67,28,2,1,1,16,21556,195,1000,2,1,1,5,1,1900109,1000000
2024KL0003256,1,449.67,23,1,3,1,14,7435,67,8000,1,1,1,5,1,1900105,1000000
2024KL0003257,1,449.67,71,1,1,1,9,39556,359,0,0,6,1,5,1,1900105,1000000
2024KL0003258,1,449.67,35,1,1,1,7,9878,89,9920,6,1,1,5,1,1900109,1000000
2024KL0003259,1,449.67,6,1,3,1,8,5167,46,0,0,6,1,5,1,1900105,1000000
2024KL0003260,1,449.67,10,2,5,1,4,6028,54,0,0,6,1,5,1,1900110,1000000
2024KL0003261,1,449.67,12,2,1,1,5,3369,30,0,0,6,1,5,1,1900113,1000000
2024KL0003262,1,449.67,6,1,2,1,5,12339,112,0,0,6,1,5,1,1900103,1000000
2024KL0003263,1,449.67,4,1,2,1,8,3046,27,0,0,6,1,5,1,1900106,1000000
2024KL0003264,1,449.67,41,1,4,1,13,23305,211,8000,1,1,1,1,1,1900109,1000000
2024KL0003265,1,449.67,7,1,6,1,8,5347,48,0,0,6,1,5,1,1900107,1000000
2024KL0003266,1,449.67,35,1,3,1,11,23977,217,2000,2,1,1,1,1,1900104,1000000
2024KL0003267,1,449.67,18,1,1,1,15,7685,69,5000,3,3,1,5,1,1900102,1000000
2024KL0003268,1,449.67,29,2,1,1,12,113433,501,7000,1,1,2,1,1,1900102,1000000
2024KL0003269,1,449.67,55,2,2,1,14,13956,126,5000,1,1,1,1,1,1900113,1000000
2024KL0003270,1,449.67,13,2,2,1,6,23635,214,0,0,6,1,5,1,1900101,1000000
2024KL0003271,1,449.67,51,1,2,1,7,6742,61,9920,4,1,1,1,1,1900110,1000000
2024KL0003272,1,449.67,2,1,2,1,4,1197,10,0,0,6,1,5,1,1900100,1000000
2024KL0003273,1,449.67,44,2,6,1,13,27435,249,6000,1,1,1,2,1,1900103,1000000
2024KL0003274,1,449.67,14,1,2,1,4,3426,31,0,0,6,1,5,1,1900108,1000000
2024KL0003275,1,449.67,59,1,1,1,6,14969,136,7000,4,1,1,1,1,1900107,1000000
2024KL0003276,1,449.67,24,1,2,1,18,55923,501,1000,2,1,1,5,1,1900107,1000000
2024KL0003277,1,449.67,29,1,1,1,13,10460,95,5000,3,1,1,1,1,1900111,1000000
2024KL0003278,1,449.67,34,1,2,1,15,246963,501,2000,1,1,1,1,1,1900109,1000000
2024KL0003279,1,449.67,31,1,1,1,5,9072,82,9920,4,1,1,5,1,1900113,1000000
2024KL0003280,1,449.67,12,1,1,1,1,9507,86,0,0,6,1,5,1,1900112,1000000
2024KL0003281,1,449.67,22,1,1,1,14,11173,101,6000,6,1,1,5,1,1900107,1000000
2024KL0003282,1,449.67,34,1,4,1,5,27321,248,9920,1,2,1,1,1,1900100,1000000
2024KL0003283,1,449.67,34,1,2,1,11,66110,501,7000,3,1,1,1,1,1900102,1000000
2024KL0003284,1,449.67,17,2,4,1,17,10605,96,0,0,6,1,5,1,1900105,1000000
2024KL0003285,1,449.67,21,2,2,1,14,30054,273,5000,1,1,1,5,1,1900110,1000000
2024KL0003286,1,449.67,24,2,1,1,13,69354,501,6000,6,1,1,5,1,1900110,1000000
2024KL0003287,1,449.67,40,1,1,1,15,145525,501,4000,1,5,1,1,1,1900104,1000000
2024KL0003288,1,449.67,15,2,1,1,13,13038,118,0,0,6,1,5,1,1900102,1000000
2024KL0003289,1,449.67,36,2,1,1,5,19305,175,7000,1,1,1,1,1,1900110,1000000
2024KL0003290,1,449.67,59,1,2,1,9,114730,501,9800,3,1,1,2,1,1900111,1000000
2024KL0003291,1,449.67,5,1,2,1,3,2349,21,0,0,6,1,5,2,1900101,1000000
2024KL0003292,1,449.67,36,1,2,1,20,186462,501,3000,2,3,1,1,1,1900102,1000000
2024KL0003293,1,449.67,46,2,1,1,7,14800,134,9000,1,1,1,1,1,1900113,1000000
2024KL0003294,1,449.67,56,2,5,1,9,7822,71,7000,1,1,1,1,1,1900107,1000000
2024KL0003295,1,449.67,26,2,4,1,13,9491,86,5000,1,1,1,5,1,1900100,1000000
2024KL0003296,1,449.67,34,2,2,1,9,12193,110,5000,1,2,1,1,1,1900100,1000000
2024KL0003297,1,449.67,43,1,7,1,10,37537,341,6000,4,1,1,1,1,1900100,1000000
2024KL0003298,1,449.67,10,2,1,1,5,5079,46,0,0,6,1,5,1,1900107,1000000
2024KL0003299,1,449.67,11,2,3,1,2,4519,41,0,0,6,2,5,1,1900102,1000000
2024KL0003300,1,449.67,28,2,4,1,15,26622,242,6000,3,1,1,5,1,1900114,1000000
2024KL0003301,1,449.67,39,2,1,1,14,44617,405,8000,1,1,1,1,1,1900112,1000000
2024KL0003302,1,449.67,17,2,1,1,17,25338,230,0,0,6,1,5,1,1900105,1000000
2024KL0003303,1,449.67,49,2,1,1,10,41844,380,1000,1,1,1,1,1,1900110,1000000
2024KL0003304,1,449.67,48,1,1,1,6,14413,131,9920,6,2,1,1,1,1900106,1000000
2024KL0003305,1,449.67,10,2,2,1,2,1365,12,0,0,6,1,5,1,1900113,1000000
2024KL0003306,1,449.67,19,2,2,1,17,25207,229,4000,1,1,1,5,1,1900106,1000000
2024KL0003307,1,449.67,40,1,1,1,13,28798,261,6000,3,1,1,1,1,1900108,1000000
2024KL0003308,1,449.67,6,2,4,1,1,4890,44,0,0,6,1,5,1,1900103,1000000
2024KL0003309,1,449.67,26,1,1,1,12,95941,501,2000,2,1,1,1,1,1900108,1000000
2024KL0003310,1,449.67,40,2,1,1,8,30675,278,9000,4,1,1,1,1,1900105,1000000
2024KL0003311,1,449.67,6,1,1,1,9,1581,14,0,0,6,1,5,1,1900111,1000000
2024KL0003312,1,449.67,20,1,4,1,17,17061,155,6000,3,1,1,1,1,1900105,1000000
2024KL0003313,1,449.67,19,1,3,1,14,28527,259,5000,4,4,1,1,1,1900100,1000000
2024KL0003314,1,449.67,45,1,1,1,8,11774,107,9920,1,4,1,5,1,1900110,1000000
2024KL0003315,1,449.67,31,2,3,1,12,18660,169,2000,3,5,2,5,1,1900100,1000000
2024KL0003316,1,449.67,56,2,1,1,9,83843,501,5000,1,1,1,1,1,1900108,1000000
2024KL0003317,1,449.67,43,1,1,1,5,11424,103,9920,6,1,1,5,1,1900113,1000000
2024KL0003318,1,449.67,38,1,3,1,7,38552,350,9800,6,1,1,1,1,1900111,1000000
2024KL0003319,1,449.67,26,1,1,1,14,18110,164,5000,1,1,1,1,1,1900110,1000000
2024KL0003320,1,449.67,57,2,4,1,9,22189,201,1000,1,3,1,1,1,1900110,1000000
2024KL0003321,1,449.67,54,1,6,1,7,15318,139,8000,4,1,1,1,1,1900109,1000000
2024KL0003322,1,449.67,12,1,1,1,7,4965,45,0,0,6,1,5,1,1900114,1000000
2024KL0003323,1,449.67,97,2,1,1,5,4265,38,0,0,6,1,1,1,1900102,1000000
2024KL0003324,1,449.67,70,2,3,1,8,6547,59,9000,4,1,1,1,1,1900112,1000000
2024KL0003325,1,449.67,48,2,1,1,9,33989,308,4000,1,1,1,5,1,1900107,1000000
2024KL0003326,1,449.67,85,2,7,1,5,2483,22,0,0,6,1,2,1,1900111,1000000
2024KL0003327,1,449.67,85,1,9,1,6,39975,363,0,0,6,1,1,1,1900110,1000000
2024KL0003328,1,449.67,15,2,7,1,10,21304,193,0,0,6,1,5,1,1900111,1000000
2024KL0003329,1,449.67,43,1,6,1,10,11805,107,6000,4,2,1,1,1,1900101,1000000
2024KL0003330,1,449.67,47,2,1,1,13,156308,501,6000,1,1,1,1,1,1900108,1000000
2024KL0003331,1,449.67,58,2,2,1,15,104079,501,5000,3,1,1,2,2,1900109,1000000
2024KL0003332,1,449.67,39,1,1,1,13,19954,181,5000,3,3,1,1,1,1900108,1000000
2024KL0003333,1,449.67,52,2,1,1,6,32087,291,9920,4,1,1,3,1,1900102,1000000
2024KL0003334,1,449.67,12,1,2,1,3,14115,128,0,0,6,1,5,1,1900100,1000000
2024KL0003335,1,449.67,46,2,1,1,5,1750,15,9800,1,1,1,5,1,1900101,1000000
2024KL0003336,1,449.67,27,2,1,1,10,38845,353,8000,1,1,1,5,1,1900102,1000000
2024KL0003337,1,449.67,29,1,2,1,13,92452,501,6000,4,1,1,5,1,1900101,1000000
2024KL0003338,1,449.67,27,1,2,1,8,4411,40,9920,1,1,1,1,1,1900106,1000000
2024KL0003339,1,449.67,18,1,1,1,20,50860,462,1000,1,1,1,5,1,1900111,1000000
2024KL0003340,1,449.67,21,1,2,1,10,5221,47,2000,3,5,1,5,2,1900101,1000000
2024KL0003341,1,449.67,17,2,6,1,11,14730,133,0,0,6,1,5,1,1900101,1000000
2024KL0003342,1,449.67,26,1,1,1,9,36941,335,3000,1,1,1,5,1,1900108,1000000
2024KL0003343,1,449.67,8,2,2,1,3,2193,19,0,0,6,2,5,1,1900105,1000000
2024KL0003344,1,449.67,98,1,1,1,8,4622,42,0,0,6,1,1,1,1900102,1000000
2024KL0003345,1,449.67,14,1,1,1,6,1669,15,0,0,6,1,5,1,1900113,1000000
2024KL0003346,1,449.67,10,1,3,1,9,48490,440,0,0,6,1,5,1,1900107,1000000
2024KL0003347,1,449.67,37,2,1,1,10,54755,497,3000,3,4,1,1,1,1900102,1000000
2024KL0003348,1,449.67,36,1,2,1,13,30584,278,5000,4,1,2,1,1,1900101,1000000
2024KL0003349,1,449.67,83,2,1,1,7,10064,91,0,0,6,2,1,1,1900112,1000000
2024KL0003350,1,449.67,28,1,2,1,8,2520,22,5000,4,1,5,1,1,1900101,1000000
2024KL0003351,1,449.67,17,1,1,1,15,21103,191,0,0,6,1,5,1,1900103,1000000
2024KL0003352,1,449.67,22,2,7,1,13,24227,220,6000,4,1,1,5,1,1900108,1000000
2024KL0003353,1,449.67,45,1,1,1,9,34904,317,8000,4,1,1,1,1,1900113,1000000
2024KL0003354,1,449.67,34,1,4,1,14,53781,488,4000,1,1,1,1,1,1900113,1000000
2024KL0003355,1,449.67,47,1,1,1,5,15516,141,9000,1,5,1,1,1,1900107,1000000
2024KL0003356,1,449.67,22,1,1,1,11,13376,121,7000,6,1,1,5,1,1900101,1000000
2024KL0003357,1,449.67,1,1,3,1,4,2483,22,0,0,6,1,5,1,1900108,1000000
2024KL0003358,1,449.67,38,2,7,1,9,34127,310,1000,1,1,1,1,1,1900100,1000000
2024KL0003359,1,449.67,16,2,2,1,18,29817,271,0,0,6,1,5,1,1900102,1000000
2024KL0003360,1,449.67,25,2,2,1,7,14223,129,5000,6,1,1,1,1,1900113,1000000
2024KL0003361,1,449.67,5,1,1,1,5,9753,88,0,0,6,1,5,1,1900102,1000000
2024KL0003362,1,449.67,4,2,6,1,9,9223,83,0,0,6,1,5,1,1900105,1000000
2024KL0003363,1,449.67,50,2,4,1,6,3225,29,9800,6,4,2,1,1,1900103,1000000
2024KL0003364,1,449.67,59,1,6,1,12,17415,158,7000,1,1,1,2,1,1900101,1000000
2024KL0003365,1,449.67,22,2,1,1,13,10167,92,6000,3,1,1,5,1,1900100,1000000
2024KL0003366,1,449.67,7,2,2,1,1,1484,13,0,0,6,1,5,1,1900100,1000000
2024KL0003367,1,449.67,26,2,8,1,7,1888,17,6000,6,1,1,5,1,1900112,1000000
2024KL0003368,1,449.67,51,2,3,1,19,117035,501,4000,1,1,1,1,2,1900114,1000000
2024KL0003369,1,449.67,40,1,1,1,15,143047,501,1000,3,2,1,5,1,1900109,1000000
2024KL0003370,1,449.67,6,1,1,1,5,1442,13,0,0,6,1,5,1,1900108,1000000
2024KL0003371,1,449.67,10,2,2,1,3,1909,17,0,0,6,1,5,2,1900112,1000000
2024KL0003372,1,449.67,24,1,1,1,17,42072,382,3000,3,1,1,5,1,1900100,1000000
2024KL0003373,1,449.67,27,2,5,1,13,41435,376,5000,4,1,1,1,1,1900112,1000000
2024KL0003374,1,449.67,69,1,1,1,7,5349,48,9920,1,1,1,2,1,1900111,1000000
2024KL0003375,1,449.67,2,1,1,1,5,1107,10,0,0,6,1,5,1,1900108,1000000
2024KL0003376,1,449.67,34,1,2,1,18,44871,407,3000,2,1,1,1,1,1900112,1000000
2024KL0003377,1,449.67,35,2,5,1,15,183250,501,1000,1,1,1,2,1,1900113,1000000
2024KL0003378,1,449.67,42,2,1,1,12,41718,379,8000,4,5,1,5,1,1900103,1000000
2024KL0003379,1,449.67,25,1,2,1,13,29870,271,8000,4,1,1,1,1,1900114,1000000
2024KL0003380,1,449.67,28,1,7,1,6,9105,82,8000,1,1,1,5,1,1900114,1000000
2024KL0003381,1,449.67,8,1,3,1,2,1104,10,0,0,6,1,5,1,1900108,1000000
2024KL0003382,1,449.67,78,2,1,1,6,11424,103,0,0,6,1,1,1,1900111,1000000
2024KL0003383,1,449.67,34,2,1,1,9,26960,245,4000,1,1,1,5,1,1900110,1000000
2024KL0003384,1,449.67,8,2,2,1,1,2994,27,0,0,6,1,5,1,1900107,1000000
2024KL0003385,1,449.67,27,2,1,1,6,10697,97,7000,1,1,1,1,1,1900104,1000000
2024KL0003386,1,449.67,35,1,3,1,10,25221,229,5000,6,1,1,1,1,1900110,1000000
2024KL0003387,1,449.67,43,2,2,1,10,22434,203,7000,1,1,1,1,1,1900107,1000000
2024KL0003388,1,449.67,0,2,2,1,6,3635,33,0,0,6,1,5,1,1900100,1000000
2024KL0003389,1,449.67,16,2,2,1,18,25165,228,0,0,6,1,5,1,1900102,1000000
2024KL0003390,1,449.67,43,2,1,1,5,9192,83,7000,6,1,1,1,1,1900114,1000000
2024KL0003391,1,449.67,29,2,4,1,15,29950,272,6000,3,1,1,1,1,1900104,1000000
2024KL0003392,1,449.67,44,1,2,1,14,48385,439,2000,2,1,1,5,1,1900104,1000000
2024KL0003393,1,449.67,34,2,1,1,7,29801,270,5000,1,1,1,5,1,1900103,1000000
2024KL0003394,1,449.67,71,1,1,1,5,2729,24,0,0,6,1,2,1,1900100,1000000
2024KL0003395,1,449.67,86,1,3,1,6,4642,42,0,0,6,1,1,1,1900114,1000000
2024KL0003396,1,449.67,42,1,1,1,12,143447,501,7000,1,4,1,2,1,1900101,1000000
2024KL0003397,1,449.67,18,2,4,1,14,8063,73,3000,2,1,1,5,1,1900108,1000000
2024KL0003398,1,449.67,58,2,3,1,13,78057,501,6000,1,3,1,1,1,1900109,1000000
2024KL0003399,1,449.67,1,1,1,1,7,3369,30,0,0,6,1,5,1,1900100,1000000
2024KL0003400,1,449.67,23,2,1,1,16,55311,501,3000,2,1,1,5,1,1900103,1000000
2024KL0003401,1,449.67,29,1,2,1,10,28900,262,8000,1,2,1,1,1,1900112,1000000
2024KL0003402,1,449.67,19,2,6,1,10,7967,72,6000,1,1,1,1,1,1900105,1000000
2024KL0003403,1,449.67,0,1,1,1,9,2182,19,0,0,6,1,5,1,1900114,1000000
2024KL0003404,1,449.67,15,1,1,1,19,18443,167,0,0,6,1,5,1,1900112,1000000
2024KL0003405,1,449.67,3,1,1,1,4,3273,29,0,0,6,1,5,1,1900108,1000000
2024KL0003406,1,449.67,73,2,1,1,12,14196,129,0,0,6,5,4,1,1900107,1000000
2024KL0003407,1,449.67,32,2,2,1,13,105056,501,6000,1,1,1,1,1,1900100,1000000
2024KL0003408,1,449.67,78,2,9,1,7,5128,46,0,0,6,1,2,1,1900108,1000000
2024KL0003409,1,449.67,75,1,3,1,5,6742,61,0,0,6,1,1,1,1900111,1000000
2024KL0003410,1,449.67,75,1,1,1,7,4689,42,0,0,6,1,1,1,1900113,1000000
2024KL0003411,1,449.67,26,2,4,1,14,10214,92,7000,4,4,1,5,1,1900104,1000000
2024KL0003412,1,449.67,47,2,1,1,11,57766,501,1000,2,1,1,1,1,1900113,1000000
2024KL0003413,1,449.67,7,2,3,1,7,4190,38,0,0,6,1,5,1,1900110,1000000
2024KL0003414,1,449.67,13,1,2,1,7,2101,19,0,0,6,1,5,1,1900113,1000000
2024KL0003415,1,449.67,44,2,1,1,9,19417,176,7000,1,2,1,1,1,1900106,1000000
2024KL0003416,1,449.67,49,1,3,1,10,58349,501,1000,3,4,1,1,1,1900102,1000000
2024KL0003417,1,449.67,73,2,2,1,5,2880,26,0,0,6,1,1,1,1900104,1000000
2024KL0003418,1,449.67,41,2,1,1,14,37860,344,7000,4,1,1,2,1,1900105,1000000
2024KL0003419,1,449.67,18,1,6,1,17,23175,210,6000,1,1,1,5,1,1900104,1000000
2024KL0003420,1,449.67,87,1,3,1,7,12931,117,0,0,6,1,2,1,1900111,1000000
2024KL0003421,1,449.67,3,1,1,1,9,6595,59,0,0,6,1,5,1,1900108,1000000
2024KL0003422,1,449.67,12,2,6,1,4,2653,24,0,0,6,1,5,1,1900110,1000000
2024KL0003423,1,449.67,26,1,2,1,12,8178,74,3000,1,1,1,1,1,1900102,1000000
2024KL0003424,1,449.67,35,1,4,1,7,28927,262,6000,1,1,1,1,1,1900103,1000000
2024KL0003425,1,449.67,90,2,1,1,5,5221,47,0,0,6,1,1,1,1900101,1000000
2024KL0003426,1,449.67,11,2,2,1,6,4945,44,0,0,6,1,5,1,1900106,1000000
2024KL0003427,1,449.67,34,2,4,1,14,39949,363,2000,2,1,1,1,1,1900112,1000000
2024KL0003428,1,449.67,91,2,3,1,6,4028,36,0,0,6,1,1,1,1900108,1000000
2024KL0003429,1,449.67,17,1,2,1,17,24652,224,0,0,6,1,5,1,1900110,1000000
2024KL0003430,1,449.67,10,2,1,1,8,2629,23,0,0,6,1,5,1,1900112,1000000
2024KL0003431,1,449.67,41,1,4,1,5,9259,84,9800,4,1,1,1,1,1900100,1000000
2024KL0003432,1,449.67,39,2,1,1,10,13452,122,6000,3,4,1,2,1,1900109,1000000
2024KL0003433,1,449.67,39,2,4,1,17,126724,501,5000,3,1,1,1,1,1900102,1000000
2024KL0003434,1,449.67,10,1,1,1,7,3180,28,0,0,6,1,5,1,1900114,1000000
2024KL0003435,1,449.67,32,2,1,1,13,29716,270,3000,2,1,1,1,1,1900114,1000000
2024KL0003436,1,449.67,55,2,1,1,14,21671,197,7000,4,1,1,5,1,1900110,1000000
2024KL0003437,1,449.67,88,2,1,1,8,4306,39,0,0,6,1,1,1,1900105,1000000
2024KL0003438,1,449.67,10,1,1,1,1,6960,63,0,0,6,1,5,2,1900111,1000000
2024KL0003439,1,449.67,14,2,6,1,1,2805,25,0,0,6,1,5,1,1900109,1000000
2024KL0003440,1,449.67,2,1,1,1,7,9561,86,0,0,6,1,5,1,1900111,1000000
2024KL0003441,1,449.67,4,2,1,1,7,2311,21,0,0,6,1,5,1,1900110,1000000
2024KL0003442,1,449.67,60,2,3,1,6,8471,77,9000,6,1,1,1,1,1900104,1000000
2024KL0003443,1,449.67,15,1,1,1,13,16055,145,0,0,6,1,5,1,1900110,1000000
2024KL0003444,1,449.67,40,1,4,1,5,17654,160,9800,4,1,1,3,1,1900109,1000000
2024KL0003445,1,449.67,16,1,8,1,20,31124,282,0,0,6,1,5,1,1900108,1000000
2024KL0003446,1,449.67,25,2,3,1,19,163786,501,3000,3,1,1,1,1,1900113,1000000
2024KL0003447,1,449.67,16,2,1,1,16,18217,165,0,0,6,1,5,1,1900111,1000000
2024KL0003448,1,449.67,15,1,1,1,19,51224,465,0,0,6,1,5,1,1900114,1000000
2024KL0003449,1,449.67,30,1,1,1,11,10789,98,2000,2,1,1,5,1,1900108,1000000
2024KL0003450,1,449.67,41,2,4,1,16,93210,501,2000,2,3,1,1,1,1900103,1000000
2024KL0003451,1,449.67,24,1,1,1,18,36169,328,5000,4,5,1,5,1,1900109,1000000
2024KL0003452,1,449.67,50,2,1,1,10,89282,501,7000,3,1,1,1,1,1900101,1000000
2024KL0003453,1,449.67,49,1,1,1,12,28329,257,7000,4,1,1,2,1,1900110,1000000
2024KL0003454,1,449.67,46,1,1,1,10,33644,305,5000,1,1,1,1,1,1900100,1000000
2024KL0003455,1,449.67,18,2,1,1,17,50059,455,1000,2,1,1,5,1,1900108,1000000
2024KL0003456,1,449.67,15,1,2,1,17,24465,222,0,0,6,1,5,1,1900109,1000000
2024KL0003457,1,449.67,23,2,3,1,16,40432,367,6000,3,1,1,5,1,1900107,1000000
2024KL0003458,1,449.67,36,1,8,1,13,13024,118,7000,6,1,1,5,2,1900109,1000000
2024KL0003459,1,449.67,44,2,6,1,10,82682,501,9000,3,1,1,5,1,1900110,1000000
2024KL0003460,1,449.67,35,2,1,1,8,4556,41,6000,1,1,1,1,1,1900106,1000000
2024KL0003461,1,449.67,19,2,2,1,14,9422,85,1000,1,1,1,5,1,1900106,1000000
2024KL0003462,1,449.67,31,1,1,1,10,63655,501,3000,3,1,1,5,1,1900113,1000000
2024KL0003463,1,449.67,66,1,4,1,5,2994,27,9920,1,1,2,1,1,1900105,1000000
2024KL0003464,1,449.67,28,2,4,1,14,12930,117,3000,1,1,1,1,1,1900113,1000000
2024KL0003465,1,449.67,16,1,1,1,14,1258,11,0,0,6,1,5,2,1900111,1000000
2024KL0003466,1,449.67,5,2,1,1,6,2028,18,0,0,6,1,5,1,1900104,1000000
2024KL0003467,1,449.67,7,2,1,1,7,8421,76,0,0,6,1,5,2,1900114,1000000
2024KL0003468,1,449.67,74,2,2,1,9,2451,22,0,0,6,1,2,1,1900108,1000000
2024KL0003469,1,449.67,48,2,1,1,8,7972,72,9000,1,1,1,5,1,1900111,1000000
2024KL0003470,1,449.67,9,2,3,1,4,4198,38,0,0,6,1,5,1,1900112,1000000
2024KL0003471,1,449.67,28,2,1,1,6,4777,43,9800,4,1,1,5,1,1900102,1000000
2024KL0003472,1,449.67,59,1,3,1,12,32528,295,7000,1,1,1,3,1,1900108,1000000
2024KL0003473,1,449.67,4,1,1,1,5,6448,58,0,0,6,1,5,1,1900110,1000000
2024KL0003474,1,449.67,39,1,1,1,12,23990,218,8000,3,4,1,1,1,1900111,1000000
2024KL0003475,1,449.67,93,1,4,1,9,10985,99,0,0,6,1,5,1,1900111,1000000
2024KL0003476,1,449.67,31,1,4,1,19,137747,501,1000,1,1,1,1,1,1900101,1000000
2024KL0003477,1,449.67,42,2,3,1,17,42230,383,5000,6,1,1,2,1,1900101,1000000
2024KL0003478,1,449.67,12,1,2,1,1,1395,12,0,0,6,1,5,2,1900109,1000000
2024KL0003479,1,449.67,46,2,7,1,14,11360,103,7000,4,1,1,5,1,1900106,1000000
2024KL0003480,1,449.67,17,2,1,1,12,11908,108,0,0,6,1,5,1,1900102,1000000
2024KL0003481,1,449.67,25,1,1,1,14,22085,200,2000,1,1,1,1,1,1900114,1000000
2024KL0003482,1,449.67,42,2,3,1,8,11492,104,8000,1,1,1,1,2,1900108,1000000
2024KL0003483,1,449.67,41,2,2,1,7,9492,86,5000,4,1,1,1,1,1900105,1000000
2024KL0003484,1,449.67,82,2,1,1,8,7783,70,0,0,6,1,3,1,1900106,1000000
2024KL0003485,1,449.67,30,1,1,1,19,169784,501,2000,1,4,1,1,1,1900112,1000000
2024KL0003486,1,449.67,100,2,1,1,6,12698,115,0,0,6,2,1,1,1900114,1000000
2024KL0003487,1,449.67,31,1,2,1,6,18316,166,7000,3,5,1,1,1,1900104,1000000
2024KL0003488,1,449.67,12,1,3,1,3,5367,48,0,0,6,1,5,1,1900107,1000000
2024KL0003489,1,449.67,50,2,5,1,11,23706,215,7000,3,1,1,1,1,1900110,1000000
2024KL0003490,1,449.67,5,2,3,1,4,3397,30,0,0,6,1,5,1,1900107,1000000
2024KL0003491,1,449.67,2,2,2,1,3,4830,43,0,0,6,1,5,1,1900103,1000000
2024KL0003492,1,449.67,38,2,3,1,15,73108,501,6000,3,1,1,1,1,1900103,1000000
2024KL0003493,1,449.67,22,1,1,1,13,3927,35,9800,4,2,1,5,1,1900111,1000000
2024KL0003494,1,449.67,21,2,1,1,16,49930,453,6000,1,2,1,5,1,1900108,1000000
2024KL0003495,1,449.67,3,2,4,1,2,3639,33,0,0,6,1,5,1,1900105,1000000
2024KL0003496,1,449.67,15,1,2,1,17,25379,230,0,0,6,1,5,1,1900112,1000000
2024KL0003497,1,449.67,7,1,1,1,4,871,7,0,0,6,1,5,1,1900104,1000000
2024KL0003498,1,449.67,31,1,1,1,9,56316,501,6000,4,1,1,1,1,1900103,1000000
2024KL0003499,1,449.67,23,2,7,1,10,30279,275,9000,3,1,5,5,1,1900105,1000000
2024KL0003500,1,449.67,27,1,1,1,13,35358,321,7000,3,1,1,1,1,1900101,1000000
2024KL0003501,1,449.67,6,1,1,1,1,9436,85,0,0,6,1,5,1,1900114,1000000
2024KL0003502,1,449.67,20,2,1,1,14,4624,42,7000,4,1,1,5,1,1900108,1000000
2024KL0003503,1,449.67,34,1,1,1,16,93213,501,5000,6,1,1,1,1,1900104,1000000
2024KL0003504,1,449.67,10,1,4,1,5,2750,25,0,0,6,1,5,1,1900110,1000000
2024KL0003505,1,449.67,19,2,1,1,15,47894,435,1000,3,1,1,5,1,1900102,1000000
2024KL0003506,1,449.67,39,2,2,1,9,7899,71,3000,1,1,1,1,1,1900105,1000000
2024KL0003507,1,449.67,13,2,2,1,7,6719,61,0,0,6,1,5,1,1900101,1000000
2024KL0003508,1,449.67,49,2,1,1,8,25853,235,8000,6,1,1,1,1,1900114,1000000
2024KL0003509,1,449.67,41,1,4,1,10,15463,140,7000,3,1,1,1,1,1900111,1000000
2024KL0003510,1,449.67,32,1,5,1,9,54693,497,7000,1,4,1,5,1,1900110,1000000
2024KL0003511,1,449.67,68,2,9,1,5,1120,10,6000,1,3,1,1,1,1900110,1000000
2024KL0003512,1,449.67,7,1,3,1,3,867,7,0,0,6,1,5,2,1900100,1000000
2024KL0003513,1,449.67,22,1,1,1,17,40161,365,4000,3,3,1,1,1,1900109,1000000
2024KL0003514,1,449.67,37,1,1,1,16,14715,133,2000,2,2,1,5,1,1900106,1000000
2024KL0003515,1,449.67,55,2,2,1,8,4999,45,8000,1,1,1,5,1,1900107,1000000
2024KL0003516,1,449.67,39,1,1,1,10,61872,501,8000,4,1,1,1,1,1900107,1000000
2024KL0003517,1,449.67,63,2,1,1,9,15108,137,2000,1,1,1,5,1,1900107,1000000
2024KL0003518,1,449.67,47,1,1,1,13,26785,243,9800,4,5,1,1,1,1900105,1000000
2024KL0003519,1,449.67,18,2,6,1,14,4908,44,1000,2,1,1,1,1,1900113,1000000
2024KL0003520,1,449.67,6,2,2,1,6,4870,44,0,0,6,1,5,1,1900104,1000000
2024KL0003521,1,449.67,32,1,6,1,6,38485,349,9920,3,1,1,5,2,1900101,1000000
2024KL0003522,1,449.67,32,2,6,1,8,2636,23,9800,4,1,1,1,1,1900106,1000000
2024KL0003523,1,449.67,2,1,9,1,1,10222,92,0,0,6,1,5,1,1900107,1000000
2024KL0003524,1,449.67,25,1,1,1,9,21720,197,6000,1,1,1,1,1,1900105,1000000
2024KL0003525,1,449.67,38,1,3,1,14,15928,144,9800,1,1,1,1,1,1900109,1000000
2024KL0003526,1,449.67,36,1,3,1,16,76866,501,4000,3,1,1,1,1,1900112,1000000
2024KL0003527,1,449.67,10,2,1,1,4,6124,55,0,0,6,1,5,1,1900108,1000000
2024KL0003528,1,449.67,3,1,2,1,4,8935,81,0,0,6,1,5,1,1900113,1000000
2024KL0003529,1,449.67,79,2,1,1,7,5825,52,0,0,6,1,2,1,1900113,1000000
2024KL0003530,1,449.67,14,1,3,1,4,2361,21,0,0,6,1,5,1,1900114,1000000
2024KL0003531,1,449.67,33,2,1,1,7,3089,28,6000,3,1,1,1,1,1900105,1000000
2024KL0003532,1,449.67,36,2,1,1,7,16416,149,9000,1,1,1,5,1,1900101,1000000
2024KL0003533,1,449.67,52,1,3,1,17,51075,464,6000,4,1,1,1,2,1900114,1000000
2024KL0003534,1,449.67,94,2,4,1,8,4543,41,0,0,6,1,1,1,1900110,1000000
2024KL0003535,1,449.67,76,2,1,1,11,40445,367,0,0,6,1,1,1,1900106,1000000
2024KL0003536,1,449.67,42,1,1,1,11,94822,501,6000,3,1,1,1,1,1900109,1000000
2024KL0003537,1,449.67,41,2,1,1,10,63245,501,6000,1,1,1,1,1,1900105,1000000
2024KL0003538,1,449.67,23,1,6,1,10,28226,256,5000,6,3,1,5,1,1900112,1000000
2024KL0003539,1,449.67,0,1,7,1,1,2140,19,0,0,6,1,5,2,1900109,1000000
2024KL0003540,1,449.67,28,2,1,1,13,12589,114,9000,1,3,1,1,1,1900106,1000000
2024KL0003541,1,449.67,42,2,3,1,5,7997,72,9800,4,1,1,1,2,1900101,1000000
2024KL0003542,1,449.67,8,1,4,1,4,5891,53,0,0,6,1,5,1,1900109,1000000
2024KL0003543,1,449.67,53,1,2,1,20,191664,501,4000,2,1,2,1,1,1900111,1000000
2024KL0003544,1,449.67,33,2,1,1,11,43988,399,5000,6,4,1,1,1,1900105,1000000
2024KL0003545,1,449.67,2,2,3,1,3,3579,32,0,0,6,1,5,1,1900102,1000000
2024KL0003546,1,449.67,33,2,9,1,8,6402,58,9800,6,1,1,5,1,1900102,1000000
2024KL0003547,1,449.67,41,2,2,1,12,218229,501,9800,3,2,1,1,1,1900112,1000000
2024KL0003548,1,449.67,35,2,2,1,11,98904,501,6000,4,1,1,1,1,1900110,1000000
2024KL0003549,1,449.67,8,2,1,1,8,1386,12,0,0,6,1,5,1,1900113,1000000
2024KL0003550,1,449.67,27,1,1,1,9,34583,314,2000,3,1,1,5,1,1900108,1000000
2024KL0003551,1,449.67,6,1,1,1,9,12646,114,0,0,6,1,5,1,1900104,1000000
2024KL0003552,1,449.67,61,1,2,1,9,27203,247,4000,2,1,1,1,1,1900102,1000000
2024KL0003553,1,449.67,39,2,1,1,5,30105,273,5000,4,2,1,1,2,1900102,1000000
2024KL0003554,1,449.67,49,2,1,1,5,7211,65,9000,1,5,1,1,1,1900102,1000000
2024KL0003555,1,449.67,31,1,2,1,5,32096,291,5000,4,1,1,5,2,1900106,1000000
2024KL0003556,1,449.67,96,2,1,1,7,24154,219,0,0,6,1,1,1,1900110,1000000
2024KL0003557,1,449.67,31,1,4,1,5,5849,53,6000,3,1,1,5,1,1900110,1000000
2024KL0003558,1,449.67,24,1,2,1,17,39603,360,6000,6,1,1,5,1,1900108,1000000
2024KL0003559,1,449.67,97,1,3,1,8,1561,14,0,0,6,1,2,1,1900104,1000000
2024KL0003560,1,449.67,31,2,1,1,7,25941,235,6000,4,3,1,1,1,1900109,1000000
2024KL0003561,1,449.67,32,2,2,1,11,7797,70,1000,3,1,1,1,1,1900112,1000000
2024KL0003562,1,449.67,33,2,1,1,8,18341,166,6000,4,5,1,1,1,1900114,1000000
2024KL0003563,1,449.67,11,1,1,1,3,851,7,0,0,6,1,5,1,1900102,1000000
2024KL0003564,1,449.67,59,2,2,1,17,54698,497,4000,1,1,1,1,1,1900109,1000000
2024KL0003565,1,449.67,23,2,1,1,11,64704,501,9000,3,1,1,5,1,1900100,1000000
2024KL0003566,1,449.67,20,2,1,1,11,7758,70,2000,1,1,1,5,1,1900113,1000000
2024KL0003567,1,449.67,2,1,1,1,9,9757,88,0,0,6,1,5,1,1900107,1000000
2024KL0003568,1,449.67,0,1,2,1,6,6661,60,0,0,6,1,5,1,1900102,1000000
2024KL0003569,1,449.67,24,1,1,1,15,104529,501,3000,2,1,1,5,1,1900109,1000000
2024KL0003570,1,449.67,85,1,1,1,6,3210,29,0,0,6,1,1,1,1900105,1000000
2024KL0003571,1,449.67,20,1,1,1,14,14371,130,5000,3,1,1,5,1,1900113,1000000
2024KL0003572,1,449.67,26,1,3,1,10,12698,115,5000,1,1,1,5,1,1900113,1000000
2024KL0003573,1,449.67,15,2,1,1,11,2732,24,0,0,6,1,5,1,1900109,1000000
2024KL0003574,1,449.67,53,2,3,1,6,17541,159,5000,1,1,1,2,1,1900107,1000000
2024KL0003575,1,449.67,19,1,1,1,11,27939,253,5000,1,3,1,5,1,1900110,1000000
2024KL0003576,1,449.67,13,1,1,1,2,1639,14,0,0,6,1,5,1,1900108,1000000
2024KL0003577,1,449.67,41,2,5,1,16,58713,501,6000,3,1,1,1,1,1900114,1000000
2024KL0003578,1,449.67,17,1,3,1,13,4195,38,0,0,6,1,5,1,1900109,1000000
2024KL0003579,1,449.67,36,1,1,1,16,19343,175,2000,1,1,1,5,2,1900101,1000000
2024KL0003580,1,449.67,43,1,2,1,6,19791,179,9800,6,2,1,1,1,1900105,1000000
2024KL0003581,1,449.67,11,1,2,1,4,1600,14,0,0,6,1,5,1,1900103,1000000
2024KL0003582,1,449.67,16,1,6,1,17,94653,501,0,0,6,1,5,1,1900109,1000000
2024KL0003583,1,449.67,53,1,1,1,12,54365,494,7000,3,4,1,2,1,1900111,1000000
2024KL0003584,1,449.67,30,2,3,1,6,18701,170,8000,3,1,1,1,1,1900111,1000000
2024KL0003585,1,449.67,22,2,1,1,11,8532,77,6000,3,1,1,5,1,1900109,1000000
2024KL0003586,1,449.67,36,1,1,1,14,15397,139,1000,1,1,1,1,1,1900109,1000000
2024KL0003587,1,449.67,6,2,2,1,3,13563,123,0,0,6,2,5,1,1900108,1000000
2024KL0003588,1,449.67,14,2,1,1,7,3149,28,0,0,6,1,5,1,1900112,1000000
2024KL0003589,1,449.67,34,2,3,1,8,8674,78,5000,1,1,1,1,1,1900112,1000000
2024KL0003590,1,449.67,14,1,3,1,6,10335,93,0,0,6,1,5,1,1900110,1000000
2024KL0003591,1,449.67,59,1,1,1,8,41796,379,5000,3,5,1,2,1,1900110,1000000
2024KL0003592,1,449.67,48,1,1,1,9,33869,307,6000,1,1,1,1,1,1900105,1000000
2024KL0003593,1,449.67,35,1,1,1,14,24978,227,9800,1,5,1,5,1,1900102,1000000
2024KL0003594,1,449.67,28,1,1,1,11,11280,102,6000,1,5,1,5,1,1900103,1000000
2024KL0003595,1,449.67,39,1,3,1,18,454135,501,6000,6,5,1,1,1,1900100,1000000
2024KL0003596,1,449.67,39,2,5,1,12,61002,501,6000,4,1,1,1,1,1900102,1000000
2024KL0003597,1,449.67,75,2,7,1,6,9383,85,0,0,6,1,2,1,1900107,1000000
2024KL0003598,1,449.67,29,1,1,1,13,36440,331,4000,3,4,1,5,1,1900104,1000000
2024KL0003599,1,449.67,13,1,1,1,1,2057,18,0,0,6,1,5,1,1900104,1000000
2024KL0003600,1,449.67,100,1,3,1,7,9152,83,0,0,6,1,1,1,1900112,1000000
2024KL0003601,1,449.67,16,1,1,1,16,9743,88,0,0,6,1,5,1,1900103,1000000
2024KL0003602,1,449.67,21,2,1,1,14,6308,57,9800,4,1,1,5,1,1900103,1000000
2024KL0003603,1,449.67,14,2,5,1,9,12936,117,0,0,6,1,5,1,1900110,1000000
2024KL0003604,1,449.67,25,1,1,1,15,70111,501,1000,1,5,1,1,1,1900114,1000000
2024KL0003605,1,449.67,9,2,1,1,4,2261,20,0,0,6,1,5,1,1900105,1000000
2024KL0003606,1,449.67,42,1,3,1,8,7005,63,7000,1,2,1,1,1,1900114,1000000
2024KL0003607,1,449.67,9,2,1,1,7,3964,36,0,0,6,1,5,1,1900109,1000000
2024KL0003608,1,449.67,73,1,3,1,8,7701,70,0,0,6,1,4,1,1900102,1000000
2024KL0003609,1,449.67,85,1,1,1,8,3371,30,0,0,6,1,1,1,1900102,1000000
2024KL0003610,1,449.67,25,1,5,1,14,22815,207,5000,1,1,2,5,1,1900113,1000000
2024KL0003611,1,449.67,62,1,9,1,6,20353,185,5000,4,1,2,1,1,1900113,1000000
2024KL0003612,1,449.67,6,1,3,1,3,2535,23,0,0,6,1,5,1,1900108,1000000
2024KL0003613,1,449.67,11,1,1,1,5,2116,19,0,0,6,1,5,1,1900100,1000000
2024KL0003614,1,449.67,59,1,9,1,6,1616,14,9800,3,1,1,2,1,1900113,1000000
2024KL0003615,1,449.67,3,1,1,1,6,1972,17,0,0,6,1,5,1,1900104,1000000
2024KL0003616,1,449.67,29,1,3,1,20,134641,501,4000,1,3,1,1,1,1900114,1000000
2024KL0003617,1,449.67,45,1,1,1,6,55821,501,5000,4,1,1,1,1,1900103,1000000
2024KL0003618,1,449.67,18,1,2,1,13,21996,199,6000,6,1,1,5,1,1900105,1000000
2024KL0003619,1,449.67,58,1,1,1,15,157953,501,4000,3,1,1,3,2,1900108,1000000
2024KL0003620,1,449.67,9,1,1,1,1,5639,51,0,0,6,1,5,1,1900112,1000000
2024KL0003621,1,449.67,36,1,1,1,14,6546,59,5000,1,3,1,1,1,1900108,1000000
2024KL0003622,1,449.67,51,1,1,1,11,34749,315,6000,1,1,1,5,1,1900101,1000000
2024KL0003623,1,449.67,53,1,3,1,5,21213,192,9920,4,5,1,1,1,1900105,1000000
2024KL0003624,1,449.67,19,2,3,1,18,8541,77,5000,1,1,1,5,1,1900113,1000000
2024KL0003625,1,449.67,34,2,3,1,18,115221,501,4000,2,2,1,1,1,1900109,1000000
2024KL0003626,1,449.67,22,2,6,1,13,21712,197,3000,2,1,1,1,1,1900106,1000000
2024KL0003627,1,449.67,17,2,2,1,17,8656,78,0,0,6,1,5,1,1900100,1000000
2024KL0003628,1,449.67,46,1,4,1,10,253963,501,6000,6,1,1,1,2,1900105,1000000
2024KL0003629,1,449.67,47,2,4,1,15,44626,405,3000,2,1,1,1,1,1900107,1000000
2024KL0003630,1,449.67,22,2,4,1,11,79363,501,1000,1,1,2,5,1,1900107,1000000
2024KL0003631,1,449.67,35,1,1,1,10,34071,309,5000,3,5,1,1,1,1900103,1000000
2024KL0003632,1,449.67,24,2,1,1,18,105802,501,4000,2,1,1,5,1,1900101,1000000
2024KL0003633,1,449.67,40,2,1,1,13,62272,501,9800,1,1,1,1,1,1900108,1000000
2024KL0003634,1,449.67,52,1,2,1,13,35627,323,1000,1,3,1,1,1,1900106,1000000
2024KL0003635,1,449.67,56,1,2,1,8,11794,107,9800,3,1,1,5,1,1900110,1000000
2024KL0003636,1,449.67,6,2,1,1,4,4176,37,0,0,6,2,5,1,1900102,1000000
2024KL0003637,1,449.67,8,2,5,1,6,2558,23,0,0,6,1,5,1,1900104,1000000
2024KL0003638,1,449.67,65,1,1,1,6,6143,55,9920,3,1,1,3,1,1900113,1000000
2024KL0003639,1,449.67,2,1,5,1,7,8702,79,0,0,6,1,5,1,1900109,1000000
2024KL0003640,1,449.67,49,1,3,1,10,27661,251,9000,4,1,1,2,1,1900112,1000000
2024KL0003641,1,449.67,12,1,1,1,3,5576,50,0,0,6,1,5,1,1900103,1000000
2024KL0003642,1,449.67,30,1,1,1,6,3391,30,9800,6,1,1,5,1,1900109,1000000
2024KL0003643,1,449.67,46,2,5,1,11,13227,120,8000,6,1,1,1,1,1900104,1000000
2024KL0003644,1,449.67,13,1,2,1,5,4010,36,0,0,6,1,5,1,1900106,1000000
2024KL0003645,1,449.67,12,1,5,1,5,644,5,0,0,6,1,5,1,1900102,1000000
2024KL0003646,1,449.67,41,2,3,1,12,15004,136,5000,1,1,1,1,1,1900106,1000000
2024KL0003647,1,449.67,18,2,2,1,10,6927,62,3000,2,1,1,5,1,1900112,1000000
2024KL0003648,1,449.67,43,1,1,1,7,3978,36,6000,1,2,1,1,1,1900110,1000000
2024KL0003649,1,449.67,26,2,1,1,5,4261,38,5000,3,5,1,5,1,1900101,1000000
2024KL0003650,1,449.67,21,1,3,1,13,4810,43,9000,1,2,1,1,1,1900101,1000000
2024KL0003651,1,449.67,36,1,1,1,10,45966,417,1000,1,1,2,1,1,1900111,1000000
2024KL0003652,1,449.67,38,2,1,1,10,18938,172,8000,3,2,1,1,2,1900101,1000000
2024KL0003653,1,449.67,15,1,2,1,19,89932,501,0,0,6,1,5,1,1900107,1000000
2024KL0003654,1,449.67,30,2,9,1,16,238832,501,5000,1,3,1,1,1,1900106,1000000
2024KL0003655,1,449.67,91,2,4,1,7,3926,35,0,0,6,1,1,1,1900106,1000000
2024KL0003656,1,449.67,19,2,1,1,15,8108,73,1000,3,5,2,5,1,1900110,1000000
2024KL0003657,1,449.67,11,1,2,1,6,2850,25,0,0,6,1,5,1,1900112,1000000
2024KL0003658,1,449.67,5,1,6,1,6,4039,36,0,0,6,1,5,1,1900111,1000000
2024KL0003659,1,449.67,5,2,1,1,4,2655,24,0,0,6,1,5,1,1900111,1000000
2024KL0003660,1,449.67,25,2,3,1,13,20377,185,1000,1,2,1,1,1,1900101,1000000
2024KL0003661,1,449.67,53,2,9,1,13,46052,418,1000,1,2,1,1,1,1900111,1000000
2024KL0003662,1,449.67,18,1,1,1,15,19167,174,2000,2,5,1,1,1,1900101,1000000
2024KL0003663,1,449.67,24,1,1,1,13,16967,154,5000,4,1,1,5,1,1900104,1000000
2024KL0003664,1,449.67,48,2,1,1,11,56594,501,6000,1,1,1,1,1,1900105,1000000
2024KL0003665,1,449.67,11,2,7,1,1,2669,24,0,0,6,1,5,1,1900102,1000000
2024KL0003666,1,449.67,60,2,1,1,5,4825,43,5000,3,4,1,1,1,1900112,1000000
2024KL0003667,1,449.67,16,1,2,1,16,9190,83,0,0,6,1,5,1,1900100,1000000
2024KL0003668,1,449.67,9,2,6,1,3,4165,37,0,0,6,1,5,1,1900106,1000000
2024KL0003669,1,449.67,47,1,3,1,11,36760,334,6000,1,1,1,1,1,1900105,1000000
2024KL0003670,1,449.67,31,1,1,1,10,37999,345,1000,1,1,1,5,1,1900100,1000000
2024KL0003671,1,449.67,17,2,3,1,19,66958,501,0,0,6,1,5,1,1900108,1000000
2024KL0003672,1,449.67,15,2,4,1,17,10876,98,0,0,6,1,5,1,1900100,1000000
2024KL0003673,1,449.67,85,2,1,1,5,12496,113,0,0,6,1,1,1,1900103,1000000
2024KL0003674,1,449.67,45,1,5,1,9,28340,257,7000,6,1,1,1,1,1900103,1000000
2024KL0003675,1,449.67,43,2,1,1,10,9938,90,1000,2,1,1,1,1,1900106,1000000
2024KL0003676,1,449.67,11,2,1,1,5,5348,48,0,0,6,1,5,1,1900102,1000000
2024KL0003677,1,449.67,0,1,2,1,5,2130,19,0,0,6,1,5,1,1900102,1000000
2024KL0003678,1,449.67,8,1,3,1,2,1611,14,0,0,6,1,5,1,1900111,1000000
2024KL0003679,1,449.67,37,2,1,1,13,57884,501,6000,3,1,1,1,1,1900107,1000000
2024KL0003680,1,449.67,67,2,1,1,5,10060,91,5000,3,1,1,1,1,1900111,1000000
2024KL0003681,1,449.67,44,2,2,1,9,78472,501,1000,1,1,1,1,1,1900112,1000000
2024KL0003682,1,449.67,50,2,3,1,8,10092,91,8000,6,1,1,3,1,1900114,1000000
2024KL0003683,1,449.67,38,2,1,1,11,7650,69,7000,4,1,1,1,1,1900114,1000000
2024KL0003684,1,449.67,5,2,1,1,1,4633,42,0,0,6,1,5,1,1900102,1000000
2024KL0003685,1,449.67,70,1,3,1,5,1546,14,6000,1,1,1,1,1,1900112,1000000
2024KL0003686,1,449.67,14,1,3,1,1,3305,30,0,0,6,1,5,2,1900114,1000000
2024KL0003687,1,449.67,49,1,1,1,14,16375,148,6000,1,1,1,1,1,1900105,1000000
2024KL0003688,1,449.67,19,1,2,1,15,65975,501,1000,1,5,1,1,1,1900112,1000000
2024KL0003689,1,449.67,8,2,1,1,2,11801,107,0,0,6,1,5,1,1900111,1000000
2024KL0003690,1,449.67,0,1,4,1,5,4649,42,0,0,6,1,5,1,1900103,1000000
2024KL0003691,1,449.67,15,1,3,1,14,4099,37,0,0,6,1,5,1,1900100,1000000
2024KL0003692,1,449.67,2,2,2,1,6,1720,15,0,0,6,1,5,1,1900101,1000000
2024KL0003693,1,449.67,25,1,2,1,9,8958,81,9800,3,1,1,1,1,1900101,1000000
2024KL0003694,1,449.67,15,1,2,1,15,29300,266,0,0,6,2,5,1,1900113,1000000
2024KL0003695,1,449.67,60,2,5,1,5,12237,111,9800,1,1,1,2,1,1900103,1000000
2024KL0003696,1,449.67,22,1,1,1,20,78327,501,4000,1,1,1,5,1,1900114,1000000
2024KL0003697,1,449.67,49,1,2,1,8,18061,164,6000,3,1,1,1,1,1900103,1000000
2024KL0003698,1,449.67,64,2,3,1,5,6625,60,9000,3,5,1,1,1,1900103,1000000
2024KL0003699,1,449.67,93,2,1,1,12,3504,31,0,0,6,1,5,2,1900101,1000000
2024KL0003700,1,449.67,14,1,6,1,2,16790,152,0,0,6,1,5,1,1900104,1000000
2024KL0003701,1,449.67,21,1,4,1,12,10621,96,6000,3,1,1,5,1,1900105,1000000
2024KL0003702,1,449.67,52,2,5,1,14,13290,120,7000,1,1,1,2,2,1900112,1000000
2024KL0003703,1,449.67,85,1,1,1,5,10749,97,0,0,6,1,1,1,1900100,1000000
2024KL0003704,1,449.67,97,1,1,1,12,17787,161,0,0,6,2,1,1,1900102,1000000
2024KL0003705,1,449.67,17,2,1,1,14,36853,335,0,0,6,1,5,1,1900101,1000000
2024KL0003706,1,449.67,54,2,2,1,12,43913,399,6000,1,5,1,1,2,1900105,1000000
2024KL0003707,1,449.67,39,1,2,1,5,6267,56,6000,3,1,1,1,1,1900108,1000000
2024KL0003708,1,449.67,32,1,6,1,10,89590,501,7000,3,1,1,1,1,1900110,1000000
2024KL0003709,1,449.67,48,1,4,1,11,27682,251,6000,3,1,1,1,1,1900103,1000000
2024KL0003710,1,449.67,52,2,1,1,17,39324,357,2000,1,4,1,1,1,1900105,1000000
2024KL0003711,1,449.67,48,1,1,1,10,6027,54,9000,1,1,1,1,1,1900109,1000000
2024KL0003712,1,449.67,35,2,1,1,14,38066,346,2000,1,1,1,1,1,1900101,1000000
2024KL0003713,1,449.67,24,1,1,1,16,64728,501,6000,3,1,1,5,1,1900112,1000000
2024KL0003714,1,449.67,46,1,2,1,14,21828,198,1000,3,1,1,1,1,1900104,1000000
2024KL0003715,1,449.67,33,1,5,1,10,139748,501,2000,1,3,1,5,1,1900111,1000000
2024KL0003716,1,449.67,23,2,6,1,18,31311,284,1000,2,1,1,5,1,1900112,1000000
2024KL0003717,1,449.67,10,1,2,1,3,931,8,0,0,6,5,5,1,1900100,1000000
2024KL0003718,1,449.67,40,2,7,1,13,68747,501,1000,1,1,1,1,1,1900111,1000000
2024KL0003719,1,449.67,50,2,8,1,15,15878,144,3000,1,1,1,1,1,1900105,1000000
2024KL0003720,1,449.67,3,1,1,1,2,7223,65,0,0,6,1,5,1,1900114,1000000
2024KL0003721,1,449.67,52,1,5,1,11,40629,369,6000,3,1,1,5,1,1900112,1000000
2024KL0003722,1,449.67,28,1,4,1,16,43137,392,2000,3,1,1,1,1,1900101,1000000
2024KL0003723,1,449.67,39,1,2,1,18,90090,501,1000,2,1,1,1,1,1900101,1000000
2024KL0003724,1,449.67,1,1,1,1,4,5264,47,0,0,6,1,5,2,1900105,1000000
2024KL0003725,1,449.67,0,1,1,1,3,4621,42,0,0,6,1,5,1,1900109,1000000
2024KL0003726,1,449.67,41,1,1,1,13,16907,153,7000,4,1,1,1,1,1900111,1000000
2024KL0003727,1,449.67,71,1,4,1,8,5914,53,0,0,6,1,2,1,1900101,1000000
2024KL0003728,1,449.67,50,2,1,1,6,6008,54,8000,4,1,5,1,1,1900114,1000000
2024KL0003729,1,449.67,39,2,3,1,9,15575,141,7000,4,3,1,1,1,1900108,1000000
2024KL0003730,1,449.67,5,1,3,1,6,1714,15,0,0,6,1,5,1,1900104,1000000
2024KL0003731,1,449.67,61,2,4,1,6,2989,27,9920,6,1,1,2,1,1900106,1000000
2024KL0003732,1,449.67,36,1,7,1,12,38653,351,6000,3,4,1,1,1,1900105,1000000
2024KL0003733,1,449.67,16,1,6,1,13,9565,86,0,0,6,2,5,1,1900112,1000000
2024KL0003734,1,449.67,47,2,2,1,9,32513,295,7000,1,2,1,1,1,1900111,1000000
2024KL0003735,1,449.67,41,2,1,1,9,18909,171,3000,1,5,1,1,1,1900103,1000000
2024KL0003736,1,449.67,19,2,1,1,18,23562,214,6000,4,1,1,5,1,1900106,1000000
2024KL0003737,1,449.67,23,1,1,1,10,44265,402,9000,4,5,1,5,1,1900109,1000000
2024KL0003738,1,449.67,37,2,1,1,9,27853,253,5000,3,1,1,1,1,1900110,1000000
2024KL0003739,1,449.67,31,2,2,1,7,19773,179,7000,3,1,1,1,1,1900102,1000000
2024KL0003740,1,449.67,41,2,5,1,9,23177,210,5000,1,1,1,1,1,1900111,1000000
2024KL0003741,1,449.67,7,2,1,1,5,2744,24,0,0,6,1,5,1,1900110,1000000
2024KL0003742,1,449.67,4,2,1,1,6,3387,30,0,0,6,1,5,1,1900107,1000000
2024KL0003743,1,449.67,3,2,1,1,5,3331,30,0,0,6,1,5,1,1900109,1000000
2024KL0003744,1,449.67,66,2,2,1,7,1939,17,9000,6,1,1,1,1,1900107,1000000
2024KL0003745,1,449.67,1,1,5,1,2,3689,33,0,0,6,1,5,1,1900111,1000000
2024KL0003746,1,449.67,13,2,5,1,6,1038,9,0,0,6,1,5,1,1900112,1000000
2024KL0003747,1,449.67,31,1,2,1,8,2433,22,7000,4,1,1,1,1,1900110,1000000
2024KL0003748,1,449.67,10,1,1,1,1,3118,28,0,0,6,1,5,1,1900103,1000000
2024KL0003749,1,449.67,50,2,6,1,11,23074,209,7000,1,1,1,2,1,1900101,1000000
2024KL0003750,1,449.67,17,2,1,1,15,17250,156,0,0,6,1,5,1,1900100,1000000
2024KL0003751,1,449.67,86,2,4,1,12,5476,49,0,0,6,1,1,1,1900101,1000000
2024KL0003752,1,449.67,0,1,2,1,3,1904,17,0,0,6,1,5,2,1900111,1000000
2024KL0003753,1,449.67,32,2,3,1,5,5296,48,8000,1,2,1,5,1,1900106,1000000
2024KL0003754,1,449.67,43,2,1,1,9,7635,69,5000,1,1,1,1,1,1900103,1000000
2024KL0003755,1,449.67,27,1,2,1,6,27973,254,6000,3,1,1,1,1,1900108,1000000
2024KL0003756,1,449.67,19,2,2,1,17,44317,402,6000,1,1,1,5,1,1900110,1000000
2024KL0003757,1,449.67,23,1,1,1,18,105648,501,1000,1,1,1,5,1,1900111,1000000
2024KL0003758,1,449.67,0,2,1,1,1,1956,17,0,0,6,1,5,1,1900100,1000000
2024KL0003759,1,449.67,30,2,1,1,10,46429,422,5000,3,1,2,1,1,1900113,1000000
2024KL0003760,1,449.67,51,1,1,1,15,111867,501,1000,1,1,1,1,1,1900100,1000000
2024KL0003761,1,449.67,53,2,1,1,8,3775,34,9920,1,1,1,5,1,1900105,1000000
2024KL0003762,1,449.67,13,1,1,1,5,4309,39,0,0,6,5,5,1,1900103,1000000
2024KL0003763,1,449.67,67,2,5,1,5,1719,15,9800,1,1,1,2,1,1900110,1000000
2024KL0003764,1,449.67,30,2,2,1,14,15886,144,9000,1,5,1,1,1,1900108,1000000
2024KL0003765,1,449.67,41,1,2,1,13,24050,218,9000,6,1,1,1,1,1900110,1000000
2024KL0003766,1,449.67,31,1,6,1,18,209956,501,1000,2,1,2,1,1,1900111,1000000
2024KL0003767,1,449.67,25,1,5,1,9,15145,137,6000,6,1,1,1,1,1900109,1000000
2024KL0003768,1,449.67,40,2,1,1,12,48883,444,2000,2,1,1,1,1,1900112,1000000
2024KL0003769,1,449.67,6,1,2,1,8,7019,63,0,0,6,1,5,1,1900108,1000000
2024KL0003770,1,449.67,25,1,3,1,10,6792,61,4000,1,1,1,5,1,1900100,1000000
2024KL0003771,1,449.67,89,1,1,1,9,36903,335,0,0,6,1,1,1,1900100,1000000
2024KL0003772,1,449.67,23,1,1,1,13,49044,445,6000,3,2,1,5,1,1900106,1000000
2024KL0003773,1,449.67,25,1,2,1,8,4433,40,9000,3,1,1,1,1,1900110,1000000
2024KL0003774,1,449.67,2,1,1,1,6,3542,32,0,0,6,1,5,1,1900113,1000000
2024KL0003775,1,449.67,33,1,1,1,11,28429,258,7000,1,1,1,5,1,1900113,1000000
2024KL0003776,1,449.67,9,2,1,1,5,1067,9,0,0,6,1,5,1,1900103,1000000
2024KL0003777,1,449.67,25,1,2,1,10,23304,211,9000,4,1,1,1,1,1900111,1000000
2024KL0003778,1,449.67,21,2,1,1,17,49436,449,4000,3,4,1,5,1,1900100,1000000
2024KL0003779,1,449.67,16,1,1,1,17,21744,197,0,0,6,1,5,1,1900114,1000000
2024KL0003780,1,449.67,7,1,3,1,1,1703,15,0,0,6,1,5,1,1900113,1000000
2024KL0003781,1,449.67,36,1,2,1,13,18958,172,3000,2,1,1,1,1,1900113,1000000
2024KL0003782,1,449.67,69,1,6,1,8,1910,17,6000,1,4,1,1,1,1900110,1000000
2024KL0003783,1,449.67,44,1,6,1,7,36244,329,6000,6,3,1,1,1,1900104,1000000
2024KL0003784,1,449.67,21,1,1,1,12,13696,124,8000,1,1,1,5,1,1900113,1000000
2024KL0003785,1,449.67,47,2,4,1,10,47417,431,3000,1,1,1,1,1,1900107,1000000
2024KL0003786,1,449.67,24,1,1,1,14,18472,167,7000,1,1,1,5,1,1900109,1000000
2024KL0003787,1,449.67,49,2,2,1,10,27569,250,7000,6,5,2,1,1,1900109,1000000
2024KL0003788,1,449.67,22,2,1,1,11,36426,331,6000,4,1,1,5,1,1900105,1000000
2024KL0003789,1,449.67,1,2,1,1,3,1903,17,0,0,6,1,5,1,1900114,1000000
2024KL0003790,1,449.67,1,2,2,1,7,1953,17,0,0,6,1,5,1,1900113,1000000
2024KL0003791,1,449.67,82,1,6,1,5,1666,15,0,0,6,1,1,1,1900109,1000000
2024KL0003792,1,449.67,4,2,1,1,2,882,8,0,0,6,1,5,1,1900104,1000000
2024KL0003793,1,449.67,17,1,4,1,15,8448,76,0,0,6,1,5,1,1900112,1000000
2024KL0003794,1,449.67,18,2,1,1,16,12474,113,6000,1,1,1,5,1,1900113,1000000
2024KL0003795,1,449.67,28,1,3,1,7,96911,501,9920,1,1,1,1,1,1900106,1000000
2024KL0003796,1,449.67,33,1,2,1,9,32675,297,6000,3,5,1,1,1,1900106,1000000
2024KL0003797,1,449.67,97,2,6,1,5,3102,28,0,0,6,1,3,1,1900106,1000000
2024KL0003798,1,449.67,22,2,3,1,20,116168,501,3000,2,1,1,5,1,1900109,1000000
2024KL0003799,1,449.67,12,2,4,1,2,2621,23,0,0,6,1,5,2,1900112,1000000
2024KL0003800,1,449.67,21,1,1,1,17,23867,216,3000,1,1,1,5,1,1900110,1000000
2024KL0003801,1,449.67,57,1,2,1,13,33597,305,1000,2,1,1,2,1,1900106,1000000
2024KL0003802,1,449.67,36,2,3,1,10,11563,105,9800,1,5,1,1,1,1900112,1000000
2024KL0003803,1,449.67,35,2,1,1,6,51944,472,7000,4,1,1,1,1,1900103,1000000
2024KL0003804,1,449.67,16,2,2,1,18,56393,501,0,0,6,1,5,1,1900102,1000000
2024KL0003805,1,449.67,3,2,1,1,3,4033,36,0,0,6,1,5,1,1900106,1000000
2024KL0003806,1,449.67,15,1,1,1,15,28278,257,0,0,6,1,5,1,1900108,1000000
2024KL0003807,1,449.67,59,1,1,1,9,23813,216,2000,3,5,1,1,1,1900111,1000000
2024KL0003808,1,449.67,47,1,5,1,9,13856,125,6000,4,1,1,2,1,1900102,1000000
2024KL0003809,1,449.67,4,2,1,1,6,885,8,0,0,6,1,5,1,1900102,1000000
2024KL0003810,1,449.67,35,1,1,1,7,9104,82,5000,4,1,1,1,1,1900110,1000000
2024KL0003811,1,449.67,44,2,7,1,8,19862,180,6000,4,1,1,1,1,1900105,1000000
2024KL0003812,1,449.67,6,1,9,1,5,2909,26,0,0,6,1,5,1,1900113,1000000
2024KL0003813,1,449.67,29,2,1,1,14,45836,416,9000,3,1,1,1,1,1900112,1000000
2024KL0003814,1,449.67,93,1,1,1,12,63093,501,0,0,6,1,1,1,1900108,1000000
2024KL0003815,1,449.67,17,1,1,1,14,29065,264,0,0,6,1,5,1,1900104,1000000
2024KL0003816,1,449.67,34,2,3,1,9,8439,76,6000,1,2,1,5,2,1900102,1000000
2024KL0003817,1,449.67,0,1,1,1,6,2343,21,0,0,6,1,5,2,1900106,1000000
2024KL0003818,1,449.67,3,1,3,1,1,9703,88,0,0,6,1,5,1,1900105,1000000
2024KL0003819,1,449.67,52,1,8,1,6,7197,65,9800,1,2,1,1,1,1900102,1000000
2024KL0003820,1,449.67,0,1,3,1,2,1297,11,0,0,6,1,5,1,1900104,1000000
2024KL0003821,1,449.67,6,1,6,1,9,8414,76,0,0,6,1,5,1,1900111,1000000
2024KL0003822,1,449.67,27,1,7,1,15,75268,501,6000,1,1,1,5,1,1900108,1000000
2024KL0003823,1,449.67,19,1,2,1,16,69229,501,6000,4,1,1,5,1,1900111,1000000
2024KL0003824,1,449.67,12,1,3,1,3,1490,13,0,0,6,1,5,1,1900107,1000000
2024KL0003825,1,449.67,29,2,3,1,7,10009,90,9920,4,1,1,1,1,1900111,1000000
2024KL0003826,1,449.67,21,1,1,1,19,32465,295,1000,1,5,1,5,1,1900114,1000000
2024KL0003827,1,449.67,10,1,1,1,7,1866,16,0,0,6,1,5,1,1900113,1000000
2024KL0003828,1,449.67,44,1,1,1,5,14766,134,9800,1,1,2,1,1,1900112,1000000
2024KL0003829,1,449.67,62,2,2,1,9,15785,143,9000,1,1,1,5,1,1900113,1000000
2024KL0003830,1,449.67,38,2,1,1,11,15948,144,7000,4,1,1,1,1,1900114,1000000
2024KL0003831,1,449.67,11,2,5,1,9,10410,94,0,0,6,1,5,1,1900111,1000000
2024KL0003832,1,449.67,29,1,1,1,15,44260,402,1000,1,1,1,1,1,1900106,1000000
2024KL0003833,1,449.67,57,1,7,1,6,2322,21,5000,3,3,1,1,1,1900102,1000000
2024KL0003834,1,449.67,56,2,1,1,17,25308,230,3000,3,1,1,1,1,1900113,1000000
2024KL0003835,1,449.67,39,2,1,1,10,76342,501,6000,3,4,1,1,1,1900101,1000000
2024KL0003836,1,449.67,65,1,4,1,5,8426,76,7000,4,1,1,5,1,1900110,1000000
2024KL0003837,1,449.67,39,2,1,1,8,21919,199,7000,4,1,1,1,1,1900107,1000000
2024KL0003838,1,449.67,42,2,7,1,9,52212,474,2000,2,1,1,1,1,1900110,1000000
2024KL0003839,1,449.67,0,1,1,1,3,6631,60,0,0,6,1,5,1,1900113,1000000
2024KL0003840,1,449.67,92,1,7,1,5,6988,63,0,0,6,1,1,1,1900111,1000000
2024KL0003841,1,449.67,44,2,1,1,8,4632,42,7000,1,3,1,1,1,1900102,1000000
2024KL0003842,1,449.67,30,2,1,1,9,15722,142,9000,4,3,1,5,1,1900109,1000000
2024KL0003843,1,449.67,28,2,2,1,12,9176,83,9000,4,1,1,5,1,1900107,1000000
2024KL0003844,1,449.67,38,1,4,1,15,77211,501,5000,3,3,1,1,1,1900108,1000000
2024KL0003845,1,449.67,12,2,1,1,7,8664,78,0,0,6,1,5,1,1900110,1000000
2024KL0003846,1,449.67,37,2,1,1,7,3341,30,7000,4,1,5,1,1,1900111,1000000
2024KL0003847,1,449.67,16,2,1,1,15,92998,501,0,0,6,5,5,1,1900107,1000000
2024KL0003848,1,449.67,32,2,4,1,10,9058,82,7000,1,1,1,5,1,1900114,1000000
2024KL0003849,1,449.67,84,2,5,1,5,2741,24,0,0,6,1,1,1,1900103,1000000
2024KL0003850,1,449.67,77,1,3,1,10,11283,102,0,0,6,1,4,1,1900112,1000000
2024KL0003851,1,449.67,22,2,6,1,19,58844,501,3000,2,1,1,1,1,1900113,1000000
2024KL0003852,1,449.67,18,2,3,1,17,83307,501,3000,2,1,1,5,1,1900109,1000000
2024KL0003853,1,449.67,4,1,2,1,3,2647,24,0,0,6,1,5,1,1900107,1000000
2024KL0003854,1,449.67,88,1,2,1,5,7195,65,0,0,6,1,1,1,1900100,1000000
2024KL0003855,1,449.67,45,2,1,1,12,68328,501,8000,1,1,1,1,1,1900108,1000000
2024KL0003856,1,449.67,22,2,2,1,20,136818,501,4000,1,1,5,5,1,1900101,1000000
2024KL0003857,1,449.67,50,1,1,1,8,7732,70,7000,4,1,1,2,1,1900101,1000000
2024KL0003858,1,449.67,39,2,2,1,7,7022,63,9800,1,1,1,1,1,1900110,1000000
2024KL0003859,1,449.67,52,1,1,1,12,8239,74,8000,3,1,1,1,1,1900101,1000000
2024KL0003860,1,449.67,13,2,5,1,4,4621,42,0,0,6,1,5,1,1900111,1000000
2024KL0003861,1,449.67,12,1,1,1,4,9103,82,0,0,6,1,5,1,1900114,1000000
2024KL0003862,1,449.67,68,1,2,1,8,2465,22,9000,1,2,1,2,1,1900106,1000000
2024KL0003863,1,449.67,30,2,3,1,12,9595,87,3000,2,4,1,5,1,1900114,1000000
2024KL0003864,1,449.67,7,1,3,1,1,2454,22,0,0,6,1,5,1,1900105,1000000
2024KL0003865,1,449.67,2,1,1,1,2,1563,14,0,0,6,1,5,1,1900100,1000000
2024KL0003866,1,449.67,36,2,2,1,9,23069,209,6000,1,5,1,1,1,1900112,1000000
2024KL0003867,1,449.67,39,1,4,1,15,88075,501,1000,1,4,1,1,1,1900100,1000000
2024KL0003868,1,449.67,20,1,2,1,20,107807,501,3000,1,1,1,1,1,1900104,1000000
2024KL0003869,1,449.67,7,2,3,1,1,4630,42,0,0,6,2,5,1,1900109,1000000
2024KL0003870,1,449.67,16,2,4,1,15,14849,134,0,0,6,1,5,1,1900100,1000000
2024KL0003871,1,449.67,41,1,4,1,17,70504,501,6000,1,5,1,1,1,1900109,1000000
2024KL0003872,1,449.67,50,2,1,1,6,5703,51,9800,1,1,1,4,1,1900110,1000000
2024KL0003873,1,449.67,57,1,1,1,11,110651,501,6000,6,1,1,2,1,1900109,1000000
2024KL0003874,1,449.67,48,1,2,1,5,5263,47,9000,4,3,1,1,1,1900102,1000000
2024KL0003875,1,449.67,22,1,1,1,16,105089,501,6000,4,1,1,5,1,1900108,1000000
2024KL0003876,1,449.67,33,2,7,1,8,16345,148,8000,1,3,1,1,1,1900103,1000000
2024KL0003877,1,449.67,26,1,1,1,13,35025,318,7000,6,3,1,5,1,1900112,1000000
2024KL0003878,1,449.67,56,2,2,1,11,46105,419,1000,1,1,1,4,2,1900113,1000000
2024KL0003879,1,449.67,4,1,2,1,3,2278,20,0,0,6,1,5,1,1900112,1000000
2024KL0003880,1,449.67,2,1,1,1,3,13185,119,0,0,6,1,5,2,1900104,1000000
2024KL0003881,1,449.67,38,2,2,1,10,21116,191,6000,4,1,1,1,1,1900114,1000000
2024KL0003882,1,449.67,51,2,4,1,12,27843,253,9000,1,1,1,2,1,1900103,1000000
2024KL0003883,1,449.67,14,2,1,1,3,8562,77,0,0,6,1,5,1,1900111,1000000
2024KL0003884,1,449.67,30,1,1,1,16,156935,501,4000,3,1,1,1,1,1900102,1000000
2024KL0003885,1,449.67,0,2,4,1,7,2364,21,0,0,6,1,5,2,1900103,1000000
2024KL0003886,1,449.67,17,2,1,1,17,21741,197,0,0,6,1,5,2,1900103,1000000
2024KL0003887,1,449.67,33,1,2,1,18,78864,501,4000,3,5,1,5,1,1900103,1000000
2024KL0003888,1,449.67,68,1,1,1,5,2387,21,9920,1,5,1,5,1,1900108,1000000
2024KL0003889,1,449.67,24,1,2,1,15,83979,501,6000,1,2,1,5,1,1900109,1000000
2024KL0003890,1,449.67,16,2,1,1,14,4232,38,0,0,6,1,5,1,1900100,1000000
2024KL0003891,1,449.67,62,1,1,1,6,4095,37,5000,1,1,1,1,1,1900102,1000000
2024KL0003892,1,449.67,37,2,1,1,14,12816,116,9800,1,1,1,1,1,1900102,1000000
2024KL0003893,1,449.67,45,1,2,1,7,21529,195,6000,1,1,1,2,1,1900112,1000000
2024KL0003894,1,449.67,96,1,1,1,9,11799,107,0,0,6,1,2,1,1900114,1000000
2024KL0003895,1,449.67,19,1,1,1,18,63214,501,6000,3,4,1,5,1,1900110,1000000
2024KL0003896,1,449.67,37,1,1,1,16,86189,501,2000,3,1,1,1,1,1900103,1000000
2024KL0003897,1,449.67,24,1,1,1,16,45340,412,4000,1,3,1,5,1,1900112,1000000
2024KL0003898,1,449.67,42,2,2,1,17,54097,491,6000,6,1,1,1,1,1900105,1000000
2024KL0003899,1,449.67,44,1,2,1,17,105171,501,3000,2,1,1,1,2,1900107,1000000
2024KL0003900,1,449.67,22,1,6,1,11,11996,109,6000,3,1,1,5,1,1900110,1000000
2024KL0003901,1,449.67,22,1,1,1,14,8118,73,5000,4,1,1,1,1,1900105,1000000
2024KL0003902,1,449.67,37,2,6,1,9,24772,225,3000,1,1,1,1,1,1900111,1000000
2024KL0003903,1,449.67,28,2,1,1,10,17855,162,3000,1,1,1,1,1,1900107,1000000
2024KL0003904,1,449.67,40,2,1,1,9,6563,59,6000,6,1,1,1,1,1900109,1000000
2024KL0003905,1,449.67,48,2,2,1,8,12033,109,7000,4,1,1,5,1,1900103,1000000
2024KL0003906,1,449.67,18,1,1,1,18,10850,98,3000,1,1,1,5,1,1900108,1000000
2024KL0003907,1,449.67,48,2,1,1,12,18574,168,5000,4,1,1,1,1,1900101,1000000
2024KL0003908,1,449.67,85,1,3,1,8,1145,10,0,0,6,1,1,1,1900114,1000000
2024KL0003909,1,449.67,70,2,1,1,12,12948,117,6000,6,4,2,1,1,1900101,1000000
2024KL0003910,1,449.67,16,1,3,1,15,51323,466,0,0,6,1,5,1,1900101,1000000
2024KL0003911,1,449.67,38,1,1,1,6,6808,61,5000,1,1,1,1,1,1900102,1000000
2024KL0003912,1,449.67,41,1,2,1,11,62196,501,5000,6,1,1,5,1,1900112,1000000
2024KL0003913,1,449.67,15,2,2,1,18,32614,296,0,0,6,1,5,1,1900108,1000000
2024KL0003914,1,449.67,57,2,2,1,8,11643,105,7000,4,1,1,1,1,1900106,1000000
2024KL0003915,1,449.67,33,2,2,1,7,4775,43,9000,1,1,1,1,1,1900100,1000000
2024KL0003916,1,449.67,73,1,2,1,6,10376,94,0,0,6,1,4,1,1900112,1000000
2024KL0003917,1,449.67,19,2,2,1,15,15453,140,4000,2,1,1,5,1,1900109,1000000
2024KL0003918,1,449.67,0,1,2,1,3,6653,60,0,0,6,1,5,1,1900111,1000000
2024KL0003919,1,449.67,2,1,6,1,2,8766,79,0,0,6,1,5,1,1900109,1000000
2024KL0003920,1,449.67,32,1,1,1,15,203068,501,3000,1,4,1,1,1,1900106,1000000
2024KL0003921,1,449.67,8,1,1,1,4,7119,64,0,0,6,1,5,1,1900102,1000000
2024KL0003922,1,449.67,18,2,1,1,15,35152,319,4000,1,1,1,1,1,1900113,1000000
2024KL0003923,1,449.67,57,2,3,1,8,15664,142,6000,3,1,1,1,1,1900107,1000000
2024KL0003924,1,449.67,43,2,4,1,12,31127,282,3000,3,1,1,1,1,1900113,1000000
2024KL0003925,1,449.67,33,1,2,1,19,37025,336,4000,1,1,1,1,1,1900110,1000000
2024KL0003926,1,449.67,18,2,2,1,15,17596,159,3000,1,3,1,5,1,1900113,1000000
2024KL0003927,1,449.67,25,1,1,1,8,3715,33,7000,6,1,1,5,1,1900113,1000000
2024KL0003928,1,449.67,29,2,4,1,8,3520,32,9800,4,1,1,1,1,1900102,1000000
2024KL0003929,1,449.67,49,1,2,1,8,8746,79,9920,4,5,1,1,1,1900113,1000000
2024KL0003930,1,449.67,7,2,1,1,1,9289,84,0,0,6,2,5,1,1900110,1000000
2024KL0003931,1,449.67,19,2,1,1,17,46105,419,4000,3,1,1,5,1,1900109,1000000
2024KL0003932,1,449.67,61,1,2,1,10,10190,92,8000,6,2,1,1,1,1900107,1000000
2024KL0003933,1,449.67,22,2,3,1,16,23652,215,3000,3,1,1,5,1,1900108,1000000
2024KL0003934,1,449.67,16,2,1,1,17,34839,316,0,0,6,1,5,1,1900110,1000000
2024KL0003935,1,449.67,39,2,8,1,11,25003,227,8000,6,1,1,1,1,1900106,1000000
2024KL0003936,1,449.67,52,2,2,1,9,50447,458,8000,1,1,1,5,1,1900114,1000000
2024KL0003937,1,449.67,45,2,4,1,11,14478,131,6000,1,1,1,1,1,1900104,1000000
2024KL0003938,1,449.67,10,2,7,1,6,8087,73,0,0,6,1,5,1,1900114,1000000
2024KL0003939,1,449.67,46,1,2,1,10,19640,178,9800,1,5,1,5,1,1900100,1000000
2024KL0003940,1,449.67,68,1,3,1,9,6059,55,8000,4,1,1,2,1,1900103,1000000
2024KL0003941,1,449.67,33,2,4,1,13,12114,110,9000,6,1,1,1,1,1900104,1000000
2024KL0003942,1,449.67,91,1,2,1,9,7216,65,0,0,6,1,1,1,1900102,1000000
2024KL0003943,1,449.67,51,1,2,1,11,11781,107,8000,3,1,1,2,1,1900108,1000000
2024KL0003944,1,449.67,66,1,2,1,7,7337,66,6000,1,1,1,3,1,1900105,1000000
2024KL0003945,1,449.67,50,2,2,1,11,6454,58,6000,6,1,1,4,1,1900107,1000000
2024KL0003946,1,449.67,59,1,1,1,9,37605,341,6000,1,1,1,1,1,1900108,1000000
2024KL0003947,1,449.67,17,1,2,1,16,23422,212,0,0,6,1,5,1,1900113,1000000
2024KL0003948,1,449.67,80,2,4,1,5,1638,14,0,0,6,1,3,1,1900107,1000000
2024KL0003949,1,449.67,52,2,3,1,11,68134,501,7000,1,1,1,1,1,1900104,1000000
2024KL0003950,1,449.67,98,2,1,1,11,7783,70,0,0,6,1,5,1,1900111,1000000
2024KL0003951,1,449.67,33,2,1,1,10,32086,291,1000,2,5,2,5,1,1900101,1000000
2024KL0003952,1,449.67,59,2,1,1,5,2826,25,7000,1,1,1,2,1,1900102,1000000
2024KL0003953,1,449.67,47,1,1,1,14,26801,243,2000,3,5,1,5,1,1900108,1000000
2024KL0003954,1,449.67,44,2,1,1,11,33771,307,6000,4,1,1,1,1,1900108,1000000
2024KL0003955,1,449.67,13,1,1,1,3,2137,19,0,0,6,1,5,1,1900106,1000000
2024KL0003956,1,449.67,10,2,1,1,3,12382,112,0,0,6,1,5,1,1900101,1000000
2024KL0003957,1,449.67,17,2,4,1,14,11276,102,0,0,6,2,5,1,1900112,1000000
2024KL0003958,1,449.67,11,2,1,1,1,2014,18,0,0,6,1,5,1,1900107,1000000
2024KL0003959,1,449.67,33,2,1,1,12,30495,277,4000,1,1,1,1,1,1900107,1000000
2024KL0003960,1,449.67,36,1,2,1,11,10844,98,5000,4,4,1,5,1,1900103,1000000
2024KL0003961,1,449.67,19,2,1,1,13,13041,118,1000,2,1,1,5,1,1900110,1000000
2024KL0003962,1,449.67,15,1,1,1,20,209655,501,0,0,6,1,5,1,1900110,1000000
2024KL0003963,1,449.67,44,1,4,1,8,67289,501,9920,3,1,1,5,1,1900112,1000000
2024KL0003964,1,449.67,90,1,3,1,5,5692,51,0,0,6,1,5,1,1900104,1000000
2024KL0003965,1,449.67,24,2,1,1,13,41424,376,8000,4,1,1,1,1,1900110,1000000
2024KL0003966,1,449.67,15,1,6,1,17,33665,306,0,0,6,1,5,1,1900109,1000000
2024KL0003967,1,449.67,9,1,1,1,5,3408,30,0,0,6,1,5,1,1900100,1000000
2024KL0003968,1,449.67,19,1,1,1,14,5570,50,9800,1,1,1,5,1,1900102,1000000
2024KL0003969,1,449.67,39,1,1,1,11,37471,340,4000,1,1,1,1,1,1900101,1000000
2024KL0003970,1,449.67,11,2,1,1,4,938,8,0,0,6,1,5,1,1900101,1000000
2024KL0003971,1,449.67,66,2,1,1,8,5222,47,9800,1,1,1,1,1,1900100,1000000
2024KL0003972,1,449.67,2,1,1,1,5,9939,90,0,0,6,1,5,1,1900113,1000000
2024KL0003973,1,449.67,48,1,1,1,7,5266,47,9800,1,3,1,3,1,1900107,1000000
2024KL0003974,1,449.67,11,2,1,1,6,3111,28,0,0,6,1,5,1,1900102,1000000
2024KL0003975,1,449.67,0,2,7,1,1,10527,95,0,0,6,1,5,1,1900105,1000000
2024KL0003976,1,449.67,80,1,2,1,9,25436,231,0,0,6,1,1,1,1900113,1000000
2024KL0003977,1,449.67,43,2,1,1,11,25789,234,2000,1,1,1,1,1,1900100,1000000
2024KL0003978,1,449.67,23,1,1,1,17,48727,442,4000,2,1,1,1,1,1900100,1000000
2024KL0003979,1,449.67,50,1,2,1,8,9996,90,9920,4,1,1,2,1,1900104,1000000
2024KL0003980,1,449.67,11,1,1,1,3,9922,90,0,0,6,1,5,1,1900104,1000000
2024KL0003981,1,449.67,32,2,1,1,12,78236,501,9000,3,1,5,1,1,1900107,1000000
2024KL0003982,1,449.67,20,1,3,1,16,45152,410,3000,1,3,1,5,1,1900104,1000000
2024KL0003983,1,449.67,36,1,1,1,7,10594,96,9920,1,2,1,1,1,1900110,1000000
2024KL0003984,1,449.67,4,1,1,1,2,3620,32,0,0,6,1,5,1,1900110,1000000
2024KL0003985,1,449.67,29,1,1,1,11,85515,501,3000,3,1,1,1,1,1900112,1000000
2024KL0003986,1,449.67,78,1,1,1,10,7176,65,0,0,6,1,5,1,1900106,1000000
2024KL0003987,1,449.67,22,2,3,1,13,12858,116,7000,4,1,1,5,2,1900100,1000000
2024KL0003988,1,449.67,39,2,3,1,7,73717,501,9000,1,4,1,2,1,1900105,1000000
2024KL0003989,1,449.67,42,2,8,1,12,12381,112,8000,3,1,1,1,1,1900100,1000000
2024KL0003990,1,449.67,47,2,4,1,12,27898,253,5000,4,1,1,1,1,1900101,1000000
2024KL0003991,1,449.67,24,2,3,1,17,41815,380,4000,1,1,1,5,1,1900105,1000000
2024KL0003992,1,449.67,31,1,1,1,17,109481,501,5000,1,5,1,1,1,1900105,1000000
2024KL0003993,1,449.67,13,1,1,1,1,4548,41,0,0,6,1,5,1,1900108,1000000
2024KL0003994,1,449.67,59,1,5,1,19,317985,501,4000,3,1,1,1,1,1900107,1000000
2024KL0003995,1,449.67,40,2,1,1,9,40328,366,6000,3,1,1,1,1,1900112,1000000
2024KL0003996,1,449.67,84,2,1,1,12,10152,92,0,0,6,1,1,1,1900113,1000000
2024KL0003997,1,449.67,55,2,9,1,13,13715,124,9000,3,5,1,5,2,1900101,1000000
2024KL0003998,1,449.67,32,1,1,1,7,8299,75,9920,6,5,1,1,1,1900109,1000000
2024KL0003999,1,449.67,28,1,2,1,14,34179,310,6000,1,4,1,1,2,1900108,1000000
2024KL0004000,1,449.67,31,1,6,1,14,33020,300,6000,1,1,1,5,1,1900108,1000000
2024KL0004001,1,449.67,10,1,2,1,1,1874,17,0,0,6,1,5,1,1900105,1000000
2024KL0004002,1,449.67,51,1,1,1,6,9515,86,6000,1,5,1,5,1,1900107,1000000
2024KL0004003,1,449.67,9,1,6,1,4,6926,62,0,0,6,1,5,1,1900113,1000000
2024KL0004004,1,449.67,47,2,2,1,13,55449,501,4000,2,1,1,1,1,1900114,1000000
2024KL0004005,1,449.67,53,1,5,1,8,28565,259,8000,1,1,1,1,1,1900114,1000000
2024KL0004006,1,449.67,6,1,1,1,7,10979,99,0,0,6,1,5,2,1900104,1000000
2024KL0004007,1,449.67,63,1,1,1,9,66341,501,1000,3,5,1,1,2,1900104,1000000
2024KL0004008,1,449.67,16,2,1,1,19,110608,501,0,0,6,1,5,1,1900107,1000000
2024KL0004009,1,449.67,24,2,1,1,13,7587,68,6000,4,1,1,5,1,1900104,1000000
2024KL0004010,1,449.67,36,1,2,1,10,111799,501,5000,1,1,1,1,1,1900105,1000000
2024KL0004011,1,449.67,7,2,1,1,4,2174,19,0,0,6,1,5,1,1900111,1000000
2024KL0004012,1,449.67,39,1,2,1,13,47309,430,8000,4,1,1,1,1,1900112,1000000
2024KL0004013,1,449.67,37,1,2,1,15,30765,279,4000,2,1,2,1,1,1900107,1000000
2024KL0004014,1,449.67,11,2,1,1,2,1880,17,0,0,6,1,5,1,1900106,1000000
2024KL0004015,1,449.67,58,1,4,1,14,16488,149,9000,1,1,1,1,1,1900112,1000000
2024KL0004016,1,449.67,52,2,1,1,7,24504,222,9920,1,1,1,1,1,1900100,1000000
2024KL0004017,1,449.67,7,2,5,1,8,14262,129,0,0,6,1,5,1,1900107,1000000
2024KL0004018,1,449.67,57,1,1,1,10,54351,494,6000,3,1,1,1,1,1900105,1000000
2024KL0004019,1,449.67,25,1,1,1,13,31750,288,7000,1,1,1,5,1,1900107,1000000
2024KL0004020,1,449.67,11,2,6,1,4,4280,38,0,0,6,1,5,1,1900110,1000000
2024KL0004021,1,449.67,50,2,1,1,9,20471,186,7000,1,3,1,1,1,1900103,1000000
2024KL0004022,1,449.67,40,2,1,1,20,45499,413,3000,3,1,1,3,1,1900114,1000000
2024KL0004023,1,449.67,40,2,3,1,11,23603,214,6000,1,2,1,1,1,1900113,1000000
2024KL0004024,1,449.67,10,2,1,1,3,4974,45,0,0,6,1,5,1,1900112,1000000
2024KL0004025,1,449.67,78,2,2,1,10,6360,57,0,0,6,1,1,2,1900102,1000000
2024KL0004026,1,449.67,9,2,1,1,1,7268,66,0,0,6,1,5,1,1900110,1000000
2024KL0004027,1,449.67,17,1,1,1,14,10090,91,0,0,6,1,5,1,1900109,1000000
2024KL0004028,1,449.67,96,2,4,1,8,10975,99,0,0,6,1,1,1,1900111,1000000
2024KL0004029,1,449.67,79,1,4,1,5,4594,41,0,0,6,1,1,1,1900111,1000000
2024KL0004030,1,449.67,16,1,1,1,12,28642,260,0,0,6,1,5,1,1900101,1000000
2024KL0004031,1,449.67,55,2,1,1,17,94775,501,2000,1,4,1,5,1,1900107,1000000
2024KL0004032,1,449.67,42,1,2,1,11,36272,329,7000,1,1,1,1,1,1900106,1000000
2024KL0004033,1,449.67,54,2,4,1,11,37293,339,7000,4,1,1,1,1,1900102,1000000
2024KL0004034,1,449.67,75,1,1,1,5,4666,42,0,0,6,1,3,1,1900101,1000000
2024KL0004035,1,449.67,22,2,2,1,12,27471,249,3000,3,1,5,1,1,1900105,1000000
2024KL0004036,1,449.67,36,2,1,1,13,86106,501,1000,1,1,1,1,1,1900109,1000000
2024KL0004037,1,449.67,31,2,6,1,6,6246,56,5000,1,1,1,1,1,1900102,1000000
2024KL0004038,1,449.67,72,2,2,1,6,2383,21,0,0,6,1,3,1,1900103,1000000
2024KL0004039,1,449.67,41,2,5,1,15,77001,501,3000,2,1,1,3,1,1900105,1000000
2024KL0004040,1,449.67,36,1,3,1,8,17606,160,7000,1,1,1,1,1,1900105,1000000
2024KL0004041,1,449.67,39,1,1,1,9,45657,415,9000,3,1,1,5,1,1900111,1000000
2024KL0004042,1,449.67,69,1,1,1,11,6237,56,6000,4,1,1,2,1,1900102,1000000
2024KL0004043,1,449.67,43,2,2,1,17,128191,501,4000,1,4,1,1,1,1900108,1000000
2024KL0004044,1,449.67,35,1,2,1,20,170902,501,4000,1,1,1,1,1,1900103,1000000
2024KL0004045,1,449.67,15,2,1,1,17,17794,161,0,0,6,2,5,1,1900113,1000000
2024KL0004046,1,449.67,38,2,6,1,5,41344,375,9800,3,3,1,1,2,1900109,1000000
2024KL0004047,1,449.67,54,1,1,1,10,3341,30,5000,3,5,1,2,1,1900114,1000000
2024KL0004048,1,449.67,91,1,6,1,6,1918,17,0,0,6,1,1,1,1900111,1000000
2024KL0004049,1,449.67,97,1,1,1,8,11268,102,0,0,6,1,5,1,1900107,1000000
2024KL0004050,1,449.67,74,2,6,1,5,4413,40,0,0,6,1,1,1,1900107,1000000
2024KL0004051,1,449.67,66,2,1,1,5,1398,12,7000,3,1,1,5,1,1900110,1000000
2024KL0004052,1,449.67,33,1,4,1,12,35026,318,6000,6,1,1,1,1,1900114,1000000
2024KL0004053,1,449.67,33,1,1,1,10,16236,147,7000,1,1,1,1,1,1900102,1000000
2024KL0004054,1,449.67,30,1,4,1,9,34342,312,7000,1,1,1,5,1,1900109,1000000
2024KL0004055,1,449.67,84,1,1,1,6,7149,64,0,0,6,1,2,1,1900104,1000000
2024KL0004056,1,449.67,47,1,1,1,13,31054,282,8000,6,3,1,1,1,1900102,1000000
2024KL0004057,1,449.67,37,1,1,1,18,66823,501,6000,1,1,1,1,2,1900104,1000000
2024KL0004058,1,449.67,17,2,8,1,17,59031,501,0,0,6,1,5,1,1900107,1000000
2024KL0004059,1,449.67,84,2,2,1,7,16704,151,0,0,6,1,2,1,1900107,1000000
2024KL0004060,1,449.67,54,2,1,1,8,4054,36,9920,1,5,1,4,1,1900102,1000000
2024KL0004061,1,449.67,6,1,6,1,7,1757,15,0,0,6,1,5,2,1900108,1000000
2024KL0004062,1,449.67,10,2,7,1,1,4924,44,0,0,6,1,5,1,1900105,1000000
2024KL0004063,1,449.67,32,2,1,1,14,38097,346,5000,1,4,1,1,2,1900102,1000000
2024KL0004064,1,449.67,51,2,1,1,9,21460,195,4000,1,1,1,3,1,1900100,1000000
2024KL0004065,1,449.67,2,1,3,1,8,5109,46,0,0,6,1,5,1,1900103,1000000
2024KL0004066,1,449.67,44,1,1,1,17,93582,501,5000,1,1,1,2,1,1900103,1000000
2024KL0004067,1,449.67,3,1,1,1,6,689,6,0,0,6,1,5,1,1900103,1000000
2024KL0004068,1,449.67,14,2,1,1,3,3474,31,0,0,6,1,5,1,1900101,1000000
2024KL0004069,1,449.67,15,1,6,1,15,31803,289,0,0,6,1,5,1,1900113,1000000
2024KL0004070,1,449.67,13,1,4,1,9,10461,95,0,0,6,1,5,1,1900100,1000000
2024KL0004071,1,449.67,25,1,1,1,5,13593,123,5000,1,4,1,5,2,1900114,1000000
2024KL0004072,1,449.67,42,1,1,1,10,32949,299,8000,1,5,1,1,1,1900101,1000000
2024KL0004073,1,449.67,23,2,4,1,16,111895,501,1000,1,1,1,5,1,1900102,1000000
2024KL0004074,1,449.67,56,2,2,1,9,5479,49,6000,1,1,1,2,1,1900106,1000000
2024KL0004075,1,449.67,15,1,2,1,15,18324,166,0,0,6,1,5,1,1900114,1000000
2024KL0004076,1,449.67,4,2,4,1,2,7735,70,0,0,6,1,5,1,1900113,1000000
2024KL0004077,1,449.67,5,2,6,1,2,1460,13,0,0,6,1,5,1,1900113,1000000
2024KL0004078,1,449.67,31,1,1,1,13,43336,393,1000,1,1,1,1,2,1900103,1000000
2024KL0004079,1,449.67,17,1,2,1,12,10079,91,0,0,6,1,5,1,1900108,1000000
2024KL0004080,1,449.67,6,1,7,1,8,7733,70,0,0,6,1,5,1,1900108,1000000
2024KL0004081,1,449.67,2,1,6,1,9,12641,114,0,0,6,1,5,1,1900110,1000000
2024KL0004082,1,449.67,43,2,1,1,5,23392,212,7000,3,1,1,1,1,1900107,1000000
2024KL0004083,1,449.67,55,2,2,1,6,2388,21,9800,1,1,1,1,1,1900114,1000000
2024KL0004084,1,449.67,21,2,6,1,13,23630,214,8000,4,1,1,5,1,1900103,1000000
2024KL0004085,1,449.67,84,2,5,1,5,4029,36,0,0,6,1,1,1,1900110,1000000
2024KL0004086,1,449.67,30,2,1,1,7,9528,86,6000,4,1,1,1,1,1900107,1000000
2024KL0004087,1,449.67,27,2,1,1,10,12250,111,7000,4,1,1,1,1,1900111,1000000
2024KL0004088,1,449.67,41,1,4,1,12,13987,127,9800,4,1,1,1,1,1900101,1000000
2024KL0004089,1,449.67,15,2,4,1,17,14318,130,0,0,6,1,5,1,1900105,1000000
2024KL0004090,1,449.67,27,1,1,1,14,19010,172,3000,1,5,2,1,1,1900104,1000000
2024KL0004091,1,449.67,21,1,1,1,10,12506,113,9000,1,1,1,1,1,1900103,1000000
2024KL0004092,1,449.67,11,1,1,1,5,3611,32,0,0,6,1,5,1,1900103,1000000
2024KL0004093,1,449.67,35,1,6,1,15,67482,501,2000,1,1,1,1,2,1900110,1000000
2024KL0004094,1,449.67,4,1,2,1,6,10096,91,0,0,6,1,5,1,1900103,1000000
2024KL0004095,1,449.67,54,1,2,1,17,42782,388,4000,1,4,1,1,1,1900107,1000000
2024KL0004096,1,449.67,6,2,1,1,3,3623,32,0,0,6,1,5,1,1900104,1000000
2024KL0004097,1,449.67,7,2,1,1,8,565,5,0,0,6,1,5,1,1900106,1000000
2024KL0004098,1,449.67,22,1,2,1,19,158805,501,1000,2,1,1,5,2,1900108,1000000
2024KL0004099,1,449.67,82,2,1,1,6,3000,27,0,0,6,1,1,1,1900103,1000000
2024KL0004100,1,449.67,9,2,6,1,2,442,4,0,0,6,1,5,1,1900114,1000000
2024KL0004101,1,449.67,43,2,2,1,17,89090,501,1000,2,1,1,5,1,1900103,1000000
2024KL0004102,1,449.67,5,1,1,1,2,1364,12,0,0,6,1,5,1,1900109,1000000
2024KL0004103,1,449.67,90,1,6,1,7,5009,45,0,0,6,1,1,1,1900107,1000000
2024KL0004104,1,449.67,61,2,2,1,10,27008,245,2000,2,1,1,1,1,1900107,1000000
2024KL0004105,1,449.67,3,2,3,1,6,2707,24,0,0,6,1,5,1,1900106,1000000
2024KL0004106,1,449.67,13,1,5,1,5,1512,13,0,0,6,1,5,1,1900111,1000000
2024KL0004107,1,449.67,92,1,1,1,5,5446,49,0,0,6,2,2,1,1900105,1000000
2024KL0004108,1,449.67,46,2,3,1,7,21082,191,8000,3,5,1,1,1,1900100,1000000
2024KL0004109,1,449.67,5,1,2,1,3,4920,44,0,0,6,1,5,1,1900103,1000000
2024KL0004110,1,449.67,38,1,1,1,12,39280,357,6000,6,4,1,1,1,1900111,1000000
2024KL0004111,1,449.67,35,2,1,1,14,13835,125,6000,1,1,1,1,1,1900111,1000000
2024KL0004112,1,449.67,23,2,3,1,16,78978,501,4000,2,1,1,5,1,1900102,1000000
2024KL0004113,1,449.67,26,1,2,1,8,18086,164,6000,3,1,1,1,1,1900111,1000000
2024KL0004114,1,449.67,16,2,1,1,14,2658,24,0,0,6,1,5,1,1900100,1000000
2024KL0004115,1,449.67,58,1,3,1,11,9853,89,6000,1,1,1,2,1,1900112,1000000
2024KL0004116,1,449.67,32,2,2,1,15,139720,501,6000,1,1,1,1,1,1900106,1000000
2024KL0004117,1,449.67,24,2,7,1,11,8169,74,9800,4,3,1,5,1,1900106,1000000
2024KL0004118,1,449.67,52,2,1,1,13,29321,266,7000,1,2,2,2,1,1900107,1000000
2024KL0004119,1,449.67,21,2,2,1,16,53245,484,4000,2,5,1,5,1,1900112,1000000
2024KL0004120,1,449.67,41,2,3,1,5,33659,305,9800,1,2,1,1,1,1900104,1000000
2024KL0004121,1,449.67,23,2,2,1,18,22999,209,6000,4,2,1,5,2,1900114,1000000
2024KL0004122,1,449.67,64,1,2,1,7,11182,101,7000,1,1,1,1,1,1900106,1000000
2024KL0004123,1,449.67,9,1,2,1,3,7128,64,0,0,6,1,5,1,1900103,1000000
2024KL0004124,1,449.67,14,1,1,1,2,2985,27,0,0,6,5,5,1,1900102,1000000
2024KL0004125,1,449.67,28,2,2,1,11,91941,501,7000,6,5,1,5,1,1900100,1000000
2024KL0004126,1,449.67,3,2,3,1,9,18399,167,0,0,6,1,5,1,1900110,1000000
2024KL0004127,1,449.67,31,2,1,1,9,155519,501,3000,2,1,1,1,1,1900105,1000000
2024KL0004128,1,449.67,49,1,1,1,12,39475,358,9000,1,1,1,1,1,1900109,1000000
2024KL0004129,1,449.67,41,2,3,1,9,114825,501,9000,4,1,1,1,1,1900111,1000000
2024KL0004130,1,449.67,22,1,4,1,19,122997,501,1000,1,2,1,1,1,1900110,1000000
2024KL0004131,1,449.67,11,2,1,1,4,2177,19,0,0,6,1,5,1,1900109,1000000
2024KL0004132,1,449.67,19,2,6,1,14,11564,105,4000,1,2,1,5,1,1900109,1000000
2024KL0004133,1,449.67,33,1,1,1,8,10368,94,9920,3,1,1,1,1,1900101,1000000
2024KL0004134,1,449.67,32,2,1,1,19,293897,501,4000,2,5,5,1,1,1900106,1000000
2024KL0004135,1,449.67,51,2,1,1,12,18611,169,4000,2,2,1,1,1,1900102,1000000
2024KL0004136,1,449.67,40,1,1,1,10,23311,211,1000,3,1,1,1,1,1900114,1000000
2024KL0004137,1,449.67,14,1,2,1,2,7563,68,0,0,6,1,5,1,1900111,1000000
2024KL0004138,1,449.67,30,1,5,1,11,16334,148,6000,4,1,1,1,2,1900110,1000000
2024KL0004139,1,449.67,25,1,1,1,13,44838,407,6000,4,4,1,1,1,1900108,1000000
2024KL0004140,1,449.67,17,2,3,1,20,43730,397,0,0,6,1,5,1,1900105,1000000
2024KL0004141,1,449.67,12,1,1,1,6,4515,41,0,0,6,1,5,1,1900109,1000000
2024KL0004142,1,449.67,12,2,1,1,3,4237,38,0,0,6,1,5,1,1900104,1000000
2024KL0004143,1,449.67,28,1,1,1,7,23776,216,7000,4,1,1,5,1,1900109,1000000
2024KL0004144,1,449.67,2,1,6,1,6,7974,72,0,0,6,1,5,1,1900114,1000000
2024KL0004145,1,449.67,38,1,8,1,10,116169,501,1000,1,1,1,1,1,1900105,1000000
2024KL0004146,1,449.67,38,2,4,1,11,13357,121,2000,1,1,1,1,1,1900105,1000000
2024KL0004147,1,449.67,7,2,4,1,7,2215,20,0,0,6,1,5,1,1900107,1000000
2024KL0004148,1,449.67,55,1,1,1,6,9173,83,9920,1,1,1,1,1,1900105,1000000
2024KL0004149,1,449.67,34,2,1,1,12,15226,138,6000,3,1,1,5,1,1900106,1000000
2024KL0004150,1,449.67,2,1,1,1,7,1069,9,0,0,6,1,5,1,1900111,1000000
2024KL0004151,1,449.67,49,2,2,1,12,31751,288,6000,4,1,2,1,1,1900100,1000000
2024KL0004152,1,449.67,16,1,6,1,14,18424,167,0,0,6,1,5,1,1900108,1000000
2024KL0004153,1,449.67,56,2,2,1,9,17148,155,5000,4,1,1,5,1,1900111,1000000
2024KL0004154,1,449.67,23,1,6,1,17,141616,501,6000,1,1,1,5,1,1900113,1000000
2024KL0004155,1,449.67,14,1,1,1,2,3185,28,0,0,6,1,5,1,1900103,1000000
2024KL0004156,1,449.67,0,1,1,1,3,3225,29,0,0,6,1,5,1,1900106,1000000
2024KL0004157,1,449.67,35,1,3,1,12,27503,250,4000,2,1,1,1,1,1900110,1000000
2024KL0004158,1,449.67,20,1,1,1,10,22888,208,7000,4,1,1,5,1,1900111,1000000
2024KL0004159,1,449.67,35,1,1,1,13,22584,205,7000,4,4,1,2,1,1900110,1000000
2024KL0004160,1,449.67,26,1,2,1,7,7028,63,7000,6,1,1,1,1,1900114,1000000
2024KL0004161,1,449.67,9,1,4,1,4,2595,23,0,0,6,1,5,1,1900105,1000000
2024KL0004162,1,449.67,31,1,6,1,10,62325,501,3000,2,1,1,5,1,1900112,1000000
2024KL0004163,1,449.67,23,1,2,1,18,45903,417,5000,6,5,1,5,1,1900101,1000000
2024KL0004164,1,449.67,43,1,1,1,12,26086,237,7000,1,4,1,1,1,1900113,1000000
2024KL0004165,1,449.67,22,2,1,1,15,29060,264,1000,1,1,1,5,1,1900112,1000000
2024KL0004166,1,449.67,77,2,2,1,9,18014,163,0,0,6,1,1,1,1900103,1000000
2024KL0004167,1,449.67,12,1,3,1,4,7496,68,0,0,6,1,5,1,1900103,1000000
2024KL0004168,1,449.67,54,1,1,1,18,32138,292,3000,2,1,1,4,1,1900106,1000000
2024KL0004169,1,449.67,3,1,4,1,5,7069,64,0,0,6,1,5,1,1900112,1000000
2024KL0004170,1,449.67,46,1,1,1,9,12424,112,3000,1,1,1,5,1,1900111,1000000
2024KL0004171,1,449.67,36,2,1,1,16,60850,501,4000,1,1,1,1,1,1900101,1000000
2024KL0004172,1,449.67,27,1,3,1,11,6522,59,1000,2,3,1,5,1,1900105,1000000
2024KL0004173,1,449.67,63,2,1,1,5,21703,197,9920,1,1,1,1,1,1900105,1000000
2024KL0004174,1,449.67,57,1,6,1,12,28832,262,6000,3,1,1,1,1,1900108,1000000
2024KL0004175,1,449.67,59,2,4,1,11,40170,365,1000,3,5,1,1,1,1900105,1000000
2024KL0004176,1,449.67,44,1,3,1,5,10251,93,9800,1,1,1,1,1,1900101,1000000
2024KL0004177,1,449.67,7,2,1,1,1,4379,39,0,0,6,1,5,1,1900104,1000000
2024KL0004178,1,449.67,20,1,2,1,17,49389,448,4000,1,1,1,1,1,1900113,1000000
2024KL0004179,1,449.67,31,1,1,1,6,18824,171,6000,3,1,1,1,1,1900111,1000000
2024KL0004180,1,449.67,96,2,4,1,5,2663,24,0,0,6,1,5,1,1900112,1000000
2024KL0004181,1,449.67,41,2,2,1,15,114253,501,6000,3,1,1,1,2,1900113,1000000
2024KL0004182,1,449.67,22,2,1,1,14,3953,35,5000,6,2,1,5,1,1900105,1000000
2024KL0004183,1,449.67,19,1,2,1,13,58539,501,6000,6,1,1,5,1,1900108,1000000
2024KL0004184,1,449.67,30,2,2,1,15,108866,501,3000,1,1,1,5,1,1900105,1000000
2024KL0004185,1,449.67,22,1,2,1,18,33665,306,4000,1,1,5,1,1,1900114,1000000
2024KL0004186,1,449.67,76,1,3,1,8,3439,31,0,0,6,1,1,1,1900101,1000000
2024KL0004187,1,449.67,48,2,1,1,14,45542,414,7000,4,3,1,3,1,1900111,1000000
2024KL0004188,1,449.67,31,1,1,1,15,69363,501,4000,1,5,1,1,1,1900110,1000000
2024KL0004189,1,449.67,29,2,1,1,14,9620,87,6000,1,1,1,1,1,1900112,1000000
2024KL0004190,1,449.67,5,1,1,1,4,1114,10,0,0,6,1,5,1,1900112,1000000
2024KL0004191,1,449.67,23,1,1,1,13,4862,44,6000,3,5,1,5,1,1900102,1000000
2024KL0004192,1,449.67,51,2,2,1,7,7677,69,9920,3,2,1,2,1,1900103,1000000
2024KL0004193,1,449.67,40,2,1,1,16,134342,501,4000,2,1,1,5,1,1900102,1000000
2024KL0004194,1,449.67,8,2,3,1,5,3403,30,0,0,6,1,5,1,1900103,1000000
2024KL0004195,1,449.67,49,1,2,1,13,59201,501,8000,6,1,1,1,1,1900108,1000000
2024KL0004196,1,449.67,84,1,1,1,5,1776,16,0,0,6,1,2,1,1900104,1000000
2024KL0004197,1,449.67,54,2,6,1,6,4854,44,7000,6,2,1,1,1,1900108,1000000
2024KL0004198,1,449.67,69,2,6,1,6,2033,18,9800,3,1,1,1,1,1900106,1000000
2024KL0004199,1,449.67,38,1,8,1,16,201211,501,4000,3,1,1,5,1,1900103,1000000
2024KL0004200,1,449.67,38,2,1,1,6,17739,161,5000,3,1,1,1,1,1900105,1000000
2024KL0004201,1,449.67,5,2,3,1,6,2342,21,0,0,6,1,5,1,1900113,1000000
2024KL0004202,1,449.67,48,2,6,1,13,38433,349,5000,3,1,1,1,1,1900110,1000000
2024KL0004203,1,449.67,54,2,2,1,9,70296,501,6000,4,5,1,1,1,1900101,1000000
2024KL0004204,1,449.67,5,1,5,1,6,1176,10,0,0,6,1,5,1,1900107,1000000
2024KL0004205,1,449.67,14,2,1,1,5,1788,16,0,0,6,1,5,1,1900113,1000000
2024KL0004206,1,449.67,12,2,1,1,3,6998,63,0,0,6,1,5,1,1900112,1000000
2024KL0004207,1,449.67,10,1,1,1,5,2121,19,0,0,6,1,5,1,1900104,1000000
2024KL0004208,1,449.67,53,1,3,1,5,6304,57,7000,6,5,1,1,1,1900101,1000000
2024KL0004209,1,449.67,38,2,2,1,8,20153,183,5000,4,1,1,1,1,1900105,1000000
2024KL0004210,1,449.67,23,2,3,1,15,41784,379,4000,2,4,1,1,1,1900100,1000000
2024KL0004211,1,449.67,7,2,3,1,6,2473,22,0,0,6,1,5,1,1900107,1000000
2024KL0004212,1,449.67,27,1,1,1,9,66239,501,6000,1,1,1,1,1,1900102,1000000
2024KL0004213,1,449.67,5,1,1,1,4,3513,31,0,0,6,1,5,1,1900114,1000000
2024KL0004214,1,449.67,52,2,2,1,6,6833,62,7000,6,1,1,2,1,1900109,1000000
2024KL0004215,1,449.67,23,1,3,1,19,77699,501,1000,1,1,1,5,1,1900105,1000000
2024KL0004216,1,449.67,14,2,2,1,7,3474,31,0,0,6,1,5,1,1900104,1000000
2024KL0004217,1,449.67,12,2,1,1,2,4429,40,0,0,6,1,5,1,1900102,1000000
2024KL0004218,1,449.67,20,1,1,1,14,7388,67,4000,2,1,1,5,1,1900108,1000000
2024KL0004219,1,449.67,10,2,4,1,5,6682,60,0,0,6,1,5,1,1900108,1000000
2024KL0004220,1,449.67,0,1,4,1,1,3951,35,0,0,6,1,5,1,1900101,1000000
2024KL0004221,1,449.67,4,1,2,1,1,4361,39,0,0,6,1,5,1,1900100,1000000
2024KL0004222,1,449.67,28,1,1,1,10,24871,226,6000,1,1,1,1,1,1900101,1000000
2024KL0004223,1,449.67,33,2,6,1,9,16754,152,2000,2,1,1,1,1,1900113,1000000
2024KL0004224,1,449.67,36,1,1,1,11,27478,249,1000,3,1,1,1,1,1900114,1000000
2024KL0004225,1,449.67,44,2,4,1,10,100892,501,7000,1,5,1,1,1,1900102,1000000
2024KL0004226,1,449.67,30,2,1,1,13,31318,284,8000,3,5,1,1,1,1900109,1000000
2024KL0004227,1,449.67,14,2,3,1,7,4833,43,0,0,6,1,5,1,1900107,1000000
2024KL0004228,1,449.67,44,2,4,1,20,55001,500,4000,1,1,1,5,1,1900112,1000000
2024KL0004229,1,449.67,41,1,1,1,11,37500,340,9800,4,1,1,1,2,1900103,1000000
2024KL0004230,1,449.67,66,1,1,1,6,4975,45,7000,1,1,1,1,1,1900106,1000000
2024KL0004231,1,449.67,21,1,5,1,12,4571,41,8000,1,1,1,5,1,1900101,1000000
2024KL0004232,1,449.67,39,1,3,1,7,6892,62,7000,1,2,1,1,1,1900114,1000000
2024KL0004233,1,449.67,73,1,1,1,6,3497,31,0,0,6,1,2,1,1900105,1000000
2024KL0004234,1,449.67,26,2,1,1,13,277236,501,5000,6,1,1,5,1,1900113,1000000
2024KL0004235,1,449.67,44,1,2,1,15,54813,498,1000,2,1,1,1,1,1900109,1000000
2024KL0004236,1,449.67,91,1,1,1,7,48918,444,0,0,6,1,1,2,1900114,1000000
2024KL0004237,1,449.67,38,1,1,1,14,14568,132,6000,4,3,1,1,2,1900106,1000000
2024KL0004238,1,449.67,23,2,1,1,14,15057,136,4000,2,1,1,5,1,1900104,1000000
2024KL0004239,1,449.67,10,2,1,1,6,2841,25,0,0,6,1,5,1,1900106,1000000
2024KL0004240,1,449.67,79,1,3,1,6,6146,55,0,0,6,1,1,1,1900103,1000000
2024KL0004241,1,449.67,2,2,1,1,4,2293,20,0,0,6,1,5,1,1900101,1000000
2024KL0004242,1,449.67,57,1,3,1,5,4059,36,5000,3,1,1,5,1,1900114,1000000
2024KL0004243,1,449.67,52,2,1,1,7,2158,19,9920,3,1,1,1,1,1900109,1000000
2024KL0004244,1,449.67,67,2,2,1,11,52699,479,7000,4,1,1,1,1,1900112,1000000
2024KL0004245,1,449.67,40,2,1,1,13,7845,71,4000,3,1,1,1,1,1900106,1000000
2024KL0004246,1,449.67,20,2,3,1,14,12605,114,6000,1,1,1,5,1,1900103,1000000
2024KL0004247,1,449.67,17,2,1,1,14,5737,52,0,0,6,1,5,1,1900106,1000000
2024KL0004248,1,449.67,14,1,1,1,1,1771,16,0,0,6,1,5,1,1900114,1000000
2024KL0004249,1,449.67,27,1,2,1,8,26822,243,9920,4,1,1,1,1,1900103,1000000
2024KL0004250,1,449.67,1,1,1,1,1,1904,17,0,0,6,1,5,1,1900106,1000000
2024KL0004251,1,449.67,98,2,1,1,8,2522,22,0,0,6,1,3,2,1900101,1000000
2024KL0004252,1,449.67,97,2,3,1,6,1273,11,0,0,6,1,1,1,1900113,1000000
2024KL0004253,1,449.67,33,1,4,1,12,50115,455,6000,3,4,1,5,1,1900102,1000000
2024KL0004254,1,449.67,31,1,1,1,17,184940,501,6000,4,4,1,1,1,1900112,1000000
2024KL0004255,1,449.67,2,1,1,1,3,2097,19,0,0,6,1,5,1,1900109,1000000
2024KL0004256,1,449.67,27,1,2,1,13,25572,232,6000,4,1,1,5,1,1900104,1000000
2024KL0004257,1,449.67,47,2,1,1,5,4508,40,9000,3,1,1,1,1,1900108,1000000
2024KL0004258,1,449.67,59,2,6,1,12,46411,421,7000,6,1,2,1,1,1900114,1000000
2024KL0004259,1,449.67,3,1,1,1,6,38046,345,0,0,6,1,5,1,1900106,1000000
2024KL0004260,1,449.67,23,2,1,1,16,85428,501,1000,1,1,1,5,1,1900102,1000000
2024KL0004261,1,449.67,23,2,5,1,16,58993,501,4000,1,5,1,5,1,1900112,1000000
2024KL0004262,1,449.67,4,1,1,1,8,2321,21,0,0,6,1,5,1,1900111,1000000
2024KL0004263,1,449.67,32,1,7,1,12,11175,101,6000,3,1,1,1,1,1900101,1000000
2024KL0004264,1,449.67,87,2,2,1,5,3243,29,0,0,6,1,5,1,1900104,1000000
2024KL0004265,1,449.67,49,1,1,1,10,23184,210,5000,4,1,1,2,1,1900107,1000000
2024KL0004266,1,449.67,41,1,4,1,14,19538,177,5000,1,1,1,1,1,1900113,1000000
2024KL0004267,1,449.67,38,1,1,1,12,11392,103,9800,1,1,1,1,1,1900102,1000000
2024KL0004268,1,449.67,55,2,1,1,8,35740,324,9000,1,1,1,2,2,1900102,1000000
2024KL0004269,1,449.67,27,1,1,1,12,7977,72,5000,6,2,1,5,1,1900114,1000000
2024KL0004270,1,449.67,41,2,1,1,17,122749,501,6000,1,1,1,1,1,1900109,1000000
2024KL0004271,1,449.67,28,1,2,1,14,76768,501,1000,1,5,1,1,1,1900106,1000000
2024KL0004272,1,449.67,20,1,1,1,13,29993,272,2000,2,1,1,5,1,1900111,1000000
2024KL0004273,1,449.67,28,1,1,1,13,80336,501,1000,2,1,1,5,1,1900113,1000000
2024KL0004274,1,449.67,58,2,1,1,12,29556,268,3000,2,1,1,1,1,1900111,1000000
2024KL0004275,1,449.67,7,1,5,1,4,8202,74,0,0,6,1,5,1,1900114,1000000
2024KL0004276,1,449.67,67,1,4,1,6,4898,44,7000,1,1,1,1,1,1900104,1000000
2024KL0004277,1,449.67,49,1,4,1,16,38961,354,6000,1,1,5,2,1,1900104,1000000
2024KL0004278,1,449.67,24,2,1,1,14,12041,109,7000,4,1,2,1,2,1900112,1000000
2024KL0004279,1,449.67,13,2,5,1,4,3584,32,0,0,6,1,5,1,1900108,1000000
2024KL0004280,1,449.67,100,2,2,1,7,1573,14,0,0,6,1,1,1,1900108,1000000
2024KL0004281,1,449.67,0,2,2,1,2,11826,107,0,0,6,1,5,1,1900109,1000000
2024KL0004282,1,449.67,39,2,6,1,10,12400,112,2000,2,2,1,1,1,1900106,1000000
2024KL0004283,1,449.67,88,1,1,1,5,3379,30,0,0,6,1,1,1,1900103,1000000
2024KL0004284,1,449.67,34,1,1,1,5,5112,46,6000,4,1,1,1,1,1900111,1000000
2024KL0004285,1,449.67,27,2,3,1,13,51067,464,7000,3,1,1,1,1,1900114,1000000
2024KL0004286,1,449.67,18,2,1,1,15,34238,311,1000,2,1,1,5,1,1900104,1000000
2024KL0004287,1,449.67,29,1,1,1,6,9907,90,9920,1,1,1,1,2,1900106,1000000
2024KL0004288,1,449.67,30,2,1,1,12,15065,136,4000,2,1,2,1,1,1900108,1000000
2024KL0004289,1,449.67,52,2,2,1,13,12578,114,1000,1,1,1,2,1,1900100,1000000
2024KL0004290,1,449.67,10,2,6,1,4,6871,62,0,0,6,1,5,1,1900104,1000000
2024KL0004291,1,449.67,49,1,1,1,5,15581,141,8000,1,1,1,5,1,1900110,1000000
2024KL0004292,1,449.67,29,2,2,1,11,15360,139,3000,1,1,1,1,1,1900102,1000000
2024KL0004293,1,449.67,31,2,3,1,8,44107,400,9800,3,1,5,1,2,1900109,1000000
2024KL0004294,1,449.67,13,2,2,1,6,2741,24,0,0,6,2,5,2,1900110,1000000
2024KL0004295,1,449.67,23,2,6,1,10,19594,178,5000,3,1,1,5,1,1900114,1000000
2024KL0004296,1,449.67,37,2,1,1,8,41464,376,6000,1,1,1,5,1,1900106,1000000
2024KL0004297,1,449.67,29,2,5,1,8,21135,192,7000,3,1,1,1,1,1900111,1000000
2024KL0004298,1,449.67,50,1,1,1,8,11941,108,9000,1,5,1,1,1,1900103,1000000
2024KL0004299,1,449.67,24,2,1,1,14,7390,67,7000,1,1,1,5,1,1900113,1000000
2024KL0004300,1,449.67,14,2,1,1,9,13018,118,0,0,6,1,5,1,1900103,1000000
2024KL0004301,1,449.67,9,2,3,1,9,21218,192,0,0,6,1,5,1,1900113,1000000
2024KL0004302,1,449.67,57,2,1,1,10,17797,161,6000,1,2,1,1,1,1900112,1000000
2024KL0004303,1,449.67,87,1,1,1,10,31736,288,0,0,6,1,1,1,1900106,1000000
2024KL0004304,1,449.67,0,1,2,1,6,2586,23,0,0,6,1,5,1,1900110,1000000
2024KL0004305,1,449.67,7,2,2,1,6,3026,27,0,0,6,1,5,1,1900101,1000000
2024KL0004306,1,449.67,45,2,3,1,7,6049,54,5000,1,1,1,1,1,1900113,1000000
2024KL0004307,1,449.67,22,2,4,1,14,34324,312,8000,4,1,1,5,1,1900106,1000000
2024KL0004308,1,449.67,9,2,1,1,1,2409,21,0,0,6,1,5,1,1900101,1000000
2024KL0004309,1,449.67,27,1,2,1,10,48391,439,5000,4,2,1,1,1,1900108,1000000
2024KL0004310,1,449.67,33,1,7,1,10,29124,264,5000,4,4,1,1,2,1900104,1000000
2024KL0004311,1,449.67,35,2,6,1,18,96117,501,3000,2,1,1,1,1,1900110,1000000
2024KL0004312,1,449.67,9,1,4,1,7,1742,15,0,0,6,1,5,2,1900109,1000000
2024KL0004313,1,449.67,35,2,6,1,11,80341,501,8000,1,1,1,3,1,1900103,1000000
2024KL0004314,1,449.67,61,2,1,1,5,13981,127,5000,4,1,1,4,2,1900104,1000000
2024KL0004315,1,449.67,9,1,2,1,5,2553,23,0,0,6,1,5,1,1900106,1000000
2024KL0004316,1,449.67,39,1,6,1,5,9496,86,6000,6,3,1,5,1,1900102,1000000
2024KL0004317,1,449.67,25,2,3,1,9,15365,139,6000,1,1,1,1,1,1900111,1000000
2024KL0004318,1,449.67,36,1,1,1,9,28816,261,7000,1,1,1,1,1,1900106,1000000
2024KL0004319,1,449.67,44,1,6,1,7,14210,129,5000,3,1,1,2,1,1900104,1000000
2024KL0004320,1,449.67,33,2,7,1,15,302004,501,5000,1,1,1,1,1,1900103,1000000
2024KL0004321,1,449.67,23,2,1,1,18,24467,222,4000,1,1,1,1,1,1900100,1000000
2024KL0004322,1,449.67,11,2,4,1,2,1906,17,0,0,6,1,5,1,1900114,1000000
2024KL0004323,1,449.67,19,2,1,1,11,6399,58,7000,1,1,1,5,1,1900110,1000000
2024KL0004324,1,449.67,26,2,1,1,16,20341,184,3000,1,1,1,1,1,1900109,1000000
2024KL0004325,1,449.67,51,1,6,1,6,9936,90,9800,1,1,1,1,1,1900103,1000000
2024KL0004326,1,449.67,19,2,5,1,12,8962,81,1000,1,1,1,5,1,1900103,1000000
2024KL0004327,1,449.67,35,2,6,1,16,31704,288,5000,6,4,1,2,1,1900103,1000000
2024KL0004328,1,449.67,33,1,6,1,5,23770,216,6000,6,1,1,1,2,1900100,1000000
2024KL0004329,1,449.67,29,1,2,1,16,152248,501,1000,2,1,1,1,1,1900103,1000000
2024KL0004330,1,449.67,0,2,1,1,4,7463,67,0,0,6,1,5,1,1900113,1000000
2024KL0004331,1,449.67,1,1,1,1,1,3114,28,0,0,6,1,5,1,1900112,1000000
2024KL0004332,1,449.67,19,2,1,1,12,6035,54,1000,2,1,1,5,1,1900100,1000000
2024KL0004333,1,449.67,12,2,3,1,6,3975,36,0,0,6,1,5,1,1900113,1000000
2024KL0004334,1,449.67,38,1,7,1,11,49705,451,2000,1,1,1,1,1,1900106,1000000
2024KL0004335,1,449.67,58,1,5,1,9,58279,501,3000,1,1,1,1,1,1900109,1000000
2024KL0004336,1,449.67,19,1,2,1,15,15353,139,1000,1,3,1,5,2,1900103,1000000
2024KL0004337,1,449.67,5,1,6,1,1,6938,63,0,0,6,5,5,2,1900106,1000000
2024KL0004338,1,449.67,9,1,4,1,4,12863,116,0,0,6,1,5,1,1900102,1000000
2024KL0004339,1,449.67,24,2,3,1,13,32041,291,6000,3,1,1,5,1,1900103,1000000
2024KL0004340,1,449.67,27,2,2,1,13,25676,233,5000,4,1,1,1,1,1900103,1000000
2024KL0004341,1,449.67,28,2,4,1,10,48511,441,3000,1,1,1,1,2,1900100,1000000
2024KL0004342,1,449.67,12,2,1,1,3,2835,25,0,0,6,1,5,2,1900107,1000000
2024KL0004343,1,449.67,21,2,1,1,20,15360,139,3000,3,4,1,1,1,1900112,1000000
2024KL0004344,1,449.67,40,2,1,1,12,46771,425,4000,1,1,1,1,1,1900107,1000000
2024KL0004345,1,449.67,18,1,5,1,18,18968,172,3000,1,1,1,5,1,1900102,1000000
2024KL0004346,1,449.67,17,2,1,1,17,49420,449,0,0,6,1,5,1,1900105,1000000
2024KL0004347,1,449.67,48,1,1,1,11,17924,162,6000,3,1,1,1,1,1900100,1000000
2024KL0004348,1,449.67,0,2,1,1,4,1805,16,0,0,6,1,5,1,1900104,1000000
2024KL0004349,1,449.67,32,1,3,1,16,32273,293,2000,2,1,1,1,2,1900108,1000000
2024KL0004350,1,449.67,94,1,3,1,7,3519,31,0,0,6,1,1,1,1900111,1000000
2024KL0004351,1,449.67,36,2,1,1,12,34262,311,1000,3,2,1,2,1,1900105,1000000
2024KL0004352,1,449.67,51,1,3,1,8,6938,63,7000,1,1,1,1,1,1900105,1000000
2024KL0004353,1,449.67,28,1,1,1,6,3811,34,5000,4,1,1,5,1,1900109,1000000
2024KL0004354,1,449.67,46,2,2,1,10,56764,501,1000,2,1,1,5,1,1900114,1000000
2024KL0004355,1,449.67,34,1,1,1,5,31621,287,6000,1,1,1,5,1,1900109,1000000
2024KL0004356,1,449.67,42,1,2,1,10,38596,350,7000,1,1,1,1,1,1900105,1000000
2024KL0004357,1,449.67,5,1,5,1,3,2204,20,0,0,6,1,5,1,1900100,1000000
2024KL0004358,1,449.67,53,1,1,1,6,22639,205,9920,1,1,1,5,1,1900105,1000000
2024KL0004359,1,449.67,58,1,1,1,14,42200,383,9800,1,5,1,5,1,1900109,1000000
2024KL0004360,1,449.67,41,2,1,1,8,40429,367,8000,3,1,1,1,1,1900112,1000000
2024KL0004361,1,449.67,21,2,1,1,13,18572,168,8000,1,1,1,5,1,1900112,1000000
2024KL0004362,1,449.67,38,2,9,1,16,63919,501,4000,1,4,1,1,1,1900108,1000000
2024KL0004363,1,449.67,26,1,1,1,11,63134,501,5000,6,2,1,5,1,1900103,1000000
2024KL0004364,1,449.67,20,2,2,1,17,19468,176,6000,3,1,1,1,1,1900111,1000000
2024KL0004365,1,449.67,53,1,1,1,6,11655,105,9920,1,1,1,1,2,1900108,1000000
2024KL0004366,1,449.67,21,2,1,1,11,30270,275,5000,1,1,1,5,1,1900111,1000000
2024KL0004367,1,449.67,16,2,2,1,12,51207,465,0,0,6,1,5,1,1900104,1000000
2024KL0004368,1,449.67,6,1,3,1,4,6926,62,0,0,6,1,5,1,1900114,1000000
2024KL0004369,1,449.67,6,1,4,1,2,1603,14,0,0,6,1,5,1,1900112,1000000
2024KL0004370,1,449.67,53,1,1,1,10,12810,116,8000,3,2,1,5,1,1900113,1000000
2024KL0004371,1,449.67,39,1,3,1,14,52799,479,2000,1,2,1,1,1,1900111,1000000
2024KL0004372,1,449.67,49,1,2,1,7,11096,100,9800,3,2,1,1,1,1900103,1000000
2024KL0004373,1,449.67,84,2,3,1,10,5358,48,0,0,6,2,1,1,1900107,1000000
2024KL0004374,1,449.67,2,2,1,1,1,10329,93,0,0,6,1,5,1,1900106,1000000
2024KL0004375,1,449.67,6,1,1,1,5,4485,40,0,0,6,1,5,1,1900112,1000000
2024KL0004376,1,449.67,20,1,1,1,18,29307,266,4000,2,1,1,5,1,1900102,1000000
2024KL0004377,1,449.67,18,2,3,1,13,49428,449,3000,1,1,1,1,1,1900110,1000000
2024KL0004378,1,449.67,14,2,1,1,3,3248,29,0,0,6,1,5,1,1900100,1000000
2024KL0004379,1,449.67,20,2,3,1,18,19513,177,6000,1,1,1,5,1,1900102,1000000
2024KL0004380,1,449.67,31,1,1,1,9,12305,111,1000,1,1,1,5,1,1900107,1000000
2024KL0004381,1,449.67,19,1,4,1,11,4290,39,1000,3,1,1,5,1,1900111,1000000
2024KL0004382,1,449.67,42,1,1,1,9,21616,196,6000,3,1,1,1,1,1900103,1000000
2024KL0004383,1,449.67,26,1,1,1,16,202156,501,1000,2,1,1,1,1,1900107,1000000
2024KL0004384,1,449.67,47,2,6,1,9,15624,142,1000,1,1,1,1,1,1900100,1000000
2024KL0004385,1,449.67,66,2,1,1,7,6831,62,5000,1,4,1,2,2,1900106,1000000
2024KL0004386,1,449.67,51,2,2,1,10,42790,389,9000,6,1,1,1,1,1900104,1000000
2024KL0004387,1,449.67,17,2,1,1,11,9956,90,0,0,6,1,5,1,1900107,1000000
2024KL0004388,1,449.67,40,2,2,1,11,51380,467,6000,4,1,1,1,1,1900109,1000000
2024KL0004389,1,449.67,30,2,1,1,7,9254,84,9920,1,3,1,1,1,1900110,1000000
2024KL0004390,1,449.67,13,1,1,1,6,3775,34,0,0,6,1,5,1,1900114,1000000
2024KL0004391,1,449.67,19,2,5,1,17,34453,313,2000,1,1,1,5,1,1900112,1000000
2024KL0004392,1,449.67,28,1,1,1,14,26521,241,6000,3,5,1,1,1,1900111,1000000
2024KL0004393,1,449.67,1,1,3,1,1,8252,75,0,0,6,1,5,1,1900108,1000000
2024KL0004394,1,449.67,25,2,3,1,10,10787,98,8000,6,1,1,1,2,1900114,1000000
2024KL0004395,1,449.67,38,1,1,1,16,141085,501,3000,2,1,1,1,1,1900106,1000000
2024KL0004396,1,449.67,28,1,3,1,5,17217,156,5000,4,1,1,5,1,1900114,1000000
2024KL0004397,1,449.67,51,2,2,1,9,39690,360,9800,1,1,1,5,1,1900108,1000000
2024KL0004398,1,449.67,39,1,1,1,14,11824,107,1000,1,1,1,1,1,1900103,1000000
2024KL0004399,1,449.67,43,2,1,1,11,48330,439,1000,1,1,1,2,1,1900104,1000000
2024KL0004400,1,449.67,10,2,7,1,5,3808,34,0,0,6,1,5,1,1900110,1000000
2024KL0004401,1,449.67,41,1,6,1,10,9056,82,5000,4,1,1,1,1,1900109,1000000
2024KL0004402,1,449.67,83,1,5,1,5,6031,54,0,0,6,1,1,1,1900107,1000000
2024KL0004403,1,449.67,98,1,1,1,9,52001,472,0,0,6,1,4,1,1900109,1000000
2024KL0004404,1,449.67,8,1,1,1,3,3503,31,0,0,6,1,5,1,1900108,1000000
2024KL0004405,1,449.67,44,1,6,1,7,6729,61,8000,1,1,1,1,1,1900105,1000000
2024KL0004406,1,449.67,3,2,1,1,2,1743,15,0,0,6,1,5,1,1900106,1000000
2024KL0004407,1,449.67,70,2,9,1,6,898,8,7000,4,3,1,1,1,1900113,1000000
2024KL0004408,1,449.67,13,1,1,1,1,13483,122,0,0,6,1,5,2,1900104,1000000
2024KL0004409,1,449.67,83,2,2,1,8,1259,11,0,0,6,1,1,1,1900102,1000000
2024KL0004410,1,449.67,24,1,2,1,20,164868,501,3000,1,5,1,1,1,1900105,1000000
2024KL0004411,1,449.67,96,1,1,1,9,15351,139,0,0,6,1,1,1,1900109,1000000
2024KL0004412,1,449.67,13,1,1,1,1,1580,14,0,0,6,1,5,1,1900112,1000000
2024KL0004413,1,449.67,21,1,1,1,20,39976,363,3000,1,1,1,1,1,1900107,1000000
2024KL0004414,1,449.67,41,2,4,1,11,31929,290,7000,3,5,1,1,1,1900108,1000000
2024KL0004415,1,449.67,46,2,1,1,10,29474,267,5000,6,1,1,1,1,1900109,1000000
2024KL0004416,1,449.67,58,1,2,1,13,34291,311,9000,1,4,1,2,1,1900103,1000000
2024KL0004417,1,449.67,86,1,3,1,10,8523,77,0,0,6,1,1,1,1900104,1000000
2024KL0004418,1,449.67,18,2,1,1,18,27076,246,6000,4,1,1,5,1,1900107,1000000
2024KL0004419,1,449.67,11,1,1,1,4,6068,55,0,0,6,1,5,1,1900101,1000000
2024KL0004420,1,449.67,50,1,1,1,19,107433,501,4000,2,1,1,1,1,1900104,1000000
2024KL0004421,1,449.67,24,1,3,1,11,22118,201,2000,2,1,1,1,1,1900112,1000000
2024KL0004422,1,449.67,47,2,1,1,11,49850,453,6000,1,5,1,1,1,1900106,1000000
2024KL0004423,1,449.67,3,2,1,1,6,5517,50,0,0,6,2,5,1,1900100,1000000
2024KL0004424,1,449.67,17,2,2,1,13,4925,44,0,0,6,1,5,1,1900105,1000000
2024KL0004425,1,449.67,86,2,4,1,5,7277,66,0,0,6,1,5,1,1900107,1000000
2024KL0004426,1,449.67,42,1,1,1,13,31660,287,6000,1,1,1,1,1,1900101,1000000
2024KL0004427,1,449.67,72,2,1,1,6,9872,89,0,0,6,1,1,1,1900109,1000000
2024KL0004428,1,449.67,18,1,1,1,15,16445,149,1000,1,1,1,5,1,1900106,1000000
2024KL0004429,1,449.67,16,2,4,1,20,61945,501,0,0,6,1,5,1,1900105,1000000
2024KL0004430,1,449.67,34,2,1,1,9,18530,168,6000,1,1,1,1,1,1900109,1000000
2024KL0004431,1,449.67,18,2,2,1,13,6977,63,3000,1,2,1,5,1,1900112,1000000
2024KL0004432,1,449.67,31,1,2,1,10,9482,86,1000,2,5,1,1,1,1900109,1000000
2024KL0004433,1,449.67,30,1,4,1,13,79625,501,8000,1,1,2,1,2,1900113,1000000
2024KL0004434,1,449.67,87,2,2,1,7,15131,137,0,0,6,1,1,1,1900105,1000000
2024KL0004435,1,449.67,15,1,7,1,17,47707,433,0,0,6,1,5,1,1900109,1000000
2024KL0004436,1,449.67,2,1,1,1,7,1835,16,0,0,6,2,5,1,1900102,1000000
2024KL0004437,1,449.67,40,2,1,1,14,14931,135,7000,1,1,1,5,1,1900112,1000000
2024KL0004438,1,449.67,17,1,2,1,14,2827,25,0,0,6,1,5,1,1900112,1000000
2024KL0004439,1,449.67,39,2,8,1,9,55751,501,4000,2,1,1,1,2,1900105,1000000
2024KL0004440,1,449.67,29,1,2,1,12,31425,285,6000,1,1,1,1,1,1900107,1000000
2024KL0004441,1,449.67,82,2,3,1,11,13042,118,0,0,6,1,1,1,1900107,1000000
2024KL0004442,1,449.67,1,1,1,1,6,6912,62,0,0,6,1,5,1,1900101,1000000
2024KL0004443,1,449.67,19,2,2,1,20,48583,441,2000,3,1,1,5,1,1900101,1000000
2024KL0004444,1,449.67,35,1,2,1,12,24654,224,2000,1,1,1,1,1,1900113,1000000
2024KL0004445,1,449.67,10,2,1,1,1,1597,14,0,0,6,1,5,1,1900107,1000000
2024KL0004446,1,449.67,47,2,3,1,10,9463,86,5000,3,1,1,1,1,1900108,1000000
2024KL0004447,1,449.67,9,1,3,1,8,907,8,0,0,6,1,5,2,1900109,1000000
2024KL0004448,1,449.67,11,2,2,1,3,11314,102,0,0,6,1,5,1,1900104,1000000
2024KL0004449,1,449.67,29,1,2,1,15,42019,381,3000,1,1,1,1,1,1900114,1000000
2024KL0004450,1,449.67,52,1,4,1,11,37134,337,9000,3,5,1,1,1,1900107,1000000
2024KL0004451,1,449.67,2,1,4,1,4,2572,23,0,0,6,1,5,1,1900102,1000000
2024KL0004452,1,449.67,43,1,1,1,8,2762,25,5000,4,1,1,1,1,1900101,1000000
2024KL0004453,1,449.67,17,2,1,1,19,57066,501,0,0,6,1,5,1,1900100,1000000
2024KL0004454,1,449.67,88,1,1,1,9,11245,102,0,0,6,1,1,1,1900111,1000000
2024KL0004455,1,449.67,10,1,1,1,5,9799,89,0,0,6,2,5,1,1900109,1000000
2024KL0004456,1,449.67,44,2,3,1,9,96907,501,1000,1,1,1,5,1,1900112,1000000
2024KL0004457,1,449.67,51,1,1,1,8,73404,501,9000,6,1,1,1,1,1900114,1000000
2024KL0004458,1,449.67,21,2,3,1,13,6207,56,7000,1,1,1,5,1,1900102,1000000
2024KL0004459,1,449.67,15,1,1,1,15,37766,343,0,0,6,1,5,1,1900111,1000000
2024KL0004460,1,449.67,38,2,5,1,7,4959,45,5000,1,1,1,1,1,1900106,1000000
2024KL0004461,1,449.67,39,2,1,1,7,15456,140,6000,1,1,1,1,1,1900103,1000000
2024KL0004462,1,449.67,0,2,6,1,1,1806,16,0,0,6,1,5,1,1900112,1000000
2024KL0004463,1,449.67,11,2,4,1,1,3729,33,0,0,6,1,5,1,1900113,1000000
2024KL0004464,1,449.67,42,1,3,1,13,25659,233,1000,1,1,1,1,1,1900109,1000000
2024KL0004465,1,449.67,32,2,2,1,18,67573,501,6000,4,1,1,5,1,1900103,1000000
2024KL0004466,1,449.67,38,2,5,1,9,15160,137,4000,1,1,1,1,1,1900105,1000000
2024KL0004467,1,449.67,18,1,2,1,14,11405,103,6000,1,1,1,1,1,1900103,1000000
2024KL0004468,1,449.67,63,1,6,1,5,17561,159,7000,4,1,1,1,1,1900114,1000000
2024KL0004469,1,449.67,51,2,1,1,6,14148,128,9000,1,1,1,1,1,1900100,1000000
2024KL0004470,1,449.67,19,2,1,1,11,30839,280,1000,1,1,1,1,1,1900106,1000000
2024KL0004471,1,449.67,52,2,1,1,9,19091,173,5000,4,1,1,2,1,1900106,1000000
2024KL0004472,1,449.67,10,2,2,1,6,5935,53,0,0,6,1,5,1,1900100,1000000
2024KL0004473,1,449.67,15,2,2,1,16,59439,501,0,0,6,1,5,1,1900101,1000000
2024KL0004474,1,449.67,0,2,3,1,2,6542,59,0,0,6,1,5,1,1900111,1000000
2024KL0004475,1,449.67,27,2,1,1,9,18697,169,6000,6,1,1,5,1,1900100,1000000
2024KL0004476,1,449.67,44,1,2,1,14,51227,465,6000,3,1,1,2,1,1900112,1000000
2024KL0004477,1,449.67,25,2,3,1,11,12822,116,6000,1,1,1,5,1,1900114,1000000
2024KL0004478,1,449.67,20,1,2,1,18,54326,493,3000,3,1,1,5,1,1900111,1000000
2024KL0004479,1,449.67,34,1,1,1,7,1646,14,9000,1,4,1,1,1,1900111,1000000
2024KL0004480,1,449.67,43,1,3,1,18,50750,461,4000,1,1,1,1,1,1900104,1000000
2024KL0004481,1,449.67,46,1,3,1,10,40629,369,4000,1,3,1,1,1,1900108,1000000
2024KL0004482,1,449.67,25,2,7,1,9,16168,146,6000,3,1,1,1,1,1900105,1000000
2024KL0004483,1,449.67,6,1,1,1,6,5063,46,0,0,6,1,5,1,1900103,1000000
2024KL0004484,1,449.67,33,1,1,1,9,20171,183,9000,4,1,1,1,1,1900108,1000000
2024KL0004485,1,449.67,3,2,1,1,2,7175,65,0,0,6,1,5,2,1900112,1000000
2024KL0004486,1,449.67,5,2,1,1,6,7377,67,0,0,6,1,5,1,1900111,1000000
2024KL0004487,1,449.67,24,1,1,1,15,51250,465,4000,1,5,1,5,1,1900107,1000000
2024KL0004488,1,449.67,20,2,3,1,13,15894,144,6000,1,1,1,5,1,1900104,1000000
2024KL0004489,1,449.67,10,1,3,1,1,5288,48,0,0,6,1,5,1,1900112,1000000
2024KL0004490,1,449.67,78,2,1,1,7,3031,27,0,0,6,1,1,1,1900106,1000000
2024KL0004491,1,449.67,19,2,6,1,18,42754,388,6000,1,2,1,5,1,1900105,1000000
2024KL0004492,1,449.67,6,2,1,1,4,1881,17,0,0,6,1,5,1,1900112,1000000
2024KL0004493,1,449.67,46,1,1,1,9,10602,96,7000,4,2,1,1,1,1900108,1000000
2024KL0004494,1,449.67,37,2,1,1,9,21314,193,1000,3,1,2,1,1,1900100,1000000
2024KL0004495,1,449.67,39,1,2,1,7,6858,62,8000,3,1,2,1,1,1900108,1000000
2024KL0004496,1,449.67,13,2,2,1,2,4035,36,0,0,6,1,5,1,1900102,1000000
2024KL0004497,1,449.67,49,2,3,1,11,15801,143,5000,1,2,1,1,1,1900107,1000000
2024KL0004498,1,449.67,32,1,1,1,7,1389,12,9800,4,5,1,5,1,1900111,1000000
2024KL0004499,1,449.67,31,2,3,1,6,14218,129,7000,3,1,1,1,1,1900100,1000000
2024KL0004500,1,449.67,69,1,1,1,6,3127,28,9000,4,2,1,1,1,1900104,1000000
2024KL0004501,1,449.67,85,2,6,1,7,5425,49,0,0,6,1,2,1,1900110,1000000
2024KL0004502,1,449.67,49,1,6,1,7,6308,57,6000,1,1,1,1,1,1900100,1000000
2024KL0004503,1,449.67,29,1,2,1,12,17411,158,8000,6,1,1,1,1,1900104,1000000
2024KL0004504,1,449.67,25,1,6,1,9,20711,188,2000,1,1,1,5,1,1900114,1000000
2024KL0004505,1,449.67,73,1,1,1,11,23207,210,0,0,6,1,2,1,1900113,1000000
2024KL0004506,1,449.67,57,2,2,1,6,8363,76,5000,1,1,1,1,1,1900108,1000000
2024KL0004507,1,449.67,79,2,2,1,5,6917,62,0,0,6,1,5,1,1900103,1000000
2024KL0004508,1,449.67,50,1,1,1,9,27811,252,9000,1,2,2,1,1,1900106,1000000
2024KL0004509,1,449.67,85,1,2,1,10,37895,344,0,0,6,2,4,1,1900112,1000000
2024KL0004510,1,449.67,18,2,2,1,12,14482,131,6000,1,1,1,5,1,1900101,1000000
2024KL0004511,1,449.67,39,2,1,1,5,17020,154,9920,1,1,1,1,2,1900105,1000000
2024KL0004512,1,449.67,32,1,2,1,11,6174,56,2000,2,2,1,1,1,1900109,1000000
2024KL0004513,1,449.67,21,2,1,1,18,39078,355,5000,3,1,2,5,1,1900100,1000000
2024KL0004514,1,449.67,77,1,6,1,10,12334,112,0,0,6,1,1,1,1900103,1000000
2024KL0004515,1,449.67,57,2,3,1,12,52194,474,4000,2,1,1,4,1,1900109,1000000
2024KL0004516,1,449.67,19,2,1,1,15,59198,501,2000,1,1,1,5,1,1900105,1000000
2024KL0004517,1,449.67,35,1,2,1,7,13115,119,6000,1,3,1,1,1,1900112,1000000
2024KL0004518,1,449.67,32,1,1,1,12,32025,291,7000,1,1,1,1,1,1900105,1000000
2024KL0004519,1,449.67,25,1,1,1,14,31254,284,6000,4,1,1,1,1,1900113,1000000
2024KL0004520,1,449.67,25,1,6,1,5,11671,106,9920,4,2,1,5,1,1900107,1000000
2024KL0004521,1,449.67,38,1,1,1,15,36887,335,6000,1,5,1,1,1,1900100,1000000
2024KL0004522,1,449.67,42,1,2,1,7,5702,51,5000,1,2,1,1,1,1900109,1000000
2024KL0004523,1,449.67,7,2,5,1,1,5000,45,0,0,6,2,5,1,1900102,1000000
2024KL0004524,1,449.67,0,1,7,1,5,2731,24,0,0,6,1,5,1,1900105,1000000
2024KL0004525,1,449.67,42,1,1,1,13,14034,127,1000,3,1,1,1,1,1900107,1000000
2024KL0004526,1,449.67,19,1,3,1,12,2808,25,1000,1,1,1,1,1,1900106,1000000
2024KL0004527,1,449.67,25,1,2,1,7,7017,63,9920,4,3,1,1,2,1900102,1000000
2024KL0004528,1,449.67,59,2,1,1,12,7807,70,4000,1,1,1,1,1,1900111,1000000
2024KL0004529,1,449.67,31,2,1,1,8,12299,111,9920,1,1,1,1,1,1900107,1000000
2024KL0004530,1,449.67,35,1,1,1,8,7300,66,6000,1,1,1,1,2,1900110,1000000
2024KL0004531,1,449.67,35,1,5,1,16,186432,501,3000,1,1,1,1,1,1900104,1000000
2024KL0004532,1,449.67,25,1,1,1,7,8631,78,8000,6,4,1,1,1,1900114,1000000
2024KL0004533,1,449.67,34,1,6,1,11,45598,414,5000,3,3,1,1,1,1900109,1000000
2024KL0004534,1,449.67,17,2,3,1,17,50607,460,0,0,6,1,5,1,1900112,1000000
2024KL0004535,1,449.67,2,1,1,1,4,1041,9,0,0,6,1,5,1,1900110,1000000
2024KL0004536,1,449.67,53,1,4,1,9,39959,363,6000,4,1,1,1,1,1900106,1000000
2024KL0004537,1,449.67,86,1,4,1,9,28268,256,0,0,6,1,2,1,1900102,1000000
2024KL0004538,1,449.67,29,1,1,1,16,112435,501,4000,3,1,1,1,2,1900100,1000000
2024KL0004539,1,449.67,14,2,1,1,1,4837,43,0,0,6,1,5,1,1900107,1000000
2024KL0004540,1,449.67,26,2,6,1,12,89478,501,1000,1,2,1,1,1,1900111,1000000
2024KL0004541,1,449.67,28,2,5,1,12,21940,199,5000,1,3,1,5,1,1900101,1000000
2024KL0004542,1,449.67,43,1,1,1,15,76584,501,6000,6,1,1,1,1,1900114,1000000
2024KL0004543,1,449.67,11,1,1,1,4,1712,15,0,0,6,1,5,1,1900110,1000000
2024KL0004544,1,449.67,7,2,1,1,7,4062,36,0,0,6,1,5,1,1900102,1000000
2024KL0004545,1,449.67,43,2,4,1,11,55147,501,8000,3,1,1,1,1,1900106,1000000
2024KL0004546,1,449.67,5,2,1,1,5,4529,41,0,0,6,1,5,1,1900103,1000000
2024KL0004547,1,449.67,68,1,4,1,5,8507,77,9920,1,1,1,1,1,1900114,1000000
2024KL0004548,1,449.67,34,2,2,1,14,16209,147,6000,1,1,1,1,1,1900113,1000000
2024KL0004549,1,449.67,99,2,1,1,12,22034,200,0,0,6,1,2,1,1900111,1000000
2024KL0004550,1,449.67,12,1,3,1,7,1172,10,0,0,6,1,5,1,1900110,1000000
2024KL0004551,1,449.67,58,2,3,1,7,1187,10,9800,4,1,1,1,1,1900107,1000000
2024KL0004552,1,449.67,24,2,2,1,14,31681,288,3000,2,1,1,5,1,1900111,1000000
2024KL0004553,1,449.67,19,1,3,1,12,11364,103,3000,2,1,1,5,1,1900103,1000000
2024KL0004554,1,449.67,30,1,8,1,11,29146,264,4000,1,4,1,1,1,1900113,1000000
2024KL0004555,1,449.67,29,1,3,1,15,180938,501,4000,1,1,1,1,1,1900111,1000000
2024KL0004556,1,449.67,58,1,4,1,9,12334,112,7000,1,1,1,1,1,1900113,1000000
2024KL0004557,1,449.67,70,1,3,1,11,4684,42,7000,1,5,1,3,1,1900100,1000000
2024KL0004558,1,449.67,17,1,1,1,17,11523,104,0,0,6,1,5,1,1900110,1000000
2024KL0004559,1,449.67,24,2,1,1,15,18140,164,4000,1,1,1,5,1,1900103,1000000
2024KL0004560,1,449.67,26,2,4,1,11,31493,286,6000,4,1,1,1,1,1900106,1000000
2024KL0004561,1,449.67,69,1,3,1,7,2547,23,9800,4,1,1,2,1,1900104,1000000
2024KL0004562,1,449.67,19,2,1,1,13,20152,183,6000,3,1,1,5,1,1900104,1000000
2024KL0004563,1,449.67,30,1,1,1,12,37498,340,6000,3,4,1,1,1,1900103,1000000
2024KL0004564,1,449.67,27,1,4,1,9,20381,185,5000,3,1,1,1,1,1900102,1000000
2024KL0004565,1,449.67,2,2,1,1,4,8287,75,0,0,6,1,5,1,1900106,1000000
2024KL0004566,1,449.67,6,2,6,1,4,3716,33,0,0,6,1,5,1,1900107,1000000
2024KL0004567,1,449.67,9,1,4,1,6,829,7,0,0,6,1,5,1,1900105,1000000
2024KL0004568,1,449.67,31,2,1,1,11,7627,69,8000,3,1,1,1,1,1900113,1000000
2024KL0004569,1,449.67,17,1,1,1,15,16489,149,0,0,6,1,5,1,1900112,1000000
2024KL0004570,1,449.67,39,1,1,1,14,19820,180,7000,4,3,1,2,1,1900113,1000000
2024KL0004571,1,449.67,26,2,1,1,10,32807,298,1000,1,1,2,1,2,1900114,1000000
2024KL0004572,1,449.67,20,1,4,1,17,28326,257,3000,3,1,1,5,1,1900109,1000000
2024KL0004573,1,449.67,64,1,1,1,6,12630,114,9000,1,1,1,1,1,1900104,1000000
2024KL0004574,1,449.67,34,2,1,1,14,31477,286,5000,1,1,1,1,1,1900113,1000000
2024KL0004575,1,449.67,27,1,3,1,9,11381,103,3000,1,1,1,1,2,1900108,1000000
2024KL0004576,1,449.67,56,1,1,1,14,37276,338,6000,3,1,1,1,1,1900107,1000000
2024KL0004577,1,449.67,77,2,1,1,5,2395,21,0,0,6,1,2,1,1900111,1000000
2024KL0004578,1,449.67,25,1,1,1,13,10905,99,8000,1,1,5,1,2,1900105,1000000
2024KL0004579,1,449.67,40,2,6,1,14,27432,249,5000,1,1,1,1,1,1900100,1000000
2024KL0004580,1,449.67,28,1,9,1,12,96682,501,9000,1,5,1,1,1,1900111,1000000
2024KL0004581,1,449.67,11,2,6,1,4,2952,26,0,0,6,1,5,1,1900101,1000000
2024KL0004582,1,449.67,20,2,3,1,19,17356,157,4000,1,5,1,5,2,1900110,1000000
2024KL0004583,1,449.67,19,2,4,1,10,4560,41,4000,1,4,1,5,1,1900100,1000000
2024KL0004584,1,449.67,18,2,1,1,17,11253,102,4000,1,1,1,1,1,1900113,1000000
2024KL0004585,1,449.67,36,2,2,1,9,51248,465,2000,2,1,1,1,1,1900107,1000000
2024KL0004586,1,449.67,23,2,1,1,13,22575,205,1000,2,1,1,1,1,1900106,1000000
2024KL0004587,1,449.67,28,1,7,1,16,51432,467,1000,3,4,1,1,1,1900114,1000000
2024KL0004588,1,449.67,21,1,6,1,16,40591,369,5000,6,1,1,5,1,1900105,1000000
2024KL0004589,1,449.67,66,2,1,1,5,661,6,9800,4,1,1,2,1,1900103,1000000
2024KL0004590,1,449.67,5,1,1,1,4,4258,38,0,0,6,1,5,1,1900110,1000000
2024KL0004591,1,449.67,35,2,1,1,8,13447,122,9000,4,3,1,5,1,1900104,1000000
2024KL0004592,1,449.67,17,2,1,1,15,23758,215,0,0,6,1,5,1,1900108,1000000
2024KL0004593,1,449.67,52,2,1,1,12,30235,274,1000,1,5,1,5,1,1900102,1000000
2024KL0004594,1,449.67,44,2,2,1,6,24735,224,7000,6,1,1,1,1,1900111,1000000
2024KL0004595,1,449.67,46,1,1,1,7,6732,61,9920,1,1,1,1,1,1900114,1000000
2024KL0004596,1,449.67,21,2,1,1,20,42891,389,3000,2,1,1,1,1,1900112,1000000
2024KL0004597,1,449.67,21,1,1,1,12,14986,136,7000,3,1,1,5,1,1900109,1000000
2024KL0004598,1,449.67,81,1,1,1,6,45561,414,0,0,6,1,1,1,1900102,1000000
2024KL0004599,1,449.67,4,1,1,1,5,1349,12,0,0,6,1,5,2,1900110,1000000
2024KL0004600,1,449.67,94,2,1,1,7,3776,34,0,0,6,1,1,1,1900111,1000000
2024KL0004601,1,449.67,41,1,6,1,20,578084,501,2000,2,3,1,5,1,1900106,1000000
2024KL0004602,1,449.67,55,1,2,1,8,27606,250,5000,1,5,1,1,2,1900103,1000000
2024KL0004603,1,449.67,52,1,2,1,11,12282,111,9000,1,1,1,2,1,1900103,1000000
2024KL0004604,1,449.67,28,1,3,1,9,16221,147,6000,6,1,1,1,1,1900112,1000000
2024KL0004605,1,449.67,82,2,4,1,8,6761,61,0,0,6,1,1,1,1900102,1000000
2024KL0004606,1,449.67,23,2,1,1,19,110501,501,3000,3,1,1,5,1,1900101,1000000
2024KL0004607,1,449.67,49,2,1,1,9,73817,501,9800,6,5,1,1,1,1900102,1000000
2024KL0004608,1,449.67,85,2,5,1,6,6020,54,0,0,6,1,3,1,1900103,1000000
2024KL0004609,1,449.67,22,1,2,1,20,87079,501,3000,2,1,1,5,1,1900103,1000000
2024KL0004610,1,449.67,39,2,4,1,12,22206,201,6000,1,3,1,2,1,1900113,1000000
2024KL0004611,1,449.67,40,2,3,1,7,13959,126,9800,1,1,1,1,1,1900112,1000000
2024KL0004612,1,449.67,41,2,1,1,8,13410,121,6000,1,1,1,1,1,1900104,1000000
2024KL0004613,1,449.67,6,1,1,1,4,8676,78,0,0,6,1,5,1,1900111,1000000
2024KL0004614,1,449.67,59,1,1,1,9,17195,156,1000,1,1,1,3,1,1900101,1000000
2024KL0004615,1,449.67,27,1,2,1,18,47750,434,1000,2,1,1,5,1,1900108,1000000
2024KL0004616,1,449.67,57,1,5,1,7,1939,17,7000,6,4,1,1,1,1900104,1000000
2024KL0004617,1,449.67,5,1,3,1,4,692,6,0,0,6,1,5,1,1900107,1000000
2024KL0004618,1,449.67,38,2,1,1,11,36959,335,5000,1,5,1,1,1,1900110,1000000
2024KL0004619,1,449.67,80,1,1,1,10,8890,80,0,0,6,1,1,1,1900111,1000000
2024KL0004620,1,449.67,22,1,2,1,15,25942,235,4000,2,1,1,1,1,1900110,1000000
2024KL0004621,1,449.67,2,1,2,1,8,2790,25,0,0,6,1,5,1,1900114,1000000
2024KL0004622,1,449.67,36,2,5,1,11,18932,172,6000,1,1,1,1,1,1900100,1000000
2024KL0004623,1,449.67,21,2,6,1,17,40793,370,3000,3,1,1,1,1,1900113,1000000
2024KL0004624,1,449.67,6,2,6,1,4,4011,36,0,0,6,1,5,1,1900111,1000000
2024KL0004625,1,449.67,16,2,1,1,16,5119,46,0,0,6,1,5,1,1900105,1000000
2024KL0004626,1,449.67,39,2,5,1,12,66997,501,9000,1,5,1,1,1,1900109,1000000
2024KL0004627,1,449.67,11,1,1,1,9,3743,34,0,0,6,1,5,1,1900109,1000000
2024KL0004628,1,449.67,55,2,1,1,9,13071,118,9000,4,1,1,4,1,1900105,1000000
2024KL0004629,1,449.67,13,2,5,1,7,1620,14,0,0,6,1,5,1,1900103,1000000
2024KL0004630,1,449.67,11,1,7,1,3,2955,26,0,0,6,1,5,1,1900102,1000000
2024KL0004631,1,449.67,5,1,3,1,4,1677,15,0,0,6,1,5,1,1900109,1000000
2024KL0004632,1,449.67,11,1,1,1,4,2370,21,0,0,6,1,5,1,1900112,1000000
2024KL0004633,1,449.67,71,1,4,1,11,6456,58,0,0,6,1,2,1,1900106,1000000
2024KL0004634,1,449.67,10,2,6,1,6,999,9,0,0,6,1,5,1,1900109,1000000
2024KL0004635,1,449.67,13,1,1,1,7,9391,85,0,0,6,1,5,1,1900101,1000000
2024KL0004636,1,449.67,71,1,3,1,7,9856,89,0,0,6,1,2,1,1900107,1000000
2024KL0004637,1,449.67,67,1,5,1,11,37603,341,8000,6,1,1,1,1,1900106,1000000
2024KL0004638,1,449.67,27,2,1,1,5,5490,49,5000,3,1,1,5,1,1900102,1000000
2024KL0004639,1,449.67,11,1,1,1,5,4255,38,0,0,6,1,5,1,1900100,1000000
2024KL0004640,1,449.67,28,2,3,1,8,10752,97,5000,1,5,1,1,1,1900113,1000000
2024KL0004641,1,449.67,22,1,1,1,17,61540,501,5000,1,1,1,5,1,1900110,1000000
2024KL0004642,1,449.67,43,1,1,1,12,81862,501,7000,1,1,1,5,1,1900104,1000000
2024KL0004643,1,449.67,90,1,9,1,7,740,6,0,0,6,1,3,1,1900111,1000000
2024KL0004644,1,449.67,93,2,3,1,6,6234,56,0,0,6,1,5,1,1900109,1000000
2024KL0004645,1,449.67,55,1,5,1,13,64241,501,7000,1,2,1,1,1,1900113,1000000
2024KL0004646,1,449.67,52,1,7,1,5,17434,158,9920,3,1,1,1,1,1900106,1000000
2024KL0004647,1,449.67,49,2,3,1,12,29829,271,9000,1,2,1,5,1,1900107,1000000
2024KL0004648,1,449.67,13,2,1,1,1,30935,281,0,0,6,1,5,2,1900106,1000000
2024KL0004649,1,449.67,9,1,2,1,7,2392,21,0,0,6,2,5,1,1900113,1000000
2024KL0004650,1,449.67,4,1,1,1,2,3089,28,0,0,6,1,5,1,1900110,1000000
2024KL0004651,1,449.67,42,1,1,1,7,14207,129,5000,3,1,1,1,1,1900102,1000000
2024KL0004652,1,449.67,57,2,1,1,10,33114,301,1000,1,2,1,1,1,1900102,1000000
2024KL0004653,1,449.67,21,1,1,1,12,14525,132,3000,1,2,1,1,1,1900106,1000000
2024KL0004654,1,449.67,58,2,2,1,9,21593,196,8000,4,1,1,1,1,1900111,1000000
2024KL0004655,1,449.67,33,1,2,1,12,28740,261,9000,1,1,1,1,2,1900109,1000000
2024KL0004656,1,449.67,18,1,2,1,18,16085,146,6000,4,1,1,5,1,1900104,1000000
2024KL0004657,1,449.67,18,1,3,1,15,41521,377,2000,2,1,2,5,1,1900104,1000000
2024KL0004658,1,449.67,25,2,5,1,10,11370,103,7000,1,5,1,1,1,1900110,1000000
2024KL0004659,1,449.67,42,1,3,1,8,9301,84,7000,4,1,1,1,1,1900106,1000000
2024KL0004660,1,449.67,28,2,2,1,13,30039,273,9000,1,3,1,1,1,1900114,1000000
2024KL0004661,1,449.67,23,2,1,1,10,10101,91,5000,3,1,1,5,1,1900109,1000000
2024KL0004662,1,449.67,14,2,1,1,1,5271,47,0,0,6,1,5,1,1900101,1000000
2024KL0004663,1,449.67,73,1,1,1,10,23263,211,0,0,6,1,4,1,1900105,1000000
2024KL0004664,1,449.67,1,1,1,1,6,21128,192,0,0,6,1,5,1,1900100,1000000
2024KL0004665,1,449.67,0,2,4,1,3,4418,40,0,0,6,1,5,1,1900105,1000000
2024KL0004666,1,449.67,1,1,5,1,1,2351,21,0,0,6,1,5,1,1900114,1000000
2024KL0004667,1,449.67,94,1,4,1,9,3917,35,0,0,6,1,1,1,1900114,1000000
2024KL0004668,1,449.67,9,2,1,1,2,1567,14,0,0,6,1,5,1,1900104,1000000
2024KL0004669,1,449.67,6,1,1,1,6,5226,47,0,0,6,1,5,1,1900107,1000000
2024KL0004670,1,449.67,88,1,3,1,11,20524,186,0,0,6,1,1,1,1900105,1000000
2024KL0004671,1,449.67,3,1,1,1,6,3341,30,0,0,6,1,5,1,1900108,1000000
2024KL0004672,1,449.67,11,2,2,1,4,2955,26,0,0,6,1,5,1,1900108,1000000
2024KL0004673,1,449.67,41,1,1,1,7,8576,77,6000,1,4,1,1,1,1900103,1000000
2024KL0004674,1,449.67,27,1,1,1,10,11802,107,6000,6,1,1,1,1,1900111,1000000
2024KL0004675,1,449.67,43,1,2,1,13,39184,356,8000,6,1,1,1,1,1900111,1000000
2024KL0004676,1,449.67,7,2,1,1,6,2026,18,0,0,6,1,5,1,1900111,1000000
2024KL0004677,1,449.67,19,1,1,1,17,13083,118,1000,1,1,1,5,1,1900111,1000000
2024KL0004678,1,449.67,25,2,2,1,6,18306,166,6000,1,1,1,1,1,1900107,1000000
2024KL0004679,1,449.67,54,1,1,1,6,8433,76,9800,6,5,1,5,1,1900100,1000000
2024KL0004680,1,449.67,47,2,7,1,8,8036,73,9000,6,1,1,1,1,1900109,1000000
2024KL0004681,1,449.67,80,2,3,1,9,5028,45,0,0,6,1,1,1,1900110,1000000
2024KL0004682,1,449.67,36,1,6,1,11,18971,172,2000,1,1,1,1,1,1900107,1000000
2024KL0004683,1,449.67,35,1,1,1,17,151464,501,2000,1,1,1,1,1,1900113,1000000
2024KL0004684,1,449.67,58,1,5,1,17,96476,501,4000,3,1,1,1,1,1900109,1000000
2024KL0004685,1,449.67,20,2,3,1,15,17139,155,4000,3,1,1,5,1,1900102,1000000
2024KL0004686,1,449.67,35,1,1,1,14,69269,501,9800,4,1,1,1,2,1900104,1000000
2024KL0004687,1,449.67,52,1,2,1,9,97493,501,7000,3,5,1,3,1,1900100,1000000
2024KL0004688,1,449.67,79,1,1,1,6,4195,38,0,0,6,1,1,1,1900112,1000000
2024KL0004689,1,449.67,84,2,1,1,10,5347,48,0,0,6,1,1,1,1900111,1000000
2024KL0004690,1,449.67,39,1,3,1,8,6093,55,9000,4,1,1,1,1,1900105,1000000
2024KL0004691,1,449.67,48,1,1,1,11,20857,189,9800,1,1,1,1,1,1900113,1000000
2024KL0004692,1,449.67,15,2,3,1,20,46818,425,0,0,6,1,5,1,1900105,1000000
2024KL0004693,1,449.67,88,2,1,1,6,6346,57,0,0,6,1,2,1,1900106,1000000
2024KL0004694,1,449.67,44,2,6,1,15,76806,501,4000,2,5,1,1,1,1900103,1000000
2024KL0004695,1,449.67,29,2,1,1,6,4723,42,7000,1,1,1,1,1,1900100,1000000
2024KL0004696,1,449.67,69,1,2,1,11,21524,195,2000,1,1,1,1,1,1900105,1000000
2024KL0004697,1,449.67,41,2,1,1,11,9799,89,5000,4,1,1,2,1,1900114,1000000
2024KL0004698,1,449.67,29,1,1,1,17,198503,501,5000,3,1,1,5,1,1900104,1000000
2024KL0004699,1,449.67,43,1,7,1,9,53021,482,8000,3,5,1,1,1,1900100,1000000
2024KL0004700,1,449.67,8,1,1,1,3,3453,31,0,0,6,1,5,1,1900107,1000000
2024KL0004701,1,449.67,38,1,1,1,15,42788,388,2000,2,1,1,5,1,1900106,1000000
2024KL0004702,1,449.67,4,1,8,1,7,2883,26,0,0,6,1,5,1,1900112,1000000
2024KL0004703,1,449.67,5,2,4,1,2,1598,14,0,0,6,1,5,2,1900111,1000000
2024KL0004704,1,449.67,19,1,1,1,16,25734,233,4000,3,3,1,1,1,1900110,1000000
2024KL0004705,1,449.67,49,2,1,1,15,69446,501,5000,1,3,1,1,1,1900104,1000000
2024KL0004706,1,449.67,28,2,1,1,10,37779,343,6000,1,2,1,1,1,1900114,1000000
2024KL0004707,1,449.67,56,2,6,1,5,12595,114,5000,3,1,1,3,2,1900106,1000000
2024KL0004708,1,449.67,37,1,3,1,8,18302,166,5000,6,1,1,1,1,1900100,1000000
2024KL0004709,1,449.67,27,1,3,1,8,2084,18,9920,1,1,2,5,1,1900100,1000000
2024KL0004710,1,449.67,95,1,1,1,6,5308,48,0,0,6,1,2,1,1900106,1000000
2024KL0004711,1,449.67,41,1,2,1,5,11184,101,6000,4,1,1,2,1,1900113,1000000
2024KL0004712,1,449.67,52,1,4,1,10,59510,501,2000,1,1,1,2,1,1900103,1000000
2024KL0004713,1,449.67,76,1,1,1,5,6287,57,0,0,6,1,1,1,1900112,1000000
2024KL0004714,1,449.67,61,1,3,1,7,20200,183,7000,1,4,1,3,1,1900101,1000000
2024KL0004715,1,449.67,27,1,4,1,6,1542,14,5000,1,1,1,5,1,1900102,1000000
2024KL0004716,1,449.67,42,2,4,1,6,5056,45,9000,1,1,1,1,1,1900114,1000000
2024KL0004717,1,449.67,18,2,2,1,13,11956,108,1000,3,2,1,5,1,1900105,1000000
2024KL0004718,1,449.67,2,2,2,1,2,5303,48,0,0,6,1,5,1,1900104,1000000
2024KL0004719,1,449.67,25,1,1,1,11,15747,143,7000,1,1,1,1,1,1900105,1000000
2024KL0004720,1,449.67,16,2,4,1,17,41210,374,0,0,6,1,5,1,1900104,1000000
2024KL0004721,1,449.67,16,2,7,1,15,33602,305,0,0,6,2,5,1,1900113,1000000
2024KL0004722,1,449.67,2,2,1,1,1,7188,65,0,0,6,1,5,1,1900114,1000000
2024KL0004723,1,449.67,44,2,3,1,12,49468,449,6000,4,1,1,1,1,1900102,1000000
2024KL0004724,1,449.67,53,1,1,1,7,25714,233,9920,1,1,5,2,1,1900112,1000000
2024KL0004725,1,449.67,26,2,2,1,13,32848,298,8000,4,1,1,5,1,1900112,1000000
2024KL0004726,1,449.67,59,2,1,1,11,30553,277,9800,6,4,1,3,1,1900108,1000000
2024KL0004727,1,449.67,26,1,8,1,13,56358,501,1000,3,1,1,1,1,1900103,1000000
2024KL0004728,1,449.67,7,1,1,1,7,1801,16,0,0,6,1,5,1,1900108,1000000
2024KL0004729,1,449.67,32,2,4,1,5,8399,76,5000,1,1,1,1,1,1900107,1000000
2024KL0004730,1,449.67,9,1,6,1,7,1775,16,0,0,6,1,5,1,1900109,1000000
2024KL0004731,1,449.67,80,2,2,1,9,28834,262,0,0,6,1,2,1,1900101,1000000
2024KL0004732,1,449.67,0,2,1,1,4,1561,14,0,0,6,1,5,1,1900100,1000000
2024KL0004733,1,449.67,80,1,4,1,11,6797,61,0,0,6,1,2,1,1900103,1000000
2024KL0004734,1,449.67,50,1,2,1,6,39998,363,9800,3,1,1,1,1,1900106,1000000
2024KL0004735,1,449.67,70,2,2,1,5,2759,25,9000,4,1,1,2,1,1900110,1000000
2024KL0004736,1,449.67,16,2,1,1,17,34032,309,0,0,6,1,5,1,1900114,1000000
2024KL0004737,1,449.67,65,2,1,1,6,2699,24,8000,3,1,1,2,1,1900102,1000000
2024KL0004738,1,449.67,0,2,2,1,4,4710,42,0,0,6,1,5,1,1900114,1000000
2024KL0004739,1,449.67,43,1,1,1,13,31559,286,6000,3,2,1,1,1,1900113,1000000
2024KL0004740,1,449.67,16,1,3,1,20,69040,501,0,0,6,1,5,1,1900102,1000000
2024KL0004741,1,449.67,55,2,4,1,9,30876,280,6000,3,1,1,2,1,1900113,1000000
2024KL0004742,1,449.67,35,1,1,1,12,41948,381,9800,1,1,1,1,1,1900101,1000000
2024KL0004743,1,449.67,13,2,5,1,6,4683,42,0,0,6,1,5,1,1900107,1000000
2024KL0004744,1,449.67,36,2,1,1,11,29245,265,6000,3,1,1,1,1,1900109,1000000
2024KL0004745,1,449.67,13,1,5,1,8,6531,59,0,0,6,2,5,1,1900106,1000000
2024KL0004746,1,449.67,54,1,6,1,10,34110,310,8000,1,1,1,1,1,1900108,1000000
2024KL0004747,1,449.67,15,2,7,1,14,13137,119,0,0,6,1,5,1,1900107,1000000
2024KL0004748,1,449.67,73,1,6,1,9,6984,63,0,0,6,1,1,1,1900113,1000000
2024KL0004749,1,449.67,32,1,3,1,10,49233,447,6000,3,1,1,1,1,1900114,1000000
2024KL0004750,1,449.67,32,2,3,1,9,30625,278,7000,1,1,1,1,1,1900107,1000000
2024KL0004751,1,449.67,53,2,4,1,8,10619,96,9000,1,1,1,1,1,1900106,1000000
2024KL0004752,1,449.67,24,2,1,1,16,65636,501,5000,3,1,1,1,1,1900103,1000000
2024KL0004753,1,449.67,44,1,4,1,5,10178,92,6000,3,1,1,1,1,1900106,1000000
2024KL0004754,1,449.67,48,2,3,1,17,90181,501,5000,1,1,1,1,1,1900100,1000000
2024KL0004755,1,449.67,36,2,3,1,10,11252,102,1000,3,1,1,1,1,1900100,1000000
2024KL0004756,1,449.67,7,2,2,1,3,2116,19,0,0,6,1,5,2,1900108,1000000
2024KL0004757,1,449.67,76,2,1,1,6,12494,113,0,0,6,1,1,1,1900101,1000000
2024KL0004758,1,449.67,62,1,7,1,9,124697,501,1000,2,1,1,2,1,1900113,1000000
2024KL0004759,1,449.67,50,2,1,1,8,4807,43,6000,6,1,1,1,2,1900104,1000000
2024KL0004760,1,449.67,39,1,1,1,10,41700,379,6000,3,1,1,1,1,1900110,1000000
2024KL0004761,1,449.67,20,1,1,1,17,52732,479,3000,2,1,1,5,1,1900113,1000000
2024KL0004762,1,449.67,6,1,1,1,5,5446,49,0,0,6,1,5,1,1900102,1000000
2024KL0004763,1,449.67,12,1,2,1,2,605,5,0,0,6,1,5,1,1900110,1000000
2024KL0004764,1,449.67,51,1,1,1,6,33323,302,9800,1,1,1,1,1,1900100,1000000
2024KL0004765,1,449.67,32,1,2,1,14,111849,501,6000,1,1,5,5,1,1900114,1000000
2024KL0004766,1,449.67,40,2,6,1,8,19087,173,9000,1,1,1,1,1,1900106,1000000
2024KL0004767,1,449.67,1,2,2,1,5,1254,11,0,0,6,1,5,1,1900107,1000000
2024KL0004768,1,449.67,78,1,1,1,7,4803,43,0,0,6,1,1,1,1900107,1000000
2024KL0004769,1,449.67,37,1,1,1,12,11515,104,9800,6,5,1,5,1,1900104,1000000
2024KL0004770,1,449.67,17,1,1,1,20,46200,420,0,0,6,1,5,1,1900102,1000000
2024KL0004771,1,449.67,8,2,1,1,5,1631,14,0,0,6,1,5,1,1900113,1000000
2024KL0004772,1,449.67,35,2,1,1,10,59077,501,2000,3,5,1,1,1,1900108,1000000
2024KL0004773,1,449.67,2,2,5,1,3,9737,88,0,0,6,1,5,1,1900112,1000000
2024KL0004774,1,449.67,72,2,1,1,7,8531,77,0,0,6,1,1,1,1900114,1000000
2024KL0004775,1,449.67,15,2,2,1,17,30104,273,0,0,6,1,5,1,1900107,1000000
2024KL0004776,1,449.67,18,1,1,1,15,37170,337,1000,3,5,1,1,1,1900104,1000000
2024KL0004777,1,449.67,25,2,5,1,15,59163,501,1000,1,1,1,1,1,1900107,1000000
2024KL0004778,1,449.67,25,2,4,1,14,15746,143,2000,1,1,1,1,1,1900108,1000000
2024KL0004779,1,449.67,16,1,3,1,14,7308,66,0,0,6,1,5,2,1900101,1000000
2024KL0004780,1,449.67,52,2,2,1,17,76831,501,4000,2,2,1,1,1,1900105,1000000
2024KL0004781,1,449.67,46,2,1,1,16,42108,382,1000,1,1,1,1,1,1900109,1000000
2024KL0004782,1,449.67,16,2,6,1,20,89642,501,0,0,6,1,5,1,1900113,1000000
2024KL0004783,1,449.67,17,1,2,1,15,15969,145,0,0,6,1,5,1,1900114,1000000
2024KL0004784,1,449.67,0,2,2,1,9,5045,45,0,0,6,1,5,1,1900113,1000000
2024KL0004785,1,449.67,32,1,1,1,7,7552,68,6000,1,1,1,5,1,1900114,1000000
2024KL0004786,1,449.67,19,1,6,1,12,10875,98,4000,1,3,1,1,1,1900100,1000000
2024KL0004787,1,449.67,34,2,2,1,13,16875,153,7000,1,2,1,1,1,1900111,1000000
2024KL0004788,1,449.67,13,2,1,1,1,6620,60,0,0,6,1,5,1,1900101,1000000
2024KL0004789,1,449.67,83,1,1,1,8,7987,72,0,0,6,1,1,1,1900103,1000000
2024KL0004790,1,449.67,25,1,1,1,8,7505,68,9000,6,1,1,1,1,1900102,1000000
2024KL0004791,1,449.67,17,2,1,1,12,16611,151,0,0,6,1,5,1,1900103,1000000
2024KL0004792,1,449.67,17,2,1,1,11,4904,44,0,0,6,1,5,1,1900113,1000000
2024KL0004793,1,449.67,43,1,1,1,13,76423,501,7000,3,5,1,1,1,1900107,1000000
2024KL0004794,1,449.67,43,2,1,1,6,6267,56,9920,1,1,1,2,1,1900110,1000000
2024KL0004795,1,449.67,96,1,2,1,10,23461,213,0,0,6,1,1,1,1900106,1000000
2024KL0004796,1,449.67,16,2,1,1,18,19421,176,0,0,6,1,5,1,1900100,1000000
2024KL0004797,1,449.67,45,1,1,1,8,3996,36,9920,1,5,1,1,1,1900110,1000000
2024KL0004798,1,449.67,4,1,1,1,6,4772,43,0,0,6,1,5,1,1900103,1000000
2024KL0004799,1,449.67,57,1,3,1,11,9962,90,9000,1,1,1,3,2,1900103,1000000
2024KL0004800,1,449.67,3,2,1,1,1,8587,78,0,0,6,1,5,1,1900106,1000000
2024KL0004801,1,449.67,5,2,6,1,1,3879,35,0,0,6,1,5,1,1900111,1000000
2024KL0004802,1,449.67,30,2,1,1,8,8376,76,9000,4,1,1,5,1,1900103,1000000
2024KL0004803,1,449.67,47,1,2,1,20,114921,501,4000,2,1,1,1,1,1900100,1000000
2024KL0004804,1,449.67,18,2,1,1,17,39214,356,4000,3,1,1,1,2,1900111,1000000
2024KL0004805,1,449.67,18,1,2,1,11,9807,89,6000,1,1,1,1,1,1900111,1000000
2024KL0004806,1,449.67,18,1,3,1,10,6009,54,6000,3,1,1,5,1,1900108,1000000
2024KL0004807,1,449.67,8,1,1,1,5,10714,97,0,0,6,1,5,1,1900100,1000000
2024KL0004808,1,449.67,8,2,1,1,4,2788,25,0,0,6,1,5,2,1900104,1000000
2024KL0004809,1,449.67,71,2,5,1,8,3832,34,0,0,6,1,3,1,1900106,1000000
2024KL0004810,1,449.67,62,1,5,1,12,28965,263,9000,1,1,1,1,1,1900108,1000000
2024KL0004811,1,449.67,51,1,2,1,15,57073,501,5000,1,1,1,1,1,1900114,1000000
2024KL0004812,1,449.67,34,1,3,1,12,11816,107,9800,4,1,1,1,1,1900110,1000000
2024KL0004813,1,449.67,13,2,6,1,6,2692,24,0,0,6,1,5,1,1900108,1000000
2024KL0004814,1,449.67,9,2,4,1,2,3371,30,0,0,6,1,5,1,1900113,1000000
2024KL0004815,1,449.67,20,1,1,1,20,22622,205,3000,3,1,1,5,1,1900102,1000000
2024KL0004816,1,449.67,23,1,1,1,13,11395,103,5000,6,5,1,5,2,1900103,1000000
2024KL0004817,1,449.67,58,2,1,1,12,30654,278,8000,1,5,1,1,1,1900104,1000000
2024KL0004818,1,449.67,19,1,3,1,14,13126,119,2000,1,3,1,5,2,1900100,1000000
2024KL0004819,1,449.67,32,1,1,1,9,21059,191,6000,4,4,2,1,1,1900105,1000000
2024KL0004820,1,449.67,43,2,1,1,5,5778,52,9800,1,5,1,1,1,1900102,1000000
2024KL0004821,1,449.67,43,1,1,1,13,108967,501,9800,4,3,1,1,1,1900101,1000000
2024KL0004822,1,449.67,43,1,3,1,8,36912,335,9800,1,1,1,1,1,1900102,1000000
2024KL0004823,1,449.67,10,1,5,1,6,2908,26,0,0,6,1,5,1,1900108,1000000
2024KL0004824,1,449.67,0,1,2,1,4,11944,108,0,0,6,1,5,1,1900112,1000000
2024KL0004825,1,449.67,8,1,2,1,5,1929,17,0,0,6,1,5,1,1900108,1000000
2024KL0004826,1,449.67,32,2,1,1,17,57919,501,3000,2,1,1,1,1,1900114,1000000
2024KL0004827,1,449.67,32,1,2,1,10,20581,187,6000,3,4,2,1,1,1900109,1000000
2024KL0004828,1,449.67,0,2,4,1,4,1383,12,0,0,6,2,5,1,1900111,1000000
2024KL0004829,1,449.67,8,1,1,1,1,8974,81,0,0,6,1,5,1,1900112,1000000
2024KL0004830,1,449.67,17,1,2,1,11,7644,69,0,0,6,1,5,1,1900110,1000000
2024KL0004831,1,449.67,38,1,1,1,13,15059,136,5000,1,4,1,2,1,1900109,1000000
2024KL0004832,1,449.67,3,1,1,1,2,1726,15,0,0,6,1,5,1,1900110,1000000
2024KL0004833,1,449.67,6,1,1,1,6,1798,16,0,0,6,1,5,1,1900108,1000000
2024KL0004834,1,449.67,0,1,1,1,4,7273,66,0,0,6,1,5,1,1900113,1000000
2024KL0004835,1,449.67,54,1,2,1,19,192899,501,4000,1,5,1,2,1,1900105,1000000
2024KL0004836,1,449.67,30,1,2,1,10,23298,211,9000,4,5,1,1,1,1900113,1000000
2024KL0004837,1,449.67,29,1,4,1,10,17539,159,5000,1,1,1,5,2,1900105,1000000
2024KL0004838,1,449.67,52,2,1,1,7,3253,29,5000,1,1,1,1,1,1900107,1000000
2024KL0004839,1,449.67,61,2,2,1,8,2471,22,6000,1,1,1,3,1,1900108,1000000
2024KL0004840,1,449.67,7,2,1,1,1,6307,57,0,0,6,1,5,1,1900113,1000000
2024KL0004841,1,449.67,2,2,4,1,8,14203,129,0,0,6,1,5,1,1900100,1000000
2024KL0004842,1,449.67,34,2,3,1,7,9745,88,9920,3,1,1,1,1,1900112,1000000
2024KL0004843,1,449.67,17,2,2,1,19,30069,273,0,0,6,1,5,1,1900103,1000000
2024KL0004844,1,449.67,31,1,1,1,9,40693,369,8000,4,1,1,1,1,1900101,1000000
2024KL0004845,1,449.67,69,2,3,1,5,2996,27,9000,6,3,1,4,1,1900110,1000000
2024KL0004846,1,449.67,27,2,1,1,15,40324,366,5000,1,1,1,5,1,1900108,1000000
2024KL0004847,1,449.67,4,2,1,1,1,2430,22,0,0,6,1,5,2,1900107,1000000
2024KL0004848,1,449.67,54,1,5,1,9,37018,336,3000,2,1,1,3,1,1900112,1000000
2024KL0004849,1,449.67,31,2,2,1,11,10521,95,5000,1,1,1,1,1,1900103,1000000
2024KL0004850,1,449.67,25,1,2,1,10,15291,139,6000,1,1,1,1,1,1900104,1000000
2024KL0004851,1,449.67,4,1,4,1,5,2073,18,0,0,6,1,5,2,1900108,1000000
2024KL0004852,1,449.67,28,2,3,1,16,80574,501,5000,4,1,2,5,1,1900114,1000000
2024KL0004853,1,449.67,59,1,2,1,8,4963,45,9000,3,2,1,1,1,1900110,1000000
2024KL0004854,1,449.67,31,1,1,1,7,10222,92,9800,6,1,1,1,1,1900110,1000000
2024KL0004855,1,449.67,58,1,3,1,10,8351,75,9800,1,1,1,1,1,1900105,1000000
2024KL0004856,1,449.67,47,1,2,1,10,36355,330,9000,1,1,1,1,1,1900112,1000000
2024KL0004857,1,449.67,16,1,1,1,13,25396,230,0,0,6,1,5,1,1900114,1000000
2024KL0004858,1,449.67,26,1,2,1,7,5340,48,7000,1,1,1,1,1,1900108,1000000
2024KL0004859,1,449.67,44,1,1,1,7,7982,72,9920,1,5,1,1,2,1900108,1000000
2024KL0004860,1,449.67,19,1,2,1,10,10964,99,6000,3,1,1,5,1,1900109,1000000
2024KL0004861,1,449.67,40,2,5,1,14,34662,315,6000,3,1,1,1,1,1900104,1000000
2024KL0004862,1,449.67,34,2,2,1,13,41130,373,9000,1,3,1,5,1,1900104,1000000
2024KL0004863,1,449.67,21,2,6,1,10,7034,63,3000,3,2,1,1,2,1900102,1000000
2024KL0004864,1,449.67,26,2,6,1,10,33255,302,1000,1,1,1,1,1,1900113,1000000
2024KL0004865,1,449.67,8,1,1,1,6,4080,37,0,0,6,1,5,1,1900101,1000000
2024KL0004866,1,449.67,38,1,7,1,13,13894,126,6000,1,1,1,1,1,1900108,1000000
2024KL0004867,1,449.67,52,1,1,1,7,2461,22,5000,6,1,1,1,1,1900112,1000000
2024KL0004868,1,449.67,24,1,1,1,18,38973,354,5000,1,1,1,5,1,1900103,1000000
2024KL0004869,1,449.67,39,2,3,1,9,30610,278,6000,1,1,1,1,1,1900111,1000000
2024KL0004870,1,449.67,12,2,6,1,3,16584,150,0,0,6,1,5,1,1900107,1000000
2024KL0004871,1,449.67,90,1,1,1,7,4965,45,0,0,6,1,1,1,1900103,1000000
2024KL0004872,1,449.67,16,2,6,1,16,73715,501,0,0,6,1,5,1,1900109,1000000
2024KL0004873,1,449.67,11,1,6,1,1,15531,141,0,0,6,1,5,1,1900111,1000000
2024KL0004874,1,449.67,23,2,1,1,18,130622,501,4000,3,1,1,5,1,1900107,1000000
2024KL0004875,1,449.67,29,1,1,1,14,16340,148,6000,1,1,1,5,1,1900110,1000000
2024KL0004876,1,449.67,75,2,2,1,6,11671,106,0,0,6,1,1,1,1900107,1000000
2024KL0004877,1,449.67,32,2,4,1,5,25139,228,5000,1,1,1,1,1,1900110,1000000
2024KL0004878,1,449.67,91,1,6,1,8,14053,127,0,0,6,1,5,1,1900101,1000000
2024KL0004879,1,449.67,36,1,4,1,7,37956,345,9000,6,1,1,5,1,1900100,1000000
2024KL0004880,1,449.67,80,2,1,1,5,14643,133,0,0,6,1,1,1,1900110,1000000
2024KL0004881,1,449.67,45,1,2,1,8,10635,96,9920,1,5,1,1,1,1900107,1000000
2024KL0004882,1,449.67,40,2,1,1,8,7698,69,8000,6,1,1,5,1,1900104,1000000
2024KL0004883,1,449.67,8,1,5,1,9,10047,91,0,0,6,1,5,1,1900112,1000000
2024KL0004884,1,449.67,19,1,3,1,19,18773,170,3000,1,4,1,1,1,1900111,1000000
2024KL0004885,1,449.67,36,1,2,1,10,48714,442,6000,1,1,1,1,2,1900110,1000000
2024KL0004886,1,449.67,52,1,1,1,18,71730,501,1000,1,2,1,5,1,1900101,1000000
2024KL0004887,1,449.67,43,1,2,1,11,25596,232,4000,3,1,2,1,1,1900108,1000000
2024KL0004888,1,449.67,28,2,1,1,9,30988,281,5000,1,1,1,5,2,1900103,1000000
2024KL0004889,1,449.67,21,2,1,1,17,49017,445,5000,1,1,1,5,1,1900110,1000000
2024KL0004890,1,449.67,59,2,5,1,11,3991,36,9000,6,1,1,2,1,1900102,1000000
2024KL0004891,1,449.67,20,2,1,1,17,53798,489,5000,1,1,1,5,1,1900114,1000000
2024KL0004892,1,449.67,72,2,2,1,7,5060,46,0,0,6,1,1,1,1900105,1000000
2024KL0004893,1,449.67,36,2,1,1,13,44524,404,1000,1,5,1,1,1,1900104,1000000
2024KL0004894,1,449.67,20,2,1,1,13,6034,54,8000,3,1,1,5,1,1900108,1000000
2024KL0004895,1,449.67,16,1,6,1,20,33890,308,0,0,6,1,5,1,1900103,1000000
2024KL0004896,1,449.67,100,2,1,1,7,5914,53,0,0,6,1,2,1,1900107,1000000
2024KL0004897,1,449.67,52,1,3,1,7,9967,90,9920,4,1,1,1,1,1900113,1000000
2024KL0004898,1,449.67,7,1,2,1,5,3598,32,0,0,6,1,5,1,1900111,1000000
2024KL0004899,1,449.67,3,2,5,1,5,7371,67,0,0,6,1,5,1,1900109,1000000
2024KL0004900,1,449.67,5,1,1,1,7,2150,19,0,0,6,1,5,1,1900106,1000000
2024KL0004901,1,449.67,94,2,1,1,5,6888,62,0,0,6,2,1,1,1900102,1000000
2024KL0004902,1,449.67,29,2,2,1,10,11696,106,6000,1,2,1,5,1,1900112,1000000
2024KL0004903,1,449.67,32,2,2,1,9,22767,206,6000,1,1,1,5,1,1900107,1000000
2024KL0004904,1,449.67,23,2,3,1,19,89270,501,1000,2,1,1,5,1,1900111,1000000
2024KL0004905,1,449.67,29,1,2,1,12,48321,439,5000,3,1,1,5,1,1900105,1000000
2024KL0004906,1,449.67,90,2,2,1,10,9750,88,0,0,6,1,2,1,1900112,1000000
2024KL0004907,1,449.67,19,1,1,1,14,19791,179,1000,2,1,1,5,1,1900107,1000000
2024KL0004908,1,449.67,2,1,1,1,3,3970,36,0,0,6,1,5,1,1900110,1000000
2024KL0004909,1,449.67,47,2,5,1,13,25487,231,6000,4,1,1,5,1,1900110,1000000
2024KL0004910,1,449.67,30,2,1,1,17,111880,501,3000,2,1,1,5,1,1900111,1000000
2024KL0004911,1,449.67,38,2,1,1,14,12086,109,7000,6,1,1,1,2,1900111,1000000
2024KL0004912,1,449.67,34,1,2,1,17,27812,252,4000,2,1,1,1,1,1900101,1000000
2024KL0004913,1,449.67,10,1,2,1,1,3218,29,0,0,6,1,5,1,1900110,1000000
2024KL0004914,1,449.67,37,2,1,1,13,44615,405,7000,1,1,1,5,1,1900112,1000000
2024KL0004915,1,449.67,72,2,7,1,6,5374,48,0,0,6,1,1,1,1900102,1000000
2024KL0004916,1,449.67,19,2,4,1,10,13588,123,1000,1,1,1,1,1,1900114,1000000
2024KL0004917,1,449.67,36,2,4,1,16,40928,372,2000,1,1,1,1,1,1900107,1000000
2024KL0004918,1,449.67,18,2,1,1,12,24335,221,1000,2,1,1,1,1,1900107,1000000
2024KL0004919,1,449.67,12,1,2,1,2,1837,16,0,0,6,1,5,1,1900110,1000000
2024KL0004920,1,449.67,12,1,1,1,3,2526,22,0,0,6,1,5,1,1900100,1000000
2024KL0004921,1,449.67,28,2,2,1,13,26765,243,5000,1,1,1,1,1,1900111,1000000
2024KL0004922,1,449.67,49,2,2,1,7,37891,344,9800,1,1,1,1,1,1900102,1000000
2024KL0004923,1,449.67,30,1,1,1,10,45098,409,8000,3,5,1,1,1,1900102,1000000
2024KL0004924,1,449.67,33,2,1,1,6,8271,75,5000,1,1,1,5,1,1900112,1000000
2024KL0004925,1,449.67,51,2,1,1,6,17783,161,8000,1,1,1,1,1,1900102,1000000
2024KL0004926,1,449.67,45,2,3,1,11,20000,181,6000,1,1,1,3,1,1900105,1000000
2024KL0004927,1,449.67,30,2,3,1,7,8815,80,5000,1,1,1,1,1,1900112,1000000
2024KL0004928,1,449.67,30,1,1,1,9,7502,68,5000,3,1,1,1,1,1900103,1000000
2024KL0004929,1,449.67,2,2,5,1,8,349,3,0,0,6,1,5,1,1900112,1000000
2024KL0004930,1,449.67,26,1,2,1,9,37089,337,7000,1,1,1,1,1,1900113,1000000
2024KL0004931,1,449.67,17,1,2,1,16,68955,501,0,0,6,1,5,1,1900107,1000000
2024KL0004932,1,449.67,27,2,1,1,13,4156,37,5000,1,1,1,5,1,1900100,1000000
2024KL0004933,1,449.67,1,2,7,1,2,10772,97,0,0,6,1,5,1,1900113,1000000
2024KL0004934,1,449.67,3,1,2,1,6,1639,14,0,0,6,1,5,1,1900111,1000000
2024KL0004935,1,449.67,7,2,6,1,3,4312,39,0,0,6,1,5,1,1900114,1000000
2024KL0004936,1,449.67,12,2,1,1,8,16960,154,0,0,6,1,5,1,1900114,1000000
2024KL0004937,1,449.67,31,1,1,1,8,4220,38,5000,1,1,1,5,1,1900101,1000000
2024KL0004938,1,449.67,24,1,2,1,11,13286,120,5000,3,1,1,1,1,1900112,1000000
2024KL0004939,1,449.67,16,2,3,1,13,3542,32,0,0,6,1,5,1,1900104,1000000
2024KL0004940,1,449.67,29,2,6,1,8,7443,67,9920,3,2,1,1,1,1900112,1000000
2024KL0004941,1,449.67,45,1,1,1,10,8481,77,5000,1,1,1,1,1,1900100,1000000
2024KL0004942,1,449.67,76,2,6,1,8,2815,25,0,0,6,1,1,1,1900111,1000000
2024KL0004943,1,449.67,56,2,7,1,8,14789,134,6000,4,1,5,1,1,1900109,1000000
2024KL0004944,1,449.67,9,2,1,1,4,3884,35,0,0,6,1,5,1,1900102,1000000
2024KL0004945,1,449.67,13,2,4,1,3,1958,17,0,0,6,1,5,1,1900103,1000000
2024KL0004946,1,449.67,28,1,7,1,12,15416,140,1000,1,1,1,5,1,1900106,1000000
2024KL0004947,1,449.67,77,2,6,1,11,9121,82,0,0,6,1,5,1,1900101,1000000
2024KL0004948,1,449.67,21,1,7,1,13,5800,52,4000,1,4,1,1,1,1900103,1000000
2024KL0004949,1,449.67,73,1,5,1,7,2620,23,0,0,6,1,1,1,1900102,1000000
2024KL0004950,1,449.67,3,1,3,1,4,3140,28,0,0,6,2,5,1,1900101,1000000
2024KL0004951,1,449.67,15,1,3,1,14,10599,96,0,0,6,1,5,1,1900113,1000000
2024KL0004952,1,449.67,3,2,1,1,4,1897,17,0,0,6,1,5,1,1900107,1000000
2024KL0004953,1,449.67,32,1,9,1,10,66485,501,1000,3,4,1,5,1,1900105,1000000
2024KL0004954,1,449.67,1,1,2,1,6,2172,19,0,0,6,1,5,1,1900100,1000000
2024KL0004955,1,449.67,81,1,2,1,9,5017,45,0,0,6,2,1,1,1900105,1000000
2024KL0004956,1,449.67,18,2,7,1,11,2331,21,6000,1,1,1,5,1,1900108,1000000
2024KL0004957,1,449.67,9,1,3,1,1,4089,37,0,0,6,1,5,1,1900107,1000000
2024KL0004958,1,449.67,34,1,2,1,11,59778,501,5000,1,1,1,1,1,1900111,1000000
2024KL0004959,1,449.67,41,2,1,1,13,50483,458,6000,1,1,2,1,1,1900112,1000000
2024KL0004960,1,449.67,38,1,1,1,15,75618,501,3000,1,1,1,1,1,1900105,1000000
2024KL0004961,1,449.67,72,1,1,1,5,6008,54,0,0,6,1,2,1,1900102,1000000
2024KL0004962,1,449.67,24,2,1,1,20,60838,501,3000,1,1,1,5,1,1900104,1000000
2024KL0004963,1,449.67,23,2,2,1,12,18878,171,4000,1,1,1,5,1,1900114,1000000
2024KL0004964,1,449.67,98,2,1,1,5,3698,33,0,0,6,1,2,1,1900101,1000000
2024KL0004965,1,449.67,91,1,7,1,9,7042,64,0,0,6,1,2,1,1900112,1000000
2024KL0004966,1,449.67,4,1,4,1,3,5115,46,0,0,6,1,5,1,1900106,1000000
2024KL0004967,1,449.67,35,2,2,1,9,25317,230,7000,1,1,1,1,1,1900113,1000000
2024KL0004968,1,449.67,53,1,3,1,7,4358,39,5000,1,1,1,2,1,1900111,1000000
2024KL0004969,1,449.67,46,1,1,1,10,43408,394,5000,1,4,1,1,1,1900114,1000000
2024KL0004970,1,449.67,29,2,2,1,7,5841,53,8000,1,1,1,1,1,1900107,1000000
2024KL0004971,1,449.67,53,1,4,1,5,11180,101,7000,4,1,1,1,1,1900106,1000000
2024KL0004972,1,449.67,2,2,2,1,1,4337,39,0,0,6,1,5,1,1900107,1000000
2024KL0004973,1,449.67,21,1,2,1,12,4377,39,6000,1,1,1,5,1,1900114,1000000
2024KL0004974,1,449.67,26,1,1,1,7,931,8,9800,1,1,1,1,1,1900107,1000000
2024KL0004975,1,449.67,21,2,2,1,15,31196,283,4000,3,1,1,5,1,1900103,1000000
2024KL0004976,1,449.67,33,1,4,1,5,4642,42,9800,3,1,1,1,1,1900107,1000000
2024KL0004977,1,449.67,36,2,1,1,19,108016,501,3000,1,1,1,1,1,1900101,1000000
2024KL0004978,1,449.67,3,1,3,1,5,2685,24,0,0,6,1,5,1,1900109,1000000
2024KL0004979,1,449.67,4,2,2,1,9,18425,167,0,0,6,1,5,1,1900107,1000000
2024KL0004980,1,449.67,4,2,1,1,6,3809,34,0,0,6,1,5,1,1900109,1000000
2024KL0004981,1,449.67,35,1,2,1,11,71640,501,9800,6,2,1,1,1,1900103,1000000
2024KL0004982,1,449.67,20,1,9,1,14,3425,31,7000,6,1,1,5,1,1900112,1000000
2024KL0004983,1,449.67,51,2,1,1,8,33163,301,8000,6,1,1,1,1,1900112,1000000
2024KL0004984,1,449.67,44,2,2,1,10,25757,234,9000,3,1,1,1,1,1900114,1000000
2024KL0004985,1,449.67,67,2,1,1,5,2487,22,5000,6,1,1,1,1,1900104,1000000
2024KL0004986,1,449.67,4,1,3,1,3,2396,21,0,0,6,1,5,1,1900101,1000000
2024KL0004987,1,449.67,36,1,1,1,12,64984,501,1000,2,1,1,2,1,1900114,1000000
2024KL0004988,1,449.67,50,1,4,1,16,135020,501,6000,1,1,1,2,1,1900105,1000000
2024KL0004989,1,449.67,17,1,2,1,18,82132,501,0,0,6,1,5,1,1900101,1000000
2024KL0004990,1,449.67,3,1,1,1,8,3900,35,0,0,6,1,5,1,1900105,1000000
2024KL0004991,1,449.67,14,2,2,1,4,11763,106,0,0,6,1,5,1,1900102,1000000
2024KL0004992,1,449.67,43,1,4,1,5,6772,61,5000,3,1,1,1,1,1900112,1000000
2024KL0004993,1,449.67,29,1,1,1,14,53195,483,1000,2,1,1,5,1,1900109,1000000
2024KL0004994,1,449.67,15,2,1,1,16,29095,264,0,0,6,1,5,1,1900101,1000000
2024KL0004995,1,449.67,7,1,5,1,1,3429,31,0,0,6,1,5,1,1900110,1000000
2024KL0004996,1,449.67,65,2,1,1,6,11888,108,9000,4,1,1,5,1,1900113,1000000
2024KL0004997,1,449.67,25,2,1,1,8,11586,105,6000,1,1,1,1,1,1900102,1000000
2024KL0004998,1,449.67,39,2,5,1,9,29442,267,9000,6,5,1,1,1,1900114,1000000
2024KL0004999,1,449.67,28,1,2,1,18,79657,501,4000,1,1,1,5,1,1900112,1000000
2024KL0005000,1,449.67,45,1,4,1,11,30423,276,3000,1,1,1,5,1,1900104,1000000
2024KL0005001,1,449.67,0,1,3,1,7,1092,9,0,0,6,1,5,1,1900111,1000000
2024KL0005002,1,449.67,21,1,1,1,19,82803,501,3000,3,2,1,5,1,1900102,1000000
2024KL0005003,1,449.67,59,2,2,1,19,278406,501,4000,3,5,1,1,1,1900108,1000000
2024KL0005004,1,449.67,33,2,2,1,12,25345,230,7000,4,1,1,1,1,1900114,1000000
2024KL0005005,1,449.67,4,1,1,1,6,12341,112,0,0,6,1,5,1,1900110,1000000
2024KL0005006,1,449.67,17,2,2,1,17,18727,170,0,0,6,1,5,1,1900106,1000000
2024KL0005007,1,449.67,43,2,1,1,8,4233,38,9000,1,1,1,1,1,1900109,1000000
2024KL0005008,1,449.67,19,2,2,1,13,30769,279,7000,3,1,1,5,1,1900101,1000000
2024KL0005009,1,449.67,39,1,1,1,7,10992,99,5000,4,2,1,1,1,1900110,1000000
2024KL0005010,1,449.67,76,1,1,1,8,7093,64,0,0,6,1,5,1,1900111,1000000
2024KL0005011,1,449.67,10,1,4,1,7,6107,55,0,0,6,1,5,1,1900106,1000000
2024KL0005012,1,449.67,8,2,1,1,3,4151,37,0,0,6,1,5,1,1900106,1000000
2024KL0005013,1,449.67,17,1,3,1,18,13523,122,0,0,6,5,5,1,1900106,1000000
2024KL0005014,1,449.67,33,2,1,1,10,56375,501,9000,1,1,1,1,1,1900107,1000000
2024KL0005015,1,449.67,6,1,2,1,2,4174,37,0,0,6,1,5,1,1900108,1000000
2024KL0005016,1,449.67,6,1,1,1,8,4781,43,0,0,6,1,5,1,1900104,1000000
2024KL0005017,1,449.67,37,1,1,1,10,28136,255,8000,3,1,1,1,1,1900100,1000000
2024KL0005018,1,449.67,93,1,3,1,6,9376,85,0,0,6,1,1,1,1900105,1000000
2024KL0005019,1,449.67,53,2,1,1,7,8903,80,6000,3,1,1,2,1,1900104,1000000
2024KL0005020,1,449.67,28,2,1,1,20,100145,501,4000,2,5,1,1,1,1900100,1000000
2024KL0005021,1,449.67,68,2,3,1,11,9982,90,4000,1,1,1,1,2,1900107,1000000
2024KL0005022,1,449.67,1,1,2,1,4,1987,18,0,0,6,1,5,1,1900113,1000000
2024KL0005023,1,449.67,29,1,6,1,15,10017,91,6000,3,5,1,1,1,1900101,1000000
2024KL0005024,1,449.67,35,2,1,1,16,248285,501,3000,1,4,1,1,1,1900111,1000000
2024KL0005025,1,449.67,75,2,3,1,6,8173,74,0,0,6,1,5,1,1900103,1000000
2024KL0005026,1,449.67,1,2,1,1,4,2328,21,0,0,6,1,5,1,1900112,1000000
2024KL0005027,1,449.67,0,1,1,1,9,12095,109,0,0,6,1,5,1,1900109,1000000
2024KL0005028,1,449.67,48,1,1,1,5,8161,74,9920,1,1,1,5,1,1900104,1000000
2024KL0005029,1,449.67,41,2,2,1,6,4471,40,6000,1,1,1,1,1,1900110,1000000
2024KL0005030,1,449.67,0,2,4,1,4,2766,25,0,0,6,1,5,1,1900105,1000000
2024KL0005031,1,449.67,30,2,1,1,16,85943,501,4000,3,1,1,1,2,1900100,1000000
2024KL0005032,1,449.67,30,2,2,1,8,6451,58,7000,3,1,2,1,1,1900108,1000000
2024KL0005033,1,449.67,23,2,1,1,19,152414,501,1000,1,1,1,5,1,1900102,1000000
2024KL0005034,1,449.67,34,2,1,1,11,43028,391,7000,1,1,1,1,1,1900106,1000000
2024KL0005035,1,449.67,27,2,2,1,13,38727,352,2000,1,1,1,5,1,1900111,1000000
2024KL0005036,1,449.67,47,1,3,1,10,23253,211,1000,2,1,1,1,1,1900106,1000000
2024KL0005037,1,449.67,41,2,1,1,20,382648,501,3000,3,1,1,1,1,1900104,1000000
2024KL0005038,1,449.67,22,2,4,1,13,6824,62,6000,1,1,1,1,1,1900112,1000000
2024KL0005039,1,449.67,10,1,6,1,6,6069,55,0,0,6,1,5,1,1900100,1000000
2024KL0005040,1,449.67,12,2,1,1,6,2773,25,0,0,6,1,5,1,1900107,1000000
2024KL0005041,1,449.67,27,2,1,1,5,37997,345,9920,1,1,1,1,1,1900103,1000000
2024KL0005042,1,449.67,64,2,6,1,8,7872,71,8000,6,1,1,1,1,1900114,1000000
2024KL0005043,1,449.67,2,2,3,1,3,3221,29,0,0,6,1,5,1,1900114,1000000
2024KL0005044,1,449.67,12,1,1,1,5,2112,19,0,0,6,1,5,1,1900109,1000000
2024KL0005045,1,449.67,55,2,3,1,11,59634,501,1000,1,2,1,5,1,1900113,1000000
2024KL0005046,1,449.67,25,2,2,1,8,28472,258,6000,1,1,1,5,1,1900112,1000000
2024KL0005047,1,449.67,15,2,6,1,14,6709,60,0,0,6,1,5,1,1900101,1000000
2024KL0005048,1,449.67,11,1,1,1,2,5176,47,0,0,6,1,5,1,1900103,1000000
2024KL0005049,1,449.67,21,1,3,1,13,78470,501,5000,3,1,1,1,1,1900114,1000000
2024KL0005050,1,449.67,26,1,2,1,14,19766,179,5000,1,1,1,1,1,1900106,1000000
2024KL0005051,1,449.67,6,1,2,1,8,6646,60,0,0,6,1,5,1,1900105,1000000
2024KL0005052,1,449.67,11,2,1,1,3,1971,17,0,0,6,1,5,1,1900107,1000000
2024KL0005053,1,449.67,28,2,1,1,6,8520,77,9000,1,1,1,1,1,1900101,1000000
2024KL0005054,1,449.67,11,1,1,1,9,6070,55,0,0,6,2,5,1,1900102,1000000
2024KL0005055,1,449.67,28,1,2,1,14,23615,214,9000,1,1,1,1,1,1900102,1000000
2024KL0005056,1,449.67,28,1,1,1,7,13888,126,8000,4,1,1,1,1,1900112,1000000
2024KL0005057,1,449.67,80,2,1,1,6,12938,117,0,0,6,1,5,1,1900110,1000000
2024KL0005058,1,449.67,44,1,1,1,5,5662,51,7000,4,1,1,5,1,1900111,1000000
2024KL0005059,1,449.67,18,1,2,1,17,32589,296,4000,1,2,1,5,1,1900104,1000000
2024KL0005060,1,449.67,53,2,1,1,7,7849,71,9920,3,4,1,1,1,1900112,1000000
2024KL0005061,1,449.67,8,1,6,1,7,8106,73,0,0,6,1,5,1,1900114,1000000
2024KL0005062,1,449.67,3,1,1,1,6,5018,45,0,0,6,1,5,1,1900106,1000000
2024KL0005063,1,449.67,51,2,1,1,5,6443,58,7000,3,1,1,1,1,1900108,1000000
2024KL0005064,1,449.67,11,2,6,1,1,5916,53,0,0,6,1,5,1,1900113,1000000
2024KL0005065,1,449.67,37,2,2,1,11,10908,99,4000,1,2,1,1,1,1900105,1000000
2024KL0005066,1,449.67,17,1,1,1,11,10066,91,0,0,6,1,5,1,1900114,1000000
2024KL0005067,1,449.67,35,1,1,1,11,17628,160,7000,1,4,1,1,1,1900105,1000000
2024KL0005068,1,449.67,22,1,7,1,15,204970,501,5000,4,1,1,5,1,1900111,1000000
2024KL0005069,1,449.67,4,1,6,1,1,7120,64,0,0,6,1,5,1,1900110,1000000
2024KL0005070,1,449.67,52,1,1,1,7,15727,142,6000,3,1,1,1,1,1900103,1000000
2024KL0005071,1,449.67,60,1,1,1,5,19338,175,8000,1,2,1,2,1,1900109,1000000
2024KL0005072,1,449.67,15,1,2,1,15,26314,239,0,0,6,1,5,1,1900100,1000000
2024KL0005073,1,449.67,38,2,1,1,9,92614,501,6000,1,1,1,1,1,1900108,1000000
2024KL0005074,1,449.67,46,1,1,1,7,26015,236,9800,4,1,1,5,1,1900105,1000000
2024KL0005075,1,449.67,15,2,6,1,16,33677,306,0,0,6,1,5,1,1900110,1000000
2024KL0005076,1,449.67,76,1,1,1,7,6807,61,0,0,6,1,1,1,1900111,1000000
2024KL0005077,1,449.67,4,1,2,1,5,7257,65,0,0,6,1,5,1,1900108,1000000
2024KL0005078,1,449.67,97,1,1,1,9,14017,127,0,0,6,1,3,1,1900105,1000000
2024KL0005079,1,449.67,39,1,2,1,7,26512,241,8000,4,1,1,1,1,1900103,1000000
2024KL0005080,1,449.67,86,1,3,1,7,5060,46,0,0,6,1,1,1,1900106,1000000
2024KL0005081,1,449.67,40,1,5,1,14,17922,162,9800,1,1,1,1,1,1900105,1000000
2024KL0005082,1,449.67,9,2,1,1,9,12941,117,0,0,6,1,5,1,1900111,1000000
2024KL0005083,1,449.67,21,2,1,1,14,3638,33,9000,3,1,1,5,1,1900111,1000000
2024KL0005084,1,449.67,51,1,7,1,12,28813,261,6000,1,1,2,1,1,1900104,1000000
2024KL0005085,1,449.67,37,1,3,1,9,19730,179,7000,3,1,1,1,1,1900114,1000000
2024KL0005086,1,449.67,4,1,2,1,9,32781,298,0,0,6,1,5,1,1900102,1000000
2024KL0005087,1,449.67,87,2,1,1,5,4679,42,0,0,6,1,1,1,1900110,1000000
2024KL0005088,1,449.67,19,1,1,1,14,7017,63,5000,4,1,1,5,1,1900111,1000000
2024KL0005089,1,449.67,30,1,1,1,14,36260,329,6000,3,1,1,1,2,1900105,1000000
2024KL0005090,1,449.67,39,2,2,1,15,190715,501,3000,1,1,1,1,1,1900106,1000000
2024KL0005091,1,449.67,38,2,2,1,7,11443,104,8000,1,1,1,1,1,1900114,1000000
2024KL0005092,1,449.67,31,1,1,1,11,35317,321,7000,3,1,1,1,1,1900107,1000000
2024KL0005093,1,449.67,3,2,4,1,7,7726,70,0,0,6,1,5,1,1900113,1000000
2024KL0005094,1,449.67,27,1,2,1,7,10886,98,9800,4,1,1,1,1,1900106,1000000
2024KL0005095,1,449.67,40,1,2,1,8,26123,237,9000,6,1,5,5,1,1900114,1000000
2024KL0005096,1,449.67,25,2,2,1,14,19139,173,7000,6,1,1,5,1,1900110,1000000
2024KL0005097,1,449.67,9,1,1,1,1,3092,28,0,0,6,1,5,1,1900114,1000000
2024KL0005098,1,449.67,28,1,1,1,14,16873,153,7000,4,1,1,1,1,1900113,1000000
2024KL0005099,1,449.67,21,2,2,1,14,5938,53,9800,4,5,1,5,1,1900112,1000000
2024KL0005100,1,449.67,19,1,2,1,13,34574,314,9800,3,1,1,5,1,1900103,1000000
2024KL0005101,1,449.67,33,2,7,1,8,11741,106,6000,1,2,1,1,1,1900101,1000000
2024KL0005102,1,449.67,72,2,2,1,11,10350,94,0,0,6,1,1,1,1900108,1000000
2024KL0005103,1,449.67,37,2,1,1,11,19907,180,9000,6,2,1,1,1,1900113,1000000
2024KL0005104,1,449.67,26,1,3,1,14,29886,271,3000,2,1,1,1,1,1900107,1000000
2024KL0005105,1,449.67,81,2,2,1,6,9265,84,0,0,6,1,1,2,1900114,1000000
2024KL0005106,1,449.67,2,2,2,1,5,2228,20,0,0,6,1,5,1,1900107,1000000
2024KL0005107,1,449.67,28,2,3,1,12,9781,88,6000,3,1,1,1,1,1900114,1000000
2024KL0005108,1,449.67,80,1,7,1,10,9123,82,0,0,6,1,5,1,1900110,1000000
2024KL0005109,1,449.67,30,2,1,1,9,61682,501,7000,3,1,1,1,1,1900112,1000000
2024KL0005110,1,449.67,43,1,3,1,10,78380,501,7000,1,1,1,1,1,1900102,1000000
2024KL0005111,1,449.67,3,2,6,1,1,4103,37,0,0,6,1,5,1,1900108,1000000
2024KL0005112,1,449.67,39,1,1,1,10,12697,115,4000,1,1,2,1,1,1900109,1000000
2024KL0005113,1,449.67,44,2,1,1,5,9633,87,5000,1,4,1,1,1,1900106,1000000
2024KL0005114,1,449.67,19,1,1,1,18,37395,339,4000,3,1,1,5,1,1900102,1000000
2024KL0005115,1,449.67,29,2,1,1,9,31749,288,5000,3,1,1,1,1,1900102,1000000
2024KL0005116,1,449.67,28,1,3,1,5,2522,22,9920,4,1,1,5,1,1900111,1000000
2024KL0005117,1,449.67,9,2,2,1,7,2596,23,0,0,6,1,5,1,1900113,1000000
2024KL0005118,1,449.67,41,2,1,1,14,40640,369,2000,1,1,1,1,1,1900101,1000000
2024KL0005119,1,449.67,3,1,6,1,3,1937,17,0,0,6,1,5,1,1900100,1000000
2024KL0005120,1,449.67,31,2,2,1,7,15473,140,9920,1,1,1,1,1,1900109,1000000
2024KL0005121,1,449.67,14,1,5,1,3,2208,20,0,0,6,1,5,1,1900109,1000000
2024KL0005122,1,449.67,0,1,1,1,4,3569,32,0,0,6,1,5,1,1900112,1000000
2024KL0005123,1,449.67,68,2,3,1,7,4111,37,6000,1,1,1,1,1,1900110,1000000
2024KL0005124,1,449.67,21,1,5,1,20,50945,463,4000,1,1,1,5,1,1900107,1000000
2024KL0005125,1,449.67,3,2,1,1,4,2034,18,0,0,6,1,5,1,1900108,1000000
2024KL0005126,1,449.67,3,2,1,1,1,1027,9,0,0,6,1,5,1,1900112,1000000
2024KL0005127,1,449.67,51,1,1,1,7,10413,94,9800,3,1,1,1,1,1900101,1000000
2024KL0005128,1,449.67,4,1,1,1,4,9165,83,0,0,6,1,5,1,1900103,1000000
2024KL0005129,1,449.67,20,1,2,1,17,52647,478,6000,3,1,1,1,1,1900111,1000000
2024KL0005130,1,449.67,36,1,1,1,9,14235,129,7000,1,1,1,5,1,1900107,1000000
2024KL0005131,1,449.67,31,1,1,1,10,9157,83,4000,1,5,1,1,1,1900103,1000000
2024KL0005132,1,449.67,8,2,1,1,8,11746,106,0,0,6,1,5,1,1900109,1000000
2024KL0005133,1,449.67,68,1,1,1,8,2286,20,7000,4,5,1,2,1,1900109,1000000
2024KL0005134,1,449.67,30,1,4,1,5,11494,104,9800,6,3,1,5,1,1900112,1000000
2024KL0005135,1,449.67,42,2,4,1,16,62810,501,5000,1,4,1,1,2,1900102,1000000
2024KL0005136,1,449.67,16,2,1,1,12,5151,46,0,0,6,1,5,1,1900111,1000000
2024KL0005137,1,449.67,15,2,2,1,16,24494,222,0,0,6,1,5,1,1900114,1000000
2024KL0005138,1,449.67,57,2,2,1,13,6710,61,3000,1,1,1,1,1,1900112,1000000
2024KL0005139,1,449.67,7,2,4,1,3,6820,62,0,0,6,1,5,1,1900106,1000000
2024KL0005140,1,449.67,28,1,2,1,11,32219,292,5000,1,3,1,1,1,1900104,1000000
2024KL0005141,1,449.67,2,2,1,1,5,2105,19,0,0,6,2,5,1,1900103,1000000
2024KL0005142,1,449.67,19,2,1,1,15,21229,192,4000,2,2,1,1,1,1900105,1000000
2024KL0005143,1,449.67,64,1,2,1,6,6122,55,7000,3,3,1,1,1,1900102,1000000
2024KL0005144,1,449.67,42,2,4,1,12,17799,161,9800,3,4,1,1,1,1900109,1000000
2024KL0005145,1,449.67,79,2,5,1,5,1758,15,0,0,6,1,2,1,1900102,1000000
2024KL0005146,1,449.67,57,1,2,1,6,12548,114,9920,1,1,1,4,1,1900114,1000000
2024KL0005147,1,449.67,23,2,2,1,20,142489,501,3000,1,1,1,5,1,1900102,1000000
2024KL0005148,1,449.67,23,1,4,1,19,292575,501,3000,2,4,1,1,1,1900110,1000000
2024KL0005149,1,449.67,15,2,1,1,15,16345,148,0,0,6,1,5,1,1900111,1000000
2024KL0005150,1,449.67,13,2,6,1,6,1571,14,0,0,6,1,5,1,1900105,1000000
2024KL0005151,1,449.67,12,1,1,1,3,535,4,0,0,6,2,5,1,1900104,1000000
2024KL0005152,1,449.67,40,1,1,1,16,208303,501,3000,3,1,1,1,1,1900111,1000000
2024KL0005153,1,449.67,33,1,2,1,10,24470,222,9000,4,1,1,1,1,1900107,1000000
2024KL0005154,1,449.67,22,2,2,1,18,177532,501,4000,1,1,1,5,2,1900103,1000000
2024KL0005155,1,449.67,26,2,1,1,9,34182,310,1000,1,1,1,1,1,1900107,1000000
2024KL0005156,1,449.67,12,1,2,1,2,2072,18,0,0,6,1,5,1,1900102,1000000
2024KL0005157,1,449.67,15,2,2,1,18,13183,119,0,0,6,1,5,1,1900111,1000000
2024KL0005158,1,449.67,52,1,1,1,7,10545,95,5000,4,1,1,1,1,1900110,1000000
2024KL0005159,1,449.67,28,2,2,1,13,22502,204,5000,1,2,1,1,1,1900103,1000000
2024KL0005160,1,449.67,32,1,1,1,13,55833,501,6000,1,1,1,1,1,1900107,1000000
2024KL0005161,1,449.67,23,2,3,1,17,97514,501,1000,3,1,1,5,1,1900104,1000000
2024KL0005162,1,449.67,71,2,1,1,7,1943,17,0,0,6,1,1,1,1900114,1000000
2024KL0005163,1,449.67,15,1,6,1,18,11029,100,0,0,6,1,5,1,1900109,1000000
2024KL0005164,1,449.67,53,1,2,1,11,8518,77,1000,1,1,1,1,1,1900107,1000000
2024KL0005165,1,449.67,35,1,3,1,14,34235,311,2000,2,1,1,1,1,1900107,1000000
2024KL0005166,1,449.67,7,1,4,1,4,2552,23,0,0,6,1,5,1,1900110,1000000
2024KL0005167,1,449.67,44,1,1,1,14,61317,501,2000,1,5,1,1,1,1900112,1000000
2024KL0005168,1,449.67,43,1,3,1,11,49127,446,6000,6,1,1,1,1,1900112,1000000
2024KL0005169,1,449.67,49,1,1,1,8,10946,99,9000,1,1,1,1,1,1900100,1000000
2024KL0005170,1,449.67,12,2,1,1,6,1287,11,0,0,6,2,5,1,1900104,1000000
2024KL0005171,1,449.67,41,2,6,1,8,23676,215,6000,1,1,1,1,2,1900114,1000000
2024KL0005172,1,449.67,51,2,5,1,15,81050,501,6000,6,1,1,1,1,1900106,1000000
2024KL0005173,1,449.67,46,1,1,1,11,18803,170,4000,2,1,1,5,1,1900110,1000000
2024KL0005174,1,449.67,37,1,2,1,11,56408,501,6000,3,2,1,1,1,1900113,1000000
2024KL0005175,1,449.67,74,2,1,1,6,13574,123,0,0,6,1,1,1,1900105,1000000
2024KL0005176,1,449.67,42,1,2,1,13,28138,255,7000,1,1,1,3,1,1900103,1000000
2024KL0005177,1,449.67,24,1,1,1,11,9679,87,3000,2,1,1,5,1,1900114,1000000
2024KL0005178,1,449.67,22,2,1,1,14,10489,95,6000,1,5,1,5,1,1900100,1000000
2024KL0005179,1,449.67,13,2,3,1,6,4551,41,0,0,6,1,5,1,1900104,1000000
2024KL0005180,1,449.67,14,1,2,1,4,5179,47,0,0,6,1,5,1,1900111,1000000
2024KL0005181,1,449.67,51,2,2,1,16,41453,376,3000,3,1,1,3,1,1900100,1000000
2024KL0005182,1,449.67,10,1,1,1,1,10411,94,0,0,6,1,5,1,1900101,1000000
2024KL0005183,1,449.67,49,2,2,1,11,26984,245,2000,3,4,1,1,1,1900105,1000000
2024KL0005184,1,449.67,0,1,2,1,6,3506,31,0,0,6,1,5,1,1900101,1000000
2024KL0005185,1,449.67,26,2,2,1,7,6349,57,5000,6,2,1,1,1,1900107,1000000
2024KL0005186,1,449.67,28,2,1,1,16,80749,501,2000,1,1,1,5,1,1900109,1000000
2024KL0005187,1,449.67,23,2,2,1,19,216021,501,4000,1,1,1,5,1,1900104,1000000
2024KL0005188,1,449.67,36,1,2,1,14,15168,137,7000,4,1,1,1,1,1900108,1000000
2024KL0005189,1,449.67,4,1,1,1,8,9519,86,0,0,6,1,5,1,1900105,1000000
2024KL0005190,1,449.67,54,2,6,1,11,42237,383,6000,6,1,1,1,1,1900107,1000000
2024KL0005191,1,449.67,40,1,3,1,11,45146,410,7000,1,1,2,1,1,1900107,1000000
2024KL0005192,1,449.67,4,2,1,1,4,4359,39,0,0,6,1,5,1,1900104,1000000
2024KL0005193,1,449.67,37,1,1,1,8,7325,66,9800,1,1,1,5,1,1900109,1000000
2024KL0005194,1,449.67,25,2,2,1,10,26473,240,5000,6,1,1,1,1,1900104,1000000
2024KL0005195,1,449.67,78,1,2,1,6,17876,162,0,0,6,1,1,1,1900102,1000000
2024KL0005196,1,449.67,82,2,1,1,12,26900,244,0,0,6,1,1,1,1900106,1000000
2024KL0005197,1,449.67,20,1,5,1,14,5200,47,7000,3,1,1,1,1,1900102,1000000
2024KL0005198,1,449.67,48,1,1,1,13,34517,313,6000,3,3,1,1,1,1900114,1000000
2024KL0005199,1,449.67,6,2,1,1,1,6937,63,0,0,6,1,5,1,1900103,1000000
2024KL0005200,1,449.67,33,2,4,1,17,96994,501,4000,1,1,1,1,1,1900112,1000000
2024KL0005201,1,449.67,27,2,2,1,13,13864,126,4000,2,1,5,1,1,1900107,1000000
2024KL0005202,1,449.67,30,1,2,1,13,23868,216,6000,4,2,1,1,1,1900101,1000000
2024KL0005203,1,449.67,19,1,2,1,17,7737,70,6000,3,5,1,5,1,1900105,1000000
2024KL0005204,1,449.67,50,2,6,1,5,11164,101,8000,6,2,1,1,1,1900108,1000000
2024KL0005205,1,449.67,54,1,1,1,6,17737,161,7000,4,1,1,1,1,1900100,1000000
2024KL0005206,1,449.67,33,2,1,1,6,7273,66,9800,1,1,1,1,1,1900109,1000000
2024KL0005207,1,449.67,51,2,6,1,5,2052,18,7000,1,1,1,1,1,1900106,1000000
2024KL0005208,1,449.67,55,1,1,1,14,17391,158,6000,6,1,1,1,1,1900110,1000000
2024KL0005209,1,449.67,54,2,2,1,5,14115,128,9920,3,1,1,1,1,1900104,1000000
2024KL0005210,1,449.67,90,1,6,1,7,1861,16,0,0,6,5,1,1,1900111,1000000
2024KL0005211,1,449.67,59,2,7,1,11,25526,232,5000,4,1,1,1,1,1900108,1000000
2024KL0005212,1,449.67,31,1,1,1,5,22814,207,9000,1,5,1,5,1,1900107,1000000
2024KL0005213,1,449.67,41,1,6,1,11,26973,245,2000,1,1,1,1,1,1900110,1000000
2024KL0005214,1,449.67,44,2,1,1,15,31415,285,5000,1,1,1,1,1,1900110,1000000
2024KL0005215,1,449.67,35,2,2,1,9,23701,215,6000,3,1,1,1,1,1900105,1000000
2024KL0005216,1,449.67,75,1,1,1,7,1204,10,0,0,6,1,1,1,1900107,1000000
2024KL0005217,1,449.67,0,1,1,1,4,1729,15,0,0,6,1,5,1,1900108,1000000
2024KL0005218,1,449.67,93,2,7,1,10,5294,48,0,0,6,1,1,1,1900112,1000000
2024KL0005219,1,449.67,29,1,4,1,8,10521,95,7000,4,1,1,5,1,1900108,1000000
2024KL0005220,1,449.67,55,2,3,1,8,8300,75,9920,1,4,1,1,1,1900110,1000000
2024KL0005221,1,449.67,29,2,1,1,5,20035,182,6000,1,1,1,5,1,1900106,1000000
2024KL0005222,1,449.67,7,2,2,1,3,4700,42,0,0,6,1,5,1,1900103,1000000
2024KL0005223,1,449.67,38,1,3,1,8,2408,21,5000,1,1,1,1,1,1900100,1000000
2024KL0005224,1,449.67,22,1,2,1,17,96070,501,2000,1,1,1,5,1,1900112,1000000
2024KL0005225,1,449.67,35,2,1,1,10,18728,170,7000,6,1,1,1,1,1900110,1000000
2024KL0005226,1,449.67,27,1,6,1,11,19195,174,1000,1,4,1,5,1,1900105,1000000
2024KL0005227,1,449.67,17,2,2,1,14,1965,17,0,0,6,1,5,1,1900109,1000000
2024KL0005228,1,449.67,21,1,1,1,14,6418,58,8000,4,1,1,5,1,1900102,1000000
2024KL0005229,1,449.67,4,1,3,1,4,5976,54,0,0,6,1,5,1,1900106,1000000
2024KL0005230,1,449.67,36,2,2,1,19,57657,501,1000,3,3,2,1,2,1900110,1000000
2024KL0005231,1,449.67,27,1,3,1,12,42179,383,1000,1,1,1,1,1,1900104,1000000
2024KL0005232,1,449.67,29,2,1,1,10,23070,209,7000,1,1,1,1,1,1900101,1000000
2024KL0005233,1,449.67,44,1,4,1,7,19908,180,9920,1,1,1,1,1,1900107,1000000
2024KL0005234,1,449.67,32,2,1,1,16,129804,501,4000,1,5,1,5,1,1900100,1000000
2024KL0005235,1,449.67,12,2,1,1,4,4494,40,0,0,6,1,5,1,1900107,1000000
2024KL0005236,1,449.67,32,2,1,1,13,40689,369,6000,6,1,1,1,2,1900109,1000000
2024KL0005237,1,449.67,43,2,2,1,6,15063,136,9920,3,1,1,1,1,1900106,1000000
2024KL0005238,1,449.67,18,2,1,1,17,13373,121,1000,1,1,1,5,1,1900111,1000000
2024KL0005239,1,449.67,28,2,1,1,10,14308,130,6000,3,1,1,1,1,1900110,1000000
2024KL0005240,1,449.67,48,2,4,1,11,7690,69,8000,6,4,2,1,1,1900113,1000000
2024KL0005241,1,449.67,49,1,4,1,16,66034,501,2000,2,5,1,1,1,1900101,1000000
2024KL0005242,1,449.67,9,1,1,1,1,2722,24,0,0,6,1,5,1,1900110,1000000
2024KL0005243,1,449.67,11,1,3,1,3,7050,64,0,0,6,1,5,1,1900109,1000000
2024KL0005244,1,449.67,30,1,6,1,13,22691,206,7000,1,1,1,1,1,1900106,1000000
2024KL0005245,1,449.67,81,1,4,1,9,7890,71,0,0,6,1,1,1,1900106,1000000
2024KL0005246,1,449.67,22,1,2,1,19,104583,501,4000,2,3,1,5,1,1900100,1000000
2024KL0005247,1,449.67,56,2,1,1,6,16366,148,9000,1,1,1,1,1,1900112,1000000
2024KL0005248,1,449.67,30,1,2,1,12,68352,501,8000,1,2,1,1,1,1900112,1000000
2024KL0005249,1,449.67,88,2,6,1,7,2252,20,0,0,6,1,2,1,1900104,1000000
2024KL0005250,1,449.67,46,2,2,1,7,3883,35,5000,1,1,1,2,2,1900110,1000000
2024KL0005251,1,449.67,15,1,2,1,16,8122,73,0,0,6,1,5,1,1900105,1000000
2024KL0005252,1,449.67,34,1,2,1,9,14312,130,9800,4,4,1,5,1,1900111,1000000
2024KL0005253,1,449.67,24,2,1,1,17,84430,501,6000,1,1,1,1,1,1900112,1000000
2024KL0005254,1,449.67,34,1,2,1,15,232078,501,2000,2,1,1,5,1,1900107,1000000
2024KL0005255,1,449.67,50,1,2,1,8,6388,58,5000,4,3,1,2,1,1900103,1000000
2024KL0005256,1,449.67,32,1,2,1,6,19695,179,5000,1,4,5,5,1,1900111,1000000
2024KL0005257,1,449.67,37,2,1,1,10,36961,336,1000,2,1,1,1,1,1900107,1000000
2024KL0005258,1,449.67,31,2,4,1,10,67538,501,1000,3,1,1,1,1,1900110,1000000
2024KL0005259,1,449.67,17,1,4,1,15,15315,139,0,0,6,1,5,1,1900110,1000000
2024KL0005260,1,449.67,35,1,1,1,14,19553,177,5000,4,1,1,1,1,1900105,1000000
2024KL0005261,1,449.67,5,1,2,1,5,722,6,0,0,6,1,5,1,1900114,1000000
2024KL0005262,1,449.67,22,1,1,1,19,227847,501,3000,1,1,2,5,1,1900111,1000000
2024KL0005263,1,449.67,53,2,1,1,11,18334,166,5000,1,1,1,1,1,1900102,1000000
2024KL0005264,1,449.67,0,1,3,1,4,2086,18,0,0,6,1,5,2,1900101,1000000
2024KL0005265,1,449.67,100,1,1,1,7,3556,32,0,0,6,1,5,1,1900101,1000000
2024KL0005266,1,449.67,8,1,1,1,3,2253,20,0,0,6,1,5,1,1900112,1000000
2024KL0005267,1,449.67,7,2,3,1,1,2624,23,0,0,6,1,5,1,1900109,1000000
2024KL0005268,1,449.67,20,1,2,1,12,10076,91,1000,3,1,1,5,1,1900114,1000000
2024KL0005269,1,449.67,29,2,1,1,10,36608,332,5000,1,1,1,1,1,1900103,1000000
2024KL0005270,1,449.67,29,2,9,1,9,30868,280,9000,1,1,1,1,1,1900101,1000000
2024KL0005271,1,449.67,7,2,2,1,4,22239,202,0,0,6,1,5,1,1900105,1000000
2024KL0005272,1,449.67,58,1,3,1,11,97119,501,5000,3,1,1,1,1,1900114,1000000
2024KL0005273,1,449.67,11,2,4,1,2,3663,33,0,0,6,1,5,1,1900107,1000000
2024KL0005274,1,449.67,3,2,1,1,4,4671,42,0,0,6,1,5,1,1900110,1000000
2024KL0005275,1,449.67,21,2,1,1,10,18614,169,8000,4,1,1,1,1,1900109,1000000
2024KL0005276,1,449.67,12,1,1,1,5,2036,18,0,0,6,1,5,1,1900100,1000000
2024KL0005277,1,449.67,50,2,1,1,13,39987,363,2000,2,1,1,5,1,1900105,1000000
2024KL0005278,1,449.67,6,2,1,1,6,5398,49,0,0,6,2,5,1,1900103,1000000
2024KL0005279,1,449.67,38,1,1,1,5,20408,185,5000,1,5,1,1,1,1900109,1000000
2024KL0005280,1,449.67,56,1,1,1,7,8631,78,9920,3,1,1,1,1,1900100,1000000
2024KL0005281,1,449.67,64,1,6,1,12,34152,310,4000,1,1,1,1,1,1900103,1000000
2024KL0005282,1,449.67,46,2,1,1,6,12416,112,7000,4,1,1,1,2,1900110,1000000
2024KL0005283,1,449.67,32,1,3,1,5,3304,30,9800,6,1,1,1,1,1900106,1000000
2024KL0005284,1,449.67,39,1,3,1,12,40858,371,6000,1,1,1,1,1,1900107,1000000
2024KL0005285,1,449.67,38,2,1,1,13,58734,501,3000,3,1,1,5,2,1900112,1000000
2024KL0005286,1,449.67,17,1,1,1,15,21972,199,0,0,6,1,5,1,1900108,1000000
2024KL0005287,1,449.67,44,2,3,1,11,29756,270,7000,3,1,1,1,2,1900106,1000000
2024KL0005288,1,449.67,3,2,7,1,7,1291,11,0,0,6,1,5,1,1900112,1000000
2024KL0005289,1,449.67,28,2,3,1,13,12804,116,2000,3,1,1,5,1,1900110,1000000
2024KL0005290,1,449.67,49,2,7,1,5,32698,297,5000,1,1,1,1,1,1900105,1000000
2024KL0005291,1,449.67,31,1,2,1,6,6191,56,9000,1,1,2,5,1,1900101,1000000
2024KL0005292,1,449.67,40,2,2,1,8,15356,139,7000,4,1,1,1,1,1900107,1000000
2024KL0005293,1,449.67,28,2,1,1,15,21158,192,5000,4,1,1,5,1,1900105,1000000
2024KL0005294,1,449.67,48,2,8,1,9,5740,52,2000,3,1,1,1,1,1900114,1000000
2024KL0005295,1,449.67,50,2,2,1,6,19431,176,5000,1,5,1,1,1,1900109,1000000
2024KL0005296,1,449.67,22,2,2,1,16,33832,307,2000,2,1,1,5,1,1900102,1000000
2024KL0005297,1,449.67,14,1,6,1,4,661,6,0,0,6,1,5,1,1900109,1000000
2024KL0005298,1,449.67,40,1,2,1,12,55322,501,5000,1,2,1,1,1,1900113,1000000
2024KL0005299,1,449.67,37,1,1,1,13,119526,501,5000,1,1,1,1,1,1900107,1000000
2024KL0005300,1,449.67,36,2,1,1,7,9128,82,5000,3,1,1,1,2,1900105,1000000
2024KL0005301,1,449.67,20,1,5,1,14,24903,226,8000,6,1,1,5,1,1900101,1000000
2024KL0005302,1,449.67,11,2,1,1,8,7937,72,0,0,6,1,5,1,1900110,1000000
2024KL0005303,1,449.67,10,2,1,1,4,1022,9,0,0,6,1,5,1,1900111,1000000
2024KL0005304,1,449.67,78,2,6,1,7,9782,88,0,0,6,1,1,1,1900110,1000000
2024KL0005305,1,449.67,38,2,2,1,13,36038,327,5000,1,1,1,1,1,1900107,1000000
2024KL0005306,1,449.67,27,2,1,1,15,17124,155,4000,1,1,2,1,1,1900102,1000000
2024KL0005307,1,449.67,16,1,7,1,18,57355,501,0,0,6,1,5,1,1900114,1000000
2024KL0005308,1,449.67,24,2,3,1,16,60355,501,6000,1,2,1,5,1,1900114,1000000
2024KL0005309,1,449.67,95,1,1,1,5,6450,58,0,0,6,1,2,1,1900110,1000000
2024KL0005310,1,449.67,83,1,1,1,5,6286,57,0,0,6,1,2,1,1900107,1000000
2024KL0005311,1,449.67,42,1,2,1,16,85096,501,4000,1,3,1,1,1,1900108,1000000
2024KL0005312,1,449.67,73,2,7,1,9,6413,58,0,0,6,1,2,1,1900103,1000000
2024KL0005313,1,449.67,16,1,2,1,11,4240,38,0,0,6,1,5,1,1900110,1000000
2024KL0005314,1,449.67,20,1,2,1,18,17477,158,6000,6,3,1,5,1,1900113,1000000
2024KL0005315,1,449.67,99,2,3,1,5,915,8,0,0,6,1,2,1,1900102,1000000
2024KL0005316,1,449.67,22,1,1,1,14,42626,387,1000,1,4,1,1,1,1900106,1000000
2024KL0005317,1,449.67,41,1,1,1,5,16620,151,5000,6,1,1,1,1,1900104,1000000
2024KL0005318,1,449.67,25,2,1,1,17,39379,357,6000,1,1,1,1,1,1900112,1000000
2024KL0005319,1,449.67,42,1,1,1,10,26593,241,5000,1,1,1,1,1,1900106,1000000
2024KL0005320,1,449.67,25,1,7,1,14,11307,102,9000,1,1,1,5,1,1900114,1000000
2024KL0005321,1,449.67,8,2,2,1,4,5049,45,0,0,6,1,5,1,1900114,1000000
2024KL0005322,1,449.67,51,2,2,1,8,86868,501,9920,1,1,1,1,1,1900100,1000000
2024KL0005323,1,449.67,50,2,2,1,8,11602,105,9800,4,1,1,1,1,1900108,1000000
2024KL0005324,1,449.67,41,1,6,1,16,71263,501,6000,1,1,1,1,1,1900102,1000000
2024KL0005325,1,449.67,40,2,2,1,13,19265,175,6000,3,1,1,1,1,1900114,1000000
2024KL0005326,1,449.67,3,2,2,1,4,18397,167,0,0,6,1,5,1,1900107,1000000
2024KL0005327,1,449.67,37,1,2,1,10,29373,267,5000,1,3,1,1,1,1900100,1000000
2024KL0005328,1,449.67,10,2,1,1,6,1838,16,0,0,6,1,5,1,1900101,1000000
2024KL0005329,1,449.67,18,2,6,1,17,80426,501,5000,1,2,1,5,1,1900106,1000000
2024KL0005330,1,449.67,19,1,2,1,16,35776,325,4000,1,2,1,5,1,1900101,1000000
2024KL0005331,1,449.67,73,2,1,1,9,9359,85,0,0,6,1,1,1,1900108,1000000
2024KL0005332,1,449.67,27,1,1,1,16,43635,396,3000,1,1,1,1,1,1900111,1000000
2024KL0005333,1,449.67,15,1,1,1,12,27871,253,0,0,6,1,5,1,1900104,1000000
2024KL0005334,1,449.67,32,1,1,1,9,24197,219,7000,3,1,1,1,1,1900111,1000000
2024KL0005335,1,449.67,12,2,2,1,8,3401,30,0,0,6,1,5,1,1900100,1000000
2024KL0005336,1,449.67,13,2,1,1,3,1879,17,0,0,6,1,5,1,1900100,1000000
2024KL0005337,1,449.67,28,1,3,1,8,2843,25,9800,1,1,1,1,1,1900114,1000000
2024KL0005338,1,449.67,57,2,1,1,6,5404,49,5000,1,1,1,1,2,1900106,1000000
2024KL0005339,1,449.67,57,1,3,1,9,28995,263,6000,4,2,1,1,1,1900100,1000000
2024KL0005340,1,449.67,42,1,1,1,10,12957,117,4000,1,5,1,1,1,1900107,1000000
2024KL0005341,1,449.67,29,1,1,1,5,16635,151,6000,1,1,1,1,1,1900102,1000000
2024KL0005342,1,449.67,3,2,1,1,1,3460,31,0,0,6,1,5,2,1900113,1000000
2024KL0005343,1,449.67,42,1,3,1,10,64507,501,8000,1,1,1,1,2,1900102,1000000
2024KL0005344,1,449.67,45,2,1,1,5,22831,207,8000,3,1,1,1,1,1900110,1000000
2024KL0005345,1,449.67,36,1,4,1,5,12178,110,9920,3,1,1,1,1,1900103,1000000
2024KL0005346,1,449.67,41,1,1,1,18,64929,501,4000,1,5,1,1,1,1900107,1000000
2024KL0005347,1,449.67,52,2,1,1,13,31050,282,9800,3,2,1,3,1,1900112,1000000
2024KL0005348,1,449.67,2,1,1,1,8,4889,44,0,0,6,1,5,1,1900104,1000000
2024KL0005349,1,449.67,55,1,7,1,10,12652,115,2000,1,1,1,2,2,1900100,1000000
2024KL0005350,1,449.67,0,1,3,1,3,32795,298,0,0,6,1,5,1,1900105,1000000
2024KL0005351,1,449.67,35,2,1,1,9,352113,501,1000,1,5,1,1,1,1900112,1000000
2024KL0005352,1,449.67,36,2,1,1,13,20949,190,6000,1,1,1,1,1,1900105,1000000
2024KL0005353,1,449.67,29,2,1,1,10,59580,501,8000,6,1,1,5,2,1900105,1000000
2024KL0005354,1,449.67,13,1,1,1,1,5506,50,0,0,6,1,5,1,1900109,1000000
2024KL0005355,1,449.67,12,1,1,1,4,960,8,0,0,6,1,5,1,1900113,1000000
2024KL0005356,1,449.67,28,2,2,1,8,6098,55,9800,3,1,1,1,1,1900103,1000000
2024KL0005357,1,449.67,26,1,1,1,11,8114,73,2000,2,2,1,5,1,1900106,1000000
2024KL0005358,1,449.67,36,2,3,1,9,23262,211,6000,4,1,1,1,2,1900102,1000000
2024KL0005359,1,449.67,4,1,5,1,4,2381,21,0,0,6,1,5,1,1900107,1000000
2024KL0005360,1,449.67,25,1,1,1,14,18490,168,4000,1,2,1,5,1,1900109,1000000
2024KL0005361,1,449.67,50,2,4,1,6,12356,112,9000,4,1,1,2,1,1900111,1000000
2024KL0005362,1,449.67,9,2,1,1,5,2408,21,0,0,6,1,5,1,1900100,1000000
2024KL0005363,1,449.67,24,1,2,1,20,139396,501,1000,1,5,1,5,2,1900112,1000000
2024KL0005364,1,449.67,12,1,1,1,3,10301,93,0,0,6,1,5,1,1900114,1000000
2024KL0005365,1,449.67,51,1,9,1,9,64606,501,3000,2,5,1,1,1,1900114,1000000
2024KL0005366,1,449.67,31,1,2,1,13,7810,71,5000,1,1,1,1,1,1900108,1000000
2024KL0005367,1,449.67,32,2,1,1,11,11187,101,7000,3,4,1,5,1,1900107,1000000
2024KL0005368,1,449.67,2,1,1,1,6,1381,12,0,0,6,1,5,1,1900108,1000000
2024KL0005369,1,449.67,36,2,1,1,10,15513,141,8000,1,1,1,2,1,1900109,1000000
2024KL0005370,1,449.67,16,1,1,1,15,37688,342,0,0,6,1,5,1,1900113,1000000
2024KL0005371,1,449.67,18,2,5,1,10,12935,117,7000,1,4,1,5,1,1900107,1000000
2024KL0005372,1,449.67,6,1,1,1,4,4507,40,0,0,6,1,5,1,1900102,1000000
2024KL0005373,1,449.67,1,2,6,1,6,6856,62,0,0,6,1,5,1,1900102,1000000
2024KL0005374,1,449.67,51,1,1,1,8,2800,25,9800,1,2,1,1,1,1900103,1000000
2024KL0005375,1,449.67,78,1,4,1,8,4439,40,0,0,6,1,1,1,1900114,1000000
2024KL0005376,1,449.67,11,1,5,1,2,2133,19,0,0,6,1,5,1,1900107,1000000
2024KL0005377,1,449.67,57,1,2,1,17,56803,501,3000,1,2,1,3,1,1900101,1000000
2024KL0005378,1,449.67,15,1,2,1,10,8889,80,0,0,6,1,5,1,1900103,1000000
2024KL0005379,1,449.67,8,2,1,1,5,3521,32,0,0,6,1,5,1,1900100,1000000
2024KL0005380,1,449.67,66,2,2,1,7,1752,15,9800,4,5,1,1,1,1900106,1000000
2024KL0005381,1,449.67,27,1,4,1,14,53258,484,9000,1,1,1,5,1,1900100,1000000
2024KL0005382,1,449.67,37,2,5,1,10,70848,501,8000,1,1,1,1,1,1900106,1000000
2024KL0005383,1,449.67,14,1,1,1,3,3316,30,0,0,6,1,5,1,1900110,1000000
2024KL0005384,1,449.67,40,2,3,1,15,157133,501,6000,1,1,1,5,2,1900107,1000000
2024KL0005385,1,449.67,32,2,2,1,6,5538,50,9800,1,1,1,5,1,1900114,1000000
2024KL0005386,1,449.67,20,1,1,1,18,20861,189,3000,1,1,1,1,1,1900100,1000000
2024KL0005387,1,449.67,59,2,1,1,6,2287,20,9800,1,1,1,5,1,1900107,1000000
2024KL0005388,1,449.67,19,1,1,1,20,90031,501,2000,3,1,1,5,2,1900110,1000000
2024KL0005389,1,449.67,76,2,1,1,10,10638,96,0,0,6,1,2,1,1900108,1000000
2024KL0005390,1,449.67,22,1,1,1,15,42779,388,1000,1,3,1,5,1,1900114,1000000
2024KL0005391,1,449.67,19,1,2,1,13,12557,114,5000,3,1,1,5,1,1900108,1000000
2024KL0005392,1,449.67,38,2,3,1,12,75794,501,9000,6,1,1,5,1,1900103,1000000
2024KL0005393,1,449.67,11,2,3,1,5,4733,43,0,0,6,1,5,1,1900101,1000000
2024KL0005394,1,449.67,55,2,2,1,15,121544,501,4000,2,1,1,1,1,1900112,1000000
2024KL0005395,1,449.67,6,2,1,1,3,6245,56,0,0,6,1,5,1,1900107,1000000
2024KL0005396,1,449.67,18,1,3,1,14,13224,120,9000,3,1,1,5,2,1900106,1000000
2024KL0005397,1,449.67,1,1,1,1,5,3549,32,0,0,6,1,5,1,1900106,1000000
2024KL0005398,1,449.67,7,1,6,1,2,570,5,0,0,6,1,5,1,1900107,1000000
2024KL0005399,1,449.67,23,2,1,1,13,21117,191,1000,2,1,1,5,1,1900114,1000000
2024KL0005400,1,449.67,31,1,2,1,13,37274,338,7000,1,1,2,1,1,1900110,1000000
2024KL0005401,1,449.67,20,1,6,1,12,7567,68,6000,3,2,1,5,1,1900102,1000000
2024KL0005402,1,449.67,30,2,2,1,7,7483,68,5000,4,1,1,1,1,1900112,1000000
2024KL0005403,1,449.67,18,2,4,1,16,66711,501,6000,6,1,1,5,1,1900109,1000000
2024KL0005404,1,449.67,24,2,1,1,14,18989,172,6000,4,3,1,5,1,1900104,1000000
2024KL0005405,1,449.67,29,1,4,1,10,30442,276,7000,3,1,1,1,1,1900103,1000000
2024KL0005406,1,449.67,30,1,2,1,9,21609,196,5000,6,4,1,1,1,1900107,1000000
2024KL0005407,1,449.67,34,1,2,1,11,107601,501,1000,2,3,1,1,1,1900105,1000000
2024KL0005408,1,449.67,50,1,1,1,14,36458,331,9000,4,1,1,5,1,1900111,1000000
2024KL0005409,1,449.67,28,2,1,1,14,9072,82,6000,1,1,1,1,1,1900104,1000000
2024KL0005410,1,449.67,48,2,1,1,10,59394,501,8000,4,2,1,1,1,1900109,1000000
2024KL0005411,1,449.67,30,2,3,1,14,36981,336,7000,3,1,2,1,1,1900102,1000000
2024KL0005412,1,449.67,28,1,4,1,11,41085,373,9800,6,5,1,1,1,1900101,1000000
2024KL0005413,1,449.67,42,2,5,1,7,14574,132,5000,6,1,1,1,2,1900103,1000000
2024KL0005414,1,449.67,41,1,1,1,10,27548,250,9000,3,4,1,3,1,1900112,1000000
2024KL0005415,1,449.67,59,2,1,1,20,262989,501,1000,2,1,1,1,1,1900111,1000000
2024KL0005416,1,449.67,17,1,4,1,17,46222,420,0,0,6,1,5,1,1900101,1000000
2024KL0005417,1,449.67,30,1,2,1,8,17126,155,7000,4,1,1,5,1,1900110,1000000
2024KL0005418,1,449.67,31,2,2,1,5,2239,20,9800,6,2,1,1,1,1900112,1000000
2024KL0005419,1,449.67,57,2,1,1,8,2386,21,7000,3,1,1,4,1,1900104,1000000
2024KL0005420,1,449.67,8,2,9,1,6,897,8,0,0,6,1,5,1,1900109,1000000
2024KL0005421,1,449.67,55,2,1,1,17,153618,501,4000,1,1,1,1,1,1900101,1000000
2024KL0005422,1,449.67,34,1,4,1,16,99112,501,3000,2,1,1,1,1,1900112,1000000
2024KL0005423,1,449.67,28,2,4,1,8,12263,111,5000,6,2,1,1,1,1900108,1000000
2024KL0005424,1,449.67,45,2,3,1,8,3817,34,5000,3,1,1,1,1,1900103,1000000
2024KL0005425,1,449.67,31,1,3,1,8,13548,123,8000,6,1,1,1,1,1900103,1000000
2024KL0005426,1,449.67,30,1,1,1,8,4519,41,5000,3,1,1,5,1,1900113,1000000
2024KL0005427,1,449.67,34,1,3,1,15,32824,298,3000,1,1,1,1,1,1900113,1000000
2024KL0005428,1,449.67,52,2,1,1,12,29632,269,2000,2,3,1,1,1,1900102,1000000
2024KL0005429,1,449.67,33,2,3,1,13,17632,160,1000,3,1,1,5,1,1900103,1000000
2024KL0005430,1,449.67,3,1,1,1,7,2187,19,0,0,6,1,5,2,1900106,1000000
2024KL0005431,1,449.67,39,1,7,1,9,17262,156,6000,6,2,1,3,1,1900103,1000000
2024KL0005432,1,449.67,36,1,1,1,15,231887,501,2000,1,1,1,1,2,1900109,1000000
2024KL0005433,1,449.67,68,1,1,1,7,6081,55,7000,1,1,1,3,1,1900111,1000000
2024KL0005434,1,449.67,27,1,1,1,11,25467,231,7000,6,2,1,1,1,1900113,1000000
2024KL0005435,1,449.67,42,2,1,1,11,50546,459,7000,1,1,1,1,1,1900104,1000000
2024KL0005436,1,449.67,36,2,2,1,11,59801,501,4000,1,2,1,3,1,1900103,1000000
2024KL0005437,1,449.67,16,1,2,1,15,35081,318,0,0,6,1,5,1,1900113,1000000
2024KL0005438,1,449.67,9,2,2,1,2,3086,28,0,0,6,1,5,2,1900108,1000000
2024KL0005439,1,449.67,33,1,1,1,6,2497,22,9000,3,1,1,1,1,1900107,1000000
2024KL0005440,1,449.67,65,2,1,1,6,10612,96,6000,3,4,1,1,2,1900112,1000000
2024KL0005441,1,449.67,59,2,1,1,5,7606,69,9800,1,5,1,1,1,1900102,1000000
2024KL0005442,1,449.67,0,2,1,1,4,1743,15,0,0,6,1,5,2,1900112,1000000
2024KL0005443,1,449.67,63,1,2,1,10,38818,352,8000,1,1,1,1,1,1900106,1000000
2024KL0005444,1,449.67,21,1,1,1,18,9444,85,6000,1,1,1,5,1,1900108,1000000
2024KL0005445,1,449.67,41,2,4,1,9,47351,430,6000,1,1,2,1,1,1900103,1000000
2024KL0005446,1,449.67,57,1,1,1,7,25150,228,5000,6,1,1,5,1,1900108,1000000
2024KL0005447,1,449.67,34,1,1,1,14,21626,196,2000,1,1,1,1,1,1900111,1000000
2024KL0005448,1,449.67,7,2,2,1,1,3659,33,0,0,6,1,5,1,1900113,1000000
2024KL0005449,1,449.67,28,1,2,1,13,20606,187,2000,1,1,5,1,1,1900106,1000000
2024KL0005450,1,449.67,16,1,3,1,15,52839,480,0,0,6,1,5,1,1900109,1000000
2024KL0005451,1,449.67,43,2,2,1,15,59401,501,2000,3,1,1,1,1,1900101,1000000
2024KL0005452,1,449.67,21,1,3,1,13,7148,64,5000,6,4,1,1,1,1900108,1000000
2024KL0005453,1,449.67,35,2,1,1,15,79538,501,2000,3,1,1,1,2,1900107,1000000
2024KL0005454,1,449.67,71,1,4,1,5,8768,79,0,0,6,1,1,1,1900112,1000000
2024KL0005455,1,449.67,20,2,2,1,19,25760,234,3000,2,1,1,1,1,1900114,1000000
2024KL0005456,1,449.67,24,2,3,1,12,15482,140,3000,1,1,1,1,1,1900113,1000000
2024KL0005457,1,449.67,86,2,4,1,10,30188,274,0,0,6,1,1,1,1900101,1000000
2024KL0005458,1,449.67,88,1,5,1,5,9731,88,0,0,6,1,5,1,1900100,1000000
2024KL0005459,1,449.67,0,2,1,1,3,1078,9,0,0,6,1,5,1,1900114,1000000
2024KL0005460,1,449.67,88,1,1,1,6,24751,225,0,0,6,1,1,2,1900104,1000000
2024KL0005461,1,449.67,53,2,5,1,11,21643,196,6000,1,1,1,1,1,1900112,1000000
2024KL0005462,1,449.67,44,1,2,1,9,82341,501,2000,1,1,1,1,1,1900101,1000000
2024KL0005463,1,449.67,41,1,1,1,8,14565,132,6000,4,2,2,1,1,1900102,1000000
2024KL0005464,1,449.67,9,1,5,1,5,1456,13,0,0,6,1,5,1,1900105,1000000
2024KL0005465,1,449.67,38,1,1,1,7,17293,157,5000,4,5,1,1,1,1900110,1000000
2024KL0005466,1,449.67,5,1,1,1,5,1420,12,0,0,6,1,5,1,1900104,1000000
2024KL0005467,1,449.67,27,1,1,1,10,32188,292,6000,6,4,1,1,1,1900102,1000000
2024KL0005468,1,449.67,25,2,1,1,7,4205,38,9800,1,1,1,1,1,1900103,1000000
2024KL0005469,1,449.67,19,1,4,1,13,7781,70,7000,1,1,1,5,1,1900100,1000000
2024KL0005470,1,449.67,21,1,2,1,20,28975,263,4000,1,1,1,1,1,1900112,1000000
2024KL0005471,1,449.67,33,2,1,1,14,39467,358,5000,4,1,1,1,1,1900114,1000000
2024KL0005472,1,449.67,15,2,6,1,15,28754,261,0,0,6,1,5,1,1900104,1000000
2024KL0005473,1,449.67,42,1,3,1,7,6016,54,9800,1,1,1,1,1,1900113,1000000
2024KL0005474,1,449.67,35,2,2,1,6,7791,70,7000,1,1,1,1,1,1900105,1000000
2024KL0005475,1,449.67,16,1,1,1,15,18504,168,0,0,6,1,5,1,1900108,1000000
2024KL0005476,1,449.67,33,2,3,1,11,47568,432,8000,4,2,1,5,1,1900101,1000000
2024KL0005477,1,449.67,33,2,2,1,9,80266,501,9000,3,1,1,5,1,1900111,1000000
2024KL0005478,1,449.67,33,1,1,1,11,24611,223,2000,1,1,1,1,1,1900102,1000000
2024KL0005479,1,449.67,28,2,2,1,7,2294,20,9800,1,1,1,1,1,1900110,1000000
2024KL0005480,1,449.67,36,1,3,1,7,6215,56,5000,1,1,1,1,1,1900102,1000000
2024KL0005481,1,449.67,22,2,2,1,14,14454,131,6000,1,3,1,5,1,1900107,1000000
2024KL0005482,1,449.67,92,2,1,1,9,8157,74,0,0,6,1,2,1,1900113,1000000
2024KL0005483,1,449.67,31,1,1,1,5,4414,40,9000,1,1,2,5,1,1900104,1000000
2024KL0005484,1,449.67,29,1,1,1,8,4551,41,5000,4,1,1,1,1,1900104,1000000
2024KL0005485,1,449.67,35,1,1,1,11,35969,326,8000,4,3,1,1,1,1900110,1000000
2024KL0005486,1,449.67,8,1,5,1,4,1051,9,0,0,6,1,5,1,1900106,1000000
2024KL0005487,1,449.67,23,1,1,1,14,20795,189,9000,3,1,1,5,1,1900108,1000000
2024KL0005488,1,449.67,1,2,1,1,3,1317,11,0,0,6,1,5,1,1900105,1000000
2024KL0005489,1,449.67,100,2,1,1,5,1555,14,0,0,6,1,1,1,1900101,1000000
2024KL0005490,1,449.67,35,1,4,1,7,12212,111,8000,1,1,1,1,1,1900100,1000000
2024KL0005491,1,449.67,30,2,2,1,7,7218,65,9800,1,1,1,5,1,1900103,1000000
2024KL0005492,1,449.67,31,2,3,1,16,38813,352,4000,1,1,1,1,1,1900103,1000000
2024KL0005493,1,449.67,22,2,1,1,16,116635,501,6000,6,1,1,5,1,1900114,1000000
2024KL0005494,1,449.67,34,2,2,1,20,103260,501,1000,2,1,1,1,1,1900100,1000000
2024KL0005495,1,449.67,60,2,1,1,6,22193,201,9000,1,1,1,1,1,1900112,1000000
2024KL0005496,1,449.67,62,2,1,1,10,26963,245,5000,4,1,2,1,1,1900105,1000000
2024KL0005497,1,449.67,34,1,1,1,12,30616,278,6000,1,1,1,1,1,1900112,1000000
2024KL0005498,1,449.67,21,2,1,1,14,10228,92,9800,4,1,1,5,2,1900101,1000000
2024KL0005499,1,449.67,25,1,4,1,9,42741,388,5000,3,1,1,1,1,1900106,1000000
2024KL0005500,1,449.67,20,1,4,1,16,43077,391,3000,3,1,1,5,1,1900101,1000000
2024KL0005501,1,449.67,21,2,1,1,13,21668,196,7000,4,1,1,5,1,1900101,1000000
2024KL0005502,1,449.67,15,1,4,1,16,15757,143,0,0,6,1,5,1,1900113,1000000
2024KL0005503,1,449.67,86,1,1,1,6,5205,47,0,0,6,1,2,1,1900102,1000000
2024KL0005504,1,449.67,32,2,1,1,6,7489,68,5000,1,1,1,1,1,1900108,1000000
2024KL0005505,1,449.67,27,1,7,1,9,21581,196,8000,1,1,1,1,1,1900111,1000000
2024KL0005506,1,449.67,0,2,2,1,3,1562,14,0,0,6,1,5,1,1900110,1000000
2024KL0005507,1,449.67,34,1,1,1,11,17384,158,9000,1,1,1,1,1,1900114,1000000
2024KL0005508,1,449.67,48,1,1,1,20,372738,501,2000,2,1,1,1,1,1900112,1000000
2024KL0005509,1,449.67,38,1,6,1,8,36375,330,9000,1,1,1,1,1,1900114,1000000
2024KL0005510,1,449.67,4,1,1,1,8,17092,155,0,0,6,1,5,1,1900110,1000000
2024KL0005511,1,449.67,45,1,1,1,12,26748,243,6000,4,1,1,1,1,1900107,1000000
2024KL0005512,1,449.67,28,1,1,1,12,24904,226,1000,1,1,1,5,1,1900114,1000000
2024KL0005513,1,449.67,46,1,3,1,18,209364,501,3000,2,1,1,1,1,1900108,1000000
2024KL0005514,1,449.67,63,1,1,1,10,24991,227,6000,1,1,1,2,1,1900108,1000000
2024KL0005515,1,449.67,54,1,3,1,8,46416,421,9000,4,1,1,2,1,1900107,1000000
2024KL0005516,1,449.67,54,2,2,1,8,39010,354,7000,6,1,1,5,1,1900110,1000000
2024KL0005517,1,449.67,19,1,2,1,16,29917,271,1000,1,1,1,5,1,1900114,1000000
2024KL0005518,1,449.67,53,1,1,1,12,26757,243,6000,3,1,1,1,1,1900109,1000000
2024KL0005519,1,449.67,24,1,1,1,15,126746,501,4000,3,1,1,5,1,1900102,1000000
2024KL0005520,1,449.67,41,2,1,1,10,66286,501,5000,6,1,1,5,1,1900113,1000000
2024KL0005521,1,449.67,43,1,1,1,8,27445,249,5000,3,1,1,5,1,1900111,1000000
2024KL0005522,1,449.67,14,1,2,1,6,1070,9,0,0,6,1,5,1,1900108,1000000
2024KL0005523,1,449.67,59,2,3,1,12,83680,501,8000,1,1,1,1,1,1900107,1000000
2024KL0005524,1,449.67,17,1,1,1,14,9552,86,0,0,6,1,5,2,1900100,1000000
2024KL0005525,1,449.67,29,2,4,1,10,13195,119,3000,2,5,1,1,1,1900104,1000000
2024KL0005526,1,449.67,35,1,3,1,9,6302,57,5000,1,1,1,1,1,1900108,1000000
2024KL0005527,1,449.67,30,1,2,1,14,23356,212,7000,1,1,1,5,1,1900102,1000000
2024KL0005528,1,449.67,7,2,1,1,9,45521,413,0,0,6,1,5,1,1900101,1000000
2024KL0005529,1,449.67,75,2,1,1,10,16113,146,0,0,6,1,1,1,1900106,1000000
2024KL0005530,1,449.67,37,2,1,1,14,33370,303,5000,4,1,1,5,1,1900112,1000000
2024KL0005531,1,449.67,18,1,3,1,20,21167,192,2000,1,5,5,5,1,1900112,1000000
2024KL0005532,1,449.67,18,1,6,1,14,6596,59,6000,3,2,1,1,1,1900109,1000000
2024KL0005533,1,449.67,33,1,7,1,8,10149,92,9000,1,3,1,1,1,1900106,1000000
2024KL0005534,1,449.67,6,2,1,1,3,3883,35,0,0,6,1,5,1,1900104,1000000
2024KL0005535,1,449.67,96,2,7,1,5,11884,108,0,0,6,1,1,1,1900112,1000000
2024KL0005536,1,449.67,10,2,1,1,2,2464,22,0,0,6,1,5,1,1900109,1000000
2024KL0005537,1,449.67,79,1,2,1,7,1478,13,0,0,6,1,5,1,1900102,1000000
2024KL0005538,1,449.67,21,2,3,1,17,21901,199,4000,3,1,1,5,1,1900107,1000000
2024KL0005539,1,449.67,35,2,7,1,13,16538,150,9000,4,1,1,1,1,1900101,1000000
2024KL0005540,1,449.67,19,1,3,1,12,3585,32,8000,1,1,1,5,1,1900105,1000000
2024KL0005541,1,449.67,30,2,2,1,14,29883,271,9000,1,1,1,1,1,1900110,1000000
2024KL0005542,1,449.67,26,1,2,1,9,5536,50,6000,1,1,1,5,1,1900109,1000000
2024KL0005543,1,449.67,23,2,1,1,17,44239,402,3000,1,1,1,5,1,1900107,1000000
2024KL0005544,1,449.67,48,2,1,1,11,36453,331,8000,1,1,1,1,1,1900113,1000000
2024KL0005545,1,449.67,25,1,4,1,12,12632,114,8000,6,1,1,1,1,1900114,1000000
2024KL0005546,1,449.67,47,2,3,1,10,21108,191,3000,2,5,1,1,1,1900101,1000000
2024KL0005547,1,449.67,6,1,1,1,1,7615,69,0,0,6,1,5,1,1900102,1000000
2024KL0005548,1,449.67,7,2,1,1,4,5906,53,0,0,6,1,5,1,1900101,1000000
2024KL0005549,1,449.67,78,1,3,1,8,4135,37,0,0,6,1,2,1,1900111,1000000
2024KL0005550,1,449.67,52,1,3,1,19,98683,501,4000,1,1,1,1,1,1900104,1000000
2024KL0005551,1,449.67,31,1,1,1,9,81526,501,9000,3,1,1,1,1,1900111,1000000
2024KL0005552,1,449.67,32,1,2,1,20,124576,501,3000,2,1,1,1,1,1900101,1000000
2024KL0005553,1,449.67,27,1,3,1,5,34161,310,7000,1,1,1,1,1,1900106,1000000
2024KL0005554,1,449.67,4,1,1,1,4,24980,227,0,0,6,2,5,1,1900103,1000000
2024KL0005555,1,449.67,39,2,1,1,12,28445,258,6000,1,1,1,5,1,1900100,1000000
2024KL0005556,1,449.67,28,1,1,1,11,25699,233,5000,6,1,1,1,1,1900108,1000000
2024KL0005557,1,449.67,46,2,4,1,11,38642,351,9800,4,4,1,5,2,1900108,1000000
2024KL0005558,1,449.67,10,1,1,1,5,2955,26,0,0,6,1,5,1,1900100,1000000
2024KL0005559,1,449.67,2,1,1,1,3,890,8,0,0,6,1,5,2,1900109,1000000
2024KL0005560,1,449.67,33,2,3,1,12,37849,344,9000,1,1,1,1,1,1900103,1000000
2024KL0005561,1,449.67,14,2,1,1,5,2058,18,0,0,6,1,5,1,1900106,1000000
2024KL0005562,1,449.67,25,1,1,1,15,101082,501,6000,1,1,2,1,1,1900101,1000000
2024KL0005563,1,449.67,11,2,1,1,5,4645,42,0,0,6,1,5,1,1900113,1000000
2024KL0005564,1,449.67,43,1,7,1,5,7410,67,9000,4,1,1,1,1,1900113,1000000
2024KL0005565,1,449.67,1,1,4,1,5,3731,33,0,0,6,1,5,1,1900114,1000000
2024KL0005566,1,449.67,31,1,4,1,14,15609,141,7000,6,1,1,1,1,1900113,1000000
2024KL0005567,1,449.67,20,2,1,1,14,13721,124,9000,1,1,1,5,1,1900106,1000000
2024KL0005568,1,449.67,70,1,2,1,5,2529,22,6000,6,1,1,2,1,1900102,1000000
2024KL0005569,1,449.67,39,2,1,1,5,9821,89,7000,1,1,1,1,1,1900104,1000000
2024KL0005570,1,449.67,39,2,3,1,9,22928,208,3000,1,1,1,5,1,1900112,1000000
2024KL0005571,1,449.67,30,1,2,1,7,9869,89,9920,1,5,1,1,1,1900114,1000000
2024KL0005572,1,449.67,17,2,1,1,13,4625,42,0,0,6,1,5,1,1900112,1000000
2024KL0005573,1,449.67,52,2,1,1,11,80710,501,4000,1,1,1,1,1,1900110,1000000
2024KL0005574,1,449.67,15,1,2,1,10,1594,14,0,0,6,1,5,1,1900100,1000000
2024KL0005575,1,449.67,13,1,9,1,6,2497,22,0,0,6,1,5,1,1900113,1000000
2024KL0005576,1,449.67,11,2,6,1,9,3694,33,0,0,6,1,5,1,1900114,1000000
2024KL0005577,1,449.67,76,2,1,1,12,10812,98,0,0,6,1,2,1,1900113,1000000
2024KL0005578,1,449.67,10,2,1,1,1,4174,37,0,0,6,1,5,1,1900104,1000000
2024KL0005579,1,449.67,3,1,3,1,1,7471,67,0,0,6,1,5,1,1900114,1000000
2024KL0005580,1,449.67,3,2,1,1,2,4645,42,0,0,6,1,5,1,1900114,1000000
2024KL0005581,1,449.67,40,2,4,1,8,36097,328,5000,3,1,1,5,1,1900114,1000000
2024KL0005582,1,449.67,45,1,1,1,6,61367,501,8000,1,5,1,1,1,1900109,1000000
2024KL0005583,1,449.67,13,2,2,1,5,1963,17,0,0,6,1,5,1,1900104,1000000
2024KL0005584,1,449.67,19,2,1,1,17,76225,501,6000,4,1,1,5,1,1900106,1000000
2024KL0005585,1,449.67,8,2,1,1,8,2892,26,0,0,6,1,5,1,1900110,1000000
2024KL0005586,1,449.67,29,1,1,1,10,18399,167,7000,1,1,1,1,1,1900109,1000000
2024KL0005587,1,449.67,59,1,1,1,5,16190,147,5000,4,2,1,1,1,1900107,1000000
2024KL0005588,1,449.67,0,2,1,1,3,2030,18,0,0,6,1,5,1,1900109,1000000
2024KL0005589,1,449.67,23,1,5,1,16,128276,501,4000,1,1,1,5,1,1900114,1000000
2024KL0005590,1,449.67,38,1,3,1,15,41528,377,4000,3,1,1,3,1,1900109,1000000
2024KL0005591,1,449.67,21,1,4,1,17,33664,306,3000,1,1,1,5,1,1900112,1000000
2024KL0005592,1,449.67,20,2,6,1,15,28834,262,6000,1,1,1,1,1,1900101,1000000
2024KL0005593,1,449.67,7,1,1,1,4,828,7,0,0,6,1,5,1,1900101,1000000
2024KL0005594,1,449.67,53,2,1,1,10,49270,447,7000,6,1,1,5,1,1900113,1000000
2024KL0005595,1,449.67,43,2,4,1,12,21786,198,7000,1,1,1,1,1,1900105,1000000
2024KL0005596,1,449.67,92,1,5,1,5,2167,19,0,0,6,1,1,1,1900104,1000000
2024KL0005597,1,449.67,32,1,3,1,13,57754,501,1000,2,1,1,5,1,1900113,1000000
2024KL0005598,1,449.67,37,1,6,1,8,5699,51,9000,4,1,1,5,1,1900103,1000000
2024KL0005599,1,449.67,2,1,6,1,3,4485,40,0,0,6,1,5,1,1900103,1000000
2024KL0005600,1,449.67,34,2,1,1,15,62404,501,4000,2,1,1,5,2,1900104,1000000
2024KL0005601,1,449.67,31,1,9,1,15,174562,501,1000,1,1,1,5,1,1900109,1000000
2024KL0005602,1,449.67,39,1,1,1,8,11519,104,6000,6,4,1,1,1,1900107,1000000
2024KL0005603,1,449.67,27,1,1,1,8,5107,46,9000,3,1,1,1,1,1900100,1000000
2024KL0005604,1,449.67,15,2,7,1,12,6830,62,0,0,6,1,5,1,1900105,1000000
2024KL0005605,1,449.67,16,1,4,1,19,40229,365,0,0,6,1,5,1,1900111,1000000
2024KL0005606,1,449.67,29,2,3,1,7,6743,61,6000,3,1,1,1,2,1900113,1000000
2024KL0005607,1,449.67,30,2,2,1,10,15401,140,6000,6,1,1,1,1,1900104,1000000
2024KL0005608,1,449.67,50,1,1,1,11,26692,242,1000,2,1,1,1,1,1900105,1000000
2024KL0005609,1,449.67,23,1,1,1,17,154791,501,3000,2,2,5,5,1,1900100,1000000
2024KL0005610,1,449.67,74,1,1,1,5,1461,13,0,0,6,1,1,1,1900112,1000000
2024KL0005611,1,449.67,17,1,7,1,20,57405,501,0,0,6,1,5,2,1900111,1000000
2024KL0005612,1,449.67,42,1,1,1,20,114272,501,3000,1,1,1,2,1,1900104,1000000
2024KL0005613,1,449.67,38,2,1,1,12,19577,177,5000,4,4,1,1,1,1900105,1000000
2024KL0005614,1,449.67,32,1,6,1,6,7357,66,9920,1,2,1,1,1,1900103,1000000
2024KL0005615,1,449.67,8,1,2,1,8,2212,20,0,0,6,1,5,1,1900102,1000000
2024KL0005616,1,449.67,14,2,1,1,3,2787,25,0,0,6,1,5,1,1900107,1000000
2024KL0005617,1,449.67,37,1,1,1,9,16823,152,6000,6,3,1,1,1,1900100,1000000
2024KL0005618,1,449.67,20,1,7,1,13,9777,88,1000,3,1,1,5,1,1900106,1000000
2024KL0005619,1,449.67,53,2,1,1,8,6745,61,5000,1,1,1,1,1,1900110,1000000
2024KL0005620,1,449.67,33,1,1,1,13,15842,144,1000,1,1,1,1,1,1900111,1000000
2024KL0005621,1,449.67,55,2,3,1,10,15495,140,7000,1,4,1,2,1,1900114,1000000
2024KL0005622,1,449.67,1,1,3,1,3,3164,28,0,0,6,5,5,1,1900102,1000000
2024KL0005623,1,449.67,57,2,6,1,15,23271,211,5000,3,1,1,1,1,1900113,1000000
2024KL0005624,1,449.67,38,2,4,1,10,17669,160,8000,1,1,1,3,1,1900114,1000000
2024KL0005625,1,449.67,36,1,4,1,7,4548,41,9920,4,1,1,5,2,1900112,1000000
2024KL0005626,1,449.67,67,1,4,1,11,3901,35,7000,6,2,1,1,1,1900102,1000000
2024KL0005627,1,449.67,17,2,1,1,10,6272,57,0,0,6,1,5,1,1900110,1000000
2024KL0005628,1,449.67,36,2,1,1,11,22114,201,7000,1,4,1,2,1,1900112,1000000
2024KL0005629,1,449.67,44,2,4,1,10,13592,123,6000,6,1,1,1,1,1900104,1000000
2024KL0005630,1,449.67,2,1,4,1,4,5791,52,0,0,6,1,5,1,1900102,1000000
2024KL0005631,1,449.67,38,2,2,1,16,117558,501,4000,2,2,1,1,1,1900109,1000000
2024KL0005632,1,449.67,12,2,6,1,5,22076,200,0,0,6,1,5,1,1900104,1000000
2024KL0005633,1,449.67,32,2,3,1,6,15053,136,7000,4,3,1,1,1,1900101,1000000
2024KL0005634,1,449.67,41,2,4,1,13,66619,501,9000,4,2,1,1,1,1900104,1000000
2024KL0005635,1,449.67,54,1,4,1,10,20855,189,7000,3,1,1,1,1,1900110,1000000
2024KL0005636,1,449.67,20,1,1,1,18,18803,170,6000,3,1,2,5,1,1900101,1000000
2024KL0005637,1,449.67,28,1,1,1,14,110230,501,1000,3,2,2,1,1,1900112,1000000
2024KL0005638,1,449.67,94,2,2,1,9,21745,197,0,0,6,1,1,1,1900102,1000000
2024KL0005639,1,449.67,43,1,3,1,11,6605,60,4000,1,1,1,1,1,1900113,1000000
2024KL0005640,1,449.67,14,2,1,1,2,11548,104,0,0,6,2,5,1,1900100,1000000
2024KL0005641,1,449.67,54,1,1,1,11,3980,36,4000,2,1,2,1,1,1900107,1000000
2024KL0005642,1,449.67,52,2,3,1,5,3386,30,5000,3,1,1,1,1,1900105,1000000
2024KL0005643,1,449.67,51,1,2,1,12,23157,210,6000,1,2,1,1,1,1900109,1000000
2024KL0005644,1,449.67,95,2,1,1,5,1783,16,0,0,6,1,2,1,1900105,1000000
2024KL0005645,1,449.67,29,2,3,1,11,13109,119,3000,3,1,1,1,1,1900109,1000000
2024KL0005646,1,449.67,34,2,3,1,14,31139,283,5000,1,3,1,5,1,1900113,1000000
2024KL0005647,1,449.67,25,1,1,1,12,17364,157,4000,1,1,1,5,1,1900101,1000000
2024KL0005648,1,449.67,4,2,4,1,5,1261,11,0,0,6,1,5,1,1900111,1000000
2024KL0005649,1,449.67,42,1,1,1,14,23849,216,5000,6,4,1,1,1,1900103,1000000
2024KL0005650,1,449.67,52,2,2,1,12,55425,501,6000,1,5,1,5,1,1900105,1000000
2024KL0005651,1,449.67,27,1,1,1,12,37295,339,7000,4,1,1,1,1,1900100,1000000
2024KL0005652,1,449.67,96,2,2,1,7,12167,110,0,0,6,1,2,1,1900111,1000000
2024KL0005653,1,449.67,23,1,4,1,14,33526,304,2000,1,5,1,5,1,1900109,1000000
2024KL0005654,1,449.67,39,2,1,1,7,6571,59,9920,3,1,1,1,1,1900106,1000000
2024KL0005655,1,449.67,1,2,7,1,1,4353,39,0,0,6,1,5,1,1900113,1000000
2024KL0005656,1,449.67,30,1,6,1,9,31160,283,9000,1,1,1,5,1,1900105,1000000
2024KL0005657,1,449.67,23,2,6,1,10,10265,93,7000,6,1,1,5,1,1900109,1000000
2024KL0005658,1,449.67,10,2,3,1,7,2986,27,0,0,6,1,5,1,1900107,1000000
2024KL0005659,1,449.67,2,1,1,1,1,5744,52,0,0,6,1,5,1,1900113,1000000
2024KL0005660,1,449.67,52,1,2,1,14,27665,251,7000,1,1,1,1,1,1900113,1000000
2024KL0005661,1,449.67,39,2,4,1,9,113258,501,6000,1,1,1,1,1,1900111,1000000
2024KL0005662,1,449.67,19,2,2,1,11,12988,118,9000,1,2,1,1,1,1900114,1000000
2024KL0005663,1,449.67,37,2,1,1,18,108064,501,4000,3,1,1,1,1,1900100,1000000
2024KL0005664,1,449.67,17,1,3,1,15,25430,231,0,0,6,2,5,1,1900105,1000000
2024KL0005665,1,449.67,59,1,3,1,9,26404,240,9800,4,3,1,5,2,1900112,1000000
2024KL0005666,1,449.67,89,1,1,1,7,2286,20,0,0,6,1,2,1,1900101,1000000
2024KL0005667,1,449.67,26,2,1,1,10,10797,98,1000,2,4,1,1,1,1900111,1000000
2024KL0005668,1,449.67,16,1,1,1,20,16281,148,0,0,6,1,5,1,1900112,1000000
2024KL0005669,1,449.67,6,1,2,1,2,3752,34,0,0,6,1,5,1,1900112,1000000
2024KL0005670,1,449.67,30,1,2,1,11,38512,350,9000,1,1,1,1,1,1900110,1000000
2024KL0005671,1,449.67,33,2,1,1,9,11275,102,6000,1,5,1,1,1,1900114,1000000
2024KL0005672,1,449.67,19,2,1,1,18,49361,448,6000,1,1,1,5,1,1900108,1000000
2024KL0005673,1,449.67,8,1,1,1,5,5952,54,0,0,6,5,5,1,1900110,1000000
2024KL0005674,1,449.67,93,1,1,1,5,3038,27,0,0,6,1,1,1,1900111,1000000
2024KL0005675,1,449.67,25,1,1,1,9,10522,95,6000,6,1,1,1,1,1900101,1000000
2024KL0005676,1,449.67,19,2,3,1,16,11531,104,2000,3,1,1,5,1,1900108,1000000
2024KL0005677,1,449.67,10,1,1,1,5,8609,78,0,0,6,1,5,1,1900108,1000000
2024KL0005678,1,449.67,81,2,2,1,5,2991,27,0,0,6,2,5,1,1900106,1000000
2024KL0005679,1,449.67,32,1,2,1,13,12922,117,1000,1,1,1,1,1,1900110,1000000
2024KL0005680,1,449.67,93,1,1,1,5,6850,62,0,0,6,1,4,1,1900111,1000000
2024KL0005681,1,449.67,57,2,2,1,7,20737,188,8000,1,1,1,1,1,1900111,1000000
2024KL0005682,1,449.67,38,1,6,1,10,54014,491,9000,1,1,1,1,1,1900100,1000000
2024KL0005683,1,449.67,11,2,4,1,4,6445,58,0,0,6,1,5,1,1900100,1000000
2024KL0005684,1,449.67,57,1,3,1,18,43628,396,4000,1,1,1,5,1,1900100,1000000
2024KL0005685,1,449.67,38,1,1,1,8,8397,76,6000,1,1,1,3,2,1900108,1000000
2024KL0005686,1,449.67,10,1,4,1,6,1446,13,0,0,6,1,5,1,1900101,1000000
2024KL0005687,1,449.67,23,1,1,1,13,7213,65,7000,6,5,1,5,1,1900110,1000000
2024KL0005688,1,449.67,51,1,1,1,9,32616,296,4000,1,2,1,1,1,1900112,1000000
2024KL0005689,1,449.67,59,2,1,1,8,27093,246,9920,6,1,1,5,1,1900100,1000000
2024KL0005690,1,449.67,30,2,1,1,13,11923,108,5000,3,1,1,1,1,1900104,1000000
2024KL0005691,1,449.67,51,2,2,1,13,39516,359,6000,3,3,2,1,1,1900108,1000000
2024KL0005692,1,449.67,94,2,4,1,8,8215,74,0,0,6,5,1,1,1900114,1000000
2024KL0005693,1,449.67,48,1,1,1,12,70763,501,9000,1,1,1,1,1,1900104,1000000
2024KL0005694,1,449.67,35,1,2,1,15,119733,501,4000,3,2,1,1,1,1900105,1000000
2024KL0005695,1,449.67,36,1,1,1,10,45544,414,9800,1,2,1,1,1,1900106,1000000
2024KL0005696,1,449.67,28,2,1,1,20,89720,501,3000,3,1,1,1,2,1900106,1000000
2024KL0005697,1,449.67,16,2,3,1,19,78162,501,0,0,6,5,5,1,1900105,1000000
2024KL0005698,1,449.67,20,2,1,1,14,2563,23,7000,1,1,1,5,1,1900110,1000000
2024KL0005699,1,449.67,11,1,4,1,4,1673,15,0,0,6,1,5,1,1900103,1000000
2024KL0005700,1,449.67,25,1,1,1,15,103674,501,2000,2,1,1,1,1,1900110,1000000
2024KL0005701,1,449.67,34,1,2,1,13,5254,47,4000,1,1,1,1,1,1900101,1000000
2024KL0005702,1,449.67,20,2,2,1,14,10732,97,9000,3,1,1,1,1,1900112,1000000
2024KL0005703,1,449.67,73,1,2,1,9,29837,271,0,0,6,1,2,1,1900112,1000000
2024KL0005704,1,449.67,31,1,2,1,12,16904,153,6000,1,1,1,1,1,1900108,1000000
2024KL0005705,1,449.67,79,2,1,1,6,2112,19,0,0,6,1,3,1,1900106,1000000
2024KL0005706,1,449.67,7,1,1,1,3,838,7,0,0,6,1,5,1,1900104,1000000
2024KL0005707,1,449.67,100,1,2,1,7,1647,14,0,0,6,1,1,1,1900106,1000000
2024KL0005708,1,449.67,22,1,2,1,16,33190,301,3000,2,2,1,1,1,1900111,1000000
2024KL0005709,1,449.67,3,1,5,1,2,5611,51,0,0,6,1,5,1,1900112,1000000
2024KL0005710,1,449.67,42,2,2,1,16,27372,248,4000,1,1,1,1,1,1900114,1000000
2024KL0005711,1,449.67,19,1,1,1,17,50007,454,1000,1,1,1,1,1,1900109,1000000
2024KL0005712,1,449.67,9,1,4,1,4,6620,60,0,0,6,1,5,1,1900104,1000000
2024KL0005713,1,449.67,25,1,4,1,8,51354,466,5000,3,1,1,5,1,1900109,1000000
2024KL0005714,1,449.67,34,2,2,1,5,37197,338,8000,1,1,1,1,1,1900105,1000000
2024KL0005715,1,449.67,54,2,1,1,12,19037,173,8000,3,2,1,1,1,1900103,1000000
2024KL0005716,1,449.67,52,2,1,1,5,50264,456,7000,1,1,1,2,1,1900100,1000000
2024KL0005717,1,449.67,44,2,1,1,17,31719,288,5000,4,1,1,1,1,1900102,1000000
2024KL0005718,1,449.67,92,1,6,1,8,3442,31,0,0,6,1,2,1,1900101,1000000
2024KL0005719,1,449.67,58,2,1,1,19,170246,501,1000,3,1,1,1,1,1900104,1000000
2024KL0005720,1,449.67,0,1,6,1,4,3640,33,0,0,6,1,5,1,1900108,1000000
2024KL0005721,1,449.67,25,1,2,1,7,2900,26,5000,1,2,1,1,1,1900114,1000000
2024KL0005722,1,449.67,19,1,1,1,15,52496,477,4000,1,1,1,1,1,1900114,1000000
2024KL0005723,1,449.67,34,2,4,1,14,55382,501,7000,4,2,1,1,1,1900101,1000000
2024KL0005724,1,449.67,91,2,1,1,5,9218,83,0,0,6,1,5,1,1900108,1000000
2024KL0005725,1,449.67,67,2,4,1,5,1412,12,9800,1,2,1,2,1,1900105,1000000
2024KL0005726,1,449.67,26,1,4,1,5,3607,32,6000,1,5,2,1,1,1900101,1000000
2024KL0005727,1,449.67,26,1,6,1,17,49396,449,4000,2,5,1,5,1,1900109,1000000
2024KL0005728,1,449.67,13,2,3,1,5,3151,28,0,0,6,1,5,1,1900111,1000000
2024KL0005729,1,449.67,24,1,2,1,12,28144,255,1000,3,1,1,5,1,1900102,1000000
2024KL0005730,1,449.67,38,2,1,1,13,55431,501,6000,3,1,1,1,1,1900114,1000000
2024KL0005731,1,449.67,44,2,1,1,9,48284,438,1000,2,1,1,1,1,1900112,1000000
2024KL0005732,1,449.67,43,2,1,1,7,20896,189,5000,4,1,1,1,1,1900102,1000000
2024KL0005733,1,449.67,20,2,1,1,18,59662,501,3000,3,1,1,5,1,1900106,1000000
2024KL0005734,1,449.67,40,1,3,1,11,27451,249,5000,1,1,1,1,1,1900108,1000000
2024KL0005735,1,449.67,1,1,1,1,2,4342,39,0,0,6,1,5,1,1900100,1000000
2024KL0005736,1,449.67,17,2,1,1,16,27613,251,0,0,6,1,5,1,1900101,1000000
2024KL0005737,1,449.67,64,2,1,1,6,6852,62,9920,1,3,1,1,2,1900103,1000000
2024KL0005738,1,449.67,5,2,9,1,8,6642,60,0,0,6,1,5,1,1900109,1000000
2024KL0005739,1,449.67,38,1,1,1,10,10646,96,6000,4,1,1,1,1,1900109,1000000
2024KL0005740,1,449.67,40,1,5,1,12,25251,229,4000,3,1,1,1,1,1900108,1000000
2024KL0005741,1,449.67,25,1,5,1,14,11166,101,5000,3,1,1,5,1,1900111,1000000
2024KL0005742,1,449.67,21,2,1,1,18,30060,273,6000,1,1,1,5,1,1900107,1000000
2024KL0005743,1,449.67,94,1,2,1,10,35393,321,0,0,6,1,2,2,1900112,1000000
2024KL0005744,1,449.67,20,2,1,1,16,12336,112,5000,6,1,1,5,1,1900104,1000000
2024KL0005745,1,449.67,71,2,1,1,6,7694,69,0,0,6,1,5,1,1900112,1000000
2024KL0005746,1,449.67,14,2,1,1,2,1473,13,0,0,6,1,5,1,1900111,1000000
2024KL0005747,1,449.67,42,2,3,1,12,15943,144,1000,1,1,1,1,1,1900112,1000000
2024KL0005748,1,449.67,46,2,4,1,10,67150,501,7000,1,1,1,1,1,1900105,1000000
2024KL0005749,1,449.67,27,2,1,1,11,5275,47,7000,1,1,1,5,1,1900103,1000000
2024KL0005750,1,449.67,16,2,6,1,14,4328,39,0,0,6,1,5,1,1900107,1000000
2024KL0005751,1,449.67,15,1,3,1,19,71507,501,0,0,6,1,5,2,1900111,1000000
2024KL0005752,1,449.67,18,1,1,1,14,5440,49,5000,6,1,1,5,1,1900100,1000000
2024KL0005753,1,449.67,31,2,3,1,15,92746,501,2000,3,1,1,1,1,1900102,1000000
2024KL0005754,1,449.67,41,2,1,1,6,4825,43,9000,1,1,1,1,1,1900107,1000000
2024KL0005755,1,449.67,0,2,9,1,5,7211,65,0,0,6,1,5,1,1900104,1000000
2024KL0005756,1,449.67,2,2,1,1,7,907,8,0,0,6,1,5,1,1900108,1000000
2024KL0005757,1,449.67,31,2,3,1,10,52269,475,6000,1,1,1,5,1,1900105,1000000
2024KL0005758,1,449.67,66,2,3,1,5,3339,30,5000,1,1,1,1,1,1900104,1000000
2024KL0005759,1,449.67,56,1,1,1,15,17425,158,1000,1,1,1,1,1,1900107,1000000
2024KL0005760,1,449.67,30,1,2,1,5,26910,244,9920,3,1,1,1,1,1900107,1000000
2024KL0005761,1,449.67,9,1,1,1,4,6479,58,0,0,6,1,5,1,1900108,1000000
2024KL0005762,1,449.67,42,2,7,1,7,25330,230,8000,4,1,1,1,1,1900111,1000000
2024KL0005763,1,449.67,0,2,1,1,7,1748,15,0,0,6,1,5,1,1900102,1000000
2024KL0005764,1,449.67,24,2,1,1,15,60902,501,1000,1,1,1,1,1,1900109,1000000
2024KL0005765,1,449.67,41,2,7,1,10,31442,285,2000,3,1,1,1,1,1900108,1000000
2024KL0005766,1,449.67,30,1,3,1,14,17627,160,4000,3,1,1,1,1,1900109,1000000
2024KL0005767,1,449.67,1,2,2,1,4,5363,48,0,0,6,1,5,1,1900101,1000000
2024KL0005768,1,449.67,48,2,1,1,13,6051,55,6000,1,1,1,1,1,1900102,1000000
2024KL0005769,1,449.67,10,1,2,1,2,3505,31,0,0,6,1,5,1,1900103,1000000
2024KL0005770,1,449.67,30,1,2,1,10,35700,324,7000,1,4,1,5,2,1900103,1000000
2024KL0005771,1,449.67,84,1,1,1,6,4187,38,0,0,6,1,1,1,1900100,1000000
2024KL0005772,1,449.67,41,1,6,1,10,43075,391,5000,3,1,1,5,1,1900106,1000000
2024KL0005773,1,449.67,88,1,5,1,11,24530,223,0,0,6,1,1,1,1900106,1000000
2024KL0005774,1,449.67,32,2,1,1,14,62448,501,2000,1,2,1,1,1,1900109,1000000
2024KL0005775,1,449.67,82,1,3,1,10,4406,40,0,0,6,1,1,1,1900113,1000000
2024KL0005776,1,449.67,60,2,6,1,7,10685,97,9800,3,1,1,1,1,1900111,1000000
2024KL0005777,1,449.67,31,1,3,1,9,13485,122,7000,3,1,1,5,2,1900105,1000000
2024KL0005778,1,449.67,68,2,1,1,6,6096,55,6000,6,1,1,2,2,1900109,1000000
2024KL0005779,1,449.67,20,1,1,1,12,21762,197,9800,4,1,1,5,1,1900105,1000000
2024KL0005780,1,449.67,14,1,1,1,3,7504,68,0,0,6,1,5,1,1900112,1000000
2024KL0005781,1,449.67,18,2,9,1,14,3259,29,7000,3,1,1,5,1,1900100,1000000
2024KL0005782,1,449.67,84,2,2,1,7,12813,116,0,0,6,1,4,1,1900103,1000000
2024KL0005783,1,449.67,41,1,1,1,12,21461,195,6000,1,1,1,5,1,1900113,1000000
2024KL0005784,1,449.67,15,2,1,1,17,13583,123,0,0,6,1,5,1,1900104,1000000
2024KL0005785,1,449.67,0,2,2,1,2,2277,20,0,0,6,1,5,1,1900107,1000000
2024KL0005786,1,449.67,29,2,1,1,10,16728,152,7000,1,1,1,5,1,1900106,1000000
2024KL0005787,1,449.67,32,1,4,1,10,59253,501,6000,4,1,1,1,2,1900102,1000000
2024KL0005788,1,449.67,33,2,1,1,11,32193,292,7000,1,1,1,5,1,1900107,1000000
2024KL0005789,1,449.67,46,2,9,1,13,7425,67,1000,1,5,1,1,1,1900111,1000000
2024KL0005790,1,449.67,39,2,3,1,8,4513,41,6000,1,1,1,2,1,1900100,1000000
2024KL0005791,1,449.67,47,1,5,1,15,83404,501,5000,1,1,1,1,1,1900111,1000000
2024KL0005792,1,449.67,39,2,3,1,8,7152,65,9800,1,1,1,1,2,1900107,1000000
2024KL0005793,1,449.67,51,2,5,1,13,40818,371,6000,3,2,1,1,1,1900100,1000000
2024KL0005794,1,449.67,37,1,1,1,7,13373,121,9920,1,5,1,5,2,1900100,1000000
2024KL0005795,1,449.67,22,1,2,1,12,40121,364,4000,1,1,1,5,1,1900111,1000000
2024KL0005796,1,449.67,44,1,8,1,18,405917,501,3000,2,1,1,1,1,1900106,1000000
2024KL0005797,1,449.67,31,2,3,1,19,189919,501,4000,3,1,1,5,1,1900113,1000000
2024KL0005798,1,449.67,83,2,1,1,8,2848,25,0,0,6,1,1,1,1900112,1000000
2024KL0005799,1,449.67,25,2,2,1,6,5653,51,5000,4,5,1,1,1,1900113,1000000
2024KL0005800,1,449.67,11,2,1,1,1,2625,23,0,0,6,1,5,1,1900101,1000000
2024KL0005801,1,449.67,18,1,1,1,19,22318,202,1000,3,1,1,1,1,1900107,1000000
2024KL0005802,1,449.67,19,1,1,1,14,9769,88,5000,4,5,1,5,2,1900103,1000000
2024KL0005803,1,449.67,10,1,1,1,9,5073,46,0,0,6,1,5,1,1900103,1000000
2024KL0005804,1,449.67,26,2,6,1,10,11893,108,5000,1,1,1,1,1,1900112,1000000
2024KL0005805,1,449.67,22,1,1,1,15,105895,501,3000,2,1,2,5,1,1900114,1000000
2024KL0005806,1,449.67,8,1,1,1,2,4294,39,0,0,6,1,5,1,1900105,1000000
2024KL0005807,1,449.67,11,2,2,1,3,991,9,0,0,6,1,5,1,1900101,1000000
2024KL0005808,1,449.67,33,2,1,1,15,103819,501,4000,2,1,1,5,1,1900100,1000000
2024KL0005809,1,449.67,24,2,1,1,18,67033,501,2000,2,1,1,5,1,1900106,1000000
2024KL0005810,1,449.67,11,2,1,1,1,1691,15,0,0,6,1,5,1,1900114,1000000
2024KL0005811,1,449.67,57,2,6,1,9,18765,170,5000,3,1,1,2,1,1900100,1000000
2024KL0005812,1,449.67,2,1,3,1,7,4537,41,0,0,6,1,5,1,1900103,1000000
2024KL0005813,1,449.67,27,2,1,1,13,165338,501,7000,4,1,1,1,1,1900104,1000000
2024KL0005814,1,449.67,42,1,1,1,12,86615,501,6000,1,1,1,1,1,1900113,1000000
2024KL0005815,1,449.67,44,1,1,1,10,18277,166,5000,1,1,1,1,1,1900110,1000000
2024KL0005816,1,449.67,46,1,9,1,5,8517,77,6000,4,1,1,1,1,1900110,1000000
2024KL0005817,1,449.67,44,2,2,1,20,359783,501,4000,1,1,1,1,1,1900102,1000000
2024KL0005818,1,449.67,39,1,5,1,12,30789,279,1000,2,3,1,1,1,1900104,1000000
2024KL0005819,1,449.67,34,1,2,1,18,21131,192,5000,1,3,1,1,1,1900114,1000000
2024KL0005820,1,449.67,5,1,1,1,2,3103,28,0,0,6,1,5,1,1900112,1000000
2024KL0005821,1,449.67,2,2,1,1,6,2421,22,0,0,6,1,5,1,1900107,1000000
2024KL0005822,1,449.67,44,2,2,1,15,72195,501,4000,1,1,1,1,1,1900100,1000000
2024KL0005823,1,449.67,15,1,1,1,17,22489,204,0,0,6,1,5,1,1900107,1000000
2024KL0005824,1,449.67,45,1,6,1,6,11774,107,9800,1,1,2,1,2,1900103,1000000
2024KL0005825,1,449.67,2,2,5,1,5,3383,30,0,0,6,1,5,1,1900102,1000000
2024KL0005826,1,449.67,45,2,5,1,11,35250,320,6000,1,1,1,1,1,1900105,1000000
2024KL0005827,1,449.67,32,1,2,1,15,103433,501,4000,2,1,1,1,1,1900109,1000000
2024KL0005828,1,449.67,22,1,1,1,16,169474,501,5000,1,1,1,1,1,1900101,1000000
2024KL0005829,1,449.67,95,1,4,1,12,5639,51,0,0,6,1,1,1,1900102,1000000
2024KL0005830,1,449.67,18,1,1,1,16,17682,160,5000,6,1,1,5,1,1900105,1000000
2024KL0005831,1,449.67,29,1,5,1,13,28588,259,9000,1,1,1,1,1,1900105,1000000
2024KL0005832,1,449.67,48,1,1,1,12,46960,426,8000,1,2,1,1,1,1900110,1000000
2024KL0005833,1,449.67,45,1,2,1,11,25832,234,7000,6,1,1,1,1,1900103,1000000
2024KL0005834,1,449.67,44,1,6,1,11,69218,501,5000,3,3,1,1,2,1900109,1000000
2024KL0005835,1,449.67,35,2,2,1,9,31706,288,2000,1,2,1,1,1,1900105,1000000
2024KL0005836,1,449.67,18,1,1,1,14,12881,117,3000,2,1,1,1,2,1900111,1000000
2024KL0005837,1,449.67,52,2,2,1,5,4066,36,7000,1,2,1,1,1,1900104,1000000
2024KL0005838,1,449.67,27,2,4,1,13,7916,71,5000,1,1,5,1,1,1900111,1000000
2024KL0005839,1,449.67,33,1,1,1,15,77678,501,6000,3,1,2,1,1,1900102,1000000
2024KL0005840,1,449.67,15,2,2,1,14,13090,119,0,0,6,1,5,1,1900110,1000000
2024KL0005841,1,449.67,7,2,4,1,4,2923,26,0,0,6,1,5,1,1900107,1000000
2024KL0005842,1,449.67,26,1,3,1,14,42386,385,9800,4,1,1,1,1,1900103,1000000
2024KL0005843,1,449.67,33,1,1,1,8,10938,99,5000,4,1,2,1,1,1900107,1000000
2024KL0005844,1,449.67,51,2,3,1,6,6276,57,8000,3,1,1,3,1,1900112,1000000
2024KL0005845,1,449.67,43,2,5,1,12,10980,99,7000,4,2,1,1,1,1900114,1000000
2024KL0005846,1,449.67,50,2,1,1,7,6611,60,5000,4,1,1,3,1,1900114,1000000
2024KL0005847,1,449.67,26,2,1,1,8,4130,37,9800,3,1,1,5,1,1900107,1000000
2024KL0005848,1,449.67,31,2,1,1,8,5094,46,8000,1,1,1,1,1,1900108,1000000
2024KL0005849,1,449.67,22,1,7,1,20,65432,501,3000,1,1,1,5,1,1900100,1000000
2024KL0005850,1,449.67,52,1,1,1,9,20190,183,6000,4,1,1,1,1,1900114,1000000
2024KL0005851,1,449.67,8,2,1,1,1,4578,41,0,0,6,1,5,1,1900114,1000000
2024KL0005852,1,449.67,58,2,3,1,13,24698,224,9800,1,2,1,1,1,1900106,1000000
2024KL0005853,1,449.67,30,2,6,1,12,53470,486,5000,3,1,1,1,1,1900103,1000000
2024KL0005854,1,449.67,34,1,1,1,14,15806,143,5000,3,1,1,1,1,1900111,1000000
2024KL0005855,1,449.67,52,2,2,1,9,18183,165,9800,4,1,1,5,1,1900113,1000000
2024KL0005856,1,449.67,55,1,6,1,12,9928,90,4000,1,2,1,1,2,1900107,1000000
2024KL0005857,1,449.67,20,2,2,1,15,24149,219,5000,3,1,1,5,1,1900109,1000000
2024KL0005858,1,449.67,39,2,2,1,7,3684,33,6000,1,1,1,1,1,1900109,1000000
2024KL0005859,1,449.67,21,2,3,1,20,107987,501,3000,3,1,2,5,1,1900112,1000000
2024KL0005860,1,449.67,0,2,1,1,4,6954,63,0,0,6,1,5,1,1900110,1000000
2024KL0005861,1,449.67,3,1,3,1,2,1068,9,0,0,6,1,5,1,1900110,1000000
2024KL0005862,1,449.67,24,1,7,1,18,92600,501,5000,6,1,1,5,1,1900101,1000000
2024KL0005863,1,449.67,19,1,1,1,18,21299,193,5000,1,5,1,5,1,1900109,1000000
2024KL0005864,1,449.67,51,2,1,1,8,8107,73,7000,4,1,1,1,1,1900100,1000000
2024KL0005865,1,449.67,28,1,1,1,11,29596,269,6000,1,1,1,1,1,1900110,1000000
2024KL0005866,1,449.67,17,2,2,1,14,9839,89,0,0,6,1,5,1,1900108,1000000
2024KL0005867,1,449.67,23,1,4,1,10,10592,96,3000,1,1,1,5,1,1900109,1000000
2024KL0005868,1,449.67,16,2,1,1,18,18987,172,0,0,6,1,5,1,1900100,1000000
2024KL0005869,1,449.67,44,1,1,1,7,2162,19,9000,3,1,1,1,1,1900111,1000000
2024KL0005870,1,449.67,64,2,1,1,11,28591,259,6000,6,1,1,5,1,1900102,1000000
2024KL0005871,1,449.67,14,1,1,1,4,5608,50,0,0,6,1,5,1,1900106,1000000
2024KL0005872,1,449.67,13,1,3,1,4,5811,52,0,0,6,1,5,1,1900110,1000000
2024KL0005873,1,449.67,24,2,7,1,18,31045,282,4000,1,5,1,5,1,1900114,1000000
2024KL0005874,1,449.67,28,2,1,1,10,24664,224,6000,1,1,1,1,1,1900114,1000000
2024KL0005875,1,449.67,44,2,4,1,7,28113,255,9000,4,1,1,2,1,1900111,1000000
2024KL0005876,1,449.67,59,1,4,1,6,17538,159,5000,1,1,1,5,1,1900114,1000000
2024KL0005877,1,449.67,21,1,1,1,19,93172,501,1000,3,1,1,5,1,1900103,1000000
2024KL0005878,1,449.67,28,2,1,1,20,118835,501,3000,1,3,1,5,1,1900105,1000000
2024KL0005879,1,449.67,27,1,5,1,6,2016,18,8000,3,1,1,1,1,1900111,1000000
2024KL0005880,1,449.67,50,1,1,1,5,6579,59,8000,1,2,1,1,1,1900100,1000000
2024KL0005881,1,449.67,74,1,2,1,7,4015,36,0,0,6,1,1,1,1900113,1000000
2024KL0005882,1,449.67,42,2,1,1,9,51842,471,7000,1,2,1,1,1,1900109,1000000
2024KL0005883,1,449.67,38,1,1,1,6,13175,119,9920,6,1,1,1,1,1900112,1000000
2024KL0005884,1,449.67,37,1,1,1,8,24333,221,7000,4,1,1,1,1,1900112,1000000
2024KL0005885,1,449.67,50,1,3,1,8,17538,159,5000,3,1,1,1,2,1900107,1000000
2024KL0005886,1,449.67,40,2,1,1,18,151555,501,3000,2,1,1,1,1,1900106,1000000
2024KL0005887,1,449.67,33,2,2,1,9,20025,182,9800,1,1,1,1,1,1900102,1000000
2024KL0005888,1,449.67,37,1,2,1,18,115353,501,4000,3,5,1,1,1,1900114,1000000
2024KL0005889,1,449.67,24,2,4,1,14,95561,501,5000,3,2,2,5,1,1900105,1000000
2024KL0005890,1,449.67,85,2,1,1,6,2491,22,0,0,6,1,1,1,1900112,1000000
2024KL0005891,1,449.67,39,1,9,1,14,7252,65,6000,4,1,1,1,1,1900109,1000000
2024KL0005892,1,449.67,17,2,1,1,19,43904,399,0,0,6,1,5,1,1900106,1000000
2024KL0005893,1,449.67,46,2,5,1,17,69218,501,6000,3,1,1,1,1,1900107,1000000
2024KL0005894,1,449.67,22,1,1,1,16,112190,501,4000,1,1,1,1,1,1900102,1000000
2024KL0005895,1,449.67,26,1,1,1,10,31670,287,5000,3,5,1,1,2,1900114,1000000
2024KL0005896,1,449.67,22,1,1,1,16,43884,398,1000,2,1,1,5,1,1900109,1000000
2024KL0005897,1,449.67,54,2,1,1,17,56148,501,3000,1,1,1,2,2,1900109,1000000
2024KL0005898,1,449.67,39,2,1,1,14,33381,303,9800,6,1,1,5,1,1900112,1000000
2024KL0005899,1,449.67,53,1,2,1,8,12951,117,6000,3,1,1,1,1,1900106,1000000
2024KL0005900,1,449.67,64,2,4,1,7,12935,117,5000,1,5,1,2,1,1900114,1000000
2024KL0005901,1,449.67,1,1,1,1,5,3214,29,0,0,6,1,5,1,1900102,1000000
2024KL0005902,1,449.67,38,1,1,1,7,11004,100,7000,3,5,1,1,1,1900104,1000000
2024KL0005903,1,449.67,59,1,2,1,11,9965,90,7000,6,4,1,1,1,1900113,1000000
2024KL0005904,1,449.67,18,2,7,1,16,15461,140,1000,1,1,1,5,1,1900101,1000000
2024KL0005905,1,449.67,27,2,1,1,11,24346,221,3000,2,1,1,1,1,1900106,1000000
2024KL0005906,1,449.67,28,2,3,1,13,19613,178,9800,1,1,1,1,1,1900111,1000000
2024KL0005907,1,449.67,14,1,1,1,6,1074,9,0,0,6,1,5,1,1900101,1000000
2024KL0005908,1,449.67,11,2,2,1,7,3619,32,0,0,6,1,5,1,1900106,1000000
2024KL0005909,1,449.67,83,2,1,1,11,11647,105,0,0,6,1,1,1,1900105,1000000
2024KL0005910,1,449.67,57,1,1,1,12,106064,501,5000,1,1,1,3,1,1900109,1000000
2024KL0005911,1,449.67,26,2,1,1,13,38065,346,7000,4,2,1,5,1,1900102,1000000
2024KL0005912,1,449.67,38,2,4,1,11,31296,284,7000,4,1,2,1,1,1900110,1000000
2024KL0005913,1,449.67,53,2,2,1,7,7415,67,9800,6,1,1,1,1,1900102,1000000
2024KL0005914,1,449.67,15,1,4,1,20,70022,501,0,0,6,1,5,1,1900114,1000000
2024KL0005915,1,449.67,35,2,2,1,10,102648,501,4000,1,5,1,1,1,1900104,1000000
2024KL0005916,1,449.67,51,2,3,1,10,18133,164,9000,4,1,1,2,1,1900111,1000000
2024KL0005917,1,449.67,58,2,5,1,16,41946,381,2000,1,1,1,1,1,1900111,1000000
2024KL0005918,1,449.67,91,1,2,1,6,2771,25,0,0,6,1,1,1,1900103,1000000
2024KL0005919,1,449.67,39,2,4,1,11,21503,195,2000,2,2,1,1,1,1900113,1000000
2024KL0005920,1,449.67,29,2,1,1,13,30289,275,3000,1,1,1,1,1,1900114,1000000
2024KL0005921,1,449.67,28,2,5,1,13,17658,160,8000,3,4,1,5,1,1900108,1000000
2024KL0005922,1,449.67,37,1,7,1,5,17547,159,5000,1,1,1,1,1,1900112,1000000
2024KL0005923,1,449.67,39,1,1,1,14,19377,176,1000,3,1,1,1,1,1900102,1000000
2024KL0005924,1,449.67,2,1,1,1,4,2568,23,0,0,6,1,5,2,1900103,1000000
2024KL0005925,1,449.67,17,1,1,1,17,8381,76,0,0,6,1,5,1,1900101,1000000
2024KL0005926,1,449.67,33,2,1,1,11,14198,129,7000,3,5,1,1,1,1900101,1000000
2024KL0005927,1,449.67,15,1,1,1,14,2606,23,0,0,6,1,5,1,1900100,1000000
2024KL0005928,1,449.67,20,1,2,1,10,6643,60,9000,3,1,1,5,1,1900104,1000000
2024KL0005929,1,449.67,10,2,8,1,3,1957,17,0,0,6,1,5,1,1900103,1000000
2024KL0005930,1,449.67,33,1,1,1,12,42310,384,7000,4,1,1,1,1,1900111,1000000
2024KL0005931,1,449.67,4,1,3,1,3,6532,59,0,0,6,1,5,1,1900110,1000000
2024KL0005932,1,449.67,38,2,1,1,11,37199,338,9800,3,1,1,1,1,1900112,1000000
2024KL0005933,1,449.67,71,2,2,1,9,12008,109,0,0,6,1,1,1,1900111,1000000
2024KL0005934,1,449.67,55,2,4,1,8,42896,389,5000,4,1,1,1,1,1900111,1000000
2024KL0005935,1,449.67,72,1,2,1,6,4337,39,0,0,6,1,4,1,1900107,1000000
2024KL0005936,1,449.67,18,1,4,1,17,35480,322,6000,4,1,1,5,1,1900100,1000000
2024KL0005937,1,449.67,0,2,6,1,1,1133,10,0,0,6,1,5,1,1900100,1000000
2024KL0005938,1,449.67,26,2,2,1,10,28334,257,7000,4,1,1,5,1,1900104,1000000
2024KL0005939,1,449.67,25,1,1,1,5,5600,50,6000,1,1,1,1,1,1900110,1000000
2024KL0005940,1,449.67,76,1,2,1,10,7164,65,0,0,6,2,5,1,1900103,1000000
2024KL0005941,1,449.67,19,2,1,1,18,33614,305,1000,1,1,1,1,1,1900113,1000000
2024KL0005942,1,449.67,29,2,2,1,13,16456,149,1000,1,5,1,1,1,1900112,1000000
2024KL0005943,1,449.67,5,2,2,1,4,2460,22,0,0,6,1,5,1,1900100,1000000
2024KL0005944,1,449.67,20,2,6,1,15,19420,176,3000,3,1,1,5,1,1900110,1000000
2024KL0005945,1,449.67,30,2,5,1,12,161438,501,7000,4,1,2,1,1,1900104,1000000
2024KL0005946,1,449.67,92,2,1,1,8,4905,44,0,0,6,1,1,1,1900102,1000000
2024KL0005947,1,449.67,28,1,2,1,14,7044,64,8000,1,1,1,1,1,1900100,1000000
2024KL0005948,1,449.67,22,2,1,1,19,278032,501,4000,3,1,1,5,1,1900113,1000000
2024KL0005949,1,449.67,0,2,2,1,4,4650,42,0,0,6,1,5,1,1900113,1000000
2024KL0005950,1,449.67,30,2,1,1,12,75561,501,6000,4,1,1,1,1,1900102,1000000
2024KL0005951,1,449.67,29,2,1,1,11,37244,338,1000,1,1,1,1,1,1900102,1000000
2024KL0005952,1,449.67,75,1,1,1,6,4684,42,0,0,6,1,1,1,1900110,1000000
2024KL0005953,1,449.67,99,2,1,1,5,5656,51,0,0,6,1,3,1,1900105,1000000
2024KL0005954,1,449.67,52,2,6,1,14,26120,237,6000,4,1,1,1,1,1900102,1000000
2024KL0005955,1,449.67,3,2,2,1,2,2022,18,0,0,6,2,5,1,1900100,1000000
2024KL0005956,1,449.67,24,2,1,1,16,112917,501,3000,1,1,1,5,1,1900112,1000000
2024KL0005957,1,449.67,52,2,1,1,14,65381,501,7000,3,1,1,1,1,1900105,1000000
2024KL0005958,1,449.67,16,2,2,1,18,5955,54,0,0,6,1,5,1,1900113,1000000
2024KL0005959,1,449.67,12,2,1,1,3,2092,19,0,0,6,1,5,1,1900104,1000000
2024KL0005960,1,449.67,41,1,1,1,13,91595,501,6000,3,1,1,1,1,1900102,1000000
2024KL0005961,1,449.67,11,1,6,1,7,848,7,0,0,6,1,5,1,1900100,1000000
2024KL0005962,1,449.67,71,2,3,1,5,7812,71,0,0,6,1,1,1,1900103,1000000
2024KL0005963,1,449.67,50,2,2,1,13,19610,178,8000,1,1,1,5,1,1900110,1000000
2024KL0005964,1,449.67,61,1,1,1,6,8700,79,9000,4,1,1,2,1,1900104,1000000
2024KL0005965,1,449.67,45,1,1,1,6,2570,23,7000,4,2,1,1,2,1900108,1000000
2024KL0005966,1,449.67,34,2,2,1,15,53213,483,1000,2,1,1,1,1,1900113,1000000
2024KL0005967,1,449.67,32,2,2,1,12,18293,166,6000,3,1,1,1,1,1900110,1000000
2024KL0005968,1,449.67,40,1,5,1,19,123031,501,1000,1,1,1,1,1,1900108,1000000
2024KL0005969,1,449.67,37,2,3,1,10,18738,170,6000,6,4,1,1,1,1900100,1000000
2024KL0005970,1,449.67,62,1,1,1,9,28752,261,8000,3,1,1,3,1,1900111,1000000
2024KL0005971,1,449.67,55,2,1,1,6,11804,107,9000,4,1,1,1,1,1900103,1000000
2024KL0005972,1,449.67,44,1,5,1,11,17879,162,7000,1,2,1,1,1,1900103,1000000
2024KL0005973,1,449.67,24,1,3,1,12,21066,191,7000,1,1,1,5,1,1900104,1000000
2024KL0005974,1,449.67,9,1,1,1,1,2557,23,0,0,6,1,5,1,1900100,1000000
2024KL0005975,1,449.67,84,2,4,1,10,11833,107,0,0,6,1,1,1,1900100,1000000
2024KL0005976,1,449.67,18,2,1,1,18,8083,73,4000,1,3,2,5,1,1900112,1000000
2024KL0005977,1,449.67,51,2,2,1,11,11242,102,7000,6,2,1,1,2,1900100,1000000
2024KL0005978,1,449.67,19,2,4,1,18,9446,85,3000,2,1,1,5,1,1900100,1000000
2024KL0005979,1,449.67,42,1,1,1,12,12819,116,9800,4,3,1,3,1,1900106,1000000
2024KL0005980,1,449.67,75,1,2,1,6,2882,26,0,0,6,1,1,1,1900109,1000000
2024KL0005981,1,449.67,30,2,1,1,11,65669,501,9000,1,1,1,1,1,1900105,1000000
2024KL0005982,1,449.67,7,1,7,1,5,7481,68,0,0,6,1,5,1,1900107,1000000
2024KL0005983,1,449.67,8,1,1,1,8,2707,24,0,0,6,1,5,1,1900109,1000000
2024KL0005984,1,449.67,39,1,1,1,13,23467,213,5000,1,1,1,1,1,1900110,1000000
2024KL0005985,1,449.67,57,1,9,1,8,6206,56,7000,1,1,1,1,1,1900101,1000000
2024KL0005986,1,449.67,97,1,3,1,8,2782,25,0,0,6,1,1,1,1900103,1000000
2024KL0005987,1,449.67,11,2,1,1,4,6226,56,0,0,6,1,5,1,1900100,1000000
2024KL0005988,1,449.67,36,1,9,1,12,38986,354,2000,1,1,1,1,1,1900105,1000000
2024KL0005989,1,449.67,24,1,2,1,14,37175,337,8000,6,1,1,5,1,1900105,1000000
2024KL0005990,1,449.67,7,1,1,1,6,6506,59,0,0,6,1,5,1,1900109,1000000
2024KL0005991,1,449.67,17,1,1,1,10,1701,15,0,0,6,1,5,1,1900113,1000000
2024KL0005992,1,449.67,21,2,1,1,14,2165,19,6000,6,4,1,5,1,1900110,1000000
2024KL0005993,1,449.67,79,1,5,1,7,3101,28,0,0,6,2,2,1,1900106,1000000
2024KL0005994,1,449.67,30,2,3,1,13,36194,329,7000,1,1,1,1,1,1900110,1000000
2024KL0005995,1,449.67,41,1,7,1,13,205343,501,9000,1,1,1,1,1,1900101,1000000
2024KL0005996,1,449.67,55,1,2,1,7,3950,35,9920,4,5,1,5,1,1900100,1000000
2024KL0005997,1,449.67,38,1,1,1,15,54948,499,6000,1,5,1,1,1,1900112,1000000
2024KL0005998,1,449.67,28,2,1,1,15,38591,350,1000,1,1,2,1,1,1900101,1000000
2024KL0005999,1,449.67,35,1,3,1,14,46838,425,6000,3,1,1,3,1,1900114,1000000
2024KL0006000,1,449.67,20,2,8,1,11,14085,128,9000,1,1,1,5,1,1900107,1000000
2024KL0006001,1,449.67,97,2,1,1,8,7888,71,0,0,6,1,1,1,1900107,1000000
2024KL0006002,1,449.67,86,2,1,1,10,48960,445,0,0,6,1,2,1,1900109,1000000
2024KL0006003,1,449.67,79,2,1,1,12,10481,95,0,0,6,1,1,1,1900111,1000000
2024KL0006004,1,449.67,24,2,1,1,14,33348,303,5000,1,1,1,5,1,1900103,1000000
2024KL0006005,1,449.67,59,2,7,1,15,30870,280,5000,3,1,1,1,1,1900102,1000000
2024KL0006006,1,449.67,21,2,1,1,13,3490,31,3000,1,1,1,1,1,1900105,1000000
2024KL0006007,1,449.67,9,2,3,1,7,3762,34,0,0,6,1,5,1,1900107,1000000
2024KL0006008,1,449.67,31,2,2,1,11,5489,49,9800,1,1,1,1,1,1900102,1000000
2024KL0006009,1,449.67,48,1,8,1,12,22875,207,5000,3,5,1,1,1,1900103,1000000
2024KL0006010,1,449.67,0,2,6,1,4,1456,13,0,0,6,1,5,1,1900114,1000000
2024KL0006011,1,449.67,25,1,3,1,14,13263,120,5000,1,1,1,5,1,1900109,1000000
2024KL0006012,1,449.67,40,2,7,1,7,3872,35,7000,1,1,1,3,1,1900114,1000000
2024KL0006013,1,449.67,53,2,3,1,5,13411,121,9000,3,1,1,2,1,1900100,1000000
2024KL0006014,1,449.67,4,2,1,1,1,7612,69,0,0,6,1,5,1,1900112,1000000
2024KL0006015,1,449.67,59,2,5,1,10,43243,393,9800,1,1,1,1,1,1900110,1000000
2024KL0006016,1,449.67,78,2,1,1,6,4317,39,0,0,6,1,1,1,1900100,1000000
2024KL0006017,1,449.67,31,1,1,1,15,68093,501,6000,1,1,1,1,1,1900104,1000000
2024KL0006018,1,449.67,31,1,6,1,12,26779,243,7000,3,4,1,5,1,1900103,1000000
2024KL0006019,1,449.67,0,2,1,1,5,2628,23,0,0,6,1,5,1,1900105,1000000
2024KL0006020,1,449.67,44,1,2,1,10,42158,383,6000,6,1,1,3,1,1900103,1000000
2024KL0006021,1,449.67,22,2,3,1,14,30027,272,4000,3,5,2,5,1,1900110,1000000
2024KL0006022,1,449.67,27,1,1,1,7,13384,121,6000,1,1,1,1,2,1900105,1000000
2024KL0006023,1,449.67,8,1,1,1,1,1725,15,0,0,6,1,5,1,1900112,1000000
2024KL0006024,1,449.67,36,1,2,1,12,28653,260,5000,6,1,1,1,1,1900102,1000000
2024KL0006025,1,449.67,23,1,4,1,13,30793,279,5000,3,1,1,1,1,1900102,1000000
2024KL0006026,1,449.67,9,2,2,1,1,2331,21,0,0,6,1,5,1,1900107,1000000
2024KL0006027,1,449.67,7,2,1,1,1,3776,34,0,0,6,1,5,1,1900110,1000000
2024KL0006028,1,449.67,6,1,1,1,2,3965,36,0,0,6,1,5,1,1900108,1000000
2024KL0006029,1,449.67,39,2,2,1,11,8034,73,8000,1,1,1,1,1,1900100,1000000
2024KL0006030,1,449.67,8,2,1,1,7,1533,13,0,0,6,1,5,1,1900106,1000000
2024KL0006031,1,449.67,41,2,1,1,7,12986,118,7000,6,1,1,1,1,1900100,1000000
2024KL0006032,1,449.67,31,2,8,1,7,8366,76,9920,6,1,1,5,1,1900112,1000000
2024KL0006033,1,449.67,12,2,1,1,6,864,7,0,0,6,1,5,1,1900106,1000000
2024KL0006034,1,449.67,2,1,1,1,9,4989,45,0,0,6,1,5,1,1900111,1000000
2024KL0006035,1,449.67,9,2,3,1,3,8292,75,0,0,6,1,5,1,1900113,1000000
2024KL0006036,1,449.67,45,2,1,1,9,14506,131,7000,3,4,1,1,1,1900101,1000000
2024KL0006037,1,449.67,4,1,6,1,1,3946,35,0,0,6,1,5,1,1900103,1000000
2024KL0006038,1,449.67,35,1,7,1,14,31487,286,9000,4,5,1,5,1,1900108,1000000
2024KL0006039,1,449.67,48,2,1,1,6,15344,139,5000,3,1,1,1,1,1900110,1000000
2024KL0006040,1,449.67,31,2,3,1,11,75004,501,8000,4,1,1,5,1,1900109,1000000
2024KL0006041,1,449.67,87,1,1,1,7,2995,27,0,0,6,1,1,1,1900108,1000000
2024KL0006042,1,449.67,80,2,1,1,5,5947,54,0,0,6,1,1,1,1900111,1000000
2024KL0006043,1,449.67,13,2,5,1,3,4871,44,0,0,6,1,5,1,1900101,1000000
2024KL0006044,1,449.67,58,2,1,1,10,21528,195,7000,3,1,1,1,1,1900104,1000000
2024KL0006045,1,449.67,76,1,9,1,5,12109,110,0,0,6,1,5,1,1900107,1000000
2024KL0006046,1,449.67,22,2,1,1,13,45275,411,1000,1,1,1,1,1,1900111,1000000
2024KL0006047,1,449.67,22,1,3,1,16,51920,472,3000,3,1,1,5,1,1900108,1000000
2024KL0006048,1,449.67,2,2,5,1,1,2181,19,0,0,6,1,5,2,1900114,1000000
2024KL0006049,1,449.67,66,1,2,1,11,10319,93,9800,3,4,1,5,1,1900107,1000000
2024KL0006050,1,449.67,6,1,2,1,2,716,6,0,0,6,1,5,1,1900108,1000000
2024KL0006051,1,449.67,35,1,1,1,15,23898,217,3000,1,1,1,1,1,1900104,1000000
2024KL0006052,1,449.67,38,2,2,1,12,30294,275,6000,1,5,1,2,1,1900105,1000000
2024KL0006053,1,449.67,3,1,7,1,2,3266,29,0,0,6,1,5,1,1900110,1000000
2024KL0006054,1,449.67,3,2,3,1,1,1822,16,0,0,6,1,5,1,1900103,1000000
2024KL0006055,1,449.67,58,2,1,1,7,5257,47,9920,3,1,1,1,1,1900104,1000000
2024KL0006056,1,449.67,33,1,1,1,9,30669,278,5000,3,2,1,1,1,1900102,1000000
2024KL0006057,1,449.67,26,1,5,1,18,33809,307,4000,1,1,1,1,1,1900102,1000000
2024KL0006058,1,449.67,13,1,1,1,3,1472,13,0,0,6,1,5,1,1900102,1000000
2024KL0006059,1,449.67,20,1,1,1,18,22301,202,2000,2,1,1,5,2,1900104,1000000
2024KL0006060,1,449.67,32,2,1,1,8,2395,21,8000,6,5,1,1,1,1900106,1000000
2024KL0006061,1,449.67,20,2,6,1,14,16176,147,2000,1,1,1,5,1,1900111,1000000
2024KL0006062,1,449.67,25,1,1,1,14,51091,464,4000,1,1,1,1,1,1900106,1000000
2024KL0006063,1,449.67,2,1,1,1,8,4671,42,0,0,6,1,5,1,1900106,1000000
2024KL0006064,1,449.67,19,2,4,1,20,33739,306,3000,2,2,1,5,1,1900113,1000000
2024KL0006065,1,449.67,14,1,1,1,1,3818,34,0,0,6,1,5,1,1900114,1000000
2024KL0006066,1,449.67,13,1,1,1,4,483,4,0,0,6,1,5,1,1900102,1000000
2024KL0006067,1,449.67,12,1,5,1,3,39947,363,0,0,6,1,5,1,1900107,1000000
2024KL0006068,1,449.67,25,1,1,1,9,10470,95,8000,1,1,1,1,1,1900104,1000000
2024KL0006069,1,449.67,5,1,2,1,9,4248,38,0,0,6,1,5,1,1900102,1000000
2024KL0006070,1,449.67,99,2,2,1,5,3251,29,0,0,6,1,1,1,1900107,1000000
2024KL0006071,1,449.67,32,1,1,1,6,8015,72,5000,1,1,1,1,1,1900107,1000000
2024KL0006072,1,449.67,26,2,1,1,20,53324,484,4000,1,1,1,1,1,1900109,1000000
2024KL0006073,1,449.67,26,1,1,1,5,29594,269,6000,4,1,1,1,1,1900114,1000000
2024KL0006074,1,449.67,31,1,1,1,5,13025,118,8000,3,1,1,1,1,1900100,1000000
2024KL0006075,1,449.67,24,1,2,1,17,134801,501,5000,1,1,1,1,1,1900110,1000000
2024KL0006076,1,449.67,54,1,1,1,13,49945,454,5000,4,1,1,2,1,1900102,1000000
2024KL0006077,1,449.67,93,2,1,1,7,6059,55,0,0,6,1,1,1,1900114,1000000
2024KL0006078,1,449.67,59,1,6,1,5,17560,159,9000,4,1,1,1,2,1900100,1000000
2024KL0006079,1,449.67,85,1,2,1,5,11067,100,0,0,6,1,1,1,1900114,1000000
2024KL0006080,1,449.67,84,1,1,1,7,2685,24,0,0,6,1,1,1,1900105,1000000
2024KL0006081,1,449.67,31,2,1,1,11,28096,255,5000,6,4,1,1,1,1900104,1000000
2024KL0006082,1,449.67,8,2,4,1,2,5318,48,0,0,6,1,5,2,1900111,1000000
2024KL0006083,1,449.67,22,1,1,1,16,64241,501,4000,1,1,1,5,1,1900102,1000000
2024KL0006084,1,449.67,52,1,1,1,8,7220,65,5000,6,1,1,5,1,1900100,1000000
2024KL0006085,1,449.67,31,1,2,1,10,71596,501,5000,4,1,1,1,1,1900103,1000000
2024KL0006086,1,449.67,44,2,2,1,6,31310,284,7000,1,2,1,2,1,1900103,1000000
2024KL0006087,1,449.67,12,1,4,1,1,4532,41,0,0,6,1,5,1,1900108,1000000
2024KL0006088,1,449.67,23,2,1,1,14,5779,52,5000,3,5,1,5,1,1900110,1000000
2024KL0006089,1,449.67,32,2,4,1,11,11422,103,3000,1,1,1,5,1,1900101,1000000
2024KL0006090,1,449.67,28,1,1,1,18,18263,166,4000,1,1,1,1,1,1900103,1000000
2024KL0006091,1,449.67,88,1,1,1,6,8816,80,0,0,6,1,1,2,1900114,1000000
2024KL0006092,1,449.67,9,1,1,1,7,2896,26,0,0,6,1,5,1,1900103,1000000
2024KL0006093,1,449.67,35,1,3,1,18,69073,501,3000,1,1,2,3,1,1900107,1000000
2024KL0006094,1,449.67,56,1,1,1,12,77757,501,7000,4,5,1,1,1,1900102,1000000
2024KL0006095,1,449.67,26,2,2,1,5,2147,19,9920,1,5,1,1,1,1900102,1000000
2024KL0006096,1,449.67,1,1,2,1,3,1454,13,0,0,6,1,5,1,1900109,1000000
2024KL0006097,1,449.67,50,1,3,1,14,26088,237,5000,4,1,1,1,1,1900107,1000000
2024KL0006098,1,449.67,64,2,6,1,7,6840,62,9920,3,1,1,1,1,1900107,1000000
2024KL0006099,1,449.67,33,1,1,1,10,26739,243,6000,1,1,1,5,1,1900103,1000000
2024KL0006100,1,449.67,25,1,1,1,16,53915,490,4000,3,1,1,5,1,1900105,1000000
2024KL0006101,1,449.67,40,1,1,1,12,19133,173,4000,1,3,1,1,1,1900109,1000000
2024KL0006102,1,449.67,34,1,4,1,15,188196,501,2000,2,1,1,5,1,1900112,1000000
2024KL0006103,1,449.67,38,2,5,1,14,79683,501,6000,1,2,1,1,1,1900105,1000000
2024KL0006104,1,449.67,20,1,1,1,17,13179,119,6000,4,5,1,5,1,1900105,1000000
2024KL0006105,1,449.67,5,1,1,1,6,3039,27,0,0,6,1,5,1,1900106,1000000
2024KL0006106,1,449.67,17,1,2,1,10,4535,41,0,0,6,1,5,2,1900111,1000000
2024KL0006107,1,449.67,51,1,2,1,9,6601,60,3000,1,1,2,1,1,1900113,1000000
2024KL0006108,1,449.67,49,1,1,1,6,24671,224,5000,1,1,1,1,1,1900114,1000000
2024KL0006109,1,449.67,20,1,1,1,10,4993,45,5000,1,4,1,5,1,1900108,1000000
2024KL0006110,1,449.67,40,1,1,1,15,31931,290,1000,1,4,1,5,2,1900112,1000000
2024KL0006111,1,449.67,8,2,1,1,7,2112,19,0,0,6,1,5,1,1900102,1000000
2024KL0006112,1,449.67,50,1,1,1,11,28682,260,6000,3,4,1,3,1,1900105,1000000
2024KL0006113,1,449.67,85,1,1,1,11,15674,142,0,0,6,1,1,1,1900106,1000000
2024KL0006114,1,449.67,17,2,2,1,16,41953,381,0,0,6,1,5,1,1900107,1000000
2024KL0006115,1,449.67,32,2,1,1,11,43250,393,5000,1,1,1,1,1,1900102,1000000
2024KL0006116,1,449.67,15,1,1,1,13,9502,86,0,0,6,1,5,1,1900102,1000000
2024KL0006117,1,449.67,10,1,9,1,1,4135,37,0,0,6,1,5,1,1900112,1000000
2024KL0006118,1,449.67,96,2,1,1,6,1246,11,0,0,6,1,1,1,1900100,1000000
2024KL0006119,1,449.67,36,2,6,1,11,11940,108,8000,1,1,1,1,1,1900106,1000000
2024KL0006120,1,449.67,16,2,2,1,18,6764,61,0,0,6,1,5,1,1900105,1000000
2024KL0006121,1,449.67,84,2,8,1,12,27387,248,0,0,6,1,1,1,1900105,1000000
2024KL0006122,1,449.67,38,2,2,1,10,23888,217,8000,1,1,1,1,1,1900113,1000000
2024KL0006123,1,449.67,83,1,1,1,7,15330,139,0,0,6,1,5,1,1900101,1000000
2024KL0006124,1,449.67,20,1,1,1,16,17242,156,2000,1,2,1,5,1,1900102,1000000
2024KL0006125,1,449.67,38,1,4,1,16,258134,501,1000,3,1,1,1,1,1900106,1000000
2024KL0006126,1,449.67,8,1,1,1,5,2545,23,0,0,6,1,5,1,1900100,1000000
2024KL0006127,1,449.67,0,2,1,1,1,9569,86,0,0,6,1,5,1,1900110,1000000
2024KL0006128,1,449.67,22,2,2,1,16,44165,401,2000,3,1,1,5,1,1900114,1000000
2024KL0006129,1,449.67,56,1,1,1,13,36158,328,5000,1,1,1,1,1,1900113,1000000
2024KL0006130,1,449.67,17,2,3,1,17,16078,146,0,0,6,1,5,1,1900109,1000000
2024KL0006131,1,449.67,2,1,3,1,4,3528,32,0,0,6,1,5,1,1900110,1000000
2024KL0006132,1,449.67,27,2,3,1,10,43205,392,2000,1,1,1,1,1,1900108,1000000
2024KL0006133,1,449.67,11,1,1,1,1,2235,20,0,0,6,2,5,2,1900112,1000000
2024KL0006134,1,449.67,26,1,1,1,15,32341,294,1000,1,1,1,5,1,1900105,1000000
2024KL0006135,1,449.67,44,2,3,1,8,18454,167,9000,1,1,1,1,1,1900105,1000000
2024KL0006136,1,449.67,75,2,1,1,7,2228,20,0,0,6,1,2,1,1900109,1000000
2024KL0006137,1,449.67,15,1,1,1,12,20806,189,0,0,6,1,5,1,1900110,1000000
2024KL0006138,1,449.67,20,1,1,1,14,3070,27,5000,3,3,1,5,1,1900113,1000000
2024KL0006139,1,449.67,59,2,1,1,6,12875,117,8000,6,1,1,1,1,1900103,1000000
2024KL0006140,1,449.67,47,1,1,1,10,77660,501,9000,3,1,1,1,1,1900110,1000000
2024KL0006141,1,449.67,19,2,1,1,15,32134,292,4000,1,1,1,1,1,1900108,1000000
2024KL0006142,1,449.67,48,1,1,1,12,19783,179,6000,1,1,1,5,1,1900107,1000000
2024KL0006143,1,449.67,46,1,1,1,11,17949,163,9800,1,1,1,1,1,1900110,1000000
2024KL0006144,1,449.67,16,2,3,1,15,18156,165,0,0,6,1,5,1,1900106,1000000
2024KL0006145,1,449.67,39,2,6,1,9,14039,127,2000,1,1,1,1,1,1900106,1000000
2024KL0006146,1,449.67,15,1,5,1,12,7035,63,0,0,6,1,5,1,1900114,1000000
2024KL0006147,1,449.67,64,2,1,1,9,10459,95,6000,4,1,1,2,1,1900102,1000000
2024KL0006148,1,449.67,24,1,1,1,13,14687,133,9800,3,1,1,1,1,1900112,1000000
2024KL0006149,1,449.67,23,2,1,1,19,184683,501,3000,3,1,1,1,1,1900108,1000000
2024KL0006150,1,449.67,33,1,1,1,8,11291,102,7000,1,1,1,5,1,1900107,1000000
2024KL0006151,1,449.67,39,1,2,1,5,3797,34,8000,3,1,1,1,1,1900105,1000000
2024KL0006152,1,449.67,8,1,1,1,7,7990,72,0,0,6,1,5,1,1900113,1000000
2024KL0006153,1,449.67,18,2,2,1,11,20462,186,6000,6,1,1,5,1,1900111,1000000
2024KL0006154,1,449.67,49,2,5,1,9,36229,329,6000,1,1,1,1,1,1900101,1000000
2024KL0006155,1,449.67,4,1,4,1,7,7841,71,0,0,6,1,5,2,1900113,1000000
2024KL0006156,1,449.67,3,2,4,1,7,3613,32,0,0,6,1,5,1,1900108,1000000
2024KL0006157,1,449.67,15,2,1,1,14,40481,368,0,0,6,1,5,1,1900103,1000000
2024KL0006158,1,449.67,91,1,1,1,6,1784,16,0,0,6,1,1,1,1900106,1000000
2024KL0006159,1,449.67,21,1,3,1,17,40062,364,2000,1,1,1,5,1,1900104,1000000
2024KL0006160,1,449.67,2,2,1,1,7,9802,89,0,0,6,1,5,1,1900105,1000000
2024KL0006161,1,449.67,21,2,4,1,11,3990,36,9800,1,1,1,1,1,1900105,1000000
2024KL0006162,1,449.67,50,1,6,1,13,50828,462,9000,1,1,1,1,1,1900110,1000000
2024KL0006163,1,449.67,43,1,4,1,15,126026,501,6000,4,5,1,1,1,1900110,1000000
2024KL0006164,1,449.67,53,2,1,1,9,14031,127,1000,2,1,1,1,1,1900104,1000000
2024KL0006165,1,449.67,15,1,1,1,16,14799,134,0,0,6,1,5,1,1900100,1000000
2024KL0006166,1,449.67,10,2,1,1,9,2622,23,0,0,6,1,5,1,1900107,1000000
2024KL0006167,1,449.67,10,1,6,1,1,1078,9,0,0,6,5,5,1,1900111,1000000
2024KL0006168,1,449.67,38,2,1,1,17,71246,501,1000,3,1,1,1,1,1900110,1000000
2024KL0006169,1,449.67,19,1,1,1,12,5570,50,5000,3,1,1,5,1,1900111,1000000
2024KL0006170,1,449.67,84,1,1,1,5,35569,323,0,0,6,1,1,1,1900100,1000000
2024KL0006171,1,449.67,67,2,6,1,11,52102,473,6000,4,1,1,2,1,1900112,1000000
2024KL0006172,1,449.67,30,1,1,1,13,62557,501,7000,1,1,1,5,1,1900104,1000000
2024KL0006173,1,449.67,42,1,1,1,10,12745,115,4000,1,5,1,1,1,1900111,1000000
2024KL0006174,1,449.67,27,2,1,1,13,22597,205,5000,3,1,1,1,1,1900108,1000000
2024KL0006175,1,449.67,79,1,1,1,10,5693,51,0,0,6,5,2,1,1900112,1000000
2024KL0006176,1,449.67,38,1,6,1,15,176414,501,5000,1,3,1,1,1,1900113,1000000
2024KL0006177,1,449.67,21,1,1,1,20,32995,299,1000,2,1,1,1,1,1900103,1000000
2024KL0006178,1,449.67,17,2,2,1,11,12624,114,0,0,6,1,5,1,1900113,1000000
2024KL0006179,1,449.67,26,2,1,1,9,19219,174,6000,1,1,1,1,1,1900107,1000000
2024KL0006180,1,449.67,43,1,3,1,10,60687,501,1000,2,1,1,1,1,1900112,1000000
2024KL0006181,1,449.67,43,1,1,1,13,21927,199,7000,3,1,1,1,1,1900107,1000000
2024KL0006182,1,449.67,17,2,1,1,17,28714,261,0,0,6,1,5,1,1900114,1000000
2024KL0006183,1,449.67,25,2,3,1,16,105558,501,6000,6,1,1,1,1,1900109,1000000
2024KL0006184,1,449.67,32,2,6,1,8,6930,63,9000,3,1,1,1,1,1900104,1000000
2024KL0006185,1,449.67,15,1,1,1,17,8361,76,0,0,6,1,5,1,1900110,1000000
2024KL0006186,1,449.67,38,1,3,1,10,49776,452,9000,1,1,1,1,1,1900107,1000000
2024KL0006187,1,449.67,54,2,1,1,6,5739,52,9800,1,1,1,1,1,1900100,1000000
2024KL0006188,1,449.67,42,1,5,1,10,89986,501,8000,1,4,1,1,1,1900100,1000000
2024KL0006189,1,449.67,55,2,3,1,11,23102,210,2000,3,5,1,1,1,1900105,1000000
2024KL0006190,1,449.67,2,1,1,1,4,3255,29,0,0,6,1,5,1,1900102,1000000
2024KL0006191,1,449.67,10,2,1,1,6,2126,19,0,0,6,1,5,1,1900112,1000000
2024KL0006192,1,449.67,6,2,1,1,5,3182,28,0,0,6,1,5,1,1900114,1000000
2024KL0006193,1,449.67,26,1,5,1,12,57376,501,6000,3,1,1,5,1,1900114,1000000
2024KL0006194,1,449.67,33,1,1,1,15,72866,501,1000,2,3,1,1,1,1900109,1000000
2024KL0006195,1,449.67,27,1,1,1,15,139250,501,4000,2,1,1,5,1,1900113,1000000
2024KL0006196,1,449.67,93,2,4,1,9,41899,380,0,0,6,1,2,1,1900113,1000000
2024KL0006197,1,449.67,15,1,2,1,17,16317,148,0,0,6,1,5,2,1900106,1000000
2024KL0006198,1,449.67,28,2,7,1,12,18637,169,4000,2,1,1,5,1,1900105,1000000
2024KL0006199,1,449.67,43,2,1,1,11,145391,501,8000,3,4,1,1,1,1900114,1000000
2024KL0006200,1,449.67,49,1,3,1,9,25370,230,6000,6,1,1,1,2,1900104,1000000
2024KL0006201,1,449.67,51,2,2,1,16,78766,501,4000,3,1,1,1,2,1900111,1000000
2024KL0006202,1,449.67,52,1,7,1,10,32359,294,8000,3,4,1,4,1,1900106,1000000
2024KL0006203,1,449.67,21,1,2,1,18,20343,184,1000,2,1,1,5,1,1900100,1000000
2024KL0006204,1,449.67,11,2,6,1,6,2374,21,0,0,6,1,5,1,1900103,1000000
2024KL0006205,1,449.67,54,1,1,1,9,32876,298,7000,1,2,1,5,1,1900100,1000000
2024KL0006206,1,449.67,45,1,1,1,8,29022,263,7000,3,1,1,5,1,1900109,1000000
2024KL0006207,1,449.67,7,2,2,1,7,1927,17,0,0,6,1,5,1,1900112,1000000
2024KL0006208,1,449.67,46,1,3,1,17,83589,501,4000,1,2,1,1,1,1900111,1000000
2024KL0006209,1,449.67,15,1,4,1,15,10252,93,0,0,6,1,5,1,1900105,1000000
2024KL0006210,1,449.67,12,2,1,1,9,17688,160,0,0,6,1,5,1,1900108,1000000
2024KL0006211,1,449.67,95,1,3,1,11,7284,66,0,0,6,1,1,1,1900105,1000000
2024KL0006212,1,449.67,8,2,3,1,4,864,7,0,0,6,1,5,1,1900106,1000000
2024KL0006213,1,449.67,35,2,3,1,10,21954,199,9800,1,1,1,1,1,1900114,1000000
2024KL0006214,1,449.67,13,2,2,1,6,2951,26,0,0,6,1,5,1,1900112,1000000
2024KL0006215,1,449.67,3,2,1,1,3,2374,21,0,0,6,1,5,1,1900103,1000000
2024KL0006216,1,449.67,22,2,7,1,20,61064,501,1000,2,1,1,1,1,1900109,1000000
2024KL0006217,1,449.67,1,2,1,1,5,7241,65,0,0,6,1,5,1,1900109,1000000
2024KL0006218,1,449.67,52,1,2,1,20,105639,501,3000,3,2,5,1,1,1900108,1000000
2024KL0006219,1,449.67,15,1,6,1,15,121623,501,0,0,6,1,5,1,1900100,1000000
2024KL0006220,1,449.67,48,2,1,1,8,8282,75,6000,6,1,1,1,1,1900106,1000000
2024KL0006221,1,449.67,36,1,1,1,16,29290,266,5000,1,1,1,1,1,1900111,1000000
2024KL0006222,1,449.67,6,2,3,1,3,8238,74,0,0,6,1,5,1,1900106,1000000
2024KL0006223,1,449.67,9,1,2,1,3,314,2,0,0,6,1,5,1,1900100,1000000
2024KL0006224,1,449.67,56,2,2,1,11,10897,99,7000,1,1,1,1,1,1900108,1000000
2024KL0006225,1,449.67,22,1,8,1,14,29816,271,9800,1,1,1,1,1,1900102,1000000
2024KL0006226,1,449.67,51,2,2,1,9,17449,158,5000,1,1,1,2,1,1900109,1000000
2024KL0006227,1,449.67,34,1,6,1,13,21239,193,8000,1,1,1,1,1,1900104,1000000
2024KL0006228,1,449.67,45,2,3,1,11,19044,173,7000,4,1,1,1,1,1900107,1000000
2024KL0006229,1,449.67,14,2,2,1,9,7935,72,0,0,6,1,5,1,1900114,1000000
2024KL0006230,1,449.67,14,1,1,1,2,4391,39,0,0,6,1,5,1,1900107,1000000
2024KL0006231,1,449.67,14,2,4,1,2,15182,138,0,0,6,1,5,1,1900108,1000000
2024KL0006232,1,449.67,40,1,2,1,5,22609,205,9920,6,1,1,1,1,1900102,1000000
2024KL0006233,1,449.67,19,2,1,1,13,10659,96,8000,1,1,2,5,1,1900109,1000000
2024KL0006234,1,449.67,1,1,2,1,6,10579,96,0,0,6,2,5,1,1900109,1000000
2024KL0006235,1,449.67,57,2,2,1,7,47077,427,6000,3,1,1,1,1,1900104,1000000
2024KL0006236,1,449.67,48,2,2,1,8,8661,78,8000,1,1,1,1,1,1900102,1000000
2024KL0006237,1,449.67,22,2,1,1,14,3923,35,7000,1,1,5,1,1,1900107,1000000
2024KL0006238,1,449.67,10,1,1,1,1,11070,100,0,0,6,1,5,1,1900107,1000000
2024KL0006239,1,449.67,74,1,4,1,12,7483,68,0,0,6,1,1,1,1900106,1000000
2024KL0006240,1,449.67,34,1,7,1,12,33761,306,8000,4,2,1,5,1,1900111,1000000
2024KL0006241,1,449.67,36,2,7,1,14,20000,181,1000,3,1,1,1,1,1900103,1000000
2024KL0006242,1,449.67,37,2,1,1,16,45256,411,3000,2,1,1,5,1,1900109,1000000
2024KL0006243,1,449.67,10,2,3,1,5,1582,14,0,0,6,1,5,1,1900106,1000000
2024KL0006244,1,449.67,1,2,4,1,2,19930,181,0,0,6,1,5,1,1900107,1000000
2024KL0006245,1,449.67,17,1,1,1,11,5641,51,0,0,6,1,5,1,1900100,1000000
2024KL0006246,1,449.67,36,2,5,1,6,12728,115,8000,6,1,1,1,1,1900108,1000000
2024KL0006247,1,449.67,8,1,1,1,2,5984,54,0,0,6,1,5,1,1900102,1000000
2024KL0006248,1,449.67,11,2,1,1,7,888,8,0,0,6,1,5,1,1900103,1000000
2024KL0006249,1,449.67,9,2,1,1,2,1672,15,0,0,6,1,5,1,1900110,1000000
2024KL0006250,1,449.67,49,1,9,1,15,37902,344,5000,4,1,1,2,1,1900101,1000000
2024KL0006251,1,449.67,57,1,9,1,17,86338,501,5000,3,1,1,1,1,1900100,1000000
2024KL0006252,1,449.67,35,2,2,1,8,26064,236,5000,1,1,1,1,1,1900111,1000000
2024KL0006253,1,449.67,53,1,3,1,6,11333,103,9920,1,1,1,1,1,1900112,1000000
2024KL0006254,1,449.67,29,1,2,1,13,7082,64,1000,2,1,1,1,1,1900102,1000000
2024KL0006255,1,449.67,17,1,6,1,18,32598,296,0,0,6,1,5,1,1900110,1000000
2024KL0006256,1,449.67,16,2,6,1,13,9541,86,0,0,6,1,5,1,1900109,1000000
2024KL0006257,1,449.67,44,1,1,1,9,19826,180,7000,1,1,1,2,1,1900104,1000000
2024KL0006258,1,449.67,46,1,1,1,12,21134,192,1000,1,1,1,1,1,1900105,1000000
2024KL0006259,1,449.67,37,1,2,1,9,24550,223,3000,1,1,1,1,1,1900111,1000000
2024KL0006260,1,449.67,43,2,1,1,5,33554,305,7000,3,1,1,1,1,1900103,1000000
2024KL0006261,1,449.67,58,2,6,1,11,77882,501,7000,3,1,1,5,1,1900109,1000000
2024KL0006262,1,449.67,12,1,5,1,6,3464,31,0,0,6,1,5,1,1900111,1000000
2024KL0006263,1,449.67,25,1,5,1,7,3546,32,6000,4,1,1,5,1,1900104,1000000
2024KL0006264,1,449.67,40,1,1,1,6,8568,77,9920,4,1,1,1,1,1900107,1000000
2024KL0006265,1,449.67,12,2,7,1,6,4435,40,0,0,6,1,5,1,1900105,1000000
2024KL0006266,1,449.67,15,1,5,1,10,4425,40,0,0,6,1,5,1,1900103,1000000
2024KL0006267,1,449.67,11,2,2,1,1,3551,32,0,0,6,1,5,1,1900103,1000000
2024KL0006268,1,449.67,25,2,5,1,14,45288,411,6000,3,2,1,1,1,1900112,1000000
2024KL0006269,1,449.67,8,2,4,1,5,2063,18,0,0,6,1,5,1,1900101,1000000
2024KL0006270,1,449.67,36,1,6,1,11,38588,350,9800,1,4,2,1,1,1900101,1000000
2024KL0006271,1,449.67,27,1,2,1,13,123922,501,6000,3,2,1,1,1,1900102,1000000
2024KL0006272,1,449.67,74,2,1,1,5,1441,13,0,0,6,1,2,1,1900107,1000000
2024KL0006273,1,449.67,16,1,4,1,17,55519,501,0,0,6,1,5,1,1900109,1000000
2024KL0006274,1,449.67,11,1,2,1,2,5341,48,0,0,6,1,5,1,1900106,1000000
2024KL0006275,1,449.67,90,2,1,1,5,5649,51,0,0,6,1,1,1,1900113,1000000
2024KL0006276,1,449.67,5,2,1,1,3,1572,14,0,0,6,1,5,1,1900107,1000000
2024KL0006277,1,449.67,41,1,1,1,11,44477,404,8000,3,1,1,1,1,1900114,1000000
2024KL0006278,1,449.67,26,1,6,1,6,5855,53,6000,1,1,1,1,1,1900106,1000000
2024KL0006279,1,449.67,83,1,1,1,6,16508,150,0,0,6,1,2,1,1900111,1000000
2024KL0006280,1,449.67,57,2,1,1,15,98659,501,6000,1,1,1,5,1,1900112,1000000
2024KL0006281,1,449.67,6,2,1,1,5,2704,24,0,0,6,1,5,1,1900106,1000000
2024KL0006282,1,449.67,22,2,2,1,18,80148,501,6000,3,1,1,5,1,1900102,1000000
2024KL0006283,1,449.67,15,2,2,1,14,11291,102,0,0,6,1,5,1,1900100,1000000
2024KL0006284,1,449.67,16,2,1,1,15,60106,501,0,0,6,1,5,1,1900104,1000000
2024KL0006285,1,449.67,28,2,2,1,11,6861,62,1000,1,1,1,5,1,1900102,1000000
2024KL0006286,1,449.67,27,1,1,1,11,27288,248,1000,1,1,1,5,1,1900105,1000000
2024KL0006287,1,449.67,27,2,1,1,14,12139,110,8000,6,1,1,1,1,1900100,1000000
2024KL0006288,1,449.67,28,2,1,1,18,22797,207,1000,1,3,1,1,1,1900102,1000000
2024KL0006289,1,449.67,10,1,2,1,5,2370,21,0,0,6,1,5,1,1900108,1000000
2024KL0006290,1,449.67,32,1,5,1,10,55314,501,1000,1,3,1,1,1,1900100,1000000
2024KL0006291,1,449.67,47,2,1,1,10,77808,501,6000,1,1,1,1,1,1900111,1000000
2024KL0006292,1,449.67,65,1,4,1,12,14728,133,1000,2,1,1,3,1,1900112,1000000
2024KL0006293,1,449.67,98,1,3,1,6,1277,11,0,0,6,1,1,1,1900114,1000000
2024KL0006294,1,449.67,51,2,1,1,6,28546,259,7000,4,1,1,1,1,1900107,1000000
2024KL0006295,1,449.67,9,1,1,1,5,506,4,0,0,6,1,5,1,1900111,1000000
2024KL0006296,1,449.67,39,1,3,1,6,22565,205,8000,3,5,1,5,1,1900100,1000000
2024KL0006297,1,449.67,81,2,2,1,5,8576,77,0,0,6,1,5,1,1900101,1000000
2024KL0006298,1,449.67,14,1,6,1,3,2187,19,0,0,6,1,5,1,1900104,1000000
2024KL0006299,1,449.67,29,1,1,1,9,11525,104,7000,1,1,1,5,1,1900103,1000000
2024KL0006300,1,449.67,0,1,3,1,6,7443,67,0,0,6,1,5,2,1900110,1000000
2024KL0006301,1,449.67,0,2,4,1,5,11261,102,0,0,6,1,5,1,1900106,1000000
2024KL0006302,1,449.67,53,1,1,1,12,19505,177,7000,6,1,2,5,1,1900103,1000000
2024KL0006303,1,449.67,2,1,3,1,1,3879,35,0,0,6,1,5,2,1900108,1000000
2024KL0006304,1,449.67,30,1,5,1,13,20789,188,4000,1,5,1,1,1,1900114,1000000
2024KL0006305,1,449.67,73,2,1,1,5,1132,10,0,0,6,1,1,1,1900105,1000000
2024KL0006306,1,449.67,46,2,1,1,10,20445,185,2000,1,1,1,1,1,1900101,1000000
2024KL0006307,1,449.67,17,2,1,1,15,18860,171,0,0,6,1,5,2,1900112,1000000
2024KL0006308,1,449.67,0,1,2,1,1,3371,30,0,0,6,1,5,1,1900106,1000000
2024KL0006309,1,449.67,14,1,6,1,3,19059,173,0,0,6,1,5,1,1900112,1000000
2024KL0006310,1,449.67,37,1,1,1,10,18910,171,1000,1,1,1,1,1,1900113,1000000
2024KL0006311,1,449.67,88,1,1,1,10,3696,33,0,0,6,1,1,1,1900104,1000000
2024KL0006312,1,449.67,40,1,1,1,11,15063,136,8000,1,4,1,1,1,1900106,1000000
2024KL0006313,1,449.67,29,1,3,1,14,13465,122,6000,1,1,1,5,1,1900107,1000000
2024KL0006314,1,449.67,21,1,1,1,17,36594,332,6000,1,1,1,5,1,1900103,1000000
2024KL0006315,1,449.67,24,1,4,1,16,35055,318,1000,1,1,1,1,1,1900108,1000000
2024KL0006316,1,449.67,2,1,1,1,7,4584,41,0,0,6,1,5,1,1900109,1000000
2024KL0006317,1,449.67,57,2,3,1,7,6235,56,6000,3,1,1,5,2,1900106,1000000
2024KL0006318,1,449.67,25,1,1,1,5,19539,177,6000,1,1,1,1,1,1900106,1000000
2024KL0006319,1,449.67,17,1,2,1,10,20473,186,0,0,6,1,5,1,1900113,1000000
2024KL0006320,1,449.67,43,2,1,1,12,52933,481,5000,1,1,1,1,1,1900104,1000000
2024KL0006321,1,449.67,67,2,3,1,5,2727,24,9000,1,1,2,5,1,1900104,1000000
2024KL0006322,1,449.67,24,1,1,1,17,91370,501,4000,1,1,1,5,1,1900101,1000000
2024KL0006323,1,449.67,30,1,1,1,11,46178,419,9800,6,1,1,1,1,1900114,1000000
2024KL0006324,1,449.67,5,2,1,1,8,2775,25,0,0,6,1,5,1,1900104,1000000
2024KL0006325,1,449.67,46,1,7,1,16,160810,501,4000,1,1,1,1,1,1900114,1000000
2024KL0006326,1,449.67,21,1,2,1,15,23406,212,2000,3,5,1,5,1,1900101,1000000
2024KL0006327,1,449.67,20,2,3,1,19,39711,361,3000,2,2,1,5,2,1900104,1000000
2024KL0006328,1,449.67,14,2,6,1,6,2845,25,0,0,6,1,5,1,1900112,1000000
2024KL0006329,1,449.67,26,1,2,1,20,109633,501,4000,2,1,1,1,1,1900100,1000000
2024KL0006330,1,449.67,35,1,1,1,15,45253,411,4000,1,1,1,1,1,1900108,1000000
2024KL0006331,1,449.67,55,1,4,1,11,26240,238,7000,4,1,2,1,1,1900111,1000000
2024KL0006332,1,449.67,24,1,1,1,10,45540,413,1000,1,1,1,5,1,1900105,1000000
2024KL0006333,1,449.67,1,1,6,1,4,6814,61,0,0,6,1,5,1,1900107,1000000
2024KL0006334,1,449.67,16,1,7,1,19,66103,501,0,0,6,1,5,1,1900101,1000000
2024KL0006335,1,449.67,39,2,6,1,6,45624,414,6000,4,1,1,1,1,1900110,1000000
2024KL0006336,1,449.67,40,1,2,1,8,15738,143,5000,1,4,1,1,1,1900103,1000000
2024KL0006337,1,449.67,57,2,1,1,11,19478,177,8000,1,3,1,1,1,1900103,1000000
2024KL0006338,1,449.67,15,1,1,1,15,15804,143,0,0,6,1,5,1,1900107,1000000
2024KL0006339,1,449.67,24,2,2,1,13,19654,178,8000,1,5,1,5,1,1900110,1000000
2024KL0006340,1,449.67,21,1,6,1,18,26002,236,6000,4,1,1,5,1,1900112,1000000
2024KL0006341,1,449.67,9,1,1,1,6,2439,22,0,0,6,1,5,1,1900107,1000000
2024KL0006342,1,449.67,27,2,1,1,15,74042,501,4000,1,1,1,1,1,1900109,1000000
2024KL0006343,1,449.67,58,1,2,1,12,21786,198,6000,1,4,1,1,1,1900113,1000000
2024KL0006344,1,449.67,28,2,1,1,15,39806,361,6000,1,1,1,5,1,1900112,1000000
2024KL0006345,1,449.67,89,1,1,1,8,27688,251,0,0,6,1,1,1,1900101,1000000
2024KL0006346,1,449.67,50,2,1,1,16,67142,501,1000,2,1,1,1,1,1900113,1000000
2024KL0006347,1,449.67,15,1,3,1,17,11015,100,0,0,6,1,5,1,1900100,1000000
2024KL0006348,1,449.67,9,2,1,1,6,6917,62,0,0,6,1,5,1,1900109,1000000
2024KL0006349,1,449.67,19,2,1,1,14,7939,72,3000,1,1,1,5,1,1900112,1000000
2024KL0006350,1,449.67,22,1,8,1,15,32167,292,6000,1,1,1,5,1,1900109,1000000
2024KL0006351,1,449.67,23,1,4,1,18,189764,501,6000,4,1,1,5,1,1900103,1000000
2024KL0006352,1,449.67,56,1,1,1,8,7601,69,9800,4,1,1,4,1,1900107,1000000
2024KL0006353,1,449.67,33,1,5,1,12,35309,320,5000,1,1,1,5,1,1900111,1000000
2024KL0006354,1,449.67,41,1,4,1,8,76318,501,9800,1,5,1,5,1,1900109,1000000
2024KL0006355,1,449.67,64,1,2,1,6,11420,103,8000,1,1,1,2,1,1900111,1000000
2024KL0006356,1,449.67,11,2,1,1,3,5444,49,0,0,6,1,5,1,1900109,1000000
2024KL0006357,1,449.67,41,2,6,1,8,9120,82,9800,1,1,1,1,1,1900111,1000000
2024KL0006358,1,449.67,32,2,1,1,12,39882,362,9000,3,1,1,1,1,1900106,1000000
2024KL0006359,1,449.67,8,2,1,1,9,10180,92,0,0,6,1,5,1,1900114,1000000
2024KL0006360,1,449.67,37,1,1,1,5,4672,42,9800,4,1,1,1,1,1900113,1000000
2024KL0006361,1,449.67,28,2,7,1,6,4950,45,5000,1,1,1,1,1,1900105,1000000
2024KL0006362,1,449.67,3,1,3,1,1,1463,13,0,0,6,1,5,1,1900110,1000000
2024KL0006363,1,449.67,24,1,2,1,14,13612,123,6000,4,5,1,1,1,1900105,1000000
2024KL0006364,1,449.67,6,1,6,1,8,8982,81,0,0,6,1,5,1,1900112,1000000
2024KL0006365,1,449.67,8,1,5,1,4,1314,11,0,0,6,1,5,1,1900111,1000000
2024KL0006366,1,449.67,20,2,2,1,17,11422,103,3000,1,1,1,5,1,1900110,1000000
2024KL0006367,1,449.67,2,2,6,1,1,3300,30,0,0,6,1,5,1,1900102,1000000
2024KL0006368,1,449.67,25,1,2,1,10,35461,322,3000,1,2,1,1,1,1900109,1000000
2024KL0006369,1,449.67,41,2,4,1,8,22085,200,9800,6,4,1,5,1,1900100,1000000
2024KL0006370,1,449.67,24,1,7,1,10,13653,124,6000,1,3,1,1,1,1900107,1000000
2024KL0006371,1,449.67,18,2,7,1,18,24256,220,4000,2,2,1,5,1,1900108,1000000
2024KL0006372,1,449.67,6,1,1,1,2,3961,36,0,0,6,2,5,1,1900108,1000000
2024KL0006373,1,449.67,12,2,1,1,1,9347,84,0,0,6,2,5,1,1900106,1000000
2024KL0006374,1,449.67,53,1,2,1,7,6636,60,9800,1,4,1,1,1,1900110,1000000
2024KL0006375,1,449.67,14,2,7,1,9,3308,30,0,0,6,1,5,1,1900107,1000000
2024KL0006376,1,449.67,50,1,2,1,14,20284,184,5000,3,1,1,1,1,1900108,1000000
2024KL0006377,1,449.67,3,2,1,1,1,1526,13,0,0,6,1,5,1,1900106,1000000
2024KL0006378,1,449.67,48,2,2,1,10,44466,404,9800,4,1,1,1,1,1900112,1000000
2024KL0006379,1,449.67,26,2,1,1,9,17576,159,6000,4,3,1,1,1,1900106,1000000
2024KL0006380,1,449.67,18,1,5,1,16,17037,154,5000,1,1,1,5,1,1900100,1000000
2024KL0006381,1,449.67,20,2,2,1,13,5489,49,5000,1,1,1,5,1,1900102,1000000
2024KL0006382,1,449.67,18,1,1,1,18,9417,85,2000,2,2,1,5,1,1900104,1000000
2024KL0006383,1,449.67,49,2,1,1,8,43192,392,7000,4,1,2,1,1,1900111,1000000
2024KL0006384,1,449.67,43,2,5,1,7,8320,75,9800,3,1,1,1,1,1900110,1000000
2024KL0006385,1,449.67,18,1,1,1,12,26253,238,2000,1,2,1,5,1,1900114,1000000
2024KL0006386,1,449.67,44,2,1,1,15,47663,433,3000,1,1,5,1,1,1900106,1000000
2024KL0006387,1,449.67,3,1,2,1,1,2105,19,0,0,6,1,5,1,1900106,1000000
2024KL0006388,1,449.67,44,2,1,1,12,65357,501,4000,1,2,1,1,1,1900102,1000000
2024KL0006389,1,449.67,71,2,1,1,10,11189,101,0,0,6,1,1,1,1900103,1000000
2024KL0006390,1,449.67,26,2,1,1,12,29191,265,9000,4,3,1,5,1,1900103,1000000
2024KL0006391,1,449.67,1,2,4,1,8,5065,46,0,0,6,1,5,1,1900100,1000000
2024KL0006392,1,449.67,13,2,1,1,3,4489,40,0,0,6,1,5,2,1900111,1000000
2024KL0006393,1,449.67,29,2,4,1,13,59791,501,6000,3,4,1,5,1,1900112,1000000
2024KL0006394,1,449.67,18,2,4,1,18,23977,217,3000,1,2,1,1,1,1900107,1000000
2024KL0006395,1,449.67,20,1,6,1,15,30096,273,6000,3,1,1,5,1,1900105,1000000
2024KL0006396,1,449.67,22,2,1,1,18,112024,501,6000,6,5,1,5,1,1900109,1000000
2024KL0006397,1,449.67,36,1,1,1,10,44136,401,8000,1,5,1,1,1,1900101,1000000
2024KL0006398,1,449.67,51,2,4,1,8,2653,24,5000,1,1,1,2,1,1900105,1000000
2024KL0006399,1,449.67,12,1,1,1,3,3346,30,0,0,6,1,5,1,1900111,1000000
2024KL0006400,1,449.67,3,2,4,1,6,7107,64,0,0,6,1,5,1,1900113,1000000
2024KL0006401,1,449.67,39,1,3,1,8,3531,32,9800,6,1,1,1,1,1900103,1000000
2024KL0006402,1,449.67,26,1,3,1,9,10810,98,9800,1,1,1,1,1,1900101,1000000
2024KL0006403,1,449.67,45,2,6,1,11,10379,94,3000,1,5,1,1,1,1900114,1000000
2024KL0006404,1,449.67,25,1,1,1,12,6854,62,4000,3,2,1,5,1,1900104,1000000
2024KL0006405,1,449.67,17,2,1,1,14,5246,47,0,0,6,1,5,1,1900114,1000000
2024KL0006406,1,449.67,44,1,1,1,11,39080,355,5000,4,1,1,1,1,1900101,1000000
2024KL0006407,1,449.67,50,2,1,1,9,41370,376,7000,4,1,1,3,1,1900110,1000000
2024KL0006408,1,449.67,14,1,2,1,3,3146,28,0,0,6,1,5,1,1900100,1000000
2024KL0006409,1,449.67,36,2,1,1,11,12812,116,8000,6,2,1,1,1,1900106,1000000
2024KL0006410,1,449.67,39,2,1,1,11,25996,236,5000,4,1,1,1,1,1900106,1000000
2024KL0006411,1,449.67,44,2,1,1,16,87798,501,6000,1,5,1,1,1,1900103,1000000
2024KL0006412,1,449.67,88,1,6,1,6,14524,132,0,0,6,1,1,2,1900109,1000000
2024KL0006413,1,449.67,51,2,2,1,5,11617,105,9800,1,1,1,3,1,1900103,1000000
2024KL0006414,1,449.67,12,2,1,1,4,4766,43,0,0,6,1,5,1,1900110,1000000
2024KL0006415,1,449.67,3,2,1,1,7,3664,33,0,0,6,1,5,1,1900113,1000000
2024KL0006416,1,449.67,2,2,3,1,1,1605,14,0,0,6,1,5,1,1900112,1000000
2024KL0006417,1,449.67,44,1,2,1,8,22850,207,7000,3,1,1,5,1,1900113,1000000
2024KL0006418,1,449.67,38,1,1,1,12,54682,497,5000,1,1,1,1,1,1900107,1000000
2024KL0006419,1,449.67,18,1,6,1,14,31315,284,8000,3,5,1,1,1,1900111,1000000
2024KL0006420,1,449.67,31,2,5,1,12,8999,81,5000,1,2,1,1,1,1900103,1000000
2024KL0006421,1,449.67,67,2,3,1,5,6347,57,9800,1,1,1,1,1,1900103,1000000
2024KL0006422,1,449.67,24,1,4,1,18,80504,501,5000,3,1,1,5,1,1900108,1000000
2024KL0006423,1,449.67,9,2,1,1,4,8390,76,0,0,6,1,5,1,1900111,1000000
2024KL0006424,1,449.67,37,2,2,1,10,21389,194,9000,1,1,1,1,1,1900108,1000000
2024KL0006425,1,449.67,28,1,7,1,17,50267,456,2000,2,1,1,1,1,1900108,1000000
2024KL0006426,1,449.67,2,2,1,1,3,6062,55,0,0,6,1,5,1,1900105,1000000
2024KL0006427,1,449.67,96,1,3,1,6,33097,300,0,0,6,1,1,1,1900113,1000000
2024KL0006428,1,449.67,2,1,4,1,1,3201,29,0,0,6,1,5,2,1900114,1000000
2024KL0006429,1,449.67,22,2,7,1,11,9254,84,7000,1,1,1,1,1,1900105,1000000
2024KL0006430,1,449.67,0,2,1,1,7,6413,58,0,0,6,1,5,1,1900110,1000000
2024KL0006431,1,449.67,6,2,1,1,2,5052,45,0,0,6,1,5,1,1900103,1000000
2024KL0006432,1,449.67,32,2,2,1,13,29902,271,4000,2,1,1,1,1,1900111,1000000
2024KL0006433,1,449.67,42,1,2,1,9,7099,64,1000,2,1,1,1,1,1900111,1000000
2024KL0006434,1,449.67,36,1,1,1,14,29552,268,9000,1,3,1,1,1,1900100,1000000
2024KL0006435,1,449.67,42,1,7,1,6,17795,161,5000,1,1,1,1,1,1900109,1000000
2024KL0006436,1,449.67,34,2,3,1,6,14369,130,6000,1,1,1,1,1,1900101,1000000
2024KL0006437,1,449.67,19,1,3,1,18,39361,357,3000,1,1,1,5,1,1900104,1000000
2024KL0006438,1,449.67,3,2,6,1,7,2059,18,0,0,6,1,5,1,1900114,1000000
2024KL0006439,1,449.67,30,1,1,1,13,85347,501,5000,1,1,1,1,1,1900106,1000000
2024KL0006440,1,449.67,30,1,3,1,12,16847,153,3000,3,4,1,1,1,1900100,1000000
2024KL0006441,1,449.67,22,2,1,1,12,37701,342,2000,3,1,1,5,1,1900102,1000000
2024KL0006442,1,449.67,49,1,3,1,6,13191,119,7000,6,3,1,1,1,1900107,1000000
2024KL0006443,1,449.67,37,1,4,1,7,13719,124,9800,3,1,1,1,1,1900111,1000000
2024KL0006444,1,449.67,5,1,5,1,5,4583,41,0,0,6,1,5,1,1900106,1000000
2024KL0006445,1,449.67,22,2,2,1,18,55764,501,4000,1,1,2,5,1,1900101,1000000
2024KL0006446,1,449.67,58,2,2,1,6,3598,32,6000,4,1,1,1,1,1900105,1000000
2024KL0006447,1,449.67,56,1,2,1,9,122226,501,9800,3,5,1,1,1,1900102,1000000
2024KL0006448,1,449.67,42,2,2,1,15,119463,501,6000,1,1,1,1,1,1900101,1000000
2024KL0006449,1,449.67,57,2,4,1,10,45525,413,2000,3,3,1,2,1,1900103,1000000
2024KL0006450,1,449.67,2,1,2,1,1,2703,24,0,0,6,1,5,1,1900109,1000000
2024KL0006451,1,449.67,9,2,9,1,6,1935,17,0,0,6,1,5,1,1900100,1000000
2024KL0006452,1,449.67,27,2,6,1,7,13454,122,9000,4,1,1,1,1,1900103,1000000
2024KL0006453,1,449.67,6,2,7,1,3,2739,24,0,0,6,1,5,1,1900105,1000000
2024KL0006454,1,449.67,52,1,6,1,6,18589,168,6000,4,4,1,1,1,1900101,1000000
2024KL0006455,1,449.67,0,1,1,1,8,3131,28,0,0,6,1,5,1,1900107,1000000
2024KL0006456,1,449.67,14,1,1,1,9,9279,84,0,0,6,1,5,1,1900101,1000000
2024KL0006457,1,449.67,42,1,1,1,7,7673,69,5000,1,1,1,1,1,1900104,1000000
2024KL0006458,1,449.67,7,1,1,1,5,12699,115,0,0,6,1,5,1,1900112,1000000
2024KL0006459,1,449.67,40,1,1,1,16,47697,433,5000,4,4,1,1,1,1900113,1000000
2024KL0006460,1,449.67,12,2,1,1,2,2470,22,0,0,6,1,5,1,1900104,1000000
2024KL0006461,1,449.67,24,1,4,1,13,19465,176,6000,4,1,1,5,1,1900103,1000000
2024KL0006462,1,449.67,29,2,2,1,17,74859,501,6000,4,1,1,1,1,1900111,1000000
2024KL0006463,1,449.67,47,1,1,1,16,114769,501,1000,1,1,1,3,1,1900104,1000000
2024KL0006464,1,449.67,35,2,4,1,11,28239,256,5000,3,1,1,1,1,1900112,1000000
2024KL0006465,1,449.67,7,1,6,1,4,5410,49,0,0,6,1,5,1,1900109,1000000
2024KL0006466,1,449.67,47,1,1,1,14,62452,501,8000,1,1,1,1,1,1900106,1000000
2024KL0006467,1,449.67,5,2,3,1,3,5197,47,0,0,6,1,5,1,1900110,1000000
2024KL0006468,1,449.67,2,2,1,1,3,4943,44,0,0,6,1,5,1,1900100,1000000
2024KL0006469,1,449.67,10,1,2,1,6,1481,13,0,0,6,1,5,1,1900104,1000000
2024KL0006470,1,449.67,21,2,2,1,16,35757,325,2000,2,1,1,5,1,1900108,1000000
2024KL0006471,1,449.67,24,1,1,1,12,19331,175,8000,1,4,1,5,1,1900111,1000000
2024KL0006472,1,449.67,59,1,6,1,9,9929,90,5000,6,2,1,1,1,1900100,1000000
2024KL0006473,1,449.67,45,2,2,1,8,3014,27,8000,1,5,1,1,1,1900110,1000000
2024KL0006474,1,449.67,3,1,1,1,2,2194,19,0,0,6,1,5,1,1900112,1000000
2024KL0006475,1,449.67,14,2,2,1,4,4108,37,0,0,6,1,5,1,1900109,1000000
2024KL0006476,1,449.67,44,1,7,1,6,19266,175,8000,1,1,1,1,1,1900103,1000000
2024KL0006477,1,449.67,14,1,1,1,1,6922,62,0,0,6,1,5,1,1900104,1000000
2024KL0006478,1,449.67,17,1,6,1,16,18982,172,0,0,6,1,5,1,1900103,1000000
2024KL0006479,1,449.67,37,1,2,1,11,24100,219,6000,4,5,1,1,1,1900100,1000000
2024KL0006480,1,449.67,7,2,4,1,4,13225,120,0,0,6,1,5,1,1900106,1000000
2024KL0006481,1,449.67,7,1,1,1,5,1250,11,0,0,6,1,5,1,1900100,1000000
2024KL0006482,1,449.67,54,1,1,1,14,35218,320,5000,3,1,1,3,1,1900110,1000000
2024KL0006483,1,449.67,26,1,2,1,11,30198,274,1000,1,1,1,1,1,1900113,1000000
2024KL0006484,1,449.67,10,2,2,1,6,1872,17,0,0,6,1,5,1,1900101,1000000
2024KL0006485,1,449.67,9,2,1,1,2,4741,43,0,0,6,1,5,1,1900103,1000000
2024KL0006486,1,449.67,5,2,2,1,5,632,5,0,0,6,1,5,1,1900112,1000000
2024KL0006487,1,449.67,55,1,1,1,11,67481,501,7000,1,1,1,1,1,1900114,1000000
2024KL0006488,1,449.67,12,2,6,1,1,2692,24,0,0,6,1,5,1,1900110,1000000
2024KL0006489,1,449.67,16,1,2,1,14,25131,228,0,0,6,1,5,1,1900109,1000000
2024KL0006490,1,449.67,13,1,1,1,7,9743,88,0,0,6,1,5,1,1900108,1000000
2024KL0006491,1,449.67,30,1,1,1,11,15929,144,7000,3,1,1,1,1,1900108,1000000
2024KL0006492,1,449.67,10,2,1,1,4,10322,93,0,0,6,1,5,1,1900103,1000000
2024KL0006493,1,449.67,15,2,8,1,16,10780,98,0,0,6,1,5,1,1900108,1000000
2024KL0006494,1,449.67,0,2,1,1,2,3025,27,0,0,6,1,5,2,1900103,1000000
2024KL0006495,1,449.67,29,1,1,1,16,127684,501,5000,1,1,1,5,1,1900109,1000000
2024KL0006496,1,449.67,100,1,1,1,9,8487,77,0,0,6,2,1,2,1900105,1000000
2024KL0006497,1,449.67,49,1,2,1,11,36385,330,2000,3,1,1,1,1,1900110,1000000
2024KL0006498,1,449.67,20,2,1,1,17,35193,319,6000,4,1,1,1,2,1900110,1000000
2024KL0006499,1,449.67,57,2,2,1,6,8453,76,5000,3,1,1,1,1,1900107,1000000
2024KL0006500,1,449.67,18,1,2,1,14,11590,105,3000,1,1,1,1,1,1900112,1000000
2024KL0006501,1,449.67,22,1,2,1,14,22219,201,9800,1,1,1,5,1,1900111,1000000
2024KL0006502,1,449.67,86,1,1,1,11,12594,114,0,0,6,1,2,1,1900105,1000000
2024KL0006503,1,449.67,28,1,5,1,11,15250,138,6000,1,1,1,1,1,1900104,1000000
2024KL0006504,1,449.67,19,2,1,1,16,24197,219,2000,1,1,1,5,1,1900110,1000000
2024KL0006505,1,449.67,94,1,1,1,6,33891,308,0,0,6,1,1,1,1900102,1000000
2024KL0006506,1,449.67,31,1,1,1,9,36059,327,7000,1,1,1,5,1,1900110,1000000
2024KL0006507,1,449.67,16,2,1,1,19,30854,280,0,0,6,1,5,1,1900109,1000000
2024KL0006508,1,449.67,37,2,2,1,8,33887,308,9920,1,1,1,1,1,1900100,1000000
2024KL0006509,1,449.67,57,1,3,1,5,8618,78,9920,6,2,1,2,2,1900102,1000000
2024KL0006510,1,449.67,29,2,1,1,7,2568,23,8000,4,1,1,5,1,1900110,1000000
2024KL0006511,1,449.67,29,2,7,1,10,12824,116,1000,1,1,1,1,1,1900114,1000000
2024KL0006512,1,449.67,48,1,7,1,5,10126,92,5000,1,2,1,1,1,1900100,1000000
2024KL0006513,1,449.67,55,2,4,1,11,26123,237,6000,4,1,1,5,1,1900108,1000000
2024KL0006514,1,449.67,6,2,4,1,6,1762,16,0,0,6,1,5,1,1900108,1000000
2024KL0006515,1,449.67,56,2,2,1,7,4530,41,9800,6,1,1,3,1,1900104,1000000
2024KL0006516,1,449.67,92,2,4,1,10,5503,50,0,0,6,1,1,2,1900114,1000000
2024KL0006517,1,449.67,24,1,5,1,15,38952,354,3000,2,1,1,5,1,1900105,1000000
2024KL0006518,1,449.67,27,2,1,1,10,17262,156,1000,1,1,1,1,1,1900105,1000000
2024KL0006519,1,449.67,13,2,8,1,7,8259,75,0,0,6,1,5,1,1900108,1000000
2024KL0006520,1,449.67,45,1,1,1,9,9314,84,9000,4,3,1,1,1,1900101,1000000
2024KL0006521,1,449.67,34,2,1,1,6,14209,129,9000,1,1,1,1,1,1900101,1000000
2024KL0006522,1,449.67,8,2,3,1,4,1209,10,0,0,6,1,5,1,1900106,1000000
2024KL0006523,1,449.67,61,2,1,1,9,25059,227,7000,3,1,1,1,1,1900108,1000000
2024KL0006524,1,449.67,10,2,2,1,1,8088,73,0,0,6,1,5,1,1900107,1000000
2024KL0006525,1,449.67,49,1,1,1,6,5135,46,8000,6,1,1,5,1,1900102,1000000
2024KL0006526,1,449.67,27,1,2,1,10,18994,172,6000,3,3,1,1,1,1900107,1000000
2024KL0006527,1,449.67,45,1,1,1,5,19982,181,7000,1,1,1,1,1,1900113,1000000
2024KL0006528,1,449.67,24,1,7,1,11,5945,54,3000,1,1,1,1,1,1900107,1000000
2024KL0006529,1,449.67,27,1,2,1,14,125718,501,6000,3,1,1,5,1,1900113,1000000
2024KL0006530,1,449.67,27,1,1,1,7,7964,72,8000,1,2,1,1,1,1900107,1000000
2024KL0006531,1,449.67,37,1,1,1,10,18489,168,1000,1,1,1,1,1,1900107,1000000
2024KL0006532,1,449.67,42,1,5,1,14,36651,333,8000,1,1,1,1,1,1900108,1000000
2024KL0006533,1,449.67,59,1,2,1,5,3762,34,9000,1,2,1,5,1,1900108,1000000
2024KL0006534,1,449.67,32,1,1,1,9,60643,501,6000,4,1,1,1,1,1900102,1000000
2024KL0006535,1,449.67,87,2,1,1,7,6112,55,0,0,6,1,1,1,1900113,1000000
2024KL0006536,1,449.67,9,1,2,1,4,8636,78,0,0,6,1,5,1,1900102,1000000
2024KL0006537,1,449.67,1,2,1,1,4,2557,23,0,0,6,1,5,1,1900113,1000000
2024KL0006538,1,449.67,50,2,1,1,5,17665,160,5000,6,1,1,1,1,1900111,1000000
2024KL0006539,1,449.67,34,1,4,1,10,20164,183,6000,1,3,1,1,1,1900104,1000000
2024KL0006540,1,449.67,21,1,1,1,15,29760,270,6000,6,1,1,1,1,1900109,1000000
2024KL0006541,1,449.67,40,1,4,1,14,25008,227,9800,3,1,1,1,1,1900107,1000000
2024KL0006542,1,449.67,10,2,2,1,5,5671,51,0,0,6,1,5,1,1900104,1000000
2024KL0006543,1,449.67,29,1,5,1,16,105919,501,4000,1,1,1,1,1,1900103,1000000
2024KL0006544,1,449.67,32,1,5,1,7,7814,71,7000,3,1,1,1,1,1900110,1000000
2024KL0006545,1,449.67,31,1,1,1,9,59044,501,5000,1,5,1,1,1,1900112,1000000
2024KL0006546,1,449.67,3,1,6,1,2,3424,31,0,0,6,1,5,1,1900106,1000000
2024KL0006547,1,449.67,79,2,3,1,7,16960,154,0,0,6,1,1,1,1900105,1000000
2024KL0006548,1,449.67,58,1,1,1,6,11582,105,8000,3,1,1,1,1,1900100,1000000
2024KL0006549,1,449.67,30,2,3,1,14,15618,141,7000,1,1,1,1,1,1900113,1000000
2024KL0006550,1,449.67,32,2,1,1,14,21148,192,6000,1,2,5,5,1,1900109,1000000
2024KL0006551,1,449.67,36,1,1,1,7,15365,139,7000,1,1,1,1,1,1900114,1000000
2024KL0006552,1,449.67,12,1,1,1,6,4544,41,0,0,6,1,5,1,1900109,1000000
2024KL0006553,1,449.67,40,1,4,1,11,34547,314,8000,1,5,1,1,1,1900113,1000000
2024KL0006554,1,449.67,6,1,1,1,5,3159,28,0,0,6,1,5,1,1900108,1000000
2024KL0006555,1,449.67,35,1,4,1,6,7439,67,5000,1,1,1,1,1,1900108,1000000
2024KL0006556,1,449.67,19,2,4,1,14,9514,86,1000,2,1,1,5,1,1900110,1000000
2024KL0006557,1,449.67,11,1,4,1,2,28643,260,0,0,6,1,5,1,1900111,1000000
2024KL0006558,1,449.67,19,1,1,1,18,41645,378,6000,1,1,1,5,1,1900102,1000000
2024KL0006559,1,449.67,47,1,5,1,6,10906,99,7000,3,1,1,1,1,1900105,1000000
2024KL0006560,1,449.67,31,2,1,1,8,6063,55,5000,1,1,1,1,2,1900114,1000000
2024KL0006561,1,449.67,16,1,1,1,16,24029,218,0,0,6,1,5,1,1900110,1000000
2024KL0006562,1,449.67,51,2,1,1,11,31269,284,9800,4,1,1,1,1,1900106,1000000
2024KL0006563,1,449.67,39,2,2,1,11,44787,407,1000,2,1,1,5,1,1900106,1000000
2024KL0006564,1,449.67,46,2,2,1,8,11268,102,9800,1,1,1,1,1,1900106,1000000
2024KL0006565,1,449.67,49,2,2,1,13,70184,501,6000,4,1,1,1,1,1900109,1000000
2024KL0006566,1,449.67,41,2,3,1,18,140375,501,4000,2,1,1,1,1,1900110,1000000
2024KL0006567,1,449.67,5,2,1,1,2,1975,17,0,0,6,1,5,1,1900105,1000000
2024KL0006568,1,449.67,13,2,2,1,2,8719,79,0,0,6,1,5,1,1900110,1000000
2024KL0006569,1,449.67,56,1,2,1,7,5570,50,9000,1,1,1,1,1,1900100,1000000
2024KL0006570,1,449.67,57,2,7,1,11,36312,330,8000,3,1,1,1,1,1900110,1000000
2024KL0006571,1,449.67,48,1,2,1,7,19201,174,9800,6,1,1,1,1,1900106,1000000
2024KL0006572,1,449.67,78,1,1,1,5,900,8,0,0,6,1,1,1,1900106,1000000
2024KL0006573,1,449.67,48,2,1,1,15,51049,464,6000,4,2,1,1,1,1900101,1000000
2024KL0006574,1,449.67,15,1,1,1,14,14056,127,0,0,6,1,5,1,1900102,1000000
2024KL0006575,1,449.67,15,2,4,1,11,10846,98,0,0,6,1,5,1,1900110,1000000
2024KL0006576,1,449.67,44,1,3,1,13,31585,287,7000,3,1,1,5,2,1900106,1000000
2024KL0006577,1,449.67,29,1,3,1,14,8443,76,6000,1,4,1,1,2,1900103,1000000
2024KL0006578,1,449.67,29,2,2,1,6,7596,69,6000,1,1,1,1,1,1900113,1000000
2024KL0006579,1,449.67,38,2,1,1,12,14148,128,1000,1,1,1,1,1,1900105,1000000
2024KL0006580,1,449.67,48,2,6,1,10,46776,425,4000,1,1,1,1,1,1900113,1000000
2024KL0006581,1,449.67,33,2,1,1,9,46717,424,9800,4,1,1,5,1,1900102,1000000
2024KL0006582,1,449.67,14,2,5,1,3,3488,31,0,0,6,1,5,1,1900105,1000000
2024KL0006583,1,449.67,11,1,4,1,5,1750,15,0,0,6,1,5,1,1900109,1000000
2024KL0006584,1,449.67,53,2,2,1,8,19367,176,9920,1,2,1,2,1,1900108,1000000
2024KL0006585,1,449.67,3,1,1,1,6,4701,42,0,0,6,1,5,1,1900101,1000000
2024KL0006586,1,449.67,29,1,1,1,12,41382,376,9000,1,1,1,1,1,1900112,1000000
2024KL0006587,1,449.67,48,2,1,1,10,54926,499,9000,6,1,1,1,1,1900112,1000000
2024KL0006588,1,449.67,8,2,1,1,6,1545,14,0,0,6,1,5,1,1900107,1000000
2024KL0006589,1,449.67,19,2,2,1,10,14351,130,9800,3,1,1,5,1,1900105,1000000
2024KL0006590,1,449.67,23,2,2,1,12,15487,140,6000,4,2,5,5,1,1900102,1000000
2024KL0006591,1,449.67,39,2,3,1,10,12062,109,5000,1,1,1,1,1,1900103,1000000
2024KL0006592,1,449.67,39,1,1,1,8,8425,76,9920,1,2,1,1,1,1900106,1000000
2024KL0006593,1,449.67,27,2,2,1,15,38464,349,2000,1,2,1,1,1,1900106,1000000
2024KL0006594,1,449.67,57,2,3,1,6,9344,84,5000,1,2,1,5,1,1900106,1000000
2024KL0006595,1,449.67,78,2,3,1,7,3324,30,0,0,6,1,1,1,1900109,1000000
2024KL0006596,1,449.67,57,2,7,1,5,12702,115,9920,6,1,1,2,1,1900102,1000000
2024KL0006597,1,449.67,38,1,1,1,9,32547,295,6000,4,1,5,1,1,1900111,1000000
2024KL0006598,1,449.67,15,1,1,1,13,4816,43,0,0,6,1,5,1,1900103,1000000
2024KL0006599,1,449.67,56,1,4,1,11,79379,501,9000,1,1,1,2,1,1900100,1000000
2024KL0006600,1,449.67,12,1,1,1,1,3278,29,0,0,6,1,5,1,1900101,1000000
2024KL0006601,1,449.67,28,1,3,1,16,38409,349,2000,1,1,1,5,1,1900101,1000000
2024KL0006602,1,449.67,18,2,1,1,16,26251,238,4000,1,4,1,5,1,1900114,1000000
2024KL0006603,1,449.67,20,2,7,1,14,26000,236,1000,3,1,1,5,1,1900111,1000000
2024KL0006604,1,449.67,25,1,1,1,12,9329,84,7000,4,2,1,5,2,1900105,1000000
2024KL0006605,1,449.67,46,1,1,1,11,25104,228,1000,1,1,1,1,1,1900109,1000000
2024KL0006606,1,449.67,29,2,2,1,7,6058,55,6000,4,1,1,5,1,1900104,1000000
2024KL0006607,1,449.67,36,1,4,1,10,30617,278,6000,1,1,1,1,1,1900108,1000000
2024KL0006608,1,449.67,9,1,6,1,2,2138,19,0,0,6,1,5,1,1900112,1000000
2024KL0006609,1,449.67,78,2,1,1,9,11961,108,0,0,6,1,1,1,1900109,1000000
2024KL0006610,1,449.67,22,2,3,1,12,9155,83,5000,6,3,1,5,2,1900112,1000000
2024KL0006611,1,449.67,42,2,1,1,7,8412,76,5000,1,1,1,1,1,1900114,1000000
2024KL0006612,1,449.67,56,1,1,1,10,19950,181,2000,1,1,1,5,1,1900107,1000000
2024KL0006613,1,449.67,24,2,1,1,12,60298,501,9000,3,4,1,5,1,1900106,1000000
2024KL0006614,1,449.67,18,1,2,1,16,36105,328,6000,6,2,1,5,1,1900100,1000000
2024KL0006615,1,449.67,17,1,4,1,12,4995,45,0,0,6,1,5,1,1900109,1000000
2024KL0006616,1,449.67,53,2,3,1,8,62525,501,9800,1,1,1,2,1,1900110,1000000
2024KL0006617,1,449.67,14,1,1,1,5,8998,81,0,0,6,1,5,1,1900103,1000000
2024KL0006618,1,449.67,42,2,5,1,12,18275,166,6000,6,1,1,1,1,1900101,1000000
2024KL0006619,1,449.67,5,2,6,1,5,7656,69,0,0,6,1,5,1,1900114,1000000
2024KL0006620,1,449.67,18,2,1,1,15,18091,164,4000,1,1,1,5,1,1900108,1000000
2024KL0006621,1,449.67,59,1,1,1,9,17336,157,6000,1,1,1,2,2,1900113,1000000
2024KL0006622,1,449.67,19,2,3,1,10,6234,56,9000,1,1,1,5,1,1900104,1000000
2024KL0006623,1,449.67,19,1,1,1,14,6049,54,1000,1,1,1,5,1,1900101,1000000
2024KL0006624,1,449.67,21,2,3,1,14,11770,107,6000,1,1,1,5,1,1900101,1000000
2024KL0006625,1,449.67,32,2,3,1,9,13015,118,7000,1,2,1,5,1,1900106,1000000
2024KL0006626,1,449.67,12,1,7,1,4,2249,20,0,0,6,1,5,1,1900110,1000000
2024KL0006627,1,449.67,10,2,5,1,5,4472,40,0,0,6,1,5,1,1900114,1000000
2024KL0006628,1,449.67,4,2,5,1,6,2706,24,0,0,6,1,5,1,1900107,1000000
2024KL0006629,1,449.67,75,2,3,1,7,10763,97,0,0,6,1,2,1,1900103,1000000
2024KL0006630,1,449.67,5,1,1,1,2,2732,24,0,0,6,1,5,2,1900104,1000000
2024KL0006631,1,449.67,38,2,1,1,14,26824,243,5000,6,4,1,5,1,1900111,1000000
2024KL0006632,1,449.67,7,1,1,1,3,5114,46,0,0,6,1,5,1,1900104,1000000
2024KL0006633,1,449.67,20,2,4,1,10,6475,58,5000,1,1,1,5,1,1900103,1000000
2024KL0006634,1,449.67,84,1,7,1,10,71209,501,0,0,6,1,3,1,1900108,1000000
2024KL0006635,1,449.67,29,2,1,1,10,30952,281,1000,3,1,1,1,1,1900103,1000000
2024KL0006636,1,449.67,55,1,4,1,15,28873,262,4000,2,1,1,1,1,1900101,1000000
2024KL0006637,1,449.67,22,1,2,1,11,37420,340,3000,3,1,2,5,1,1900101,1000000
2024KL0006638,1,449.67,51,2,1,1,13,53877,489,6000,6,1,1,1,1,1900106,1000000
2024KL0006639,1,449.67,40,1,7,1,8,12988,118,7000,3,1,1,5,1,1900107,1000000
2024KL0006640,1,449.67,32,1,3,1,6,16859,153,7000,1,4,1,5,1,1900111,1000000
2024KL0006641,1,449.67,2,1,4,1,4,3470,31,0,0,6,1,5,1,1900105,1000000
2024KL0006642,1,449.67,56,1,1,1,20,393072,501,3000,2,1,1,3,1,1900101,1000000
2024KL0006643,1,449.67,32,1,1,1,5,10439,94,9000,3,1,1,1,1,1900108,1000000
2024KL0006644,1,449.67,10,2,5,1,3,2885,26,0,0,6,1,5,1,1900103,1000000
2024KL0006645,1,449.67,52,2,1,1,16,53514,486,1000,3,3,1,5,1,1900108,1000000
2024KL0006646,1,449.67,39,1,1,1,10,94529,501,4000,3,5,1,1,1,1900106,1000000
2024KL0006647,1,449.67,8,2,1,1,7,11353,103,0,0,6,1,5,1,1900103,1000000
2024KL0006648,1,449.67,37,2,1,1,9,10411,94,5000,1,1,1,3,2,1900104,1000000
2024KL0006649,1,449.67,20,2,2,1,14,7323,66,6000,1,1,1,1,1,1900108,1000000
2024KL0006650,1,449.67,24,1,1,1,15,145258,501,4000,1,1,1,5,1,1900112,1000000
2024KL0006651,1,449.67,19,2,3,1,10,11937,108,9000,1,5,1,1,1,1900114,1000000
2024KL0006652,1,449.67,58,1,2,1,9,11594,105,9000,6,2,1,5,1,1900112,1000000
2024KL0006653,1,449.67,21,1,1,1,18,10890,99,4000,1,1,1,5,1,1900104,1000000
2024KL0006654,1,449.67,40,2,2,1,15,50045,454,4000,2,1,1,1,1,1900101,1000000
2024KL0006655,1,449.67,41,2,1,1,15,49979,454,4000,1,1,1,1,1,1900113,1000000
2024KL0006656,1,449.67,73,1,1,1,9,52872,480,0,0,6,1,3,1,1900109,1000000
2024KL0006657,1,449.67,16,2,1,1,14,952,8,0,0,6,2,5,1,1900113,1000000
2024KL0006658,1,449.67,11,2,4,1,3,10188,92,0,0,6,1,5,1,1900114,1000000
2024KL0006659,1,449.67,21,1,1,1,14,16501,150,2000,1,1,1,5,1,1900111,1000000
2024KL0006660,1,449.67,23,1,2,1,18,88000,501,3000,1,1,1,5,1,1900107,1000000
2024KL0006661,1,449.67,16,1,1,1,14,6166,56,0,0,6,1,5,1,1900111,1000000
2024KL0006662,1,449.67,13,1,1,1,8,1513,13,0,0,6,1,5,1,1900113,1000000
2024KL0006663,1,449.67,11,2,1,1,1,7752,70,0,0,6,1,5,1,1900102,1000000
2024KL0006664,1,449.67,39,1,2,1,13,22390,203,5000,1,5,1,1,1,1900108,1000000
2024KL0006665,1,449.67,11,2,1,1,6,2719,24,0,0,6,1,5,1,1900108,1000000
2024KL0006666,1,449.67,21,1,1,1,14,14086,128,5000,4,1,1,5,1,1900111,1000000
2024KL0006667,1,449.67,15,1,3,1,18,28091,255,0,0,6,1,5,1,1900109,1000000
2024KL0006668,1,449.67,46,1,1,1,13,40467,367,8000,1,2,1,5,1,1900111,1000000
2024KL0006669,1,449.67,43,2,1,1,7,15075,137,5000,1,1,2,1,1,1900101,1000000
2024KL0006670,1,449.67,31,1,1,1,14,67524,501,9800,3,1,1,1,1,1900114,1000000
2024KL0006671,1,449.67,56,1,1,1,8,22897,208,9920,1,4,1,1,1,1900114,1000000
2024KL0006672,1,449.67,67,2,1,1,5,7961,72,5000,1,2,1,5,1,1900110,1000000
2024KL0006673,1,449.67,4,2,1,1,7,12768,116,0,0,6,1,5,1,1900100,1000000
2024KL0006674,1,449.67,41,1,1,1,6,13397,121,9800,3,1,1,1,1,1900106,1000000
2024KL0006675,1,449.67,19,1,3,1,16,24677,224,5000,3,2,1,5,1,1900109,1000000
2024KL0006676,1,449.67,21,1,4,1,12,3712,33,6000,1,1,1,1,1,1900110,1000000
2024KL0006677,1,449.67,35,1,1,1,7,8142,74,6000,1,2,1,1,1,1900111,1000000
2024KL0006678,1,449.67,90,1,7,1,8,4538,41,0,0,6,1,1,1,1900107,1000000
2024KL0006679,1,449.67,50,1,2,1,5,2309,20,6000,1,2,1,1,1,1900105,1000000
2024KL0006680,1,449.67,84,1,2,1,11,42136,383,0,0,6,1,3,1,1900109,1000000
2024KL0006681,1,449.67,55,2,4,1,18,124417,501,5000,6,5,1,1,1,1900111,1000000
2024KL0006682,1,449.67,23,2,5,1,16,84946,501,5000,4,1,1,5,1,1900100,1000000
2024KL0006683,1,449.67,14,2,1,1,2,3975,36,0,0,6,1,5,1,1900108,1000000
2024KL0006684,1,449.67,95,1,3,1,11,5894,53,0,0,6,1,2,1,1900107,1000000
2024KL0006685,1,449.67,85,1,6,1,5,1230,11,0,0,6,1,1,1,1900113,1000000
2024KL0006686,1,449.67,35,1,1,1,12,55663,501,7000,1,1,1,1,1,1900111,1000000
2024KL0006687,1,449.67,22,2,1,1,18,34685,315,1000,3,1,1,1,1,1900101,1000000
2024KL0006688,1,449.67,71,1,1,1,7,5927,53,0,0,6,1,1,1,1900108,1000000
2024KL0006689,1,449.67,56,2,3,1,16,87328,501,6000,1,1,1,3,1,1900111,1000000
2024KL0006690,1,449.67,4,1,1,1,1,2675,24,0,0,6,1,5,1,1900109,1000000
2024KL0006691,1,449.67,16,1,1,1,15,15177,137,0,0,6,1,5,1,1900107,1000000
2024KL0006692,1,449.67,20,2,1,1,16,19875,180,5000,1,4,1,5,2,1900114,1000000
2024KL0006693,1,449.67,34,1,4,1,6,3300,30,6000,4,1,1,1,1,1900103,1000000
2024KL0006694,1,449.67,7,2,2,1,7,3544,32,0,0,6,1,5,1,1900110,1000000
2024KL0006695,1,449.67,58,1,1,1,12,13389,121,5000,6,1,1,1,1,1900110,1000000
2024KL0006696,1,449.67,53,2,2,1,7,9184,83,9800,3,1,1,5,1,1900103,1000000
2024KL0006697,1,449.67,69,1,1,1,6,2452,22,7000,3,1,1,2,1,1900109,1000000
2024KL0006698,1,449.67,26,2,1,1,17,65417,501,4000,3,1,1,5,1,1900114,1000000
2024KL0006699,1,449.67,21,2,1,1,15,19105,173,1000,2,1,1,1,1,1900110,1000000
2024KL0006700,1,449.67,35,2,3,1,14,42101,382,9800,4,1,1,3,1,1900109,1000000
2024KL0006701,1,449.67,42,2,2,1,10,22764,206,9800,1,2,1,1,1,1900114,1000000
2024KL0006702,1,449.67,32,2,1,1,5,16709,151,5000,4,2,1,5,1,1900113,1000000
2024KL0006703,1,449.67,3,2,3,1,4,35866,326,0,0,6,1,5,1,1900110,1000000
2024KL0006704,1,449.67,3,1,2,1,3,3959,35,0,0,6,1,5,1,1900109,1000000
2024KL0006705,1,449.67,72,2,1,1,6,6989,63,0,0,6,1,1,2,1900105,1000000
2024KL0006706,1,449.67,34,1,1,1,6,12504,113,9920,4,1,1,1,1,1900104,1000000
2024KL0006707,1,449.67,21,2,3,1,14,7977,72,9000,4,2,1,5,1,1900106,1000000
2024KL0006708,1,449.67,26,1,1,1,11,5836,53,7000,3,5,1,5,1,1900100,1000000
2024KL0006709,1,449.67,19,1,4,1,18,10585,96,6000,4,2,1,5,1,1900107,1000000
2024KL0006710,1,449.67,51,1,8,1,9,61788,501,9800,6,3,1,1,1,1900107,1000000
2024KL0006711,1,449.67,29,2,1,1,13,55322,501,6000,6,1,1,1,1,1900109,1000000
2024KL0006712,1,449.67,23,1,7,1,19,94887,501,3000,1,1,1,5,1,1900103,1000000
2024KL0006713,1,449.67,23,1,1,1,17,58201,501,6000,3,1,1,5,1,1900102,1000000
2024KL0006714,1,449.67,79,1,3,1,6,2604,23,0,0,6,1,2,1,1900102,1000000
2024KL0006715,1,449.67,61,1,1,1,7,4158,37,6000,1,1,1,1,1,1900113,1000000
2024KL0006716,1,449.67,7,1,3,1,1,2605,23,0,0,6,1,5,1,1900101,1000000
2024KL0006717,1,449.67,32,1,1,1,10,18860,171,5000,1,1,1,5,1,1900109,1000000
2024KL0006718,1,449.67,43,1,1,1,13,93843,501,5000,4,4,1,1,1,1900108,1000000
2024KL0006719,1,449.67,30,1,1,1,10,66418,501,9800,1,5,1,1,1,1900113,1000000
2024KL0006720,1,449.67,68,2,1,1,10,22780,207,6000,1,5,2,2,2,1900109,1000000
2024KL0006721,1,449.67,9,1,1,1,5,3512,31,0,0,6,1,5,1,1900110,1000000
2024KL0006722,1,449.67,49,2,1,1,11,33134,301,7000,1,1,1,1,1,1900113,1000000
2024KL0006723,1,449.67,35,1,1,1,16,79578,501,4000,1,2,1,5,1,1900102,1000000
2024KL0006724,1,449.67,29,1,1,1,13,12805,116,6000,4,1,1,1,1,1900112,1000000
2024KL0006725,1,449.67,72,2,1,1,7,2728,24,0,0,6,1,1,1,1900104,1000000
2024KL0006726,1,449.67,34,2,1,1,9,23417,212,2000,2,1,1,1,1,1900102,1000000
2024KL0006727,1,449.67,78,2,1,1,10,13152,119,0,0,6,1,1,1,1900113,1000000
2024KL0006728,1,449.67,3,1,1,1,6,3220,29,0,0,6,1,5,1,1900114,1000000
2024KL0006729,1,449.67,14,2,1,1,1,3784,34,0,0,6,1,5,1,1900105,1000000
2024KL0006730,1,449.67,35,1,1,1,11,14867,135,1000,2,1,1,1,1,1900100,1000000
2024KL0006731,1,449.67,18,1,1,1,13,45147,410,6000,3,1,1,5,1,1900103,1000000
2024KL0006732,1,449.67,44,2,1,1,5,1940,17,7000,6,1,1,2,1,1900111,1000000
2024KL0006733,1,449.67,65,2,1,1,6,6648,60,9920,1,2,1,1,1,1900103,1000000
2024KL0006734,1,449.67,30,1,1,1,7,10160,92,9000,3,5,1,1,1,1900111,1000000
2024KL0006735,1,449.67,0,1,4,1,2,4098,37,0,0,6,1,5,1,1900112,1000000
2024KL0006736,1,449.67,13,2,2,1,9,2909,26,0,0,6,1,5,1,1900113,1000000
2024KL0006737,1,449.67,17,1,1,1,12,3747,34,0,0,6,1,5,1,1900100,1000000
2024KL0006738,1,449.67,9,1,2,1,3,2418,21,0,0,6,1,5,1,1900100,1000000
2024KL0006739,1,449.67,32,2,5,1,14,14613,132,6000,4,5,1,5,1,1900102,1000000
2024KL0006740,1,449.67,21,1,2,1,15,14809,134,4000,1,2,1,5,1,1900106,1000000
2024KL0006741,1,449.67,38,1,3,1,8,3916,35,6000,3,1,1,1,1,1900107,1000000
2024KL0006742,1,449.67,65,1,2,1,5,1633,14,9920,1,1,1,2,1,1900112,1000000
2024KL0006743,1,449.67,29,2,1,1,9,9062,82,6000,1,1,1,1,1,1900111,1000000
2024KL0006744,1,449.67,10,2,2,1,2,6349,57,0,0,6,1,5,1,1900103,1000000
2024KL0006745,1,449.67,100,2,5,1,5,3311,30,0,0,6,1,1,1,1900108,1000000
2024KL0006746,1,449.67,25,1,3,1,11,28780,261,5000,4,1,1,1,1,1900106,1000000
2024KL0006747,1,449.67,35,1,3,1,8,44574,405,5000,1,1,1,1,1,1900104,1000000
2024KL0006748,1,449.67,86,1,2,1,8,5417,49,0,0,6,1,2,1,1900104,1000000
2024KL0006749,1,449.67,35,1,1,1,11,28938,263,7000,3,4,1,1,1,1900106,1000000
2024KL0006750,1,449.67,25,1,1,1,12,15677,142,3000,3,1,1,1,1,1900114,1000000
2024KL0006751,1,449.67,24,1,1,1,14,18861,171,5000,1,1,1,1,1,1900101,1000000
2024KL0006752,1,449.67,75,1,2,1,7,5526,50,0,0,6,1,4,1,1900105,1000000
2024KL0006753,1,449.67,52,1,6,1,8,10782,98,5000,4,1,1,3,1,1900103,1000000
2024KL0006754,1,449.67,57,2,1,1,7,19148,174,8000,1,3,1,1,1,1900102,1000000
2024KL0006755,1,449.67,57,2,2,1,5,17737,161,6000,4,2,1,1,1,1900101,1000000
2024KL0006756,1,449.67,25,1,1,1,11,56509,501,5000,3,1,1,1,1,1900103,1000000
2024KL0006757,1,449.67,24,2,2,1,16,71026,501,4000,2,1,1,5,1,1900107,1000000
2024KL0006758,1,449.67,22,1,1,1,16,21392,194,4000,2,1,1,5,1,1900105,1000000
2024KL0006759,1,449.67,7,1,9,1,3,1129,10,0,0,6,1,5,1,1900108,1000000
2024KL0006760,1,449.67,39,1,7,1,10,16186,147,6000,4,5,1,1,2,1900101,1000000
2024KL0006761,1,449.67,42,2,1,1,15,114132,501,4000,2,1,1,1,1,1900101,1000000
2024KL0006762,1,449.67,30,1,3,1,10,39741,361,8000,1,1,1,5,1,1900105,1000000
2024KL0006763,1,449.67,41,1,4,1,7,17228,156,7000,1,1,5,1,1,1900101,1000000
2024KL0006764,1,449.67,91,2,1,1,6,3783,34,0,0,6,1,4,1,1900109,1000000
2024KL0006765,1,449.67,44,1,1,1,13,7737,70,9000,1,3,1,5,1,1900107,1000000
2024KL0006766,1,449.67,3,2,1,1,7,2460,22,0,0,6,1,5,1,1900114,1000000
2024KL0006767,1,449.67,10,2,1,1,8,2975,27,0,0,6,1,5,1,1900111,1000000
2024KL0006768,1,449.67,6,1,1,1,7,1076,9,0,0,6,1,5,1,1900103,1000000
2024KL0006769,1,449.67,66,2,1,1,5,5910,53,6000,1,1,1,1,1,1900103,1000000
2024KL0006770,1,449.67,13,2,2,1,5,8646,78,0,0,6,1,5,1,1900107,1000000
2024KL0006771,1,449.67,28,1,1,1,18,67638,501,4000,3,1,1,1,1,1900103,1000000
2024KL0006772,1,449.67,21,1,3,1,16,30413,276,1000,1,5,1,1,2,1900112,1000000
2024KL0006773,1,449.67,1,1,4,1,2,8656,78,0,0,6,1,5,2,1900109,1000000
2024KL0006774,1,449.67,34,2,1,1,17,61573,501,1000,1,4,1,1,1,1900114,1000000
2024KL0006775,1,449.67,34,1,1,1,14,17562,159,6000,1,5,1,1,1,1900101,1000000
2024KL0006776,1,449.67,69,1,1,1,5,7377,67,9920,6,1,1,1,1,1900112,1000000
2024KL0006777,1,449.67,41,2,6,1,11,16316,148,8000,3,3,1,1,1,1900105,1000000
2024KL0006778,1,449.67,35,1,2,1,6,4083,37,5000,1,1,1,1,1,1900111,1000000
2024KL0006779,1,449.67,90,2,7,1,7,14753,134,0,0,6,1,1,1,1900103,1000000
2024KL0006780,1,449.67,10,2,1,1,4,954,8,0,0,6,1,5,1,1900108,1000000
2024KL0006781,1,449.67,50,1,6,1,13,19257,175,6000,1,1,1,4,2,1900108,1000000
2024KL0006782,1,449.67,26,1,2,1,14,46075,418,5000,4,1,1,1,1,1900105,1000000
2024KL0006783,1,449.67,8,1,5,1,4,2030,18,0,0,6,1,5,1,1900101,1000000
2024KL0006784,1,449.67,35,2,1,1,14,29054,264,6000,1,4,1,1,1,1900114,1000000
2024KL0006785,1,449.67,95,2,2,1,11,4786,43,0,0,6,1,1,2,1900113,1000000
2024KL0006786,1,449.67,18,2,1,1,16,59031,501,4000,1,1,1,1,1,1900112,1000000
2024KL0006787,1,449.67,100,1,1,1,8,28329,257,0,0,6,1,2,1,1900107,1000000
2024KL0006788,1,449.67,27,1,2,1,15,97728,501,1000,1,1,1,1,1,1900113,1000000
2024KL0006789,1,449.67,88,2,1,1,5,6120,55,0,0,6,1,1,1,1900103,1000000
2024KL0006790,1,449.67,49,1,2,1,9,19693,179,3000,1,1,1,1,1,1900103,1000000
2024KL0006791,1,449.67,54,1,1,1,5,7998,72,8000,1,1,1,1,1,1900112,1000000
2024KL0006792,1,449.67,50,2,3,1,8,5735,52,9920,1,3,1,1,1,1900113,1000000
2024KL0006793,1,449.67,57,2,2,1,14,16354,148,6000,6,5,1,1,1,1900106,1000000
2024KL0006794,1,449.67,57,2,3,1,16,56896,501,1000,1,2,1,1,1,1900109,1000000
2024KL0006795,1,449.67,20,2,1,1,14,8613,78,6000,3,5,2,5,1,1900109,1000000
2024KL0006796,1,449.67,42,1,1,1,13,50871,462,6000,6,1,1,5,1,1900114,1000000
2024KL0006797,1,449.67,41,1,9,1,8,8854,80,6000,3,1,1,1,2,1900114,1000000
2024KL0006798,1,449.67,4,2,5,1,2,6061,55,0,0,6,1,5,1,1900114,1000000
2024KL0006799,1,449.67,2,1,3,1,1,4330,39,0,0,6,1,5,1,1900103,1000000
2024KL0006800,1,449.67,32,1,4,1,12,30962,281,7000,1,1,1,5,1,1900105,1000000
2024KL0006801,1,449.67,57,2,1,1,9,12016,109,3000,3,1,1,1,1,1900105,1000000
2024KL0006802,1,449.67,36,2,1,1,13,85105,501,4000,2,4,1,1,1,1900114,1000000
2024KL0006803,1,449.67,12,1,2,1,6,699,6,0,0,6,1,5,1,1900109,1000000
2024KL0006804,1,449.67,29,2,1,1,11,35974,327,1000,3,1,1,5,2,1900105,1000000
2024KL0006805,1,449.67,8,2,2,1,6,3297,29,0,0,6,1,5,2,1900114,1000000
2024KL0006806,1,449.67,20,2,3,1,17,14123,128,4000,1,1,1,5,1,1900111,1000000
2024KL0006807,1,449.67,25,1,2,1,16,22394,203,4000,2,1,1,1,1,1900112,1000000
2024KL0006808,1,449.67,53,1,1,1,10,14193,129,1000,1,4,1,2,1,1900107,1000000
2024KL0006809,1,449.67,42,1,4,1,9,47899,435,9000,6,1,1,1,1,1900113,1000000
2024KL0006810,1,449.67,43,1,1,1,9,87840,501,1000,2,5,1,1,1,1900105,1000000
2024KL0006811,1,449.67,60,2,1,1,12,34778,316,1000,1,2,1,1,1,1900113,1000000
2024KL0006812,1,449.67,41,2,3,1,19,132237,501,3000,1,1,1,1,1,1900112,1000000
2024KL0006813,1,449.67,44,1,1,1,12,13038,118,9000,3,1,1,1,1,1900105,1000000
2024KL0006814,1,449.67,25,2,2,1,14,39084,355,5000,1,1,1,1,1,1900104,1000000
2024KL0006815,1,449.67,97,2,2,1,6,4915,44,0,0,6,1,1,1,1900114,1000000
2024KL0006816,1,449.67,25,1,8,1,15,30459,276,1000,2,1,1,1,1,1900111,1000000
2024KL0006817,1,449.67,40,1,3,1,9,21397,194,8000,1,1,1,1,1,1900110,1000000
2024KL0006818,1,449.67,50,1,3,1,14,18367,166,4000,1,1,1,1,1,1900110,1000000
2024KL0006819,1,449.67,46,2,1,1,7,8859,80,7000,6,3,5,2,1,1900106,1000000
2024KL0006820,1,449.67,25,2,2,1,8,7122,64,6000,4,1,1,1,1,1900105,1000000
2024KL0006821,1,449.67,58,2,3,1,13,19488,177,8000,4,1,1,1,1,1900114,1000000
2024KL0006822,1,449.67,5,1,3,1,5,2324,21,0,0,6,2,5,1,1900102,1000000
2024KL0006823,1,449.67,35,2,5,1,14,11603,105,6000,4,1,1,1,1,1900102,1000000
2024KL0006824,1,449.67,63,2,4,1,6,6243,56,5000,6,2,1,1,1,1900109,1000000
2024KL0006825,1,449.67,39,1,1,1,8,3509,31,7000,1,1,1,1,1,1900107,1000000
2024KL0006826,1,449.67,53,1,1,1,6,6814,61,5000,1,1,1,5,1,1900101,1000000
2024KL0006827,1,449.67,40,1,1,1,11,15241,138,5000,1,1,1,1,1,1900100,1000000
2024KL0006828,1,449.67,9,1,4,1,4,6851,62,0,0,6,1,5,2,1900102,1000000
2024KL0006829,1,449.67,85,1,8,1,11,6600,60,0,0,6,1,5,1,1900101,1000000
2024KL0006830,1,449.67,30,1,2,1,13,23621,214,5000,3,1,1,1,1,1900111,1000000
2024KL0006831,1,449.67,31,1,1,1,17,121776,501,3000,3,2,1,5,1,1900109,1000000
2024KL0006832,1,449.67,56,1,1,1,13,40722,370,6000,1,1,1,1,1,1900108,1000000
2024KL0006833,1,449.67,1,1,6,1,2,1486,13,0,0,6,1,5,1,1900109,1000000
2024KL0006834,1,449.67,79,1,2,1,12,25167,228,0,0,6,1,3,1,1900110,1000000
2024KL0006835,1,449.67,59,2,1,1,7,25028,227,9800,4,1,1,2,1,1900100,1000000
2024KL0006836,1,449.67,31,2,1,1,9,54738,497,7000,6,5,1,5,1,1900105,1000000
2024KL0006837,1,449.67,18,2,2,1,20,80988,501,4000,1,1,1,1,1,1900108,1000000
2024KL0006838,1,449.67,7,2,2,1,6,2930,26,0,0,6,1,5,1,1900102,1000000
2024KL0006839,1,449.67,23,2,2,1,13,11043,100,3000,1,1,1,5,1,1900112,1000000
2024KL0006840,1,449.67,57,1,1,1,17,129174,501,3000,1,4,1,1,1,1900106,1000000
2024KL0006841,1,449.67,2,2,1,1,1,5715,51,0,0,6,1,5,1,1900111,1000000
2024KL0006842,1,449.67,18,1,1,1,12,7672,69,7000,6,1,1,5,1,1900103,1000000
2024KL0006843,1,449.67,43,2,1,1,6,3975,36,8000,1,1,1,1,1,1900106,1000000
2024KL0006844,1,449.67,1,2,1,1,1,3384,30,0,0,6,1,5,1,1900106,1000000
2024KL0006845,1,449.67,12,1,3,1,2,4272,38,0,0,6,1,5,1,1900100,1000000
2024KL0006846,1,449.67,43,1,6,1,8,8379,76,8000,1,3,1,5,1,1900101,1000000
2024KL0006847,1,449.67,11,1,7,1,4,17116,155,0,0,6,1,5,1,1900109,1000000
2024KL0006848,1,449.67,3,1,2,1,3,1178,10,0,0,6,1,5,1,1900107,1000000
2024KL0006849,1,449.67,53,1,1,1,14,11744,106,9800,1,2,1,2,1,1900111,1000000
2024KL0006850,1,449.67,56,2,2,1,10,10490,95,9000,1,1,1,1,1,1900111,1000000
2024KL0006851,1,449.67,28,1,1,1,10,36373,330,6000,1,2,2,1,1,1900104,1000000
2024KL0006852,1,449.67,34,1,6,1,9,42682,388,6000,1,3,1,5,1,1900105,1000000
2024KL0006853,1,449.67,10,1,1,1,4,3245,29,0,0,6,1,5,1,1900104,1000000
2024KL0006854,1,449.67,35,2,4,1,6,9310,84,9800,3,1,1,1,1,1900105,1000000
2024KL0006855,1,449.67,3,1,2,1,5,5134,46,0,0,6,1,5,2,1900111,1000000
2024KL0006856,1,449.67,40,2,2,1,13,18090,164,7000,1,1,1,1,1,1900109,1000000
2024KL0006857,1,449.67,52,1,1,1,18,71507,501,1000,1,1,1,1,1,1900100,1000000
2024KL0006858,1,449.67,95,2,1,1,5,7792,70,0,0,6,1,5,1,1900114,1000000
2024KL0006859,1,449.67,26,1,4,1,13,49653,451,9000,6,5,1,1,1,1900106,1000000
2024KL0006860,1,449.67,29,1,5,1,5,5663,51,7000,1,1,1,1,1,1900113,1000000
2024KL0006861,1,449.67,58,1,6,1,13,34635,314,5000,1,1,1,1,1,1900107,1000000
2024KL0006862,1,449.67,21,1,2,1,11,16168,146,9000,6,1,1,1,1,1900100,1000000
2024KL0006863,1,449.67,31,1,1,1,9,67245,501,6000,6,1,1,1,1,1900102,1000000
2024KL0006864,1,449.67,30,2,1,1,8,12963,117,9000,1,1,1,5,1,1900100,1000000
2024KL0006865,1,449.67,37,2,7,1,11,27615,251,9000,1,1,1,5,1,1900104,1000000
2024KL0006866,1,449.67,54,2,6,1,10,14945,135,6000,1,1,1,1,1,1900110,1000000
2024KL0006867,1,449.67,37,2,4,1,11,62875,501,9000,1,1,1,1,1,1900113,1000000
2024KL0006868,1,449.67,11,1,2,1,2,1971,17,0,0,6,2,5,1,1900109,1000000
2024KL0006869,1,449.67,38,1,2,1,5,7733,70,7000,1,1,1,1,1,1900106,1000000
2024KL0006870,1,449.67,25,2,3,1,11,7880,71,6000,1,1,1,5,1,1900110,1000000
2024KL0006871,1,449.67,18,1,1,1,18,23230,211,5000,1,1,1,1,1,1900105,1000000
2024KL0006872,1,449.67,50,2,1,1,17,66691,501,4000,2,2,1,1,2,1900106,1000000
2024KL0006873,1,449.67,16,1,6,1,17,23454,213,0,0,6,1,5,1,1900108,1000000
2024KL0006874,1,449.67,19,2,1,1,17,10578,96,4000,2,1,1,5,1,1900100,1000000
2024KL0006875,1,449.67,55,1,2,1,16,32874,298,6000,1,1,1,1,1,1900103,1000000
2024KL0006876,1,449.67,71,1,1,1,10,7453,67,0,0,6,1,1,1,1900106,1000000
2024KL0006877,1,449.67,40,1,9,1,7,18025,163,9800,1,2,1,1,1,1900102,1000000
2024KL0006878,1,449.67,40,2,2,1,18,39919,362,6000,1,1,1,5,1,1900113,1000000
2024KL0006879,1,449.67,27,1,3,1,13,23816,216,1000,1,1,1,1,1,1900109,1000000
2024KL0006880,1,449.67,30,1,1,1,8,6276,57,5000,1,1,1,1,1,1900107,1000000
2024KL0006881,1,449.67,10,2,5,1,6,8407,76,0,0,6,1,5,1,1900110,1000000
2024KL0006882,1,449.67,27,2,1,1,12,13369,121,7000,1,2,1,5,1,1900102,1000000
2024KL0006883,1,449.67,31,1,1,1,19,282373,501,3000,2,1,1,5,1,1900108,1000000
2024KL0006884,1,449.67,37,1,1,1,5,5992,54,5000,1,1,1,1,1,1900102,1000000
2024KL0006885,1,449.67,21,2,3,1,19,16884,153,3000,2,2,1,5,1,1900110,1000000
2024KL0006886,1,449.67,53,2,1,1,11,33097,300,1000,3,1,1,4,1,1900112,1000000
2024KL0006887,1,449.67,34,1,2,1,5,10655,96,5000,1,4,1,1,1,1900107,1000000
2024KL0006888,1,449.67,59,1,3,1,5,7692,69,5000,3,1,1,1,1,1900105,1000000
2024KL0006889,1,449.67,5,1,2,1,7,2528,22,0,0,6,1,5,1,1900110,1000000
2024KL0006890,1,449.67,44,1,2,1,11,36808,334,1000,1,1,1,1,1,1900100,1000000
2024KL0006891,1,449.67,24,1,1,1,14,6390,58,1000,1,1,1,5,1,1900113,1000000
2024KL0006892,1,449.67,10,1,1,1,1,2020,18,0,0,6,1,5,1,1900106,1000000
2024KL0006893,1,449.67,11,2,3,1,8,3389,30,0,0,6,1,5,1,1900102,1000000
2024KL0006894,1,449.67,16,1,3,1,15,11123,101,0,0,6,1,5,1,1900110,1000000
2024KL0006895,1,449.67,7,2,2,1,1,3889,35,0,0,6,1,5,1,1900104,1000000
2024KL0006896,1,449.67,41,1,1,1,9,36342,330,7000,4,1,1,1,1,1900107,1000000
2024KL0006897,1,449.67,85,1,1,1,6,3280,29,0,0,6,1,2,1,1900107,1000000
2024KL0006898,1,449.67,48,2,3,1,18,103919,501,5000,1,2,1,1,1,1900111,1000000
2024KL0006899,1,449.67,46,1,2,1,12,40062,364,7000,3,2,1,1,1,1900105,1000000
2024KL0006900,1,449.67,17,2,1,1,18,20303,184,0,0,6,1,5,1,1900101,1000000
2024KL0006901,1,449.67,3,2,5,1,4,5246,47,0,0,6,1,5,2,1900105,1000000
2024KL0006902,1,449.67,46,1,2,1,8,11738,106,9000,4,2,1,1,1,1900113,1000000
2024KL0006903,1,449.67,0,1,1,1,6,11661,106,0,0,6,1,5,1,1900113,1000000
2024KL0006904,1,449.67,20,1,1,1,14,18882,171,6000,3,2,1,5,1,1900109,1000000
2024KL0006905,1,449.67,22,1,1,1,14,72101,501,9000,1,1,1,1,1,1900104,1000000
2024KL0006906,1,449.67,43,1,1,1,7,12439,113,9000,1,5,1,1,1,1900106,1000000
2024KL0006907,1,449.67,19,2,7,1,14,22920,208,9800,3,1,1,5,1,1900113,1000000
2024KL0006908,1,449.67,14,2,5,1,4,601,5,0,0,6,1,5,1,1900112,1000000
2024KL0006909,1,449.67,33,1,1,1,8,13732,124,6000,4,1,1,1,2,1900110,1000000
2024KL0006910,1,449.67,2,1,5,1,6,2091,19,0,0,6,1,5,1,1900113,1000000
2024KL0006911,1,449.67,40,1,5,1,12,27240,247,9800,1,1,2,1,1,1900113,1000000
2024KL0006912,1,449.67,32,2,1,1,13,134720,501,5000,4,4,1,1,1,1900110,1000000
2024KL0006913,1,449.67,22,2,1,1,20,114322,501,3000,3,1,1,5,2,1900104,1000000
2024KL0006914,1,449.67,2,2,1,1,4,15450,140,0,0,6,1,5,1,1900103,1000000
2024KL0006915,1,449.67,12,2,1,1,4,3084,28,0,0,6,1,5,1,1900100,1000000
2024KL0006916,1,449.67,28,1,2,1,12,6243,56,5000,1,1,1,1,1,1900103,1000000
2024KL0006917,1,449.67,50,2,1,1,8,27221,247,9000,4,1,1,2,1,1900109,1000000
2024KL0006918,1,449.67,12,1,4,1,1,7075,64,0,0,6,1,5,1,1900111,1000000
2024KL0006919,1,449.67,71,1,1,1,8,6270,56,0,0,6,1,1,2,1900104,1000000
2024KL0006920,1,449.67,40,2,2,1,19,186094,501,1000,2,1,1,1,1,1900103,1000000
2024KL0006921,1,449.67,29,1,1,1,14,20547,186,4000,3,1,1,1,1,1900112,1000000
2024KL0006922,1,449.67,28,2,1,1,8,19333,175,9800,6,1,1,1,1,1900104,1000000
2024KL0006923,1,449.67,27,2,6,1,10,28427,258,8000,1,1,1,1,1,1900109,1000000
2024KL0006924,1,449.67,97,2,6,1,7,5728,52,0,0,6,1,2,1,1900102,1000000
2024KL0006925,1,449.67,80,1,5,1,6,17170,156,0,0,6,1,1,1,1900111,1000000
2024KL0006926,1,449.67,19,1,1,1,12,28687,260,6000,1,1,1,1,1,1900101,1000000
2024KL0006927,1,449.67,22,1,3,1,15,124791,501,2000,1,1,1,5,1,1900110,1000000
2024KL0006928,1,449.67,73,2,1,1,7,8953,81,0,0,6,1,2,1,1900109,1000000
2024KL0006929,1,449.67,47,2,2,1,7,3798,34,9920,1,1,1,1,1,1900109,1000000
2024KL0006930,1,449.67,7,2,2,1,1,3670,33,0,0,6,1,5,1,1900110,1000000
2024KL0006931,1,449.67,16,2,2,1,19,54584,496,0,0,6,1,5,1,1900111,1000000
2024KL0006932,1,449.67,9,1,2,1,2,4157,37,0,0,6,1,5,1,1900113,1000000
2024KL0006933,1,449.67,39,1,1,1,15,48765,443,5000,1,2,1,5,1,1900106,1000000
2024KL0006934,1,449.67,14,2,2,1,2,4900,44,0,0,6,1,5,1,1900112,1000000
2024KL0006935,1,449.67,15,2,1,1,18,13710,124,0,0,6,1,5,1,1900109,1000000
2024KL0006936,1,449.67,16,1,5,1,14,21645,196,0,0,6,1,5,1,1900104,1000000
2024KL0006937,1,449.67,33,2,4,1,12,11728,106,7000,1,3,1,1,1,1900108,1000000
2024KL0006938,1,449.67,15,1,1,1,20,59621,501,0,0,6,1,5,1,1900112,1000000
2024KL0006939,1,449.67,18,1,1,1,18,23519,213,3000,1,1,1,1,1,1900110,1000000
2024KL0006940,1,449.67,58,1,3,1,8,28658,260,6000,1,1,1,1,1,1900110,1000000
2024KL0006941,1,449.67,18,2,1,1,10,6011,54,9000,1,1,1,5,1,1900109,1000000
2024KL0006942,1,449.67,56,2,1,1,5,27621,251,6000,3,2,1,1,1,1900108,1000000
2024KL0006943,1,449.67,39,1,1,1,8,37664,342,5000,6,1,1,1,1,1900102,1000000
2024KL0006944,1,449.67,42,2,3,1,9,15121,137,9000,4,1,1,2,1,1900111,1000000
2024KL0006945,1,449.67,25,1,1,1,8,4831,43,7000,1,1,1,1,1,1900112,1000000
2024KL0006946,1,449.67,57,2,2,1,7,7661,69,6000,1,1,1,3,1,1900111,1000000
2024KL0006947,1,449.67,18,1,4,1,18,12211,111,4000,3,1,1,1,1,1900110,1000000
2024KL0006948,1,449.67,23,2,2,1,14,51601,469,8000,4,3,1,1,1,1900100,1000000
2024KL0006949,1,449.67,50,2,3,1,8,6748,61,7000,3,2,1,1,1,1900101,1000000
2024KL0006950,1,449.67,56,2,1,1,8,41615,378,5000,6,1,1,1,1,1900114,1000000
2024KL0006951,1,449.67,32,2,1,1,17,206266,501,4000,1,1,1,1,1,1900104,1000000
2024KL0006952,1,449.67,33,1,3,1,10,23250,211,2000,1,5,1,1,1,1900105,1000000
2024KL0006953,1,449.67,21,1,1,1,20,100942,501,1000,3,1,1,5,1,1900104,1000000
2024KL0006954,1,449.67,65,1,7,1,6,757,6,9800,1,1,1,1,1,1900100,1000000
2024KL0006955,1,449.67,30,2,5,1,8,35168,319,9800,3,2,1,1,1,1900109,1000000
2024KL0006956,1,449.67,11,1,3,1,6,615,5,0,0,6,1,5,1,1900100,1000000
2024KL0006957,1,449.67,11,2,2,1,6,5299,48,0,0,6,1,5,1,1900105,1000000
2024KL0006958,1,449.67,43,2,1,1,20,118491,501,1000,1,1,1,5,1,1900114,1000000
2024KL0006959,1,449.67,39,2,1,1,15,181682,501,5000,6,1,1,1,1,1900108,1000000
2024KL0006960,1,449.67,0,1,3,1,7,1014,9,0,0,6,2,5,1,1900105,1000000
2024KL0006961,1,449.67,28,2,2,1,14,8884,80,8000,1,1,1,1,1,1900110,1000000
2024KL0006962,1,449.67,13,2,2,1,4,6071,55,0,0,6,1,5,1,1900110,1000000
2024KL0006963,1,449.67,41,2,1,1,9,19940,181,6000,3,4,1,1,1,1900101,1000000
2024KL0006964,1,449.67,34,2,4,1,11,10303,93,5000,1,4,1,1,1,1900108,1000000
2024KL0006965,1,449.67,16,1,3,1,15,22073,200,0,0,6,1,5,1,1900103,1000000
2024KL0006966,1,449.67,94,1,1,1,6,9816,89,0,0,6,1,1,1,1900100,1000000
2024KL0006967,1,449.67,53,2,1,1,11,32689,297,9000,1,1,1,1,1,1900100,1000000
2024KL0006968,1,449.67,8,1,1,1,2,5255,47,0,0,6,1,5,1,1900110,1000000
2024KL0006969,1,449.67,34,1,1,1,10,36265,329,5000,1,1,1,1,1,1900113,1000000
2024KL0006970,1,449.67,41,2,1,1,12,18208,165,5000,4,1,1,1,1,1900109,1000000
2024KL0006971,1,449.67,24,1,5,1,17,191560,501,6000,6,1,1,5,1,1900106,1000000
2024KL0006972,1,449.67,6,1,2,1,6,6251,56,0,0,6,1,5,1,1900105,1000000
2024KL0006973,1,449.67,50,1,4,1,14,25248,229,5000,1,1,1,1,1,1900100,1000000
2024KL0006974,1,449.67,1,2,1,1,5,4262,38,0,0,6,1,5,2,1900109,1000000
2024KL0006975,1,449.67,22,2,4,1,15,91076,501,3000,1,1,1,5,1,1900113,1000000
2024KL0006976,1,449.67,3,1,3,1,1,6754,61,0,0,6,1,5,1,1900104,1000000
2024KL0006977,1,449.67,40,1,2,1,18,36014,327,6000,1,1,1,1,1,1900110,1000000
2024KL0006978,1,449.67,42,1,1,1,13,51199,465,6000,1,3,1,1,1,1900100,1000000
2024KL0006979,1,449.67,8,1,5,1,2,1796,16,0,0,6,1,5,1,1900111,1000000
2024KL0006980,1,449.67,18,2,4,1,11,9992,90,5000,4,1,1,5,1,1900113,1000000
2024KL0006981,1,449.67,18,2,2,1,18,7796,70,5000,1,1,1,5,1,1900107,1000000
2024KL0006982,1,449.67,92,1,2,1,6,1969,17,0,0,6,1,2,1,1900114,1000000
2024KL0006983,1,449.67,57,2,1,1,5,2943,26,8000,3,1,1,5,1,1900112,1000000
2024KL0006984,1,449.67,23,2,8,1,18,26847,244,4000,3,1,1,5,1,1900102,1000000
2024KL0006985,1,449.67,22,2,7,1,20,143939,501,2000,1,2,1,5,1,1900112,1000000
2024KL0006986,1,449.67,4,1,2,1,2,744,6,0,0,6,1,5,1,1900101,1000000
2024KL0006987,1,449.67,65,1,3,1,5,5609,50,7000,3,1,1,5,1,1900112,1000000
2024KL0006988,1,449.67,25,2,3,1,7,7624,69,9000,1,1,1,5,1,1900114,1000000
2024KL0006989,1,449.67,54,1,6,1,9,24381,221,5000,3,1,1,2,1,1900111,1000000
2024KL0006990,1,449.67,95,2,5,1,5,1794,16,0,0,6,1,3,2,1900114,1000000
2024KL0006991,1,449.67,27,2,1,1,7,4084,37,8000,1,1,1,5,1,1900104,1000000
2024KL0006992,1,449.67,90,1,7,1,5,2798,25,0,0,6,1,1,1,1900110,1000000
2024KL0006993,1,449.67,39,1,3,1,6,12902,117,9920,3,1,1,1,1,1900113,1000000
2024KL0006994,1,449.67,58,2,1,1,12,17068,155,5000,4,1,1,1,1,1900100,1000000
2024KL0006995,1,449.67,29,2,1,1,12,28346,257,6000,1,2,1,1,1,1900103,1000000
2024KL0006996,1,449.67,5,1,1,1,6,3804,34,0,0,6,1,5,1,1900103,1000000
2024KL0006997,1,449.67,12,1,8,1,1,17120,155,0,0,6,1,5,1,1900106,1000000
2024KL0006998,1,449.67,27,2,4,1,6,8832,80,7000,1,1,1,1,1,1900103,1000000
2024KL0006999,1,449.67,35,1,4,1,16,46341,421,6000,1,2,1,1,1,1900107,1000000
2024KL0007000,1,449.67,10,1,1,1,6,8445,76,0,0,6,2,5,1,1900111,1000000
2024KL0007001,1,449.67,4,1,1,1,4,3069,27,0,0,6,1,5,1,1900100,1000000
2024KL0007002,1,449.67,55,2,6,1,16,224357,501,6000,1,1,1,2,1,1900114,1000000
2024KL0007003,1,449.67,6,2,3,1,1,1828,16,0,0,6,1,5,1,1900106,1000000
2024KL0007004,1,449.67,14,1,1,1,7,1987,18,0,0,6,1,5,1,1900100,1000000
2024KL0007005,1,449.67,41,2,1,1,16,101844,501,4000,2,1,1,5,1,1900101,1000000
2024KL0007006,1,449.67,56,1,1,1,10,58744,501,7000,4,1,1,2,1,1900110,1000000
2024KL0007007,1,449.67,55,1,1,1,7,2280,20,5000,4,1,1,1,1,1900105,1000000
2024KL0007008,1,449.67,5,1,1,1,2,16173,147,0,0,6,1,5,1,1900103,1000000
2024KL0007009,1,449.67,12,1,4,1,6,941,8,0,0,6,1,5,1,1900113,1000000
2024KL0007010,1,449.67,33,1,4,1,5,6256,56,5000,1,2,1,1,1,1900111,1000000
2024KL0007011,1,449.67,87,2,2,1,5,5289,48,0,0,6,1,1,1,1900103,1000000
2024KL0007012,1,449.67,6,1,1,1,1,3099,28,0,0,6,1,5,1,1900108,1000000
2024KL0007013,1,449.67,87,2,3,1,11,5592,50,0,0,6,1,1,1,1900100,1000000
2024KL0007014,1,449.67,21,1,2,1,17,20573,187,1000,1,5,1,1,1,1900101,1000000
2024KL0007015,1,449.67,27,1,6,1,14,10147,92,6000,3,1,1,1,1,1900107,1000000
2024KL0007016,1,449.67,75,1,4,1,5,2761,25,0,0,6,1,5,1,1900111,1000000
2024KL0007017,1,449.67,24,2,4,1,16,78794,501,1000,2,3,1,1,1,1900102,1000000
2024KL0007018,1,449.67,3,1,2,1,5,2806,25,0,0,6,1,5,1,1900101,1000000
2024KL0007019,1,449.67,61,1,3,1,11,20816,189,6000,1,1,1,4,1,1900105,1000000
2024KL0007020,1,449.67,21,1,2,1,11,25559,232,7000,1,3,1,5,1,1900103,1000000
2024KL0007021,1,449.67,39,2,7,1,15,43684,397,6000,4,1,1,1,1,1900102,1000000
2024KL0007022,1,449.67,34,2,8,1,11,8611,78,8000,4,4,1,1,1,1900105,1000000
2024KL0007023,1,449.67,22,1,2,1,13,48138,437,6000,1,1,1,5,1,1900111,1000000
2024KL0007024,1,449.67,2,1,1,1,1,4850,44,0,0,6,1,5,1,1900107,1000000
2024KL0007025,1,449.67,47,2,6,1,12,46973,427,1000,3,1,1,1,2,1900100,1000000
2024KL0007026,1,449.67,15,1,3,1,15,51387,467,0,0,6,1,5,1,1900103,1000000
2024KL0007027,1,449.67,7,2,1,1,1,5998,54,0,0,6,1,5,1,1900111,1000000
2024KL0007028,1,449.67,34,1,4,1,11,26440,240,6000,3,1,1,5,1,1900114,1000000
2024KL0007029,1,449.67,19,1,1,1,16,19689,178,6000,4,1,1,5,1,1900113,1000000
2024KL0007030,1,449.67,17,1,2,1,12,2711,24,0,0,6,1,5,1,1900101,1000000
2024KL0007031,1,449.67,7,2,1,1,4,1770,16,0,0,6,1,5,1,1900107,1000000
2024KL0007032,1,449.67,45,2,3,1,11,22564,205,9000,3,1,1,1,1,1900103,1000000
2024KL0007033,1,449.67,5,1,1,1,6,6537,59,0,0,6,2,5,1,1900103,1000000
2024KL0007034,1,449.67,5,1,1,1,8,5387,48,0,0,6,1,5,1,1900102,1000000
2024KL0007035,1,449.67,45,2,2,1,13,124441,501,6000,3,1,1,3,1,1900113,1000000
2024KL0007036,1,449.67,48,2,3,1,11,137228,501,5000,4,2,1,1,1,1900104,1000000
2024KL0007037,1,449.67,11,1,3,1,3,2689,24,0,0,6,1,5,1,1900113,1000000
2024KL0007038,1,449.67,28,1,1,1,12,21991,199,3000,1,1,1,1,1,1900105,1000000
2024KL0007039,1,449.67,58,1,2,1,13,30774,279,9000,1,1,1,5,1,1900108,1000000
2024KL0007040,1,449.67,26,2,1,1,5,7927,72,7000,1,1,1,1,1,1900103,1000000
2024KL0007041,1,449.67,41,2,2,1,10,15092,137,5000,3,2,1,1,1,1900105,1000000
2024KL0007042,1,449.67,23,2,2,1,17,37751,343,4000,1,5,1,1,1,1900106,1000000
2024KL0007043,1,449.67,38,2,1,1,16,75658,501,3000,1,2,1,1,1,1900104,1000000
2024KL0007044,1,449.67,25,1,4,1,12,13040,118,3000,2,3,1,5,1,1900106,1000000
2024KL0007045,1,449.67,27,2,2,1,10,6739,61,8000,3,2,1,5,1,1900111,1000000
2024KL0007046,1,449.67,16,1,7,1,12,3396,30,0,0,6,1,5,1,1900101,1000000
2024KL0007047,1,449.67,43,1,3,1,14,10152,92,6000,6,1,1,1,1,1900107,1000000
2024KL0007048,1,449.67,47,2,1,1,7,7626,69,7000,1,1,2,1,1,1900111,1000000
2024KL0007049,1,449.67,8,1,4,1,3,2696,24,0,0,6,1,5,1,1900100,1000000
2024KL0007050,1,449.67,6,1,1,1,5,14259,129,0,0,6,1,5,1,1900108,1000000
2024KL0007051,1,449.67,29,1,1,1,12,15911,144,8000,1,1,1,1,1,1900100,1000000
2024KL0007052,1,449.67,17,1,1,1,16,28586,259,0,0,6,1,5,1,1900114,1000000
2024KL0007053,1,449.67,16,1,1,1,12,5728,52,0,0,6,1,5,1,1900106,1000000
2024KL0007054,1,449.67,48,1,1,1,5,8926,81,8000,1,1,1,1,1,1900106,1000000
2024KL0007055,1,449.67,21,1,1,1,12,12990,118,7000,3,1,1,5,1,1900103,1000000
2024KL0007056,1,449.67,43,2,4,1,13,26048,236,8000,4,1,1,1,1,1900110,1000000
2024KL0007057,1,449.67,24,2,1,1,17,75116,501,3000,1,1,1,5,1,1900102,1000000
2024KL0007058,1,449.67,15,1,2,1,10,7423,67,0,0,6,1,5,1,1900101,1000000
2024KL0007059,1,449.67,54,1,1,1,8,3858,35,7000,1,1,1,2,2,1900113,1000000
2024KL0007060,1,449.67,24,2,2,1,18,85743,501,6000,4,4,1,5,1,1900107,1000000
2024KL0007061,1,449.67,20,1,1,1,17,20231,183,4000,1,1,1,1,1,1900108,1000000
2024KL0007062,1,449.67,90,2,1,1,6,9491,86,0,0,6,1,5,2,1900102,1000000
2024KL0007063,1,449.67,6,2,4,1,1,5575,50,0,0,6,1,5,1,1900103,1000000
2024KL0007064,1,449.67,14,1,3,1,8,7275,66,0,0,6,2,5,1,1900110,1000000
2024KL0007065,1,449.67,13,1,1,1,3,5379,48,0,0,6,1,5,1,1900114,1000000
2024KL0007066,1,449.67,58,2,1,1,11,19560,177,2000,3,1,1,2,1,1900102,1000000
2024KL0007067,1,449.67,36,1,1,1,10,26274,238,3000,1,1,1,1,1,1900108,1000000
2024KL0007068,1,449.67,12,2,1,1,2,2375,21,0,0,6,1,5,1,1900106,1000000
2024KL0007069,1,449.67,41,1,4,1,5,24049,218,9920,4,1,1,5,1,1900110,1000000
2024KL0007070,1,449.67,29,1,1,1,5,9832,89,6000,3,1,1,1,2,1900113,1000000
2024KL0007071,1,449.67,3,2,3,1,4,1727,15,0,0,6,1,5,2,1900106,1000000
2024KL0007072,1,449.67,0,2,2,1,5,4949,44,0,0,6,1,5,1,1900104,1000000
2024KL0007073,1,449.67,2,1,2,1,4,4853,44,0,0,6,1,5,1,1900114,1000000
2024KL0007074,1,449.67,9,1,1,1,8,13216,120,0,0,6,1,5,1,1900102,1000000
2024KL0007075,1,449.67,9,2,1,1,4,5364,48,0,0,6,1,5,1,1900103,1000000
2024KL0007076,1,449.67,51,1,1,1,7,17471,158,6000,1,1,1,5,1,1900113,1000000
2024KL0007077,1,449.67,32,2,1,1,5,25709,233,7000,3,4,1,5,1,1900113,1000000
2024KL0007078,1,449.67,41,1,4,1,15,57076,501,6000,1,1,1,1,2,1900111,1000000
2024KL0007079,1,449.67,62,1,3,1,5,16345,148,9000,3,1,1,1,1,1900112,1000000
2024KL0007080,1,449.67,39,1,2,1,14,42210,383,6000,3,1,1,1,1,1900108,1000000
2024KL0007081,1,449.67,5,1,3,1,4,683,6,0,0,6,1,5,1,1900108,1000000
2024KL0007082,1,449.67,38,1,1,1,10,13800,125,6000,3,1,1,1,1,1900110,1000000
2024KL0007083,1,449.67,16,1,1,1,20,25984,236,0,0,6,1,5,1,1900110,1000000
2024KL0007084,1,449.67,19,2,1,1,19,77482,501,3000,1,3,1,5,1,1900103,1000000
2024KL0007085,1,449.67,38,1,1,1,6,9838,89,9800,4,1,1,1,1,1900105,1000000
2024KL0007086,1,449.67,4,1,7,1,7,1476,13,0,0,6,1,5,1,1900107,1000000
2024KL0007087,1,449.67,38,1,1,1,7,21783,198,5000,1,1,1,1,1,1900112,1000000
2024KL0007088,1,449.67,61,2,5,1,5,5854,53,8000,3,1,1,1,1,1900104,1000000
2024KL0007089,1,449.67,14,1,3,1,2,10841,98,0,0,6,1,5,1,1900103,1000000
2024KL0007090,1,449.67,47,1,5,1,12,58164,501,8000,1,1,1,1,1,1900110,1000000
2024KL0007091,1,449.67,24,1,1,1,18,31025,282,4000,1,1,1,5,1,1900101,1000000
2024KL0007092,1,449.67,45,1,1,1,7,12586,114,8000,4,4,1,1,2,1900101,1000000
2024KL0007093,1,449.67,21,2,6,1,18,38527,350,3000,1,1,1,1,1,1900102,1000000
2024KL0007094,1,449.67,22,1,1,1,15,47946,435,3000,1,3,1,5,1,1900111,1000000
2024KL0007095,1,449.67,5,1,3,1,3,2547,23,0,0,6,1,5,1,1900106,1000000
2024KL0007096,1,449.67,28,2,9,1,8,14560,132,9000,1,1,1,1,1,1900110,1000000
2024KL0007097,1,449.67,38,1,1,1,15,49537,450,3000,1,1,1,1,1,1900114,1000000
2024KL0007098,1,449.67,92,1,1,1,8,16753,152,0,0,6,1,1,1,1900106,1000000
2024KL0007099,1,449.67,51,2,6,1,9,5127,46,7000,1,1,1,1,1,1900113,1000000
2024KL0007100,1,449.67,1,1,1,1,3,3820,34,0,0,6,1,5,1,1900111,1000000
2024KL0007101,1,449.67,5,1,1,1,7,1199,10,0,0,6,1,5,1,1900104,1000000
2024KL0007102,1,449.67,32,2,3,1,14,23473,213,9800,6,1,1,5,1,1900100,1000000
2024KL0007103,1,449.67,2,1,6,1,4,2078,18,0,0,6,1,5,2,1900111,1000000
2024KL0007104,1,449.67,9,2,1,1,7,4811,43,0,0,6,1,5,1,1900109,1000000
2024KL0007105,1,449.67,27,2,3,1,9,21958,199,4000,2,1,1,1,1,1900111,1000000
2024KL0007106,1,449.67,42,1,1,1,17,203493,501,3000,1,1,1,1,1,1900113,1000000
2024KL0007107,1,449.67,25,2,3,1,8,6632,60,8000,1,1,1,1,1,1900100,1000000
2024KL0007108,1,449.67,29,1,4,1,16,79399,501,4000,1,3,1,5,1,1900111,1000000
2024KL0007109,1,449.67,35,1,1,1,5,3954,35,7000,6,3,1,1,2,1900112,1000000
2024KL0007110,1,449.67,40,2,2,1,9,11476,104,5000,1,1,1,1,1,1900102,1000000
2024KL0007111,1,449.67,48,2,1,1,10,20756,188,6000,1,2,1,1,1,1900111,1000000
2024KL0007112,1,449.67,32,1,1,1,12,33351,303,2000,1,5,1,5,1,1900107,1000000
2024KL0007113,1,449.67,41,1,3,1,14,15488,140,1000,1,2,1,1,1,1900113,1000000
2024KL0007114,1,449.67,16,1,1,1,12,3585,32,0,0,6,1,5,1,1900100,1000000
2024KL0007115,1,449.67,49,2,1,1,8,12262,111,9800,1,1,1,1,1,1900110,1000000
2024KL0007116,1,449.67,5,2,1,1,4,3977,36,0,0,6,1,5,1,1900104,1000000
2024KL0007117,1,449.67,20,2,1,1,14,5313,48,9000,1,1,1,5,1,1900111,1000000
2024KL0007118,1,449.67,22,1,2,1,20,171911,501,2000,1,1,1,5,1,1900111,1000000
2024KL0007119,1,449.67,5,1,1,1,7,2960,26,0,0,6,1,5,1,1900113,1000000
2024KL0007120,1,449.67,46,1,1,1,6,9642,87,8000,6,1,1,2,1,1900111,1000000
2024KL0007121,1,449.67,10,1,3,1,5,3314,30,0,0,6,1,5,1,1900105,1000000
2024KL0007122,1,449.67,7,1,7,1,3,7846,71,0,0,6,1,5,1,1900103,1000000
2024KL0007123,1,449.67,25,1,5,1,8,10955,99,5000,1,1,2,1,1,1900105,1000000
2024KL0007124,1,449.67,93,2,3,1,5,5441,49,0,0,6,1,1,1,1900113,1000000
2024KL0007125,1,449.67,37,2,1,1,11,45877,417,7000,3,1,1,1,1,1900107,1000000
2024KL0007126,1,449.67,47,1,1,1,9,55227,501,7000,6,1,1,5,1,1900114,1000000
2024KL0007127,1,449.67,36,1,2,1,10,64594,501,1000,1,1,1,1,1,1900114,1000000
2024KL0007128,1,449.67,38,2,2,1,16,25142,228,5000,3,1,1,1,1,1900110,1000000
2024KL0007129,1,449.67,99,1,2,1,12,4926,44,0,0,6,1,2,1,1900114,1000000
2024KL0007130,1,449.67,36,2,1,1,13,72122,501,8000,6,1,1,1,1,1900107,1000000
2024KL0007131,1,449.67,26,1,1,1,13,29050,264,1000,2,1,1,1,1,1900100,1000000
2024KL0007132,1,449.67,97,1,4,1,6,2387,21,0,0,6,1,1,1,1900112,1000000
2024KL0007133,1,449.67,40,1,2,1,9,25778,234,8000,1,1,1,1,1,1900101,1000000
2024KL0007134,1,449.67,85,1,1,1,6,4775,43,0,0,6,1,1,1,1900108,1000000
2024KL0007135,1,449.67,43,1,4,1,20,172085,501,4000,1,3,1,5,1,1900110,1000000
2024KL0007136,1,449.67,29,2,2,1,9,11080,100,6000,4,5,1,5,1,1900111,1000000
2024KL0007137,1,449.67,17,1,4,1,18,42611,387,0,0,6,1,5,1,1900105,1000000
2024KL0007138,1,449.67,18,2,2,1,17,64816,501,5000,4,1,1,5,1,1900106,1000000
2024KL0007139,1,449.67,5,2,1,1,6,1566,14,0,0,6,1,5,1,1900104,1000000
2024KL0007140,1,449.67,21,2,1,1,19,29504,268,4000,1,1,1,1,1,1900106,1000000
2024KL0007141,1,449.67,10,2,1,1,1,3567,32,0,0,6,1,5,1,1900112,1000000
2024KL0007142,1,449.67,44,2,1,1,11,116087,501,9000,3,2,1,2,1,1900100,1000000
2024KL0007143,1,449.67,37,1,2,1,10,38685,351,6000,1,1,1,1,1,1900107,1000000
2024KL0007144,1,449.67,0,2,1,1,6,3331,30,0,0,6,1,5,1,1900111,1000000
2024KL0007145,1,449.67,7,2,1,1,3,3109,28,0,0,6,1,5,1,1900105,1000000
2024KL0007146,1,449.67,32,2,1,1,16,40539,368,1000,2,1,1,5,1,1900113,1000000
2024KL0007147,1,449.67,24,2,2,1,10,39138,355,7000,1,1,1,1,1,1900100,1000000
2024KL0007148,1,449.67,33,2,2,1,10,22392,203,7000,4,5,1,1,2,1900106,1000000
2024KL0007149,1,449.67,44,1,1,1,20,157222,501,3000,1,1,1,1,1,1900112,1000000
2024KL0007150,1,449.67,5,1,3,1,5,3384,30,0,0,6,1,5,1,1900101,1000000
2024KL0007151,1,449.67,17,1,2,1,15,37359,339,0,0,6,1,5,1,1900107,1000000
2024KL0007152,1,449.67,48,1,1,1,10,16006,145,6000,3,1,1,1,1,1900113,1000000
2024KL0007153,1,449.67,51,1,1,1,8,16953,154,9800,1,1,1,1,1,1900107,1000000
2024KL0007154,1,449.67,25,1,4,1,5,6909,62,9000,3,5,1,1,1,1900108,1000000
2024KL0007155,1,449.67,34,2,1,1,9,8902,80,7000,3,1,1,5,1,1900113,1000000
2024KL0007156,1,449.67,96,1,2,1,12,15339,139,0,0,6,1,1,1,1900101,1000000
2024KL0007157,1,449.67,99,2,4,1,7,11127,101,0,0,6,1,1,2,1900107,1000000
2024KL0007158,1,449.67,45,1,1,1,8,22850,207,5000,1,1,1,1,1,1900108,1000000
2024KL0007159,1,449.67,14,1,1,1,2,2949,26,0,0,6,1,5,1,1900102,1000000
2024KL0007160,1,449.67,19,2,1,1,15,13775,125,1000,1,5,1,1,1,1900106,1000000
2024KL0007161,1,449.67,38,2,1,1,5,2925,26,9800,1,1,1,1,1,1900106,1000000
2024KL0007162,1,449.67,59,2,3,1,5,31642,287,6000,3,4,1,5,1,1900113,1000000
2024KL0007163,1,449.67,23,2,1,1,17,249015,501,3000,1,1,1,5,1,1900101,1000000
2024KL0007164,1,449.67,8,1,3,1,4,24702,224,0,0,6,1,5,1,1900111,1000000
2024KL0007165,1,449.67,86,2,5,1,6,5054,45,0,0,6,1,1,1,1900112,1000000
2024KL0007166,1,449.67,19,1,5,1,14,26259,238,6000,4,1,1,5,1,1900104,1000000
2024KL0007167,1,449.67,41,2,1,1,16,64261,501,5000,1,1,1,1,1,1900105,1000000
2024KL0007168,1,449.67,44,2,3,1,11,42664,387,1000,1,1,1,1,1,1900109,1000000
2024KL0007169,1,449.67,23,1,3,1,10,12594,114,8000,1,1,1,5,1,1900100,1000000
2024KL0007170,1,449.67,4,2,1,1,8,1777,16,0,0,6,1,5,1,1900101,1000000
2024KL0007171,1,449.67,43,1,4,1,11,93003,501,9800,4,1,1,1,1,1900105,1000000
2024KL0007172,1,449.67,32,2,6,1,15,57369,501,3000,1,1,1,5,1,1900101,1000000
2024KL0007173,1,449.67,34,1,2,1,10,28160,256,6000,1,1,1,1,1,1900102,1000000
2024KL0007174,1,449.67,31,2,5,1,10,33044,300,9000,1,1,1,1,1,1900113,1000000
2024KL0007175,1,449.67,71,1,1,1,11,4012,36,0,0,6,1,1,1,1900108,1000000
2024KL0007176,1,449.67,26,2,1,1,9,27899,253,1000,2,1,1,1,1,1900106,1000000
2024KL0007177,1,449.67,47,1,2,1,7,11821,107,7000,1,1,1,1,1,1900104,1000000
2024KL0007178,1,449.67,44,1,2,1,14,10160,92,5000,3,1,1,1,1,1900107,1000000
2024KL0007179,1,449.67,65,2,1,1,5,1540,14,7000,1,1,1,2,1,1900114,1000000
2024KL0007180,1,449.67,25,1,1,1,12,38291,348,6000,4,5,1,5,1,1900109,1000000
2024KL0007181,1,449.67,83,2,2,1,11,12542,114,0,0,6,1,1,1,1900101,1000000
2024KL0007182,1,449.67,69,2,1,1,6,5471,49,5000,4,1,1,2,1,1900108,1000000
2024KL0007183,1,449.67,36,1,7,1,20,254897,501,3000,1,1,2,1,1,1900103,1000000
2024KL0007184,1,449.67,39,2,2,1,8,9125,82,5000,3,1,1,1,1,1900100,1000000
2024KL0007185,1,449.67,51,2,1,1,9,19769,179,6000,6,5,1,1,1,1900114,1000000
2024KL0007186,1,449.67,32,2,2,1,13,18905,171,7000,1,1,1,1,1,1900111,1000000
2024KL0007187,1,449.67,15,2,1,1,17,10094,91,0,0,6,1,5,1,1900104,1000000
2024KL0007188,1,449.67,45,2,2,1,10,9677,87,6000,3,1,1,1,1,1900113,1000000
2024KL0007189,1,449.67,33,2,7,1,9,22141,201,3000,1,1,1,1,1,1900108,1000000
2024KL0007190,1,449.67,36,1,1,1,12,159926,501,8000,1,2,1,3,2,1900110,1000000
2024KL0007191,1,449.67,35,1,2,1,10,20948,190,1000,3,1,1,1,1,1900113,1000000
2024KL0007192,1,449.67,24,2,1,1,18,59084,501,5000,3,1,1,5,1,1900112,1000000
2024KL0007193,1,449.67,36,2,2,1,15,22272,202,3000,1,1,1,1,1,1900113,1000000
2024KL0007194,1,449.67,23,1,3,1,14,11762,106,5000,6,1,1,5,1,1900111,1000000
2024KL0007195,1,449.67,9,1,1,1,2,5800,52,0,0,6,1,5,1,1900110,1000000
2024KL0007196,1,449.67,23,2,1,1,16,23939,217,6000,4,1,1,5,1,1900102,1000000
2024KL0007197,1,449.67,13,2,2,1,4,7205,65,0,0,6,1,5,1,1900109,1000000
2024KL0007198,1,449.67,14,2,1,1,6,3975,36,0,0,6,1,5,1,1900103,1000000
2024KL0007199,1,449.67,99,1,2,1,6,1819,16,0,0,6,1,1,1,1900110,1000000
2024KL0007200,1,449.67,25,2,6,1,14,34085,309,2000,1,3,1,1,1,1900108,1000000
2024KL0007201,1,449.67,8,2,2,1,7,7774,70,0,0,6,1,5,1,1900113,1000000
2024KL0007202,1,449.67,56,1,1,1,12,50007,454,5000,3,1,1,2,1,1900109,1000000
2024KL0007203,1,449.67,88,1,4,1,8,13798,125,0,0,6,1,2,1,1900100,1000000
2024KL0007204,1,449.67,42,2,1,1,14,20172,183,8000,4,1,1,1,1,1900103,1000000
2024KL0007205,1,449.67,43,1,1,1,10,33093,300,5000,1,1,1,2,1,1900103,1000000
2024KL0007206,1,449.67,9,1,3,1,4,2350,21,0,0,6,1,5,1,1900108,1000000
2024KL0007207,1,449.67,9,1,6,1,8,3433,31,0,0,6,1,5,1,1900112,1000000
2024KL0007208,1,449.67,17,2,1,1,16,20458,185,0,0,6,1,5,2,1900103,1000000
2024KL0007209,1,449.67,27,2,4,1,12,9345,84,5000,4,1,1,1,1,1900102,1000000
2024KL0007210,1,449.67,6,1,1,1,3,1629,14,0,0,6,1,5,1,1900108,1000000
2024KL0007211,1,449.67,25,1,1,1,5,2422,22,6000,3,1,2,5,1,1900101,1000000
2024KL0007212,1,449.67,24,1,2,1,16,55120,501,4000,1,1,1,5,1,1900114,1000000
2024KL0007213,1,449.67,28,2,1,1,6,3723,33,7000,3,2,1,1,1,1900106,1000000
2024KL0007214,1,449.67,50,1,1,1,10,25076,227,6000,1,1,1,1,2,1900103,1000000
2024KL0007215,1,449.67,54,1,2,1,9,7406,67,7000,1,1,1,1,1,1900108,1000000
2024KL0007216,1,449.67,12,2,4,1,4,4356,39,0,0,6,1,5,1,1900107,1000000
2024KL0007217,1,449.67,28,2,1,1,18,51367,466,3000,1,1,1,1,1,1900110,1000000
2024KL0007218,1,449.67,1,2,1,1,4,4875,44,0,0,6,1,5,1,1900111,1000000
2024KL0007219,1,449.67,46,2,2,1,10,20483,186,5000,6,1,1,1,1,1900107,1000000
2024KL0007220,1,449.67,7,1,2,1,4,4737,43,0,0,6,1,5,1,1900112,1000000
2024KL0007221,1,449.67,54,2,1,1,13,21333,193,3000,1,3,1,1,1,1900114,1000000
2024KL0007222,1,449.67,34,2,1,1,7,7427,67,9800,4,1,1,5,1,1900108,1000000
2024KL0007223,1,449.67,22,2,2,1,13,37723,342,9000,3,1,1,5,1,1900105,1000000
2024KL0007224,1,449.67,8,2,6,1,4,3310,30,0,0,6,1,5,1,1900105,1000000
2024KL0007225,1,449.67,6,2,4,1,3,5345,48,0,0,6,1,5,2,1900110,1000000
2024KL0007226,1,449.67,9,1,2,1,4,4655,42,0,0,6,1,5,1,1900103,1000000
2024KL0007227,1,449.67,22,1,4,1,15,40238,365,2000,1,4,1,1,1,1900101,1000000
2024KL0007228,1,449.67,55,1,4,1,8,1486,13,6000,1,1,2,2,1,1900114,1000000
2024KL0007229,1,449.67,49,1,4,1,9,80654,501,9000,1,1,1,1,2,1900108,1000000
2024KL0007230,1,449.67,48,2,1,1,11,38454,349,5000,3,5,1,1,1,1900114,1000000
2024KL0007231,1,449.67,85,1,1,1,7,12687,115,0,0,6,5,1,1,1900112,1000000
2024KL0007232,1,449.67,2,2,2,1,4,5185,47,0,0,6,1,5,1,1900105,1000000
2024KL0007233,1,449.67,8,1,1,1,6,6035,54,0,0,6,1,5,1,1900104,1000000
2024KL0007234,1,449.67,25,2,2,1,14,25394,230,3000,2,1,1,1,1,1900109,1000000
2024KL0007235,1,449.67,68,1,2,1,7,27987,254,9000,1,1,1,3,1,1900106,1000000
2024KL0007236,1,449.67,0,1,1,1,7,3376,30,0,0,6,1,5,1,1900113,1000000
2024KL0007237,1,449.67,8,1,1,1,8,4986,45,0,0,6,1,5,1,1900109,1000000
2024KL0007238,1,449.67,45,1,3,1,13,30417,276,1000,2,1,1,1,1,1900102,1000000
2024KL0007239,1,449.67,43,1,3,1,14,39258,356,6000,3,4,1,1,1,1900106,1000000
2024KL0007240,1,449.67,4,2,3,1,2,2252,20,0,0,6,1,5,1,1900104,1000000
2024KL0007241,1,449.67,34,1,6,1,10,36322,330,7000,4,4,1,1,1,1900101,1000000
2024KL0007242,1,449.67,57,1,1,1,12,124882,501,6000,1,1,1,1,1,1900113,1000000
2024KL0007243,1,449.67,85,1,2,1,7,4050,36,0,0,6,1,1,1,1900104,1000000
2024KL0007244,1,449.67,78,1,1,1,7,5027,45,0,0,6,1,2,1,1900111,1000000
2024KL0007245,1,449.67,20,2,1,1,15,19472,177,1000,3,1,1,5,1,1900108,1000000
2024KL0007246,1,449.67,8,1,1,1,6,11239,102,0,0,6,1,5,1,1900104,1000000
2024KL0007247,1,449.67,7,2,4,1,5,1718,15,0,0,6,1,5,1,1900107,1000000
2024KL0007248,1,449.67,19,1,1,1,18,46779,425,1000,1,1,1,5,1,1900104,1000000
2024KL0007249,1,449.67,0,2,1,1,6,1952,17,0,0,6,1,5,1,1900104,1000000
2024KL0007250,1,449.67,36,2,3,1,14,16194,147,9000,3,4,1,1,1,1900105,1000000
2024KL0007251,1,449.67,18,1,2,1,18,41121,373,4000,1,2,1,5,1,1900107,1000000
2024KL0007252,1,449.67,22,2,1,1,19,62482,501,3000,3,2,1,5,1,1900107,1000000
2024KL0007253,1,449.67,32,1,1,1,10,100360,501,5000,1,1,2,5,1,1900112,1000000
2024KL0007254,1,449.67,57,1,2,1,12,53150,483,8000,1,5,1,1,1,1900100,1000000
2024KL0007255,1,449.67,51,1,3,1,12,8962,81,1000,3,1,1,2,1,1900113,1000000
2024KL0007256,1,449.67,29,1,4,1,10,9546,86,9000,1,1,1,5,1,1900101,1000000
2024KL0007257,1,449.67,98,1,1,1,6,3246,29,0,0,6,1,1,1,1900102,1000000
2024KL0007258,1,449.67,32,1,1,1,6,6783,61,9800,1,1,1,1,1,1900113,1000000
2024KL0007259,1,449.67,17,2,1,1,10,2631,23,0,0,6,1,5,1,1900108,1000000
2024KL0007260,1,449.67,14,1,1,1,8,910,8,0,0,6,1,5,1,1900102,1000000
2024KL0007261,1,449.67,4,2,1,1,1,2412,21,0,0,6,1,5,1,1900105,1000000
2024KL0007262,1,449.67,56,1,1,1,10,32296,293,8000,3,1,1,1,1,1900114,1000000
2024KL0007263,1,449.67,31,1,4,1,9,75927,501,5000,1,1,1,1,2,1900106,1000000
2024KL0007264,1,449.67,39,1,1,1,8,11394,103,8000,3,1,1,1,1,1900102,1000000
2024KL0007265,1,449.67,44,2,1,1,15,139938,501,4000,2,1,1,5,1,1900100,1000000
2024KL0007266,1,449.67,21,2,9,1,15,65631,501,5000,1,1,1,1,1,1900107,1000000
2024KL0007267,1,449.67,18,1,1,1,15,27043,245,3000,2,1,1,5,1,1900105,1000000
2024KL0007268,1,449.67,6,1,1,1,3,2979,27,0,0,6,1,5,1,1900107,1000000
2024KL0007269,1,449.67,40,1,2,1,8,24887,226,9000,1,1,1,1,1,1900102,1000000
2024KL0007270,1,449.67,86,1,1,1,11,20666,187,0,0,6,1,1,1,1900102,1000000
2024KL0007271,1,449.67,5,2,2,1,6,735,6,0,0,6,1,5,1,1900102,1000000
2024KL0007272,1,449.67,33,1,1,1,16,59890,501,4000,2,1,1,1,1,1900108,1000000
2024KL0007273,1,449.67,23,2,1,1,19,159878,501,2000,2,1,1,5,1,1900103,1000000
2024KL0007274,1,449.67,52,2,1,1,9,17951,163,3000,1,1,1,1,2,1900103,1000000
2024KL0007275,1,449.67,57,1,6,1,10,13122,119,6000,1,2,1,2,1,1900112,1000000
2024KL0007276,1,449.67,43,1,6,1,15,53605,487,6000,3,1,1,1,1,1900105,1000000
2024KL0007277,1,449.67,9,2,1,1,3,3461,31,0,0,6,1,5,1,1900111,1000000
2024KL0007278,1,449.67,4,1,1,1,4,3743,34,0,0,6,1,5,1,1900107,1000000
2024KL0007279,1,449.67,33,2,3,1,11,12959,117,9000,3,1,1,1,1,1900107,1000000
2024KL0007280,1,449.67,39,1,4,1,13,54315,493,6000,6,1,1,1,1,1900114,1000000
2024KL0007281,1,449.67,21,2,2,1,18,42213,383,6000,4,4,1,1,1,1900100,1000000
2024KL0007282,1,449.67,6,1,1,1,4,7497,68,0,0,6,1,5,1,1900107,1000000
2024KL0007283,1,449.67,25,2,1,1,9,15297,139,6000,3,1,1,5,1,1900107,1000000
2024KL0007284,1,449.67,22,1,2,1,18,20768,188,1000,1,1,1,5,2,1900103,1000000
2024KL0007285,1,449.67,9,1,1,1,6,1607,14,0,0,6,1,5,1,1900105,1000000
2024KL0007286,1,449.67,57,1,1,1,5,31963,290,6000,3,1,1,1,1,1900103,1000000
2024KL0007287,1,449.67,38,2,1,1,11,34342,312,9800,1,1,1,1,1,1900110,1000000
2024KL0007288,1,449.67,39,2,2,1,8,8061,73,6000,1,1,1,2,1,1900114,1000000
2024KL0007289,1,449.67,94,2,4,1,9,3598,32,0,0,6,1,1,1,1900103,1000000
2024KL0007290,1,449.67,21,1,1,1,17,64138,501,6000,4,1,1,1,1,1900104,1000000
2024KL0007291,1,449.67,29,2,1,1,6,2545,23,9800,4,1,1,1,1,1900114,1000000
2024KL0007292,1,449.67,27,2,1,1,10,13108,119,9000,4,1,1,5,1,1900112,1000000
2024KL0007293,1,449.67,40,2,2,1,8,4866,44,5000,1,1,1,5,1,1900103,1000000
2024KL0007294,1,449.67,18,2,1,1,12,26153,237,6000,1,1,5,5,1,1900104,1000000
2024KL0007295,1,449.67,18,2,6,1,12,9073,82,9800,4,1,1,5,1,1900108,1000000
2024KL0007296,1,449.67,35,1,2,1,8,4048,36,9920,3,1,1,1,1,1900107,1000000
2024KL0007297,1,449.67,27,1,1,1,6,11319,102,6000,1,1,1,1,1,1900112,1000000
2024KL0007298,1,449.67,35,1,1,1,12,29769,270,7000,1,1,1,1,1,1900110,1000000
2024KL0007299,1,449.67,43,2,1,1,9,39624,360,6000,4,1,1,5,1,1900105,1000000
2024KL0007300,1,449.67,39,1,1,1,8,6995,63,6000,1,3,1,1,1,1900110,1000000
2024KL0007301,1,449.67,73,2,2,1,5,4402,40,0,0,6,1,1,1,1900109,1000000
2024KL0007302,1,449.67,69,2,2,1,5,11834,107,7000,3,2,1,1,1,1900112,1000000
2024KL0007303,1,449.67,46,2,7,1,10,33468,304,6000,3,4,1,1,1,1900109,1000000
2024KL0007304,1,449.67,22,1,3,1,14,12060,109,9000,1,1,1,1,1,1900102,1000000
2024KL0007305,1,449.67,22,1,1,1,12,20871,189,9000,4,1,1,5,1,1900111,1000000
2024KL0007306,1,449.67,21,1,3,1,13,28641,260,8000,1,1,1,1,1,1900108,1000000
2024KL0007307,1,449.67,55,1,2,1,8,17216,156,6000,1,1,1,1,1,1900111,1000000
2024KL0007308,1,449.67,62,1,1,1,8,2499,22,5000,3,1,1,2,1,1900109,1000000
2024KL0007309,1,449.67,76,1,4,1,8,3150,28,0,0,6,1,1,1,1900102,1000000
2024KL0007310,1,449.67,4,1,2,1,4,2439,22,0,0,6,1,5,1,1900105,1000000
2024KL0007311,1,449.67,31,2,1,1,13,69385,501,7000,1,1,1,1,1,1900105,1000000
2024KL0007312,1,449.67,64,2,1,1,6,10640,96,6000,3,1,1,1,1,1900111,1000000
2024KL0007313,1,449.67,73,1,2,1,11,9054,82,0,0,6,1,2,2,1900104,1000000
2024KL0007314,1,449.67,4,1,7,1,3,11889,108,0,0,6,1,5,1,1900100,1000000
2024KL0007315,1,449.67,8,1,5,1,3,696,6,0,0,6,1,5,1,1900101,1000000
2024KL0007316,1,449.67,29,1,2,1,13,5976,54,5000,1,1,1,5,1,1900101,1000000
2024KL0007317,1,449.67,45,1,1,1,13,16623,151,3000,1,1,1,1,1,1900110,1000000
2024KL0007318,1,449.67,22,1,1,1,16,74057,501,4000,3,1,1,1,1,1900104,1000000
2024KL0007319,1,449.67,6,1,6,1,4,5341,48,0,0,6,1,5,1,1900102,1000000
2024KL0007320,1,449.67,6,1,3,1,1,4415,40,0,0,6,1,5,1,1900101,1000000
2024KL0007321,1,449.67,36,1,3,1,9,31021,282,1000,1,1,1,1,1,1900110,1000000
2024KL0007322,1,449.67,99,1,5,1,5,4428,40,0,0,6,1,1,1,1900110,1000000
2024KL0007323,1,449.67,36,1,1,1,13,168138,501,5000,3,1,1,1,1,1900104,1000000
2024KL0007324,1,449.67,49,1,1,1,7,2588,23,9920,1,1,1,1,1,1900106,1000000
2024KL0007325,1,449.67,45,2,3,1,12,137548,501,5000,6,1,1,3,1,1900112,1000000
2024KL0007326,1,449.67,36,1,7,1,15,91052,501,4000,2,2,1,1,1,1900105,1000000
2024KL0007327,1,449.67,31,2,3,1,12,29303,266,1000,1,1,1,1,1,1900107,1000000
2024KL0007328,1,449.67,17,1,1,1,16,32445,294,0,0,6,1,5,1,1900106,1000000
2024KL0007329,1,449.67,58,1,4,1,9,12660,115,3000,1,1,1,1,1,1900103,1000000
2024KL0007330,1,449.67,54,2,1,1,8,5197,47,5000,1,1,1,1,1,1900107,1000000
2024KL0007331,1,449.67,5,1,2,1,6,5337,48,0,0,6,1,5,1,1900114,1000000
2024KL0007332,1,449.67,52,1,1,1,7,15844,144,9000,1,1,1,1,1,1900102,1000000
2024KL0007333,1,449.67,5,2,6,1,7,3636,33,0,0,6,1,5,1,1900100,1000000
2024KL0007334,1,449.67,1,2,1,1,3,2640,24,0,0,6,1,5,1,1900110,1000000
2024KL0007335,1,449.67,7,1,1,1,7,782,7,0,0,6,1,5,1,1900109,1000000
2024KL0007336,1,449.67,11,2,2,1,5,1825,16,0,0,6,1,5,1,1900108,1000000
2024KL0007337,1,449.67,34,1,3,1,17,54593,496,6000,1,2,1,5,1,1900111,1000000
2024KL0007338,1,449.67,26,2,1,1,11,23941,217,8000,3,1,1,1,1,1900114,1000000
2024KL0007339,1,449.67,59,1,9,1,9,80341,501,5000,3,1,1,1,1,1900103,1000000
2024KL0007340,1,449.67,25,2,3,1,16,83541,501,1000,3,3,1,1,1,1900103,1000000
2024KL0007341,1,449.67,14,1,1,1,4,4954,45,0,0,6,1,5,1,1900111,1000000
2024KL0007342,1,449.67,1,2,1,1,9,5585,50,0,0,6,1,5,1,1900103,1000000
2024KL0007343,1,449.67,72,1,2,1,8,60987,501,0,0,6,1,1,1,1900101,1000000
2024KL0007344,1,449.67,28,1,1,1,9,40251,365,3000,2,1,1,1,1,1900107,1000000
2024KL0007345,1,449.67,3,2,2,1,5,423,3,0,0,6,1,5,2,1900105,1000000
2024KL0007346,1,449.67,36,1,1,1,12,11702,106,1000,2,1,1,1,1,1900112,1000000
2024KL0007347,1,449.67,9,1,3,1,4,4372,39,0,0,6,1,5,1,1900102,1000000
2024KL0007348,1,449.67,98,1,1,1,9,19349,175,0,0,6,1,1,1,1900112,1000000
2024KL0007349,1,449.67,20,1,1,1,13,22755,206,2000,1,1,1,5,1,1900110,1000000
2024KL0007350,1,449.67,58,2,2,1,19,391889,501,3000,1,1,1,1,1,1900107,1000000
2024KL0007351,1,449.67,16,2,2,1,18,29854,271,0,0,6,1,5,2,1900103,1000000
2024KL0007352,1,449.67,3,1,2,1,1,1569,14,0,0,6,1,5,2,1900112,1000000
2024KL0007353,1,449.67,68,1,1,1,10,16673,151,7000,1,3,1,1,1,1900101,1000000
2024KL0007354,1,449.67,100,1,3,1,7,5640,51,0,0,6,1,1,1,1900107,1000000
2024KL0007355,1,449.67,51,2,2,1,7,6827,62,8000,3,1,1,2,1,1900113,1000000
2024KL0007356,1,449.67,42,2,4,1,5,6489,58,6000,1,1,2,1,1,1900108,1000000
2024KL0007357,1,449.67,32,1,1,1,10,29981,272,4000,2,1,1,1,1,1900101,1000000
2024KL0007358,1,449.67,48,1,2,1,11,28025,254,4000,2,1,1,2,1,1900105,1000000
2024KL0007359,1,449.67,20,1,1,1,20,45416,412,1000,1,1,1,1,1,1900114,1000000
2024KL0007360,1,449.67,1,2,3,1,1,4678,42,0,0,6,1,5,1,1900101,1000000
2024KL0007361,1,449.67,46,1,3,1,9,22113,201,8000,1,1,1,1,1,1900112,1000000
2024KL0007362,1,449.67,86,2,2,1,10,10780,98,0,0,6,1,1,1,1900113,1000000
2024KL0007363,1,449.67,25,2,6,1,20,80443,501,2000,1,1,1,5,1,1900107,1000000
2024KL0007364,1,449.67,28,1,6,1,18,116379,501,3000,1,5,1,1,1,1900108,1000000
2024KL0007365,1,449.67,43,1,1,1,9,44632,405,7000,3,1,1,5,1,1900102,1000000
2024KL0007366,1,449.67,33,1,1,1,12,19393,176,3000,3,1,1,1,1,1900109,1000000
2024KL0007367,1,449.67,91,1,1,1,10,9196,83,0,0,6,1,1,1,1900107,1000000
2024KL0007368,1,449.67,47,2,3,1,7,15100,137,6000,4,1,1,1,1,1900110,1000000
2024KL0007369,1,449.67,43,2,1,1,12,16383,148,3000,1,1,1,1,1,1900113,1000000
2024KL0007370,1,449.67,25,1,5,1,15,96757,501,3000,3,4,1,5,1,1900111,1000000
2024KL0007371,1,449.67,39,1,1,1,12,27974,254,5000,3,1,2,1,1,1900107,1000000
2024KL0007372,1,449.67,14,2,7,1,6,2953,26,0,0,6,1,5,1,1900108,1000000
2024KL0007373,1,449.67,26,1,1,1,6,6735,61,7000,1,1,1,1,1,1900104,1000000
2024KL0007374,1,449.67,30,2,1,1,11,9757,88,6000,1,1,1,1,1,1900104,1000000
2024KL0007375,1,449.67,12,1,1,1,2,1072,9,0,0,6,1,5,1,1900112,1000000
2024KL0007376,1,449.67,24,2,1,1,15,89503,501,2000,2,1,1,5,1,1900101,1000000
2024KL0007377,1,449.67,76,1,1,1,6,2973,27,0,0,6,1,1,1,1900111,1000000
2024KL0007378,1,449.67,17,2,2,1,14,8438,76,0,0,6,1,5,1,1900113,1000000
2024KL0007379,1,449.67,38,2,5,1,11,64832,501,3000,2,1,1,2,1,1900101,1000000
2024KL0007380,1,449.67,83,1,4,1,7,6062,55,0,0,6,1,5,1,1900100,1000000
2024KL0007381,1,449.67,10,2,1,1,1,9616,87,0,0,6,1,5,1,1900105,1000000
2024KL0007382,1,449.67,58,1,2,1,7,8787,79,9800,1,1,1,1,1,1900112,1000000
2024KL0007383,1,449.67,41,2,1,1,10,39253,356,5000,3,1,1,1,1,1900114,1000000
2024KL0007384,1,449.67,22,1,5,1,15,61299,501,6000,6,4,1,5,1,1900100,1000000
2024KL0007385,1,449.67,39,2,6,1,12,34884,317,2000,3,1,1,1,1,1900104,1000000
2024KL0007386,1,449.67,46,1,1,1,10,37029,336,1000,1,2,1,1,1,1900113,1000000
2024KL0007387,1,449.67,3,2,2,1,1,9199,83,0,0,6,1,5,1,1900114,1000000
2024KL0007388,1,449.67,9,1,6,1,2,22657,205,0,0,6,1,5,1,1900108,1000000
2024KL0007389,1,449.67,69,2,3,1,5,7540,68,7000,3,1,1,2,1,1900104,1000000
2024KL0007390,1,449.67,39,2,2,1,12,16421,149,9000,1,2,1,1,1,1900109,1000000
2024KL0007391,1,449.67,18,2,3,1,13,8464,76,8000,1,1,1,5,1,1900110,1000000
2024KL0007392,1,449.67,35,1,2,1,10,72374,501,2000,1,1,1,1,1,1900102,1000000
2024KL0007393,1,449.67,14,2,1,1,7,5879,53,0,0,6,1,5,1,1900101,1000000
2024KL0007394,1,449.67,36,1,2,1,7,20433,185,9800,3,1,1,2,1,1900103,1000000
2024KL0007395,1,449.67,26,2,1,1,9,11279,102,8000,1,2,1,1,1,1900104,1000000
2024KL0007396,1,449.67,46,1,9,1,5,9323,84,8000,4,2,1,1,1,1900107,1000000
2024KL0007397,1,449.67,6,1,2,1,3,4857,44,0,0,6,1,5,1,1900109,1000000
2024KL0007398,1,449.67,31,1,4,1,13,26039,236,6000,6,1,1,1,1,1900106,1000000
2024KL0007399,1,449.67,49,1,1,1,5,15498,140,9800,1,1,1,1,1,1900108,1000000
2024KL0007400,1,449.67,2,2,7,1,4,2197,19,0,0,6,1,5,1,1900106,1000000
2024KL0007401,1,449.67,16,1,8,1,20,41285,375,0,0,6,1,5,1,1900104,1000000
2024KL0007402,1,449.67,31,1,2,1,11,31785,288,5000,1,1,1,1,1,1900102,1000000
2024KL0007403,1,449.67,15,2,5,1,14,7056,64,0,0,6,1,5,1,1900113,1000000
2024KL0007404,1,449.67,11,1,3,1,7,5970,54,0,0,6,1,5,1,1900104,1000000
2024KL0007405,1,449.67,57,2,1,1,10,6758,61,6000,3,3,1,2,1,1900114,1000000
2024KL0007406,1,449.67,17,1,4,1,16,24927,226,0,0,6,1,5,1,1900102,1000000
2024KL0007407,1,449.67,7,2,1,1,4,1612,14,0,0,6,1,5,1,1900102,1000000
2024KL0007408,1,449.67,32,2,1,1,6,36487,331,6000,1,2,1,1,1,1900109,1000000
2024KL0007409,1,449.67,42,2,1,1,10,39138,355,4000,3,1,1,1,1,1900105,1000000
2024KL0007410,1,449.67,21,2,5,1,20,110448,501,4000,3,1,1,5,1,1900100,1000000
2024KL0007411,1,449.67,61,2,3,1,8,55471,501,6000,1,1,1,2,1,1900107,1000000
2024KL0007412,1,449.67,31,1,2,1,6,3741,34,9000,6,4,1,1,1,1900103,1000000
2024KL0007413,1,449.67,41,2,2,1,17,22144,201,4000,3,1,1,1,1,1900106,1000000
2024KL0007414,1,449.67,24,2,2,1,14,20917,190,1000,2,1,1,5,1,1900113,1000000
2024KL0007415,1,449.67,23,2,4,1,13,32153,292,5000,6,1,1,5,1,1900114,1000000
2024KL0007416,1,449.67,2,2,7,1,1,2785,25,0,0,6,5,5,1,1900109,1000000
2024KL0007417,1,449.67,25,2,1,1,5,3950,35,5000,4,1,1,1,1,1900110,1000000
2024KL0007418,1,449.67,42,1,3,1,5,14964,136,9800,1,1,1,1,1,1900111,1000000
2024KL0007419,1,449.67,36,1,3,1,5,3856,35,8000,4,1,1,1,1,1900112,1000000
2024KL0007420,1,449.67,28,1,3,1,6,2908,26,7000,1,1,1,1,1,1900101,1000000
2024KL0007421,1,449.67,19,1,1,1,18,62466,501,3000,3,1,1,5,1,1900107,1000000
2024KL0007422,1,449.67,44,2,1,1,16,30859,280,6000,1,1,1,2,1,1900100,1000000
2024KL0007423,1,449.67,54,1,6,1,7,19013,172,7000,3,1,1,5,1,1900114,1000000
2024KL0007424,1,449.67,25,2,5,1,12,15652,142,6000,4,1,1,1,2,1900110,1000000
2024KL0007425,1,449.67,22,1,1,1,20,104117,501,3000,1,1,1,5,1,1900106,1000000
2024KL0007426,1,449.67,22,2,2,1,15,52251,475,5000,1,1,1,5,1,1900111,1000000
2024KL0007427,1,449.67,4,1,4,1,2,2022,18,0,0,6,1,5,1,1900108,1000000
2024KL0007428,1,449.67,20,1,6,1,13,6852,62,7000,6,1,1,5,2,1900111,1000000
2024KL0007429,1,449.67,6,1,1,1,1,1972,17,0,0,6,1,5,1,1900112,1000000
2024KL0007430,1,449.67,46,2,1,1,16,158501,501,2000,2,1,1,1,1,1900111,1000000
2024KL0007431,1,449.67,81,1,2,1,7,14578,132,0,0,6,1,1,1,1900110,1000000
2024KL0007432,1,449.67,7,1,2,1,7,1747,15,0,0,6,1,5,1,1900105,1000000
2024KL0007433,1,449.67,35,1,1,1,11,79375,501,2000,1,1,1,1,1,1900110,1000000
2024KL0007434,1,449.67,54,2,1,1,7,9443,85,9800,6,1,1,2,1,1900112,1000000
2024KL0007435,1,449.67,36,2,1,1,12,14591,132,8000,1,1,1,1,1,1900106,1000000
2024KL0007436,1,449.67,27,2,5,1,17,43575,396,3000,3,1,1,1,1,1900104,1000000
2024KL0007437,1,449.67,25,2,1,1,13,10889,98,6000,6,1,1,1,1,1900111,1000000
2024KL0007438,1,449.67,26,1,1,1,11,35311,321,2000,2,1,1,1,1,1900104,1000000
2024KL0007439,1,449.67,36,1,1,1,20,214413,501,3000,1,1,1,1,2,1900102,1000000
2024KL0007440,1,449.67,0,1,3,1,5,1964,17,0,0,6,1,5,1,1900109,1000000
2024KL0007441,1,449.67,64,2,9,1,5,2565,23,9800,4,1,1,2,1,1900105,1000000
2024KL0007442,1,449.67,89,2,2,1,7,6826,62,0,0,6,1,3,1,1900100,1000000
2024KL0007443,1,449.67,94,1,3,1,8,2552,23,0,0,6,1,3,1,1900104,1000000
2024KL0007444,1,449.67,4,1,1,1,8,8374,76,0,0,6,1,5,1,1900112,1000000
2024KL0007445,1,449.67,25,2,2,1,10,14306,130,7000,1,1,1,1,1,1900105,1000000
2024KL0007446,1,449.67,53,2,2,1,13,24667,224,2000,1,1,1,1,1,1900114,1000000
2024KL0007447,1,449.67,28,1,4,1,14,3396,30,1000,2,1,1,5,1,1900105,1000000
2024KL0007448,1,449.67,13,2,1,1,6,11658,105,0,0,6,1,5,1,1900102,1000000
2024KL0007449,1,449.67,50,2,3,1,11,64243,501,7000,3,1,1,1,1,1900106,1000000
2024KL0007450,1,449.67,23,2,5,1,12,18564,168,7000,4,1,1,5,1,1900107,1000000
2024KL0007451,1,449.67,30,1,1,1,12,34930,317,6000,1,1,1,1,1,1900109,1000000
2024KL0007452,1,449.67,39,2,4,1,14,17854,162,9000,4,1,1,5,1,1900113,1000000
2024KL0007453,1,449.67,6,2,3,1,5,3418,31,0,0,6,1,5,1,1900111,1000000
2024KL0007454,1,449.67,31,1,5,1,8,11281,102,9920,1,1,1,1,1,1900107,1000000
2024KL0007455,1,449.67,39,1,1,1,12,31658,287,8000,3,1,1,1,1,1900114,1000000
2024KL0007456,1,449.67,19,1,1,1,12,6224,56,7000,1,1,1,5,1,1900112,1000000
2024KL0007457,1,449.67,42,2,1,1,8,12323,112,5000,1,1,1,1,1,1900114,1000000
2024KL0007458,1,449.67,6,1,1,1,3,4838,43,0,0,6,2,5,1,1900110,1000000
2024KL0007459,1,449.67,33,2,1,1,9,31453,285,9000,3,5,1,5,1,1900112,1000000
2024KL0007460,1,449.67,58,2,2,1,10,43482,395,6000,3,5,1,1,1,1900106,1000000
2024KL0007461,1,449.67,54,2,1,1,5,10356,94,5000,3,2,2,1,1,1900113,1000000
2024KL0007462,1,449.67,84,2,1,1,5,3210,29,0,0,6,1,1,1,1900103,1000000
2024KL0007463,1,449.67,55,2,2,1,8,34914,317,6000,6,2,1,1,1,1900102,1000000
2024KL0007464,1,449.67,49,1,3,1,8,9404,85,7000,6,2,1,1,2,1900102,1000000
2024KL0007465,1,449.67,19,2,2,1,16,30123,273,5000,6,3,1,5,1,1900107,1000000
2024KL0007466,1,449.67,33,1,1,1,9,20315,184,7000,6,1,1,1,1,1900111,1000000
2024KL0007467,1,449.67,29,1,2,1,7,19801,180,7000,4,4,1,1,1,1900102,1000000
2024KL0007468,1,449.67,29,2,3,1,16,61673,501,5000,1,3,1,1,1,1900112,1000000
2024KL0007469,1,449.67,4,1,1,1,8,5788,52,0,0,6,1,5,1,1900107,1000000
2024KL0007470,1,449.67,34,2,1,1,6,11729,106,9800,1,4,1,5,1,1900111,1000000
2024KL0007471,1,449.67,11,1,1,1,6,1825,16,0,0,6,1,5,1,1900104,1000000
2024KL0007472,1,449.67,85,2,1,1,8,6778,61,0,0,6,1,4,1,1900103,1000000
2024KL0007473,1,449.67,26,1,2,1,6,17113,155,9000,1,4,1,1,2,1900101,1000000
2024KL0007474,1,449.67,38,1,1,1,14,78282,501,5000,6,1,1,1,1,1900107,1000000
2024KL0007475,1,449.67,7,2,4,1,9,12896,117,0,0,6,1,5,1,1900104,1000000
2024KL0007476,1,449.67,21,1,2,1,18,43683,397,4000,3,1,1,5,1,1900109,1000000
2024KL0007477,1,449.67,68,1,2,1,11,11519,104,6000,6,1,1,1,1,1900109,1000000
2024KL0007478,1,449.67,10,2,1,1,5,1975,17,0,0,6,1,5,1,1900114,1000000
2024KL0007479,1,449.67,35,1,3,1,5,4382,39,9920,1,1,1,1,1,1900113,1000000
2024KL0007480,1,449.67,30,2,3,1,7,10251,93,9800,3,1,1,1,1,1900100,1000000
2024KL0007481,1,449.67,4,1,6,1,4,4337,39,0,0,6,1,5,1,1900113,1000000
2024KL0007482,1,449.67,59,1,2,1,9,21578,196,1000,2,1,1,1,1,1900100,1000000
2024KL0007483,1,449.67,26,1,2,1,7,7793,70,9000,4,1,1,1,1,1900113,1000000
2024KL0007484,1,449.67,20,1,6,1,18,39600,360,6000,4,5,1,5,1,1900111,1000000
2024KL0007485,1,449.67,31,1,1,1,10,23626,214,9800,1,1,1,1,1,1900110,1000000
2024KL0007486,1,449.67,17,2,1,1,13,8390,76,0,0,6,1,5,1,1900106,1000000
2024KL0007487,1,449.67,26,2,4,1,10,19849,180,4000,3,1,1,1,1,1900103,1000000
2024KL0007488,1,449.67,10,2,8,1,9,8942,81,0,0,6,1,5,1,1900111,1000000
2024KL0007489,1,449.67,21,1,2,1,15,23210,211,1000,2,1,1,5,1,1900106,1000000
2024KL0007490,1,449.67,23,1,3,1,14,20287,184,4000,3,1,1,5,1,1900106,1000000
2024KL0007491,1,449.67,32,1,1,1,10,18055,164,5000,4,3,1,5,1,1900104,1000000
2024KL0007492,1,449.67,12,1,2,1,1,3067,27,0,0,6,1,5,1,1900111,1000000
2024KL0007493,1,449.67,44,1,4,1,13,6865,62,3000,3,2,1,2,1,1900100,1000000
2024KL0007494,1,449.67,25,2,1,1,6,3605,32,9000,1,4,1,5,1,1900114,1000000
2024KL0007495,1,449.67,28,2,1,1,13,24025,218,9800,4,2,1,1,2,1900105,1000000
2024KL0007496,1,449.67,74,2,6,1,5,5327,48,0,0,6,1,5,1,1900100,1000000
2024KL0007497,1,449.67,32,1,6,1,13,43791,398,6000,1,1,1,1,1,1900113,1000000
2024KL0007498,1,449.67,59,2,4,1,6,5875,53,7000,1,1,1,1,1,1900112,1000000
2024KL0007499,1,449.67,52,1,4,1,8,4532,41,7000,1,1,1,1,1,1900110,1000000
2024KL0007500,1,449.67,5,2,1,1,7,5531,50,0,0,6,1,5,1,1900112,1000000
2024KL0007501,1,449.67,37,2,1,1,10,22358,203,5000,6,1,1,2,2,1900112,1000000
2024KL0007502,1,449.67,5,1,1,1,1,4718,42,0,0,6,1,5,1,1900110,1000000
2024KL0007503,1,449.67,20,1,2,1,15,7245,65,2000,1,2,1,5,1,1900102,1000000
2024KL0007504,1,449.67,20,1,1,1,11,20686,188,1000,1,1,1,5,1,1900108,1000000
2024KL0007505,1,449.67,36,1,4,1,14,16573,150,5000,1,1,1,1,1,1900105,1000000
2024KL0007506,1,449.67,36,1,7,1,17,75241,501,2000,3,2,1,2,1,1900103,1000000
2024KL0007507,1,449.67,24,1,6,1,17,94369,501,6000,1,1,1,5,1,1900112,1000000
2024KL0007508,1,449.67,18,2,3,1,18,22362,203,3000,1,1,1,1,1,1900112,1000000
2024KL0007509,1,449.67,19,1,2,1,18,23086,209,6000,4,1,1,5,1,1900101,1000000
2024KL0007510,1,449.67,40,1,5,1,7,13378,121,9920,4,4,1,1,1,1900114,1000000
2024KL0007511,1,449.67,14,2,1,1,3,4020,36,0,0,6,1,5,1,1900109,1000000
2024KL0007512,1,449.67,7,1,3,1,1,10405,94,0,0,6,1,5,1,1900101,1000000
2024KL0007513,1,449.67,34,1,4,1,10,41578,377,3000,2,1,1,1,1,1900108,1000000
2024KL0007514,1,449.67,6,1,5,1,3,2127,19,0,0,6,1,5,1,1900104,1000000
2024KL0007515,1,449.67,27,1,3,1,10,13959,126,9800,1,2,1,1,1,1900113,1000000
2024KL0007516,1,449.67,32,1,1,1,13,34388,312,9000,4,1,1,5,1,1900111,1000000
2024KL0007517,1,449.67,50,2,1,1,20,95216,501,1000,2,1,1,1,1,1900100,1000000
2024KL0007518,1,449.67,58,1,1,1,16,116772,501,3000,2,1,1,5,1,1900109,1000000
2024KL0007519,1,449.67,8,1,1,1,3,7544,68,0,0,6,1,5,1,1900102,1000000
2024KL0007520,1,449.67,2,1,3,1,4,3733,33,0,0,6,1,5,1,1900107,1000000
2024KL0007521,1,449.67,18,1,1,1,17,39717,361,4000,1,1,1,1,1,1900104,1000000
2024KL0007522,1,449.67,25,2,7,1,12,37688,342,9000,3,5,1,1,1,1900112,1000000
2024KL0007523,1,449.67,58,1,1,1,7,2459,22,7000,6,1,1,5,1,1900105,1000000
2024KL0007524,1,449.67,3,2,6,1,4,9152,83,0,0,6,1,5,1,1900112,1000000
2024KL0007525,1,449.67,18,2,4,1,12,2028,18,9800,4,1,1,5,1,1900107,1000000
2024KL0007526,1,449.67,10,2,2,1,6,4586,41,0,0,6,1,5,1,1900101,1000000
2024KL0007527,1,449.67,8,2,1,1,2,8023,72,0,0,6,1,5,1,1900109,1000000
2024KL0007528,1,449.67,22,1,4,1,14,21806,198,9000,6,5,1,5,1,1900100,1000000
2024KL0007529,1,449.67,2,2,1,1,9,10656,96,0,0,6,1,5,1,1900104,1000000
2024KL0007530,1,449.67,24,2,2,1,18,34710,315,1000,1,1,1,5,2,1900104,1000000
2024KL0007531,1,449.67,21,1,2,1,20,46209,420,1000,2,1,1,5,1,1900108,1000000
2024KL0007532,1,449.67,24,1,5,1,19,212283,501,4000,1,1,1,5,1,1900100,1000000
2024KL0007533,1,449.67,24,2,2,1,17,61226,501,6000,3,1,1,5,1,1900109,1000000
2024KL0007534,1,449.67,31,2,1,1,17,48138,437,2000,2,1,1,5,1,1900113,1000000
2024KL0007535,1,449.67,39,2,1,1,6,13774,125,5000,1,1,1,1,1,1900105,1000000
2024KL0007536,1,449.67,22,2,1,1,12,12162,110,5000,3,1,1,5,1,1900112,1000000
2024KL0007537,1,449.67,16,2,4,1,16,46459,422,0,0,6,1,5,1,1900100,1000000
2024KL0007538,1,449.67,79,1,3,1,5,2280,20,0,0,6,1,5,2,1900112,1000000
2024KL0007539,1,449.67,0,1,1,1,5,4267,38,0,0,6,1,5,1,1900110,1000000
2024KL0007540,1,449.67,54,2,1,1,10,31972,290,6000,4,1,1,2,1,1900109,1000000
2024KL0007541,1,449.67,17,1,7,1,17,16335,148,0,0,6,1,5,1,1900101,1000000
2024KL0007542,1,449.67,20,2,3,1,17,46809,425,5000,6,1,1,5,1,1900107,1000000
2024KL0007543,1,449.67,54,1,3,1,10,9216,83,7000,6,2,1,1,1,1900106,1000000
2024KL0007544,1,449.67,32,2,1,1,10,71015,501,6000,4,1,1,1,1,1900112,1000000
2024KL0007545,1,449.67,28,2,1,1,14,41629,378,7000,1,1,1,5,1,1900111,1000000
2024KL0007546,1,449.67,9,1,1,1,5,6372,57,0,0,6,1,5,1,1900104,1000000
2024KL0007547,1,449.67,4,1,1,1,4,4473,40,0,0,6,1,5,1,1900111,1000000
2024KL0007548,1,449.67,23,2,6,1,18,121395,501,5000,6,1,1,5,1,1900109,1000000
2024KL0007549,1,449.67,49,2,2,1,10,46385,421,9000,3,1,1,1,1,1900114,1000000
2024KL0007550,1,449.67,15,1,6,1,15,16160,146,0,0,6,1,5,1,1900106,1000000
2024KL0007551,1,449.67,2,2,6,1,2,8491,77,0,0,6,1,5,1,1900108,1000000
2024KL0007552,1,449.67,41,1,1,1,12,19290,175,9000,1,1,1,5,1,1900109,1000000
2024KL0007553,1,449.67,17,1,2,1,15,14841,134,0,0,6,1,5,1,1900107,1000000
2024KL0007554,1,449.67,37,1,3,1,10,24271,220,6000,4,5,1,1,1,1900113,1000000
2024KL0007555,1,449.67,26,1,1,1,7,8105,73,5000,3,5,1,1,1,1900103,1000000
2024KL0007556,1,449.67,24,2,4,1,14,26510,241,1000,3,2,1,5,1,1900114,1000000
2024KL0007557,1,449.67,33,1,1,1,6,27300,248,9000,1,1,1,5,1,1900110,1000000
2024KL0007558,1,449.67,8,1,9,1,1,5954,54,0,0,6,1,5,1,1900104,1000000
2024KL0007559,1,449.67,4,2,3,1,4,3884,35,0,0,6,1,5,1,1900113,1000000
2024KL0007560,1,449.67,16,2,1,1,17,13251,120,0,0,6,1,5,1,1900106,1000000
2024KL0007561,1,449.67,22,2,1,1,13,57277,501,5000,1,5,1,1,1,1900114,1000000
2024KL0007562,1,449.67,47,2,6,1,11,42339,384,5000,1,1,1,1,1,1900103,1000000
2024KL0007563,1,449.67,14,1,1,1,7,11448,104,0,0,6,1,5,1,1900109,1000000
2024KL0007564,1,449.67,20,1,3,1,18,46366,421,6000,1,1,1,1,1,1900113,1000000
2024KL0007565,1,449.67,27,1,3,1,6,13302,120,5000,6,1,1,1,1,1900114,1000000
2024KL0007566,1,449.67,11,2,1,1,2,4011,36,0,0,6,1,5,1,1900100,1000000
2024KL0007567,1,449.67,36,1,3,1,7,18911,171,7000,3,5,1,1,1,1900100,1000000
2024KL0007568,1,449.67,31,1,3,1,13,31378,285,4000,2,1,1,1,1,1900108,1000000
2024KL0007569,1,449.67,1,1,2,1,1,2443,22,0,0,6,1,5,1,1900104,1000000
2024KL0007570,1,449.67,13,2,1,1,5,5272,47,0,0,6,1,5,1,1900111,1000000
2024KL0007571,1,449.67,18,2,9,1,17,16842,153,4000,2,1,1,5,1,1900101,1000000
2024KL0007572,1,449.67,8,1,4,1,1,5080,46,0,0,6,1,5,1,1900101,1000000
2024KL0007573,1,449.67,23,2,1,1,15,38467,349,6000,1,1,1,5,1,1900111,1000000
2024KL0007574,1,449.67,50,2,1,1,14,19824,180,6000,3,1,1,5,2,1900103,1000000
2024KL0007575,1,449.67,94,2,1,1,12,8276,75,0,0,6,1,1,2,1900101,1000000
2024KL0007576,1,449.67,50,2,1,1,8,16970,154,9000,3,1,1,5,1,1900104,1000000
2024KL0007577,1,449.67,39,1,3,1,9,17498,159,9800,1,1,1,1,1,1900103,1000000
2024KL0007578,1,449.67,56,2,1,1,9,89819,501,9800,1,1,1,1,1,1900110,1000000
2024KL0007579,1,449.67,16,2,1,1,12,6438,58,0,0,6,5,5,1,1900112,1000000
2024KL0007580,1,449.67,18,1,1,1,15,12397,112,3000,2,1,1,5,1,1900104,1000000
2024KL0007581,1,449.67,27,2,2,1,11,24143,219,1000,3,1,1,5,1,1900106,1000000
2024KL0007582,1,449.67,77,1,2,1,6,3709,33,0,0,6,1,1,1,1900113,1000000
2024KL0007583,1,449.67,23,2,5,1,13,17880,162,7000,1,5,1,5,1,1900110,1000000
2024KL0007584,1,449.67,3,2,1,1,6,2920,26,0,0,6,1,5,1,1900102,1000000
2024KL0007585,1,449.67,19,1,1,1,10,31773,288,7000,1,1,1,5,1,1900111,1000000
2024KL0007586,1,449.67,37,2,1,1,15,90249,501,2000,1,1,1,1,1,1900114,1000000
2024KL0007587,1,449.67,54,1,3,1,6,4276,38,9800,3,2,1,5,1,1900107,1000000
2024KL0007588,1,449.67,24,2,1,1,18,68768,501,2000,1,1,1,1,2,1900101,1000000
2024KL0007589,1,449.67,9,1,3,1,7,2644,24,0,0,6,1,5,1,1900100,1000000
2024KL0007590,1,449.67,2,2,2,1,3,20160,183,0,0,6,1,5,2,1900108,1000000
2024KL0007591,1,449.67,11,2,6,1,8,1994,18,0,0,6,1,5,1,1900100,1000000
2024KL0007592,1,449.67,30,2,1,1,10,54641,496,6000,1,1,1,5,1,1900109,1000000
2024KL0007593,1,449.67,11,1,7,1,5,4928,44,0,0,6,1,5,1,1900106,1000000
2024KL0007594,1,449.67,33,1,1,1,6,4632,42,9000,1,2,1,1,1,1900101,1000000
2024KL0007595,1,449.67,41,1,1,1,12,31679,287,9000,1,1,1,1,1,1900111,1000000
2024KL0007596,1,449.67,28,1,5,1,7,5886,53,8000,6,4,1,1,1,1900100,1000000
2024KL0007597,1,449.67,10,2,2,1,6,4402,40,0,0,6,1,5,1,1900111,1000000
2024KL0007598,1,449.67,43,1,7,1,13,25942,235,6000,1,2,1,1,1,1900108,1000000
2024KL0007599,1,449.67,62,1,3,1,5,19156,174,9000,4,1,1,2,1,1900105,1000000
2024KL0007600,1,449.67,37,1,9,1,14,40065,364,9000,4,1,1,1,1,1900110,1000000
2024KL0007601,1,449.67,25,2,3,1,11,8150,74,9000,4,1,1,1,1,1900103,1000000
2024KL0007602,1,449.67,25,2,8,1,11,8803,80,9000,6,2,1,1,1,1900108,1000000
2024KL0007603,1,449.67,26,1,4,1,14,53986,490,2000,1,1,1,1,2,1900105,1000000
2024KL0007604,1,449.67,33,1,3,1,7,24427,222,6000,1,1,1,5,1,1900105,1000000
2024KL0007605,1,449.67,9,1,1,1,6,3508,31,0,0,6,1,5,1,1900111,1000000
2024KL0007606,1,449.67,93,1,4,1,10,19162,174,0,0,6,2,3,1,1900100,1000000
2024KL0007607,1,449.67,29,1,1,1,7,2748,24,9800,1,1,1,1,1,1900110,1000000
2024KL0007608,1,449.67,42,1,1,1,13,22159,201,6000,1,2,1,1,1,1900102,1000000
2024KL0007609,1,449.67,56,2,1,1,9,7252,65,6000,1,1,1,2,1,1900110,1000000
2024KL0007610,1,449.67,10,1,2,1,2,22989,208,0,0,6,1,5,1,1900104,1000000
2024KL0007611,1,449.67,35,2,1,1,13,57935,501,5000,4,1,5,1,2,1900106,1000000
2024KL0007612,1,449.67,20,2,1,1,16,22493,204,6000,4,2,1,5,1,1900104,1000000
2024KL0007613,1,449.67,27,1,2,1,11,14491,131,4000,1,1,1,5,1,1900107,1000000
2024KL0007614,1,449.67,37,1,2,1,15,171621,501,3000,3,1,1,1,1,1900113,1000000
2024KL0007615,1,449.67,5,2,1,1,3,2167,19,0,0,6,1,5,1,1900111,1000000
2024KL0007616,1,449.67,49,2,3,1,14,38810,352,4000,2,1,1,1,1,1900109,1000000
2024KL0007617,1,449.67,37,1,3,1,16,104507,501,4000,2,5,1,1,1,1900105,1000000
2024KL0007618,1,449.67,8,2,6,1,2,2541,23,0,0,6,1,5,1,1900100,1000000
2024KL0007619,1,449.67,99,1,9,1,6,1342,12,0,0,6,1,1,1,1900103,1000000
2024KL0007620,1,449.67,17,2,3,1,15,14051,127,0,0,6,1,5,1,1900109,1000000
2024KL0007621,1,449.67,22,1,1,1,12,57895,501,5000,1,2,1,5,1,1900100,1000000
2024KL0007622,1,449.67,17,1,9,1,13,18549,168,0,0,6,1,5,1,1900103,1000000
2024KL0007623,1,449.67,59,2,2,1,8,9292,84,9000,6,1,1,1,1,1900106,1000000
2024KL0007624,1,449.67,43,2,2,1,7,6400,58,7000,3,1,1,1,1,1900104,1000000
2024KL0007625,1,449.67,14,1,1,1,1,2193,19,0,0,6,1,5,1,1900106,1000000
2024KL0007626,1,449.67,8,2,2,1,3,6279,57,0,0,6,1,5,2,1900100,1000000
2024KL0007627,1,449.67,60,2,1,1,9,76119,501,1000,2,1,1,5,1,1900108,1000000
2024KL0007628,1,449.67,10,2,1,1,1,30462,276,0,0,6,1,5,1,1900107,1000000
2024KL0007629,1,449.67,92,1,1,1,5,4965,45,0,0,6,1,1,1,1900109,1000000
2024KL0007630,1,449.67,80,1,1,1,6,8851,80,0,0,6,1,5,1,1900114,1000000
2024KL0007631,1,449.67,42,1,3,1,10,34293,311,3000,3,4,1,1,1,1900106,1000000
2024KL0007632,1,449.67,40,1,1,1,11,23003,209,4000,1,3,1,1,1,1900103,1000000
2024KL0007633,1,449.67,27,2,1,1,11,16619,151,7000,1,1,1,1,1,1900107,1000000
2024KL0007634,1,449.67,0,2,2,1,2,2923,26,0,0,6,1,5,1,1900111,1000000
2024KL0007635,1,449.67,35,2,3,1,10,15745,143,6000,4,2,1,1,1,1900105,1000000
2024KL0007636,1,449.67,54,2,1,1,15,48377,439,6000,4,1,1,1,1,1900112,1000000
2024KL0007637,1,449.67,21,1,6,1,18,24588,223,6000,1,1,1,5,1,1900100,1000000
2024KL0007638,1,449.67,60,2,2,1,9,71789,501,4000,1,1,1,1,1,1900101,1000000
2024KL0007639,1,449.67,2,1,1,1,5,1591,14,0,0,6,1,5,1,1900100,1000000
2024KL0007640,1,449.67,81,1,2,1,5,11691,106,0,0,6,1,5,1,1900106,1000000
2024KL0007641,1,449.67,8,2,4,1,2,825,7,0,0,6,1,5,1,1900104,1000000
2024KL0007642,1,449.67,17,2,1,1,14,6907,62,0,0,6,1,5,1,1900111,1000000
2024KL0007643,1,449.67,76,1,3,1,6,6375,57,0,0,6,1,1,1,1900112,1000000
2024KL0007644,1,449.67,2,1,1,1,6,11073,100,0,0,6,1,5,1,1900112,1000000
2024KL0007645,1,449.67,30,2,2,1,6,12567,114,9000,3,1,1,1,1,1900105,1000000
2024KL0007646,1,449.67,7,2,2,1,5,3355,30,0,0,6,1,5,1,1900100,1000000
2024KL0007647,1,449.67,86,1,4,1,6,1441,13,0,0,6,1,1,1,1900109,1000000
2024KL0007648,1,449.67,20,1,2,1,18,20869,189,3000,1,1,1,5,1,1900106,1000000
2024KL0007649,1,449.67,55,2,1,1,9,16852,153,3000,1,1,1,2,1,1900101,1000000
2024KL0007650,1,449.67,7,2,1,1,6,2618,23,0,0,6,1,5,1,1900100,1000000
2024KL0007651,1,449.67,0,2,4,1,7,2838,25,0,0,6,1,5,1,1900105,1000000
2024KL0007652,1,449.67,33,1,1,1,12,16737,152,6000,3,3,1,1,1,1900106,1000000
2024KL0007653,1,449.67,85,1,1,1,10,18836,171,0,0,6,1,3,1,1900102,1000000
2024KL0007654,1,449.67,1,1,4,1,2,11671,106,0,0,6,1,5,1,1900110,1000000
2024KL0007655,1,449.67,35,1,3,1,15,50847,462,2000,1,1,1,1,1,1900103,1000000
2024KL0007656,1,449.67,17,1,3,1,19,34253,311,0,0,6,1,5,1,1900101,1000000
2024KL0007657,1,449.67,40,1,1,1,13,28294,257,6000,1,5,1,1,1,1900105,1000000
2024KL0007658,1,449.67,10,2,2,1,6,16147,146,0,0,6,1,5,1,1900110,1000000
2024KL0007659,1,449.67,33,2,6,1,7,5753,52,9920,3,1,1,1,1,1900107,1000000
2024KL0007660,1,449.67,39,2,1,1,14,96213,501,5000,1,1,1,1,2,1900104,1000000
2024KL0007661,1,449.67,22,1,2,1,17,74443,501,4000,1,1,1,5,2,1900113,1000000
2024KL0007662,1,449.67,29,2,3,1,7,28649,260,9000,1,1,2,1,1,1900102,1000000
2024KL0007663,1,449.67,51,2,6,1,11,27729,252,7000,1,1,1,1,1,1900103,1000000
2024KL0007664,1,449.67,6,1,2,1,8,1170,10,0,0,6,1,5,1,1900100,1000000
2024KL0007665,1,449.67,56,2,1,1,11,21312,193,8000,1,1,1,1,1,1900112,1000000
2024KL0007666,1,449.67,8,1,1,1,5,1418,12,0,0,6,1,5,1,1900103,1000000
2024KL0007667,1,449.67,50,2,2,1,7,4070,37,6000,1,1,1,1,1,1900113,1000000
2024KL0007668,1,449.67,21,1,2,1,14,10569,96,1000,3,4,1,1,1,1900108,1000000
2024KL0007669,1,449.67,1,2,1,1,1,3803,34,0,0,6,1,5,1,1900109,1000000
2024KL0007670,1,449.67,26,1,1,1,13,8291,75,9000,3,1,1,1,1,1900100,1000000
2024KL0007671,1,449.67,10,2,3,1,6,5150,46,0,0,6,1,5,1,1900101,1000000
2024KL0007672,1,449.67,43,1,6,1,8,18481,168,9800,1,1,5,1,1,1900112,1000000
2024KL0007673,1,449.67,30,1,1,1,16,103151,501,3000,1,5,1,1,1,1900101,1000000
2024KL0007674,1,449.67,55,1,1,1,15,70882,501,3000,2,1,1,4,1,1900101,1000000
2024KL0007675,1,449.67,42,2,1,1,15,15393,139,3000,2,1,1,2,1,1900113,1000000
2024KL0007676,1,449.67,74,1,1,1,7,3859,35,0,0,6,5,1,1,1900106,1000000
2024KL0007677,1,449.67,14,2,6,1,1,2475,22,0,0,6,1,5,1,1900112,1000000
2024KL0007678,1,449.67,44,2,3,1,8,9005,81,8000,6,1,1,1,1,1900108,1000000
2024KL0007679,1,449.67,99,1,1,1,10,15213,138,0,0,6,1,1,1,1900114,1000000
2024KL0007680,1,449.67,10,1,1,1,9,10906,99,0,0,6,1,5,1,1900107,1000000
2024KL0007681,1,449.67,43,1,3,1,16,238536,501,4000,1,3,1,1,1,1900111,1000000
2024KL0007682,1,449.67,10,1,1,1,7,1575,14,0,0,6,1,5,1,1900113,1000000
2024KL0007683,1,449.67,100,2,1,1,5,19066,173,0,0,6,1,3,1,1900113,1000000
2024KL0007684,1,449.67,14,2,1,1,4,5005,45,0,0,6,1,5,1,1900103,1000000
2024KL0007685,1,449.67,15,2,1,1,14,4046,36,0,0,6,1,5,1,1900102,1000000
2024KL0007686,1,449.67,57,2,2,1,9,58111,501,8000,1,1,1,1,1,1900107,1000000
2024KL0007687,1,449.67,58,1,1,1,8,3229,29,8000,3,4,1,1,1,1900108,1000000
2024KL0007688,1,449.67,21,1,1,1,15,36701,333,6000,3,1,1,5,1,1900100,1000000
2024KL0007689,1,449.67,28,1,1,1,9,56972,501,2000,2,1,1,1,1,1900102,1000000
2024KL0007690,1,449.67,52,2,4,1,11,13564,123,9000,3,1,1,1,1,1900110,1000000
2024KL0007691,1,449.67,24,1,2,1,17,70881,501,3000,3,1,1,5,1,1900112,1000000
2024KL0007692,1,449.67,18,2,4,1,18,91777,501,6000,6,1,2,5,1,1900111,1000000
2024KL0007693,1,449.67,5,1,7,1,5,5793,52,0,0,6,1,5,1,1900104,1000000
2024KL0007694,1,449.67,48,1,2,1,8,4500,40,8000,3,1,1,1,1,1900102,1000000
2024KL0007695,1,449.67,54,1,2,1,14,12769,116,7000,1,1,1,1,1,1900105,1000000
2024KL0007696,1,449.67,44,2,3,1,12,37071,337,7000,1,1,1,1,1,1900108,1000000
2024KL0007697,1,449.67,26,2,1,1,12,18609,169,9000,4,1,1,5,1,1900108,1000000
2024KL0007698,1,449.67,19,2,3,1,10,13381,121,7000,6,4,1,1,1,1900100,1000000
2024KL0007699,1,449.67,71,2,1,1,8,7848,71,0,0,6,1,1,1,1900104,1000000
2024KL0007700,1,449.67,47,1,2,1,9,85679,501,5000,1,1,1,1,1,1900100,1000000
2024KL0007701,1,449.67,59,1,3,1,14,17344,157,4000,2,1,1,5,1,1900111,1000000
2024KL0007702,1,449.67,1,1,1,1,1,7054,64,0,0,6,2,5,1,1900113,1000000
2024KL0007703,1,449.67,20,1,1,1,19,26440,240,3000,1,3,1,5,1,1900106,1000000
2024KL0007704,1,449.67,17,1,3,1,14,9685,88,0,0,6,1,5,2,1900112,1000000
2024KL0007705,1,449.67,0,1,6,1,6,7648,69,0,0,6,1,5,1,1900110,1000000
2024KL0007706,1,449.67,17,1,5,1,18,18959,172,0,0,6,1,5,2,1900109,1000000
2024KL0007707,1,449.67,57,2,3,1,13,59006,501,6000,3,1,1,5,1,1900106,1000000
2024KL0007708,1,449.67,33,1,1,1,8,12889,117,6000,3,1,1,5,1,1900101,1000000
2024KL0007709,1,449.67,0,1,2,1,4,6151,55,0,0,6,1,5,1,1900100,1000000
2024KL0007710,1,449.67,48,1,1,1,16,68298,501,2000,2,1,1,1,1,1900101,1000000
2024KL0007711,1,449.67,24,1,1,1,18,96443,501,2000,1,1,1,5,1,1900112,1000000
2024KL0007712,1,449.67,47,1,1,1,10,30040,273,4000,1,1,1,1,1,1900111,1000000
2024KL0007713,1,449.67,91,1,1,1,5,943,8,0,0,6,1,4,1,1900105,1000000
2024KL0007714,1,449.67,47,2,1,1,14,38740,352,8000,3,1,1,1,1,1900100,1000000
2024KL0007715,1,449.67,54,1,6,1,14,14799,134,6000,4,4,1,1,1,1900102,1000000
2024KL0007716,1,449.67,37,1,1,1,9,29508,268,9800,1,1,1,2,1,1900101,1000000
2024KL0007717,1,449.67,10,1,4,1,1,1180,10,0,0,6,1,5,1,1900105,1000000
2024KL0007718,1,449.67,51,2,3,1,9,25468,231,2000,2,2,1,1,1,1900103,1000000
2024KL0007719,1,449.67,0,2,5,1,8,5458,49,0,0,6,2,5,1,1900104,1000000
2024KL0007720,1,449.67,5,2,6,1,5,1216,11,0,0,6,1,5,1,1900109,1000000
2024KL0007721,1,449.67,45,2,2,1,9,22052,200,6000,3,1,1,1,1,1900103,1000000
2024KL0007722,1,449.67,18,2,1,1,13,5652,51,7000,3,1,1,1,1,1900107,1000000
2024KL0007723,1,449.67,0,1,1,1,2,6365,57,0,0,6,1,5,1,1900104,1000000
2024KL0007724,1,449.67,57,2,1,1,7,39619,360,9920,1,1,1,2,1,1900110,1000000
2024KL0007725,1,449.67,59,1,1,1,13,59890,501,7000,3,1,1,1,1,1900111,1000000
2024KL0007726,1,449.67,19,1,3,1,14,8209,74,8000,3,1,1,5,1,1900114,1000000
2024KL0007727,1,449.67,50,2,2,1,8,29090,264,5000,3,1,1,2,1,1900114,1000000
2024KL0007728,1,449.67,26,2,2,1,10,10948,99,7000,3,1,1,1,1,1900111,1000000
2024KL0007729,1,449.67,58,1,5,1,11,21997,199,8000,6,2,1,1,1,1900109,1000000
2024KL0007730,1,449.67,95,1,2,1,6,3311,30,0,0,6,1,1,1,1900107,1000000
2024KL0007731,1,449.67,42,1,2,1,13,34172,310,5000,4,4,1,1,1,1900105,1000000
2024KL0007732,1,449.67,20,2,1,1,14,7592,69,4000,2,1,1,1,1,1900112,1000000
2024KL0007733,1,449.67,1,1,7,1,1,6253,56,0,0,6,1,5,1,1900111,1000000
2024KL0007734,1,449.67,37,2,1,1,6,6113,55,6000,1,3,1,1,1,1900101,1000000
2024KL0007735,1,449.67,11,2,2,1,4,3446,31,0,0,6,1,5,1,1900114,1000000
2024KL0007736,1,449.67,9,1,1,1,5,6641,60,0,0,6,1,5,1,1900104,1000000
2024KL0007737,1,449.67,24,1,3,1,17,78035,501,4000,3,3,1,1,1,1900102,1000000
2024KL0007738,1,449.67,77,1,2,1,5,7286,66,0,0,6,1,3,1,1900104,1000000
2024KL0007739,1,449.67,39,2,1,1,7,21298,193,6000,3,1,1,1,1,1900113,1000000
2024KL0007740,1,449.67,21,1,2,1,18,27463,249,5000,3,1,1,5,1,1900114,1000000
2024KL0007741,1,449.67,26,1,1,1,9,17667,160,1000,2,1,2,1,1,1900101,1000000
2024KL0007742,1,449.67,71,1,2,1,7,1274,11,0,0,6,1,2,1,1900101,1000000
2024KL0007743,1,449.67,30,1,1,1,10,10203,92,8000,1,5,1,5,1,1900111,1000000
2024KL0007744,1,449.67,82,1,1,1,6,5232,47,0,0,6,1,1,1,1900100,1000000
2024KL0007745,1,449.67,21,2,8,1,14,21419,194,8000,3,1,1,5,1,1900113,1000000
2024KL0007746,1,449.67,0,1,1,1,2,1699,15,0,0,6,1,5,1,1900106,1000000
2024KL0007747,1,449.67,7,1,1,1,5,1803,16,0,0,6,1,5,2,1900103,1000000
2024KL0007748,1,449.67,58,2,1,1,7,2160,19,7000,3,5,2,5,2,1900110,1000000
2024KL0007749,1,449.67,43,2,5,1,7,15840,144,8000,4,5,1,1,1,1900107,1000000
2024KL0007750,1,449.67,35,1,6,1,11,27507,250,6000,4,1,1,1,1,1900107,1000000
2024KL0007751,1,449.67,42,1,1,1,13,8189,74,7000,6,1,1,1,1,1900109,1000000
2024KL0007752,1,449.67,13,1,5,1,4,2723,24,0,0,6,1,5,1,1900101,1000000
2024KL0007753,1,449.67,26,1,2,1,13,62394,501,5000,1,1,1,1,1,1900106,1000000
2024KL0007754,1,449.67,17,1,5,1,16,14697,133,0,0,6,1,5,1,1900103,1000000
2024KL0007755,1,449.67,43,1,2,1,10,21758,197,2000,1,1,1,1,1,1900101,1000000
2024KL0007756,1,449.67,50,2,1,1,9,72653,501,3000,3,1,1,1,1,1900113,1000000
2024KL0007757,1,449.67,30,2,2,1,14,37633,342,6000,4,5,1,1,1,1900104,1000000
2024KL0007758,1,449.67,32,1,1,1,12,54721,497,6000,4,1,1,5,1,1900106,1000000
2024KL0007759,1,449.67,15,1,4,1,18,20610,187,0,0,6,1,5,1,1900113,1000000
2024KL0007760,1,449.67,50,2,4,1,15,34366,312,5000,1,1,1,1,1,1900103,1000000
2024KL0007761,1,449.67,14,1,1,1,3,4498,40,0,0,6,1,5,1,1900106,1000000
2024KL0007762,1,449.67,2,2,7,1,6,3393,30,0,0,6,1,5,1,1900110,1000000
2024KL0007763,1,449.67,22,2,1,1,15,21072,191,3000,3,1,1,1,1,1900105,1000000
2024KL0007764,1,449.67,49,2,2,1,11,85562,501,5000,1,1,1,1,2,1900114,1000000
2024KL0007765,1,449.67,42,2,1,1,13,90183,501,2000,1,1,1,1,1,1900110,1000000
2024KL0007766,1,449.67,41,2,1,1,7,7329,66,7000,1,1,1,5,2,1900105,1000000
2024KL0007767,1,449.67,89,1,1,1,5,691,6,0,0,6,1,2,1,1900106,1000000
2024KL0007768,1,449.67,0,1,1,1,3,5225,47,0,0,6,1,5,1,1900113,1000000
2024KL0007769,1,449.67,40,1,1,1,8,18216,165,6000,6,4,1,3,1,1900104,1000000
2024KL0007770,1,449.67,59,1,6,1,11,44160,401,3000,1,1,1,1,1,1900100,1000000
2024KL0007771,1,449.67,46,1,4,1,6,6868,62,5000,4,1,1,1,2,1900113,1000000
2024KL0007772,1,449.67,30,2,1,1,18,92375,501,4000,2,1,1,1,1,1900106,1000000
2024KL0007773,1,449.67,13,1,2,1,2,1170,10,0,0,6,1,5,1,1900103,1000000
2024KL0007774,1,449.67,28,1,4,1,7,30627,278,6000,1,1,1,1,1,1900111,1000000
2024KL0007775,1,449.67,28,1,1,1,8,738,6,7000,3,1,1,5,1,1900110,1000000
2024KL0007776,1,449.67,25,2,1,1,12,10316,93,4000,3,1,1,1,1,1900106,1000000
2024KL0007777,1,449.67,24,2,1,1,14,51135,464,7000,1,1,1,5,1,1900100,1000000
2024KL0007778,1,449.67,98,1,3,1,5,5837,53,0,0,6,1,4,1,1900108,1000000
2024KL0007779,1,449.67,31,1,1,1,12,17562,159,7000,3,4,1,5,1,1900106,1000000
2024KL0007780,1,449.67,41,2,1,1,5,9349,84,5000,1,2,1,3,1,1900103,1000000
2024KL0007781,1,449.67,25,1,1,1,9,21918,199,5000,1,1,1,1,1,1900107,1000000
2024KL0007782,1,449.67,23,1,1,1,17,32363,294,2000,3,1,1,5,1,1900111,1000000
2024KL0007783,1,449.67,54,2,2,1,8,8968,81,9000,1,1,1,2,1,1900103,1000000
2024KL0007784,1,449.67,34,2,1,1,8,6322,57,8000,1,1,1,1,1,1900105,1000000
2024KL0007785,1,449.67,47,2,1,1,7,11026,100,8000,1,1,1,1,1,1900114,1000000
2024KL0007786,1,449.67,5,2,3,1,3,5427,49,0,0,6,1,5,1,1900108,1000000
2024KL0007787,1,449.67,35,1,2,1,7,15996,145,5000,6,1,1,3,1,1900103,1000000
2024KL0007788,1,449.67,28,1,1,1,8,11286,102,5000,1,1,1,1,1,1900102,1000000
2024KL0007789,1,449.67,22,1,1,1,18,22192,201,6000,1,1,1,5,1,1900112,1000000
2024KL0007790,1,449.67,27,2,1,1,12,28057,255,6000,1,1,1,5,1,1900105,1000000
2024KL0007791,1,449.67,5,1,3,1,6,3221,29,0,0,6,1,5,2,1900104,1000000
2024KL0007792,1,449.67,17,2,1,1,11,2304,20,0,0,6,1,5,1,1900108,1000000
2024KL0007793,1,449.67,43,1,1,1,9,16393,149,1000,1,3,1,2,2,1900114,1000000
2024KL0007794,1,449.67,14,1,4,1,5,7391,67,0,0,6,2,5,1,1900100,1000000
2024KL0007795,1,449.67,55,2,2,1,7,6489,58,9000,1,1,1,2,1,1900104,1000000
2024KL0007796,1,449.67,32,1,1,1,16,36003,327,5000,6,1,1,1,1,1900106,1000000
2024KL0007797,1,449.67,39,2,2,1,15,89753,501,4000,1,2,1,1,1,1900103,1000000
2024KL0007798,1,449.67,32,1,1,1,9,58194,501,5000,4,1,2,5,1,1900102,1000000
2024KL0007799,1,449.67,42,1,3,1,9,22286,202,6000,3,1,1,1,1,1900109,1000000
2024KL0007800,1,449.67,48,2,5,1,8,12297,111,9800,1,1,1,1,1,1900109,1000000
2024KL0007801,1,449.67,38,1,1,1,7,27567,250,6000,6,2,1,1,1,1900113,1000000
2024KL0007802,1,449.67,20,2,1,1,17,11316,102,2000,3,1,1,5,1,1900109,1000000
2024KL0007803,1,449.67,33,2,5,1,10,50479,458,1000,3,5,1,1,1,1900108,1000000
2024KL0007804,1,449.67,3,1,6,1,4,3599,32,0,0,6,1,5,1,1900103,1000000
2024KL0007805,1,449.67,6,2,1,1,5,2738,24,0,0,6,1,5,1,1900102,1000000
2024KL0007806,1,449.67,57,1,3,1,9,215900,501,4000,2,1,1,1,2,1900101,1000000
2024KL0007807,1,449.67,0,2,1,1,4,579,5,0,0,6,1,5,2,1900106,1000000
2024KL0007808,1,449.67,80,1,1,1,10,5964,54,0,0,6,1,1,1,1900107,1000000
2024KL0007809,1,449.67,18,1,1,1,15,81890,501,4000,1,1,1,5,1,1900100,1000000
2024KL0007810,1,449.67,36,1,8,1,10,16122,146,1000,1,1,1,1,1,1900105,1000000
2024KL0007811,1,449.67,24,1,1,1,16,45873,417,3000,3,1,1,5,1,1900107,1000000
2024KL0007812,1,449.67,30,2,3,1,12,51239,465,9000,1,1,1,1,1,1900106,1000000
2024KL0007813,1,449.67,98,1,2,1,12,19506,177,0,0,6,1,1,1,1900104,1000000
2024KL0007814,1,449.67,23,2,2,1,17,43954,399,6000,1,2,1,1,1,1900105,1000000
2024KL0007815,1,449.67,13,1,2,1,7,1364,12,0,0,6,1,5,1,1900108,1000000
2024KL0007816,1,449.67,29,2,7,1,9,53157,483,9000,3,5,1,5,1,1900103,1000000
2024KL0007817,1,449.67,37,1,1,1,10,125245,501,6000,3,5,1,1,1,1900102,1000000
2024KL0007818,1,449.67,39,1,3,1,10,17671,160,7000,4,4,1,1,1,1900109,1000000
2024KL0007819,1,449.67,80,1,3,1,6,5055,45,0,0,6,1,5,2,1900114,1000000
2024KL0007820,1,449.67,6,2,1,1,3,1713,15,0,0,6,1,5,1,1900101,1000000
2024KL0007821,1,449.67,98,2,1,1,6,4785,43,0,0,6,1,1,1,1900102,1000000
2024KL0007822,1,449.67,20,1,2,1,11,4307,39,6000,4,1,1,5,1,1900102,1000000
2024KL0007823,1,449.67,26,2,4,1,12,13390,121,7000,1,1,1,1,1,1900106,1000000
2024KL0007824,1,449.67,31,2,1,1,13,18966,172,7000,1,1,1,1,1,1900114,1000000
2024KL0007825,1,449.67,11,2,3,1,4,2506,22,0,0,6,1,5,1,1900104,1000000
2024KL0007826,1,449.67,44,1,1,1,20,139710,501,2000,1,1,1,1,1,1900110,1000000
2024KL0007827,1,449.67,49,2,2,1,9,23294,211,9000,6,1,1,1,1,1900110,1000000
2024KL0007828,1,449.67,31,2,6,1,14,22609,205,1000,3,1,1,1,1,1900101,1000000
2024KL0007829,1,449.67,36,1,4,1,18,72151,501,4000,1,2,1,1,1,1900114,1000000
2024KL0007830,1,449.67,35,1,7,1,6,32029,291,6000,1,1,1,1,1,1900108,1000000
2024KL0007831,1,449.67,31,2,2,1,12,20496,186,7000,1,1,1,1,1,1900112,1000000
2024KL0007832,1,449.67,26,1,6,1,11,16063,146,6000,3,1,1,1,1,1900114,1000000
2024KL0007833,1,449.67,17,2,4,1,16,18753,170,0,0,6,1,5,1,1900105,1000000
2024KL0007834,1,449.67,7,1,1,1,5,3676,33,0,0,6,1,5,1,1900106,1000000
2024KL0007835,1,449.67,16,2,1,1,16,44757,406,0,0,6,1,5,1,1900100,1000000
2024KL0007836,1,449.67,42,1,3,1,6,30036,273,9920,1,2,1,1,1,1900108,1000000
2024KL0007837,1,449.67,15,2,1,1,17,19806,180,0,0,6,1,5,1,1900108,1000000
2024KL0007838,1,449.67,14,2,1,1,2,7269,66,0,0,6,1,5,1,1900100,1000000
2024KL0007839,1,449.67,48,1,2,1,6,66021,501,9920,3,1,1,1,1,1900106,1000000
2024KL0007840,1,449.67,65,2,2,1,5,2315,21,9800,3,4,1,1,1,1900106,1000000
2024KL0007841,1,449.67,25,1,6,1,12,54349,494,7000,6,1,1,1,1,1900101,1000000
2024KL0007842,1,449.67,35,1,1,1,6,6419,58,7000,1,1,1,1,1,1900109,1000000
2024KL0007843,1,449.67,8,1,2,1,3,11647,105,0,0,6,1,5,1,1900108,1000000
2024KL0007844,1,449.67,26,2,3,1,10,23523,213,5000,4,1,1,1,1,1900110,1000000
2024KL0007845,1,449.67,20,1,2,1,16,15264,138,5000,1,1,1,5,1,1900112,1000000
2024KL0007846,1,449.67,28,2,1,1,5,5952,54,7000,1,1,1,5,1,1900105,1000000
2024KL0007847,1,449.67,57,1,1,1,12,17289,157,9000,1,1,1,1,1,1900109,1000000
2024KL0007848,1,449.67,32,1,1,1,8,10058,91,9800,1,1,1,1,1,1900113,1000000
2024KL0007849,1,449.67,43,2,1,1,10,56177,501,1000,1,1,1,3,1,1900110,1000000
2024KL0007850,1,449.67,53,1,1,1,6,2959,26,6000,1,2,1,3,1,1900103,1000000
2024KL0007851,1,449.67,32,2,6,1,14,18901,171,9000,3,1,1,1,1,1900110,1000000
2024KL0007852,1,449.67,3,1,1,1,6,2736,24,0,0,6,1,5,1,1900107,1000000
2024KL0007853,1,449.67,39,1,4,1,10,21105,191,6000,4,4,1,1,1,1900114,1000000
2024KL0007854,1,449.67,12,1,3,1,3,6631,60,0,0,6,1,5,1,1900109,1000000
2024KL0007855,1,449.67,55,1,2,1,10,37043,336,6000,3,1,1,1,1,1900103,1000000
2024KL0007856,1,449.67,48,1,6,1,15,70477,501,4000,3,1,1,1,1,1900108,1000000
2024KL0007857,1,449.67,17,2,1,1,14,15938,144,0,0,6,1,5,1,1900113,1000000
2024KL0007858,1,449.67,41,1,2,1,5,3931,35,5000,4,5,1,1,1,1900104,1000000
2024KL0007859,1,449.67,7,2,9,1,6,6617,60,0,0,6,1,5,1,1900103,1000000
2024KL0007860,1,449.67,78,2,2,1,6,4637,42,0,0,6,1,1,1,1900111,1000000
2024KL0007861,1,449.67,43,1,2,1,12,32315,293,1000,1,4,1,1,1,1900109,1000000
2024KL0007862,1,449.67,23,2,3,1,12,72409,501,7000,3,1,1,5,1,1900108,1000000
2024KL0007863,1,449.67,6,1,1,1,4,1679,15,0,0,6,1,5,1,1900108,1000000
2024KL0007864,1,449.67,48,2,6,1,9,57438,501,7000,3,3,1,5,1,1900112,1000000
2024KL0007865,1,449.67,19,2,3,1,11,5687,51,6000,6,1,1,1,1,1900107,1000000
2024KL0007866,1,449.67,27,2,1,1,14,37690,342,6000,4,1,1,5,1,1900100,1000000
2024KL0007867,1,449.67,24,1,3,1,13,11316,102,9000,1,1,1,1,1,1900110,1000000
2024KL0007868,1,449.67,50,2,1,1,9,22571,205,7000,3,1,1,3,1,1900109,1000000
2024KL0007869,1,449.67,21,1,5,1,11,13962,126,5000,6,1,1,1,1,1900102,1000000
2024KL0007870,1,449.67,15,1,4,1,14,10122,92,0,0,6,1,5,2,1900103,1000000
2024KL0007871,1,449.67,4,2,4,1,2,2441,22,0,0,6,1,5,1,1900102,1000000
2024KL0007872,1,449.67,3,2,2,1,1,1955,17,0,0,6,1,5,1,1900106,1000000
2024KL0007873,1,449.67,39,2,3,1,10,44187,401,5000,4,1,1,1,2,1900110,1000000
2024KL0007874,1,449.67,84,2,3,1,5,3156,28,0,0,6,1,1,1,1900110,1000000
2024KL0007875,1,449.67,6,2,5,1,1,6530,59,0,0,6,1,5,1,1900112,1000000
2024KL0007876,1,449.67,50,2,1,1,10,40107,364,1000,1,1,1,1,1,1900100,1000000
2024KL0007877,1,449.67,2,2,1,1,2,3045,27,0,0,6,1,5,1,1900110,1000000
2024KL0007878,1,449.67,88,2,1,1,11,4123,37,0,0,6,1,2,1,1900111,1000000
2024KL0007879,1,449.67,18,1,1,1,17,40475,367,1000,1,3,1,1,1,1900113,1000000
2024KL0007880,1,449.67,59,2,2,1,11,32567,296,6000,4,2,5,1,1,1900113,1000000
2024KL0007881,1,449.67,23,2,4,1,13,32403,294,1000,1,1,1,1,1,1900111,1000000
2024KL0007882,1,449.67,19,1,4,1,18,43919,399,3000,2,1,1,5,1,1900105,1000000
2024KL0007883,1,449.67,12,1,1,1,9,4980,45,0,0,6,1,5,1,1900103,1000000
2024KL0007884,1,449.67,8,1,1,1,7,2713,24,0,0,6,1,5,1,1900113,1000000
2024KL0007885,1,449.67,18,2,1,1,20,61448,501,1000,1,1,1,1,1,1900114,1000000
2024KL0007886,1,449.67,33,2,1,1,7,14906,135,7000,6,1,2,1,1,1900111,1000000
2024KL0007887,1,449.67,5,2,2,1,3,4316,39,0,0,6,1,5,1,1900111,1000000
2024KL0007888,1,449.67,27,2,2,1,9,12353,112,9800,1,4,1,1,1,1900104,1000000
2024KL0007889,1,449.67,44,2,1,1,11,81967,501,2000,2,1,1,1,1,1900101,1000000
2024KL0007890,1,449.67,40,2,2,1,12,31052,282,7000,3,1,1,1,1,1900112,1000000
2024KL0007891,1,449.67,7,1,6,1,3,2164,19,0,0,6,1,5,1,1900109,1000000
2024KL0007892,1,449.67,12,1,1,1,3,2867,26,0,0,6,1,5,1,1900103,1000000
2024KL0007893,1,449.67,15,2,3,1,19,54979,499,0,0,6,1,5,1,1900110,1000000
2024KL0007894,1,449.67,19,2,1,1,20,59688,501,3000,3,1,1,5,1,1900114,1000000
2024KL0007895,1,449.67,13,1,7,1,5,5635,51,0,0,6,1,5,1,1900100,1000000
2024KL0007896,1,449.67,41,2,2,1,13,30710,279,7000,3,5,1,1,1,1900103,1000000
2024KL0007897,1,449.67,26,1,7,1,12,49539,450,8000,4,1,1,5,1,1900107,1000000
2024KL0007898,1,449.67,41,1,2,1,15,110585,501,5000,3,1,1,1,1,1900113,1000000
2024KL0007899,1,449.67,13,2,1,1,8,4200,38,0,0,6,1,5,1,1900109,1000000
2024KL0007900,1,449.67,77,1,5,1,11,4741,43,0,0,6,1,1,1,1900111,1000000
2024KL0007901,1,449.67,10,2,1,1,5,3003,27,0,0,6,1,5,1,1900106,1000000
2024KL0007902,1,449.67,2,1,3,1,9,12890,117,0,0,6,1,5,2,1900103,1000000
2024KL0007903,1,449.67,58,2,3,1,5,2117,19,9800,4,1,1,1,1,1900108,1000000
2024KL0007904,1,449.67,58,2,2,1,12,7031,63,6000,4,1,2,1,1,1900103,1000000
2024KL0007905,1,449.67,27,2,1,1,10,28025,254,4000,2,5,1,5,1,1900108,1000000
2024KL0007906,1,449.67,43,2,3,1,12,67373,501,1000,2,3,5,1,1,1900106,1000000
2024KL0007907,1,449.67,28,2,3,1,7,13233,120,5000,6,1,1,5,1,1900113,1000000
2024KL0007908,1,449.67,15,1,7,1,19,40439,367,0,0,6,1,5,1,1900109,1000000
2024KL0007909,1,449.67,1,2,1,1,7,5347,48,0,0,6,1,5,1,1900106,1000000
2024KL0007910,1,449.67,15,1,3,1,14,4799,43,0,0,6,1,5,1,1900112,1000000
2024KL0007911,1,449.67,5,1,5,1,3,4329,39,0,0,6,1,5,1,1900110,1000000
2024KL0007912,1,449.67,19,2,1,1,10,3710,33,1000,2,1,1,1,1,1900101,1000000
2024KL0007913,1,449.67,14,2,2,1,7,2121,19,0,0,6,1,5,1,1900109,1000000
2024KL0007914,1,449.67,32,1,3,1,10,23197,210,5000,4,1,1,1,1,1900107,1000000
2024KL0007915,1,449.67,19,2,7,1,17,32813,298,4000,1,1,1,5,1,1900108,1000000
2024KL0007916,1,449.67,100,1,1,1,5,3505,31,0,0,6,1,3,1,1900104,1000000
2024KL0007917,1,449.67,30,1,2,1,8,42936,390,9000,4,1,1,1,1,1900107,1000000
2024KL0007918,1,449.67,74,1,6,1,8,1315,11,0,0,6,1,2,1,1900105,1000000
2024KL0007919,1,449.67,12,1,1,1,4,3100,28,0,0,6,1,5,1,1900110,1000000
2024KL0007920,1,449.67,13,2,2,1,3,2767,25,0,0,6,1,5,1,1900102,1000000
2024KL0007921,1,449.67,95,2,2,1,7,1830,16,0,0,6,1,2,1,1900108,1000000
2024KL0007922,1,449.67,12,2,1,1,6,2871,26,0,0,6,1,5,1,1900110,1000000
2024KL0007923,1,449.67,8,1,3,1,5,8211,74,0,0,6,1,5,1,1900110,1000000
2024KL0007924,1,449.67,41,1,3,1,7,6516,59,6000,1,4,1,1,2,1900105,1000000
2024KL0007925,1,449.67,22,1,5,1,10,40438,367,7000,4,1,1,5,1,1900109,1000000
2024KL0007926,1,449.67,34,1,1,1,14,91773,501,9800,1,1,1,1,1,1900103,1000000
2024KL0007927,1,449.67,22,1,1,1,19,174348,501,4000,1,5,1,5,1,1900110,1000000
2024KL0007928,1,449.67,36,1,1,1,12,56301,501,6000,1,1,1,1,1,1900114,1000000
2024KL0007929,1,449.67,32,1,7,1,12,36228,329,5000,1,1,1,1,1,1900110,1000000
2024KL0007930,1,449.67,27,2,2,1,9,28773,261,1000,1,1,1,1,1,1900105,1000000
2024KL0007931,1,449.67,26,1,6,1,17,41297,375,4000,3,2,1,1,1,1900103,1000000
2024KL0007932,1,449.67,42,2,2,1,8,12609,114,7000,1,2,2,5,1,1900100,1000000
2024KL0007933,1,449.67,18,1,6,1,20,40991,372,2000,3,1,1,5,1,1900104,1000000
2024KL0007934,1,449.67,23,1,1,1,14,97692,501,1000,1,1,1,5,1,1900111,1000000
2024KL0007935,1,449.67,48,2,1,1,7,5730,52,7000,6,1,1,2,1,1900113,1000000
2024KL0007936,1,449.67,16,1,1,1,15,73623,501,0,0,6,1,5,1,1900109,1000000
2024KL0007937,1,449.67,2,1,2,1,3,975,8,0,0,6,1,5,1,1900102,1000000
2024KL0007938,1,449.67,25,1,2,1,13,63010,501,1000,2,1,1,1,1,1900101,1000000
2024KL0007939,1,449.67,12,1,3,1,6,3090,28,0,0,6,1,5,1,1900102,1000000
2024KL0007940,1,449.67,17,2,1,1,15,24586,223,0,0,6,5,5,1,1900111,1000000
2024KL0007941,1,449.67,59,2,2,1,11,42352,385,5000,6,1,1,2,1,1900105,1000000
2024KL0007942,1,449.67,35,1,2,1,16,121155,501,2000,1,1,1,5,1,1900114,1000000
2024KL0007943,1,449.67,34,1,1,1,10,14961,136,6000,6,1,1,1,1,1900105,1000000
2024KL0007944,1,449.67,21,2,5,1,14,21144,192,5000,4,1,1,5,1,1900114,1000000
2024KL0007945,1,449.67,64,2,1,1,7,18330,166,5000,4,2,1,1,1,1900111,1000000
2024KL0007946,1,449.67,24,2,4,1,14,19706,179,7000,1,1,1,5,1,1900112,1000000
2024KL0007947,1,449.67,1,1,4,1,3,2224,20,0,0,6,1,5,1,1900101,1000000
2024KL0007948,1,449.67,14,1,2,1,2,10050,91,0,0,6,1,5,2,1900104,1000000
2024KL0007949,1,449.67,44,2,7,1,6,79676,501,6000,1,1,1,1,1,1900107,1000000
2024KL0007950,1,449.67,22,2,2,1,17,85318,501,5000,1,2,1,1,1,1900111,1000000
2024KL0007951,1,449.67,23,1,1,1,15,165903,501,3000,2,1,1,5,1,1900105,1000000
2024KL0007952,1,449.67,7,2,1,1,4,8826,80,0,0,6,1,5,1,1900103,1000000
2024KL0007953,1,449.67,55,1,7,1,6,6694,60,7000,3,1,1,1,1,1900104,1000000
2024KL0007954,1,449.67,2,1,2,1,5,1862,16,0,0,6,1,5,1,1900110,1000000
2024KL0007955,1,449.67,19,2,1,1,12,10743,97,7000,3,2,1,5,1,1900111,1000000
2024KL0007956,1,449.67,40,2,2,1,5,9714,88,6000,1,4,1,1,1,1900101,1000000
2024KL0007957,1,449.67,15,2,1,1,16,25406,230,0,0,6,1,5,1,1900106,1000000
2024KL0007958,1,449.67,8,2,4,1,2,3440,31,0,0,6,1,5,1,1900110,1000000
2024KL0007959,1,449.67,46,1,1,1,9,63422,501,5000,1,1,1,1,1,1900102,1000000
2024KL0007960,1,449.67,39,2,1,1,5,4290,39,9800,1,1,1,1,1,1900111,1000000
2024KL0007961,1,449.67,1,2,9,1,3,4594,41,0,0,6,1,5,1,1900104,1000000
2024KL0007962,1,449.67,41,1,6,1,13,20731,188,6000,3,4,1,5,1,1900112,1000000
2024KL0007963,1,449.67,15,2,4,1,13,6312,57,0,0,6,1,5,1,1900113,1000000
2024KL0007964,1,449.67,25,2,6,1,10,9352,85,1000,1,1,1,5,1,1900108,1000000
2024KL0007965,1,449.67,33,1,2,1,18,322432,501,1000,2,1,1,1,1,1900113,1000000
2024KL0007966,1,449.67,34,1,1,1,13,13194,119,8000,4,1,1,1,2,1900105,1000000
2024KL0007967,1,449.67,23,1,5,1,14,15152,137,5000,3,1,1,5,1,1900102,1000000
2024KL0007968,1,449.67,15,2,7,1,10,11458,104,0,0,6,1,5,1,1900105,1000000
2024KL0007969,1,449.67,39,1,1,1,5,7987,72,6000,1,1,1,1,1,1900100,1000000
2024KL0007970,1,449.67,25,2,6,1,11,9537,86,2000,1,3,1,1,1,1900113,1000000
2024KL0007971,1,449.67,15,2,2,1,16,36317,330,0,0,6,1,5,1,1900101,1000000
2024KL0007972,1,449.67,29,1,4,1,10,13464,122,5000,1,1,1,5,1,1900105,1000000
2024KL0007973,1,449.67,38,2,1,1,10,12926,117,6000,1,5,1,1,1,1900113,1000000
2024KL0007974,1,449.67,16,1,3,1,13,8929,81,0,0,6,1,5,1,1900104,1000000
2024KL0007975,1,449.67,16,1,1,1,18,53179,483,0,0,6,1,5,1,1900114,1000000
2024KL0007976,1,449.67,46,2,6,1,7,10541,95,9920,3,5,1,5,1,1900105,1000000
2024KL0007977,1,449.67,59,1,2,1,7,6486,58,9920,3,1,1,2,1,1900103,1000000
2024KL0007978,1,449.67,1,1,1,1,3,6765,61,0,0,6,1,5,1,1900114,1000000
2024KL0007979,1,449.67,14,1,5,1,8,3230,29,0,0,6,1,5,1,1900109,1000000
2024KL0007980,1,449.67,10,1,4,1,2,3009,27,0,0,6,1,5,1,1900114,1000000
2024KL0007981,1,449.67,10,2,3,1,2,3232,29,0,0,6,1,5,1,1900102,1000000
2024KL0007982,1,449.67,40,1,6,1,15,30831,280,5000,4,1,1,1,1,1900110,1000000
2024KL0007983,1,449.67,40,1,2,1,13,15522,141,7000,6,2,1,1,1,1900106,1000000
2024KL0007984,1,449.67,14,2,1,1,4,5670,51,0,0,6,1,5,1,1900114,1000000
2024KL0007985,1,449.67,21,1,2,1,18,80233,501,4000,1,1,1,1,1,1900102,1000000
2024KL0007986,1,449.67,68,1,1,1,11,13194,119,7000,1,4,1,5,1,1900102,1000000
2024KL0007987,1,449.67,34,1,2,1,10,21041,191,6000,6,1,1,1,1,1900107,1000000
2024KL0007988,1,449.67,21,2,1,1,13,8608,78,7000,4,1,1,5,1,1900112,1000000
2024KL0007989,1,449.67,41,2,1,1,10,89956,501,2000,1,2,1,1,1,1900110,1000000
2024KL0007990,1,449.67,27,2,2,1,11,22609,205,8000,3,2,1,5,1,1900110,1000000
2024KL0007991,1,449.67,54,1,1,1,9,8791,79,9000,3,5,1,1,1,1900100,1000000
2024KL0007992,1,449.67,46,1,6,1,9,42758,388,9800,6,1,1,1,1,1900110,1000000
2024KL0007993,1,449.67,22,1,1,1,17,89486,501,2000,2,3,1,5,1,1900108,1000000
2024KL0007994,1,449.67,17,2,4,1,14,18319,166,0,0,6,1,5,1,1900107,1000000
2024KL0007995,1,449.67,12,2,1,1,3,513,4,0,0,6,1,5,1,1900105,1000000
2024KL0007996,1,449.67,14,1,1,1,6,5912,53,0,0,6,1,5,1,1900103,1000000
2024KL0007997,1,449.67,98,1,1,1,6,6693,60,0,0,6,1,5,2,1900103,1000000
2024KL0007998,1,449.67,44,1,1,1,5,10919,99,7000,1,1,1,5,1,1900104,1000000
2024KL0007999,1,449.67,10,1,4,1,2,15527,141,0,0,6,1,5,1,1900108,1000000
2024KL0008000,1,449.67,7,1,1,1,1,521,4,0,0,6,1,5,1,1900112,1000000
2024KL0008001,1,449.67,5,1,3,1,4,1391,12,0,0,6,1,5,1,1900105,1000000
2024KL0008002,1,449.67,50,1,2,1,11,49461,449,6000,4,1,1,1,1,1900102,1000000
2024KL0008003,1,449.67,24,1,3,1,20,130793,501,1000,3,1,1,5,1,1900113,1000000
2024KL0008004,1,449.67,32,1,2,1,16,47964,436,5000,1,1,1,1,1,1900105,1000000
2024KL0008005,1,449.67,35,2,1,1,7,4378,39,9920,1,1,1,1,1,1900104,1000000
2024KL0008006,1,449.67,38,2,1,1,10,19992,181,2000,1,1,1,1,1,1900107,1000000
2024KL0008007,1,449.67,25,1,6,1,9,18301,166,8000,3,5,1,1,1,1900111,1000000
2024KL0008008,1,449.67,61,2,1,1,6,20799,189,6000,4,1,1,1,1,1900113,1000000
2024KL0008009,1,449.67,56,1,2,1,8,8057,73,9800,4,2,1,1,2,1900114,1000000
2024KL0008010,1,449.67,7,1,1,1,4,2277,20,0,0,6,1,5,1,1900104,1000000
2024KL0008011,1,449.67,72,2,3,1,5,2518,22,0,0,6,2,1,1,1900103,1000000
2024KL0008012,1,449.67,56,1,5,1,9,10252,93,7000,1,2,1,1,1,1900112,1000000
2024KL0008013,1,449.67,58,1,2,1,6,7230,65,9800,1,1,1,5,1,1900109,1000000
2024KL0008014,1,449.67,15,1,1,1,13,7934,72,0,0,6,1,5,1,1900114,1000000
2024KL0008015,1,449.67,83,2,4,1,6,9196,83,0,0,6,1,2,1,1900114,1000000
2024KL0008016,1,449.67,31,1,1,1,15,125521,501,4000,2,2,1,5,1,1900101,1000000
2024KL0008017,1,449.67,31,1,2,1,17,71503,501,6000,4,1,1,1,1,1900107,1000000
2024KL0008018,1,449.67,31,1,1,1,12,62077,501,8000,1,1,1,1,1,1900103,1000000
2024KL0008019,1,449.67,32,2,1,1,12,46724,424,5000,4,1,1,1,1,1900103,1000000
2024KL0008020,1,449.67,35,2,1,1,11,147041,501,1000,2,5,1,1,1,1900103,1000000
2024KL0008021,1,449.67,2,1,1,1,9,6339,57,0,0,6,1,5,1,1900106,1000000
2024KL0008022,1,449.67,3,2,4,1,5,2521,22,0,0,6,1,5,1,1900106,1000000
2024KL0008023,1,449.67,9,2,5,1,2,7967,72,0,0,6,1,5,1,1900104,1000000
2024KL0008024,1,449.67,35,1,2,1,6,36664,333,9000,1,1,1,1,1,1900105,1000000
2024KL0008025,1,449.67,31,2,2,1,11,16182,147,7000,1,1,1,1,1,1900110,1000000
2024KL0008026,1,449.67,39,1,4,1,15,37683,342,6000,1,1,1,1,1,1900113,1000000
2024KL0008027,1,449.67,59,1,1,1,10,69449,501,5000,1,1,1,1,1,1900103,1000000
2024KL0008028,1,449.67,15,2,1,1,10,13433,122,0,0,6,1,5,1,1900110,1000000
2024KL0008029,1,449.67,3,1,1,1,4,1641,14,0,0,6,1,5,1,1900100,1000000
2024KL0008030,1,449.67,57,2,1,1,10,27337,248,7000,1,1,1,2,1,1900110,1000000
2024KL0008031,1,449.67,8,2,2,1,5,3503,31,0,0,6,1,5,1,1900107,1000000
2024KL0008032,1,449.67,35,2,4,1,10,19836,180,8000,4,1,1,2,1,1900108,1000000
2024KL0008033,1,449.67,46,1,4,1,13,30553,277,7000,1,1,1,1,1,1900113,1000000
2024KL0008034,1,449.67,41,1,2,1,9,17200,156,7000,3,1,1,1,1,1900101,1000000
2024KL0008035,1,449.67,41,2,6,1,7,36485,331,8000,3,1,1,1,1,1900101,1000000
2024KL0008036,1,449.67,75,2,3,1,9,67166,501,0,0,6,1,2,1,1900114,1000000
2024KL0008037,1,449.67,10,2,1,1,1,1072,9,0,0,6,1,5,1,1900107,1000000
2024KL0008038,1,449.67,35,1,1,1,7,10615,96,8000,3,1,1,5,1,1900103,1000000
2024KL0008039,1,449.67,14,1,6,1,7,6655,60,0,0,6,1,5,1,1900112,1000000
2024KL0008040,1,449.67,23,2,1,1,10,18968,172,7000,3,3,1,5,1,1900110,1000000
2024KL0008041,1,449.67,10,2,5,1,6,6142,55,0,0,6,1,5,1,1900109,1000000
2024KL0008042,1,449.67,33,1,5,1,15,243488,501,3000,2,1,1,5,1,1900103,1000000
2024KL0008043,1,449.67,51,2,1,1,17,52852,480,4000,1,2,1,2,1,1900104,1000000
2024KL0008044,1,449.67,24,1,2,1,20,32754,297,1000,1,1,1,1,1,1900113,1000000
2024KL0008045,1,449.67,3,1,1,1,5,1438,13,0,0,6,1,5,1,1900104,1000000
2024KL0008046,1,449.67,9,2,4,1,8,2133,19,0,0,6,1,5,1,1900111,1000000
2024KL0008047,1,449.67,4,1,2,1,9,1762,16,0,0,6,1,5,2,1900107,1000000
2024KL0008048,1,449.67,26,2,1,1,12,52192,474,9000,4,1,1,1,1,1900108,1000000
2024KL0008049,1,449.67,31,1,1,1,15,196209,501,5000,6,5,1,5,1,1900107,1000000
2024KL0008050,1,449.67,2,1,4,1,6,2113,19,0,0,6,1,5,1,1900101,1000000
2024KL0008051,1,449.67,39,1,3,1,12,20860,189,1000,2,1,1,1,1,1900107,1000000
2024KL0008052,1,449.67,62,1,3,1,8,7515,68,9800,1,1,1,1,1,1900114,1000000
2024KL0008053,1,449.67,39,2,2,1,15,222214,501,4000,1,5,1,1,1,1900104,1000000
2024KL0008054,1,449.67,61,2,1,1,7,13085,118,6000,1,1,1,1,1,1900105,1000000
2024KL0008055,1,449.67,37,2,6,1,5,3004,27,7000,1,1,1,1,1,1900105,1000000
2024KL0008056,1,449.67,29,2,1,1,7,7771,70,8000,4,1,1,1,1,1900113,1000000
2024KL0008057,1,449.67,48,1,1,1,18,28835,262,3000,3,1,1,1,1,1900104,1000000
2024KL0008058,1,449.67,73,2,2,1,9,23170,210,0,0,6,1,1,1,1900114,1000000
2024KL0008059,1,449.67,8,1,3,1,2,2247,20,0,0,6,1,5,1,1900101,1000000
2024KL0008060,1,449.67,48,1,1,1,12,35730,324,1000,2,1,2,1,1,1900104,1000000
2024KL0008061,1,449.67,7,2,4,1,6,2554,23,0,0,6,1,5,1,1900103,1000000
2024KL0008062,1,449.67,28,2,1,1,10,8472,77,3000,1,3,1,5,1,1900100,1000000
2024KL0008063,1,449.67,34,1,3,1,9,29037,263,5000,6,4,1,5,1,1900103,1000000
2024KL0008064,1,449.67,20,1,1,1,18,23480,213,3000,2,1,2,1,1,1900106,1000000
2024KL0008065,1,449.67,98,1,2,1,5,32188,292,0,0,6,1,1,1,1900109,1000000
2024KL0008066,1,449.67,29,2,1,1,12,17939,163,2000,1,1,1,5,1,1900111,1000000
2024KL0008067,1,449.67,1,2,2,1,3,2817,25,0,0,6,1,5,1,1900101,1000000
2024KL0008068,1,449.67,33,2,4,1,11,35714,324,8000,1,1,1,1,1,1900100,1000000
2024KL0008069,1,449.67,4,2,1,1,5,2572,23,0,0,6,1,5,1,1900104,1000000
2024KL0008070,1,449.67,2,2,1,1,5,700,6,0,0,6,1,5,1,1900103,1000000
2024KL0008071,1,449.67,20,2,5,1,15,46384,421,6000,1,1,1,5,1,1900108,1000000
2024KL0008072,1,449.67,59,2,1,1,10,37662,342,1000,3,5,1,1,1,1900106,1000000
2024KL0008073,1,449.67,14,1,6,1,1,891,8,0,0,6,1,5,1,1900105,1000000
2024KL0008074,1,449.67,33,1,2,1,14,78175,501,9800,4,1,1,5,1,1900114,1000000
2024KL0008075,1,449.67,55,2,2,1,8,34530,313,7000,1,1,1,4,1,1900114,1000000
2024KL0008076,1,449.67,44,1,2,1,13,5634,51,7000,1,1,1,1,1,1900111,1000000
2024KL0008077,1,449.67,6,1,3,1,3,10045,91,0,0,6,1,5,1,1900100,1000000
2024KL0008078,1,449.67,64,2,4,1,6,15871,144,7000,4,1,1,1,1,1900105,1000000
2024KL0008079,1,449.67,3,2,1,1,4,4600,41,0,0,6,1,5,1,1900110,1000000
2024KL0008080,1,449.67,21,1,2,1,14,41171,374,7000,3,1,1,5,1,1900102,1000000
2024KL0008081,1,449.67,64,1,2,1,7,26258,238,6000,4,1,1,1,1,1900109,1000000
2024KL0008082,1,449.67,33,1,1,1,15,102612,501,6000,1,1,1,1,1,1900109,1000000
2024KL0008083,1,449.67,36,1,6,1,16,74535,501,5000,4,1,1,1,1,1900108,1000000
2024KL0008084,1,449.67,96,2,1,1,11,18393,167,0,0,6,1,1,1,1900106,1000000
2024KL0008085,1,449.67,92,1,7,1,6,1336,12,0,0,6,1,1,1,1900110,1000000
2024KL0008086,1,449.67,43,2,4,1,16,35196,319,3000,1,4,1,5,1,1900105,1000000
2024KL0008087,1,449.67,73,1,4,1,8,4331,39,0,0,6,1,3,1,1900100,1000000
2024KL0008088,1,449.67,79,1,1,1,7,2413,21,0,0,6,1,1,1,1900100,1000000
2024KL0008089,1,449.67,29,2,1,1,10,15004,136,5000,1,1,2,1,1,1900114,1000000
2024KL0008090,1,449.67,3,2,4,1,3,2407,21,0,0,6,1,5,1,1900113,1000000
2024KL0008091,1,449.67,11,2,1,1,3,10102,91,0,0,6,1,5,1,1900101,1000000
2024KL0008092,1,449.67,58,1,1,1,16,66031,501,5000,1,2,1,4,1,1900106,1000000
2024KL0008093,1,449.67,31,1,1,1,12,11708,106,5000,3,1,1,1,1,1900114,1000000
2024KL0008094,1,449.67,4,1,1,1,5,3225,29,0,0,6,1,5,1,1900105,1000000
2024KL0008095,1,449.67,4,1,2,1,3,7977,72,0,0,6,1,5,1,1900112,1000000
2024KL0008096,1,449.67,31,1,9,1,6,17896,162,9800,4,1,1,5,1,1900102,1000000
2024KL0008097,1,449.67,43,1,2,1,7,3614,32,6000,3,5,1,1,1,1900104,1000000
2024KL0008098,1,449.67,33,1,5,1,12,18815,171,7000,6,5,1,5,1,1900113,1000000
2024KL0008099,1,449.67,38,2,1,1,13,137416,501,6000,1,5,1,1,1,1900112,1000000
2024KL0008100,1,449.67,9,2,1,1,6,1930,17,0,0,6,1,5,1,1900103,1000000
2024KL0008101,1,449.67,7,2,2,1,3,5720,52,0,0,6,1,5,1,1900110,1000000
2024KL0008102,1,449.67,21,1,7,1,15,12924,117,1000,3,1,1,1,1,1900106,1000000
2024KL0008103,1,449.67,6,1,3,1,1,3290,29,0,0,6,1,5,1,1900104,1000000
2024KL0008104,1,449.67,10,1,1,1,5,12566,114,0,0,6,1,5,1,1900114,1000000
2024KL0008105,1,449.67,53,2,3,1,5,2778,25,9920,4,2,1,1,1,1900112,1000000
2024KL0008106,1,449.67,19,1,1,1,14,4511,41,9000,1,1,2,1,1,1900102,1000000
2024KL0008107,1,449.67,8,2,1,1,1,4125,37,0,0,6,1,5,1,1900107,1000000
2024KL0008108,1,449.67,23,2,1,1,17,22308,202,2000,1,1,1,5,1,1900107,1000000
2024KL0008109,1,449.67,42,1,2,1,15,23100,210,6000,1,1,1,1,1,1900112,1000000
2024KL0008110,1,449.67,35,1,1,1,11,42073,382,6000,4,2,1,1,1,1900112,1000000
2024KL0008111,1,449.67,9,1,3,1,9,16072,146,0,0,6,1,5,1,1900113,1000000
2024KL0008112,1,449.67,43,1,1,1,17,36858,335,6000,3,1,1,5,1,1900108,1000000
2024KL0008113,1,449.67,24,2,3,1,17,57399,501,2000,2,1,1,5,1,1900102,1000000
2024KL0008114,1,449.67,16,2,2,1,20,87196,501,0,0,6,1,5,1,1900105,1000000
2024KL0008115,1,449.67,5,2,1,1,1,4176,37,0,0,6,1,5,1,1900105,1000000
2024KL0008116,1,449.67,48,1,2,1,10,35838,325,7000,1,1,1,1,1,1900108,1000000
2024KL0008117,1,449.67,38,1,5,1,12,10456,95,8000,1,1,1,1,1,1900103,1000000
2024KL0008118,1,449.67,25,1,1,1,15,82899,501,4000,2,5,1,1,1,1900100,1000000
2024KL0008119,1,449.67,42,2,3,1,13,56147,501,3000,3,2,1,1,1,1900113,1000000
2024KL0008120,1,449.67,55,1,1,1,10,58138,501,7000,1,1,1,1,1,1900109,1000000
2024KL0008121,1,449.67,36,1,1,1,7,14530,132,5000,1,1,1,1,1,1900108,1000000
2024KL0008122,1,449.67,29,1,1,1,9,32828,298,6000,4,1,1,5,1,1900102,1000000
2024KL0008123,1,449.67,3,1,2,1,5,2279,20,0,0,6,1,5,1,1900105,1000000
2024KL0008124,1,449.67,17,1,3,1,14,21391,194,0,0,6,2,5,1,1900104,1000000
2024KL0008125,1,449.67,30,1,1,1,8,9055,82,5000,3,1,1,1,1,1900114,1000000
2024KL0008126,1,449.67,21,2,1,1,18,35251,320,4000,2,1,1,5,1,1900102,1000000
2024KL0008127,1,449.67,47,2,4,1,8,27146,246,9800,4,2,1,2,1,1900101,1000000
2024KL0008128,1,449.67,41,2,1,1,14,27172,247,4000,1,1,1,5,1,1900112,1000000
2024KL0008129,1,449.67,27,1,1,1,14,29611,269,1000,2,1,2,1,1,1900111,1000000
2024KL0008130,1,449.67,32,2,1,1,5,4183,38,9920,1,1,1,1,1,1900107,1000000
2024KL0008131,1,449.67,14,1,1,1,3,2504,22,0,0,6,1,5,1,1900103,1000000
2024KL0008132,1,449.67,31,2,2,1,9,49156,446,9800,1,1,1,5,1,1900108,1000000
2024KL0008133,1,449.67,10,2,2,1,6,4794,43,0,0,6,1,5,1,1900102,1000000
2024KL0008134,1,449.67,55,1,6,1,6,4425,40,9920,1,1,1,1,1,1900100,1000000
2024KL0008135,1,449.67,91,1,3,1,8,6269,56,0,0,6,1,1,1,1900101,1000000
2024KL0008136,1,449.67,70,2,2,1,11,8430,76,7000,3,5,1,1,1,1900110,1000000
2024KL0008137,1,449.67,30,1,6,1,13,15094,137,9000,1,1,1,5,1,1900107,1000000
2024KL0008138,1,449.67,70,2,6,1,10,6806,61,7000,4,5,2,1,1,1900100,1000000
2024KL0008139,1,449.67,43,1,1,1,18,109679,501,4000,1,1,1,1,1,1900105,1000000
2024KL0008140,1,449.67,56,2,9,1,5,13729,124,9000,1,5,1,1,2,1900105,1000000
2024KL0008141,1,449.67,27,1,1,1,14,20823,189,8000,1,1,1,1,2,1900109,1000000
2024KL0008142,1,449.67,56,1,1,1,6,5738,52,9800,4,4,1,1,1,1900100,1000000
2024KL0008143,1,449.67,75,1,1,1,8,2624,23,0,0,6,1,3,1,1900110,1000000
2024KL0008144,1,449.67,15,1,1,1,14,17526,159,0,0,6,1,5,1,1900100,1000000
2024KL0008145,1,449.67,34,2,1,1,5,8477,77,9000,1,3,1,5,1,1900109,1000000
2024KL0008146,1,449.67,96,1,1,1,5,3688,33,0,0,6,1,1,1,1900110,1000000
2024KL0008147,1,449.67,40,2,1,1,15,20087,182,6000,1,1,1,1,1,1900106,1000000
2024KL0008148,1,449.67,37,1,2,1,14,16309,148,5000,4,3,1,1,1,1900104,1000000
2024KL0008149,1,449.67,26,2,2,1,9,22135,201,8000,3,1,1,5,1,1900108,1000000
2024KL0008150,1,449.67,44,1,3,1,6,14927,135,5000,3,1,1,1,1,1900100,1000000
2024KL0008151,1,449.67,46,2,1,1,5,4351,39,6000,1,1,1,1,1,1900101,1000000
2024KL0008152,1,449.67,43,2,6,1,9,27137,246,1000,2,1,1,1,1,1900114,1000000
2024KL0008153,1,449.67,37,2,1,1,13,28545,259,2000,1,2,1,1,1,1900104,1000000
2024KL0008154,1,449.67,23,1,1,1,19,97159,501,3000,1,2,1,5,1,1900101,1000000
2024KL0008155,1,449.67,12,1,1,1,5,3709,33,0,0,6,1,5,1,1900111,1000000
2024KL0008156,1,449.67,15,2,1,1,20,31682,288,0,0,6,1,5,1,1900106,1000000
2024KL0008157,1,449.67,57,1,1,1,9,22665,206,6000,4,5,1,1,1,1900100,1000000
2024KL0008158,1,449.67,39,2,2,1,14,47691,433,6000,1,1,1,3,1,1900114,1000000
2024KL0008159,1,449.67,19,2,1,1,18,58026,501,4000,2,1,1,5,1,1900101,1000000
2024KL0008160,1,449.67,28,2,1,1,11,5560,50,5000,1,3,1,1,1,1900112,1000000
2024KL0008161,1,449.67,56,1,1,1,7,5716,51,7000,1,1,1,2,1,1900110,1000000
2024KL0008162,1,449.67,45,1,1,1,6,8372,76,7000,4,4,1,1,1,1900114,1000000
2024KL0008163,1,449.67,52,1,3,1,17,122545,501,1000,1,4,1,3,1,1900102,1000000
2024KL0008164,1,449.67,12,1,5,1,5,8036,73,0,0,6,1,5,1,1900113,1000000
2024KL0008165,1,449.67,10,1,1,1,3,1078,9,0,0,6,1,5,1,1900113,1000000
2024KL0008166,1,449.67,14,2,4,1,1,32780,298,0,0,6,1,5,1,1900103,1000000
2024KL0008167,1,449.67,94,2,1,1,7,8160,74,0,0,6,1,2,1,1900107,1000000
2024KL0008168,1,449.67,22,2,1,1,14,9035,82,9000,3,1,1,5,1,1900101,1000000
2024KL0008169,1,449.67,6,1,3,1,1,4812,43,0,0,6,1,5,1,1900108,1000000
2024KL0008170,1,449.67,24,2,5,1,14,13419,121,7000,1,2,1,1,1,1900111,1000000
2024KL0008171,1,449.67,91,2,2,1,5,5912,53,0,0,6,1,1,1,1900105,1000000
2024KL0008172,1,449.67,64,1,2,1,10,17076,155,6000,4,3,1,5,1,1900102,1000000
2024KL0008173,1,449.67,22,2,2,1,16,74879,501,2000,1,1,1,1,1,1900108,1000000
2024KL0008174,1,449.67,58,1,1,1,10,11379,103,5000,1,1,1,3,1,1900104,1000000
2024KL0008175,1,449.67,43,1,1,1,17,68955,501,1000,2,2,1,1,1,1900107,1000000
2024KL0008176,1,449.67,12,1,1,1,3,1320,12,0,0,6,1,5,1,1900105,1000000
2024KL0008177,1,449.67,40,1,5,1,9,18400,167,5000,3,5,1,1,1,1900114,1000000
2024KL0008178,1,449.67,14,1,4,1,3,1524,13,0,0,6,1,5,1,1900106,1000000
2024KL0008179,1,449.67,47,1,7,1,15,93441,501,4000,1,1,1,1,1,1900113,1000000
2024KL0008180,1,449.67,6,2,1,1,8,1735,15,0,0,6,1,5,1,1900111,1000000
2024KL0008181,1,449.67,37,1,1,1,8,12393,112,7000,4,2,1,1,1,1900103,1000000
2024KL0008182,1,449.67,15,1,1,1,15,9629,87,0,0,6,1,5,1,1900114,1000000
2024KL0008183,1,449.67,13,2,1,1,3,5633,51,0,0,6,1,5,1,1900108,1000000
2024KL0008184,1,449.67,21,2,2,1,19,32774,297,4000,1,4,1,5,1,1900109,1000000
2024KL0008185,1,449.67,2,2,1,1,9,19967,181,0,0,6,1,5,1,1900106,1000000
2024KL0008186,1,449.67,22,1,1,1,12,48121,437,5000,4,4,1,5,1,1900102,1000000
2024KL0008187,1,449.67,12,2,4,1,5,3056,27,0,0,6,1,5,1,1900113,1000000
2024KL0008188,1,449.67,35,1,2,1,16,69910,501,1000,1,1,1,5,1,1900109,1000000
2024KL0008189,1,449.67,8,1,1,1,2,6000,54,0,0,6,1,5,1,1900103,1000000
2024KL0008190,1,449.67,43,1,9,1,10,20370,185,9000,1,1,1,2,1,1900114,1000000
2024KL0008191,1,449.67,5,1,4,1,5,2826,25,0,0,6,1,5,1,1900108,1000000
2024KL0008192,1,449.67,63,1,6,1,5,13040,118,9920,1,1,1,2,1,1900110,1000000
2024KL0008193,1,449.67,15,1,1,1,18,24087,218,0,0,6,1,5,1,1900104,1000000
2024KL0008194,1,449.67,40,2,1,1,16,46762,425,1000,1,1,1,1,1,1900101,1000000
2024KL0008195,1,449.67,75,1,4,1,8,10631,96,0,0,6,1,5,1,1900113,1000000
2024KL0008196,1,449.67,17,2,2,1,18,52658,478,0,0,6,1,5,1,1900102,1000000
2024KL0008197,1,449.67,16,1,1,1,18,17009,154,0,0,6,1,5,1,1900110,1000000
2024KL0008198,1,449.67,3,1,6,1,8,5768,52,0,0,6,1,5,1,1900111,1000000
2024KL0008199,1,449.67,17,2,1,1,14,10287,93,0,0,6,1,5,1,1900105,1000000
2024KL0008200,1,449.67,68,1,4,1,5,8201,74,9920,1,1,1,1,1,1900109,1000000
2024KL0008201,1,449.67,44,2,2,1,12,32479,295,5000,1,1,1,1,2,1900108,1000000
2024KL0008202,1,449.67,13,1,2,1,3,2386,21,0,0,6,1,5,1,1900112,1000000
2024KL0008203,1,449.67,33,2,1,1,15,37267,338,6000,3,1,1,5,1,1900106,1000000
2024KL0008204,1,449.67,13,1,2,1,2,951,8,0,0,6,1,5,1,1900111,1000000
2024KL0008205,1,449.67,69,2,1,1,8,4855,44,5000,6,1,1,1,1,1900106,1000000
2024KL0008206,1,449.67,2,1,5,1,4,3945,35,0,0,6,1,5,1,1900102,1000000
2024KL0008207,1,449.67,45,2,3,1,9,48610,441,5000,1,1,1,1,2,1900109,1000000
2024KL0008208,1,449.67,37,1,4,1,7,8631,78,5000,6,1,1,1,1,1900100,1000000
2024KL0008209,1,449.67,59,1,2,1,9,33969,308,6000,4,1,1,1,1,1900106,1000000
2024KL0008210,1,449.67,50,2,4,1,8,3194,29,9920,3,3,1,4,1,1900114,1000000
2024KL0008211,1,449.67,52,2,5,1,15,10823,98,1000,2,1,1,5,1,1900108,1000000
2024KL0008212,1,449.67,34,1,6,1,19,360131,501,4000,3,2,1,1,1,1900106,1000000
2024KL0008213,1,449.67,79,2,1,1,7,2028,18,0,0,6,1,1,1,1900100,1000000
2024KL0008214,1,449.67,2,2,1,1,7,13856,125,0,0,6,1,5,1,1900107,1000000
2024KL0008215,1,449.67,4,2,1,1,4,4701,42,0,0,6,2,5,2,1900112,1000000
2024KL0008216,1,449.67,43,2,1,1,20,39789,361,3000,3,1,1,1,1,1900110,1000000
2024KL0008217,1,449.67,15,2,1,1,19,45886,417,0,0,6,1,5,1,1900104,1000000
2024KL0008218,1,449.67,30,2,6,1,11,18268,166,6000,1,1,1,1,1,1900108,1000000
2024KL0008219,1,449.67,32,1,4,1,14,19775,179,1000,1,3,1,1,1,1900101,1000000
2024KL0008220,1,449.67,42,1,1,1,20,77846,501,4000,3,4,1,1,1,1900109,1000000
2024KL0008221,1,449.67,45,1,2,1,12,5693,51,8000,1,2,1,1,2,1900109,1000000
2024KL0008222,1,449.67,37,1,2,1,7,19130,173,9000,4,1,1,1,1,1900104,1000000
2024KL0008223,1,449.67,17,2,1,1,16,99678,501,0,0,6,1,5,1,1900110,1000000
2024KL0008224,1,449.67,45,1,4,1,8,9901,90,6000,1,4,1,1,1,1900109,1000000
2024KL0008225,1,449.67,31,2,1,1,13,9109,82,5000,6,1,1,1,1,1900102,1000000
2024KL0008226,1,449.67,45,2,1,1,8,12776,116,9920,3,1,1,1,1,1900101,1000000
2024KL0008227,1,449.67,13,2,3,1,4,4290,39,0,0,6,1,5,2,1900110,1000000
2024KL0008228,1,449.67,37,1,2,1,8,90737,501,8000,1,1,1,1,1,1900101,1000000
2024KL0008229,1,449.67,15,2,5,1,18,42589,387,0,0,6,1,5,1,1900114,1000000
2024KL0008230,1,449.67,9,1,1,1,3,16881,153,0,0,6,1,5,1,1900103,1000000
2024KL0008231,1,449.67,12,2,1,1,6,3644,33,0,0,6,1,5,1,1900104,1000000
2024KL0008232,1,449.67,47,1,7,1,6,8961,81,6000,1,1,1,2,1,1900110,1000000
2024KL0008233,1,449.67,83,1,2,1,5,2709,24,0,0,6,1,1,1,1900102,1000000
2024KL0008234,1,449.67,24,2,1,1,16,115769,501,3000,3,1,1,5,1,1900108,1000000
2024KL0008235,1,449.67,26,2,6,1,7,1864,16,5000,1,2,1,1,1,1900100,1000000
2024KL0008236,1,449.67,52,2,1,1,5,1529,13,9800,4,1,1,2,1,1900101,1000000
2024KL0008237,1,449.67,43,1,2,1,7,11116,101,7000,6,1,1,1,1,1900111,1000000
2024KL0008238,1,449.67,27,2,1,1,10,19173,174,4000,1,1,1,5,1,1900100,1000000
2024KL0008239,1,449.67,23,1,1,1,13,5112,46,1000,1,1,1,1,1,1900111,1000000
2024KL0008240,1,449.67,59,1,2,1,13,36309,330,3000,1,3,1,2,1,1900102,1000000
2024KL0008241,1,449.67,55,1,2,1,12,52694,479,8000,1,1,1,1,1,1900102,1000000
2024KL0008242,1,449.67,47,2,4,1,8,24181,219,6000,1,2,1,1,1,1900110,1000000
2024KL0008243,1,449.67,8,1,3,1,7,10365,94,0,0,6,1,5,1,1900113,1000000
2024KL0008244,1,449.67,15,1,6,1,15,18736,170,0,0,6,1,5,1,1900111,1000000
2024KL0008245,1,449.67,25,1,3,1,8,4786,43,5000,1,1,1,1,1,1900102,1000000
2024KL0008246,1,449.67,17,1,1,1,14,20829,189,0,0,6,1,5,1,1900105,1000000
2024KL0008247,1,449.67,17,2,2,1,20,132350,501,0,0,6,1,5,1,1900101,1000000
2024KL0008248,1,449.67,1,2,4,1,4,10120,92,0,0,6,1,5,1,1900112,1000000
2024KL0008249,1,449.67,7,1,6,1,1,6319,57,0,0,6,1,5,1,1900100,1000000
2024KL0008250,1,449.67,11,1,3,1,5,4061,36,0,0,6,1,5,2,1900114,1000000
2024KL0008251,1,449.67,30,2,2,1,13,18964,172,1000,2,4,1,1,1,1900107,1000000
2024KL0008252,1,449.67,20,1,1,1,17,65225,501,3000,2,1,1,1,1,1900101,1000000
2024KL0008253,1,449.67,25,1,2,1,11,14834,134,1000,1,1,1,1,1,1900108,1000000
2024KL0008254,1,449.67,39,1,2,1,12,50472,458,6000,3,2,1,1,1,1900104,1000000
2024KL0008255,1,449.67,4,1,1,1,6,2949,26,0,0,6,1,5,1,1900114,1000000
2024KL0008256,1,449.67,17,1,2,1,17,21997,199,0,0,6,1,5,1,1900112,1000000
2024KL0008257,1,449.67,14,2,4,1,6,453,4,0,0,6,1,5,1,1900105,1000000
2024KL0008258,1,449.67,29,1,5,1,10,38052,345,6000,1,1,1,1,1,1900101,1000000
2024KL0008259,1,449.67,30,2,1,1,9,57186,501,7000,6,5,1,5,1,1900106,1000000
2024KL0008260,1,449.67,46,1,1,1,6,13954,126,9800,1,1,1,5,1,1900109,1000000
2024KL0008261,1,449.67,27,2,1,1,14,23265,211,5000,3,1,1,1,1,1900111,1000000
2024KL0008262,1,449.67,85,2,1,1,9,13623,123,0,0,6,1,2,1,1900111,1000000
2024KL0008263,1,449.67,2,2,3,1,7,3279,29,0,0,6,1,5,1,1900108,1000000
2024KL0008264,1,449.67,20,1,3,1,15,13906,126,6000,1,1,1,5,1,1900108,1000000
2024KL0008265,1,449.67,16,2,7,1,14,14030,127,0,0,6,1,5,1,1900105,1000000
2024KL0008266,1,449.67,5,2,7,1,2,12214,111,0,0,6,1,5,1,1900113,1000000
2024KL0008267,1,449.67,11,1,1,1,4,1623,14,0,0,6,1,5,1,1900110,1000000
2024KL0008268,1,449.67,35,1,6,1,15,43034,391,1000,2,2,1,1,1,1900100,1000000
2024KL0008269,1,449.67,24,2,1,1,16,74871,501,6000,3,1,1,5,1,1900102,1000000
2024KL0008270,1,449.67,55,1,6,1,8,15724,142,5000,1,1,1,2,1,1900100,1000000
2024KL0008271,1,449.67,9,2,1,1,7,582,5,0,0,6,1,5,1,1900112,1000000
2024KL0008272,1,449.67,11,2,1,1,2,2387,21,0,0,6,1,5,1,1900109,1000000
2024KL0008273,1,449.67,4,1,4,1,6,2770,25,0,0,6,1,5,1,1900113,1000000
2024KL0008274,1,449.67,18,1,1,1,17,31048,282,6000,1,1,1,5,1,1900106,1000000
2024KL0008275,1,449.67,1,2,4,1,3,6658,60,0,0,6,1,5,1,1900110,1000000
2024KL0008276,1,449.67,18,1,2,1,18,40763,370,3000,1,2,1,1,2,1900108,1000000
2024KL0008277,1,449.67,13,2,5,1,6,672,6,0,0,6,1,5,2,1900111,1000000
2024KL0008278,1,449.67,41,1,1,1,12,20097,182,6000,1,2,1,1,1,1900110,1000000
2024KL0008279,1,449.67,42,2,2,1,8,16320,148,9800,4,1,1,1,1,1900112,1000000
2024KL0008280,1,449.67,43,2,3,1,8,13002,118,8000,1,1,1,1,1,1900110,1000000
2024KL0008281,1,449.67,1,1,3,1,3,11750,106,0,0,6,1,5,2,1900107,1000000
2024KL0008282,1,449.67,22,2,1,1,12,80958,501,6000,4,1,1,5,1,1900105,1000000
2024KL0008283,1,449.67,41,2,1,1,11,35419,321,2000,1,1,1,1,1,1900114,1000000
2024KL0008284,1,449.67,53,2,2,1,6,3616,32,5000,3,1,1,2,1,1900114,1000000
2024KL0008285,1,449.67,34,2,2,1,8,2064,18,8000,3,1,1,1,1,1900102,1000000
2024KL0008286,1,449.67,55,1,5,1,16,34533,313,1000,1,4,1,1,1,1900114,1000000
2024KL0008287,1,449.67,78,1,1,1,7,4542,41,0,0,6,1,1,1,1900113,1000000
2024KL0008288,1,449.67,31,2,1,1,10,15999,145,6000,1,1,1,1,1,1900103,1000000
2024KL0008289,1,449.67,30,2,9,1,9,75550,501,7000,3,1,1,1,1,1900103,1000000
2024KL0008290,1,449.67,50,1,1,1,8,3330,30,7000,1,1,1,3,2,1900107,1000000
2024KL0008291,1,449.67,15,2,1,1,14,9359,85,0,0,6,1,5,1,1900107,1000000
2024KL0008292,1,449.67,16,2,8,1,15,35708,324,0,0,6,1,5,1,1900113,1000000
2024KL0008293,1,449.67,51,1,1,1,10,11268,102,5000,1,1,1,1,1,1900108,1000000
2024KL0008294,1,449.67,42,1,3,1,11,41472,377,6000,3,1,1,1,1,1900102,1000000
2024KL0008295,1,449.67,6,1,3,1,3,3130,28,0,0,6,1,5,2,1900112,1000000
2024KL0008296,1,449.67,8,1,1,1,9,7375,67,0,0,6,1,5,1,1900113,1000000
2024KL0008297,1,449.67,10,2,1,1,4,984,8,0,0,6,1,5,1,1900111,1000000
2024KL0008298,1,449.67,21,2,2,1,16,44631,405,3000,1,3,1,5,1,1900101,1000000
2024KL0008299,1,449.67,4,2,6,1,3,796,7,0,0,6,1,5,1,1900110,1000000
2024KL0008300,1,449.67,17,2,1,1,14,11772,107,0,0,6,1,5,1,1900103,1000000
2024KL0008301,1,449.67,26,2,2,1,18,98226,501,6000,1,1,1,5,1,1900107,1000000
2024KL0008302,1,449.67,22,1,1,1,17,58553,501,4000,3,1,1,5,1,1900113,1000000
2024KL0008303,1,449.67,54,1,1,1,8,9367,85,9800,1,1,1,1,1,1900106,1000000
2024KL0008304,1,449.67,23,2,6,1,14,6081,55,6000,6,5,1,5,1,1900110,1000000
2024KL0008305,1,449.67,6,1,5,1,3,650,5,0,0,6,1,5,1,1900100,1000000
2024KL0008306,1,449.67,21,2,4,1,18,19135,173,6000,6,1,1,5,2,1900100,1000000
2024KL0008307,1,449.67,50,1,1,1,6,9522,86,6000,4,1,1,1,1,1900107,1000000
2024KL0008308,1,449.67,97,1,1,1,9,10890,99,0,0,6,1,1,1,1900111,1000000
2024KL0008309,1,449.67,58,2,2,1,7,22999,209,9920,1,5,1,1,1,1900102,1000000
2024KL0008310,1,449.67,23,1,1,1,16,85889,501,3000,1,2,1,5,1,1900107,1000000
2024KL0008311,1,449.67,40,2,2,1,7,11549,104,9920,3,2,1,1,1,1900111,1000000
2024KL0008312,1,449.67,4,2,6,1,4,5841,53,0,0,6,1,5,1,1900110,1000000
2024KL0008313,1,449.67,0,2,4,1,5,1140,10,0,0,6,1,5,1,1900111,1000000
2024KL0008314,1,449.67,30,1,2,1,15,48112,437,4000,1,1,1,5,1,1900114,1000000
2024KL0008315,1,449.67,100,2,4,1,6,6368,57,0,0,6,1,1,1,1900111,1000000
2024KL0008316,1,449.67,18,2,1,1,13,10635,96,6000,4,1,1,5,1,1900101,1000000
2024KL0008317,1,449.67,88,2,4,1,9,8991,81,0,0,6,1,5,1,1900103,1000000
2024KL0008318,1,449.67,46,2,3,1,6,1325,12,9800,1,1,1,1,1,1900109,1000000
2024KL0008319,1,449.67,12,1,2,1,4,2726,24,0,0,6,1,5,1,1900111,1000000
2024KL0008320,1,449.67,42,1,7,1,16,55463,501,4000,3,1,1,1,2,1900105,1000000
2024KL0008321,1,449.67,11,1,1,1,9,4699,42,0,0,6,1,5,2,1900106,1000000
2024KL0008322,1,449.67,92,2,3,1,8,6878,62,0,0,6,5,1,1,1900102,1000000
2024KL0008323,1,449.67,50,1,1,1,9,21301,193,1000,3,1,1,2,1,1900104,1000000
2024KL0008324,1,449.67,14,2,5,1,4,3019,27,0,0,6,1,5,1,1900110,1000000
2024KL0008325,1,449.67,19,1,2,1,17,22614,205,3000,1,5,1,5,1,1900109,1000000
2024KL0008326,1,449.67,44,1,1,1,12,45249,411,6000,4,1,1,5,1,1900113,1000000
2024KL0008327,1,449.67,14,1,1,1,6,12212,111,0,0,6,5,5,1,1900101,1000000
2024KL0008328,1,449.67,24,1,2,1,16,66426,501,1000,2,1,1,5,1,1900102,1000000
2024KL0008329,1,449.67,39,2,3,1,5,17139,155,9800,1,4,1,1,1,1900104,1000000
2024KL0008330,1,449.67,46,1,2,1,10,11653,105,5000,6,1,1,1,1,1900105,1000000
2024KL0008331,1,449.67,0,2,1,1,2,2220,20,0,0,6,1,5,2,1900105,1000000
2024KL0008332,1,449.67,8,1,6,1,4,7481,68,0,0,6,1,5,1,1900111,1000000
2024KL0008333,1,449.67,1,2,6,1,4,11569,105,0,0,6,1,5,1,1900114,1000000
2024KL0008334,1,449.67,51,2,1,1,7,4678,42,9800,4,1,1,3,1,1900114,1000000
2024KL0008335,1,449.67,47,1,1,1,9,45500,413,3000,1,1,1,1,1,1900101,1000000
2024KL0008336,1,449.67,1,2,6,1,9,8806,80,0,0,6,1,5,1,1900101,1000000
2024KL0008337,1,449.67,18,2,1,1,15,10832,98,3000,2,1,1,5,1,1900102,1000000
2024KL0008338,1,449.67,27,2,2,1,13,16904,153,7000,1,1,1,1,1,1900111,1000000
2024KL0008339,1,449.67,21,1,3,1,15,33631,305,4000,3,2,1,1,1,1900100,1000000
2024KL0008340,1,449.67,53,2,1,1,5,18145,164,5000,1,1,1,1,1,1900114,1000000
2024KL0008341,1,449.67,52,2,1,1,9,38812,352,6000,3,2,1,1,1,1900106,1000000
2024KL0008342,1,449.67,31,2,4,1,7,3901,35,7000,3,1,1,1,1,1900106,1000000
2024KL0008343,1,449.67,22,1,2,1,13,18608,169,5000,1,1,1,1,1,1900105,1000000
2024KL0008344,1,449.67,0,2,1,1,3,7165,65,0,0,6,1,5,1,1900109,1000000
2024KL0008345,1,449.67,44,2,1,1,8,12072,109,9920,1,1,1,1,1,1900113,1000000
2024KL0008346,1,449.67,29,2,1,1,13,21428,194,9800,6,1,1,1,1,1900100,1000000
2024KL0008347,1,449.67,38,2,1,1,7,4486,40,9800,1,1,1,1,1,1900112,1000000
2024KL0008348,1,449.67,17,1,4,1,20,48206,438,0,0,6,1,5,1,1900103,1000000
2024KL0008349,1,449.67,36,2,1,1,15,75129,501,3000,1,2,1,1,1,1900106,1000000
2024KL0008350,1,449.67,34,2,5,1,11,39039,354,2000,1,1,1,1,1,1900112,1000000
2024KL0008351,1,449.67,38,1,2,1,10,11623,105,5000,3,1,1,1,1,1900102,1000000
2024KL0008352,1,449.67,20,2,1,1,13,15513,141,8000,3,1,1,5,1,1900107,1000000
2024KL0008353,1,449.67,36,1,4,1,15,172848,501,3000,2,1,1,1,1,1900110,1000000
2024KL0008354,1,449.67,23,1,1,1,13,39497,359,8000,1,1,1,5,1,1900103,1000000
2024KL0008355,1,449.67,48,2,2,1,11,11802,107,5000,6,1,2,1,1,1900106,1000000
2024KL0008356,1,449.67,2,1,3,1,3,4591,41,0,0,6,1,5,1,1900106,1000000
2024KL0008357,1,449.67,39,2,2,1,6,10929,99,7000,3,1,1,1,1,1900101,1000000
2024KL0008358,1,449.67,5,1,1,1,5,3646,33,0,0,6,1,5,1,1900114,1000000
2024KL0008359,1,449.67,12,2,2,1,5,1168,10,0,0,6,1,5,1,1900110,1000000
2024KL0008360,1,449.67,57,1,2,1,13,11882,108,8000,3,1,1,1,1,1900110,1000000
2024KL0008361,1,449.67,9,1,1,1,1,982,8,0,0,6,1,5,1,1900107,1000000
2024KL0008362,1,449.67,48,2,8,1,7,28962,263,9920,4,3,1,1,1,1900105,1000000
2024KL0008363,1,449.67,56,1,2,1,12,75005,501,1000,1,5,1,1,1,1900100,1000000
2024KL0008364,1,449.67,17,2,1,1,11,10575,96,0,0,6,1,5,1,1900110,1000000
2024KL0008365,1,449.67,17,1,1,1,13,7661,69,0,0,6,1,5,1,1900108,1000000
2024KL0008366,1,449.67,25,2,6,1,8,6400,58,5000,4,2,2,1,1,1900112,1000000
2024KL0008367,1,449.67,2,2,7,1,6,1029,9,0,0,6,1,5,1,1900107,1000000
2024KL0008368,1,449.67,42,2,1,1,16,430546,501,2000,1,3,1,1,1,1900108,1000000
2024KL0008369,1,449.67,38,2,2,1,6,4630,42,7000,1,1,1,1,1,1900101,1000000
2024KL0008370,1,449.67,2,1,1,1,9,5431,49,0,0,6,1,5,1,1900104,1000000
2024KL0008371,1,449.67,2,2,3,1,1,3897,35,0,0,6,1,5,1,1900111,1000000
2024KL0008372,1,449.67,95,1,2,1,5,2624,23,0,0,6,1,2,1,1900106,1000000
2024KL0008373,1,449.67,57,2,1,1,9,43745,397,5000,4,1,1,1,1,1900109,1000000
2024KL0008374,1,449.67,84,1,2,1,8,8901,80,0,0,6,1,2,1,1900107,1000000
2024KL0008375,1,449.67,18,2,7,1,15,40462,367,4000,1,1,1,5,1,1900107,1000000
2024KL0008376,1,449.67,32,2,3,1,5,10438,94,9920,3,1,1,1,1,1900111,1000000
2024KL0008377,1,449.67,46,2,1,1,5,56522,501,6000,1,2,1,1,1,1900110,1000000
2024KL0008378,1,449.67,10,1,2,1,4,3573,32,0,0,6,1,5,1,1900102,1000000
2024KL0008379,1,449.67,35,2,9,1,9,16642,151,9000,1,1,1,1,1,1900109,1000000
2024KL0008380,1,449.67,8,2,9,1,4,15150,137,0,0,6,1,5,1,1900106,1000000
2024KL0008381,1,449.67,0,2,2,1,4,1999,18,0,0,6,1,5,1,1900108,1000000
2024KL0008382,1,449.67,9,2,1,1,3,5708,51,0,0,6,1,5,1,1900108,1000000
2024KL0008383,1,449.67,87,1,1,1,6,1578,14,0,0,6,1,1,1,1900110,1000000
2024KL0008384,1,449.67,48,2,7,1,9,25473,231,9000,3,1,1,1,1,1900103,1000000
2024KL0008385,1,449.67,0,1,7,1,2,5103,46,0,0,6,1,5,1,1900112,1000000
2024KL0008386,1,449.67,27,2,1,1,10,11518,104,7000,1,1,1,1,1,1900101,1000000
2024KL0008387,1,449.67,83,1,9,1,6,3172,28,0,0,6,1,1,1,1900107,1000000
2024KL0008388,1,449.67,57,1,1,1,12,31957,290,9800,4,1,1,1,1,1900104,1000000
2024KL0008389,1,449.67,29,2,4,1,13,26720,242,4000,2,2,1,5,2,1900113,1000000
2024KL0008390,1,449.67,29,2,1,1,11,17897,162,2000,1,1,1,1,1,1900102,1000000
2024KL0008391,1,449.67,12,1,6,1,7,3712,33,0,0,6,1,5,1,1900100,1000000
2024KL0008392,1,449.67,29,2,1,1,6,11141,101,9800,1,1,1,5,1,1900101,1000000
2024KL0008393,1,449.67,17,2,2,1,16,8781,79,0,0,6,1,5,1,1900109,1000000
2024KL0008394,1,449.67,41,1,5,1,19,60331,501,4000,2,1,1,1,2,1900105,1000000
2024KL0008395,1,449.67,46,2,1,1,9,22656,205,5000,3,1,1,1,1,1900111,1000000
2024KL0008396,1,449.67,19,2,6,1,16,12736,115,1000,1,1,1,1,1,1900106,1000000
2024KL0008397,1,449.67,5,1,1,1,8,1633,14,0,0,6,1,5,1,1900109,1000000
2024KL0008398,1,449.67,95,1,4,1,7,18714,170,0,0,6,1,2,1,1900109,1000000
2024KL0008399,1,449.67,16,2,2,1,20,115980,501,0,0,6,1,5,1,1900102,1000000
2024KL0008400,1,449.67,46,2,3,1,16,42696,388,4000,3,5,5,1,1,1900113,1000000
2024KL0008401,1,449.67,37,1,4,1,11,71511,501,3000,2,1,1,5,1,1900103,1000000
2024KL0008402,1,449.67,23,2,1,1,14,16197,147,9800,3,1,1,5,1,1900106,1000000
2024KL0008403,1,449.67,11,2,2,1,2,5677,51,0,0,6,1,5,1,1900107,1000000
2024KL0008404,1,449.67,95,2,1,1,5,2892,26,0,0,6,1,1,1,1900101,1000000
2024KL0008405,1,449.67,10,2,1,1,7,1530,13,0,0,6,1,5,1,1900111,1000000
2024KL0008406,1,449.67,37,2,2,1,15,125109,501,6000,3,1,1,1,1,1900111,1000000
2024KL0008407,1,449.67,51,1,2,1,9,16186,147,4000,3,5,1,1,1,1900100,1000000
2024KL0008408,1,449.67,53,2,5,1,7,14946,135,9800,1,1,1,1,1,1900110,1000000
2024KL0008409,1,449.67,15,1,1,1,19,52892,480,0,0,6,1,5,2,1900112,1000000
2024KL0008410,1,449.67,59,1,3,1,5,2669,24,9000,1,1,1,1,1,1900101,1000000
2024KL0008411,1,449.67,7,1,3,1,5,1413,12,0,0,6,1,5,1,1900103,1000000
2024KL0008412,1,449.67,58,1,6,1,5,5966,54,8000,1,5,1,1,1,1900110,1000000
2024KL0008413,1,449.67,21,2,5,1,19,17907,162,1000,1,1,1,5,1,1900111,1000000
2024KL0008414,1,449.67,36,2,5,1,12,76152,501,6000,1,1,1,3,1,1900112,1000000
2024KL0008415,1,449.67,6,2,1,1,3,8028,72,0,0,6,1,5,1,1900110,1000000
2024KL0008416,1,449.67,4,1,1,1,3,4202,38,0,0,6,1,5,1,1900105,1000000
2024KL0008417,1,449.67,2,2,1,1,5,12258,111,0,0,6,1,5,1,1900101,1000000
2024KL0008418,1,449.67,35,1,1,1,6,4920,44,9920,6,1,1,1,1,1900109,1000000
2024KL0008419,1,449.67,59,2,1,1,11,33384,303,7000,3,1,1,1,1,1900101,1000000
2024KL0008420,1,449.67,31,2,1,1,10,47653,433,7000,3,1,1,5,1,1900102,1000000
2024KL0008421,1,449.67,34,2,1,1,20,101492,501,3000,1,1,1,5,1,1900110,1000000
2024KL0008422,1,449.67,17,2,1,1,16,19441,176,0,0,6,1,5,1,1900114,1000000
2024KL0008423,1,449.67,54,2,3,1,11,22316,202,1000,3,1,1,1,1,1900112,1000000
2024KL0008424,1,449.67,38,1,3,1,7,5957,54,5000,3,2,1,1,1,1900110,1000000
2024KL0008425,1,449.67,15,1,1,1,12,11899,108,0,0,6,1,5,1,1900105,1000000
2024KL0008426,1,449.67,54,1,1,1,9,19399,176,8000,1,2,1,1,1,1900106,1000000
2024KL0008427,1,449.67,44,2,1,1,6,27127,246,9800,1,1,1,1,1,1900100,1000000
2024KL0008428,1,449.67,5,2,1,1,3,4800,43,0,0,6,1,5,1,1900113,1000000
2024KL0008429,1,449.67,44,2,1,1,5,16082,146,9800,1,1,1,2,1,1900113,1000000
2024KL0008430,1,449.67,9,1,5,1,4,5707,51,0,0,6,1,5,1,1900113,1000000
2024KL0008431,1,449.67,89,1,1,1,5,2157,19,0,0,6,1,1,1,1900102,1000000
2024KL0008432,1,449.67,10,1,1,1,9,9745,88,0,0,6,1,5,1,1900112,1000000
2024KL0008433,1,449.67,21,2,2,1,12,12616,114,6000,6,2,1,5,1,1900110,1000000
2024KL0008434,1,449.67,6,1,3,1,8,1944,17,0,0,6,1,5,1,1900104,1000000
2024KL0008435,1,449.67,34,2,2,1,11,59963,501,3000,1,4,1,1,1,1900104,1000000
2024KL0008436,1,449.67,54,1,1,1,5,1690,15,5000,1,1,1,5,1,1900105,1000000
2024KL0008437,1,449.67,58,1,2,1,8,26765,243,6000,3,1,1,1,1,1900100,1000000
2024KL0008438,1,449.67,57,1,4,1,7,6511,59,9800,4,1,1,1,1,1900107,1000000
2024KL0008439,1,449.67,27,1,3,1,11,59215,501,2000,2,1,2,1,1,1900112,1000000
2024KL0008440,1,449.67,49,1,1,1,11,5819,52,6000,1,2,1,1,1,1900112,1000000
2024KL0008441,1,449.67,40,1,1,1,13,12129,110,9800,6,1,1,1,1,1900100,1000000
2024KL0008442,1,449.67,47,2,2,1,15,55076,500,5000,1,3,5,1,1,1900107,1000000
2024KL0008443,1,449.67,39,2,1,1,13,22257,202,5000,1,1,1,1,2,1900111,1000000
2024KL0008444,1,449.67,21,2,4,1,17,105371,501,2000,1,4,1,5,1,1900104,1000000
2024KL0008445,1,449.67,40,1,2,1,8,2288,20,9000,1,1,1,1,1,1900112,1000000
2024KL0008446,1,449.67,74,2,1,1,5,3098,28,0,0,6,1,5,1,1900102,1000000
2024KL0008447,1,449.67,6,2,5,1,6,592,5,0,0,6,1,5,1,1900105,1000000
2024KL0008448,1,449.67,45,2,3,1,10,32651,296,7000,1,5,1,5,1,1900103,1000000
2024KL0008449,1,449.67,54,1,2,1,8,32654,296,6000,6,5,1,1,1,1900101,1000000
2024KL0008450,1,449.67,17,2,1,1,14,8816,80,0,0,6,1,5,1,1900111,1000000
2024KL0008451,1,449.67,14,1,1,1,4,12178,110,0,0,6,2,5,1,1900104,1000000
2024KL0008452,1,449.67,16,1,1,1,18,19247,174,0,0,6,1,5,1,1900110,1000000
2024KL0008453,1,449.67,57,2,1,1,14,23376,212,8000,1,1,1,1,1,1900112,1000000
2024KL0008454,1,449.67,15,1,3,1,10,31560,286,0,0,6,1,5,1,1900105,1000000
2024KL0008455,1,449.67,10,1,4,1,5,5971,54,0,0,6,1,5,1,1900103,1000000
2024KL0008456,1,449.67,28,1,1,1,15,69020,501,4000,3,1,1,1,1,1900104,1000000
2024KL0008457,1,449.67,29,1,1,1,8,338,3,6000,1,1,1,5,1,1900105,1000000
2024KL0008458,1,449.67,19,2,2,1,10,12922,117,6000,4,1,1,5,2,1900101,1000000
2024KL0008459,1,449.67,26,2,2,1,16,54731,497,6000,4,1,1,5,1,1900108,1000000
2024KL0008460,1,449.67,41,1,7,1,12,43956,399,9800,1,1,1,5,1,1900100,1000000
2024KL0008461,1,449.67,22,1,1,1,14,16029,145,8000,1,5,1,5,1,1900107,1000000
2024KL0008462,1,449.67,56,2,9,1,10,39974,363,3000,1,1,1,1,1,1900104,1000000
2024KL0008463,1,449.67,35,2,7,1,8,3865,35,9800,3,1,1,1,1,1900101,1000000
2024KL0008464,1,449.67,65,2,4,1,12,19102,173,1000,2,5,1,1,1,1900112,1000000
2024KL0008465,1,449.67,44,2,4,1,16,152189,501,5000,6,1,1,1,1,1900114,1000000
2024KL0008466,1,449.67,34,2,4,1,14,45828,416,6000,4,1,1,1,1,1900104,1000000
2024KL0008467,1,449.67,46,1,5,1,14,13297,120,1000,1,1,1,1,1,1900105,1000000
2024KL0008468,1,449.67,57,2,1,1,11,32653,296,5000,1,5,1,2,1,1900111,1000000
2024KL0008469,1,449.67,28,2,1,1,16,60090,501,4000,2,1,1,1,1,1900103,1000000
2024KL0008470,1,449.67,67,1,1,1,9,37373,339,7000,1,1,1,1,1,1900102,1000000
2024KL0008471,1,449.67,5,1,2,1,9,29522,268,0,0,6,1,5,1,1900111,1000000
2024KL0008472,1,449.67,92,2,1,1,7,6760,61,0,0,6,1,2,1,1900105,1000000
2024KL0008473,1,449.67,25,1,4,1,17,55413,501,5000,1,1,1,5,1,1900112,1000000
2024KL0008474,1,449.67,37,2,1,1,11,33281,302,1000,3,4,1,1,1,1900100,1000000
2024KL0008475,1,449.67,46,2,1,1,8,9714,88,5000,3,1,1,1,1,1900106,1000000
2024KL0008476,1,449.67,67,1,2,1,6,3844,34,9920,4,5,1,5,1,1900105,1000000
2024KL0008477,1,449.67,53,2,6,1,20,225623,501,4000,1,1,1,1,2,1900100,1000000
2024KL0008478,1,449.67,15,2,3,1,10,6052,55,0,0,6,2,5,1,1900105,1000000
2024KL0008479,1,449.67,11,1,1,1,2,1629,14,0,0,6,1,5,1,1900110,1000000
2024KL0008480,1,449.67,36,1,3,1,11,29244,265,7000,1,2,1,1,1,1900113,1000000
2024KL0008481,1,449.67,47,1,2,1,14,32304,293,9000,1,1,1,5,1,1900104,1000000
2024KL0008482,1,449.67,2,1,2,1,5,1926,17,0,0,6,1,5,1,1900111,1000000
2024KL0008483,1,449.67,38,1,3,1,5,20441,185,7000,1,1,1,1,1,1900109,1000000
2024KL0008484,1,449.67,55,1,2,1,15,53776,488,5000,1,4,1,1,1,1900102,1000000
2024KL0008485,1,449.67,97,2,2,1,6,10214,92,0,0,6,1,1,1,1900107,1000000
2024KL0008486,1,449.67,9,1,2,1,6,6163,56,0,0,6,1,5,1,1900113,1000000
2024KL0008487,1,449.67,32,1,1,1,10,15630,142,5000,6,4,1,1,1,1900107,1000000
2024KL0008488,1,449.67,80,2,1,1,5,1877,17,0,0,6,1,5,1,1900112,1000000
2024KL0008489,1,449.67,8,2,2,1,6,2189,19,0,0,6,1,5,1,1900102,1000000
2024KL0008490,1,449.67,34,1,2,1,10,11635,105,1000,1,1,1,1,1,1900109,1000000
2024KL0008491,1,449.67,100,1,1,1,11,39364,357,0,0,6,2,3,1,1900102,1000000
2024KL0008492,1,449.67,21,1,6,1,12,17344,157,7000,4,3,1,1,1,1900100,1000000
2024KL0008493,1,449.67,76,1,1,1,8,4351,39,0,0,6,1,1,1,1900106,1000000
2024KL0008494,1,449.67,50,2,1,1,11,81583,501,6000,4,1,1,1,1,1900110,1000000
2024KL0008495,1,449.67,22,2,5,1,11,37441,340,9800,1,1,1,5,1,1900109,1000000
2024KL0008496,1,449.67,32,1,4,1,14,85510,501,7000,4,1,1,1,1,1900111,1000000
2024KL0008497,1,449.67,0,1,2,1,2,6063,55,0,0,6,1,5,1,1900114,1000000
2024KL0008498,1,449.67,0,1,6,1,3,4296,39,0,0,6,1,5,1,1900110,1000000
2024KL0008499,1,449.67,12,1,1,1,4,18019,163,0,0,6,1,5,1,1900108,1000000
2024KL0008500,1,449.67,74,1,1,1,11,37927,344,0,0,6,1,2,1,1900102,1000000
2024KL0008501,1,449.67,43,2,2,1,9,29248,265,4000,1,1,1,2,1,1900108,1000000
2024KL0008502,1,449.67,59,1,1,1,8,2571,23,8000,6,1,1,1,1,1900107,1000000
2024KL0008503,1,449.67,98,1,6,1,6,6134,55,0,0,6,1,2,1,1900109,1000000
2024KL0008504,1,449.67,9,2,2,1,4,9410,85,0,0,6,1,5,1,1900105,1000000
2024KL0008505,1,449.67,45,1,1,1,8,6415,58,5000,4,1,1,1,2,1900104,1000000
2024KL0008506,1,449.67,47,2,2,1,7,58211,501,9920,4,1,1,1,1,1900107,1000000
2024KL0008507,1,449.67,83,2,3,1,6,6683,60,0,0,6,1,1,2,1900111,1000000
2024KL0008508,1,449.67,11,1,3,1,1,762,6,0,0,6,1,5,1,1900112,1000000
2024KL0008509,1,449.67,77,1,2,1,9,6992,63,0,0,6,1,5,2,1900112,1000000
2024KL0008510,1,449.67,26,1,1,1,13,10289,93,6000,1,2,1,1,1,1900106,1000000
2024KL0008511,1,449.67,46,1,1,1,10,123848,501,5000,1,1,1,1,1,1900110,1000000
2024KL0008512,1,449.67,7,1,2,1,9,19251,175,0,0,6,1,5,1,1900110,1000000
2024KL0008513,1,449.67,41,2,1,1,12,15601,141,7000,6,1,1,1,1,1900104,1000000
2024KL0008514,1,449.67,22,2,4,1,18,21737,197,2000,2,1,1,5,1,1900113,1000000
2024KL0008515,1,449.67,7,1,6,1,2,16223,147,0,0,6,1,5,1,1900109,1000000
2024KL0008516,1,449.67,8,2,1,1,6,12945,117,0,0,6,1,5,1,1900106,1000000
2024KL0008517,1,449.67,9,1,1,1,6,1100,10,0,0,6,1,5,1,1900113,1000000
2024KL0008518,1,449.67,38,2,1,1,13,27016,245,1000,1,1,1,1,1,1900105,1000000
2024KL0008519,1,449.67,15,2,1,1,17,13687,124,0,0,6,1,5,1,1900111,1000000
2024KL0008520,1,449.67,43,2,2,1,8,7277,66,8000,1,1,1,1,1,1900102,1000000
2024KL0008521,1,449.67,29,2,3,1,13,51923,472,1000,2,4,1,1,1,1900103,1000000
2024KL0008522,1,449.67,11,2,6,1,4,7205,65,0,0,6,1,5,1,1900114,1000000
2024KL0008523,1,449.67,2,2,1,1,4,1648,14,0,0,6,1,5,1,1900105,1000000
2024KL0008524,1,449.67,8,1,1,1,9,12156,110,0,0,6,1,5,1,1900105,1000000
2024KL0008525,1,449.67,38,1,4,1,18,109084,501,3000,2,1,1,3,1,1900102,1000000
2024KL0008526,1,449.67,40,1,1,1,15,87590,501,2000,1,1,1,1,1,1900106,1000000
2024KL0008527,1,449.67,81,2,4,1,6,2364,21,0,0,6,1,1,1,1900114,1000000
2024KL0008528,1,449.67,24,1,1,1,12,86694,501,7000,1,1,1,5,1,1900113,1000000
2024KL0008529,1,449.67,0,1,1,1,2,1947,17,0,0,6,1,5,1,1900112,1000000
2024KL0008530,1,449.67,28,1,1,1,9,29819,271,5000,6,1,1,5,1,1900105,1000000
2024KL0008531,1,449.67,15,1,1,1,15,27773,252,0,0,6,1,5,1,1900111,1000000
2024KL0008532,1,449.67,29,2,1,1,11,24585,223,9000,3,1,1,5,1,1900111,1000000
2024KL0008533,1,449.67,22,1,4,1,17,34764,316,5000,1,3,1,1,1,1900101,1000000
2024KL0008534,1,449.67,5,2,1,1,3,1198,10,0,0,6,1,5,1,1900110,1000000
2024KL0008535,1,449.67,34,1,1,1,16,62643,501,4000,1,5,1,1,1,1900111,1000000
2024KL0008536,1,449.67,84,2,6,1,7,7171,65,0,0,6,1,1,1,1900102,1000000
2024KL0008537,1,449.67,29,1,1,1,15,169890,501,2000,3,1,2,1,1,1900103,1000000
2024KL0008538,1,449.67,50,1,2,1,7,9073,82,9800,6,5,1,1,2,1900106,1000000
2024KL0008539,1,449.67,83,1,4,1,6,982,8,0,0,6,1,5,1,1900113,1000000
2024KL0008540,1,449.67,44,2,3,1,14,38576,350,6000,6,1,1,1,1,1900109,1000000
2024KL0008541,1,449.67,79,1,4,1,6,1410,12,0,0,6,1,1,1,1900107,1000000
2024KL0008542,1,449.67,32,1,7,1,10,26231,238,7000,1,1,1,1,1,1900110,1000000
2024KL0008543,1,449.67,23,2,3,1,15,52844,480,4000,1,1,1,5,1,1900106,1000000
2024KL0008544,1,449.67,85,2,1,1,10,13955,126,0,0,6,1,1,1,1900102,1000000
2024KL0008545,1,449.67,2,1,6,1,3,3578,32,0,0,6,2,5,2,1900110,1000000
2024KL0008546,1,449.67,19,1,1,1,15,31999,290,2000,3,2,1,5,1,1900100,1000000
2024KL0008547,1,449.67,39,2,1,1,16,100684,501,3000,1,1,1,1,1,1900110,1000000
2024KL0008548,1,449.67,17,1,3,1,18,41723,379,0,0,6,1,5,1,1900106,1000000
2024KL0008549,1,449.67,11,2,9,1,3,6075,55,0,0,6,2,5,1,1900107,1000000
2024KL0008550,1,449.67,26,1,7,1,12,15154,137,6000,6,1,1,1,1,1900112,1000000
2024KL0008551,1,449.67,36,2,6,1,9,21344,194,1000,1,3,1,1,2,1900114,1000000
2024KL0008552,1,449.67,27,2,2,1,18,101387,501,2000,1,1,1,1,1,1900104,1000000
2024KL0008553,1,449.67,15,2,2,1,20,53585,487,0,0,6,1,5,1,1900101,1000000
2024KL0008554,1,449.67,48,2,1,1,7,10528,95,7000,6,1,1,1,1,1900103,1000000
2024KL0008555,1,449.67,26,2,1,1,17,29359,266,6000,4,1,1,1,1,1900108,1000000
2024KL0008556,1,449.67,29,2,1,1,10,25513,231,6000,1,3,1,1,1,1900102,1000000
2024KL0008557,1,449.67,8,1,3,1,3,1168,10,0,0,6,1,5,1,1900106,1000000
2024KL0008558,1,449.67,52,2,6,1,14,57875,501,2000,2,1,1,3,1,1900108,1000000
2024KL0008559,1,449.67,19,2,2,1,12,6030,54,4000,1,3,1,5,1,1900105,1000000
2024KL0008560,1,449.67,50,2,2,1,11,33537,304,8000,6,1,1,2,1,1900102,1000000
2024KL0008561,1,449.67,0,2,1,1,6,16093,146,0,0,6,1,5,1,1900103,1000000
2024KL0008562,1,449.67,1,2,1,1,5,4283,38,0,0,6,1,5,1,1900112,1000000
2024KL0008563,1,449.67,54,1,2,1,7,6367,57,9800,1,4,1,1,1,1900113,1000000
2024KL0008564,1,449.67,91,2,3,1,8,2936,26,0,0,6,1,1,1,1900104,1000000
2024KL0008565,1,449.67,47,2,2,1,14,29976,272,4000,1,4,1,2,1,1900114,1000000
2024KL0008566,1,449.67,16,2,4,1,15,31594,287,0,0,6,1,5,1,1900108,1000000
2024KL0008567,1,449.67,42,2,1,1,10,18663,169,7000,1,1,1,1,1,1900101,1000000
2024KL0008568,1,449.67,10,1,1,1,4,4914,44,0,0,6,1,5,1,1900101,1000000
2024KL0008569,1,449.67,38,1,2,1,7,10224,92,9920,1,5,1,1,1,1900102,1000000
2024KL0008570,1,449.67,21,2,1,1,13,4543,41,9800,1,1,1,5,1,1900103,1000000
2024KL0008571,1,449.67,37,1,1,1,12,43033,391,2000,1,1,1,1,1,1900108,1000000
2024KL0008572,1,449.67,16,1,4,1,18,45716,415,0,0,6,1,5,1,1900102,1000000
2024KL0008573,1,449.67,5,1,1,1,9,6811,61,0,0,6,1,5,1,1900110,1000000
2024KL0008574,1,449.67,56,2,1,1,9,20266,184,9800,3,1,1,1,1,1900113,1000000
2024KL0008575,1,449.67,22,1,1,1,14,16172,147,8000,6,1,1,5,2,1900106,1000000
2024KL0008576,1,449.67,31,2,2,1,13,14695,133,5000,4,1,1,1,1,1900101,1000000
2024KL0008577,1,449.67,38,1,6,1,6,4832,43,6000,1,1,1,1,1,1900101,1000000
2024KL0008578,1,449.67,0,1,4,1,2,2587,23,0,0,6,1,5,1,1900110,1000000
2024KL0008579,1,449.67,89,2,1,1,7,13669,124,0,0,6,1,1,1,1900113,1000000
2024KL0008580,1,449.67,21,2,6,1,20,36865,335,3000,1,1,1,5,1,1900107,1000000
2024KL0008581,1,449.67,26,2,1,1,9,25896,235,1000,1,2,1,1,1,1900106,1000000
2024KL0008582,1,449.67,67,1,1,1,10,11490,104,3000,1,2,1,3,1,1900100,1000000
2024KL0008583,1,449.67,43,2,6,1,14,19222,174,5000,1,1,1,1,1,1900112,1000000
2024KL0008584,1,449.67,33,1,2,1,9,20502,186,6000,4,4,1,1,1,1900108,1000000
2024KL0008585,1,449.67,35,2,3,1,16,72055,501,6000,6,1,1,1,1,1900109,1000000
2024KL0008586,1,449.67,9,1,1,1,1,2052,18,0,0,6,1,5,1,1900100,1000000
2024KL0008587,1,449.67,30,2,6,1,11,24876,226,7000,3,4,1,1,1,1900113,1000000
2024KL0008588,1,449.67,16,2,2,1,13,6658,60,0,0,6,1,5,1,1900106,1000000
2024KL0008589,1,449.67,3,1,3,1,3,10995,99,0,0,6,1,5,1,1900109,1000000
2024KL0008590,1,449.67,51,2,1,1,9,28226,256,1000,1,1,1,2,1,1900114,1000000
2024KL0008591,1,449.67,22,2,1,1,13,9610,87,2000,3,1,1,1,1,1900106,1000000
2024KL0008592,1,449.67,10,2,2,1,5,3991,36,0,0,6,1,5,1,1900110,1000000
2024KL0008593,1,449.67,52,2,1,1,14,9618,87,5000,4,1,1,5,1,1900106,1000000
2024KL0008594,1,449.67,20,2,2,1,18,28779,261,4000,1,1,1,5,1,1900111,1000000
2024KL0008595,1,449.67,7,1,5,1,2,1612,14,0,0,6,1,5,1,1900100,1000000
2024KL0008596,1,449.67,31,2,1,1,9,24331,221,6000,1,1,1,1,1,1900113,1000000
2024KL0008597,1,449.67,17,2,7,1,13,7675,69,0,0,6,1,5,2,1900111,1000000
2024KL0008598,1,449.67,16,1,1,1,15,70442,501,0,0,6,1,5,1,1900106,1000000
2024KL0008599,1,449.67,56,2,6,1,6,12336,112,9920,1,2,1,1,1,1900109,1000000
2024KL0008600,1,449.67,85,2,2,1,8,10154,92,0,0,6,1,4,1,1900111,1000000
2024KL0008601,1,449.67,27,2,4,1,14,17432,158,7000,1,3,1,1,1,1900101,1000000
2024KL0008602,1,449.67,74,1,1,1,6,13680,124,0,0,6,1,3,1,1900103,1000000
2024KL0008603,1,449.67,42,1,1,1,8,12940,117,9920,3,1,1,1,1,1900109,1000000
2024KL0008604,1,449.67,22,2,1,1,14,11111,101,7000,1,2,1,5,1,1900101,1000000
2024KL0008605,1,449.67,56,1,1,1,7,5664,51,5000,1,2,1,1,1,1900112,1000000
2024KL0008606,1,449.67,43,2,1,1,11,37836,343,9800,4,1,1,1,1,1900112,1000000
2024KL0008607,1,449.67,22,2,1,1,18,57395,501,1000,2,1,1,5,1,1900102,1000000
2024KL0008608,1,449.67,67,2,1,1,9,14574,132,1000,1,1,1,1,1,1900100,1000000
2024KL0008609,1,449.67,60,1,6,1,9,38880,353,9000,6,1,1,2,1,1900107,1000000
2024KL0008610,1,449.67,20,1,1,1,16,33093,300,6000,1,1,1,5,1,1900102,1000000
2024KL0008611,1,449.67,58,2,7,1,9,102977,501,7000,3,1,1,1,1,1900103,1000000
2024KL0008612,1,449.67,3,1,1,1,1,3340,30,0,0,6,1,5,1,1900100,1000000
2024KL0008613,1,449.67,27,1,2,1,6,9725,88,9920,4,1,1,1,1,1900110,1000000
2024KL0008614,1,449.67,9,2,2,1,8,6820,62,0,0,6,1,5,1,1900108,1000000
2024KL0008615,1,449.67,54,2,5,1,8,4952,45,9800,1,2,1,5,1,1900100,1000000
2024KL0008616,1,449.67,0,2,2,1,5,2145,19,0,0,6,1,5,1,1900105,1000000
2024KL0008617,1,449.67,4,2,1,1,5,1404,12,0,0,6,1,5,1,1900105,1000000
2024KL0008618,1,449.67,18,2,3,1,18,43070,391,5000,1,1,1,5,1,1900106,1000000
2024KL0008619,1,449.67,53,2,6,1,14,13142,119,6000,1,3,1,1,1,1900113,1000000
2024KL0008620,1,449.67,34,2,3,1,9,7296,66,2000,2,1,1,1,1,1900114,1000000
2024KL0008621,1,449.67,11,2,1,1,5,2490,22,0,0,6,1,5,1,1900112,1000000
2024KL0008622,1,449.67,13,1,1,1,5,5924,53,0,0,6,1,5,2,1900103,1000000
2024KL0008623,1,449.67,25,1,1,1,11,27883,253,9000,1,1,1,1,1,1900114,1000000
2024KL0008624,1,449.67,41,2,1,1,15,39098,355,6000,1,1,1,1,1,1900112,1000000
2024KL0008625,1,449.67,22,1,1,1,18,122686,501,3000,2,1,1,5,1,1900107,1000000
2024KL0008626,1,449.67,34,1,1,1,8,6923,62,9800,1,1,1,1,1,1900102,1000000
2024KL0008627,1,449.67,19,1,2,1,12,6517,59,1000,2,3,1,5,2,1900103,1000000
2024KL0008628,1,449.67,53,1,1,1,5,15072,137,9800,1,1,1,1,1,1900106,1000000
2024KL0008629,1,449.67,18,1,3,1,16,24318,221,3000,2,1,2,5,1,1900107,1000000
2024KL0008630,1,449.67,28,2,6,1,9,23384,212,3000,2,1,1,1,1,1900111,1000000
2024KL0008631,1,449.67,17,2,7,1,14,7646,69,0,0,6,1,5,1,1900111,1000000
2024KL0008632,1,449.67,36,2,1,1,8,5431,49,9920,1,1,1,1,1,1900112,1000000
2024KL0008633,1,449.67,54,2,1,1,9,30674,278,5000,1,1,1,2,1,1900114,1000000
2024KL0008634,1,449.67,42,1,2,1,10,21813,198,9000,1,1,1,1,1,1900112,1000000
2024KL0008635,1,449.67,21,1,1,1,20,56623,501,4000,1,5,1,1,1,1900101,1000000
2024KL0008636,1,449.67,81,2,1,1,9,20695,188,0,0,6,1,4,1,1900114,1000000
2024KL0008637,1,449.67,22,2,1,1,16,47340,430,1000,2,1,1,5,1,1900102,1000000
2024KL0008638,1,449.67,15,2,1,1,15,15335,139,0,0,6,1,5,1,1900109,1000000
2024KL0008639,1,449.67,32,2,4,1,13,13767,125,1000,2,1,1,1,1,1900104,1000000
2024KL0008640,1,449.67,36,1,2,1,7,23226,211,7000,3,1,1,1,1,1900111,1000000
2024KL0008641,1,449.67,10,2,2,1,5,8414,76,0,0,6,1,5,1,1900101,1000000
2024KL0008642,1,449.67,23,1,7,1,17,28254,256,3000,3,1,1,1,1,1900112,1000000
2024KL0008643,1,449.67,67,2,2,1,5,1730,15,6000,6,2,1,1,1,1900108,1000000
2024KL0008644,1,449.67,36,1,1,1,12,43255,393,4000,3,5,1,2,1,1900113,1000000
2024KL0008645,1,449.67,36,2,1,1,12,44787,407,9800,6,4,1,1,1,1900104,1000000
2024KL0008646,1,449.67,21,2,1,1,16,27483,249,6000,6,1,1,1,1,1900107,1000000
2024KL0008647,1,449.67,51,2,6,1,17,87514,501,6000,3,1,1,5,1,1900110,1000000
2024KL0008648,1,449.67,0,2,3,1,4,835,7,0,0,6,1,5,1,1900108,1000000
2024KL0008649,1,449.67,43,1,6,1,12,15047,136,5000,3,1,1,3,1,1900107,1000000
2024KL0008650,1,449.67,37,2,1,1,11,55665,501,1000,1,1,1,1,1,1900105,1000000
2024KL0008651,1,449.67,76,1,5,1,10,8727,79,0,0,6,1,5,1,1900103,1000000
2024KL0008652,1,449.67,54,2,4,1,9,52791,479,4000,3,5,1,1,1,1900112,1000000
2024KL0008653,1,449.67,55,1,1,1,6,26381,239,7000,1,1,1,1,1,1900109,1000000
2024KL0008654,1,449.67,8,2,1,1,5,8980,81,0,0,6,1,5,1,1900105,1000000
2024KL0008655,1,449.67,21,1,1,1,10,6456,58,5000,1,1,1,5,1,1900104,1000000
2024KL0008656,1,449.67,39,1,1,1,5,18343,166,8000,1,1,1,1,1,1900101,1000000
2024KL0008657,1,449.67,22,2,3,1,14,47581,432,6000,1,5,1,5,1,1900112,1000000
2024KL0008658,1,449.67,16,1,1,1,15,52399,476,0,0,6,1,5,1,1900104,1000000
2024KL0008659,1,449.67,83,2,3,1,10,33884,308,0,0,6,1,1,1,1900100,1000000
2024KL0008660,1,449.67,43,1,1,1,15,164612,501,1000,2,5,1,1,2,1900108,1000000
2024KL0008661,1,449.67,57,1,3,1,13,40626,369,3000,1,3,1,1,1,1900104,1000000
2024KL0008662,1,449.67,17,1,1,1,11,24554,223,0,0,6,1,5,2,1900110,1000000
2024KL0008663,1,449.67,56,1,6,1,16,36442,331,3000,2,3,1,2,1,1900109,1000000
2024KL0008664,1,449.67,20,1,1,1,15,60012,501,4000,2,3,1,1,1,1900109,1000000
2024KL0008665,1,449.67,38,2,4,1,14,16150,146,5000,4,1,1,5,1,1900104,1000000
2024KL0008666,1,449.67,4,1,2,1,9,2215,20,0,0,6,1,5,1,1900111,1000000
2024KL0008667,1,449.67,43,1,5,1,12,60324,501,5000,4,5,1,2,1,1900114,1000000
2024KL0008668,1,449.67,9,1,2,1,4,13805,125,0,0,6,1,5,1,1900104,1000000
2024KL0008669,1,449.67,42,1,2,1,9,19389,176,7000,1,2,1,1,2,1900100,1000000
2024KL0008670,1,449.67,25,2,2,1,7,8005,72,5000,3,1,1,1,1,1900105,1000000
2024KL0008671,1,449.67,34,1,1,1,8,17022,154,6000,1,1,1,1,1,1900111,1000000
2024KL0008672,1,449.67,49,1,5,1,8,46356,421,9800,3,1,1,1,1,1900107,1000000
2024KL0008673,1,449.67,9,1,3,1,9,8589,78,0,0,6,1,5,1,1900113,1000000
2024KL0008674,1,449.67,97,1,2,1,9,1611,14,0,0,6,1,1,1,1900108,1000000
2024KL0008675,1,449.67,8,2,4,1,6,608,5,0,0,6,1,5,1,1900107,1000000
2024KL0008676,1,449.67,10,1,5,1,9,7588,68,0,0,6,1,5,2,1900110,1000000
2024KL0008677,1,449.67,27,2,4,1,11,18411,167,6000,6,5,1,1,1,1900107,1000000
2024KL0008678,1,449.67,11,1,3,1,8,7202,65,0,0,6,1,5,1,1900104,1000000
2024KL0008679,1,449.67,30,2,2,1,14,63187,501,6000,6,1,1,1,1,1900111,1000000
2024KL0008680,1,449.67,30,1,2,1,9,76331,501,4000,1,1,1,5,1,1900105,1000000
2024KL0008681,1,449.67,67,2,2,1,9,1703,15,7000,1,1,1,1,1,1900103,1000000
2024KL0008682,1,449.67,43,1,5,1,8,23719,215,5000,1,1,1,1,1,1900108,1000000
2024KL0008683,1,449.67,78,1,2,1,8,7157,65,0,0,6,1,1,1,1900109,1000000
2024KL0008684,1,449.67,3,2,6,1,8,2495,22,0,0,6,1,5,1,1900101,1000000
2024KL0008685,1,449.67,9,2,1,1,3,3330,30,0,0,6,1,5,1,1900103,1000000
2024KL0008686,1,449.67,69,1,2,1,10,13874,126,5000,1,3,1,5,1,1900112,1000000
2024KL0008687,1,449.67,20,1,2,1,17,6049,54,3000,2,1,1,1,1,1900101,1000000
2024KL0008688,1,449.67,29,1,3,1,7,13108,119,7000,3,1,1,1,1,1900111,1000000
2024KL0008689,1,449.67,15,2,1,1,14,10983,99,0,0,6,1,5,1,1900100,1000000
2024KL0008690,1,449.67,54,2,4,1,16,24684,224,5000,3,3,1,1,1,1900110,1000000
2024KL0008691,1,449.67,37,2,1,1,9,23415,212,7000,1,1,1,1,1,1900104,1000000
2024KL0008692,1,449.67,59,1,1,1,9,22482,204,7000,3,5,1,1,1,1900100,1000000
2024KL0008693,1,449.67,26,2,1,1,5,27480,249,5000,1,1,1,5,1,1900111,1000000
2024KL0008694,1,449.67,16,2,2,1,16,27743,252,0,0,6,1,5,1,1900113,1000000
2024KL0008695,1,449.67,29,2,3,1,5,23535,213,6000,1,1,1,1,1,1900108,1000000
2024KL0008696,1,449.67,29,2,1,1,5,18633,169,5000,3,1,1,5,1,1900114,1000000
2024KL0008697,1,449.67,46,2,7,1,12,33005,300,2000,2,1,1,1,1,1900102,1000000
2024KL0008698,1,449.67,25,2,6,1,16,28646,260,5000,6,1,1,5,1,1900103,1000000
2024KL0008699,1,449.67,67,2,1,1,5,22685,206,9000,3,1,1,2,1,1900106,1000000
2024KL0008700,1,449.67,9,1,2,1,1,28631,260,0,0,6,1,5,1,1900110,1000000
2024KL0008701,1,449.67,29,1,4,1,5,14457,131,5000,3,1,1,5,1,1900107,1000000
2024KL0008702,1,449.67,21,1,1,1,18,138885,501,2000,3,1,1,5,1,1900103,1000000
2024KL0008703,1,449.67,32,2,2,1,14,44093,400,7000,6,1,1,1,1,1900101,1000000
2024KL0008704,1,449.67,42,1,2,1,9,33573,305,7000,1,1,1,1,1,1900112,1000000
2024KL0008705,1,449.67,26,2,2,1,7,18944,172,9920,4,1,1,1,1,1900114,1000000
2024KL0008706,1,449.67,16,2,6,1,20,20690,188,0,0,6,1,5,1,1900108,1000000
2024KL0008707,1,449.67,29,2,1,1,14,36869,335,7000,4,1,1,5,1,1900107,1000000
2024KL0008708,1,449.67,51,2,1,1,19,114593,501,1000,1,1,1,1,1,1900100,1000000
2024KL0008709,1,449.67,33,2,6,1,14,21221,192,5000,6,1,1,1,2,1900105,1000000
2024KL0008710,1,449.67,47,1,1,1,13,12628,114,5000,4,1,2,1,1,1900105,1000000
2024KL0008711,1,449.67,36,1,4,1,13,39678,360,9800,3,1,1,1,1,1900100,1000000
2024KL0008712,1,449.67,56,2,1,1,10,103466,501,8000,3,1,1,1,1,1900113,1000000
2024KL0008713,1,449.67,53,1,1,1,8,7486,68,7000,4,1,1,1,1,1900113,1000000
2024KL0008714,1,449.67,44,2,6,1,12,44263,402,7000,1,3,1,1,1,1900111,1000000
2024KL0008715,1,449.67,27,2,7,1,7,2835,25,8000,3,1,1,1,1,1900106,1000000
2024KL0008716,1,449.67,68,1,3,1,7,5542,50,5000,6,1,1,5,1,1900103,1000000
2024KL0008717,1,449.67,48,2,3,1,17,28112,255,3000,1,1,1,1,1,1900101,1000000
2024KL0008718,1,449.67,8,1,1,1,4,3346,30,0,0,6,1,5,1,1900109,1000000
2024KL0008719,1,449.67,5,1,4,1,2,3958,35,0,0,6,1,5,1,1900105,1000000
2024KL0008720,1,449.67,18,1,4,1,20,33570,305,3000,3,2,1,5,1,1900109,1000000
2024KL0008721,1,449.67,26,2,2,1,6,18067,164,7000,1,1,1,1,1,1900105,1000000
2024KL0008722,1,449.67,9,1,4,1,4,1449,13,0,0,6,1,5,1,1900106,1000000
2024KL0008723,1,449.67,23,2,1,1,12,19364,176,7000,1,1,1,5,1,1900106,1000000
2024KL0008724,1,449.67,10,1,1,1,7,13789,125,0,0,6,1,5,1,1900107,1000000
2024KL0008725,1,449.67,44,2,1,1,11,15849,144,5000,3,2,1,1,1,1900110,1000000
2024KL0008726,1,449.67,5,2,1,1,9,14423,131,0,0,6,1,5,1,1900112,1000000
2024KL0008727,1,449.67,29,1,3,1,5,10689,97,9800,4,1,1,1,2,1900109,1000000
2024KL0008728,1,449.67,27,1,3,1,10,25779,234,8000,3,1,1,1,1,1900112,1000000
2024KL0008729,1,449.67,32,2,2,1,10,90758,501,4000,1,1,1,5,1,1900107,1000000
2024KL0008730,1,449.67,7,2,1,1,2,2640,24,0,0,6,1,5,1,1900113,1000000
2024KL0008731,1,449.67,43,2,1,1,7,8019,72,9800,4,1,1,1,1,1900104,1000000
2024KL0008732,1,449.67,56,1,1,1,9,25722,233,7000,1,1,1,1,1,1900109,1000000
2024KL0008733,1,449.67,35,1,2,1,13,11988,108,7000,3,1,1,1,1,1900102,1000000
2024KL0008734,1,449.67,22,2,2,1,16,27774,252,2000,3,1,1,5,1,1900103,1000000
2024KL0008735,1,449.67,56,2,2,1,13,8328,75,7000,1,1,1,1,1,1900100,1000000
2024KL0008736,1,449.67,55,2,1,1,13,22582,205,9000,1,1,1,2,1,1900104,1000000
2024KL0008737,1,449.67,45,2,1,1,11,80266,501,8000,1,1,1,1,1,1900111,1000000
2024KL0008738,1,449.67,90,2,2,1,9,5937,53,0,0,6,1,2,1,1900105,1000000
2024KL0008739,1,449.67,57,2,2,1,13,66778,501,6000,3,1,1,5,1,1900113,1000000
2024KL0008740,1,449.67,35,1,2,1,9,13669,124,4000,2,1,1,1,1,1900106,1000000
2024KL0008741,1,449.67,77,2,2,1,7,20517,186,0,0,6,1,1,1,1900111,1000000
2024KL0008742,1,449.67,27,2,1,1,12,19631,178,2000,3,1,1,5,1,1900107,1000000
2024KL0008743,1,449.67,42,2,3,1,7,8900,80,7000,4,4,1,1,1,1900106,1000000
2024KL0008744,1,449.67,42,2,2,1,12,30213,274,9000,3,1,1,5,1,1900103,1000000
2024KL0008745,1,449.67,59,1,1,1,9,24577,223,3000,2,4,1,5,1,1900110,1000000
2024KL0008746,1,449.67,19,1,6,1,20,16191,147,1000,2,2,1,5,1,1900100,1000000
2024KL0008747,1,449.67,83,1,7,1,5,6279,57,0,0,6,1,1,1,1900102,1000000
2024KL0008748,1,449.67,29,2,2,1,15,71244,501,2000,2,4,1,5,1,1900111,1000000
2024KL0008749,1,449.67,21,1,2,1,14,12404,112,2000,3,1,1,1,1,1900108,1000000
2024KL0008750,1,449.67,34,2,3,1,13,49841,453,2000,1,1,1,5,1,1900104,1000000
2024KL0008751,1,449.67,94,2,1,1,11,16739,152,0,0,6,1,1,1,1900110,1000000
2024KL0008752,1,449.67,27,1,3,1,15,82106,501,5000,4,1,1,1,1,1900113,1000000
2024KL0008753,1,449.67,42,2,3,1,5,29219,265,9800,4,5,1,2,1,1900111,1000000
2024KL0008754,1,449.67,55,2,2,1,8,5148,46,9800,1,3,1,5,1,1900109,1000000
2024KL0008755,1,449.67,60,2,1,1,9,28654,260,7000,4,1,1,3,1,1900104,1000000
2024KL0008756,1,449.67,59,1,6,1,7,5765,52,6000,1,1,1,1,1,1900102,1000000
2024KL0008757,1,449.67,51,2,2,1,8,5862,53,6000,6,5,1,5,1,1900110,1000000
2024KL0008758,1,449.67,37,1,1,1,6,12104,110,6000,3,5,1,1,1,1900106,1000000
2024KL0008759,1,449.67,39,1,1,1,20,104877,501,3000,1,4,1,1,1,1900104,1000000
2024KL0008760,1,449.67,53,1,1,1,14,29206,265,6000,1,2,1,1,1,1900113,1000000
2024KL0008761,1,449.67,55,2,7,1,10,24984,227,6000,4,1,1,1,1,1900111,1000000
2024KL0008762,1,449.67,26,2,7,1,17,54140,492,6000,1,2,1,1,1,1900109,1000000
2024KL0008763,1,449.67,52,2,1,1,6,11183,101,9920,1,3,1,1,1,1900104,1000000
2024KL0008764,1,449.67,55,2,1,1,5,6749,61,6000,3,1,1,1,1,1900105,1000000
2024KL0008765,1,449.67,19,2,1,1,14,12884,117,8000,6,2,1,1,1,1900113,1000000
2024KL0008766,1,449.67,17,2,1,1,13,2557,23,0,0,6,1,5,1,1900101,1000000
2024KL0008767,1,449.67,85,1,3,1,10,18641,169,0,0,6,1,2,1,1900102,1000000
2024KL0008768,1,449.67,28,2,2,1,10,50540,459,5000,6,5,1,1,1,1900101,1000000
2024KL0008769,1,449.67,18,2,2,1,15,12911,117,1000,1,2,1,5,1,1900114,1000000
2024KL0008770,1,449.67,2,2,1,1,4,12010,109,0,0,6,1,5,1,1900113,1000000
2024KL0008771,1,449.67,53,2,1,1,6,4799,43,9800,6,1,1,1,1,1900109,1000000
2024KL0008772,1,449.67,19,1,1,1,18,22384,203,5000,1,1,1,1,1,1900106,1000000
2024KL0008773,1,449.67,14,2,7,1,3,7289,66,0,0,6,1,5,2,1900105,1000000
2024KL0008774,1,449.67,51,2,6,1,15,21700,197,4000,2,1,1,5,1,1900104,1000000
2024KL0008775,1,449.67,56,1,1,1,9,14028,127,1000,1,5,1,1,1,1900114,1000000
2024KL0008776,1,449.67,54,2,1,1,10,78352,501,9000,3,3,1,2,1,1900105,1000000
2024KL0008777,1,449.67,4,2,4,1,1,7268,66,0,0,6,1,5,1,1900109,1000000
2024KL0008778,1,449.67,13,2,3,1,7,1629,14,0,0,6,1,5,1,1900107,1000000
2024KL0008779,1,449.67,47,2,1,1,15,70467,501,1000,1,3,1,2,1,1900104,1000000
2024KL0008780,1,449.67,22,1,1,1,12,15843,144,5000,6,1,1,5,1,1900103,1000000
2024KL0008781,1,449.67,59,1,3,1,10,41715,379,1000,3,2,1,1,1,1900105,1000000
2024KL0008782,1,449.67,23,2,2,1,17,52622,478,1000,1,5,1,5,1,1900110,1000000
2024KL0008783,1,449.67,48,1,2,1,11,16790,152,7000,3,1,1,1,1,1900107,1000000
2024KL0008784,1,449.67,7,1,1,1,4,10148,92,0,0,6,1,5,1,1900103,1000000
2024KL0008785,1,449.67,5,2,6,1,4,4130,37,0,0,6,1,5,1,1900111,1000000
2024KL0008786,1,449.67,33,1,1,1,11,42999,390,7000,4,1,1,1,1,1900112,1000000
2024KL0008787,1,449.67,34,1,3,1,10,45796,416,7000,1,1,1,1,1,1900108,1000000
2024KL0008788,1,449.67,44,1,1,1,9,32077,291,8000,4,1,1,1,2,1900102,1000000
2024KL0008789,1,449.67,14,1,6,1,5,4711,42,0,0,6,1,5,1,1900106,1000000
2024KL0008790,1,449.67,16,2,1,1,16,9318,84,0,0,6,1,5,1,1900114,1000000
2024KL0008791,1,449.67,33,2,1,1,10,26169,237,6000,1,4,1,1,1,1900111,1000000
2024KL0008792,1,449.67,50,2,1,1,11,27063,246,9000,1,1,1,1,1,1900104,1000000
2024KL0008793,1,449.67,17,2,1,1,13,8943,81,0,0,6,1,5,1,1900114,1000000
2024KL0008794,1,449.67,12,1,2,1,4,1012,9,0,0,6,1,5,1,1900107,1000000
2024KL0008795,1,449.67,16,1,6,1,19,65084,501,0,0,6,1,5,1,1900105,1000000
2024KL0008796,1,449.67,0,1,5,1,3,695,6,0,0,6,1,5,1,1900101,1000000
2024KL0008797,1,449.67,27,1,6,1,10,11302,102,9000,1,1,1,1,1,1900111,1000000
2024KL0008798,1,449.67,18,1,3,1,13,12051,109,9000,3,1,2,1,1,1900111,1000000
2024KL0008799,1,449.67,49,2,1,1,7,8556,77,8000,1,1,1,2,1,1900102,1000000
2024KL0008800,1,449.67,37,1,3,1,11,13634,123,9000,1,1,1,1,1,1900113,1000000
2024KL0008801,1,449.67,5,1,6,1,9,12120,110,0,0,6,1,5,1,1900109,1000000
2024KL0008802,1,449.67,3,1,3,1,9,3425,31,0,0,6,1,5,1,1900108,1000000
2024KL0008803,1,449.67,18,1,3,1,14,3109,28,9000,3,1,1,1,1,1900113,1000000
2024KL0008804,1,449.67,41,1,4,1,14,17111,155,6000,4,3,1,1,1,1900114,1000000
2024KL0008805,1,449.67,31,2,9,1,11,63170,501,7000,6,1,1,5,1,1900102,1000000
2024KL0008806,1,449.67,28,1,1,1,8,8898,80,5000,3,1,1,1,1,1900110,1000000
2024KL0008807,1,449.67,20,2,2,1,17,24835,225,2000,3,1,1,5,1,1900108,1000000
2024KL0008808,1,449.67,6,1,8,1,1,3750,34,0,0,6,1,5,1,1900111,1000000
2024KL0008809,1,449.67,90,1,1,1,5,2686,24,0,0,6,1,1,1,1900113,1000000
2024KL0008810,1,449.67,50,2,1,1,11,21075,191,5000,1,1,1,2,1,1900112,1000000
2024KL0008811,1,449.67,41,1,6,1,15,128385,501,5000,1,1,1,1,1,1900103,1000000
2024KL0008812,1,449.67,91,2,1,1,8,7152,65,0,0,6,1,1,1,1900100,1000000
2024KL0008813,1,449.67,35,1,3,1,6,43350,394,7000,1,1,1,1,1,1900105,1000000
2024KL0008814,1,449.67,16,2,1,1,18,56148,501,0,0,6,1,5,1,1900112,1000000
2024KL0008815,1,449.67,22,1,2,1,17,93184,501,6000,4,3,1,5,1,1900111,1000000
2024KL0008816,1,449.67,52,1,3,1,12,27107,246,5000,1,2,1,3,1,1900102,1000000
2024KL0008817,1,449.67,32,1,1,1,11,48190,438,8000,1,1,1,1,1,1900105,1000000
2024KL0008818,1,449.67,1,1,3,1,1,711,6,0,0,6,1,5,1,1900109,1000000
2024KL0008819,1,449.67,2,2,5,1,5,1057,9,0,0,6,1,5,1,1900111,1000000
2024KL0008820,1,449.67,5,2,6,1,9,26148,237,0,0,6,1,5,1,1900111,1000000
2024KL0008821,1,449.67,49,2,7,1,7,14139,128,9800,1,1,1,1,1,1900105,1000000
2024KL0008822,1,449.67,11,1,3,1,6,3492,31,0,0,6,1,5,1,1900105,1000000
2024KL0008823,1,449.67,0,2,1,1,6,7825,71,0,0,6,1,5,1,1900104,1000000
2024KL0008824,1,449.67,55,1,1,1,7,6469,58,5000,3,1,1,1,1,1900109,1000000
2024KL0008825,1,449.67,22,2,7,1,11,6920,62,9000,6,3,1,5,1,1900112,1000000
2024KL0008826,1,449.67,55,2,1,1,13,19753,179,1000,2,2,1,5,1,1900108,1000000
2024KL0008827,1,449.67,16,1,2,1,16,19781,179,0,0,6,1,5,1,1900101,1000000
2024KL0008828,1,449.67,36,2,3,1,18,44492,404,2000,1,1,1,1,1,1900110,1000000
2024KL0008829,1,449.67,21,1,3,1,17,25586,232,1000,1,3,1,5,1,1900113,1000000
2024KL0008830,1,449.67,34,2,6,1,15,56566,501,5000,1,1,1,1,1,1900112,1000000
2024KL0008831,1,449.67,14,2,5,1,5,3701,33,0,0,6,1,5,1,1900102,1000000
2024KL0008832,1,449.67,11,1,2,1,2,738,6,0,0,6,1,5,1,1900101,1000000
2024KL0008833,1,449.67,18,2,3,1,15,41238,374,6000,4,1,1,5,1,1900108,1000000
2024KL0008834,1,449.67,16,2,2,1,15,9229,83,0,0,6,1,5,2,1900106,1000000
2024KL0008835,1,449.67,57,1,1,1,5,21147,192,8000,3,1,1,1,2,1900114,1000000
2024KL0008836,1,449.67,41,1,2,1,19,301176,501,3000,1,1,1,1,1,1900100,1000000
2024KL0008837,1,449.67,17,1,2,1,19,96065,501,0,0,6,1,5,1,1900107,1000000
2024KL0008838,1,449.67,2,2,7,1,6,5371,48,0,0,6,1,5,1,1900103,1000000
2024KL0008839,1,449.67,27,1,2,1,16,31395,285,6000,1,1,1,1,2,1900112,1000000
2024KL0008840,1,449.67,35,2,2,1,14,27157,246,8000,1,1,1,1,1,1900104,1000000
2024KL0008841,1,449.67,31,2,2,1,10,40466,367,3000,2,1,1,5,1,1900109,1000000
2024KL0008842,1,449.67,7,2,3,1,6,8564,77,0,0,6,1,5,1,1900109,1000000
2024KL0008843,1,449.67,58,1,1,1,10,23787,216,1000,1,2,1,1,1,1900112,1000000
2024KL0008844,1,449.67,71,1,1,1,8,3491,31,0,0,6,1,1,1,1900114,1000000
2024KL0008845,1,449.67,61,1,1,1,9,15195,138,9000,6,1,1,1,2,1900107,1000000
2024KL0008846,1,449.67,31,1,3,1,14,17551,159,6000,4,1,1,5,1,1900111,1000000
2024KL0008847,1,449.67,21,2,1,1,10,14172,128,7000,4,1,1,1,1,1900107,1000000
2024KL0008848,1,449.67,4,2,1,1,3,2690,24,0,0,6,1,5,1,1900109,1000000
2024KL0008849,1,449.67,3,2,1,1,5,1580,14,0,0,6,1,5,1,1900101,1000000
2024KL0008850,1,449.67,35,2,1,1,12,21848,198,5000,1,1,5,1,1,1900111,1000000
2024KL0008851,1,449.67,55,1,6,1,8,29093,264,9920,3,5,1,1,1,1900100,1000000
2024KL0008852,1,449.67,1,1,2,1,8,3181,28,0,0,6,1,5,1,1900100,1000000
2024KL0008853,1,449.67,24,1,1,1,11,32780,298,4000,1,5,1,1,1,1900104,1000000
2024KL0008854,1,449.67,88,1,1,1,6,9926,90,0,0,6,1,1,1,1900111,1000000
2024KL0008855,1,449.67,45,1,3,1,17,82911,501,3000,2,1,1,1,1,1900105,1000000
2024KL0008856,1,449.67,12,1,2,1,7,613,5,0,0,6,1,5,1,1900102,1000000
2024KL0008857,1,449.67,13,1,4,1,6,1259,11,0,0,6,1,5,1,1900112,1000000
2024KL0008858,1,449.67,34,2,2,1,17,42179,383,4000,2,1,1,5,1,1900113,1000000
2024KL0008859,1,449.67,18,1,1,1,12,12780,116,5000,3,1,1,5,1,1900100,1000000
2024KL0008860,1,449.67,15,1,4,1,16,53666,487,0,0,6,1,5,1,1900104,1000000
2024KL0008861,1,449.67,43,1,4,1,12,30684,278,7000,1,5,1,5,1,1900100,1000000
2024KL0008862,1,449.67,0,1,2,1,7,1226,11,0,0,6,1,5,1,1900109,1000000
2024KL0008863,1,449.67,49,2,4,1,8,43947,399,7000,3,1,1,1,1,1900106,1000000
2024KL0008864,1,449.67,39,2,1,1,19,126972,501,3000,2,2,1,1,1,1900110,1000000
2024KL0008865,1,449.67,6,1,5,1,1,1059,9,0,0,6,1,5,1,1900108,1000000
2024KL0008866,1,449.67,46,2,1,1,13,53797,489,5000,1,2,1,5,1,1900107,1000000
2024KL0008867,1,449.67,21,1,2,1,13,12708,115,3000,1,1,5,5,1,1900103,1000000
2024KL0008868,1,449.67,12,2,1,1,1,2837,25,0,0,6,1,5,1,1900114,1000000
2024KL0008869,1,449.67,6,2,1,1,3,2757,25,0,0,6,1,5,1,1900100,1000000
2024KL0008870,1,449.67,19,1,2,1,17,34391,312,6000,3,2,1,1,1,1900104,1000000
2024KL0008871,1,449.67,54,1,7,1,7,8511,77,9000,1,5,1,1,1,1900103,1000000
2024KL0008872,1,449.67,6,2,4,1,5,14441,131,0,0,6,1,5,1,1900112,1000000
2024KL0008873,1,449.67,32,2,5,1,14,35546,323,5000,1,1,1,1,1,1900108,1000000
2024KL0008874,1,449.67,5,1,1,1,4,1971,17,0,0,6,1,5,1,1900107,1000000
2024KL0008875,1,449.67,55,1,7,1,8,6249,56,5000,1,1,1,1,1,1900110,1000000
2024KL0008876,1,449.67,2,1,1,1,2,12390,112,0,0,6,1,5,1,1900105,1000000
2024KL0008877,1,449.67,19,1,1,1,19,39833,362,2000,2,1,1,5,1,1900100,1000000
2024KL0008878,1,449.67,44,2,6,1,15,257027,501,3000,2,1,1,1,1,1900114,1000000
2024KL0008879,1,449.67,19,1,1,1,18,32000,290,1000,1,1,1,1,1,1900105,1000000
2024KL0008880,1,449.67,9,2,3,1,5,19800,180,0,0,6,2,5,1,1900102,1000000
2024KL0008881,1,449.67,24,1,1,1,12,25654,233,1000,1,1,1,1,1,1900113,1000000
2024KL0008882,1,449.67,5,2,1,1,4,2390,21,0,0,6,1,5,1,1900101,1000000
2024KL0008883,1,449.67,35,1,4,1,7,11248,102,9800,1,1,1,1,1,1900101,1000000
2024KL0008884,1,449.67,13,2,3,1,3,2297,20,0,0,6,1,5,2,1900100,1000000
2024KL0008885,1,449.67,46,1,3,1,8,10467,95,9920,1,1,1,1,1,1900100,1000000
2024KL0008886,1,449.67,39,2,3,1,5,6526,59,9800,3,1,1,2,1,1900106,1000000
2024KL0008887,1,449.67,30,2,1,1,15,37593,341,2000,2,4,1,1,1,1900106,1000000
2024KL0008888,1,449.67,34,2,6,1,7,6564,59,8000,4,4,1,5,1,1900110,1000000
2024KL0008889,1,449.67,37,1,6,1,13,45486,413,9000,4,4,1,1,1,1900110,1000000
2024KL0008890,1,449.67,3,1,1,1,2,2599,23,0,0,6,1,5,1,1900114,1000000
2024KL0008891,1,449.67,18,1,1,1,15,33313,302,3000,2,1,1,5,1,1900114,1000000
2024KL0008892,1,449.67,1,2,1,1,2,6030,54,0,0,6,1,5,1,1900105,1000000
2024KL0008893,1,449.67,37,2,2,1,8,6028,54,9800,3,1,1,1,1,1900104,1000000
2024KL0008894,1,449.67,39,2,1,1,12,26469,240,1000,1,1,1,1,1,1900108,1000000
2024KL0008895,1,449.67,25,1,1,1,9,24895,226,5000,3,1,1,1,1,1900101,1000000
2024KL0008896,1,449.67,15,1,2,1,15,16710,151,0,0,6,1,5,1,1900114,1000000
2024KL0008897,1,449.67,40,1,6,1,9,46340,421,5000,3,1,1,1,1,1900113,1000000
2024KL0008898,1,449.67,27,1,3,1,12,28481,258,5000,1,1,1,5,1,1900106,1000000
2024KL0008899,1,449.67,43,2,3,1,9,22516,204,1000,1,1,1,1,1,1900108,1000000
2024KL0008900,1,449.67,48,1,1,1,9,19907,180,5000,4,1,1,1,2,1900104,1000000
2024KL0008901,1,449.67,34,2,6,1,12,14614,132,6000,3,1,1,5,1,1900111,1000000
2024KL0008902,1,449.67,35,2,3,1,11,41828,380,9000,4,1,1,1,1,1900100,1000000
2024KL0008903,1,449.67,28,2,4,1,12,19190,174,7000,1,1,1,1,1,1900103,1000000
2024KL0008904,1,449.67,50,1,2,1,11,12707,115,5000,1,5,1,1,1,1900101,1000000
2024KL0008905,1,449.67,9,1,1,1,5,4754,43,0,0,6,1,5,1,1900108,1000000
2024KL0008906,1,449.67,55,1,1,1,13,15519,141,2000,1,1,1,2,1,1900107,1000000
2024KL0008907,1,449.67,39,2,2,1,7,16950,154,6000,4,5,5,1,1,1900105,1000000
2024KL0008908,1,449.67,17,2,1,1,17,10321,93,0,0,6,2,5,1,1900102,1000000
2024KL0008909,1,449.67,32,2,2,1,16,73620,501,4000,3,2,1,1,1,1900103,1000000
2024KL0008910,1,449.67,7,1,3,1,6,1045,9,0,0,6,1,5,1,1900110,1000000
2024KL0008911,1,449.67,9,2,2,1,3,2543,23,0,0,6,1,5,1,1900101,1000000
2024KL0008912,1,449.67,41,2,1,1,10,17717,161,7000,1,3,1,2,1,1900107,1000000
2024KL0008913,1,449.67,88,2,1,1,6,6929,62,0,0,6,2,1,1,1900100,1000000
2024KL0008914,1,449.67,40,2,2,1,8,12179,110,8000,6,4,1,1,1,1900103,1000000
2024KL0008915,1,449.67,30,2,2,1,10,5790,52,9000,1,1,1,1,1,1900111,1000000
2024KL0008916,1,449.67,29,1,1,1,6,44012,400,6000,4,1,1,1,1,1900114,1000000
2024KL0008917,1,449.67,45,2,1,1,11,7573,68,9800,1,4,1,1,1,1900103,1000000
2024KL0008918,1,449.67,59,2,1,1,13,34336,312,5000,3,2,1,3,1,1900109,1000000
2024KL0008919,1,449.67,35,1,4,1,11,15272,138,7000,4,1,2,5,2,1900106,1000000
2024KL0008920,1,449.67,15,2,2,1,20,26887,244,0,0,6,1,5,1,1900106,1000000
2024KL0008921,1,449.67,35,1,1,1,6,10153,92,7000,6,1,1,1,1,1900105,1000000
2024KL0008922,1,449.67,21,2,2,1,19,27053,245,3000,2,1,1,5,1,1900112,1000000
2024KL0008923,1,449.67,28,1,1,1,10,9228,83,9000,6,1,1,1,1,1900110,1000000
2024KL0008924,1,449.67,87,2,4,1,10,9741,88,0,0,6,1,5,1,1900103,1000000
2024KL0008925,1,449.67,49,1,7,1,7,3090,28,6000,1,4,1,1,1,1900105,1000000
2024KL0008926,1,449.67,55,1,1,1,13,24957,226,7000,1,2,1,1,1,1900107,1000000
2024KL0008927,1,449.67,7,2,1,1,1,2033,18,0,0,6,1,5,1,1900108,1000000
2024KL0008928,1,449.67,8,2,1,1,1,3297,29,0,0,6,1,5,1,1900113,1000000
2024KL0008929,1,449.67,64,1,5,1,8,5050,45,5000,1,1,1,1,1,1900106,1000000
2024KL0008930,1,449.67,23,2,2,1,18,48044,436,6000,3,1,1,5,1,1900101,1000000
2024KL0008931,1,449.67,27,1,7,1,8,7602,69,9000,1,1,1,5,1,1900106,1000000
2024KL0008932,1,449.67,34,1,1,1,8,8410,76,9800,6,1,1,5,1,1900101,1000000
2024KL0008933,1,449.67,0,1,1,1,1,2366,21,0,0,6,1,5,1,1900108,1000000
2024KL0008934,1,449.67,18,2,6,1,12,16363,148,7000,1,1,1,1,1,1900102,1000000
2024KL0008935,1,449.67,98,2,2,1,6,1759,15,0,0,6,1,2,1,1900105,1000000
2024KL0008936,1,449.67,4,1,1,1,4,4495,40,0,0,6,1,5,1,1900108,1000000
2024KL0008937,1,449.67,52,1,1,1,18,127447,501,6000,4,1,1,1,1,1900107,1000000
2024KL0008938,1,449.67,58,1,2,1,8,7456,67,7000,1,1,1,1,1,1900108,1000000
2024KL0008939,1,449.67,45,2,2,1,10,96943,501,7000,4,1,1,1,1,1900104,1000000
2024KL0008940,1,449.67,3,2,2,1,3,1690,15,0,0,6,1,5,1,1900100,1000000
2024KL0008941,1,449.67,56,2,1,1,13,58872,501,4000,1,1,1,1,1,1900108,1000000
2024KL0008942,1,449.67,24,2,3,1,12,4933,44,1000,1,1,2,5,1,1900110,1000000
2024KL0008943,1,449.67,39,2,1,1,9,39969,363,5000,1,1,2,1,1,1900102,1000000
2024KL0008944,1,449.67,58,1,1,1,9,17425,158,5000,1,1,1,1,1,1900112,1000000
2024KL0008945,1,449.67,54,2,2,1,11,35202,320,4000,2,1,1,3,1,1900101,1000000
2024KL0008946,1,449.67,37,2,1,1,12,59301,501,1000,2,1,1,1,1,1900109,1000000
2024KL0008947,1,449.67,20,2,2,1,13,8119,73,5000,4,3,2,5,1,1900111,1000000
2024KL0008948,1,449.67,10,2,1,1,5,1460,13,0,0,6,1,5,1,1900114,1000000
2024KL0008949,1,449.67,30,2,5,1,12,91468,501,2000,1,1,1,5,1,1900105,1000000
2024KL0008950,1,449.67,43,2,6,1,15,216639,501,1000,1,1,1,1,1,1900104,1000000
2024KL0008951,1,449.67,84,2,3,1,5,2456,22,0,0,6,1,1,1,1900105,1000000
2024KL0008952,1,449.67,42,1,2,1,5,4748,43,9000,1,1,1,1,1,1900104,1000000
2024KL0008953,1,449.67,34,1,3,1,13,28134,255,1000,3,2,1,1,1,1900106,1000000
2024KL0008954,1,449.67,29,2,3,1,5,36844,334,9920,6,1,1,5,1,1900114,1000000
2024KL0008955,1,449.67,35,2,5,1,15,149257,501,6000,1,2,1,1,1,1900114,1000000
2024KL0008956,1,449.67,14,2,1,1,4,5721,52,0,0,6,1,5,1,1900103,1000000
2024KL0008957,1,449.67,23,1,5,1,16,75684,501,2000,3,1,1,5,1,1900114,1000000
2024KL0008958,1,449.67,38,1,1,1,13,29274,266,5000,4,4,1,1,1,1900106,1000000
2024KL0008959,1,449.67,52,2,2,1,9,96837,501,1000,2,1,1,1,1,1900111,1000000
2024KL0008960,1,449.67,28,1,2,1,6,5305,48,6000,1,4,1,1,1,1900109,1000000
2024KL0008961,1,449.67,6,2,1,1,4,2905,26,0,0,6,1,5,1,1900107,1000000
2024KL0008962,1,449.67,40,1,1,1,18,131447,501,4000,3,1,1,1,1,1900103,1000000
2024KL0008963,1,449.67,17,2,1,1,17,26837,243,0,0,6,1,5,2,1900104,1000000
2024KL0008964,1,449.67,32,2,1,1,12,20028,182,3000,1,4,1,5,1,1900114,1000000
2024KL0008965,1,449.67,30,1,1,1,12,28889,262,4000,3,1,2,1,1,1900109,1000000
2024KL0008966,1,449.67,0,2,1,1,5,7219,65,0,0,6,1,5,1,1900100,1000000
2024KL0008967,1,449.67,4,2,1,1,5,2853,25,0,0,6,1,5,1,1900101,1000000
2024KL0008968,1,449.67,30,1,3,1,11,19336,175,5000,6,1,1,1,1,1900106,1000000
2024KL0008969,1,449.67,3,1,3,1,2,5464,49,0,0,6,1,5,1,1900100,1000000
2024KL0008970,1,449.67,8,1,7,1,4,3416,31,0,0,6,1,5,1,1900111,1000000
2024KL0008971,1,449.67,66,2,2,1,5,9692,88,9000,1,2,1,3,1,1900110,1000000
2024KL0008972,1,449.67,16,1,2,1,16,18220,165,0,0,6,2,5,1,1900100,1000000
2024KL0008973,1,449.67,32,2,1,1,10,19081,173,9000,1,1,1,1,1,1900100,1000000
2024KL0008974,1,449.67,0,1,1,1,5,1844,16,0,0,6,1,5,1,1900103,1000000
2024KL0008975,1,449.67,16,2,6,1,14,4481,40,0,0,6,1,5,1,1900108,1000000
2024KL0008976,1,449.67,33,2,1,1,12,21244,193,8000,1,1,1,5,1,1900102,1000000
2024KL0008977,1,449.67,24,1,1,1,15,70037,501,4000,2,1,1,5,1,1900108,1000000
2024KL0008978,1,449.67,16,1,1,1,13,5721,52,0,0,6,1,5,1,1900114,1000000
2024KL0008979,1,449.67,47,1,7,1,17,61775,501,6000,1,1,1,1,1,1900110,1000000
2024KL0008980,1,449.67,6,2,4,1,1,1497,13,0,0,6,1,5,1,1900107,1000000
2024KL0008981,1,449.67,15,1,3,1,15,16368,148,0,0,6,1,5,1,1900107,1000000
2024KL0008982,1,449.67,55,1,1,1,9,38823,352,2000,2,5,1,2,2,1900111,1000000
2024KL0008983,1,449.67,51,1,1,1,11,42036,382,9800,4,5,1,1,1,1900102,1000000
2024KL0008984,1,449.67,87,2,2,1,8,2589,23,0,0,6,1,2,1,1900102,1000000
2024KL0008985,1,449.67,18,1,5,1,15,14220,129,6000,1,3,1,1,1,1900113,1000000
2024KL0008986,1,449.67,38,1,1,1,9,21639,196,5000,1,3,1,5,1,1900109,1000000
2024KL0008987,1,449.67,27,2,2,1,12,50051,455,5000,4,3,1,1,1,1900101,1000000
2024KL0008988,1,449.67,44,1,1,1,12,21137,192,4000,2,1,1,1,1,1900111,1000000
2024KL0008989,1,449.67,30,1,1,1,11,25019,227,8000,1,1,1,1,1,1900100,1000000
2024KL0008990,1,449.67,54,1,1,1,8,8582,78,9920,1,1,1,1,1,1900112,1000000
2024KL0008991,1,449.67,7,1,4,1,2,3760,34,0,0,6,1,5,1,1900112,1000000
2024KL0008992,1,449.67,28,2,6,1,12,8497,77,6000,4,1,1,1,1,1900101,1000000
2024KL0008993,1,449.67,7,2,5,1,1,2513,22,0,0,6,1,5,1,1900113,1000000
2024KL0008994,1,449.67,6,1,2,1,4,7875,71,0,0,6,1,5,1,1900102,1000000
2024KL0008995,1,449.67,56,2,2,1,9,47487,431,4000,1,1,1,1,1,1900104,1000000
2024KL0008996,1,449.67,33,1,2,1,11,25537,232,9000,3,1,1,1,1,1900107,1000000
2024KL0008997,1,449.67,38,1,2,1,9,51785,470,6000,4,5,1,5,1,1900102,1000000
2024KL0008998,1,449.67,6,2,1,1,6,4742,43,0,0,6,1,5,1,1900113,1000000
2024KL0008999,1,449.67,38,2,2,1,12,23432,213,6000,4,3,1,2,1,1900106,1000000
2024KL0009000,1,449.67,37,1,2,1,10,53323,484,7000,4,1,1,3,1,1900113,1000000
2024KL0009001,1,449.67,81,1,1,1,7,4958,45,0,0,6,1,1,1,1900102,1000000
2024KL0009002,1,449.67,89,2,3,1,8,8429,76,0,0,6,1,1,1,1900113,1000000
2024KL0009003,1,449.67,68,1,4,1,8,21974,199,6000,1,1,1,1,1,1900105,1000000
2024KL0009004,1,449.67,96,2,2,1,7,2799,25,0,0,6,1,1,1,1900106,1000000
2024KL0009005,1,449.67,3,1,3,1,3,1350,12,0,0,6,1,5,1,1900105,1000000
2024KL0009006,1,449.67,39,2,5,1,8,10702,97,9000,4,1,1,1,1,1900112,1000000
2024KL0009007,1,449.67,30,2,6,1,13,66826,501,8000,1,1,1,1,1,1900108,1000000
2024KL0009008,1,449.67,13,1,4,1,4,5774,52,0,0,6,1,5,1,1900104,1000000
2024KL0009009,1,449.67,74,2,1,1,11,15207,138,0,0,6,2,1,1,1900114,1000000
2024KL0009010,1,449.67,16,2,3,1,14,13804,125,0,0,6,1,5,1,1900103,1000000
2024KL0009011,1,449.67,22,1,1,1,17,57043,501,6000,1,1,1,5,1,1900100,1000000
2024KL0009012,1,449.67,19,2,1,1,14,12730,115,4000,1,1,1,1,2,1900100,1000000
2024KL0009013,1,449.67,78,1,9,1,9,3133,28,0,0,6,1,3,1,1900101,1000000
2024KL0009014,1,449.67,23,2,4,1,19,251415,501,1000,1,5,1,5,1,1900103,1000000
2024KL0009015,1,449.67,53,1,1,1,8,6551,59,6000,6,5,1,3,1,1900112,1000000
2024KL0009016,1,449.67,1,2,1,1,7,5649,51,0,0,6,1,5,1,1900100,1000000
2024KL0009017,1,449.67,11,2,5,1,2,2521,22,0,0,6,1,5,2,1900100,1000000
2024KL0009018,1,449.67,8,1,1,1,3,1960,17,0,0,6,1,5,1,1900106,1000000
2024KL0009019,1,449.67,8,2,1,1,1,2846,25,0,0,6,1,5,1,1900107,1000000
2024KL0009020,1,449.67,42,2,6,1,7,11830,107,9000,6,1,1,3,1,1900105,1000000
2024KL0009021,1,449.67,33,2,1,1,13,39901,362,2000,3,1,1,1,1,1900104,1000000
2024KL0009022,1,449.67,43,2,1,1,15,17277,157,4000,1,1,1,1,1,1900100,1000000
2024KL0009023,1,449.67,35,1,4,1,18,52564,477,6000,3,1,1,1,1,1900112,1000000
2024KL0009024,1,449.67,11,2,2,1,1,1397,12,0,0,6,1,5,1,1900100,1000000
2024KL0009025,1,449.67,1,1,2,1,4,4375,39,0,0,6,1,5,1,1900104,1000000
2024KL0009026,1,449.67,26,1,3,1,13,19349,175,3000,2,1,1,1,1,1900101,1000000
2024KL0009027,1,449.67,5,2,2,1,1,11161,101,0,0,6,1,5,1,1900104,1000000
2024KL0009028,1,449.67,56,1,1,1,9,25497,231,7000,1,1,1,1,1,1900108,1000000
2024KL0009029,1,449.67,15,2,2,1,14,4319,39,0,0,6,1,5,1,1900103,1000000
2024KL0009030,1,449.67,59,1,1,1,19,167133,501,4000,1,4,1,1,1,1900108,1000000
2024KL0009031,1,449.67,66,1,5,1,10,47088,428,8000,1,1,1,5,1,1900102,1000000
2024KL0009032,1,449.67,16,2,2,1,11,26043,236,0,0,6,1,5,1,1900108,1000000
2024KL0009033,1,449.67,84,1,1,1,6,11907,108,0,0,6,1,5,1,1900114,1000000
2024KL0009034,1,449.67,55,2,1,1,9,11457,104,7000,4,2,1,3,1,1900105,1000000
2024KL0009035,1,449.67,47,2,4,1,11,49200,447,3000,1,1,1,1,1,1900111,1000000
2024KL0009036,1,449.67,31,1,1,1,18,62548,501,4000,3,1,1,5,1,1900108,1000000
2024KL0009037,1,449.67,16,2,1,1,12,10448,94,0,0,6,1,5,1,1900109,1000000
2024KL0009038,1,449.67,29,1,6,1,6,3565,32,7000,1,1,1,1,1,1900107,1000000
2024KL0009039,1,449.67,48,1,1,1,11,21549,195,6000,1,1,1,2,1,1900111,1000000
2024KL0009040,1,449.67,44,2,2,1,14,24831,225,8000,1,3,2,1,1,1900109,1000000
2024KL0009041,1,449.67,33,1,1,1,7,11202,101,5000,4,1,1,5,1,1900101,1000000
2024KL0009042,1,449.67,54,1,6,1,10,7291,66,5000,6,1,1,1,1,1900114,1000000
2024KL0009043,1,449.67,28,2,2,1,12,18443,167,9800,1,1,1,1,1,1900111,1000000
2024KL0009044,1,449.67,21,2,6,1,18,14222,129,1000,1,1,1,5,1,1900106,1000000
2024KL0009045,1,449.67,47,1,1,1,8,13646,124,8000,3,5,1,1,1,1900108,1000000
2024KL0009046,1,449.67,32,1,1,1,9,57339,501,9000,3,1,1,1,1,1900106,1000000
2024KL0009047,1,449.67,61,2,1,1,5,10107,91,8000,3,1,1,1,1,1900113,1000000
2024KL0009048,1,449.67,32,2,4,1,16,99054,501,5000,6,1,1,5,1,1900102,1000000
2024KL0009049,1,449.67,59,1,5,1,11,30235,274,7000,3,2,2,1,1,1900111,1000000
2024KL0009050,1,449.67,10,2,1,1,2,3275,29,0,0,6,1,5,1,1900106,1000000
2024KL0009051,1,449.67,73,1,2,1,5,10884,98,0,0,6,1,1,1,1900101,1000000
2024KL0009052,1,449.67,39,1,4,1,9,13816,125,5000,6,1,1,1,1,1900103,1000000
2024KL0009053,1,449.67,3,1,4,1,8,4317,39,0,0,6,5,5,1,1900108,1000000
2024KL0009054,1,449.67,43,2,2,1,14,35895,326,7000,1,1,1,1,1,1900112,1000000
2024KL0009055,1,449.67,95,2,1,1,7,9345,84,0,0,6,1,1,1,1900106,1000000
2024KL0009056,1,449.67,10,2,1,1,4,3876,35,0,0,6,1,5,1,1900112,1000000
2024KL0009057,1,449.67,98,2,1,1,9,11082,100,0,0,6,1,1,1,1900104,1000000
2024KL0009058,1,449.67,36,1,7,1,6,2717,24,9920,1,1,1,1,1,1900100,1000000
2024KL0009059,1,449.67,71,1,1,1,5,4579,41,0,0,6,1,1,1,1900108,1000000
2024KL0009060,1,449.67,25,1,3,1,12,30282,275,3000,2,1,1,1,1,1900114,1000000
2024KL0009061,1,449.67,14,1,4,1,1,13766,125,0,0,6,1,5,1,1900105,1000000
2024KL0009062,1,449.67,0,2,3,1,9,14937,135,0,0,6,1,5,1,1900106,1000000
2024KL0009063,1,449.67,6,1,4,1,3,1247,11,0,0,6,1,5,1,1900103,1000000
2024KL0009064,1,449.67,12,2,2,1,4,6299,57,0,0,6,1,5,1,1900100,1000000
2024KL0009065,1,449.67,5,2,3,1,8,1752,15,0,0,6,1,5,1,1900100,1000000
2024KL0009066,1,449.67,44,1,4,1,10,33180,301,5000,1,1,1,1,1,1900113,1000000
2024KL0009067,1,449.67,1,2,2,1,5,2873,26,0,0,6,1,5,1,1900110,1000000
2024KL0009068,1,449.67,43,1,1,1,8,17213,156,5000,1,1,1,1,1,1900106,1000000
2024KL0009069,1,449.67,12,2,3,1,5,2636,23,0,0,6,1,5,1,1900106,1000000
2024KL0009070,1,449.67,43,2,1,1,20,56020,501,2000,1,1,1,1,1,1900114,1000000
2024KL0009071,1,449.67,17,2,2,1,13,4980,45,0,0,6,1,5,1,1900103,1000000
2024KL0009072,1,449.67,38,1,1,1,8,7967,72,9920,6,1,1,1,1,1900103,1000000
2024KL0009073,1,449.67,59,1,1,1,5,23924,217,9000,4,2,1,3,1,1900100,1000000
2024KL0009074,1,449.67,41,2,1,1,11,23887,217,3000,1,1,1,1,1,1900113,1000000
2024KL0009075,1,449.67,24,1,1,1,18,33864,307,4000,1,1,1,5,1,1900105,1000000
2024KL0009076,1,449.67,44,1,5,1,9,39792,361,8000,1,1,1,3,1,1900100,1000000
2024KL0009077,1,449.67,9,2,1,1,3,1052,9,0,0,6,1,5,1,1900104,1000000
2024KL0009078,1,449.67,56,2,3,1,11,22496,204,6000,6,1,1,1,1,1900100,1000000
2024KL0009079,1,449.67,24,1,1,1,11,13812,125,7000,1,2,1,5,1,1900106,1000000
2024KL0009080,1,449.67,0,2,3,1,3,3394,30,0,0,6,1,5,1,1900111,1000000
2024KL0009081,1,449.67,16,1,1,1,16,60128,501,0,0,6,1,5,1,1900107,1000000
2024KL0009082,1,449.67,19,2,2,1,17,26789,243,2000,2,3,1,1,1,1900100,1000000
2024KL0009083,1,449.67,42,1,7,1,11,25977,236,6000,1,1,1,1,1,1900113,1000000
2024KL0009084,1,449.67,3,2,2,1,6,4289,38,0,0,6,1,5,1,1900100,1000000
2024KL0009085,1,449.67,58,1,1,1,5,4519,41,6000,3,1,1,2,1,1900101,1000000
2024KL0009086,1,449.67,21,1,3,1,10,16595,150,9800,1,1,1,1,1,1900106,1000000
2024KL0009087,1,449.67,35,2,3,1,14,17039,154,1000,1,2,1,3,1,1900105,1000000
2024KL0009088,1,449.67,31,1,2,1,7,42060,382,7000,1,1,1,1,1,1900110,1000000
2024KL0009089,1,449.67,6,1,2,1,5,2085,18,0,0,6,1,5,1,1900101,1000000
2024KL0009090,1,449.67,59,1,1,1,10,23830,216,6000,4,1,1,5,1,1900106,1000000
2024KL0009091,1,449.67,59,2,2,1,8,12577,114,6000,1,5,1,1,1,1900107,1000000
2024KL0009092,1,449.67,30,1,1,1,12,30682,278,9000,1,1,1,1,1,1900103,1000000
2024KL0009093,1,449.67,20,2,3,1,19,46181,419,2000,1,1,2,5,1,1900103,1000000
2024KL0009094,1,449.67,43,2,8,1,10,95274,501,9000,6,1,1,1,1,1900109,1000000
2024KL0009095,1,449.67,33,2,3,1,7,20700,188,7000,4,1,1,5,1,1900108,1000000
2024KL0009096,1,449.67,92,2,4,1,7,2965,26,0,0,6,1,1,1,1900109,1000000
2024KL0009097,1,449.67,63,1,3,1,9,66632,501,6000,3,1,1,1,1,1900105,1000000
2024KL0009098,1,449.67,49,1,4,1,9,24547,223,4000,3,1,5,2,1,1900103,1000000
2024KL0009099,1,449.67,17,1,2,1,13,19799,179,0,0,6,1,5,1,1900111,1000000
2024KL0009100,1,449.67,42,2,1,1,7,4469,40,9000,1,1,1,1,2,1900110,1000000
2024KL0009101,1,449.67,41,1,3,1,5,7172,65,7000,6,1,1,1,1,1900105,1000000
2024KL0009102,1,449.67,7,2,1,1,6,18027,163,0,0,6,1,5,1,1900111,1000000
2024KL0009103,1,449.67,20,2,1,1,14,16658,151,2000,3,2,1,1,1,1900104,1000000
2024KL0009104,1,449.67,1,2,7,1,2,1625,14,0,0,6,1,5,1,1900110,1000000
2024KL0009105,1,449.67,16,2,1,1,14,8059,73,0,0,6,1,5,1,1900100,1000000
2024KL0009106,1,449.67,36,1,1,1,6,33344,303,8000,3,1,1,1,1,1900105,1000000
2024KL0009107,1,449.67,27,2,1,1,15,42174,383,6000,4,1,1,1,1,1900103,1000000
2024KL0009108,1,449.67,20,2,1,1,13,14547,132,7000,1,1,1,5,1,1900102,1000000
2024KL0009109,1,449.67,28,1,1,1,5,12058,109,7000,4,1,1,5,1,1900105,1000000
2024KL0009110,1,449.67,3,1,2,1,2,1646,14,0,0,6,1,5,1,1900110,1000000
2024KL0009111,1,449.67,30,1,1,1,7,17260,156,9920,6,1,1,1,1,1900103,1000000
2024KL0009112,1,449.67,40,1,2,1,10,34508,313,5000,3,4,1,1,1,1900114,1000000
2024KL0009113,1,449.67,17,2,2,1,18,41243,374,0,0,6,5,5,1,1900114,1000000
2024KL0009114,1,449.67,13,1,1,1,7,1435,13,0,0,6,1,5,1,1900111,1000000
2024KL0009115,1,449.67,34,1,7,1,13,23771,216,7000,1,1,1,1,1,1900100,1000000
2024KL0009116,1,449.67,32,1,1,1,10,44724,406,6000,1,1,1,1,1,1900108,1000000
2024KL0009117,1,449.67,8,1,1,1,5,9591,87,0,0,6,1,5,1,1900104,1000000
2024KL0009118,1,449.67,29,2,1,1,12,11968,108,2000,2,1,1,1,1,1900105,1000000
2024KL0009119,1,449.67,35,1,1,1,17,52828,480,1000,1,4,1,1,1,1900110,1000000
2024KL0009120,1,449.67,34,2,1,1,7,12958,117,9000,1,1,1,1,1,1900112,1000000
2024KL0009121,1,449.67,21,1,2,1,10,2229,20,9000,3,1,1,1,1,1900111,1000000
2024KL0009122,1,449.67,20,2,4,1,17,17030,154,6000,3,1,1,5,1,1900104,1000000
2024KL0009123,1,449.67,56,1,2,1,10,17590,159,3000,1,1,1,5,1,1900106,1000000
2024KL0009124,1,449.67,35,2,1,1,11,37188,338,5000,3,1,1,1,1,1900108,1000000
2024KL0009125,1,449.67,57,1,4,1,7,6992,63,6000,4,1,5,2,1,1900109,1000000
2024KL0009126,1,449.67,25,2,2,1,9,13804,125,5000,3,1,1,1,1,1900108,1000000
2024KL0009127,1,449.67,14,1,2,1,6,4822,43,0,0,6,1,5,1,1900101,1000000
2024KL0009128,1,449.67,31,1,1,1,12,48254,438,7000,3,1,1,1,1,1900112,1000000
2024KL0009129,1,449.67,26,1,2,1,7,2266,20,8000,6,2,1,1,1,1900103,1000000
2024KL0009130,1,449.67,9,1,1,1,4,4645,42,0,0,6,1,5,1,1900108,1000000
2024KL0009131,1,449.67,46,1,4,1,10,63991,501,5000,6,1,1,5,1,1900103,1000000
2024KL0009132,1,449.67,57,1,4,1,12,35132,319,1000,1,1,1,1,1,1900100,1000000
2024KL0009133,1,449.67,57,2,2,1,8,2546,23,7000,1,1,1,1,1,1900104,1000000
2024KL0009134,1,449.67,49,2,6,1,15,37737,343,5000,4,5,1,2,1,1900101,1000000
2024KL0009135,1,449.67,30,2,2,1,8,30717,279,9920,1,2,1,5,1,1900104,1000000
2024KL0009136,1,449.67,25,1,1,1,9,15137,137,4000,1,2,1,1,1,1900110,1000000
2024KL0009137,1,449.67,40,1,1,1,8,42441,385,6000,4,1,1,1,1,1900105,1000000
2024KL0009138,1,449.67,36,1,1,1,8,2136,19,9920,1,1,1,1,1,1900103,1000000
2024KL0009139,1,449.67,28,1,1,1,12,13129,119,5000,1,1,1,1,1,1900104,1000000
2024KL0009140,1,449.67,36,1,1,1,13,18746,170,6000,3,3,1,1,1,1900107,1000000
2024KL0009141,1,449.67,32,2,2,1,7,18534,168,5000,4,1,1,5,1,1900112,1000000
2024KL0009142,1,449.67,26,1,5,1,10,12784,116,8000,3,2,1,1,1,1900101,1000000
2024KL0009143,1,449.67,92,2,4,1,7,26946,244,0,0,6,1,3,1,1900114,1000000
2024KL0009144,1,449.67,17,1,2,1,11,2254,20,0,0,6,1,5,2,1900102,1000000
2024KL0009145,1,449.67,61,1,1,1,5,4308,39,9920,3,2,1,1,1,1900112,1000000
2024KL0009146,1,449.67,23,2,1,1,19,105345,501,1000,1,1,1,1,1,1900103,1000000
2024KL0009147,1,449.67,7,2,1,1,2,7149,64,0,0,6,1,5,1,1900102,1000000
2024KL0009148,1,449.67,14,1,1,1,3,1848,16,0,0,6,1,5,1,1900108,1000000
2024KL0009149,1,449.67,47,1,9,1,13,10422,94,3000,1,1,1,1,1,1900114,1000000
2024KL0009150,1,449.67,5,2,1,1,1,2176,19,0,0,6,1,5,1,1900105,1000000
2024KL0009151,1,449.67,89,1,1,1,8,11580,105,0,0,6,1,2,1,1900104,1000000
2024KL0009152,1,449.67,49,1,2,1,11,17283,157,8000,4,1,1,1,1,1900100,1000000
2024KL0009153,1,449.67,13,2,1,1,2,2992,27,0,0,6,1,5,1,1900107,1000000
2024KL0009154,1,449.67,16,1,1,1,12,9287,84,0,0,6,1,5,1,1900106,1000000
2024KL0009155,1,449.67,41,1,1,1,17,36954,335,4000,1,1,1,1,1,1900101,1000000
2024KL0009156,1,449.67,41,2,1,1,11,76928,501,6000,1,1,1,1,1,1900112,1000000
2024KL0009157,1,449.67,43,2,3,1,9,31742,288,1000,3,1,1,1,1,1900113,1000000
2024KL0009158,1,449.67,29,1,1,1,9,65954,501,7000,1,1,1,1,1,1900100,1000000
2024KL0009159,1,449.67,56,2,3,1,7,32995,299,9800,1,3,1,3,1,1900114,1000000
2024KL0009160,1,449.67,19,1,1,1,17,34423,312,6000,1,5,1,5,2,1900109,1000000
2024KL0009161,1,449.67,31,2,4,1,13,100058,501,9000,4,1,1,1,2,1900108,1000000
2024KL0009162,1,449.67,67,1,2,1,6,10214,92,9920,6,1,1,5,1,1900109,1000000
2024KL0009163,1,449.67,52,1,6,1,10,15635,142,6000,4,1,1,1,2,1900108,1000000
2024KL0009164,1,449.67,20,1,2,1,15,18895,171,4000,1,1,1,5,1,1900100,1000000
2024KL0009165,1,449.67,50,2,6,1,18,42645,387,3000,3,4,1,1,1,1900112,1000000
2024KL0009166,1,449.67,2,1,6,1,5,2713,24,0,0,6,1,5,1,1900113,1000000
2024KL0009167,1,449.67,9,2,1,1,9,12552,114,0,0,6,1,5,1,1900102,1000000
2024KL0009168,1,449.67,40,2,2,1,7,13729,124,8000,4,1,1,1,2,1900113,1000000
2024KL0009169,1,449.67,37,2,2,1,17,86649,501,6000,6,2,1,1,1,1900108,1000000
2024KL0009170,1,449.67,0,1,1,1,6,378,3,0,0,6,1,5,1,1900101,1000000
2024KL0009171,1,449.67,14,1,6,1,6,679,6,0,0,6,1,5,1,1900108,1000000
2024KL0009172,1,449.67,3,2,1,1,3,7054,64,0,0,6,1,5,1,1900102,1000000
2024KL0009173,1,449.67,41,1,4,1,10,18015,163,6000,4,1,1,1,1,1900104,1000000
2024KL0009174,1,449.67,23,1,4,1,15,32027,291,4000,1,1,5,5,1,1900106,1000000
2024KL0009175,1,449.67,100,1,3,1,6,2872,26,0,0,6,1,1,1,1900109,1000000
2024KL0009176,1,449.67,57,2,3,1,5,9874,89,9920,1,3,1,1,1,1900108,1000000
2024KL0009177,1,449.67,57,2,9,1,9,38427,349,8000,3,5,1,1,1,1900103,1000000
2024KL0009178,1,449.67,6,2,6,1,3,3944,35,0,0,6,1,5,1,1900102,1000000
2024KL0009179,1,449.67,0,1,5,1,4,5987,54,0,0,6,1,5,1,1900110,1000000
2024KL0009180,1,449.67,9,1,6,1,8,13518,122,0,0,6,1,5,1,1900110,1000000
2024KL0009181,1,449.67,16,1,2,1,18,42026,382,0,0,6,1,5,1,1900114,1000000
2024KL0009182,1,449.67,1,1,5,1,4,6368,57,0,0,6,1,5,1,1900104,1000000
2024KL0009183,1,449.67,49,1,3,1,7,37231,338,9000,1,2,1,1,1,1900104,1000000
2024KL0009184,1,449.67,5,1,1,1,8,2168,19,0,0,6,1,5,1,1900113,1000000
2024KL0009185,1,449.67,87,1,7,1,9,21078,191,0,0,6,1,2,1,1900103,1000000
2024KL0009186,1,449.67,8,2,1,1,5,6990,63,0,0,6,1,5,1,1900108,1000000
2024KL0009187,1,449.67,24,2,1,1,14,8953,81,7000,4,1,1,5,1,1900111,1000000
2024KL0009188,1,449.67,46,2,1,1,10,90506,501,6000,1,1,1,5,1,1900104,1000000
2024KL0009189,1,449.67,17,2,2,1,20,71957,501,0,0,6,1,5,1,1900105,1000000
2024KL0009190,1,449.67,1,1,2,1,4,6941,63,0,0,6,1,5,1,1900104,1000000
2024KL0009191,1,449.67,7,2,3,1,9,2780,25,0,0,6,1,5,1,1900101,1000000
2024KL0009192,1,449.67,40,1,1,1,8,10686,97,6000,1,1,1,1,1,1900112,1000000
2024KL0009193,1,449.67,4,1,2,1,1,12365,112,0,0,6,1,5,1,1900101,1000000
2024KL0009194,1,449.67,2,2,4,1,4,26464,240,0,0,6,1,5,2,1900109,1000000
2024KL0009195,1,449.67,79,1,1,1,7,1267,11,0,0,6,1,1,1,1900100,1000000
2024KL0009196,1,449.67,34,1,4,1,18,108731,501,1000,1,1,1,1,1,1900107,1000000
2024KL0009197,1,449.67,15,1,2,1,18,35383,321,0,0,6,1,5,1,1900109,1000000
2024KL0009198,1,449.67,16,1,2,1,18,37380,339,0,0,6,1,5,1,1900102,1000000
2024KL0009199,1,449.67,75,2,1,1,9,17253,156,0,0,6,1,1,1,1900109,1000000
2024KL0009200,1,449.67,29,1,1,1,12,16324,148,1000,1,4,1,1,1,1900113,1000000
2024KL0009201,1,449.67,13,1,2,1,1,1480,13,0,0,6,1,5,1,1900107,1000000
2024KL0009202,1,449.67,48,1,5,1,7,35299,320,6000,1,1,1,1,1,1900108,1000000
2024KL0009203,1,449.67,35,1,4,1,16,39598,359,1000,1,1,1,1,1,1900112,1000000
2024KL0009204,1,449.67,48,2,1,1,11,43248,393,5000,3,1,1,1,1,1900109,1000000
2024KL0009205,1,449.67,40,1,2,1,12,14406,130,6000,1,1,1,1,1,1900112,1000000
2024KL0009206,1,449.67,17,1,1,1,11,9709,88,0,0,6,1,5,1,1900111,1000000
2024KL0009207,1,449.67,37,2,6,1,12,32078,291,8000,1,3,1,1,1,1900104,1000000
2024KL0009208,1,449.67,39,2,1,1,14,78706,501,7000,3,1,1,1,1,1900104,1000000
2024KL0009209,1,449.67,48,1,2,1,16,162523,501,6000,4,1,1,1,1,1900110,1000000
2024KL0009210,1,449.67,12,2,9,1,2,4115,37,0,0,6,1,5,1,1900106,1000000
2024KL0009211,1,449.67,41,1,1,1,13,20380,185,7000,1,2,1,5,1,1900112,1000000
2024KL0009212,1,449.67,36,2,1,1,16,58420,501,5000,4,1,1,1,1,1900104,1000000
2024KL0009213,1,449.67,62,1,2,1,8,4699,42,7000,3,1,1,5,1,1900107,1000000
2024KL0009214,1,449.67,26,1,1,1,5,47847,434,9920,3,1,1,1,1,1900106,1000000
2024KL0009215,1,449.67,30,1,4,1,7,30920,281,9800,6,1,1,5,1,1900111,1000000
2024KL0009216,1,449.67,33,1,2,1,16,124564,501,3000,1,5,1,5,1,1900100,1000000
2024KL0009217,1,449.67,5,1,2,1,5,1444,13,0,0,6,1,5,1,1900103,1000000
2024KL0009218,1,449.67,8,2,2,1,7,4985,45,0,0,6,1,5,1,1900110,1000000
2024KL0009219,1,449.67,14,1,1,1,8,4300,39,0,0,6,2,5,1,1900113,1000000
2024KL0009220,1,449.67,56,1,1,1,14,22919,208,1000,1,1,1,1,1,1900102,1000000
2024KL0009221,1,449.67,33,2,1,1,5,12014,109,7000,1,1,1,5,1,1900108,1000000
2024KL0009222,1,449.67,41,2,2,1,11,13452,122,6000,6,1,1,5,1,1900111,1000000
2024KL0009223,1,449.67,60,2,2,1,5,33555,305,7000,3,1,1,2,1,1900108,1000000
2024KL0009224,1,449.67,58,2,2,1,11,3669,33,9000,3,2,1,1,1,1900110,1000000
2024KL0009225,1,449.67,50,2,2,1,5,29615,269,5000,1,1,1,1,1,1900113,1000000
2024KL0009226,1,449.67,52,1,1,1,5,10076,91,9800,1,2,1,1,1,1900108,1000000
2024KL0009227,1,449.67,12,1,2,1,5,9481,86,0,0,6,1,5,1,1900114,1000000
2024KL0009228,1,449.67,1,2,1,1,2,1368,12,0,0,6,1,5,1,1900109,1000000
2024KL0009229,1,449.67,1,1,4,1,1,1504,13,0,0,6,1,5,1,1900107,1000000
2024KL0009230,1,449.67,4,1,3,1,4,1972,17,0,0,6,1,5,1,1900113,1000000
2024KL0009231,1,449.67,48,2,3,1,13,72700,501,9800,3,1,1,1,1,1900112,1000000
2024KL0009232,1,449.67,21,1,2,1,15,37027,336,1000,3,1,1,5,1,1900102,1000000
2024KL0009233,1,449.67,15,1,3,1,14,4903,44,0,0,6,1,5,1,1900108,1000000
2024KL0009234,1,449.67,58,2,1,1,9,48221,438,6000,3,5,1,1,1,1900114,1000000
2024KL0009235,1,449.67,33,2,1,1,9,36627,332,7000,1,1,1,1,1,1900106,1000000
2024KL0009236,1,449.67,52,2,6,1,7,13491,122,9920,1,1,1,1,1,1900108,1000000
2024KL0009237,1,449.67,34,1,1,1,9,25944,235,5000,1,1,1,5,1,1900105,1000000
2024KL0009238,1,449.67,19,1,1,1,14,10229,92,5000,1,1,1,1,1,1900112,1000000
2024KL0009239,1,449.67,22,2,1,1,16,56991,501,5000,4,1,1,5,1,1900105,1000000
2024KL0009240,1,449.67,31,1,1,1,9,26476,240,6000,6,1,1,1,1,1900105,1000000
2024KL0009241,1,449.67,51,1,1,1,8,5307,48,5000,6,1,1,1,1,1900102,1000000
2024KL0009242,1,449.67,1,1,1,1,6,3026,27,0,0,6,1,5,1,1900113,1000000
2024KL0009243,1,449.67,50,1,3,1,7,11941,108,9000,3,1,1,1,1,1900103,1000000
2024KL0009244,1,449.67,34,2,2,1,13,37463,340,4000,2,1,1,1,1,1900109,1000000
2024KL0009245,1,449.67,40,2,5,1,11,3846,34,3000,1,1,1,3,1,1900104,1000000
2024KL0009246,1,449.67,5,1,1,1,6,1680,15,0,0,6,1,5,1,1900108,1000000
2024KL0009247,1,449.67,42,1,1,1,15,100590,501,1000,1,5,1,1,1,1900111,1000000
2024KL0009248,1,449.67,2,1,2,1,6,2231,20,0,0,6,1,5,1,1900109,1000000
2024KL0009249,1,449.67,32,1,4,1,10,16982,154,9800,3,1,1,1,1,1900102,1000000
2024KL0009250,1,449.67,42,1,3,1,15,41770,379,6000,1,1,1,1,1,1900114,1000000
2024KL0009251,1,449.67,36,1,1,1,12,50148,455,8000,1,1,1,1,1,1900109,1000000
2024KL0009252,1,449.67,15,1,1,1,14,7812,71,0,0,6,1,5,1,1900102,1000000
2024KL0009253,1,449.67,11,2,4,1,5,9362,85,0,0,6,1,5,2,1900113,1000000
2024KL0009254,1,449.67,40,2,2,1,12,49545,450,5000,1,1,1,1,1,1900112,1000000
2024KL0009255,1,449.67,21,1,6,1,14,10423,94,5000,3,5,1,5,1,1900102,1000000
2024KL0009256,1,449.67,6,1,5,1,1,17374,157,0,0,6,1,5,1,1900106,1000000
2024KL0009257,1,449.67,10,1,2,1,1,3030,27,0,0,6,1,5,1,1900110,1000000
2024KL0009258,1,449.67,82,2,1,1,8,17406,158,0,0,6,1,5,1,1900111,1000000
2024KL0009259,1,449.67,13,1,1,1,4,315,2,0,0,6,1,5,1,1900103,1000000
2024KL0009260,1,449.67,13,2,4,1,9,14695,133,0,0,6,1,5,1,1900102,1000000
2024KL0009261,1,449.67,24,1,3,1,13,77695,501,6000,1,1,1,5,2,1900113,1000000
2024KL0009262,1,449.67,1,1,1,1,5,4866,44,0,0,6,1,5,1,1900108,1000000
2024KL0009263,1,449.67,6,1,1,1,9,4393,39,0,0,6,1,5,1,1900108,1000000
2024KL0009264,1,449.67,47,2,1,1,6,13239,120,9800,1,1,1,1,1,1900113,1000000
2024KL0009265,1,449.67,27,1,1,1,5,5323,48,9000,4,1,1,5,1,1900101,1000000
2024KL0009266,1,449.67,37,2,3,1,12,18978,172,6000,3,1,1,1,1,1900106,1000000
2024KL0009267,1,449.67,11,1,2,1,3,2118,19,0,0,6,1,5,1,1900100,1000000
2024KL0009268,1,449.67,60,1,1,1,6,6856,62,7000,3,1,1,2,1,1900108,1000000
2024KL0009269,1,449.67,28,2,1,1,17,183018,501,4000,1,1,1,1,1,1900105,1000000
2024KL0009270,1,449.67,4,2,2,1,5,2263,20,0,0,6,1,5,1,1900100,1000000
2024KL0009271,1,449.67,39,1,1,1,16,31319,284,5000,1,1,1,1,1,1900101,1000000
2024KL0009272,1,449.67,33,1,1,1,14,57261,501,9000,3,2,1,1,1,1900102,1000000
2024KL0009273,1,449.67,53,1,2,1,12,58436,501,7000,1,1,1,5,1,1900108,1000000
2024KL0009274,1,449.67,4,1,2,1,4,9592,87,0,0,6,1,5,1,1900107,1000000
2024KL0009275,1,449.67,33,2,1,1,15,119929,501,5000,1,1,1,1,1,1900100,1000000
2024KL0009276,1,449.67,24,1,1,1,16,17149,155,5000,1,1,1,5,1,1900106,1000000
2024KL0009277,1,449.67,44,1,1,1,7,9559,86,8000,1,1,1,1,1,1900101,1000000
2024KL0009278,1,449.67,11,1,8,1,4,9974,90,0,0,6,1,5,1,1900102,1000000
2024KL0009279,1,449.67,14,2,3,1,1,6496,59,0,0,6,1,5,1,1900108,1000000
2024KL0009280,1,449.67,36,1,9,1,6,2999,27,7000,3,1,1,5,1,1900113,1000000
2024KL0009281,1,449.67,6,1,2,1,1,3394,30,0,0,6,1,5,1,1900101,1000000
2024KL0009282,1,449.67,38,2,2,1,8,3504,31,9800,3,1,1,1,1,1900112,1000000
2024KL0009283,1,449.67,30,2,6,1,16,64933,501,6000,6,5,1,5,1,1900109,1000000
2024KL0009284,1,449.67,3,1,2,1,4,2074,18,0,0,6,1,5,1,1900103,1000000
2024KL0009285,1,449.67,35,2,1,1,15,112089,501,4000,2,1,1,1,1,1900114,1000000
2024KL0009286,1,449.67,26,2,3,1,15,20968,190,4000,2,1,1,1,1,1900113,1000000
2024KL0009287,1,449.67,62,1,7,1,11,36142,328,9800,1,1,1,1,1,1900104,1000000
2024KL0009288,1,449.67,53,1,1,1,10,38265,347,6000,3,1,1,1,1,1900110,1000000
2024KL0009289,1,449.67,15,1,1,1,18,58301,501,0,0,6,1,5,1,1900108,1000000
2024KL0009290,1,449.67,81,2,1,1,9,38310,348,0,0,6,1,1,1,1900107,1000000
2024KL0009291,1,449.67,30,2,3,1,9,27371,248,6000,1,1,1,1,1,1900105,1000000
2024KL0009292,1,449.67,20,2,2,1,15,17076,155,1000,2,1,1,1,1,1900114,1000000
2024KL0009293,1,449.67,91,2,1,1,12,41720,379,0,0,6,1,2,1,1900113,1000000
2024KL0009294,1,449.67,10,1,8,1,1,2523,22,0,0,6,1,5,1,1900113,1000000
2024KL0009295,1,449.67,7,1,1,1,4,1925,17,0,0,6,1,5,1,1900106,1000000
2024KL0009296,1,449.67,13,2,4,1,4,2887,26,0,0,6,1,5,1,1900103,1000000
2024KL0009297,1,449.67,66,1,1,1,11,66781,501,7000,4,5,1,1,1,1900111,1000000
2024KL0009298,1,449.67,21,1,1,1,16,40987,372,5000,3,1,1,5,1,1900107,1000000
2024KL0009299,1,449.67,39,2,6,1,11,31896,289,3000,1,2,1,2,1,1900101,1000000
2024KL0009300,1,449.67,57,2,4,1,5,5619,51,9800,1,1,1,1,1,1900110,1000000
2024KL0009301,1,449.67,58,2,5,1,12,20014,181,7000,1,1,2,2,2,1900108,1000000
2024KL0009302,1,449.67,29,1,2,1,8,14493,131,6000,4,5,1,1,1,1900112,1000000
2024KL0009303,1,449.67,18,2,5,1,11,5302,48,9000,1,1,1,5,1,1900107,1000000
2024KL0009304,1,449.67,65,2,2,1,5,2856,25,6000,4,1,1,1,1,1900104,1000000
2024KL0009305,1,449.67,19,2,1,1,13,4271,38,6000,6,1,1,5,1,1900110,1000000
2024KL0009306,1,449.67,39,1,1,1,8,7735,70,8000,1,1,1,1,1,1900106,1000000
2024KL0009307,1,449.67,22,1,6,1,13,10914,99,1000,3,1,1,5,1,1900112,1000000
2024KL0009308,1,449.67,54,1,1,1,11,78280,501,7000,1,1,1,2,1,1900108,1000000
2024KL0009309,1,449.67,54,1,4,1,9,43401,394,6000,1,1,1,1,1,1900102,1000000
2024KL0009310,1,449.67,5,2,2,1,5,3958,35,0,0,6,1,5,1,1900104,1000000
2024KL0009311,1,449.67,17,1,1,1,16,28668,260,0,0,6,1,5,1,1900110,1000000
2024KL0009312,1,449.67,33,1,3,1,15,102584,501,6000,1,1,1,1,1,1900107,1000000
2024KL0009313,1,449.67,43,2,1,1,8,9041,82,5000,1,1,1,1,1,1900107,1000000
2024KL0009314,1,449.67,26,1,1,1,9,23986,218,6000,6,1,1,1,1,1900107,1000000
2024KL0009315,1,449.67,35,1,6,1,13,31310,284,6000,3,1,1,1,1,1900106,1000000
2024KL0009316,1,449.67,56,1,9,1,11,46153,419,4000,1,2,1,1,1,1900107,1000000
2024KL0009317,1,449.67,36,1,1,1,12,31380,285,1000,1,2,1,1,1,1900101,1000000
2024KL0009318,1,449.67,8,1,2,1,6,2975,27,0,0,6,1,5,1,1900105,1000000
2024KL0009319,1,449.67,27,1,1,1,15,44658,405,4000,2,1,1,5,1,1900105,1000000
2024KL0009320,1,449.67,13,1,1,1,5,7486,68,0,0,6,1,5,1,1900111,1000000
2024KL0009321,1,449.67,16,1,7,1,16,53614,487,0,0,6,1,5,1,1900113,1000000
2024KL0009322,1,449.67,4,1,1,1,3,2637,23,0,0,6,1,5,1,1900108,1000000
2024KL0009323,1,449.67,22,2,3,1,14,8243,74,1000,2,1,1,1,1,1900112,1000000
2024KL0009324,1,449.67,4,1,1,1,7,3121,28,0,0,6,1,5,1,1900107,1000000
2024KL0009325,1,449.67,58,2,1,1,12,12366,112,8000,3,1,1,5,1,1900100,1000000
2024KL0009326,1,449.67,34,2,1,1,9,39260,356,6000,3,2,1,1,1,1900105,1000000
2024KL0009327,1,449.67,62,2,1,1,5,3470,31,9000,3,2,1,1,1,1900100,1000000
2024KL0009328,1,449.67,33,2,1,1,10,12461,113,6000,3,1,1,1,1,1900100,1000000
2024KL0009329,1,449.67,53,1,1,1,13,50469,458,7000,4,1,1,1,1,1900100,1000000
2024KL0009330,1,449.67,3,1,2,1,5,1344,12,0,0,6,1,5,1,1900110,1000000
2024KL0009331,1,449.67,48,1,4,1,9,28924,262,6000,4,1,1,1,1,1900114,1000000
2024KL0009332,1,449.67,24,2,3,1,16,47025,427,3000,3,1,1,5,1,1900106,1000000
2024KL0009333,1,449.67,36,2,2,1,9,49012,445,4000,1,3,1,1,1,1900112,1000000
2024KL0009334,1,449.67,37,1,6,1,5,11215,101,9920,6,1,1,1,1,1900104,1000000
2024KL0009335,1,449.67,85,2,4,1,8,3458,31,0,0,6,1,2,1,1900101,1000000
2024KL0009336,1,449.67,23,2,2,1,14,11293,102,4000,3,1,1,5,1,1900114,1000000
2024KL0009337,1,449.67,19,2,1,1,17,26300,239,4000,2,1,1,5,1,1900102,1000000
2024KL0009338,1,449.67,53,1,3,1,11,11020,100,9000,1,1,1,5,1,1900110,1000000
2024KL0009339,1,449.67,15,1,1,1,13,4849,44,0,0,6,1,5,1,1900104,1000000
2024KL0009340,1,449.67,5,1,3,1,6,2996,27,0,0,6,1,5,1,1900105,1000000
2024KL0009341,1,449.67,33,1,2,1,14,34080,309,1000,2,1,1,1,1,1900113,1000000
2024KL0009342,1,449.67,44,2,2,1,11,46194,419,7000,1,1,1,1,1,1900109,1000000
2024KL0009343,1,449.67,26,1,1,1,20,46084,418,3000,1,1,1,1,1,1900109,1000000
2024KL0009344,1,449.67,35,1,1,1,12,24574,223,8000,4,1,1,3,2,1900106,1000000
2024KL0009345,1,449.67,33,1,7,1,10,29129,264,5000,1,1,1,5,1,1900106,1000000
2024KL0009346,1,449.67,33,1,1,1,7,54155,492,7000,1,5,1,1,1,1900113,1000000
2024KL0009347,1,449.67,7,2,1,1,6,2630,23,0,0,6,1,5,1,1900105,1000000
2024KL0009348,1,449.67,79,2,1,1,6,16082,146,0,0,6,1,1,1,1900108,1000000
2024KL0009349,1,449.67,19,1,1,1,16,39726,361,6000,6,1,1,5,1,1900109,1000000
2024KL0009350,1,449.67,54,1,3,1,8,4392,39,9920,4,5,1,1,1,1900103,1000000
2024KL0009351,1,449.67,33,1,2,1,14,106555,501,9800,1,1,1,1,1,1900110,1000000
2024KL0009352,1,449.67,12,1,1,1,8,14479,131,0,0,6,1,5,1,1900104,1000000
2024KL0009353,1,449.67,20,2,5,1,16,16162,146,2000,3,1,1,1,1,1900105,1000000
2024KL0009354,1,449.67,22,2,6,1,18,32571,296,4000,3,1,1,5,1,1900110,1000000
2024KL0009355,1,449.67,79,2,3,1,8,7938,72,0,0,6,2,1,2,1900113,1000000
2024KL0009356,1,449.67,54,2,2,1,17,66752,501,4000,2,1,1,5,1,1900102,1000000
2024KL0009357,1,449.67,42,1,1,1,18,43826,398,6000,6,2,1,5,1,1900112,1000000
2024KL0009358,1,449.67,53,2,3,1,10,7465,67,9000,1,5,1,2,1,1900110,1000000
2024KL0009359,1,449.67,40,2,7,1,12,70797,501,6000,4,1,1,1,1,1900114,1000000
2024KL0009360,1,449.67,34,1,1,1,12,8117,73,7000,1,1,1,1,1,1900103,1000000
2024KL0009361,1,449.67,9,2,3,1,3,2475,22,0,0,6,1,5,1,1900100,1000000
2024KL0009362,1,449.67,1,2,1,1,3,3344,30,0,0,6,1,5,1,1900104,1000000
2024KL0009363,1,449.67,5,1,2,1,3,18089,164,0,0,6,1,5,1,1900109,1000000
2024KL0009364,1,449.67,7,2,3,1,2,8386,76,0,0,6,1,5,1,1900109,1000000
2024KL0009365,1,449.67,61,1,4,1,5,7184,65,9800,6,1,1,3,1,1900112,1000000
2024KL0009366,1,449.67,43,1,4,1,14,20492,186,8000,1,1,1,1,1,1900106,1000000
2024KL0009367,1,449.67,59,2,1,1,11,20569,186,6000,1,1,1,1,1,1900102,1000000
2024KL0009368,1,449.67,6,2,3,1,1,2016,18,0,0,6,1,5,1,1900111,1000000
2024KL0009369,1,449.67,40,2,3,1,11,24634,223,5000,1,1,1,1,1,1900111,1000000
2024KL0009370,1,449.67,53,1,2,1,5,13588,123,5000,1,1,1,3,1,1900107,1000000
2024KL0009371,1,449.67,30,2,1,1,13,23183,210,8000,6,1,1,1,1,1900111,1000000
2024KL0009372,1,449.67,2,2,2,1,4,4483,40,0,0,6,1,5,1,1900100,1000000
2024KL0009373,1,449.67,47,1,3,1,8,2885,26,9800,4,1,1,1,1,1900104,1000000
2024KL0009374,1,449.67,4,2,5,1,3,1760,16,0,0,6,1,5,1,1900110,1000000
2024KL0009375,1,449.67,19,1,1,1,15,26606,241,4000,2,1,1,5,1,1900109,1000000
2024KL0009376,1,449.67,34,1,2,1,15,170110,501,3000,1,1,1,5,1,1900108,1000000
2024KL0009377,1,449.67,62,1,1,1,5,3791,34,9920,1,5,1,1,1,1900104,1000000
2024KL0009378,1,449.67,35,1,4,1,14,55622,501,7000,1,2,2,1,1,1900103,1000000
2024KL0009379,1,449.67,83,1,1,1,8,2096,19,0,0,6,1,1,1,1900111,1000000
2024KL0009380,1,449.67,23,2,6,1,19,195814,501,3000,1,3,1,5,1,1900104,1000000
2024KL0009381,1,449.67,56,1,1,1,6,19465,176,7000,1,1,1,2,1,1900107,1000000
2024KL0009382,1,449.67,1,2,3,1,5,6422,58,0,0,6,1,5,1,1900105,1000000
2024KL0009383,1,449.67,29,2,4,1,12,18187,165,9000,1,4,1,1,1,1900102,1000000
2024KL0009384,1,449.67,7,1,4,1,5,800,7,0,0,6,1,5,1,1900113,1000000
2024KL0009385,1,449.67,17,2,4,1,14,3092,28,0,0,6,1,5,1,1900101,1000000
2024KL0009386,1,449.67,52,1,1,1,15,98487,501,1000,1,1,1,1,1,1900111,1000000
2024KL0009387,1,449.67,43,2,3,1,14,13561,123,5000,1,1,2,2,1,1900104,1000000
2024KL0009388,1,449.67,18,2,1,1,14,14004,127,6000,1,1,1,1,1,1900106,1000000
2024KL0009389,1,449.67,54,1,1,1,7,16643,151,5000,1,1,1,2,1,1900109,1000000
2024KL0009390,1,449.67,77,2,6,1,10,4217,38,0,0,6,1,5,1,1900103,1000000
2024KL0009391,1,449.67,71,1,1,1,8,2870,26,0,0,6,1,2,1,1900105,1000000
2024KL0009392,1,449.67,2,1,3,1,4,2995,27,0,0,6,2,5,1,1900112,1000000
2024KL0009393,1,449.67,49,1,2,1,15,37895,344,4000,1,1,1,1,1,1900110,1000000
2024KL0009394,1,449.67,23,1,4,1,13,24522,222,1000,1,4,1,5,1,1900114,1000000
2024KL0009395,1,449.67,34,2,3,1,14,47626,432,5000,4,1,1,1,1,1900100,1000000
2024KL0009396,1,449.67,18,2,1,1,12,7584,68,7000,1,5,1,5,1,1900103,1000000
2024KL0009397,1,449.67,17,1,1,1,18,13557,123,0,0,6,1,5,1,1900103,1000000
2024KL0009398,1,449.67,48,1,1,1,6,3095,28,5000,1,1,1,5,1,1900109,1000000
2024KL0009399,1,449.67,56,1,7,1,11,12340,112,5000,1,1,1,5,1,1900112,1000000
2024KL0009400,1,449.67,32,2,1,1,20,250869,501,3000,3,1,1,5,1,1900111,1000000
2024KL0009401,1,449.67,19,1,2,1,13,19070,173,3000,2,1,1,5,1,1900112,1000000
2024KL0009402,1,449.67,13,1,1,1,2,2172,19,0,0,6,1,5,1,1900109,1000000
2024KL0009403,1,449.67,33,2,2,1,12,71429,501,3000,1,1,1,1,2,1900105,1000000
2024KL0009404,1,449.67,80,2,4,1,9,8829,80,0,0,6,1,2,1,1900105,1000000
2024KL0009405,1,449.67,12,2,3,1,5,5191,47,0,0,6,1,5,1,1900112,1000000
2024KL0009406,1,449.67,25,1,2,1,13,31153,283,6000,4,3,1,1,2,1900102,1000000
2024KL0009407,1,449.67,59,1,1,1,16,132574,501,5000,1,1,1,1,1,1900104,1000000
2024KL0009408,1,449.67,49,1,3,1,13,9275,84,2000,3,1,1,1,1,1900111,1000000
2024KL0009409,1,449.67,1,1,1,1,7,3563,32,0,0,6,1,5,1,1900102,1000000
2024KL0009410,1,449.67,24,1,2,1,13,12020,109,1000,3,1,1,5,1,1900104,1000000
2024KL0009411,1,449.67,40,2,3,1,5,7088,64,6000,1,1,1,1,1,1900107,1000000
2024KL0009412,1,449.67,59,2,1,1,10,14577,132,7000,1,1,1,1,1,1900100,1000000
2024KL0009413,1,449.67,79,2,1,1,5,16958,154,0,0,6,1,1,1,1900110,1000000
2024KL0009414,1,449.67,8,2,1,1,5,11173,101,0,0,6,1,5,1,1900101,1000000
2024KL0009415,1,449.67,28,1,2,1,7,40517,368,9000,1,5,1,1,1,1900100,1000000
2024KL0009416,1,449.67,49,1,1,1,11,12209,110,8000,3,1,1,1,1,1900101,1000000
2024KL0009417,1,449.67,15,1,1,1,14,2803,25,0,0,6,1,5,1,1900110,1000000
2024KL0009418,1,449.67,31,2,1,1,13,41363,376,5000,1,1,1,1,1,1900104,1000000
2024KL0009419,1,449.67,9,2,1,1,3,1742,15,0,0,6,1,5,1,1900113,1000000
2024KL0009420,1,449.67,40,2,1,1,13,17731,161,3000,2,4,1,1,1,1900104,1000000
2024KL0009421,1,449.67,47,2,1,1,9,6930,63,1000,2,2,1,1,1,1900114,1000000
2024KL0009422,1,449.67,27,1,1,1,13,23116,210,8000,3,1,1,5,1,1900100,1000000
2024KL0009423,1,449.67,48,1,5,1,11,18775,170,5000,3,1,1,1,1,1900103,1000000
2024KL0009424,1,449.67,41,1,7,1,10,8299,75,1000,1,1,1,1,1,1900101,1000000
2024KL0009425,1,449.67,26,2,8,1,16,73304,501,5000,1,1,1,5,1,1900106,1000000
2024KL0009426,1,449.67,31,2,2,1,14,42632,387,5000,4,1,1,1,1,1900111,1000000
2024KL0009427,1,449.67,35,1,1,1,12,13606,123,1000,3,1,1,1,1,1900110,1000000
2024KL0009428,1,449.67,27,1,4,1,11,22942,208,5000,1,1,1,1,1,1900100,1000000
2024KL0009429,1,449.67,39,2,4,1,12,56099,501,7000,3,1,1,1,1,1900107,1000000
2024KL0009430,1,449.67,8,2,3,1,1,3933,35,0,0,6,1,5,1,1900104,1000000
2024KL0009431,1,449.67,60,1,1,1,6,3781,34,5000,1,1,1,1,1,1900100,1000000
2024KL0009432,1,449.67,19,1,1,1,16,17776,161,6000,1,1,1,5,1,1900107,1000000
2024KL0009433,1,449.67,35,2,1,1,13,36173,328,5000,1,5,1,1,1,1900106,1000000
2024KL0009434,1,449.67,43,1,1,1,10,12164,110,9800,4,3,1,1,1,1900107,1000000
2024KL0009435,1,449.67,27,2,4,1,14,29041,264,6000,6,1,1,5,1,1900113,1000000
2024KL0009436,1,449.67,22,2,3,1,17,96728,501,6000,3,1,1,5,1,1900102,1000000
2024KL0009437,1,449.67,35,1,6,1,10,31093,282,6000,3,1,1,2,2,1900101,1000000
2024KL0009438,1,449.67,22,1,3,1,17,142376,501,4000,3,1,1,5,1,1900104,1000000
2024KL0009439,1,449.67,15,1,2,1,17,31310,284,0,0,6,1,5,1,1900107,1000000
2024KL0009440,1,449.67,27,1,1,1,14,33828,307,8000,6,1,1,1,1,1900111,1000000
2024KL0009441,1,449.67,42,1,2,1,13,22475,204,8000,1,1,1,1,1,1900105,1000000
2024KL0009442,1,449.67,37,2,1,1,16,71690,501,4000,2,1,1,5,1,1900112,1000000
2024KL0009443,1,449.67,19,2,5,1,20,38346,348,3000,3,1,1,1,1,1900106,1000000
2024KL0009444,1,449.67,45,2,1,1,14,66844,501,7000,1,1,1,1,1,1900112,1000000
2024KL0009445,1,449.67,29,2,6,1,17,43142,392,1000,2,1,1,1,1,1900107,1000000
2024KL0009446,1,449.67,56,2,1,1,7,4402,40,8000,6,1,2,1,1,1900114,1000000
2024KL0009447,1,449.67,86,1,1,1,9,10222,92,0,0,6,2,2,1,1900105,1000000
2024KL0009448,1,449.67,50,1,1,1,11,86441,501,5000,1,1,1,1,1,1900111,1000000
2024KL0009449,1,449.67,46,2,1,1,10,26932,244,6000,3,1,1,1,1,1900102,1000000
2024KL0009450,1,449.67,41,1,7,1,8,4967,45,7000,1,2,1,1,1,1900107,1000000
2024KL0009451,1,449.67,46,1,2,1,10,91300,501,6000,3,1,1,1,1,1900106,1000000
2024KL0009452,1,449.67,54,2,1,1,16,40989,372,4000,1,1,1,1,1,1900107,1000000
2024KL0009453,1,449.67,48,2,1,1,12,37755,343,5000,1,1,1,1,1,1900100,1000000
2024KL0009454,1,449.67,24,2,8,1,13,88379,501,1000,2,2,1,5,1,1900112,1000000
2024KL0009455,1,449.67,52,2,1,1,9,17238,156,9000,1,1,1,2,1,1900102,1000000
2024KL0009456,1,449.67,35,2,8,1,7,6338,57,7000,1,1,1,1,1,1900103,1000000
2024KL0009457,1,449.67,32,2,2,1,19,111136,501,4000,1,1,2,1,2,1900105,1000000
2024KL0009458,1,449.67,19,1,1,1,19,166504,501,3000,1,5,1,1,1,1900109,1000000
2024KL0009459,1,449.67,13,1,2,1,2,1452,13,0,0,6,1,5,1,1900106,1000000
2024KL0009460,1,449.67,25,2,1,1,5,4083,37,9000,6,1,1,5,1,1900113,1000000
2024KL0009461,1,449.67,19,2,6,1,15,22937,208,4000,3,5,1,5,1,1900104,1000000
2024KL0009462,1,449.67,33,1,1,1,18,71398,501,6000,3,1,1,1,1,1900113,1000000
2024KL0009463,1,449.67,45,1,2,1,9,46344,421,5000,4,5,1,1,2,1900112,1000000
2024KL0009464,1,449.67,35,1,1,1,7,10957,99,9000,6,2,1,5,2,1900103,1000000
2024KL0009465,1,449.67,12,2,1,1,2,1965,17,0,0,6,1,5,1,1900100,1000000
2024KL0009466,1,449.67,51,2,1,1,5,5523,50,7000,3,1,1,1,1,1900104,1000000
2024KL0009467,1,449.67,39,2,4,1,13,54134,492,9000,1,3,1,5,1,1900101,1000000
2024KL0009468,1,449.67,42,1,4,1,11,10034,91,8000,6,1,1,1,2,1900114,1000000
2024KL0009469,1,449.67,1,2,1,1,3,3682,33,0,0,6,1,5,1,1900100,1000000
2024KL0009470,1,449.67,26,2,2,1,9,48295,439,7000,4,1,1,1,1,1900102,1000000
2024KL0009471,1,449.67,49,2,2,1,10,21560,196,9000,3,1,1,5,1,1900107,1000000
2024KL0009472,1,449.67,51,1,1,1,8,11072,100,6000,4,5,1,1,1,1900114,1000000
2024KL0009473,1,449.67,27,2,2,1,8,7252,65,6000,6,1,1,1,1,1900114,1000000
2024KL0009474,1,449.67,21,1,2,1,18,51765,470,1000,3,1,1,5,1,1900114,1000000
2024KL0009475,1,449.67,36,2,4,1,7,25933,235,8000,3,2,1,1,1,1900114,1000000
2024KL0009476,1,449.67,16,2,6,1,18,24460,222,0,0,6,1,5,1,1900108,1000000
2024KL0009477,1,449.67,14,2,4,1,3,2739,24,0,0,6,2,5,1,1900111,1000000
2024KL0009478,1,449.67,32,1,7,1,15,30055,273,6000,4,4,1,1,1,1900106,1000000
2024KL0009479,1,449.67,9,2,1,1,5,16805,152,0,0,6,1,5,1,1900104,1000000
2024KL0009480,1,449.67,36,2,1,1,12,47971,436,8000,3,1,1,1,1,1900103,1000000
2024KL0009481,1,449.67,58,2,3,1,14,18639,169,1000,1,1,1,3,1,1900100,1000000
2024KL0009482,1,449.67,15,1,4,1,20,45691,415,0,0,6,1,5,1,1900114,1000000
2024KL0009483,1,449.67,40,1,2,1,8,5624,51,7000,1,1,1,1,1,1900105,1000000
2024KL0009484,1,449.67,31,2,3,1,15,109939,501,1000,1,1,1,1,1,1900111,1000000
2024KL0009485,1,449.67,13,1,2,1,3,3570,32,0,0,6,1,5,1,1900101,1000000
2024KL0009486,1,449.67,91,2,1,1,5,12861,116,0,0,6,1,1,1,1900100,1000000
2024KL0009487,1,449.67,16,2,1,1,11,9553,86,0,0,6,1,5,1,1900103,1000000
2024KL0009488,1,449.67,49,2,1,1,12,45714,415,8000,1,1,1,5,1,1900100,1000000
2024KL0009489,1,449.67,4,2,3,1,6,1192,10,0,0,6,1,5,1,1900110,1000000
2024KL0009490,1,449.67,9,1,1,1,3,5066,46,0,0,6,1,5,1,1900101,1000000
2024KL0009491,1,449.67,31,2,2,1,11,9686,88,9000,1,1,1,5,1,1900101,1000000
2024KL0009492,1,449.67,12,2,1,1,6,7712,70,0,0,6,2,5,1,1900101,1000000
2024KL0009493,1,449.67,13,1,1,1,3,2197,19,0,0,6,1,5,1,1900107,1000000
2024KL0009494,1,449.67,23,2,1,1,14,25468,231,2000,1,2,1,5,1,1900108,1000000
2024KL0009495,1,449.67,12,1,2,1,6,2285,20,0,0,6,1,5,1,1900110,1000000
2024KL0009496,1,449.67,32,2,1,1,8,8542,77,8000,6,1,1,1,1,1900109,1000000
2024KL0009497,1,449.67,16,2,2,1,18,19730,179,0,0,6,1,5,1,1900105,1000000
2024KL0009498,1,449.67,5,1,6,1,5,8663,78,0,0,6,1,5,2,1900101,1000000
2024KL0009499,1,449.67,59,2,2,1,5,1909,17,5000,1,4,1,1,1,1900107,1000000
2024KL0009500,1,449.67,12,1,1,1,6,2389,21,0,0,6,1,5,1,1900101,1000000
2024KL0009501,1,449.67,9,1,2,1,6,8764,79,0,0,6,1,5,1,1900104,1000000
2024KL0009502,1,449.67,3,1,2,1,2,1736,15,0,0,6,1,5,1,1900104,1000000
2024KL0009503,1,449.67,83,2,2,1,10,5943,54,0,0,6,1,1,2,1900108,1000000
2024KL0009504,1,449.67,19,2,1,1,15,26793,243,3000,3,1,1,1,1,1900113,1000000
2024KL0009505,1,449.67,31,1,3,1,14,83450,501,5000,4,4,1,5,2,1900104,1000000
2024KL0009506,1,449.67,34,1,1,1,8,50345,457,5000,1,1,1,1,1,1900108,1000000
2024KL0009507,1,449.67,36,2,2,1,14,19050,173,7000,4,1,1,1,2,1900104,1000000
2024KL0009508,1,449.67,33,1,1,1,10,30072,273,1000,3,1,1,1,2,1900101,1000000
2024KL0009509,1,449.67,4,1,2,1,4,17875,162,0,0,6,1,5,1,1900100,1000000
2024KL0009510,1,449.67,26,1,2,1,16,39935,363,6000,1,1,1,1,1,1900103,1000000
2024KL0009511,1,449.67,32,2,2,1,14,19617,178,9000,3,1,1,5,1,1900106,1000000
2024KL0009512,1,449.67,11,2,7,1,7,3359,30,0,0,6,1,5,1,1900110,1000000
2024KL0009513,1,449.67,11,2,1,1,6,1044,9,0,0,6,1,5,1,1900103,1000000
2024KL0009514,1,449.67,18,1,2,1,19,47084,428,3000,3,1,1,5,1,1900106,1000000
2024KL0009515,1,449.67,34,1,1,1,15,53612,487,5000,4,1,1,5,1,1900102,1000000
2024KL0009516,1,449.67,9,1,4,1,9,43065,391,0,0,6,1,5,1,1900111,1000000
2024KL0009517,1,449.67,27,1,1,1,7,11021,100,5000,6,1,1,1,1,1900114,1000000
2024KL0009518,1,449.67,39,2,3,1,10,17879,162,9800,3,1,1,1,1,1900111,1000000
2024KL0009519,1,449.67,49,1,6,1,5,38762,352,9000,1,5,1,1,1,1900108,1000000
2024KL0009520,1,449.67,43,1,6,1,5,4610,41,5000,1,5,1,1,1,1900109,1000000
2024KL0009521,1,449.67,15,1,1,1,12,9102,82,0,0,6,1,5,1,1900103,1000000
2024KL0009522,1,449.67,10,1,1,1,6,1886,17,0,0,6,1,5,1,1900105,1000000
2024KL0009523,1,449.67,22,1,1,1,16,100083,501,3000,2,4,1,5,1,1900103,1000000
2024KL0009524,1,449.67,11,1,1,1,2,5424,49,0,0,6,1,5,1,1900110,1000000
2024KL0009525,1,449.67,32,2,3,1,10,22904,208,1000,2,1,1,1,1,1900114,1000000
2024KL0009526,1,449.67,45,1,1,1,13,29014,263,6000,1,1,1,2,1,1900109,1000000
2024KL0009527,1,449.67,99,1,3,1,5,5988,54,0,0,6,1,2,1,1900104,1000000
2024KL0009528,1,449.67,29,2,5,1,10,44227,402,5000,6,3,1,1,1,1900107,1000000
2024KL0009529,1,449.67,24,1,4,1,18,60929,501,5000,4,1,2,1,1,1900111,1000000
2024KL0009530,1,449.67,8,2,2,1,3,1812,16,0,0,6,1,5,1,1900109,1000000
2024KL0009531,1,449.67,32,2,3,1,6,5472,49,9920,1,1,1,1,2,1900101,1000000
2024KL0009532,1,449.67,64,2,4,1,10,39591,359,2000,1,1,1,1,1,1900110,1000000
2024KL0009533,1,449.67,4,1,1,1,2,5313,48,0,0,6,1,5,1,1900101,1000000
2024KL0009534,1,449.67,73,1,1,1,10,5778,52,0,0,6,1,1,2,1900111,1000000
2024KL0009535,1,449.67,20,1,4,1,20,73011,501,1000,1,5,1,5,1,1900104,1000000
2024KL0009536,1,449.67,11,2,1,1,4,1246,11,0,0,6,1,5,1,1900114,1000000
2024KL0009537,1,449.67,16,2,3,1,11,43979,399,0,0,6,1,5,1,1900114,1000000
2024KL0009538,1,449.67,14,2,5,1,5,1149,10,0,0,6,1,5,1,1900105,1000000
2024KL0009539,1,449.67,24,2,1,1,17,105056,501,6000,6,5,1,5,1,1900105,1000000
2024KL0009540,1,449.67,30,2,6,1,12,27296,248,8000,1,1,1,5,2,1900110,1000000
2024KL0009541,1,449.67,84,2,1,1,8,26329,239,0,0,6,1,1,1,1900111,1000000
2024KL0009542,1,449.67,32,2,3,1,12,56954,501,1000,1,1,1,5,1,1900107,1000000
2024KL0009543,1,449.67,55,1,1,1,7,4612,41,5000,3,5,1,4,2,1900101,1000000
2024KL0009544,1,449.67,15,1,1,1,13,11988,108,0,0,6,1,5,2,1900104,1000000
2024KL0009545,1,449.67,25,2,1,1,10,5884,53,5000,1,1,1,1,1,1900103,1000000
2024KL0009546,1,449.67,26,1,1,1,5,14996,136,8000,6,1,1,5,1,1900114,1000000
2024KL0009547,1,449.67,2,1,6,1,1,1823,16,0,0,6,1,5,1,1900100,1000000
2024KL0009548,1,449.67,5,1,1,1,7,1272,11,0,0,6,1,5,1,1900110,1000000
2024KL0009549,1,449.67,37,2,6,1,12,225745,501,6000,1,1,1,1,1,1900110,1000000
2024KL0009550,1,449.67,28,2,1,1,13,12716,115,3000,2,1,1,1,1,1900102,1000000
2024KL0009551,1,449.67,40,2,2,1,8,27422,249,9000,3,1,1,5,1,1900114,1000000
2024KL0009552,1,449.67,24,1,1,1,14,91350,501,7000,4,1,2,1,1,1900114,1000000
2024KL0009553,1,449.67,29,1,2,1,14,50232,456,2000,2,5,1,1,2,1900112,1000000
2024KL0009554,1,449.67,94,1,1,1,10,44081,400,0,0,6,1,1,1,1900113,1000000
2024KL0009555,1,449.67,50,2,7,1,17,52339,475,1000,1,5,1,1,1,1900111,1000000
2024KL0009556,1,449.67,6,2,1,1,3,1545,14,0,0,6,1,5,1,1900108,1000000
2024KL0009557,1,449.67,56,1,2,1,7,12246,111,9800,3,2,1,1,1,1900110,1000000
2024KL0009558,1,449.67,8,2,3,1,7,3573,32,0,0,6,1,5,1,1900107,1000000
2024KL0009559,1,449.67,58,1,2,1,16,47699,433,4000,1,1,1,1,1,1900114,1000000
2024KL0009560,1,449.67,46,2,1,1,11,31336,284,5000,4,3,1,1,1,1900114,1000000
2024KL0009561,1,449.67,46,2,1,1,7,6000,54,8000,3,1,1,1,1,1900104,1000000
2024KL0009562,1,449.67,28,2,1,1,12,44090,400,5000,4,1,2,1,1,1900102,1000000
2024KL0009563,1,449.67,30,2,1,1,12,12681,115,9000,1,1,1,5,1,1900104,1000000
2024KL0009564,1,449.67,42,2,1,1,9,47742,434,7000,3,1,1,1,2,1900106,1000000
2024KL0009565,1,449.67,20,1,3,1,14,25444,231,6000,4,1,1,5,1,1900109,1000000
2024KL0009566,1,449.67,9,1,1,1,5,918,8,0,0,6,1,5,1,1900106,1000000
2024KL0009567,1,449.67,11,2,1,1,2,2626,23,0,0,6,1,5,1,1900107,1000000
2024KL0009568,1,449.67,35,1,3,1,15,32814,298,2000,1,1,1,5,1,1900105,1000000
2024KL0009569,1,449.67,15,2,1,1,15,20710,188,0,0,6,2,5,1,1900105,1000000
2024KL0009570,1,449.67,26,2,1,1,17,46411,421,4000,2,1,1,1,1,1900114,1000000
2024KL0009571,1,449.67,35,2,3,1,11,28775,261,5000,3,1,1,1,1,1900108,1000000
2024KL0009572,1,449.67,59,2,2,1,6,6335,57,6000,1,1,1,1,1,1900102,1000000
2024KL0009573,1,449.67,20,2,1,1,18,23243,211,5000,1,1,2,5,1,1900101,1000000
2024KL0009574,1,449.67,51,1,1,1,10,15920,144,9000,1,1,1,5,1,1900110,1000000
2024KL0009575,1,449.67,57,2,1,1,16,49960,454,3000,2,1,1,1,1,1900105,1000000
2024KL0009576,1,449.67,48,1,1,1,9,30040,273,4000,1,1,1,1,1,1900106,1000000
2024KL0009577,1,449.67,52,1,2,1,11,47700,433,6000,4,1,1,1,1,1900113,1000000
2024KL0009578,1,449.67,18,2,1,1,14,17540,159,8000,3,5,1,1,2,1900108,1000000
2024KL0009579,1,449.67,22,1,9,1,15,33484,304,6000,1,1,1,5,1,1900114,1000000
2024KL0009580,1,449.67,5,2,1,1,9,26112,237,0,0,6,1,5,1,1900108,1000000
2024KL0009581,1,449.67,0,1,1,1,3,10602,96,0,0,6,1,5,1,1900101,1000000
2024KL0009582,1,449.67,28,2,1,1,8,7282,66,5000,4,1,1,5,1,1900107,1000000
2024KL0009583,1,449.67,6,1,7,1,7,2321,21,0,0,6,1,5,1,1900102,1000000
2024KL0009584,1,449.67,22,1,1,1,18,18566,168,4000,2,1,1,5,1,1900103,1000000
2024KL0009585,1,449.67,56,2,6,1,13,28736,261,7000,4,2,1,2,1,1900102,1000000
2024KL0009586,1,449.67,42,1,6,1,13,19383,176,6000,4,4,1,1,1,1900112,1000000
2024KL0009587,1,449.67,95,1,1,1,11,11920,108,0,0,6,1,4,1,1900109,1000000
2024KL0009588,1,449.67,21,2,6,1,19,83868,501,1000,2,2,1,1,1,1900109,1000000
2024KL0009589,1,449.67,47,2,4,1,12,28355,257,7000,3,1,1,5,1,1900110,1000000
2024KL0009590,1,449.67,17,1,8,1,16,18484,168,0,0,6,1,5,1,1900108,1000000
2024KL0009591,1,449.67,27,2,6,1,14,7951,72,7000,3,1,1,1,1,1900112,1000000
2024KL0009592,1,449.67,96,2,2,1,6,14497,131,0,0,6,1,1,1,1900111,1000000
2024KL0009593,1,449.67,48,2,1,1,6,6901,62,9920,4,1,1,1,1,1900101,1000000
2024KL0009594,1,449.67,32,1,1,1,16,62976,501,2000,3,1,1,5,1,1900100,1000000
2024KL0009595,1,449.67,17,2,3,1,12,4953,45,0,0,6,1,5,1,1900114,1000000
2024KL0009596,1,449.67,67,2,3,1,5,1396,12,5000,3,1,1,1,1,1900113,1000000
2024KL0009597,1,449.67,57,1,5,1,11,19887,180,6000,4,3,1,1,1,1900113,1000000
2024KL0009598,1,449.67,38,1,5,1,8,15314,139,6000,6,1,1,1,1,1900107,1000000
2024KL0009599,1,449.67,45,1,1,1,11,15912,144,5000,3,1,1,1,1,1900107,1000000
2024KL0009600,1,449.67,38,2,1,1,8,24653,224,5000,4,1,1,1,1,1900110,1000000
2024KL0009601,1,449.67,70,1,1,1,8,4025,36,7000,6,1,1,1,1,1900108,1000000
2024KL0009602,1,449.67,3,2,3,1,6,2659,24,0,0,6,1,5,1,1900109,1000000
2024KL0009603,1,449.67,9,2,6,1,3,3597,32,0,0,6,1,5,1,1900112,1000000
2024KL0009604,1,449.67,12,1,7,1,3,3495,31,0,0,6,1,5,1,1900108,1000000
2024KL0009605,1,449.67,58,2,2,1,8,16920,153,5000,1,3,1,5,1,1900109,1000000
2024KL0009606,1,449.67,53,1,3,1,7,9928,90,5000,3,1,1,2,1,1900102,1000000
2024KL0009607,1,449.67,31,1,2,1,11,52126,473,7000,4,3,1,5,1,1900106,1000000
2024KL0009608,1,449.67,4,1,5,1,5,7563,68,0,0,6,1,5,1,1900103,1000000
2024KL0009609,1,449.67,50,2,1,1,8,12007,109,7000,4,1,1,1,1,1900114,1000000
2024KL0009610,1,449.67,71,2,6,1,5,7710,70,0,0,6,1,1,1,1900113,1000000
2024KL0009611,1,449.67,12,1,1,1,4,6257,56,0,0,6,1,5,1,1900102,1000000
2024KL0009612,1,449.67,10,1,1,1,3,4909,44,0,0,6,1,5,1,1900105,1000000
2024KL0009613,1,449.67,36,1,2,1,9,41212,374,7000,1,1,1,1,1,1900108,1000000
2024KL0009614,1,449.67,11,2,7,1,6,1460,13,0,0,6,1,5,1,1900110,1000000
2024KL0009615,1,449.67,35,1,1,1,10,87161,501,6000,1,1,1,1,1,1900105,1000000
2024KL0009616,1,449.67,41,2,6,1,14,56919,501,3000,1,4,1,1,1,1900105,1000000
2024KL0009617,1,449.67,39,2,2,1,8,9316,84,5000,3,1,1,1,2,1900110,1000000
2024KL0009618,1,449.67,96,1,3,1,5,8246,74,0,0,6,1,1,1,1900101,1000000
2024KL0009619,1,449.67,34,2,1,1,18,86205,501,4000,1,1,1,1,1,1900102,1000000
2024KL0009620,1,449.67,28,2,3,1,9,77105,501,9000,1,1,1,1,1,1900104,1000000
2024KL0009621,1,449.67,53,1,1,1,11,18733,170,6000,3,1,1,1,1,1900114,1000000
2024KL0009622,1,449.67,65,1,1,1,5,3398,30,9000,1,2,1,1,1,1900103,1000000
2024KL0009623,1,449.67,16,2,1,1,18,18829,171,0,0,6,1,5,1,1900102,1000000
2024KL0009624,1,449.67,52,1,2,1,19,177639,501,4000,3,1,2,2,1,1900114,1000000
2024KL0009625,1,449.67,28,1,4,1,11,51214,465,2000,3,1,1,1,1,1900111,1000000
2024KL0009626,1,449.67,15,2,6,1,15,29222,265,0,0,6,1,5,1,1900103,1000000
2024KL0009627,1,449.67,39,1,1,1,6,25793,234,5000,4,1,1,1,1,1900104,1000000
2024KL0009628,1,449.67,19,1,1,1,18,19631,178,1000,2,1,1,5,1,1900109,1000000
2024KL0009629,1,449.67,40,1,2,1,5,53760,488,5000,3,5,1,3,1,1900109,1000000
2024KL0009630,1,449.67,13,1,2,1,4,2932,26,0,0,6,1,5,1,1900100,1000000
2024KL0009631,1,449.67,38,1,1,1,13,19949,181,8000,1,2,1,1,1,1900100,1000000
2024KL0009632,1,449.67,37,2,2,1,11,38977,354,9000,1,1,1,1,1,1900103,1000000
2024KL0009633,1,449.67,29,2,2,1,15,36311,330,4000,1,1,1,1,1,1900101,1000000
2024KL0009634,1,449.67,30,1,5,1,11,14322,130,7000,1,5,1,1,2,1900107,1000000
2024KL0009635,1,449.67,2,1,1,1,4,12302,111,0,0,6,1,5,1,1900103,1000000
2024KL0009636,1,449.67,4,2,3,1,6,5482,49,0,0,6,1,5,1,1900100,1000000
2024KL0009637,1,449.67,22,1,5,1,14,38570,350,6000,3,4,1,5,1,1900109,1000000
2024KL0009638,1,449.67,18,1,6,1,17,57741,501,2000,1,1,1,1,1,1900112,1000000
2024KL0009639,1,449.67,12,1,6,1,9,15832,143,0,0,6,1,5,1,1900109,1000000
2024KL0009640,1,449.67,6,1,1,1,8,1190,10,0,0,6,1,5,1,1900113,1000000
2024KL0009641,1,449.67,23,2,2,1,18,83626,501,5000,1,1,1,5,1,1900114,1000000
2024KL0009642,1,449.67,40,2,1,1,11,78739,501,7000,1,1,1,1,1,1900113,1000000
2024KL0009643,1,449.67,49,1,3,1,12,59930,501,8000,3,1,1,5,1,1900112,1000000
2024KL0009644,1,449.67,27,1,1,1,10,43777,397,7000,1,1,1,5,1,1900109,1000000
2024KL0009645,1,449.67,4,2,1,1,2,5709,51,0,0,6,1,5,1,1900103,1000000
2024KL0009646,1,449.67,25,1,8,1,9,28342,257,3000,2,2,1,1,1,1900114,1000000
2024KL0009647,1,449.67,5,2,3,1,6,1213,11,0,0,6,1,5,1,1900113,1000000
2024KL0009648,1,449.67,53,1,5,1,8,14895,135,9920,3,1,1,2,1,1900105,1000000
2024KL0009649,1,449.67,6,1,4,1,4,4373,39,0,0,6,1,5,1,1900110,1000000
2024KL0009650,1,449.67,26,2,1,1,12,36018,327,6000,1,1,1,1,1,1900110,1000000
2024KL0009651,1,449.67,17,2,7,1,16,38544,350,0,0,6,1,5,1,1900100,1000000
2024KL0009652,1,449.67,11,1,1,1,3,2799,25,0,0,6,1,5,1,1900103,1000000
2024KL0009653,1,449.67,35,1,9,1,7,8605,78,9920,3,5,2,1,1,1900105,1000000
2024KL0009654,1,449.67,50,2,5,1,6,16655,151,9920,3,2,1,3,1,1900114,1000000
2024KL0009655,1,449.67,21,1,8,1,13,25712,233,9000,1,1,1,5,1,1900104,1000000
2024KL0009656,1,449.67,15,1,4,1,14,12741,115,0,0,6,1,5,1,1900106,1000000
2024KL0009657,1,449.67,23,1,1,1,12,14363,130,5000,1,1,1,5,1,1900104,1000000
2024KL0009658,1,449.67,23,1,7,1,19,317769,501,4000,2,4,1,5,1,1900112,1000000
2024KL0009659,1,449.67,11,1,2,1,4,10094,91,0,0,6,1,5,1,1900105,1000000
2024KL0009660,1,449.67,19,1,1,1,13,15920,144,1000,3,5,1,5,1,1900107,1000000
2024KL0009661,1,449.67,37,1,1,1,15,160155,501,4000,1,1,5,1,1,1900104,1000000
2024KL0009662,1,449.67,77,1,1,1,5,6596,59,0,0,6,1,5,1,1900107,1000000
2024KL0009663,1,449.67,34,1,1,1,5,35852,325,9800,4,1,1,5,1,1900113,1000000
2024KL0009664,1,449.67,25,2,1,1,13,36183,328,8000,3,3,1,5,1,1900109,1000000
2024KL0009665,1,449.67,8,2,1,1,4,1808,16,0,0,6,1,5,1,1900103,1000000
2024KL0009666,1,449.67,42,1,2,1,16,91248,501,2000,3,1,1,5,1,1900100,1000000
2024KL0009667,1,449.67,14,1,6,1,4,2079,18,0,0,6,1,5,1,1900101,1000000
2024KL0009668,1,449.67,0,2,1,1,5,4650,42,0,0,6,1,5,1,1900104,1000000
2024KL0009669,1,449.67,23,1,1,1,17,146861,501,3000,2,1,1,5,1,1900112,1000000
2024KL0009670,1,449.67,12,1,7,1,1,3726,33,0,0,6,1,5,1,1900109,1000000
2024KL0009671,1,449.67,15,2,6,1,18,34132,310,0,0,6,1,5,1,1900101,1000000
2024KL0009672,1,449.67,0,2,1,1,5,3978,36,0,0,6,2,5,1,1900110,1000000
2024KL0009673,1,449.67,74,1,1,1,7,3836,34,0,0,6,1,1,1,1900102,1000000
2024KL0009674,1,449.67,53,1,4,1,13,54935,499,2000,3,1,1,1,1,1900102,1000000
2024KL0009675,1,449.67,12,1,2,1,4,8016,72,0,0,6,1,5,1,1900113,1000000
2024KL0009676,1,449.67,32,2,2,1,6,19546,177,7000,1,1,1,1,1,1900100,1000000
2024KL0009677,1,449.67,40,2,1,1,18,95504,501,4000,1,1,1,5,1,1900101,1000000
2024KL0009678,1,449.67,22,1,1,1,14,14734,133,1000,2,1,1,5,1,1900110,1000000
2024KL0009679,1,449.67,46,1,9,1,11,15245,138,6000,4,1,1,1,1,1900109,1000000
2024KL0009680,1,449.67,7,1,1,1,1,2235,20,0,0,6,1,5,1,1900109,1000000
2024KL0009681,1,449.67,58,2,1,1,6,4417,40,9000,6,1,1,1,2,1900110,1000000
2024KL0009682,1,449.67,57,1,1,1,5,4957,45,7000,4,4,1,1,1,1900102,1000000
2024KL0009683,1,449.67,22,1,1,1,13,37236,338,7000,1,1,1,5,1,1900101,1000000
2024KL0009684,1,449.67,66,1,1,1,6,6284,57,6000,3,1,1,5,2,1900114,1000000
2024KL0009685,1,449.67,29,2,9,1,9,24981,227,6000,4,1,1,1,1,1900100,1000000
2024KL0009686,1,449.67,11,1,1,1,5,3810,34,0,0,6,1,5,1,1900114,1000000
2024KL0009687,1,449.67,25,1,6,1,9,42690,388,9800,6,2,1,1,1,1900103,1000000
2024KL0009688,1,449.67,50,2,2,1,7,14532,132,9800,1,4,1,1,1,1900101,1000000
2024KL0009689,1,449.67,12,2,5,1,4,4006,36,0,0,6,1,5,1,1900111,1000000
2024KL0009690,1,449.67,52,1,6,1,10,48496,440,6000,1,1,1,5,1,1900105,1000000
2024KL0009691,1,449.67,14,1,6,1,9,9526,86,0,0,6,1,5,1,1900108,1000000
2024KL0009692,1,449.67,32,2,4,1,9,8181,74,9000,4,1,1,5,1,1900100,1000000
2024KL0009693,1,449.67,25,1,1,1,12,35685,324,9000,3,1,1,1,1,1900103,1000000
2024KL0009694,1,449.67,6,2,1,1,6,2298,20,0,0,6,1,5,1,1900108,1000000
2024KL0009695,1,449.67,3,1,1,1,2,5309,48,0,0,6,1,5,1,1900105,1000000
2024KL0009696,1,449.67,40,1,3,1,17,102064,501,1000,2,1,1,1,1,1900105,1000000
2024KL0009697,1,449.67,58,1,3,1,12,64979,501,6000,4,1,1,1,1,1900112,1000000
2024KL0009698,1,449.67,48,2,4,1,20,318665,501,4000,1,1,1,5,1,1900100,1000000
2024KL0009699,1,449.67,7,2,2,1,2,2640,24,0,0,6,1,5,1,1900113,1000000
2024KL0009700,1,449.67,47,2,1,1,9,54991,499,7000,1,1,1,5,1,1900109,1000000
2024KL0009701,1,449.67,39,2,1,1,11,41703,379,2000,1,4,1,1,1,1900113,1000000
2024KL0009702,1,449.67,16,2,2,1,18,16625,151,0,0,6,1,5,1,1900107,1000000
2024KL0009703,1,449.67,47,2,3,1,5,9426,85,6000,3,1,1,1,1,1900113,1000000
2024KL0009704,1,449.67,35,1,9,1,7,16940,154,9920,4,5,1,1,1,1900107,1000000
2024KL0009705,1,449.67,23,1,2,1,13,39705,360,7000,1,1,1,1,1,1900111,1000000
2024KL0009706,1,449.67,60,2,2,1,5,24088,218,9800,6,5,1,1,1,1900105,1000000
2024KL0009707,1,449.67,76,2,1,1,8,2976,27,0,0,6,1,2,1,1900101,1000000
2024KL0009708,1,449.67,26,2,2,1,10,8363,76,6000,6,1,1,1,1,1900110,1000000
2024KL0009709,1,449.67,32,1,1,1,6,11683,106,9800,3,1,1,1,1,1900105,1000000
2024KL0009710,1,449.67,36,1,3,1,12,30635,278,9000,1,1,1,1,1,1900110,1000000
2024KL0009711,1,449.67,40,2,1,1,7,8153,74,9800,1,1,1,1,1,1900106,1000000
2024KL0009712,1,449.67,9,2,1,1,3,4686,42,0,0,6,1,5,1,1900108,1000000
2024KL0009713,1,449.67,44,2,1,1,16,184502,501,4000,1,1,1,1,1,1900106,1000000
2024KL0009714,1,449.67,10,1,5,1,6,1977,17,0,0,6,1,5,1,1900101,1000000
2024KL0009715,1,449.67,47,2,1,1,11,27165,246,1000,1,1,1,5,1,1900111,1000000
2024KL0009716,1,449.67,52,2,1,1,10,33297,302,9000,4,1,1,1,1,1900110,1000000
2024KL0009717,1,449.67,10,2,1,1,9,11829,107,0,0,6,1,5,1,1900107,1000000
2024KL0009718,1,449.67,2,2,2,1,3,3146,28,0,0,6,5,5,1,1900112,1000000
2024KL0009719,1,449.67,34,2,1,1,10,298809,501,4000,3,1,1,1,1,1900109,1000000
2024KL0009720,1,449.67,16,1,1,1,18,9706,88,0,0,6,1,5,1,1900108,1000000
2024KL0009721,1,449.67,32,2,1,1,15,123554,501,5000,1,1,1,1,1,1900100,1000000
2024KL0009722,1,449.67,68,1,8,1,6,1233,11,9000,1,1,1,3,1,1900107,1000000
2024KL0009723,1,449.67,9,2,4,1,2,3092,28,0,0,6,1,5,1,1900114,1000000
2024KL0009724,1,449.67,43,2,4,1,9,31533,286,9000,6,1,1,1,1,1900102,1000000
2024KL0009725,1,449.67,57,1,1,1,9,10011,91,5000,1,1,1,5,1,1900104,1000000
2024KL0009726,1,449.67,29,1,4,1,8,6248,56,8000,1,1,1,5,1,1900110,1000000
2024KL0009727,1,449.67,83,1,1,1,11,10698,97,0,0,6,1,1,1,1900109,1000000
2024KL0009728,1,449.67,52,2,6,1,9,18920,172,5000,3,2,1,1,1,1900110,1000000
2024KL0009729,1,449.67,8,2,5,1,3,5017,45,0,0,6,1,5,1,1900106,1000000
2024KL0009730,1,449.67,7,1,4,1,3,6326,57,0,0,6,1,5,1,1900101,1000000
2024KL0009731,1,449.67,31,2,2,1,6,8186,74,6000,1,1,1,1,1,1900104,1000000
2024KL0009732,1,449.67,6,1,2,1,2,1453,13,0,0,6,1,5,1,1900103,1000000
2024KL0009733,1,449.67,3,1,2,1,7,6319,57,0,0,6,1,5,1,1900113,1000000
2024KL0009734,1,449.67,27,1,1,1,11,23727,215,6000,1,1,1,5,1,1900109,1000000
2024KL0009735,1,449.67,59,1,1,1,8,14152,128,5000,1,1,1,1,1,1900106,1000000
2024KL0009736,1,449.67,48,2,2,1,10,18095,164,1000,1,1,1,1,1,1900113,1000000
2024KL0009737,1,449.67,63,2,1,1,9,6148,55,7000,1,5,1,1,1,1900106,1000000
2024KL0009738,1,449.67,5,2,2,1,5,6450,58,0,0,6,1,5,1,1900104,1000000
2024KL0009739,1,449.67,14,2,1,1,5,3337,30,0,0,6,1,5,1,1900104,1000000
2024KL0009740,1,449.67,66,1,2,1,6,17240,156,7000,1,1,1,3,1,1900106,1000000
2024KL0009741,1,449.67,42,1,7,1,19,147716,501,1000,2,1,1,2,1,1900108,1000000
2024KL0009742,1,449.67,15,2,1,1,15,14993,136,0,0,6,1,5,1,1900109,1000000
2024KL0009743,1,449.67,4,2,1,1,9,9090,82,0,0,6,1,5,1,1900112,1000000
2024KL0009744,1,449.67,50,1,2,1,17,30653,278,2000,1,1,1,1,1,1900110,1000000
2024KL0009745,1,449.67,23,1,1,1,12,40412,367,9000,1,2,1,5,1,1900100,1000000
2024KL0009746,1,449.67,3,1,1,1,1,7230,65,0,0,6,1,5,1,1900114,1000000
2024KL0009747,1,449.67,43,2,1,1,12,93864,501,6000,1,3,1,2,1,1900107,1000000
2024KL0009748,1,449.67,6,1,2,1,2,1852,16,0,0,6,1,5,1,1900103,1000000
2024KL0009749,1,449.67,37,1,2,1,10,63352,501,3000,2,3,1,1,1,1900107,1000000
2024KL0009750,1,449.67,4,2,6,1,3,4627,42,0,0,6,2,5,1,1900112,1000000
2024KL0009751,1,449.67,31,2,1,1,13,31423,285,9800,1,1,1,1,1,1900110,1000000
2024KL0009752,1,449.67,3,1,7,1,6,541,4,0,0,6,2,5,1,1900110,1000000
2024KL0009753,1,449.67,20,1,2,1,15,113813,501,5000,1,1,1,5,1,1900114,1000000
2024KL0009754,1,449.67,25,1,1,1,7,2920,26,8000,3,1,1,5,1,1900104,1000000
2024KL0009755,1,449.67,41,2,1,1,12,45622,414,6000,6,1,1,1,1,1900108,1000000
2024KL0009756,1,449.67,2,1,4,1,3,2965,26,0,0,6,1,5,1,1900108,1000000
2024KL0009757,1,449.67,2,2,1,1,5,1248,11,0,0,6,1,5,1,1900104,1000000
2024KL0009758,1,449.67,55,2,3,1,8,15563,141,6000,4,1,1,2,1,1900104,1000000
2024KL0009759,1,449.67,48,1,5,1,6,7930,72,5000,1,1,1,1,1,1900113,1000000
2024KL0009760,1,449.67,0,2,2,1,4,5104,46,0,0,6,1,5,1,1900102,1000000
2024KL0009761,1,449.67,25,1,2,1,7,6094,55,9000,6,1,1,5,1,1900105,1000000
2024KL0009762,1,449.67,96,1,2,1,8,3031,27,0,0,6,1,2,1,1900104,1000000
2024KL0009763,1,449.67,21,1,2,1,18,37034,336,6000,3,1,1,5,1,1900103,1000000
2024KL0009764,1,449.67,51,2,1,1,6,16456,149,9920,4,1,1,1,1,1900109,1000000
2024KL0009765,1,449.67,23,1,3,1,17,31118,282,2000,3,1,1,5,1,1900103,1000000
2024KL0009766,1,449.67,11,1,1,1,3,1936,17,0,0,6,1,5,1,1900112,1000000
2024KL0009767,1,449.67,31,1,2,1,13,44733,406,7000,1,1,1,5,1,1900112,1000000
2024KL0009768,1,449.67,42,1,6,1,5,8768,79,6000,3,1,1,2,1,1900105,1000000
2024KL0009769,1,449.67,98,2,1,1,5,3390,30,0,0,6,1,1,1,1900100,1000000
2024KL0009770,1,449.67,33,2,7,1,14,123080,501,7000,4,1,1,1,1,1900103,1000000
2024KL0009771,1,449.67,9,2,3,1,2,4011,36,0,0,6,1,5,1,1900111,1000000
2024KL0009772,1,449.67,41,1,3,1,11,23336,212,9000,1,1,1,5,1,1900101,1000000
2024KL0009773,1,449.67,31,2,4,1,5,17292,157,8000,3,1,5,1,1,1900112,1000000
2024KL0009774,1,449.67,34,2,3,1,11,29707,270,3000,3,1,1,5,1,1900102,1000000
2024KL0009775,1,449.67,22,1,1,1,11,25744,234,1000,2,1,1,5,1,1900106,1000000
2024KL0009776,1,449.67,87,2,2,1,6,1808,16,0,0,6,1,1,1,1900113,1000000
2024KL0009777,1,449.67,70,2,1,1,5,6798,61,8000,6,3,2,2,1,1900105,1000000
2024KL0009778,1,449.67,15,2,1,1,17,23982,218,0,0,6,1,5,1,1900103,1000000
2024KL0009779,1,449.67,38,2,2,1,11,54379,494,6000,3,4,1,1,1,1900110,1000000
2024KL0009780,1,449.67,20,1,3,1,13,11726,106,7000,3,1,1,5,1,1900109,1000000
2024KL0009781,1,449.67,25,1,1,1,9,10258,93,6000,6,1,1,1,1,1900103,1000000
2024KL0009782,1,449.67,5,1,3,1,6,2043,18,0,0,6,1,5,1,1900109,1000000
2024KL0009783,1,449.67,2,2,4,1,3,8965,81,0,0,6,1,5,1,1900101,1000000
2024KL0009784,1,449.67,48,2,1,1,7,22707,206,6000,1,1,1,1,1,1900108,1000000
2024KL0009785,1,449.67,22,1,1,1,17,83489,501,5000,4,1,1,5,1,1900101,1000000
2024KL0009786,1,449.67,23,1,1,1,12,8150,74,8000,1,1,1,1,1,1900103,1000000
2024KL0009787,1,449.67,30,2,1,1,11,20024,182,4000,1,1,1,1,1,1900112,1000000
2024KL0009788,1,449.67,99,1,7,1,5,6856,62,0,0,6,1,1,1,1900101,1000000
2024KL0009789,1,449.67,11,1,1,1,9,18032,163,0,0,6,1,5,1,1900101,1000000
2024KL0009790,1,449.67,37,2,2,1,12,10094,91,9000,3,1,1,1,2,1900111,1000000
2024KL0009791,1,449.67,4,2,1,1,8,918,8,0,0,6,1,5,1,1900106,1000000
2024KL0009792,1,449.67,84,2,4,1,5,3835,34,0,0,6,1,1,2,1900112,1000000
2024KL0009793,1,449.67,8,2,1,1,1,2487,22,0,0,6,1,5,1,1900101,1000000
2024KL0009794,1,449.67,58,2,2,1,14,45280,411,6000,1,1,1,1,1,1900111,1000000
2024KL0009795,1,449.67,56,2,2,1,9,21653,196,7000,1,2,1,5,1,1900112,1000000
2024KL0009796,1,449.67,22,2,1,1,18,20026,182,5000,3,1,1,5,1,1900107,1000000
2024KL0009797,1,449.67,24,1,1,1,11,128584,501,7000,4,1,1,5,1,1900109,1000000
2024KL0009798,1,449.67,42,2,6,1,7,6760,61,5000,4,1,1,1,1,1900104,1000000
2024KL0009799,1,449.67,34,2,1,1,5,2984,27,9920,1,4,1,1,1,1900100,1000000
2024KL0009800,1,449.67,33,1,3,1,9,37601,341,6000,3,1,1,1,1,1900113,1000000
2024KL0009801,1,449.67,42,1,6,1,17,40339,366,3000,1,2,1,2,1,1900114,1000000
2024KL0009802,1,449.67,13,1,1,1,4,4316,39,0,0,6,1,5,1,1900109,1000000
2024KL0009803,1,449.67,2,1,6,1,5,6346,57,0,0,6,1,5,1,1900100,1000000
2024KL0009804,1,449.67,16,2,1,1,13,4484,40,0,0,6,2,5,1,1900104,1000000
2024KL0009805,1,449.67,17,2,1,1,14,34252,311,0,0,6,1,5,1,1900105,1000000
2024KL0009806,1,449.67,40,1,1,1,12,18648,169,4000,3,1,1,1,1,1900106,1000000
2024KL0009807,1,449.67,24,1,2,1,14,29693,269,3000,2,1,1,1,1,1900108,1000000
2024KL0009808,1,449.67,44,2,3,1,8,21681,197,5000,1,1,2,1,1,1900106,1000000
2024KL0009809,1,449.67,54,2,1,1,16,83575,501,2000,1,5,1,1,1,1900104,1000000
2024KL0009810,1,449.67,25,2,2,1,15,92285,501,1000,2,5,1,1,1,1900107,1000000
2024KL0009811,1,449.67,55,2,6,1,7,6570,59,6000,6,1,1,1,1,1900107,1000000
2024KL0009812,1,449.67,1,2,2,1,5,2602,23,0,0,6,1,5,1,1900114,1000000
2024KL0009813,1,449.67,48,2,1,1,11,36592,332,5000,1,1,1,1,1,1900103,1000000
2024KL0009814,1,449.67,25,2,3,1,12,20920,190,1000,1,1,1,1,1,1900114,1000000
2024KL0009815,1,449.67,3,1,2,1,5,3527,32,0,0,6,1,5,1,1900102,1000000
2024KL0009816,1,449.67,46,1,1,1,11,33011,300,5000,1,1,1,1,1,1900101,1000000
2024KL0009817,1,449.67,15,2,1,1,13,19951,181,0,0,6,1,5,1,1900111,1000000
2024KL0009818,1,449.67,43,1,1,1,14,17727,161,4000,3,1,2,1,2,1900107,1000000
2024KL0009819,1,449.67,9,2,1,1,7,17905,162,0,0,6,1,5,1,1900100,1000000
2024KL0009820,1,449.67,13,1,1,1,5,5497,49,0,0,6,1,5,1,1900114,1000000
2024KL0009821,1,449.67,94,2,2,1,8,3956,35,0,0,6,1,1,2,1900103,1000000
2024KL0009822,1,449.67,33,2,1,1,9,76451,501,9000,1,1,1,5,1,1900102,1000000
2024KL0009823,1,449.67,21,1,8,1,10,16772,152,6000,3,1,1,5,1,1900106,1000000
2024KL0009824,1,449.67,13,1,6,1,3,7185,65,0,0,6,1,5,1,1900101,1000000
2024KL0009825,1,449.67,41,1,2,1,13,43965,399,7000,6,1,1,1,1,1900114,1000000
2024KL0009826,1,449.67,30,2,3,1,12,49084,446,6000,1,1,2,1,1,1900108,1000000
2024KL0009827,1,449.67,8,2,1,1,4,1490,13,0,0,6,1,5,1,1900108,1000000
2024KL0009828,1,449.67,29,1,2,1,8,3912,35,9800,3,1,1,1,1,1900106,1000000
2024KL0009829,1,449.67,18,2,2,1,20,17116,155,2000,2,5,1,5,1,1900102,1000000
2024KL0009830,1,449.67,33,1,3,1,15,64903,501,6000,3,1,1,5,1,1900107,1000000
2024KL0009831,1,449.67,30,2,4,1,7,7483,68,8000,6,2,2,5,1,1900109,1000000
2024KL0009832,1,449.67,20,2,1,1,19,36985,336,3000,3,2,1,5,1,1900106,1000000
2024KL0009833,1,449.67,25,2,1,1,10,22380,203,6000,3,1,1,1,2,1900113,1000000
2024KL0009834,1,449.67,33,1,3,1,6,40475,367,6000,4,1,1,1,1,1900113,1000000
2024KL0009835,1,449.67,48,2,4,1,7,2747,24,7000,1,1,1,1,1,1900107,1000000
2024KL0009836,1,449.67,40,1,1,1,11,18265,166,6000,3,5,1,1,1,1900109,1000000
2024KL0009837,1,449.67,19,2,3,1,13,15107,137,9800,6,1,1,5,1,1900103,1000000
2024KL0009838,1,449.67,1,2,2,1,7,2392,21,0,0,6,1,5,1,1900113,1000000
2024KL0009839,1,449.67,40,2,3,1,13,66432,501,8000,6,1,1,1,1,1900111,1000000
2024KL0009840,1,449.67,51,1,2,1,11,14132,128,7000,1,1,1,1,1,1900113,1000000
2024KL0009841,1,449.67,4,1,1,1,5,4231,38,0,0,6,1,5,1,1900109,1000000
2024KL0009842,1,449.67,13,2,1,1,5,6385,58,0,0,6,1,5,1,1900111,1000000
2024KL0009843,1,449.67,25,1,1,1,7,4420,40,5000,1,3,1,5,1,1900110,1000000
2024KL0009844,1,449.67,37,1,2,1,16,237357,501,6000,4,1,1,1,1,1900104,1000000
2024KL0009845,1,449.67,17,2,2,1,10,4089,37,0,0,6,1,5,1,1900104,1000000
2024KL0009846,1,449.67,13,2,1,1,5,2922,26,0,0,6,1,5,1,1900100,1000000
2024KL0009847,1,449.67,27,1,4,1,11,16732,152,2000,1,1,1,1,1,1900102,1000000
2024KL0009848,1,449.67,67,1,1,1,9,14540,132,7000,6,1,1,1,1,1900102,1000000
2024KL0009849,1,449.67,37,2,1,1,13,84118,501,1000,1,1,1,1,1,1900108,1000000
2024KL0009850,1,449.67,7,1,7,1,4,1282,11,0,0,6,1,5,1,1900106,1000000
2024KL0009851,1,449.67,5,1,4,1,7,7994,72,0,0,6,1,5,1,1900111,1000000
2024KL0009852,1,449.67,94,2,1,1,6,26923,244,0,0,6,1,1,1,1900113,1000000
2024KL0009853,1,449.67,0,1,2,1,3,5286,48,0,0,6,1,5,1,1900112,1000000
2024KL0009854,1,449.67,28,1,1,1,5,3917,35,5000,3,1,1,1,1,1900105,1000000
2024KL0009855,1,449.67,9,1,2,1,1,4027,36,0,0,6,1,5,1,1900101,1000000
2024KL0009856,1,449.67,19,1,2,1,19,23591,214,3000,1,1,1,5,1,1900103,1000000
2024KL0009857,1,449.67,88,1,2,1,6,3814,34,0,0,6,1,2,1,1900110,1000000
2024KL0009858,1,449.67,38,1,1,1,16,51696,469,1000,2,1,1,2,2,1900112,1000000
2024KL0009859,1,449.67,13,1,1,1,3,1514,13,0,0,6,1,5,2,1900107,1000000
2024KL0009860,1,449.67,53,2,2,1,11,63870,501,2000,1,1,1,2,1,1900113,1000000
2024KL0009861,1,449.67,10,1,1,1,3,3628,32,0,0,6,1,5,1,1900103,1000000
2024KL0009862,1,449.67,50,2,2,1,9,28786,261,5000,1,1,1,3,1,1900106,1000000
2024KL0009863,1,449.67,18,1,3,1,13,28755,261,7000,1,5,1,5,2,1900107,1000000
2024KL0009864,1,449.67,24,1,1,1,14,12322,112,7000,3,1,1,5,1,1900105,1000000
2024KL0009865,1,449.67,43,1,2,1,12,16933,153,5000,4,1,1,1,1,1900111,1000000
2024KL0009866,1,449.67,19,2,1,1,14,8019,72,2000,2,1,1,5,1,1900101,1000000
2024KL0009867,1,449.67,37,1,3,1,16,105528,501,5000,1,1,1,1,1,1900101,1000000
2024KL0009868,1,449.67,75,2,1,1,8,3244,29,0,0,6,1,2,1,1900110,1000000
2024KL0009869,1,449.67,29,2,1,1,13,20273,184,8000,1,4,1,1,1,1900111,1000000
2024KL0009870,1,449.67,35,2,2,1,5,28857,262,7000,3,1,1,5,2,1900109,1000000
2024KL0009871,1,449.67,17,1,2,1,19,26658,242,0,0,6,1,5,1,1900106,1000000
2024KL0009872,1,449.67,26,2,2,1,14,18497,168,7000,1,3,1,1,2,1900102,1000000
2024KL0009873,1,449.67,30,1,6,1,15,53318,484,3000,3,1,1,1,1,1900112,1000000
2024KL0009874,1,449.67,53,2,3,1,13,47195,429,7000,3,1,1,1,1,1900107,1000000
2024KL0009875,1,449.67,6,1,2,1,3,2763,25,0,0,6,1,5,1,1900111,1000000
2024KL0009876,1,449.67,78,2,4,1,9,12493,113,0,0,6,1,1,1,1900110,1000000
2024KL0009877,1,449.67,44,1,2,1,5,3718,33,5000,3,1,1,3,1,1900111,1000000
2024KL0009878,1,449.67,14,1,1,1,3,2181,19,0,0,6,1,5,1,1900100,1000000
2024KL0009879,1,449.67,25,1,1,1,14,12724,115,8000,1,1,1,1,1,1900109,1000000
2024KL0009880,1,449.67,54,2,2,1,8,29561,268,9000,1,2,1,5,1,1900112,1000000
2024KL0009881,1,449.67,67,1,1,1,9,9557,86,8000,6,5,1,1,1,1900108,1000000
2024KL0009882,1,449.67,34,1,2,1,13,44999,409,6000,1,4,1,1,1,1900110,1000000
2024KL0009883,1,449.67,28,2,4,1,9,8196,74,9000,6,1,1,1,1,1900105,1000000
2024KL0009884,1,449.67,69,1,2,1,5,2103,19,8000,4,5,1,1,1,1900103,1000000
2024KL0009885,1,449.67,1,1,3,1,7,6828,62,0,0,6,2,5,1,1900114,1000000
2024KL0009886,1,449.67,59,2,1,1,8,3210,29,7000,4,1,1,1,1,1900113,1000000
2024KL0009887,1,449.67,92,1,2,1,8,10040,91,0,0,6,1,1,2,1900112,1000000
2024KL0009888,1,449.67,58,1,1,1,9,21022,191,8000,4,1,1,2,1,1900109,1000000
2024KL0009889,1,449.67,34,1,4,1,8,13040,118,9920,1,1,1,1,1,1900100,1000000
2024KL0009890,1,449.67,38,1,2,1,9,45617,414,5000,1,1,1,1,1,1900100,1000000
2024KL0009891,1,449.67,36,1,6,1,10,27190,247,6000,1,2,1,1,1,1900108,1000000
2024KL0009892,1,449.67,24,2,2,1,18,38580,350,1000,1,1,1,5,1,1900110,1000000
2024KL0009893,1,449.67,32,1,1,1,7,4392,39,7000,3,1,1,1,1,1900108,1000000
2024KL0009894,1,449.67,32,1,1,1,11,8593,78,9000,1,1,2,5,1,1900101,1000000
2024KL0009895,1,449.67,8,1,6,1,5,662,6,0,0,6,1,5,1,1900107,1000000
2024KL0009896,1,449.67,1,2,1,1,8,8378,76,0,0,6,1,5,1,1900109,1000000
2024KL0009897,1,449.67,11,1,1,1,3,2036,18,0,0,6,1,5,1,1900110,1000000
2024KL0009898,1,449.67,41,1,2,1,11,19561,177,9000,3,1,1,1,1,1900110,1000000
2024KL0009899,1,449.67,48,2,6,1,20,119541,501,1000,1,3,1,1,1,1900109,1000000
2024KL0009900,1,449.67,91,1,6,1,6,4006,36,0,0,6,1,3,1,1900100,1000000
2024KL0009901,1,449.67,13,1,1,1,3,1674,15,0,0,6,1,5,1,1900104,1000000
2024KL0009902,1,449.67,21,1,1,1,11,4993,45,7000,3,1,1,1,1,1900108,1000000
2024KL0009903,1,449.67,57,1,2,1,11,15915,144,7000,4,1,1,2,1,1900106,1000000
2024KL0009904,1,449.67,36,1,1,1,16,65878,501,2000,3,5,1,1,1,1900104,1000000
2024KL0009905,1,449.67,33,2,1,1,15,123791,501,4000,1,1,1,1,2,1900100,1000000
2024KL0009906,1,449.67,23,1,1,1,16,29480,268,1000,3,1,1,5,1,1900107,1000000
2024KL0009907,1,449.67,0,1,1,1,6,5272,47,0,0,6,1,5,1,1900106,1000000
2024KL0009908,1,449.67,15,1,6,1,18,19232,174,0,0,6,1,5,2,1900106,1000000
2024KL0009909,1,449.67,22,1,3,1,12,18256,165,6000,6,5,1,1,1,1900103,1000000
2024KL0009910,1,449.67,18,2,3,1,12,46215,420,8000,6,1,1,1,1,1900104,1000000
2024KL0009911,1,449.67,39,2,5,1,14,43605,396,7000,3,1,1,1,1,1900103,1000000
2024KL0009912,1,449.67,57,2,8,1,12,20094,182,2000,1,1,1,1,1,1900108,1000000
2024KL0009913,1,449.67,22,1,6,1,15,48048,436,3000,3,1,1,5,1,1900111,1000000
2024KL0009914,1,449.67,53,2,2,1,8,3286,29,9800,3,5,1,2,1,1900111,1000000
2024KL0009915,1,449.67,31,1,6,1,11,42504,386,5000,1,1,1,5,1,1900105,1000000
2024KL0009916,1,449.67,23,2,1,1,15,34464,313,4000,1,1,1,5,1,1900108,1000000
2024KL0009917,1,449.67,70,1,1,1,6,2050,18,9920,1,1,1,1,1,1900112,1000000
2024KL0009918,1,449.67,13,2,2,1,9,3753,34,0,0,6,1,5,1,1900107,1000000
2024KL0009919,1,449.67,73,2,7,1,8,14808,134,0,0,6,1,1,1,1900114,1000000
2024KL0009920,1,449.67,17,1,2,1,13,17977,163,0,0,6,1,5,1,1900106,1000000
2024KL0009921,1,449.67,10,2,1,1,6,8701,79,0,0,6,1,5,1,1900107,1000000
2024KL0009922,1,449.67,7,1,3,1,6,3471,31,0,0,6,1,5,1,1900114,1000000
2024KL0009923,1,449.67,31,1,1,1,6,5087,46,9800,3,1,1,1,1,1900102,1000000
2024KL0009924,1,449.67,35,2,1,1,9,27800,252,4000,1,1,1,1,1,1900108,1000000
2024KL0009925,1,449.67,51,2,1,1,7,15338,139,9920,3,5,1,5,1,1900100,1000000
2024KL0009926,1,449.67,51,2,2,1,12,15540,141,2000,3,1,1,1,1,1900112,1000000
2024KL0009927,1,449.67,41,1,4,1,18,105113,501,5000,4,2,1,1,1,1900113,1000000
2024KL0009928,1,449.67,67,1,2,1,6,3403,30,7000,1,1,1,1,1,1900114,1000000
2024KL0009929,1,449.67,41,1,2,1,5,11886,108,9800,1,4,1,2,1,1900109,1000000
2024KL0009930,1,449.67,21,1,3,1,10,26166,237,2000,2,1,1,1,1,1900101,1000000
2024KL0009931,1,449.67,18,1,1,1,12,5480,49,4000,3,1,1,1,1,1900101,1000000
2024KL0009932,1,449.67,10,2,1,1,2,3074,27,0,0,6,1,5,1,1900100,1000000
2024KL0009933,1,449.67,22,1,1,1,12,10848,98,5000,1,1,1,5,1,1900100,1000000
2024KL0009934,1,449.67,12,1,1,1,7,602,5,0,0,6,1,5,2,1900114,1000000
2024KL0009935,1,449.67,42,1,1,1,9,21800,198,9000,4,1,1,1,1,1900105,1000000
2024KL0009936,1,449.67,25,2,2,1,11,18259,165,5000,6,2,1,1,1,1900111,1000000
2024KL0009937,1,449.67,0,1,2,1,1,3109,28,0,0,6,1,5,1,1900104,1000000
2024KL0009938,1,449.67,73,1,2,1,6,9673,87,0,0,6,1,1,1,1900106,1000000
2024KL0009939,1,449.67,15,2,6,1,14,13027,118,0,0,6,1,5,1,1900103,1000000
2024KL0009940,1,449.67,41,1,1,1,19,333409,501,1000,1,2,1,2,1,1900101,1000000
2024KL0009941,1,449.67,26,1,1,1,12,49786,452,3000,2,1,1,1,1,1900111,1000000
2024KL0009942,1,449.67,44,1,1,1,12,43478,395,2000,1,2,2,1,1,1900102,1000000
2024KL0009943,1,449.67,34,1,1,1,13,33918,308,8000,3,1,1,1,1,1900108,1000000
2024KL0009944,1,449.67,44,1,6,1,7,7846,71,9920,4,1,1,1,1,1900105,1000000
2024KL0009945,1,449.67,40,1,4,1,6,6628,60,9000,1,1,1,5,1,1900109,1000000
2024KL0009946,1,449.67,69,1,1,1,12,5153,46,4000,2,1,1,5,1,1900102,1000000
2024KL0009947,1,449.67,50,2,5,1,8,13671,124,5000,4,2,1,1,1,1900104,1000000
2024KL0009948,1,449.67,17,2,2,1,15,30408,276,0,0,6,1,5,1,1900103,1000000
2024KL0009949,1,449.67,16,1,6,1,18,20224,183,0,0,6,1,5,1,1900108,1000000
2024KL0009950,1,449.67,56,1,1,1,12,5918,53,7000,4,1,1,1,1,1900105,1000000
2024KL0009951,1,449.67,24,1,1,1,19,70107,501,2000,2,5,1,5,2,1900111,1000000
2024KL0009952,1,449.67,34,1,1,1,12,52215,474,2000,2,1,1,1,1,1900113,1000000
2024KL0009953,1,449.67,39,1,4,1,13,14178,128,6000,1,1,1,1,1,1900106,1000000
2024KL0009954,1,449.67,0,2,3,1,6,11110,101,0,0,6,1,5,1,1900102,1000000
2024KL0009955,1,449.67,22,1,2,1,16,38203,347,6000,1,1,1,5,1,1900110,1000000
2024KL0009956,1,449.67,8,2,1,1,9,15328,139,0,0,6,1,5,2,1900101,1000000
2024KL0009957,1,449.67,39,1,2,1,14,11780,107,9800,3,5,1,3,1,1900108,1000000
2024KL0009958,1,449.67,31,2,5,1,5,2851,25,6000,1,1,1,1,1,1900101,1000000
2024KL0009959,1,449.67,58,2,1,1,8,28126,255,8000,1,1,1,1,1,1900108,1000000
2024KL0009960,1,449.67,58,2,1,1,12,10797,98,2000,2,2,1,1,1,1900112,1000000
2024KL0009961,1,449.67,50,1,2,1,12,22250,202,2000,1,1,1,5,1,1900106,1000000
2024KL0009962,1,449.67,15,2,1,1,19,80874,501,0,0,6,1,5,1,1900114,1000000
2024KL0009963,1,449.67,51,2,5,1,9,35714,324,2000,1,1,1,1,1,1900110,1000000
2024KL0009964,1,449.67,9,1,6,1,4,3043,27,0,0,6,1,5,1,1900106,1000000
2024KL0009965,1,449.67,15,1,2,1,20,39062,355,0,0,6,1,5,1,1900110,1000000
2024KL0009966,1,449.67,23,1,2,1,18,129821,501,1000,2,1,1,1,1,1900108,1000000
2024KL0009967,1,449.67,57,1,5,1,17,149347,501,4000,2,2,1,1,1,1900109,1000000
2024KL0009968,1,449.67,55,1,1,1,7,6926,62,5000,3,1,1,1,1,1900107,1000000
2024KL0009969,1,449.67,2,1,7,1,9,4966,45,0,0,6,1,5,1,1900114,1000000
2024KL0009970,1,449.67,7,1,1,1,3,1852,16,0,0,6,1,5,1,1900102,1000000
2024KL0009971,1,449.67,10,1,1,1,3,5254,47,0,0,6,1,5,1,1900100,1000000
2024KL0009972,1,449.67,53,2,1,1,8,30873,280,9800,3,1,1,1,1,1900104,1000000
2024KL0009973,1,449.67,19,2,1,1,13,19790,179,5000,1,1,1,1,1,1900107,1000000
2024KL0009974,1,449.67,70,1,4,1,7,1669,15,9920,3,1,1,2,1,1900104,1000000
2024KL0009975,1,449.67,92,1,3,1,5,3777,34,0,0,6,1,1,1,1900110,1000000
2024KL0009976,1,449.67,16,2,1,1,16,47032,427,0,0,6,1,5,1,1900110,1000000
2024KL0009977,1,449.67,40,2,1,1,11,51467,467,1000,2,1,1,1,1,1900100,1000000
2024KL0009978,1,449.67,50,1,1,1,14,12931,117,7000,3,1,1,5,1,1900113,1000000
2024KL0009979,1,449.67,31,2,2,1,11,87059,501,9000,1,1,1,1,1,1900113,1000000
2024KL0009980,1,449.67,71,2,2,1,6,13116,119,0,0,6,1,1,1,1900104,1000000
2024KL0009981,1,449.67,40,2,2,1,11,25538,232,8000,1,1,1,2,1,1900105,1000000
2024KL0009982,1,449.67,14,1,1,1,1,8326,75,0,0,6,1,5,1,1900103,1000000
2024KL0009983,1,449.67,31,1,1,1,9,22645,205,7000,1,1,1,1,1,1900107,1000000
2024KL0009984,1,449.67,0,1,3,1,8,3015,27,0,0,6,1,5,1,1900114,1000000
2024KL0009985,1,449.67,23,2,2,1,17,23099,209,6000,4,1,1,5,1,1900101,1000000
2024KL0009986,1,449.67,61,1,1,1,10,28353,257,6000,4,4,1,2,1,1900109,1000000
2024KL0009987,1,449.67,19,2,1,1,17,21201,192,4000,1,1,1,5,1,1900100,1000000
2024KL0009988,1,449.67,44,2,1,1,9,19133,173,7000,1,1,1,1,1,1900102,1000000
2024KL0009989,1,449.67,10,2,1,1,2,8512,77,0,0,6,1,5,1,1900112,1000000
2024KL0009990,1,449.67,17,2,1,1,13,6741,61,0,0,6,1,5,2,1900103,1000000
2024KL0009991,1,449.67,42,2,1,1,17,94346,501,1000,1,4,1,5,1,1900112,1000000
2024KL0009992,1,449.67,34,1,2,1,9,12590,114,7000,3,1,1,5,1,1900105,1000000
2024KL0009993,1,449.67,0,1,7,1,8,12086,109,0,0,6,1,5,1,1900109,1000000
2024KL0009994,1,449.67,3,2,2,1,5,4463,40,0,0,6,1,5,1,1900100,1000000
2024KL0009995,1,449.67,55,2,2,1,8,11201,101,6000,3,2,1,1,1,1900113,1000000
2024KL0009996,1,449.67,41,2,1,1,11,66565,501,6000,1,1,1,5,1,1900108,1000000
2024KL0009997,1,449.67,35,1,1,1,20,187706,501,2000,1,1,1,1,2,1900114,1000000
2024KL0009998,1,449.67,53,2,4,1,9,29287,266,3000,3,2,1,1,1,1900107,1000000
2024KL0009999,1,449.67,85,1,3,1,9,11008,100,0,0,6,1,1,1,1900106,1000000
2024KL0010000,1,449.67,28,1,1,1,14,22702,206,9000,6,1,1,1,1,1900105,1000000
