SERIALNO,SPORDER,PWGTP,AGEP,SEX,RAC1P,HISP,SCHL,PINCP,POVPIP,OCCP,COW,ESR,CIT,MAR,NATIVITY,PUMA,ADJINC
2024MU0000001,1,1841.43,27,1,2,1,5,14610,121,5000,1,2,1,1,1,2700103,1000000
2024MU0000002,1,1841.43,7,2,1,1,6,12013,100,0,0,6,1,5,1,2700112,1000000
2024MU0000003,1,1841.43,36,2,3,1,12,36959,307,8000,3,1,1,1,1,2700106,1000000
2024MU0000004,1,1841.43,21,2,3,1,16,35753,297,1000,3,1,1,5,1,2700114,1000000
2024MU0000005,1,1841.43,7,1,1,1,5,7189,59,0,0,6,1,5,1,2700119,1000000
2024MU0000006,1,1841.43,22,1,1,1,18,35757,297,3000,3,1,1,1,1,2700103,1000000
2024MU0000007,1,1841.43,35,1,9,1,11,48470,403,3000,1,1,1,1,1,2700115,1000000
2024MU0000008,1,1841.43,7,1,3,1,8,11089,92,0,0,6,1,5,1,2700111,1000000
2024MU0000009,1,1841.43,50,1,2,1,9,23974,199,5000,1,1,1,5,1,2700116,1000000
2024MU0000010,1,1841.43,11,2,5,1,6,7800,65,0,0,6,1,5,1,2700116,1000000
2024MU0000011,1,1841.43,11,1,2,1,4,4095,34,0,0,6,1,5,2,2700105,1000000
2024MU0000012,1,1841.43,42,2,1,1,9,27178,226,9800,6,5,1,1,1,2700118,1000000
2024MU0000013,1,1841.43,15,1,1,1,18,27948,232,0,0,6,1,5,2,2700111,1000000
2024MU0000014,1,1841.43,29,2,2,1,7,7016,58,9800,1,1,1,5,1,2700115,1000000
2024MU0000015,1,1841.43,11,1,6,1,5,1969,16,0,0,6,5,5,1,2700102,1000000
2024MU0000016,1,1841.43,74,1,1,1,9,15196,126,6000,3,1,1,1,1,2700111,1000000
2024MU0000017,1,1841.43,29,2,1,1,14,30477,253,9800,1,1,1,1,1,2700121,1000000
2024MU0000018,1,1841.43,41,2,8,1,10,38796,323,8000,4,3,1,1,1,2700119,1000000
2024MU0000019,1,1841.43,23,1,1,1,14,24127,201,6000,1,1,1,5,1,2700101,1000000
2024MU0000020,1,1841.43,2,1,3,1,3,4802,40,0,0,6,1,5,1,2700100,1000000
2024MU0000021,1,1841.43,38,1,1,1,16,162944,501,1000,2,1,1,1,1,2700118,1000000
2024MU0000022,1,1841.43,3,2,3,1,4,1604,13,0,0,6,1,5,1,2700104,1000000
2024MU0000023,1,1841.43,73,2,2,1,10,15217,126,9000,1,1,1,1,1,2700105,1000000
2024MU0000024,1,1841.43,53,1,1,1,5,2754,22,7000,1,5,1,1,1,2700114,1000000
2024MU0000025,1,1841.43,1,1,3,1,3,3520,29,0,0,6,1,5,1,2700119,1000000
2024MU0000026,1,1841.43,44,2,3,1,8,18083,150,6000,3,5,1,1,1,2700120,1000000
2024MU0000027,1,1841.43,41,1,3,1,11,64936,501,6000,1,1,1,1,1,2700115,1000000
2024MU0000028,1,1841.43,29,2,3,1,9,32361,269,3000,1,2,1,5,1,2700101,1000000
2024MU0000029,1,1841.43,0,1,2,1,1,6214,51,0,0,6,1,5,1,2700121,1000000
2024MU0000030,1,1841.43,22,2,2,1,12,30409,253,9000,1,1,1,5,1,2700108,1000000
2024MU0000031,1,1841.43,43,1,3,1,7,9338,77,5000,1,1,1,1,1,2700107,1000000
2024MU0000032,1,1841.43,24,1,3,1,12,13302,110,7000,6,1,1,5,1,2700103,1000000
2024MU0000033,1,1841.43,42,1,3,1,7,12989,108,5000,1,1,1,1,1,2700104,1000000
2024MU0000034,1,1841.43,85,2,3,1,10,10619,88,0,0,6,1,1,1,2700108,1000000
2024MU0000035,1,1841.43,24,2,1,1,14,26716,222,8000,4,1,1,5,1,2700120,1000000
2024MU0000036,1,1841.43,58,2,1,1,9,25737,214,6000,1,4,1,5,1,2700110,1000000
2024MU0000037,1,1841.43,44,2,1,1,17,152324,501,4000,1,1,2,1,1,2700122,1000000
2024MU0000038,1,1841.43,6,1,8,1,4,4167,34,0,0,6,1,5,1,2700122,1000000
2024MU0000039,1,1841.43,28,1,4,1,17,103295,501,1000,2,1,1,1,1,2700123,1000000
2024MU0000040,1,1841.43,27,2,3,1,9,39597,329,6000,1,2,1,1,1,2700106,1000000
2024MU0000041,1,1841.43,19,1,1,1,14,9607,80,5000,3,1,1,5,1,2700101,1000000
2024MU0000042,1,1841.43,38,1,1,1,10,40114,334,8000,1,1,1,1,2,2700123,1000000
2024MU0000043,1,1841.43,26,1,8,1,11,41273,343,5000,3,1,1,1,1,2700122,1000000
2024MU0000044,1,1841.43,27,1,8,1,12,160976,501,8000,4,1,1,1,1,2700122,1000000
2024MU0000045,1,1841.43,45,1,1,1,7,7266,60,5000,6,1,1,1,1,2700120,1000000
2024MU0000046,1,1841.43,8,2,4,1,6,4144,34,0,0,6,1,5,1,2700101,1000000
2024MU0000047,1,1841.43,41,2,2,1,9,18869,157,9800,3,1,2,1,1,2700111,1000000
2024MU0000048,1,1841.43,29,2,1,1,5,10510,87,7000,3,1,1,1,1,2700116,1000000
2024MU0000049,1,1841.43,45,2,3,1,10,27186,226,5000,1,5,1,1,1,2700105,1000000
2024MU0000050,1,1841.43,32,2,3,1,14,40070,333,3000,2,1,1,1,1,2700100,1000000
2024MU0000051,1,1841.43,34,1,4,1,8,18152,151,6000,6,1,1,1,1,2700122,1000000
2024MU0000052,1,1841.43,54,1,1,1,5,9031,75,9920,1,1,1,1,1,2700108,1000000
2024MU0000053,1,1841.43,6,2,1,1,7,962,8,0,0,6,1,5,1,2700109,1000000
2024MU0000054,1,1841.43,56,1,1,1,18,232192,501,2000,2,3,1,1,1,2700121,1000000
2024MU0000055,1,1841.43,21,1,1,1,11,19604,163,9000,4,2,1,5,1,2700105,1000000
2024MU0000056,1,1841.43,22,1,2,1,19,148981,501,3000,2,1,1,5,1,2700100,1000000
2024MU0000057,1,1841.43,41,1,1,1,8,7836,65,9800,4,1,1,1,1,2700115,1000000
2024MU0000058,1,1841.43,40,1,2,1,16,124658,501,6000,1,1,1,1,1,2700109,1000000
2024MU0000059,1,1841.43,32,1,2,1,12,56106,467,9800,4,1,1,1,1,2700113,1000000
2024MU0000060,1,1841.43,13,1,3,1,7,7420,61,0,0,6,1,5,1,2700113,1000000
2024MU0000061,1,1841.43,49,2,3,1,12,79688,501,4000,1,5,1,1,1,2700123,1000000
2024MU0000062,1,1841.43,44,2,3,1,5,37155,309,9800,4,1,1,1,1,2700113,1000000
2024MU0000063,1,1841.43,25,2,1,1,6,2654,22,5000,1,1,1,1,1,2700112,1000000
2024MU0000064,1,1841.43,29,1,1,1,11,23473,195,6000,6,1,1,1,1,2700101,1000000
2024MU0000065,1,1841.43,11,1,1,1,2,8870,73,0,0,6,1,5,1,2700119,1000000
2024MU0000066,1,1841.43,14,2,1,1,4,1914,15,0,0,6,1,5,1,2700122,1000000
2024MU0000067,1,1841.43,45,1,1,1,16,246195,501,4000,3,1,1,1,1,2700101,1000000
2024MU0000068,1,1841.43,18,2,1,1,13,38688,322,6000,3,1,1,5,1,2700117,1000000
2024MU0000069,1,1841.43,51,2,3,1,9,83606,501,7000,1,1,1,4,1,2700104,1000000
2024MU0000070,1,1841.43,44,2,9,1,8,27216,226,9920,4,1,1,1,1,2700103,1000000
2024MU0000071,1,1841.43,33,2,1,1,12,31858,265,9800,4,1,1,5,2,2700106,1000000
2024MU0000072,1,1841.43,66,1,5,1,5,8367,69,7000,3,1,1,1,1,2700103,1000000
2024MU0000073,1,1841.43,20,1,1,1,13,4246,35,7000,6,1,1,5,1,2700112,1000000
2024MU0000074,1,1841.43,54,2,3,1,13,21019,175,3000,1,5,1,1,1,2700110,1000000
2024MU0000075,1,1841.43,53,1,3,1,12,22080,184,7000,4,2,1,4,1,2700101,1000000
2024MU0000076,1,1841.43,11,1,8,1,6,4211,35,0,0,6,1,5,1,2700108,1000000
2024MU0000077,1,1841.43,56,1,1,1,12,27597,229,8000,3,4,1,2,1,2700112,1000000
2024MU0000078,1,1841.43,28,1,1,1,10,34890,290,9000,1,1,1,1,1,2700123,1000000
2024MU0000079,1,1841.43,39,1,1,1,13,80563,501,9800,3,3,1,1,1,2700109,1000000
2024MU0000080,1,1841.43,8,1,2,1,4,2271,18,0,0,6,1,5,1,2700120,1000000
2024MU0000081,1,1841.43,15,2,8,1,11,12088,100,0,0,6,1,5,1,2700115,1000000
2024MU0000082,1,1841.43,25,2,4,1,10,21713,180,6000,4,1,1,5,1,2700117,1000000
2024MU0000083,1,1841.43,18,2,3,1,12,12445,103,9800,1,1,1,5,1,2700104,1000000
2024MU0000084,1,1841.43,17,2,2,1,14,17612,146,0,0,6,1,5,2,2700117,1000000
2024MU0000085,1,1841.43,7,1,8,1,3,8375,69,0,0,6,1,5,1,2700113,1000000
2024MU0000086,1,1841.43,43,1,2,1,10,69670,501,8000,4,1,1,1,1,2700108,1000000
2024MU0000087,1,1841.43,2,1,1,1,4,5581,46,0,0,6,1,5,1,2700101,1000000
2024MU0000088,1,1841.43,22,2,5,1,17,33682,280,1000,1,2,1,1,1,2700110,1000000
2024MU0000089,1,1841.43,91,2,1,1,8,2812,23,0,0,6,1,1,2,2700122,1000000
2024MU0000090,1,1841.43,23,1,1,1,19,105320,501,3000,1,1,1,5,1,2700117,1000000
2024MU0000091,1,1841.43,28,1,1,1,6,14239,118,7000,4,1,5,1,1,2700107,1000000
2024MU0000092,1,1841.43,71,2,3,1,9,7355,61,6000,1,3,1,1,1,2700106,1000000
2024MU0000093,1,1841.43,16,2,3,1,16,36262,302,0,0,6,1,5,1,2700100,1000000
2024MU0000094,1,1841.43,34,2,1,1,18,138829,501,2000,1,1,1,1,1,2700122,1000000
2024MU0000095,1,1841.43,15,1,3,1,14,2810,23,0,0,6,1,5,1,2700105,1000000
2024MU0000096,1,1841.43,16,1,4,1,13,5088,42,0,0,6,1,5,1,2700103,1000000
2024MU0000097,1,1841.43,20,2,8,1,12,22623,188,7000,1,5,1,5,2,2700116,1000000
2024MU0000098,1,1841.43,0,2,3,1,3,7002,58,0,0,6,1,5,1,2700111,1000000
2024MU0000099,1,1841.43,43,2,4,1,9,24029,200,5000,3,1,1,1,1,2700116,1000000
2024MU0000100,1,1841.43,11,2,4,1,7,1751,14,0,0,6,1,5,1,2700108,1000000
2024MU0000101,1,1841.43,20,2,1,1,13,1960,16,9800,1,1,1,5,1,2700104,1000000
2024MU0000102,1,1841.43,3,2,1,1,2,13004,108,0,0,6,1,5,1,2700101,1000000
2024MU0000103,1,1841.43,7,1,2,1,3,4141,34,0,0,6,1,5,1,2700109,1000000
2024MU0000104,1,1841.43,14,1,1,1,2,18088,150,0,0,6,1,5,1,2700104,1000000
2024MU0000105,1,1841.43,49,2,1,1,15,105589,501,6000,1,1,1,1,1,2700118,1000000
2024MU0000106,1,1841.43,35,1,2,1,16,140347,501,4000,1,1,1,2,1,2700108,1000000
2024MU0000107,1,1841.43,29,2,1,1,9,54217,451,4000,3,1,1,1,1,2700110,1000000
2024MU0000108,1,1841.43,0,2,1,1,3,14870,123,0,0,6,1,5,1,2700121,1000000
2024MU0000109,1,1841.43,10,2,2,1,8,5984,49,0,0,6,1,5,1,2700119,1000000
2024MU0000110,1,1841.43,12,1,3,1,1,4015,33,0,0,6,1,5,1,2700119,1000000
2024MU0000111,1,1841.43,56,1,5,1,10,37033,308,7000,1,1,1,2,1,2700116,1000000
2024MU0000112,1,1841.43,32,2,2,1,16,63248,501,4000,1,2,5,1,1,2700114,1000000
2024MU0000113,1,1841.43,44,2,2,1,9,33356,277,9800,1,1,1,3,1,2700103,1000000
2024MU0000114,1,1841.43,6,2,2,1,1,4175,34,0,0,6,1,5,1,2700101,1000000
2024MU0000115,1,1841.43,0,1,1,1,3,12107,100,0,0,6,1,5,1,2700117,1000000
2024MU0000116,1,1841.43,21,1,1,1,19,48098,400,1000,1,1,1,5,1,2700117,1000000
2024MU0000117,1,1841.43,60,2,4,1,5,31260,260,9000,1,1,1,1,1,2700110,1000000
2024MU0000118,1,1841.43,38,2,2,1,10,41152,342,7000,1,1,1,1,1,2700113,1000000
2024MU0000119,1,1841.43,6,2,4,1,6,10838,90,0,0,6,1,5,1,2700112,1000000
2024MU0000120,1,1841.43,39,1,3,1,15,177789,501,3000,1,1,1,1,2,2700101,1000000
2024MU0000121,1,1841.43,26,1,1,1,11,44502,370,5000,1,1,1,5,1,2700116,1000000
2024MU0000122,1,1841.43,8,1,2,1,3,8769,73,0,0,6,1,5,1,2700118,1000000
2024MU0000123,1,1841.43,15,2,2,1,16,48821,406,0,0,6,1,5,1,2700115,1000000
2024MU0000124,1,1841.43,13,2,2,1,3,9386,78,0,0,6,1,5,1,2700114,1000000
2024MU0000125,1,1841.43,49,1,2,1,7,88232,501,9000,1,1,5,1,1,2700118,1000000
2024MU0000126,1,1841.43,51,1,9,1,12,112625,501,6000,1,3,1,1,1,2700110,1000000
2024MU0000127,1,1841.43,17,2,5,1,12,15101,125,0,0,6,1,5,1,2700101,1000000
2024MU0000128,1,1841.43,32,1,8,1,5,11259,93,9920,3,4,1,1,2,2700104,1000000
2024MU0000129,1,1841.43,50,2,1,1,8,17910,149,9920,4,1,1,1,1,2700115,1000000
2024MU0000130,1,1841.43,37,2,1,1,11,11316,94,7000,3,1,1,1,1,2700103,1000000
2024MU0000131,1,1841.43,45,1,1,1,11,77855,501,8000,3,1,5,1,1,2700118,1000000
2024MU0000132,1,1841.43,5,1,1,1,6,1716,14,0,0,6,1,5,1,2700120,1000000
2024MU0000133,1,1841.43,43,2,2,1,11,95612,501,5000,1,1,1,5,1,2700102,1000000
2024MU0000134,1,1841.43,13,1,3,1,5,19540,162,0,0,6,1,5,1,2700107,1000000
2024MU0000135,1,1841.43,84,1,2,1,9,6576,54,0,0,6,1,3,1,2700101,1000000
2024MU0000136,1,1841.43,13,2,8,1,3,3849,32,0,0,6,1,5,1,2700113,1000000
2024MU0000137,1,1841.43,35,2,9,1,10,20686,172,9800,3,1,1,1,1,2700110,1000000
2024MU0000138,1,1841.43,27,2,1,1,12,8664,72,7000,6,1,1,1,1,2700104,1000000
2024MU0000139,1,1841.43,0,1,6,1,1,3681,30,0,0,6,1,5,1,2700111,1000000
2024MU0000140,1,1841.43,13,1,2,1,3,6661,55,0,0,6,1,5,1,2700117,1000000
2024MU0000141,1,1841.43,18,1,2,1,14,18473,153,7000,3,4,1,5,1,2700108,1000000
2024MU0000142,1,1841.43,22,1,4,1,15,86613,501,6000,1,1,1,1,1,2700116,1000000
2024MU0000143,1,1841.43,45,2,1,1,9,13593,113,3000,1,1,1,1,1,2700120,1000000
2024MU0000144,1,1841.43,26,1,8,1,13,31673,263,7000,3,4,1,1,1,2700115,1000000
2024MU0000145,1,1841.43,20,2,3,1,14,3832,31,8000,1,1,1,5,1,2700119,1000000
2024MU0000146,1,1841.43,28,1,7,1,16,33545,279,3000,1,2,1,1,1,2700118,1000000
2024MU0000147,1,1841.43,35,1,9,1,10,21688,180,4000,2,2,1,1,1,2700116,1000000
2024MU0000148,1,1841.43,20,2,2,1,15,55598,463,4000,1,4,1,5,1,2700112,1000000
2024MU0000149,1,1841.43,55,1,1,1,5,20665,172,8000,1,3,1,1,1,2700114,1000000
2024MU0000150,1,1841.43,58,1,1,1,8,17293,144,6000,4,1,1,1,1,2700106,1000000
2024MU0000151,1,1841.43,44,1,1,1,13,23825,198,9800,3,1,1,5,1,2700109,1000000
2024MU0000152,1,1841.43,19,1,1,1,14,8304,69,6000,1,1,1,5,1,2700115,1000000
2024MU0000153,1,1841.43,2,1,5,1,3,1339,11,0,0,6,1,5,1,2700121,1000000
2024MU0000154,1,1841.43,30,1,1,1,11,113247,501,7000,4,1,1,5,1,2700100,1000000
2024MU0000155,1,1841.43,11,2,9,1,1,23244,193,0,0,6,1,5,1,2700115,1000000
2024MU0000156,1,1841.43,88,2,3,1,8,10426,86,0,0,6,1,1,1,2700103,1000000
2024MU0000157,1,1841.43,20,2,1,1,13,18183,151,5000,6,1,1,1,1,2700109,1000000
2024MU0000158,1,1841.43,23,1,2,1,14,25993,216,3000,3,1,1,1,1,2700100,1000000
2024MU0000159,1,1841.43,88,2,2,1,10,5844,48,0,0,6,1,5,1,2700118,1000000
2024MU0000160,1,1841.43,19,1,2,1,16,17848,148,4000,1,1,1,1,1,2700111,1000000
2024MU0000161,1,1841.43,41,2,2,1,9,31462,262,7000,3,1,1,1,1,2700100,1000000
2024MU0000162,1,1841.43,59,2,1,1,10,27731,231,9000,3,1,1,1,1,2700117,1000000
2024MU0000163,1,1841.43,21,1,3,1,17,20471,170,4000,2,1,1,5,1,2700116,1000000
2024MU0000164,1,1841.43,17,2,2,1,17,30475,253,0,0,6,1,5,1,2700104,1000000
2024MU0000165,1,1841.43,8,2,4,1,2,2030,16,0,0,6,1,5,1,2700121,1000000
2024MU0000166,1,1841.43,20,2,5,1,13,49683,414,6000,3,1,1,5,1,2700117,1000000
2024MU0000167,1,1841.43,37,1,1,1,9,16756,139,8000,1,1,2,1,1,2700102,1000000
2024MU0000168,1,1841.43,1,2,1,1,2,8150,67,0,0,6,1,5,1,2700117,1000000
2024MU0000169,1,1841.43,35,2,3,1,5,13001,108,7000,4,1,1,1,1,2700122,1000000
2024MU0000170,1,1841.43,29,1,9,1,7,15476,128,6000,4,1,1,1,1,2700115,1000000
2024MU0000171,1,1841.43,16,2,2,1,18,40170,334,0,0,6,1,5,1,2700111,1000000
2024MU0000172,1,1841.43,22,1,1,1,15,86775,501,6000,1,1,1,5,1,2700110,1000000
2024MU0000173,1,1841.43,40,1,1,1,8,6474,53,8000,1,1,1,1,1,2700116,1000000
2024MU0000174,1,1841.43,36,2,1,1,12,34540,287,5000,3,1,1,5,1,2700106,1000000
2024MU0000175,1,1841.43,21,2,1,1,17,32777,273,5000,1,4,1,1,1,2700104,1000000
2024MU0000176,1,1841.43,16,2,2,1,14,11737,97,0,0,6,1,5,1,2700108,1000000
2024MU0000177,1,1841.43,57,2,3,1,9,17744,147,9800,4,1,1,1,1,2700122,1000000
2024MU0000178,1,1841.43,6,1,1,1,1,11259,93,0,0,6,1,5,1,2700115,1000000
2024MU0000179,1,1841.43,27,1,1,1,12,5071,42,9000,1,1,1,1,1,2700100,1000000
2024MU0000180,1,1841.43,7,2,2,1,4,3281,27,0,0,6,1,5,1,2700117,1000000
2024MU0000181,1,1841.43,43,1,6,1,9,22865,190,7000,1,1,2,1,1,2700105,1000000
2024MU0000182,1,1841.43,51,2,2,1,9,41254,343,7000,4,2,1,4,1,2700115,1000000
2024MU0000183,1,1841.43,1,1,9,1,5,9039,75,0,0,6,1,5,1,2700101,1000000
2024MU0000184,1,1841.43,6,1,2,1,5,1300,10,0,0,6,1,5,1,2700113,1000000
2024MU0000185,1,1841.43,32,1,1,1,10,226351,501,9000,3,1,1,5,1,2700103,1000000
2024MU0000186,1,1841.43,29,1,1,1,5,12560,104,9800,1,1,1,1,1,2700114,1000000
2024MU0000187,1,1841.43,81,2,3,1,8,9065,75,0,0,6,1,2,1,2700116,1000000
2024MU0000188,1,1841.43,35,2,2,1,16,49934,416,4000,2,1,1,1,1,2700123,1000000
2024MU0000189,1,1841.43,24,2,3,1,17,76796,501,5000,4,1,1,5,1,2700108,1000000
2024MU0000190,1,1841.43,50,1,4,1,19,323138,501,1000,1,4,1,1,1,2700113,1000000
2024MU0000191,1,1841.43,34,1,3,1,7,18963,158,5000,6,1,1,1,1,2700112,1000000
2024MU0000192,1,1841.43,19,1,1,1,13,12018,100,9800,1,1,1,5,1,2700123,1000000
2024MU0000193,1,1841.43,26,1,5,1,11,28016,233,9800,6,2,1,1,2,2700110,1000000
2024MU0000194,1,1841.43,33,1,2,1,8,5323,44,9800,1,5,1,1,1,2700103,1000000
2024MU0000195,1,1841.43,48,1,2,1,5,5299,44,7000,3,1,1,2,1,2700102,1000000
2024MU0000196,1,1841.43,17,1,2,1,14,24699,205,0,0,6,1,5,1,2700105,1000000
2024MU0000197,1,1841.43,33,1,3,1,9,80815,501,5000,3,1,1,1,1,2700118,1000000
2024MU0000198,1,1841.43,1,1,1,1,3,9138,76,0,0,6,1,5,1,2700116,1000000
2024MU0000199,1,1841.43,28,2,2,1,18,48202,401,4000,3,3,1,1,1,2700115,1000000
2024MU0000200,1,1841.43,7,2,1,1,3,3533,29,0,0,6,1,5,1,2700104,1000000
2024MU0000201,1,1841.43,26,1,2,1,7,28632,238,9800,1,1,1,1,2,2700109,1000000
2024MU0000202,1,1841.43,39,2,1,1,7,5999,49,6000,1,3,1,1,1,2700103,1000000
2024MU0000203,1,1841.43,4,1,1,1,7,9896,82,0,0,6,1,5,1,2700120,1000000
2024MU0000204,1,1841.43,14,2,1,1,6,2506,20,0,0,6,1,5,1,2700115,1000000
2024MU0000205,1,1841.43,34,1,2,1,7,8087,67,9800,4,1,1,5,1,2700110,1000000
2024MU0000206,1,1841.43,9,2,8,1,3,3906,32,0,0,6,1,5,1,2700101,1000000
2024MU0000207,1,1841.43,1,1,1,1,6,1639,13,0,0,6,1,5,1,2700116,1000000
2024MU0000208,1,1841.43,5,2,2,1,3,878,7,0,0,6,1,5,1,2700114,1000000
2024MU0000209,1,1841.43,37,1,1,1,19,247789,501,3000,1,1,1,1,1,2700108,1000000
2024MU0000210,1,1841.43,60,2,4,1,8,20484,170,9000,4,1,1,1,1,2700101,1000000
2024MU0000211,1,1841.43,98,1,1,1,5,17660,147,0,0,6,1,1,1,2700106,1000000
2024MU0000212,1,1841.43,34,1,1,1,15,170502,501,6000,1,1,1,1,1,2700112,1000000
2024MU0000213,1,1841.43,36,2,1,1,9,172490,501,9800,3,2,1,5,1,2700105,1000000
2024MU0000214,1,1841.43,9,1,9,1,3,11907,99,0,0,6,2,5,1,2700120,1000000
2024MU0000215,1,1841.43,19,2,3,1,14,18263,152,9000,4,1,1,5,1,2700101,1000000
2024MU0000216,1,1841.43,12,1,1,1,6,5830,48,0,0,6,1,5,1,2700107,1000000
2024MU0000217,1,1841.43,4,1,1,1,2,10722,89,0,0,6,1,5,1,2700121,1000000
2024MU0000218,1,1841.43,13,2,1,1,4,682,5,0,0,6,1,5,1,2700107,1000000
2024MU0000219,1,1841.43,48,1,1,1,5,10919,90,5000,1,1,1,1,1,2700119,1000000
2024MU0000220,1,1841.43,9,1,4,1,7,906,7,0,0,6,1,5,1,2700105,1000000
2024MU0000221,1,1841.43,34,2,2,1,9,69320,501,9800,4,1,1,1,1,2700108,1000000
2024MU0000222,1,1841.43,15,2,3,1,13,6477,53,0,0,6,1,5,1,2700118,1000000
2024MU0000223,1,1841.43,19,2,1,1,16,181283,501,3000,1,1,1,5,1,2700110,1000000
2024MU0000224,1,1841.43,24,1,3,1,17,57878,482,4000,1,1,1,5,1,2700121,1000000
2024MU0000225,1,1841.43,95,1,1,1,10,19561,163,0,0,6,1,1,1,2700116,1000000
2024MU0000226,1,1841.43,14,1,1,1,3,2905,24,0,0,6,1,5,1,2700103,1000000
2024MU0000227,1,1841.43,2,1,3,1,7,2710,22,0,0,6,1,5,1,2700120,1000000
2024MU0000228,1,1841.43,15,2,1,1,14,4552,37,0,0,6,1,5,1,2700101,1000000
2024MU0000229,1,1841.43,42,1,3,1,6,5757,47,9800,1,1,1,1,1,2700106,1000000
2024MU0000230,1,1841.43,7,1,6,1,7,700,5,0,0,6,1,5,1,2700119,1000000
2024MU0000231,1,1841.43,61,1,1,1,8,20668,172,6000,1,1,1,2,1,2700109,1000000
2024MU0000232,1,1841.43,10,2,8,1,5,2853,23,0,0,6,5,5,1,2700103,1000000
2024MU0000233,1,1841.43,56,2,1,1,15,314952,501,4000,2,1,1,5,1,2700120,1000000
2024MU0000234,1,1841.43,26,2,1,1,11,12160,101,7000,1,1,1,5,1,2700105,1000000
2024MU0000235,1,1841.43,12,1,3,1,1,13056,108,0,0,6,1,5,1,2700108,1000000
2024MU0000236,1,1841.43,34,2,3,1,16,304271,501,4000,1,1,1,1,2,2700112,1000000
2024MU0000237,1,1841.43,30,2,1,1,9,106537,501,9800,6,1,1,5,1,2700122,1000000
2024MU0000238,1,1841.43,69,1,4,1,8,8060,67,9800,1,2,1,5,1,2700112,1000000
2024MU0000239,1,1841.43,12,1,9,1,3,3057,25,0,0,6,1,5,1,2700103,1000000
2024MU0000240,1,1841.43,14,1,1,1,3,11124,92,0,0,6,1,5,1,2700108,1000000
2024MU0000241,1,1841.43,27,1,8,1,13,16694,139,6000,4,2,1,1,1,2700119,1000000
2024MU0000242,1,1841.43,2,2,3,1,4,4977,41,0,0,6,1,5,1,2700120,1000000
2024MU0000243,1,1841.43,24,1,9,1,16,76926,501,1000,3,1,1,5,1,2700108,1000000
2024MU0000244,1,1841.43,24,1,1,1,18,46258,385,6000,4,1,1,1,1,2700107,1000000
2024MU0000245,1,1841.43,43,2,4,1,8,20025,166,8000,1,1,1,1,1,2700105,1000000
2024MU0000246,1,1841.43,53,2,1,1,10,61040,501,5000,4,1,1,1,1,2700121,1000000
2024MU0000247,1,1841.43,24,2,8,1,17,45177,376,4000,1,1,1,5,1,2700122,1000000
2024MU0000248,1,1841.43,42,1,3,1,11,60138,501,3000,1,1,1,1,1,2700113,1000000
2024MU0000249,1,1841.43,95,1,2,1,8,1122,9,0,0,6,1,1,1,2700116,1000000
2024MU0000250,1,1841.43,27,1,1,1,10,13939,116,5000,6,2,1,1,1,2700119,1000000
2024MU0000251,1,1841.43,24,1,5,1,14,21093,175,8000,1,1,1,1,1,2700107,1000000
2024MU0000252,1,1841.43,22,1,3,1,14,37309,310,6000,3,1,1,5,1,2700109,1000000
2024MU0000253,1,1841.43,45,2,2,1,8,32137,267,6000,1,1,1,1,1,2700114,1000000
2024MU0000254,1,1841.43,33,1,2,1,13,46179,384,8000,1,3,5,1,1,2700122,1000000
2024MU0000255,1,1841.43,21,1,5,1,12,16198,134,9800,3,1,1,1,1,2700101,1000000
2024MU0000256,1,1841.43,36,1,1,1,18,107578,501,5000,6,1,1,1,1,2700122,1000000
2024MU0000257,1,1841.43,96,2,1,1,10,24105,200,0,0,6,1,2,1,2700120,1000000
2024MU0000258,1,1841.43,6,2,8,1,3,5311,44,0,0,6,2,5,1,2700109,1000000
2024MU0000259,1,1841.43,38,2,2,1,5,10669,88,7000,1,3,2,1,1,2700121,1000000
2024MU0000260,1,1841.43,13,1,1,1,6,3016,25,0,0,6,1,5,1,2700109,1000000
2024MU0000261,1,1841.43,58,1,1,1,11,55275,460,8000,1,1,2,1,1,2700116,1000000
2024MU0000262,1,1841.43,23,1,8,1,20,393525,501,3000,1,1,1,5,1,2700116,1000000
2024MU0000263,1,1841.43,25,1,1,1,8,28065,233,9800,1,5,1,1,1,2700107,1000000
2024MU0000264,1,1841.43,3,2,3,1,1,1624,13,0,0,6,1,5,1,2700122,1000000
2024MU0000265,1,1841.43,8,2,8,1,8,1628,13,0,0,6,1,5,1,2700111,1000000
2024MU0000266,1,1841.43,53,2,1,1,7,8703,72,6000,1,1,1,1,1,2700100,1000000
2024MU0000267,1,1841.43,28,2,5,1,13,31135,259,5000,1,1,1,1,1,2700109,1000000
2024MU0000268,1,1841.43,33,2,2,1,6,16662,138,9000,3,1,1,1,1,2700101,1000000
2024MU0000269,1,1841.43,44,1,3,1,12,103830,501,5000,1,2,1,1,1,2700116,1000000
2024MU0000270,1,1841.43,4,2,2,1,2,11295,94,0,0,6,1,5,1,2700101,1000000
2024MU0000271,1,1841.43,23,1,3,1,17,79241,501,4000,1,1,1,5,1,2700112,1000000
2024MU0000272,1,1841.43,34,2,1,1,11,37157,309,5000,1,2,1,1,1,2700106,1000000
2024MU0000273,1,1841.43,36,1,1,1,18,161517,501,3000,3,2,1,1,1,2700106,1000000
2024MU0000274,1,1841.43,51,1,9,1,5,31274,260,7000,1,4,1,2,1,2700108,1000000
2024MU0000275,1,1841.43,9,2,1,1,3,6235,51,0,0,6,1,5,1,2700114,1000000
2024MU0000276,1,1841.43,73,1,5,1,5,4729,39,9920,1,1,1,1,1,2700108,1000000
2024MU0000277,1,1841.43,34,1,1,1,16,82040,501,5000,4,1,1,1,1,2700106,1000000
2024MU0000278,1,1841.43,42,1,2,1,10,20028,166,5000,1,1,1,1,1,2700111,1000000
2024MU0000279,1,1841.43,16,1,5,1,15,33260,277,0,0,6,1,5,1,2700107,1000000
2024MU0000280,1,1841.43,68,2,1,1,5,10996,91,9920,4,1,1,1,1,2700106,1000000
2024MU0000281,1,1841.43,41,2,6,1,9,72890,501,7000,1,1,1,1,1,2700105,1000000
2024MU0000282,1,1841.43,50,1,2,1,8,33570,279,6000,3,1,1,1,1,2700109,1000000
2024MU0000283,1,1841.43,12,1,2,1,3,13098,109,0,0,6,2,5,1,2700119,1000000
2024MU0000284,1,1841.43,8,2,3,1,6,1334,11,0,0,6,2,5,1,2700102,1000000
2024MU0000285,1,1841.43,54,1,1,1,5,18468,153,8000,1,1,1,2,1,2700120,1000000
2024MU0000286,1,1841.43,12,1,1,1,5,5695,47,0,0,6,1,5,1,2700120,1000000
2024MU0000287,1,1841.43,2,1,3,1,7,3777,31,0,0,6,1,5,1,2700119,1000000
2024MU0000288,1,1841.43,42,2,1,1,14,24403,203,5000,3,1,1,1,1,2700111,1000000
2024MU0000289,1,1841.43,18,1,1,1,17,70460,501,4000,1,1,1,5,1,2700102,1000000
2024MU0000290,1,1841.43,6,1,5,1,3,2502,20,0,0,6,1,5,1,2700119,1000000
2024MU0000291,1,1841.43,63,1,5,1,8,2312,19,9800,1,1,1,1,1,2700117,1000000
2024MU0000292,1,1841.43,26,1,2,1,7,10860,90,9000,3,1,1,1,1,2700122,1000000
2024MU0000293,1,1841.43,12,2,2,1,2,3313,27,0,0,6,1,5,1,2700113,1000000
2024MU0000294,1,1841.43,21,1,3,1,16,90277,501,4000,1,1,1,5,2,2700115,1000000
2024MU0000295,1,1841.43,24,1,2,1,18,105944,501,3000,2,1,1,5,1,2700107,1000000
2024MU0000296,1,1841.43,28,1,2,1,6,8371,69,6000,4,1,1,5,1,2700115,1000000
2024MU0000297,1,1841.43,27,1,9,1,7,9130,76,9920,4,1,1,1,1,2700116,1000000
2024MU0000298,1,1841.43,28,2,1,1,12,25108,209,6000,1,2,1,1,1,2700100,1000000
2024MU0000299,1,1841.43,11,2,3,1,3,23617,196,0,0,6,1,5,1,2700104,1000000
2024MU0000300,1,1841.43,44,1,8,1,10,69923,501,8000,1,1,1,1,1,2700122,1000000
2024MU0000301,1,1841.43,30,1,3,1,8,5200,43,7000,4,1,1,1,1,2700104,1000000
2024MU0000302,1,1841.43,41,1,8,1,6,13184,109,5000,6,5,1,1,1,2700122,1000000
2024MU0000303,1,1841.43,84,2,1,1,8,6554,54,0,0,6,1,1,1,2700117,1000000
2024MU0000304,1,1841.43,50,2,1,1,13,16725,139,9800,3,1,1,1,1,2700102,1000000
2024MU0000305,1,1841.43,24,1,6,1,17,27094,225,1000,1,1,1,1,1,2700103,1000000
2024MU0000306,1,1841.43,12,2,2,1,7,6454,53,0,0,6,1,5,1,2700120,1000000
2024MU0000307,1,1841.43,4,2,3,1,3,2105,17,0,0,6,1,5,1,2700115,1000000
2024MU0000308,1,1841.43,4,2,1,1,7,10883,90,0,0,6,1,5,1,2700119,1000000
2024MU0000309,1,1841.43,96,1,4,1,7,6723,56,0,0,6,1,5,1,2700122,1000000
2024MU0000310,1,1841.43,17,1,2,1,18,22280,185,0,0,6,1,5,1,2700104,1000000
2024MU0000311,1,1841.43,77,1,1,1,7,966,8,0,0,6,1,1,1,2700115,1000000
2024MU0000312,1,1841.43,0,2,2,1,3,10656,88,0,0,6,1,5,1,2700104,1000000
2024MU0000313,1,1841.43,44,2,3,1,7,20274,168,9000,3,2,1,1,1,2700117,1000000
2024MU0000314,1,1841.43,62,2,1,1,8,9334,77,9800,3,3,1,1,1,2700100,1000000
2024MU0000315,1,1841.43,53,1,3,1,5,6553,54,9800,6,1,1,1,1,2700100,1000000
2024MU0000316,1,1841.43,54,1,2,1,15,257675,501,6000,1,3,1,3,1,2700110,1000000
2024MU0000317,1,1841.43,67,1,1,1,6,2851,23,9800,1,1,1,1,1,2700107,1000000
2024MU0000318,1,1841.43,22,2,4,1,14,22444,187,6000,6,4,1,5,1,2700100,1000000
2024MU0000319,1,1841.43,37,1,1,1,8,25288,210,9920,1,1,1,1,1,2700108,1000000
2024MU0000320,1,1841.43,3,1,1,1,1,12792,106,0,0,6,1,5,1,2700117,1000000
2024MU0000321,1,1841.43,24,2,2,1,17,69359,501,6000,3,1,1,5,1,2700107,1000000
2024MU0000322,1,1841.43,11,1,3,1,5,2226,18,0,0,6,1,5,1,2700117,1000000
2024MU0000323,1,1841.43,8,1,8,1,7,3679,30,0,0,6,1,5,1,2700107,1000000
2024MU0000324,1,1841.43,25,1,1,1,5,22036,183,7000,4,1,1,1,1,2700107,1000000
2024MU0000325,1,1841.43,30,2,2,1,17,233271,501,4000,2,1,1,1,1,2700112,1000000
2024MU0000326,1,1841.43,19,2,1,1,14,4160,34,7000,3,4,1,5,1,2700115,1000000
2024MU0000327,1,1841.43,56,2,4,1,15,105763,501,3000,1,1,1,1,1,2700115,1000000
2024MU0000328,1,1841.43,27,1,2,1,7,3392,28,5000,3,3,1,5,1,2700121,1000000
2024MU0000329,1,1841.43,57,2,3,1,11,67437,501,6000,4,1,1,1,1,2700106,1000000
2024MU0000330,1,1841.43,64,2,1,1,8,18730,156,9800,4,1,1,1,1,2700103,1000000
2024MU0000331,1,1841.43,31,2,6,1,9,22867,190,7000,1,1,1,1,2,2700103,1000000
2024MU0000332,1,1841.43,13,2,2,1,1,13675,113,0,0,6,1,5,1,2700118,1000000
2024MU0000333,1,1841.43,57,1,9,1,10,45913,382,9800,1,1,1,1,1,2700113,1000000
2024MU0000334,1,1841.43,7,1,1,1,1,4799,39,0,0,6,1,5,1,2700120,1000000
2024MU0000335,1,1841.43,15,1,2,1,15,26597,221,0,0,6,1,5,1,2700114,1000000
2024MU0000336,1,1841.43,29,2,4,1,12,28889,240,9000,1,2,1,1,1,2700107,1000000
2024MU0000337,1,1841.43,4,2,3,1,6,2953,24,0,0,6,1,5,1,2700102,1000000
2024MU0000338,1,1841.43,38,2,1,1,20,164673,501,3000,2,1,1,1,1,2700111,1000000
2024MU0000339,1,1841.43,86,1,9,1,6,17857,148,0,0,6,1,1,1,2700103,1000000
2024MU0000340,1,1841.43,30,1,1,1,9,30865,257,5000,1,1,1,1,1,2700118,1000000
2024MU0000341,1,1841.43,17,1,1,1,14,7536,62,0,0,6,1,5,1,2700111,1000000
2024MU0000342,1,1841.43,4,2,2,1,6,3614,30,0,0,6,1,5,1,2700108,1000000
2024MU0000343,1,1841.43,5,1,2,1,8,12526,104,0,0,6,1,5,1,2700100,1000000
2024MU0000344,1,1841.43,34,2,4,1,18,233519,501,4000,1,1,1,1,1,2700109,1000000
2024MU0000345,1,1841.43,97,1,2,1,12,13772,114,0,0,6,1,1,1,2700110,1000000
2024MU0000346,1,1841.43,51,1,2,1,13,85712,501,9800,1,1,1,5,1,2700110,1000000
2024MU0000347,1,1841.43,34,2,2,1,20,251797,501,4000,3,2,1,5,1,2700107,1000000
2024MU0000348,1,1841.43,32,1,2,1,10,24147,201,9000,1,1,1,5,2,2700116,1000000
2024MU0000349,1,1841.43,13,1,8,1,8,2738,22,0,0,6,1,5,1,2700110,1000000
2024MU0000350,1,1841.43,0,1,6,1,6,12023,100,0,0,6,1,5,1,2700109,1000000
2024MU0000351,1,1841.43,72,1,2,1,5,35352,294,9800,1,1,1,1,1,2700119,1000000
2024MU0000352,1,1841.43,0,2,1,1,1,5176,43,0,0,6,1,5,1,2700109,1000000
2024MU0000353,1,1841.43,31,2,8,1,8,10189,84,8000,3,1,1,5,1,2700112,1000000
2024MU0000354,1,1841.43,22,1,1,1,17,73269,501,3000,1,1,1,5,1,2700116,1000000
2024MU0000355,1,1841.43,9,2,1,1,5,2177,18,0,0,6,1,5,1,2700114,1000000
2024MU0000356,1,1841.43,20,1,1,1,13,7074,58,6000,1,1,1,5,1,2700113,1000000
2024MU0000357,1,1841.43,46,2,1,1,11,26417,220,7000,4,1,1,1,1,2700110,1000000
2024MU0000358,1,1841.43,50,2,5,1,6,12538,104,6000,4,1,1,1,1,2700110,1000000
2024MU0000359,1,1841.43,89,2,3,1,10,19758,164,0,0,6,1,1,1,2700117,1000000
2024MU0000360,1,1841.43,53,1,9,1,12,32737,272,9000,4,1,1,5,1,2700115,1000000
2024MU0000361,1,1841.43,44,1,1,1,18,103728,501,4000,1,1,1,1,1,2700109,1000000
2024MU0000362,1,1841.43,14,1,2,1,2,7364,61,0,0,6,1,5,1,2700101,1000000
2024MU0000363,1,1841.43,58,2,9,1,14,30932,257,5000,1,1,1,1,1,2700120,1000000
2024MU0000364,1,1841.43,32,1,5,1,9,38824,323,9000,4,1,1,1,1,2700118,1000000
2024MU0000365,1,1841.43,56,1,3,1,9,32093,267,8000,1,1,1,1,1,2700107,1000000
2024MU0000366,1,1841.43,93,2,1,1,7,22959,191,0,0,6,1,3,1,2700117,1000000
2024MU0000367,1,1841.43,44,1,4,1,10,30898,257,6000,4,1,1,1,1,2700112,1000000
2024MU0000368,1,1841.43,29,1,1,1,20,214272,501,4000,3,1,1,5,1,2700120,1000000
2024MU0000369,1,1841.43,38,1,2,1,12,25808,215,6000,1,1,1,1,1,2700121,1000000
2024MU0000370,1,1841.43,22,1,3,1,19,189440,501,3000,1,1,1,5,1,2700113,1000000
2024MU0000371,1,1841.43,58,1,3,1,7,20681,172,9920,3,1,1,2,1,2700109,1000000
2024MU0000372,1,1841.43,32,1,3,1,10,93088,501,5000,1,1,5,1,1,2700104,1000000
2024MU0000373,1,1841.43,42,1,3,1,9,33300,277,9800,4,3,1,1,1,2700100,1000000
2024MU0000374,1,1841.43,7,1,1,1,3,1643,13,0,0,6,1,5,2,2700114,1000000
2024MU0000375,1,1841.43,45,2,2,1,18,74008,501,5000,1,1,1,3,1,2700122,1000000
2024MU0000376,1,1841.43,22,1,3,1,17,140868,501,3000,1,1,1,1,1,2700121,1000000
2024MU0000377,1,1841.43,5,2,1,1,4,21193,176,0,0,6,1,5,2,2700103,1000000
2024MU0000378,1,1841.43,27,1,1,1,14,52102,434,8000,4,1,1,5,1,2700122,1000000
2024MU0000379,1,1841.43,10,1,1,1,4,1460,12,0,0,6,1,5,1,2700114,1000000
2024MU0000380,1,1841.43,2,2,2,1,1,7604,63,0,0,6,1,5,2,2700110,1000000
2024MU0000381,1,1841.43,36,1,9,1,11,22508,187,9800,1,1,1,1,1,2700112,1000000
2024MU0000382,1,1841.43,14,1,1,1,5,3031,25,0,0,6,1,5,1,2700115,1000000
2024MU0000383,1,1841.43,22,2,2,1,20,174638,501,4000,3,1,1,5,1,2700109,1000000
2024MU0000384,1,1841.43,3,2,3,1,1,5325,44,0,0,6,1,5,1,2700122,1000000
2024MU0000385,1,1841.43,17,1,1,1,15,30800,256,0,0,6,1,5,1,2700110,1000000
2024MU0000386,1,1841.43,55,1,8,1,5,8259,68,9800,1,1,1,1,1,2700113,1000000
2024MU0000387,1,1841.43,31,2,2,1,7,37432,311,5000,6,1,1,1,1,2700109,1000000
2024MU0000388,1,1841.43,32,2,6,1,12,30122,251,5000,1,1,1,1,1,2700100,1000000
2024MU0000389,1,1841.43,4,1,1,1,3,10934,91,0,0,6,1,5,1,2700121,1000000
2024MU0000390,1,1841.43,24,1,1,1,17,34934,291,4000,1,1,1,1,1,2700105,1000000
2024MU0000391,1,1841.43,4,1,1,1,5,4762,39,0,0,6,1,5,1,2700105,1000000
2024MU0000392,1,1841.43,34,1,1,1,8,6011,50,8000,1,1,1,5,1,2700113,1000000
2024MU0000393,1,1841.43,24,1,6,1,15,47877,398,6000,1,2,1,1,1,2700123,1000000
2024MU0000394,1,1841.43,45,1,1,1,5,10635,88,7000,1,1,1,1,1,2700112,1000000
2024MU0000395,1,1841.43,27,1,3,1,15,196657,501,3000,1,2,1,1,1,2700108,1000000
2024MU0000396,1,1841.43,24,1,1,1,10,72582,501,5000,4,1,1,5,1,2700119,1000000
2024MU0000397,1,1841.43,53,2,5,1,5,26887,224,5000,4,2,1,4,1,2700105,1000000
2024MU0000398,1,1841.43,37,1,4,1,12,44605,371,4000,3,1,1,1,1,2700100,1000000
2024MU0000399,1,1841.43,59,1,2,1,18,110507,501,4000,2,1,1,3,1,2700104,1000000
2024MU0000400,1,1841.43,15,1,1,1,18,63317,501,0,0,6,1,5,1,2700117,1000000
2024MU0000401,1,1841.43,15,2,3,1,13,17799,148,0,0,6,1,5,1,2700111,1000000
2024MU0000402,1,1841.43,2,2,1,1,2,4066,33,0,0,6,1,5,1,2700121,1000000
2024MU0000403,1,1841.43,14,2,1,1,5,13165,109,0,0,6,1,5,1,2700107,1000000
2024MU0000404,1,1841.43,37,1,3,1,15,193114,501,3000,1,1,1,1,1,2700110,1000000
2024MU0000405,1,1841.43,24,2,9,1,14,34425,286,9800,1,1,1,1,1,2700106,1000000
2024MU0000406,1,1841.43,43,1,8,1,9,31603,263,7000,1,1,1,5,1,2700105,1000000
2024MU0000407,1,1841.43,27,1,3,1,7,6887,57,9920,1,3,1,1,1,2700107,1000000
2024MU0000408,1,1841.43,10,2,2,1,2,3062,25,0,0,6,1,5,1,2700102,1000000
2024MU0000409,1,1841.43,21,2,9,1,15,38957,324,4000,2,1,1,5,1,2700100,1000000
2024MU0000410,1,1841.43,36,2,2,1,7,31286,260,8000,4,2,1,1,1,2700115,1000000
2024MU0000411,1,1841.43,29,2,2,1,8,3365,28,8000,4,1,1,1,1,2700122,1000000
2024MU0000412,1,1841.43,1,2,8,1,3,844,7,0,0,6,1,5,1,2700109,1000000
2024MU0000413,1,1841.43,17,1,1,1,14,5596,46,0,0,6,1,5,1,2700120,1000000
2024MU0000414,1,1841.43,23,1,1,1,10,21839,181,9800,4,1,1,1,1,2700117,1000000
2024MU0000415,1,1841.43,41,1,3,1,9,100658,501,9000,3,1,1,1,1,2700119,1000000
2024MU0000416,1,1841.43,8,2,1,1,8,3202,26,0,0,6,1,5,1,2700115,1000000
2024MU0000417,1,1841.43,50,1,2,1,5,16380,136,8000,6,1,1,2,1,2700109,1000000
2024MU0000418,1,1841.43,26,2,2,1,12,38924,324,8000,1,1,1,1,1,2700111,1000000
2024MU0000419,1,1841.43,12,1,2,1,7,1767,14,0,0,6,1,5,1,2700114,1000000
2024MU0000420,1,1841.43,33,1,9,1,9,121084,501,5000,4,2,1,1,1,2700101,1000000
2024MU0000421,1,1841.43,23,1,1,1,12,18242,152,9000,1,3,1,5,1,2700117,1000000
2024MU0000422,1,1841.43,29,1,2,1,5,37223,310,9920,1,1,1,5,1,2700120,1000000
2024MU0000423,1,1841.43,35,2,1,1,12,39894,332,5000,3,2,2,1,1,2700111,1000000
2024MU0000424,1,1841.43,37,1,3,1,11,34408,286,8000,1,1,1,1,1,2700110,1000000
2024MU0000425,1,1841.43,41,1,3,1,7,6592,54,8000,1,1,1,1,1,2700122,1000000
2024MU0000426,1,1841.43,8,1,2,1,7,4693,39,0,0,6,1,5,1,2700109,1000000
2024MU0000427,1,1841.43,18,1,1,1,17,114537,501,6000,1,1,1,5,1,2700105,1000000
2024MU0000428,1,1841.43,31,1,3,1,9,58211,485,3000,2,1,5,1,1,2700116,1000000
2024MU0000429,1,1841.43,10,1,2,1,6,4975,41,0,0,6,1,5,1,2700116,1000000
2024MU0000430,1,1841.43,96,2,1,1,6,3918,32,0,0,6,1,2,1,2700116,1000000
2024MU0000431,1,1841.43,81,1,2,1,9,27480,229,0,0,6,1,1,1,2700102,1000000
2024MU0000432,1,1841.43,5,1,2,1,2,4546,37,0,0,6,1,5,1,2700100,1000000
2024MU0000433,1,1841.43,3,2,9,1,6,3811,31,0,0,6,1,5,1,2700109,1000000
2024MU0000434,1,1841.43,58,1,6,1,7,19847,165,5000,6,2,1,1,1,2700103,1000000
2024MU0000435,1,1841.43,29,1,3,1,12,8149,67,3000,1,1,1,5,1,2700104,1000000
2024MU0000436,1,1841.43,8,2,8,1,2,3698,30,0,0,6,1,5,2,2700112,1000000
2024MU0000437,1,1841.43,2,1,3,1,6,1538,12,0,0,6,1,5,1,2700116,1000000
2024MU0000438,1,1841.43,4,2,8,1,1,4101,34,0,0,6,1,5,1,2700120,1000000
2024MU0000439,1,1841.43,90,1,1,1,5,3742,31,0,0,6,1,1,1,2700102,1000000
2024MU0000440,1,1841.43,48,2,2,1,6,9486,79,5000,6,1,1,1,2,2700116,1000000
2024MU0000441,1,1841.43,63,2,3,1,5,4597,38,9800,4,1,1,1,1,2700103,1000000
2024MU0000442,1,1841.43,5,1,3,1,6,9784,81,0,0,6,1,5,1,2700113,1000000
2024MU0000443,1,1841.43,22,1,1,1,20,113321,501,1000,1,1,1,5,1,2700104,1000000
2024MU0000444,1,1841.43,43,1,1,1,12,28151,234,8000,3,1,1,1,1,2700100,1000000
2024MU0000445,1,1841.43,59,1,1,1,13,106025,501,9800,6,1,1,5,1,2700111,1000000
2024MU0000446,1,1841.43,39,2,1,1,5,25252,210,5000,4,1,1,1,1,2700101,1000000
2024MU0000447,1,1841.43,26,2,1,1,7,2098,17,5000,1,4,1,1,1,2700105,1000000
2024MU0000448,1,1841.43,9,1,2,1,5,12140,101,0,0,6,1,5,1,2700112,1000000
2024MU0000449,1,1841.43,17,1,6,1,20,135940,501,0,0,6,2,5,1,2700101,1000000
2024MU0000450,1,1841.43,3,1,3,1,6,13898,115,0,0,6,1,5,1,2700117,1000000
2024MU0000451,1,1841.43,14,2,5,1,4,6840,56,0,0,6,1,5,1,2700107,1000000
2024MU0000452,1,1841.43,43,2,8,1,6,6640,55,9920,1,1,1,1,1,2700110,1000000
2024MU0000453,1,1841.43,19,2,2,1,12,10525,87,8000,4,1,1,5,1,2700123,1000000
2024MU0000454,1,1841.43,29,1,1,1,10,10540,87,5000,3,4,1,5,2,2700109,1000000
2024MU0000455,1,1841.43,25,2,1,1,13,15845,132,6000,1,1,1,5,1,2700103,1000000
2024MU0000456,1,1841.43,35,1,9,1,5,6592,54,9920,1,1,1,1,1,2700118,1000000
2024MU0000457,1,1841.43,24,2,1,1,18,54210,451,3000,2,1,1,5,1,2700101,1000000
2024MU0000458,1,1841.43,39,1,3,1,17,130704,501,5000,1,2,1,1,1,2700123,1000000
2024MU0000459,1,1841.43,72,1,2,1,11,13298,110,5000,3,1,1,2,1,2700101,1000000
2024MU0000460,1,1841.43,33,2,9,1,16,88397,501,4000,2,1,1,1,1,2700112,1000000
2024MU0000461,1,1841.43,19,2,2,1,10,8887,74,9800,1,1,1,5,1,2700107,1000000
2024MU0000462,1,1841.43,8,1,5,1,9,31121,259,0,0,6,1,5,1,2700100,1000000
2024MU0000463,1,1841.43,37,2,1,1,10,198183,501,3000,1,4,1,1,1,2700113,1000000
2024MU0000464,1,1841.43,32,1,1,1,15,90391,501,3000,3,2,1,1,1,2700115,1000000
2024MU0000465,1,1841.43,15,2,3,1,12,13784,114,0,0,6,1,5,1,2700112,1000000
2024MU0000466,1,1841.43,56,2,9,1,9,20152,167,7000,4,3,1,1,1,2700120,1000000
2024MU0000467,1,1841.43,73,1,2,1,5,12344,102,9000,4,1,1,1,1,2700114,1000000
2024MU0000468,1,1841.43,70,2,9,1,5,4562,38,5000,3,1,1,1,1,2700114,1000000
2024MU0000469,1,1841.43,71,1,4,1,12,11037,91,6000,1,5,2,1,1,2700105,1000000
2024MU0000470,1,1841.43,15,1,4,1,18,98418,501,0,0,6,1,5,1,2700106,1000000
2024MU0000471,1,1841.43,35,2,2,1,11,16866,140,6000,3,3,1,1,1,2700116,1000000
2024MU0000472,1,1841.43,12,2,2,1,5,563,4,0,0,6,1,5,1,2700110,1000000
2024MU0000473,1,1841.43,8,2,1,1,6,7214,60,0,0,6,1,5,1,2700123,1000000
2024MU0000474,1,1841.43,41,2,9,1,8,11946,99,5000,4,2,1,5,1,2700105,1000000
2024MU0000475,1,1841.43,4,1,9,1,6,2390,19,0,0,6,1,5,1,2700116,1000000
2024MU0000476,1,1841.43,2,1,3,1,4,35644,297,0,0,6,1,5,1,2700116,1000000
2024MU0000477,1,1841.43,39,2,1,1,12,72655,501,6000,1,1,1,5,1,2700121,1000000
2024MU0000478,1,1841.43,53,1,1,1,17,95310,501,6000,1,1,1,1,1,2700109,1000000
2024MU0000479,1,1841.43,53,2,9,1,9,22124,184,6000,1,1,1,1,1,2700108,1000000
2024MU0000480,1,1841.43,37,1,1,1,10,59538,496,7000,1,1,2,1,1,2700102,1000000
2024MU0000481,1,1841.43,28,2,6,1,16,27921,232,3000,3,1,1,1,1,2700112,1000000
2024MU0000482,1,1841.43,57,1,2,1,14,25304,210,5000,1,1,1,1,1,2700113,1000000
2024MU0000483,1,1841.43,21,2,2,1,20,58540,487,2000,1,1,1,5,1,2700102,1000000
2024MU0000484,1,1841.43,15,2,5,1,15,33661,280,0,0,6,1,5,1,2700100,1000000
2024MU0000485,1,1841.43,0,2,1,1,3,3576,29,0,0,6,1,5,1,2700107,1000000
2024MU0000486,1,1841.43,16,1,2,1,13,6706,55,0,0,6,1,5,1,2700107,1000000
2024MU0000487,1,1841.43,37,2,9,1,5,33484,279,7000,4,3,1,1,1,2700102,1000000
2024MU0000488,1,1841.43,6,2,3,1,6,1069,8,0,0,6,1,5,1,2700122,1000000
2024MU0000489,1,1841.43,5,2,4,1,3,3208,26,0,0,6,1,5,1,2700123,1000000
2024MU0000490,1,1841.43,17,2,4,1,16,21704,180,0,0,6,1,5,1,2700112,1000000
2024MU0000491,1,1841.43,18,1,1,1,19,98908,501,2000,2,1,1,5,1,2700105,1000000
2024MU0000492,1,1841.43,57,1,1,1,16,74957,501,4000,1,1,1,1,1,2700102,1000000
2024MU0000493,1,1841.43,28,1,2,1,5,15168,126,9920,4,3,1,1,1,2700103,1000000
2024MU0000494,1,1841.43,48,1,2,1,8,20926,174,5000,1,1,1,1,1,2700112,1000000
2024MU0000495,1,1841.43,92,2,2,1,10,5025,41,0,0,6,1,2,1,2700111,1000000
2024MU0000496,1,1841.43,40,1,4,1,9,41621,346,9000,6,1,1,1,1,2700122,1000000
2024MU0000497,1,1841.43,43,1,1,1,12,12866,107,3000,1,1,1,1,1,2700112,1000000
2024MU0000498,1,1841.43,1,1,3,1,7,5308,44,0,0,6,1,5,1,2700122,1000000
2024MU0000499,1,1841.43,40,1,1,1,9,26136,217,3000,1,1,1,1,1,2700102,1000000
2024MU0000500,1,1841.43,35,1,1,1,9,100006,501,5000,1,1,1,1,1,2700105,1000000
2024MU0000501,1,1841.43,59,1,2,1,9,31999,266,7000,4,4,1,1,1,2700120,1000000
2024MU0000502,1,1841.43,27,1,6,1,12,16946,141,3000,1,1,1,1,1,2700123,1000000
2024MU0000503,1,1841.43,7,1,1,1,4,10466,87,0,0,6,1,5,1,2700111,1000000
2024MU0000504,1,1841.43,22,2,3,1,17,46803,390,5000,1,1,1,5,1,2700108,1000000
2024MU0000505,1,1841.43,14,1,3,1,8,8199,68,0,0,6,1,5,1,2700100,1000000
2024MU0000506,1,1841.43,27,2,1,1,9,40300,335,3000,1,1,5,1,1,2700119,1000000
2024MU0000507,1,1841.43,44,2,2,1,17,95135,501,4000,1,1,1,1,1,2700123,1000000
2024MU0000508,1,1841.43,33,2,8,1,12,17105,142,8000,1,1,1,1,1,2700116,1000000
2024MU0000509,1,1841.43,40,2,2,1,13,103931,501,5000,1,1,1,3,1,2700104,1000000
2024MU0000510,1,1841.43,33,2,1,1,7,23925,199,8000,1,1,1,1,1,2700119,1000000
2024MU0000511,1,1841.43,9,1,3,1,3,2161,18,0,0,6,1,5,1,2700110,1000000
2024MU0000512,1,1841.43,20,2,3,1,14,12929,107,6000,1,1,1,5,1,2700117,1000000
2024MU0000513,1,1841.43,29,1,1,1,9,58757,489,5000,1,1,1,5,1,2700123,1000000
2024MU0000514,1,1841.43,25,1,1,1,7,11689,97,9800,4,4,1,1,1,2700106,1000000
2024MU0000515,1,1841.43,12,2,1,1,7,4850,40,0,0,6,1,5,1,2700120,1000000
2024MU0000516,1,1841.43,1,1,1,1,4,9151,76,0,0,6,1,5,1,2700106,1000000
2024MU0000517,1,1841.43,44,2,1,1,17,297949,501,3000,1,1,1,5,1,2700107,1000000
2024MU0000518,1,1841.43,40,2,2,1,10,40078,333,9800,1,1,1,1,1,2700122,1000000
2024MU0000519,1,1841.43,95,1,2,1,5,2291,19,0,0,6,1,3,1,2700106,1000000
2024MU0000520,1,1841.43,49,2,8,1,9,17509,145,5000,4,1,1,1,1,2700110,1000000
2024MU0000521,1,1841.43,52,1,3,1,20,140716,501,3000,3,4,1,2,1,2700123,1000000
2024MU0000522,1,1841.43,30,1,7,1,12,22649,188,5000,3,1,1,1,1,2700115,1000000
2024MU0000523,1,1841.43,39,2,2,1,5,4172,34,7000,1,1,1,1,1,2700122,1000000
2024MU0000524,1,1841.43,2,1,1,1,8,17575,146,0,0,6,1,5,1,2700117,1000000
2024MU0000525,1,1841.43,37,2,2,1,8,24460,203,7000,3,3,1,1,1,2700123,1000000
2024MU0000526,1,1841.43,55,2,5,1,11,25168,209,3000,1,1,1,5,1,2700112,1000000
2024MU0000527,1,1841.43,28,1,1,1,11,28398,236,7000,1,1,1,1,1,2700107,1000000
2024MU0000528,1,1841.43,9,2,1,1,3,959,7,0,0,6,1,5,1,2700112,1000000
2024MU0000529,1,1841.43,50,2,1,1,7,33720,281,5000,1,4,1,1,1,2700122,1000000
2024MU0000530,1,1841.43,45,1,2,1,15,36774,306,6000,6,1,1,1,1,2700108,1000000
2024MU0000531,1,1841.43,51,1,1,1,15,134056,501,4000,2,1,1,1,1,2700107,1000000
2024MU0000532,1,1841.43,14,2,1,1,5,920,7,0,0,6,2,5,1,2700114,1000000
2024MU0000533,1,1841.43,23,1,1,1,13,21743,181,8000,1,1,1,5,1,2700118,1000000
2024MU0000534,1,1841.43,39,2,3,1,7,43324,361,9800,6,5,1,1,1,2700118,1000000
2024MU0000535,1,1841.43,49,1,2,1,6,4337,36,5000,1,5,1,1,1,2700109,1000000
2024MU0000536,1,1841.43,32,2,3,1,11,39270,327,6000,1,2,1,1,1,2700102,1000000
2024MU0000537,1,1841.43,23,2,2,1,13,45084,375,3000,2,1,1,1,1,2700109,1000000
2024MU0000538,1,1841.43,50,1,2,1,5,19367,161,5000,3,3,1,5,1,2700111,1000000
2024MU0000539,1,1841.43,16,2,1,1,14,11443,95,0,0,6,1,5,1,2700107,1000000
2024MU0000540,1,1841.43,25,2,2,1,14,41105,342,3000,1,1,1,5,1,2700111,1000000
2024MU0000541,1,1841.43,25,2,1,1,16,54740,456,4000,1,1,1,5,1,2700111,1000000
2024MU0000542,1,1841.43,10,1,2,1,5,18812,156,0,0,6,1,5,1,2700123,1000000
2024MU0000543,1,1841.43,7,2,3,1,6,1104,9,0,0,6,1,5,1,2700106,1000000
2024MU0000544,1,1841.43,33,2,1,1,10,98299,501,7000,1,1,1,1,1,2700121,1000000
2024MU0000545,1,1841.43,22,2,1,1,15,88481,501,1000,2,1,1,1,1,2700113,1000000
2024MU0000546,1,1841.43,27,2,1,1,13,44749,372,6000,1,1,1,1,1,2700101,1000000
2024MU0000547,1,1841.43,35,1,1,1,13,76001,501,5000,4,2,1,1,1,2700103,1000000
2024MU0000548,1,1841.43,1,2,1,1,4,6251,52,0,0,6,1,5,1,2700119,1000000
2024MU0000549,1,1841.43,36,1,9,1,11,24701,205,6000,1,1,1,1,1,2700115,1000000
2024MU0000550,1,1841.43,100,1,2,1,12,14860,123,0,0,6,1,1,1,2700114,1000000
2024MU0000551,1,1841.43,5,1,2,1,5,1254,10,0,0,6,1,5,1,2700118,1000000
2024MU0000552,1,1841.43,59,1,3,1,10,29467,245,8000,1,1,1,5,1,2700110,1000000
2024MU0000553,1,1841.43,66,1,3,1,10,22756,189,8000,1,1,1,2,1,2700101,1000000
2024MU0000554,1,1841.43,42,1,9,1,6,26056,217,6000,6,1,1,1,1,2700108,1000000
2024MU0000555,1,1841.43,17,1,6,1,15,37454,312,0,0,6,1,5,1,2700105,1000000
2024MU0000556,1,1841.43,2,2,4,1,9,3189,26,0,0,6,1,5,1,2700115,1000000
2024MU0000557,1,1841.43,28,1,9,1,10,19600,163,9000,3,1,1,1,1,2700108,1000000
2024MU0000558,1,1841.43,12,1,1,1,3,2359,19,0,0,6,1,5,1,2700118,1000000
2024MU0000559,1,1841.43,22,1,3,1,16,35981,299,4000,2,3,1,5,1,2700123,1000000
2024MU0000560,1,1841.43,30,1,8,1,8,8213,68,8000,3,1,1,5,1,2700120,1000000
2024MU0000561,1,1841.43,44,1,3,1,10,43617,363,5000,6,1,1,1,1,2700100,1000000
2024MU0000562,1,1841.43,20,2,9,1,12,29309,244,5000,1,4,1,5,1,2700109,1000000
2024MU0000563,1,1841.43,16,2,1,1,16,16717,139,0,0,6,1,5,1,2700114,1000000
2024MU0000564,1,1841.43,17,2,2,1,16,15043,125,0,0,6,1,5,1,2700120,1000000
2024MU0000565,1,1841.43,0,2,9,1,4,2481,20,0,0,6,1,5,1,2700117,1000000
2024MU0000566,1,1841.43,21,1,2,1,14,13797,114,9000,3,2,1,5,2,2700118,1000000
2024MU0000567,1,1841.43,91,1,3,1,6,17779,148,0,0,6,1,1,1,2700105,1000000
2024MU0000568,1,1841.43,17,1,1,1,14,10254,85,0,0,6,2,5,1,2700109,1000000
2024MU0000569,1,1841.43,41,2,3,1,9,15838,131,9800,4,5,1,1,1,2700116,1000000
2024MU0000570,1,1841.43,51,1,9,1,7,4981,41,9800,3,3,1,1,1,2700117,1000000
2024MU0000571,1,1841.43,1,2,2,1,6,4659,38,0,0,6,1,5,1,2700116,1000000
2024MU0000572,1,1841.43,52,1,1,1,11,72887,501,4000,3,1,1,1,1,2700104,1000000
2024MU0000573,1,1841.43,6,1,1,1,3,17130,142,0,0,6,5,5,1,2700109,1000000
2024MU0000574,1,1841.43,21,2,8,1,11,4761,39,5000,3,1,1,5,1,2700101,1000000
2024MU0000575,1,1841.43,42,2,3,1,5,17928,149,7000,4,1,1,1,1,2700117,1000000
2024MU0000576,1,1841.43,38,2,1,1,12,21193,176,9000,1,1,1,1,1,2700120,1000000
2024MU0000577,1,1841.43,47,2,1,1,7,7812,65,5000,1,1,1,1,1,2700122,1000000
2024MU0000578,1,1841.43,56,2,5,1,5,6083,50,9800,1,4,1,1,1,2700119,1000000
2024MU0000579,1,1841.43,1,2,5,1,4,3067,25,0,0,6,1,5,1,2700119,1000000
2024MU0000580,1,1841.43,52,2,1,1,17,58141,484,4000,3,1,1,1,1,2700109,1000000
2024MU0000581,1,1841.43,37,1,1,1,13,247091,501,9000,1,1,1,5,1,2700116,1000000
2024MU0000582,1,1841.43,48,2,4,1,13,31588,263,7000,3,2,1,1,1,2700116,1000000
2024MU0000583,1,1841.43,80,2,2,1,5,14721,122,0,0,6,1,1,1,2700117,1000000
2024MU0000584,1,1841.43,21,1,9,1,11,6866,57,8000,1,1,1,1,1,2700119,1000000
2024MU0000585,1,1841.43,51,2,2,1,5,79745,501,6000,4,1,1,1,1,2700102,1000000
2024MU0000586,1,1841.43,30,2,3,1,18,145184,501,5000,1,1,1,1,1,2700123,1000000
2024MU0000587,1,1841.43,2,1,2,1,3,7828,65,0,0,6,1,5,1,2700100,1000000
2024MU0000588,1,1841.43,2,1,9,1,4,2497,20,0,0,6,1,5,1,2700121,1000000
2024MU0000589,1,1841.43,41,1,2,1,8,35012,291,9800,3,1,1,1,1,2700121,1000000
2024MU0000590,1,1841.43,30,2,1,1,13,55091,459,9800,3,2,1,1,1,2700107,1000000
2024MU0000591,1,1841.43,48,2,1,1,8,11838,98,5000,1,1,1,1,1,2700120,1000000
2024MU0000592,1,1841.43,29,1,6,1,11,13642,113,8000,4,1,1,1,1,2700116,1000000
2024MU0000593,1,1841.43,21,2,2,1,20,52958,441,4000,1,1,1,1,1,2700122,1000000
2024MU0000594,1,1841.43,3,1,2,1,4,3094,25,0,0,6,1,5,1,2700102,1000000
2024MU0000595,1,1841.43,35,2,2,1,11,80068,501,7000,4,1,1,1,1,2700102,1000000
2024MU0000596,1,1841.43,38,1,1,1,11,37039,308,5000,1,1,1,1,1,2700117,1000000
2024MU0000597,1,1841.43,26,1,1,1,14,7568,63,9800,4,1,1,1,1,2700116,1000000
2024MU0000598,1,1841.43,9,2,1,1,3,6720,56,0,0,6,1,5,1,2700112,1000000
2024MU0000599,1,1841.43,37,1,3,1,7,45109,375,6000,1,1,1,1,2,2700119,1000000
2024MU0000600,1,1841.43,13,1,3,1,6,1056,8,0,0,6,1,5,1,2700114,1000000
2024MU0000601,1,1841.43,28,1,5,1,10,102761,501,3000,1,1,1,1,1,2700117,1000000
2024MU0000602,1,1841.43,15,1,8,1,19,119892,501,0,0,6,1,5,1,2700110,1000000
2024MU0000603,1,1841.43,15,1,2,1,16,20282,169,0,0,6,1,5,2,2700109,1000000
2024MU0000604,1,1841.43,22,2,3,1,15,40399,336,4000,1,1,1,5,1,2700108,1000000
2024MU0000605,1,1841.43,38,2,1,1,6,37223,310,5000,4,1,1,1,1,2700118,1000000
2024MU0000606,1,1841.43,20,2,1,1,17,13019,108,2000,2,4,1,5,1,2700107,1000000
2024MU0000607,1,1841.43,43,2,1,1,11,27295,227,7000,1,1,1,1,1,2700115,1000000
2024MU0000608,1,1841.43,88,1,2,1,8,2332,19,0,0,6,1,5,1,2700107,1000000
2024MU0000609,1,1841.43,6,1,1,1,3,4026,33,0,0,6,5,5,1,2700116,1000000
2024MU0000610,1,1841.43,35,1,1,1,17,285338,501,4000,3,2,1,5,1,2700105,1000000
2024MU0000611,1,1841.43,49,2,3,1,8,21639,180,9920,1,1,1,1,2,2700123,1000000
2024MU0000612,1,1841.43,53,2,2,1,6,30165,251,9800,1,1,2,1,1,2700114,1000000
2024MU0000613,1,1841.43,15,1,3,1,20,50017,416,0,0,6,1,5,1,2700102,1000000
2024MU0000614,1,1841.43,20,1,2,1,17,31395,261,6000,1,1,1,5,1,2700119,1000000
2024MU0000615,1,1841.43,51,1,1,1,9,15390,128,6000,1,1,1,1,1,2700100,1000000
2024MU0000616,1,1841.43,5,1,1,1,8,3709,30,0,0,6,1,5,1,2700104,1000000
2024MU0000617,1,1841.43,8,2,1,1,1,2206,18,0,0,6,1,5,1,2700117,1000000
2024MU0000618,1,1841.43,25,1,1,1,6,9401,78,6000,1,1,1,5,1,2700105,1000000
2024MU0000619,1,1841.43,41,2,3,1,11,37123,309,7000,1,1,1,1,1,2700122,1000000
2024MU0000620,1,1841.43,34,1,4,1,7,12466,103,9000,1,1,1,5,2,2700122,1000000
2024MU0000621,1,1841.43,12,2,1,1,8,21635,180,0,0,6,1,5,1,2700113,1000000
2024MU0000622,1,1841.43,49,2,2,1,13,150181,501,7000,4,2,1,1,1,2700121,1000000
2024MU0000623,1,1841.43,24,2,5,1,13,78288,501,6000,1,1,1,5,1,2700112,1000000
2024MU0000624,1,1841.43,16,1,1,1,18,86947,501,0,0,6,1,5,1,2700105,1000000
2024MU0000625,1,1841.43,10,1,1,1,1,12474,103,0,0,6,1,5,1,2700100,1000000
2024MU0000626,1,1841.43,4,1,2,1,5,3936,32,0,0,6,5,5,1,2700123,1000000
2024MU0000627,1,1841.43,39,1,3,1,17,109905,501,4000,1,5,1,1,1,2700118,1000000
2024MU0000628,1,1841.43,10,2,3,1,7,4838,40,0,0,6,1,5,1,2700114,1000000
2024MU0000629,1,1841.43,18,2,3,1,14,9400,78,6000,1,1,1,1,1,2700110,1000000
2024MU0000630,1,1841.43,36,1,1,1,8,6976,58,5000,1,1,1,1,1,2700118,1000000
2024MU0000631,1,1841.43,35,1,2,1,8,20324,169,9920,1,1,1,5,1,2700111,1000000
2024MU0000632,1,1841.43,29,1,1,1,11,9706,80,7000,3,2,1,1,1,2700100,1000000
2024MU0000633,1,1841.43,81,2,4,1,8,7457,62,0,0,6,1,1,1,2700115,1000000
2024MU0000634,1,1841.43,30,2,7,1,5,7233,60,9800,3,1,1,5,1,2700114,1000000
2024MU0000635,1,1841.43,29,1,1,1,10,27450,228,5000,1,1,1,1,1,2700118,1000000
2024MU0000636,1,1841.43,17,1,1,1,18,33214,276,0,0,6,1,5,1,2700103,1000000
2024MU0000637,1,1841.43,45,2,1,1,9,34041,283,7000,1,1,1,1,1,2700104,1000000
2024MU0000638,1,1841.43,27,2,1,1,7,2876,23,9920,3,4,1,5,1,2700115,1000000
2024MU0000639,1,1841.43,8,1,1,1,9,4742,39,0,0,6,1,5,1,2700117,1000000
2024MU0000640,1,1841.43,34,2,2,1,9,60059,500,5000,4,1,1,1,1,2700111,1000000
2024MU0000641,1,1841.43,22,2,9,1,18,56522,471,3000,1,1,1,5,1,2700105,1000000
2024MU0000642,1,1841.43,38,2,2,1,8,25109,209,7000,1,3,1,1,1,2700100,1000000
2024MU0000643,1,1841.43,37,2,1,1,10,43875,365,6000,4,1,1,3,1,2700109,1000000
2024MU0000644,1,1841.43,21,1,1,1,15,26300,219,4000,1,1,1,1,1,2700110,1000000
2024MU0000645,1,1841.43,1,2,1,1,5,5293,44,0,0,6,1,5,1,2700100,1000000
2024MU0000646,1,1841.43,56,1,1,1,9,22642,188,6000,4,1,2,1,1,2700115,1000000
2024MU0000647,1,1841.43,97,1,4,1,6,9201,76,0,0,6,1,1,1,2700103,1000000
2024MU0000648,1,1841.43,32,1,1,1,11,32489,270,8000,1,4,1,1,1,2700108,1000000
2024MU0000649,1,1841.43,25,1,9,1,11,171485,501,7000,4,1,1,1,1,2700118,1000000
2024MU0000650,1,1841.43,57,1,2,1,7,5392,44,5000,1,2,1,2,1,2700119,1000000
2024MU0000651,1,1841.43,53,2,2,1,19,166271,501,4000,1,1,1,1,1,2700121,1000000
2024MU0000652,1,1841.43,29,2,2,1,15,65297,501,3000,1,1,1,1,1,2700110,1000000
2024MU0000653,1,1841.43,7,2,3,1,7,1359,11,0,0,6,1,5,1,2700111,1000000
2024MU0000654,1,1841.43,44,1,2,1,11,72431,501,7000,1,1,1,5,1,2700104,1000000
2024MU0000655,1,1841.43,51,1,1,1,6,9480,79,5000,3,1,1,5,1,2700113,1000000
2024MU0000656,1,1841.43,35,2,1,1,12,8237,68,9800,3,1,1,1,1,2700115,1000000
2024MU0000657,1,1841.43,77,1,8,1,10,29538,246,0,0,6,1,1,1,2700111,1000000
2024MU0000658,1,1841.43,29,2,1,1,5,6424,53,9920,1,1,1,1,1,2700106,1000000
2024MU0000659,1,1841.43,38,1,2,1,11,40493,337,6000,3,5,1,1,1,2700119,1000000
2024MU0000660,1,1841.43,91,2,2,1,7,11479,95,0,0,6,1,1,1,2700120,1000000
2024MU0000661,1,1841.43,36,1,1,1,8,11974,99,5000,1,1,2,1,1,2700122,1000000
2024MU0000662,1,1841.43,85,2,1,1,7,4956,41,0,0,6,1,1,1,2700121,1000000
2024MU0000663,1,1841.43,39,2,1,1,19,818044,501,4000,2,1,1,1,1,2700113,1000000
2024MU0000664,1,1841.43,29,2,3,1,13,6433,53,6000,1,1,1,1,1,2700117,1000000
2024MU0000665,1,1841.43,38,2,2,1,9,17714,147,9000,4,1,1,1,1,2700106,1000000
2024MU0000666,1,1841.43,7,1,4,1,5,1673,13,0,0,6,1,5,2,2700104,1000000
2024MU0000667,1,1841.43,82,2,3,1,6,27947,232,0,0,6,2,4,1,2700105,1000000
2024MU0000668,1,1841.43,59,1,1,1,10,23127,192,9800,3,1,1,1,1,2700109,1000000
2024MU0000669,1,1841.43,51,2,3,1,14,42965,358,7000,1,1,1,1,1,2700119,1000000
2024MU0000670,1,1841.43,25,1,3,1,11,20847,173,9800,1,1,1,1,1,2700101,1000000
2024MU0000671,1,1841.43,45,2,3,1,11,66473,501,5000,1,2,1,1,1,2700100,1000000
2024MU0000672,1,1841.43,37,2,3,1,10,43192,359,9800,1,1,1,2,1,2700116,1000000
2024MU0000673,1,1841.43,11,1,3,1,5,4907,40,0,0,6,1,5,1,2700108,1000000
2024MU0000674,1,1841.43,17,1,1,1,17,64111,501,0,0,6,1,5,1,2700112,1000000
2024MU0000675,1,1841.43,37,1,3,1,14,59308,494,5000,1,3,1,1,1,2700108,1000000
2024MU0000676,1,1841.43,21,2,1,1,16,19053,158,3000,3,1,2,5,1,2700111,1000000
2024MU0000677,1,1841.43,14,1,3,1,9,13554,112,0,0,6,1,5,1,2700113,1000000
2024MU0000678,1,1841.43,48,2,1,1,12,236896,501,9800,6,1,1,1,2,2700114,1000000
2024MU0000679,1,1841.43,53,2,5,1,12,53932,449,7000,3,1,1,5,1,2700107,1000000
2024MU0000680,1,1841.43,30,2,2,1,15,129763,501,5000,1,1,1,1,1,2700111,1000000
2024MU0000681,1,1841.43,54,2,3,1,7,4462,37,9800,6,1,1,1,1,2700111,1000000
2024MU0000682,1,1841.43,46,1,4,1,9,72360,501,8000,4,2,1,1,1,2700100,1000000
2024MU0000683,1,1841.43,9,2,8,1,5,8053,67,0,0,6,1,5,1,2700113,1000000
2024MU0000684,1,1841.43,72,2,3,1,7,8578,71,5000,1,1,1,1,1,2700117,1000000
2024MU0000685,1,1841.43,17,2,1,1,18,31713,264,0,0,6,1,5,1,2700103,1000000
2024MU0000686,1,1841.43,13,1,6,1,1,38640,322,0,0,6,2,5,1,2700107,1000000
2024MU0000687,1,1841.43,28,2,3,1,8,21188,176,9000,1,1,1,1,1,2700107,1000000
2024MU0000688,1,1841.43,13,1,3,1,7,10808,90,0,0,6,1,5,1,2700103,1000000
2024MU0000689,1,1841.43,23,2,8,1,11,30444,253,4000,2,1,1,5,2,2700107,1000000
2024MU0000690,1,1841.43,41,2,1,1,7,14429,120,6000,1,2,1,1,1,2700101,1000000
2024MU0000691,1,1841.43,69,2,1,1,7,11075,92,9000,1,1,1,1,1,2700116,1000000
2024MU0000692,1,1841.43,14,2,2,1,6,3604,30,0,0,6,1,5,2,2700111,1000000
2024MU0000693,1,1841.43,19,1,4,1,15,28732,239,6000,1,1,1,5,1,2700119,1000000
2024MU0000694,1,1841.43,30,2,2,1,18,156411,501,5000,1,3,1,1,1,2700112,1000000
2024MU0000695,1,1841.43,13,2,3,1,3,2659,22,0,0,6,1,5,1,2700108,1000000
2024MU0000696,1,1841.43,16,1,2,1,18,33801,281,0,0,6,1,5,1,2700118,1000000
2024MU0000697,1,1841.43,28,2,3,1,9,30727,256,6000,1,5,1,5,1,2700114,1000000
2024MU0000698,1,1841.43,30,1,5,1,8,34750,289,9800,1,1,1,5,1,2700123,1000000
2024MU0000699,1,1841.43,59,2,1,1,9,23672,197,9800,6,5,1,1,1,2700118,1000000
2024MU0000700,1,1841.43,15,1,3,1,11,2686,22,0,0,6,1,5,1,2700120,1000000
2024MU0000701,1,1841.43,18,2,4,1,14,8765,73,6000,4,1,1,5,2,2700113,1000000
2024MU0000702,1,1841.43,9,1,2,1,4,5507,45,0,0,6,1,5,1,2700121,1000000
2024MU0000703,1,1841.43,49,1,1,1,6,34669,288,5000,1,1,1,1,1,2700104,1000000
2024MU0000704,1,1841.43,5,1,1,1,7,2302,19,0,0,6,1,5,1,2700106,1000000
2024MU0000705,1,1841.43,83,1,4,1,7,10306,85,0,0,6,1,1,1,2700111,1000000
2024MU0000706,1,1841.43,27,2,1,1,19,280529,501,1000,1,1,1,1,1,2700119,1000000
2024MU0000707,1,1841.43,66,1,2,1,11,30721,256,6000,3,3,1,1,1,2700119,1000000
2024MU0000708,1,1841.43,67,2,1,1,5,3548,29,5000,1,1,1,1,1,2700103,1000000
2024MU0000709,1,1841.43,69,2,2,1,8,3867,32,7000,1,1,1,5,1,2700100,1000000
2024MU0000710,1,1841.43,8,2,3,1,5,5676,47,0,0,6,1,5,1,2700106,1000000
2024MU0000711,1,1841.43,0,2,4,1,7,14710,122,0,0,6,1,5,1,2700102,1000000
2024MU0000712,1,1841.43,65,1,2,1,11,18338,152,9000,4,1,1,1,1,2700109,1000000
2024MU0000713,1,1841.43,50,1,3,1,10,32346,269,7000,1,1,1,1,1,2700111,1000000
2024MU0000714,1,1841.43,68,1,3,1,5,2233,18,9920,1,2,1,3,1,2700107,1000000
2024MU0000715,1,1841.43,54,1,1,1,9,28141,234,7000,4,1,1,1,1,2700114,1000000
2024MU0000716,1,1841.43,25,2,1,1,16,51416,428,1000,1,1,1,1,1,2700108,1000000
2024MU0000717,1,1841.43,16,1,8,1,17,30101,250,0,0,6,1,5,1,2700105,1000000
2024MU0000718,1,1841.43,15,2,3,1,18,11948,99,0,0,6,1,5,1,2700115,1000000
2024MU0000719,1,1841.43,2,1,3,1,6,3081,25,0,0,6,1,5,1,2700106,1000000
2024MU0000720,1,1841.43,7,2,1,1,1,1788,14,0,0,6,1,5,1,2700114,1000000
2024MU0000721,1,1841.43,38,1,5,1,18,208242,501,4000,2,5,1,1,1,2700106,1000000
2024MU0000722,1,1841.43,43,1,3,1,15,70743,501,6000,1,1,2,1,1,2700107,1000000
2024MU0000723,1,1841.43,55,2,6,1,6,8451,70,5000,6,1,1,1,1,2700113,1000000
2024MU0000724,1,1841.43,47,1,9,1,6,20090,167,6000,3,4,1,1,1,2700115,1000000
2024MU0000725,1,1841.43,27,2,9,1,11,21147,176,9000,6,1,1,1,1,2700115,1000000
2024MU0000726,1,1841.43,53,2,6,1,12,189400,501,6000,3,1,1,1,1,2700100,1000000
2024MU0000727,1,1841.43,54,1,1,1,8,28124,234,9800,1,1,1,3,1,2700104,1000000
2024MU0000728,1,1841.43,52,2,8,1,6,13544,112,7000,6,1,2,1,1,2700101,1000000
2024MU0000729,1,1841.43,70,1,1,1,8,8967,74,9800,3,2,1,1,1,2700111,1000000
2024MU0000730,1,1841.43,7,2,6,1,3,608,5,0,0,6,1,5,2,2700119,1000000
2024MU0000731,1,1841.43,20,1,1,1,14,25802,215,7000,3,1,1,5,1,2700109,1000000
2024MU0000732,1,1841.43,19,2,3,1,16,40262,335,1000,1,1,1,5,1,2700101,1000000
2024MU0000733,1,1841.43,1,1,1,1,7,3780,31,0,0,6,5,5,1,2700113,1000000
2024MU0000734,1,1841.43,11,1,4,1,5,6302,52,0,0,6,1,5,1,2700109,1000000
2024MU0000735,1,1841.43,11,2,1,1,6,6948,57,0,0,6,1,5,1,2700106,1000000
2024MU0000736,1,1841.43,0,1,2,1,6,2872,23,0,0,6,1,5,1,2700120,1000000
2024MU0000737,1,1841.43,12,1,5,1,5,5432,45,0,0,6,1,5,1,2700123,1000000
2024MU0000738,1,1841.43,27,2,3,1,9,60534,501,6000,1,1,1,1,1,2700122,1000000
2024MU0000739,1,1841.43,47,2,1,1,8,23068,192,6000,3,1,1,5,1,2700114,1000000
2024MU0000740,1,1841.43,16,1,2,1,13,9128,76,0,0,6,1,5,1,2700104,1000000
2024MU0000741,1,1841.43,42,1,1,1,15,141536,501,6000,1,1,1,1,1,2700123,1000000
2024MU0000742,1,1841.43,20,1,3,1,18,67871,501,4000,3,1,1,5,1,2700106,1000000
2024MU0000743,1,1841.43,22,1,9,1,16,126404,501,5000,1,1,1,5,1,2700113,1000000
2024MU0000744,1,1841.43,10,1,3,1,8,1580,13,0,0,6,1,5,1,2700104,1000000
2024MU0000745,1,1841.43,53,1,1,1,14,54757,456,6000,3,3,1,1,1,2700112,1000000
2024MU0000746,1,1841.43,27,2,2,1,17,103709,501,5000,4,1,1,1,1,2700101,1000000
2024MU0000747,1,1841.43,39,2,9,1,8,40684,339,5000,1,1,1,1,1,2700102,1000000
2024MU0000748,1,1841.43,10,1,1,1,6,4114,34,0,0,6,1,5,1,2700115,1000000
2024MU0000749,1,1841.43,36,1,3,1,12,33650,280,3000,1,1,1,2,1,2700119,1000000
2024MU0000750,1,1841.43,57,2,2,1,11,13936,116,6000,1,1,1,1,1,2700109,1000000
2024MU0000751,1,1841.43,47,1,4,1,7,9197,76,9800,3,1,1,1,1,2700107,1000000
2024MU0000752,1,1841.43,54,2,6,1,11,84589,501,7000,1,1,1,3,1,2700105,1000000
2024MU0000753,1,1841.43,10,2,1,1,4,4695,39,0,0,6,1,5,1,2700109,1000000
2024MU0000754,1,1841.43,6,2,3,1,7,3700,30,0,0,6,1,5,1,2700100,1000000
2024MU0000755,1,1841.43,3,1,2,1,6,11299,94,0,0,6,1,5,1,2700113,1000000
2024MU0000756,1,1841.43,42,2,1,1,7,38330,319,7000,6,4,1,1,1,2700118,1000000
2024MU0000757,1,1841.43,21,2,1,1,12,6509,54,9800,3,2,1,5,1,2700116,1000000
2024MU0000758,1,1841.43,12,2,2,1,6,10475,87,0,0,6,1,5,1,2700121,1000000
2024MU0000759,1,1841.43,30,2,1,1,11,13647,113,7000,3,1,1,1,1,2700113,1000000
2024MU0000760,1,1841.43,37,1,5,1,11,60114,500,8000,6,1,1,1,1,2700103,1000000
2024MU0000761,1,1841.43,26,1,1,1,14,36892,307,9800,1,1,1,1,1,2700111,1000000
2024MU0000762,1,1841.43,12,2,1,1,7,10055,83,0,0,6,1,5,1,2700117,1000000
2024MU0000763,1,1841.43,35,2,1,1,8,21744,181,8000,3,1,1,1,1,2700122,1000000
2024MU0000764,1,1841.43,21,2,1,1,15,25572,213,5000,3,1,1,1,1,2700115,1000000
2024MU0000765,1,1841.43,31,2,2,1,15,107257,501,4000,1,4,1,1,1,2700110,1000000
2024MU0000766,1,1841.43,26,1,2,1,16,397442,501,1000,3,1,1,1,1,2700118,1000000
2024MU0000767,1,1841.43,4,1,3,1,3,4281,35,0,0,6,1,5,1,2700109,1000000
2024MU0000768,1,1841.43,3,1,9,1,2,6461,53,0,0,6,1,5,1,2700110,1000000
2024MU0000769,1,1841.43,3,1,4,1,3,795,6,0,0,6,1,5,1,2700116,1000000
2024MU0000770,1,1841.43,10,2,1,1,8,2067,17,0,0,6,1,5,1,2700105,1000000
2024MU0000771,1,1841.43,11,1,9,1,4,6069,50,0,0,6,1,5,1,2700110,1000000
2024MU0000772,1,1841.43,9,2,2,1,4,1101,9,0,0,6,1,5,1,2700100,1000000
2024MU0000773,1,1841.43,20,2,2,1,10,16004,133,9800,4,1,1,5,1,2700112,1000000
2024MU0000774,1,1841.43,40,1,2,1,5,8975,74,9920,4,1,1,1,1,2700115,1000000
2024MU0000775,1,1841.43,58,1,1,1,11,17611,146,6000,6,1,1,1,1,2700110,1000000
2024MU0000776,1,1841.43,88,2,8,1,8,3728,31,0,0,6,1,1,1,2700121,1000000
2024MU0000777,1,1841.43,25,2,1,1,12,84637,501,7000,1,2,1,1,1,2700103,1000000
2024MU0000778,1,1841.43,12,2,3,1,2,5233,43,0,0,6,1,5,1,2700102,1000000
2024MU0000779,1,1841.43,27,1,1,1,9,15360,128,6000,4,5,1,5,1,2700115,1000000
2024MU0000780,1,1841.43,5,1,4,1,7,7452,62,0,0,6,1,5,2,2700104,1000000
2024MU0000781,1,1841.43,17,1,4,1,12,19474,162,0,0,6,1,5,1,2700121,1000000
2024MU0000782,1,1841.43,21,1,1,1,18,23558,196,6000,3,1,1,5,1,2700102,1000000
2024MU0000783,1,1841.43,28,2,3,1,7,23021,191,9920,6,1,1,1,1,2700101,1000000
2024MU0000784,1,1841.43,18,2,3,1,12,22043,183,3000,1,1,1,5,1,2700117,1000000
2024MU0000785,1,1841.43,27,1,3,1,11,52722,439,9000,1,1,1,5,1,2700115,1000000
2024MU0000786,1,1841.43,59,1,3,1,16,65890,501,4000,1,2,1,1,1,2700103,1000000
2024MU0000787,1,1841.43,57,1,3,1,8,5201,43,5000,1,1,1,1,1,2700118,1000000
2024MU0000788,1,1841.43,16,2,1,1,16,10724,89,0,0,6,1,5,1,2700109,1000000
2024MU0000789,1,1841.43,33,1,3,1,12,27541,229,6000,1,2,1,5,1,2700106,1000000
2024MU0000790,1,1841.43,40,2,2,1,6,11945,99,5000,1,1,2,1,1,2700120,1000000
2024MU0000791,1,1841.43,58,1,2,1,7,10623,88,9920,1,1,1,3,2,2700105,1000000
2024MU0000792,1,1841.43,11,2,6,1,8,3859,32,0,0,6,5,5,1,2700107,1000000
2024MU0000793,1,1841.43,44,1,1,1,6,64132,501,5000,1,2,1,1,1,2700111,1000000
2024MU0000794,1,1841.43,25,1,1,1,13,22905,190,9800,1,3,1,1,1,2700106,1000000
2024MU0000795,1,1841.43,78,2,1,1,12,17548,146,0,0,6,1,2,1,2700110,1000000
2024MU0000796,1,1841.43,17,2,1,1,12,3052,25,0,0,6,1,5,1,2700104,1000000
2024MU0000797,1,1841.43,24,1,1,1,14,138197,501,9800,1,1,1,5,2,2700114,1000000
2024MU0000798,1,1841.43,59,1,9,1,7,4662,38,5000,1,1,1,1,2,2700114,1000000
2024MU0000799,1,1841.43,32,1,1,1,8,9107,75,9800,1,2,1,1,1,2700101,1000000
2024MU0000800,1,1841.43,8,1,3,1,2,6992,58,0,0,6,1,5,1,2700103,1000000
2024MU0000801,1,1841.43,31,2,1,1,12,51774,431,7000,3,1,1,1,1,2700101,1000000
2024MU0000802,1,1841.43,55,2,3,1,11,114717,501,9800,1,1,1,3,1,2700120,1000000
2024MU0000803,1,1841.43,84,1,9,1,9,30057,250,0,0,6,1,1,1,2700102,1000000
2024MU0000804,1,1841.43,49,1,1,1,15,112820,501,5000,1,2,1,1,1,2700109,1000000
2024MU0000805,1,1841.43,10,1,6,1,2,9239,76,0,0,6,1,5,1,2700101,1000000
2024MU0000806,1,1841.43,48,1,9,1,8,40593,338,9000,1,1,1,1,2,2700115,1000000
2024MU0000807,1,1841.43,12,1,3,1,3,2363,19,0,0,6,1,5,1,2700123,1000000
2024MU0000808,1,1841.43,4,2,1,1,3,8659,72,0,0,6,5,5,1,2700107,1000000
2024MU0000809,1,1841.43,54,1,3,1,6,11183,93,9920,4,1,1,1,1,2700104,1000000
2024MU0000810,1,1841.43,43,2,6,1,9,40533,337,5000,4,4,1,1,1,2700104,1000000
2024MU0000811,1,1841.43,28,2,1,1,15,86044,501,4000,3,1,1,5,1,2700120,1000000
2024MU0000812,1,1841.43,0,2,2,1,9,8345,69,0,0,6,1,5,1,2700119,1000000
2024MU0000813,1,1841.43,33,2,1,1,7,11323,94,9800,1,1,1,5,1,2700109,1000000
2024MU0000814,1,1841.43,20,2,1,1,18,53469,445,2000,1,1,1,1,1,2700102,1000000
2024MU0000815,1,1841.43,11,2,6,1,7,1179,9,0,0,6,2,5,1,2700115,1000000
2024MU0000816,1,1841.43,5,1,2,1,4,1714,14,0,0,6,1,5,1,2700110,1000000
2024MU0000817,1,1841.43,16,1,1,1,12,17471,145,0,0,6,1,5,1,2700122,1000000
2024MU0000818,1,1841.43,55,1,3,1,20,191673,501,4000,3,3,1,2,1,2700116,1000000
2024MU0000819,1,1841.43,76,2,1,1,9,36348,302,0,0,6,1,1,1,2700112,1000000
2024MU0000820,1,1841.43,1,2,1,1,9,13996,116,0,0,6,1,5,1,2700100,1000000
2024MU0000821,1,1841.43,31,1,2,1,11,17132,142,9000,1,1,1,1,1,2700123,1000000
2024MU0000822,1,1841.43,29,2,2,1,10,30358,252,6000,1,1,1,5,1,2700103,1000000
2024MU0000823,1,1841.43,40,2,1,1,7,24586,204,6000,4,1,1,1,1,2700105,1000000
2024MU0000824,1,1841.43,30,2,1,1,19,268160,501,1000,1,1,1,5,1,2700119,1000000
2024MU0000825,1,1841.43,100,2,2,1,6,4592,38,0,0,6,1,5,1,2700120,1000000
2024MU0000826,1,1841.43,5,2,5,1,1,3219,26,0,0,6,1,5,1,2700102,1000000
2024MU0000827,1,1841.43,38,1,6,1,11,29444,245,4000,2,1,1,5,1,2700112,1000000
2024MU0000828,1,1841.43,8,1,1,1,4,1388,11,0,0,6,1,5,1,2700118,1000000
2024MU0000829,1,1841.43,44,2,3,1,7,4974,41,7000,1,1,1,1,1,2700100,1000000
2024MU0000830,1,1841.43,20,1,6,1,16,37422,311,6000,1,1,1,5,1,2700122,1000000
2024MU0000831,1,1841.43,0,1,2,1,4,1995,16,0,0,6,1,5,1,2700112,1000000
2024MU0000832,1,1841.43,31,2,9,1,10,65201,501,7000,1,2,1,5,1,2700101,1000000
2024MU0000833,1,1841.43,16,2,8,1,10,7183,59,0,0,6,1,5,1,2700110,1000000
2024MU0000834,1,1841.43,38,2,1,1,12,17380,144,7000,1,1,1,1,1,2700115,1000000
2024MU0000835,1,1841.43,15,1,1,1,12,8188,68,0,0,6,1,5,1,2700120,1000000
2024MU0000836,1,1841.43,54,1,1,1,7,71360,501,6000,4,1,1,1,1,2700110,1000000
2024MU0000837,1,1841.43,16,1,1,1,17,27963,233,0,0,6,1,5,1,2700100,1000000
2024MU0000838,1,1841.43,85,1,8,1,6,11198,93,0,0,6,1,1,1,2700121,1000000
2024MU0000839,1,1841.43,31,2,9,1,7,18349,152,5000,4,1,1,5,1,2700108,1000000
2024MU0000840,1,1841.43,54,1,1,1,10,13580,113,9800,1,1,1,5,1,2700106,1000000
2024MU0000841,1,1841.43,0,1,3,1,3,12774,106,0,0,6,1,5,2,2700120,1000000
2024MU0000842,1,1841.43,62,2,3,1,6,10957,91,5000,3,5,1,2,1,2700117,1000000
2024MU0000843,1,1841.43,53,1,2,1,10,14510,120,6000,4,5,1,1,1,2700100,1000000
2024MU0000844,1,1841.43,98,2,3,1,9,12686,105,0,0,6,1,1,1,2700118,1000000
2024MU0000845,1,1841.43,38,1,9,1,13,37720,314,9000,4,3,1,5,1,2700123,1000000
2024MU0000846,1,1841.43,37,2,1,1,11,73641,501,7000,1,1,1,1,1,2700109,1000000
2024MU0000847,1,1841.43,87,1,1,1,7,3874,32,0,0,6,1,1,1,2700112,1000000
2024MU0000848,1,1841.43,58,2,1,1,12,227349,501,6000,4,2,2,4,1,2700117,1000000
2024MU0000849,1,1841.43,44,1,2,1,6,7574,63,9920,6,2,1,5,1,2700110,1000000
2024MU0000850,1,1841.43,3,2,1,1,2,6539,54,0,0,6,1,5,1,2700120,1000000
2024MU0000851,1,1841.43,35,1,2,1,13,10943,91,8000,1,1,1,1,1,2700108,1000000
2024MU0000852,1,1841.43,54,1,2,1,9,33303,277,6000,6,1,1,1,1,2700118,1000000
2024MU0000853,1,1841.43,29,2,4,1,13,37568,313,9800,4,5,1,1,1,2700113,1000000
2024MU0000854,1,1841.43,24,1,2,1,13,13268,110,5000,4,1,1,5,1,2700123,1000000
2024MU0000855,1,1841.43,16,1,1,1,14,31112,259,0,0,6,1,5,1,2700107,1000000
2024MU0000856,1,1841.43,6,1,5,1,7,5673,47,0,0,6,1,5,1,2700116,1000000
2024MU0000857,1,1841.43,38,2,6,1,10,34890,290,7000,1,1,1,1,1,2700103,1000000
2024MU0000858,1,1841.43,54,1,1,1,10,48853,407,9800,3,1,1,5,1,2700119,1000000
2024MU0000859,1,1841.43,28,1,1,1,7,6648,55,9920,1,1,1,1,2,2700121,1000000
2024MU0000860,1,1841.43,22,1,5,1,12,69760,501,6000,4,1,1,5,1,2700108,1000000
2024MU0000861,1,1841.43,49,2,1,1,5,36118,300,5000,3,1,1,1,2,2700112,1000000
2024MU0000862,1,1841.43,32,2,1,1,10,56596,471,7000,1,1,1,1,1,2700104,1000000
2024MU0000863,1,1841.43,5,1,2,1,9,16717,139,0,0,6,1,5,1,2700123,1000000
2024MU0000864,1,1841.43,35,1,1,1,16,48825,406,6000,3,1,1,1,1,2700118,1000000
2024MU0000865,1,1841.43,22,1,1,1,16,190426,501,5000,3,2,1,5,1,2700113,1000000
2024MU0000866,1,1841.43,62,1,2,1,11,33875,282,8000,4,1,1,1,1,2700112,1000000
2024MU0000867,1,1841.43,2,1,4,1,5,9100,75,0,0,6,1,5,1,2700110,1000000
2024MU0000868,1,1841.43,42,1,6,1,8,29207,243,6000,4,5,1,1,1,2700118,1000000
2024MU0000869,1,1841.43,29,1,9,1,7,23971,199,9000,4,1,1,1,1,2700106,1000000
2024MU0000870,1,1841.43,26,2,1,1,12,13952,116,9800,1,1,1,5,1,2700106,1000000
2024MU0000871,1,1841.43,4,1,1,1,2,1919,15,0,0,6,1,5,1,2700110,1000000
2024MU0000872,1,1841.43,42,2,4,1,9,210262,501,6000,6,1,1,1,1,2700120,1000000
2024MU0000873,1,1841.43,49,1,2,1,12,15044,125,5000,3,1,1,1,1,2700111,1000000
2024MU0000874,1,1841.43,26,1,1,1,7,4441,37,7000,1,1,1,1,1,2700110,1000000
2024MU0000875,1,1841.43,41,2,1,1,6,16595,138,7000,1,1,1,3,1,2700120,1000000
2024MU0000876,1,1841.43,0,1,1,1,3,4154,34,0,0,6,1,5,1,2700105,1000000
2024MU0000877,1,1841.43,23,1,2,1,15,57116,475,4000,3,1,1,1,1,2700112,1000000
2024MU0000878,1,1841.43,19,2,1,1,13,16768,139,4000,1,1,1,1,1,2700111,1000000
2024MU0000879,1,1841.43,18,1,9,1,15,50882,424,3000,1,2,1,5,1,2700107,1000000
2024MU0000880,1,1841.43,46,1,1,1,8,15800,131,9800,1,4,1,1,1,2700110,1000000
2024MU0000881,1,1841.43,51,1,9,1,9,30093,250,6000,1,1,1,1,1,2700116,1000000
2024MU0000882,1,1841.43,17,1,6,1,13,10726,89,0,0,6,1,5,1,2700117,1000000
2024MU0000883,1,1841.43,27,2,2,1,19,124017,501,4000,3,2,5,1,1,2700123,1000000
2024MU0000884,1,1841.43,12,1,3,1,4,1030,8,0,0,6,1,5,1,2700103,1000000
2024MU0000885,1,1841.43,19,1,3,1,17,35474,295,5000,1,1,1,5,1,2700122,1000000
2024MU0000886,1,1841.43,32,1,1,1,13,74488,501,6000,1,1,2,1,1,2700104,1000000
2024MU0000887,1,1841.43,33,1,1,1,11,39127,326,6000,4,1,1,1,2,2700103,1000000
2024MU0000888,1,1841.43,51,2,2,1,7,2181,18,9000,1,1,1,1,1,2700108,1000000
2024MU0000889,1,1841.43,43,1,3,1,9,29205,243,6000,1,2,1,5,1,2700119,1000000
2024MU0000890,1,1841.43,96,2,2,1,9,34230,285,0,0,6,1,1,1,2700111,1000000
2024MU0000891,1,1841.43,57,2,2,1,9,13269,110,9800,4,1,1,1,1,2700113,1000000
2024MU0000892,1,1841.43,20,2,2,1,11,17732,147,5000,6,5,1,5,1,2700112,1000000
2024MU0000893,1,1841.43,59,1,2,1,5,9355,77,5000,1,1,1,1,1,2700105,1000000
2024MU0000894,1,1841.43,36,1,2,1,9,43009,358,5000,4,1,1,1,1,2700120,1000000
2024MU0000895,1,1841.43,16,2,2,1,12,6740,56,0,0,6,1,5,1,2700103,1000000
2024MU0000896,1,1841.43,0,2,8,1,8,1615,13,0,0,6,1,5,1,2700122,1000000
2024MU0000897,1,1841.43,23,1,3,1,12,79286,501,8000,1,1,1,5,1,2700109,1000000
2024MU0000898,1,1841.43,17,1,3,1,14,19285,160,0,0,6,1,5,2,2700115,1000000
2024MU0000899,1,1841.43,44,1,3,1,11,68434,501,9800,1,2,1,1,1,2700119,1000000
2024MU0000900,1,1841.43,41,2,3,1,12,82315,501,5000,1,1,1,1,1,2700110,1000000
2024MU0000901,1,1841.43,12,1,3,1,4,5992,49,0,0,6,1,5,1,2700121,1000000
2024MU0000902,1,1841.43,14,2,1,1,2,8529,71,0,0,6,1,5,1,2700102,1000000
2024MU0000903,1,1841.43,2,2,9,1,3,2356,19,0,0,6,1,5,1,2700110,1000000
2024MU0000904,1,1841.43,24,2,1,1,14,76209,501,7000,1,5,1,5,1,2700109,1000000
2024MU0000905,1,1841.43,26,2,2,1,10,71593,501,5000,1,1,1,1,1,2700112,1000000
2024MU0000906,1,1841.43,45,1,1,1,8,21735,181,8000,1,1,1,1,1,2700109,1000000
2024MU0000907,1,1841.43,22,2,1,1,12,23748,197,3000,1,2,1,1,1,2700111,1000000
2024MU0000908,1,1841.43,30,2,4,1,16,56851,473,4000,2,1,1,5,1,2700104,1000000
2024MU0000909,1,1841.43,20,2,2,1,10,12785,106,7000,3,1,1,1,1,2700120,1000000
2024MU0000910,1,1841.43,8,1,5,1,4,15428,128,0,0,6,1,5,1,2700114,1000000
2024MU0000911,1,1841.43,44,2,1,1,19,133506,501,1000,2,1,1,1,1,2700109,1000000
2024MU0000912,1,1841.43,34,1,1,1,12,88873,501,8000,1,1,1,1,2,2700122,1000000
2024MU0000913,1,1841.43,52,1,1,1,8,9162,76,8000,1,1,1,1,1,2700110,1000000
2024MU0000914,1,1841.43,56,2,3,1,6,9809,81,9000,1,1,1,1,1,2700101,1000000
2024MU0000915,1,1841.43,50,1,5,1,17,48762,406,4000,1,1,1,5,1,2700116,1000000
2024MU0000916,1,1841.43,12,2,2,1,1,2195,18,0,0,6,1,5,1,2700110,1000000
2024MU0000917,1,1841.43,13,1,2,1,6,6724,56,0,0,6,1,5,1,2700112,1000000
2024MU0000918,1,1841.43,14,2,9,1,7,7427,61,0,0,6,1,5,1,2700107,1000000
2024MU0000919,1,1841.43,9,1,1,1,1,4840,40,0,0,6,1,5,1,2700101,1000000
2024MU0000920,1,1841.43,6,2,2,1,6,2684,22,0,0,6,1,5,1,2700108,1000000
2024MU0000921,1,1841.43,4,1,2,1,9,5031,41,0,0,6,1,5,1,2700120,1000000
2024MU0000922,1,1841.43,64,2,1,1,8,14036,116,9800,4,1,1,1,1,2700119,1000000
2024MU0000923,1,1841.43,2,2,1,1,4,2993,24,0,0,6,1,5,1,2700117,1000000
2024MU0000924,1,1841.43,9,1,1,1,7,4745,39,0,0,6,1,5,1,2700123,1000000
2024MU0000925,1,1841.43,16,1,7,1,15,24423,203,0,0,6,1,5,1,2700115,1000000
2024MU0000926,1,1841.43,93,2,3,1,9,14763,123,0,0,6,1,1,1,2700117,1000000
2024MU0000927,1,1841.43,27,2,5,1,12,32471,270,7000,3,1,1,1,1,2700111,1000000
2024MU0000928,1,1841.43,59,2,2,1,5,17707,147,9920,6,1,1,1,1,2700108,1000000
2024MU0000929,1,1841.43,25,2,3,1,8,28452,237,9920,1,1,2,5,1,2700118,1000000
2024MU0000930,1,1841.43,26,1,3,1,6,8162,68,9800,1,4,1,1,1,2700115,1000000
2024MU0000931,1,1841.43,36,1,8,1,7,24802,206,9920,1,1,1,1,1,2700108,1000000
2024MU0000932,1,1841.43,12,1,1,1,1,16965,141,0,0,6,1,5,1,2700119,1000000
2024MU0000933,1,1841.43,1,1,1,1,4,6334,52,0,0,6,1,5,1,2700104,1000000
2024MU0000934,1,1841.43,6,2,3,1,2,10172,84,0,0,6,1,5,1,2700119,1000000
2024MU0000935,1,1841.43,4,1,9,1,7,2439,20,0,0,6,1,5,1,2700118,1000000
2024MU0000936,1,1841.43,7,2,9,1,6,2252,18,0,0,6,1,5,1,2700114,1000000
2024MU0000937,1,1841.43,5,2,3,1,5,3528,29,0,0,6,1,5,1,2700103,1000000
2024MU0000938,1,1841.43,50,2,1,1,9,34994,291,9800,1,4,1,2,1,2700121,1000000
2024MU0000939,1,1841.43,15,2,1,1,13,23054,192,0,0,6,1,5,1,2700107,1000000
2024MU0000940,1,1841.43,54,1,9,1,9,21790,181,6000,3,1,1,1,1,2700115,1000000
2024MU0000941,1,1841.43,28,2,2,1,12,27304,227,9800,1,1,1,1,1,2700111,1000000
2024MU0000942,1,1841.43,15,1,1,1,17,56439,470,0,0,6,1,5,1,2700102,1000000
2024MU0000943,1,1841.43,59,1,9,1,5,15873,132,6000,4,1,1,1,2,2700108,1000000
2024MU0000944,1,1841.43,41,2,1,1,11,43249,360,3000,1,1,1,1,1,2700115,1000000
2024MU0000945,1,1841.43,8,1,3,1,6,4850,40,0,0,6,1,5,1,2700121,1000000
2024MU0000946,1,1841.43,30,2,3,1,11,19792,164,9800,4,4,1,1,1,2700114,1000000
2024MU0000947,1,1841.43,44,2,1,1,7,6420,53,6000,1,1,1,1,1,2700119,1000000
2024MU0000948,1,1841.43,34,2,1,1,11,14336,119,7000,1,1,1,5,1,2700102,1000000
2024MU0000949,1,1841.43,38,1,1,1,11,50362,419,9800,1,5,1,1,1,2700104,1000000
2024MU0000950,1,1841.43,11,2,3,1,4,8359,69,0,0,6,5,5,1,2700107,1000000
2024MU0000951,1,1841.43,5,1,2,1,4,7394,61,0,0,6,1,5,2,2700122,1000000
2024MU0000952,1,1841.43,15,2,1,1,12,24259,202,0,0,6,1,5,1,2700106,1000000
2024MU0000953,1,1841.43,27,1,9,1,8,34208,285,5000,1,1,1,1,1,2700112,1000000
2024MU0000954,1,1841.43,57,2,1,1,5,14998,124,6000,4,1,1,1,1,2700115,1000000
2024MU0000955,1,1841.43,25,1,1,1,8,10149,84,9000,4,1,1,1,1,2700110,1000000
2024MU0000956,1,1841.43,57,1,1,1,7,43511,362,9800,4,1,1,1,1,2700113,1000000
2024MU0000957,1,1841.43,33,1,1,1,8,9150,76,9800,1,2,1,1,1,2700106,1000000
2024MU0000958,1,1841.43,35,1,9,1,8,6244,52,9920,6,5,1,5,1,2700120,1000000
2024MU0000959,1,1841.43,57,2,1,1,11,28646,238,5000,1,1,1,1,2,2700107,1000000
2024MU0000960,1,1841.43,47,1,2,1,12,31675,263,6000,1,1,1,1,2,2700123,1000000
2024MU0000961,1,1841.43,45,1,7,1,8,16663,138,9800,6,1,1,1,1,2700108,1000000
2024MU0000962,1,1841.43,5,2,3,1,3,2030,16,0,0,6,1,5,1,2700112,1000000
2024MU0000963,1,1841.43,34,1,2,1,15,147880,501,5000,6,2,1,1,1,2700103,1000000
2024MU0000964,1,1841.43,26,1,8,1,12,19506,162,6000,3,1,1,5,1,2700103,1000000
2024MU0000965,1,1841.43,44,2,3,1,7,42825,356,6000,1,1,1,5,2,2700105,1000000
2024MU0000966,1,1841.43,41,1,1,1,11,18885,157,6000,1,1,1,5,1,2700111,1000000
2024MU0000967,1,1841.43,30,1,3,1,9,39525,329,9800,3,1,1,1,1,2700106,1000000
2024MU0000968,1,1841.43,0,1,8,1,5,3065,25,0,0,6,5,5,1,2700110,1000000
2024MU0000969,1,1841.43,20,1,2,1,20,66934,501,4000,2,1,1,5,1,2700103,1000000
2024MU0000970,1,1841.43,2,2,3,1,3,8411,70,0,0,6,1,5,2,2700117,1000000
2024MU0000971,1,1841.43,13,1,9,1,8,4959,41,0,0,6,1,5,1,2700106,1000000
2024MU0000972,1,1841.43,43,2,3,1,8,14464,120,5000,1,5,1,1,1,2700106,1000000
2024MU0000973,1,1841.43,19,1,1,1,15,44836,373,3000,2,1,1,1,1,2700120,1000000
2024MU0000974,1,1841.43,46,1,1,1,9,78624,501,6000,1,1,1,2,1,2700114,1000000
2024MU0000975,1,1841.43,19,1,3,1,17,34806,290,6000,4,5,1,5,1,2700113,1000000
2024MU0000976,1,1841.43,53,2,1,1,5,18216,151,9920,3,1,1,5,1,2700123,1000000
2024MU0000977,1,1841.43,16,2,9,1,16,43652,363,0,0,6,1,5,1,2700114,1000000
2024MU0000978,1,1841.43,29,1,2,1,14,9192,76,8000,6,1,1,5,1,2700108,1000000
2024MU0000979,1,1841.43,44,2,2,1,9,34089,284,3000,2,1,1,1,1,2700121,1000000
2024MU0000980,1,1841.43,21,1,3,1,12,14177,118,5000,1,1,1,5,1,2700122,1000000
2024MU0000981,1,1841.43,46,1,2,1,7,12695,105,7000,1,1,1,1,1,2700108,1000000
2024MU0000982,1,1841.43,40,1,2,1,11,35618,296,9800,3,2,1,1,1,2700111,1000000
2024MU0000983,1,1841.43,6,1,1,1,7,5409,45,0,0,6,1,5,1,2700107,1000000
2024MU0000984,1,1841.43,29,1,3,1,10,38376,319,4000,1,3,1,1,1,2700121,1000000
2024MU0000985,1,1841.43,14,1,6,1,5,5823,48,0,0,6,1,5,1,2700117,1000000
2024MU0000986,1,1841.43,10,1,3,1,3,2126,17,0,0,6,1,5,1,2700114,1000000
2024MU0000987,1,1841.43,18,1,2,1,14,4038,33,9000,6,1,1,5,2,2700101,1000000
2024MU0000988,1,1841.43,81,1,1,1,6,12712,105,0,0,6,1,1,2,2700119,1000000
2024MU0000989,1,1841.43,13,1,5,1,6,2212,18,0,0,6,1,5,1,2700110,1000000
2024MU0000990,1,1841.43,19,2,9,1,20,39746,331,1000,1,3,1,5,1,2700112,1000000
2024MU0000991,1,1841.43,25,1,2,1,14,15454,128,7000,4,1,1,1,1,2700106,1000000
2024MU0000992,1,1841.43,56,2,3,1,6,33551,279,9800,1,1,1,1,1,2700119,1000000
2024MU0000993,1,1841.43,39,2,2,1,12,50551,421,8000,1,1,1,1,1,2700107,1000000
2024MU0000994,1,1841.43,31,1,2,1,6,21085,175,9800,1,1,1,1,1,2700105,1000000
2024MU0000995,1,1841.43,27,1,5,1,8,18555,154,9800,4,4,1,5,1,2700102,1000000
2024MU0000996,1,1841.43,23,1,1,1,12,28203,235,6000,3,4,1,5,1,2700100,1000000
2024MU0000997,1,1841.43,21,2,2,1,14,22134,184,6000,1,1,1,5,1,2700113,1000000
2024MU0000998,1,1841.43,39,1,1,1,13,18855,157,9800,1,1,1,1,1,2700100,1000000
2024MU0000999,1,1841.43,59,1,1,1,9,16984,141,3000,1,1,1,4,1,2700107,1000000
2024MU0001000,1,1841.43,37,1,3,1,17,59746,497,4000,1,1,1,1,1,2700118,1000000
2024MU0001001,1,1841.43,57,2,1,1,7,18719,155,9920,4,1,2,1,1,2700120,1000000
2024MU0001002,1,1841.43,18,1,3,1,14,15529,129,9800,3,1,1,5,1,2700115,1000000
2024MU0001003,1,1841.43,20,2,1,1,14,7826,65,9800,1,1,1,5,1,2700121,1000000
2024MU0001004,1,1841.43,45,1,3,1,7,13311,110,5000,1,1,1,1,1,2700105,1000000
2024MU0001005,1,1841.43,27,2,1,1,20,299806,501,4000,1,1,1,5,1,2700108,1000000
2024MU0001006,1,1841.43,40,2,3,1,8,9198,76,9920,4,1,1,1,1,2700119,1000000
2024MU0001007,1,1841.43,5,1,3,1,8,5076,42,0,0,6,1,5,1,2700105,1000000
2024MU0001008,1,1841.43,50,2,9,1,8,7718,64,9000,4,2,1,1,1,2700102,1000000
2024MU0001009,1,1841.43,39,2,8,1,8,38526,321,6000,4,1,1,1,1,2700105,1000000
2024MU0001010,1,1841.43,9,1,1,1,2,6626,55,0,0,6,1,5,1,2700109,1000000
2024MU0001011,1,1841.43,8,1,1,1,7,1308,10,0,0,6,1,5,1,2700112,1000000
2024MU0001012,1,1841.43,52,2,3,1,5,10843,90,7000,4,1,1,2,1,2700100,1000000
2024MU0001013,1,1841.43,30,2,3,1,18,34027,283,5000,1,1,1,1,1,2700115,1000000
2024MU0001014,1,1841.43,4,2,1,1,4,8237,68,0,0,6,5,5,1,2700111,1000000
2024MU0001015,1,1841.43,22,2,1,1,13,121780,501,9800,6,1,1,5,1,2700112,1000000
2024MU0001016,1,1841.43,56,2,3,1,10,7892,65,6000,1,1,1,5,1,2700113,1000000
2024MU0001017,1,1841.43,38,1,8,1,7,5118,42,6000,4,1,1,1,1,2700119,1000000
2024MU0001018,1,1841.43,3,2,8,1,1,4581,38,0,0,6,1,5,1,2700110,1000000
2024MU0001019,1,1841.43,6,1,1,1,7,3949,32,0,0,6,1,5,1,2700113,1000000
2024MU0001020,1,1841.43,44,2,2,1,9,32686,272,9000,1,1,1,1,1,2700107,1000000
2024MU0001021,1,1841.43,11,2,1,1,5,998,8,0,0,6,1,5,1,2700108,1000000
2024MU0001022,1,1841.43,51,2,2,1,6,17305,144,9000,1,1,1,1,1,2700123,1000000
2024MU0001023,1,1841.43,35,1,4,1,6,32608,271,8000,1,4,1,1,1,2700112,1000000
2024MU0001024,1,1841.43,14,1,4,1,4,39089,325,0,0,6,1,5,1,2700113,1000000
2024MU0001025,1,1841.43,6,1,2,1,5,11405,95,0,0,6,1,5,2,2700114,1000000
2024MU0001026,1,1841.43,39,2,1,1,14,17557,146,6000,1,1,1,1,1,2700120,1000000
2024MU0001027,1,1841.43,27,2,2,1,11,28811,240,8000,1,1,1,1,1,2700122,1000000
2024MU0001028,1,1841.43,43,1,9,1,12,65958,501,3000,1,4,1,5,1,2700119,1000000
2024MU0001029,1,1841.43,2,2,1,1,2,2310,19,0,0,6,1,5,1,2700104,1000000
2024MU0001030,1,1841.43,31,2,1,1,6,29921,249,5000,3,1,1,1,1,2700106,1000000
2024MU0001031,1,1841.43,20,1,3,1,12,17825,148,7000,4,4,1,5,1,2700112,1000000
2024MU0001032,1,1841.43,23,1,3,1,17,165921,501,3000,1,1,1,5,1,2700102,1000000
2024MU0001033,1,1841.43,36,2,8,1,14,76411,501,9000,1,3,1,1,1,2700100,1000000
2024MU0001034,1,1841.43,28,2,2,1,7,13426,111,9800,4,1,1,1,1,2700118,1000000
2024MU0001035,1,1841.43,9,2,2,1,1,2405,20,0,0,6,1,5,1,2700120,1000000
2024MU0001036,1,1841.43,21,1,2,1,17,13632,113,5000,3,1,1,1,1,2700101,1000000
2024MU0001037,1,1841.43,33,2,8,1,15,135094,501,6000,3,1,1,1,1,2700115,1000000
2024MU0001038,1,1841.43,0,1,4,1,6,2901,24,0,0,6,1,5,1,2700117,1000000
2024MU0001039,1,1841.43,38,1,5,1,8,12538,104,5000,6,1,1,1,1,2700104,1000000
2024MU0001040,1,1841.43,25,1,1,1,12,63710,501,6000,1,1,1,5,1,2700105,1000000
2024MU0001041,1,1841.43,21,1,4,1,17,67331,501,3000,1,2,1,1,1,2700116,1000000
2024MU0001042,1,1841.43,0,1,2,1,3,1491,12,0,0,6,1,5,1,2700117,1000000
2024MU0001043,1,1841.43,56,1,1,1,9,31341,261,9000,3,1,1,1,1,2700103,1000000
2024MU0001044,1,1841.43,55,2,1,1,8,9446,78,8000,4,1,1,1,1,2700108,1000000
2024MU0001045,1,1841.43,37,2,3,1,8,20624,171,6000,3,1,1,1,1,2700105,1000000
2024MU0001046,1,1841.43,46,1,2,1,17,30410,253,2000,2,1,1,2,1,2700117,1000000
2024MU0001047,1,1841.43,41,2,6,1,15,49306,410,6000,3,4,1,1,1,2700116,1000000
2024MU0001048,1,1841.43,17,1,3,1,14,10034,83,0,0,6,1,5,1,2700123,1000000
2024MU0001049,1,1841.43,1,2,1,1,2,7516,62,0,0,6,1,5,1,2700100,1000000
2024MU0001050,1,1841.43,61,2,3,1,9,38280,319,8000,1,4,5,1,1,2700101,1000000
2024MU0001051,1,1841.43,17,1,1,1,13,17432,145,0,0,6,5,5,1,2700101,1000000
2024MU0001052,1,1841.43,43,2,2,1,6,18772,156,8000,1,1,1,1,1,2700111,1000000
2024MU0001053,1,1841.43,20,2,3,1,14,26620,221,9800,1,1,1,1,1,2700106,1000000
2024MU0001054,1,1841.43,33,1,7,1,11,123308,501,9800,1,1,1,1,1,2700118,1000000
2024MU0001055,1,1841.43,88,2,2,1,5,3635,30,0,0,6,1,1,1,2700105,1000000
2024MU0001056,1,1841.43,38,2,5,1,12,80892,501,5000,1,1,1,1,2,2700114,1000000
2024MU0001057,1,1841.43,9,1,4,1,1,6018,50,0,0,6,1,5,1,2700114,1000000
2024MU0001058,1,1841.43,8,2,2,1,7,29725,247,0,0,6,1,5,1,2700112,1000000
2024MU0001059,1,1841.43,56,2,2,1,15,61163,501,4000,3,1,1,1,1,2700112,1000000
2024MU0001060,1,1841.43,26,1,3,1,13,26772,223,7000,1,3,1,1,1,2700114,1000000
2024MU0001061,1,1841.43,62,1,1,1,7,5849,48,9800,1,1,1,1,1,2700109,1000000
2024MU0001062,1,1841.43,57,1,8,1,7,6134,51,5000,1,1,5,5,1,2700114,1000000
2024MU0001063,1,1841.43,2,2,4,1,6,5456,45,0,0,6,1,5,1,2700100,1000000
2024MU0001064,1,1841.43,4,2,1,1,8,4724,39,0,0,6,1,5,1,2700106,1000000
2024MU0001065,1,1841.43,37,1,9,1,7,24722,206,7000,3,1,1,5,1,2700114,1000000
2024MU0001066,1,1841.43,38,2,1,1,11,62702,501,8000,3,1,1,1,1,2700102,1000000
2024MU0001067,1,1841.43,33,2,8,1,9,36951,307,9800,3,1,1,5,1,2700111,1000000
2024MU0001068,1,1841.43,31,2,1,1,9,36773,306,9800,1,5,1,1,1,2700104,1000000
2024MU0001069,1,1841.43,45,1,4,1,9,22087,184,7000,3,1,1,1,1,2700102,1000000
2024MU0001070,1,1841.43,41,1,2,1,16,77779,501,4000,2,5,1,1,1,2700103,1000000
2024MU0001071,1,1841.43,46,2,3,1,7,15319,127,9920,3,1,1,5,1,2700109,1000000
2024MU0001072,1,1841.43,3,2,1,1,4,4692,39,0,0,6,1,5,1,2700119,1000000
2024MU0001073,1,1841.43,16,2,1,1,20,85086,501,0,0,6,2,5,1,2700110,1000000
2024MU0001074,1,1841.43,23,2,1,1,15,113797,501,5000,1,2,1,5,1,2700119,1000000
2024MU0001075,1,1841.43,10,1,6,1,7,13928,116,0,0,6,1,5,1,2700115,1000000
2024MU0001076,1,1841.43,0,2,1,1,1,1840,15,0,0,6,1,5,1,2700108,1000000
2024MU0001077,1,1841.43,18,1,3,1,20,53089,442,4000,1,1,1,1,1,2700112,1000000
2024MU0001078,1,1841.43,24,1,5,1,12,15633,130,9800,4,2,1,5,1,2700104,1000000
2024MU0001079,1,1841.43,36,1,8,1,18,254917,501,6000,3,1,1,1,1,2700108,1000000
2024MU0001080,1,1841.43,5,1,1,1,2,2681,22,0,0,6,5,5,1,2700123,1000000
2024MU0001081,1,1841.43,20,1,8,1,14,24453,203,3000,3,1,1,1,1,2700120,1000000
2024MU0001082,1,1841.43,33,2,1,1,9,120483,501,6000,1,1,1,1,1,2700123,1000000
2024MU0001083,1,1841.43,14,2,3,1,4,5579,46,0,0,6,1,5,2,2700108,1000000
2024MU0001084,1,1841.43,20,1,3,1,13,13375,111,6000,1,5,1,5,1,2700109,1000000
2024MU0001085,1,1841.43,47,2,1,1,17,121237,501,5000,1,1,1,1,1,2700113,1000000
2024MU0001086,1,1841.43,39,1,1,1,9,34903,290,6000,1,1,1,5,1,2700121,1000000
2024MU0001087,1,1841.43,50,1,2,1,11,26737,222,6000,3,1,1,3,1,2700112,1000000
2024MU0001088,1,1841.43,6,2,2,1,2,3562,29,0,0,6,1,5,1,2700111,1000000
2024MU0001089,1,1841.43,23,2,8,1,18,235975,501,4000,2,1,1,5,1,2700121,1000000
2024MU0001090,1,1841.43,17,2,2,1,15,15849,132,0,0,6,1,5,1,2700107,1000000
2024MU0001091,1,1841.43,1,1,9,1,9,12572,104,0,0,6,1,5,2,2700102,1000000
2024MU0001092,1,1841.43,13,2,2,1,4,7080,59,0,0,6,2,5,1,2700119,1000000
2024MU0001093,1,1841.43,69,2,9,1,5,5320,44,9920,1,1,1,1,1,2700116,1000000
2024MU0001094,1,1841.43,53,2,3,1,8,18636,155,7000,1,1,1,1,1,2700112,1000000
2024MU0001095,1,1841.43,15,1,5,1,17,12007,100,0,0,6,1,5,1,2700109,1000000
2024MU0001096,1,1841.43,58,2,1,1,11,91814,501,5000,1,1,1,1,1,2700117,1000000
2024MU0001097,1,1841.43,5,2,3,1,6,9906,82,0,0,6,1,5,2,2700105,1000000
2024MU0001098,1,1841.43,48,2,1,1,5,14817,123,5000,6,2,1,1,1,2700117,1000000
2024MU0001099,1,1841.43,23,1,1,1,16,46581,388,3000,1,1,1,5,1,2700118,1000000
2024MU0001100,1,1841.43,57,1,3,1,15,158853,501,6000,1,1,1,1,1,2700110,1000000
2024MU0001101,1,1841.43,22,1,3,1,12,13006,108,9800,1,1,1,5,1,2700100,1000000
2024MU0001102,1,1841.43,18,1,1,1,11,5392,44,7000,3,1,1,5,1,2700108,1000000
2024MU0001103,1,1841.43,3,1,2,1,6,3839,31,0,0,6,1,5,1,2700110,1000000
2024MU0001104,1,1841.43,11,1,3,1,3,13500,112,0,0,6,1,5,1,2700111,1000000
2024MU0001105,1,1841.43,91,2,1,1,9,28431,236,0,0,6,1,1,1,2700120,1000000
2024MU0001106,1,1841.43,44,1,2,1,9,27706,230,8000,4,4,1,1,1,2700120,1000000
2024MU0001107,1,1841.43,16,1,3,1,20,25718,214,0,0,6,1,5,1,2700109,1000000
2024MU0001108,1,1841.43,29,1,1,1,16,80964,501,5000,1,1,1,1,1,2700108,1000000
2024MU0001109,1,1841.43,42,1,4,1,11,51964,433,4000,1,3,1,5,1,2700111,1000000
2024MU0001110,1,1841.43,1,2,3,1,3,3781,31,0,0,6,1,5,1,2700120,1000000
2024MU0001111,1,1841.43,32,2,5,1,9,154321,501,6000,1,1,1,1,1,2700117,1000000
2024MU0001112,1,1841.43,19,2,1,1,18,27360,227,4000,1,5,1,5,1,2700117,1000000
2024MU0001113,1,1841.43,54,1,5,1,10,7350,61,9800,1,1,1,1,1,2700108,1000000
2024MU0001114,1,1841.43,13,2,1,1,6,2893,24,0,0,6,1,5,1,2700106,1000000
2024MU0001115,1,1841.43,90,1,2,1,7,9610,80,0,0,6,1,1,1,2700104,1000000
2024MU0001116,1,1841.43,38,2,1,1,7,21847,182,9800,1,1,1,1,1,2700104,1000000
2024MU0001117,1,1841.43,23,1,7,1,14,25672,213,6000,4,1,1,5,1,2700111,1000000
2024MU0001118,1,1841.43,8,2,3,1,2,3048,25,0,0,6,1,5,1,2700106,1000000
2024MU0001119,1,1841.43,58,2,1,1,12,8957,74,9800,4,1,1,1,1,2700123,1000000
2024MU0001120,1,1841.43,11,1,1,1,6,4292,35,0,0,6,5,5,1,2700113,1000000
2024MU0001121,1,1841.43,33,1,1,1,6,12227,101,9000,4,1,1,5,2,2700108,1000000
2024MU0001122,1,1841.43,76,2,1,1,8,8153,67,0,0,6,1,5,1,2700121,1000000
2024MU0001123,1,1841.43,11,1,3,1,7,5937,49,0,0,6,1,5,1,2700100,1000000
2024MU0001124,1,1841.43,18,1,3,1,17,62359,501,6000,4,1,1,5,1,2700102,1000000
2024MU0001125,1,1841.43,35,1,9,1,11,22324,186,6000,1,1,1,1,1,2700110,1000000
2024MU0001126,1,1841.43,29,1,9,1,9,11743,97,3000,1,1,1,1,1,2700114,1000000
2024MU0001127,1,1841.43,59,2,3,1,14,24299,202,5000,4,1,1,1,1,2700117,1000000
2024MU0001128,1,1841.43,27,1,1,1,10,17360,144,9800,3,4,1,5,1,2700107,1000000
2024MU0001129,1,1841.43,25,1,2,1,15,48127,401,1000,2,1,1,1,1,2700100,1000000
2024MU0001130,1,1841.43,28,2,2,1,14,79880,501,7000,4,1,1,5,1,2700112,1000000
2024MU0001131,1,1841.43,12,2,2,1,7,4513,37,0,0,6,1,5,1,2700114,1000000
2024MU0001132,1,1841.43,43,1,3,1,19,639548,501,3000,3,1,1,1,1,2700106,1000000
2024MU0001133,1,1841.43,13,2,9,1,6,3998,33,0,0,6,1,5,1,2700102,1000000
2024MU0001134,1,1841.43,20,1,8,1,10,4796,39,6000,3,1,1,5,1,2700117,1000000
2024MU0001135,1,1841.43,49,1,1,1,7,8398,69,7000,1,1,1,1,1,2700103,1000000
2024MU0001136,1,1841.43,39,2,1,1,5,36384,303,5000,1,1,1,1,1,2700107,1000000
2024MU0001137,1,1841.43,4,2,5,1,2,1617,13,0,0,6,1,5,1,2700104,1000000
2024MU0001138,1,1841.43,4,1,5,1,1,6262,52,0,0,6,1,5,1,2700112,1000000
2024MU0001139,1,1841.43,57,1,1,1,9,28290,235,5000,1,1,1,2,1,2700108,1000000
2024MU0001140,1,1841.43,77,1,3,1,5,3174,26,0,0,6,1,1,1,2700108,1000000
2024MU0001141,1,1841.43,3,1,3,1,4,12151,101,0,0,6,1,5,1,2700110,1000000
2024MU0001142,1,1841.43,15,1,2,1,19,44433,370,0,0,6,1,5,1,2700118,1000000
2024MU0001143,1,1841.43,44,1,1,1,11,24416,203,4000,2,1,1,5,1,2700117,1000000
2024MU0001144,1,1841.43,21,2,8,1,19,57330,477,1000,1,1,1,5,1,2700103,1000000
2024MU0001145,1,1841.43,13,2,3,1,3,2668,22,0,0,6,1,5,1,2700122,1000000
2024MU0001146,1,1841.43,3,1,1,1,5,23576,196,0,0,6,1,5,1,2700118,1000000
2024MU0001147,1,1841.43,1,2,3,1,3,9361,78,0,0,6,1,5,1,2700122,1000000
2024MU0001148,1,1841.43,23,1,3,1,15,55405,461,1000,1,1,2,5,1,2700113,1000000
2024MU0001149,1,1841.43,42,1,8,1,10,31244,260,8000,6,1,1,1,1,2700103,1000000
2024MU0001150,1,1841.43,19,1,1,1,10,2650,22,5000,1,1,1,5,1,2700116,1000000
2024MU0001151,1,1841.43,100,2,9,1,6,7456,62,0,0,6,1,1,1,2700103,1000000
2024MU0001152,1,1841.43,7,1,1,1,6,2204,18,0,0,6,1,5,1,2700109,1000000
2024MU0001153,1,1841.43,15,2,3,1,17,31220,260,0,0,6,1,5,1,2700111,1000000
2024MU0001154,1,1841.43,57,2,3,1,10,9169,76,6000,1,1,1,1,1,2700101,1000000
2024MU0001155,1,1841.43,16,1,2,1,13,10692,89,0,0,6,1,5,1,2700113,1000000
2024MU0001156,1,1841.43,11,1,2,1,4,15599,129,0,0,6,2,5,1,2700106,1000000
2024MU0001157,1,1841.43,56,2,8,1,5,13951,116,9000,1,1,1,1,1,2700104,1000000
2024MU0001158,1,1841.43,31,2,3,1,18,74422,501,2000,3,1,1,1,1,2700119,1000000
2024MU0001159,1,1841.43,20,2,2,1,18,29253,243,6000,4,1,1,5,1,2700102,1000000
2024MU0001160,1,1841.43,44,1,1,1,5,15228,126,7000,3,1,1,1,1,2700100,1000000
2024MU0001161,1,1841.43,51,2,1,1,6,77146,501,9920,3,1,1,1,1,2700103,1000000
2024MU0001162,1,1841.43,17,1,1,1,16,24253,202,0,0,6,1,5,1,2700106,1000000
2024MU0001163,1,1841.43,11,2,9,1,3,1530,12,0,0,6,1,5,1,2700123,1000000
2024MU0001164,1,1841.43,19,2,4,1,19,60280,501,1000,3,1,1,5,1,2700104,1000000
2024MU0001165,1,1841.43,7,2,9,1,6,4686,39,0,0,6,1,5,1,2700114,1000000
2024MU0001166,1,1841.43,10,1,1,1,3,6284,52,0,0,6,1,5,1,2700121,1000000
2024MU0001167,1,1841.43,32,2,3,1,5,29346,244,5000,1,1,1,1,2,2700112,1000000
2024MU0001168,1,1841.43,7,1,1,1,6,19157,159,0,0,6,1,5,1,2700120,1000000
2024MU0001169,1,1841.43,3,1,4,1,4,2488,20,0,0,6,1,5,1,2700112,1000000
2024MU0001170,1,1841.43,39,1,2,1,12,26949,224,7000,1,2,1,1,1,2700121,1000000
2024MU0001171,1,1841.43,18,2,1,1,13,2975,24,6000,1,1,1,5,1,2700106,1000000
2024MU0001172,1,1841.43,29,2,3,1,7,18145,151,8000,1,1,1,1,2,2700101,1000000
2024MU0001173,1,1841.43,87,1,1,1,9,9756,81,0,0,6,1,1,2,2700123,1000000
2024MU0001174,1,1841.43,24,2,3,1,14,54235,451,7000,1,1,1,5,1,2700107,1000000
2024MU0001175,1,1841.43,13,1,3,1,3,2704,22,0,0,6,1,5,1,2700103,1000000
2024MU0001176,1,1841.43,52,1,3,1,6,53144,442,7000,6,1,1,1,1,2700100,1000000
2024MU0001177,1,1841.43,20,1,9,1,16,12530,104,6000,1,1,1,5,2,2700115,1000000
2024MU0001178,1,1841.43,11,2,2,1,6,9084,75,0,0,6,1,5,1,2700105,1000000
2024MU0001179,1,1841.43,52,2,2,1,7,27531,229,5000,4,1,1,5,1,2700107,1000000
2024MU0001180,1,1841.43,38,1,5,1,13,63002,501,7000,4,1,1,1,1,2700115,1000000
2024MU0001181,1,1841.43,74,2,3,1,5,2732,22,7000,1,2,1,1,2,2700107,1000000
2024MU0001182,1,1841.43,0,1,1,1,3,6129,51,0,0,6,1,5,1,2700114,1000000
2024MU0001183,1,1841.43,18,2,6,1,17,31957,266,5000,6,2,1,1,1,2700111,1000000
2024MU0001184,1,1841.43,38,1,1,1,13,12102,100,4000,2,1,1,2,1,2700105,1000000
2024MU0001185,1,1841.43,69,2,1,1,6,23236,193,8000,3,3,1,1,1,2700104,1000000
2024MU0001186,1,1841.43,56,2,1,1,6,10132,84,7000,1,1,1,4,1,2700115,1000000
2024MU0001187,1,1841.43,16,2,1,1,10,30726,256,0,0,6,1,5,1,2700101,1000000
2024MU0001188,1,1841.43,34,1,1,1,15,113746,501,6000,3,1,1,5,1,2700107,1000000
2024MU0001189,1,1841.43,56,2,1,1,5,29315,244,9800,1,1,1,1,1,2700110,1000000
2024MU0001190,1,1841.43,9,1,2,1,2,2015,16,0,0,6,1,5,1,2700110,1000000
2024MU0001191,1,1841.43,22,2,1,1,13,33757,281,5000,1,1,1,5,1,2700109,1000000
2024MU0001192,1,1841.43,38,1,1,1,10,48198,401,7000,1,1,1,1,1,2700101,1000000
2024MU0001193,1,1841.43,25,1,3,1,14,23163,193,9000,1,2,1,5,1,2700110,1000000
2024MU0001194,1,1841.43,39,2,1,1,8,7997,66,8000,4,1,1,1,1,2700109,1000000
2024MU0001195,1,1841.43,35,2,1,1,11,5092,42,6000,4,1,1,1,1,2700101,1000000
2024MU0001196,1,1841.43,18,1,2,1,11,6026,50,6000,1,1,1,5,1,2700110,1000000
2024MU0001197,1,1841.43,2,2,1,1,4,7019,58,0,0,6,1,5,1,2700102,1000000
2024MU0001198,1,1841.43,52,2,1,1,6,4375,36,7000,4,1,1,1,1,2700119,1000000
2024MU0001199,1,1841.43,91,2,2,1,6,2582,21,0,0,6,1,5,1,2700107,1000000
2024MU0001200,1,1841.43,21,1,3,1,14,3990,33,3000,1,2,1,5,1,2700109,1000000
2024MU0001201,1,1841.43,53,2,3,1,12,42033,350,9000,1,1,1,1,1,2700119,1000000
2024MU0001202,1,1841.43,34,1,9,1,14,23316,194,8000,1,1,1,1,1,2700122,1000000
2024MU0001203,1,1841.43,34,1,2,1,10,102391,501,6000,4,1,1,1,1,2700103,1000000
2024MU0001204,1,1841.43,99,2,2,1,5,12022,100,0,0,6,1,5,1,2700102,1000000
2024MU0001205,1,1841.43,36,2,1,1,9,50131,417,8000,4,2,1,1,1,2700112,1000000
2024MU0001206,1,1841.43,40,2,4,1,9,53910,449,6000,1,1,1,5,1,2700113,1000000
2024MU0001207,1,1841.43,20,1,1,1,18,18737,156,3000,1,1,2,1,1,2700110,1000000
2024MU0001208,1,1841.43,81,1,2,1,12,10646,88,0,0,6,1,1,1,2700114,1000000
2024MU0001209,1,1841.43,42,1,2,1,10,71685,501,9000,1,1,1,1,1,2700101,1000000
2024MU0001210,1,1841.43,12,1,3,1,4,8322,69,0,0,6,1,5,1,2700102,1000000
2024MU0001211,1,1841.43,33,1,8,1,13,71246,501,9800,4,1,1,1,1,2700122,1000000
2024MU0001212,1,1841.43,59,1,9,1,8,9168,76,9000,6,1,1,1,1,2700109,1000000
2024MU0001213,1,1841.43,21,2,1,1,16,23417,195,5000,3,2,1,5,1,2700120,1000000
2024MU0001214,1,1841.43,57,2,1,1,7,6339,52,7000,1,1,1,1,1,2700108,1000000
2024MU0001215,1,1841.43,19,2,5,1,13,18653,155,4000,1,1,1,1,1,2700110,1000000
2024MU0001216,1,1841.43,37,2,2,1,6,3338,27,9000,6,1,1,1,1,2700110,1000000
2024MU0001217,1,1841.43,35,1,2,1,10,9314,77,6000,6,2,1,3,1,2700123,1000000
2024MU0001218,1,1841.43,42,1,3,1,10,10709,89,9000,6,1,1,1,1,2700120,1000000
2024MU0001219,1,1841.43,11,2,3,1,6,721,6,0,0,6,1,5,1,2700102,1000000
2024MU0001220,1,1841.43,34,1,9,1,14,112681,501,6000,3,1,1,5,1,2700107,1000000
2024MU0001221,1,1841.43,9,2,3,1,9,18897,157,0,0,6,1,5,1,2700112,1000000
2024MU0001222,1,1841.43,37,1,2,1,6,6145,51,9000,1,1,1,1,1,2700104,1000000
2024MU0001223,1,1841.43,4,1,2,1,4,3682,30,0,0,6,1,5,2,2700123,1000000
2024MU0001224,1,1841.43,48,2,5,1,9,121585,501,7000,4,1,1,1,1,2700120,1000000
2024MU0001225,1,1841.43,9,2,3,1,7,5980,49,0,0,6,1,5,1,2700109,1000000
2024MU0001226,1,1841.43,38,2,3,1,9,191450,501,9800,4,1,1,1,1,2700105,1000000
2024MU0001227,1,1841.43,43,1,9,1,5,14631,121,9800,1,1,1,1,1,2700119,1000000
2024MU0001228,1,1841.43,40,2,3,1,8,9491,79,5000,4,1,1,1,2,2700101,1000000
2024MU0001229,1,1841.43,42,2,2,1,19,138935,501,2000,3,2,2,1,1,2700103,1000000
2024MU0001230,1,1841.43,33,1,3,1,16,120151,501,6000,4,1,1,1,1,2700116,1000000
2024MU0001231,1,1841.43,9,1,3,1,4,8475,70,0,0,6,1,5,1,2700102,1000000
2024MU0001232,1,1841.43,56,2,1,1,13,38924,324,6000,4,1,1,1,1,2700121,1000000
2024MU0001233,1,1841.43,43,2,2,1,5,12037,100,8000,3,1,1,1,1,2700122,1000000
2024MU0001234,1,1841.43,34,2,3,1,9,105017,501,5000,4,1,1,5,1,2700123,1000000
2024MU0001235,1,1841.43,25,1,2,1,13,42069,350,7000,3,1,1,1,1,2700109,1000000
2024MU0001236,1,1841.43,44,1,4,1,7,14640,122,6000,1,1,1,1,1,2700102,1000000
2024MU0001237,1,1841.43,22,2,2,1,12,16987,141,9800,1,1,1,5,1,2700110,1000000
2024MU0001238,1,1841.43,24,1,9,1,18,67791,501,3000,1,1,1,1,1,2700101,1000000
2024MU0001239,1,1841.43,27,2,1,1,12,40448,337,6000,1,2,1,1,1,2700115,1000000
2024MU0001240,1,1841.43,39,1,1,1,19,161481,501,1000,1,1,1,1,1,2700118,1000000
2024MU0001241,1,1841.43,47,2,2,1,6,5975,49,8000,1,1,1,1,1,2700110,1000000
2024MU0001242,1,1841.43,5,2,2,1,4,2729,22,0,0,6,1,5,1,2700118,1000000
2024MU0001243,1,1841.43,22,1,1,1,13,28068,233,9800,3,1,1,5,1,2700115,1000000
2024MU0001244,1,1841.43,9,1,1,1,7,11928,99,0,0,6,1,5,1,2700105,1000000
2024MU0001245,1,1841.43,33,2,3,1,8,6337,52,5000,3,1,1,1,1,2700119,1000000
2024MU0001246,1,1841.43,12,2,2,1,4,4805,40,0,0,6,1,5,2,2700120,1000000
2024MU0001247,1,1841.43,6,1,3,1,2,3209,26,0,0,6,1,5,1,2700114,1000000
2024MU0001248,1,1841.43,57,2,4,1,12,30959,257,3000,3,1,1,3,1,2700116,1000000
2024MU0001249,1,1841.43,37,1,4,1,8,54929,457,7000,3,1,1,1,1,2700117,1000000
2024MU0001250,1,1841.43,9,1,2,1,1,4276,35,0,0,6,1,5,1,2700114,1000000
2024MU0001251,1,1841.43,33,1,3,1,10,22990,191,9000,4,4,1,1,1,2700109,1000000
2024MU0001252,1,1841.43,7,2,2,1,4,8160,68,0,0,6,1,5,1,2700116,1000000
2024MU0001253,1,1841.43,31,1,7,1,7,30776,256,9920,1,1,1,5,1,2700121,1000000
2024MU0001254,1,1841.43,41,1,7,1,6,7196,59,5000,1,1,1,1,1,2700107,1000000
2024MU0001255,1,1841.43,45,2,1,1,14,18906,157,9000,1,1,1,1,1,2700122,1000000
2024MU0001256,1,1841.43,32,1,1,1,6,22264,185,7000,4,1,1,1,1,2700114,1000000
2024MU0001257,1,1841.43,12,1,1,1,1,3903,32,0,0,6,1,5,1,2700109,1000000
2024MU0001258,1,1841.43,39,1,2,1,8,11002,91,5000,3,1,1,2,1,2700118,1000000
2024MU0001259,1,1841.43,44,2,3,1,16,223261,501,3000,1,1,1,1,1,2700101,1000000
2024MU0001260,1,1841.43,47,2,3,1,5,9981,83,9920,4,2,1,1,1,2700114,1000000
2024MU0001261,1,1841.43,18,2,1,1,18,38137,317,6000,1,2,1,1,1,2700103,1000000
2024MU0001262,1,1841.43,0,2,3,1,7,10257,85,0,0,6,1,5,1,2700100,1000000
2024MU0001263,1,1841.43,16,2,9,1,14,8592,71,0,0,6,1,5,1,2700111,1000000
2024MU0001264,1,1841.43,15,2,3,1,13,3028,25,0,0,6,1,5,1,2700107,1000000
2024MU0001265,1,1841.43,40,2,1,1,11,32865,273,6000,1,2,2,1,1,2700109,1000000
2024MU0001266,1,1841.43,38,1,3,1,13,49752,414,9800,1,1,1,1,1,2700103,1000000
2024MU0001267,1,1841.43,92,2,2,1,10,36642,305,0,0,6,1,2,1,2700117,1000000
2024MU0001268,1,1841.43,18,2,7,1,18,21662,180,2000,1,1,1,5,1,2700107,1000000
2024MU0001269,1,1841.43,29,1,2,1,9,97053,501,6000,1,1,1,1,1,2700102,1000000
2024MU0001270,1,1841.43,5,1,2,1,6,1417,11,0,0,6,1,5,1,2700110,1000000
2024MU0001271,1,1841.43,70,1,3,1,5,7617,63,9000,6,1,1,1,1,2700113,1000000
2024MU0001272,1,1841.43,39,1,2,1,11,36860,307,9800,3,3,1,1,1,2700115,1000000
2024MU0001273,1,1841.43,38,1,3,1,12,111891,501,7000,3,1,1,1,1,2700100,1000000
2024MU0001274,1,1841.43,39,1,1,1,7,4931,41,9800,3,2,1,1,1,2700119,1000000
2024MU0001275,1,1841.43,27,1,3,1,6,15023,125,9920,1,2,1,5,1,2700114,1000000
2024MU0001276,1,1841.43,43,2,1,1,6,13186,109,5000,6,1,1,5,1,2700111,1000000
2024MU0001277,1,1841.43,57,1,1,1,9,105915,501,6000,6,1,1,1,1,2700114,1000000
2024MU0001278,1,1841.43,40,2,3,1,14,24399,203,5000,4,4,1,1,1,2700115,1000000
2024MU0001279,1,1841.43,19,2,1,1,15,37995,316,5000,1,1,1,5,1,2700103,1000000
2024MU0001280,1,1841.43,2,2,1,1,6,2049,17,0,0,6,2,5,1,2700106,1000000
2024MU0001281,1,1841.43,17,2,3,1,12,12427,103,0,0,6,1,5,1,2700104,1000000
2024MU0001282,1,1841.43,19,1,3,1,12,8412,70,7000,4,1,1,5,1,2700120,1000000
2024MU0001283,1,1841.43,19,2,1,1,13,8319,69,4000,1,4,1,1,1,2700113,1000000
2024MU0001284,1,1841.43,19,2,3,1,13,2710,22,6000,3,4,1,5,1,2700109,1000000
2024MU0001285,1,1841.43,39,1,1,1,11,58251,485,7000,1,1,1,1,1,2700111,1000000
2024MU0001286,1,1841.43,6,1,1,1,7,1686,14,0,0,6,1,5,1,2700113,1000000
2024MU0001287,1,1841.43,47,1,2,1,9,19943,166,8000,1,1,2,1,1,2700118,1000000
2024MU0001288,1,1841.43,23,1,1,1,15,31060,258,5000,6,1,1,1,1,2700117,1000000
2024MU0001289,1,1841.43,8,1,9,1,1,1721,14,0,0,6,1,5,1,2700120,1000000
2024MU0001290,1,1841.43,11,2,1,1,1,5981,49,0,0,6,1,5,1,2700117,1000000
2024MU0001291,1,1841.43,8,2,4,1,1,5750,47,0,0,6,1,5,1,2700123,1000000
2024MU0001292,1,1841.43,37,2,5,1,13,69349,501,4000,3,1,1,1,1,2700122,1000000
2024MU0001293,1,1841.43,19,2,9,1,15,15991,133,4000,3,1,1,5,1,2700101,1000000
2024MU0001294,1,1841.43,11,2,2,1,2,4759,39,0,0,6,1,5,2,2700110,1000000
2024MU0001295,1,1841.43,5,2,7,1,5,2449,20,0,0,6,1,5,1,2700114,1000000
2024MU0001296,1,1841.43,17,2,9,1,15,52515,437,0,0,6,1,5,1,2700104,1000000
2024MU0001297,1,1841.43,28,1,1,1,6,15027,125,5000,1,1,1,5,1,2700104,1000000
2024MU0001298,1,1841.43,5,2,2,1,5,2370,19,0,0,6,1,5,1,2700119,1000000
2024MU0001299,1,1841.43,23,2,1,1,17,147443,501,5000,1,1,2,1,1,2700106,1000000
2024MU0001300,1,1841.43,41,1,3,1,7,24057,200,9000,6,1,1,1,1,2700101,1000000
2024MU0001301,1,1841.43,3,2,3,1,6,1321,11,0,0,6,1,5,1,2700121,1000000
2024MU0001302,1,1841.43,3,2,1,1,2,1052,8,0,0,6,1,5,1,2700100,1000000
2024MU0001303,1,1841.43,40,2,4,1,12,16965,141,9000,1,1,1,1,1,2700100,1000000
2024MU0001304,1,1841.43,3,1,1,1,8,14993,124,0,0,6,1,5,1,2700114,1000000
2024MU0001305,1,1841.43,25,2,5,1,10,14271,118,4000,1,3,1,5,1,2700100,1000000
2024MU0001306,1,1841.43,29,1,1,1,8,47943,399,8000,1,1,1,1,1,2700105,1000000
2024MU0001307,1,1841.43,7,1,3,1,4,1706,14,0,0,6,1,5,1,2700112,1000000
2024MU0001308,1,1841.43,37,1,1,1,8,6268,52,9800,1,2,1,1,1,2700106,1000000
2024MU0001309,1,1841.43,36,1,1,1,5,32411,270,9800,4,3,1,1,1,2700111,1000000
2024MU0001310,1,1841.43,24,2,3,1,16,137608,501,6000,1,1,1,5,1,2700103,1000000
2024MU0001311,1,1841.43,28,1,1,1,5,16672,138,6000,3,1,1,5,1,2700109,1000000
2024MU0001312,1,1841.43,39,1,2,1,8,27534,229,6000,1,5,1,1,1,2700107,1000000
2024MU0001313,1,1841.43,64,1,8,1,9,20720,172,6000,1,2,1,1,1,2700117,1000000
2024MU0001314,1,1841.43,39,1,1,1,13,78074,501,7000,1,2,1,1,1,2700121,1000000
2024MU0001315,1,1841.43,0,1,5,1,1,4856,40,0,0,6,1,5,1,2700110,1000000
2024MU0001316,1,1841.43,23,1,1,1,16,63429,501,3000,2,1,1,1,1,2700105,1000000
2024MU0001317,1,1841.43,71,2,1,1,12,19401,161,6000,6,1,1,1,1,2700115,1000000
2024MU0001318,1,1841.43,23,1,1,1,11,61041,501,8000,4,3,1,5,1,2700118,1000000
2024MU0001319,1,1841.43,4,1,9,1,4,5483,45,0,0,6,1,5,1,2700121,1000000
2024MU0001320,1,1841.43,9,2,1,1,6,713,5,0,0,6,1,5,1,2700102,1000000
2024MU0001321,1,1841.43,5,2,8,1,6,8176,68,0,0,6,1,5,2,2700105,1000000
2024MU0001322,1,1841.43,30,1,9,1,8,30761,256,9000,3,2,1,5,1,2700110,1000000
2024MU0001323,1,1841.43,93,2,2,1,5,4932,41,0,0,6,1,1,1,2700104,1000000
2024MU0001324,1,1841.43,25,2,3,1,14,31526,262,5000,4,1,1,5,1,2700117,1000000
2024MU0001325,1,1841.43,5,2,4,1,9,11789,98,0,0,6,1,5,1,2700113,1000000
2024MU0001326,1,1841.43,31,1,2,1,14,10901,90,9800,4,1,1,1,1,2700104,1000000
2024MU0001327,1,1841.43,5,2,1,1,9,8224,68,0,0,6,1,5,1,2700116,1000000
2024MU0001328,1,1841.43,54,2,2,1,10,28167,234,7000,1,1,1,4,1,2700107,1000000
2024MU0001329,1,1841.43,1,1,4,1,8,3529,29,0,0,6,1,5,1,2700119,1000000
2024MU0001330,1,1841.43,38,2,4,1,13,30158,251,7000,3,1,1,1,1,2700117,1000000
2024MU0001331,1,1841.43,31,2,1,1,16,176314,501,6000,4,1,1,1,1,2700122,1000000
2024MU0001332,1,1841.43,47,2,1,1,6,8391,69,5000,3,1,1,1,2,2700122,1000000
2024MU0001333,1,1841.43,35,2,8,1,14,82402,501,7000,1,1,1,1,1,2700121,1000000
2024MU0001334,1,1841.43,29,2,1,1,8,17491,145,9800,4,1,1,1,1,2700115,1000000
2024MU0001335,1,1841.43,26,2,3,1,5,31735,264,7000,1,2,1,5,1,2700103,1000000
2024MU0001336,1,1841.43,17,2,1,1,15,83809,501,0,0,6,1,5,1,2700111,1000000
2024MU0001337,1,1841.43,14,2,5,1,3,16129,134,0,0,6,1,5,1,2700118,1000000
2024MU0001338,1,1841.43,21,2,8,1,10,4750,39,9000,4,1,1,1,1,2700123,1000000
2024MU0001339,1,1841.43,54,1,1,1,19,236119,501,4000,2,3,1,1,1,2700102,1000000
2024MU0001340,1,1841.43,28,1,1,1,13,17578,146,6000,4,1,1,1,1,2700121,1000000
2024MU0001341,1,1841.43,44,2,2,1,14,433016,501,5000,1,2,1,1,1,2700101,1000000
2024MU0001342,1,1841.43,4,1,1,1,9,16745,139,0,0,6,1,5,1,2700123,1000000
2024MU0001343,1,1841.43,33,2,2,1,10,117446,501,6000,6,2,1,1,1,2700107,1000000
2024MU0001344,1,1841.43,55,2,3,1,7,18926,157,7000,3,2,1,1,1,2700104,1000000
2024MU0001345,1,1841.43,99,2,1,1,5,811,6,0,0,6,1,5,1,2700100,1000000
2024MU0001346,1,1841.43,85,2,2,1,8,3568,29,0,0,6,1,4,1,2700104,1000000
2024MU0001347,1,1841.43,31,2,4,1,12,26968,224,5000,4,3,2,1,1,2700113,1000000
2024MU0001348,1,1841.43,13,1,3,1,4,2933,24,0,0,6,1,5,1,2700103,1000000
2024MU0001349,1,1841.43,26,2,1,1,10,37367,311,5000,3,1,1,1,1,2700107,1000000
2024MU0001350,1,1841.43,33,1,3,1,7,23941,199,9920,1,5,1,1,1,2700115,1000000
2024MU0001351,1,1841.43,51,1,4,1,9,5772,48,7000,1,1,1,5,1,2700104,1000000
2024MU0001352,1,1841.43,38,1,3,1,6,13263,110,6000,1,4,1,5,1,2700110,1000000
2024MU0001353,1,1841.43,25,1,1,1,15,59002,491,6000,3,1,1,1,1,2700112,1000000
2024MU0001354,1,1841.43,32,1,1,1,5,48395,403,9800,1,1,1,1,1,2700107,1000000
2024MU0001355,1,1841.43,11,1,5,1,4,6437,53,0,0,6,1,5,1,2700110,1000000
2024MU0001356,1,1841.43,22,2,5,1,11,25557,212,6000,3,2,1,5,1,2700102,1000000
2024MU0001357,1,1841.43,23,2,3,1,17,90315,501,5000,3,2,1,1,1,2700100,1000000
2024MU0001358,1,1841.43,34,1,1,1,9,13378,111,7000,1,1,1,5,1,2700103,1000000
2024MU0001359,1,1841.43,23,1,3,1,12,46156,384,8000,1,2,1,5,1,2700118,1000000
2024MU0001360,1,1841.43,28,2,5,1,11,22026,183,6000,1,1,1,5,1,2700113,1000000
2024MU0001361,1,1841.43,39,2,2,1,16,72976,501,3000,3,1,1,1,1,2700121,1000000
2024MU0001362,1,1841.43,20,2,1,1,19,115052,501,2000,1,2,1,5,1,2700101,1000000
2024MU0001363,1,1841.43,51,1,3,1,7,16628,138,5000,1,1,1,3,1,2700113,1000000
2024MU0001364,1,1841.43,42,2,5,1,11,27351,227,7000,3,1,1,1,1,2700106,1000000
2024MU0001365,1,1841.43,46,1,1,1,5,9885,82,7000,3,5,1,1,1,2700110,1000000
2024MU0001366,1,1841.43,5,2,3,1,2,5370,44,0,0,6,1,5,1,2700102,1000000
2024MU0001367,1,1841.43,0,1,3,1,4,5047,42,0,0,6,5,5,1,2700116,1000000
2024MU0001368,1,1841.43,7,1,3,1,3,4103,34,0,0,6,1,5,1,2700114,1000000
2024MU0001369,1,1841.43,56,1,3,1,12,15640,130,3000,1,1,1,1,1,2700120,1000000
2024MU0001370,1,1841.43,49,1,3,1,15,62883,501,6000,1,1,1,1,1,2700103,1000000
2024MU0001371,1,1841.43,20,1,1,1,10,6452,53,8000,1,1,1,1,1,2700118,1000000
2024MU0001372,1,1841.43,78,2,1,1,6,5709,47,0,0,6,1,1,1,2700109,1000000
2024MU0001373,1,1841.43,56,2,3,1,9,35280,294,6000,1,1,1,1,1,2700116,1000000
2024MU0001374,1,1841.43,36,2,1,1,12,38961,324,9800,1,3,1,5,1,2700116,1000000
2024MU0001375,1,1841.43,80,1,3,1,12,16762,139,0,0,6,1,2,1,2700111,1000000
2024MU0001376,1,1841.43,31,1,3,1,16,366249,501,6000,1,1,1,5,1,2700114,1000000
2024MU0001377,1,1841.43,5,2,1,1,5,7906,65,0,0,6,1,5,1,2700110,1000000
2024MU0001378,1,1841.43,86,2,3,1,6,17282,144,0,0,6,1,5,1,2700113,1000000
2024MU0001379,1,1841.43,32,1,2,1,14,60313,501,4000,1,1,1,1,1,2700114,1000000
2024MU0001380,1,1841.43,23,1,1,1,12,30562,254,8000,1,1,1,1,1,2700112,1000000
2024MU0001381,1,1841.43,54,2,2,1,17,126244,501,6000,4,1,1,3,1,2700101,1000000
2024MU0001382,1,1841.43,4,1,8,1,1,4801,40,0,0,6,1,5,1,2700104,1000000
2024MU0001383,1,1841.43,87,1,2,1,8,12749,106,0,0,6,1,5,1,2700119,1000000
2024MU0001384,1,1841.43,48,2,3,1,5,7348,61,5000,3,1,1,1,1,2700105,1000000
2024MU0001385,1,1841.43,50,2,1,1,9,60314,501,5000,4,1,1,5,2,2700114,1000000
2024MU0001386,1,1841.43,41,2,1,1,10,48984,408,6000,6,1,1,1,1,2700110,1000000
2024MU0001387,1,1841.43,61,1,1,1,9,10250,85,6000,6,5,1,1,1,2700100,1000000
2024MU0001388,1,1841.43,56,1,4,1,12,38561,321,9800,1,1,1,4,1,2700123,1000000
2024MU0001389,1,1841.43,22,2,2,1,16,36066,300,5000,1,1,1,5,1,2700111,1000000
2024MU0001390,1,1841.43,17,2,1,1,13,7491,62,0,0,6,1,5,1,2700116,1000000
2024MU0001391,1,1841.43,58,1,3,1,14,32486,270,4000,1,1,1,1,1,2700100,1000000
2024MU0001392,1,1841.43,4,1,1,1,7,1200,10,0,0,6,1,5,1,2700101,1000000
2024MU0001393,1,1841.43,9,1,1,1,2,3839,31,0,0,6,1,5,1,2700101,1000000
2024MU0001394,1,1841.43,4,1,2,1,7,4233,35,0,0,6,1,5,1,2700117,1000000
2024MU0001395,1,1841.43,16,2,1,1,20,86991,501,0,0,6,1,5,1,2700121,1000000
2024MU0001396,1,1841.43,29,2,3,1,12,21146,176,9000,4,2,1,1,1,2700102,1000000
2024MU0001397,1,1841.43,10,1,1,1,3,4992,41,0,0,6,1,5,1,2700115,1000000
2024MU0001398,1,1841.43,35,1,2,1,12,40763,339,5000,3,1,1,1,1,2700109,1000000
2024MU0001399,1,1841.43,41,2,6,1,8,11472,95,7000,1,5,1,1,1,2700114,1000000
2024MU0001400,1,1841.43,29,1,8,1,13,9022,75,6000,3,5,1,1,1,2700111,1000000
2024MU0001401,1,1841.43,15,2,5,1,15,27696,230,0,0,6,1,5,1,2700112,1000000
2024MU0001402,1,1841.43,1,2,6,1,8,7270,60,0,0,6,1,5,1,2700111,1000000
2024MU0001403,1,1841.43,22,2,3,1,16,45099,375,3000,1,1,1,5,1,2700120,1000000
2024MU0001404,1,1841.43,14,1,3,1,3,3367,28,0,0,6,1,5,1,2700106,1000000
2024MU0001405,1,1841.43,8,1,3,1,6,3788,31,0,0,6,1,5,1,2700118,1000000
2024MU0001406,1,1841.43,30,1,4,1,9,94280,501,6000,4,1,1,1,1,2700114,1000000
2024MU0001407,1,1841.43,51,1,3,1,7,13685,114,9800,3,1,1,1,1,2700119,1000000
2024MU0001408,1,1841.43,2,1,1,1,4,5046,42,0,0,6,1,5,1,2700106,1000000
2024MU0001409,1,1841.43,38,2,5,1,5,15921,132,6000,3,1,1,1,1,2700120,1000000
2024MU0001410,1,1841.43,14,2,4,1,9,7718,64,0,0,6,1,5,2,2700113,1000000
2024MU0001411,1,1841.43,2,2,5,1,5,1617,13,0,0,6,1,5,1,2700112,1000000
2024MU0001412,1,1841.43,34,1,1,1,14,35695,297,9800,1,1,1,1,1,2700113,1000000
2024MU0001413,1,1841.43,43,2,1,1,7,21960,183,5000,3,2,1,1,1,2700119,1000000
2024MU0001414,1,1841.43,45,2,1,1,11,47499,395,7000,3,1,1,1,1,2700111,1000000
2024MU0001415,1,1841.43,32,1,2,1,12,122759,501,9800,3,5,1,1,1,2700106,1000000
2024MU0001416,1,1841.43,14,2,1,1,4,8541,71,0,0,6,1,5,1,2700101,1000000
2024MU0001417,1,1841.43,15,1,2,1,20,110891,501,0,0,6,1,5,1,2700115,1000000
2024MU0001418,1,1841.43,55,1,1,1,9,8755,72,4000,3,4,1,1,1,2700117,1000000
2024MU0001419,1,1841.43,40,1,1,1,11,131643,501,8000,4,1,1,1,1,2700100,1000000
2024MU0001420,1,1841.43,28,2,3,1,5,13230,110,8000,3,1,1,1,1,2700100,1000000
2024MU0001421,1,1841.43,18,2,6,1,13,14505,120,6000,4,1,1,1,1,2700114,1000000
2024MU0001422,1,1841.43,28,1,1,1,16,135194,501,2000,1,1,1,1,1,2700109,1000000
2024MU0001423,1,1841.43,28,1,3,1,14,29489,245,8000,1,1,1,1,1,2700112,1000000
2024MU0001424,1,1841.43,55,1,1,1,9,17166,143,6000,3,1,1,1,1,2700102,1000000
2024MU0001425,1,1841.43,23,1,1,1,19,327931,501,3000,1,1,1,5,1,2700122,1000000
2024MU0001426,1,1841.43,28,1,3,1,11,16968,141,9000,1,1,1,5,1,2700104,1000000
2024MU0001427,1,1841.43,51,1,3,1,10,18214,151,9800,1,1,1,1,1,2700116,1000000
2024MU0001428,1,1841.43,8,1,5,1,4,3322,27,0,0,6,1,5,1,2700107,1000000
2024MU0001429,1,1841.43,17,2,2,1,16,23492,195,0,0,6,1,5,1,2700101,1000000
2024MU0001430,1,1841.43,47,1,6,1,8,16080,134,6000,3,1,1,1,1,2700106,1000000
2024MU0001431,1,1841.43,48,2,1,1,8,14820,123,9800,1,1,1,1,1,2700120,1000000
2024MU0001432,1,1841.43,73,1,1,1,12,46622,388,9800,1,1,1,5,1,2700111,1000000
2024MU0001433,1,1841.43,40,1,1,1,6,23150,192,5000,1,1,1,1,1,2700105,1000000
2024MU0001434,1,1841.43,38,1,4,1,7,8071,67,8000,3,3,1,5,1,2700120,1000000
2024MU0001435,1,1841.43,29,1,1,1,5,6005,50,5000,1,1,1,1,1,2700121,1000000
2024MU0001436,1,1841.43,22,1,1,1,14,22139,184,9800,6,1,1,5,1,2700120,1000000
2024MU0001437,1,1841.43,42,2,3,1,8,11789,98,6000,4,1,1,1,1,2700119,1000000
2024MU0001438,1,1841.43,0,2,1,1,1,2655,22,0,0,6,1,5,1,2700121,1000000
2024MU0001439,1,1841.43,0,1,1,1,5,1660,13,0,0,6,1,5,1,2700120,1000000
2024MU0001440,1,1841.43,23,1,1,1,16,94004,501,3000,1,1,1,5,1,2700101,1000000
2024MU0001441,1,1841.43,49,2,1,1,12,31678,263,8000,3,1,1,1,1,2700106,1000000
2024MU0001442,1,1841.43,25,1,3,1,18,44612,371,5000,1,1,1,5,1,2700105,1000000
2024MU0001443,1,1841.43,38,2,3,1,12,61215,501,6000,4,4,1,1,1,2700100,1000000
2024MU0001444,1,1841.43,3,2,1,1,2,7897,65,0,0,6,1,5,1,2700116,1000000
2024MU0001445,1,1841.43,46,2,1,1,5,13171,109,9000,1,1,1,1,1,2700121,1000000
2024MU0001446,1,1841.43,43,1,5,1,12,151654,501,9800,1,3,1,1,1,2700105,1000000
2024MU0001447,1,1841.43,22,1,2,1,16,298393,501,6000,4,1,1,1,1,2700103,1000000
2024MU0001448,1,1841.43,6,1,3,1,2,5964,49,0,0,6,1,5,1,2700109,1000000
2024MU0001449,1,1841.43,43,2,2,1,7,11017,91,9800,1,1,1,2,1,2700121,1000000
2024MU0001450,1,1841.43,58,2,1,1,12,43838,365,9800,3,1,1,1,1,2700118,1000000
2024MU0001451,1,1841.43,25,2,9,1,12,12329,102,9800,4,1,1,1,1,2700105,1000000
2024MU0001452,1,1841.43,80,2,3,1,8,3325,27,0,0,6,1,2,1,2700101,1000000
2024MU0001453,1,1841.43,19,2,1,1,12,3354,27,9000,4,1,1,1,1,2700107,1000000
2024MU0001454,1,1841.43,19,2,2,1,16,20311,169,6000,1,1,1,5,1,2700105,1000000
2024MU0001455,1,1841.43,30,2,1,1,14,18389,153,9800,4,1,1,1,1,2700108,1000000
2024MU0001456,1,1841.43,38,2,1,1,16,172259,501,4000,1,1,1,1,1,2700114,1000000
2024MU0001457,1,1841.43,48,1,9,1,11,25794,214,7000,3,1,1,1,1,2700118,1000000
2024MU0001458,1,1841.43,46,1,8,1,10,52889,440,3000,2,1,1,1,1,2700121,1000000
2024MU0001459,1,1841.43,45,2,1,1,11,73559,501,3000,1,1,1,1,1,2700114,1000000
2024MU0001460,1,1841.43,6,1,2,1,4,10230,85,0,0,6,1,5,2,2700121,1000000
2024MU0001461,1,1841.43,26,1,4,1,8,8055,67,9800,3,1,1,1,1,2700103,1000000
2024MU0001462,1,1841.43,58,2,1,1,14,45136,376,7000,3,1,1,5,1,2700108,1000000
2024MU0001463,1,1841.43,38,2,3,1,11,55385,461,9000,4,1,1,2,1,2700121,1000000
2024MU0001464,1,1841.43,18,2,3,1,16,63530,501,6000,1,1,1,5,1,2700123,1000000
2024MU0001465,1,1841.43,22,1,3,1,20,235304,501,3000,1,1,1,1,1,2700117,1000000
2024MU0001466,1,1841.43,97,2,3,1,12,45215,376,0,0,6,1,5,1,2700112,1000000
2024MU0001467,1,1841.43,42,1,3,1,10,13589,113,4000,1,1,1,1,1,2700110,1000000
2024MU0001468,1,1841.43,36,2,9,1,5,9422,78,9000,3,1,1,1,1,2700123,1000000
2024MU0001469,1,1841.43,26,1,1,1,10,59821,498,4000,1,5,1,1,1,2700102,1000000
2024MU0001470,1,1841.43,11,2,7,1,8,6377,53,0,0,6,1,5,1,2700102,1000000
2024MU0001471,1,1841.43,20,2,1,1,13,9981,83,8000,1,1,1,5,1,2700117,1000000
2024MU0001472,1,1841.43,22,1,1,1,20,125471,501,3000,1,1,1,5,1,2700119,1000000
2024MU0001473,1,1841.43,36,2,1,1,6,30129,251,9800,1,4,1,1,1,2700106,1000000
2024MU0001474,1,1841.43,67,2,3,1,8,1370,11,7000,4,3,1,1,1,2700116,1000000
2024MU0001475,1,1841.43,35,1,1,1,11,75875,501,5000,4,1,1,1,1,2700112,1000000
2024MU0001476,1,1841.43,46,1,6,1,7,17238,143,6000,1,1,1,1,1,2700113,1000000
2024MU0001477,1,1841.43,26,1,3,1,17,58897,490,5000,3,1,1,1,1,2700111,1000000
2024MU0001478,1,1841.43,40,1,1,1,10,61946,501,7000,3,1,1,1,1,2700107,1000000
2024MU0001479,1,1841.43,11,2,3,1,3,2943,24,0,0,6,1,5,1,2700118,1000000
2024MU0001480,1,1841.43,23,2,6,1,14,29648,247,7000,1,2,1,5,1,2700100,1000000
2024MU0001481,1,1841.43,15,1,3,1,17,28804,240,0,0,6,1,5,1,2700117,1000000
2024MU0001482,1,1841.43,43,1,1,1,7,29084,242,6000,3,1,1,1,1,2700113,1000000
2024MU0001483,1,1841.43,42,2,6,1,13,48715,405,9800,4,3,1,1,1,2700117,1000000
2024MU0001484,1,1841.43,15,1,3,1,12,2863,23,0,0,6,1,5,1,2700119,1000000
2024MU0001485,1,1841.43,20,1,2,1,13,4111,34,9800,1,1,1,1,1,2700122,1000000
2024MU0001486,1,1841.43,45,1,1,1,6,6734,56,6000,6,2,1,1,1,2700104,1000000
2024MU0001487,1,1841.43,10,1,2,1,2,5774,48,0,0,6,1,5,1,2700108,1000000
2024MU0001488,1,1841.43,45,2,6,1,8,25029,208,9800,3,1,1,1,1,2700113,1000000
2024MU0001489,1,1841.43,19,2,1,1,20,137476,501,1000,1,1,1,5,1,2700104,1000000
2024MU0001490,1,1841.43,28,1,1,1,6,4747,39,9800,6,1,1,1,1,2700102,1000000
2024MU0001491,1,1841.43,20,2,6,1,13,27241,227,6000,1,2,1,5,1,2700121,1000000
2024MU0001492,1,1841.43,68,2,1,1,6,1417,11,9000,4,2,1,1,1,2700116,1000000
2024MU0001493,1,1841.43,45,2,8,1,10,44123,367,5000,3,1,1,1,1,2700115,1000000
2024MU0001494,1,1841.43,37,1,1,1,14,51738,431,9800,4,1,1,1,1,2700106,1000000
2024MU0001495,1,1841.43,40,2,2,1,12,51608,430,5000,3,1,1,3,1,2700115,1000000
2024MU0001496,1,1841.43,23,2,1,1,10,23391,194,9800,1,1,1,5,1,2700113,1000000
2024MU0001497,1,1841.43,10,1,8,1,6,4404,36,0,0,6,1,5,1,2700111,1000000
2024MU0001498,1,1841.43,10,1,3,1,5,1491,12,0,0,6,1,5,1,2700100,1000000
2024MU0001499,1,1841.43,13,2,8,1,5,8007,66,0,0,6,1,5,1,2700118,1000000
2024MU0001500,1,1841.43,7,2,3,1,4,4894,40,0,0,6,1,5,1,2700112,1000000
2024MU0001501,1,1841.43,26,2,1,1,14,37437,311,4000,1,1,1,1,1,2700102,1000000
2024MU0001502,1,1841.43,57,2,1,1,8,10687,89,6000,3,1,1,2,1,2700105,1000000
2024MU0001503,1,1841.43,41,2,2,1,7,12331,102,8000,3,2,1,1,1,2700101,1000000
2024MU0001504,1,1841.43,30,1,3,1,9,62920,501,9800,6,1,1,1,1,2700116,1000000
2024MU0001505,1,1841.43,51,1,8,1,9,110523,501,7000,3,1,1,4,1,2700103,1000000
2024MU0001506,1,1841.43,64,2,2,1,6,4381,36,6000,1,1,1,5,1,2700109,1000000
2024MU0001507,1,1841.43,10,1,3,1,5,1262,10,0,0,6,1,5,1,2700102,1000000
2024MU0001508,1,1841.43,13,1,9,1,7,4959,41,0,0,6,1,5,1,2700111,1000000
2024MU0001509,1,1841.43,21,2,1,1,16,24262,202,6000,1,5,1,1,1,2700101,1000000
2024MU0001510,1,1841.43,3,2,6,1,4,4426,36,0,0,6,1,5,1,2700106,1000000
2024MU0001511,1,1841.43,31,1,2,1,14,42858,357,7000,4,1,1,5,1,2700110,1000000
2024MU0001512,1,1841.43,30,1,3,1,14,67354,501,5000,4,2,1,1,1,2700120,1000000
2024MU0001513,1,1841.43,16,1,1,1,14,8916,74,0,0,6,1,5,1,2700120,1000000
2024MU0001514,1,1841.43,14,1,1,1,5,1524,12,0,0,6,1,5,1,2700120,1000000
2024MU0001515,1,1841.43,18,2,1,1,17,18437,153,4000,2,1,1,5,1,2700122,1000000
2024MU0001516,1,1841.43,56,1,9,1,7,11750,97,9000,1,1,2,2,1,2700103,1000000
2024MU0001517,1,1841.43,14,2,5,1,4,1468,12,0,0,6,1,5,1,2700114,1000000
2024MU0001518,1,1841.43,31,2,1,1,7,15565,129,9000,4,1,1,5,2,2700100,1000000
2024MU0001519,1,1841.43,38,2,9,1,19,245904,501,4000,1,1,1,1,1,2700119,1000000
2024MU0001520,1,1841.43,32,1,3,1,6,12041,100,9920,1,4,1,5,1,2700118,1000000
2024MU0001521,1,1841.43,39,1,6,1,7,18952,157,9800,3,1,1,2,1,2700100,1000000
2024MU0001522,1,1841.43,17,1,1,1,15,11242,93,0,0,6,1,5,1,2700123,1000000
2024MU0001523,1,1841.43,53,1,2,1,13,18634,155,8000,1,1,1,1,1,2700105,1000000
2024MU0001524,1,1841.43,2,2,3,1,4,1606,13,0,0,6,1,5,1,2700109,1000000
2024MU0001525,1,1841.43,40,1,1,1,12,80678,501,3000,2,1,1,1,1,2700113,1000000
2024MU0001526,1,1841.43,42,2,2,1,11,218958,501,9000,1,4,1,1,1,2700114,1000000
2024MU0001527,1,1841.43,13,1,2,1,5,1981,16,0,0,6,1,5,1,2700122,1000000
2024MU0001528,1,1841.43,0,1,1,1,7,3320,27,0,0,6,1,5,2,2700117,1000000
2024MU0001529,1,1841.43,41,2,1,1,5,9205,76,9920,1,1,1,1,1,2700106,1000000
2024MU0001530,1,1841.43,15,2,9,1,19,66611,501,0,0,6,1,5,1,2700109,1000000
2024MU0001531,1,1841.43,14,1,1,1,7,2463,20,0,0,6,1,5,2,2700106,1000000
2024MU0001532,1,1841.43,4,1,1,1,8,5025,41,0,0,6,1,5,1,2700101,1000000
2024MU0001533,1,1841.43,59,1,2,1,12,57844,482,6000,1,1,1,1,1,2700109,1000000
2024MU0001534,1,1841.43,21,2,3,1,18,14210,118,4000,2,1,1,5,1,2700101,1000000
2024MU0001535,1,1841.43,50,1,3,1,7,16600,138,9800,1,5,1,1,2,2700109,1000000
2024MU0001536,1,1841.43,50,2,4,1,8,3180,26,9000,1,1,1,1,1,2700116,1000000
2024MU0001537,1,1841.43,48,2,1,1,8,13057,108,9920,1,1,1,1,1,2700102,1000000
2024MU0001538,1,1841.43,36,2,2,1,7,12374,103,7000,1,1,1,1,1,2700106,1000000
2024MU0001539,1,1841.43,35,1,4,1,13,37120,309,7000,3,3,1,1,1,2700117,1000000
2024MU0001540,1,1841.43,56,1,8,1,6,10408,86,5000,1,5,1,1,1,2700114,1000000
2024MU0001541,1,1841.43,2,2,3,1,1,2697,22,0,0,6,1,5,1,2700106,1000000
2024MU0001542,1,1841.43,26,1,1,1,14,24120,200,9800,1,1,1,1,1,2700102,1000000
2024MU0001543,1,1841.43,59,1,2,1,14,42902,357,6000,4,1,1,1,1,2700120,1000000
2024MU0001544,1,1841.43,10,1,1,1,6,4959,41,0,0,6,1,5,1,2700100,1000000
2024MU0001545,1,1841.43,39,1,3,1,15,126936,501,6000,1,3,1,1,1,2700113,1000000
2024MU0001546,1,1841.43,20,1,1,1,16,20991,174,3000,3,1,1,5,1,2700118,1000000
2024MU0001547,1,1841.43,30,1,1,1,16,226505,501,3000,2,1,1,1,1,2700108,1000000
2024MU0001548,1,1841.43,16,2,2,1,15,73957,501,0,0,6,1,5,1,2700119,1000000
2024MU0001549,1,1841.43,4,2,2,1,9,4421,36,0,0,6,1,5,1,2700121,1000000
2024MU0001550,1,1841.43,34,1,2,1,7,18283,152,7000,1,1,2,1,1,2700119,1000000
2024MU0001551,1,1841.43,45,1,2,1,12,31401,261,8000,1,1,1,2,1,2700103,1000000
2024MU0001552,1,1841.43,78,2,3,1,8,14007,116,0,0,6,1,1,1,2700103,1000000
2024MU0001553,1,1841.43,11,2,2,1,5,3967,33,0,0,6,1,5,1,2700102,1000000
2024MU0001554,1,1841.43,17,1,2,1,17,30574,254,0,0,6,1,5,1,2700113,1000000
2024MU0001555,1,1841.43,29,2,1,1,15,106280,501,4000,3,1,1,1,1,2700115,1000000
2024MU0001556,1,1841.43,55,2,2,1,13,29487,245,6000,3,1,1,1,1,2700105,1000000
2024MU0001557,1,1841.43,20,2,3,1,12,35251,293,7000,3,1,1,5,1,2700121,1000000
2024MU0001558,1,1841.43,52,2,2,1,6,20086,167,9920,3,1,1,1,1,2700106,1000000
2024MU0001559,1,1841.43,18,2,3,1,10,20913,174,9800,1,1,1,5,1,2700116,1000000
2024MU0001560,1,1841.43,35,2,3,1,7,13438,111,6000,1,1,1,1,1,2700115,1000000
2024MU0001561,1,1841.43,18,1,5,1,13,9996,83,8000,1,1,1,5,1,2700117,1000000
2024MU0001562,1,1841.43,1,2,2,1,6,7671,63,0,0,6,1,5,1,2700109,1000000
2024MU0001563,1,1841.43,22,2,2,1,15,121002,501,5000,3,2,1,5,1,2700107,1000000
2024MU0001564,1,1841.43,62,1,3,1,10,15152,126,8000,4,2,1,5,1,2700113,1000000
2024MU0001565,1,1841.43,63,2,1,1,7,14795,123,5000,1,3,1,1,1,2700108,1000000
2024MU0001566,1,1841.43,13,1,2,1,5,5855,48,0,0,6,1,5,1,2700119,1000000
2024MU0001567,1,1841.43,10,1,3,1,2,3611,30,0,0,6,1,5,1,2700115,1000000
2024MU0001568,1,1841.43,1,1,1,1,6,5427,45,0,0,6,1,5,1,2700120,1000000
2024MU0001569,1,1841.43,27,2,2,1,14,27316,227,7000,3,1,1,5,1,2700107,1000000
2024MU0001570,1,1841.43,28,2,3,1,9,6027,50,9000,6,1,1,1,1,2700109,1000000
2024MU0001571,1,1841.43,9,1,9,1,3,1404,11,0,0,6,1,5,1,2700119,1000000
2024MU0001572,1,1841.43,9,2,7,1,3,8743,72,0,0,6,1,5,1,2700113,1000000
2024MU0001573,1,1841.43,17,1,1,1,18,25575,213,0,0,6,1,5,1,2700101,1000000
2024MU0001574,1,1841.43,48,2,2,1,11,49766,414,5000,1,4,1,1,1,2700107,1000000
2024MU0001575,1,1841.43,68,2,1,1,8,6660,55,6000,1,1,1,4,1,2700123,1000000
2024MU0001576,1,1841.43,72,2,1,1,6,3451,28,6000,1,2,1,5,1,2700107,1000000
2024MU0001577,1,1841.43,43,2,4,1,6,11033,91,9920,1,1,1,5,1,2700106,1000000
2024MU0001578,1,1841.43,27,1,1,1,6,13905,115,9920,3,1,5,5,1,2700114,1000000
2024MU0001579,1,1841.43,81,1,1,1,5,9429,78,0,0,6,1,1,1,2700122,1000000
2024MU0001580,1,1841.43,34,2,9,1,8,92323,501,5000,1,1,1,1,1,2700113,1000000
2024MU0001581,1,1841.43,27,1,5,1,7,7292,60,9800,1,2,1,1,1,2700110,1000000
2024MU0001582,1,1841.43,35,2,4,1,11,140332,501,6000,4,1,1,1,1,2700108,1000000
2024MU0001583,1,1841.43,6,2,6,1,4,2013,16,0,0,6,1,5,1,2700101,1000000
2024MU0001584,1,1841.43,24,1,3,1,14,40899,340,8000,4,1,1,1,1,2700100,1000000
2024MU0001585,1,1841.43,57,2,1,1,10,41130,342,7000,4,1,1,1,1,2700109,1000000
2024MU0001586,1,1841.43,0,2,2,1,6,3624,30,0,0,6,1,5,1,2700113,1000000
2024MU0001587,1,1841.43,29,2,2,1,12,28937,241,7000,6,1,1,1,1,2700119,1000000
2024MU0001588,1,1841.43,26,1,1,1,9,18788,156,9800,4,1,1,5,1,2700105,1000000
2024MU0001589,1,1841.43,48,1,5,1,12,82047,501,8000,1,1,1,1,1,2700118,1000000
2024MU0001590,1,1841.43,26,1,2,1,16,47633,396,3000,1,4,1,1,1,2700106,1000000
2024MU0001591,1,1841.43,42,2,1,1,8,20668,172,5000,1,1,1,5,1,2700112,1000000
2024MU0001592,1,1841.43,29,2,1,1,5,19565,163,9920,1,1,1,1,1,2700117,1000000
2024MU0001593,1,1841.43,48,2,1,1,14,114836,501,5000,1,1,1,1,1,2700110,1000000
2024MU0001594,1,1841.43,15,1,8,1,19,96946,501,0,0,6,1,5,1,2700102,1000000
2024MU0001595,1,1841.43,31,1,3,1,6,25343,211,9800,3,5,1,1,1,2700117,1000000
2024MU0001596,1,1841.43,38,2,3,1,5,9625,80,7000,4,1,1,3,1,2700106,1000000
2024MU0001597,1,1841.43,47,2,2,1,12,25141,209,5000,1,1,2,2,1,2700118,1000000
2024MU0001598,1,1841.43,4,2,3,1,3,1611,13,0,0,6,1,5,1,2700109,1000000
2024MU0001599,1,1841.43,4,2,4,1,8,1493,12,0,0,6,1,5,1,2700106,1000000
2024MU0001600,1,1841.43,18,2,3,1,13,10883,90,9000,3,2,1,5,1,2700101,1000000
2024MU0001601,1,1841.43,59,2,9,1,13,21824,181,9800,1,1,1,1,1,2700113,1000000
2024MU0001602,1,1841.43,93,2,9,1,5,17434,145,0,0,6,1,1,1,2700121,1000000
2024MU0001603,1,1841.43,42,1,9,1,7,10088,84,5000,1,1,1,1,1,2700113,1000000
2024MU0001604,1,1841.43,20,2,3,1,20,62514,501,1000,1,1,1,5,2,2700102,1000000
2024MU0001605,1,1841.43,10,2,9,1,3,3243,27,0,0,6,1,5,2,2700108,1000000
2024MU0001606,1,1841.43,34,1,2,1,7,5214,43,9800,6,1,1,1,1,2700119,1000000
2024MU0001607,1,1841.43,48,1,6,1,13,93426,501,7000,6,1,1,1,1,2700114,1000000
2024MU0001608,1,1841.43,24,1,8,1,12,47272,393,8000,1,1,1,5,1,2700105,1000000
2024MU0001609,1,1841.43,76,2,8,1,5,12775,106,0,0,6,1,2,2,2700111,1000000
2024MU0001610,1,1841.43,85,1,5,1,6,10751,89,0,0,6,2,2,1,2700113,1000000
2024MU0001611,1,1841.43,91,1,2,1,8,3638,30,0,0,6,1,1,1,2700115,1000000
2024MU0001612,1,1841.43,21,1,1,1,17,18996,158,4000,3,1,1,5,1,2700107,1000000
2024MU0001613,1,1841.43,20,1,1,1,18,38840,323,4000,1,5,1,5,1,2700109,1000000
2024MU0001614,1,1841.43,28,2,4,1,11,85553,501,6000,3,1,1,1,1,2700103,1000000
2024MU0001615,1,1841.43,44,1,1,1,8,21831,181,8000,3,1,1,1,1,2700120,1000000
2024MU0001616,1,1841.43,38,2,2,1,9,86443,501,5000,4,1,1,1,1,2700102,1000000
2024MU0001617,1,1841.43,15,1,3,1,18,21601,180,0,0,6,1,5,1,2700102,1000000
2024MU0001618,1,1841.43,58,1,3,1,11,78315,501,9000,1,1,1,1,1,2700106,1000000
2024MU0001619,1,1841.43,26,1,9,1,16,61400,501,4000,1,1,1,1,1,2700102,1000000
2024MU0001620,1,1841.43,59,2,3,1,17,114016,501,6000,1,1,1,1,1,2700109,1000000
2024MU0001621,1,1841.43,36,2,4,1,9,33725,281,9800,3,2,1,1,1,2700119,1000000
2024MU0001622,1,1841.43,68,1,3,1,8,13604,113,9920,3,2,1,2,1,2700104,1000000
2024MU0001623,1,1841.43,12,2,5,1,5,8252,68,0,0,6,1,5,1,2700113,1000000
2024MU0001624,1,1841.43,15,1,1,1,12,3874,32,0,0,6,1,5,1,2700109,1000000
2024MU0001625,1,1841.43,22,2,1,1,11,73465,501,8000,4,2,1,5,1,2700108,1000000
2024MU0001626,1,1841.43,5,2,8,1,7,26826,223,0,0,6,1,5,1,2700105,1000000
2024MU0001627,1,1841.43,19,2,3,1,15,23928,199,3000,1,1,1,5,1,2700102,1000000
2024MU0001628,1,1841.43,28,2,3,1,12,26584,221,6000,6,1,2,1,1,2700110,1000000
2024MU0001629,1,1841.43,6,2,2,1,5,10802,90,0,0,6,1,5,1,2700102,1000000
2024MU0001630,1,1841.43,5,2,2,1,6,4227,35,0,0,6,1,5,1,2700105,1000000
2024MU0001631,1,1841.43,40,2,3,1,6,15980,133,9000,6,1,1,1,1,2700115,1000000
2024MU0001632,1,1841.43,54,2,1,1,10,137019,501,9000,1,3,1,1,1,2700105,1000000
2024MU0001633,1,1841.43,13,2,2,1,4,1356,11,0,0,6,1,5,1,2700106,1000000
2024MU0001634,1,1841.43,41,2,2,1,14,25085,209,5000,1,1,1,1,1,2700108,1000000
2024MU0001635,1,1841.43,52,2,2,1,9,48653,405,9800,3,1,1,5,1,2700110,1000000
2024MU0001636,1,1841.43,43,2,3,1,16,44828,373,2000,1,1,1,1,1,2700112,1000000
2024MU0001637,1,1841.43,94,2,9,1,7,4956,41,0,0,6,2,1,1,2700113,1000000
2024MU0001638,1,1841.43,67,1,3,1,12,13895,115,8000,1,1,1,1,1,2700102,1000000
2024MU0001639,1,1841.43,99,1,8,1,11,35599,296,0,0,6,1,1,1,2700105,1000000
2024MU0001640,1,1841.43,21,1,3,1,16,44879,373,4000,1,5,1,1,1,2700113,1000000
2024MU0001641,1,1841.43,3,1,3,1,4,1042,8,0,0,6,1,5,1,2700109,1000000
2024MU0001642,1,1841.43,45,1,1,1,8,9207,76,8000,4,1,1,1,1,2700113,1000000
2024MU0001643,1,1841.43,12,2,1,1,6,2307,19,0,0,6,1,5,1,2700115,1000000
2024MU0001644,1,1841.43,34,2,3,1,12,37448,312,7000,1,1,1,1,1,2700111,1000000
2024MU0001645,1,1841.43,53,2,2,1,9,16843,140,4000,1,1,1,1,1,2700116,1000000
2024MU0001646,1,1841.43,33,1,4,1,12,59782,498,9800,3,1,1,1,1,2700121,1000000
2024MU0001647,1,1841.43,44,2,2,1,11,26806,223,9800,6,5,1,2,1,2700121,1000000
2024MU0001648,1,1841.43,8,2,8,1,1,6418,53,0,0,6,1,5,1,2700123,1000000
2024MU0001649,1,1841.43,43,2,9,1,5,15995,133,8000,3,1,1,1,1,2700110,1000000
2024MU0001650,1,1841.43,28,1,1,1,6,4906,40,6000,1,1,1,1,1,2700104,1000000
2024MU0001651,1,1841.43,10,2,2,1,3,12169,101,0,0,6,1,5,1,2700110,1000000
2024MU0001652,1,1841.43,17,2,3,1,14,29390,244,0,0,6,1,5,1,2700118,1000000
2024MU0001653,1,1841.43,42,2,1,1,12,53399,444,5000,1,1,1,1,1,2700118,1000000
2024MU0001654,1,1841.43,93,2,1,1,7,5516,45,0,0,6,1,1,1,2700120,1000000
2024MU0001655,1,1841.43,2,2,5,1,1,1721,14,0,0,6,1,5,1,2700115,1000000
2024MU0001656,1,1841.43,16,2,9,1,15,56313,469,0,0,6,1,5,1,2700107,1000000
2024MU0001657,1,1841.43,6,2,4,1,9,19377,161,0,0,6,1,5,1,2700123,1000000
2024MU0001658,1,1841.43,56,2,2,1,8,6966,58,5000,1,1,1,1,1,2700107,1000000
2024MU0001659,1,1841.43,41,2,2,1,17,78451,501,4000,2,1,1,1,1,2700120,1000000
2024MU0001660,1,1841.43,9,1,2,1,2,5776,48,0,0,6,1,5,1,2700118,1000000
2024MU0001661,1,1841.43,29,1,2,1,7,4173,34,7000,1,1,1,5,1,2700104,1000000
2024MU0001662,1,1841.43,1,1,2,1,6,2429,20,0,0,6,1,5,2,2700113,1000000
2024MU0001663,1,1841.43,22,1,1,1,15,42298,352,4000,2,1,1,1,1,2700117,1000000
2024MU0001664,1,1841.43,22,1,8,1,17,43124,359,4000,3,1,1,5,1,2700103,1000000
2024MU0001665,1,1841.43,25,1,4,1,15,51267,427,6000,1,1,1,1,1,2700103,1000000
2024MU0001666,1,1841.43,6,2,3,1,3,8273,68,0,0,6,1,5,1,2700106,1000000
2024MU0001667,1,1841.43,15,1,9,1,16,10335,86,0,0,6,1,5,1,2700111,1000000
2024MU0001668,1,1841.43,43,1,1,1,10,59027,491,4000,2,1,1,1,1,2700112,1000000
2024MU0001669,1,1841.43,80,2,1,1,11,21751,181,0,0,6,1,5,1,2700111,1000000
2024MU0001670,1,1841.43,2,2,5,1,4,8696,72,0,0,6,1,5,1,2700113,1000000
2024MU0001671,1,1841.43,35,2,9,1,6,19691,164,8000,4,1,1,1,1,2700109,1000000
2024MU0001672,1,1841.43,6,2,3,1,5,2960,24,0,0,6,2,5,1,2700111,1000000
2024MU0001673,1,1841.43,28,1,1,1,18,48420,403,5000,4,1,1,1,1,2700107,1000000
2024MU0001674,1,1841.43,18,1,4,1,10,21792,181,9800,6,1,1,5,1,2700123,1000000
2024MU0001675,1,1841.43,33,1,1,1,8,23858,198,9800,1,1,1,5,1,2700104,1000000
2024MU0001676,1,1841.43,31,1,2,1,9,30857,257,7000,1,1,1,1,1,2700110,1000000
2024MU0001677,1,1841.43,11,1,1,1,6,8292,69,0,0,6,1,5,1,2700115,1000000
2024MU0001678,1,1841.43,4,2,8,1,3,2805,23,0,0,6,1,5,1,2700107,1000000
2024MU0001679,1,1841.43,50,1,2,1,7,13349,111,9800,1,1,1,5,1,2700112,1000000
2024MU0001680,1,1841.43,33,1,8,1,12,28543,237,9800,1,1,1,1,1,2700102,1000000
2024MU0001681,1,1841.43,6,1,1,1,1,6143,51,0,0,6,1,5,1,2700108,1000000
2024MU0001682,1,1841.43,41,2,2,1,6,7237,60,9920,1,1,1,1,1,2700107,1000000
2024MU0001683,1,1841.43,28,1,9,1,10,23572,196,4000,3,1,2,1,1,2700109,1000000
2024MU0001684,1,1841.43,52,1,1,1,8,7913,65,8000,1,2,1,1,1,2700114,1000000
2024MU0001685,1,1841.43,40,1,3,1,8,19797,164,9800,1,1,1,1,1,2700113,1000000
2024MU0001686,1,1841.43,15,1,2,1,12,14299,119,0,0,6,1,5,1,2700118,1000000
2024MU0001687,1,1841.43,29,1,4,1,10,13412,111,8000,3,1,1,1,1,2700117,1000000
2024MU0001688,1,1841.43,12,1,1,1,6,5547,46,0,0,6,1,5,1,2700117,1000000
2024MU0001689,1,1841.43,5,1,2,1,4,1229,10,0,0,6,1,5,1,2700107,1000000
2024MU0001690,1,1841.43,36,2,3,1,12,202137,501,6000,4,1,1,1,1,2700108,1000000
2024MU0001691,1,1841.43,37,2,2,1,7,10648,88,6000,3,1,1,1,1,2700107,1000000
2024MU0001692,1,1841.43,4,2,1,1,1,9278,77,0,0,6,1,5,1,2700107,1000000
2024MU0001693,1,1841.43,88,1,3,1,11,20903,174,0,0,6,1,1,1,2700103,1000000
2024MU0001694,1,1841.43,60,1,2,1,6,16210,135,9000,1,1,1,1,1,2700120,1000000
2024MU0001695,1,1841.43,8,1,1,1,4,1576,13,0,0,6,5,5,1,2700112,1000000
2024MU0001696,1,1841.43,56,1,3,1,13,65539,501,6000,1,1,1,1,1,2700102,1000000
2024MU0001697,1,1841.43,31,1,8,1,13,45088,375,6000,1,1,1,1,1,2700123,1000000
2024MU0001698,1,1841.43,57,1,1,1,12,50468,420,9800,6,1,1,5,1,2700115,1000000
2024MU0001699,1,1841.43,20,2,3,1,16,28045,233,3000,3,1,1,5,1,2700118,1000000
2024MU0001700,1,1841.43,26,2,3,1,7,11859,98,9000,1,1,1,1,1,2700122,1000000
2024MU0001701,1,1841.43,30,2,1,1,18,69565,501,6000,3,1,1,1,1,2700121,1000000
2024MU0001702,1,1841.43,39,1,1,1,16,108075,501,4000,3,1,5,1,1,2700121,1000000
2024MU0001703,1,1841.43,41,2,2,1,7,11457,95,7000,1,1,1,1,1,2700116,1000000
2024MU0001704,1,1841.43,37,1,4,1,14,26593,221,3000,2,1,1,1,1,2700112,1000000
2024MU0001705,1,1841.43,44,2,1,1,9,47881,399,8000,1,1,1,2,1,2700111,1000000
2024MU0001706,1,1841.43,4,1,5,1,6,5360,44,0,0,6,1,5,1,2700107,1000000
2024MU0001707,1,1841.43,49,1,3,1,6,19593,163,9920,1,1,1,1,1,2700108,1000000
2024MU0001708,1,1841.43,70,2,1,1,8,6155,51,9800,6,1,1,5,1,2700119,1000000
2024MU0001709,1,1841.43,84,2,2,1,5,9281,77,0,0,6,1,1,1,2700114,1000000
2024MU0001710,1,1841.43,19,1,9,1,15,34246,285,4000,2,1,1,5,1,2700103,1000000
2024MU0001711,1,1841.43,17,1,1,1,13,11664,97,0,0,6,1,5,1,2700123,1000000
2024MU0001712,1,1841.43,39,1,2,1,10,48953,407,7000,4,1,1,1,1,2700115,1000000
2024MU0001713,1,1841.43,5,2,3,1,6,10326,86,0,0,6,1,5,1,2700112,1000000
2024MU0001714,1,1841.43,87,2,1,1,11,7811,65,0,0,6,1,1,1,2700105,1000000
2024MU0001715,1,1841.43,47,2,1,1,6,12424,103,6000,3,1,1,1,1,2700123,1000000
2024MU0001716,1,1841.43,16,1,1,1,18,36276,302,0,0,6,1,5,1,2700122,1000000
2024MU0001717,1,1841.43,32,2,1,1,10,14391,119,8000,1,1,1,1,1,2700107,1000000
2024MU0001718,1,1841.43,26,2,1,1,15,181028,501,3000,1,3,1,1,1,2700114,1000000
2024MU0001719,1,1841.43,57,1,5,1,9,43406,361,9800,4,1,1,1,1,2700119,1000000
2024MU0001720,1,1841.43,27,1,9,1,15,140224,501,4000,1,1,1,1,1,2700101,1000000
2024MU0001721,1,1841.43,16,2,1,1,16,57981,483,0,0,6,1,5,1,2700100,1000000
2024MU0001722,1,1841.43,8,2,2,1,5,5574,46,0,0,6,1,5,1,2700120,1000000
2024MU0001723,1,1841.43,50,2,1,1,8,2239,18,7000,1,1,1,1,1,2700109,1000000
2024MU0001724,1,1841.43,45,2,1,1,17,129435,501,3000,1,1,1,1,1,2700108,1000000
2024MU0001725,1,1841.43,51,2,1,1,12,42121,351,7000,1,1,1,5,1,2700107,1000000
2024MU0001726,1,1841.43,31,2,2,1,10,20363,169,8000,1,1,1,1,1,2700113,1000000
2024MU0001727,1,1841.43,22,1,9,1,12,8300,69,6000,4,1,1,1,1,2700122,1000000
2024MU0001728,1,1841.43,31,1,2,1,14,60203,501,9000,1,1,1,5,1,2700100,1000000
2024MU0001729,1,1841.43,35,2,2,1,19,127736,501,3000,3,1,1,1,1,2700109,1000000
2024MU0001730,1,1841.43,34,2,1,1,9,184483,501,6000,1,2,1,1,1,2700103,1000000
2024MU0001731,1,1841.43,35,1,1,1,16,138718,501,3000,1,5,1,1,1,2700117,1000000
2024MU0001732,1,1841.43,3,1,8,1,2,11816,98,0,0,6,1,5,2,2700108,1000000
2024MU0001733,1,1841.43,10,1,1,1,9,11134,92,0,0,6,1,5,1,2700110,1000000
2024MU0001734,1,1841.43,23,1,9,1,17,123968,501,6000,1,1,1,1,1,2700113,1000000
2024MU0001735,1,1841.43,50,1,1,1,8,13941,116,5000,4,1,1,1,1,2700118,1000000
2024MU0001736,1,1841.43,26,2,3,1,9,58733,489,9000,4,1,1,1,1,2700108,1000000
2024MU0001737,1,1841.43,9,1,9,1,5,784,6,0,0,6,1,5,1,2700104,1000000
2024MU0001738,1,1841.43,4,2,1,1,5,8156,67,0,0,6,1,5,1,2700117,1000000
2024MU0001739,1,1841.43,46,2,2,1,15,176942,501,4000,2,1,1,1,1,2700119,1000000
2024MU0001740,1,1841.43,3,2,4,1,6,3542,29,0,0,6,1,5,1,2700121,1000000
2024MU0001741,1,1841.43,94,1,1,1,8,4815,40,0,0,6,1,1,1,2700123,1000000
2024MU0001742,1,1841.43,29,2,3,1,17,65999,501,5000,4,1,1,5,1,2700102,1000000
2024MU0001743,1,1841.43,26,1,1,1,12,35411,295,7000,1,1,1,5,1,2700103,1000000
2024MU0001744,1,1841.43,37,1,1,1,15,245424,501,1000,1,1,1,5,1,2700114,1000000
2024MU0001745,1,1841.43,38,2,1,1,15,85974,501,6000,3,2,1,1,1,2700106,1000000
2024MU0001746,1,1841.43,85,2,8,1,12,5517,45,0,0,6,1,1,1,2700102,1000000
2024MU0001747,1,1841.43,33,1,1,1,6,117006,501,5000,1,1,1,5,1,2700111,1000000
2024MU0001748,1,1841.43,29,2,1,1,12,46488,387,5000,3,2,1,5,1,2700109,1000000
2024MU0001749,1,1841.43,11,2,3,1,4,2930,24,0,0,6,1,5,1,2700101,1000000
2024MU0001750,1,1841.43,86,2,1,1,7,17290,144,0,0,6,1,1,1,2700111,1000000
2024MU0001751,1,1841.43,39,2,2,1,10,83776,501,6000,1,3,1,5,1,2700105,1000000
2024MU0001752,1,1841.43,43,1,1,1,13,61507,501,9800,1,3,2,1,1,2700103,1000000
2024MU0001753,1,1841.43,19,2,3,1,14,7801,65,6000,1,1,1,5,1,2700101,1000000
2024MU0001754,1,1841.43,19,1,3,1,14,17381,144,7000,1,2,1,5,1,2700106,1000000
2024MU0001755,1,1841.43,21,2,2,1,12,23358,194,7000,4,1,1,1,1,2700113,1000000
2024MU0001756,1,1841.43,18,1,1,1,13,3268,27,6000,1,1,2,5,1,2700103,1000000
2024MU0001757,1,1841.43,41,1,3,1,11,50994,424,8000,1,1,1,1,1,2700102,1000000
2024MU0001758,1,1841.43,10,2,4,1,2,5087,42,0,0,6,1,5,1,2700112,1000000
2024MU0001759,1,1841.43,42,1,1,1,6,19834,165,8000,6,5,1,1,1,2700117,1000000
2024MU0001760,1,1841.43,68,1,1,1,8,6931,57,8000,4,2,1,1,1,2700101,1000000
2024MU0001761,1,1841.43,37,1,1,1,5,41405,345,6000,6,1,1,1,1,2700110,1000000
2024MU0001762,1,1841.43,53,2,3,1,6,11281,94,9920,1,1,1,5,1,2700106,1000000
2024MU0001763,1,1841.43,27,1,9,1,15,78840,501,2000,2,1,1,1,1,2700123,1000000
2024MU0001764,1,1841.43,18,1,1,1,18,35790,298,5000,1,1,1,1,1,2700103,1000000
2024MU0001765,1,1841.43,57,1,1,1,8,11585,96,9920,1,4,1,1,1,2700123,1000000
2024MU0001766,1,1841.43,1,1,1,1,3,1322,11,0,0,6,1,5,1,2700113,1000000
2024MU0001767,1,1841.43,42,1,1,1,15,134699,501,1000,2,1,1,1,1,2700114,1000000
2024MU0001768,1,1841.43,36,2,2,1,5,19200,160,5000,3,1,1,1,1,2700110,1000000
2024MU0001769,1,1841.43,33,1,8,1,12,33748,281,6000,3,1,5,1,1,2700102,1000000
2024MU0001770,1,1841.43,68,1,1,1,8,6008,50,9800,4,3,1,1,1,2700122,1000000
2024MU0001771,1,1841.43,7,1,4,1,6,314,2,0,0,6,1,5,1,2700107,1000000
2024MU0001772,1,1841.43,70,1,2,1,12,42308,352,9000,3,5,1,1,1,2700111,1000000
2024MU0001773,1,1841.43,87,1,5,1,7,13734,114,0,0,6,1,2,1,2700113,1000000
2024MU0001774,1,1841.43,30,2,2,1,10,17083,142,9800,4,1,1,1,1,2700104,1000000
2024MU0001775,1,1841.43,11,1,1,1,6,2334,19,0,0,6,1,5,1,2700121,1000000
2024MU0001776,1,1841.43,38,1,9,1,18,282500,501,4000,3,1,1,1,1,2700113,1000000
2024MU0001777,1,1841.43,39,2,1,1,16,59243,493,6000,4,5,1,1,1,2700111,1000000
2024MU0001778,1,1841.43,17,1,3,1,16,39462,328,0,0,6,1,5,1,2700102,1000000
2024MU0001779,1,1841.43,4,2,7,1,7,2703,22,0,0,6,1,5,1,2700112,1000000
2024MU0001780,1,1841.43,18,2,1,1,11,14517,120,6000,1,1,1,1,1,2700119,1000000
2024MU0001781,1,1841.43,26,1,3,1,10,30090,250,9800,1,1,1,5,1,2700102,1000000
2024MU0001782,1,1841.43,30,2,5,1,5,12781,106,7000,1,1,1,1,2,2700100,1000000
2024MU0001783,1,1841.43,18,1,9,1,12,14299,119,5000,1,1,1,5,1,2700112,1000000
2024MU0001784,1,1841.43,20,2,3,1,16,22030,183,3000,2,1,1,1,1,2700113,1000000
2024MU0001785,1,1841.43,29,2,1,1,16,27073,225,3000,1,1,1,5,1,2700117,1000000
2024MU0001786,1,1841.43,13,2,3,1,5,1908,15,0,0,6,1,5,1,2700110,1000000
2024MU0001787,1,1841.43,0,2,3,1,6,1733,14,0,0,6,1,5,1,2700106,1000000
2024MU0001788,1,1841.43,79,2,3,1,5,1851,15,0,0,6,1,1,1,2700102,1000000
2024MU0001789,1,1841.43,40,2,6,1,11,56438,470,5000,4,5,1,1,1,2700100,1000000
2024MU0001790,1,1841.43,0,2,1,1,4,3490,29,0,0,6,1,5,1,2700120,1000000
2024MU0001791,1,1841.43,86,1,1,1,9,23262,193,0,0,6,1,1,1,2700116,1000000
2024MU0001792,1,1841.43,42,2,3,1,8,24316,202,7000,4,1,1,1,1,2700111,1000000
2024MU0001793,1,1841.43,64,1,9,1,8,24469,203,5000,1,1,1,2,1,2700116,1000000
2024MU0001794,1,1841.43,43,1,2,1,9,57940,482,7000,1,1,1,1,1,2700105,1000000
2024MU0001795,1,1841.43,46,2,9,1,10,21951,182,3000,1,1,1,1,1,2700108,1000000
2024MU0001796,1,1841.43,43,1,9,1,6,25487,212,7000,1,1,1,1,1,2700116,1000000
2024MU0001797,1,1841.43,28,1,8,1,10,33932,282,9800,1,1,1,1,1,2700106,1000000
2024MU0001798,1,1841.43,35,2,8,1,10,201873,501,6000,4,1,1,1,1,2700117,1000000
2024MU0001799,1,1841.43,26,1,8,1,13,29213,243,5000,3,1,1,1,1,2700123,1000000
2024MU0001800,1,1841.43,56,1,5,1,11,47478,395,6000,1,1,1,3,1,2700122,1000000
2024MU0001801,1,1841.43,55,2,3,1,14,33983,283,9000,1,1,1,1,1,2700101,1000000
2024MU0001802,1,1841.43,55,2,1,1,10,37579,313,6000,3,1,1,5,1,2700108,1000000
2024MU0001803,1,1841.43,26,2,1,1,9,28676,238,6000,4,1,1,1,1,2700122,1000000
2024MU0001804,1,1841.43,75,1,1,1,10,13394,111,9000,4,1,1,1,1,2700117,1000000
2024MU0001805,1,1841.43,41,1,1,1,9,49338,411,6000,1,1,1,1,1,2700114,1000000
2024MU0001806,1,1841.43,85,2,1,1,5,10984,91,0,0,6,1,1,1,2700117,1000000
2024MU0001807,1,1841.43,26,1,8,1,14,21659,180,7000,6,1,1,1,1,2700111,1000000
2024MU0001808,1,1841.43,23,2,3,1,12,52143,434,4000,1,1,1,5,1,2700104,1000000
2024MU0001809,1,1841.43,51,2,1,1,6,23657,197,5000,1,1,1,4,1,2700104,1000000
2024MU0001810,1,1841.43,5,1,4,1,6,1981,16,0,0,6,1,5,2,2700108,1000000
2024MU0001811,1,1841.43,5,1,2,1,6,1853,15,0,0,6,1,5,1,2700116,1000000
2024MU0001812,1,1841.43,2,1,1,1,6,5736,47,0,0,6,1,5,1,2700104,1000000
2024MU0001813,1,1841.43,42,2,8,1,7,10019,83,6000,1,1,1,3,1,2700102,1000000
2024MU0001814,1,1841.43,75,1,1,1,11,8732,72,7000,1,1,1,1,1,2700118,1000000
2024MU0001815,1,1841.43,67,1,3,1,9,60396,501,9800,1,1,1,1,1,2700120,1000000
2024MU0001816,1,1841.43,7,2,1,1,7,1850,15,0,0,6,1,5,1,2700101,1000000
2024MU0001817,1,1841.43,33,2,2,1,13,14999,124,6000,4,1,1,5,1,2700103,1000000
2024MU0001818,1,1841.43,0,1,5,1,5,2141,17,0,0,6,1,5,1,2700119,1000000
2024MU0001819,1,1841.43,15,2,1,1,12,12812,106,0,0,6,1,5,1,2700119,1000000
2024MU0001820,1,1841.43,7,1,9,1,6,4250,35,0,0,6,1,5,1,2700117,1000000
2024MU0001821,1,1841.43,42,2,1,1,11,163304,501,6000,1,1,1,1,1,2700118,1000000
2024MU0001822,1,1841.43,23,2,2,1,13,16966,141,6000,4,1,1,5,1,2700102,1000000
2024MU0001823,1,1841.43,48,1,8,1,11,51412,428,6000,1,1,1,1,1,2700107,1000000
2024MU0001824,1,1841.43,26,2,9,1,11,64010,501,6000,6,1,1,5,1,2700107,1000000
2024MU0001825,1,1841.43,10,1,1,1,5,2365,19,0,0,6,2,5,1,2700111,1000000
2024MU0001826,1,1841.43,9,2,1,1,4,7037,58,0,0,6,1,5,1,2700116,1000000
2024MU0001827,1,1841.43,16,1,3,1,12,3021,25,0,0,6,1,5,1,2700119,1000000
2024MU0001828,1,1841.43,25,1,1,1,8,43645,363,9920,4,1,1,1,1,2700106,1000000
2024MU0001829,1,1841.43,25,1,2,1,14,58290,485,3000,1,1,1,1,1,2700116,1000000
2024MU0001830,1,1841.43,2,1,4,1,3,2325,19,0,0,6,1,5,1,2700101,1000000
2024MU0001831,1,1841.43,57,2,3,1,5,25948,216,9000,1,1,1,1,1,2700104,1000000
2024MU0001832,1,1841.43,8,2,1,1,9,27316,227,0,0,6,1,5,1,2700122,1000000
2024MU0001833,1,1841.43,6,2,2,1,3,1429,11,0,0,6,1,5,1,2700106,1000000
2024MU0001834,1,1841.43,47,1,8,1,11,28635,238,9800,4,3,1,1,1,2700118,1000000
2024MU0001835,1,1841.43,23,1,3,1,19,311731,501,3000,1,1,1,5,1,2700111,1000000
2024MU0001836,1,1841.43,30,2,3,1,12,45686,380,8000,1,1,1,1,1,2700101,1000000
2024MU0001837,1,1841.43,33,1,1,1,14,59138,492,7000,4,1,1,5,1,2700100,1000000
2024MU0001838,1,1841.43,32,2,1,1,18,123554,501,3000,3,1,1,5,1,2700110,1000000
2024MU0001839,1,1841.43,6,2,1,1,7,8178,68,0,0,6,1,5,1,2700107,1000000
2024MU0001840,1,1841.43,43,1,2,1,10,62403,501,5000,4,4,1,5,1,2700122,1000000
2024MU0001841,1,1841.43,42,2,1,1,8,17453,145,6000,4,1,1,1,1,2700113,1000000
2024MU0001842,1,1841.43,18,2,2,1,15,8391,69,1000,1,2,1,5,1,2700115,1000000
2024MU0001843,1,1841.43,31,2,3,1,15,173916,501,5000,1,1,1,1,1,2700101,1000000
2024MU0001844,1,1841.43,31,1,3,1,15,183480,501,4000,2,1,1,5,2,2700107,1000000
2024MU0001845,1,1841.43,54,1,1,1,13,15249,127,9000,1,1,1,1,1,2700111,1000000
2024MU0001846,1,1841.43,48,1,4,1,10,19191,159,6000,1,1,5,1,1,2700114,1000000
2024MU0001847,1,1841.43,10,1,3,1,4,6063,50,0,0,6,1,5,1,2700119,1000000
2024MU0001848,1,1841.43,8,1,1,1,3,4682,39,0,0,6,1,5,1,2700111,1000000
2024MU0001849,1,1841.43,0,2,1,1,1,825,6,0,0,6,1,5,1,2700113,1000000
2024MU0001850,1,1841.43,1,2,3,1,6,2076,17,0,0,6,1,5,1,2700109,1000000
2024MU0001851,1,1841.43,38,2,2,1,9,54285,452,9800,4,4,1,5,1,2700103,1000000
2024MU0001852,1,1841.43,64,1,1,1,6,22956,191,6000,1,1,1,1,1,2700119,1000000
2024MU0001853,1,1841.43,37,2,1,1,15,83427,501,2000,2,4,1,1,1,2700120,1000000
2024MU0001854,1,1841.43,32,1,1,1,6,14247,118,8000,1,1,2,1,1,2700116,1000000
2024MU0001855,1,1841.43,17,2,9,1,19,38420,320,0,0,6,1,5,1,2700120,1000000
2024MU0001856,1,1841.43,26,2,3,1,5,30822,256,9920,1,1,1,5,1,2700108,1000000
2024MU0001857,1,1841.43,21,2,2,1,19,65076,501,3000,2,1,1,5,1,2700108,1000000
2024MU0001858,1,1841.43,99,2,9,1,7,3915,32,0,0,6,1,1,1,2700114,1000000
2024MU0001859,1,1841.43,28,2,3,1,7,4237,35,8000,4,1,1,1,1,2700118,1000000
2024MU0001860,1,1841.43,54,1,3,1,11,14960,124,7000,1,1,1,3,1,2700116,1000000
2024MU0001861,1,1841.43,46,1,1,1,14,154880,501,7000,4,1,1,1,1,2700117,1000000
2024MU0001862,1,1841.43,12,1,3,1,4,3488,29,0,0,6,1,5,1,2700106,1000000
2024MU0001863,1,1841.43,17,1,1,1,17,23302,194,0,0,6,1,5,1,2700115,1000000
2024MU0001864,1,1841.43,43,2,2,1,18,104232,501,3000,1,1,1,1,1,2700104,1000000
2024MU0001865,1,1841.43,8,1,1,1,3,2420,20,0,0,6,1,5,2,2700117,1000000
2024MU0001866,1,1841.43,24,2,1,1,18,74061,501,4000,1,1,1,5,1,2700106,1000000
2024MU0001867,1,1841.43,96,1,1,1,6,6869,57,0,0,6,2,2,1,2700113,1000000
2024MU0001868,1,1841.43,29,1,2,1,10,29359,244,7000,3,1,1,5,1,2700123,1000000
2024MU0001869,1,1841.43,52,2,6,1,7,4865,40,9800,1,1,1,1,1,2700117,1000000
2024MU0001870,1,1841.43,3,1,2,1,4,8184,68,0,0,6,1,5,1,2700107,1000000
2024MU0001871,1,1841.43,37,2,5,1,5,10300,85,5000,3,1,1,1,2,2700116,1000000
2024MU0001872,1,1841.43,18,2,3,1,13,6870,57,7000,4,1,1,5,1,2700119,1000000
2024MU0001873,1,1841.43,8,1,2,1,4,2282,19,0,0,6,1,5,1,2700120,1000000
2024MU0001874,1,1841.43,19,1,1,1,16,15749,131,5000,4,1,1,1,1,2700100,1000000
2024MU0001875,1,1841.43,21,1,8,1,16,34776,289,4000,3,1,1,5,1,2700113,1000000
2024MU0001876,1,1841.43,90,2,1,1,8,13668,113,0,0,6,1,5,1,2700123,1000000
2024MU0001877,1,1841.43,13,2,3,1,3,2247,18,0,0,6,1,5,1,2700113,1000000
2024MU0001878,1,1841.43,42,1,3,1,16,39200,326,4000,3,1,1,1,1,2700112,1000000
2024MU0001879,1,1841.43,20,2,2,1,14,5308,44,9000,6,1,1,5,1,2700110,1000000
2024MU0001880,1,1841.43,23,1,1,1,13,21227,176,7000,3,1,5,1,1,2700119,1000000
2024MU0001881,1,1841.43,66,2,2,1,8,2494,20,6000,1,1,1,1,1,2700105,1000000
2024MU0001882,1,1841.43,4,2,7,1,6,2482,20,0,0,6,1,5,1,2700100,1000000
2024MU0001883,1,1841.43,17,2,5,1,10,7405,61,0,0,6,1,5,1,2700116,1000000
2024MU0001884,1,1841.43,50,2,9,1,7,13195,109,9800,1,1,1,1,1,2700113,1000000
2024MU0001885,1,1841.43,41,1,1,1,12,15738,131,9800,1,1,1,1,1,2700104,1000000
2024MU0001886,1,1841.43,17,2,2,1,15,41944,349,0,0,6,1,5,1,2700106,1000000
2024MU0001887,1,1841.43,44,1,1,1,9,139382,501,5000,1,4,1,1,1,2700121,1000000
2024MU0001888,1,1841.43,27,2,9,1,17,186153,501,6000,4,1,1,1,1,2700118,1000000
2024MU0001889,1,1841.43,16,1,1,1,11,7238,60,0,0,6,1,5,1,2700114,1000000
2024MU0001890,1,1841.43,49,2,2,1,10,69590,501,7000,3,1,1,1,1,2700109,1000000
2024MU0001891,1,1841.43,40,2,8,1,8,24897,207,7000,1,2,1,1,1,2700105,1000000
2024MU0001892,1,1841.43,23,2,2,1,11,28180,234,9800,4,1,1,5,1,2700100,1000000
2024MU0001893,1,1841.43,25,1,3,1,8,12313,102,9920,3,1,1,5,1,2700113,1000000
2024MU0001894,1,1841.43,95,2,1,1,8,11536,96,0,0,6,1,3,1,2700114,1000000
2024MU0001895,1,1841.43,81,2,2,1,5,13542,112,0,0,6,1,1,1,2700109,1000000
2024MU0001896,1,1841.43,19,2,8,1,16,18197,151,3000,1,1,1,5,1,2700109,1000000
2024MU0001897,1,1841.43,10,1,3,1,9,18387,153,0,0,6,1,5,1,2700120,1000000
2024MU0001898,1,1841.43,24,1,1,1,18,214643,501,4000,1,2,1,1,1,2700114,1000000
2024MU0001899,1,1841.43,40,1,1,1,8,32469,270,9920,1,1,1,1,1,2700102,1000000
2024MU0001900,1,1841.43,28,1,1,1,7,36535,304,7000,1,1,1,5,1,2700104,1000000
2024MU0001901,1,1841.43,40,1,3,1,9,7142,59,6000,4,1,1,1,1,2700118,1000000
2024MU0001902,1,1841.43,35,1,1,1,10,66126,501,9800,4,1,1,1,1,2700113,1000000
2024MU0001903,1,1841.43,18,1,3,1,20,68060,501,2000,1,1,1,1,1,2700114,1000000
2024MU0001904,1,1841.43,84,1,2,1,12,37265,310,0,0,6,5,1,1,2700118,1000000
2024MU0001905,1,1841.43,4,1,4,1,4,1628,13,0,0,6,1,5,1,2700118,1000000
2024MU0001906,1,1841.43,0,2,1,1,2,2673,22,0,0,6,1,5,1,2700115,1000000
2024MU0001907,1,1841.43,32,1,4,1,16,203341,501,4000,1,1,1,5,1,2700118,1000000
2024MU0001908,1,1841.43,23,1,2,1,18,41816,348,4000,2,1,1,5,1,2700120,1000000
2024MU0001909,1,1841.43,16,1,2,1,15,34249,285,0,0,6,1,5,1,2700122,1000000
2024MU0001910,1,1841.43,36,2,9,1,10,43064,358,7000,4,1,1,1,1,2700122,1000000
2024MU0001911,1,1841.43,15,2,1,1,14,9498,79,0,0,6,1,5,1,2700103,1000000
2024MU0001912,1,1841.43,9,1,2,1,8,6337,52,0,0,6,1,5,1,2700117,1000000
2024MU0001913,1,1841.43,43,1,1,1,6,6567,54,5000,1,1,1,1,1,2700112,1000000
2024MU0001914,1,1841.43,16,2,2,1,18,18545,154,0,0,6,1,5,1,2700123,1000000
2024MU0001915,1,1841.43,57,1,3,1,5,11951,99,6000,3,1,1,2,1,2700106,1000000
2024MU0001916,1,1841.43,5,1,1,1,8,1533,12,0,0,6,1,5,1,2700115,1000000
2024MU0001917,1,1841.43,18,1,3,1,15,61980,501,3000,3,1,1,5,1,2700111,1000000
2024MU0001918,1,1841.43,0,1,3,1,3,2115,17,0,0,6,1,5,1,2700112,1000000
2024MU0001919,1,1841.43,41,2,4,1,5,30073,250,9800,4,1,1,1,1,2700106,1000000
2024MU0001920,1,1841.43,42,1,1,1,10,23611,196,8000,4,1,1,1,1,2700104,1000000
2024MU0001921,1,1841.43,60,2,1,1,6,23467,195,9800,1,3,1,1,1,2700108,1000000
2024MU0001922,1,1841.43,24,2,3,1,16,30077,250,5000,3,1,1,5,1,2700123,1000000
2024MU0001923,1,1841.43,3,2,1,1,3,12368,103,0,0,6,1,5,1,2700119,1000000
2024MU0001924,1,1841.43,17,1,3,1,11,24115,200,0,0,6,2,5,1,2700120,1000000
2024MU0001925,1,1841.43,47,1,1,1,9,29599,246,5000,1,1,1,1,1,2700119,1000000
2024MU0001926,1,1841.43,9,1,1,1,5,2070,17,0,0,6,1,5,1,2700109,1000000
2024MU0001927,1,1841.43,31,1,6,1,10,60041,500,9800,3,1,1,5,1,2700122,1000000
2024MU0001928,1,1841.43,18,2,4,1,14,3743,31,5000,1,2,1,5,1,2700120,1000000
2024MU0001929,1,1841.43,42,1,3,1,10,44651,372,6000,4,1,1,1,2,2700113,1000000
2024MU0001930,1,1841.43,53,2,7,1,9,20633,171,9000,1,2,1,1,1,2700100,1000000
2024MU0001931,1,1841.43,37,1,3,1,7,13080,109,5000,3,1,1,1,1,2700121,1000000
2024MU0001932,1,1841.43,0,2,2,1,2,2394,19,0,0,6,1,5,1,2700114,1000000
2024MU0001933,1,1841.43,20,2,9,1,12,6230,51,5000,4,3,1,5,1,2700101,1000000
2024MU0001934,1,1841.43,13,1,3,1,6,15675,130,0,0,6,1,5,1,2700114,1000000
2024MU0001935,1,1841.43,41,1,3,1,9,75259,501,9800,4,1,1,1,1,2700104,1000000
2024MU0001936,1,1841.43,10,1,2,1,4,1226,10,0,0,6,1,5,1,2700108,1000000
2024MU0001937,1,1841.43,48,1,8,1,12,23605,196,6000,3,1,1,5,2,2700108,1000000
2024MU0001938,1,1841.43,41,1,1,1,8,31833,265,9000,3,1,1,3,1,2700117,1000000
2024MU0001939,1,1841.43,22,1,1,1,15,141219,501,6000,4,5,1,5,1,2700103,1000000
2024MU0001940,1,1841.43,53,1,1,1,5,4411,36,9920,1,1,1,1,1,2700108,1000000
2024MU0001941,1,1841.43,51,2,1,1,11,59220,493,5000,3,1,1,1,1,2700110,1000000
2024MU0001942,1,1841.43,21,1,1,1,17,34719,289,2000,2,1,1,5,1,2700112,1000000
2024MU0001943,1,1841.43,36,2,5,1,14,11194,93,9000,1,4,1,3,1,2700122,1000000
2024MU0001944,1,1841.43,46,1,3,1,14,32862,273,5000,6,1,1,1,1,2700113,1000000
2024MU0001945,1,1841.43,7,1,1,1,6,3594,29,0,0,6,1,5,1,2700114,1000000
2024MU0001946,1,1841.43,0,1,4,1,7,4166,34,0,0,6,1,5,1,2700120,1000000
2024MU0001947,1,1841.43,4,2,2,1,3,1393,11,0,0,6,1,5,1,2700117,1000000
2024MU0001948,1,1841.43,25,1,2,1,9,17030,141,7000,1,1,1,1,1,2700108,1000000
2024MU0001949,1,1841.43,20,1,2,1,19,43676,363,3000,1,1,1,5,1,2700101,1000000
2024MU0001950,1,1841.43,23,1,6,1,19,121664,501,3000,1,1,1,5,1,2700122,1000000
2024MU0001951,1,1841.43,49,1,1,1,9,30303,252,8000,1,1,1,5,1,2700113,1000000
2024MU0001952,1,1841.43,10,1,1,1,4,3604,30,0,0,6,1,5,1,2700110,1000000
2024MU0001953,1,1841.43,16,2,1,1,18,35660,297,0,0,6,1,5,1,2700119,1000000
2024MU0001954,1,1841.43,17,1,3,1,14,37721,314,0,0,6,1,5,1,2700123,1000000
2024MU0001955,1,1841.43,40,1,3,1,6,32177,268,9920,1,2,1,1,1,2700106,1000000
2024MU0001956,1,1841.43,14,2,1,1,5,11493,95,0,0,6,1,5,1,2700113,1000000
2024MU0001957,1,1841.43,15,1,1,1,10,7781,64,0,0,6,1,5,1,2700107,1000000
2024MU0001958,1,1841.43,35,1,3,1,10,21581,179,6000,1,1,1,5,1,2700119,1000000
2024MU0001959,1,1841.43,36,2,3,1,14,76368,501,7000,1,1,1,5,1,2700106,1000000
2024MU0001960,1,1841.43,2,1,2,1,3,3956,32,0,0,6,1,5,2,2700118,1000000
2024MU0001961,1,1841.43,57,2,6,1,15,152999,501,3000,2,1,1,1,2,2700104,1000000
2024MU0001962,1,1841.43,12,1,9,1,9,5874,48,0,0,6,1,5,1,2700117,1000000
2024MU0001963,1,1841.43,29,1,1,1,14,45746,381,6000,1,2,1,1,1,2700107,1000000
2024MU0001964,1,1841.43,23,1,3,1,20,145689,501,1000,1,1,1,5,1,2700117,1000000
2024MU0001965,1,1841.43,13,1,1,1,5,2771,23,0,0,6,1,5,1,2700106,1000000
2024MU0001966,1,1841.43,15,1,3,1,15,23765,198,0,0,6,1,5,1,2700123,1000000
2024MU0001967,1,1841.43,9,1,2,1,7,5933,49,0,0,6,1,5,2,2700121,1000000
2024MU0001968,1,1841.43,13,2,1,1,4,7445,62,0,0,6,1,5,1,2700119,1000000
2024MU0001969,1,1841.43,31,2,4,1,10,33719,280,7000,1,1,1,5,1,2700119,1000000
2024MU0001970,1,1841.43,38,1,5,1,12,55455,462,9800,4,1,1,1,1,2700105,1000000
2024MU0001971,1,1841.43,0,2,1,1,6,5264,43,0,0,6,1,5,1,2700107,1000000
2024MU0001972,1,1841.43,25,2,1,1,14,48712,405,9000,6,4,1,1,1,2700114,1000000
2024MU0001973,1,1841.43,31,2,1,1,13,86956,501,5000,1,1,1,1,1,2700121,1000000
2024MU0001974,1,1841.43,16,1,3,1,17,87795,501,0,0,6,1,5,1,2700102,1000000
2024MU0001975,1,1841.43,24,2,4,1,16,59739,497,5000,4,3,1,5,1,2700109,1000000
2024MU0001976,1,1841.43,39,1,2,1,11,121094,501,6000,3,1,1,5,1,2700112,1000000
2024MU0001977,1,1841.43,36,1,3,1,7,17605,146,9800,1,1,1,1,1,2700119,1000000
2024MU0001978,1,1841.43,14,1,4,1,6,1669,13,0,0,6,1,5,1,2700104,1000000
2024MU0001979,1,1841.43,86,2,2,1,5,3969,33,0,0,6,1,3,1,2700102,1000000
2024MU0001980,1,1841.43,18,2,3,1,20,75282,501,4000,1,1,1,5,1,2700104,1000000
2024MU0001981,1,1841.43,33,2,2,1,15,182878,501,3000,2,1,1,1,1,2700123,1000000
2024MU0001982,1,1841.43,1,1,8,1,6,1777,14,0,0,6,1,5,1,2700119,1000000
2024MU0001983,1,1841.43,16,2,1,1,20,40704,339,0,0,6,1,5,1,2700122,1000000
2024MU0001984,1,1841.43,35,1,1,1,12,30005,250,3000,1,1,1,1,1,2700111,1000000
2024MU0001985,1,1841.43,24,1,1,1,11,15874,132,6000,6,4,1,1,1,2700116,1000000
2024MU0001986,1,1841.43,20,1,5,1,15,9585,79,3000,3,1,1,5,1,2700122,1000000
2024MU0001987,1,1841.43,18,1,2,1,13,2304,19,8000,1,1,1,5,1,2700116,1000000
2024MU0001988,1,1841.43,1,2,1,1,4,2953,24,0,0,6,2,5,1,2700117,1000000
2024MU0001989,1,1841.43,45,1,9,1,9,51988,433,6000,3,2,1,1,1,2700115,1000000
2024MU0001990,1,1841.43,8,2,8,1,6,6771,56,0,0,6,1,5,2,2700100,1000000
2024MU0001991,1,1841.43,14,1,9,1,5,1347,11,0,0,6,1,5,1,2700118,1000000
2024MU0001992,1,1841.43,2,1,1,1,4,1366,11,0,0,6,1,5,1,2700111,1000000
2024MU0001993,1,1841.43,55,2,8,1,8,8757,72,5000,3,1,1,1,1,2700112,1000000
2024MU0001994,1,1841.43,33,1,1,1,11,43680,364,7000,4,1,1,1,1,2700107,1000000
2024MU0001995,1,1841.43,38,2,1,1,8,35930,299,9920,3,1,2,1,1,2700123,1000000
2024MU0001996,1,1841.43,0,2,2,1,3,7116,59,0,0,6,1,5,1,2700111,1000000
2024MU0001997,1,1841.43,3,1,2,1,6,2986,24,0,0,6,1,5,1,2700106,1000000
2024MU0001998,1,1841.43,68,2,1,1,6,8910,74,7000,3,1,1,1,1,2700106,1000000
2024MU0001999,1,1841.43,15,1,2,1,10,6036,50,0,0,6,1,5,2,2700115,1000000
2024MU0002000,1,1841.43,8,2,5,1,3,4253,35,0,0,6,1,5,1,2700104,1000000
2024MU0002001,1,1841.43,54,1,2,1,10,34762,289,6000,3,1,1,3,1,2700110,1000000
2024MU0002002,1,1841.43,35,1,2,1,14,116463,501,5000,1,1,1,1,1,2700112,1000000
2024MU0002003,1,1841.43,76,1,1,1,12,25651,213,0,0,6,1,1,1,2700100,1000000
2024MU0002004,1,1841.43,25,2,8,1,14,16937,141,6000,6,1,1,5,1,2700119,1000000
2024MU0002005,1,1841.43,17,2,1,1,14,6397,53,0,0,6,2,5,1,2700105,1000000
2024MU0002006,1,1841.43,49,2,2,1,7,12281,102,6000,1,1,1,1,1,2700103,1000000
2024MU0002007,1,1841.43,56,2,1,1,6,3821,31,9920,1,5,1,1,1,2700115,1000000
2024MU0002008,1,1841.43,48,2,8,1,10,37097,309,3000,1,1,5,2,2,2700117,1000000
2024MU0002009,1,1841.43,23,2,1,1,15,72450,501,3000,1,1,1,5,1,2700101,1000000
2024MU0002010,1,1841.43,17,1,2,1,16,39180,326,0,0,6,1,5,1,2700111,1000000
2024MU0002011,1,1841.43,30,2,2,1,8,26160,218,5000,3,1,1,1,1,2700117,1000000
2024MU0002012,1,1841.43,38,2,8,1,9,46702,389,9800,1,2,1,1,1,2700106,1000000
2024MU0002013,1,1841.43,3,1,1,1,3,1087,9,0,0,6,1,5,1,2700120,1000000
2024MU0002014,1,1841.43,6,2,3,1,6,1508,12,0,0,6,1,5,1,2700111,1000000
2024MU0002015,1,1841.43,6,1,1,1,2,2469,20,0,0,6,1,5,1,2700101,1000000
2024MU0002016,1,1841.43,3,2,9,1,5,6753,56,0,0,6,1,5,1,2700108,1000000
2024MU0002017,1,1841.43,14,2,3,1,1,6573,54,0,0,6,1,5,1,2700101,1000000
2024MU0002018,1,1841.43,28,2,3,1,11,24397,203,6000,1,1,1,1,2,2700111,1000000
2024MU0002019,1,1841.43,16,2,2,1,11,56831,473,0,0,6,1,5,2,2700122,1000000
2024MU0002020,1,1841.43,12,1,1,1,2,13978,116,0,0,6,1,5,1,2700116,1000000
2024MU0002021,1,1841.43,28,2,1,1,7,28819,240,9800,1,5,1,1,1,2700105,1000000
2024MU0002022,1,1841.43,40,1,3,1,8,28080,234,9000,1,1,1,1,1,2700121,1000000
2024MU0002023,1,1841.43,43,1,9,1,8,23136,192,9920,1,5,1,1,1,2700104,1000000
2024MU0002024,1,1841.43,69,2,2,1,10,23783,198,3000,3,2,1,2,1,2700122,1000000
2024MU0002025,1,1841.43,59,2,8,1,7,3152,26,6000,3,3,1,2,1,2700115,1000000
2024MU0002026,1,1841.43,55,2,1,1,5,5761,48,9800,1,2,1,1,1,2700110,1000000
2024MU0002027,1,1841.43,22,1,9,1,16,69118,501,4000,1,3,1,5,1,2700115,1000000
2024MU0002028,1,1841.43,9,2,2,1,6,4439,36,0,0,6,1,5,1,2700114,1000000
2024MU0002029,1,1841.43,21,2,2,1,13,9985,83,8000,6,2,1,1,1,2700107,1000000
2024MU0002030,1,1841.43,43,1,2,1,10,52728,439,7000,1,3,1,5,1,2700113,1000000
2024MU0002031,1,1841.43,28,1,3,1,14,6664,55,7000,1,1,5,5,1,2700101,1000000
2024MU0002032,1,1841.43,23,2,3,1,14,41391,344,9800,6,4,1,5,1,2700102,1000000
2024MU0002033,1,1841.43,10,2,2,1,5,4212,35,0,0,6,1,5,1,2700123,1000000
2024MU0002034,1,1841.43,30,2,2,1,7,13799,114,9920,1,1,1,1,2,2700104,1000000
2024MU0002035,1,1841.43,45,1,1,1,5,33663,280,5000,4,1,1,5,1,2700121,1000000
2024MU0002036,1,1841.43,53,2,1,1,19,117857,501,3000,1,1,1,5,1,2700103,1000000
2024MU0002037,1,1841.43,10,2,1,1,3,3315,27,0,0,6,1,5,1,2700116,1000000
2024MU0002038,1,1841.43,27,1,3,1,9,35452,295,7000,4,2,1,1,1,2700111,1000000
2024MU0002039,1,1841.43,55,2,3,1,18,59171,493,4000,1,1,1,1,1,2700107,1000000
2024MU0002040,1,1841.43,39,2,3,1,13,10721,89,3000,3,1,5,1,1,2700110,1000000
2024MU0002041,1,1841.43,16,1,3,1,16,14826,123,0,0,6,1,5,1,2700103,1000000
2024MU0002042,1,1841.43,34,1,1,1,13,41648,347,7000,4,1,1,1,1,2700108,1000000
2024MU0002043,1,1841.43,46,1,4,1,11,36607,305,9800,1,1,1,1,1,2700117,1000000
2024MU0002044,1,1841.43,50,2,1,1,12,35854,298,4000,2,1,1,5,1,2700107,1000000
2024MU0002045,1,1841.43,54,2,3,1,5,7883,65,9800,6,2,1,2,1,2700105,1000000
2024MU0002046,1,1841.43,3,1,1,1,4,1402,11,0,0,6,1,5,1,2700107,1000000
2024MU0002047,1,1841.43,36,1,3,1,9,47965,399,5000,1,2,1,1,1,2700111,1000000
2024MU0002048,1,1841.43,5,1,2,1,1,3508,29,0,0,6,1,5,1,2700115,1000000
2024MU0002049,1,1841.43,11,2,2,1,4,6676,55,0,0,6,1,5,2,2700103,1000000
2024MU0002050,1,1841.43,6,2,3,1,5,2203,18,0,0,6,1,5,1,2700116,1000000
2024MU0002051,1,1841.43,35,2,1,1,7,3183,26,8000,6,2,1,1,1,2700112,1000000
2024MU0002052,1,1841.43,30,2,1,1,9,7038,58,6000,1,1,1,5,2,2700117,1000000
2024MU0002053,1,1841.43,49,2,3,1,10,32902,274,6000,1,1,1,1,1,2700110,1000000
2024MU0002054,1,1841.43,4,1,6,1,5,4439,36,0,0,6,1,5,1,2700116,1000000
2024MU0002055,1,1841.43,56,2,2,1,13,30865,257,9800,1,1,1,5,1,2700108,1000000
2024MU0002056,1,1841.43,36,2,1,1,14,29340,244,9800,4,1,1,1,1,2700104,1000000
2024MU0002057,1,1841.43,44,2,2,1,17,45592,379,4000,3,1,1,1,1,2700121,1000000
2024MU0002058,1,1841.43,32,2,3,1,12,11611,96,8000,4,1,1,5,1,2700123,1000000
2024MU0002059,1,1841.43,45,2,2,1,11,56354,469,7000,1,3,1,1,1,2700113,1000000
2024MU0002060,1,1841.43,26,2,7,1,15,68892,501,1000,3,1,1,1,1,2700102,1000000
2024MU0002061,1,1841.43,24,2,2,1,18,63496,501,1000,1,1,1,5,1,2700115,1000000
2024MU0002062,1,1841.43,34,2,1,1,13,14810,123,9000,1,1,1,1,1,2700117,1000000
2024MU0002063,1,1841.43,39,2,1,1,11,22157,184,6000,1,1,1,1,1,2700102,1000000
2024MU0002064,1,1841.43,53,1,2,1,7,13850,115,6000,6,1,1,1,1,2700113,1000000
2024MU0002065,1,1841.43,58,1,3,1,13,44321,369,9800,3,4,1,5,1,2700121,1000000
2024MU0002066,1,1841.43,49,2,1,1,12,38845,323,4000,1,1,1,1,1,2700115,1000000
2024MU0002067,1,1841.43,24,1,9,1,18,180666,501,3000,2,1,1,1,1,2700116,1000000
2024MU0002068,1,1841.43,24,1,1,1,12,19419,161,9800,1,1,1,5,1,2700101,1000000
2024MU0002069,1,1841.43,92,1,2,1,6,18701,155,0,0,6,1,1,1,2700107,1000000
2024MU0002070,1,1841.43,27,2,1,1,10,33815,281,6000,1,2,1,1,1,2700123,1000000
2024MU0002071,1,1841.43,17,1,8,1,18,31599,263,0,0,6,1,5,1,2700121,1000000
2024MU0002072,1,1841.43,51,1,4,1,14,69756,501,7000,1,1,1,1,1,2700123,1000000
2024MU0002073,1,1841.43,5,1,1,1,3,2432,20,0,0,6,1,5,2,2700113,1000000
2024MU0002074,1,1841.43,51,2,9,1,11,28841,240,3000,1,4,1,1,1,2700113,1000000
2024MU0002075,1,1841.43,51,1,1,1,5,5019,41,9920,1,2,1,3,1,2700114,1000000
2024MU0002076,1,1841.43,28,1,3,1,10,55910,465,5000,4,2,1,1,1,2700123,1000000
2024MU0002077,1,1841.43,20,2,5,1,15,36218,301,3000,1,1,1,5,2,2700104,1000000
2024MU0002078,1,1841.43,29,2,3,1,14,62649,501,5000,3,2,1,5,1,2700114,1000000
2024MU0002079,1,1841.43,42,1,8,1,14,50298,419,7000,4,1,5,1,1,2700115,1000000
2024MU0002080,1,1841.43,33,2,6,1,9,94320,501,9800,3,1,1,1,1,2700103,1000000
2024MU0002081,1,1841.43,6,1,9,1,5,2204,18,0,0,6,2,5,1,2700122,1000000
2024MU0002082,1,1841.43,21,2,1,1,16,53549,446,3000,1,2,1,5,1,2700113,1000000
2024MU0002083,1,1841.43,1,1,1,1,3,2915,24,0,0,6,1,5,1,2700109,1000000
2024MU0002084,1,1841.43,41,1,3,1,19,238849,501,1000,1,1,1,1,1,2700116,1000000
2024MU0002085,1,1841.43,20,2,3,1,18,45845,382,4000,1,1,1,5,1,2700110,1000000
2024MU0002086,1,1841.43,43,2,2,1,7,103217,501,9920,1,1,1,1,1,2700106,1000000
2024MU0002087,1,1841.43,10,1,1,1,5,7723,64,0,0,6,1,5,1,2700107,1000000
2024MU0002088,1,1841.43,32,1,6,1,8,33316,277,5000,3,1,1,1,1,2700118,1000000
2024MU0002089,1,1841.43,9,2,9,1,5,2590,21,0,0,6,1,5,1,2700114,1000000
2024MU0002090,1,1841.43,32,2,2,1,13,48640,405,7000,3,4,1,5,1,2700123,1000000
2024MU0002091,1,1841.43,8,1,1,1,1,3712,30,0,0,6,1,5,2,2700121,1000000
2024MU0002092,1,1841.43,10,2,1,1,7,12359,102,0,0,6,1,5,1,2700102,1000000
2024MU0002093,1,1841.43,6,1,1,1,5,3566,29,0,0,6,1,5,2,2700112,1000000
2024MU0002094,1,1841.43,14,1,3,1,9,27612,230,0,0,6,1,5,1,2700113,1000000
2024MU0002095,1,1841.43,14,1,8,1,1,1414,11,0,0,6,1,5,1,2700105,1000000
2024MU0002096,1,1841.43,37,1,1,1,15,274193,501,5000,1,4,1,1,1,2700105,1000000
2024MU0002097,1,1841.43,42,1,3,1,12,23845,198,9800,4,2,1,5,1,2700119,1000000
2024MU0002098,1,1841.43,15,1,3,1,12,19806,165,0,0,6,1,5,1,2700120,1000000
2024MU0002099,1,1841.43,17,1,1,1,14,5949,49,0,0,6,1,5,1,2700120,1000000
2024MU0002100,1,1841.43,37,1,3,1,16,171670,501,5000,1,1,1,3,1,2700121,1000000
2024MU0002101,1,1841.43,30,1,3,1,11,22214,185,4000,1,1,2,1,1,2700121,1000000
2024MU0002102,1,1841.43,1,1,5,1,4,9183,76,0,0,6,1,5,1,2700118,1000000
2024MU0002103,1,1841.43,20,2,2,1,19,91003,501,3000,2,1,1,5,1,2700114,1000000
2024MU0002104,1,1841.43,42,1,3,1,5,9914,82,5000,3,1,1,1,1,2700101,1000000
2024MU0002105,1,1841.43,42,2,1,1,9,65315,501,8000,1,1,1,1,1,2700100,1000000
2024MU0002106,1,1841.43,34,1,1,1,12,84586,501,4000,2,1,1,1,1,2700100,1000000
2024MU0002107,1,1841.43,12,1,1,1,5,1914,15,0,0,6,1,5,1,2700123,1000000
2024MU0002108,1,1841.43,22,2,2,1,13,14087,117,3000,2,1,1,1,2,2700119,1000000
2024MU0002109,1,1841.43,36,2,1,1,12,20586,171,6000,1,1,1,1,1,2700112,1000000
2024MU0002110,1,1841.43,9,1,1,1,6,1518,12,0,0,6,5,5,1,2700120,1000000
2024MU0002111,1,1841.43,51,1,3,1,10,17098,142,9800,4,1,1,1,1,2700107,1000000
2024MU0002112,1,1841.43,36,2,3,1,13,83255,501,9000,1,1,1,5,1,2700115,1000000
2024MU0002113,1,1841.43,15,2,1,1,13,16099,134,0,0,6,1,5,1,2700109,1000000
2024MU0002114,1,1841.43,40,2,1,1,13,13294,110,3000,1,1,1,1,1,2700111,1000000
2024MU0002115,1,1841.43,12,1,3,1,4,2664,22,0,0,6,1,5,1,2700122,1000000
2024MU0002116,1,1841.43,27,1,1,1,19,89137,501,2000,2,1,1,1,1,2700119,1000000
2024MU0002117,1,1841.43,39,2,2,1,5,31937,266,5000,4,2,1,1,1,2700111,1000000
2024MU0002118,1,1841.43,23,2,3,1,14,21207,176,6000,1,1,1,5,1,2700115,1000000
2024MU0002119,1,1841.43,38,2,1,1,8,4660,38,9000,3,1,1,1,1,2700122,1000000
2024MU0002120,1,1841.43,30,2,1,1,11,49091,409,9000,1,1,1,1,1,2700102,1000000
2024MU0002121,1,1841.43,20,2,1,1,13,16656,138,9800,1,1,1,5,1,2700121,1000000
2024MU0002122,1,1841.43,47,1,1,1,11,22353,186,9800,1,1,1,5,2,2700101,1000000
2024MU0002123,1,1841.43,5,1,9,1,7,3242,27,0,0,6,1,5,1,2700105,1000000
2024MU0002124,1,1841.43,58,2,2,1,7,6490,54,7000,4,1,1,1,1,2700121,1000000
2024MU0002125,1,1841.43,17,1,2,1,12,26026,216,0,0,6,1,5,1,2700114,1000000
2024MU0002126,1,1841.43,57,1,3,1,13,26850,223,9800,1,1,1,3,1,2700102,1000000
2024MU0002127,1,1841.43,25,1,1,1,10,17528,146,9000,1,1,1,1,1,2700108,1000000
2024MU0002128,1,1841.43,13,1,1,1,4,3846,32,0,0,6,1,5,1,2700120,1000000
2024MU0002129,1,1841.43,31,1,5,1,8,13579,113,8000,1,1,1,1,1,2700104,1000000
2024MU0002130,1,1841.43,46,2,6,1,9,70563,501,9800,1,1,1,1,2,2700100,1000000
2024MU0002131,1,1841.43,5,1,2,1,3,10602,88,0,0,6,1,5,1,2700119,1000000
2024MU0002132,1,1841.43,29,1,2,1,13,68418,501,9800,1,1,1,5,1,2700100,1000000
2024MU0002133,1,1841.43,33,1,4,1,11,33355,277,9800,1,1,1,1,1,2700100,1000000
2024MU0002134,1,1841.43,48,1,1,1,12,53954,449,5000,6,1,1,1,1,2700112,1000000
2024MU0002135,1,1841.43,42,2,1,1,8,52739,439,6000,3,1,1,3,1,2700106,1000000
2024MU0002136,1,1841.43,27,2,1,1,11,84605,501,9800,1,1,1,1,1,2700104,1000000
2024MU0002137,1,1841.43,59,1,2,1,7,6629,55,7000,1,5,1,1,1,2700107,1000000
2024MU0002138,1,1841.43,12,2,1,1,8,6437,53,0,0,6,1,5,2,2700119,1000000
2024MU0002139,1,1841.43,42,1,2,1,9,58604,488,9000,1,1,1,1,1,2700108,1000000
2024MU0002140,1,1841.43,17,2,3,1,12,20837,173,0,0,6,1,5,1,2700111,1000000
2024MU0002141,1,1841.43,22,1,2,1,13,69382,501,8000,1,1,1,5,1,2700109,1000000
2024MU0002142,1,1841.43,13,1,1,1,1,1742,14,0,0,6,1,5,1,2700113,1000000
2024MU0002143,1,1841.43,26,2,2,1,5,6150,51,9800,4,2,1,1,2,2700119,1000000
2024MU0002144,1,1841.43,39,2,3,1,11,82260,501,3000,3,1,1,1,1,2700113,1000000
2024MU0002145,1,1841.43,25,1,1,1,9,32224,268,6000,1,2,1,1,1,2700101,1000000
2024MU0002146,1,1841.43,16,2,1,1,20,19582,163,0,0,6,2,5,1,2700113,1000000
2024MU0002147,1,1841.43,30,1,2,1,7,4227,35,9920,4,1,1,1,1,2700118,1000000
2024MU0002148,1,1841.43,29,2,1,1,14,46196,384,7000,4,1,1,1,1,2700102,1000000
2024MU0002149,1,1841.43,57,1,9,1,8,26141,217,9000,1,1,1,2,1,2700100,1000000
2024MU0002150,1,1841.43,8,2,3,1,3,1361,11,0,0,6,1,5,1,2700117,1000000
2024MU0002151,1,1841.43,38,1,1,1,18,229078,501,5000,1,1,1,1,1,2700113,1000000
2024MU0002152,1,1841.43,34,1,3,1,14,37961,316,5000,1,1,1,1,2,2700117,1000000
2024MU0002153,1,1841.43,28,2,2,1,12,14201,118,5000,1,1,1,5,1,2700123,1000000
2024MU0002154,1,1841.43,54,2,1,1,11,24533,204,9000,1,5,1,2,1,2700118,1000000
2024MU0002155,1,1841.43,32,2,1,1,20,129437,501,1000,3,1,1,1,1,2700118,1000000
2024MU0002156,1,1841.43,41,1,3,1,10,28316,235,6000,3,1,1,1,1,2700118,1000000
2024MU0002157,1,1841.43,36,1,1,1,7,3594,29,9920,1,1,1,1,1,2700111,1000000
2024MU0002158,1,1841.43,44,1,1,1,5,15112,125,8000,1,1,1,1,1,2700115,1000000
2024MU0002159,1,1841.43,57,1,1,1,11,54774,456,9800,1,1,1,1,1,2700121,1000000
2024MU0002160,1,1841.43,6,2,1,1,6,1363,11,0,0,6,1,5,1,2700119,1000000
2024MU0002161,1,1841.43,34,1,3,1,14,44100,367,6000,3,5,1,1,1,2700101,1000000
2024MU0002162,1,1841.43,33,2,5,1,7,8421,70,9000,4,2,1,1,1,2700103,1000000
2024MU0002163,1,1841.43,49,2,3,1,16,176946,501,3000,2,1,1,1,1,2700113,1000000
2024MU0002164,1,1841.43,39,1,3,1,11,8623,71,5000,4,1,1,1,1,2700118,1000000
2024MU0002165,1,1841.43,27,2,8,1,12,47819,398,9800,1,1,1,1,1,2700106,1000000
2024MU0002166,1,1841.43,35,2,1,1,5,3744,31,5000,4,1,1,1,1,2700109,1000000
2024MU0002167,1,1841.43,22,2,1,1,20,143184,501,1000,1,1,1,5,1,2700115,1000000
2024MU0002168,1,1841.43,22,1,2,1,15,51611,430,6000,1,1,1,5,1,2700119,1000000
2024MU0002169,1,1841.43,31,2,2,1,12,33854,282,9800,1,1,1,1,1,2700100,1000000
2024MU0002170,1,1841.43,26,1,2,1,17,31546,262,6000,1,1,1,5,1,2700106,1000000
2024MU0002171,1,1841.43,40,1,1,1,15,320745,501,1000,1,1,1,5,2,2700110,1000000
2024MU0002172,1,1841.43,0,2,1,1,3,1431,11,0,0,6,1,5,1,2700110,1000000
2024MU0002173,1,1841.43,31,2,2,1,17,57395,478,1000,2,2,1,1,1,2700119,1000000
2024MU0002174,1,1841.43,24,1,8,1,17,231827,501,4000,2,1,1,1,1,2700113,1000000
2024MU0002175,1,1841.43,28,2,2,1,5,13835,115,8000,1,1,1,5,1,2700103,1000000
2024MU0002176,1,1841.43,58,2,1,1,7,4898,40,5000,1,3,1,4,1,2700114,1000000
2024MU0002177,1,1841.43,44,1,3,1,9,39821,331,5000,3,2,1,3,1,2700110,1000000
2024MU0002178,1,1841.43,32,2,1,1,12,36949,307,9000,1,2,1,5,1,2700106,1000000
2024MU0002179,1,1841.43,30,2,1,1,13,13372,111,8000,3,1,1,1,1,2700110,1000000
2024MU0002180,1,1841.43,26,2,1,1,8,5826,48,5000,1,1,1,1,1,2700110,1000000
2024MU0002181,1,1841.43,28,1,3,1,15,77732,501,6000,4,1,1,1,1,2700113,1000000
2024MU0002182,1,1841.43,3,1,5,1,7,11038,91,0,0,6,1,5,1,2700105,1000000
2024MU0002183,1,1841.43,54,2,3,1,10,31819,265,6000,1,3,1,1,2,2700121,1000000
2024MU0002184,1,1841.43,44,1,1,1,15,110650,501,6000,1,1,1,3,1,2700111,1000000
2024MU0002185,1,1841.43,51,1,1,1,12,20524,171,9800,3,4,1,1,2,2700117,1000000
2024MU0002186,1,1841.43,83,2,1,1,6,16051,133,0,0,6,1,2,2,2700113,1000000
2024MU0002187,1,1841.43,4,1,9,1,6,8249,68,0,0,6,1,5,1,2700114,1000000
2024MU0002188,1,1841.43,30,2,3,1,18,190217,501,4000,1,1,1,5,1,2700120,1000000
2024MU0002189,1,1841.43,15,2,1,1,12,11781,98,0,0,6,1,5,1,2700103,1000000
2024MU0002190,1,1841.43,20,2,3,1,20,26815,223,3000,1,1,1,5,1,2700111,1000000
2024MU0002191,1,1841.43,4,2,2,1,1,9560,79,0,0,6,1,5,1,2700110,1000000
2024MU0002192,1,1841.43,59,1,9,1,9,37802,315,6000,4,1,1,1,1,2700100,1000000
2024MU0002193,1,1841.43,37,1,5,1,14,35112,292,9800,1,1,1,1,1,2700118,1000000
2024MU0002194,1,1841.43,50,2,1,1,12,49708,414,5000,1,3,1,1,1,2700116,1000000
2024MU0002195,1,1841.43,28,1,3,1,13,33988,283,8000,4,1,1,1,1,2700106,1000000
2024MU0002196,1,1841.43,52,2,2,1,9,17181,143,7000,1,1,1,1,1,2700115,1000000
2024MU0002197,1,1841.43,36,2,1,1,12,34813,290,5000,6,1,1,1,1,2700110,1000000
2024MU0002198,1,1841.43,97,1,3,1,9,4788,39,0,0,6,1,1,1,2700117,1000000
2024MU0002199,1,1841.43,7,2,2,1,4,4293,35,0,0,6,1,5,1,2700102,1000000
2024MU0002200,1,1841.43,5,1,1,1,5,11615,96,0,0,6,1,5,1,2700111,1000000
2024MU0002201,1,1841.43,35,1,3,1,15,40334,336,6000,1,1,1,1,1,2700117,1000000
2024MU0002202,1,1841.43,3,2,3,1,3,4442,37,0,0,6,1,5,1,2700106,1000000
2024MU0002203,1,1841.43,57,2,1,1,9,57984,483,9800,4,1,1,4,1,2700113,1000000
2024MU0002204,1,1841.43,42,1,1,1,5,30804,256,5000,1,1,1,1,1,2700107,1000000
2024MU0002205,1,1841.43,57,1,3,1,11,21540,179,6000,1,1,1,5,1,2700121,1000000
2024MU0002206,1,1841.43,29,1,1,1,8,4425,36,7000,4,1,1,1,1,2700111,1000000
2024MU0002207,1,1841.43,12,1,6,1,4,2505,20,0,0,6,1,5,2,2700113,1000000
2024MU0002208,1,1841.43,17,1,1,1,12,25075,208,0,0,6,1,5,1,2700112,1000000
2024MU0002209,1,1841.43,10,1,1,1,1,1020,8,0,0,6,2,5,1,2700100,1000000
2024MU0002210,1,1841.43,50,2,1,1,9,15503,129,9800,1,5,1,1,2,2700120,1000000
2024MU0002211,1,1841.43,44,2,2,1,9,31608,263,6000,3,1,1,1,1,2700100,1000000
2024MU0002212,1,1841.43,4,1,3,1,4,1836,15,0,0,6,1,5,1,2700102,1000000
2024MU0002213,1,1841.43,5,1,2,1,3,3876,32,0,0,6,1,5,1,2700116,1000000
2024MU0002214,1,1841.43,7,2,1,1,8,12427,103,0,0,6,1,5,1,2700115,1000000
2024MU0002215,1,1841.43,33,2,5,1,5,6119,50,9920,1,1,1,1,1,2700117,1000000
2024MU0002216,1,1841.43,14,2,1,1,7,3565,29,0,0,6,1,5,1,2700111,1000000
2024MU0002217,1,1841.43,24,1,1,1,17,78582,501,3000,1,1,1,5,1,2700109,1000000
2024MU0002218,1,1841.43,34,1,1,1,7,12266,102,6000,1,3,1,1,1,2700100,1000000
2024MU0002219,1,1841.43,54,2,1,1,9,12029,100,8000,4,1,1,1,1,2700106,1000000
2024MU0002220,1,1841.43,18,2,2,1,20,43352,361,1000,2,1,1,5,1,2700114,1000000
2024MU0002221,1,1841.43,78,1,1,1,8,4019,33,0,0,6,1,2,2,2700106,1000000
2024MU0002222,1,1841.43,24,2,1,1,12,45265,377,9800,1,1,1,1,1,2700113,1000000
2024MU0002223,1,1841.43,8,1,5,1,4,5606,46,0,0,6,1,5,1,2700119,1000000
2024MU0002224,1,1841.43,2,1,1,1,4,1158,9,0,0,6,1,5,1,2700117,1000000
2024MU0002225,1,1841.43,55,2,4,1,12,27694,230,5000,4,1,1,1,1,2700103,1000000
2024MU0002226,1,1841.43,51,1,3,1,15,73119,501,6000,3,1,1,1,1,2700103,1000000
2024MU0002227,1,1841.43,44,2,1,1,5,76578,501,9920,3,1,1,1,1,2700104,1000000
2024MU0002228,1,1841.43,2,1,2,1,3,5063,42,0,0,6,1,5,1,2700106,1000000
2024MU0002229,1,1841.43,16,1,2,1,13,5124,42,0,0,6,1,5,1,2700122,1000000
2024MU0002230,1,1841.43,30,1,1,1,20,161768,501,4000,1,1,1,1,1,2700102,1000000
2024MU0002231,1,1841.43,20,1,8,1,15,23597,196,4000,1,1,1,5,1,2700114,1000000
2024MU0002232,1,1841.43,40,1,3,1,13,56161,468,7000,1,3,2,1,1,2700102,1000000
2024MU0002233,1,1841.43,77,2,8,1,7,9845,82,0,0,6,1,1,1,2700110,1000000
2024MU0002234,1,1841.43,20,2,5,1,17,33400,278,4000,1,1,1,5,1,2700111,1000000
2024MU0002235,1,1841.43,21,1,1,1,13,9406,78,9800,4,1,1,5,1,2700122,1000000
2024MU0002236,1,1841.43,56,1,1,1,15,90980,501,1000,2,2,1,1,1,2700106,1000000
2024MU0002237,1,1841.43,23,2,1,1,14,26544,221,6000,3,1,1,5,1,2700115,1000000
2024MU0002238,1,1841.43,38,1,5,1,14,12510,104,9800,1,4,1,1,1,2700108,1000000
2024MU0002239,1,1841.43,39,1,6,1,8,15264,127,7000,3,1,1,1,1,2700110,1000000
2024MU0002240,1,1841.43,30,1,2,1,13,29092,242,6000,1,5,1,1,1,2700106,1000000
2024MU0002241,1,1841.43,33,2,1,1,10,13702,114,8000,3,1,1,1,1,2700120,1000000
2024MU0002242,1,1841.43,22,1,1,1,10,157845,501,9800,1,1,1,5,2,2700109,1000000
2024MU0002243,1,1841.43,35,2,5,1,10,54189,451,6000,1,1,1,1,1,2700117,1000000
2024MU0002244,1,1841.43,30,1,8,1,11,43980,366,9800,6,1,5,1,1,2700112,1000000
2024MU0002245,1,1841.43,58,1,1,1,6,9927,82,6000,1,1,1,1,1,2700100,1000000
2024MU0002246,1,1841.43,1,1,1,1,2,7188,59,0,0,6,1,5,1,2700105,1000000
2024MU0002247,1,1841.43,36,2,1,1,11,19316,160,9800,4,1,1,1,1,2700114,1000000
2024MU0002248,1,1841.43,14,2,1,1,3,3120,26,0,0,6,1,5,1,2700114,1000000
2024MU0002249,1,1841.43,50,1,5,1,9,18647,155,6000,1,1,1,2,1,2700118,1000000
2024MU0002250,1,1841.43,35,1,2,1,11,72215,501,4000,2,2,1,1,1,2700116,1000000
2024MU0002251,1,1841.43,37,2,3,1,7,8274,68,9800,1,2,1,1,1,2700100,1000000
2024MU0002252,1,1841.43,72,2,2,1,5,16121,134,7000,3,1,1,2,1,2700114,1000000
2024MU0002253,1,1841.43,4,1,1,1,7,3701,30,0,0,6,1,5,1,2700113,1000000
2024MU0002254,1,1841.43,46,2,1,1,6,29789,248,7000,1,1,1,1,2,2700105,1000000
2024MU0002255,1,1841.43,54,1,4,1,11,48045,400,6000,4,1,1,5,1,2700102,1000000
2024MU0002256,1,1841.43,41,1,3,1,9,91472,501,8000,1,1,1,1,1,2700113,1000000
2024MU0002257,1,1841.43,20,1,2,1,20,37363,311,2000,1,1,1,5,1,2700112,1000000
2024MU0002258,1,1841.43,42,2,1,1,5,33084,275,6000,3,2,1,1,1,2700108,1000000
2024MU0002259,1,1841.43,28,1,1,1,15,25830,215,4000,1,2,1,1,1,2700120,1000000
2024MU0002260,1,1841.43,48,2,1,1,9,44914,374,3000,3,1,1,1,1,2700111,1000000
2024MU0002261,1,1841.43,58,2,3,1,5,8632,71,9000,1,1,1,1,1,2700114,1000000
2024MU0002262,1,1841.43,36,2,2,1,9,16303,135,9800,1,5,1,1,1,2700123,1000000
2024MU0002263,1,1841.43,25,1,2,1,10,15543,129,9000,1,4,1,1,1,2700119,1000000
2024MU0002264,1,1841.43,55,1,5,1,8,8002,66,7000,4,1,2,1,1,2700100,1000000
2024MU0002265,1,1841.43,37,2,2,1,10,37976,316,7000,3,1,2,1,1,2700110,1000000
2024MU0002266,1,1841.43,53,2,2,1,15,72048,501,1000,2,1,1,1,1,2700113,1000000
2024MU0002267,1,1841.43,79,2,1,1,7,7121,59,0,0,6,1,1,2,2700101,1000000
2024MU0002268,1,1841.43,0,1,5,1,4,2062,17,0,0,6,1,5,2,2700107,1000000
2024MU0002269,1,1841.43,36,1,3,1,14,31210,260,9800,4,1,1,1,1,2700110,1000000
2024MU0002270,1,1841.43,44,2,1,1,12,35595,296,7000,6,1,1,1,1,2700119,1000000
2024MU0002271,1,1841.43,58,1,3,1,5,15454,128,6000,4,1,1,2,1,2700111,1000000
2024MU0002272,1,1841.43,11,2,2,1,6,7903,65,0,0,6,1,5,2,2700116,1000000
2024MU0002273,1,1841.43,6,1,5,1,4,7934,66,0,0,6,1,5,2,2700120,1000000
2024MU0002274,1,1841.43,15,1,8,1,12,12865,107,0,0,6,1,5,1,2700111,1000000
2024MU0002275,1,1841.43,58,1,3,1,7,18848,157,6000,6,5,1,1,1,2700119,1000000
2024MU0002276,1,1841.43,28,1,3,1,5,13716,114,9000,1,1,5,5,1,2700109,1000000
2024MU0002277,1,1841.43,16,1,1,1,14,8740,72,0,0,6,1,5,1,2700120,1000000
2024MU0002278,1,1841.43,24,2,3,1,13,54571,454,7000,1,1,1,5,1,2700102,1000000
2024MU0002279,1,1841.43,3,1,4,1,4,1928,16,0,0,6,1,5,1,2700103,1000000
2024MU0002280,1,1841.43,7,1,2,1,5,778,6,0,0,6,1,5,1,2700123,1000000
2024MU0002281,1,1841.43,3,2,3,1,6,1742,14,0,0,6,1,5,1,2700121,1000000
2024MU0002282,1,1841.43,18,1,8,1,16,68727,501,3000,1,1,1,5,1,2700104,1000000
2024MU0002283,1,1841.43,99,1,1,1,9,14765,123,0,0,6,1,1,1,2700115,1000000
2024MU0002284,1,1841.43,11,2,1,1,7,4990,41,0,0,6,1,5,1,2700109,1000000
2024MU0002285,1,1841.43,22,2,3,1,18,67002,501,4000,3,2,1,1,2,2700103,1000000
2024MU0002286,1,1841.43,7,1,5,1,7,6281,52,0,0,6,1,5,1,2700111,1000000
2024MU0002287,1,1841.43,7,1,6,1,2,4241,35,0,0,6,1,5,1,2700114,1000000
2024MU0002288,1,1841.43,6,2,3,1,3,3793,31,0,0,6,1,5,1,2700101,1000000
2024MU0002289,1,1841.43,18,1,5,1,15,42800,356,5000,4,1,1,1,1,2700100,1000000
2024MU0002290,1,1841.43,33,2,3,1,9,31456,262,6000,3,1,1,1,1,2700119,1000000
2024MU0002291,1,1841.43,5,2,1,1,2,5397,44,0,0,6,1,5,1,2700112,1000000
2024MU0002292,1,1841.43,46,2,4,1,7,13940,116,8000,1,1,1,1,1,2700117,1000000
2024MU0002293,1,1841.43,29,1,1,1,18,74042,501,3000,1,3,1,5,1,2700108,1000000
2024MU0002294,1,1841.43,82,1,1,1,6,3470,28,0,0,6,1,1,1,2700114,1000000
2024MU0002295,1,1841.43,14,2,2,1,4,3372,28,0,0,6,1,5,2,2700117,1000000
2024MU0002296,1,1841.43,26,1,1,1,5,6931,57,5000,4,1,1,1,2,2700101,1000000
2024MU0002297,1,1841.43,43,1,1,1,11,96111,501,6000,1,1,1,1,1,2700121,1000000
2024MU0002298,1,1841.43,5,2,1,1,4,1041,8,0,0,6,1,5,1,2700121,1000000
2024MU0002299,1,1841.43,58,1,1,1,6,27211,226,9800,3,1,2,5,1,2700119,1000000
2024MU0002300,1,1841.43,26,1,1,1,18,27730,231,3000,1,1,1,1,1,2700118,1000000
2024MU0002301,1,1841.43,28,2,2,1,14,42315,352,9000,1,1,1,5,1,2700103,1000000
2024MU0002302,1,1841.43,45,1,4,1,11,24243,202,8000,6,3,1,1,1,2700120,1000000
2024MU0002303,1,1841.43,29,1,6,1,18,110929,501,4000,1,2,1,1,1,2700123,1000000
2024MU0002304,1,1841.43,21,1,5,1,14,10007,83,9800,4,1,1,1,1,2700117,1000000
2024MU0002305,1,1841.43,7,2,2,1,6,1274,10,0,0,6,1,5,1,2700113,1000000
2024MU0002306,1,1841.43,20,1,3,1,12,28199,234,9800,3,1,1,5,1,2700112,1000000
2024MU0002307,1,1841.43,31,1,1,1,13,75054,501,7000,1,1,1,1,1,2700121,1000000
2024MU0002308,1,1841.43,37,2,1,1,5,23977,199,8000,4,1,1,1,1,2700106,1000000
2024MU0002309,1,1841.43,39,2,3,1,7,9604,80,6000,4,1,1,5,1,2700113,1000000
2024MU0002310,1,1841.43,29,1,3,1,10,51257,427,9800,4,5,1,1,1,2700118,1000000
2024MU0002311,1,1841.43,12,2,5,1,1,1435,11,0,0,6,1,5,2,2700112,1000000
2024MU0002312,1,1841.43,68,1,3,1,7,1124,9,9920,3,1,1,2,1,2700120,1000000
2024MU0002313,1,1841.43,85,2,1,1,8,1914,15,0,0,6,1,1,1,2700112,1000000
2024MU0002314,1,1841.43,1,1,6,1,5,1916,15,0,0,6,1,5,1,2700113,1000000
2024MU0002315,1,1841.43,23,1,3,1,11,17128,142,9000,4,1,1,1,1,2700117,1000000
2024MU0002316,1,1841.43,26,2,5,1,8,7547,62,5000,6,1,1,1,1,2700118,1000000
2024MU0002317,1,1841.43,41,1,4,1,10,33157,276,9000,1,2,1,1,1,2700101,1000000
2024MU0002318,1,1841.43,17,1,1,1,16,20052,167,0,0,6,1,5,1,2700109,1000000
2024MU0002319,1,1841.43,51,1,1,1,5,2457,20,6000,1,5,1,1,1,2700110,1000000
2024MU0002320,1,1841.43,40,2,1,1,9,49851,415,5000,1,1,1,1,1,2700112,1000000
2024MU0002321,1,1841.43,43,1,1,1,12,36208,301,9000,4,1,1,1,1,2700116,1000000
2024MU0002322,1,1841.43,57,1,1,1,5,7653,63,9920,3,1,1,1,1,2700107,1000000
2024MU0002323,1,1841.43,96,1,2,1,7,20440,170,0,0,6,1,1,1,2700118,1000000
2024MU0002324,1,1841.43,27,1,8,1,9,24522,204,5000,1,1,1,1,1,2700106,1000000
2024MU0002325,1,1841.43,39,1,7,1,16,122693,501,3000,1,1,1,1,1,2700102,1000000
2024MU0002326,1,1841.43,50,1,3,1,6,25252,210,6000,1,1,1,1,1,2700122,1000000
2024MU0002327,1,1841.43,6,1,1,1,3,1216,10,0,0,6,1,5,1,2700107,1000000
2024MU0002328,1,1841.43,72,1,1,1,11,17872,148,9800,4,1,1,1,1,2700114,1000000
2024MU0002329,1,1841.43,35,2,3,1,9,75894,501,8000,4,1,1,1,1,2700105,1000000
2024MU0002330,1,1841.43,7,2,1,1,5,3725,31,0,0,6,1,5,1,2700108,1000000
2024MU0002331,1,1841.43,13,2,5,1,1,1412,11,0,0,6,1,5,1,2700116,1000000
2024MU0002332,1,1841.43,47,1,8,1,19,187415,501,3000,3,1,1,1,1,2700100,1000000
2024MU0002333,1,1841.43,1,2,2,1,7,4662,38,0,0,6,1,5,1,2700117,1000000
2024MU0002334,1,1841.43,57,1,3,1,10,8309,69,7000,4,2,1,1,1,2700113,1000000
2024MU0002335,1,1841.43,36,2,1,1,6,5432,45,8000,1,1,1,1,1,2700114,1000000
2024MU0002336,1,1841.43,38,1,3,1,6,77742,501,6000,4,1,1,1,1,2700119,1000000
2024MU0002337,1,1841.43,47,1,1,1,9,61177,501,5000,3,1,1,1,1,2700112,1000000
2024MU0002338,1,1841.43,71,1,1,1,6,21886,182,9800,4,1,1,1,1,2700121,1000000
2024MU0002339,1,1841.43,44,1,3,1,10,79917,501,7000,1,5,1,1,1,2700120,1000000
2024MU0002340,1,1841.43,34,2,3,1,12,57417,478,6000,1,1,1,5,1,2700108,1000000
2024MU0002341,1,1841.43,8,2,3,1,7,3129,26,0,0,6,1,5,1,2700104,1000000
2024MU0002342,1,1841.43,14,2,2,1,3,5437,45,0,0,6,1,5,2,2700117,1000000
2024MU0002343,1,1841.43,9,2,3,1,5,12784,106,0,0,6,1,5,1,2700108,1000000
2024MU0002344,1,1841.43,29,1,4,1,14,51778,431,8000,1,1,1,1,1,2700108,1000000
2024MU0002345,1,1841.43,27,1,9,1,11,32650,272,5000,6,1,1,5,1,2700106,1000000
2024MU0002346,1,1841.43,39,2,8,1,15,106821,501,4000,1,1,1,1,1,2700103,1000000
2024MU0002347,1,1841.43,48,2,4,1,6,23884,199,5000,3,1,1,1,1,2700104,1000000
2024MU0002348,1,1841.43,15,2,3,1,17,21521,179,0,0,6,1,5,1,2700100,1000000
2024MU0002349,1,1841.43,0,1,3,1,8,5971,49,0,0,6,1,5,1,2700121,1000000
2024MU0002350,1,1841.43,42,2,1,1,8,9172,76,9800,1,1,1,2,1,2700114,1000000
2024MU0002351,1,1841.43,9,2,1,1,4,3019,25,0,0,6,1,5,1,2700121,1000000
2024MU0002352,1,1841.43,10,1,5,1,1,1761,14,0,0,6,1,5,1,2700108,1000000
2024MU0002353,1,1841.43,13,1,5,1,5,2819,23,0,0,6,1,5,1,2700101,1000000
2024MU0002354,1,1841.43,40,1,3,1,10,27003,225,6000,1,2,1,1,1,2700120,1000000
2024MU0002355,1,1841.43,10,2,2,1,1,15514,129,0,0,6,1,5,1,2700111,1000000
2024MU0002356,1,1841.43,34,1,1,1,14,23299,194,6000,4,1,1,1,1,2700102,1000000
2024MU0002357,1,1841.43,23,1,1,1,18,99484,501,5000,1,2,1,5,1,2700122,1000000
2024MU0002358,1,1841.43,36,1,2,1,16,67116,501,5000,1,2,1,1,2,2700101,1000000
2024MU0002359,1,1841.43,16,1,2,1,15,30459,253,0,0,6,1,5,1,2700100,1000000
2024MU0002360,1,1841.43,28,1,8,1,10,35589,296,6000,1,2,1,1,1,2700109,1000000
2024MU0002361,1,1841.43,91,1,1,1,11,4969,41,0,0,6,1,1,1,2700122,1000000
2024MU0002362,1,1841.43,28,2,2,1,10,10921,91,4000,1,1,1,1,1,2700107,1000000
2024MU0002363,1,1841.43,57,2,2,1,11,18615,155,9800,3,1,1,1,1,2700105,1000000
2024MU0002364,1,1841.43,43,1,9,1,10,17501,145,3000,1,3,1,1,1,2700118,1000000
2024MU0002365,1,1841.43,6,2,6,1,4,4286,35,0,0,6,1,5,1,2700118,1000000
2024MU0002366,1,1841.43,32,2,2,1,6,19465,162,9800,3,1,1,5,1,2700102,1000000
2024MU0002367,1,1841.43,38,1,9,1,5,6849,57,9920,6,1,1,5,1,2700120,1000000
2024MU0002368,1,1841.43,26,1,2,1,10,31691,264,6000,1,1,1,1,1,2700112,1000000
2024MU0002369,1,1841.43,21,1,1,1,15,22961,191,1000,2,1,1,5,1,2700119,1000000
2024MU0002370,1,1841.43,43,1,3,1,12,40647,338,5000,3,1,1,1,1,2700109,1000000
2024MU0002371,1,1841.43,33,1,1,1,10,28069,233,6000,1,4,1,1,2,2700109,1000000
2024MU0002372,1,1841.43,59,2,3,1,7,19734,164,7000,3,1,1,1,1,2700113,1000000
2024MU0002373,1,1841.43,2,1,9,1,4,14823,123,0,0,6,1,5,1,2700100,1000000
2024MU0002374,1,1841.43,38,2,4,1,8,29785,248,8000,1,2,1,1,1,2700112,1000000
2024MU0002375,1,1841.43,26,1,1,1,6,32583,271,9800,4,1,1,1,1,2700111,1000000
2024MU0002376,1,1841.43,43,1,1,1,6,5219,43,9920,1,1,1,2,1,2700123,1000000
2024MU0002377,1,1841.43,52,1,1,1,8,7780,64,7000,3,2,1,4,1,2700105,1000000
2024MU0002378,1,1841.43,28,1,1,1,5,16798,139,9800,1,1,1,5,1,2700108,1000000
2024MU0002379,1,1841.43,40,2,1,1,7,53581,446,5000,4,1,1,2,1,2700105,1000000
2024MU0002380,1,1841.43,58,2,2,1,12,57257,477,6000,1,1,1,2,1,2700122,1000000
2024MU0002381,1,1841.43,6,1,3,1,3,1763,14,0,0,6,1,5,1,2700119,1000000
2024MU0002382,1,1841.43,0,2,4,1,2,2830,23,0,0,6,1,5,1,2700105,1000000
2024MU0002383,1,1841.43,9,2,1,1,8,5233,43,0,0,6,1,5,1,2700112,1000000
2024MU0002384,1,1841.43,34,2,1,1,12,38834,323,5000,4,4,1,1,1,2700102,1000000
2024MU0002385,1,1841.43,52,1,1,1,5,7051,58,9000,6,1,1,1,1,2700104,1000000
2024MU0002386,1,1841.43,16,2,1,1,11,8891,74,0,0,6,1,5,1,2700109,1000000
2024MU0002387,1,1841.43,27,1,2,1,12,28760,239,9800,1,1,1,5,1,2700119,1000000
2024MU0002388,1,1841.43,50,2,1,1,9,16992,141,9800,4,1,1,2,1,2700115,1000000
2024MU0002389,1,1841.43,0,1,3,1,1,8809,73,0,0,6,1,5,1,2700119,1000000
2024MU0002390,1,1841.43,10,1,8,1,3,2819,23,0,0,6,1,5,2,2700117,1000000
2024MU0002391,1,1841.43,19,1,2,1,19,57511,479,3000,2,2,1,5,1,2700121,1000000
2024MU0002392,1,1841.43,99,1,3,1,8,15289,127,0,0,6,1,2,1,2700118,1000000
2024MU0002393,1,1841.43,87,2,1,1,7,6044,50,0,0,6,1,1,1,2700122,1000000
2024MU0002394,1,1841.43,35,1,8,1,8,35122,292,6000,1,1,1,1,1,2700111,1000000
2024MU0002395,1,1841.43,35,1,1,1,7,7037,58,6000,1,1,1,1,1,2700114,1000000
2024MU0002396,1,1841.43,20,2,1,1,14,14751,122,6000,4,1,1,1,1,2700100,1000000
2024MU0002397,1,1841.43,63,1,1,1,12,65350,501,4000,1,2,1,2,1,2700121,1000000
2024MU0002398,1,1841.43,15,1,1,1,10,6094,50,0,0,6,1,5,1,2700106,1000000
2024MU0002399,1,1841.43,24,2,3,1,20,145462,501,1000,1,1,5,5,1,2700103,1000000
2024MU0002400,1,1841.43,24,1,9,1,12,26016,216,5000,4,1,2,5,1,2700114,1000000
2024MU0002401,1,1841.43,38,1,4,1,10,50466,420,3000,3,1,1,1,1,2700115,1000000
2024MU0002402,1,1841.43,26,1,2,1,5,15626,130,5000,1,1,1,1,1,2700106,1000000
2024MU0002403,1,1841.43,94,2,3,1,8,3222,26,0,0,6,1,5,1,2700107,1000000
2024MU0002404,1,1841.43,7,2,3,1,4,3819,31,0,0,6,5,5,1,2700121,1000000
2024MU0002405,1,1841.43,15,1,5,1,16,76942,501,0,0,6,1,5,1,2700120,1000000
2024MU0002406,1,1841.43,7,1,3,1,5,9312,77,0,0,6,1,5,1,2700115,1000000
2024MU0002407,1,1841.43,41,1,3,1,8,30254,252,9000,1,1,1,1,1,2700117,1000000
2024MU0002408,1,1841.43,1,2,3,1,6,3435,28,0,0,6,1,5,1,2700116,1000000
2024MU0002409,1,1841.43,56,1,3,1,5,73354,501,9000,4,1,1,1,1,2700111,1000000
2024MU0002410,1,1841.43,14,2,1,1,5,9135,76,0,0,6,1,5,1,2700102,1000000
2024MU0002411,1,1841.43,11,1,1,1,2,4129,34,0,0,6,1,5,1,2700115,1000000
2024MU0002412,1,1841.43,21,2,3,1,14,12712,105,9800,4,3,1,5,1,2700107,1000000
2024MU0002413,1,1841.43,84,2,6,1,10,13169,109,0,0,6,1,2,1,2700104,1000000
2024MU0002414,1,1841.43,47,2,2,1,6,21960,183,7000,4,1,1,1,1,2700111,1000000
2024MU0002415,1,1841.43,13,1,9,1,8,6441,53,0,0,6,1,5,2,2700104,1000000
2024MU0002416,1,1841.43,8,2,1,1,7,7031,58,0,0,6,1,5,1,2700108,1000000
2024MU0002417,1,1841.43,37,1,2,1,10,38401,320,6000,1,1,1,3,1,2700108,1000000
2024MU0002418,1,1841.43,32,1,2,1,5,4931,41,5000,3,1,1,1,1,2700108,1000000
2024MU0002419,1,1841.43,17,1,9,1,18,34238,285,0,0,6,1,5,1,2700107,1000000
2024MU0002420,1,1841.43,30,2,1,1,16,181026,501,3000,1,1,1,1,1,2700107,1000000
2024MU0002421,1,1841.43,11,2,2,1,2,1832,15,0,0,6,1,5,1,2700101,1000000
2024MU0002422,1,1841.43,56,1,1,1,15,93479,501,5000,1,2,1,2,1,2700117,1000000
2024MU0002423,1,1841.43,16,2,2,1,19,116629,501,0,0,6,1,5,2,2700120,1000000
2024MU0002424,1,1841.43,46,1,6,1,9,18767,156,5000,4,4,1,1,2,2700121,1000000
2024MU0002425,1,1841.43,51,2,1,1,12,29773,248,9000,1,1,1,1,1,2700114,1000000
2024MU0002426,1,1841.43,21,2,5,1,14,30854,257,9000,3,1,1,5,1,2700120,1000000
2024MU0002427,1,1841.43,5,2,8,1,5,4546,37,0,0,6,1,5,1,2700115,1000000
2024MU0002428,1,1841.43,13,1,1,1,3,2631,21,0,0,6,1,5,2,2700115,1000000
2024MU0002429,1,1841.43,80,2,4,1,5,6642,55,0,0,6,1,1,1,2700123,1000000
2024MU0002430,1,1841.43,15,2,1,1,17,48609,405,0,0,6,1,5,1,2700100,1000000
2024MU0002431,1,1841.43,49,2,1,1,5,13623,113,9800,1,1,1,1,1,2700105,1000000
2024MU0002432,1,1841.43,30,1,3,1,12,66212,501,8000,1,2,1,5,1,2700109,1000000
2024MU0002433,1,1841.43,12,2,3,1,7,4836,40,0,0,6,1,5,1,2700113,1000000
2024MU0002434,1,1841.43,24,2,2,1,13,36272,302,9000,3,1,1,5,1,2700115,1000000
2024MU0002435,1,1841.43,14,1,1,1,3,6803,56,0,0,6,1,5,1,2700120,1000000
2024MU0002436,1,1841.43,19,1,8,1,16,24813,206,4000,1,1,1,5,1,2700101,1000000
2024MU0002437,1,1841.43,39,1,3,1,8,7530,62,9000,1,1,1,1,1,2700107,1000000
2024MU0002438,1,1841.43,30,2,1,1,15,157465,501,4000,1,1,1,1,1,2700106,1000000
2024MU0002439,1,1841.43,11,1,2,1,4,3605,30,0,0,6,1,5,1,2700120,1000000
2024MU0002440,1,1841.43,33,1,1,1,12,31845,265,5000,3,1,1,1,1,2700117,1000000
2024MU0002441,1,1841.43,34,2,1,1,8,24426,203,6000,1,1,1,5,1,2700117,1000000
2024MU0002442,1,1841.43,50,1,2,1,5,37118,309,7000,1,1,2,1,1,2700100,1000000
2024MU0002443,1,1841.43,17,1,2,1,12,9777,81,0,0,6,1,5,1,2700107,1000000
2024MU0002444,1,1841.43,24,1,1,1,10,29224,243,3000,3,1,1,5,2,2700105,1000000
2024MU0002445,1,1841.43,15,2,4,1,14,4763,39,0,0,6,1,5,1,2700101,1000000
2024MU0002446,1,1841.43,10,2,1,1,5,3353,27,0,0,6,1,5,2,2700121,1000000
2024MU0002447,1,1841.43,49,1,3,1,5,19136,159,9920,1,1,1,2,1,2700119,1000000
2024MU0002448,1,1841.43,4,2,1,1,1,3942,32,0,0,6,1,5,1,2700113,1000000
2024MU0002449,1,1841.43,22,1,2,1,15,63548,501,3000,1,1,1,1,1,2700102,1000000
2024MU0002450,1,1841.43,5,2,1,1,6,7163,59,0,0,6,1,5,1,2700108,1000000
2024MU0002451,1,1841.43,8,1,3,1,5,4198,34,0,0,6,1,5,1,2700102,1000000
2024MU0002452,1,1841.43,46,1,2,1,6,127180,501,5000,1,1,1,1,1,2700107,1000000
2024MU0002453,1,1841.43,41,1,1,1,14,50398,419,6000,6,4,1,1,1,2700123,1000000
2024MU0002454,1,1841.43,40,1,1,1,15,22797,189,6000,1,1,1,1,1,2700114,1000000
2024MU0002455,1,1841.43,41,1,2,1,8,6585,54,7000,1,1,1,1,1,2700104,1000000
2024MU0002456,1,1841.43,57,2,1,1,10,52705,439,6000,4,1,1,1,1,2700105,1000000
2024MU0002457,1,1841.43,44,2,3,1,9,27778,231,7000,4,1,1,1,1,2700114,1000000
2024MU0002458,1,1841.43,42,1,2,1,16,83581,501,4000,3,1,1,1,1,2700120,1000000
2024MU0002459,1,1841.43,54,1,3,1,9,15253,127,9000,4,1,1,5,1,2700111,1000000
2024MU0002460,1,1841.43,51,1,9,1,16,74158,501,5000,1,1,1,1,1,2700119,1000000
2024MU0002461,1,1841.43,80,1,2,1,5,7800,65,0,0,6,1,1,1,2700102,1000000
2024MU0002462,1,1841.43,1,2,4,1,3,5457,45,0,0,6,1,5,1,2700123,1000000
2024MU0002463,1,1841.43,3,1,4,1,6,1772,14,0,0,6,1,5,1,2700105,1000000
2024MU0002464,1,1841.43,0,2,8,1,6,7633,63,0,0,6,1,5,1,2700116,1000000
2024MU0002465,1,1841.43,22,1,1,1,17,38639,321,5000,3,1,1,5,1,2700123,1000000
2024MU0002466,1,1841.43,60,1,5,1,11,49343,411,3000,1,1,1,2,1,2700119,1000000
2024MU0002467,1,1841.43,29,1,8,1,13,36782,306,3000,2,1,1,1,1,2700101,1000000
2024MU0002468,1,1841.43,39,1,2,1,12,22658,188,9800,3,1,1,1,1,2700104,1000000
2024MU0002469,1,1841.43,45,1,1,1,9,20847,173,6000,4,1,1,1,1,2700101,1000000
2024MU0002470,1,1841.43,2,2,9,1,4,5441,45,0,0,6,1,5,1,2700101,1000000
2024MU0002471,1,1841.43,22,1,3,1,14,19632,163,6000,1,4,1,5,1,2700105,1000000
2024MU0002472,1,1841.43,0,1,2,1,5,3441,28,0,0,6,1,5,1,2700104,1000000
2024MU0002473,1,1841.43,24,2,4,1,14,47004,391,9000,1,1,1,5,1,2700109,1000000
2024MU0002474,1,1841.43,5,1,1,1,2,5880,49,0,0,6,1,5,1,2700107,1000000
2024MU0002475,1,1841.43,28,2,1,1,7,5136,42,8000,1,1,1,1,1,2700109,1000000
2024MU0002476,1,1841.43,47,1,2,1,15,114711,501,4000,3,1,1,1,2,2700102,1000000
2024MU0002477,1,1841.43,14,1,3,1,1,1897,15,0,0,6,1,5,1,2700123,1000000
2024MU0002478,1,1841.43,14,2,5,1,2,8038,66,0,0,6,1,5,1,2700123,1000000
2024MU0002479,1,1841.43,55,2,2,1,9,106463,501,5000,1,1,1,1,1,2700103,1000000
2024MU0002480,1,1841.43,59,1,5,1,7,6794,56,5000,4,1,1,2,1,2700107,1000000
2024MU0002481,1,1841.43,17,1,1,1,14,10659,88,0,0,6,1,5,1,2700113,1000000
2024MU0002482,1,1841.43,4,2,3,1,2,8349,69,0,0,6,1,5,1,2700103,1000000
2024MU0002483,1,1841.43,82,1,1,1,5,6810,56,0,0,6,1,1,1,2700111,1000000
2024MU0002484,1,1841.43,39,2,2,1,14,64561,501,9000,1,1,1,1,1,2700119,1000000
2024MU0002485,1,1841.43,85,2,6,1,10,18825,156,0,0,6,1,1,2,2700119,1000000
2024MU0002486,1,1841.43,20,2,1,1,11,5199,43,5000,1,3,1,5,1,2700105,1000000
2024MU0002487,1,1841.43,31,2,5,1,13,47361,394,6000,1,1,2,1,1,2700113,1000000
2024MU0002488,1,1841.43,76,2,1,1,8,16459,137,0,0,6,1,1,1,2700111,1000000
2024MU0002489,1,1841.43,58,2,1,1,11,45252,377,9000,4,1,1,5,1,2700121,1000000
2024MU0002490,1,1841.43,11,2,1,1,4,14690,122,0,0,6,1,5,1,2700116,1000000
2024MU0002491,1,1841.43,2,2,3,1,3,971,8,0,0,6,1,5,1,2700119,1000000
2024MU0002492,1,1841.43,44,1,1,1,11,56820,473,9800,3,4,1,1,1,2700102,1000000
2024MU0002493,1,1841.43,30,1,3,1,10,27686,230,9800,3,1,1,5,1,2700108,1000000
2024MU0002494,1,1841.43,33,2,3,1,8,7957,66,9920,4,1,1,1,1,2700115,1000000
2024MU0002495,1,1841.43,39,2,1,1,10,110903,501,6000,1,1,1,1,1,2700109,1000000
2024MU0002496,1,1841.43,52,1,2,1,12,30378,253,9800,3,1,1,2,1,2700108,1000000
2024MU0002497,1,1841.43,27,1,2,1,11,22714,189,8000,3,1,1,1,1,2700116,1000000
2024MU0002498,1,1841.43,25,2,9,1,9,36951,307,9800,3,1,1,1,1,2700101,1000000
2024MU0002499,1,1841.43,94,2,1,1,10,4024,33,0,0,6,1,2,1,2700101,1000000
2024MU0002500,1,1841.43,27,1,1,1,16,178042,501,1000,1,1,1,1,1,2700121,1000000
2024MU0002501,1,1841.43,43,2,2,1,9,165284,501,3000,1,5,1,1,1,2700101,1000000
2024MU0002502,1,1841.43,29,2,3,1,10,55129,459,6000,6,1,1,5,1,2700115,1000000
2024MU0002503,1,1841.43,18,2,3,1,16,37919,315,6000,6,2,1,5,1,2700120,1000000
2024MU0002504,1,1841.43,41,2,8,1,5,13481,112,7000,3,1,1,1,1,2700122,1000000
2024MU0002505,1,1841.43,48,1,8,1,11,20530,171,9800,1,1,1,1,1,2700100,1000000
2024MU0002506,1,1841.43,26,2,1,1,14,67016,501,5000,3,1,1,1,1,2700121,1000000
2024MU0002507,1,1841.43,16,1,2,1,14,20691,172,0,0,6,1,5,1,2700107,1000000
2024MU0002508,1,1841.43,35,2,3,1,7,22980,191,5000,1,4,1,1,1,2700106,1000000
2024MU0002509,1,1841.43,29,1,8,1,5,13957,116,9800,1,1,1,1,2,2700109,1000000
2024MU0002510,1,1841.43,38,1,1,1,12,53784,448,8000,6,1,1,1,1,2700123,1000000
2024MU0002511,1,1841.43,16,1,2,1,13,7539,62,0,0,6,1,5,1,2700111,1000000
2024MU0002512,1,1841.43,52,1,8,1,9,209152,501,6000,3,5,1,1,1,2700104,1000000
2024MU0002513,1,1841.43,21,2,2,1,14,8920,74,9800,3,1,1,5,1,2700113,1000000
2024MU0002514,1,1841.43,38,2,2,1,7,11395,94,9800,6,5,1,1,1,2700116,1000000
2024MU0002515,1,1841.43,28,2,8,1,11,63658,501,6000,4,1,1,5,1,2700102,1000000
2024MU0002516,1,1841.43,31,2,5,1,10,42696,355,9800,3,1,1,1,1,2700120,1000000
2024MU0002517,1,1841.43,4,1,1,1,5,3947,32,0,0,6,1,5,1,2700111,1000000
2024MU0002518,1,1841.43,26,2,1,1,8,33140,276,6000,1,1,1,1,1,2700115,1000000
2024MU0002519,1,1841.43,28,2,2,1,8,18393,153,9000,1,5,1,5,1,2700114,1000000
2024MU0002520,1,1841.43,4,2,8,1,7,7183,59,0,0,6,1,5,1,2700104,1000000
2024MU0002521,1,1841.43,7,1,9,1,6,1289,10,0,0,6,1,5,1,2700112,1000000
2024MU0002522,1,1841.43,58,2,4,1,12,48068,400,5000,4,1,1,1,1,2700108,1000000
2024MU0002523,1,1841.43,12,2,2,1,2,1792,14,0,0,6,1,5,2,2700102,1000000
2024MU0002524,1,1841.43,54,1,1,1,7,9283,77,6000,6,2,2,1,2,2700104,1000000
2024MU0002525,1,1841.43,52,2,3,1,10,41066,342,6000,1,1,1,1,1,2700101,1000000
2024MU0002526,1,1841.43,38,2,2,1,15,115913,501,3000,1,1,1,1,1,2700101,1000000
2024MU0002527,1,1841.43,18,1,3,1,18,43851,365,2000,2,1,1,5,2,2700120,1000000
2024MU0002528,1,1841.43,7,2,3,1,7,7424,61,0,0,6,1,5,1,2700112,1000000
2024MU0002529,1,1841.43,2,2,2,1,1,7883,65,0,0,6,1,5,1,2700113,1000000
2024MU0002530,1,1841.43,55,2,9,1,12,14172,118,7000,1,1,1,1,1,2700117,1000000
2024MU0002531,1,1841.43,63,2,1,1,11,189825,501,7000,1,2,1,1,1,2700123,1000000
2024MU0002532,1,1841.43,15,2,3,1,11,10708,89,0,0,6,1,5,1,2700112,1000000
2024MU0002533,1,1841.43,34,1,2,1,10,101862,501,5000,6,1,5,5,1,2700102,1000000
2024MU0002534,1,1841.43,52,1,3,1,9,6247,52,5000,1,1,1,1,1,2700102,1000000
2024MU0002535,1,1841.43,50,2,3,1,7,10804,90,5000,4,1,1,1,1,2700112,1000000
2024MU0002536,1,1841.43,5,2,1,1,5,1245,10,0,0,6,1,5,1,2700113,1000000
2024MU0002537,1,1841.43,55,2,1,1,14,19871,165,3000,1,4,1,2,1,2700117,1000000
2024MU0002538,1,1841.43,24,1,1,1,18,81404,501,4000,3,1,1,5,1,2700103,1000000
2024MU0002539,1,1841.43,11,1,1,1,8,3066,25,0,0,6,1,5,1,2700111,1000000
2024MU0002540,1,1841.43,13,2,3,1,4,11467,95,0,0,6,1,5,1,2700106,1000000
2024MU0002541,1,1841.43,30,1,1,1,10,150334,501,5000,4,1,1,1,1,2700104,1000000
2024MU0002542,1,1841.43,23,2,2,1,16,44212,368,6000,1,1,1,5,1,2700102,1000000
2024MU0002543,1,1841.43,2,2,1,1,4,2713,22,0,0,6,1,5,1,2700107,1000000
2024MU0002544,1,1841.43,49,2,3,1,5,7026,58,5000,1,1,1,1,1,2700123,1000000
2024MU0002545,1,1841.43,21,1,3,1,17,59252,493,1000,1,1,1,5,1,2700123,1000000
2024MU0002546,1,1841.43,26,2,1,1,9,32473,270,6000,4,5,1,1,1,2700103,1000000
2024MU0002547,1,1841.43,7,2,3,1,1,4112,34,0,0,6,1,5,1,2700102,1000000
2024MU0002548,1,1841.43,23,1,5,1,10,36155,301,5000,3,1,1,1,1,2700107,1000000
2024MU0002549,1,1841.43,54,1,1,1,15,81903,501,1000,1,1,1,1,1,2700105,1000000
2024MU0002550,1,1841.43,9,1,3,1,3,2019,16,0,0,6,1,5,1,2700106,1000000
2024MU0002551,1,1841.43,29,1,1,1,10,30109,250,9000,1,1,1,5,1,2700113,1000000
2024MU0002552,1,1841.43,13,2,1,1,9,9037,75,0,0,6,1,5,1,2700116,1000000
2024MU0002553,1,1841.43,1,2,2,1,4,5290,44,0,0,6,1,5,1,2700109,1000000
2024MU0002554,1,1841.43,10,2,1,1,1,1086,9,0,0,6,1,5,1,2700111,1000000
2024MU0002555,1,1841.43,4,2,5,1,5,4652,38,0,0,6,1,5,1,2700105,1000000
2024MU0002556,1,1841.43,66,2,1,1,5,3848,32,8000,1,1,1,2,1,2700102,1000000
2024MU0002557,1,1841.43,13,1,1,1,1,4523,37,0,0,6,1,5,1,2700106,1000000
2024MU0002558,1,1841.43,56,2,2,1,13,68429,501,4000,1,1,1,1,1,2700102,1000000
2024MU0002559,1,1841.43,1,2,3,1,3,2568,21,0,0,6,1,5,1,2700101,1000000
2024MU0002560,1,1841.43,10,2,3,1,6,10440,87,0,0,6,1,5,1,2700118,1000000
2024MU0002561,1,1841.43,17,2,1,1,15,10420,86,0,0,6,1,5,1,2700109,1000000
2024MU0002562,1,1841.43,19,2,6,1,13,32103,267,7000,4,1,1,5,1,2700122,1000000
2024MU0002563,1,1841.43,35,2,9,1,11,103701,501,3000,2,1,1,1,1,2700116,1000000
2024MU0002564,1,1841.43,55,2,2,1,5,6573,54,7000,1,1,5,1,1,2700108,1000000
2024MU0002565,1,1841.43,24,1,4,1,14,15710,130,6000,4,1,1,5,1,2700107,1000000
2024MU0002566,1,1841.43,42,2,2,1,9,15303,127,9800,1,4,1,1,1,2700108,1000000
2024MU0002567,1,1841.43,35,2,1,1,8,33504,279,9800,4,1,1,1,1,2700102,1000000
2024MU0002568,1,1841.43,40,1,1,1,11,34580,288,9800,4,1,1,1,1,2700108,1000000
2024MU0002569,1,1841.43,44,1,1,1,5,11606,96,5000,4,1,5,1,1,2700111,1000000
2024MU0002570,1,1841.43,21,2,9,1,15,15098,125,4000,3,1,1,5,1,2700102,1000000
2024MU0002571,1,1841.43,6,1,1,1,6,17079,142,0,0,6,1,5,2,2700104,1000000
2024MU0002572,1,1841.43,37,1,3,1,10,22057,183,3000,2,1,1,1,1,2700120,1000000
2024MU0002573,1,1841.43,12,2,1,1,7,4086,34,0,0,6,1,5,1,2700100,1000000
2024MU0002574,1,1841.43,45,2,3,1,10,50690,422,9800,4,3,1,1,1,2700101,1000000
2024MU0002575,1,1841.43,0,2,1,1,9,8241,68,0,0,6,1,5,1,2700110,1000000
2024MU0002576,1,1841.43,4,1,4,1,3,2478,20,0,0,6,1,5,1,2700121,1000000
2024MU0002577,1,1841.43,9,1,1,1,8,2982,24,0,0,6,1,5,1,2700104,1000000
2024MU0002578,1,1841.43,11,1,8,1,5,6299,52,0,0,6,1,5,1,2700115,1000000
2024MU0002579,1,1841.43,14,1,6,1,6,3036,25,0,0,6,1,5,1,2700119,1000000
2024MU0002580,1,1841.43,58,1,3,1,14,113309,501,6000,4,1,1,1,1,2700102,1000000
2024MU0002581,1,1841.43,28,2,1,1,11,16863,140,4000,1,2,1,5,1,2700100,1000000
2024MU0002582,1,1841.43,42,2,1,1,13,73879,501,6000,1,1,1,5,1,2700108,1000000
2024MU0002583,1,1841.43,57,1,6,1,9,10620,88,6000,1,1,1,1,1,2700100,1000000
2024MU0002584,1,1841.43,17,1,1,1,16,18580,154,0,0,6,1,5,1,2700122,1000000
2024MU0002585,1,1841.43,29,2,1,1,10,16406,136,9000,1,1,1,5,1,2700104,1000000
2024MU0002586,1,1841.43,17,1,2,1,12,5030,41,0,0,6,1,5,1,2700117,1000000
2024MU0002587,1,1841.43,4,1,1,1,5,5028,41,0,0,6,1,5,1,2700103,1000000
2024MU0002588,1,1841.43,55,2,1,1,18,92400,501,2000,2,1,1,4,1,2700109,1000000
2024MU0002589,1,1841.43,57,1,3,1,12,7367,61,7000,6,3,1,5,1,2700114,1000000
2024MU0002590,1,1841.43,5,1,2,1,6,19780,164,0,0,6,1,5,1,2700101,1000000
2024MU0002591,1,1841.43,16,1,1,1,16,32913,274,0,0,6,1,5,1,2700122,1000000
2024MU0002592,1,1841.43,16,2,2,1,14,10903,90,0,0,6,1,5,1,2700103,1000000
2024MU0002593,1,1841.43,3,1,2,1,2,11431,95,0,0,6,1,5,1,2700107,1000000
2024MU0002594,1,1841.43,32,1,3,1,8,35362,294,9800,3,1,1,1,1,2700100,1000000
2024MU0002595,1,1841.43,42,1,1,1,5,12629,105,9800,4,1,1,5,1,2700108,1000000
2024MU0002596,1,1841.43,5,2,3,1,6,840,7,0,0,6,1,5,1,2700107,1000000
2024MU0002597,1,1841.43,20,1,2,1,18,41550,346,6000,1,3,1,1,1,2700114,1000000
2024MU0002598,1,1841.43,29,1,2,1,9,14807,123,3000,3,1,1,1,1,2700106,1000000
2024MU0002599,1,1841.43,21,1,1,1,11,25939,216,6000,1,1,1,1,1,2700113,1000000
2024MU0002600,1,1841.43,5,1,1,1,3,2154,17,0,0,6,1,5,1,2700112,1000000
2024MU0002601,1,1841.43,14,1,6,1,3,2792,23,0,0,6,1,5,1,2700123,1000000
2024MU0002602,1,1841.43,48,1,1,1,9,17019,141,6000,4,1,1,1,1,2700119,1000000
2024MU0002603,1,1841.43,33,1,3,1,9,18010,150,3000,2,1,1,1,1,2700122,1000000
2024MU0002604,1,1841.43,4,1,9,1,3,3673,30,0,0,6,1,5,1,2700104,1000000
2024MU0002605,1,1841.43,13,1,3,1,8,3409,28,0,0,6,1,5,1,2700106,1000000
2024MU0002606,1,1841.43,35,1,2,1,9,31232,260,9800,6,1,1,1,1,2700104,1000000
2024MU0002607,1,1841.43,42,1,1,1,12,183400,501,8000,4,2,1,1,1,2700101,1000000
2024MU0002608,1,1841.43,72,2,9,1,8,10826,90,8000,1,1,1,1,1,2700109,1000000
2024MU0002609,1,1841.43,90,2,3,1,6,6734,56,0,0,6,1,3,1,2700112,1000000
2024MU0002610,1,1841.43,78,2,3,1,10,2635,21,0,0,6,1,1,1,2700120,1000000
2024MU0002611,1,1841.43,14,2,2,1,5,7759,64,0,0,6,1,5,1,2700102,1000000
2024MU0002612,1,1841.43,38,2,6,1,5,175949,501,7000,1,1,1,1,1,2700120,1000000
2024MU0002613,1,1841.43,29,2,3,1,6,9195,76,9920,4,1,1,1,1,2700113,1000000
2024MU0002614,1,1841.43,19,2,1,1,17,18209,151,3000,1,1,1,1,1,2700120,1000000
2024MU0002615,1,1841.43,40,1,3,1,9,48856,407,6000,4,4,1,1,1,2700115,1000000
2024MU0002616,1,1841.43,16,1,2,1,14,3999,33,0,0,6,1,5,1,2700121,1000000
2024MU0002617,1,1841.43,37,2,1,1,7,23201,193,9920,1,1,1,1,1,2700107,1000000
2024MU0002618,1,1841.43,43,2,5,1,6,53236,443,5000,1,1,1,1,1,2700123,1000000
2024MU0002619,1,1841.43,14,1,1,1,6,2343,19,0,0,6,1,5,1,2700113,1000000
2024MU0002620,1,1841.43,30,2,2,1,15,80751,501,5000,1,1,1,1,1,2700117,1000000
2024MU0002621,1,1841.43,4,1,1,1,5,3760,31,0,0,6,1,5,1,2700105,1000000
2024MU0002622,1,1841.43,39,1,1,1,9,30683,255,9000,3,3,1,1,1,2700123,1000000
2024MU0002623,1,1841.43,26,1,2,1,17,31871,265,6000,1,1,1,1,1,2700101,1000000
2024MU0002624,1,1841.43,0,1,9,1,5,2944,24,0,0,6,1,5,1,2700111,1000000
2024MU0002625,1,1841.43,15,1,2,1,18,20823,173,0,0,6,1,5,1,2700104,1000000
2024MU0002626,1,1841.43,34,2,1,1,5,47837,398,5000,4,1,1,1,1,2700101,1000000
2024MU0002627,1,1841.43,31,2,3,1,10,97839,501,9800,1,1,1,5,1,2700109,1000000
2024MU0002628,1,1841.43,33,2,1,1,16,273952,501,1000,1,1,1,1,1,2700101,1000000
2024MU0002629,1,1841.43,9,1,1,1,3,7611,63,0,0,6,1,5,1,2700112,1000000
2024MU0002630,1,1841.43,16,2,1,1,17,33506,279,0,0,6,1,5,1,2700102,1000000
2024MU0002631,1,1841.43,42,1,1,1,11,23629,196,6000,4,1,1,1,2,2700104,1000000
2024MU0002632,1,1841.43,2,1,2,1,2,11578,96,0,0,6,1,5,1,2700121,1000000
2024MU0002633,1,1841.43,30,2,2,1,14,55590,463,4000,1,1,1,5,1,2700120,1000000
2024MU0002634,1,1841.43,75,1,1,1,5,2461,20,5000,1,4,1,1,1,2700123,1000000
2024MU0002635,1,1841.43,5,1,4,1,6,1929,16,0,0,6,1,5,1,2700106,1000000
2024MU0002636,1,1841.43,20,1,1,1,20,31702,264,4000,2,1,1,5,1,2700115,1000000
2024MU0002637,1,1841.43,12,2,8,1,9,2590,21,0,0,6,1,5,1,2700120,1000000
2024MU0002638,1,1841.43,24,1,3,1,18,99704,501,5000,6,4,1,5,1,2700107,1000000
2024MU0002639,1,1841.43,12,2,1,1,5,1488,12,0,0,6,1,5,1,2700103,1000000
2024MU0002640,1,1841.43,35,2,9,1,13,25672,213,7000,1,1,1,1,1,2700103,1000000
2024MU0002641,1,1841.43,4,2,1,1,6,4134,34,0,0,6,1,5,1,2700105,1000000
2024MU0002642,1,1841.43,42,2,2,1,5,13794,114,5000,3,2,1,1,1,2700104,1000000
2024MU0002643,1,1841.43,33,1,1,1,7,9059,75,8000,6,4,1,1,1,2700111,1000000
2024MU0002644,1,1841.43,40,1,3,1,10,126193,501,6000,3,1,1,1,1,2700105,1000000
2024MU0002645,1,1841.43,31,1,2,1,5,4726,39,6000,4,2,1,1,1,2700101,1000000
2024MU0002646,1,1841.43,8,1,1,1,8,1223,10,0,0,6,1,5,1,2700100,1000000
2024MU0002647,1,1841.43,52,2,1,1,9,50035,416,8000,6,1,1,1,1,2700122,1000000
2024MU0002648,1,1841.43,9,1,3,1,3,2428,20,0,0,6,1,5,1,2700113,1000000
2024MU0002649,1,1841.43,8,1,1,1,4,2353,19,0,0,6,1,5,1,2700110,1000000
2024MU0002650,1,1841.43,18,2,1,1,18,15500,129,5000,6,1,1,5,1,2700117,1000000
2024MU0002651,1,1841.43,16,2,2,1,19,70624,501,0,0,6,1,5,1,2700102,1000000
2024MU0002652,1,1841.43,26,2,5,1,7,12802,106,7000,4,1,1,5,1,2700118,1000000
2024MU0002653,1,1841.43,35,2,1,1,14,47368,394,7000,3,3,1,1,1,2700115,1000000
2024MU0002654,1,1841.43,29,2,1,1,12,19317,160,8000,1,1,1,5,1,2700103,1000000
2024MU0002655,1,1841.43,46,2,5,1,10,25760,214,5000,1,1,2,5,1,2700121,1000000
2024MU0002656,1,1841.43,11,1,1,1,6,3517,29,0,0,6,2,5,1,2700107,1000000
2024MU0002657,1,1841.43,33,2,3,1,8,34736,289,9800,1,1,1,1,1,2700121,1000000
2024MU0002658,1,1841.43,37,2,9,1,11,130618,501,9800,1,3,1,1,1,2700112,1000000
2024MU0002659,1,1841.43,28,1,6,1,9,63247,501,7000,1,1,1,5,1,2700105,1000000
2024MU0002660,1,1841.43,1,1,1,1,1,6006,50,0,0,6,1,5,1,2700115,1000000
2024MU0002661,1,1841.43,1,2,1,1,2,8793,73,0,0,6,1,5,1,2700109,1000000
2024MU0002662,1,1841.43,56,2,1,1,6,5189,43,5000,1,1,1,4,1,2700113,1000000
2024MU0002663,1,1841.43,5,1,9,1,5,2264,18,0,0,6,1,5,1,2700101,1000000
2024MU0002664,1,1841.43,33,1,9,1,7,24387,203,8000,1,1,1,1,1,2700123,1000000
2024MU0002665,1,1841.43,44,2,1,1,10,40119,334,5000,1,1,1,1,1,2700100,1000000
2024MU0002666,1,1841.43,33,2,3,1,12,55192,459,9000,1,1,1,1,1,2700113,1000000
2024MU0002667,1,1841.43,30,1,6,1,16,213203,501,3000,1,2,1,1,1,2700115,1000000
2024MU0002668,1,1841.43,48,1,1,1,10,77585,501,6000,4,2,1,1,1,2700122,1000000
2024MU0002669,1,1841.43,62,2,1,1,12,16921,141,9800,4,1,1,1,1,2700114,1000000
2024MU0002670,1,1841.43,27,1,1,1,5,10789,89,7000,6,1,1,1,1,2700111,1000000
2024MU0002671,1,1841.43,25,2,2,1,13,15249,127,9000,4,1,1,1,1,2700118,1000000
2024MU0002672,1,1841.43,49,1,8,1,5,8608,71,9000,1,1,1,5,1,2700116,1000000
2024MU0002673,1,1841.43,43,1,8,1,11,13157,109,6000,4,1,1,5,1,2700114,1000000
2024MU0002674,1,1841.43,28,1,1,1,10,31900,265,5000,4,5,1,1,1,2700107,1000000
2024MU0002675,1,1841.43,30,1,1,1,12,12493,104,9000,3,1,1,1,1,2700118,1000000
2024MU0002676,1,1841.43,43,1,2,1,8,21974,183,9800,4,5,1,1,1,2700123,1000000
2024MU0002677,1,1841.43,13,1,4,1,2,11882,99,0,0,6,1,5,1,2700109,1000000
2024MU0002678,1,1841.43,11,2,3,1,6,6125,51,0,0,6,1,5,1,2700122,1000000
2024MU0002679,1,1841.43,50,1,2,1,14,37658,313,5000,1,5,1,1,1,2700123,1000000
2024MU0002680,1,1841.43,46,2,3,1,6,54714,455,6000,3,1,1,1,1,2700120,1000000
2024MU0002681,1,1841.43,25,1,1,1,17,96117,501,5000,1,4,1,5,1,2700119,1000000
2024MU0002682,1,1841.43,22,2,2,1,12,15881,132,9800,4,1,1,1,1,2700108,1000000
2024MU0002683,1,1841.43,28,1,9,1,13,31711,264,9800,1,1,1,1,1,2700117,1000000
2024MU0002684,1,1841.43,0,1,1,1,9,42950,357,0,0,6,1,5,1,2700102,1000000
2024MU0002685,1,1841.43,2,2,2,1,2,1672,13,0,0,6,1,5,1,2700117,1000000
2024MU0002686,1,1841.43,17,2,1,1,14,4146,34,0,0,6,1,5,1,2700112,1000000
2024MU0002687,1,1841.43,13,2,2,1,3,6554,54,0,0,6,1,5,1,2700101,1000000
2024MU0002688,1,1841.43,37,2,3,1,10,37252,310,8000,1,1,1,1,1,2700103,1000000
2024MU0002689,1,1841.43,48,2,3,1,12,30029,250,9800,3,1,1,1,1,2700121,1000000
2024MU0002690,1,1841.43,38,1,6,1,13,18049,150,6000,6,2,1,1,1,2700119,1000000
2024MU0002691,1,1841.43,44,2,2,1,17,36763,306,1000,1,1,1,1,1,2700106,1000000
2024MU0002692,1,1841.43,35,2,2,1,8,4999,41,6000,4,1,1,1,1,2700111,1000000
2024MU0002693,1,1841.43,34,2,1,1,11,134964,501,9800,1,1,1,1,1,2700114,1000000
2024MU0002694,1,1841.43,23,2,4,1,14,28872,240,9800,1,1,1,5,1,2700115,1000000
2024MU0002695,1,1841.43,15,1,1,1,19,22355,186,0,0,6,1,5,1,2700107,1000000
2024MU0002696,1,1841.43,21,1,5,1,10,24956,207,4000,1,3,1,5,1,2700122,1000000
2024MU0002697,1,1841.43,6,2,1,1,9,25858,215,0,0,6,1,5,1,2700119,1000000
2024MU0002698,1,1841.43,83,2,1,1,7,17858,148,0,0,6,1,2,1,2700112,1000000
2024MU0002699,1,1841.43,20,2,1,1,16,22982,191,4000,1,5,1,5,1,2700100,1000000
2024MU0002700,1,1841.43,47,2,9,1,8,12929,107,5000,4,1,2,1,1,2700104,1000000
2024MU0002701,1,1841.43,47,1,1,1,13,47985,399,9000,3,1,1,5,1,2700118,1000000
2024MU0002702,1,1841.43,54,1,1,1,10,96831,501,6000,1,4,1,1,1,2700106,1000000
2024MU0002703,1,1841.43,15,1,1,1,16,21228,176,0,0,6,1,5,1,2700103,1000000
2024MU0002704,1,1841.43,27,2,1,1,12,17133,142,9800,1,2,1,1,1,2700104,1000000
2024MU0002705,1,1841.43,52,2,1,1,8,23307,194,5000,1,1,1,1,1,2700108,1000000
2024MU0002706,1,1841.43,17,1,2,1,11,25400,211,0,0,6,1,5,1,2700118,1000000
2024MU0002707,1,1841.43,26,2,1,1,14,27998,233,9000,4,1,2,5,1,2700100,1000000
2024MU0002708,1,1841.43,10,1,2,1,3,6852,57,0,0,6,1,5,1,2700110,1000000
2024MU0002709,1,1841.43,3,1,1,1,7,4385,36,0,0,6,1,5,1,2700103,1000000
2024MU0002710,1,1841.43,38,2,2,1,12,36550,304,6000,1,1,1,1,1,2700117,1000000
2024MU0002711,1,1841.43,47,1,3,1,8,8257,68,6000,1,1,5,1,1,2700106,1000000
2024MU0002712,1,1841.43,20,2,1,1,16,14819,123,4000,2,1,1,5,2,2700118,1000000
2024MU0002713,1,1841.43,10,2,2,1,5,2450,20,0,0,6,1,5,1,2700119,1000000
2024MU0002714,1,1841.43,11,2,1,1,6,1835,15,0,0,6,1,5,1,2700122,1000000
2024MU0002715,1,1841.43,41,1,1,1,12,53143,442,7000,6,1,1,1,1,2700105,1000000
2024MU0002716,1,1841.43,19,1,3,1,12,25547,212,6000,1,3,1,5,1,2700111,1000000
2024MU0002717,1,1841.43,55,2,3,1,16,111569,501,4000,2,1,1,1,1,2700115,1000000
2024MU0002718,1,1841.43,3,2,3,1,4,1918,15,0,0,6,1,5,1,2700113,1000000
2024MU0002719,1,1841.43,39,2,1,1,15,197906,501,5000,1,1,1,1,1,2700103,1000000
2024MU0002720,1,1841.43,9,1,1,1,3,5082,42,0,0,6,1,5,1,2700122,1000000
2024MU0002721,1,1841.43,27,1,1,1,5,15878,132,5000,1,5,1,5,1,2700112,1000000
2024MU0002722,1,1841.43,33,2,2,1,12,30295,252,7000,4,1,1,5,1,2700121,1000000
2024MU0002723,1,1841.43,36,2,2,1,9,96344,501,9000,3,2,1,1,1,2700123,1000000
2024MU0002724,1,1841.43,74,1,1,1,12,40000,333,4000,1,4,1,5,1,2700110,1000000
2024MU0002725,1,1841.43,43,1,4,1,6,13836,115,9000,4,1,1,1,1,2700115,1000000
2024MU0002726,1,1841.43,9,2,1,1,1,7120,59,0,0,6,1,5,1,2700110,1000000
2024MU0002727,1,1841.43,50,1,9,1,5,32247,268,9800,3,1,1,1,1,2700120,1000000
2024MU0002728,1,1841.43,17,1,1,1,13,7865,65,0,0,6,1,5,2,2700105,1000000
2024MU0002729,1,1841.43,43,1,4,1,10,41169,343,9800,4,1,1,5,2,2700119,1000000
2024MU0002730,1,1841.43,30,1,2,1,11,46081,384,3000,1,1,1,1,1,2700109,1000000
2024MU0002731,1,1841.43,30,2,6,1,9,20208,168,8000,1,1,1,1,1,2700106,1000000
2024MU0002732,1,1841.43,67,1,1,1,5,9510,79,9800,1,1,1,3,1,2700113,1000000
2024MU0002733,1,1841.43,35,1,2,1,8,36327,302,7000,1,1,1,1,1,2700100,1000000
2024MU0002734,1,1841.43,51,1,1,1,6,11907,99,8000,1,4,1,2,1,2700111,1000000
2024MU0002735,1,1841.43,42,1,9,1,11,55282,460,6000,3,3,1,1,1,2700110,1000000
2024MU0002736,1,1841.43,71,2,9,1,10,48332,402,6000,1,1,1,1,1,2700111,1000000
2024MU0002737,1,1841.43,43,1,1,1,12,32817,273,7000,1,1,1,1,1,2700119,1000000
2024MU0002738,1,1841.43,17,2,3,1,20,71407,501,0,0,6,1,5,1,2700111,1000000
2024MU0002739,1,1841.43,58,1,2,1,14,24370,203,5000,3,5,1,1,1,2700111,1000000
2024MU0002740,1,1841.43,38,1,1,1,11,28691,239,6000,4,1,1,1,1,2700115,1000000
2024MU0002741,1,1841.43,63,1,1,1,7,17562,146,6000,3,2,1,1,1,2700114,1000000
2024MU0002742,1,1841.43,15,1,9,1,19,67286,501,0,0,6,1,5,1,2700123,1000000
2024MU0002743,1,1841.43,39,2,2,1,12,64271,501,5000,4,1,1,1,1,2700110,1000000
2024MU0002744,1,1841.43,20,1,1,1,13,11491,95,7000,6,1,1,1,1,2700102,1000000
2024MU0002745,1,1841.43,42,2,1,1,10,60350,501,9800,6,1,1,3,1,2700101,1000000
2024MU0002746,1,1841.43,11,1,1,1,9,34957,291,0,0,6,1,5,1,2700111,1000000
2024MU0002747,1,1841.43,38,1,2,1,15,223746,501,3000,2,1,1,3,2,2700118,1000000
2024MU0002748,1,1841.43,20,1,1,1,13,13806,115,8000,3,4,1,5,1,2700122,1000000
2024MU0002749,1,1841.43,15,2,2,1,20,76763,501,0,0,6,1,5,1,2700111,1000000
2024MU0002750,1,1841.43,28,1,1,1,19,136954,501,2000,1,1,1,1,1,2700120,1000000
2024MU0002751,1,1841.43,11,1,1,1,3,3528,29,0,0,6,1,5,2,2700123,1000000
2024MU0002752,1,1841.43,75,1,1,1,11,25631,213,5000,3,1,1,1,1,2700112,1000000
2024MU0002753,1,1841.43,3,1,8,1,7,4299,35,0,0,6,1,5,1,2700100,1000000
2024MU0002754,1,1841.43,29,2,1,1,5,20156,167,9920,3,2,1,5,1,2700106,1000000
2024MU0002755,1,1841.43,23,2,4,1,16,168906,501,4000,1,1,1,5,1,2700104,1000000
2024MU0002756,1,1841.43,24,2,1,1,13,27054,225,5000,1,1,1,1,1,2700120,1000000
2024MU0002757,1,1841.43,34,2,2,1,13,10677,88,8000,3,3,1,5,1,2700110,1000000
2024MU0002758,1,1841.43,18,1,1,1,19,164904,501,1000,3,2,1,1,2,2700112,1000000
2024MU0002759,1,1841.43,21,1,3,1,15,20020,166,6000,1,5,1,5,1,2700104,1000000
2024MU0002760,1,1841.43,21,2,6,1,14,12489,104,5000,1,1,1,5,1,2700107,1000000
2024MU0002761,1,1841.43,31,1,1,1,17,183288,501,6000,3,1,1,1,1,2700118,1000000
2024MU0002762,1,1841.43,9,1,1,1,9,29211,243,0,0,6,1,5,1,2700116,1000000
2024MU0002763,1,1841.43,21,2,3,1,11,38570,321,5000,1,1,1,5,1,2700116,1000000
2024MU0002764,1,1841.43,16,2,1,1,19,49716,414,0,0,6,2,5,1,2700115,1000000
2024MU0002765,1,1841.43,18,2,3,1,11,25054,208,7000,4,1,1,5,1,2700107,1000000
2024MU0002766,1,1841.43,26,2,1,1,9,33370,278,9800,3,1,1,1,1,2700111,1000000
2024MU0002767,1,1841.43,16,1,3,1,17,153575,501,0,0,6,1,5,1,2700120,1000000
2024MU0002768,1,1841.43,3,1,2,1,6,9666,80,0,0,6,1,5,1,2700103,1000000
2024MU0002769,1,1841.43,9,1,1,1,6,3477,28,0,0,6,1,5,1,2700119,1000000
2024MU0002770,1,1841.43,6,2,3,1,1,2125,17,0,0,6,1,5,1,2700104,1000000
2024MU0002771,1,1841.43,38,2,2,1,7,1960,16,6000,1,1,1,5,1,2700106,1000000
2024MU0002772,1,1841.43,7,1,1,1,8,6875,57,0,0,6,5,5,1,2700105,1000000
2024MU0002773,1,1841.43,17,1,2,1,11,22069,183,0,0,6,1,5,1,2700106,1000000
2024MU0002774,1,1841.43,18,1,2,1,11,18358,152,4000,2,1,1,1,1,2700110,1000000
2024MU0002775,1,1841.43,10,2,1,1,7,609,5,0,0,6,1,5,1,2700110,1000000
2024MU0002776,1,1841.43,38,2,9,1,12,18064,150,7000,1,4,1,1,1,2700119,1000000
2024MU0002777,1,1841.43,26,1,3,1,9,40677,338,5000,4,1,1,5,1,2700100,1000000
2024MU0002778,1,1841.43,47,2,1,1,6,66885,501,9800,1,1,1,3,1,2700114,1000000
2024MU0002779,1,1841.43,10,2,5,1,7,3833,31,0,0,6,1,5,1,2700103,1000000
2024MU0002780,1,1841.43,19,1,1,1,20,102928,501,3000,1,1,1,5,1,2700118,1000000
2024MU0002781,1,1841.43,13,2,3,1,1,1751,14,0,0,6,1,5,1,2700109,1000000
2024MU0002782,1,1841.43,36,1,1,1,11,50378,419,6000,1,1,1,1,1,2700105,1000000
2024MU0002783,1,1841.43,28,1,3,1,9,23970,199,9000,4,2,1,1,1,2700107,1000000
2024MU0002784,1,1841.43,10,1,3,1,7,10364,86,0,0,6,1,5,1,2700102,1000000
2024MU0002785,1,1841.43,56,2,3,1,8,8674,72,6000,4,2,1,2,1,2700123,1000000
2024MU0002786,1,1841.43,46,2,1,1,11,140959,501,9800,4,1,1,1,1,2700101,1000000
2024MU0002787,1,1841.43,29,1,1,1,11,23422,195,6000,3,1,1,1,1,2700122,1000000
2024MU0002788,1,1841.43,60,2,2,1,8,5676,47,9800,4,2,1,1,1,2700118,1000000
2024MU0002789,1,1841.43,24,1,1,1,18,42407,353,3000,1,2,1,1,1,2700109,1000000
2024MU0002790,1,1841.43,65,2,1,1,7,4059,33,9800,3,2,1,1,1,2700118,1000000
2024MU0002791,1,1841.43,37,2,3,1,15,147954,501,1000,1,1,1,1,1,2700107,1000000
2024MU0002792,1,1841.43,47,1,5,1,8,9841,82,6000,4,1,1,1,1,2700117,1000000
2024MU0002793,1,1841.43,29,1,1,1,7,5544,46,5000,3,5,1,1,1,2700111,1000000
2024MU0002794,1,1841.43,89,2,1,1,7,13611,113,0,0,6,1,1,1,2700115,1000000
2024MU0002795,1,1841.43,30,1,5,1,11,4603,38,7000,4,1,1,1,1,2700108,1000000
2024MU0002796,1,1841.43,11,2,8,1,4,2841,23,0,0,6,5,5,1,2700107,1000000
2024MU0002797,1,1841.43,86,1,2,1,10,7135,59,0,0,6,1,1,1,2700103,1000000
2024MU0002798,1,1841.43,20,2,1,1,15,17586,146,4000,2,1,1,5,2,2700108,1000000
2024MU0002799,1,1841.43,6,1,3,1,7,4870,40,0,0,6,1,5,1,2700100,1000000
2024MU0002800,1,1841.43,10,1,4,1,5,3401,28,0,0,6,1,5,1,2700110,1000000
2024MU0002801,1,1841.43,14,1,1,1,3,3163,26,0,0,6,1,5,1,2700109,1000000
2024MU0002802,1,1841.43,36,2,3,1,7,41519,345,7000,1,1,1,1,1,2700108,1000000
2024MU0002803,1,1841.43,20,1,3,1,18,29373,244,6000,1,1,1,5,1,2700123,1000000
2024MU0002804,1,1841.43,6,1,2,1,1,16998,141,0,0,6,1,5,1,2700123,1000000
2024MU0002805,1,1841.43,56,2,3,1,6,23617,196,6000,4,1,1,1,1,2700100,1000000
2024MU0002806,1,1841.43,39,2,2,1,6,7397,61,9800,1,3,1,1,1,2700107,1000000
2024MU0002807,1,1841.43,25,1,3,1,10,112501,501,6000,1,1,1,1,1,2700116,1000000
2024MU0002808,1,1841.43,10,2,2,1,5,5006,41,0,0,6,1,5,1,2700112,1000000
2024MU0002809,1,1841.43,46,2,1,1,5,71662,501,6000,1,5,1,1,1,2700100,1000000
2024MU0002810,1,1841.43,16,1,3,1,15,25244,210,0,0,6,1,5,1,2700101,1000000
2024MU0002811,1,1841.43,50,1,3,1,8,16610,138,6000,1,2,1,1,2,2700101,1000000
2024MU0002812,1,1841.43,14,2,9,1,6,5663,47,0,0,6,1,5,1,2700113,1000000
2024MU0002813,1,1841.43,38,2,2,1,15,107093,501,4000,1,1,1,5,1,2700120,1000000
2024MU0002814,1,1841.43,19,1,1,1,17,63524,501,3000,3,1,1,5,1,2700122,1000000
2024MU0002815,1,1841.43,29,1,9,1,11,112382,501,9800,1,1,1,1,1,2700121,1000000
2024MU0002816,1,1841.43,41,1,3,1,7,2559,21,9920,1,3,1,1,1,2700103,1000000
2024MU0002817,1,1841.43,17,2,9,1,18,48287,402,0,0,6,1,5,1,2700100,1000000
2024MU0002818,1,1841.43,38,1,1,1,9,23299,194,5000,3,1,1,5,1,2700104,1000000
2024MU0002819,1,1841.43,5,1,1,1,4,503,4,0,0,6,1,5,1,2700103,1000000
2024MU0002820,1,1841.43,6,2,1,1,8,6061,50,0,0,6,1,5,1,2700121,1000000
2024MU0002821,1,1841.43,49,2,5,1,18,161762,501,2000,1,1,1,2,1,2700104,1000000
2024MU0002822,1,1841.43,24,1,8,1,19,223444,501,3000,2,1,1,5,1,2700119,1000000
2024MU0002823,1,1841.43,39,1,2,1,20,287171,501,3000,1,1,1,1,1,2700120,1000000
2024MU0002824,1,1841.43,12,1,1,1,7,8071,67,0,0,6,1,5,1,2700102,1000000
2024MU0002825,1,1841.43,2,1,1,1,6,2473,20,0,0,6,1,5,1,2700123,1000000
2024MU0002826,1,1841.43,11,2,3,1,3,4947,41,0,0,6,1,5,1,2700100,1000000
2024MU0002827,1,1841.43,2,2,2,1,9,17760,148,0,0,6,1,5,1,2700114,1000000
2024MU0002828,1,1841.43,14,1,3,1,7,11829,98,0,0,6,1,5,1,2700120,1000000
2024MU0002829,1,1841.43,57,1,1,1,7,13836,115,6000,1,1,1,1,1,2700115,1000000
2024MU0002830,1,1841.43,22,2,2,1,15,69465,501,6000,1,1,1,1,1,2700110,1000000
2024MU0002831,1,1841.43,24,2,1,1,11,27950,232,9000,4,1,1,5,1,2700105,1000000
2024MU0002832,1,1841.43,3,1,3,1,9,4724,39,0,0,6,1,5,1,2700118,1000000
2024MU0002833,1,1841.43,2,2,2,1,5,7418,61,0,0,6,1,5,1,2700118,1000000
2024MU0002834,1,1841.43,6,2,8,1,3,1249,10,0,0,6,1,5,1,2700105,1000000
2024MU0002835,1,1841.43,17,1,3,1,13,14324,119,0,0,6,1,5,1,2700123,1000000
2024MU0002836,1,1841.43,56,2,2,1,19,207375,501,4000,1,1,1,1,1,2700117,1000000
2024MU0002837,1,1841.43,19,2,1,1,16,11677,97,4000,3,1,1,5,1,2700111,1000000
2024MU0002838,1,1841.43,14,2,8,1,4,1213,10,0,0,6,1,5,1,2700109,1000000
2024MU0002839,1,1841.43,31,2,1,1,11,23974,199,6000,4,2,5,5,1,2700122,1000000
2024MU0002840,1,1841.43,7,1,1,1,1,3043,25,0,0,6,1,5,2,2700111,1000000
2024MU0002841,1,1841.43,26,1,9,1,6,34934,291,7000,4,1,1,1,1,2700116,1000000
2024MU0002842,1,1841.43,10,2,3,1,5,3668,30,0,0,6,1,5,1,2700100,1000000
2024MU0002843,1,1841.43,37,2,2,1,11,63886,501,7000,1,1,1,1,1,2700114,1000000
2024MU0002844,1,1841.43,23,2,1,1,14,70507,501,9000,1,1,1,5,2,2700111,1000000
2024MU0002845,1,1841.43,84,1,5,1,8,15762,131,0,0,6,1,1,1,2700117,1000000
2024MU0002846,1,1841.43,9,2,1,1,1,3985,33,0,0,6,1,5,1,2700104,1000000
2024MU0002847,1,1841.43,43,1,1,1,16,77575,501,6000,1,1,2,1,1,2700100,1000000
2024MU0002848,1,1841.43,8,1,1,1,3,5973,49,0,0,6,1,5,1,2700105,1000000
2024MU0002849,1,1841.43,5,1,1,1,1,2315,19,0,0,6,1,5,1,2700101,1000000
2024MU0002850,1,1841.43,40,1,9,1,6,68470,501,7000,1,2,1,1,1,2700111,1000000
2024MU0002851,1,1841.43,13,1,3,1,1,8024,66,0,0,6,1,5,1,2700110,1000000
2024MU0002852,1,1841.43,28,2,3,1,7,12629,105,6000,6,1,1,1,1,2700108,1000000
2024MU0002853,1,1841.43,25,1,9,1,10,41594,346,6000,1,1,1,1,1,2700111,1000000
2024MU0002854,1,1841.43,8,1,1,1,6,4622,38,0,0,6,1,5,1,2700113,1000000
2024MU0002855,1,1841.43,7,1,1,1,3,2985,24,0,0,6,1,5,1,2700106,1000000
2024MU0002856,1,1841.43,29,1,3,1,10,41187,343,8000,1,1,1,5,1,2700116,1000000
2024MU0002857,1,1841.43,18,2,2,1,19,52816,440,3000,3,1,1,5,1,2700119,1000000
2024MU0002858,1,1841.43,33,1,2,1,9,169059,501,7000,1,1,1,1,1,2700100,1000000
2024MU0002859,1,1841.43,1,1,1,1,6,2302,19,0,0,6,1,5,1,2700106,1000000
2024MU0002860,1,1841.43,9,2,2,1,2,6021,50,0,0,6,1,5,1,2700104,1000000
2024MU0002861,1,1841.43,37,2,1,1,7,8571,71,6000,1,1,1,1,1,2700104,1000000
2024MU0002862,1,1841.43,28,2,1,1,10,16674,138,9800,6,1,1,1,1,2700108,1000000
2024MU0002863,1,1841.43,19,2,1,1,13,3120,26,9000,1,1,1,5,1,2700122,1000000
2024MU0002864,1,1841.43,5,2,1,1,8,5570,46,0,0,6,1,5,2,2700103,1000000
2024MU0002865,1,1841.43,31,1,2,1,6,10470,87,5000,4,3,1,5,2,2700100,1000000
2024MU0002866,1,1841.43,36,2,1,1,12,93031,501,6000,1,1,1,5,1,2700119,1000000
2024MU0002867,1,1841.43,14,2,9,1,5,5578,46,0,0,6,1,5,1,2700107,1000000
2024MU0002868,1,1841.43,59,2,9,1,5,15041,125,8000,3,1,1,5,2,2700100,1000000
2024MU0002869,1,1841.43,29,2,3,1,13,10823,90,7000,1,1,1,1,1,2700109,1000000
2024MU0002870,1,1841.43,25,2,9,1,11,43751,364,6000,3,1,5,1,1,2700106,1000000
2024MU0002871,1,1841.43,51,1,9,1,11,22845,190,9000,1,1,1,5,1,2700105,1000000
2024MU0002872,1,1841.43,13,1,2,1,7,1273,10,0,0,6,1,5,1,2700102,1000000
2024MU0002873,1,1841.43,83,2,2,1,6,9426,78,0,0,6,1,1,1,2700109,1000000
2024MU0002874,1,1841.43,17,1,9,1,15,13919,115,0,0,6,1,5,1,2700106,1000000
2024MU0002875,1,1841.43,35,1,3,1,9,10082,84,4000,1,1,1,1,1,2700107,1000000
2024MU0002876,1,1841.43,5,2,1,1,3,11313,94,0,0,6,1,5,1,2700101,1000000
2024MU0002877,1,1841.43,11,1,3,1,1,2559,21,0,0,6,1,5,1,2700107,1000000
2024MU0002878,1,1841.43,41,1,1,1,17,41590,346,4000,1,1,1,1,1,2700109,1000000
2024MU0002879,1,1841.43,30,2,1,1,10,22214,185,6000,1,2,1,5,1,2700121,1000000
2024MU0002880,1,1841.43,55,2,1,1,5,7503,62,5000,4,1,1,3,1,2700113,1000000
2024MU0002881,1,1841.43,13,1,1,1,1,10010,83,0,0,6,1,5,1,2700104,1000000
2024MU0002882,1,1841.43,9,2,1,1,3,1059,8,0,0,6,1,5,1,2700112,1000000
2024MU0002883,1,1841.43,59,1,8,1,5,4577,38,7000,4,2,1,1,1,2700109,1000000
2024MU0002884,1,1841.43,20,1,1,1,14,21640,180,5000,3,1,1,1,1,2700120,1000000
2024MU0002885,1,1841.43,21,1,1,1,11,7952,66,6000,1,1,1,5,1,2700122,1000000
2024MU0002886,1,1841.43,35,2,1,1,5,19238,160,8000,6,5,1,1,1,2700119,1000000
2024MU0002887,1,1841.43,2,1,3,1,6,2706,22,0,0,6,1,5,1,2700111,1000000
2024MU0002888,1,1841.43,28,1,9,1,16,265454,501,6000,3,5,5,1,1,2700109,1000000
2024MU0002889,1,1841.43,6,2,1,1,4,1428,11,0,0,6,1,5,1,2700100,1000000
2024MU0002890,1,1841.43,80,1,1,1,10,22122,184,0,0,6,1,4,1,2700120,1000000
2024MU0002891,1,1841.43,19,2,2,1,10,31197,259,8000,1,1,1,5,1,2700106,1000000
2024MU0002892,1,1841.43,60,2,3,1,10,27931,232,6000,4,1,1,1,1,2700109,1000000
2024MU0002893,1,1841.43,17,2,1,1,11,6427,53,0,0,6,1,5,1,2700116,1000000
2024MU0002894,1,1841.43,40,2,1,1,13,74555,501,6000,3,4,1,1,1,2700104,1000000
2024MU0002895,1,1841.43,43,1,2,1,14,88006,501,6000,1,1,1,5,1,2700115,1000000
2024MU0002896,1,1841.43,77,1,1,1,10,10372,86,0,0,6,1,1,1,2700100,1000000
2024MU0002897,1,1841.43,30,2,8,1,15,284827,501,3000,1,4,1,1,1,2700109,1000000
2024MU0002898,1,1841.43,36,2,1,1,12,45169,376,5000,6,1,1,1,1,2700112,1000000
2024MU0002899,1,1841.43,42,1,1,1,7,24084,200,5000,1,4,1,1,1,2700122,1000000
2024MU0002900,1,1841.43,7,2,5,1,5,13182,109,0,0,6,1,5,1,2700116,1000000
2024MU0002901,1,1841.43,37,1,5,1,10,74642,501,7000,3,1,1,1,1,2700109,1000000
2024MU0002902,1,1841.43,21,2,1,1,10,10892,90,8000,1,5,1,5,1,2700118,1000000
2024MU0002903,1,1841.43,48,2,9,1,9,27233,226,7000,3,1,1,1,1,2700109,1000000
2024MU0002904,1,1841.43,40,2,3,1,11,290185,501,9800,1,1,1,1,2,2700117,1000000
2024MU0002905,1,1841.43,42,2,1,1,5,8527,71,5000,1,1,1,1,1,2700107,1000000
2024MU0002906,1,1841.43,19,2,2,1,16,35843,298,6000,4,1,1,5,1,2700115,1000000
2024MU0002907,1,1841.43,42,1,1,1,11,62274,501,7000,4,1,1,1,2,2700119,1000000
2024MU0002908,1,1841.43,21,2,1,1,12,16093,134,5000,4,3,1,5,1,2700102,1000000
2024MU0002909,1,1841.43,20,2,1,1,14,48321,402,9800,1,1,1,5,1,2700111,1000000
2024MU0002910,1,1841.43,15,2,3,1,20,61072,501,0,0,6,1,5,1,2700105,1000000
2024MU0002911,1,1841.43,31,2,5,1,16,111891,501,4000,1,1,1,5,1,2700116,1000000
2024MU0002912,1,1841.43,16,1,2,1,14,32293,269,0,0,6,1,5,1,2700116,1000000
2024MU0002913,1,1841.43,25,2,1,1,9,26416,220,6000,1,1,1,1,1,2700115,1000000
2024MU0002914,1,1841.43,20,2,2,1,12,20115,167,5000,3,5,1,1,1,2700115,1000000
2024MU0002915,1,1841.43,10,1,3,1,1,4682,39,0,0,6,1,5,1,2700122,1000000
2024MU0002916,1,1841.43,37,1,4,1,9,83033,501,6000,4,1,1,1,1,2700122,1000000
2024MU0002917,1,1841.43,4,2,1,1,8,7160,59,0,0,6,2,5,1,2700107,1000000
2024MU0002918,1,1841.43,22,1,3,1,20,130001,501,4000,2,1,1,1,1,2700122,1000000
2024MU0002919,1,1841.43,0,1,2,1,7,916,7,0,0,6,1,5,1,2700115,1000000
2024MU0002920,1,1841.43,22,1,3,1,14,9001,75,6000,4,2,1,5,1,2700120,1000000
2024MU0002921,1,1841.43,28,2,1,1,7,2451,20,9920,1,2,1,5,1,2700122,1000000
2024MU0002922,1,1841.43,38,2,1,1,12,40883,340,6000,3,1,1,1,1,2700117,1000000
2024MU0002923,1,1841.43,11,1,2,1,5,610,5,0,0,6,1,5,1,2700122,1000000
2024MU0002924,1,1841.43,1,2,8,1,4,3526,29,0,0,6,1,5,1,2700121,1000000
2024MU0002925,1,1841.43,46,2,3,1,11,47856,398,5000,1,1,1,1,1,2700123,1000000
2024MU0002926,1,1841.43,36,1,9,1,14,79354,501,5000,1,1,1,1,1,2700112,1000000
2024MU0002927,1,1841.43,20,1,1,1,17,40080,334,4000,1,1,1,5,1,2700106,1000000
2024MU0002928,1,1841.43,45,2,2,1,9,81931,501,5000,3,2,1,5,1,2700111,1000000
2024MU0002929,1,1841.43,15,1,2,1,18,37963,316,0,0,6,1,5,1,2700122,1000000
2024MU0002930,1,1841.43,26,2,3,1,5,8250,68,9000,1,2,2,1,1,2700121,1000000
2024MU0002931,1,1841.43,46,1,5,1,11,40462,337,5000,1,1,1,1,2,2700116,1000000
2024MU0002932,1,1841.43,27,1,6,1,8,5407,45,9800,1,1,1,5,1,2700112,1000000
2024MU0002933,1,1841.43,34,2,3,1,9,51122,426,9800,1,1,1,5,1,2700105,1000000
2024MU0002934,1,1841.43,23,1,3,1,11,9584,79,6000,4,1,1,1,1,2700115,1000000
2024MU0002935,1,1841.43,6,2,9,1,2,9403,78,0,0,6,5,5,1,2700113,1000000
2024MU0002936,1,1841.43,39,1,2,1,20,147860,501,4000,2,4,1,5,1,2700106,1000000
2024MU0002937,1,1841.43,18,1,5,1,14,12133,101,9800,3,1,1,5,1,2700117,1000000
2024MU0002938,1,1841.43,37,1,8,1,17,143660,501,4000,1,1,1,3,1,2700118,1000000
2024MU0002939,1,1841.43,23,1,2,1,12,65562,501,6000,1,1,1,5,1,2700106,1000000
2024MU0002940,1,1841.43,33,1,3,1,8,4177,34,7000,4,4,1,1,2,2700106,1000000
2024MU0002941,1,1841.43,38,1,2,1,11,34700,289,9000,6,1,1,1,1,2700116,1000000
2024MU0002942,1,1841.43,24,2,1,1,14,42691,355,6000,1,1,1,5,1,2700101,1000000
2024MU0002943,1,1841.43,75,2,3,1,8,27113,225,6000,1,1,1,1,1,2700113,1000000
2024MU0002944,1,1841.43,23,1,1,1,14,28273,235,5000,1,1,1,5,2,2700110,1000000
2024MU0002945,1,1841.43,51,2,2,1,12,23955,199,6000,3,5,1,1,1,2700108,1000000
2024MU0002946,1,1841.43,44,1,7,1,9,180090,501,4000,1,1,1,1,1,2700106,1000000
2024MU0002947,1,1841.43,31,1,1,1,12,76428,501,6000,6,1,1,1,1,2700102,1000000
2024MU0002948,1,1841.43,48,2,1,1,8,48109,400,7000,3,1,1,1,1,2700122,1000000
2024MU0002949,1,1841.43,69,1,3,1,9,7786,64,6000,1,1,1,1,1,2700123,1000000
2024MU0002950,1,1841.43,8,1,1,1,6,6081,50,0,0,6,1,5,1,2700107,1000000
2024MU0002951,1,1841.43,59,1,2,1,8,5615,46,5000,3,1,1,1,1,2700117,1000000
2024MU0002952,1,1841.43,8,2,2,1,3,1410,11,0,0,6,1,5,1,2700103,1000000
2024MU0002953,1,1841.43,10,2,1,1,5,6383,53,0,0,6,1,5,1,2700112,1000000
2024MU0002954,1,1841.43,12,1,1,1,8,6751,56,0,0,6,1,5,1,2700115,1000000
2024MU0002955,1,1841.43,3,1,8,1,2,2725,22,0,0,6,1,5,1,2700120,1000000
2024MU0002956,1,1841.43,26,2,1,1,14,79164,501,7000,6,2,1,1,1,2700104,1000000
2024MU0002957,1,1841.43,26,2,2,1,11,22438,186,9800,4,1,1,1,1,2700100,1000000
2024MU0002958,1,1841.43,33,1,9,1,11,36074,300,6000,1,2,1,5,1,2700113,1000000
2024MU0002959,1,1841.43,20,1,5,1,20,58571,488,2000,1,4,1,5,1,2700104,1000000
2024MU0002960,1,1841.43,21,1,1,1,16,25597,213,3000,1,4,1,5,1,2700113,1000000
2024MU0002961,1,1841.43,36,1,2,1,15,254913,501,6000,4,1,1,1,1,2700119,1000000
2024MU0002962,1,1841.43,12,2,3,1,5,1741,14,0,0,6,1,5,1,2700110,1000000
2024MU0002963,1,1841.43,17,1,3,1,13,6425,53,0,0,6,2,5,1,2700100,1000000
2024MU0002964,1,1841.43,59,1,4,1,11,15772,131,7000,3,1,1,1,1,2700103,1000000
2024MU0002965,1,1841.43,31,2,2,1,17,366748,501,2000,3,1,1,1,1,2700118,1000000
2024MU0002966,1,1841.43,21,2,1,1,18,24375,203,5000,1,1,1,5,1,2700106,1000000
2024MU0002967,1,1841.43,1,2,2,1,2,2167,18,0,0,6,1,5,1,2700111,1000000
2024MU0002968,1,1841.43,98,1,3,1,6,5308,44,0,0,6,1,5,1,2700112,1000000
2024MU0002969,1,1841.43,36,2,3,1,11,78957,501,5000,6,1,1,2,1,2700117,1000000
2024MU0002970,1,1841.43,24,2,1,1,15,117608,501,1000,1,1,1,5,1,2700103,1000000
2024MU0002971,1,1841.43,10,1,1,1,2,2529,21,0,0,6,1,5,1,2700109,1000000
2024MU0002972,1,1841.43,34,2,9,1,8,11645,97,6000,1,1,1,1,1,2700123,1000000
2024MU0002973,1,1841.43,10,2,1,1,6,1250,10,0,0,6,1,5,1,2700108,1000000
2024MU0002974,1,1841.43,13,2,1,1,6,4478,37,0,0,6,1,5,1,2700120,1000000
2024MU0002975,1,1841.43,7,1,4,1,7,11179,93,0,0,6,1,5,1,2700123,1000000
2024MU0002976,1,1841.43,59,1,2,1,15,69628,501,3000,1,1,1,1,1,2700114,1000000
2024MU0002977,1,1841.43,36,1,1,1,9,68008,501,8000,1,1,1,5,1,2700114,1000000
2024MU0002978,1,1841.43,43,1,2,1,13,28993,241,7000,6,1,1,1,1,2700113,1000000
2024MU0002979,1,1841.43,5,2,3,1,6,1668,13,0,0,6,1,5,1,2700112,1000000
2024MU0002980,1,1841.43,43,1,2,1,16,178169,501,5000,1,1,1,1,1,2700121,1000000
2024MU0002981,1,1841.43,23,2,8,1,13,150273,501,7000,1,1,1,5,1,2700101,1000000
2024MU0002982,1,1841.43,50,1,1,1,7,20634,171,7000,6,2,1,1,1,2700122,1000000
2024MU0002983,1,1841.43,7,1,3,1,6,2878,23,0,0,6,1,5,1,2700109,1000000
2024MU0002984,1,1841.43,3,2,1,1,8,3030,25,0,0,6,1,5,1,2700101,1000000
2024MU0002985,1,1841.43,15,1,2,1,18,93110,501,0,0,6,1,5,1,2700109,1000000
2024MU0002986,1,1841.43,27,2,3,1,13,36016,300,7000,4,1,1,1,1,2700106,1000000
2024MU0002987,1,1841.43,54,2,1,1,8,7239,60,7000,1,1,1,1,1,2700109,1000000
2024MU0002988,1,1841.43,38,1,3,1,13,41721,347,3000,1,5,1,1,1,2700106,1000000
2024MU0002989,1,1841.43,46,1,1,1,12,50661,422,8000,4,1,1,1,1,2700100,1000000
2024MU0002990,1,1841.43,88,1,1,1,10,25217,210,0,0,6,1,3,1,2700108,1000000
2024MU0002991,1,1841.43,21,2,2,1,16,73368,501,6000,1,1,1,1,1,2700109,1000000
2024MU0002992,1,1841.43,22,1,3,1,10,70968,501,6000,1,1,1,5,2,2700114,1000000
2024MU0002993,1,1841.43,14,2,1,1,6,4696,39,0,0,6,1,5,1,2700112,1000000
2024MU0002994,1,1841.43,1,1,8,1,4,3877,32,0,0,6,1,5,1,2700121,1000000
2024MU0002995,1,1841.43,10,2,1,1,9,14374,119,0,0,6,1,5,1,2700122,1000000
2024MU0002996,1,1841.43,58,2,1,1,10,23723,197,6000,1,1,1,1,1,2700102,1000000
2024MU0002997,1,1841.43,19,2,1,1,16,53318,444,1000,1,1,1,1,1,2700113,1000000
2024MU0002998,1,1841.43,36,1,1,1,20,215471,501,4000,1,4,1,5,1,2700110,1000000
2024MU0002999,1,1841.43,37,1,1,1,6,23742,197,9920,4,1,1,5,1,2700123,1000000
2024MU0003000,1,1841.43,50,1,4,1,7,52606,438,9800,4,1,1,1,1,2700118,1000000
2024MU0003001,1,1841.43,53,2,2,1,11,53474,445,5000,4,3,1,1,1,2700121,1000000
2024MU0003002,1,1841.43,88,1,2,1,6,8033,66,0,0,6,1,1,1,2700107,1000000
2024MU0003003,1,1841.43,37,2,9,1,9,30337,252,9800,4,1,1,1,1,2700113,1000000
2024MU0003004,1,1841.43,32,2,2,1,16,113037,501,1000,2,1,1,1,1,2700112,1000000
2024MU0003005,1,1841.43,50,2,1,1,10,16395,136,6000,3,1,1,1,1,2700115,1000000
2024MU0003006,1,1841.43,21,1,1,1,11,15823,131,7000,4,4,1,5,1,2700101,1000000
2024MU0003007,1,1841.43,40,2,1,1,8,2906,24,9800,3,1,1,5,1,2700123,1000000
2024MU0003008,1,1841.43,6,1,2,1,1,8697,72,0,0,6,1,5,1,2700104,1000000
2024MU0003009,1,1841.43,23,1,1,1,15,122500,501,5000,3,1,1,5,1,2700120,1000000
2024MU0003010,1,1841.43,54,1,2,1,6,14451,120,9800,4,2,1,1,2,2700107,1000000
2024MU0003011,1,1841.43,31,1,3,1,15,86035,501,6000,1,1,1,1,1,2700101,1000000
2024MU0003012,1,1841.43,19,1,4,1,15,29327,244,4000,2,2,1,5,1,2700110,1000000
2024MU0003013,1,1841.43,29,1,3,1,6,2585,21,9800,6,2,1,5,1,2700118,1000000
2024MU0003014,1,1841.43,19,2,1,1,13,19393,161,4000,1,5,1,1,1,2700108,1000000
2024MU0003015,1,1841.43,62,1,1,1,8,11718,97,7000,3,4,1,5,1,2700112,1000000
2024MU0003016,1,1841.43,43,2,2,1,8,53879,448,5000,1,1,1,1,1,2700108,1000000
2024MU0003017,1,1841.43,28,1,1,1,11,38225,318,9800,4,1,1,1,1,2700108,1000000
2024MU0003018,1,1841.43,42,1,1,1,14,51242,427,9800,3,4,1,1,1,2700118,1000000
2024MU0003019,1,1841.43,59,1,2,1,8,18412,153,5000,3,1,1,5,1,2700116,1000000
2024MU0003020,1,1841.43,52,2,1,1,8,6121,51,8000,1,1,2,1,1,2700115,1000000
2024MU0003021,1,1841.43,1,1,4,1,7,2794,23,0,0,6,1,5,1,2700122,1000000
2024MU0003022,1,1841.43,28,1,1,1,9,31885,265,6000,4,1,1,1,1,2700100,1000000
2024MU0003023,1,1841.43,29,1,9,1,6,8390,69,6000,1,1,1,5,1,2700109,1000000
2024MU0003024,1,1841.43,74,1,4,1,5,4211,35,7000,3,2,1,5,1,2700105,1000000
2024MU0003025,1,1841.43,51,2,1,1,16,83329,501,2000,1,1,1,1,1,2700102,1000000
2024MU0003026,1,1841.43,17,1,2,1,19,60967,501,0,0,6,1,5,1,2700118,1000000
2024MU0003027,1,1841.43,42,1,3,1,7,102468,501,5000,3,5,1,1,1,2700114,1000000
2024MU0003028,1,1841.43,22,2,3,1,15,64966,501,4000,1,1,1,5,1,2700122,1000000
2024MU0003029,1,1841.43,91,1,2,1,5,3885,32,0,0,6,2,5,1,2700116,1000000
2024MU0003030,1,1841.43,72,2,2,1,9,16316,135,3000,2,1,1,5,1,2700107,1000000
2024MU0003031,1,1841.43,74,2,2,1,5,22206,185,8000,4,1,1,5,1,2700121,1000000
2024MU0003032,1,1841.43,23,2,1,1,10,87379,501,6000,1,5,1,5,1,2700123,1000000
2024MU0003033,1,1841.43,1,1,9,1,7,19059,158,0,0,6,1,5,1,2700105,1000000
2024MU0003034,1,1841.43,27,2,1,1,9,30319,252,9800,1,4,2,1,1,2700119,1000000
2024MU0003035,1,1841.43,12,1,1,1,2,6696,55,0,0,6,1,5,1,2700111,1000000
2024MU0003036,1,1841.43,28,2,1,1,15,42059,350,4000,1,5,1,5,1,2700100,1000000
2024MU0003037,1,1841.43,61,1,6,1,10,28355,236,9000,6,5,1,2,1,2700103,1000000
2024MU0003038,1,1841.43,13,1,3,1,6,1642,13,0,0,6,1,5,1,2700106,1000000
2024MU0003039,1,1841.43,58,2,4,1,15,131131,501,2000,2,3,5,1,1,2700101,1000000
2024MU0003040,1,1841.43,19,1,5,1,15,30305,252,3000,2,4,1,5,1,2700123,1000000
2024MU0003041,1,1841.43,20,2,5,1,12,12763,106,9800,6,1,1,5,1,2700110,1000000
2024MU0003042,1,1841.43,1,2,3,1,1,2036,16,0,0,6,1,5,1,2700108,1000000
2024MU0003043,1,1841.43,30,1,1,1,9,79047,501,6000,1,1,1,1,1,2700100,1000000
2024MU0003044,1,1841.43,9,1,1,1,1,584,4,0,0,6,1,5,1,2700111,1000000
2024MU0003045,1,1841.43,3,1,3,1,5,3276,27,0,0,6,1,5,1,2700107,1000000
2024MU0003046,1,1841.43,16,2,2,1,10,10110,84,0,0,6,5,5,1,2700112,1000000
2024MU0003047,1,1841.43,30,1,3,1,10,10585,88,6000,3,3,1,1,1,2700118,1000000
2024MU0003048,1,1841.43,64,2,2,1,5,18165,151,9920,3,1,1,1,1,2700119,1000000
2024MU0003049,1,1841.43,17,2,3,1,14,9650,80,0,0,6,1,5,1,2700105,1000000
2024MU0003050,1,1841.43,7,2,1,1,6,6278,52,0,0,6,1,5,1,2700120,1000000
2024MU0003051,1,1841.43,24,2,1,1,14,117799,501,3000,3,3,1,5,1,2700103,1000000
2024MU0003052,1,1841.43,8,2,3,1,3,5196,43,0,0,6,1,5,1,2700121,1000000
2024MU0003053,1,1841.43,35,1,1,1,20,387957,501,3000,1,2,1,1,1,2700122,1000000
2024MU0003054,1,1841.43,50,1,3,1,11,95479,501,5000,1,1,1,2,1,2700110,1000000
2024MU0003055,1,1841.43,57,1,2,1,9,51247,427,6000,1,4,1,1,1,2700111,1000000
2024MU0003056,1,1841.43,13,2,9,1,5,2004,16,0,0,6,1,5,1,2700108,1000000
2024MU0003057,1,1841.43,51,2,5,1,10,11520,96,5000,1,2,1,1,1,2700101,1000000
2024MU0003058,1,1841.43,45,2,2,1,5,21629,180,5000,3,1,1,1,1,2700111,1000000
2024MU0003059,1,1841.43,33,2,3,1,6,11638,96,7000,1,1,1,1,1,2700115,1000000
2024MU0003060,1,1841.43,16,1,1,1,16,63971,501,0,0,6,1,5,1,2700115,1000000
2024MU0003061,1,1841.43,10,1,2,1,4,2740,22,0,0,6,1,5,1,2700103,1000000
2024MU0003062,1,1841.43,41,1,3,1,5,15849,132,9800,1,1,1,1,1,2700117,1000000
2024MU0003063,1,1841.43,6,1,3,1,3,1585,13,0,0,6,1,5,1,2700107,1000000
2024MU0003064,1,1841.43,5,2,2,1,2,3044,25,0,0,6,1,5,1,2700103,1000000
2024MU0003065,1,1841.43,1,1,1,1,8,1885,15,0,0,6,1,5,1,2700112,1000000
2024MU0003066,1,1841.43,9,2,5,1,3,2028,16,0,0,6,1,5,1,2700117,1000000
2024MU0003067,1,1841.43,15,2,1,1,12,10499,87,0,0,6,1,5,1,2700102,1000000
2024MU0003068,1,1841.43,16,1,5,1,16,20575,171,0,0,6,1,5,1,2700105,1000000
2024MU0003069,1,1841.43,15,1,3,1,15,143425,501,0,0,6,1,5,2,2700109,1000000
2024MU0003070,1,1841.43,21,1,2,1,15,48901,407,6000,6,1,1,5,1,2700104,1000000
2024MU0003071,1,1841.43,45,1,1,1,9,93113,501,8000,6,2,1,1,1,2700114,1000000
2024MU0003072,1,1841.43,51,2,1,1,9,33603,280,6000,1,4,1,1,1,2700111,1000000
2024MU0003073,1,1841.43,43,1,8,1,12,46926,391,9000,4,1,1,1,1,2700106,1000000
2024MU0003074,1,1841.43,39,2,5,1,8,11369,94,8000,4,1,1,3,1,2700115,1000000
2024MU0003075,1,1841.43,6,2,3,1,4,32713,272,0,0,6,1,5,1,2700101,1000000
2024MU0003076,1,1841.43,24,1,2,1,20,150606,501,3000,1,1,1,5,1,2700110,1000000
2024MU0003077,1,1841.43,35,2,3,1,8,9890,82,5000,1,2,1,1,1,2700109,1000000
2024MU0003078,1,1841.43,0,2,2,1,3,2192,18,0,0,6,1,5,1,2700114,1000000
2024MU0003079,1,1841.43,45,2,3,1,6,20964,174,9800,1,3,1,1,1,2700123,1000000
2024MU0003080,1,1841.43,55,1,1,1,5,41640,347,8000,1,1,1,1,1,2700117,1000000
2024MU0003081,1,1841.43,24,1,5,1,13,62176,501,9800,4,1,1,5,1,2700105,1000000
2024MU0003082,1,1841.43,25,1,3,1,5,5835,48,9800,1,3,1,1,1,2700119,1000000
2024MU0003083,1,1841.43,24,1,1,1,12,16817,140,6000,3,1,2,5,1,2700118,1000000
2024MU0003084,1,1841.43,2,2,5,1,4,10862,90,0,0,6,1,5,1,2700102,1000000
2024MU0003085,1,1841.43,3,2,2,1,1,21528,179,0,0,6,1,5,1,2700103,1000000
2024MU0003086,1,1841.43,50,2,1,1,12,32810,273,9000,3,1,1,1,1,2700107,1000000
2024MU0003087,1,1841.43,83,1,1,1,10,42255,352,0,0,6,1,1,1,2700100,1000000
2024MU0003088,1,1841.43,36,1,3,1,10,15616,130,7000,1,1,2,5,1,2700109,1000000
2024MU0003089,1,1841.43,14,2,6,1,9,6036,50,0,0,6,1,5,1,2700111,1000000
2024MU0003090,1,1841.43,11,1,5,1,6,1787,14,0,0,6,1,5,1,2700119,1000000
2024MU0003091,1,1841.43,28,1,3,1,14,38770,323,4000,1,4,1,5,1,2700123,1000000
2024MU0003092,1,1841.43,25,2,1,1,8,9262,77,8000,1,1,1,1,1,2700107,1000000
2024MU0003093,1,1841.43,57,1,1,1,13,42901,357,9800,4,1,1,2,1,2700115,1000000
2024MU0003094,1,1841.43,39,2,1,1,17,246173,501,6000,4,5,1,1,1,2700120,1000000
2024MU0003095,1,1841.43,14,1,6,1,3,2376,19,0,0,6,1,5,1,2700106,1000000
2024MU0003096,1,1841.43,16,2,9,1,17,31332,261,0,0,6,1,5,1,2700118,1000000
2024MU0003097,1,1841.43,15,2,1,1,17,13270,110,0,0,6,1,5,2,2700102,1000000
2024MU0003098,1,1841.43,21,1,4,1,13,24604,205,7000,1,1,1,5,1,2700110,1000000
2024MU0003099,1,1841.43,13,2,3,1,4,9635,80,0,0,6,1,5,1,2700107,1000000
2024MU0003100,1,1841.43,47,1,1,1,5,21414,178,7000,1,1,1,1,1,2700119,1000000
2024MU0003101,1,1841.43,32,2,2,1,7,17646,147,5000,4,1,1,1,1,2700102,1000000
2024MU0003102,1,1841.43,16,1,5,1,11,7628,63,0,0,6,1,5,1,2700110,1000000
2024MU0003103,1,1841.43,57,2,1,1,10,13672,113,6000,1,1,1,1,1,2700111,1000000
2024MU0003104,1,1841.43,4,1,8,1,5,5117,42,0,0,6,1,5,1,2700109,1000000
2024MU0003105,1,1841.43,34,2,1,1,16,186473,501,6000,3,1,1,1,1,2700109,1000000
2024MU0003106,1,1841.43,0,2,1,1,5,20161,168,0,0,6,1,5,1,2700113,1000000
2024MU0003107,1,1841.43,4,1,1,1,3,2925,24,0,0,6,1,5,1,2700111,1000000
2024MU0003108,1,1841.43,10,2,5,1,1,4974,41,0,0,6,1,5,1,2700109,1000000
2024MU0003109,1,1841.43,52,1,2,1,14,79227,501,9000,3,1,1,1,1,2700107,1000000
2024MU0003110,1,1841.43,11,1,4,1,4,10013,83,0,0,6,1,5,1,2700112,1000000
2024MU0003111,1,1841.43,39,2,2,1,13,28186,234,9000,3,1,1,1,1,2700121,1000000
2024MU0003112,1,1841.43,15,2,2,1,10,8960,74,0,0,6,1,5,1,2700119,1000000
2024MU0003113,1,1841.43,51,1,5,1,9,25144,209,9000,1,2,1,1,1,2700114,1000000
2024MU0003114,1,1841.43,66,1,2,1,6,3246,27,9000,6,1,1,1,1,2700116,1000000
2024MU0003115,1,1841.43,16,2,5,1,10,30521,254,0,0,6,1,5,2,2700113,1000000
2024MU0003116,1,1841.43,18,2,1,1,17,30750,256,4000,1,4,1,5,1,2700107,1000000
2024MU0003117,1,1841.43,36,1,3,1,11,41371,344,7000,1,1,1,1,1,2700119,1000000
2024MU0003118,1,1841.43,31,1,3,1,9,51829,431,6000,1,2,1,1,2,2700101,1000000
2024MU0003119,1,1841.43,12,2,8,1,7,4184,34,0,0,6,1,5,1,2700105,1000000
2024MU0003120,1,1841.43,26,2,1,1,10,24888,207,9800,6,5,1,1,1,2700113,1000000
2024MU0003121,1,1841.43,53,2,3,1,5,7264,60,7000,1,1,5,3,1,2700100,1000000
2024MU0003122,1,1841.43,35,1,2,1,17,303000,501,6000,4,1,1,1,1,2700122,1000000
2024MU0003123,1,1841.43,9,2,2,1,3,2539,21,0,0,6,1,5,1,2700105,1000000
2024MU0003124,1,1841.43,1,2,1,1,7,1903,15,0,0,6,1,5,1,2700104,1000000
2024MU0003125,1,1841.43,0,1,1,1,7,3757,31,0,0,6,1,5,1,2700102,1000000
2024MU0003126,1,1841.43,9,2,5,1,2,22517,187,0,0,6,1,5,1,2700106,1000000
2024MU0003127,1,1841.43,14,2,3,1,4,2077,17,0,0,6,1,5,1,2700101,1000000
2024MU0003128,1,1841.43,85,1,2,1,5,11784,98,0,0,6,1,5,1,2700116,1000000
2024MU0003129,1,1841.43,33,2,5,1,9,36676,305,9800,1,2,1,1,1,2700115,1000000
2024MU0003130,1,1841.43,10,2,1,1,6,4874,40,0,0,6,1,5,1,2700101,1000000
2024MU0003131,1,1841.43,61,2,3,1,6,27938,232,9800,1,1,1,5,1,2700119,1000000
2024MU0003132,1,1841.43,30,2,6,1,7,4050,33,5000,4,1,1,5,1,2700111,1000000
2024MU0003133,1,1841.43,20,1,5,1,15,17295,144,2000,3,1,1,5,1,2700119,1000000
2024MU0003134,1,1841.43,28,1,2,1,11,54855,457,6000,4,4,1,1,1,2700115,1000000
2024MU0003135,1,1841.43,17,2,3,1,16,31397,261,0,0,6,1,5,1,2700117,1000000
2024MU0003136,1,1841.43,36,1,2,1,14,50545,421,9800,1,1,1,1,1,2700115,1000000
2024MU0003137,1,1841.43,30,1,6,1,13,71703,501,9800,4,1,5,1,1,2700119,1000000
2024MU0003138,1,1841.43,82,1,2,1,10,9741,81,0,0,6,1,1,1,2700104,1000000
2024MU0003139,1,1841.43,39,1,4,1,8,37286,310,5000,1,1,1,1,1,2700123,1000000
2024MU0003140,1,1841.43,31,2,1,1,12,77355,501,6000,1,3,1,5,1,2700120,1000000
2024MU0003141,1,1841.43,53,1,3,1,8,16165,134,9920,1,1,1,1,1,2700116,1000000
2024MU0003142,1,1841.43,28,1,3,1,18,104582,501,3000,1,1,1,1,1,2700110,1000000
2024MU0003143,1,1841.43,35,2,3,1,10,98499,501,9800,3,5,1,1,1,2700113,1000000
2024MU0003144,1,1841.43,21,2,3,1,20,44316,369,3000,1,1,1,1,1,2700109,1000000
2024MU0003145,1,1841.43,58,2,8,1,12,57696,480,9800,6,2,1,1,1,2700122,1000000
2024MU0003146,1,1841.43,58,2,4,1,11,123136,501,6000,3,1,1,2,1,2700123,1000000
2024MU0003147,1,1841.43,0,2,1,1,4,6691,55,0,0,6,1,5,1,2700113,1000000
2024MU0003148,1,1841.43,14,2,5,1,4,3354,27,0,0,6,1,5,1,2700111,1000000
2024MU0003149,1,1841.43,32,2,1,1,11,220811,501,6000,1,1,1,5,1,2700103,1000000
2024MU0003150,1,1841.43,37,2,3,1,9,51220,426,6000,4,4,1,1,1,2700100,1000000
2024MU0003151,1,1841.43,44,1,8,1,14,115998,501,9800,1,5,5,1,1,2700103,1000000
2024MU0003152,1,1841.43,41,2,1,1,12,32443,270,6000,3,1,1,1,1,2700103,1000000
2024MU0003153,1,1841.43,13,1,6,1,7,9416,78,0,0,6,1,5,1,2700115,1000000
2024MU0003154,1,1841.43,24,1,4,1,14,19818,165,8000,1,4,1,5,1,2700104,1000000
2024MU0003155,1,1841.43,3,1,2,1,1,5191,43,0,0,6,1,5,1,2700115,1000000
2024MU0003156,1,1841.43,27,2,1,1,13,18998,158,7000,1,3,1,1,1,2700107,1000000
2024MU0003157,1,1841.43,21,2,2,1,14,41226,343,9800,3,1,1,5,1,2700119,1000000
2024MU0003158,1,1841.43,29,2,9,1,16,69159,501,3000,2,4,1,1,1,2700116,1000000
2024MU0003159,1,1841.43,40,2,1,1,12,20065,167,6000,1,1,1,1,1,2700116,1000000
2024MU0003160,1,1841.43,4,2,3,1,2,4324,36,0,0,6,1,5,1,2700119,1000000
2024MU0003161,1,1841.43,19,1,1,1,16,40875,340,2000,2,3,1,5,1,2700115,1000000
2024MU0003162,1,1841.43,27,2,1,1,13,28516,237,7000,6,1,1,1,1,2700109,1000000
2024MU0003163,1,1841.43,43,1,4,1,10,24661,205,6000,1,1,1,1,1,2700110,1000000
2024MU0003164,1,1841.43,15,2,1,1,15,55183,459,0,0,6,1,5,1,2700122,1000000
2024MU0003165,1,1841.43,8,1,9,1,3,10974,91,0,0,6,1,5,1,2700120,1000000
2024MU0003166,1,1841.43,8,1,2,1,3,1072,8,0,0,6,1,5,1,2700106,1000000
2024MU0003167,1,1841.43,7,2,2,1,6,1987,16,0,0,6,1,5,1,2700104,1000000
2024MU0003168,1,1841.43,15,2,1,1,10,9744,81,0,0,6,1,5,1,2700108,1000000
2024MU0003169,1,1841.43,1,2,9,1,6,2620,21,0,0,6,1,5,1,2700108,1000000
2024MU0003170,1,1841.43,99,2,1,1,8,10174,84,0,0,6,1,5,1,2700111,1000000
2024MU0003171,1,1841.43,34,1,2,1,17,357184,501,1000,2,2,1,1,1,2700118,1000000
2024MU0003172,1,1841.43,36,2,2,1,20,197178,501,4000,1,4,1,1,1,2700123,1000000
2024MU0003173,1,1841.43,24,2,2,1,16,203391,501,4000,1,1,1,5,1,2700120,1000000
2024MU0003174,1,1841.43,31,1,3,1,10,15591,129,7000,4,1,1,1,1,2700120,1000000
2024MU0003175,1,1841.43,33,1,3,1,11,59957,499,6000,1,1,1,5,1,2700106,1000000
2024MU0003176,1,1841.43,46,1,1,1,7,9962,83,7000,1,1,1,1,1,2700112,1000000
2024MU0003177,1,1841.43,13,2,2,1,1,5871,48,0,0,6,1,5,1,2700100,1000000
2024MU0003178,1,1841.43,44,1,4,1,10,12740,106,3000,1,1,1,1,1,2700116,1000000
2024MU0003179,1,1841.43,10,1,2,1,7,1433,11,0,0,6,1,5,1,2700107,1000000
2024MU0003180,1,1841.43,37,1,1,1,9,60781,501,9800,4,1,1,3,1,2700117,1000000
2024MU0003181,1,1841.43,41,2,1,1,9,28038,233,6000,1,1,1,1,1,2700120,1000000
2024MU0003182,1,1841.43,14,2,1,1,5,3094,25,0,0,6,1,5,1,2700100,1000000
2024MU0003183,1,1841.43,26,2,1,1,16,237667,501,5000,1,1,1,5,1,2700119,1000000
2024MU0003184,1,1841.43,2,1,2,1,2,4474,37,0,0,6,1,5,1,2700120,1000000
2024MU0003185,1,1841.43,9,1,2,1,3,8243,68,0,0,6,1,5,1,2700114,1000000
2024MU0003186,1,1841.43,24,1,1,1,19,108794,501,1000,3,1,5,5,1,2700112,1000000
2024MU0003187,1,1841.43,15,2,3,1,10,4260,35,0,0,6,1,5,1,2700109,1000000
2024MU0003188,1,1841.43,19,1,9,1,16,28214,235,4000,1,2,1,5,2,2700105,1000000
2024MU0003189,1,1841.43,0,1,9,1,5,1216,10,0,0,6,1,5,1,2700123,1000000
2024MU0003190,1,1841.43,45,2,5,1,8,9167,76,9920,1,1,1,1,1,2700121,1000000
2024MU0003191,1,1841.43,26,1,1,1,11,34313,285,6000,1,4,1,1,1,2700102,1000000
2024MU0003192,1,1841.43,59,2,1,1,13,33594,279,5000,1,1,1,1,1,2700112,1000000
2024MU0003193,1,1841.43,30,1,5,1,7,20950,174,5000,3,1,1,5,1,2700115,1000000
2024MU0003194,1,1841.43,47,2,1,1,7,25914,215,9920,3,1,1,1,1,2700104,1000000
2024MU0003195,1,1841.43,95,1,1,1,8,2566,21,0,0,6,1,1,1,2700108,1000000
2024MU0003196,1,1841.43,66,1,2,1,7,3144,26,6000,1,1,1,1,1,2700123,1000000
2024MU0003197,1,1841.43,18,1,1,1,15,8013,66,6000,1,1,1,5,1,2700122,1000000
2024MU0003198,1,1841.43,57,2,5,1,15,79038,501,3000,1,1,1,1,1,2700118,1000000
2024MU0003199,1,1841.43,30,2,4,1,16,184310,501,4000,2,1,1,5,1,2700114,1000000
2024MU0003200,1,1841.43,9,1,4,1,3,13214,110,0,0,6,1,5,1,2700108,1000000
2024MU0003201,1,1841.43,9,2,5,1,3,4667,38,0,0,6,1,5,1,2700114,1000000
2024MU0003202,1,1841.43,36,2,1,1,7,48093,400,7000,4,3,1,1,1,2700113,1000000
2024MU0003203,1,1841.43,18,2,3,1,19,72253,501,1000,2,1,1,1,1,2700118,1000000
2024MU0003204,1,1841.43,8,2,2,1,4,4367,36,0,0,6,1,5,1,2700116,1000000
2024MU0003205,1,1841.43,9,1,3,1,4,2457,20,0,0,6,1,5,2,2700100,1000000
2024MU0003206,1,1841.43,6,2,1,1,7,594,4,0,0,6,1,5,1,2700100,1000000
2024MU0003207,1,1841.43,23,1,3,1,15,164517,501,4000,1,1,1,5,1,2700118,1000000
2024MU0003208,1,1841.43,29,1,9,1,7,10242,85,9000,1,3,1,5,2,2700112,1000000
2024MU0003209,1,1841.43,3,1,1,1,4,12169,101,0,0,6,1,5,1,2700123,1000000
2024MU0003210,1,1841.43,40,2,1,1,10,22417,186,9000,1,1,1,1,1,2700121,1000000
2024MU0003211,1,1841.43,41,2,1,1,11,238588,501,7000,4,1,1,1,1,2700122,1000000
2024MU0003212,1,1841.43,26,2,2,1,12,24408,203,9800,1,1,1,1,1,2700105,1000000
2024MU0003213,1,1841.43,92,2,1,1,5,3839,31,0,0,6,1,1,1,2700115,1000000
2024MU0003214,1,1841.43,37,2,5,1,9,37502,312,9000,4,1,1,5,1,2700116,1000000
2024MU0003215,1,1841.43,41,1,2,1,11,49101,409,5000,1,1,1,1,1,2700111,1000000
2024MU0003216,1,1841.43,11,1,2,1,7,3789,31,0,0,6,1,5,1,2700104,1000000
2024MU0003217,1,1841.43,22,1,3,1,10,20254,168,6000,1,4,1,5,1,2700115,1000000
2024MU0003218,1,1841.43,8,1,2,1,1,946,7,0,0,6,1,5,1,2700110,1000000
2024MU0003219,1,1841.43,27,1,2,1,12,16544,137,5000,6,1,1,1,2,2700106,1000000
2024MU0003220,1,1841.43,43,1,4,1,9,92450,501,5000,1,3,1,1,1,2700113,1000000
2024MU0003221,1,1841.43,1,2,4,1,2,1982,16,0,0,6,1,5,1,2700123,1000000
2024MU0003222,1,1841.43,10,2,1,1,5,1014,8,0,0,6,1,5,1,2700120,1000000
2024MU0003223,1,1841.43,71,2,1,1,12,8673,72,9000,1,2,1,1,1,2700107,1000000
2024MU0003224,1,1841.43,33,2,1,1,12,40956,341,7000,1,1,1,1,1,2700120,1000000
2024MU0003225,1,1841.43,17,1,2,1,14,6403,53,0,0,6,1,5,1,2700100,1000000
2024MU0003226,1,1841.43,27,2,1,1,15,66766,501,4000,1,1,1,1,1,2700120,1000000
2024MU0003227,1,1841.43,27,1,3,1,8,5642,47,9800,3,5,1,5,1,2700100,1000000
2024MU0003228,1,1841.43,50,1,5,1,9,73630,501,6000,6,1,1,1,1,2700103,1000000
2024MU0003229,1,1841.43,3,2,1,1,5,5935,49,0,0,6,1,5,1,2700123,1000000
2024MU0003230,1,1841.43,58,1,3,1,9,171539,501,6000,3,1,1,1,1,2700105,1000000
2024MU0003231,1,1841.43,22,1,2,1,19,131399,501,3000,1,1,1,5,1,2700117,1000000
2024MU0003232,1,1841.43,17,1,2,1,13,8925,74,0,0,6,1,5,1,2700113,1000000
2024MU0003233,1,1841.43,25,2,3,1,6,27547,229,5000,4,1,1,1,1,2700118,1000000
2024MU0003234,1,1841.43,49,2,8,1,15,149780,501,6000,1,1,1,1,1,2700116,1000000
2024MU0003235,1,1841.43,40,1,1,1,7,7548,62,6000,3,1,1,1,1,2700105,1000000
2024MU0003236,1,1841.43,44,2,1,1,8,25020,208,9000,1,1,1,5,1,2700115,1000000
2024MU0003237,1,1841.43,24,1,3,1,15,100185,501,6000,1,1,1,5,1,2700114,1000000
2024MU0003238,1,1841.43,34,1,2,1,18,40378,336,4000,2,1,1,5,1,2700114,1000000
2024MU0003239,1,1841.43,44,1,1,1,9,27623,230,5000,1,1,1,5,1,2700105,1000000
2024MU0003240,1,1841.43,5,2,1,1,4,4667,38,0,0,6,1,5,1,2700118,1000000
2024MU0003241,1,1841.43,4,1,3,1,5,12746,106,0,0,6,1,5,1,2700114,1000000
2024MU0003242,1,1841.43,38,2,1,1,18,180073,501,3000,1,1,1,2,1,2700116,1000000
2024MU0003243,1,1841.43,37,1,9,1,14,29362,244,4000,3,1,1,1,1,2700101,1000000
2024MU0003244,1,1841.43,57,1,2,1,6,7581,63,9800,1,4,1,5,1,2700100,1000000
2024MU0003245,1,1841.43,28,2,1,1,14,50780,423,6000,1,2,1,1,1,2700118,1000000
2024MU0003246,1,1841.43,24,1,3,1,18,18417,153,3000,2,2,1,5,1,2700102,1000000
2024MU0003247,1,1841.43,93,1,1,1,9,10316,85,0,0,6,1,1,1,2700116,1000000
2024MU0003248,1,1841.43,9,1,2,1,6,12375,103,0,0,6,1,5,1,2700123,1000000
2024MU0003249,1,1841.43,2,2,2,1,4,5082,42,0,0,6,1,5,1,2700106,1000000
2024MU0003250,1,1841.43,17,2,2,1,16,18785,156,0,0,6,1,5,1,2700113,1000000
2024MU0003251,1,1841.43,21,1,4,1,17,14397,119,5000,4,1,1,5,1,2700113,1000000
2024MU0003252,1,1841.43,42,1,1,1,6,31385,261,6000,1,5,1,1,1,2700110,1000000
2024MU0003253,1,1841.43,34,1,8,1,8,17061,142,9000,1,5,1,1,1,2700115,1000000
2024MU0003254,1,1841.43,33,1,4,1,8,13458,112,7000,4,2,1,5,1,2700121,1000000
2024MU0003255,1,1841.43,32,2,1,1,15,148258,501,3000,1,1,1,1,1,2700106,1000000
2024MU0003256,1,1841.43,45,2,1,1,11,48900,407,7000,3,1,1,1,1,2700117,1000000
2024MU0003257,1,1841.43,35,2,1,1,10,46344,386,6000,1,1,1,1,1,2700123,1000000
2024MU0003258,1,1841.43,2,1,1,1,7,1389,11,0,0,6,1,5,1,2700122,1000000
2024MU0003259,1,1841.43,23,2,3,1,17,42659,355,6000,1,1,2,1,1,2700116,1000000
2024MU0003260,1,1841.43,38,2,1,1,16,185588,501,1000,2,1,1,1,1,2700123,1000000
2024MU0003261,1,1841.43,24,2,8,1,11,42970,358,3000,1,1,2,5,1,2700111,1000000
2024MU0003262,1,1841.43,19,2,1,1,15,37245,310,4000,1,2,1,1,1,2700111,1000000
2024MU0003263,1,1841.43,34,2,1,1,13,28904,240,5000,1,1,1,1,1,2700110,1000000
2024MU0003264,1,1841.43,52,2,1,1,7,24640,205,9800,1,1,1,1,1,2700112,1000000
2024MU0003265,1,1841.43,39,1,1,1,9,33617,280,6000,1,1,1,3,1,2700111,1000000
2024MU0003266,1,1841.43,28,2,5,1,10,72253,501,6000,1,1,1,5,1,2700122,1000000
2024MU0003267,1,1841.43,46,1,3,1,12,25836,215,6000,1,1,1,1,1,2700109,1000000
2024MU0003268,1,1841.43,19,2,1,1,15,21608,180,3000,3,1,1,5,1,2700101,1000000
2024MU0003269,1,1841.43,13,2,7,1,4,3550,29,0,0,6,1,5,1,2700102,1000000
2024MU0003270,1,1841.43,83,2,5,1,7,13156,109,0,0,6,1,2,1,2700121,1000000
2024MU0003271,1,1841.43,23,1,4,1,13,28347,236,6000,4,1,1,1,1,2700110,1000000
2024MU0003272,1,1841.43,20,1,6,1,19,60771,501,3000,3,3,1,5,1,2700105,1000000
2024MU0003273,1,1841.43,57,1,3,1,8,9766,81,9920,1,1,1,1,1,2700119,1000000
2024MU0003274,1,1841.43,26,2,2,1,12,35049,292,6000,3,1,1,1,1,2700123,1000000
2024MU0003275,1,1841.43,58,2,2,1,6,12624,105,6000,1,2,1,1,1,2700101,1000000
2024MU0003276,1,1841.43,0,2,1,1,4,2140,17,0,0,6,1,5,1,2700112,1000000
2024MU0003277,1,1841.43,35,1,3,1,16,127860,501,5000,1,1,1,1,1,2700102,1000000
2024MU0003278,1,1841.43,24,2,8,1,20,171486,501,1000,1,1,1,1,1,2700106,1000000
2024MU0003279,1,1841.43,34,2,3,1,10,225749,501,6000,3,1,1,1,1,2700103,1000000
2024MU0003280,1,1841.43,19,1,8,1,12,7103,59,7000,1,4,1,5,1,2700111,1000000
2024MU0003281,1,1841.43,21,2,2,1,13,6053,50,8000,1,5,1,5,1,2700123,1000000
2024MU0003282,1,1841.43,25,2,3,1,9,35319,294,5000,1,1,1,1,1,2700113,1000000
2024MU0003283,1,1841.43,56,2,3,1,10,18124,151,6000,1,1,1,5,1,2700109,1000000
2024MU0003284,1,1841.43,11,2,3,1,4,1698,14,0,0,6,1,5,1,2700108,1000000
2024MU0003285,1,1841.43,10,1,3,1,6,1269,10,0,0,6,1,5,1,2700121,1000000
2024MU0003286,1,1841.43,23,2,1,1,17,49618,413,4000,1,1,1,5,1,2700105,1000000
2024MU0003287,1,1841.43,39,2,1,1,8,8799,73,8000,1,1,1,2,1,2700111,1000000
2024MU0003288,1,1841.43,40,2,9,1,12,17748,147,7000,3,1,1,1,1,2700121,1000000
2024MU0003289,1,1841.43,53,2,1,1,13,30479,253,8000,3,1,1,1,1,2700107,1000000
2024MU0003290,1,1841.43,13,2,2,1,5,603,5,0,0,6,1,5,1,2700110,1000000
2024MU0003291,1,1841.43,29,1,2,1,17,106076,501,4000,1,1,1,5,1,2700117,1000000
2024MU0003292,1,1841.43,7,2,2,1,6,2567,21,0,0,6,1,5,1,2700101,1000000
2024MU0003293,1,1841.43,61,1,4,1,8,9625,80,5000,1,1,1,1,1,2700109,1000000
2024MU0003294,1,1841.43,15,1,3,1,19,79974,501,0,0,6,1,5,1,2700112,1000000
2024MU0003295,1,1841.43,18,1,8,1,16,37014,308,1000,1,1,1,5,1,2700105,1000000
2024MU0003296,1,1841.43,16,2,2,1,15,20294,169,0,0,6,1,5,1,2700122,1000000
2024MU0003297,1,1841.43,16,2,3,1,14,14947,124,0,0,6,1,5,1,2700109,1000000
2024MU0003298,1,1841.43,22,1,8,1,18,200024,501,6000,1,1,1,5,1,2700121,1000000
2024MU0003299,1,1841.43,43,1,9,1,6,7133,59,9000,4,1,1,5,1,2700114,1000000
2024MU0003300,1,1841.43,24,2,9,1,14,49241,410,9000,1,2,1,5,1,2700118,1000000
2024MU0003301,1,1841.43,15,2,3,1,15,15186,126,0,0,6,1,5,2,2700109,1000000
2024MU0003302,1,1841.43,85,2,1,1,8,17106,142,0,0,6,1,5,1,2700114,1000000
2024MU0003303,1,1841.43,59,1,1,1,11,22062,183,9800,4,3,1,1,1,2700121,1000000
2024MU0003304,1,1841.43,23,1,5,1,15,50351,419,5000,1,1,1,5,1,2700109,1000000
2024MU0003305,1,1841.43,17,1,6,1,13,24354,202,0,0,6,1,5,1,2700112,1000000
2024MU0003306,1,1841.43,43,1,3,1,13,72216,501,8000,4,1,1,3,1,2700118,1000000
2024MU0003307,1,1841.43,21,1,1,1,16,19703,164,5000,4,3,1,5,1,2700116,1000000
2024MU0003308,1,1841.43,15,1,3,1,18,31966,266,0,0,6,1,5,1,2700114,1000000
2024MU0003309,1,1841.43,1,1,1,1,3,2271,18,0,0,6,1,5,2,2700110,1000000
2024MU0003310,1,1841.43,7,1,2,1,5,1120,9,0,0,6,1,5,1,2700111,1000000
2024MU0003311,1,1841.43,4,2,2,1,6,4663,38,0,0,6,1,5,1,2700119,1000000
2024MU0003312,1,1841.43,5,1,8,1,4,3013,25,0,0,6,1,5,1,2700115,1000000
2024MU0003313,1,1841.43,12,1,1,1,7,1880,15,0,0,6,1,5,1,2700114,1000000
2024MU0003314,1,1841.43,7,2,3,1,1,11382,94,0,0,6,1,5,1,2700119,1000000
2024MU0003315,1,1841.43,39,2,2,1,12,23015,191,6000,4,4,1,1,1,2700117,1000000
2024MU0003316,1,1841.43,31,2,3,1,12,48199,401,9800,1,1,1,1,1,2700121,1000000
2024MU0003317,1,1841.43,11,2,3,1,5,9508,79,0,0,6,1,5,1,2700112,1000000
2024MU0003318,1,1841.43,34,2,8,1,12,36427,303,7000,1,1,1,5,1,2700104,1000000
2024MU0003319,1,1841.43,31,2,1,1,7,8910,74,6000,3,4,1,1,1,2700116,1000000
2024MU0003320,1,1841.43,6,2,1,1,6,5085,42,0,0,6,1,5,1,2700101,1000000
2024MU0003321,1,1841.43,83,2,4,1,6,9618,80,0,0,6,1,1,1,2700121,1000000
2024MU0003322,1,1841.43,21,1,2,1,14,20123,167,5000,1,1,1,5,2,2700102,1000000
2024MU0003323,1,1841.43,41,1,1,1,8,71631,501,9800,4,2,1,1,1,2700106,1000000
2024MU0003324,1,1841.43,59,2,2,1,9,26367,219,6000,4,4,1,1,1,2700116,1000000
2024MU0003325,1,1841.43,49,2,3,1,10,49982,416,3000,2,1,1,1,1,2700114,1000000
2024MU0003326,1,1841.43,3,2,1,1,7,1451,12,0,0,6,1,5,1,2700106,1000000
2024MU0003327,1,1841.43,34,1,1,1,11,69479,501,6000,1,1,1,1,2,2700102,1000000
2024MU0003328,1,1841.43,29,1,5,1,9,33039,275,9800,3,1,1,1,1,2700105,1000000
2024MU0003329,1,1841.43,14,2,2,1,4,3474,28,0,0,6,1,5,1,2700116,1000000
2024MU0003330,1,1841.43,41,1,1,1,11,28273,235,6000,1,1,1,1,1,2700100,1000000
2024MU0003331,1,1841.43,44,2,1,1,8,12131,101,9800,3,1,1,1,1,2700116,1000000
2024MU0003332,1,1841.43,33,2,3,1,10,51418,428,9800,1,2,1,1,1,2700121,1000000
2024MU0003333,1,1841.43,30,2,1,1,12,22159,184,9800,3,1,1,1,1,2700101,1000000
2024MU0003334,1,1841.43,11,2,5,1,3,3134,26,0,0,6,1,5,1,2700107,1000000
2024MU0003335,1,1841.43,34,2,3,1,8,16247,135,8000,4,1,1,1,1,2700114,1000000
2024MU0003336,1,1841.43,80,2,2,1,5,1949,16,0,0,6,1,1,2,2700114,1000000
2024MU0003337,1,1841.43,27,2,8,1,9,13918,115,8000,4,1,1,1,1,2700105,1000000
2024MU0003338,1,1841.43,21,2,2,1,10,6863,57,6000,3,1,1,5,1,2700110,1000000
2024MU0003339,1,1841.43,6,2,1,1,5,14053,117,0,0,6,1,5,2,2700108,1000000
2024MU0003340,1,1841.43,89,2,3,1,5,3436,28,0,0,6,1,1,1,2700112,1000000
2024MU0003341,1,1841.43,33,2,3,1,10,41909,349,4000,1,1,1,5,1,2700111,1000000
2024MU0003342,1,1841.43,59,1,1,1,7,5811,48,8000,1,1,1,1,1,2700110,1000000
2024MU0003343,1,1841.43,8,1,1,1,5,2153,17,0,0,6,2,5,1,2700122,1000000
2024MU0003344,1,1841.43,9,1,2,1,7,1265,10,0,0,6,1,5,1,2700102,1000000
2024MU0003345,1,1841.43,45,1,1,1,10,69670,501,3000,1,1,1,5,1,2700111,1000000
2024MU0003346,1,1841.43,11,2,3,1,5,1387,11,0,0,6,1,5,1,2700122,1000000
2024MU0003347,1,1841.43,18,1,3,1,16,51033,425,4000,1,2,1,5,1,2700120,1000000
2024MU0003348,1,1841.43,22,2,2,1,10,40311,335,5000,3,1,1,5,1,2700106,1000000
2024MU0003349,1,1841.43,1,1,2,1,2,3773,31,0,0,6,1,5,2,2700112,1000000
2024MU0003350,1,1841.43,72,1,2,1,5,14169,118,5000,3,1,1,1,1,2700102,1000000
2024MU0003351,1,1841.43,27,1,1,1,6,127952,501,9920,6,1,1,5,2,2700116,1000000
2024MU0003352,1,1841.43,43,2,1,1,7,23490,195,9000,1,3,1,1,1,2700118,1000000
2024MU0003353,1,1841.43,5,1,1,1,5,1635,13,0,0,6,1,5,1,2700123,1000000
2024MU0003354,1,1841.43,15,1,1,1,12,30894,257,0,0,6,1,5,2,2700119,1000000
2024MU0003355,1,1841.43,8,2,2,1,8,4651,38,0,0,6,1,5,1,2700121,1000000
2024MU0003356,1,1841.43,32,1,4,1,15,420414,501,4000,3,1,1,5,1,2700109,1000000
2024MU0003357,1,1841.43,8,1,2,1,9,7644,63,0,0,6,1,5,1,2700115,1000000
2024MU0003358,1,1841.43,14,2,9,1,1,11176,93,0,0,6,1,5,1,2700104,1000000
2024MU0003359,1,1841.43,2,1,5,1,7,4007,33,0,0,6,1,5,1,2700105,1000000
2024MU0003360,1,1841.43,9,1,9,1,7,33570,279,0,0,6,1,5,1,2700111,1000000
2024MU0003361,1,1841.43,18,1,7,1,19,51804,431,3000,1,1,1,5,1,2700100,1000000
2024MU0003362,1,1841.43,52,1,3,1,9,296905,501,6000,3,1,1,2,1,2700117,1000000
2024MU0003363,1,1841.43,21,2,3,1,17,38558,321,3000,3,1,1,1,1,2700115,1000000
2024MU0003364,1,1841.43,18,1,1,1,10,19710,164,6000,3,1,1,1,1,2700118,1000000
2024MU0003365,1,1841.43,38,2,3,1,6,62479,501,8000,1,1,1,5,1,2700101,1000000
2024MU0003366,1,1841.43,46,2,3,1,6,8536,71,5000,3,4,1,1,1,2700104,1000000
2024MU0003367,1,1841.43,43,1,2,1,15,211880,501,3000,3,2,1,5,1,2700104,1000000
2024MU0003368,1,1841.43,6,2,3,1,1,3171,26,0,0,6,1,5,1,2700121,1000000
2024MU0003369,1,1841.43,28,1,2,1,7,12061,100,7000,6,2,1,1,1,2700118,1000000
2024MU0003370,1,1841.43,23,1,2,1,19,165775,501,3000,1,1,1,5,1,2700110,1000000
2024MU0003371,1,1841.43,1,1,2,1,2,6335,52,0,0,6,1,5,1,2700120,1000000
2024MU0003372,1,1841.43,39,1,3,1,15,162825,501,6000,4,1,1,1,1,2700104,1000000
2024MU0003373,1,1841.43,48,2,7,1,12,29134,242,9800,6,1,1,5,1,2700110,1000000
2024MU0003374,1,1841.43,24,1,6,1,10,31705,264,6000,1,1,1,5,2,2700110,1000000
2024MU0003375,1,1841.43,24,2,4,1,10,5669,47,7000,1,1,1,1,1,2700107,1000000
2024MU0003376,1,1841.43,10,2,1,1,5,8849,73,0,0,6,1,5,1,2700120,1000000
2024MU0003377,1,1841.43,2,1,8,1,9,35660,297,0,0,6,1,5,1,2700115,1000000
2024MU0003378,1,1841.43,35,2,1,1,16,132813,501,6000,6,1,2,1,1,2700110,1000000
2024MU0003379,1,1841.43,0,2,8,1,3,1108,9,0,0,6,1,5,1,2700100,1000000
2024MU0003380,1,1841.43,21,1,1,1,14,18326,152,9800,1,1,1,5,1,2700114,1000000
2024MU0003381,1,1841.43,15,1,2,1,14,6382,53,0,0,6,1,5,1,2700116,1000000
2024MU0003382,1,1841.43,18,1,3,1,17,33038,275,3000,2,1,2,1,1,2700115,1000000
2024MU0003383,1,1841.43,16,1,3,1,14,17604,146,0,0,6,1,5,1,2700116,1000000
2024MU0003384,1,1841.43,99,2,2,1,5,10342,86,0,0,6,1,1,1,2700122,1000000
2024MU0003385,1,1841.43,44,1,3,1,11,92866,501,6000,3,1,1,2,1,2700114,1000000
2024MU0003386,1,1841.43,29,2,2,1,10,32187,268,4000,1,1,1,5,1,2700118,1000000
2024MU0003387,1,1841.43,93,2,1,1,5,7673,63,0,0,6,1,1,1,2700110,1000000
2024MU0003388,1,1841.43,45,2,3,1,12,72989,501,8000,4,3,1,1,1,2700101,1000000
2024MU0003389,1,1841.43,38,1,1,1,12,41454,345,6000,1,2,1,1,1,2700101,1000000
2024MU0003390,1,1841.43,59,1,3,1,9,22437,186,7000,3,1,1,2,1,2700115,1000000
2024MU0003391,1,1841.43,28,1,1,1,13,39865,332,9000,3,2,1,1,1,2700121,1000000
2024MU0003392,1,1841.43,18,1,2,1,15,15043,125,6000,1,5,1,5,1,2700121,1000000
2024MU0003393,1,1841.43,30,2,2,1,12,41179,343,6000,1,1,1,1,1,2700105,1000000
2024MU0003394,1,1841.43,8,1,1,1,7,1331,11,0,0,6,1,5,1,2700101,1000000
2024MU0003395,1,1841.43,71,1,2,1,8,4285,35,6000,3,2,1,5,1,2700106,1000000
2024MU0003396,1,1841.43,37,1,3,1,12,30423,253,9800,1,1,1,1,1,2700110,1000000
2024MU0003397,1,1841.43,41,2,9,1,10,21880,182,6000,1,5,1,1,1,2700109,1000000
2024MU0003398,1,1841.43,6,2,5,1,5,9666,80,0,0,6,1,5,1,2700115,1000000
2024MU0003399,1,1841.43,3,1,3,1,2,9049,75,0,0,6,1,5,1,2700118,1000000
2024MU0003400,1,1841.43,11,1,2,1,3,11467,95,0,0,6,1,5,1,2700100,1000000
2024MU0003401,1,1841.43,19,1,2,1,17,26458,220,6000,1,1,1,5,1,2700102,1000000
2024MU0003402,1,1841.43,16,2,1,1,14,8042,67,0,0,6,1,5,1,2700105,1000000
2024MU0003403,1,1841.43,47,2,2,1,9,76483,501,5000,4,2,1,5,1,2700106,1000000
2024MU0003404,1,1841.43,16,2,6,1,17,31986,266,0,0,6,1,5,2,2700109,1000000
2024MU0003405,1,1841.43,3,2,2,1,1,4424,36,0,0,6,1,5,1,2700102,1000000
2024MU0003406,1,1841.43,18,1,2,1,16,6436,53,6000,1,1,1,5,1,2700112,1000000
2024MU0003407,1,1841.43,66,1,1,1,7,12235,101,7000,1,1,1,5,1,2700109,1000000
2024MU0003408,1,1841.43,4,2,1,1,4,6602,55,0,0,6,1,5,1,2700113,1000000
2024MU0003409,1,1841.43,16,1,1,1,14,10853,90,0,0,6,1,5,1,2700111,1000000
2024MU0003410,1,1841.43,51,2,3,1,6,25659,213,5000,4,1,1,1,1,2700111,1000000
2024MU0003411,1,1841.43,100,1,2,1,6,10809,90,0,0,6,1,1,1,2700123,1000000
2024MU0003412,1,1841.43,4,1,3,1,4,2295,19,0,0,6,1,5,1,2700102,1000000
2024MU0003413,1,1841.43,24,2,2,1,14,24909,207,7000,1,1,1,1,1,2700105,1000000
2024MU0003414,1,1841.43,41,1,4,1,11,21522,179,9800,3,2,1,5,1,2700113,1000000
2024MU0003415,1,1841.43,34,1,4,1,10,121283,501,6000,4,4,1,1,1,2700110,1000000
2024MU0003416,1,1841.43,11,1,4,1,6,8758,72,0,0,6,1,5,1,2700101,1000000
2024MU0003417,1,1841.43,73,2,2,1,8,3483,29,5000,1,1,1,1,1,2700122,1000000
2024MU0003418,1,1841.43,4,1,2,1,2,6575,54,0,0,6,1,5,1,2700107,1000000
2024MU0003419,1,1841.43,0,1,9,1,3,5008,41,0,0,6,1,5,1,2700110,1000000
2024MU0003420,1,1841.43,38,2,1,1,6,9260,77,8000,1,1,1,1,1,2700111,1000000
2024MU0003421,1,1841.43,3,1,1,1,8,4427,36,0,0,6,1,5,1,2700117,1000000
2024MU0003422,1,1841.43,35,2,2,1,16,198263,501,6000,1,2,1,1,1,2700103,1000000
2024MU0003423,1,1841.43,17,1,3,1,11,21035,175,0,0,6,1,5,1,2700123,1000000
2024MU0003424,1,1841.43,45,2,1,1,10,222951,501,5000,6,1,2,1,1,2700112,1000000
2024MU0003425,1,1841.43,7,1,3,1,9,11637,96,0,0,6,1,5,1,2700108,1000000
2024MU0003426,1,1841.43,57,2,3,1,11,30747,256,3000,2,5,1,1,1,2700113,1000000
2024MU0003427,1,1841.43,48,2,2,1,9,64590,501,4000,1,1,1,1,1,2700119,1000000
2024MU0003428,1,1841.43,24,2,2,1,13,25559,212,5000,1,4,1,5,1,2700121,1000000
2024MU0003429,1,1841.43,23,1,2,1,13,19291,160,3000,2,5,1,5,1,2700104,1000000
2024MU0003430,1,1841.43,54,1,1,1,11,18995,158,6000,1,1,1,1,1,2700121,1000000
2024MU0003431,1,1841.43,26,2,1,1,14,2637,21,8000,1,3,1,1,1,2700111,1000000
2024MU0003432,1,1841.43,52,1,1,1,9,60741,501,9000,1,1,2,1,1,2700102,1000000
2024MU0003433,1,1841.43,79,1,3,1,5,1801,15,0,0,6,5,1,1,2700104,1000000
2024MU0003434,1,1841.43,38,2,3,1,17,69871,501,4000,2,2,1,1,1,2700111,1000000
2024MU0003435,1,1841.43,80,1,2,1,10,22282,185,0,0,6,1,2,1,2700122,1000000
2024MU0003436,1,1841.43,35,2,3,1,7,12395,103,6000,4,1,1,1,1,2700103,1000000
2024MU0003437,1,1841.43,78,1,3,1,5,37282,310,0,0,6,1,1,1,2700104,1000000
2024MU0003438,1,1841.43,15,2,1,1,15,11973,99,0,0,6,1,5,1,2700105,1000000
2024MU0003439,1,1841.43,39,2,1,1,9,208861,501,9000,1,2,1,1,1,2700112,1000000
2024MU0003440,1,1841.43,38,1,8,1,9,114545,501,7000,1,1,1,1,1,2700108,1000000
2024MU0003441,1,1841.43,23,2,3,1,11,54897,457,9800,1,1,1,5,1,2700108,1000000
2024MU0003442,1,1841.43,20,1,3,1,20,122477,501,3000,1,1,1,5,1,2700116,1000000
2024MU0003443,1,1841.43,3,2,2,1,7,5539,46,0,0,6,1,5,1,2700118,1000000
2024MU0003444,1,1841.43,27,2,4,1,7,2736,22,5000,1,1,1,5,1,2700101,1000000
2024MU0003445,1,1841.43,52,1,3,1,13,52072,433,8000,1,1,1,1,1,2700121,1000000
2024MU0003446,1,1841.43,82,2,1,1,9,6440,53,0,0,6,1,1,1,2700114,1000000
2024MU0003447,1,1841.43,19,1,8,1,14,7526,62,5000,1,4,1,1,1,2700108,1000000
2024MU0003448,1,1841.43,36,2,1,1,16,113037,501,6000,1,1,1,1,1,2700101,1000000
2024MU0003449,1,1841.43,57,1,1,1,10,19192,159,9000,1,3,1,1,1,2700113,1000000
2024MU0003450,1,1841.43,47,2,1,1,13,84503,501,9000,3,1,1,1,1,2700115,1000000
2024MU0003451,1,1841.43,35,2,3,1,11,37522,312,8000,3,4,1,1,1,2700106,1000000
2024MU0003452,1,1841.43,9,1,3,1,5,5560,46,0,0,6,1,5,1,2700116,1000000
2024MU0003453,1,1841.43,68,2,3,1,6,6629,55,5000,4,3,1,1,1,2700113,1000000
2024MU0003454,1,1841.43,14,1,8,1,4,4433,36,0,0,6,1,5,1,2700111,1000000
2024MU0003455,1,1841.43,43,1,1,1,10,23423,195,7000,1,1,1,1,2,2700109,1000000
2024MU0003456,1,1841.43,30,1,3,1,17,58565,488,5000,1,1,1,1,1,2700103,1000000
2024MU0003457,1,1841.43,1,1,3,1,5,3544,29,0,0,6,1,5,1,2700111,1000000
2024MU0003458,1,1841.43,25,1,9,1,7,4934,41,6000,1,1,1,1,1,2700116,1000000
2024MU0003459,1,1841.43,6,1,1,1,1,12220,101,0,0,6,1,5,1,2700100,1000000
2024MU0003460,1,1841.43,27,1,9,1,15,34578,288,5000,4,1,1,1,1,2700122,1000000
2024MU0003461,1,1841.43,8,1,1,1,4,25994,216,0,0,6,1,5,1,2700112,1000000
2024MU0003462,1,1841.43,56,1,4,1,8,17011,141,9800,1,1,1,1,1,2700104,1000000
2024MU0003463,1,1841.43,57,2,3,1,12,38121,317,6000,1,1,1,1,1,2700107,1000000
2024MU0003464,1,1841.43,2,2,5,1,8,2601,21,0,0,6,1,5,1,2700101,1000000
2024MU0003465,1,1841.43,4,1,1,1,6,6778,56,0,0,6,1,5,1,2700121,1000000
2024MU0003466,1,1841.43,23,2,1,1,12,25181,209,5000,1,5,1,5,1,2700108,1000000
2024MU0003467,1,1841.43,31,2,1,1,10,53779,448,9800,6,1,1,1,1,2700118,1000000
2024MU0003468,1,1841.43,22,2,3,1,17,130868,501,1000,3,1,1,5,1,2700121,1000000
2024MU0003469,1,1841.43,51,1,3,1,14,58018,483,6000,3,1,1,2,1,2700113,1000000
2024MU0003470,1,1841.43,29,1,8,1,20,295607,501,3000,1,5,1,1,1,2700102,1000000
2024MU0003471,1,1841.43,8,2,2,1,5,6162,51,0,0,6,1,5,1,2700120,1000000
2024MU0003472,1,1841.43,52,2,1,1,12,18659,155,8000,4,1,1,2,1,2700105,1000000
2024MU0003473,1,1841.43,17,1,1,1,10,2540,21,0,0,6,1,5,1,2700116,1000000
2024MU0003474,1,1841.43,32,1,1,1,9,50515,420,9800,3,1,1,1,1,2700115,1000000
2024MU0003475,1,1841.43,18,2,4,1,14,12757,106,6000,4,1,1,5,1,2700123,1000000
2024MU0003476,1,1841.43,0,2,5,1,9,41947,349,0,0,6,1,5,1,2700118,1000000
2024MU0003477,1,1841.43,39,2,9,1,5,14612,121,9920,4,4,1,1,1,2700115,1000000
2024MU0003478,1,1841.43,25,1,2,1,9,37759,314,6000,1,3,1,1,1,2700109,1000000
2024MU0003479,1,1841.43,6,1,1,1,8,7463,62,0,0,6,1,5,1,2700123,1000000
2024MU0003480,1,1841.43,16,1,1,1,13,15606,130,0,0,6,1,5,1,2700116,1000000
2024MU0003481,1,1841.43,55,1,3,1,7,26243,218,9000,6,1,1,1,1,2700119,1000000
2024MU0003482,1,1841.43,40,1,9,1,11,24577,204,5000,4,1,2,5,2,2700115,1000000
2024MU0003483,1,1841.43,12,2,1,1,6,1835,15,0,0,6,1,5,1,2700103,1000000
2024MU0003484,1,1841.43,7,1,1,1,4,3202,26,0,0,6,1,5,1,2700123,1000000
2024MU0003485,1,1841.43,43,2,3,1,16,32140,267,4000,1,2,1,3,2,2700115,1000000
2024MU0003486,1,1841.43,33,1,3,1,8,15532,129,9920,3,2,1,1,1,2700119,1000000
2024MU0003487,1,1841.43,5,1,1,1,8,2364,19,0,0,6,1,5,1,2700119,1000000
2024MU0003488,1,1841.43,23,1,5,1,17,95815,501,3000,1,2,1,5,1,2700122,1000000
2024MU0003489,1,1841.43,58,1,1,1,8,10806,90,5000,3,1,1,2,1,2700123,1000000
2024MU0003490,1,1841.43,2,2,8,1,7,1778,14,0,0,6,1,5,1,2700115,1000000
2024MU0003491,1,1841.43,64,1,1,1,5,38127,317,8000,3,1,1,1,1,2700121,1000000
2024MU0003492,1,1841.43,28,1,1,1,7,11417,95,7000,1,1,1,1,2,2700119,1000000
2024MU0003493,1,1841.43,48,1,1,1,15,198796,501,3000,1,2,1,5,1,2700115,1000000
2024MU0003494,1,1841.43,26,1,1,1,6,12377,103,9920,3,1,2,5,1,2700122,1000000
2024MU0003495,1,1841.43,25,2,2,1,5,15491,129,9000,6,1,2,1,1,2700101,1000000
2024MU0003496,1,1841.43,14,1,3,1,4,1349,11,0,0,6,2,5,1,2700111,1000000
2024MU0003497,1,1841.43,18,2,2,1,11,26654,222,6000,1,1,1,5,1,2700118,1000000
2024MU0003498,1,1841.43,6,2,3,1,7,8094,67,0,0,6,1,5,1,2700116,1000000
2024MU0003499,1,1841.43,7,1,2,1,8,3947,32,0,0,6,1,5,1,2700106,1000000
2024MU0003500,1,1841.43,6,1,1,1,4,5046,42,0,0,6,2,5,1,2700121,1000000
2024MU0003501,1,1841.43,26,2,9,1,10,58611,488,9800,1,5,1,1,1,2700109,1000000
2024MU0003502,1,1841.43,97,2,5,1,8,4960,41,0,0,6,1,2,1,2700123,1000000
2024MU0003503,1,1841.43,36,1,1,1,8,4518,37,5000,4,1,1,1,1,2700117,1000000
2024MU0003504,1,1841.43,24,1,2,1,13,22687,189,9800,1,1,1,5,1,2700104,1000000
2024MU0003505,1,1841.43,26,1,3,1,7,12073,100,6000,6,1,1,1,1,2700100,1000000
2024MU0003506,1,1841.43,63,1,1,1,7,13017,108,6000,3,2,1,1,1,2700117,1000000
2024MU0003507,1,1841.43,23,1,3,1,16,174101,501,4000,3,1,1,5,1,2700112,1000000
2024MU0003508,1,1841.43,41,1,2,1,15,66594,501,5000,4,1,1,1,2,2700106,1000000
2024MU0003509,1,1841.43,21,1,1,1,17,17962,149,5000,4,1,1,5,1,2700106,1000000
2024MU0003510,1,1841.43,35,1,1,1,13,20778,173,3000,1,3,1,1,1,2700113,1000000
2024MU0003511,1,1841.43,27,1,4,1,9,39221,326,6000,1,1,1,1,1,2700111,1000000
2024MU0003512,1,1841.43,43,2,1,1,14,14974,124,8000,1,1,1,1,1,2700119,1000000
2024MU0003513,1,1841.43,29,2,1,1,17,123390,501,6000,4,1,1,1,1,2700105,1000000
2024MU0003514,1,1841.43,1,2,3,1,8,1900,15,0,0,6,1,5,1,2700117,1000000
2024MU0003515,1,1841.43,17,1,3,1,10,6341,52,0,0,6,1,5,1,2700101,1000000
2024MU0003516,1,1841.43,81,2,1,1,8,27530,229,0,0,6,1,1,1,2700108,1000000
2024MU0003517,1,1841.43,62,1,7,1,8,35812,298,9000,3,5,1,4,1,2700100,1000000
2024MU0003518,1,1841.43,12,2,3,1,3,4408,36,0,0,6,1,5,1,2700121,1000000
2024MU0003519,1,1841.43,21,1,1,1,20,30961,258,2000,1,1,1,5,1,2700100,1000000
2024MU0003520,1,1841.43,16,1,2,1,13,44628,371,0,0,6,1,5,1,2700110,1000000
2024MU0003521,1,1841.43,6,2,3,1,3,3425,28,0,0,6,1,5,1,2700121,1000000
2024MU0003522,1,1841.43,33,2,1,1,11,51825,431,7000,1,2,1,1,1,2700103,1000000
2024MU0003523,1,1841.43,4,2,2,1,3,8312,69,0,0,6,1,5,1,2700120,1000000
2024MU0003524,1,1841.43,38,1,3,1,17,36482,304,4000,1,1,1,1,1,2700119,1000000
2024MU0003525,1,1841.43,2,1,2,1,4,2401,20,0,0,6,1,5,1,2700104,1000000
2024MU0003526,1,1841.43,5,1,3,1,4,3795,31,0,0,6,1,5,1,2700118,1000000
2024MU0003527,1,1841.43,94,2,2,1,8,7416,61,0,0,6,1,1,1,2700110,1000000
2024MU0003528,1,1841.43,53,2,1,1,5,4708,39,5000,4,1,1,1,1,2700121,1000000
2024MU0003529,1,1841.43,20,2,2,1,17,36020,300,4000,1,1,1,5,1,2700100,1000000
2024MU0003530,1,1841.43,22,1,2,1,17,80587,501,4000,1,1,1,5,1,2700117,1000000
2024MU0003531,1,1841.43,22,2,4,1,15,214753,501,3000,1,1,1,5,1,2700121,1000000
2024MU0003532,1,1841.43,13,1,3,1,9,21943,182,0,0,6,1,5,1,2700111,1000000
2024MU0003533,1,1841.43,55,1,2,1,10,30077,250,8000,1,1,1,1,1,2700108,1000000
2024MU0003534,1,1841.43,33,1,9,1,13,37989,316,8000,1,1,1,5,1,2700104,1000000
2024MU0003535,1,1841.43,17,1,1,1,19,99039,501,0,0,6,1,5,1,2700113,1000000
2024MU0003536,1,1841.43,31,1,1,1,13,53149,442,9800,1,1,1,1,1,2700117,1000000
2024MU0003537,1,1841.43,3,1,1,1,4,1338,11,0,0,6,1,5,2,2700120,1000000
2024MU0003538,1,1841.43,11,1,1,1,1,21398,178,0,0,6,1,5,1,2700105,1000000
2024MU0003539,1,1841.43,39,1,3,1,13,21794,181,6000,6,1,1,1,1,2700101,1000000
2024MU0003540,1,1841.43,25,1,1,1,18,349492,501,4000,1,1,1,1,1,2700114,1000000
2024MU0003541,1,1841.43,47,1,1,1,9,58799,489,5000,3,3,1,1,1,2700113,1000000
2024MU0003542,1,1841.43,56,1,1,1,8,8035,66,8000,3,3,1,5,1,2700110,1000000
2024MU0003543,1,1841.43,33,2,3,1,11,8311,69,3000,2,1,1,1,1,2700110,1000000
2024MU0003544,1,1841.43,57,2,7,1,11,62550,501,5000,1,1,1,1,1,2700110,1000000
2024MU0003545,1,1841.43,4,1,4,1,1,1159,9,0,0,6,1,5,1,2700122,1000000
2024MU0003546,1,1841.43,42,2,1,1,14,55961,466,5000,1,2,1,1,1,2700123,1000000
2024MU0003547,1,1841.43,45,2,3,1,14,168697,501,8000,1,1,1,1,1,2700107,1000000
2024MU0003548,1,1841.43,20,1,1,1,15,14964,124,4000,1,1,1,1,1,2700121,1000000
2024MU0003549,1,1841.43,42,1,1,1,6,28933,241,9800,1,2,1,1,1,2700113,1000000
2024MU0003550,1,1841.43,7,2,5,1,6,2093,17,0,0,6,1,5,1,2700119,1000000
2024MU0003551,1,1841.43,25,2,2,1,7,26459,220,7000,1,1,1,5,1,2700101,1000000
2024MU0003552,1,1841.43,34,2,1,1,11,45633,380,7000,1,1,1,1,1,2700100,1000000
2024MU0003553,1,1841.43,39,2,2,1,6,15789,131,5000,1,1,1,1,1,2700112,1000000
2024MU0003554,1,1841.43,32,1,1,1,12,101460,501,9000,3,1,1,1,1,2700123,1000000
2024MU0003555,1,1841.43,10,1,2,1,3,6609,55,0,0,6,1,5,1,2700120,1000000
2024MU0003556,1,1841.43,27,1,2,1,15,48729,406,1000,3,2,1,1,1,2700108,1000000
2024MU0003557,1,1841.43,23,1,1,1,18,230757,501,4000,1,1,1,5,1,2700110,1000000
2024MU0003558,1,1841.43,3,1,9,1,9,3718,30,0,0,6,1,5,1,2700107,1000000
2024MU0003559,1,1841.43,16,1,3,1,13,13213,110,0,0,6,1,5,1,2700114,1000000
2024MU0003560,1,1841.43,26,1,6,1,6,5533,46,5000,1,1,1,5,1,2700117,1000000
2024MU0003561,1,1841.43,0,1,4,1,4,1219,10,0,0,6,1,5,1,2700114,1000000
2024MU0003562,1,1841.43,20,1,3,1,11,4925,41,9000,1,1,1,5,1,2700110,1000000
2024MU0003563,1,1841.43,40,1,2,1,6,15412,128,9000,1,1,1,1,1,2700119,1000000
2024MU0003564,1,1841.43,35,1,1,1,12,55666,463,9000,1,1,1,1,2,2700115,1000000
2024MU0003565,1,1841.43,50,1,3,1,10,76210,501,5000,1,1,1,1,1,2700118,1000000
2024MU0003566,1,1841.43,44,2,2,1,5,52216,435,9000,6,1,1,5,1,2700113,1000000
2024MU0003567,1,1841.43,42,2,1,1,9,52928,441,8000,4,1,1,1,1,2700108,1000000
2024MU0003568,1,1841.43,15,1,2,1,15,22699,189,0,0,6,1,5,1,2700117,1000000
2024MU0003569,1,1841.43,35,1,3,1,9,90186,501,3000,3,1,1,1,1,2700111,1000000
2024MU0003570,1,1841.43,49,2,9,1,13,28341,236,6000,1,1,1,1,1,2700121,1000000
2024MU0003571,1,1841.43,5,1,2,1,2,1118,9,0,0,6,1,5,1,2700114,1000000
2024MU0003572,1,1841.43,4,2,2,1,3,8495,70,0,0,6,1,5,1,2700109,1000000
2024MU0003573,1,1841.43,29,1,6,1,7,30822,256,5000,4,1,1,1,1,2700122,1000000
2024MU0003574,1,1841.43,29,2,1,1,7,5538,46,9000,4,5,1,1,1,2700123,1000000
2024MU0003575,1,1841.43,11,2,1,1,7,19238,160,0,0,6,1,5,2,2700118,1000000
2024MU0003576,1,1841.43,45,2,1,1,7,25559,212,6000,4,3,1,1,2,2700109,1000000
2024MU0003577,1,1841.43,5,1,8,1,6,5671,47,0,0,6,1,5,1,2700117,1000000
2024MU0003578,1,1841.43,11,2,1,1,4,2650,22,0,0,6,1,5,1,2700114,1000000
2024MU0003579,1,1841.43,27,2,1,1,12,59216,493,6000,1,2,1,1,1,2700114,1000000
2024MU0003580,1,1841.43,25,2,2,1,17,31641,263,1000,2,2,1,5,1,2700117,1000000
2024MU0003581,1,1841.43,56,1,6,1,13,28628,238,7000,3,1,1,1,1,2700101,1000000
2024MU0003582,1,1841.43,57,2,9,1,5,7431,61,5000,3,1,1,1,1,2700109,1000000
2024MU0003583,1,1841.43,42,1,2,1,13,17432,145,9800,3,1,1,1,1,2700106,1000000
2024MU0003584,1,1841.43,9,1,9,1,4,7993,66,0,0,6,1,5,1,2700112,1000000
2024MU0003585,1,1841.43,39,2,1,1,9,55332,461,3000,2,1,1,1,1,2700109,1000000
2024MU0003586,1,1841.43,24,1,1,1,16,127985,501,1000,3,1,1,5,1,2700119,1000000
2024MU0003587,1,1841.43,55,2,9,1,16,83534,501,4000,3,1,1,1,1,2700122,1000000
2024MU0003588,1,1841.43,21,2,2,1,11,21711,180,9800,4,1,1,5,1,2700112,1000000
2024MU0003589,1,1841.43,49,1,1,1,12,45996,383,9800,1,1,1,1,1,2700121,1000000
2024MU0003590,1,1841.43,54,2,2,1,7,9157,76,5000,3,1,1,3,1,2700119,1000000
2024MU0003591,1,1841.43,17,2,4,1,14,6966,58,0,0,6,1,5,1,2700104,1000000
2024MU0003592,1,1841.43,42,1,5,1,13,10875,90,6000,1,1,1,1,1,2700110,1000000
2024MU0003593,1,1841.43,54,2,6,1,9,82048,501,7000,1,2,1,1,1,2700107,1000000
2024MU0003594,1,1841.43,18,1,3,1,11,22734,189,3000,3,1,1,5,1,2700105,1000000
2024MU0003595,1,1841.43,22,1,6,1,15,457383,501,4000,3,1,1,5,1,2700102,1000000
2024MU0003596,1,1841.43,18,1,2,1,18,24227,201,4000,2,1,1,5,1,2700109,1000000
2024MU0003597,1,1841.43,35,1,3,1,11,27325,227,7000,4,1,1,1,1,2700107,1000000
2024MU0003598,1,1841.43,40,1,4,1,6,4109,34,9920,1,1,1,1,1,2700122,1000000
2024MU0003599,1,1841.43,6,2,2,1,4,8638,71,0,0,6,1,5,1,2700119,1000000
2024MU0003600,1,1841.43,61,2,1,1,12,60529,501,6000,1,3,1,3,1,2700117,1000000
2024MU0003601,1,1841.43,10,1,2,1,6,13869,115,0,0,6,1,5,1,2700101,1000000
2024MU0003602,1,1841.43,40,1,3,1,11,22940,191,8000,4,1,1,1,1,2700117,1000000
2024MU0003603,1,1841.43,32,1,1,1,14,71953,501,6000,1,1,1,1,1,2700101,1000000
2024MU0003604,1,1841.43,41,1,1,1,5,10558,87,7000,1,1,1,1,1,2700112,1000000
2024MU0003605,1,1841.43,84,1,1,1,8,19571,163,0,0,6,1,1,1,2700123,1000000
2024MU0003606,1,1841.43,33,1,1,1,10,63428,501,8000,1,1,1,1,2,2700113,1000000
2024MU0003607,1,1841.43,2,1,3,1,2,1154,9,0,0,6,1,5,1,2700120,1000000
2024MU0003608,1,1841.43,13,1,1,1,3,3608,30,0,0,6,1,5,1,2700112,1000000
2024MU0003609,1,1841.43,39,2,1,1,14,11143,92,9800,1,3,1,5,1,2700114,1000000
2024MU0003610,1,1841.43,1,2,3,1,2,1580,13,0,0,6,1,5,1,2700111,1000000
2024MU0003611,1,1841.43,20,1,6,1,13,5034,41,9800,1,1,1,5,1,2700111,1000000
2024MU0003612,1,1841.43,54,1,1,1,7,8000,66,9000,1,1,1,1,1,2700111,1000000
2024MU0003613,1,1841.43,18,1,1,1,10,9064,75,7000,6,1,1,5,2,2700122,1000000
2024MU0003614,1,1841.43,15,2,9,1,14,12224,101,0,0,6,1,5,1,2700111,1000000
2024MU0003615,1,1841.43,15,2,2,1,17,31721,264,0,0,6,1,5,1,2700122,1000000
2024MU0003616,1,1841.43,64,2,9,1,5,13107,109,7000,4,4,1,1,1,2700117,1000000
2024MU0003617,1,1841.43,27,2,1,1,7,13943,116,9800,1,1,1,1,1,2700123,1000000
2024MU0003618,1,1841.43,39,1,1,1,13,18168,151,5000,4,1,1,1,1,2700114,1000000
2024MU0003619,1,1841.43,41,2,1,1,10,45869,382,7000,1,1,1,1,1,2700105,1000000
2024MU0003620,1,1841.43,4,1,1,1,6,12627,105,0,0,6,1,5,1,2700107,1000000
2024MU0003621,1,1841.43,10,1,8,1,3,3510,29,0,0,6,1,5,1,2700112,1000000
2024MU0003622,1,1841.43,4,2,9,1,7,5953,49,0,0,6,1,5,1,2700102,1000000
2024MU0003623,1,1841.43,14,1,9,1,4,5526,46,0,0,6,1,5,1,2700118,1000000
2024MU0003624,1,1841.43,52,2,6,1,10,66409,501,7000,4,1,1,2,1,2700118,1000000
2024MU0003625,1,1841.43,80,1,6,1,5,8404,70,0,0,6,1,5,1,2700113,1000000
2024MU0003626,1,1841.43,55,2,3,1,7,26272,218,9000,1,3,1,5,1,2700121,1000000
2024MU0003627,1,1841.43,54,1,5,1,12,51797,431,5000,4,1,1,1,1,2700108,1000000
2024MU0003628,1,1841.43,35,1,1,1,8,27123,226,9000,3,4,2,1,2,2700101,1000000
2024MU0003629,1,1841.43,55,2,2,1,5,19028,158,9000,1,1,1,2,1,2700109,1000000
2024MU0003630,1,1841.43,15,2,3,1,16,16186,134,0,0,6,1,5,1,2700118,1000000
2024MU0003631,1,1841.43,35,2,7,1,11,19202,160,5000,4,5,1,1,1,2700113,1000000
2024MU0003632,1,1841.43,2,2,3,1,5,3021,25,0,0,6,1,5,1,2700107,1000000
2024MU0003633,1,1841.43,34,2,5,1,12,129116,501,6000,3,1,1,1,1,2700118,1000000
2024MU0003634,1,1841.43,33,2,2,1,11,38644,322,8000,4,1,1,1,1,2700111,1000000
2024MU0003635,1,1841.43,28,1,3,1,11,36081,300,9800,1,2,1,5,1,2700103,1000000
2024MU0003636,1,1841.43,23,1,9,1,19,59468,495,1000,2,1,1,1,1,2700119,1000000
2024MU0003637,1,1841.43,23,1,1,1,15,88707,501,1000,1,1,1,1,1,2700105,1000000
2024MU0003638,1,1841.43,9,2,8,1,5,4293,35,0,0,6,1,5,1,2700113,1000000
2024MU0003639,1,1841.43,35,1,2,1,9,6707,55,5000,4,1,1,1,1,2700106,1000000
2024MU0003640,1,1841.43,3,2,3,1,7,5058,42,0,0,6,1,5,1,2700101,1000000
2024MU0003641,1,1841.43,4,1,7,1,1,1069,8,0,0,6,1,5,1,2700106,1000000
2024MU0003642,1,1841.43,6,2,2,1,5,2243,18,0,0,6,1,5,1,2700103,1000000
2024MU0003643,1,1841.43,27,1,2,1,10,58278,485,9800,6,1,1,1,1,2700122,1000000
2024MU0003644,1,1841.43,11,1,2,1,5,4545,37,0,0,6,1,5,1,2700118,1000000
2024MU0003645,1,1841.43,14,2,1,1,4,2799,23,0,0,6,1,5,1,2700110,1000000
2024MU0003646,1,1841.43,45,1,2,1,11,29985,249,9000,1,4,1,1,1,2700111,1000000
2024MU0003647,1,1841.43,38,1,1,1,5,11475,95,9000,4,1,1,1,1,2700116,1000000
2024MU0003648,1,1841.43,37,1,8,1,10,48773,406,5000,1,1,1,1,1,2700110,1000000
2024MU0003649,1,1841.43,88,1,1,1,10,7835,65,0,0,6,1,2,1,2700108,1000000
2024MU0003650,1,1841.43,40,1,2,1,7,39413,328,7000,4,1,1,1,1,2700122,1000000
2024MU0003651,1,1841.43,52,2,9,1,5,5334,44,9800,1,1,1,1,1,2700117,1000000
2024MU0003652,1,1841.43,34,1,8,1,11,13008,108,9800,1,2,1,1,1,2700120,1000000
2024MU0003653,1,1841.43,54,2,3,1,18,178919,501,4000,1,1,1,5,1,2700119,1000000
2024MU0003654,1,1841.43,25,1,3,1,6,7535,62,9920,4,1,5,1,1,2700122,1000000
2024MU0003655,1,1841.43,31,2,1,1,6,16961,141,5000,1,1,1,1,1,2700117,1000000
2024MU0003656,1,1841.43,34,2,2,1,12,68910,501,6000,3,5,1,1,1,2700107,1000000
2024MU0003657,1,1841.43,36,1,1,1,8,9016,75,9920,3,1,1,2,1,2700122,1000000
2024MU0003658,1,1841.43,33,1,4,1,10,47969,399,8000,1,1,1,1,1,2700110,1000000
2024MU0003659,1,1841.43,27,1,1,1,15,116516,501,6000,3,2,1,1,1,2700118,1000000
2024MU0003660,1,1841.43,57,2,3,1,6,49741,414,9920,1,1,2,1,1,2700121,1000000
2024MU0003661,1,1841.43,19,2,2,1,17,21794,181,4000,3,2,1,5,1,2700108,1000000
2024MU0003662,1,1841.43,54,2,2,1,9,26263,218,5000,1,1,1,5,1,2700116,1000000
2024MU0003663,1,1841.43,31,1,3,1,16,166095,501,5000,4,1,1,1,1,2700116,1000000
2024MU0003664,1,1841.43,4,1,5,1,9,12607,105,0,0,6,1,5,1,2700116,1000000
2024MU0003665,1,1841.43,22,1,1,1,15,72739,501,4000,1,1,1,1,1,2700116,1000000
2024MU0003666,1,1841.43,15,1,2,1,16,77006,501,0,0,6,1,5,1,2700111,1000000
2024MU0003667,1,1841.43,10,1,1,1,6,1043,8,0,0,6,1,5,1,2700101,1000000
2024MU0003668,1,1841.43,89,1,1,1,6,2141,17,0,0,6,1,1,1,2700102,1000000
2024MU0003669,1,1841.43,2,2,3,1,3,1052,8,0,0,6,1,5,1,2700110,1000000
2024MU0003670,1,1841.43,40,2,1,1,17,243611,501,5000,3,2,1,1,1,2700119,1000000
2024MU0003671,1,1841.43,11,2,1,1,4,6049,50,0,0,6,1,5,1,2700103,1000000
2024MU0003672,1,1841.43,12,1,8,1,1,1338,11,0,0,6,1,5,1,2700102,1000000
2024MU0003673,1,1841.43,14,2,2,1,7,3632,30,0,0,6,1,5,1,2700107,1000000
2024MU0003674,1,1841.43,52,2,1,1,10,35618,296,7000,1,1,1,3,1,2700119,1000000
2024MU0003675,1,1841.43,22,2,1,1,12,6188,51,9800,1,1,1,5,1,2700103,1000000
2024MU0003676,1,1841.43,0,2,1,1,1,4659,38,0,0,6,1,5,1,2700103,1000000
2024MU0003677,1,1841.43,29,2,2,1,9,12740,106,9800,1,1,1,1,1,2700110,1000000
2024MU0003678,1,1841.43,8,2,3,1,8,7054,58,0,0,6,1,5,1,2700118,1000000
2024MU0003679,1,1841.43,15,1,3,1,19,33609,280,0,0,6,1,5,1,2700119,1000000
2024MU0003680,1,1841.43,32,2,1,1,9,50804,423,9000,1,2,5,1,1,2700104,1000000
2024MU0003681,1,1841.43,49,2,3,1,13,107852,501,9000,1,1,1,1,1,2700117,1000000
2024MU0003682,1,1841.43,24,2,2,1,14,57471,478,7000,1,1,1,5,1,2700121,1000000
2024MU0003683,1,1841.43,1,2,2,1,6,6013,50,0,0,6,1,5,1,2700122,1000000
2024MU0003684,1,1841.43,24,1,5,1,14,27444,228,7000,1,3,1,1,1,2700117,1000000
2024MU0003685,1,1841.43,6,2,1,1,5,1207,10,0,0,6,1,5,1,2700109,1000000
2024MU0003686,1,1841.43,17,2,1,1,13,8011,66,0,0,6,1,5,1,2700123,1000000
2024MU0003687,1,1841.43,15,1,7,1,11,9300,77,0,0,6,1,5,1,2700119,1000000
2024MU0003688,1,1841.43,49,1,1,1,6,12632,105,9920,1,1,1,1,1,2700103,1000000
2024MU0003689,1,1841.43,61,2,1,1,6,3917,32,9000,6,5,1,1,1,2700122,1000000
2024MU0003690,1,1841.43,51,1,3,1,18,128112,501,6000,3,1,1,4,1,2700109,1000000
2024MU0003691,1,1841.43,3,1,3,1,9,4766,39,0,0,6,1,5,1,2700114,1000000
2024MU0003692,1,1841.43,18,1,5,1,18,74883,501,4000,3,1,1,5,1,2700106,1000000
2024MU0003693,1,1841.43,12,2,1,1,3,4511,37,0,0,6,1,5,1,2700120,1000000
2024MU0003694,1,1841.43,22,1,2,1,14,57661,480,7000,1,1,1,5,1,2700101,1000000
2024MU0003695,1,1841.43,13,1,1,1,4,8629,71,0,0,6,1,5,1,2700111,1000000
2024MU0003696,1,1841.43,8,2,2,1,4,21128,176,0,0,6,1,5,1,2700115,1000000
2024MU0003697,1,1841.43,39,2,1,1,5,18542,154,9000,1,1,1,5,1,2700114,1000000
2024MU0003698,1,1841.43,19,2,3,1,15,23435,195,5000,3,2,1,1,1,2700111,1000000
2024MU0003699,1,1841.43,5,1,1,1,1,2979,24,0,0,6,1,5,1,2700109,1000000
2024MU0003700,1,1841.43,27,2,1,1,14,82795,501,6000,4,1,1,1,1,2700117,1000000
2024MU0003701,1,1841.43,4,1,2,1,6,1393,11,0,0,6,1,5,1,2700105,1000000
2024MU0003702,1,1841.43,33,2,9,1,9,23567,196,6000,3,1,1,5,1,2700113,1000000
2024MU0003703,1,1841.43,49,2,8,1,10,51442,428,5000,3,4,1,1,1,2700104,1000000
2024MU0003704,1,1841.43,8,1,9,1,3,3546,29,0,0,6,1,5,1,2700111,1000000
2024MU0003705,1,1841.43,16,1,2,1,13,21447,178,0,0,6,1,5,1,2700114,1000000
2024MU0003706,1,1841.43,41,1,1,1,8,5493,45,7000,1,2,1,1,1,2700108,1000000
2024MU0003707,1,1841.43,36,2,1,1,14,41583,346,5000,6,1,5,1,1,2700120,1000000
2024MU0003708,1,1841.43,9,1,3,1,3,3450,28,0,0,6,1,5,1,2700112,1000000
2024MU0003709,1,1841.43,26,2,1,1,12,13715,114,6000,3,1,1,5,1,2700101,1000000
2024MU0003710,1,1841.43,38,1,1,1,8,32378,269,9920,1,1,1,1,1,2700116,1000000
2024MU0003711,1,1841.43,15,1,1,1,13,10216,85,0,0,6,1,5,1,2700105,1000000
2024MU0003712,1,1841.43,3,2,2,1,3,3600,30,0,0,6,1,5,1,2700118,1000000
2024MU0003713,1,1841.43,13,2,1,1,5,2071,17,0,0,6,1,5,1,2700121,1000000
2024MU0003714,1,1841.43,94,2,1,1,8,4968,41,0,0,6,1,1,2,2700108,1000000
2024MU0003715,1,1841.43,9,1,2,1,6,1769,14,0,0,6,1,5,1,2700105,1000000
2024MU0003716,1,1841.43,3,1,2,1,3,7998,66,0,0,6,1,5,1,2700122,1000000
2024MU0003717,1,1841.43,23,1,2,1,10,59863,498,9800,1,1,1,5,1,2700110,1000000
2024MU0003718,1,1841.43,49,1,3,1,11,141261,501,7000,1,1,1,1,1,2700112,1000000
2024MU0003719,1,1841.43,48,1,1,1,6,22687,189,5000,1,1,1,1,1,2700116,1000000
2024MU0003720,1,1841.43,36,2,4,1,8,12221,101,7000,4,1,1,1,1,2700105,1000000
2024MU0003721,1,1841.43,11,1,1,1,3,2754,22,0,0,6,1,5,1,2700121,1000000
2024MU0003722,1,1841.43,15,1,2,1,17,39752,331,0,0,6,1,5,1,2700115,1000000
2024MU0003723,1,1841.43,9,1,3,1,5,4706,39,0,0,6,1,5,2,2700111,1000000
2024MU0003724,1,1841.43,64,2,9,1,5,11621,96,9000,1,5,1,1,1,2700116,1000000
2024MU0003725,1,1841.43,53,2,3,1,10,30228,251,6000,1,1,1,2,1,2700101,1000000
2024MU0003726,1,1841.43,33,1,1,1,13,98928,501,5000,3,1,1,1,1,2700114,1000000
2024MU0003727,1,1841.43,8,1,2,1,4,2837,23,0,0,6,1,5,1,2700121,1000000
2024MU0003728,1,1841.43,27,1,2,1,8,31388,261,6000,1,1,1,5,1,2700102,1000000
2024MU0003729,1,1841.43,43,2,2,1,11,49504,412,7000,1,1,1,1,1,2700118,1000000
2024MU0003730,1,1841.43,20,2,1,1,16,23749,197,3000,1,5,1,5,1,2700101,1000000
2024MU0003731,1,1841.43,42,2,2,1,5,8553,71,6000,1,2,1,1,1,2700111,1000000
2024MU0003732,1,1841.43,33,1,1,1,13,39110,325,9800,1,1,5,1,1,2700119,1000000
2024MU0003733,1,1841.43,38,1,3,1,11,61986,501,9000,6,1,1,1,1,2700112,1000000
2024MU0003734,1,1841.43,6,2,3,1,6,2964,24,0,0,6,1,5,1,2700100,1000000
2024MU0003735,1,1841.43,13,2,1,1,2,7913,65,0,0,6,5,5,1,2700116,1000000
2024MU0003736,1,1841.43,97,2,8,1,6,4747,39,0,0,6,1,2,1,2700107,1000000
2024MU0003737,1,1841.43,1,2,3,1,5,3627,30,0,0,6,2,5,1,2700123,1000000
2024MU0003738,1,1841.43,48,1,1,1,9,17705,147,4000,2,2,1,1,1,2700108,1000000
2024MU0003739,1,1841.43,53,2,1,1,8,20901,174,6000,1,1,1,1,1,2700123,1000000
2024MU0003740,1,1841.43,57,2,3,1,11,30120,250,7000,3,1,1,1,1,2700101,1000000
2024MU0003741,1,1841.43,28,2,2,1,12,87734,501,4000,1,1,1,1,1,2700111,1000000
2024MU0003742,1,1841.43,33,1,8,1,13,71373,501,8000,1,4,1,1,1,2700117,1000000
2024MU0003743,1,1841.43,56,1,1,1,6,14294,119,7000,4,1,1,5,1,2700117,1000000
2024MU0003744,1,1841.43,34,1,1,1,13,102738,501,6000,1,1,1,5,1,2700122,1000000
2024MU0003745,1,1841.43,14,1,9,1,4,5542,46,0,0,6,1,5,1,2700118,1000000
2024MU0003746,1,1841.43,24,1,9,1,10,58843,490,6000,4,3,1,5,1,2700121,1000000
2024MU0003747,1,1841.43,13,2,1,1,3,2010,16,0,0,6,1,5,1,2700104,1000000
2024MU0003748,1,1841.43,16,1,3,1,10,15045,125,0,0,6,1,5,1,2700120,1000000
2024MU0003749,1,1841.43,17,1,1,1,14,15489,129,0,0,6,1,5,1,2700113,1000000
2024MU0003750,1,1841.43,12,1,3,1,3,1164,9,0,0,6,1,5,1,2700119,1000000
2024MU0003751,1,1841.43,9,1,6,1,9,31277,260,0,0,6,1,5,1,2700115,1000000
2024MU0003752,1,1841.43,17,2,1,1,18,14762,123,0,0,6,1,5,1,2700105,1000000
2024MU0003753,1,1841.43,38,1,1,1,15,54336,452,3000,1,1,1,1,1,2700110,1000000
2024MU0003754,1,1841.43,36,1,1,1,11,5932,49,9800,4,4,1,1,1,2700102,1000000
2024MU0003755,1,1841.43,82,2,1,1,10,25299,210,0,0,6,1,1,2,2700122,1000000
2024MU0003756,1,1841.43,27,2,1,1,9,9197,76,9000,1,1,1,1,1,2700104,1000000
2024MU0003757,1,1841.43,11,1,5,1,5,2650,22,0,0,6,1,5,1,2700121,1000000
2024MU0003758,1,1841.43,11,2,1,1,4,7834,65,0,0,6,1,5,1,2700116,1000000
2024MU0003759,1,1841.43,46,2,2,1,6,18694,155,9920,3,2,1,2,1,2700117,1000000
2024MU0003760,1,1841.43,19,2,4,1,11,7040,58,8000,1,3,1,5,1,2700109,1000000
2024MU0003761,1,1841.43,26,1,2,1,11,9541,79,7000,1,1,1,1,1,2700120,1000000
2024MU0003762,1,1841.43,37,2,2,1,6,14709,122,6000,4,1,1,1,1,2700115,1000000
2024MU0003763,1,1841.43,8,1,1,1,6,7944,66,0,0,6,1,5,1,2700112,1000000
2024MU0003764,1,1841.43,43,1,3,1,15,180380,501,5000,4,1,2,1,1,2700113,1000000
2024MU0003765,1,1841.43,5,1,1,1,2,16738,139,0,0,6,1,5,1,2700108,1000000
2024MU0003766,1,1841.43,32,1,4,1,11,27581,229,9800,4,1,1,1,1,2700104,1000000
2024MU0003767,1,1841.43,85,2,1,1,9,7222,60,0,0,6,1,1,1,2700123,1000000
2024MU0003768,1,1841.43,37,2,3,1,9,54137,451,4000,1,3,1,1,1,2700102,1000000
2024MU0003769,1,1841.43,25,1,3,1,17,89653,501,4000,2,2,1,1,1,2700114,1000000
2024MU0003770,1,1841.43,15,1,3,1,18,29528,246,0,0,6,5,5,1,2700120,1000000
2024MU0003771,1,1841.43,45,1,1,1,6,8823,73,5000,4,1,1,1,1,2700108,1000000
2024MU0003772,1,1841.43,40,2,1,1,5,1919,15,9800,1,2,1,1,1,2700108,1000000
2024MU0003773,1,1841.43,39,2,6,1,18,64754,501,4000,1,1,1,1,1,2700107,1000000
2024MU0003774,1,1841.43,3,2,1,1,9,16090,134,0,0,6,1,5,1,2700121,1000000
2024MU0003775,1,1841.43,13,2,1,1,4,5030,41,0,0,6,1,5,1,2700102,1000000
2024MU0003776,1,1841.43,34,2,3,1,6,34701,289,9920,1,1,1,1,1,2700105,1000000
2024MU0003777,1,1841.43,1,2,5,1,5,5282,44,0,0,6,1,5,1,2700112,1000000
2024MU0003778,1,1841.43,27,1,2,1,9,48633,405,4000,1,1,1,1,1,2700108,1000000
2024MU0003779,1,1841.43,22,2,3,1,19,233099,501,4000,3,1,1,1,1,2700115,1000000
2024MU0003780,1,1841.43,59,2,3,1,12,36839,306,4000,1,1,1,5,1,2700112,1000000
2024MU0003781,1,1841.43,79,2,1,1,8,6828,56,0,0,6,1,2,1,2700117,1000000
2024MU0003782,1,1841.43,32,2,3,1,9,5688,47,6000,1,1,1,1,1,2700120,1000000
2024MU0003783,1,1841.43,29,2,5,1,13,18347,152,5000,1,1,1,1,1,2700108,1000000
2024MU0003784,1,1841.43,2,2,9,1,3,2453,20,0,0,6,1,5,1,2700107,1000000
2024MU0003785,1,1841.43,7,2,1,1,1,3673,30,0,0,6,1,5,1,2700118,1000000
2024MU0003786,1,1841.43,40,1,3,1,9,22721,189,5000,3,1,1,5,1,2700117,1000000
2024MU0003787,1,1841.43,16,1,2,1,15,51977,433,0,0,6,1,5,1,2700115,1000000
2024MU0003788,1,1841.43,6,2,1,1,6,1979,16,0,0,6,1,5,1,2700110,1000000
2024MU0003789,1,1841.43,30,1,3,1,15,229528,501,3000,1,1,1,1,1,2700110,1000000
2024MU0003790,1,1841.43,17,2,1,1,14,5559,46,0,0,6,1,5,1,2700118,1000000
2024MU0003791,1,1841.43,21,2,2,1,14,7139,59,7000,1,1,1,5,1,2700106,1000000
2024MU0003792,1,1841.43,26,2,1,1,11,18051,150,9000,3,1,1,5,2,2700123,1000000
2024MU0003793,1,1841.43,24,2,2,1,14,20526,171,9800,3,3,1,5,1,2700122,1000000
2024MU0003794,1,1841.43,34,1,2,1,14,99445,501,7000,1,4,1,1,1,2700106,1000000
2024MU0003795,1,1841.43,34,2,2,1,11,34660,288,5000,6,2,1,1,1,2700107,1000000
2024MU0003796,1,1841.43,27,2,3,1,16,65897,501,1000,2,1,1,1,1,2700107,1000000
2024MU0003797,1,1841.43,10,1,1,1,6,2214,18,0,0,6,1,5,1,2700104,1000000
2024MU0003798,1,1841.43,25,1,3,1,8,8682,72,7000,3,2,1,1,2,2700114,1000000
2024MU0003799,1,1841.43,34,2,6,1,7,19062,158,9800,4,1,1,1,1,2700122,1000000
2024MU0003800,1,1841.43,42,2,1,1,8,13496,112,9000,1,1,1,1,1,2700114,1000000
2024MU0003801,1,1841.43,85,2,2,1,6,5923,49,0,0,6,1,1,1,2700107,1000000
2024MU0003802,1,1841.43,15,2,3,1,14,22186,184,0,0,6,1,5,1,2700108,1000000
2024MU0003803,1,1841.43,30,1,3,1,8,19955,166,8000,1,1,1,1,1,2700104,1000000
2024MU0003804,1,1841.43,46,1,2,1,18,59384,494,1000,3,1,1,1,1,2700119,1000000
2024MU0003805,1,1841.43,22,1,3,1,12,27369,228,6000,1,1,1,1,1,2700121,1000000
2024MU0003806,1,1841.43,38,2,1,1,12,29895,249,7000,4,1,1,5,1,2700121,1000000
2024MU0003807,1,1841.43,24,1,2,1,10,41838,348,7000,1,1,1,1,2,2700119,1000000
2024MU0003808,1,1841.43,13,2,2,1,4,4351,36,0,0,6,1,5,1,2700120,1000000
2024MU0003809,1,1841.43,5,2,1,1,3,9899,82,0,0,6,1,5,1,2700113,1000000
2024MU0003810,1,1841.43,50,2,2,1,8,7390,61,5000,1,1,1,5,1,2700120,1000000
2024MU0003811,1,1841.43,98,1,3,1,7,5726,47,0,0,6,1,1,1,2700121,1000000
2024MU0003812,1,1841.43,73,2,4,1,8,2851,23,5000,1,1,1,1,1,2700100,1000000
2024MU0003813,1,1841.43,36,1,1,1,12,42321,352,9800,3,1,1,1,1,2700113,1000000
2024MU0003814,1,1841.43,22,1,9,1,16,31410,261,4000,2,1,1,5,1,2700112,1000000
2024MU0003815,1,1841.43,12,1,3,1,7,5183,43,0,0,6,1,5,1,2700117,1000000
2024MU0003816,1,1841.43,24,2,2,1,18,76387,501,5000,1,4,1,5,1,2700121,1000000
2024MU0003817,1,1841.43,40,1,1,1,11,48579,404,6000,3,5,1,5,1,2700120,1000000
2024MU0003818,1,1841.43,3,2,3,1,1,7529,62,0,0,6,1,5,1,2700114,1000000
2024MU0003819,1,1841.43,27,1,8,1,18,90376,501,4000,1,2,1,5,1,2700110,1000000
2024MU0003820,1,1841.43,93,1,2,1,12,7428,61,0,0,6,5,1,1,2700111,1000000
2024MU0003821,1,1841.43,2,1,3,1,6,2569,21,0,0,6,1,5,1,2700105,1000000
2024MU0003822,1,1841.43,7,2,2,1,5,3758,31,0,0,6,1,5,1,2700123,1000000
2024MU0003823,1,1841.43,51,2,2,1,7,10275,85,7000,4,1,1,1,1,2700122,1000000
2024MU0003824,1,1841.43,15,2,1,1,17,26172,218,0,0,6,1,5,1,2700116,1000000
2024MU0003825,1,1841.43,31,2,3,1,16,313386,501,3000,1,3,1,1,1,2700106,1000000
2024MU0003826,1,1841.43,71,2,2,1,9,19479,162,6000,1,1,1,2,1,2700101,1000000
2024MU0003827,1,1841.43,40,1,1,1,10,56948,474,7000,3,1,1,1,1,2700123,1000000
2024MU0003828,1,1841.43,18,2,2,1,12,2670,22,6000,1,1,1,1,1,2700121,1000000
2024MU0003829,1,1841.43,40,2,6,1,8,29118,242,6000,6,1,1,1,1,2700122,1000000
2024MU0003830,1,1841.43,12,1,3,1,6,39245,327,0,0,6,1,5,1,2700121,1000000
2024MU0003831,1,1841.43,57,2,1,1,5,39203,326,9000,1,2,1,1,1,2700119,1000000
2024MU0003832,1,1841.43,19,2,8,1,16,22740,189,4000,1,4,1,1,1,2700112,1000000
2024MU0003833,1,1841.43,7,2,1,1,6,24856,207,0,0,6,1,5,1,2700111,1000000
2024MU0003834,1,1841.43,18,2,1,1,14,11106,92,5000,3,2,1,5,1,2700116,1000000
2024MU0003835,1,1841.43,88,1,1,1,5,8536,71,0,0,6,1,1,1,2700120,1000000
2024MU0003836,1,1841.43,5,2,1,1,7,3235,26,0,0,6,1,5,1,2700100,1000000
2024MU0003837,1,1841.43,14,1,1,1,2,3169,26,0,0,6,1,5,1,2700107,1000000
2024MU0003838,1,1841.43,10,2,3,1,4,663,5,0,0,6,1,5,2,2700112,1000000
2024MU0003839,1,1841.43,15,2,3,1,17,47501,395,0,0,6,2,5,1,2700123,1000000
2024MU0003840,1,1841.43,61,2,3,1,10,29498,245,9000,3,1,1,1,1,2700100,1000000
2024MU0003841,1,1841.43,16,1,3,1,18,26454,220,0,0,6,1,5,1,2700104,1000000
2024MU0003842,1,1841.43,32,1,4,1,11,52767,439,9000,6,1,2,5,1,2700113,1000000
2024MU0003843,1,1841.43,27,1,1,1,11,21734,181,9800,1,1,1,5,1,2700119,1000000
2024MU0003844,1,1841.43,13,1,3,1,7,4949,41,0,0,6,1,5,1,2700121,1000000
2024MU0003845,1,1841.43,30,2,3,1,12,101160,501,7000,3,1,1,1,1,2700110,1000000
2024MU0003846,1,1841.43,5,2,9,1,5,5540,46,0,0,6,1,5,1,2700102,1000000
2024MU0003847,1,1841.43,23,2,1,1,14,26092,217,6000,1,1,1,5,1,2700114,1000000
2024MU0003848,1,1841.43,34,2,1,1,10,39969,333,9800,1,2,1,1,1,2700121,1000000
2024MU0003849,1,1841.43,49,1,3,1,9,50148,417,6000,4,1,1,5,1,2700106,1000000
2024MU0003850,1,1841.43,55,1,3,1,8,6865,57,9000,4,1,1,1,1,2700115,1000000
2024MU0003851,1,1841.43,26,1,1,1,9,33602,280,5000,4,1,1,1,1,2700107,1000000
2024MU0003852,1,1841.43,27,2,3,1,20,223941,501,3000,1,1,1,1,1,2700110,1000000
2024MU0003853,1,1841.43,40,2,1,1,8,17194,143,9800,3,1,2,1,1,2700116,1000000
2024MU0003854,1,1841.43,3,2,9,1,3,2854,23,0,0,6,1,5,1,2700117,1000000
2024MU0003855,1,1841.43,6,1,1,1,4,3185,26,0,0,6,1,5,1,2700119,1000000
2024MU0003856,1,1841.43,52,1,1,1,10,57326,477,7000,3,1,1,1,1,2700114,1000000
2024MU0003857,1,1841.43,36,2,1,1,16,61219,501,4000,1,1,1,1,1,2700106,1000000
2024MU0003858,1,1841.43,53,1,2,1,12,20506,170,9800,4,1,1,2,1,2700121,1000000
2024MU0003859,1,1841.43,64,2,1,1,10,11791,98,3000,1,1,1,1,1,2700114,1000000
2024MU0003860,1,1841.43,0,1,3,1,7,4118,34,0,0,6,1,5,1,2700123,1000000
2024MU0003861,1,1841.43,29,1,8,1,17,132453,501,3000,1,3,1,1,1,2700109,1000000
2024MU0003862,1,1841.43,43,2,1,1,7,46513,387,9920,3,1,1,1,1,2700104,1000000
2024MU0003863,1,1841.43,17,1,3,1,14,32211,268,0,0,6,1,5,1,2700116,1000000
2024MU0003864,1,1841.43,90,2,1,1,7,3844,32,0,0,6,1,5,1,2700105,1000000
2024MU0003865,1,1841.43,23,2,2,1,14,34609,288,8000,4,1,1,5,1,2700102,1000000
2024MU0003866,1,1841.43,8,1,1,1,6,2904,24,0,0,6,1,5,1,2700110,1000000
2024MU0003867,1,1841.43,1,2,1,1,4,14975,124,0,0,6,1,5,1,2700107,1000000
2024MU0003868,1,1841.43,34,2,3,1,12,108524,501,7000,4,4,1,1,2,2700100,1000000
2024MU0003869,1,1841.43,18,1,1,1,14,12254,102,8000,1,1,1,5,1,2700122,1000000
2024MU0003870,1,1841.43,42,2,6,1,8,9767,81,6000,1,1,1,2,1,2700110,1000000
2024MU0003871,1,1841.43,42,2,3,1,8,1016,8,5000,6,2,2,1,1,2700111,1000000
2024MU0003872,1,1841.43,1,1,3,1,7,1273,10,0,0,6,1,5,1,2700109,1000000
2024MU0003873,1,1841.43,8,2,9,1,5,910,7,0,0,6,1,5,1,2700100,1000000
2024MU0003874,1,1841.43,35,2,9,1,18,49740,414,3000,1,1,1,1,1,2700112,1000000
2024MU0003875,1,1841.43,17,2,3,1,18,91430,501,0,0,6,1,5,1,2700118,1000000
2024MU0003876,1,1841.43,32,2,2,1,11,17602,146,6000,1,1,1,1,1,2700115,1000000
2024MU0003877,1,1841.43,47,1,1,1,7,6860,57,7000,1,1,1,3,1,2700120,1000000
2024MU0003878,1,1841.43,38,1,3,1,13,22878,190,6000,6,1,5,1,1,2700105,1000000
2024MU0003879,1,1841.43,2,1,2,1,6,32043,267,0,0,6,1,5,1,2700123,1000000
2024MU0003880,1,1841.43,19,1,9,1,14,10428,86,7000,1,4,1,5,1,2700102,1000000
2024MU0003881,1,1841.43,36,2,1,1,8,35514,295,5000,3,1,1,1,1,2700123,1000000
2024MU0003882,1,1841.43,29,2,1,1,11,32847,273,5000,4,1,1,1,1,2700122,1000000
2024MU0003883,1,1841.43,11,1,1,1,3,819,6,0,0,6,1,5,1,2700109,1000000
2024MU0003884,1,1841.43,90,2,5,1,12,53087,442,0,0,6,1,5,1,2700119,1000000
2024MU0003885,1,1841.43,7,2,1,1,5,5524,46,0,0,6,1,5,1,2700121,1000000
2024MU0003886,1,1841.43,37,2,2,1,9,40019,333,6000,3,3,1,1,1,2700112,1000000
2024MU0003887,1,1841.43,18,2,2,1,13,37351,311,7000,1,1,2,5,1,2700119,1000000
2024MU0003888,1,1841.43,31,2,1,1,13,34191,284,6000,1,1,1,1,1,2700118,1000000
2024MU0003889,1,1841.43,27,1,2,1,13,26259,218,7000,4,5,1,5,1,2700117,1000000
2024MU0003890,1,1841.43,51,1,2,1,10,28521,237,6000,3,3,1,1,1,2700117,1000000
2024MU0003891,1,1841.43,91,2,1,1,8,15801,131,0,0,6,1,1,1,2700115,1000000
2024MU0003892,1,1841.43,44,1,2,1,10,77033,501,5000,1,2,1,1,1,2700109,1000000
2024MU0003893,1,1841.43,22,2,9,1,14,35308,294,9800,1,1,1,5,1,2700115,1000000
2024MU0003894,1,1841.43,31,2,9,1,17,63023,501,3000,1,1,1,1,1,2700105,1000000
2024MU0003895,1,1841.43,40,2,2,1,9,33629,280,9800,1,1,1,1,1,2700113,1000000
2024MU0003896,1,1841.43,59,1,2,1,5,5757,47,9920,3,1,5,1,1,2700114,1000000
2024MU0003897,1,1841.43,14,1,1,1,3,10140,84,0,0,6,1,5,1,2700112,1000000
2024MU0003898,1,1841.43,23,1,9,1,12,9648,80,8000,1,1,1,5,1,2700107,1000000
2024MU0003899,1,1841.43,31,1,1,1,10,133036,501,7000,4,3,1,1,1,2700123,1000000
2024MU0003900,1,1841.43,6,1,2,1,5,11227,93,0,0,6,1,5,1,2700119,1000000
2024MU0003901,1,1841.43,19,2,1,1,10,5727,47,9000,1,1,1,5,1,2700104,1000000
2024MU0003902,1,1841.43,2,1,1,1,7,2872,23,0,0,6,1,5,1,2700103,1000000
2024MU0003903,1,1841.43,1,1,1,1,5,2266,18,0,0,6,1,5,1,2700102,1000000
2024MU0003904,1,1841.43,19,1,3,1,13,14723,122,9800,3,1,1,5,1,2700114,1000000
2024MU0003905,1,1841.43,0,1,3,1,3,12406,103,0,0,6,1,5,1,2700102,1000000
2024MU0003906,1,1841.43,4,1,3,1,4,10347,86,0,0,6,1,5,1,2700118,1000000
2024MU0003907,1,1841.43,76,1,1,1,6,4724,39,0,0,6,1,1,1,2700121,1000000
2024MU0003908,1,1841.43,27,2,5,1,5,29164,243,9800,1,1,1,1,1,2700110,1000000
2024MU0003909,1,1841.43,17,1,1,1,10,24743,206,0,0,6,1,5,1,2700100,1000000
2024MU0003910,1,1841.43,52,2,1,1,8,11486,95,5000,1,1,1,1,1,2700107,1000000
2024MU0003911,1,1841.43,21,2,3,1,12,10822,90,3000,2,1,1,5,1,2700103,1000000
2024MU0003912,1,1841.43,15,1,8,1,10,32055,267,0,0,6,1,5,1,2700120,1000000
2024MU0003913,1,1841.43,46,2,1,1,13,91415,501,5000,1,1,1,5,1,2700102,1000000
2024MU0003914,1,1841.43,42,1,2,1,7,42708,355,5000,3,1,2,5,1,2700120,1000000
2024MU0003915,1,1841.43,32,1,2,1,11,266223,501,5000,3,1,1,5,1,2700102,1000000
2024MU0003916,1,1841.43,2,1,7,1,2,6209,51,0,0,6,1,5,1,2700100,1000000
2024MU0003917,1,1841.43,31,1,1,1,5,20803,173,8000,1,1,1,5,1,2700117,1000000
2024MU0003918,1,1841.43,18,1,2,1,17,66888,501,4000,1,1,2,5,1,2700105,1000000
2024MU0003919,1,1841.43,83,1,1,1,5,32764,273,0,0,6,5,2,1,2700118,1000000
2024MU0003920,1,1841.43,86,2,1,1,5,4095,34,0,0,6,1,1,1,2700115,1000000
2024MU0003921,1,1841.43,42,2,1,1,10,37836,315,9000,1,2,5,1,1,2700123,1000000
2024MU0003922,1,1841.43,29,1,9,1,5,4731,39,6000,4,1,1,1,1,2700116,1000000
2024MU0003923,1,1841.43,6,1,1,1,4,5272,43,0,0,6,1,5,1,2700107,1000000
2024MU0003924,1,1841.43,24,1,9,1,13,54140,451,4000,1,1,1,5,1,2700105,1000000
2024MU0003925,1,1841.43,28,1,1,1,9,14952,124,8000,4,1,1,1,1,2700106,1000000
2024MU0003926,1,1841.43,15,2,9,1,10,24093,200,0,0,6,1,5,1,2700122,1000000
2024MU0003927,1,1841.43,40,1,3,1,17,90248,501,4000,1,1,1,1,1,2700103,1000000
2024MU0003928,1,1841.43,15,1,1,1,15,21485,179,0,0,6,1,5,1,2700112,1000000
2024MU0003929,1,1841.43,5,2,3,1,5,9896,82,0,0,6,1,5,1,2700111,1000000
2024MU0003930,1,1841.43,18,2,1,1,16,20352,169,5000,1,1,1,5,1,2700114,1000000
2024MU0003931,1,1841.43,38,1,2,1,14,16315,135,6000,4,2,1,1,1,2700118,1000000
2024MU0003932,1,1841.43,42,2,2,1,10,73341,501,9000,6,1,1,1,1,2700103,1000000
2024MU0003933,1,1841.43,3,1,2,1,6,3607,30,0,0,6,1,5,1,2700109,1000000
2024MU0003934,1,1841.43,30,1,3,1,10,100806,501,8000,1,1,1,1,1,2700106,1000000
2024MU0003935,1,1841.43,34,1,4,1,10,78074,501,8000,1,1,1,5,1,2700113,1000000
2024MU0003936,1,1841.43,1,1,1,1,7,989,8,0,0,6,1,5,1,2700111,1000000
2024MU0003937,1,1841.43,42,2,8,1,13,109446,501,3000,2,1,2,1,1,2700109,1000000
2024MU0003938,1,1841.43,58,1,9,1,6,61071,501,9920,6,1,1,2,1,2700106,1000000
2024MU0003939,1,1841.43,36,1,1,1,11,89845,501,6000,4,1,1,1,1,2700107,1000000
2024MU0003940,1,1841.43,24,1,1,1,16,150417,501,2000,1,1,1,1,1,2700105,1000000
2024MU0003941,1,1841.43,25,1,2,1,6,8766,73,9800,3,1,1,1,1,2700116,1000000
2024MU0003942,1,1841.43,54,2,3,1,15,74160,501,4000,2,1,1,1,1,2700122,1000000
2024MU0003943,1,1841.43,28,1,1,1,11,33710,280,3000,2,1,1,1,1,2700117,1000000
2024MU0003944,1,1841.43,24,1,1,1,16,137145,501,5000,3,4,1,5,1,2700106,1000000
2024MU0003945,1,1841.43,12,2,3,1,2,8199,68,0,0,6,2,5,1,2700100,1000000
2024MU0003946,1,1841.43,40,1,3,1,7,11294,94,7000,1,1,1,1,1,2700120,1000000
2024MU0003947,1,1841.43,18,1,1,1,12,7469,62,9000,3,1,1,5,2,2700106,1000000
2024MU0003948,1,1841.43,31,1,8,1,9,15355,127,9000,4,1,1,1,1,2700119,1000000
2024MU0003949,1,1841.43,53,1,3,1,9,57116,475,4000,1,1,1,2,1,2700123,1000000
2024MU0003950,1,1841.43,37,1,2,1,15,93756,501,4000,1,1,1,1,1,2700112,1000000
2024MU0003951,1,1841.43,24,1,3,1,15,65922,501,4000,1,1,1,5,1,2700121,1000000
2024MU0003952,1,1841.43,28,2,1,1,8,42580,354,8000,3,1,1,5,1,2700105,1000000
2024MU0003953,1,1841.43,2,2,2,1,1,6468,53,0,0,6,1,5,1,2700114,1000000
2024MU0003954,1,1841.43,25,2,1,1,12,36420,303,4000,1,1,1,1,1,2700117,1000000
2024MU0003955,1,1841.43,51,2,1,1,9,64934,501,7000,1,1,1,1,1,2700120,1000000
2024MU0003956,1,1841.43,21,1,1,1,20,121337,501,4000,2,2,1,5,1,2700105,1000000
2024MU0003957,1,1841.43,14,2,1,1,6,1098,9,0,0,6,1,5,1,2700117,1000000
2024MU0003958,1,1841.43,19,1,3,1,18,21092,175,6000,3,1,1,5,1,2700101,1000000
2024MU0003959,1,1841.43,12,1,3,1,1,3328,27,0,0,6,1,5,1,2700116,1000000
2024MU0003960,1,1841.43,39,1,1,1,14,21971,183,6000,3,1,1,1,1,2700112,1000000
2024MU0003961,1,1841.43,18,1,1,1,12,9048,75,5000,6,4,1,5,1,2700118,1000000
2024MU0003962,1,1841.43,3,2,4,1,5,1158,9,0,0,6,1,5,2,2700119,1000000
2024MU0003963,1,1841.43,35,1,1,1,10,83103,501,6000,1,1,5,1,1,2700114,1000000
2024MU0003964,1,1841.43,39,1,1,1,12,30335,252,3000,1,1,1,1,1,2700103,1000000
2024MU0003965,1,1841.43,41,1,2,1,6,18827,156,7000,1,1,2,1,1,2700118,1000000
2024MU0003966,1,1841.43,25,1,5,1,10,30114,250,9800,1,1,1,1,1,2700112,1000000
2024MU0003967,1,1841.43,40,1,5,1,5,25040,208,5000,3,1,2,1,1,2700112,1000000
2024MU0003968,1,1841.43,51,1,3,1,5,1865,15,7000,4,1,2,1,1,2700112,1000000
2024MU0003969,1,1841.43,13,1,1,1,6,5745,47,0,0,6,1,5,1,2700105,1000000
2024MU0003970,1,1841.43,17,2,3,1,20,51973,433,0,0,6,1,5,1,2700122,1000000
2024MU0003971,1,1841.43,70,1,1,1,10,24140,201,7000,1,1,1,2,1,2700100,1000000
2024MU0003972,1,1841.43,41,1,1,1,9,19085,159,5000,1,1,1,1,1,2700114,1000000
2024MU0003973,1,1841.43,6,2,2,1,1,5580,46,0,0,6,1,5,1,2700122,1000000
2024MU0003974,1,1841.43,11,2,3,1,1,11325,94,0,0,6,1,5,1,2700122,1000000
2024MU0003975,1,1841.43,38,1,1,1,7,18659,155,6000,3,1,1,1,1,2700117,1000000
2024MU0003976,1,1841.43,40,1,1,1,18,77032,501,6000,1,2,1,5,1,2700105,1000000
2024MU0003977,1,1841.43,81,2,4,1,7,3897,32,0,0,6,1,1,2,2700106,1000000
2024MU0003978,1,1841.43,18,1,6,1,18,41846,348,3000,2,4,1,5,1,2700109,1000000
2024MU0003979,1,1841.43,16,1,3,1,17,41681,347,0,0,6,1,5,1,2700123,1000000
2024MU0003980,1,1841.43,34,1,2,1,12,55932,466,8000,1,1,1,1,1,2700110,1000000
2024MU0003981,1,1841.43,28,2,6,1,17,77214,501,2000,1,1,1,1,1,2700123,1000000
2024MU0003982,1,1841.43,23,2,3,1,13,33487,279,8000,1,4,1,1,1,2700107,1000000
2024MU0003983,1,1841.43,96,2,3,1,7,6341,52,0,0,6,1,1,1,2700100,1000000
2024MU0003984,1,1841.43,31,1,1,1,15,94258,501,3000,1,1,1,1,1,2700115,1000000
2024MU0003985,1,1841.43,2,1,1,1,5,7346,61,0,0,6,1,5,1,2700120,1000000
2024MU0003986,1,1841.43,15,1,2,1,13,13536,112,0,0,6,1,5,1,2700112,1000000
2024MU0003987,1,1841.43,46,2,1,1,7,45015,375,6000,1,1,2,1,1,2700116,1000000
2024MU0003988,1,1841.43,58,2,1,1,12,79364,501,5000,1,1,1,1,1,2700115,1000000
2024MU0003989,1,1841.43,33,1,2,1,5,20016,166,5000,4,1,1,1,1,2700115,1000000
2024MU0003990,1,1841.43,31,2,1,1,16,169320,501,6000,1,1,1,1,1,2700107,1000000
2024MU0003991,1,1841.43,21,1,5,1,10,5574,46,6000,6,1,1,5,1,2700112,1000000
2024MU0003992,1,1841.43,21,1,1,1,16,28267,235,5000,4,1,1,1,1,2700112,1000000
2024MU0003993,1,1841.43,13,2,2,1,5,5271,43,0,0,6,1,5,1,2700116,1000000
2024MU0003994,1,1841.43,0,1,3,1,5,1129,9,0,0,6,1,5,1,2700107,1000000
2024MU0003995,1,1841.43,5,1,2,1,4,5650,47,0,0,6,1,5,1,2700109,1000000
2024MU0003996,1,1841.43,20,1,2,1,18,16655,138,6000,1,1,1,5,1,2700122,1000000
2024MU0003997,1,1841.43,22,2,2,1,16,47434,395,3000,1,1,1,5,1,2700119,1000000
2024MU0003998,1,1841.43,37,2,6,1,14,30081,250,9800,1,1,1,1,1,2700107,1000000
2024MU0003999,1,1841.43,7,2,9,1,2,3911,32,0,0,6,1,5,1,2700105,1000000
2024MU0004000,1,1841.43,70,2,3,1,5,2308,19,9800,1,1,1,2,1,2700107,1000000
2024MU0004001,1,1841.43,37,2,4,1,5,31813,265,8000,3,1,1,3,1,2700115,1000000
2024MU0004002,1,1841.43,11,1,1,1,2,4619,38,0,0,6,1,5,1,2700111,1000000
2024MU0004003,1,1841.43,10,2,8,1,6,18694,155,0,0,6,1,5,1,2700118,1000000
2024MU0004004,1,1841.43,11,2,9,1,4,5095,42,0,0,6,1,5,1,2700118,1000000
2024MU0004005,1,1841.43,4,2,3,1,6,6327,52,0,0,6,1,5,1,2700101,1000000
2024MU0004006,1,1841.43,50,2,4,1,6,6747,56,9800,1,1,1,1,1,2700108,1000000
2024MU0004007,1,1841.43,18,2,2,1,14,4763,39,5000,3,3,1,5,1,2700117,1000000
2024MU0004008,1,1841.43,87,1,1,1,11,28008,233,0,0,6,1,2,1,2700119,1000000
2024MU0004009,1,1841.43,28,1,6,1,17,40981,341,3000,1,1,1,1,1,2700103,1000000
2024MU0004010,1,1841.43,22,2,3,1,19,219209,501,1000,2,1,1,5,1,2700102,1000000
2024MU0004011,1,1841.43,35,2,3,1,14,143902,501,9800,3,1,1,1,1,2700121,1000000
2024MU0004012,1,1841.43,7,2,3,1,6,8541,71,0,0,6,1,5,1,2700110,1000000
2024MU0004013,1,1841.43,3,1,6,1,8,6325,52,0,0,6,1,5,2,2700108,1000000
2024MU0004014,1,1841.43,30,1,3,1,13,52626,438,4000,3,1,1,1,1,2700122,1000000
2024MU0004015,1,1841.43,22,2,1,1,20,131252,501,4000,2,1,1,5,1,2700116,1000000
2024MU0004016,1,1841.43,29,2,2,1,5,9751,81,5000,6,1,1,5,1,2700100,1000000
2024MU0004017,1,1841.43,4,2,9,1,8,2549,21,0,0,6,1,5,1,2700116,1000000
2024MU0004018,1,1841.43,59,1,3,1,10,14461,120,8000,4,1,1,5,1,2700104,1000000
2024MU0004019,1,1841.43,21,2,9,1,12,11168,93,8000,1,1,1,5,1,2700117,1000000
2024MU0004020,1,1841.43,26,2,5,1,8,25930,216,9920,1,1,1,1,2,2700105,1000000
2024MU0004021,1,1841.43,4,2,3,1,7,1429,11,0,0,6,1,5,1,2700121,1000000
2024MU0004022,1,1841.43,3,1,1,1,5,12268,102,0,0,6,1,5,1,2700122,1000000
2024MU0004023,1,1841.43,11,1,1,1,9,25541,212,0,0,6,1,5,1,2700118,1000000
2024MU0004024,1,1841.43,21,2,3,1,12,14384,119,6000,1,1,1,5,1,2700115,1000000
2024MU0004025,1,1841.43,19,1,2,1,14,14466,120,6000,1,2,1,5,1,2700109,1000000
2024MU0004026,1,1841.43,44,1,4,1,8,13812,115,9800,1,1,1,1,1,2700120,1000000
2024MU0004027,1,1841.43,24,1,4,1,15,80988,501,6000,1,1,1,1,1,2700120,1000000
2024MU0004028,1,1841.43,56,2,1,1,10,26251,218,3000,2,1,1,5,1,2700116,1000000
2024MU0004029,1,1841.43,32,1,3,1,13,44554,371,8000,1,1,1,1,1,2700106,1000000
2024MU0004030,1,1841.43,21,1,2,1,10,12014,100,5000,1,1,1,5,1,2700103,1000000
2024MU0004031,1,1841.43,58,2,1,1,5,60173,501,9800,1,1,1,1,1,2700114,1000000
2024MU0004032,1,1841.43,2,2,2,1,1,6301,52,0,0,6,1,5,1,2700111,1000000
2024MU0004033,1,1841.43,32,1,8,1,15,104472,501,5000,3,1,1,1,1,2700115,1000000
2024MU0004034,1,1841.43,42,1,2,1,8,14812,123,9800,3,1,1,1,2,2700118,1000000
2024MU0004035,1,1841.43,48,2,1,1,8,9060,75,7000,4,1,1,5,1,2700112,1000000
2024MU0004036,1,1841.43,8,1,2,1,4,2584,21,0,0,6,1,5,1,2700119,1000000
2024MU0004037,1,1841.43,21,2,1,1,18,51146,426,3000,1,1,1,5,1,2700101,1000000
2024MU0004038,1,1841.43,25,1,2,1,5,7198,59,8000,1,1,1,1,1,2700118,1000000
2024MU0004039,1,1841.43,14,2,1,1,2,2445,20,0,0,6,1,5,1,2700122,1000000
2024MU0004040,1,1841.43,17,2,5,1,17,20754,172,0,0,6,1,5,1,2700110,1000000
2024MU0004041,1,1841.43,34,2,1,1,18,76482,501,5000,1,1,1,1,1,2700118,1000000
2024MU0004042,1,1841.43,43,1,3,1,10,95927,501,9800,1,1,1,1,1,2700117,1000000
2024MU0004043,1,1841.43,9,2,1,1,3,4492,37,0,0,6,1,5,1,2700116,1000000
2024MU0004044,1,1841.43,20,1,9,1,15,25000,208,4000,1,1,1,5,1,2700119,1000000
2024MU0004045,1,1841.43,8,2,2,1,9,11120,92,0,0,6,2,5,1,2700107,1000000
2024MU0004046,1,1841.43,16,1,5,1,15,33738,281,0,0,6,1,5,1,2700107,1000000
2024MU0004047,1,1841.43,5,2,4,1,4,2204,18,0,0,6,1,5,1,2700107,1000000
2024MU0004048,1,1841.43,7,1,3,1,4,1318,10,0,0,6,1,5,1,2700113,1000000
2024MU0004049,1,1841.43,55,2,5,1,17,220378,501,3000,2,1,1,1,1,2700123,1000000
2024MU0004050,1,1841.43,23,1,1,1,17,142867,501,2000,1,1,2,5,1,2700102,1000000
2024MU0004051,1,1841.43,42,1,3,1,11,56771,473,9000,1,1,1,1,1,2700104,1000000
2024MU0004052,1,1841.43,31,1,1,1,8,33445,278,8000,3,1,2,5,1,2700108,1000000
2024MU0004053,1,1841.43,67,1,4,1,8,30894,257,9000,1,1,1,1,1,2700119,1000000
2024MU0004054,1,1841.43,26,1,9,1,9,19971,166,5000,6,1,1,5,1,2700106,1000000
2024MU0004055,1,1841.43,35,1,8,1,8,6543,54,5000,4,4,1,1,1,2700123,1000000
2024MU0004056,1,1841.43,7,2,1,1,7,6803,56,0,0,6,1,5,1,2700121,1000000
2024MU0004057,1,1841.43,55,1,2,1,8,4132,34,9920,4,1,2,1,1,2700105,1000000
2024MU0004058,1,1841.43,3,2,2,1,3,4131,34,0,0,6,1,5,1,2700112,1000000
2024MU0004059,1,1841.43,7,1,1,1,8,3156,26,0,0,6,1,5,1,2700106,1000000
2024MU0004060,1,1841.43,0,2,1,1,2,6871,57,0,0,6,1,5,1,2700107,1000000
2024MU0004061,1,1841.43,23,1,2,1,17,59129,492,6000,1,1,1,1,1,2700102,1000000
2024MU0004062,1,1841.43,8,2,9,1,6,10465,87,0,0,6,1,5,1,2700115,1000000
2024MU0004063,1,1841.43,2,2,3,1,8,2205,18,0,0,6,1,5,1,2700115,1000000
2024MU0004064,1,1841.43,74,1,3,1,10,29759,247,6000,1,1,1,1,1,2700119,1000000
2024MU0004065,1,1841.43,18,2,2,1,17,19854,165,4000,1,1,1,5,1,2700122,1000000
2024MU0004066,1,1841.43,32,1,3,1,9,63974,501,9800,1,3,1,1,1,2700109,1000000
2024MU0004067,1,1841.43,21,2,9,1,15,16110,134,3000,1,1,1,1,1,2700105,1000000
2024MU0004068,1,1841.43,31,1,3,1,17,116757,501,6000,1,2,1,1,1,2700118,1000000
2024MU0004069,1,1841.43,25,1,1,1,5,30777,256,5000,3,1,1,5,1,2700105,1000000
2024MU0004070,1,1841.43,36,1,2,1,14,47231,393,9800,1,1,1,5,1,2700117,1000000
2024MU0004071,1,1841.43,15,2,9,1,13,24938,207,0,0,6,5,5,2,2700119,1000000
2024MU0004072,1,1841.43,7,1,2,1,2,3924,32,0,0,6,1,5,1,2700113,1000000
2024MU0004073,1,1841.43,25,2,3,1,8,7135,59,8000,3,1,1,5,1,2700105,1000000
2024MU0004074,1,1841.43,1,1,1,1,1,4599,38,0,0,6,1,5,1,2700116,1000000
2024MU0004075,1,1841.43,26,1,1,1,20,216653,501,3000,1,1,1,1,1,2700118,1000000
2024MU0004076,1,1841.43,45,2,7,1,13,11480,95,9000,6,2,1,5,1,2700115,1000000
2024MU0004077,1,1841.43,18,2,1,1,15,40513,337,1000,2,1,1,1,1,2700118,1000000
2024MU0004078,1,1841.43,42,2,1,1,11,22571,188,5000,1,1,1,5,1,2700115,1000000
2024MU0004079,1,1841.43,26,2,2,1,11,12644,105,6000,3,1,1,1,1,2700105,1000000
2024MU0004080,1,1841.43,12,2,9,1,7,6166,51,0,0,6,1,5,1,2700104,1000000
2024MU0004081,1,1841.43,34,2,1,1,15,264454,501,4000,2,3,2,5,1,2700106,1000000
2024MU0004082,1,1841.43,5,1,5,1,3,4765,39,0,0,6,1,5,1,2700108,1000000
2024MU0004083,1,1841.43,38,1,1,1,10,16874,140,5000,4,1,1,1,1,2700122,1000000
2024MU0004084,1,1841.43,18,1,6,1,16,19805,165,4000,2,1,1,1,1,2700119,1000000
2024MU0004085,1,1841.43,28,1,9,1,18,61444,501,3000,1,1,1,1,1,2700123,1000000
2024MU0004086,1,1841.43,23,1,1,1,16,88833,501,4000,1,1,1,1,1,2700116,1000000
2024MU0004087,1,1841.43,62,2,1,1,11,34533,287,9800,3,3,1,1,1,2700102,1000000
2024MU0004088,1,1841.43,39,1,1,1,15,159445,501,3000,3,1,1,1,1,2700122,1000000
2024MU0004089,1,1841.43,0,2,4,1,5,8919,74,0,0,6,5,5,1,2700101,1000000
2024MU0004090,1,1841.43,95,2,1,1,11,23113,192,0,0,6,1,2,1,2700123,1000000
2024MU0004091,1,1841.43,24,1,1,1,14,54475,453,5000,4,1,1,5,1,2700103,1000000
2024MU0004092,1,1841.43,7,1,1,1,4,3230,26,0,0,6,1,5,1,2700119,1000000
2024MU0004093,1,1841.43,7,2,2,1,6,55980,466,0,0,6,1,5,1,2700111,1000000
2024MU0004094,1,1841.43,42,2,1,1,6,24955,207,9000,1,1,1,1,1,2700102,1000000
2024MU0004095,1,1841.43,22,2,6,1,13,46896,390,7000,4,1,1,5,1,2700109,1000000
2024MU0004096,1,1841.43,3,1,6,1,5,16353,136,0,0,6,1,5,1,2700113,1000000
2024MU0004097,1,1841.43,40,2,2,1,9,46353,386,9000,3,2,1,1,1,2700123,1000000
2024MU0004098,1,1841.43,48,1,3,1,16,80419,501,3000,1,2,1,1,1,2700121,1000000
2024MU0004099,1,1841.43,5,2,3,1,9,27188,226,0,0,6,1,5,1,2700108,1000000
2024MU0004100,1,1841.43,22,2,3,1,15,179143,501,4000,1,5,1,5,1,2700123,1000000
2024MU0004101,1,1841.43,42,1,2,1,9,48522,404,6000,3,1,1,1,1,2700110,1000000
2024MU0004102,1,1841.43,98,1,2,1,9,62229,501,0,0,6,1,1,1,2700119,1000000
2024MU0004103,1,1841.43,25,1,3,1,10,27407,228,6000,3,1,1,1,1,2700107,1000000
2024MU0004104,1,1841.43,39,1,3,1,8,33797,281,9800,1,3,1,1,1,2700108,1000000
2024MU0004105,1,1841.43,24,2,1,1,17,196059,501,5000,4,5,1,5,1,2700105,1000000
2024MU0004106,1,1841.43,38,1,1,1,13,46683,389,6000,1,4,1,3,1,2700105,1000000
2024MU0004107,1,1841.43,57,2,1,1,7,19253,160,9000,3,2,1,2,1,2700108,1000000
2024MU0004108,1,1841.43,33,1,2,1,15,219241,501,3000,1,1,1,1,1,2700112,1000000
2024MU0004109,1,1841.43,56,2,2,1,10,28104,234,9000,1,1,1,5,1,2700119,1000000
2024MU0004110,1,1841.43,12,2,2,1,3,2089,17,0,0,6,1,5,1,2700105,1000000
2024MU0004111,1,1841.43,31,2,2,1,12,110791,501,6000,1,1,1,1,1,2700120,1000000
2024MU0004112,1,1841.43,40,1,5,1,7,20490,170,5000,3,1,1,1,1,2700120,1000000
2024MU0004113,1,1841.43,37,1,1,1,9,30589,254,9800,4,5,1,1,1,2700114,1000000
2024MU0004114,1,1841.43,18,2,3,1,18,31335,261,4000,1,1,1,5,1,2700108,1000000
2024MU0004115,1,1841.43,49,1,3,1,15,160723,501,4000,1,1,1,1,1,2700123,1000000
2024MU0004116,1,1841.43,22,1,2,1,13,9685,80,9800,1,1,5,5,1,2700110,1000000
2024MU0004117,1,1841.43,43,1,2,1,15,182028,501,5000,3,1,1,1,2,2700119,1000000
2024MU0004118,1,1841.43,12,2,5,1,3,5556,46,0,0,6,1,5,1,2700116,1000000
2024MU0004119,1,1841.43,42,2,1,1,6,60258,501,8000,1,1,1,1,1,2700101,1000000
2024MU0004120,1,1841.43,54,2,7,1,5,11212,93,7000,1,1,1,5,1,2700118,1000000
2024MU0004121,1,1841.43,49,1,8,1,7,48243,402,9920,4,1,1,3,1,2700122,1000000
2024MU0004122,1,1841.43,10,1,3,1,4,3867,32,0,0,6,1,5,1,2700121,1000000
2024MU0004123,1,1841.43,2,2,4,1,8,4479,37,0,0,6,1,5,1,2700115,1000000
2024MU0004124,1,1841.43,51,1,3,1,7,16726,139,5000,1,1,1,2,1,2700120,1000000
2024MU0004125,1,1841.43,32,1,2,1,10,188640,501,9800,3,1,1,1,1,2700112,1000000
2024MU0004126,1,1841.43,98,2,9,1,9,7625,63,0,0,6,1,1,1,2700101,1000000
2024MU0004127,1,1841.43,16,1,1,1,13,15407,128,0,0,6,1,5,1,2700121,1000000
2024MU0004128,1,1841.43,22,1,1,1,17,80999,501,5000,1,1,1,1,1,2700110,1000000
2024MU0004129,1,1841.43,25,1,1,1,10,28477,237,7000,3,1,1,1,1,2700121,1000000
2024MU0004130,1,1841.43,30,1,3,1,8,25558,212,6000,4,1,2,1,1,2700123,1000000
2024MU0004131,1,1841.43,86,1,1,1,9,39381,328,0,0,6,1,1,1,2700123,1000000
2024MU0004132,1,1841.43,21,2,8,1,10,15806,131,5000,1,4,1,1,2,2700112,1000000
2024MU0004133,1,1841.43,57,1,2,1,7,35888,299,7000,4,1,1,1,1,2700106,1000000
2024MU0004134,1,1841.43,40,1,6,1,8,13115,109,9800,1,1,2,1,1,2700112,1000000
2024MU0004135,1,1841.43,46,2,1,1,9,42122,351,9000,6,4,1,1,1,2700118,1000000
2024MU0004136,1,1841.43,45,2,1,1,11,21627,180,8000,1,1,1,1,1,2700123,1000000
2024MU0004137,1,1841.43,37,1,1,1,10,174617,501,9800,4,1,1,5,1,2700111,1000000
2024MU0004138,1,1841.43,20,2,1,1,16,26476,220,6000,1,3,1,5,1,2700107,1000000
2024MU0004139,1,1841.43,27,2,2,1,12,23595,196,6000,1,1,1,1,1,2700104,1000000
2024MU0004140,1,1841.43,85,1,9,1,7,10852,90,0,0,6,1,5,1,2700116,1000000
2024MU0004141,1,1841.43,11,1,2,1,8,9717,80,0,0,6,1,5,1,2700107,1000000
2024MU0004142,1,1841.43,45,1,3,1,16,78203,501,3000,2,1,1,1,1,2700117,1000000
2024MU0004143,1,1841.43,6,2,2,1,5,10356,86,0,0,6,1,5,1,2700110,1000000
2024MU0004144,1,1841.43,26,1,1,1,6,8385,69,7000,3,1,1,1,1,2700112,1000000
2024MU0004145,1,1841.43,36,1,2,1,11,118628,501,9800,3,1,1,2,1,2700114,1000000
2024MU0004146,1,1841.43,35,2,1,1,8,10400,86,7000,1,3,1,1,1,2700103,1000000
2024MU0004147,1,1841.43,94,1,8,1,7,12030,100,0,0,6,2,1,1,2700109,1000000
2024MU0004148,1,1841.43,22,2,4,1,12,29934,249,6000,3,1,1,5,1,2700119,1000000
2024MU0004149,1,1841.43,28,2,2,1,13,13205,110,9000,1,1,1,1,1,2700102,1000000
2024MU0004150,1,1841.43,37,1,3,1,6,5164,43,9000,3,4,1,5,1,2700102,1000000
2024MU0004151,1,1841.43,58,2,1,1,16,63210,501,6000,3,1,1,5,1,2700118,1000000
2024MU0004152,1,1841.43,35,1,3,1,8,35467,295,8000,1,1,1,5,1,2700111,1000000
2024MU0004153,1,1841.43,39,1,5,1,13,11182,93,9800,4,1,1,1,1,2700113,1000000
2024MU0004154,1,1841.43,56,1,5,1,15,120616,501,3000,3,1,1,2,2,2700106,1000000
2024MU0004155,1,1841.43,5,2,1,1,3,4883,40,0,0,6,1,5,1,2700117,1000000
2024MU0004156,1,1841.43,34,2,1,1,17,43171,359,6000,1,2,1,5,1,2700112,1000000
2024MU0004157,1,1841.43,24,1,2,1,14,16631,138,6000,1,1,1,1,1,2700110,1000000
2024MU0004158,1,1841.43,5,1,9,1,9,6228,51,0,0,6,1,5,1,2700101,1000000
2024MU0004159,1,1841.43,22,1,8,1,20,163276,501,4000,1,1,1,5,1,2700102,1000000
2024MU0004160,1,1841.43,32,2,2,1,8,51812,431,9920,3,2,1,1,1,2700111,1000000
2024MU0004161,1,1841.43,4,2,4,1,7,9471,78,0,0,6,1,5,1,2700111,1000000
2024MU0004162,1,1841.43,40,2,8,1,6,12016,100,9000,1,1,1,5,1,2700114,1000000
2024MU0004163,1,1841.43,30,2,1,1,8,8256,68,9800,4,1,1,1,1,2700121,1000000
2024MU0004164,1,1841.43,5,2,5,1,1,1152,9,0,0,6,1,5,1,2700107,1000000
2024MU0004165,1,1841.43,31,1,1,1,7,11842,98,9920,4,1,1,1,1,2700118,1000000
2024MU0004166,1,1841.43,82,1,1,1,8,3254,27,0,0,6,1,1,1,2700107,1000000
2024MU0004167,1,1841.43,51,2,1,1,9,35408,295,6000,1,1,1,1,1,2700120,1000000
2024MU0004168,1,1841.43,12,1,2,1,6,4013,33,0,0,6,1,5,1,2700109,1000000
2024MU0004169,1,1841.43,20,1,6,1,14,7809,65,7000,4,2,1,5,1,2700107,1000000
2024MU0004170,1,1841.43,30,2,2,1,18,90177,501,6000,4,1,1,1,1,2700121,1000000
2024MU0004171,1,1841.43,26,2,1,1,5,6135,51,9000,3,1,2,1,1,2700120,1000000
2024MU0004172,1,1841.43,55,1,1,1,5,8866,73,9920,1,1,1,1,1,2700119,1000000
2024MU0004173,1,1841.43,18,2,3,1,17,70092,501,4000,1,1,1,5,1,2700104,1000000
2024MU0004174,1,1841.43,42,2,3,1,14,62616,501,9000,1,3,1,1,1,2700109,1000000
2024MU0004175,1,1841.43,40,1,3,1,12,63213,501,3000,1,1,1,5,1,2700100,1000000
2024MU0004176,1,1841.43,15,1,1,1,15,54349,452,0,0,6,1,5,1,2700103,1000000
2024MU0004177,1,1841.43,36,1,4,1,9,83182,501,6000,3,1,1,1,1,2700110,1000000
2024MU0004178,1,1841.43,10,1,8,1,1,12529,104,0,0,6,1,5,1,2700100,1000000
2024MU0004179,1,1841.43,40,2,2,1,9,65789,501,9000,4,1,1,1,1,2700122,1000000
2024MU0004180,1,1841.43,44,1,3,1,9,50308,419,6000,6,1,1,1,1,2700113,1000000
2024MU0004181,1,1841.43,49,1,8,1,8,9993,83,7000,4,3,1,1,1,2700121,1000000
2024MU0004182,1,1841.43,37,1,3,1,12,24475,203,9800,6,1,1,1,2,2700111,1000000
2024MU0004183,1,1841.43,19,1,3,1,17,50280,419,4000,1,1,1,5,1,2700110,1000000
2024MU0004184,1,1841.43,32,1,3,1,13,40319,335,5000,1,1,1,5,1,2700121,1000000
2024MU0004185,1,1841.43,17,2,1,1,13,4205,35,0,0,6,1,5,1,2700105,1000000
2024MU0004186,1,1841.43,29,1,3,1,12,6712,55,7000,1,1,1,1,1,2700109,1000000
2024MU0004187,1,1841.43,7,2,6,1,2,22339,186,0,0,6,1,5,1,2700118,1000000
2024MU0004188,1,1841.43,18,2,1,1,12,5463,45,7000,1,1,1,1,1,2700119,1000000
2024MU0004189,1,1841.43,21,1,8,1,17,19619,163,6000,3,1,1,5,1,2700100,1000000
2024MU0004190,1,1841.43,0,2,3,1,6,10705,89,0,0,6,1,5,1,2700116,1000000
2024MU0004191,1,1841.43,39,2,2,1,14,18700,155,9000,1,1,1,5,1,2700106,1000000
2024MU0004192,1,1841.43,36,1,3,1,7,24525,204,8000,1,1,1,1,1,2700119,1000000
2024MU0004193,1,1841.43,3,1,2,1,8,17216,143,0,0,6,1,5,1,2700101,1000000
2024MU0004194,1,1841.43,18,2,5,1,12,47844,398,6000,4,1,1,5,1,2700123,1000000
2024MU0004195,1,1841.43,23,2,2,1,18,60378,501,6000,6,1,1,5,1,2700106,1000000
2024MU0004196,1,1841.43,9,1,8,1,4,3969,33,0,0,6,1,5,1,2700109,1000000
2024MU0004197,1,1841.43,58,1,2,1,6,9729,81,9000,1,1,1,1,1,2700117,1000000
2024MU0004198,1,1841.43,36,1,3,1,9,43034,358,6000,1,2,1,1,1,2700111,1000000
2024MU0004199,1,1841.43,25,1,9,1,8,30196,251,7000,1,5,1,1,1,2700110,1000000
2024MU0004200,1,1841.43,2,2,1,1,4,1308,10,0,0,6,1,5,1,2700122,1000000
2024MU0004201,1,1841.43,48,1,3,1,16,174747,501,3000,1,1,1,1,1,2700115,1000000
2024MU0004202,1,1841.43,42,1,1,1,8,13710,114,9920,4,4,1,5,1,2700106,1000000
2024MU0004203,1,1841.43,54,1,5,1,10,94650,501,9000,3,1,1,4,1,2700113,1000000
2024MU0004204,1,1841.43,52,1,3,1,14,91198,501,6000,1,2,1,1,1,2700102,1000000
2024MU0004205,1,1841.43,56,1,9,1,10,27309,227,5000,3,1,1,1,1,2700120,1000000
2024MU0004206,1,1841.43,10,1,6,1,4,3668,30,0,0,6,1,5,1,2700123,1000000
2024MU0004207,1,1841.43,28,1,1,1,20,248509,501,1000,1,1,1,1,1,2700107,1000000
2024MU0004208,1,1841.43,46,2,1,1,6,35206,293,7000,6,1,1,5,1,2700100,1000000
2024MU0004209,1,1841.43,8,2,3,1,5,554,4,0,0,6,1,5,1,2700120,1000000
2024MU0004210,1,1841.43,6,1,2,1,6,8165,68,0,0,6,1,5,1,2700120,1000000
2024MU0004211,1,1841.43,42,1,1,1,5,59844,498,7000,1,4,1,5,2,2700102,1000000
2024MU0004212,1,1841.43,51,1,1,1,11,43430,361,6000,6,4,1,3,1,2700120,1000000
2024MU0004213,1,1841.43,0,1,3,1,3,8571,71,0,0,6,5,5,1,2700116,1000000
2024MU0004214,1,1841.43,41,1,1,1,6,44592,371,9920,1,1,1,5,2,2700113,1000000
2024MU0004215,1,1841.43,50,1,7,1,7,15950,132,9920,1,2,5,1,1,2700109,1000000
2024MU0004216,1,1841.43,19,2,5,1,20,89602,501,3000,1,1,1,5,1,2700109,1000000
2024MU0004217,1,1841.43,43,1,4,1,14,43967,366,6000,4,1,1,1,1,2700100,1000000
2024MU0004218,1,1841.43,5,1,1,1,3,3844,32,0,0,6,1,5,1,2700111,1000000
2024MU0004219,1,1841.43,6,2,1,1,2,2360,19,0,0,6,1,5,1,2700114,1000000
2024MU0004220,1,1841.43,47,2,2,1,8,18411,153,9800,3,1,1,1,1,2700114,1000000
2024MU0004221,1,1841.43,42,1,9,1,10,163263,501,6000,4,1,1,1,1,2700109,1000000
2024MU0004222,1,1841.43,1,1,1,1,7,1946,16,0,0,6,1,5,1,2700100,1000000
2024MU0004223,1,1841.43,39,1,1,1,18,171518,501,3000,1,1,1,2,1,2700105,1000000
2024MU0004224,1,1841.43,96,1,1,1,10,22731,189,0,0,6,1,1,1,2700113,1000000
2024MU0004225,1,1841.43,28,1,3,1,12,81571,501,5000,1,1,1,5,1,2700121,1000000
2024MU0004226,1,1841.43,23,1,3,1,12,93049,501,6000,1,1,1,5,1,2700109,1000000
2024MU0004227,1,1841.43,30,1,1,1,6,7653,63,5000,3,2,1,1,1,2700116,1000000
2024MU0004228,1,1841.43,16,2,2,1,16,20983,174,0,0,6,1,5,1,2700100,1000000
2024MU0004229,1,1841.43,40,2,3,1,9,30291,252,9800,4,1,1,2,1,2700120,1000000
2024MU0004230,1,1841.43,27,1,2,1,15,59061,492,4000,1,1,1,1,1,2700117,1000000
2024MU0004231,1,1841.43,15,1,3,1,14,8242,68,0,0,6,1,5,1,2700118,1000000
2024MU0004232,1,1841.43,1,1,5,1,1,5290,44,0,0,6,1,5,1,2700122,1000000
2024MU0004233,1,1841.43,14,1,3,1,4,2028,16,0,0,6,1,5,1,2700102,1000000
2024MU0004234,1,1841.43,21,1,3,1,20,41799,348,1000,1,2,1,5,1,2700116,1000000
2024MU0004235,1,1841.43,3,2,6,1,6,2129,17,0,0,6,1,5,1,2700116,1000000
2024MU0004236,1,1841.43,76,2,8,1,5,9906,82,0,0,6,2,1,1,2700104,1000000
2024MU0004237,1,1841.43,23,2,2,1,18,76008,501,3000,2,2,1,5,2,2700113,1000000
2024MU0004238,1,1841.43,20,2,1,1,14,9201,76,6000,1,2,1,1,1,2700115,1000000
2024MU0004239,1,1841.43,3,2,5,1,4,2043,17,0,0,6,1,5,1,2700102,1000000
2024MU0004240,1,1841.43,49,2,1,1,8,4442,37,8000,3,1,1,1,1,2700104,1000000
2024MU0004241,1,1841.43,34,2,8,1,12,136543,501,9000,1,1,1,1,1,2700105,1000000
2024MU0004242,1,1841.43,24,1,1,1,15,66411,501,3000,3,1,1,5,1,2700122,1000000
2024MU0004243,1,1841.43,33,1,8,1,12,290589,501,9800,4,1,1,1,1,2700103,1000000
2024MU0004244,1,1841.43,22,2,3,1,15,125559,501,5000,3,1,1,5,1,2700122,1000000
2024MU0004245,1,1841.43,49,2,4,1,6,69266,501,9800,1,5,1,1,1,2700102,1000000
2024MU0004246,1,1841.43,75,1,2,1,6,14789,123,6000,1,1,1,5,1,2700103,1000000
2024MU0004247,1,1841.43,12,1,9,1,7,4549,37,0,0,6,1,5,1,2700106,1000000
2024MU0004248,1,1841.43,22,1,1,1,16,55174,459,4000,1,1,1,5,1,2700102,1000000
2024MU0004249,1,1841.43,17,2,1,1,14,5498,45,0,0,6,1,5,1,2700123,1000000
2024MU0004250,1,1841.43,74,1,1,1,5,16359,136,8000,3,1,1,1,1,2700111,1000000
2024MU0004251,1,1841.43,54,2,9,1,5,16515,137,7000,1,2,1,1,1,2700109,1000000
2024MU0004252,1,1841.43,43,2,2,1,8,26252,218,6000,4,1,1,2,1,2700122,1000000
2024MU0004253,1,1841.43,27,2,3,1,6,20507,170,9920,4,1,1,5,1,2700104,1000000
2024MU0004254,1,1841.43,9,1,3,1,4,5328,44,0,0,6,2,5,1,2700113,1000000
2024MU0004255,1,1841.43,8,1,7,1,7,2747,22,0,0,6,1,5,1,2700101,1000000
2024MU0004256,1,1841.43,22,1,3,1,13,59026,491,9800,1,1,1,5,1,2700122,1000000
2024MU0004257,1,1841.43,32,1,3,1,15,105178,501,3000,2,2,1,5,1,2700101,1000000
2024MU0004258,1,1841.43,58,1,3,1,11,38692,322,9800,3,1,1,1,1,2700114,1000000
2024MU0004259,1,1841.43,29,2,4,1,7,18972,158,8000,1,1,1,1,1,2700101,1000000
2024MU0004260,1,1841.43,11,1,1,1,5,3823,31,0,0,6,1,5,1,2700103,1000000
2024MU0004261,1,1841.43,40,2,1,1,6,3744,31,5000,1,1,1,1,1,2700109,1000000
2024MU0004262,1,1841.43,30,2,1,1,12,90285,501,6000,1,1,2,5,1,2700111,1000000
2024MU0004263,1,1841.43,36,1,2,1,7,43750,364,5000,4,4,1,1,1,2700112,1000000
2024MU0004264,1,1841.43,25,2,2,1,10,8063,67,4000,1,1,1,1,1,2700108,1000000
2024MU0004265,1,1841.43,16,2,3,1,15,15836,131,0,0,6,1,5,1,2700103,1000000
2024MU0004266,1,1841.43,10,1,9,1,1,20234,168,0,0,6,1,5,1,2700111,1000000
2024MU0004267,1,1841.43,48,1,1,1,6,19301,160,5000,3,1,1,1,1,2700123,1000000
2024MU0004268,1,1841.43,82,1,4,1,6,6698,55,0,0,6,1,4,1,2700105,1000000
2024MU0004269,1,1841.43,8,1,2,1,4,2849,23,0,0,6,2,5,2,2700106,1000000
2024MU0004270,1,1841.43,5,2,1,1,7,1757,14,0,0,6,1,5,1,2700117,1000000
2024MU0004271,1,1841.43,31,1,3,1,8,13722,114,7000,4,1,1,1,1,2700117,1000000
2024MU0004272,1,1841.43,37,2,9,1,9,86199,501,6000,3,3,1,1,1,2700105,1000000
2024MU0004273,1,1841.43,44,1,1,1,9,43102,359,5000,6,4,1,1,1,2700118,1000000
2024MU0004274,1,1841.43,17,1,2,1,13,16701,139,0,0,6,1,5,1,2700121,1000000
2024MU0004275,1,1841.43,20,2,1,1,16,85429,501,4000,2,1,1,5,1,2700113,1000000
2024MU0004276,1,1841.43,20,2,1,1,13,7256,60,6000,1,1,1,5,1,2700103,1000000
2024MU0004277,1,1841.43,30,1,3,1,14,53870,448,6000,4,4,1,5,1,2700119,1000000
2024MU0004278,1,1841.43,48,1,6,1,9,88026,501,5000,1,1,1,1,1,2700111,1000000
2024MU0004279,1,1841.43,20,2,3,1,11,5670,47,8000,6,2,1,5,1,2700115,1000000
2024MU0004280,1,1841.43,39,2,2,1,12,49363,411,3000,1,1,1,1,1,2700113,1000000
2024MU0004281,1,1841.43,36,1,8,1,12,161611,501,6000,6,1,1,1,1,2700107,1000000
2024MU0004282,1,1841.43,18,1,1,1,14,8585,71,9800,1,5,1,1,1,2700109,1000000
2024MU0004283,1,1841.43,42,1,4,1,5,37684,314,7000,1,1,1,1,1,2700110,1000000
2024MU0004284,1,1841.43,24,1,2,1,12,26319,219,6000,1,1,1,5,1,2700122,1000000
2024MU0004285,1,1841.43,8,2,8,1,4,16910,140,0,0,6,1,5,1,2700115,1000000
2024MU0004286,1,1841.43,51,2,4,1,6,3581,29,5000,1,1,1,1,1,2700116,1000000
2024MU0004287,1,1841.43,24,2,8,1,15,82111,501,4000,2,1,1,5,1,2700121,1000000
2024MU0004288,1,1841.43,20,1,1,1,17,12194,101,6000,1,1,1,5,1,2700109,1000000
2024MU0004289,1,1841.43,10,2,3,1,7,2287,19,0,0,6,1,5,1,2700103,1000000
2024MU0004290,1,1841.43,17,1,3,1,16,19378,161,0,0,6,1,5,1,2700115,1000000
2024MU0004291,1,1841.43,10,2,3,1,6,3237,26,0,0,6,1,5,1,2700101,1000000
2024MU0004292,1,1841.43,18,1,2,1,16,14516,120,3000,2,3,1,1,1,2700115,1000000
2024MU0004293,1,1841.43,35,1,1,1,19,230141,501,3000,2,1,1,1,1,2700117,1000000
2024MU0004294,1,1841.43,31,2,1,1,9,60153,501,7000,3,1,1,1,1,2700105,1000000
2024MU0004295,1,1841.43,29,1,1,1,9,9942,82,4000,3,1,1,1,1,2700119,1000000
2024MU0004296,1,1841.43,48,2,6,1,6,9646,80,9920,1,2,1,1,1,2700120,1000000
2024MU0004297,1,1841.43,16,2,6,1,15,136028,501,0,0,6,1,5,1,2700107,1000000
2024MU0004298,1,1841.43,1,1,1,1,1,5215,43,0,0,6,1,5,1,2700103,1000000
2024MU0004299,1,1841.43,21,2,9,1,13,3052,25,7000,1,1,1,1,1,2700110,1000000
2024MU0004300,1,1841.43,24,1,1,1,15,34083,284,2000,1,1,1,5,1,2700101,1000000
2024MU0004301,1,1841.43,30,1,2,1,18,135654,501,3000,1,1,2,1,1,2700101,1000000
2024MU0004302,1,1841.43,30,2,1,1,18,125834,501,4000,1,1,1,1,1,2700118,1000000
2024MU0004303,1,1841.43,49,2,6,1,11,28885,240,6000,6,1,1,1,1,2700122,1000000
2024MU0004304,1,1841.43,36,1,3,1,10,202327,501,8000,1,5,1,5,1,2700106,1000000
2024MU0004305,1,1841.43,18,2,2,1,18,142523,501,3000,1,1,1,5,1,2700122,1000000
2024MU0004306,1,1841.43,20,1,3,1,18,25270,210,3000,3,1,1,5,1,2700102,1000000
2024MU0004307,1,1841.43,15,2,1,1,19,92272,501,0,0,6,1,5,1,2700108,1000000
2024MU0004308,1,1841.43,0,2,2,1,5,8388,69,0,0,6,1,5,1,2700115,1000000
2024MU0004309,1,1841.43,33,1,2,1,8,37310,310,6000,6,1,1,1,1,2700106,1000000
2024MU0004310,1,1841.43,7,2,1,1,1,2401,20,0,0,6,1,5,1,2700113,1000000
2024MU0004311,1,1841.43,51,1,7,1,15,316054,501,5000,6,1,1,2,1,2700111,1000000
2024MU0004312,1,1841.43,52,1,3,1,5,12646,105,6000,4,2,1,1,1,2700111,1000000
2024MU0004313,1,1841.43,20,2,1,1,13,14638,121,3000,1,1,1,5,1,2700108,1000000
2024MU0004314,1,1841.43,35,1,1,1,11,43640,363,6000,1,4,1,1,1,2700106,1000000
2024MU0004315,1,1841.43,30,1,1,1,5,14336,119,6000,3,1,1,1,1,2700104,1000000
2024MU0004316,1,1841.43,32,2,1,1,16,139995,501,6000,1,5,1,1,1,2700107,1000000
2024MU0004317,1,1841.43,19,1,2,1,13,4750,39,7000,1,2,1,5,1,2700109,1000000
2024MU0004318,1,1841.43,20,1,1,1,10,2741,22,5000,6,1,1,5,1,2700118,1000000
2024MU0004319,1,1841.43,26,2,3,1,20,142937,501,4000,1,1,1,5,1,2700121,1000000
2024MU0004320,1,1841.43,32,2,2,1,9,23529,196,5000,3,1,1,1,1,2700123,1000000
2024MU0004321,1,1841.43,10,2,1,1,7,6210,51,0,0,6,1,5,1,2700118,1000000
2024MU0004322,1,1841.43,56,1,9,1,9,49200,409,9000,3,1,1,1,1,2700108,1000000
2024MU0004323,1,1841.43,43,2,1,1,11,43991,366,8000,1,1,1,1,1,2700117,1000000
2024MU0004324,1,1841.43,24,2,2,1,13,81957,501,7000,1,1,1,5,1,2700116,1000000
2024MU0004325,1,1841.43,32,1,2,1,11,43389,361,6000,6,1,1,1,1,2700112,1000000
2024MU0004326,1,1841.43,27,1,1,1,8,3328,27,9920,4,1,1,1,1,2700111,1000000
2024MU0004327,1,1841.43,46,1,1,1,16,103583,501,4000,1,1,1,1,1,2700109,1000000
2024MU0004328,1,1841.43,22,1,1,1,11,65942,501,6000,1,1,1,5,1,2700121,1000000
2024MU0004329,1,1841.43,33,1,6,1,9,11653,97,6000,3,2,1,5,1,2700105,1000000
2024MU0004330,1,1841.43,5,2,4,1,7,3717,30,0,0,6,1,5,1,2700112,1000000
2024MU0004331,1,1841.43,15,2,3,1,15,41827,348,0,0,6,2,5,1,2700115,1000000
2024MU0004332,1,1841.43,48,2,2,1,10,278978,501,6000,3,1,1,1,1,2700103,1000000
2024MU0004333,1,1841.43,33,2,2,1,12,101529,501,6000,4,1,1,1,1,2700117,1000000
2024MU0004334,1,1841.43,12,2,1,1,1,4456,37,0,0,6,1,5,1,2700118,1000000
2024MU0004335,1,1841.43,8,2,1,1,1,6079,50,0,0,6,1,5,1,2700117,1000000
2024MU0004336,1,1841.43,16,1,1,1,19,23090,192,0,0,6,1,5,1,2700111,1000000
2024MU0004337,1,1841.43,55,1,2,1,7,5768,48,5000,4,1,1,3,1,2700119,1000000
2024MU0004338,1,1841.43,5,1,1,1,4,6746,56,0,0,6,1,5,1,2700109,1000000
2024MU0004339,1,1841.43,13,1,1,1,6,4559,37,0,0,6,1,5,1,2700110,1000000
2024MU0004340,1,1841.43,4,1,1,1,3,5049,42,0,0,6,1,5,1,2700107,1000000
2024MU0004341,1,1841.43,32,1,2,1,13,44631,371,4000,2,1,1,1,1,2700114,1000000
2024MU0004342,1,1841.43,2,1,2,1,4,3991,33,0,0,6,1,5,1,2700101,1000000
2024MU0004343,1,1841.43,42,1,1,1,13,46834,390,7000,4,1,1,1,1,2700106,1000000
2024MU0004344,1,1841.43,39,1,1,1,9,20808,173,7000,4,1,1,1,1,2700119,1000000
2024MU0004345,1,1841.43,52,1,1,1,7,11123,92,5000,1,3,1,2,1,2700105,1000000
2024MU0004346,1,1841.43,0,2,1,1,7,1481,12,0,0,6,1,5,1,2700116,1000000
2024MU0004347,1,1841.43,59,1,1,1,8,8138,67,5000,4,1,1,1,1,2700116,1000000
2024MU0004348,1,1841.43,16,2,1,1,14,25163,209,0,0,6,1,5,1,2700122,1000000
2024MU0004349,1,1841.43,9,2,3,1,6,3468,28,0,0,6,1,5,1,2700122,1000000
2024MU0004350,1,1841.43,18,2,2,1,16,42341,352,2000,1,1,1,5,1,2700106,1000000
2024MU0004351,1,1841.43,42,2,1,1,9,47241,393,6000,6,1,1,1,1,2700118,1000000
2024MU0004352,1,1841.43,77,2,1,1,6,4909,40,0,0,6,1,1,1,2700105,1000000
2024MU0004353,1,1841.43,52,1,1,1,12,17925,149,7000,4,1,1,5,1,2700109,1000000
2024MU0004354,1,1841.43,92,2,1,1,5,4850,40,0,0,6,1,5,1,2700123,1000000
2024MU0004355,1,1841.43,38,2,9,1,17,132220,501,3000,1,2,1,1,1,2700123,1000000
2024MU0004356,1,1841.43,38,2,5,1,7,25500,212,9800,4,3,1,1,1,2700107,1000000
2024MU0004357,1,1841.43,54,1,1,1,12,39562,329,5000,3,1,1,2,1,2700122,1000000
2024MU0004358,1,1841.43,80,2,3,1,7,11231,93,0,0,6,1,1,2,2700103,1000000
2024MU0004359,1,1841.43,29,2,1,1,8,3167,26,5000,6,1,1,5,1,2700120,1000000
2024MU0004360,1,1841.43,64,2,1,1,7,26724,222,9920,1,3,1,1,2,2700121,1000000
2024MU0004361,1,1841.43,20,2,3,1,13,4945,41,6000,1,1,1,1,1,2700116,1000000
2024MU0004362,1,1841.43,21,1,1,1,12,21687,180,5000,1,2,1,5,1,2700101,1000000
2024MU0004363,1,1841.43,6,1,2,1,3,5990,49,0,0,6,1,5,1,2700121,1000000
2024MU0004364,1,1841.43,86,1,3,1,11,4903,40,0,0,6,1,1,1,2700118,1000000
2024MU0004365,1,1841.43,51,1,3,1,6,24090,200,9920,1,1,1,1,1,2700118,1000000
2024MU0004366,1,1841.43,53,1,9,1,18,179343,501,3000,1,1,1,1,1,2700103,1000000
2024MU0004367,1,1841.43,15,1,4,1,10,26279,218,0,0,6,1,5,1,2700115,1000000
2024MU0004368,1,1841.43,41,1,4,1,11,25445,212,9800,1,1,1,5,1,2700116,1000000
2024MU0004369,1,1841.43,14,1,2,1,7,4626,38,0,0,6,1,5,1,2700120,1000000
2024MU0004370,1,1841.43,88,1,1,1,12,29524,246,0,0,6,2,1,1,2700107,1000000
2024MU0004371,1,1841.43,33,2,3,1,7,28893,240,5000,3,1,1,5,1,2700107,1000000
2024MU0004372,1,1841.43,14,2,9,1,6,5561,46,0,0,6,1,5,1,2700106,1000000
2024MU0004373,1,1841.43,18,2,2,1,12,8081,67,9800,1,2,1,5,1,2700106,1000000
2024MU0004374,1,1841.43,11,1,9,1,4,8834,73,0,0,6,1,5,1,2700103,1000000
2024MU0004375,1,1841.43,50,2,1,1,11,72814,501,5000,4,1,1,5,1,2700105,1000000
2024MU0004376,1,1841.43,32,1,1,1,9,39117,325,9800,1,1,1,1,1,2700117,1000000
2024MU0004377,1,1841.43,24,2,1,1,13,16787,139,7000,1,2,1,5,1,2700110,1000000
2024MU0004378,1,1841.43,14,2,2,1,2,2238,18,0,0,6,1,5,1,2700114,1000000
2024MU0004379,1,1841.43,98,2,4,1,5,19904,165,0,0,6,2,1,1,2700120,1000000
2024MU0004380,1,1841.43,21,2,1,1,12,21194,176,5000,1,1,1,1,1,2700115,1000000
2024MU0004381,1,1841.43,44,1,8,1,13,42971,358,9800,3,2,1,1,1,2700122,1000000
2024MU0004382,1,1841.43,27,1,2,1,5,9113,75,7000,4,1,1,5,1,2700111,1000000
2024MU0004383,1,1841.43,21,2,2,1,17,10250,85,5000,3,3,1,1,1,2700123,1000000
2024MU0004384,1,1841.43,92,1,4,1,10,17116,142,0,0,6,1,1,2,2700110,1000000
2024MU0004385,1,1841.43,42,1,1,1,10,18930,157,8000,1,1,1,5,1,2700106,1000000
2024MU0004386,1,1841.43,18,2,4,1,17,32579,271,5000,3,1,1,5,1,2700109,1000000
2024MU0004387,1,1841.43,15,1,1,1,16,60305,501,0,0,6,1,5,1,2700102,1000000
2024MU0004388,1,1841.43,44,2,1,1,9,21938,182,6000,1,1,1,1,1,2700104,1000000
2024MU0004389,1,1841.43,29,2,3,1,10,34333,286,9800,1,2,1,1,1,2700108,1000000
2024MU0004390,1,1841.43,76,1,8,1,12,36508,304,0,0,6,1,1,1,2700121,1000000
2024MU0004391,1,1841.43,27,1,3,1,18,90132,501,4000,1,1,1,1,1,2700103,1000000
2024MU0004392,1,1841.43,41,1,3,1,11,30198,251,4000,1,5,1,1,1,2700121,1000000
2024MU0004393,1,1841.43,2,1,4,1,2,4041,33,0,0,6,1,5,1,2700115,1000000
2024MU0004394,1,1841.43,44,1,1,1,9,85169,501,4000,1,1,1,1,1,2700116,1000000
2024MU0004395,1,1841.43,53,1,5,1,9,43643,363,9000,4,1,1,1,1,2700118,1000000
2024MU0004396,1,1841.43,19,1,2,1,17,29554,246,6000,6,1,1,5,1,2700119,1000000
2024MU0004397,1,1841.43,31,1,1,1,13,97892,501,8000,1,1,1,5,1,2700114,1000000
2024MU0004398,1,1841.43,43,2,2,1,9,62490,501,6000,1,2,1,1,1,2700106,1000000
2024MU0004399,1,1841.43,10,2,1,1,6,1531,12,0,0,6,1,5,1,2700101,1000000
2024MU0004400,1,1841.43,53,2,1,1,5,22139,184,6000,1,4,1,1,2,2700122,1000000
2024MU0004401,1,1841.43,15,1,1,1,17,52352,436,0,0,6,1,5,1,2700107,1000000
2024MU0004402,1,1841.43,5,1,1,1,3,1489,12,0,0,6,1,5,1,2700112,1000000
2024MU0004403,1,1841.43,62,2,3,1,9,7419,61,7000,1,1,1,1,1,2700112,1000000
2024MU0004404,1,1841.43,36,1,3,1,7,6965,58,5000,6,2,1,1,2,2700123,1000000
2024MU0004405,1,1841.43,46,1,3,1,6,14769,123,7000,6,2,1,1,1,2700122,1000000
2024MU0004406,1,1841.43,89,2,1,1,5,14983,124,0,0,6,1,1,1,2700107,1000000
2024MU0004407,1,1841.43,31,1,4,1,16,69407,501,4000,1,1,1,1,1,2700123,1000000
2024MU0004408,1,1841.43,46,1,1,1,10,64273,501,6000,1,1,1,1,1,2700100,1000000
2024MU0004409,1,1841.43,26,2,3,1,10,3836,31,6000,3,1,1,1,1,2700116,1000000
2024MU0004410,1,1841.43,67,2,1,1,10,20600,171,6000,1,1,1,2,1,2700106,1000000
2024MU0004411,1,1841.43,72,1,2,1,8,4824,40,7000,3,1,1,1,1,2700107,1000000
2024MU0004412,1,1841.43,26,1,1,1,12,126231,501,8000,4,5,1,5,1,2700120,1000000
2024MU0004413,1,1841.43,58,2,4,1,9,9657,80,9000,4,1,1,1,1,2700117,1000000
2024MU0004414,1,1841.43,17,2,8,1,10,10784,89,0,0,6,1,5,1,2700109,1000000
2024MU0004415,1,1841.43,25,1,3,1,8,2340,19,9000,4,1,1,5,1,2700122,1000000
2024MU0004416,1,1841.43,40,2,1,1,6,10327,86,5000,1,1,1,1,1,2700119,1000000
2024MU0004417,1,1841.43,80,2,1,1,9,5519,45,0,0,6,1,1,1,2700120,1000000
2024MU0004418,1,1841.43,31,1,8,1,8,101007,501,9920,1,1,1,5,1,2700100,1000000
2024MU0004419,1,1841.43,9,2,2,1,4,3015,25,0,0,6,1,5,1,2700103,1000000
2024MU0004420,1,1841.43,28,2,9,1,9,25062,208,7000,6,1,1,1,2,2700120,1000000
2024MU0004421,1,1841.43,9,1,2,1,2,3873,32,0,0,6,1,5,1,2700108,1000000
2024MU0004422,1,1841.43,27,2,9,1,18,40034,333,6000,1,2,1,1,1,2700104,1000000
2024MU0004423,1,1841.43,43,1,8,1,15,223119,501,6000,1,1,1,5,1,2700120,1000000
2024MU0004424,1,1841.43,59,2,3,1,5,22295,185,7000,1,1,1,4,1,2700107,1000000
2024MU0004425,1,1841.43,76,2,1,1,10,34523,287,0,0,6,1,5,1,2700119,1000000
2024MU0004426,1,1841.43,32,1,2,1,11,18578,154,9800,1,1,1,5,2,2700106,1000000
2024MU0004427,1,1841.43,14,2,8,1,6,9939,82,0,0,6,1,5,1,2700104,1000000
2024MU0004428,1,1841.43,28,2,8,1,7,24166,201,7000,1,3,1,1,1,2700113,1000000
2024MU0004429,1,1841.43,70,1,1,1,5,5546,46,6000,1,1,1,1,1,2700120,1000000
2024MU0004430,1,1841.43,39,1,2,1,16,202669,501,1000,3,4,1,1,1,2700105,1000000
2024MU0004431,1,1841.43,8,1,5,1,7,4984,41,0,0,6,1,5,1,2700123,1000000
2024MU0004432,1,1841.43,85,2,3,1,7,1866,15,0,0,6,1,1,1,2700114,1000000
2024MU0004433,1,1841.43,3,2,6,1,7,3462,28,0,0,6,1,5,1,2700106,1000000
2024MU0004434,1,1841.43,27,2,5,1,13,20739,172,7000,1,1,1,1,1,2700107,1000000
2024MU0004435,1,1841.43,16,1,8,1,12,11565,96,0,0,6,1,5,1,2700102,1000000
2024MU0004436,1,1841.43,41,1,1,1,8,36287,302,9000,3,3,1,1,1,2700108,1000000
2024MU0004437,1,1841.43,23,1,1,1,12,9208,76,9800,6,3,1,5,1,2700120,1000000
2024MU0004438,1,1841.43,4,1,1,1,6,2810,23,0,0,6,1,5,1,2700106,1000000
2024MU0004439,1,1841.43,16,1,9,1,20,39541,329,0,0,6,1,5,1,2700112,1000000
2024MU0004440,1,1841.43,53,1,2,1,9,21052,175,7000,6,1,1,1,1,2700100,1000000
2024MU0004441,1,1841.43,20,1,1,1,16,18072,150,5000,3,2,1,1,1,2700100,1000000
2024MU0004442,1,1841.43,7,2,1,1,6,4232,35,0,0,6,2,5,1,2700113,1000000
2024MU0004443,1,1841.43,34,2,2,1,8,24364,203,9920,1,1,1,1,1,2700106,1000000
2024MU0004444,1,1841.43,38,2,5,1,9,55611,463,7000,1,1,1,2,1,2700110,1000000
2024MU0004445,1,1841.43,3,1,3,1,4,4649,38,0,0,6,1,5,1,2700121,1000000
2024MU0004446,1,1841.43,24,2,3,1,16,114680,501,3000,2,4,1,5,1,2700118,1000000
2024MU0004447,1,1841.43,13,2,1,1,7,26910,224,0,0,6,1,5,1,2700104,1000000
2024MU0004448,1,1841.43,12,2,8,1,3,4468,37,0,0,6,1,5,1,2700120,1000000
2024MU0004449,1,1841.43,47,1,1,1,9,89064,501,9800,6,1,1,1,1,2700122,1000000
2024MU0004450,1,1841.43,27,1,3,1,14,57055,475,7000,1,1,1,1,1,2700117,1000000
2024MU0004451,1,1841.43,27,1,1,1,6,44315,369,9800,4,1,1,1,1,2700121,1000000
2024MU0004452,1,1841.43,73,1,1,1,8,10459,87,9000,1,1,1,1,1,2700111,1000000
2024MU0004453,1,1841.43,20,2,1,1,12,6033,50,4000,1,1,1,1,1,2700114,1000000
2024MU0004454,1,1841.43,7,2,3,1,5,5115,42,0,0,6,1,5,1,2700122,1000000
2024MU0004455,1,1841.43,1,1,3,1,6,4899,40,0,0,6,1,5,1,2700120,1000000
2024MU0004456,1,1841.43,29,1,1,1,8,20516,170,5000,3,1,1,1,1,2700116,1000000
2024MU0004457,1,1841.43,37,2,1,1,15,70142,501,3000,1,4,1,1,1,2700103,1000000
2024MU0004458,1,1841.43,14,1,6,1,3,11037,91,0,0,6,1,5,1,2700101,1000000
2024MU0004459,1,1841.43,41,2,1,1,6,16098,134,6000,3,1,1,1,1,2700101,1000000
2024MU0004460,1,1841.43,0,2,1,1,4,7844,65,0,0,6,1,5,1,2700100,1000000
2024MU0004461,1,1841.43,28,1,2,1,16,95097,501,6000,1,1,1,1,1,2700120,1000000
2024MU0004462,1,1841.43,58,2,6,1,5,14736,122,8000,1,1,1,1,1,2700116,1000000
2024MU0004463,1,1841.43,56,2,1,1,8,16108,134,5000,3,1,1,1,2,2700119,1000000
2024MU0004464,1,1841.43,70,2,9,1,9,29063,242,6000,1,1,1,1,1,2700109,1000000
2024MU0004465,1,1841.43,49,2,2,1,8,76821,501,8000,4,2,1,1,1,2700104,1000000
2024MU0004466,1,1841.43,25,2,2,1,6,2128,17,6000,3,1,1,5,1,2700116,1000000
2024MU0004467,1,1841.43,33,1,1,1,9,63597,501,3000,3,1,1,5,1,2700114,1000000
2024MU0004468,1,1841.43,52,1,3,1,12,37450,312,6000,1,3,1,1,1,2700118,1000000
2024MU0004469,1,1841.43,13,1,1,1,9,9624,80,0,0,6,2,5,1,2700106,1000000
2024MU0004470,1,1841.43,86,1,3,1,5,1008,8,0,0,6,1,5,1,2700117,1000000
2024MU0004471,1,1841.43,3,2,1,1,5,6375,53,0,0,6,1,5,1,2700120,1000000
2024MU0004472,1,1841.43,55,1,2,1,6,12088,100,7000,4,2,1,1,1,2700108,1000000
2024MU0004473,1,1841.43,8,2,6,1,6,2055,17,0,0,6,1,5,1,2700109,1000000
2024MU0004474,1,1841.43,23,1,3,1,10,29929,249,9800,1,1,1,5,1,2700106,1000000
2024MU0004475,1,1841.43,39,1,1,1,5,12683,105,9920,1,1,1,2,1,2700117,1000000
2024MU0004476,1,1841.43,27,2,3,1,14,8579,71,7000,1,1,2,1,2,2700123,1000000
2024MU0004477,1,1841.43,24,1,3,1,11,30902,257,7000,1,1,1,5,1,2700101,1000000
2024MU0004478,1,1841.43,2,2,1,1,3,6374,53,0,0,6,1,5,1,2700115,1000000
2024MU0004479,1,1841.43,27,1,2,1,18,56801,473,4000,1,4,1,1,2,2700114,1000000
2024MU0004480,1,1841.43,19,2,1,1,20,67974,501,2000,1,1,1,5,1,2700118,1000000
2024MU0004481,1,1841.43,28,2,2,1,7,11653,97,6000,4,1,1,5,1,2700119,1000000
2024MU0004482,1,1841.43,24,2,4,1,15,147879,501,1000,3,1,1,1,1,2700121,1000000
2024MU0004483,1,1841.43,43,1,1,1,10,40527,337,4000,1,1,1,1,1,2700123,1000000
2024MU0004484,1,1841.43,33,1,1,1,10,76350,501,5000,4,1,1,1,1,2700107,1000000
2024MU0004485,1,1841.43,0,2,1,1,8,3119,25,0,0,6,1,5,1,2700114,1000000
2024MU0004486,1,1841.43,43,2,9,1,12,172723,501,8000,1,1,1,3,1,2700107,1000000
2024MU0004487,1,1841.43,13,1,3,1,6,2825,23,0,0,6,1,5,1,2700106,1000000
2024MU0004488,1,1841.43,46,1,1,1,7,9267,77,6000,4,1,1,3,1,2700117,1000000
2024MU0004489,1,1841.43,10,1,2,1,4,3698,30,0,0,6,1,5,1,2700112,1000000
2024MU0004490,1,1841.43,17,1,1,1,15,19133,159,0,0,6,5,5,1,2700110,1000000
2024MU0004491,1,1841.43,18,2,3,1,13,4545,37,5000,3,1,1,5,2,2700104,1000000
2024MU0004492,1,1841.43,25,1,2,1,6,19128,159,9000,1,1,1,5,1,2700107,1000000
2024MU0004493,1,1841.43,44,1,9,1,6,1383,11,9000,3,1,1,1,1,2700119,1000000
2024MU0004494,1,1841.43,15,2,1,1,12,6592,54,0,0,6,1,5,1,2700123,1000000
2024MU0004495,1,1841.43,30,1,3,1,8,5480,45,5000,3,1,1,1,1,2700101,1000000
2024MU0004496,1,1841.43,71,2,3,1,6,7484,62,9800,3,1,1,5,2,2700103,1000000
2024MU0004497,1,1841.43,44,2,5,1,7,2782,23,9000,1,1,5,1,1,2700114,1000000
2024MU0004498,1,1841.43,21,1,2,1,14,15986,133,6000,4,1,2,5,1,2700112,1000000
2024MU0004499,1,1841.43,45,2,3,1,9,68980,501,9800,1,1,1,1,1,2700116,1000000
2024MU0004500,1,1841.43,59,1,1,1,8,3618,30,5000,1,2,5,1,1,2700121,1000000
2024MU0004501,1,1841.43,18,1,2,1,19,65599,501,3000,1,1,5,1,1,2700117,1000000
2024MU0004502,1,1841.43,5,1,8,1,5,6056,50,0,0,6,1,5,1,2700119,1000000
2024MU0004503,1,1841.43,38,1,9,1,14,84164,501,5000,3,1,1,1,1,2700108,1000000
2024MU0004504,1,1841.43,40,1,3,1,15,49068,408,3000,1,4,1,1,1,2700104,1000000
2024MU0004505,1,1841.43,13,1,2,1,2,1105,9,0,0,6,1,5,1,2700103,1000000
2024MU0004506,1,1841.43,50,2,5,1,9,103969,501,5000,1,1,1,2,1,2700113,1000000
2024MU0004507,1,1841.43,2,2,1,1,4,2076,17,0,0,6,1,5,1,2700116,1000000
2024MU0004508,1,1841.43,3,2,1,1,4,2628,21,0,0,6,1,5,1,2700114,1000000
2024MU0004509,1,1841.43,38,2,3,1,5,26603,221,9000,1,1,1,1,1,2700115,1000000
2024MU0004510,1,1841.43,46,1,1,1,12,19223,160,6000,1,2,1,2,2,2700102,1000000
2024MU0004511,1,1841.43,19,1,9,1,12,9044,75,9800,1,1,1,5,1,2700112,1000000
2024MU0004512,1,1841.43,23,1,2,1,20,248383,501,3000,1,1,1,5,1,2700108,1000000
2024MU0004513,1,1841.43,50,1,2,1,12,13429,111,9800,1,3,1,1,1,2700101,1000000
2024MU0004514,1,1841.43,3,2,3,1,5,2686,22,0,0,6,1,5,1,2700122,1000000
2024MU0004515,1,1841.43,45,1,4,1,6,6509,54,6000,1,5,1,1,1,2700115,1000000
2024MU0004516,1,1841.43,5,1,2,1,5,2157,17,0,0,6,1,5,2,2700100,1000000
2024MU0004517,1,1841.43,3,1,1,1,3,10347,86,0,0,6,1,5,1,2700107,1000000
2024MU0004518,1,1841.43,38,1,4,1,8,49334,411,6000,4,1,1,1,1,2700103,1000000
2024MU0004519,1,1841.43,24,1,1,1,18,92185,501,4000,2,1,1,5,1,2700101,1000000
2024MU0004520,1,1841.43,29,1,1,1,10,42167,351,9800,3,1,1,1,1,2700123,1000000
2024MU0004521,1,1841.43,8,2,3,1,4,6002,50,0,0,6,1,5,1,2700121,1000000
2024MU0004522,1,1841.43,0,1,1,1,7,2340,19,0,0,6,1,5,1,2700114,1000000
2024MU0004523,1,1841.43,17,2,9,1,11,12871,107,0,0,6,2,5,1,2700123,1000000
2024MU0004524,1,1841.43,27,1,3,1,12,11732,97,5000,1,1,1,1,1,2700104,1000000
2024MU0004525,1,1841.43,29,1,9,1,12,14851,123,9800,4,1,1,1,1,2700100,1000000
2024MU0004526,1,1841.43,11,2,1,1,4,3739,31,0,0,6,1,5,1,2700120,1000000
2024MU0004527,1,1841.43,34,2,9,1,15,62676,501,1000,1,1,1,1,2,2700120,1000000
2024MU0004528,1,1841.43,24,1,1,1,19,84161,501,4000,1,1,1,5,1,2700116,1000000
2024MU0004529,1,1841.43,9,2,1,1,4,2267,18,0,0,6,5,5,1,2700102,1000000
2024MU0004530,1,1841.43,6,1,1,1,4,10027,83,0,0,6,1,5,2,2700122,1000000
2024MU0004531,1,1841.43,8,1,2,1,5,13929,116,0,0,6,1,5,1,2700122,1000000
2024MU0004532,1,1841.43,55,2,1,1,11,35497,295,7000,1,3,5,1,1,2700113,1000000
2024MU0004533,1,1841.43,18,2,2,1,16,41996,349,4000,1,1,1,5,1,2700120,1000000
2024MU0004534,1,1841.43,3,1,1,1,3,2553,21,0,0,6,1,5,1,2700123,1000000
2024MU0004535,1,1841.43,59,1,1,1,5,2559,21,9920,1,1,1,1,1,2700110,1000000
2024MU0004536,1,1841.43,57,2,3,1,16,57750,481,6000,1,2,1,1,1,2700123,1000000
2024MU0004537,1,1841.43,42,1,1,1,7,12527,104,9920,3,1,1,1,1,2700113,1000000
2024MU0004538,1,1841.43,11,1,4,1,5,4486,37,0,0,6,1,5,1,2700123,1000000
2024MU0004539,1,1841.43,92,1,3,1,10,16918,140,0,0,6,1,1,1,2700108,1000000
2024MU0004540,1,1841.43,2,2,8,1,3,3199,26,0,0,6,1,5,1,2700101,1000000
2024MU0004541,1,1841.43,39,1,2,1,12,29146,242,7000,1,2,1,1,1,2700105,1000000
2024MU0004542,1,1841.43,28,2,9,1,7,14072,117,9920,1,1,1,1,1,2700116,1000000
2024MU0004543,1,1841.43,41,2,3,1,17,52259,435,5000,4,1,1,3,1,2700102,1000000
2024MU0004544,1,1841.43,58,1,9,1,5,25378,211,9800,1,2,1,1,1,2700104,1000000
2024MU0004545,1,1841.43,26,2,1,1,10,19272,160,9000,4,1,1,5,1,2700115,1000000
2024MU0004546,1,1841.43,14,2,3,1,5,20946,174,0,0,6,1,5,1,2700122,1000000
2024MU0004547,1,1841.43,41,1,5,1,12,34947,291,9000,1,1,1,3,1,2700103,1000000
2024MU0004548,1,1841.43,40,1,1,1,6,10918,90,9000,1,1,1,5,1,2700103,1000000
2024MU0004549,1,1841.43,43,2,3,1,9,29390,244,9000,3,1,1,1,1,2700122,1000000
2024MU0004550,1,1841.43,84,2,5,1,6,4585,38,0,0,6,1,4,1,2700123,1000000
2024MU0004551,1,1841.43,30,1,3,1,9,66661,501,6000,4,1,1,5,1,2700102,1000000
2024MU0004552,1,1841.43,45,2,1,1,12,42307,352,9000,4,5,1,1,1,2700119,1000000
2024MU0004553,1,1841.43,22,2,3,1,10,57977,483,6000,1,3,1,5,1,2700112,1000000
2024MU0004554,1,1841.43,53,2,1,1,11,50266,418,8000,4,1,1,5,2,2700114,1000000
2024MU0004555,1,1841.43,51,2,5,1,12,37124,309,7000,3,1,1,1,1,2700116,1000000
2024MU0004556,1,1841.43,28,1,1,1,16,98777,501,6000,4,1,1,1,1,2700110,1000000
2024MU0004557,1,1841.43,0,1,1,1,5,10436,86,0,0,6,1,5,1,2700105,1000000
2024MU0004558,1,1841.43,28,2,1,1,9,46006,383,8000,4,1,1,1,2,2700123,1000000
2024MU0004559,1,1841.43,54,1,3,1,9,44196,368,7000,6,1,1,1,1,2700109,1000000
2024MU0004560,1,1841.43,29,2,9,1,18,101773,501,3000,1,1,1,1,1,2700100,1000000
2024MU0004561,1,1841.43,26,1,1,1,16,39547,329,6000,1,1,1,1,1,2700105,1000000
2024MU0004562,1,1841.43,27,1,1,1,11,175789,501,4000,1,1,1,1,1,2700122,1000000
2024MU0004563,1,1841.43,6,1,2,1,8,6115,50,0,0,6,1,5,1,2700118,1000000
2024MU0004564,1,1841.43,22,2,5,1,18,115105,501,6000,3,1,1,5,1,2700120,1000000
2024MU0004565,1,1841.43,25,2,2,1,16,77624,501,5000,3,2,1,1,1,2700112,1000000
2024MU0004566,1,1841.43,51,1,1,1,11,7271,60,5000,1,2,1,2,1,2700121,1000000
2024MU0004567,1,1841.43,26,1,3,1,15,67349,501,6000,1,1,1,1,1,2700106,1000000
2024MU0004568,1,1841.43,13,1,1,1,7,4258,35,0,0,6,2,5,1,2700112,1000000
2024MU0004569,1,1841.43,9,2,2,1,1,2075,17,0,0,6,1,5,1,2700103,1000000
2024MU0004570,1,1841.43,48,1,1,1,17,71925,501,3000,2,1,1,1,1,2700105,1000000
2024MU0004571,1,1841.43,30,2,5,1,9,34366,286,5000,3,5,2,1,1,2700114,1000000
2024MU0004572,1,1841.43,30,1,8,1,10,74786,501,6000,1,1,1,5,1,2700111,1000000
2024MU0004573,1,1841.43,3,1,4,1,6,10944,91,0,0,6,2,5,1,2700120,1000000
2024MU0004574,1,1841.43,26,2,2,1,13,32745,272,9800,6,1,1,1,1,2700117,1000000
2024MU0004575,1,1841.43,17,1,2,1,18,21069,175,0,0,6,1,5,1,2700105,1000000
2024MU0004576,1,1841.43,7,1,1,1,4,2999,24,0,0,6,1,5,1,2700104,1000000
2024MU0004577,1,1841.43,20,1,3,1,14,11680,97,9000,1,1,1,5,1,2700111,1000000
2024MU0004578,1,1841.43,23,1,3,1,10,33842,282,9800,6,1,1,5,1,2700116,1000000
2024MU0004579,1,1841.43,68,1,8,1,7,9459,78,6000,1,1,1,1,1,2700109,1000000
2024MU0004580,1,1841.43,56,1,1,1,11,26700,222,4000,1,1,1,1,1,2700121,1000000
2024MU0004581,1,1841.43,29,2,4,1,9,42081,350,7000,1,1,2,1,1,2700107,1000000
2024MU0004582,1,1841.43,29,2,3,1,11,39815,331,7000,3,3,1,1,1,2700115,1000000
2024MU0004583,1,1841.43,27,2,1,1,8,7791,64,9800,1,1,1,1,1,2700114,1000000
2024MU0004584,1,1841.43,5,1,3,1,6,1012,8,0,0,6,1,5,1,2700122,1000000
2024MU0004585,1,1841.43,20,2,8,1,11,5863,48,7000,1,1,1,1,1,2700120,1000000
2024MU0004586,1,1841.43,4,2,8,1,6,14046,117,0,0,6,1,5,1,2700120,1000000
2024MU0004587,1,1841.43,69,1,3,1,7,1723,14,7000,6,1,1,1,1,2700113,1000000
2024MU0004588,1,1841.43,14,2,1,1,1,11499,95,0,0,6,1,5,1,2700117,1000000
2024MU0004589,1,1841.43,9,2,7,1,7,1005,8,0,0,6,1,5,1,2700115,1000000
2024MU0004590,1,1841.43,39,1,3,1,11,25364,211,3000,3,3,1,1,1,2700107,1000000
2024MU0004591,1,1841.43,51,2,1,1,10,27936,232,7000,1,4,1,2,1,2700122,1000000
2024MU0004592,1,1841.43,34,1,1,1,13,151741,501,5000,3,1,1,1,1,2700100,1000000
2024MU0004593,1,1841.43,46,1,1,1,11,44383,369,9800,1,2,1,5,1,2700106,1000000
2024MU0004594,1,1841.43,34,1,1,1,13,37515,312,9800,3,5,1,1,1,2700103,1000000
2024MU0004595,1,1841.43,22,2,4,1,17,45055,375,6000,1,1,1,1,1,2700105,1000000
2024MU0004596,1,1841.43,29,1,1,1,12,41865,348,5000,1,5,1,1,1,2700114,1000000
2024MU0004597,1,1841.43,9,2,1,1,4,2659,22,0,0,6,1,5,1,2700110,1000000
2024MU0004598,1,1841.43,36,2,2,1,8,13347,111,5000,3,5,1,1,1,2700109,1000000
2024MU0004599,1,1841.43,57,2,2,1,14,28258,235,7000,1,1,1,1,1,2700106,1000000
2024MU0004600,1,1841.43,20,1,1,1,20,85473,501,4000,1,2,1,1,1,2700113,1000000
2024MU0004601,1,1841.43,54,2,1,1,8,24573,204,9920,6,1,1,1,1,2700121,1000000
2024MU0004602,1,1841.43,0,2,1,1,2,1965,16,0,0,6,1,5,1,2700105,1000000
2024MU0004603,1,1841.43,0,1,3,1,3,2426,20,0,0,6,1,5,1,2700104,1000000
2024MU0004604,1,1841.43,16,2,1,1,16,19158,159,0,0,6,1,5,1,2700119,1000000
2024MU0004605,1,1841.43,66,2,3,1,5,7735,64,9920,4,4,1,1,1,2700114,1000000
2024MU0004606,1,1841.43,52,2,1,1,12,68506,501,5000,1,1,1,1,1,2700117,1000000
2024MU0004607,1,1841.43,36,1,1,1,17,133295,501,6000,1,1,1,5,1,2700100,1000000
2024MU0004608,1,1841.43,35,1,2,1,18,31822,265,3000,2,2,1,1,2,2700119,1000000
2024MU0004609,1,1841.43,38,1,1,1,5,29440,245,9800,4,3,1,3,1,2700110,1000000
2024MU0004610,1,1841.43,14,1,1,1,9,4237,35,0,0,6,1,5,1,2700100,1000000
2024MU0004611,1,1841.43,42,2,1,1,11,26414,220,7000,4,1,1,1,1,2700116,1000000
2024MU0004612,1,1841.43,32,2,1,1,6,18789,156,9000,3,1,1,5,1,2700120,1000000
2024MU0004613,1,1841.43,14,2,3,1,4,3747,31,0,0,6,1,5,1,2700117,1000000
2024MU0004614,1,1841.43,23,2,1,1,17,133318,501,4000,1,1,1,5,1,2700105,1000000
2024MU0004615,1,1841.43,37,2,6,1,18,82114,501,6000,4,2,1,2,1,2700123,1000000
2024MU0004616,1,1841.43,58,1,5,1,6,6165,51,9000,1,1,1,4,1,2700117,1000000
2024MU0004617,1,1841.43,15,2,4,1,12,8759,72,0,0,6,1,5,1,2700106,1000000
2024MU0004618,1,1841.43,17,1,1,1,14,21589,179,0,0,6,1,5,1,2700114,1000000
2024MU0004619,1,1841.43,14,1,5,1,9,16929,141,0,0,6,1,5,1,2700114,1000000
2024MU0004620,1,1841.43,16,2,1,1,20,62292,501,0,0,6,1,5,1,2700103,1000000
2024MU0004621,1,1841.43,28,1,1,1,8,30872,257,9800,4,4,1,5,1,2700119,1000000
2024MU0004622,1,1841.43,28,1,1,1,9,64747,501,5000,1,3,1,1,1,2700105,1000000
2024MU0004623,1,1841.43,18,2,9,1,19,88456,501,4000,2,1,1,5,1,2700107,1000000
2024MU0004624,1,1841.43,18,1,1,1,17,14606,121,6000,3,1,1,5,1,2700106,1000000
2024MU0004625,1,1841.43,39,1,8,1,18,189522,501,5000,1,1,1,2,1,2700121,1000000
2024MU0004626,1,1841.43,57,1,1,1,14,31519,262,9800,1,1,1,5,1,2700104,1000000
2024MU0004627,1,1841.43,38,1,8,1,8,11688,97,6000,4,1,1,1,1,2700105,1000000
2024MU0004628,1,1841.43,34,1,8,1,14,27025,225,9800,1,1,1,5,1,2700106,1000000
2024MU0004629,1,1841.43,50,2,8,1,5,11644,97,5000,1,2,1,1,2,2700108,1000000
2024MU0004630,1,1841.43,39,1,2,1,14,28121,234,7000,3,1,1,5,2,2700101,1000000
2024MU0004631,1,1841.43,12,2,6,1,5,4590,38,0,0,6,1,5,1,2700115,1000000
2024MU0004632,1,1841.43,47,1,9,1,16,106783,501,5000,6,1,1,1,1,2700101,1000000
2024MU0004633,1,1841.43,25,1,1,1,18,90145,501,5000,1,3,1,1,1,2700108,1000000
2024MU0004634,1,1841.43,22,2,2,1,10,42793,356,8000,3,1,1,1,1,2700105,1000000
2024MU0004635,1,1841.43,26,2,3,1,7,8445,70,6000,1,1,1,1,1,2700108,1000000
2024MU0004636,1,1841.43,31,2,1,1,11,26009,216,9800,3,1,1,5,1,2700107,1000000
2024MU0004637,1,1841.43,9,2,4,1,7,805,6,0,0,6,1,5,1,2700107,1000000
2024MU0004638,1,1841.43,18,1,1,1,18,47024,391,1000,3,1,1,5,1,2700104,1000000
2024MU0004639,1,1841.43,27,1,2,1,18,82794,501,4000,1,1,1,1,1,2700113,1000000
2024MU0004640,1,1841.43,18,2,1,1,16,26644,222,6000,6,1,1,5,1,2700108,1000000
2024MU0004641,1,1841.43,14,1,1,1,3,10234,85,0,0,6,1,5,1,2700110,1000000
2024MU0004642,1,1841.43,16,1,1,1,10,4420,36,0,0,6,1,5,1,2700101,1000000
2024MU0004643,1,1841.43,15,1,5,1,13,11332,94,0,0,6,1,5,1,2700108,1000000
2024MU0004644,1,1841.43,22,2,1,1,16,44285,369,6000,4,1,1,5,1,2700102,1000000
2024MU0004645,1,1841.43,38,1,5,1,17,175593,501,5000,3,2,1,1,1,2700105,1000000
2024MU0004646,1,1841.43,30,1,4,1,9,9173,76,7000,4,4,1,1,1,2700118,1000000
2024MU0004647,1,1841.43,6,1,2,1,7,7625,63,0,0,6,1,5,1,2700109,1000000
2024MU0004648,1,1841.43,48,2,1,1,8,29508,245,7000,4,1,1,1,1,2700101,1000000
2024MU0004649,1,1841.43,2,1,1,1,3,1915,15,0,0,6,1,5,1,2700120,1000000
2024MU0004650,1,1841.43,20,1,2,1,15,30817,256,4000,3,4,1,5,1,2700117,1000000
2024MU0004651,1,1841.43,85,2,1,1,7,3247,27,0,0,6,1,2,1,2700107,1000000
2024MU0004652,1,1841.43,50,2,2,1,15,127587,501,4000,1,4,1,1,1,2700123,1000000
2024MU0004653,1,1841.43,8,2,9,1,4,7724,64,0,0,6,1,5,1,2700122,1000000
2024MU0004654,1,1841.43,19,2,1,1,13,5391,44,8000,4,1,1,1,1,2700108,1000000
2024MU0004655,1,1841.43,21,1,3,1,18,13602,113,5000,1,1,1,5,1,2700120,1000000
2024MU0004656,1,1841.43,33,1,9,1,20,412726,501,3000,3,1,1,1,1,2700116,1000000
2024MU0004657,1,1841.43,52,1,6,1,10,141325,501,9000,1,1,1,1,1,2700101,1000000
2024MU0004658,1,1841.43,51,2,6,1,7,19842,165,8000,3,1,2,1,1,2700108,1000000
2024MU0004659,1,1841.43,22,1,5,1,13,43250,360,4000,2,1,1,5,1,2700101,1000000
2024MU0004660,1,1841.43,53,2,1,1,5,10243,85,9920,1,1,1,1,1,2700114,1000000
2024MU0004661,1,1841.43,40,2,8,1,5,18515,154,9920,4,1,2,5,1,2700102,1000000
2024MU0004662,1,1841.43,0,1,9,1,8,5306,44,0,0,6,1,5,1,2700120,1000000
2024MU0004663,1,1841.43,86,1,2,1,5,5772,48,0,0,6,1,1,1,2700107,1000000
2024MU0004664,1,1841.43,44,1,2,1,9,112108,501,6000,6,2,2,1,1,2700106,1000000
2024MU0004665,1,1841.43,10,1,2,1,6,4616,38,0,0,6,1,5,1,2700112,1000000
2024MU0004666,1,1841.43,39,1,1,1,15,142298,501,5000,1,2,1,1,1,2700111,1000000
2024MU0004667,1,1841.43,52,2,1,1,6,11736,97,8000,1,1,1,1,1,2700118,1000000
2024MU0004668,1,1841.43,54,1,3,1,9,34813,290,5000,3,1,1,1,1,2700112,1000000
2024MU0004669,1,1841.43,13,1,3,1,3,10625,88,0,0,6,1,5,1,2700120,1000000
2024MU0004670,1,1841.43,25,1,2,1,8,12011,100,7000,3,4,1,1,1,2700116,1000000
2024MU0004671,1,1841.43,12,2,1,1,3,4589,38,0,0,6,1,5,1,2700114,1000000
2024MU0004672,1,1841.43,39,2,4,1,12,49506,412,4000,1,4,1,3,1,2700113,1000000
2024MU0004673,1,1841.43,44,2,1,1,5,11976,99,9800,4,2,1,1,1,2700122,1000000
2024MU0004674,1,1841.43,23,2,1,1,14,10843,90,5000,4,1,1,5,1,2700118,1000000
2024MU0004675,1,1841.43,36,1,3,1,8,56408,470,5000,1,1,1,5,1,2700102,1000000
2024MU0004676,1,1841.43,8,1,2,1,9,23013,191,0,0,6,1,5,1,2700117,1000000
2024MU0004677,1,1841.43,22,1,1,1,16,167089,501,3000,2,3,1,1,1,2700116,1000000
2024MU0004678,1,1841.43,36,1,2,1,15,62243,501,3000,2,4,1,1,1,2700119,1000000
2024MU0004679,1,1841.43,37,2,4,1,8,50932,424,9000,1,2,1,1,1,2700104,1000000
2024MU0004680,1,1841.43,20,1,3,1,18,96389,501,4000,3,2,1,5,1,2700122,1000000
2024MU0004681,1,1841.43,6,1,2,1,4,9245,77,0,0,6,1,5,1,2700122,1000000
2024MU0004682,1,1841.43,54,2,1,1,6,49924,416,5000,1,1,1,1,1,2700110,1000000
2024MU0004683,1,1841.43,3,2,3,1,6,7587,63,0,0,6,1,5,1,2700113,1000000
2024MU0004684,1,1841.43,45,2,8,1,12,24093,200,9000,3,1,1,2,1,2700119,1000000
2024MU0004685,1,1841.43,58,1,3,1,20,256226,501,3000,1,1,1,1,1,2700106,1000000
2024MU0004686,1,1841.43,54,2,5,1,12,17778,148,7000,1,1,1,1,1,2700122,1000000
2024MU0004687,1,1841.43,15,1,2,1,12,7171,59,0,0,6,1,5,1,2700122,1000000
2024MU0004688,1,1841.43,14,1,3,1,3,5161,43,0,0,6,1,5,1,2700120,1000000
2024MU0004689,1,1841.43,80,2,8,1,7,7726,64,0,0,6,1,1,1,2700120,1000000
2024MU0004690,1,1841.43,25,2,4,1,7,15480,129,5000,1,1,1,1,1,2700117,1000000
2024MU0004691,1,1841.43,15,1,8,1,17,10104,84,0,0,6,5,5,2,2700104,1000000
2024MU0004692,1,1841.43,42,1,2,1,9,39118,325,9000,1,2,1,1,1,2700101,1000000
2024MU0004693,1,1841.43,29,1,8,1,17,109782,501,4000,3,1,1,5,1,2700117,1000000
2024MU0004694,1,1841.43,14,1,3,1,5,7293,60,0,0,6,1,5,1,2700108,1000000
2024MU0004695,1,1841.43,3,2,7,1,5,7685,64,0,0,6,1,5,1,2700102,1000000
2024MU0004696,1,1841.43,29,1,1,1,6,13067,108,9000,1,1,1,5,1,2700105,1000000
2024MU0004697,1,1841.43,54,2,3,1,6,9863,82,7000,3,4,1,1,1,2700106,1000000
2024MU0004698,1,1841.43,93,2,6,1,10,25793,214,0,0,6,1,1,1,2700114,1000000
2024MU0004699,1,1841.43,9,2,1,1,9,8832,73,0,0,6,1,5,1,2700103,1000000
2024MU0004700,1,1841.43,16,1,3,1,14,20471,170,0,0,6,1,5,1,2700121,1000000
2024MU0004701,1,1841.43,34,1,5,1,14,58772,489,3000,3,1,1,1,1,2700122,1000000
2024MU0004702,1,1841.43,0,1,1,1,5,3814,31,0,0,6,1,5,1,2700105,1000000
2024MU0004703,1,1841.43,92,1,2,1,12,10599,88,0,0,6,1,5,1,2700103,1000000
2024MU0004704,1,1841.43,39,1,3,1,8,39257,327,9800,1,5,1,1,1,2700119,1000000
2024MU0004705,1,1841.43,11,2,2,1,5,6268,52,0,0,6,1,5,1,2700118,1000000
2024MU0004706,1,1841.43,44,1,1,1,9,189927,501,7000,4,1,2,1,1,2700104,1000000
2024MU0004707,1,1841.43,53,2,1,1,9,52488,437,6000,1,1,1,3,1,2700111,1000000
2024MU0004708,1,1841.43,37,1,1,1,9,66786,501,5000,1,1,1,1,1,2700100,1000000
2024MU0004709,1,1841.43,60,2,1,1,7,4137,34,9000,3,1,1,1,1,2700106,1000000
2024MU0004710,1,1841.43,22,2,1,1,16,95144,501,3000,3,1,1,5,1,2700108,1000000
2024MU0004711,1,1841.43,8,1,3,1,1,3111,25,0,0,6,1,5,1,2700102,1000000
2024MU0004712,1,1841.43,0,2,3,1,6,7763,64,0,0,6,1,5,1,2700109,1000000
2024MU0004713,1,1841.43,9,2,4,1,6,5238,43,0,0,6,1,5,1,2700110,1000000
2024MU0004714,1,1841.43,47,2,1,1,14,86856,501,6000,1,1,1,1,1,2700123,1000000
2024MU0004715,1,1841.43,27,2,2,1,10,129271,501,4000,2,1,1,1,1,2700120,1000000
2024MU0004716,1,1841.43,68,1,1,1,5,3526,29,9800,1,1,1,1,1,2700101,1000000
2024MU0004717,1,1841.43,11,1,6,1,4,8547,71,0,0,6,1,5,1,2700114,1000000
2024MU0004718,1,1841.43,27,1,3,1,7,18466,153,5000,3,2,1,1,1,2700100,1000000
2024MU0004719,1,1841.43,56,1,6,1,10,145147,501,9800,3,1,1,1,2,2700114,1000000
2024MU0004720,1,1841.43,1,2,1,1,1,7046,58,0,0,6,1,5,1,2700112,1000000
2024MU0004721,1,1841.43,53,2,3,1,8,21614,180,9920,3,1,1,1,1,2700108,1000000
2024MU0004722,1,1841.43,15,1,2,1,11,19772,164,0,0,6,1,5,1,2700120,1000000
2024MU0004723,1,1841.43,13,2,5,1,1,8375,69,0,0,6,1,5,1,2700119,1000000
2024MU0004724,1,1841.43,15,2,2,1,20,123403,501,0,0,6,1,5,1,2700116,1000000
2024MU0004725,1,1841.43,21,1,2,1,20,39590,329,4000,3,3,1,5,1,2700109,1000000
2024MU0004726,1,1841.43,7,1,1,1,5,2928,24,0,0,6,1,5,1,2700100,1000000
2024MU0004727,1,1841.43,75,1,3,1,6,26771,223,9920,6,1,1,2,1,2700108,1000000
2024MU0004728,1,1841.43,30,2,1,1,16,36573,304,6000,1,1,1,5,2,2700118,1000000
2024MU0004729,1,1841.43,23,2,1,1,19,152434,501,4000,1,1,1,5,1,2700105,1000000
2024MU0004730,1,1841.43,0,1,1,1,7,4517,37,0,0,6,1,5,1,2700119,1000000
2024MU0004731,1,1841.43,41,1,9,1,9,38502,320,5000,4,1,1,1,2,2700118,1000000
2024MU0004732,1,1841.43,43,2,1,1,5,56787,473,7000,4,1,1,1,1,2700111,1000000
2024MU0004733,1,1841.43,50,2,6,1,5,19550,162,5000,1,1,1,2,1,2700110,1000000
2024MU0004734,1,1841.43,9,2,9,1,7,2940,24,0,0,6,1,5,1,2700113,1000000
2024MU0004735,1,1841.43,11,2,9,1,7,2412,20,0,0,6,1,5,1,2700111,1000000
2024MU0004736,1,1841.43,38,1,8,1,10,53082,442,7000,1,1,1,1,1,2700112,1000000
2024MU0004737,1,1841.43,2,1,8,1,3,10186,84,0,0,6,1,5,1,2700106,1000000
2024MU0004738,1,1841.43,28,1,1,1,12,32008,266,7000,4,1,1,1,1,2700102,1000000
2024MU0004739,1,1841.43,75,2,1,1,10,16527,137,9800,1,1,1,2,1,2700106,1000000
2024MU0004740,1,1841.43,10,1,3,1,6,2298,19,0,0,6,1,5,1,2700115,1000000
2024MU0004741,1,1841.43,8,2,2,1,5,5405,45,0,0,6,1,5,1,2700100,1000000
2024MU0004742,1,1841.43,33,1,1,1,8,20685,172,9920,1,3,1,1,1,2700114,1000000
2024MU0004743,1,1841.43,20,2,3,1,13,6562,54,6000,1,1,1,5,1,2700111,1000000
2024MU0004744,1,1841.43,15,1,3,1,17,54823,456,0,0,6,1,5,1,2700110,1000000
2024MU0004745,1,1841.43,28,1,6,1,14,95902,501,7000,3,4,1,1,1,2700100,1000000
2024MU0004746,1,1841.43,5,2,3,1,2,4168,34,0,0,6,1,5,1,2700102,1000000
2024MU0004747,1,1841.43,25,1,3,1,8,13610,113,7000,1,1,1,1,1,2700121,1000000
2024MU0004748,1,1841.43,40,2,2,1,11,20107,167,7000,3,1,1,1,1,2700110,1000000
2024MU0004749,1,1841.43,15,2,2,1,14,18252,152,0,0,6,1,5,1,2700105,1000000
2024MU0004750,1,1841.43,4,1,9,1,5,5810,48,0,0,6,2,5,1,2700121,1000000
2024MU0004751,1,1841.43,3,2,1,1,5,3087,25,0,0,6,1,5,1,2700112,1000000
2024MU0004752,1,1841.43,30,2,2,1,14,25896,215,7000,1,1,1,1,2,2700117,1000000
2024MU0004753,1,1841.43,81,1,3,1,10,66181,501,0,0,6,1,1,1,2700113,1000000
2024MU0004754,1,1841.43,44,2,2,1,7,21775,181,9920,4,1,1,1,1,2700113,1000000
2024MU0004755,1,1841.43,30,1,1,1,11,22924,191,9800,1,4,1,1,1,2700104,1000000
2024MU0004756,1,1841.43,40,1,1,1,6,31785,264,5000,1,2,1,2,1,2700111,1000000
2024MU0004757,1,1841.43,45,2,1,1,13,51178,426,6000,4,1,1,1,1,2700102,1000000
2024MU0004758,1,1841.43,34,1,1,1,15,122719,501,5000,1,1,1,1,1,2700110,1000000
2024MU0004759,1,1841.43,27,1,7,1,9,57632,480,8000,3,2,1,1,1,2700100,1000000
2024MU0004760,1,1841.43,25,1,2,1,7,1321,11,9000,6,2,1,1,1,2700115,1000000
2024MU0004761,1,1841.43,41,1,1,1,5,3777,31,9920,1,1,1,1,1,2700106,1000000
2024MU0004762,1,1841.43,28,2,2,1,12,76290,501,6000,1,1,1,1,1,2700102,1000000
2024MU0004763,1,1841.43,38,2,1,1,6,14460,120,8000,1,1,1,1,1,2700121,1000000
2024MU0004764,1,1841.43,22,2,8,1,16,61132,501,6000,1,3,1,1,1,2700102,1000000
2024MU0004765,1,1841.43,18,2,2,1,16,13271,110,5000,4,3,1,1,1,2700116,1000000
2024MU0004766,1,1841.43,21,1,9,1,16,33267,277,4000,1,1,1,1,1,2700117,1000000
2024MU0004767,1,1841.43,12,1,1,1,7,5165,43,0,0,6,1,5,1,2700114,1000000
2024MU0004768,1,1841.43,20,1,5,1,14,29869,248,5000,1,3,1,5,1,2700122,1000000
2024MU0004769,1,1841.43,82,2,1,1,12,23566,196,0,0,6,1,2,1,2700120,1000000
2024MU0004770,1,1841.43,31,1,1,1,5,12582,104,6000,1,4,1,1,1,2700105,1000000
2024MU0004771,1,1841.43,15,1,1,1,12,14472,120,0,0,6,1,5,1,2700102,1000000
2024MU0004772,1,1841.43,55,2,3,1,9,78955,501,6000,4,1,2,1,1,2700115,1000000
2024MU0004773,1,1841.43,21,2,1,1,16,50552,421,4000,2,1,1,1,1,2700108,1000000
2024MU0004774,1,1841.43,42,1,2,1,5,26356,219,7000,1,1,1,5,1,2700102,1000000
2024MU0004775,1,1841.43,13,1,5,1,5,4992,41,0,0,6,1,5,1,2700119,1000000
2024MU0004776,1,1841.43,41,2,1,1,8,10069,83,9920,3,1,2,1,1,2700116,1000000
2024MU0004777,1,1841.43,32,2,1,1,16,63744,501,2000,2,1,1,1,1,2700114,1000000
2024MU0004778,1,1841.43,9,1,6,1,5,1545,12,0,0,6,1,5,1,2700109,1000000
2024MU0004779,1,1841.43,30,1,2,1,12,57417,478,5000,1,1,1,1,1,2700117,1000000
2024MU0004780,1,1841.43,15,2,5,1,19,76509,501,0,0,6,1,5,1,2700100,1000000
2024MU0004781,1,1841.43,36,2,2,1,14,93745,501,5000,3,2,1,2,1,2700104,1000000
2024MU0004782,1,1841.43,28,2,2,1,10,43047,358,9000,6,1,1,1,1,2700100,1000000
2024MU0004783,1,1841.43,18,1,1,1,15,55634,463,6000,3,1,1,5,1,2700103,1000000
2024MU0004784,1,1841.43,17,2,8,1,16,27383,228,0,0,6,1,5,1,2700110,1000000
2024MU0004785,1,1841.43,76,1,8,1,6,12376,103,0,0,6,1,1,1,2700112,1000000
2024MU0004786,1,1841.43,3,1,9,1,1,1798,14,0,0,6,1,5,1,2700109,1000000
2024MU0004787,1,1841.43,26,2,2,1,9,27853,232,9800,1,1,1,5,1,2700111,1000000
2024MU0004788,1,1841.43,17,1,5,1,17,9868,82,0,0,6,1,5,1,2700120,1000000
2024MU0004789,1,1841.43,16,2,2,1,13,11138,92,0,0,6,1,5,1,2700123,1000000
2024MU0004790,1,1841.43,47,1,2,1,6,42708,355,9800,1,1,1,1,1,2700119,1000000
2024MU0004791,1,1841.43,11,2,5,1,3,4239,35,0,0,6,1,5,1,2700117,1000000
2024MU0004792,1,1841.43,7,1,1,1,6,7140,59,0,0,6,1,5,1,2700122,1000000
2024MU0004793,1,1841.43,18,2,1,1,16,34889,290,1000,1,1,1,5,1,2700108,1000000
2024MU0004794,1,1841.43,19,1,1,1,17,21031,175,3000,1,5,1,1,1,2700109,1000000
2024MU0004795,1,1841.43,4,2,4,1,3,3451,28,0,0,6,1,5,1,2700110,1000000
2024MU0004796,1,1841.43,15,2,2,1,19,107567,501,0,0,6,1,5,2,2700102,1000000
2024MU0004797,1,1841.43,39,1,2,1,10,71969,501,9800,3,3,1,1,1,2700111,1000000
2024MU0004798,1,1841.43,37,1,9,1,11,28282,235,8000,3,1,1,1,1,2700114,1000000
2024MU0004799,1,1841.43,30,1,2,1,17,51525,429,3000,3,1,1,5,1,2700123,1000000
2024MU0004800,1,1841.43,19,2,1,1,20,66134,501,3000,1,1,1,5,1,2700100,1000000
2024MU0004801,1,1841.43,25,1,3,1,13,19332,161,4000,2,1,1,1,1,2700108,1000000
2024MU0004802,1,1841.43,2,1,5,1,8,3477,28,0,0,6,1,5,1,2700102,1000000
2024MU0004803,1,1841.43,17,1,1,1,15,12374,103,0,0,6,1,5,1,2700106,1000000
2024MU0004804,1,1841.43,0,2,3,1,3,9215,76,0,0,6,1,5,1,2700123,1000000
2024MU0004805,1,1841.43,12,1,1,1,3,3708,30,0,0,6,1,5,1,2700103,1000000
2024MU0004806,1,1841.43,33,1,2,1,11,45278,377,7000,1,1,1,1,1,2700101,1000000
2024MU0004807,1,1841.43,16,2,1,1,16,17966,149,0,0,6,1,5,1,2700100,1000000
2024MU0004808,1,1841.43,35,2,1,1,10,35887,299,9800,1,1,1,1,1,2700120,1000000
2024MU0004809,1,1841.43,36,1,2,1,16,127490,501,1000,1,1,1,1,1,2700107,1000000
2024MU0004810,1,1841.43,36,2,8,1,10,28368,236,8000,1,1,1,1,1,2700113,1000000
2024MU0004811,1,1841.43,4,2,3,1,3,3372,28,0,0,6,1,5,1,2700111,1000000
2024MU0004812,1,1841.43,4,1,9,1,1,12149,101,0,0,6,1,5,1,2700100,1000000
2024MU0004813,1,1841.43,54,1,3,1,18,34543,287,3000,1,1,1,2,1,2700121,1000000
2024MU0004814,1,1841.43,22,2,1,1,18,88220,501,6000,1,4,1,5,1,2700113,1000000
2024MU0004815,1,1841.43,27,1,1,1,12,16764,139,4000,2,1,1,1,2,2700107,1000000
2024MU0004816,1,1841.43,62,1,8,1,10,92553,501,8000,1,1,1,1,1,2700107,1000000
2024MU0004817,1,1841.43,27,1,3,1,14,25599,213,6000,1,2,1,1,1,2700104,1000000
2024MU0004818,1,1841.43,28,2,9,1,17,42132,351,6000,4,4,1,1,1,2700122,1000000
2024MU0004819,1,1841.43,28,2,1,1,10,24982,208,5000,3,1,5,5,1,2700122,1000000
2024MU0004820,1,1841.43,40,2,1,1,10,55662,463,6000,1,1,1,1,1,2700111,1000000
2024MU0004821,1,1841.43,15,1,2,1,11,76036,501,0,0,6,1,5,1,2700104,1000000
2024MU0004822,1,1841.43,15,2,1,1,20,20767,173,0,0,6,1,5,1,2700108,1000000
2024MU0004823,1,1841.43,47,2,1,1,19,130975,501,1000,3,4,1,1,1,2700115,1000000
2024MU0004824,1,1841.43,30,1,2,1,14,108659,501,9000,3,1,1,1,1,2700103,1000000
2024MU0004825,1,1841.43,19,2,3,1,14,3788,31,6000,1,1,1,5,1,2700105,1000000
2024MU0004826,1,1841.43,14,1,1,1,4,4038,33,0,0,6,1,5,1,2700103,1000000
2024MU0004827,1,1841.43,28,2,1,1,10,20712,172,5000,1,1,1,1,1,2700100,1000000
2024MU0004828,1,1841.43,33,1,3,1,9,27834,231,9000,3,1,1,1,1,2700112,1000000
2024MU0004829,1,1841.43,39,2,2,1,11,38630,321,9800,3,1,1,1,1,2700112,1000000
2024MU0004830,1,1841.43,42,2,3,1,5,12285,102,7000,4,2,1,1,1,2700116,1000000
2024MU0004831,1,1841.43,16,2,2,1,20,101170,501,0,0,6,1,5,1,2700112,1000000
2024MU0004832,1,1841.43,0,1,8,1,4,11598,96,0,0,6,5,5,1,2700110,1000000
2024MU0004833,1,1841.43,21,1,3,1,19,73804,501,3000,1,1,1,5,1,2700117,1000000
2024MU0004834,1,1841.43,42,1,8,1,11,36940,307,8000,3,1,1,3,1,2700114,1000000
2024MU0004835,1,1841.43,30,2,2,1,9,52221,435,8000,3,1,1,1,1,2700112,1000000
2024MU0004836,1,1841.43,52,2,1,1,7,25438,211,9000,3,1,1,1,1,2700122,1000000
2024MU0004837,1,1841.43,41,1,2,1,20,393631,501,2000,1,1,1,1,1,2700111,1000000
2024MU0004838,1,1841.43,81,1,2,1,10,23526,196,0,0,6,1,1,1,2700103,1000000
2024MU0004839,1,1841.43,36,2,2,1,8,54418,453,9920,1,4,1,1,1,2700123,1000000
2024MU0004840,1,1841.43,31,1,3,1,6,9789,81,6000,1,1,1,1,1,2700100,1000000
2024MU0004841,1,1841.43,4,1,1,1,6,9976,83,0,0,6,1,5,1,2700100,1000000
2024MU0004842,1,1841.43,4,1,3,1,3,7041,58,0,0,6,1,5,1,2700111,1000000
2024MU0004843,1,1841.43,57,1,4,1,7,8200,68,7000,6,4,1,5,1,2700120,1000000
2024MU0004844,1,1841.43,33,2,3,1,13,51287,427,6000,1,5,1,5,1,2700100,1000000
2024MU0004845,1,1841.43,19,2,2,1,16,35485,295,6000,1,2,1,5,1,2700113,1000000
2024MU0004846,1,1841.43,4,2,9,1,4,3577,29,0,0,6,1,5,1,2700100,1000000
2024MU0004847,1,1841.43,54,1,2,1,16,90060,501,6000,1,1,1,1,1,2700108,1000000
2024MU0004848,1,1841.43,63,2,1,1,9,12489,104,9800,6,1,1,1,1,2700115,1000000
2024MU0004849,1,1841.43,24,1,5,1,18,52223,435,1000,2,1,1,5,1,2700111,1000000
2024MU0004850,1,1841.43,37,1,1,1,8,13248,110,9000,1,1,1,1,2,2700121,1000000
2024MU0004851,1,1841.43,49,2,3,1,7,10140,84,6000,6,1,1,1,1,2700115,1000000
2024MU0004852,1,1841.43,22,1,1,1,11,15960,133,9800,6,1,1,5,2,2700108,1000000
2024MU0004853,1,1841.43,6,1,1,1,3,9366,78,0,0,6,1,5,1,2700102,1000000
2024MU0004854,1,1841.43,29,2,1,1,18,74198,501,4000,1,1,1,1,1,2700120,1000000
2024MU0004855,1,1841.43,26,1,2,1,18,289787,501,4000,1,1,1,1,1,2700110,1000000
2024MU0004856,1,1841.43,38,2,1,1,14,50931,424,6000,6,1,1,1,1,2700105,1000000
2024MU0004857,1,1841.43,2,2,1,1,5,9210,76,0,0,6,1,5,1,2700123,1000000
2024MU0004858,1,1841.43,39,1,4,1,14,37670,313,7000,3,1,1,1,1,2700122,1000000
2024MU0004859,1,1841.43,37,1,4,1,11,27423,228,9000,1,1,1,1,1,2700121,1000000
2024MU0004860,1,1841.43,62,1,5,1,5,16486,137,8000,1,2,1,2,1,2700123,1000000
2024MU0004861,1,1841.43,31,1,6,1,11,107924,501,8000,1,1,1,1,1,2700119,1000000
2024MU0004862,1,1841.43,42,1,2,1,10,40944,341,7000,3,2,1,5,1,2700106,1000000
2024MU0004863,1,1841.43,29,2,6,1,9,39719,330,9000,1,1,1,1,1,2700100,1000000
2024MU0004864,1,1841.43,23,1,2,1,12,34792,289,9800,1,2,1,5,1,2700118,1000000
2024MU0004865,1,1841.43,10,1,2,1,3,3705,30,0,0,6,1,5,1,2700105,1000000
2024MU0004866,1,1841.43,19,2,3,1,16,28794,239,1000,1,1,1,5,1,2700102,1000000
2024MU0004867,1,1841.43,48,2,1,1,6,7212,60,5000,1,4,1,1,1,2700122,1000000
2024MU0004868,1,1841.43,49,2,4,1,11,43241,360,8000,1,1,1,5,1,2700112,1000000
2024MU0004869,1,1841.43,23,1,2,1,14,45897,382,6000,4,2,1,1,1,2700109,1000000
2024MU0004870,1,1841.43,47,2,1,1,8,20310,169,6000,1,1,1,1,1,2700123,1000000
2024MU0004871,1,1841.43,39,2,1,1,14,49575,413,5000,3,3,1,1,1,2700123,1000000
2024MU0004872,1,1841.43,42,1,1,1,9,72390,501,7000,1,1,1,1,1,2700116,1000000
2024MU0004873,1,1841.43,11,1,8,1,4,4684,39,0,0,6,1,5,1,2700119,1000000
2024MU0004874,1,1841.43,3,1,9,1,7,4052,33,0,0,6,1,5,1,2700104,1000000
2024MU0004875,1,1841.43,47,2,2,1,8,28866,240,6000,3,1,1,5,1,2700108,1000000
2024MU0004876,1,1841.43,1,1,1,1,7,4470,37,0,0,6,1,5,1,2700101,1000000
2024MU0004877,1,1841.43,18,2,1,1,15,25695,214,4000,1,1,1,1,1,2700101,1000000
2024MU0004878,1,1841.43,45,2,5,1,7,23316,194,9920,1,1,1,1,1,2700121,1000000
2024MU0004879,1,1841.43,42,2,1,1,10,42517,354,9000,4,1,1,1,1,2700116,1000000
2024MU0004880,1,1841.43,40,1,8,1,7,12798,106,9800,1,1,1,1,1,2700117,1000000
2024MU0004881,1,1841.43,20,1,3,1,12,12146,101,5000,3,3,1,5,1,2700101,1000000
2024MU0004882,1,1841.43,37,1,8,1,6,18324,152,6000,4,1,1,1,1,2700108,1000000
2024MU0004883,1,1841.43,4,1,3,1,3,1657,13,0,0,6,1,5,1,2700107,1000000
2024MU0004884,1,1841.43,0,2,3,1,6,5232,43,0,0,6,1,5,1,2700109,1000000
2024MU0004885,1,1841.43,27,1,3,1,15,239130,501,2000,2,1,1,1,1,2700123,1000000
2024MU0004886,1,1841.43,52,1,5,1,13,18292,152,9800,6,2,1,1,1,2700105,1000000
2024MU0004887,1,1841.43,53,1,5,1,7,8936,74,9000,1,1,1,1,1,2700107,1000000
2024MU0004888,1,1841.43,50,1,3,1,11,254236,501,3000,3,4,1,1,1,2700121,1000000
2024MU0004889,1,1841.43,3,2,3,1,3,2076,17,0,0,6,1,5,1,2700102,1000000
2024MU0004890,1,1841.43,43,2,8,1,10,107236,501,7000,3,1,1,1,1,2700109,1000000
2024MU0004891,1,1841.43,43,2,8,1,14,37131,309,6000,1,1,1,1,2,2700104,1000000
2024MU0004892,1,1841.43,11,1,3,1,1,4205,35,0,0,6,1,5,1,2700101,1000000
2024MU0004893,1,1841.43,40,2,1,1,19,223404,501,3000,1,1,1,1,1,2700122,1000000
2024MU0004894,1,1841.43,32,2,1,1,15,152930,501,3000,2,2,1,1,2,2700112,1000000
2024MU0004895,1,1841.43,23,1,6,1,17,30607,255,1000,1,3,1,5,2,2700114,1000000
2024MU0004896,1,1841.43,40,1,1,1,11,49647,413,6000,3,1,1,1,1,2700100,1000000
2024MU0004897,1,1841.43,38,2,1,1,14,32858,273,6000,1,1,1,2,2,2700112,1000000
2024MU0004898,1,1841.43,16,2,1,1,20,23493,195,0,0,6,1,5,1,2700120,1000000
2024MU0004899,1,1841.43,45,2,3,1,12,95505,501,9000,4,5,1,1,1,2700112,1000000
2024MU0004900,1,1841.43,5,1,3,1,4,742,6,0,0,6,1,5,2,2700119,1000000
2024MU0004901,1,1841.43,64,1,1,1,8,74515,501,7000,3,1,1,1,1,2700106,1000000
2024MU0004902,1,1841.43,31,2,1,1,9,67116,501,6000,1,1,1,1,1,2700123,1000000
2024MU0004903,1,1841.43,60,2,4,1,12,14006,116,7000,1,1,1,5,1,2700112,1000000
2024MU0004904,1,1841.43,67,1,9,1,12,46328,386,4000,3,4,1,1,1,2700106,1000000
2024MU0004905,1,1841.43,8,2,1,1,5,2198,18,0,0,6,1,5,1,2700103,1000000
2024MU0004906,1,1841.43,36,1,1,1,14,26607,221,8000,1,1,1,1,1,2700113,1000000
2024MU0004907,1,1841.43,31,2,3,1,16,40204,335,2000,1,1,1,5,1,2700101,1000000
2024MU0004908,1,1841.43,59,2,5,1,7,6693,55,6000,3,1,1,1,1,2700114,1000000
2024MU0004909,1,1841.43,46,2,4,1,10,25848,215,6000,1,1,2,1,1,2700104,1000000
2024MU0004910,1,1841.43,51,1,3,1,9,64389,501,7000,1,1,1,1,1,2700102,1000000
2024MU0004911,1,1841.43,14,1,8,1,6,10196,84,0,0,6,1,5,1,2700115,1000000
2024MU0004912,1,1841.43,21,2,1,1,14,4570,38,9800,4,1,1,5,1,2700116,1000000
2024MU0004913,1,1841.43,34,2,1,1,13,52664,438,6000,1,1,1,1,1,2700105,1000000
2024MU0004914,1,1841.43,8,2,3,1,4,919,7,0,0,6,1,5,1,2700102,1000000
2024MU0004915,1,1841.43,50,2,5,1,6,16638,138,6000,1,1,1,1,1,2700105,1000000
2024MU0004916,1,1841.43,3,1,3,1,2,22599,188,0,0,6,2,5,1,2700119,1000000
2024MU0004917,1,1841.43,41,1,9,1,6,3860,32,5000,4,1,1,5,1,2700121,1000000
2024MU0004918,1,1841.43,40,1,4,1,5,7119,59,7000,6,1,1,1,1,2700120,1000000
2024MU0004919,1,1841.43,22,1,3,1,15,122176,501,3000,3,1,1,5,1,2700100,1000000
2024MU0004920,1,1841.43,41,1,1,1,11,78744,501,5000,3,1,1,1,1,2700115,1000000
2024MU0004921,1,1841.43,2,2,1,1,2,1887,15,0,0,6,1,5,1,2700122,1000000
2024MU0004922,1,1841.43,20,1,4,1,16,71694,501,6000,1,1,1,5,1,2700117,1000000
2024MU0004923,1,1841.43,41,1,1,1,10,24622,205,4000,3,1,1,1,1,2700116,1000000
2024MU0004924,1,1841.43,1,2,1,1,2,15287,127,0,0,6,1,5,1,2700104,1000000
2024MU0004925,1,1841.43,51,2,8,1,9,50415,420,9000,4,1,1,3,1,2700121,1000000
2024MU0004926,1,1841.43,42,2,8,1,12,106103,501,5000,3,2,5,1,1,2700112,1000000
2024MU0004927,1,1841.43,31,1,1,1,5,21568,179,5000,4,1,1,5,1,2700101,1000000
2024MU0004928,1,1841.43,49,2,4,1,6,27116,225,9800,3,4,1,1,1,2700108,1000000
2024MU0004929,1,1841.43,36,1,1,1,20,340233,501,4000,3,2,1,1,1,2700121,1000000
2024MU0004930,1,1841.43,46,1,1,1,11,97117,501,6000,4,1,1,5,1,2700109,1000000
2024MU0004931,1,1841.43,36,1,3,1,11,42588,354,4000,1,1,1,1,1,2700117,1000000
2024MU0004932,1,1841.43,39,1,4,1,12,23211,193,6000,6,1,1,1,1,2700117,1000000
2024MU0004933,1,1841.43,23,1,1,1,18,75319,501,3000,1,1,1,5,1,2700118,1000000
2024MU0004934,1,1841.43,19,2,1,1,18,19841,165,6000,4,1,2,5,1,2700112,1000000
2024MU0004935,1,1841.43,0,1,1,1,3,2475,20,0,0,6,1,5,1,2700105,1000000
2024MU0004936,1,1841.43,18,2,9,1,15,79928,501,4000,1,1,1,5,1,2700123,1000000
2024MU0004937,1,1841.43,18,1,3,1,16,43030,358,6000,4,2,1,1,1,2700100,1000000
2024MU0004938,1,1841.43,37,1,2,1,6,25430,211,7000,1,1,1,1,1,2700117,1000000
2024MU0004939,1,1841.43,10,1,1,1,8,9453,78,0,0,6,2,5,1,2700118,1000000
2024MU0004940,1,1841.43,12,2,3,1,4,6568,54,0,0,6,1,5,1,2700115,1000000
2024MU0004941,1,1841.43,45,2,3,1,8,71395,501,8000,6,1,1,1,1,2700118,1000000
2024MU0004942,1,1841.43,33,2,5,1,16,33709,280,3000,1,1,1,1,1,2700120,1000000
2024MU0004943,1,1841.43,14,2,1,1,2,1804,15,0,0,6,1,5,1,2700106,1000000
2024MU0004944,1,1841.43,25,2,9,1,5,6101,50,9800,3,1,1,1,1,2700105,1000000
2024MU0004945,1,1841.43,51,2,2,1,11,13863,115,3000,1,1,1,1,1,2700111,1000000
2024MU0004946,1,1841.43,34,2,1,1,10,47163,393,8000,4,1,1,1,1,2700113,1000000
2024MU0004947,1,1841.43,28,1,1,1,14,32493,270,6000,1,1,1,5,1,2700106,1000000
2024MU0004948,1,1841.43,23,2,2,1,11,115796,501,7000,6,1,1,5,1,2700116,1000000
2024MU0004949,1,1841.43,4,1,9,1,4,8258,68,0,0,6,1,5,1,2700122,1000000
2024MU0004950,1,1841.43,34,1,3,1,8,10681,89,8000,4,1,1,1,2,2700112,1000000
2024MU0004951,1,1841.43,27,1,3,1,13,41064,342,9000,4,4,1,5,1,2700119,1000000
2024MU0004952,1,1841.43,14,1,1,1,3,929,7,0,0,6,1,5,1,2700104,1000000
2024MU0004953,1,1841.43,55,1,1,1,9,40117,334,5000,1,1,1,3,1,2700105,1000000
2024MU0004954,1,1841.43,95,1,2,1,10,19322,161,0,0,6,1,2,1,2700112,1000000
2024MU0004955,1,1841.43,44,2,3,1,15,68944,501,4000,1,3,1,1,1,2700109,1000000
2024MU0004956,1,1841.43,19,1,4,1,17,26247,218,4000,3,2,1,5,1,2700102,1000000
2024MU0004957,1,1841.43,6,1,1,1,4,2303,19,0,0,6,1,5,2,2700120,1000000
2024MU0004958,1,1841.43,47,2,1,1,10,22686,189,6000,1,1,1,1,1,2700102,1000000
2024MU0004959,1,1841.43,17,1,2,1,17,44388,369,0,0,6,1,5,1,2700107,1000000
2024MU0004960,1,1841.43,32,1,8,1,16,220282,501,4000,3,1,1,1,1,2700106,1000000
2024MU0004961,1,1841.43,6,1,2,1,7,6027,50,0,0,6,1,5,1,2700117,1000000
2024MU0004962,1,1841.43,25,1,1,1,17,60717,501,6000,1,3,1,1,1,2700113,1000000
2024MU0004963,1,1841.43,20,1,1,1,18,19900,165,6000,1,1,1,1,1,2700106,1000000
2024MU0004964,1,1841.43,42,1,1,1,6,11576,96,6000,6,1,1,1,1,2700110,1000000
2024MU0004965,1,1841.43,8,1,2,1,6,3361,28,0,0,6,1,5,1,2700123,1000000
2024MU0004966,1,1841.43,2,2,4,1,7,1994,16,0,0,6,1,5,1,2700120,1000000
2024MU0004967,1,1841.43,44,2,9,1,13,91125,501,9800,4,2,1,1,1,2700119,1000000
2024MU0004968,1,1841.43,10,2,2,1,8,3409,28,0,0,6,1,5,1,2700109,1000000
2024MU0004969,1,1841.43,24,1,1,1,15,124964,501,6000,1,4,1,5,2,2700109,1000000
2024MU0004970,1,1841.43,45,1,3,1,11,16356,136,5000,1,1,1,1,1,2700116,1000000
2024MU0004971,1,1841.43,15,2,4,1,10,6729,56,0,0,6,1,5,1,2700115,1000000
2024MU0004972,1,1841.43,13,1,1,1,5,7970,66,0,0,6,1,5,1,2700109,1000000
2024MU0004973,1,1841.43,43,2,6,1,9,80322,501,7000,6,5,1,1,1,2700105,1000000
2024MU0004974,1,1841.43,36,1,5,1,18,57572,479,6000,1,5,1,1,1,2700100,1000000
2024MU0004975,1,1841.43,14,2,2,1,8,5107,42,0,0,6,1,5,1,2700104,1000000
2024MU0004976,1,1841.43,13,1,3,1,6,5215,43,0,0,6,1,5,1,2700111,1000000
2024MU0004977,1,1841.43,44,1,3,1,5,9097,75,8000,1,1,1,1,1,2700107,1000000
2024MU0004978,1,1841.43,12,2,3,1,4,5332,44,0,0,6,1,5,1,2700105,1000000
2024MU0004979,1,1841.43,26,2,1,1,13,9609,80,6000,3,1,1,1,1,2700122,1000000
2024MU0004980,1,1841.43,24,1,1,1,10,15184,126,8000,1,1,1,5,1,2700115,1000000
2024MU0004981,1,1841.43,4,2,1,1,3,6471,53,0,0,6,1,5,1,2700109,1000000
2024MU0004982,1,1841.43,5,1,4,1,7,4103,34,0,0,6,1,5,2,2700102,1000000
2024MU0004983,1,1841.43,57,1,2,1,6,14258,118,5000,1,1,1,3,1,2700105,1000000
2024MU0004984,1,1841.43,32,2,2,1,6,13936,116,5000,3,1,1,5,1,2700101,1000000
2024MU0004985,1,1841.43,32,2,4,1,12,63459,501,9800,4,1,1,1,2,2700103,1000000
2024MU0004986,1,1841.43,5,2,1,1,8,6400,53,0,0,6,1,5,1,2700106,1000000
2024MU0004987,1,1841.43,31,1,3,1,15,190464,501,1000,3,1,1,1,2,2700120,1000000
2024MU0004988,1,1841.43,6,1,2,1,9,11896,99,0,0,6,1,5,1,2700111,1000000
2024MU0004989,1,1841.43,21,2,2,1,17,23458,195,6000,3,1,1,1,1,2700109,1000000
2024MU0004990,1,1841.43,26,1,1,1,10,19671,163,6000,3,2,1,1,1,2700112,1000000
2024MU0004991,1,1841.43,18,1,9,1,19,35157,292,3000,2,1,1,5,1,2700120,1000000
2024MU0004992,1,1841.43,68,1,4,1,7,4839,40,8000,1,1,1,5,1,2700118,1000000
2024MU0004993,1,1841.43,59,1,1,1,8,8224,68,9800,6,1,1,1,1,2700107,1000000
2024MU0004994,1,1841.43,34,1,9,1,10,133709,501,9800,1,1,1,1,1,2700116,1000000
2024MU0004995,1,1841.43,17,1,4,1,18,15801,131,0,0,6,1,5,1,2700107,1000000
2024MU0004996,1,1841.43,43,2,1,1,15,220739,501,6000,1,1,2,1,1,2700117,1000000
2024MU0004997,1,1841.43,11,2,1,1,4,3235,26,0,0,6,1,5,1,2700119,1000000
2024MU0004998,1,1841.43,9,1,1,1,4,3397,28,0,0,6,1,5,1,2700107,1000000
2024MU0004999,1,1841.43,47,1,3,1,14,57708,480,7000,3,1,1,1,1,2700115,1000000
2024MU0005000,1,1841.43,23,1,3,1,10,10763,89,6000,1,3,1,5,1,2700115,1000000
2024MU0005001,1,1841.43,18,1,1,1,17,18325,152,4000,1,1,1,5,1,2700123,1000000
2024MU0005002,1,1841.43,31,2,2,1,10,18279,152,3000,1,1,1,1,1,2700109,1000000
2024MU0005003,1,1841.43,48,2,1,1,8,11826,98,6000,1,1,1,1,1,2700112,1000000
2024MU0005004,1,1841.43,8,2,1,1,4,1936,16,0,0,6,1,5,1,2700120,1000000
2024MU0005005,1,1841.43,59,2,2,1,9,91308,501,6000,4,5,1,3,1,2700121,1000000
2024MU0005006,1,1841.43,15,1,1,1,17,20869,173,0,0,6,1,5,1,2700104,1000000
2024MU0005007,1,1841.43,43,1,2,1,15,28430,236,3000,2,1,1,5,1,2700111,1000000
2024MU0005008,1,1841.43,27,2,9,1,11,22988,191,4000,1,1,1,5,1,2700114,1000000
2024MU0005009,1,1841.43,31,2,1,1,15,192296,501,1000,1,1,5,1,1,2700105,1000000
2024MU0005010,1,1841.43,14,1,1,1,6,14768,123,0,0,6,1,5,1,2700108,1000000
2024MU0005011,1,1841.43,12,1,1,1,3,3335,27,0,0,6,1,5,1,2700102,1000000
2024MU0005012,1,1841.43,26,2,2,1,12,20232,168,6000,3,1,1,1,1,2700123,1000000
2024MU0005013,1,1841.43,51,1,3,1,11,35949,299,4000,2,1,1,1,1,2700122,1000000
2024MU0005014,1,1841.43,35,2,3,1,5,22345,186,6000,3,1,1,1,1,2700120,1000000
2024MU0005015,1,1841.43,23,2,2,1,14,13182,109,7000,4,1,1,1,1,2700116,1000000
2024MU0005016,1,1841.43,36,1,2,1,20,211101,501,2000,1,5,1,1,1,2700109,1000000
2024MU0005017,1,1841.43,27,2,1,1,12,28062,233,4000,2,2,1,5,1,2700101,1000000
2024MU0005018,1,1841.43,57,2,2,1,8,13858,115,7000,4,1,1,2,1,2700106,1000000
2024MU0005019,1,1841.43,24,2,3,1,13,26256,218,6000,6,1,1,1,1,2700103,1000000
2024MU0005020,1,1841.43,9,1,1,1,3,1895,15,0,0,6,1,5,1,2700109,1000000
2024MU0005021,1,1841.43,21,1,4,1,14,13809,115,9800,1,1,1,1,1,2700106,1000000
2024MU0005022,1,1841.43,42,2,3,1,6,15470,128,5000,1,1,1,5,1,2700111,1000000
2024MU0005023,1,1841.43,16,1,1,1,12,10542,87,0,0,6,1,5,1,2700114,1000000
2024MU0005024,1,1841.43,33,1,2,1,10,20425,170,8000,1,1,2,1,1,2700123,1000000
2024MU0005025,1,1841.43,56,1,9,1,10,56847,473,6000,3,1,1,1,1,2700115,1000000
2024MU0005026,1,1841.43,21,2,1,1,12,5610,46,5000,1,1,1,5,1,2700102,1000000
2024MU0005027,1,1841.43,17,1,1,1,10,33776,281,0,0,6,1,5,1,2700100,1000000
2024MU0005028,1,1841.43,57,1,2,1,5,5200,43,7000,4,4,1,1,1,2700114,1000000
2024MU0005029,1,1841.43,0,1,3,1,3,7374,61,0,0,6,1,5,1,2700114,1000000
2024MU0005030,1,1841.43,27,2,1,1,8,2322,19,7000,6,1,2,1,1,2700110,1000000
2024MU0005031,1,1841.43,3,2,9,1,5,658,5,0,0,6,1,5,2,2700101,1000000
2024MU0005032,1,1841.43,40,1,3,1,9,29554,246,6000,1,2,1,1,1,2700103,1000000
2024MU0005033,1,1841.43,32,2,7,1,9,8960,74,9000,3,1,5,1,1,2700116,1000000
2024MU0005034,1,1841.43,5,1,1,1,7,7185,59,0,0,6,1,5,1,2700111,1000000
2024MU0005035,1,1841.43,11,2,5,1,5,3938,32,0,0,6,1,5,1,2700115,1000000
2024MU0005036,1,1841.43,0,2,2,1,1,12293,102,0,0,6,1,5,1,2700100,1000000
2024MU0005037,1,1841.43,7,2,1,1,3,3506,29,0,0,6,1,5,1,2700122,1000000
2024MU0005038,1,1841.43,24,1,8,1,20,179589,501,4000,1,2,1,1,1,2700109,1000000
2024MU0005039,1,1841.43,26,2,1,1,18,67234,501,2000,3,5,2,1,1,2700112,1000000
2024MU0005040,1,1841.43,29,2,9,1,8,5311,44,5000,1,1,1,1,1,2700117,1000000
2024MU0005041,1,1841.43,43,2,2,1,6,11578,96,7000,6,1,1,1,1,2700120,1000000
2024MU0005042,1,1841.43,25,1,9,1,11,12507,104,6000,1,5,5,5,1,2700114,1000000
2024MU0005043,1,1841.43,8,1,2,1,4,5464,45,0,0,6,1,5,1,2700109,1000000
2024MU0005044,1,1841.43,17,2,4,1,14,8782,73,0,0,6,1,5,1,2700122,1000000
2024MU0005045,1,1841.43,0,1,1,1,5,3699,30,0,0,6,1,5,1,2700114,1000000
2024MU0005046,1,1841.43,29,2,2,1,8,102317,501,9800,1,1,1,1,1,2700122,1000000
2024MU0005047,1,1841.43,26,1,3,1,7,7742,64,9920,3,2,1,1,1,2700103,1000000
2024MU0005048,1,1841.43,36,2,4,1,12,54282,452,5000,1,1,1,1,1,2700104,1000000
2024MU0005049,1,1841.43,55,1,1,1,15,95560,501,5000,1,1,1,2,1,2700106,1000000
2024MU0005050,1,1841.43,31,1,2,1,7,40473,337,9000,3,1,1,1,1,2700112,1000000
2024MU0005051,1,1841.43,21,1,2,1,17,34169,284,4000,2,1,1,1,1,2700114,1000000
2024MU0005052,1,1841.43,35,1,1,1,10,36037,300,6000,6,5,1,1,1,2700123,1000000
2024MU0005053,1,1841.43,28,2,2,1,9,144584,501,4000,1,1,1,5,1,2700111,1000000
2024MU0005054,1,1841.43,55,2,5,1,13,19894,165,7000,4,1,1,4,1,2700118,1000000
2024MU0005055,1,1841.43,23,2,1,1,14,25366,211,8000,4,1,1,5,1,2700100,1000000
2024MU0005056,1,1841.43,18,2,2,1,16,51324,427,6000,4,3,1,1,1,2700117,1000000
2024MU0005057,1,1841.43,18,2,9,1,14,6144,51,8000,1,1,1,5,1,2700105,1000000
2024MU0005058,1,1841.43,4,1,1,1,1,7394,61,0,0,6,1,5,1,2700112,1000000
2024MU0005059,1,1841.43,0,1,3,1,5,2731,22,0,0,6,1,5,2,2700123,1000000
2024MU0005060,1,1841.43,5,1,3,1,4,8942,74,0,0,6,1,5,1,2700106,1000000
2024MU0005061,1,1841.43,30,2,4,1,6,35028,291,7000,1,1,5,5,1,2700102,1000000
2024MU0005062,1,1841.43,23,1,3,1,16,74817,501,6000,1,4,1,1,1,2700120,1000000
2024MU0005063,1,1841.43,39,1,3,1,5,7200,60,7000,3,1,1,1,1,2700111,1000000
2024MU0005064,1,1841.43,40,2,1,1,7,11721,97,5000,4,1,1,1,1,2700104,1000000
2024MU0005065,1,1841.43,29,2,2,1,14,28752,239,8000,4,1,1,1,1,2700101,1000000
2024MU0005066,1,1841.43,47,2,4,1,5,32628,271,6000,4,1,1,1,1,2700119,1000000
2024MU0005067,1,1841.43,46,2,1,1,10,54542,454,9800,1,1,1,1,1,2700107,1000000
2024MU0005068,1,1841.43,3,2,1,1,8,6163,51,0,0,6,1,5,1,2700101,1000000
2024MU0005069,1,1841.43,9,1,5,1,2,5300,44,0,0,6,1,5,1,2700121,1000000
2024MU0005070,1,1841.43,44,2,3,1,9,78800,501,6000,1,1,1,1,1,2700114,1000000
2024MU0005071,1,1841.43,47,2,2,1,10,37874,315,5000,1,3,1,1,1,2700100,1000000
2024MU0005072,1,1841.43,16,1,9,1,14,12227,101,0,0,6,1,5,1,2700101,1000000
2024MU0005073,1,1841.43,36,1,4,1,12,44452,370,5000,3,2,1,5,1,2700102,1000000
2024MU0005074,1,1841.43,8,1,9,1,4,2823,23,0,0,6,1,5,1,2700101,1000000
2024MU0005075,1,1841.43,51,1,8,1,6,30012,250,9000,1,1,1,1,1,2700112,1000000
2024MU0005076,1,1841.43,9,2,2,1,1,8853,73,0,0,6,1,5,1,2700120,1000000
2024MU0005077,1,1841.43,11,1,4,1,6,10516,87,0,0,6,1,5,1,2700123,1000000
2024MU0005078,1,1841.43,26,1,3,1,8,5801,48,7000,1,3,1,5,1,2700100,1000000
2024MU0005079,1,1841.43,69,2,5,1,10,23211,193,6000,1,1,1,2,1,2700118,1000000
2024MU0005080,1,1841.43,18,1,4,1,17,57036,475,4000,1,1,1,5,1,2700105,1000000
2024MU0005081,1,1841.43,21,1,1,1,10,31196,259,5000,1,1,5,5,1,2700105,1000000
2024MU0005082,1,1841.43,40,2,1,1,7,4795,39,5000,6,1,1,1,1,2700106,1000000
2024MU0005083,1,1841.43,37,1,1,1,9,43490,362,8000,1,1,1,5,1,2700121,1000000
2024MU0005084,1,1841.43,46,2,5,1,10,38172,318,3000,3,1,1,5,1,2700109,1000000
2024MU0005085,1,1841.43,57,1,5,1,12,110590,501,9800,6,2,1,1,1,2700113,1000000
2024MU0005086,1,1841.43,33,1,2,1,6,2737,22,5000,1,1,1,1,1,2700109,1000000
2024MU0005087,1,1841.43,8,1,3,1,3,1733,14,0,0,6,1,5,1,2700101,1000000
2024MU0005088,1,1841.43,5,1,5,1,4,12612,105,0,0,6,5,5,1,2700118,1000000
2024MU0005089,1,1841.43,39,2,1,1,8,11009,91,7000,6,1,1,1,1,2700117,1000000
2024MU0005090,1,1841.43,41,2,1,1,9,17523,146,5000,1,1,1,1,1,2700119,1000000
2024MU0005091,1,1841.43,42,2,2,1,9,125586,501,5000,6,1,1,5,1,2700110,1000000
2024MU0005092,1,1841.43,59,1,8,1,8,4249,35,9800,4,1,1,2,1,2700114,1000000
2024MU0005093,1,1841.43,29,2,4,1,11,59413,495,7000,4,1,1,1,1,2700113,1000000
2024MU0005094,1,1841.43,28,2,2,1,9,9746,81,6000,1,1,1,5,1,2700114,1000000
2024MU0005095,1,1841.43,8,1,1,1,3,1263,10,0,0,6,1,5,1,2700100,1000000
2024MU0005096,1,1841.43,17,2,3,1,13,12533,104,0,0,6,1,5,1,2700111,1000000
2024MU0005097,1,1841.43,20,1,5,1,15,17801,148,3000,3,2,1,1,1,2700108,1000000
2024MU0005098,1,1841.43,21,1,3,1,14,13182,109,5000,6,1,1,5,1,2700117,1000000
2024MU0005099,1,1841.43,38,2,2,1,8,67775,501,8000,4,1,1,1,1,2700116,1000000
2024MU0005100,1,1841.43,19,2,1,1,10,9774,81,9000,1,1,1,1,1,2700102,1000000
2024MU0005101,1,1841.43,54,1,8,1,6,49130,409,6000,1,1,1,2,1,2700114,1000000
2024MU0005102,1,1841.43,17,1,1,1,10,13670,113,0,0,6,1,5,1,2700116,1000000
2024MU0005103,1,1841.43,27,2,1,1,10,56724,472,6000,1,1,1,5,1,2700122,1000000
2024MU0005104,1,1841.43,15,2,5,1,13,2098,17,0,0,6,1,5,1,2700101,1000000
2024MU0005105,1,1841.43,83,1,9,1,7,11113,92,0,0,6,2,1,1,2700113,1000000
2024MU0005106,1,1841.43,21,1,3,1,14,15274,127,9000,4,1,1,5,2,2700108,1000000
2024MU0005107,1,1841.43,29,1,3,1,11,22579,188,9000,1,1,1,1,1,2700115,1000000
2024MU0005108,1,1841.43,52,2,1,1,11,136881,501,5000,6,1,1,4,1,2700117,1000000
2024MU0005109,1,1841.43,17,1,1,1,15,22028,183,0,0,6,1,5,1,2700107,1000000
2024MU0005110,1,1841.43,21,1,1,1,11,3532,29,6000,3,3,1,5,1,2700105,1000000
2024MU0005111,1,1841.43,8,1,3,1,1,7492,62,0,0,6,1,5,1,2700115,1000000
2024MU0005112,1,1841.43,36,2,1,1,8,5132,42,9920,1,1,1,1,1,2700113,1000000
2024MU0005113,1,1841.43,27,2,8,1,10,30652,255,9000,3,1,2,5,1,2700105,1000000
2024MU0005114,1,1841.43,15,2,1,1,10,27831,231,0,0,6,1,5,1,2700119,1000000
2024MU0005115,1,1841.43,29,1,2,1,9,41183,343,5000,4,1,1,1,1,2700116,1000000
2024MU0005116,1,1841.43,3,1,2,1,7,3288,27,0,0,6,1,5,1,2700123,1000000
2024MU0005117,1,1841.43,15,2,3,1,11,8520,71,0,0,6,1,5,1,2700106,1000000
2024MU0005118,1,1841.43,15,2,1,1,20,112274,501,0,0,6,1,5,1,2700115,1000000
2024MU0005119,1,1841.43,4,2,7,1,7,1510,12,0,0,6,1,5,1,2700105,1000000
2024MU0005120,1,1841.43,30,2,2,1,15,188594,501,4000,1,3,1,1,1,2700120,1000000
2024MU0005121,1,1841.43,3,2,3,1,7,23176,193,0,0,6,1,5,1,2700112,1000000
2024MU0005122,1,1841.43,42,2,3,1,5,24762,206,9920,1,1,1,1,1,2700117,1000000
2024MU0005123,1,1841.43,74,2,1,1,5,5521,46,8000,1,4,1,1,1,2700115,1000000
2024MU0005124,1,1841.43,21,2,3,1,12,9739,81,9000,3,1,1,5,1,2700100,1000000
2024MU0005125,1,1841.43,12,1,3,1,2,2729,22,0,0,6,1,5,1,2700111,1000000
2024MU0005126,1,1841.43,35,1,8,1,9,27628,230,4000,2,3,1,1,1,2700113,1000000
2024MU0005127,1,1841.43,52,2,8,1,13,39436,328,9800,1,5,1,1,1,2700106,1000000
2024MU0005128,1,1841.43,24,1,1,1,13,46746,389,8000,1,1,1,5,1,2700119,1000000
2024MU0005129,1,1841.43,38,2,1,1,8,58159,484,5000,1,1,1,1,1,2700101,1000000
2024MU0005130,1,1841.43,0,1,1,1,6,837,6,0,0,6,1,5,1,2700112,1000000
2024MU0005131,1,1841.43,57,1,9,1,5,1898,15,7000,3,1,1,2,1,2700111,1000000
2024MU0005132,1,1841.43,43,1,1,1,8,59064,492,5000,3,1,1,1,1,2700118,1000000
2024MU0005133,1,1841.43,47,1,3,1,7,16781,139,9800,3,1,1,1,1,2700101,1000000
2024MU0005134,1,1841.43,18,1,3,1,18,31625,263,5000,1,3,1,5,1,2700108,1000000
2024MU0005135,1,1841.43,9,1,3,1,5,5985,49,0,0,6,1,5,1,2700114,1000000
2024MU0005136,1,1841.43,37,2,1,1,12,38235,318,7000,1,4,1,1,1,2700103,1000000
2024MU0005137,1,1841.43,50,1,1,1,6,64869,501,7000,1,3,1,1,1,2700114,1000000
2024MU0005138,1,1841.43,16,1,2,1,19,76262,501,0,0,6,1,5,1,2700113,1000000
2024MU0005139,1,1841.43,51,1,1,1,8,9338,77,7000,3,5,1,1,1,2700116,1000000
2024MU0005140,1,1841.43,9,2,1,1,6,3009,25,0,0,6,1,5,1,2700104,1000000
2024MU0005141,1,1841.43,33,2,1,1,18,108684,501,1000,1,1,1,1,1,2700112,1000000
2024MU0005142,1,1841.43,18,2,3,1,15,18578,154,4000,1,1,1,1,1,2700106,1000000
2024MU0005143,1,1841.43,88,1,2,1,8,25808,215,0,0,6,1,2,1,2700100,1000000
2024MU0005144,1,1841.43,6,1,1,1,2,4425,36,0,0,6,1,5,1,2700112,1000000
2024MU0005145,1,1841.43,28,2,1,1,10,12803,106,5000,1,1,1,5,1,2700103,1000000
2024MU0005146,1,1841.43,32,2,1,1,15,151061,501,3000,1,1,1,5,1,2700112,1000000
2024MU0005147,1,1841.43,55,1,2,1,6,42244,352,9920,4,1,1,1,1,2700112,1000000
2024MU0005148,1,1841.43,4,1,1,1,8,9364,78,0,0,6,1,5,1,2700102,1000000
2024MU0005149,1,1841.43,10,1,3,1,6,2182,18,0,0,6,1,5,1,2700107,1000000
2024MU0005150,1,1841.43,6,1,1,1,4,1650,13,0,0,6,1,5,1,2700123,1000000
2024MU0005151,1,1841.43,8,2,9,1,5,12555,104,0,0,6,1,5,1,2700108,1000000
2024MU0005152,1,1841.43,23,1,1,1,12,9319,77,6000,1,2,1,5,1,2700106,1000000
2024MU0005153,1,1841.43,44,1,9,1,7,21569,179,7000,3,1,1,1,1,2700104,1000000
2024MU0005154,1,1841.43,49,1,5,1,7,10173,84,9920,6,2,1,2,1,2700103,1000000
2024MU0005155,1,1841.43,10,2,3,1,4,11463,95,0,0,6,1,5,1,2700121,1000000
2024MU0005156,1,1841.43,18,2,8,1,19,35195,293,3000,1,1,1,5,1,2700102,1000000
2024MU0005157,1,1841.43,27,2,1,1,10,16636,138,7000,1,4,1,1,1,2700107,1000000
2024MU0005158,1,1841.43,47,1,1,1,9,67120,501,5000,3,1,1,1,1,2700103,1000000
2024MU0005159,1,1841.43,22,2,1,1,12,50701,422,6000,4,1,1,5,1,2700110,1000000
2024MU0005160,1,1841.43,53,1,1,1,11,94062,501,7000,6,1,1,1,1,2700109,1000000
2024MU0005161,1,1841.43,34,1,1,1,12,60680,501,6000,4,1,1,1,1,2700101,1000000
2024MU0005162,1,1841.43,16,1,3,1,14,13914,115,0,0,6,1,5,1,2700120,1000000
2024MU0005163,1,1841.43,31,2,1,1,17,222301,501,1000,2,1,1,1,1,2700113,1000000
2024MU0005164,1,1841.43,17,1,2,1,18,13012,108,0,0,6,1,5,1,2700107,1000000
2024MU0005165,1,1841.43,23,2,1,1,16,46586,388,4000,3,1,1,5,1,2700105,1000000
2024MU0005166,1,1841.43,38,1,3,1,17,54734,456,6000,4,3,1,1,1,2700121,1000000
2024MU0005167,1,1841.43,39,1,9,1,12,6649,55,5000,4,3,1,1,1,2700102,1000000
2024MU0005168,1,1841.43,15,1,2,1,18,49085,409,0,0,6,2,5,1,2700116,1000000
2024MU0005169,1,1841.43,53,1,2,1,9,98792,501,3000,1,2,1,1,2,2700109,1000000
2024MU0005170,1,1841.43,18,1,2,1,11,16078,133,5000,3,1,1,5,2,2700123,1000000
2024MU0005171,1,1841.43,42,1,4,1,20,288473,501,3000,2,1,1,1,1,2700114,1000000
2024MU0005172,1,1841.43,14,1,1,1,2,4289,35,0,0,6,1,5,2,2700107,1000000
2024MU0005173,1,1841.43,8,1,9,1,3,4188,34,0,0,6,1,5,1,2700106,1000000
2024MU0005174,1,1841.43,30,2,2,1,7,62224,501,9800,1,1,1,5,1,2700106,1000000
2024MU0005175,1,1841.43,32,1,1,1,9,128894,501,3000,2,1,1,1,1,2700112,1000000
2024MU0005176,1,1841.43,21,1,9,1,13,7233,60,9800,1,1,1,5,1,2700103,1000000
2024MU0005177,1,1841.43,20,1,9,1,16,57601,480,4000,1,1,1,5,1,2700117,1000000
2024MU0005178,1,1841.43,39,1,3,1,20,441103,501,3000,3,1,1,1,1,2700106,1000000
2024MU0005179,1,1841.43,39,2,1,1,6,26974,224,6000,1,1,1,1,2,2700102,1000000
2024MU0005180,1,1841.43,17,2,3,1,17,37368,311,0,0,6,1,5,1,2700113,1000000
2024MU0005181,1,1841.43,24,1,1,1,12,37203,310,6000,4,1,1,1,1,2700100,1000000
2024MU0005182,1,1841.43,18,2,2,1,10,3860,32,9800,3,1,1,1,1,2700100,1000000
2024MU0005183,1,1841.43,31,2,1,1,12,14513,120,9800,3,1,1,1,1,2700115,1000000
2024MU0005184,1,1841.43,57,2,2,1,13,62837,501,8000,3,1,1,5,1,2700113,1000000
2024MU0005185,1,1841.43,36,2,3,1,7,6647,55,8000,1,1,1,1,1,2700107,1000000
2024MU0005186,1,1841.43,56,1,1,1,8,4396,36,6000,4,1,1,2,1,2700122,1000000
2024MU0005187,1,1841.43,39,1,9,1,7,3047,25,9920,1,1,1,1,1,2700100,1000000
2024MU0005188,1,1841.43,53,2,1,1,14,26030,216,9000,3,1,1,1,1,2700103,1000000
2024MU0005189,1,1841.43,58,2,1,1,7,18024,150,7000,1,2,1,1,1,2700103,1000000
2024MU0005190,1,1841.43,37,2,3,1,10,59920,499,9800,3,1,1,5,1,2700103,1000000
2024MU0005191,1,1841.43,54,2,6,1,14,65868,501,5000,6,1,1,1,1,2700114,1000000
2024MU0005192,1,1841.43,36,1,9,1,11,33132,276,5000,1,1,5,1,1,2700115,1000000
2024MU0005193,1,1841.43,85,1,4,1,12,19573,163,0,0,6,1,3,1,2700109,1000000
2024MU0005194,1,1841.43,41,2,1,1,15,196774,501,5000,1,1,1,1,1,2700121,1000000
2024MU0005195,1,1841.43,34,2,9,1,11,60301,501,7000,4,1,1,5,1,2700103,1000000
2024MU0005196,1,1841.43,32,2,8,1,12,28938,241,7000,1,1,1,1,1,2700113,1000000
2024MU0005197,1,1841.43,26,2,1,1,8,13582,113,8000,3,1,1,5,2,2700112,1000000
2024MU0005198,1,1841.43,8,1,3,1,9,2716,22,0,0,6,1,5,1,2700101,1000000
2024MU0005199,1,1841.43,8,1,3,1,3,4008,33,0,0,6,1,5,1,2700100,1000000
2024MU0005200,1,1841.43,71,2,2,1,10,11777,98,5000,1,1,2,1,1,2700115,1000000
2024MU0005201,1,1841.43,41,2,9,1,8,54023,450,6000,1,1,1,1,1,2700121,1000000
2024MU0005202,1,1841.43,20,1,1,1,13,5497,45,7000,3,1,1,5,1,2700115,1000000
2024MU0005203,1,1841.43,4,1,3,1,2,4400,36,0,0,6,1,5,1,2700121,1000000
2024MU0005204,1,1841.43,26,1,1,1,11,21518,179,5000,4,1,1,5,1,2700106,1000000
2024MU0005205,1,1841.43,48,1,2,1,7,10257,85,8000,3,1,1,1,1,2700122,1000000
2024MU0005206,1,1841.43,28,2,4,1,7,14453,120,8000,4,1,1,5,2,2700107,1000000
2024MU0005207,1,1841.43,19,1,1,1,13,8129,67,9800,3,1,1,5,1,2700103,1000000
2024MU0005208,1,1841.43,100,1,2,1,6,29391,244,0,0,6,1,1,2,2700113,1000000
2024MU0005209,1,1841.43,6,2,9,1,5,825,6,0,0,6,1,5,1,2700110,1000000
2024MU0005210,1,1841.43,15,1,4,1,14,16947,141,0,0,6,1,5,1,2700116,1000000
2024MU0005211,1,1841.43,6,2,3,1,1,3745,31,0,0,6,1,5,1,2700100,1000000
2024MU0005212,1,1841.43,16,1,1,1,15,28734,239,0,0,6,1,5,1,2700116,1000000
2024MU0005213,1,1841.43,31,2,2,1,14,53841,448,5000,4,1,1,1,1,2700101,1000000
2024MU0005214,1,1841.43,36,1,4,1,12,87618,501,6000,6,1,1,1,1,2700117,1000000
2024MU0005215,1,1841.43,24,1,5,1,20,181569,501,4000,1,1,1,5,1,2700102,1000000
2024MU0005216,1,1841.43,44,2,1,1,5,35717,297,5000,1,5,1,1,1,2700123,1000000
2024MU0005217,1,1841.43,39,2,3,1,15,121803,501,5000,1,1,1,1,1,2700120,1000000
2024MU0005218,1,1841.43,21,1,1,1,15,15923,132,3000,1,1,1,5,1,2700112,1000000
2024MU0005219,1,1841.43,26,2,1,1,11,27294,227,9800,1,1,1,1,1,2700116,1000000
2024MU0005220,1,1841.43,3,1,2,1,5,10080,84,0,0,6,1,5,1,2700114,1000000
2024MU0005221,1,1841.43,48,2,1,1,8,11542,96,7000,3,2,1,5,1,2700102,1000000
2024MU0005222,1,1841.43,30,1,1,1,9,20421,170,9800,1,1,1,5,1,2700104,1000000
2024MU0005223,1,1841.43,20,1,3,1,16,42946,357,3000,1,1,1,5,1,2700104,1000000
2024MU0005224,1,1841.43,3,1,2,1,1,5246,43,0,0,6,1,5,1,2700105,1000000
2024MU0005225,1,1841.43,12,1,4,1,5,2163,18,0,0,6,1,5,1,2700115,1000000
2024MU0005226,1,1841.43,28,1,3,1,13,24679,205,8000,1,1,2,5,1,2700101,1000000
2024MU0005227,1,1841.43,39,1,3,1,9,38374,319,8000,1,1,1,1,1,2700105,1000000
2024MU0005228,1,1841.43,42,1,1,1,7,16113,134,9800,1,1,1,5,1,2700112,1000000
2024MU0005229,1,1841.43,54,1,1,1,7,22409,186,5000,1,1,1,2,1,2700104,1000000
2024MU0005230,1,1841.43,13,1,3,1,1,2898,24,0,0,6,1,5,1,2700119,1000000
2024MU0005231,1,1841.43,3,2,1,1,1,7006,58,0,0,6,5,5,1,2700123,1000000
2024MU0005232,1,1841.43,54,2,5,1,6,8718,72,6000,1,1,1,2,1,2700115,1000000
2024MU0005233,1,1841.43,38,2,2,1,5,60801,501,6000,1,2,1,1,1,2700115,1000000
2024MU0005234,1,1841.43,3,2,1,1,3,15464,128,0,0,6,2,5,1,2700106,1000000
2024MU0005235,1,1841.43,54,2,3,1,8,6733,56,6000,4,1,1,1,2,2700119,1000000
2024MU0005236,1,1841.43,9,2,9,1,9,4620,38,0,0,6,1,5,1,2700110,1000000
2024MU0005237,1,1841.43,9,1,1,1,9,21607,180,0,0,6,1,5,1,2700102,1000000
2024MU0005238,1,1841.43,43,1,1,1,6,19705,164,9000,3,1,1,5,1,2700114,1000000
2024MU0005239,1,1841.43,5,1,6,1,3,6231,51,0,0,6,1,5,1,2700116,1000000
2024MU0005240,1,1841.43,76,1,1,1,7,3956,32,0,0,6,1,1,1,2700102,1000000
2024MU0005241,1,1841.43,18,2,1,1,12,9929,82,4000,1,3,1,1,1,2700101,1000000
2024MU0005242,1,1841.43,21,2,1,1,15,24079,200,5000,4,1,1,1,1,2700113,1000000
2024MU0005243,1,1841.43,17,1,2,1,14,13480,112,0,0,6,1,5,1,2700104,1000000
2024MU0005244,1,1841.43,8,2,3,1,3,1479,12,0,0,6,1,5,1,2700123,1000000
2024MU0005245,1,1841.43,51,1,2,1,12,33876,282,7000,6,1,1,2,2,2700103,1000000
2024MU0005246,1,1841.43,40,1,8,1,12,18092,150,5000,1,1,1,1,1,2700111,1000000
2024MU0005247,1,1841.43,63,2,4,1,12,25313,210,5000,1,2,1,2,2,2700106,1000000
2024MU0005248,1,1841.43,28,2,9,1,8,9887,82,5000,6,1,1,1,1,2700110,1000000
2024MU0005249,1,1841.43,9,2,2,1,7,6014,50,0,0,6,1,5,1,2700119,1000000
2024MU0005250,1,1841.43,48,2,1,1,9,65877,501,7000,1,1,1,1,1,2700120,1000000
2024MU0005251,1,1841.43,8,1,9,1,5,7366,61,0,0,6,1,5,1,2700101,1000000
2024MU0005252,1,1841.43,35,1,1,1,16,48661,405,4000,1,1,1,1,1,2700101,1000000
2024MU0005253,1,1841.43,64,1,4,1,12,87979,501,7000,3,1,1,1,1,2700109,1000000
2024MU0005254,1,1841.43,50,2,1,1,11,23124,192,9800,1,5,1,1,1,2700117,1000000
2024MU0005255,1,1841.43,3,1,4,1,3,2536,21,0,0,6,1,5,1,2700116,1000000
2024MU0005256,1,1841.43,42,1,9,1,9,52598,438,6000,1,1,1,1,1,2700105,1000000
2024MU0005257,1,1841.43,39,2,2,1,12,34420,286,9000,1,2,1,1,1,2700110,1000000
2024MU0005258,1,1841.43,57,2,1,1,12,46783,389,9000,1,2,1,2,1,2700116,1000000
2024MU0005259,1,1841.43,32,2,1,1,12,63926,501,4000,3,1,1,5,1,2700120,1000000
2024MU0005260,1,1841.43,13,1,2,1,4,2176,18,0,0,6,1,5,1,2700114,1000000
2024MU0005261,1,1841.43,65,1,1,1,7,5766,48,9920,4,5,1,4,1,2700109,1000000
2024MU0005262,1,1841.43,22,1,3,1,10,26081,217,9800,6,2,1,5,1,2700103,1000000
2024MU0005263,1,1841.43,59,2,2,1,15,175424,501,4000,1,1,1,5,1,2700112,1000000
2024MU0005264,1,1841.43,17,1,1,1,11,7866,65,0,0,6,1,5,1,2700100,1000000
2024MU0005265,1,1841.43,33,2,2,1,12,30522,254,6000,1,1,1,1,1,2700114,1000000
2024MU0005266,1,1841.43,7,2,2,1,7,1769,14,0,0,6,1,5,1,2700123,1000000
2024MU0005267,1,1841.43,32,1,1,1,10,23055,192,9800,1,1,1,5,1,2700104,1000000
2024MU0005268,1,1841.43,33,1,3,1,14,16930,141,7000,1,1,1,5,1,2700105,1000000
2024MU0005269,1,1841.43,13,2,8,1,7,2283,19,0,0,6,1,5,1,2700106,1000000
2024MU0005270,1,1841.43,49,2,1,1,5,57364,478,9800,1,1,1,5,1,2700107,1000000
2024MU0005271,1,1841.43,23,2,1,1,14,47121,392,3000,1,1,1,5,1,2700111,1000000
2024MU0005272,1,1841.43,23,1,4,1,17,169950,501,3000,1,1,1,5,1,2700114,1000000
2024MU0005273,1,1841.43,89,1,1,1,7,3123,26,0,0,6,1,1,1,2700102,1000000
2024MU0005274,1,1841.43,21,2,1,1,15,9203,76,1000,1,2,1,5,1,2700121,1000000
2024MU0005275,1,1841.43,58,2,3,1,10,45318,377,7000,6,1,5,2,1,2700108,1000000
2024MU0005276,1,1841.43,25,1,1,1,7,47086,392,9920,1,1,1,1,1,2700110,1000000
2024MU0005277,1,1841.43,41,1,1,1,9,31026,258,7000,3,1,1,1,1,2700119,1000000
2024MU0005278,1,1841.43,52,2,9,1,5,14493,120,8000,4,4,1,4,1,2700111,1000000
2024MU0005279,1,1841.43,6,1,1,1,2,1141,9,0,0,6,1,5,1,2700107,1000000
2024MU0005280,1,1841.43,35,2,8,1,11,44447,370,6000,1,1,1,5,1,2700113,1000000
2024MU0005281,1,1841.43,92,1,1,1,8,6044,50,0,0,6,1,2,1,2700115,1000000
2024MU0005282,1,1841.43,34,2,5,1,7,3004,25,5000,6,2,1,1,1,2700102,1000000
2024MU0005283,1,1841.43,14,2,2,1,6,1747,14,0,0,6,1,5,1,2700100,1000000
2024MU0005284,1,1841.43,8,1,1,1,4,1640,13,0,0,6,1,5,1,2700117,1000000
2024MU0005285,1,1841.43,12,2,3,1,8,1132,9,0,0,6,2,5,1,2700112,1000000
2024MU0005286,1,1841.43,71,2,8,1,7,3740,31,9800,4,1,1,1,1,2700111,1000000
2024MU0005287,1,1841.43,6,2,1,1,2,6021,50,0,0,6,1,5,1,2700104,1000000
2024MU0005288,1,1841.43,12,1,3,1,6,2415,20,0,0,6,1,5,1,2700106,1000000
2024MU0005289,1,1841.43,24,2,2,1,15,157306,501,4000,1,1,1,5,1,2700105,1000000
2024MU0005290,1,1841.43,5,2,4,1,4,2998,24,0,0,6,1,5,1,2700108,1000000
2024MU0005291,1,1841.43,19,1,3,1,14,13689,114,9800,6,1,1,5,1,2700103,1000000
2024MU0005292,1,1841.43,9,2,1,1,2,5967,49,0,0,6,1,5,1,2700122,1000000
2024MU0005293,1,1841.43,22,1,1,1,14,85014,501,6000,4,5,1,5,1,2700103,1000000
2024MU0005294,1,1841.43,42,1,2,1,5,9040,75,7000,1,1,1,1,1,2700102,1000000
2024MU0005295,1,1841.43,40,1,9,1,9,59395,494,9800,4,1,1,5,1,2700105,1000000
2024MU0005296,1,1841.43,40,1,1,1,14,22464,187,5000,3,1,1,3,1,2700110,1000000
2024MU0005297,1,1841.43,16,2,3,1,18,83223,501,0,0,6,1,5,1,2700104,1000000
2024MU0005298,1,1841.43,9,2,1,1,1,1744,14,0,0,6,2,5,1,2700110,1000000
2024MU0005299,1,1841.43,43,1,3,1,14,57005,475,6000,4,1,1,1,1,2700107,1000000
2024MU0005300,1,1841.43,15,2,3,1,14,32456,270,0,0,6,1,5,1,2700113,1000000
2024MU0005301,1,1841.43,1,1,3,1,2,1538,12,0,0,6,5,5,1,2700117,1000000
2024MU0005302,1,1841.43,48,2,8,1,12,66097,501,7000,3,1,1,1,1,2700119,1000000
2024MU0005303,1,1841.43,75,1,1,1,6,3018,25,8000,1,1,1,1,1,2700123,1000000
2024MU0005304,1,1841.43,11,1,1,1,3,25815,215,0,0,6,1,5,1,2700100,1000000
2024MU0005305,1,1841.43,33,1,9,1,7,3530,29,8000,3,1,1,1,1,2700109,1000000
2024MU0005306,1,1841.43,2,2,1,1,4,1190,9,0,0,6,1,5,1,2700118,1000000
2024MU0005307,1,1841.43,26,1,3,1,6,4357,36,6000,3,1,1,5,1,2700106,1000000
2024MU0005308,1,1841.43,42,1,3,1,12,20328,169,9800,4,1,1,1,1,2700112,1000000
2024MU0005309,1,1841.43,50,1,3,1,9,52292,435,9000,4,2,1,1,1,2700115,1000000
2024MU0005310,1,1841.43,12,1,1,1,4,16911,140,0,0,6,1,5,1,2700117,1000000
2024MU0005311,1,1841.43,45,2,1,1,5,40393,336,6000,3,1,1,1,1,2700122,1000000
2024MU0005312,1,1841.43,8,1,3,1,7,4832,40,0,0,6,1,5,1,2700105,1000000
2024MU0005313,1,1841.43,25,2,1,1,11,29247,243,6000,6,1,1,1,1,2700106,1000000
2024MU0005314,1,1841.43,40,1,3,1,9,28505,237,9800,4,1,1,5,1,2700123,1000000
2024MU0005315,1,1841.43,29,2,2,1,14,38200,318,6000,6,4,1,1,1,2700121,1000000
2024MU0005316,1,1841.43,21,1,2,1,11,9413,78,7000,1,1,5,1,1,2700115,1000000
2024MU0005317,1,1841.43,57,2,1,1,8,15545,129,5000,1,1,1,2,1,2700105,1000000
2024MU0005318,1,1841.43,4,1,9,1,5,2215,18,0,0,6,1,5,1,2700110,1000000
2024MU0005319,1,1841.43,34,2,2,1,11,18789,156,6000,1,1,1,1,1,2700106,1000000
2024MU0005320,1,1841.43,5,2,3,1,2,4090,34,0,0,6,1,5,1,2700117,1000000
2024MU0005321,1,1841.43,0,2,9,1,3,4018,33,0,0,6,1,5,1,2700102,1000000
2024MU0005322,1,1841.43,22,1,3,1,13,19143,159,6000,1,1,1,1,1,2700116,1000000
2024MU0005323,1,1841.43,12,2,9,1,9,6370,53,0,0,6,1,5,1,2700123,1000000
2024MU0005324,1,1841.43,29,2,1,1,9,42947,357,8000,6,1,1,1,1,2700115,1000000
2024MU0005325,1,1841.43,34,1,6,1,8,23069,192,6000,1,1,1,1,1,2700118,1000000
2024MU0005326,1,1841.43,32,1,1,1,15,365218,501,6000,1,1,1,1,1,2700118,1000000
2024MU0005327,1,1841.43,48,1,5,1,9,114573,501,5000,1,1,1,1,1,2700110,1000000
2024MU0005328,1,1841.43,56,1,6,1,9,15745,131,9000,4,1,2,4,1,2700100,1000000
2024MU0005329,1,1841.43,77,2,1,1,8,5734,47,0,0,6,1,2,1,2700121,1000000
2024MU0005330,1,1841.43,3,2,2,1,5,1345,11,0,0,6,1,5,1,2700113,1000000
2024MU0005331,1,1841.43,24,1,3,1,16,26194,218,4000,1,1,1,5,1,2700118,1000000
2024MU0005332,1,1841.43,0,2,1,1,1,23211,193,0,0,6,1,5,1,2700110,1000000
2024MU0005333,1,1841.43,67,1,4,1,10,51177,426,9800,1,1,1,1,1,2700119,1000000
2024MU0005334,1,1841.43,52,2,1,1,6,8072,67,9920,1,1,1,1,1,2700116,1000000
2024MU0005335,1,1841.43,25,2,8,1,9,69370,501,5000,1,1,1,1,1,2700101,1000000
2024MU0005336,1,1841.43,44,2,1,1,6,48810,406,7000,1,1,1,1,1,2700116,1000000
2024MU0005337,1,1841.43,59,2,3,1,12,9468,78,5000,4,1,1,3,2,2700105,1000000
2024MU0005338,1,1841.43,41,1,1,1,10,79042,501,9000,1,1,1,1,1,2700115,1000000
2024MU0005339,1,1841.43,23,1,1,1,17,58798,489,6000,6,1,1,5,1,2700108,1000000
2024MU0005340,1,1841.43,35,1,2,1,12,56981,474,6000,1,2,1,1,1,2700108,1000000
2024MU0005341,1,1841.43,55,1,2,1,6,148433,501,7000,1,1,1,5,1,2700122,1000000
2024MU0005342,1,1841.43,9,2,1,1,3,14247,118,0,0,6,2,5,1,2700109,1000000
2024MU0005343,1,1841.43,48,1,8,1,9,39837,331,5000,4,1,1,2,1,2700109,1000000
2024MU0005344,1,1841.43,32,2,1,1,9,117888,501,6000,1,1,1,1,1,2700105,1000000
2024MU0005345,1,1841.43,0,2,4,1,3,861,7,0,0,6,1,5,1,2700100,1000000
2024MU0005346,1,1841.43,15,1,2,1,18,40061,333,0,0,6,2,5,1,2700102,1000000
2024MU0005347,1,1841.43,7,1,2,1,6,6111,50,0,0,6,1,5,1,2700106,1000000
2024MU0005348,1,1841.43,75,1,1,1,6,11747,97,6000,1,1,1,5,1,2700120,1000000
2024MU0005349,1,1841.43,35,2,3,1,14,30527,254,5000,1,1,1,1,1,2700108,1000000
2024MU0005350,1,1841.43,40,2,2,1,10,56937,474,6000,4,1,1,1,1,2700113,1000000
2024MU0005351,1,1841.43,12,1,1,1,1,7949,66,0,0,6,1,5,1,2700114,1000000
2024MU0005352,1,1841.43,12,1,1,1,4,624,5,0,0,6,1,5,1,2700122,1000000
2024MU0005353,1,1841.43,49,1,1,1,7,12448,103,9920,1,1,2,1,1,2700118,1000000
2024MU0005354,1,1841.43,95,2,1,1,6,3242,27,0,0,6,1,2,1,2700109,1000000
2024MU0005355,1,1841.43,4,1,1,1,3,6807,56,0,0,6,1,5,1,2700115,1000000
2024MU0005356,1,1841.43,26,1,1,1,17,180513,501,3000,3,1,1,5,1,2700100,1000000
2024MU0005357,1,1841.43,47,2,3,1,9,28396,236,6000,3,1,1,1,1,2700106,1000000
2024MU0005358,1,1841.43,61,2,1,1,10,16948,141,6000,3,1,1,5,1,2700110,1000000
2024MU0005359,1,1841.43,12,2,1,1,3,4401,36,0,0,6,1,5,1,2700123,1000000
2024MU0005360,1,1841.43,53,1,1,1,6,5310,44,9920,6,2,1,1,1,2700114,1000000
2024MU0005361,1,1841.43,20,2,3,1,18,25852,215,5000,4,1,1,5,1,2700112,1000000
2024MU0005362,1,1841.43,11,2,1,1,4,3073,25,0,0,6,5,5,1,2700118,1000000
2024MU0005363,1,1841.43,35,1,3,1,16,167775,501,3000,2,3,1,5,1,2700110,1000000
2024MU0005364,1,1841.43,2,2,3,1,1,5157,42,0,0,6,2,5,1,2700112,1000000
2024MU0005365,1,1841.43,32,1,3,1,16,130504,501,5000,4,1,1,1,1,2700107,1000000
2024MU0005366,1,1841.43,24,1,1,1,14,91368,501,9000,1,2,1,5,1,2700121,1000000
2024MU0005367,1,1841.43,85,2,2,1,5,8288,69,0,0,6,1,2,1,2700109,1000000
2024MU0005368,1,1841.43,1,1,1,1,6,2869,23,0,0,6,1,5,1,2700115,1000000
2024MU0005369,1,1841.43,82,2,8,1,10,14768,123,0,0,6,1,1,1,2700116,1000000
2024MU0005370,1,1841.43,23,1,4,1,10,17014,141,9800,4,1,1,1,1,2700116,1000000
2024MU0005371,1,1841.43,41,1,2,1,19,143344,501,4000,1,2,1,1,1,2700112,1000000
2024MU0005372,1,1841.43,3,2,9,1,6,1318,10,0,0,6,1,5,1,2700112,1000000
2024MU0005373,1,1841.43,13,2,2,1,3,9930,82,0,0,6,1,5,1,2700114,1000000
2024MU0005374,1,1841.43,23,1,1,1,12,17571,146,4000,1,1,1,1,1,2700111,1000000
2024MU0005375,1,1841.43,28,2,1,1,10,36242,302,7000,1,1,1,5,1,2700110,1000000
2024MU0005376,1,1841.43,4,1,2,1,3,3153,26,0,0,6,1,5,1,2700100,1000000
2024MU0005377,1,1841.43,11,2,6,1,4,3915,32,0,0,6,1,5,1,2700102,1000000
2024MU0005378,1,1841.43,37,1,6,1,14,97731,501,9000,4,2,1,1,1,2700117,1000000
2024MU0005379,1,1841.43,28,2,3,1,13,32876,273,9800,4,2,1,5,1,2700111,1000000
2024MU0005380,1,1841.43,4,1,2,1,4,1915,15,0,0,6,1,5,2,2700100,1000000
2024MU0005381,1,1841.43,57,2,3,1,6,8507,70,5000,1,1,1,3,1,2700121,1000000
2024MU0005382,1,1841.43,42,2,4,1,16,198449,501,4000,1,2,1,1,1,2700119,1000000
2024MU0005383,1,1841.43,22,1,2,1,13,40744,339,7000,1,1,1,5,1,2700101,1000000
2024MU0005384,1,1841.43,0,2,2,1,3,8382,69,0,0,6,1,5,1,2700120,1000000
2024MU0005385,1,1841.43,23,1,3,1,16,68442,501,4000,1,1,1,5,1,2700117,1000000
2024MU0005386,1,1841.43,41,1,7,1,12,16400,136,7000,3,5,1,1,1,2700100,1000000
2024MU0005387,1,1841.43,6,2,4,1,9,15532,129,0,0,6,1,5,2,2700102,1000000
2024MU0005388,1,1841.43,0,1,1,1,9,13003,108,0,0,6,1,5,1,2700109,1000000
2024MU0005389,1,1841.43,44,1,1,1,15,140046,501,4000,1,1,1,1,1,2700115,1000000
2024MU0005390,1,1841.43,37,1,6,1,10,16565,138,9800,3,1,1,1,1,2700114,1000000
2024MU0005391,1,1841.43,26,2,5,1,7,6404,53,9800,4,1,1,5,1,2700102,1000000
2024MU0005392,1,1841.43,25,1,2,1,12,15063,125,9000,1,4,1,1,1,2700112,1000000
2024MU0005393,1,1841.43,54,2,3,1,5,18388,153,7000,4,1,1,1,1,2700123,1000000
2024MU0005394,1,1841.43,41,2,8,1,6,22682,189,9920,1,1,1,1,2,2700106,1000000
2024MU0005395,1,1841.43,47,2,8,1,5,15483,129,5000,1,1,1,5,1,2700110,1000000
2024MU0005396,1,1841.43,19,2,4,1,12,21446,178,5000,1,1,1,5,1,2700102,1000000
2024MU0005397,1,1841.43,25,2,1,1,11,82483,501,9800,1,1,1,5,1,2700102,1000000
2024MU0005398,1,1841.43,7,2,3,1,4,5315,44,0,0,6,2,5,1,2700122,1000000
2024MU0005399,1,1841.43,3,1,1,1,4,6856,57,0,0,6,1,5,1,2700114,1000000
2024MU0005400,1,1841.43,4,1,8,1,7,2598,21,0,0,6,1,5,1,2700101,1000000
2024MU0005401,1,1841.43,16,2,1,1,16,19163,159,0,0,6,1,5,1,2700106,1000000
2024MU0005402,1,1841.43,38,2,3,1,17,217111,501,4000,3,1,1,1,1,2700101,1000000
2024MU0005403,1,1841.43,58,2,3,1,9,19686,164,5000,1,1,1,1,1,2700117,1000000
2024MU0005404,1,1841.43,17,1,4,1,13,17746,147,0,0,6,1,5,1,2700102,1000000
2024MU0005405,1,1841.43,3,1,3,1,2,15860,132,0,0,6,1,5,1,2700122,1000000
2024MU0005406,1,1841.43,38,2,1,1,13,68855,501,9800,3,2,1,1,1,2700122,1000000
2024MU0005407,1,1841.43,32,2,3,1,15,112844,501,6000,3,4,1,1,1,2700117,1000000
2024MU0005408,1,1841.43,16,2,2,1,12,4263,35,0,0,6,1,5,1,2700117,1000000
2024MU0005409,1,1841.43,10,2,1,1,7,4567,38,0,0,6,1,5,2,2700118,1000000
2024MU0005410,1,1841.43,21,1,9,1,15,54256,452,6000,1,4,1,5,1,2700107,1000000
2024MU0005411,1,1841.43,16,2,3,1,12,9611,80,0,0,6,1,5,1,2700117,1000000
2024MU0005412,1,1841.43,22,2,3,1,16,145765,501,3000,1,1,1,5,1,2700111,1000000
2024MU0005413,1,1841.43,41,1,2,1,9,56265,468,6000,1,1,2,1,1,2700111,1000000
2024MU0005414,1,1841.43,59,1,4,1,5,16866,140,7000,1,2,1,1,1,2700103,1000000
2024MU0005415,1,1841.43,26,2,4,1,10,23274,193,7000,6,2,1,5,1,2700121,1000000
2024MU0005416,1,1841.43,42,2,3,1,12,15726,131,9800,3,1,1,1,1,2700110,1000000
2024MU0005417,1,1841.43,32,1,9,1,11,32362,269,9800,6,1,1,1,1,2700112,1000000
2024MU0005418,1,1841.43,65,1,2,1,6,4723,39,9920,3,4,1,5,2,2700114,1000000
2024MU0005419,1,1841.43,78,1,3,1,12,27164,226,0,0,6,1,2,1,2700120,1000000
2024MU0005420,1,1841.43,38,1,4,1,8,15837,131,5000,1,1,5,1,1,2700109,1000000
2024MU0005421,1,1841.43,3,2,2,1,3,9533,79,0,0,6,1,5,1,2700102,1000000
2024MU0005422,1,1841.43,40,2,2,1,8,20078,167,9800,1,2,1,1,1,2700109,1000000
2024MU0005423,1,1841.43,29,2,9,1,16,58351,486,6000,4,1,1,5,1,2700118,1000000
2024MU0005424,1,1841.43,20,2,1,1,15,18162,151,3000,1,1,1,1,1,2700107,1000000
2024MU0005425,1,1841.43,85,1,1,1,9,11902,99,0,0,6,1,1,1,2700103,1000000
2024MU0005426,1,1841.43,27,1,2,1,18,86969,501,3000,1,1,1,1,1,2700114,1000000
2024MU0005427,1,1841.43,6,1,1,1,6,2974,24,0,0,6,1,5,1,2700118,1000000
2024MU0005428,1,1841.43,16,1,8,1,12,5128,42,0,0,6,1,5,1,2700103,1000000
2024MU0005429,1,1841.43,20,1,1,1,17,54179,451,5000,1,1,1,1,1,2700118,1000000
2024MU0005430,1,1841.43,18,2,1,1,17,32448,270,1000,1,1,1,5,1,2700104,1000000
2024MU0005431,1,1841.43,94,2,5,1,6,8321,69,0,0,6,1,1,1,2700108,1000000
2024MU0005432,1,1841.43,26,2,1,1,9,16334,136,9800,3,1,1,5,1,2700111,1000000
2024MU0005433,1,1841.43,67,2,3,1,9,8758,72,5000,4,1,1,1,1,2700122,1000000
2024MU0005434,1,1841.43,38,2,5,1,8,14080,117,7000,3,1,1,5,1,2700117,1000000
2024MU0005435,1,1841.43,4,2,4,1,3,791,6,0,0,6,1,5,1,2700105,1000000
2024MU0005436,1,1841.43,26,1,4,1,13,50147,417,9800,4,1,1,5,1,2700105,1000000
2024MU0005437,1,1841.43,14,2,1,1,7,2282,19,0,0,6,1,5,1,2700118,1000000
2024MU0005438,1,1841.43,24,1,1,1,11,24087,200,9800,3,1,1,5,1,2700104,1000000
2024MU0005439,1,1841.43,17,1,1,1,14,14689,122,0,0,6,1,5,1,2700104,1000000
2024MU0005440,1,1841.43,42,1,1,1,10,37237,310,9000,3,1,1,1,1,2700121,1000000
2024MU0005441,1,1841.43,15,2,2,1,16,14691,122,0,0,6,1,5,1,2700104,1000000
2024MU0005442,1,1841.43,5,2,2,1,9,31257,260,0,0,6,1,5,1,2700116,1000000
2024MU0005443,1,1841.43,37,2,3,1,13,14905,124,9800,1,4,1,1,1,2700119,1000000
2024MU0005444,1,1841.43,22,2,1,1,16,20638,171,6000,4,1,1,1,1,2700113,1000000
2024MU0005445,1,1841.43,27,1,2,1,19,246263,501,4000,1,1,1,1,1,2700115,1000000
2024MU0005446,1,1841.43,29,2,1,1,6,3325,27,9000,1,1,1,5,1,2700121,1000000
2024MU0005447,1,1841.43,44,2,1,1,5,43675,363,9800,1,1,1,1,1,2700112,1000000
2024MU0005448,1,1841.43,10,2,3,1,5,5418,45,0,0,6,1,5,1,2700108,1000000
2024MU0005449,1,1841.43,8,1,3,1,4,5026,41,0,0,6,1,5,1,2700113,1000000
2024MU0005450,1,1841.43,39,1,5,1,6,10168,84,8000,1,1,1,2,1,2700112,1000000
2024MU0005451,1,1841.43,13,2,7,1,3,2070,17,0,0,6,1,5,1,2700114,1000000
2024MU0005452,1,1841.43,28,1,3,1,13,22325,186,7000,1,1,1,1,1,2700100,1000000
2024MU0005453,1,1841.43,58,2,3,1,14,19652,163,9800,1,2,1,1,1,2700115,1000000
2024MU0005454,1,1841.43,1,1,1,1,1,10531,87,0,0,6,1,5,1,2700122,1000000
2024MU0005455,1,1841.43,37,2,1,1,11,25910,215,9000,3,1,1,1,1,2700117,1000000
2024MU0005456,1,1841.43,32,1,5,1,9,62116,501,9800,1,1,1,1,1,2700117,1000000
2024MU0005457,1,1841.43,23,2,1,1,16,144347,501,1000,1,1,1,1,1,2700110,1000000
2024MU0005458,1,1841.43,59,1,2,1,9,19597,163,7000,1,1,1,2,1,2700103,1000000
2024MU0005459,1,1841.43,32,2,1,1,17,148490,501,3000,3,1,1,1,1,2700113,1000000
2024MU0005460,1,1841.43,52,1,1,1,5,6534,54,8000,3,4,1,5,1,2700111,1000000
2024MU0005461,1,1841.43,42,2,4,1,9,38594,321,8000,1,1,1,1,1,2700106,1000000
2024MU0005462,1,1841.43,45,2,1,1,6,11107,92,9800,6,2,1,1,1,2700106,1000000
2024MU0005463,1,1841.43,43,1,2,1,9,26782,223,3000,1,3,1,1,1,2700114,1000000
2024MU0005464,1,1841.43,89,2,1,1,11,20278,168,0,0,6,1,5,1,2700118,1000000
2024MU0005465,1,1841.43,14,1,3,1,8,1517,12,0,0,6,1,5,1,2700108,1000000
2024MU0005466,1,1841.43,17,1,3,1,14,20878,173,0,0,6,1,5,1,2700119,1000000
2024MU0005467,1,1841.43,0,1,2,1,7,1687,14,0,0,6,1,5,1,2700115,1000000
2024MU0005468,1,1841.43,11,2,4,1,3,1454,12,0,0,6,1,5,1,2700111,1000000
2024MU0005469,1,1841.43,7,1,1,1,1,3275,27,0,0,6,1,5,1,2700121,1000000
2024MU0005470,1,1841.43,43,1,3,1,13,33576,279,5000,4,1,1,3,1,2700103,1000000
2024MU0005471,1,1841.43,0,2,3,1,2,5326,44,0,0,6,1,5,1,2700102,1000000
2024MU0005472,1,1841.43,51,2,9,1,5,14297,119,9920,3,1,1,1,1,2700116,1000000
2024MU0005473,1,1841.43,81,1,1,1,7,1817,15,0,0,6,1,1,1,2700117,1000000
2024MU0005474,1,1841.43,26,2,1,1,10,57956,482,9800,1,1,1,1,1,2700115,1000000
2024MU0005475,1,1841.43,59,2,1,1,5,10701,89,5000,6,1,1,1,1,2700102,1000000
2024MU0005476,1,1841.43,25,1,1,1,14,34402,286,6000,1,1,1,1,1,2700111,1000000
2024MU0005477,1,1841.43,36,2,1,1,10,203583,501,3000,2,1,1,1,1,2700123,1000000
2024MU0005478,1,1841.43,38,2,1,1,11,107240,501,9000,1,1,1,5,1,2700110,1000000
2024MU0005479,1,1841.43,11,2,2,1,3,4743,39,0,0,6,1,5,2,2700122,1000000
2024MU0005480,1,1841.43,12,1,8,1,5,1336,11,0,0,6,1,5,1,2700123,1000000
2024MU0005481,1,1841.43,7,2,1,1,6,1354,11,0,0,6,1,5,1,2700100,1000000
2024MU0005482,1,1841.43,86,1,9,1,12,40957,341,0,0,6,1,2,1,2700103,1000000
2024MU0005483,1,1841.43,16,2,5,1,20,48782,406,0,0,6,1,5,2,2700113,1000000
2024MU0005484,1,1841.43,80,1,8,1,7,5837,48,0,0,6,1,3,1,2700105,1000000
2024MU0005485,1,1841.43,0,1,8,1,9,4886,40,0,0,6,1,5,1,2700108,1000000
2024MU0005486,1,1841.43,26,1,4,1,9,39693,330,8000,3,1,1,1,1,2700101,1000000
2024MU0005487,1,1841.43,44,2,4,1,5,39952,332,8000,6,1,1,1,1,2700113,1000000
2024MU0005488,1,1841.43,24,1,2,1,17,197005,501,5000,3,1,1,1,1,2700107,1000000
2024MU0005489,1,1841.43,40,1,2,1,6,11201,93,8000,1,5,1,1,1,2700120,1000000
2024MU0005490,1,1841.43,42,1,9,1,5,26855,223,6000,1,4,1,1,1,2700100,1000000
2024MU0005491,1,1841.43,11,2,2,1,8,3714,30,0,0,6,1,5,1,2700118,1000000
2024MU0005492,1,1841.43,57,1,1,1,12,67251,501,9000,3,1,1,1,1,2700104,1000000
2024MU0005493,1,1841.43,47,2,4,1,6,15980,133,9800,1,3,1,1,1,2700102,1000000
2024MU0005494,1,1841.43,37,1,3,1,14,24475,203,9800,6,1,1,5,1,2700123,1000000
2024MU0005495,1,1841.43,51,1,5,1,13,91501,501,9800,4,1,1,3,1,2700104,1000000
2024MU0005496,1,1841.43,27,2,1,1,16,83782,501,5000,1,2,1,5,1,2700105,1000000
2024MU0005497,1,1841.43,77,2,3,1,8,5042,42,0,0,6,1,1,1,2700116,1000000
2024MU0005498,1,1841.43,29,1,1,1,13,32902,274,4000,2,1,1,1,1,2700107,1000000
2024MU0005499,1,1841.43,47,1,8,1,12,26021,216,3000,3,1,1,1,1,2700105,1000000
2024MU0005500,1,1841.43,21,1,1,1,17,37993,316,5000,1,1,1,5,1,2700121,1000000
2024MU0005501,1,1841.43,5,2,6,1,5,3425,28,0,0,6,1,5,1,2700115,1000000
2024MU0005502,1,1841.43,9,1,1,1,5,2122,17,0,0,6,1,5,1,2700117,1000000
2024MU0005503,1,1841.43,8,2,1,1,4,26837,223,0,0,6,1,5,1,2700119,1000000
2024MU0005504,1,1841.43,19,1,1,1,20,36039,300,1000,1,2,1,1,1,2700103,1000000
2024MU0005505,1,1841.43,37,1,1,1,9,55805,465,6000,1,1,2,1,2,2700114,1000000
2024MU0005506,1,1841.43,74,1,3,1,5,6990,58,5000,1,1,1,1,1,2700122,1000000
2024MU0005507,1,1841.43,0,2,1,1,6,1764,14,0,0,6,1,5,1,2700118,1000000
2024MU0005508,1,1841.43,19,2,2,1,13,8603,71,9800,6,2,1,1,1,2700113,1000000
2024MU0005509,1,1841.43,44,1,1,1,9,17026,141,6000,1,1,1,1,1,2700120,1000000
2024MU0005510,1,1841.43,13,2,6,1,1,20935,174,0,0,6,1,5,1,2700113,1000000
2024MU0005511,1,1841.43,48,1,1,1,10,36125,301,4000,1,1,1,1,1,2700102,1000000
2024MU0005512,1,1841.43,30,2,2,1,17,106152,501,6000,1,1,1,1,1,2700106,1000000
2024MU0005513,1,1841.43,34,1,3,1,13,170069,501,8000,1,1,1,1,2,2700116,1000000
2024MU0005514,1,1841.43,7,1,8,1,3,2073,17,0,0,6,1,5,1,2700103,1000000
2024MU0005515,1,1841.43,36,2,6,1,18,257549,501,1000,1,1,1,1,1,2700112,1000000
2024MU0005516,1,1841.43,18,2,8,1,13,16494,137,9800,4,5,1,5,2,2700117,1000000
2024MU0005517,1,1841.43,51,1,1,1,9,9088,75,5000,3,1,1,5,1,2700102,1000000
2024MU0005518,1,1841.43,26,2,6,1,11,22406,186,9800,1,1,1,1,1,2700105,1000000
2024MU0005519,1,1841.43,88,1,4,1,12,24648,205,0,0,6,1,1,1,2700102,1000000
2024MU0005520,1,1841.43,13,2,8,1,1,4123,34,0,0,6,1,5,1,2700113,1000000
2024MU0005521,1,1841.43,14,1,1,1,6,4132,34,0,0,6,1,5,1,2700121,1000000
2024MU0005522,1,1841.43,26,2,8,1,10,18993,158,8000,4,1,1,1,1,2700107,1000000
2024MU0005523,1,1841.43,39,1,2,1,6,9063,75,5000,6,2,1,1,1,2700101,1000000
2024MU0005524,1,1841.43,40,1,3,1,15,98447,501,5000,1,2,1,2,1,2700121,1000000
2024MU0005525,1,1841.43,23,1,2,1,16,256181,501,4000,1,2,1,5,1,2700101,1000000
2024MU0005526,1,1841.43,14,1,2,1,6,1938,16,0,0,6,1,5,2,2700113,1000000
2024MU0005527,1,1841.43,66,1,2,1,6,4541,37,9000,1,5,1,3,1,2700106,1000000
2024MU0005528,1,1841.43,3,1,2,1,6,4101,34,0,0,6,2,5,1,2700111,1000000
2024MU0005529,1,1841.43,55,2,4,1,12,13040,108,9800,1,1,1,2,1,2700107,1000000
2024MU0005530,1,1841.43,11,1,3,1,4,5662,47,0,0,6,1,5,1,2700108,1000000
2024MU0005531,1,1841.43,20,2,3,1,15,13673,113,3000,2,1,1,5,1,2700121,1000000
2024MU0005532,1,1841.43,14,2,1,1,9,5089,42,0,0,6,1,5,1,2700117,1000000
2024MU0005533,1,1841.43,17,2,9,1,18,14986,124,0,0,6,1,5,1,2700106,1000000
2024MU0005534,1,1841.43,65,2,3,1,7,1797,14,7000,4,4,1,1,1,2700105,1000000
2024MU0005535,1,1841.43,31,2,1,1,13,105889,501,9800,1,1,1,1,1,2700101,1000000
2024MU0005536,1,1841.43,38,2,4,1,14,62782,501,7000,1,3,1,1,2,2700105,1000000
2024MU0005537,1,1841.43,9,1,1,1,1,8382,69,0,0,6,1,5,1,2700114,1000000
2024MU0005538,1,1841.43,2,2,1,1,5,7793,64,0,0,6,1,5,1,2700120,1000000
2024MU0005539,1,1841.43,59,2,2,1,19,182762,501,3000,1,1,1,1,1,2700116,1000000
2024MU0005540,1,1841.43,29,1,3,1,17,77586,501,3000,1,1,1,5,1,2700103,1000000
2024MU0005541,1,1841.43,1,1,1,1,7,9018,75,0,0,6,1,5,1,2700104,1000000
2024MU0005542,1,1841.43,34,1,1,1,7,59460,495,7000,6,4,1,1,2,2700122,1000000
2024MU0005543,1,1841.43,32,2,9,1,20,127169,501,3000,2,1,1,1,1,2700112,1000000
2024MU0005544,1,1841.43,47,1,1,1,10,254306,501,6000,1,4,1,1,1,2700112,1000000
2024MU0005545,1,1841.43,37,2,1,1,8,5595,46,6000,1,1,1,5,1,2700112,1000000
2024MU0005546,1,1841.43,55,2,9,1,11,26281,219,8000,4,1,1,5,1,2700123,1000000
2024MU0005547,1,1841.43,10,2,1,1,7,4252,35,0,0,6,1,5,1,2700118,1000000
2024MU0005548,1,1841.43,23,2,3,1,12,32630,271,5000,1,1,1,5,1,2700106,1000000
2024MU0005549,1,1841.43,15,2,1,1,19,159204,501,0,0,6,1,5,1,2700122,1000000
2024MU0005550,1,1841.43,39,1,3,1,17,217393,501,4000,2,1,1,5,1,2700104,1000000
2024MU0005551,1,1841.43,24,1,2,1,10,38787,323,9000,1,1,1,5,1,2700119,1000000
2024MU0005552,1,1841.43,54,1,9,1,14,74970,501,5000,1,1,1,1,1,2700110,1000000
2024MU0005553,1,1841.43,53,1,2,1,16,121473,501,5000,3,1,1,1,1,2700109,1000000
2024MU0005554,1,1841.43,29,1,3,1,5,6226,51,7000,1,1,1,1,1,2700108,1000000
2024MU0005555,1,1841.43,7,2,9,1,3,5910,49,0,0,6,1,5,1,2700121,1000000
2024MU0005556,1,1841.43,33,2,9,1,10,45688,380,9800,1,4,1,5,1,2700100,1000000
2024MU0005557,1,1841.43,21,2,1,1,14,6039,50,9800,1,3,1,5,1,2700120,1000000
2024MU0005558,1,1841.43,45,1,5,1,12,105479,501,9000,1,1,1,1,1,2700114,1000000
2024MU0005559,1,1841.43,32,1,2,1,9,41948,349,6000,4,1,1,1,1,2700120,1000000
2024MU0005560,1,1841.43,7,2,3,1,9,4972,41,0,0,6,1,5,1,2700121,1000000
2024MU0005561,1,1841.43,85,1,2,1,12,9255,77,0,0,6,1,1,1,2700112,1000000
2024MU0005562,1,1841.43,14,1,2,1,3,6148,51,0,0,6,1,5,1,2700104,1000000
2024MU0005563,1,1841.43,42,1,1,1,9,90846,501,9800,1,1,1,1,1,2700113,1000000
2024MU0005564,1,1841.43,87,1,3,1,8,9819,81,0,0,6,2,1,1,2700121,1000000
2024MU0005565,1,1841.43,17,1,2,1,16,39646,330,0,0,6,1,5,1,2700122,1000000
2024MU0005566,1,1841.43,41,1,1,1,8,8383,69,9920,3,1,1,1,1,2700103,1000000
2024MU0005567,1,1841.43,42,1,2,1,6,17268,143,7000,1,1,1,1,1,2700108,1000000
2024MU0005568,1,1841.43,24,2,9,1,11,23058,192,8000,4,1,1,5,1,2700107,1000000
2024MU0005569,1,1841.43,17,1,3,1,12,9504,79,0,0,6,1,5,1,2700107,1000000
2024MU0005570,1,1841.43,24,1,2,1,19,150385,501,1000,1,1,1,5,1,2700108,1000000
2024MU0005571,1,1841.43,0,2,8,1,3,2363,19,0,0,6,1,5,1,2700102,1000000
2024MU0005572,1,1841.43,42,2,3,1,5,29250,243,5000,1,1,1,1,1,2700108,1000000
2024MU0005573,1,1841.43,25,1,1,1,12,14335,119,7000,1,2,1,1,1,2700101,1000000
2024MU0005574,1,1841.43,32,2,2,1,6,5672,47,9000,1,1,1,5,1,2700114,1000000
2024MU0005575,1,1841.43,29,1,1,1,6,5702,47,6000,1,1,1,1,1,2700109,1000000
2024MU0005576,1,1841.43,54,1,4,1,10,67398,501,4000,1,1,1,1,1,2700112,1000000
2024MU0005577,1,1841.43,57,2,9,1,10,46046,383,9000,6,3,1,1,1,2700100,1000000
2024MU0005578,1,1841.43,18,2,2,1,10,3126,26,6000,3,1,1,5,1,2700107,1000000
2024MU0005579,1,1841.43,23,1,2,1,14,44132,367,8000,1,1,1,5,1,2700113,1000000
2024MU0005580,1,1841.43,22,2,2,1,14,28082,234,8000,1,1,1,1,1,2700115,1000000
2024MU0005581,1,1841.43,21,2,1,1,15,23054,192,4000,3,1,1,5,1,2700123,1000000
2024MU0005582,1,1841.43,39,1,4,1,13,36788,306,5000,4,1,1,1,2,2700122,1000000
2024MU0005583,1,1841.43,10,1,3,1,3,1379,11,0,0,6,1,5,1,2700100,1000000
2024MU0005584,1,1841.43,39,1,1,1,10,49197,409,8000,6,1,1,5,1,2700107,1000000
2024MU0005585,1,1841.43,13,2,5,1,6,1453,12,0,0,6,1,5,1,2700100,1000000
2024MU0005586,1,1841.43,8,1,1,1,8,3029,25,0,0,6,1,5,1,2700100,1000000
2024MU0005587,1,1841.43,18,2,9,1,18,24023,200,3000,3,1,1,5,1,2700100,1000000
2024MU0005588,1,1841.43,9,1,2,1,4,7420,61,0,0,6,1,5,1,2700103,1000000
2024MU0005589,1,1841.43,47,1,3,1,9,44808,373,9800,1,1,1,5,1,2700104,1000000
2024MU0005590,1,1841.43,78,2,1,1,8,11750,97,0,0,6,1,2,1,2700123,1000000
2024MU0005591,1,1841.43,3,2,1,1,7,1539,12,0,0,6,1,5,1,2700111,1000000
2024MU0005592,1,1841.43,73,1,5,1,10,16837,140,5000,1,1,1,5,1,2700123,1000000
2024MU0005593,1,1841.43,35,1,2,1,9,63167,501,6000,3,1,1,5,1,2700105,1000000
2024MU0005594,1,1841.43,6,2,8,1,2,10827,90,0,0,6,1,5,1,2700106,1000000
2024MU0005595,1,1841.43,28,1,3,1,10,13087,109,6000,4,1,1,1,1,2700100,1000000
2024MU0005596,1,1841.43,9,1,8,1,3,2045,17,0,0,6,1,5,1,2700123,1000000
2024MU0005597,1,1841.43,3,2,9,1,9,15517,129,0,0,6,1,5,1,2700112,1000000
2024MU0005598,1,1841.43,32,1,2,1,9,134650,501,9000,1,1,1,1,1,2700114,1000000
2024MU0005599,1,1841.43,14,1,3,1,2,5037,41,0,0,6,1,5,1,2700121,1000000
2024MU0005600,1,1841.43,11,1,5,1,7,1649,13,0,0,6,1,5,1,2700111,1000000
2024MU0005601,1,1841.43,2,2,1,1,1,1675,13,0,0,6,1,5,1,2700116,1000000
2024MU0005602,1,1841.43,3,1,6,1,3,4464,37,0,0,6,1,5,1,2700112,1000000
2024MU0005603,1,1841.43,70,2,3,1,7,8892,74,9800,1,3,1,5,1,2700120,1000000
2024MU0005604,1,1841.43,45,1,3,1,10,37325,311,6000,6,1,1,1,1,2700108,1000000
2024MU0005605,1,1841.43,26,1,1,1,9,13650,113,7000,6,1,1,1,1,2700112,1000000
2024MU0005606,1,1841.43,20,1,4,1,15,57347,477,3000,1,1,1,5,1,2700116,1000000
2024MU0005607,1,1841.43,4,1,1,1,2,3032,25,0,0,6,1,5,1,2700118,1000000
2024MU0005608,1,1841.43,30,2,5,1,12,63019,501,9000,1,1,2,5,1,2700105,1000000
2024MU0005609,1,1841.43,22,1,2,1,14,8397,69,5000,4,5,2,5,1,2700117,1000000
2024MU0005610,1,1841.43,46,2,1,1,13,101025,501,9800,1,5,1,1,1,2700109,1000000
2024MU0005611,1,1841.43,9,1,9,1,4,2317,19,0,0,6,1,5,1,2700109,1000000
2024MU0005612,1,1841.43,9,1,4,1,4,11751,97,0,0,6,1,5,1,2700120,1000000
2024MU0005613,1,1841.43,67,1,9,1,8,10905,90,9920,4,1,1,1,1,2700114,1000000
2024MU0005614,1,1841.43,17,2,2,1,12,4007,33,0,0,6,1,5,1,2700108,1000000
2024MU0005615,1,1841.43,23,2,3,1,12,34500,287,9800,1,2,1,5,1,2700104,1000000
2024MU0005616,1,1841.43,50,2,3,1,12,115794,501,9800,4,1,1,1,1,2700115,1000000
2024MU0005617,1,1841.43,5,1,3,1,3,2484,20,0,0,6,1,5,1,2700118,1000000
2024MU0005618,1,1841.43,42,2,1,1,11,139127,501,5000,1,2,1,5,1,2700104,1000000
2024MU0005619,1,1841.43,44,1,1,1,5,21827,181,7000,4,1,1,5,1,2700105,1000000
2024MU0005620,1,1841.43,40,2,8,1,12,111365,501,4000,1,1,1,5,1,2700108,1000000
2024MU0005621,1,1841.43,31,2,2,1,19,258348,501,1000,1,1,1,1,1,2700105,1000000
2024MU0005622,1,1841.43,16,1,9,1,14,9989,83,0,0,6,1,5,1,2700114,1000000
2024MU0005623,1,1841.43,34,1,1,1,11,157681,501,3000,1,1,1,1,1,2700117,1000000
2024MU0005624,1,1841.43,32,2,9,1,10,72207,501,8000,3,1,1,1,1,2700104,1000000
2024MU0005625,1,1841.43,45,2,3,1,14,36960,308,7000,1,1,1,1,1,2700108,1000000
2024MU0005626,1,1841.43,11,1,4,1,1,5625,46,0,0,6,1,5,1,2700109,1000000
2024MU0005627,1,1841.43,53,2,2,1,11,24455,203,9800,3,1,1,1,1,2700110,1000000
2024MU0005628,1,1841.43,52,2,8,1,11,39164,326,7000,1,1,1,5,1,2700115,1000000
2024MU0005629,1,1841.43,44,1,2,1,8,41723,347,9000,4,1,1,5,1,2700112,1000000
2024MU0005630,1,1841.43,43,1,3,1,7,14084,117,7000,1,3,1,1,1,2700116,1000000
2024MU0005631,1,1841.43,56,2,1,1,7,6636,55,9800,4,1,1,1,1,2700107,1000000
2024MU0005632,1,1841.43,30,1,3,1,14,22148,184,9800,3,3,1,5,1,2700120,1000000
2024MU0005633,1,1841.43,7,1,7,1,1,4251,35,0,0,6,1,5,1,2700122,1000000
2024MU0005634,1,1841.43,40,2,1,1,10,24761,206,6000,1,1,2,1,1,2700110,1000000
2024MU0005635,1,1841.43,7,2,3,1,3,1273,10,0,0,6,1,5,1,2700103,1000000
2024MU0005636,1,1841.43,52,2,1,1,7,5121,42,5000,1,1,1,2,1,2700103,1000000
2024MU0005637,1,1841.43,22,1,8,1,15,159838,501,3000,3,1,1,5,1,2700115,1000000
2024MU0005638,1,1841.43,28,2,9,1,16,72506,501,5000,1,1,1,5,1,2700123,1000000
2024MU0005639,1,1841.43,23,2,2,1,16,81757,501,3000,2,1,1,5,1,2700112,1000000
2024MU0005640,1,1841.43,12,1,1,1,6,1849,15,0,0,6,1,5,1,2700116,1000000
2024MU0005641,1,1841.43,41,2,3,1,10,29006,241,9000,1,1,1,1,1,2700105,1000000
2024MU0005642,1,1841.43,13,2,1,1,6,2452,20,0,0,6,1,5,1,2700112,1000000
2024MU0005643,1,1841.43,16,2,2,1,14,8975,74,0,0,6,1,5,1,2700117,1000000
2024MU0005644,1,1841.43,41,2,1,1,15,43795,364,5000,6,1,2,1,1,2700112,1000000
2024MU0005645,1,1841.43,18,1,2,1,15,56944,474,5000,4,1,1,5,1,2700109,1000000
2024MU0005646,1,1841.43,34,1,1,1,11,43080,359,9800,6,4,1,1,1,2700102,1000000
2024MU0005647,1,1841.43,14,2,1,1,5,4711,39,0,0,6,1,5,2,2700122,1000000
2024MU0005648,1,1841.43,41,2,1,1,8,33315,277,9800,4,1,2,1,1,2700102,1000000
2024MU0005649,1,1841.43,5,2,3,1,3,7833,65,0,0,6,1,5,1,2700109,1000000
2024MU0005650,1,1841.43,41,1,3,1,5,10119,84,9000,3,2,1,5,1,2700110,1000000
2024MU0005651,1,1841.43,69,1,1,1,9,27721,231,3000,1,1,1,1,1,2700111,1000000
2024MU0005652,1,1841.43,5,1,3,1,3,6447,53,0,0,6,1,5,1,2700120,1000000
2024MU0005653,1,1841.43,23,2,8,1,14,36244,302,7000,1,1,1,5,1,2700121,1000000
2024MU0005654,1,1841.43,21,1,1,1,19,101375,501,3000,1,2,1,5,1,2700105,1000000
2024MU0005655,1,1841.43,4,2,5,1,5,7598,63,0,0,6,1,5,1,2700113,1000000
2024MU0005656,1,1841.43,59,1,3,1,5,23906,199,9920,1,1,1,1,1,2700100,1000000
2024MU0005657,1,1841.43,54,1,1,1,12,94437,501,8000,1,1,1,5,1,2700115,1000000
2024MU0005658,1,1841.43,34,1,2,1,8,16403,136,8000,4,1,1,1,1,2700101,1000000
2024MU0005659,1,1841.43,57,2,2,1,10,37814,315,7000,1,1,1,1,1,2700110,1000000
2024MU0005660,1,1841.43,23,2,3,1,15,129104,501,2000,1,1,1,5,1,2700106,1000000
2024MU0005661,1,1841.43,4,2,1,1,3,3474,28,0,0,6,1,5,1,2700103,1000000
2024MU0005662,1,1841.43,55,2,9,1,6,19639,163,7000,3,1,1,1,1,2700105,1000000
2024MU0005663,1,1841.43,41,1,3,1,7,10241,85,5000,4,1,1,5,1,2700108,1000000
2024MU0005664,1,1841.43,35,1,2,1,6,2588,21,5000,1,1,1,1,1,2700103,1000000
2024MU0005665,1,1841.43,9,2,1,1,3,6466,53,0,0,6,1,5,1,2700106,1000000
2024MU0005666,1,1841.43,13,2,1,1,9,3684,30,0,0,6,1,5,1,2700102,1000000
2024MU0005667,1,1841.43,41,1,2,1,9,26713,222,6000,1,1,1,1,1,2700118,1000000
2024MU0005668,1,1841.43,28,2,2,1,15,129167,501,4000,1,1,1,5,1,2700119,1000000
2024MU0005669,1,1841.43,54,1,4,1,9,65005,501,9800,1,2,1,1,1,2700120,1000000
2024MU0005670,1,1841.43,12,1,3,1,6,10262,85,0,0,6,2,5,1,2700111,1000000
2024MU0005671,1,1841.43,37,1,1,1,7,3186,26,9800,3,2,1,5,1,2700101,1000000
2024MU0005672,1,1841.43,9,2,3,1,3,5078,42,0,0,6,1,5,1,2700116,1000000
2024MU0005673,1,1841.43,34,1,1,1,11,36386,303,6000,3,1,1,1,1,2700110,1000000
2024MU0005674,1,1841.43,9,1,2,1,7,8836,73,0,0,6,1,5,1,2700100,1000000
2024MU0005675,1,1841.43,45,1,4,1,5,52229,435,5000,4,1,1,1,1,2700114,1000000
2024MU0005676,1,1841.43,24,1,2,1,15,36008,300,4000,3,1,1,5,1,2700100,1000000
2024MU0005677,1,1841.43,33,1,5,1,6,16236,135,6000,6,1,1,1,1,2700106,1000000
2024MU0005678,1,1841.43,22,1,9,1,14,52036,433,6000,3,4,1,5,1,2700101,1000000
2024MU0005679,1,1841.43,14,1,3,1,5,3058,25,0,0,6,1,5,1,2700111,1000000
2024MU0005680,1,1841.43,24,2,1,1,17,225093,501,4000,1,1,1,5,1,2700105,1000000
2024MU0005681,1,1841.43,17,1,2,1,12,8225,68,0,0,6,1,5,1,2700105,1000000
2024MU0005682,1,1841.43,20,1,1,1,12,8829,73,3000,1,3,5,5,1,2700103,1000000
2024MU0005683,1,1841.43,16,1,3,1,14,5139,42,0,0,6,1,5,1,2700100,1000000
2024MU0005684,1,1841.43,37,2,5,1,20,257630,501,3000,1,1,1,5,2,2700114,1000000
2024MU0005685,1,1841.43,50,2,3,1,8,1194,9,8000,6,1,1,1,1,2700112,1000000
2024MU0005686,1,1841.43,8,1,4,1,4,3287,27,0,0,6,1,5,1,2700120,1000000
2024MU0005687,1,1841.43,11,2,4,1,4,11061,92,0,0,6,1,5,1,2700112,1000000
2024MU0005688,1,1841.43,36,2,6,1,6,5244,43,7000,3,1,1,1,1,2700107,1000000
2024MU0005689,1,1841.43,25,2,1,1,14,9358,77,8000,6,1,1,1,1,2700116,1000000
2024MU0005690,1,1841.43,11,1,7,1,3,9788,81,0,0,6,1,5,1,2700116,1000000
2024MU0005691,1,1841.43,41,1,3,1,11,104664,501,5000,1,1,1,1,1,2700111,1000000
2024MU0005692,1,1841.43,14,2,1,1,4,1354,11,0,0,6,1,5,1,2700101,1000000
2024MU0005693,1,1841.43,17,2,9,1,16,83756,501,0,0,6,1,5,1,2700106,1000000
2024MU0005694,1,1841.43,7,2,9,1,1,5664,47,0,0,6,1,5,1,2700107,1000000
2024MU0005695,1,1841.43,83,1,3,1,11,37834,315,0,0,6,1,1,1,2700110,1000000
2024MU0005696,1,1841.43,5,1,6,1,3,2127,17,0,0,6,1,5,1,2700113,1000000
2024MU0005697,1,1841.43,10,2,1,1,6,13190,109,0,0,6,1,5,1,2700114,1000000
2024MU0005698,1,1841.43,27,2,2,1,14,24082,200,5000,1,1,1,1,1,2700122,1000000
2024MU0005699,1,1841.43,15,1,1,1,15,24558,204,0,0,6,1,5,1,2700103,1000000
2024MU0005700,1,1841.43,32,1,2,1,9,61082,501,6000,4,1,1,5,1,2700100,1000000
2024MU0005701,1,1841.43,25,1,2,1,18,62420,501,2000,3,1,1,5,1,2700112,1000000
2024MU0005702,1,1841.43,1,2,1,1,3,1187,9,0,0,6,1,5,1,2700108,1000000
2024MU0005703,1,1841.43,98,2,3,1,12,19912,165,0,0,6,1,1,1,2700121,1000000
2024MU0005704,1,1841.43,27,2,1,1,7,8285,69,6000,1,4,1,1,1,2700100,1000000
2024MU0005705,1,1841.43,43,2,1,1,8,8673,72,5000,1,1,1,1,1,2700123,1000000
2024MU0005706,1,1841.43,53,1,2,1,6,36041,300,7000,1,3,1,1,1,2700120,1000000
2024MU0005707,1,1841.43,31,2,2,1,5,108682,501,9800,1,1,1,1,1,2700106,1000000
2024MU0005708,1,1841.43,42,2,1,1,7,7684,64,6000,1,1,1,1,1,2700110,1000000
2024MU0005709,1,1841.43,48,2,1,1,5,18774,156,5000,1,2,1,5,1,2700104,1000000
2024MU0005710,1,1841.43,32,2,1,1,19,195458,501,3000,1,1,1,1,1,2700105,1000000
2024MU0005711,1,1841.43,28,1,1,1,14,144168,501,8000,1,4,2,5,1,2700114,1000000
2024MU0005712,1,1841.43,19,2,2,1,10,15371,128,6000,1,1,1,5,1,2700120,1000000
2024MU0005713,1,1841.43,0,2,8,1,3,8413,70,0,0,6,1,5,1,2700101,1000000
2024MU0005714,1,1841.43,21,2,1,1,16,60181,501,3000,2,1,1,5,1,2700100,1000000
2024MU0005715,1,1841.43,7,1,3,1,4,4447,37,0,0,6,1,5,1,2700106,1000000
2024MU0005716,1,1841.43,28,2,1,1,15,70617,501,4000,2,4,1,5,1,2700118,1000000
2024MU0005717,1,1841.43,96,1,2,1,8,22516,187,0,0,6,1,1,1,2700107,1000000
2024MU0005718,1,1841.43,11,1,1,1,6,7467,62,0,0,6,1,5,1,2700102,1000000
2024MU0005719,1,1841.43,13,1,9,1,5,2037,16,0,0,6,1,5,1,2700111,1000000
2024MU0005720,1,1841.43,24,2,2,1,16,51140,426,2000,1,1,1,5,1,2700113,1000000
2024MU0005721,1,1841.43,58,1,3,1,7,9781,81,9000,1,2,1,2,1,2700123,1000000
2024MU0005722,1,1841.43,43,1,3,1,8,40525,337,9800,1,1,1,1,1,2700100,1000000
2024MU0005723,1,1841.43,34,2,1,1,6,52108,434,9800,1,1,1,1,1,2700112,1000000
2024MU0005724,1,1841.43,17,2,9,1,16,107695,501,0,0,6,1,5,1,2700104,1000000
2024MU0005725,1,1841.43,27,2,1,1,10,17690,147,6000,1,1,1,1,1,2700114,1000000
2024MU0005726,1,1841.43,17,1,1,1,17,32213,268,0,0,6,1,5,1,2700101,1000000
2024MU0005727,1,1841.43,41,2,1,1,7,11639,96,9800,1,5,1,1,1,2700104,1000000
2024MU0005728,1,1841.43,34,1,1,1,10,38356,319,9800,1,4,1,1,1,2700112,1000000
2024MU0005729,1,1841.43,54,1,1,1,6,28110,234,6000,4,1,1,5,1,2700115,1000000
2024MU0005730,1,1841.43,10,1,3,1,5,3863,32,0,0,6,1,5,1,2700103,1000000
2024MU0005731,1,1841.43,59,2,1,1,13,91226,501,6000,6,1,1,1,1,2700105,1000000
2024MU0005732,1,1841.43,27,1,3,1,14,20240,168,9000,6,1,1,1,1,2700120,1000000
2024MU0005733,1,1841.43,57,1,1,1,16,154021,501,5000,4,2,1,1,1,2700117,1000000
2024MU0005734,1,1841.43,15,1,9,1,20,47793,398,0,0,6,1,5,1,2700101,1000000
2024MU0005735,1,1841.43,59,1,1,1,12,10036,83,7000,4,2,1,2,2,2700111,1000000
2024MU0005736,1,1841.43,54,2,3,1,7,5900,49,9920,6,1,1,2,1,2700121,1000000
2024MU0005737,1,1841.43,5,2,3,1,3,4426,36,0,0,6,1,5,1,2700118,1000000
2024MU0005738,1,1841.43,44,1,1,1,9,167270,501,5000,4,1,1,1,1,2700111,1000000
2024MU0005739,1,1841.43,18,1,1,1,20,47393,394,3000,1,1,1,1,1,2700105,1000000
2024MU0005740,1,1841.43,25,1,1,1,10,25807,215,3000,2,1,1,5,1,2700114,1000000
2024MU0005741,1,1841.43,91,2,1,1,5,9883,82,0,0,6,1,1,1,2700116,1000000
2024MU0005742,1,1841.43,18,1,1,1,19,44192,368,1000,1,1,1,5,1,2700103,1000000
2024MU0005743,1,1841.43,8,1,3,1,4,2721,22,0,0,6,1,5,1,2700110,1000000
2024MU0005744,1,1841.43,0,1,2,1,6,4245,35,0,0,6,1,5,1,2700123,1000000
2024MU0005745,1,1841.43,6,1,2,1,6,2826,23,0,0,6,1,5,1,2700103,1000000
2024MU0005746,1,1841.43,16,1,1,1,18,10160,84,0,0,6,1,5,1,2700118,1000000
2024MU0005747,1,1841.43,55,1,6,1,12,23037,191,4000,1,1,1,2,1,2700108,1000000
2024MU0005748,1,1841.43,1,1,1,1,7,6554,54,0,0,6,1,5,1,2700110,1000000
2024MU0005749,1,1841.43,40,1,2,1,11,68495,501,7000,1,1,1,5,1,2700113,1000000
2024MU0005750,1,1841.43,57,2,1,1,9,92536,501,7000,1,1,1,5,1,2700102,1000000
2024MU0005751,1,1841.43,38,1,1,1,13,104945,501,3000,2,1,1,1,1,2700106,1000000
2024MU0005752,1,1841.43,1,1,3,1,7,1950,16,0,0,6,1,5,1,2700121,1000000
2024MU0005753,1,1841.43,37,2,3,1,9,25862,215,8000,4,5,1,1,1,2700123,1000000
2024MU0005754,1,1841.43,5,2,3,1,3,2287,19,0,0,6,1,5,1,2700110,1000000
2024MU0005755,1,1841.43,7,1,3,1,3,3548,29,0,0,6,1,5,1,2700100,1000000
2024MU0005756,1,1841.43,45,2,9,1,10,28170,234,7000,6,1,5,1,1,2700108,1000000
2024MU0005757,1,1841.43,26,1,2,1,6,9295,77,6000,1,1,1,1,1,2700122,1000000
2024MU0005758,1,1841.43,17,2,2,1,17,17548,146,0,0,6,1,5,1,2700108,1000000
2024MU0005759,1,1841.43,8,2,1,1,2,7506,62,0,0,6,1,5,1,2700116,1000000
2024MU0005760,1,1841.43,4,1,1,1,2,1877,15,0,0,6,1,5,1,2700121,1000000
2024MU0005761,1,1841.43,38,1,2,1,8,7217,60,5000,6,1,1,1,1,2700113,1000000
2024MU0005762,1,1841.43,0,1,1,1,5,6076,50,0,0,6,1,5,1,2700114,1000000
2024MU0005763,1,1841.43,13,2,2,1,3,7142,59,0,0,6,1,5,1,2700109,1000000
2024MU0005764,1,1841.43,6,2,1,1,4,3347,27,0,0,6,1,5,1,2700115,1000000
2024MU0005765,1,1841.43,25,2,5,1,17,133019,501,3000,2,1,1,1,1,2700111,1000000
2024MU0005766,1,1841.43,18,1,9,1,18,47767,398,4000,1,1,1,1,1,2700119,1000000
2024MU0005767,1,1841.43,35,2,1,1,15,370202,501,5000,3,3,1,5,1,2700109,1000000
2024MU0005768,1,1841.43,31,2,6,1,12,72792,501,8000,1,4,1,1,1,2700105,1000000
2024MU0005769,1,1841.43,37,1,7,1,15,329932,501,3000,1,1,1,1,1,2700118,1000000
2024MU0005770,1,1841.43,7,1,9,1,6,4211,35,0,0,6,1,5,1,2700122,1000000
2024MU0005771,1,1841.43,16,1,1,1,20,120071,501,0,0,6,1,5,1,2700108,1000000
2024MU0005772,1,1841.43,33,2,4,1,6,49957,416,9920,3,1,1,1,1,2700118,1000000
2024MU0005773,1,1841.43,17,2,1,1,10,9859,82,0,0,6,1,5,1,2700118,1000000
2024MU0005774,1,1841.43,21,2,3,1,12,6728,56,6000,3,2,1,1,1,2700106,1000000
2024MU0005775,1,1841.43,21,1,3,1,19,46151,384,4000,1,1,1,5,1,2700108,1000000
2024MU0005776,1,1841.43,4,2,3,1,5,5586,46,0,0,6,1,5,1,2700116,1000000
2024MU0005777,1,1841.43,87,2,1,1,7,2662,22,0,0,6,1,1,1,2700117,1000000
2024MU0005778,1,1841.43,30,1,6,1,11,31720,264,5000,6,1,1,5,1,2700107,1000000
2024MU0005779,1,1841.43,27,1,2,1,15,161974,501,4000,2,1,1,1,1,2700122,1000000
2024MU0005780,1,1841.43,1,1,1,1,8,6832,56,0,0,6,5,5,1,2700122,1000000
2024MU0005781,1,1841.43,34,2,2,1,13,8395,69,7000,1,1,1,1,1,2700122,1000000
2024MU0005782,1,1841.43,46,1,6,1,12,17145,142,9000,4,1,1,1,1,2700112,1000000
2024MU0005783,1,1841.43,34,1,9,1,9,197509,501,8000,1,1,1,1,1,2700108,1000000
2024MU0005784,1,1841.43,9,1,3,1,4,10297,85,0,0,6,1,5,1,2700107,1000000
2024MU0005785,1,1841.43,56,2,1,1,14,24147,201,6000,1,1,1,5,2,2700112,1000000
2024MU0005786,1,1841.43,10,1,1,1,6,1218,10,0,0,6,1,5,1,2700112,1000000
2024MU0005787,1,1841.43,24,1,1,1,17,37315,310,3000,3,1,2,5,1,2700122,1000000
2024MU0005788,1,1841.43,84,1,1,1,5,10038,83,0,0,6,1,1,1,2700116,1000000
2024MU0005789,1,1841.43,34,1,2,1,5,77953,501,9920,1,1,1,1,1,2700119,1000000
2024MU0005790,1,1841.43,35,1,1,1,7,74081,501,6000,1,1,1,1,1,2700104,1000000
2024MU0005791,1,1841.43,21,1,1,1,16,11505,95,2000,2,4,1,5,1,2700115,1000000
2024MU0005792,1,1841.43,12,2,8,1,5,3163,26,0,0,6,1,5,1,2700110,1000000
2024MU0005793,1,1841.43,35,2,3,1,17,70833,501,3000,2,1,1,5,1,2700117,1000000
2024MU0005794,1,1841.43,3,2,4,1,6,4471,37,0,0,6,1,5,1,2700108,1000000
2024MU0005795,1,1841.43,11,1,2,1,3,1381,11,0,0,6,1,5,1,2700102,1000000
2024MU0005796,1,1841.43,20,2,2,1,12,7435,61,6000,1,5,1,5,1,2700109,1000000
2024MU0005797,1,1841.43,37,1,1,1,15,70401,501,2000,2,1,1,1,1,2700102,1000000
2024MU0005798,1,1841.43,25,1,2,1,10,41914,349,9000,6,2,1,1,1,2700104,1000000
2024MU0005799,1,1841.43,37,2,3,1,12,30391,253,8000,4,2,1,1,2,2700120,1000000
2024MU0005800,1,1841.43,40,2,2,1,10,33607,280,6000,4,1,1,5,2,2700118,1000000
2024MU0005801,1,1841.43,41,2,5,1,6,24126,201,9920,1,1,1,5,1,2700112,1000000
2024MU0005802,1,1841.43,43,2,8,1,5,59655,497,9000,1,1,1,5,1,2700103,1000000
2024MU0005803,1,1841.43,46,2,2,1,8,87111,501,9800,1,1,1,1,2,2700104,1000000
2024MU0005804,1,1841.43,17,2,1,1,14,14991,124,0,0,6,1,5,1,2700116,1000000
2024MU0005805,1,1841.43,17,2,9,1,16,28081,234,0,0,6,1,5,1,2700101,1000000
2024MU0005806,1,1841.43,33,2,3,1,12,109501,501,7000,4,1,1,1,1,2700110,1000000
2024MU0005807,1,1841.43,29,1,3,1,18,159078,501,4000,3,1,1,1,1,2700122,1000000
2024MU0005808,1,1841.43,19,1,3,1,18,50267,418,1000,3,1,1,5,1,2700102,1000000
2024MU0005809,1,1841.43,52,2,1,1,9,12021,100,9000,1,2,1,4,1,2700109,1000000
2024MU0005810,1,1841.43,9,1,1,1,5,10536,87,0,0,6,1,5,1,2700100,1000000
2024MU0005811,1,1841.43,1,1,1,1,6,5337,44,0,0,6,1,5,1,2700106,1000000
2024MU0005812,1,1841.43,27,1,1,1,7,5228,43,9920,3,4,1,5,1,2700112,1000000
2024MU0005813,1,1841.43,44,1,2,1,20,170481,501,1000,3,1,1,1,1,2700105,1000000
2024MU0005814,1,1841.43,30,2,1,1,11,65495,501,9000,1,1,1,1,1,2700110,1000000
2024MU0005815,1,1841.43,38,2,6,1,16,26247,218,4000,2,5,1,5,1,2700114,1000000
2024MU0005816,1,1841.43,40,1,3,1,17,109868,501,3000,3,4,1,1,1,2700122,1000000
2024MU0005817,1,1841.43,0,2,2,1,5,2373,19,0,0,6,1,5,1,2700118,1000000
2024MU0005818,1,1841.43,28,2,1,1,7,5833,48,9920,4,2,1,5,1,2700107,1000000
2024MU0005819,1,1841.43,17,1,3,1,15,22509,187,0,0,6,1,5,1,2700116,1000000
2024MU0005820,1,1841.43,12,2,1,1,5,1227,10,0,0,6,1,5,1,2700123,1000000
2024MU0005821,1,1841.43,5,1,3,1,6,9302,77,0,0,6,1,5,1,2700101,1000000
2024MU0005822,1,1841.43,0,1,5,1,1,730,6,0,0,6,1,5,1,2700105,1000000
2024MU0005823,1,1841.43,32,1,2,1,11,49061,408,3000,1,1,1,1,1,2700111,1000000
2024MU0005824,1,1841.43,32,2,1,1,17,71238,501,3000,1,1,1,1,1,2700121,1000000
2024MU0005825,1,1841.43,56,1,4,1,20,535946,501,4000,2,1,1,2,1,2700100,1000000
2024MU0005826,1,1841.43,18,2,1,1,12,11069,92,7000,6,4,1,1,2,2700118,1000000
2024MU0005827,1,1841.43,10,2,1,1,7,733,6,0,0,6,1,5,1,2700123,1000000
2024MU0005828,1,1841.43,18,1,2,1,12,15975,133,7000,3,1,1,1,1,2700121,1000000
2024MU0005829,1,1841.43,58,1,8,1,13,16902,140,9000,1,1,1,2,1,2700106,1000000
2024MU0005830,1,1841.43,66,1,1,1,6,14687,122,5000,4,5,1,2,1,2700101,1000000
2024MU0005831,1,1841.43,24,1,8,1,20,216580,501,2000,1,1,1,5,1,2700120,1000000
2024MU0005832,1,1841.43,2,2,1,1,6,13018,108,0,0,6,2,5,1,2700103,1000000
2024MU0005833,1,1841.43,48,2,1,1,8,18619,155,9920,3,1,1,1,1,2700117,1000000
2024MU0005834,1,1841.43,16,2,3,1,13,19330,161,0,0,6,1,5,1,2700113,1000000
2024MU0005835,1,1841.43,0,1,1,1,3,4147,34,0,0,6,1,5,1,2700120,1000000
2024MU0005836,1,1841.43,41,2,1,1,11,28841,240,5000,1,1,1,1,1,2700116,1000000
2024MU0005837,1,1841.43,13,2,1,1,7,9401,78,0,0,6,1,5,1,2700118,1000000
2024MU0005838,1,1841.43,20,2,1,1,17,14153,117,4000,1,1,1,5,1,2700105,1000000
2024MU0005839,1,1841.43,26,2,1,1,15,77270,501,3000,1,1,1,1,1,2700103,1000000
2024MU0005840,1,1841.43,35,2,3,1,14,29270,243,9800,1,1,2,1,1,2700115,1000000
2024MU0005841,1,1841.43,28,1,3,1,18,130890,501,6000,4,1,1,1,1,2700109,1000000
2024MU0005842,1,1841.43,24,2,9,1,17,44750,372,2000,1,1,1,1,1,2700110,1000000
2024MU0005843,1,1841.43,24,2,3,1,12,21821,181,8000,1,1,1,5,1,2700111,1000000
2024MU0005844,1,1841.43,25,1,3,1,14,29959,249,9800,3,5,1,1,1,2700103,1000000
2024MU0005845,1,1841.43,13,1,3,1,3,13176,109,0,0,6,1,5,1,2700115,1000000
2024MU0005846,1,1841.43,74,1,8,1,12,12507,104,9800,3,1,1,1,1,2700114,1000000
2024MU0005847,1,1841.43,77,2,1,1,7,4847,40,0,0,6,1,1,1,2700108,1000000
2024MU0005848,1,1841.43,82,1,1,1,6,2271,18,0,0,6,1,2,1,2700103,1000000
2024MU0005849,1,1841.43,6,1,3,1,3,1825,15,0,0,6,1,5,1,2700103,1000000
2024MU0005850,1,1841.43,44,2,1,1,11,58186,484,6000,3,1,1,1,1,2700118,1000000
2024MU0005851,1,1841.43,59,2,8,1,6,13706,114,6000,1,1,1,1,1,2700101,1000000
2024MU0005852,1,1841.43,22,1,2,1,20,162902,501,3000,1,1,1,5,1,2700123,1000000
2024MU0005853,1,1841.43,16,1,1,1,13,36859,307,0,0,6,1,5,1,2700110,1000000
2024MU0005854,1,1841.43,26,1,4,1,9,9011,75,9000,1,4,1,1,1,2700102,1000000
2024MU0005855,1,1841.43,8,1,1,1,1,25598,213,0,0,6,1,5,1,2700110,1000000
2024MU0005856,1,1841.43,45,1,9,1,7,41148,342,9920,1,1,1,1,1,2700105,1000000
2024MU0005857,1,1841.43,34,2,9,1,10,34692,289,7000,6,1,1,1,1,2700101,1000000
2024MU0005858,1,1841.43,2,2,3,1,4,5480,45,0,0,6,1,5,1,2700114,1000000
2024MU0005859,1,1841.43,21,2,1,1,13,6754,56,5000,3,1,1,5,1,2700107,1000000
2024MU0005860,1,1841.43,41,1,1,1,5,20696,172,5000,1,1,1,2,1,2700108,1000000
2024MU0005861,1,1841.43,44,1,2,1,8,89518,501,9920,1,4,1,1,1,2700104,1000000
2024MU0005862,1,1841.43,72,2,6,1,10,11550,96,7000,3,1,1,1,1,2700108,1000000
2024MU0005863,1,1841.43,27,1,1,1,10,24697,205,9000,1,1,1,1,1,2700100,1000000
2024MU0005864,1,1841.43,15,1,1,1,13,6414,53,0,0,6,1,5,1,2700123,1000000
2024MU0005865,1,1841.43,27,2,1,1,9,19140,159,8000,4,4,1,5,1,2700117,1000000
2024MU0005866,1,1841.43,12,2,2,1,5,2904,24,0,0,6,1,5,1,2700109,1000000
2024MU0005867,1,1841.43,56,1,8,1,8,5564,46,9920,1,1,1,1,1,2700107,1000000
2024MU0005868,1,1841.43,4,2,1,1,5,3245,27,0,0,6,1,5,1,2700116,1000000
2024MU0005869,1,1841.43,26,2,1,1,19,163402,501,2000,1,3,1,5,1,2700113,1000000
2024MU0005870,1,1841.43,5,2,3,1,1,2903,24,0,0,6,1,5,1,2700100,1000000
2024MU0005871,1,1841.43,37,1,5,1,7,2547,21,7000,6,2,1,1,1,2700110,1000000
2024MU0005872,1,1841.43,23,2,5,1,12,26077,217,9800,1,1,1,1,1,2700108,1000000
2024MU0005873,1,1841.43,23,1,4,1,14,28106,234,7000,3,1,1,5,1,2700109,1000000
2024MU0005874,1,1841.43,6,2,1,1,1,18289,152,0,0,6,1,5,1,2700102,1000000
2024MU0005875,1,1841.43,16,2,2,1,15,30095,250,0,0,6,1,5,1,2700116,1000000
2024MU0005876,1,1841.43,41,1,9,1,15,207663,501,1000,1,2,1,1,1,2700110,1000000
2024MU0005877,1,1841.43,6,2,9,1,1,2851,23,0,0,6,1,5,2,2700123,1000000
2024MU0005878,1,1841.43,35,1,3,1,10,108125,501,5000,1,1,1,1,1,2700103,1000000
2024MU0005879,1,1841.43,22,1,3,1,17,44807,373,3000,1,1,1,5,1,2700100,1000000
2024MU0005880,1,1841.43,0,1,9,1,2,6003,50,0,0,6,1,5,1,2700117,1000000
2024MU0005881,1,1841.43,23,2,2,1,11,52318,435,9800,1,3,1,5,1,2700114,1000000
2024MU0005882,1,1841.43,36,1,1,1,12,70816,501,5000,1,1,1,1,1,2700110,1000000
2024MU0005883,1,1841.43,41,2,3,1,5,90548,501,9920,4,4,1,1,1,2700116,1000000
2024MU0005884,1,1841.43,32,2,9,1,14,28948,241,4000,3,1,1,1,1,2700116,1000000
2024MU0005885,1,1841.43,10,2,3,1,1,12419,103,0,0,6,1,5,1,2700117,1000000
2024MU0005886,1,1841.43,28,1,5,1,11,65238,501,5000,1,1,1,5,1,2700113,1000000
2024MU0005887,1,1841.43,25,2,2,1,14,30076,250,9800,1,4,1,1,1,2700107,1000000
2024MU0005888,1,1841.43,61,1,1,1,6,58186,484,9920,3,1,1,1,1,2700103,1000000
2024MU0005889,1,1841.43,28,2,1,1,7,9505,79,5000,3,1,1,1,1,2700117,1000000
2024MU0005890,1,1841.43,42,2,9,1,6,16320,136,6000,3,1,1,2,1,2700110,1000000
2024MU0005891,1,1841.43,97,1,2,1,11,18088,150,0,0,6,1,1,1,2700108,1000000
2024MU0005892,1,1841.43,69,2,1,1,9,7447,62,7000,4,1,1,4,1,2700107,1000000
2024MU0005893,1,1841.43,39,1,9,1,8,29481,245,5000,4,1,1,1,1,2700111,1000000
2024MU0005894,1,1841.43,33,1,2,1,13,66576,501,9800,1,1,1,1,2,2700110,1000000
2024MU0005895,1,1841.43,3,1,5,1,6,3685,30,0,0,6,1,5,1,2700104,1000000
2024MU0005896,1,1841.43,36,2,2,1,20,575842,501,3000,1,1,1,1,1,2700109,1000000
2024MU0005897,1,1841.43,39,2,1,1,10,32088,267,7000,4,4,1,1,1,2700114,1000000
2024MU0005898,1,1841.43,30,2,3,1,15,41958,349,2000,1,1,1,1,1,2700110,1000000
2024MU0005899,1,1841.43,51,2,9,1,9,137522,501,3000,3,1,1,1,1,2700101,1000000
2024MU0005900,1,1841.43,27,1,1,1,16,144859,501,4000,1,2,1,5,1,2700109,1000000
2024MU0005901,1,1841.43,22,2,6,1,11,45030,375,5000,3,2,1,1,1,2700102,1000000
2024MU0005902,1,1841.43,24,1,1,1,12,22908,190,8000,3,1,1,5,1,2700107,1000000
2024MU0005903,1,1841.43,39,2,2,1,15,145448,501,5000,1,1,2,5,1,2700111,1000000
2024MU0005904,1,1841.43,22,2,2,1,18,37072,308,1000,1,1,1,5,1,2700114,1000000
2024MU0005905,1,1841.43,37,1,8,1,9,37224,310,8000,6,1,1,1,1,2700114,1000000
2024MU0005906,1,1841.43,23,1,2,1,16,45919,382,6000,1,1,1,5,1,2700123,1000000
2024MU0005907,1,1841.43,1,1,2,1,4,4942,41,0,0,6,1,5,1,2700106,1000000
2024MU0005908,1,1841.43,30,2,5,1,5,33560,279,7000,1,1,1,5,1,2700122,1000000
2024MU0005909,1,1841.43,1,1,1,1,1,1733,14,0,0,6,1,5,1,2700114,1000000
2024MU0005910,1,1841.43,0,2,1,1,1,7157,59,0,0,6,1,5,1,2700112,1000000
2024MU0005911,1,1841.43,41,2,1,1,10,50118,417,9800,3,3,1,5,1,2700109,1000000
2024MU0005912,1,1841.43,9,1,3,1,3,6926,57,0,0,6,1,5,1,2700118,1000000
2024MU0005913,1,1841.43,8,1,2,1,2,3301,27,0,0,6,1,5,1,2700116,1000000
2024MU0005914,1,1841.43,34,2,7,1,17,180724,501,2000,2,1,1,5,1,2700114,1000000
2024MU0005915,1,1841.43,35,1,2,1,7,9188,76,6000,1,1,1,1,1,2700102,1000000
2024MU0005916,1,1841.43,32,2,1,1,13,13423,111,5000,1,5,2,1,1,2700117,1000000
2024MU0005917,1,1841.43,15,1,5,1,18,12377,103,0,0,6,1,5,1,2700121,1000000
2024MU0005918,1,1841.43,88,1,1,1,5,4467,37,0,0,6,1,2,1,2700104,1000000
2024MU0005919,1,1841.43,25,2,9,1,8,2941,24,9920,1,5,1,5,1,2700109,1000000
2024MU0005920,1,1841.43,0,1,1,1,5,13853,115,0,0,6,1,5,1,2700108,1000000
2024MU0005921,1,1841.43,3,2,1,1,5,3750,31,0,0,6,1,5,1,2700112,1000000
2024MU0005922,1,1841.43,19,2,2,1,15,51410,428,3000,3,1,1,5,1,2700123,1000000
2024MU0005923,1,1841.43,13,1,1,1,5,7522,62,0,0,6,1,5,1,2700120,1000000
2024MU0005924,1,1841.43,4,1,1,1,8,4028,33,0,0,6,1,5,1,2700101,1000000
2024MU0005925,1,1841.43,34,1,2,1,6,271453,501,7000,4,1,5,1,1,2700109,1000000
2024MU0005926,1,1841.43,2,1,1,1,6,41695,347,0,0,6,1,5,1,2700121,1000000
2024MU0005927,1,1841.43,72,2,1,1,6,20340,169,9800,6,5,1,2,1,2700109,1000000
2024MU0005928,1,1841.43,0,2,1,1,4,1942,16,0,0,6,1,5,1,2700113,1000000
2024MU0005929,1,1841.43,8,1,2,1,1,12611,105,0,0,6,1,5,2,2700120,1000000
2024MU0005930,1,1841.43,0,1,2,1,4,989,8,0,0,6,1,5,1,2700119,1000000
2024MU0005931,1,1841.43,38,1,1,1,14,115849,501,9800,4,1,1,1,1,2700123,1000000
2024MU0005932,1,1841.43,32,1,3,1,6,2074,17,9920,4,1,1,1,1,2700123,1000000
2024MU0005933,1,1841.43,8,2,3,1,3,3105,25,0,0,6,1,5,2,2700107,1000000
2024MU0005934,1,1841.43,84,1,3,1,7,17573,146,0,0,6,1,1,1,2700104,1000000
2024MU0005935,1,1841.43,48,1,2,1,6,21817,181,8000,4,4,1,1,1,2700121,1000000
2024MU0005936,1,1841.43,3,1,1,1,6,1228,10,0,0,6,2,5,1,2700118,1000000
2024MU0005937,1,1841.43,53,2,2,1,12,40913,340,8000,1,1,1,3,1,2700121,1000000
2024MU0005938,1,1841.43,55,1,8,1,13,47569,396,6000,1,1,5,2,1,2700118,1000000
2024MU0005939,1,1841.43,58,2,2,1,10,41912,349,8000,3,1,1,1,1,2700123,1000000
2024MU0005940,1,1841.43,62,1,1,1,8,9644,80,6000,6,4,1,1,1,2700108,1000000
2024MU0005941,1,1841.43,24,2,1,1,13,52860,440,9000,3,1,1,5,1,2700110,1000000
2024MU0005942,1,1841.43,66,2,9,1,9,40468,337,6000,1,1,1,3,1,2700104,1000000
2024MU0005943,1,1841.43,7,1,3,1,4,3542,29,0,0,6,1,5,1,2700108,1000000
2024MU0005944,1,1841.43,17,2,1,1,20,127497,501,0,0,6,1,5,1,2700107,1000000
2024MU0005945,1,1841.43,28,2,1,1,18,71904,501,6000,6,1,1,1,2,2700123,1000000
2024MU0005946,1,1841.43,28,1,8,1,16,58862,490,2000,2,1,1,1,1,2700110,1000000
2024MU0005947,1,1841.43,47,1,1,1,8,47469,395,8000,4,1,1,1,1,2700117,1000000
2024MU0005948,1,1841.43,34,2,2,1,10,109822,501,7000,4,1,1,1,1,2700107,1000000
2024MU0005949,1,1841.43,30,2,3,1,15,81654,501,3000,2,1,1,1,1,2700120,1000000
2024MU0005950,1,1841.43,2,2,2,1,6,2172,18,0,0,6,1,5,1,2700112,1000000
2024MU0005951,1,1841.43,40,2,1,1,11,149850,501,3000,1,1,1,1,1,2700110,1000000
2024MU0005952,1,1841.43,22,2,1,1,13,27037,225,5000,1,2,5,5,1,2700105,1000000
2024MU0005953,1,1841.43,20,2,8,1,18,29673,247,6000,6,1,1,5,1,2700115,1000000
2024MU0005954,1,1841.43,57,2,2,1,10,30437,253,9800,1,4,1,1,1,2700117,1000000
2024MU0005955,1,1841.43,39,1,5,1,10,109913,501,5000,4,1,1,1,1,2700109,1000000
2024MU0005956,1,1841.43,30,2,3,1,15,428833,501,4000,1,1,1,1,1,2700116,1000000
2024MU0005957,1,1841.43,18,1,9,1,14,11441,95,7000,6,1,1,5,1,2700101,1000000
2024MU0005958,1,1841.43,47,1,8,1,11,236742,501,7000,3,4,1,1,1,2700117,1000000
2024MU0005959,1,1841.43,25,2,2,1,11,19706,164,6000,3,1,1,5,1,2700123,1000000
2024MU0005960,1,1841.43,56,1,1,1,10,29793,248,9800,1,3,1,1,1,2700110,1000000
2024MU0005961,1,1841.43,23,1,3,1,10,46537,387,9800,1,1,1,1,1,2700122,1000000
2024MU0005962,1,1841.43,17,1,3,1,14,6149,51,0,0,6,1,5,1,2700101,1000000
2024MU0005963,1,1841.43,36,2,2,1,11,69180,501,3000,2,4,1,1,1,2700101,1000000
2024MU0005964,1,1841.43,24,2,5,1,15,57858,482,5000,1,1,1,5,1,2700117,1000000
2024MU0005965,1,1841.43,52,2,1,1,13,12321,102,4000,2,4,1,1,1,2700108,1000000
2024MU0005966,1,1841.43,10,1,1,1,3,994,8,0,0,6,1,5,1,2700121,1000000
2024MU0005967,1,1841.43,25,1,3,1,16,65028,501,4000,1,3,1,1,1,2700115,1000000
2024MU0005968,1,1841.43,31,1,1,1,10,58375,486,9800,4,1,1,1,1,2700116,1000000
2024MU0005969,1,1841.43,32,1,2,1,13,16805,140,8000,1,1,1,1,1,2700109,1000000
2024MU0005970,1,1841.43,26,1,9,1,6,12329,102,7000,3,1,1,1,1,2700121,1000000
2024MU0005971,1,1841.43,16,1,3,1,12,12369,103,0,0,6,1,5,1,2700116,1000000
2024MU0005972,1,1841.43,27,1,9,1,14,25835,215,9800,3,1,1,5,1,2700105,1000000
2024MU0005973,1,1841.43,19,1,3,1,10,5696,47,9000,1,1,1,1,1,2700100,1000000
2024MU0005974,1,1841.43,40,2,3,1,17,136825,501,3000,2,1,1,1,1,2700112,1000000
2024MU0005975,1,1841.43,11,2,3,1,2,3576,29,0,0,6,1,5,1,2700105,1000000
2024MU0005976,1,1841.43,44,2,1,1,14,86642,501,6000,1,1,1,1,1,2700118,1000000
2024MU0005977,1,1841.43,29,2,2,1,11,11753,97,9000,1,4,1,5,1,2700105,1000000
2024MU0005978,1,1841.43,54,1,1,1,10,39331,327,3000,1,1,1,5,1,2700118,1000000
2024MU0005979,1,1841.43,2,2,9,1,1,1448,12,0,0,6,1,5,1,2700111,1000000
2024MU0005980,1,1841.43,99,1,1,1,7,5525,46,0,0,6,1,1,1,2700121,1000000
2024MU0005981,1,1841.43,6,2,1,1,2,1668,13,0,0,6,1,5,1,2700110,1000000
2024MU0005982,1,1841.43,40,2,3,1,9,22930,191,4000,1,1,1,5,1,2700121,1000000
2024MU0005983,1,1841.43,44,2,2,1,10,43461,362,9800,4,1,1,1,1,2700106,1000000
2024MU0005984,1,1841.43,0,2,1,1,6,2549,21,0,0,6,1,5,1,2700121,1000000
2024MU0005985,1,1841.43,10,2,1,1,7,12956,107,0,0,6,1,5,1,2700105,1000000
2024MU0005986,1,1841.43,34,2,5,1,11,99482,501,3000,1,5,1,1,1,2700114,1000000
2024MU0005987,1,1841.43,13,1,2,1,3,7629,63,0,0,6,1,5,1,2700105,1000000
2024MU0005988,1,1841.43,7,2,1,1,3,7510,62,0,0,6,1,5,1,2700108,1000000
2024MU0005989,1,1841.43,29,1,2,1,15,85392,501,5000,1,5,1,1,1,2700122,1000000
2024MU0005990,1,1841.43,13,2,1,1,2,11382,94,0,0,6,1,5,1,2700123,1000000
2024MU0005991,1,1841.43,38,1,1,1,12,35471,295,6000,1,1,1,1,1,2700117,1000000
2024MU0005992,1,1841.43,76,1,9,1,5,36400,303,0,0,6,1,1,1,2700102,1000000
2024MU0005993,1,1841.43,5,2,2,1,3,1886,15,0,0,6,1,5,1,2700101,1000000
2024MU0005994,1,1841.43,48,1,1,1,10,19774,164,9800,4,1,1,1,1,2700112,1000000
2024MU0005995,1,1841.43,69,2,9,1,7,2188,18,9800,4,4,1,2,1,2700110,1000000
2024MU0005996,1,1841.43,57,1,4,1,9,15450,128,9800,1,1,1,5,1,2700104,1000000
2024MU0005997,1,1841.43,41,2,1,1,11,13929,116,4000,1,1,1,1,1,2700123,1000000
2024MU0005998,1,1841.43,29,2,2,1,8,12684,105,7000,6,1,1,1,1,2700104,1000000
2024MU0005999,1,1841.43,12,2,6,1,3,7935,66,0,0,6,1,5,1,2700111,1000000
2024MU0006000,1,1841.43,77,1,2,1,9,18596,154,0,0,6,1,1,2,2700101,1000000
2024MU0006001,1,1841.43,44,1,3,1,9,16524,137,7000,1,5,1,1,1,2700117,1000000
2024MU0006002,1,1841.43,34,2,2,1,5,11010,91,9920,1,1,1,1,1,2700109,1000000
2024MU0006003,1,1841.43,50,1,2,1,11,65449,501,6000,1,1,1,2,2,2700117,1000000
2024MU0006004,1,1841.43,41,1,3,1,10,34302,285,4000,1,1,1,1,1,2700103,1000000
2024MU0006005,1,1841.43,3,2,2,1,1,2116,17,0,0,6,1,5,1,2700120,1000000
2024MU0006006,1,1841.43,49,1,1,1,11,15103,125,5000,4,3,1,1,1,2700121,1000000
2024MU0006007,1,1841.43,52,1,5,1,9,27013,225,7000,3,5,1,5,1,2700106,1000000
2024MU0006008,1,1841.43,13,1,1,1,3,2284,19,0,0,6,1,5,1,2700123,1000000
2024MU0006009,1,1841.43,9,1,2,1,5,3740,31,0,0,6,1,5,1,2700120,1000000
2024MU0006010,1,1841.43,20,2,3,1,16,39413,328,5000,1,1,1,1,1,2700102,1000000
2024MU0006011,1,1841.43,10,1,3,1,8,3197,26,0,0,6,2,5,1,2700104,1000000
2024MU0006012,1,1841.43,19,2,2,1,17,33087,275,5000,1,1,1,5,1,2700100,1000000
2024MU0006013,1,1841.43,25,1,3,1,9,40427,336,4000,1,1,1,1,1,2700106,1000000
2024MU0006014,1,1841.43,39,1,1,1,7,5993,49,9800,3,1,1,5,1,2700111,1000000
2024MU0006015,1,1841.43,34,2,3,1,15,367304,501,5000,3,1,1,5,1,2700123,1000000
2024MU0006016,1,1841.43,29,1,5,1,15,50614,421,4000,3,5,1,1,1,2700121,1000000
2024MU0006017,1,1841.43,25,2,8,1,7,16156,134,8000,3,1,1,1,1,2700115,1000000
2024MU0006018,1,1841.43,18,2,3,1,11,4918,40,9000,3,1,1,1,1,2700121,1000000
2024MU0006019,1,1841.43,5,1,1,1,6,4377,36,0,0,6,1,5,1,2700106,1000000
2024MU0006020,1,1841.43,19,2,1,1,17,32340,269,3000,1,2,1,1,1,2700107,1000000
2024MU0006021,1,1841.43,25,1,1,1,7,40301,335,9920,1,3,1,1,1,2700114,1000000
2024MU0006022,1,1841.43,5,1,2,1,6,3327,27,0,0,6,1,5,1,2700105,1000000
2024MU0006023,1,1841.43,46,1,1,1,7,45337,377,5000,3,1,1,1,1,2700104,1000000
2024MU0006024,1,1841.43,22,2,9,1,13,35602,296,9800,1,1,1,5,1,2700122,1000000
2024MU0006025,1,1841.43,29,1,8,1,9,106226,501,9000,4,1,1,5,1,2700115,1000000
2024MU0006026,1,1841.43,40,2,1,1,9,12534,104,8000,1,1,1,2,1,2700119,1000000
2024MU0006027,1,1841.43,38,2,3,1,14,61073,501,4000,1,1,1,1,1,2700111,1000000
2024MU0006028,1,1841.43,27,1,4,1,11,4473,37,9800,3,1,1,5,1,2700109,1000000
2024MU0006029,1,1841.43,34,1,1,1,9,41842,348,6000,3,1,1,5,1,2700111,1000000
2024MU0006030,1,1841.43,35,2,2,1,16,218582,501,5000,3,1,1,2,1,2700120,1000000
2024MU0006031,1,1841.43,18,2,2,1,11,29970,249,9800,4,1,1,5,1,2700121,1000000
2024MU0006032,1,1841.43,40,1,1,1,12,73083,501,5000,1,1,1,1,1,2700111,1000000
2024MU0006033,1,1841.43,52,2,3,1,12,29631,246,9800,4,3,1,2,1,2700101,1000000
2024MU0006034,1,1841.43,25,1,9,1,8,16530,137,9000,1,5,1,5,1,2700106,1000000
2024MU0006035,1,1841.43,30,2,2,1,8,120021,501,9000,1,1,1,1,1,2700104,1000000
2024MU0006036,1,1841.43,20,2,3,1,18,30984,258,6000,1,1,1,5,1,2700117,1000000
2024MU0006037,1,1841.43,55,2,1,1,10,71162,501,7000,3,1,1,2,1,2700117,1000000
2024MU0006038,1,1841.43,29,2,7,1,5,7580,63,7000,1,1,1,5,1,2700115,1000000
2024MU0006039,1,1841.43,54,2,6,1,14,76826,501,8000,1,1,2,1,1,2700101,1000000
2024MU0006040,1,1841.43,9,2,1,1,3,8273,68,0,0,6,1,5,1,2700107,1000000
2024MU0006041,1,1841.43,25,2,8,1,9,18948,157,7000,1,1,1,5,1,2700118,1000000
2024MU0006042,1,1841.43,7,1,1,1,5,7464,62,0,0,6,1,5,1,2700105,1000000
2024MU0006043,1,1841.43,39,2,1,1,13,77626,501,4000,2,1,1,1,1,2700122,1000000
2024MU0006044,1,1841.43,17,1,3,1,14,18287,152,0,0,6,1,5,1,2700121,1000000
2024MU0006045,1,1841.43,34,1,2,1,7,15512,129,5000,3,1,1,1,1,2700112,1000000
2024MU0006046,1,1841.43,11,1,2,1,5,10713,89,0,0,6,1,5,1,2700106,1000000
2024MU0006047,1,1841.43,1,1,3,1,5,1897,15,0,0,6,1,5,1,2700119,1000000
2024MU0006048,1,1841.43,43,1,1,1,13,43876,365,3000,1,1,1,1,2,2700123,1000000
2024MU0006049,1,1841.43,9,2,1,1,4,4381,36,0,0,6,1,5,1,2700104,1000000
2024MU0006050,1,1841.43,36,1,2,1,12,98941,501,5000,6,1,1,1,1,2700116,1000000
2024MU0006051,1,1841.43,14,2,1,1,1,1849,15,0,0,6,1,5,1,2700103,1000000
2024MU0006052,1,1841.43,11,1,1,1,7,4860,40,0,0,6,1,5,1,2700100,1000000
2024MU0006053,1,1841.43,9,1,1,1,3,2703,22,0,0,6,1,5,1,2700105,1000000
2024MU0006054,1,1841.43,32,1,5,1,12,47048,392,9000,4,1,1,1,1,2700105,1000000
2024MU0006055,1,1841.43,16,1,8,1,19,72560,501,0,0,6,1,5,1,2700102,1000000
2024MU0006056,1,1841.43,14,2,1,1,7,1441,12,0,0,6,1,5,1,2700109,1000000
2024MU0006057,1,1841.43,10,2,1,1,5,11017,91,0,0,6,1,5,1,2700121,1000000
2024MU0006058,1,1841.43,98,1,3,1,9,24497,204,0,0,6,1,1,1,2700110,1000000
2024MU0006059,1,1841.43,24,1,9,1,19,103523,501,1000,1,1,1,5,1,2700122,1000000
2024MU0006060,1,1841.43,6,2,1,1,7,3050,25,0,0,6,1,5,1,2700113,1000000
2024MU0006061,1,1841.43,47,1,6,1,10,124027,501,6000,4,1,1,1,1,2700103,1000000
2024MU0006062,1,1841.43,31,1,2,1,12,58303,485,6000,3,1,1,1,1,2700106,1000000
2024MU0006063,1,1841.43,34,2,9,1,7,7408,61,9920,1,1,5,1,1,2700109,1000000
2024MU0006064,1,1841.43,44,1,1,1,9,25181,209,6000,1,1,1,5,1,2700100,1000000
2024MU0006065,1,1841.43,10,2,9,1,3,6606,55,0,0,6,1,5,1,2700108,1000000
2024MU0006066,1,1841.43,36,2,2,1,10,73399,501,9000,4,5,1,1,1,2700109,1000000
2024MU0006067,1,1841.43,10,1,9,1,6,5357,44,0,0,6,1,5,1,2700102,1000000
2024MU0006068,1,1841.43,33,1,2,1,7,12697,105,7000,3,1,2,1,1,2700121,1000000
2024MU0006069,1,1841.43,17,2,2,1,10,19202,160,0,0,6,1,5,1,2700108,1000000
2024MU0006070,1,1841.43,40,1,5,1,8,12491,104,5000,3,1,1,1,1,2700117,1000000
2024MU0006071,1,1841.43,59,2,3,1,8,6742,56,5000,1,1,1,5,1,2700102,1000000
2024MU0006072,1,1841.43,24,2,3,1,14,88210,501,6000,6,1,1,5,1,2700106,1000000
2024MU0006073,1,1841.43,13,1,2,1,8,5925,49,0,0,6,1,5,1,2700115,1000000
2024MU0006074,1,1841.43,4,2,4,1,6,2139,17,0,0,6,1,5,1,2700109,1000000
2024MU0006075,1,1841.43,6,1,9,1,3,4462,37,0,0,6,1,5,1,2700106,1000000
2024MU0006076,1,1841.43,23,1,1,1,12,29612,246,4000,2,5,1,5,1,2700106,1000000
2024MU0006077,1,1841.43,33,2,3,1,12,34111,284,7000,6,1,1,1,1,2700104,1000000
2024MU0006078,1,1841.43,39,2,6,1,12,51318,427,7000,1,4,1,1,1,2700110,1000000
2024MU0006079,1,1841.43,27,2,3,1,11,15167,126,9000,3,1,1,5,1,2700106,1000000
2024MU0006080,1,1841.43,31,1,5,1,8,32248,268,5000,3,1,1,1,1,2700106,1000000
2024MU0006081,1,1841.43,20,2,8,1,10,10847,90,7000,1,1,1,1,1,2700122,1000000
2024MU0006082,1,1841.43,51,1,4,1,7,3686,30,5000,1,1,1,1,1,2700103,1000000
2024MU0006083,1,1841.43,51,2,3,1,9,30955,257,9000,1,1,1,5,2,2700121,1000000
2024MU0006084,1,1841.43,30,2,9,1,14,28316,235,6000,6,1,1,1,1,2700111,1000000
2024MU0006085,1,1841.43,84,2,6,1,11,2238,18,0,0,6,1,5,1,2700121,1000000
2024MU0006086,1,1841.43,40,2,5,1,9,39075,325,8000,3,1,1,1,1,2700101,1000000
2024MU0006087,1,1841.43,39,2,1,1,14,90045,501,9800,1,1,1,1,2,2700119,1000000
2024MU0006088,1,1841.43,4,2,1,1,9,10102,84,0,0,6,1,5,1,2700107,1000000
2024MU0006089,1,1841.43,51,2,3,1,11,59617,496,7000,3,1,1,3,1,2700111,1000000
2024MU0006090,1,1841.43,23,2,3,1,17,79376,501,3000,2,1,1,5,2,2700100,1000000
2024MU0006091,1,1841.43,15,2,1,1,19,47469,395,0,0,6,1,5,1,2700114,1000000
2024MU0006092,1,1841.43,20,2,1,1,14,6528,54,9800,1,4,1,5,1,2700107,1000000
2024MU0006093,1,1841.43,41,2,1,1,5,5745,47,7000,6,2,1,1,1,2700106,1000000
2024MU0006094,1,1841.43,13,1,4,1,9,20828,173,0,0,6,1,5,1,2700122,1000000
2024MU0006095,1,1841.43,29,1,7,1,11,48454,403,9000,4,5,1,1,1,2700105,1000000
2024MU0006096,1,1841.43,6,2,8,1,6,3207,26,0,0,6,1,5,1,2700104,1000000
2024MU0006097,1,1841.43,72,1,2,1,10,4402,36,6000,1,3,1,2,1,2700113,1000000
2024MU0006098,1,1841.43,8,2,2,1,4,5847,48,0,0,6,1,5,1,2700121,1000000
2024MU0006099,1,1841.43,31,1,2,1,11,23132,192,6000,3,1,1,1,1,2700100,1000000
2024MU0006100,1,1841.43,18,1,2,1,15,32284,269,4000,2,3,1,5,1,2700100,1000000
2024MU0006101,1,1841.43,52,2,3,1,7,3893,32,5000,1,1,1,2,2,2700110,1000000
2024MU0006102,1,1841.43,35,2,2,1,7,17256,143,9920,4,1,1,1,1,2700118,1000000
2024MU0006103,1,1841.43,22,1,1,1,15,72989,501,4000,3,1,2,5,1,2700104,1000000
2024MU0006104,1,1841.43,56,2,2,1,6,1943,16,5000,4,1,1,1,1,2700113,1000000
2024MU0006105,1,1841.43,44,2,1,1,8,58494,487,6000,1,1,1,1,1,2700114,1000000
2024MU0006106,1,1841.43,45,1,1,1,6,12354,102,9800,1,1,1,1,1,2700108,1000000
2024MU0006107,1,1841.43,85,1,2,1,9,15144,126,0,0,6,1,3,1,2700104,1000000
2024MU0006108,1,1841.43,0,1,1,1,7,6147,51,0,0,6,1,5,1,2700102,1000000
2024MU0006109,1,1841.43,24,1,2,1,15,76607,501,6000,1,1,1,5,1,2700120,1000000
2024MU0006110,1,1841.43,53,1,1,1,9,46853,390,7000,1,1,1,2,1,2700113,1000000
2024MU0006111,1,1841.43,42,1,3,1,20,134609,501,2000,3,1,1,1,1,2700110,1000000
2024MU0006112,1,1841.43,57,1,9,1,5,11923,99,8000,4,1,1,1,2,2700112,1000000
2024MU0006113,1,1841.43,50,2,2,1,8,2900,24,9800,1,1,1,2,1,2700101,1000000
2024MU0006114,1,1841.43,43,2,3,1,7,13255,110,6000,3,1,1,5,1,2700115,1000000
2024MU0006115,1,1841.43,11,2,8,1,4,12734,106,0,0,6,1,5,1,2700105,1000000
2024MU0006116,1,1841.43,49,1,2,1,7,4805,40,7000,1,1,1,1,2,2700110,1000000
2024MU0006117,1,1841.43,60,2,1,1,6,10091,84,8000,1,1,1,2,1,2700113,1000000
2024MU0006118,1,1841.43,27,2,1,1,8,1954,16,9920,1,1,1,5,1,2700109,1000000
2024MU0006119,1,1841.43,32,1,2,1,11,43821,365,7000,1,1,1,1,1,2700106,1000000
2024MU0006120,1,1841.43,24,2,3,1,14,40262,335,5000,1,1,1,5,1,2700100,1000000
2024MU0006121,1,1841.43,2,2,1,1,5,5446,45,0,0,6,1,5,1,2700122,1000000
2024MU0006122,1,1841.43,14,2,6,1,5,2476,20,0,0,6,1,5,1,2700107,1000000
2024MU0006123,1,1841.43,6,2,1,1,2,721,6,0,0,6,1,5,1,2700101,1000000
2024MU0006124,1,1841.43,19,1,8,1,18,14060,117,1000,1,1,1,5,1,2700102,1000000
2024MU0006125,1,1841.43,29,1,9,1,11,70009,501,4000,2,1,1,5,1,2700111,1000000
2024MU0006126,1,1841.43,29,1,9,1,7,21591,179,9920,1,1,1,5,1,2700102,1000000
2024MU0006127,1,1841.43,20,1,5,1,12,10219,85,9800,1,1,1,5,1,2700116,1000000
2024MU0006128,1,1841.43,58,1,1,1,12,40684,339,9000,4,1,1,1,1,2700107,1000000
2024MU0006129,1,1841.43,21,2,3,1,17,15985,133,4000,1,1,1,5,1,2700118,1000000
2024MU0006130,1,1841.43,10,1,1,1,5,11254,93,0,0,6,1,5,1,2700120,1000000
2024MU0006131,1,1841.43,80,2,8,1,6,3757,31,0,0,6,1,1,1,2700103,1000000
2024MU0006132,1,1841.43,40,2,1,1,9,59184,493,8000,4,1,5,1,1,2700110,1000000
2024MU0006133,1,1841.43,43,1,1,1,10,17202,143,5000,1,1,1,1,1,2700111,1000000
2024MU0006134,1,1841.43,49,1,8,1,13,38467,320,8000,3,4,1,1,1,2700104,1000000
2024MU0006135,1,1841.43,74,1,1,1,8,18135,151,9800,1,1,1,1,1,2700101,1000000
2024MU0006136,1,1841.43,1,2,1,1,3,1878,15,0,0,6,1,5,1,2700110,1000000
2024MU0006137,1,1841.43,2,2,2,1,1,7299,60,0,0,6,1,5,1,2700117,1000000
2024MU0006138,1,1841.43,14,1,3,1,2,1688,14,0,0,6,1,5,1,2700114,1000000
2024MU0006139,1,1841.43,77,2,3,1,9,9657,80,0,0,6,1,1,1,2700116,1000000
2024MU0006140,1,1841.43,30,2,3,1,7,15916,132,5000,3,4,1,5,1,2700120,1000000
2024MU0006141,1,1841.43,3,1,8,1,4,8719,72,0,0,6,1,5,1,2700104,1000000
2024MU0006142,1,1841.43,16,2,1,1,17,24763,206,0,0,6,1,5,1,2700118,1000000
2024MU0006143,1,1841.43,28,2,2,1,9,44795,373,6000,4,1,1,1,1,2700104,1000000
2024MU0006144,1,1841.43,27,1,3,1,13,64715,501,5000,1,5,1,1,1,2700107,1000000
2024MU0006145,1,1841.43,36,2,3,1,12,25400,211,6000,1,1,1,1,1,2700118,1000000
2024MU0006146,1,1841.43,50,1,2,1,9,12486,104,9000,3,1,1,1,1,2700111,1000000
2024MU0006147,1,1841.43,11,1,1,1,7,3015,25,0,0,6,1,5,2,2700103,1000000
2024MU0006148,1,1841.43,26,1,1,1,13,70828,501,6000,1,1,1,5,1,2700113,1000000
2024MU0006149,1,1841.43,4,2,1,1,4,2092,17,0,0,6,1,5,1,2700115,1000000
2024MU0006150,1,1841.43,16,2,1,1,18,54447,453,0,0,6,1,5,1,2700102,1000000
2024MU0006151,1,1841.43,13,1,1,1,6,3248,27,0,0,6,1,5,1,2700105,1000000
2024MU0006152,1,1841.43,12,1,2,1,6,16333,136,0,0,6,1,5,1,2700122,1000000
2024MU0006153,1,1841.43,45,1,1,1,10,209843,501,8000,1,1,1,1,1,2700122,1000000
2024MU0006154,1,1841.43,23,2,4,1,14,59807,498,9000,1,1,1,5,1,2700101,1000000
2024MU0006155,1,1841.43,38,1,7,1,9,13762,114,9800,1,1,1,1,1,2700122,1000000
2024MU0006156,1,1841.43,2,2,2,1,6,586,4,0,0,6,1,5,1,2700100,1000000
2024MU0006157,1,1841.43,3,2,2,1,2,4208,35,0,0,6,1,5,1,2700109,1000000
2024MU0006158,1,1841.43,21,2,9,1,18,51022,425,6000,1,1,1,5,1,2700112,1000000
2024MU0006159,1,1841.43,58,1,2,1,8,19946,166,8000,3,1,1,1,1,2700101,1000000
2024MU0006160,1,1841.43,29,1,9,1,12,17506,145,6000,1,1,1,1,1,2700117,1000000
2024MU0006161,1,1841.43,21,1,1,1,15,12142,101,3000,2,2,1,5,1,2700123,1000000
2024MU0006162,1,1841.43,9,2,6,1,5,8432,70,0,0,6,1,5,1,2700102,1000000
2024MU0006163,1,1841.43,47,2,2,1,11,160065,501,7000,4,2,1,1,1,2700104,1000000
2024MU0006164,1,1841.43,2,2,1,1,5,2344,19,0,0,6,1,5,1,2700103,1000000
2024MU0006165,1,1841.43,16,1,9,1,13,19412,161,0,0,6,1,5,1,2700104,1000000
2024MU0006166,1,1841.43,31,2,9,1,6,128626,501,5000,6,5,1,1,1,2700106,1000000
2024MU0006167,1,1841.43,0,1,2,1,7,3443,28,0,0,6,1,5,1,2700114,1000000
2024MU0006168,1,1841.43,13,1,9,1,7,3499,29,0,0,6,2,5,1,2700113,1000000
2024MU0006169,1,1841.43,16,2,1,1,12,16120,134,0,0,6,1,5,1,2700108,1000000
2024MU0006170,1,1841.43,44,1,3,1,8,12769,106,9920,1,1,1,1,1,2700113,1000000
2024MU0006171,1,1841.43,45,2,1,1,7,46803,390,7000,3,1,1,1,1,2700117,1000000
2024MU0006172,1,1841.43,34,2,1,1,17,92959,501,6000,3,1,1,1,1,2700107,1000000
2024MU0006173,1,1841.43,40,2,4,1,7,15638,130,9800,4,1,1,1,1,2700111,1000000
2024MU0006174,1,1841.43,15,1,2,1,12,3969,33,0,0,6,1,5,2,2700109,1000000
2024MU0006175,1,1841.43,18,1,1,1,12,9238,76,9800,4,1,1,1,1,2700121,1000000
2024MU0006176,1,1841.43,25,1,2,1,13,14350,119,9800,4,1,1,1,1,2700123,1000000
2024MU0006177,1,1841.43,15,1,1,1,18,36448,303,0,0,6,1,5,1,2700123,1000000
2024MU0006178,1,1841.43,1,2,3,1,4,1058,8,0,0,6,1,5,1,2700108,1000000
2024MU0006179,1,1841.43,11,2,1,1,2,8777,73,0,0,6,1,5,1,2700121,1000000
2024MU0006180,1,1841.43,20,1,6,1,16,17559,146,1000,1,1,1,1,1,2700122,1000000
2024MU0006181,1,1841.43,44,2,1,1,7,66811,501,9800,1,1,1,1,1,2700101,1000000
2024MU0006182,1,1841.43,39,2,2,1,6,47998,399,6000,1,1,1,1,1,2700115,1000000
2024MU0006183,1,1841.43,13,1,1,1,7,6152,51,0,0,6,2,5,1,2700111,1000000
2024MU0006184,1,1841.43,20,1,3,1,18,11769,98,6000,3,1,1,1,1,2700116,1000000
2024MU0006185,1,1841.43,25,1,1,1,18,54183,451,5000,1,1,1,1,1,2700103,1000000
2024MU0006186,1,1841.43,1,2,2,1,4,1956,16,0,0,6,1,5,1,2700116,1000000
2024MU0006187,1,1841.43,26,1,1,1,9,16933,141,3000,1,1,1,1,2,2700103,1000000
2024MU0006188,1,1841.43,5,2,8,1,6,14149,117,0,0,6,1,5,1,2700100,1000000
2024MU0006189,1,1841.43,22,1,1,1,12,26108,217,9800,6,1,1,1,1,2700100,1000000
2024MU0006190,1,1841.43,54,2,5,1,7,7892,65,6000,6,1,1,2,1,2700113,1000000
2024MU0006191,1,1841.43,20,1,1,1,13,6454,53,6000,1,1,1,5,1,2700103,1000000
2024MU0006192,1,1841.43,30,2,1,1,18,86096,501,4000,3,5,1,1,1,2700102,1000000
2024MU0006193,1,1841.43,36,2,1,1,13,63269,501,9800,6,1,1,2,1,2700100,1000000
2024MU0006194,1,1841.43,24,1,1,1,12,9301,77,9800,3,1,1,5,1,2700118,1000000
2024MU0006195,1,1841.43,9,2,2,1,1,4335,36,0,0,6,1,5,1,2700123,1000000
2024MU0006196,1,1841.43,12,2,9,1,7,5624,46,0,0,6,1,5,1,2700117,1000000
2024MU0006197,1,1841.43,48,2,1,1,12,12933,107,7000,1,1,1,1,1,2700121,1000000
2024MU0006198,1,1841.43,42,1,2,1,11,16156,134,6000,6,1,1,2,1,2700111,1000000
2024MU0006199,1,1841.43,6,1,2,1,2,3857,32,0,0,6,1,5,1,2700103,1000000
2024MU0006200,1,1841.43,34,2,1,1,11,119492,501,6000,1,1,1,1,2,2700101,1000000
2024MU0006201,1,1841.43,48,2,1,1,10,101136,501,6000,4,2,1,1,1,2700113,1000000
2024MU0006202,1,1841.43,24,1,8,1,19,117315,501,1000,1,1,1,5,1,2700101,1000000
2024MU0006203,1,1841.43,7,2,1,1,2,12375,103,0,0,6,1,5,1,2700123,1000000
2024MU0006204,1,1841.43,37,1,4,1,11,34842,290,8000,3,1,1,1,1,2700109,1000000
2024MU0006205,1,1841.43,21,2,1,1,12,8658,72,7000,1,1,1,5,1,2700100,1000000
2024MU0006206,1,1841.43,0,1,2,1,4,4320,36,0,0,6,1,5,1,2700112,1000000
2024MU0006207,1,1841.43,49,1,2,1,7,31378,261,9800,3,1,1,5,1,2700123,1000000
2024MU0006208,1,1841.43,35,1,1,1,15,82200,501,1000,3,1,1,1,1,2700101,1000000
2024MU0006209,1,1841.43,7,1,1,1,3,2914,24,0,0,6,1,5,1,2700104,1000000
2024MU0006210,1,1841.43,4,1,1,1,4,1476,12,0,0,6,1,5,1,2700101,1000000
2024MU0006211,1,1841.43,17,2,1,1,14,13929,116,0,0,6,1,5,1,2700100,1000000
2024MU0006212,1,1841.43,27,1,5,1,15,138255,501,4000,1,1,1,5,1,2700119,1000000
2024MU0006213,1,1841.43,17,1,1,1,17,53787,448,0,0,6,2,5,1,2700112,1000000
2024MU0006214,1,1841.43,50,2,3,1,5,4477,37,6000,3,1,1,1,1,2700117,1000000
2024MU0006215,1,1841.43,3,1,1,1,1,2950,24,0,0,6,1,5,1,2700107,1000000
2024MU0006216,1,1841.43,17,1,8,1,15,62524,501,0,0,6,1,5,2,2700100,1000000
2024MU0006217,1,1841.43,46,2,2,1,9,51268,427,7000,4,1,1,5,1,2700108,1000000
2024MU0006218,1,1841.43,10,2,1,1,3,4118,34,0,0,6,1,5,1,2700105,1000000
2024MU0006219,1,1841.43,54,2,9,1,12,36584,304,7000,6,1,1,1,1,2700118,1000000
2024MU0006220,1,1841.43,2,1,1,1,2,6180,51,0,0,6,1,5,1,2700107,1000000
2024MU0006221,1,1841.43,54,2,3,1,18,117189,501,4000,3,4,1,1,1,2700107,1000000
2024MU0006222,1,1841.43,16,2,3,1,10,7282,60,0,0,6,1,5,1,2700118,1000000
2024MU0006223,1,1841.43,52,1,2,1,6,27033,225,6000,3,4,1,5,1,2700123,1000000
2024MU0006224,1,1841.43,24,2,9,1,13,12516,104,9000,4,1,1,1,1,2700116,1000000
2024MU0006225,1,1841.43,6,2,6,1,5,11541,96,0,0,6,1,5,1,2700118,1000000
2024MU0006226,1,1841.43,19,1,5,1,13,5818,48,7000,1,1,1,5,1,2700106,1000000
2024MU0006227,1,1841.43,17,1,9,1,17,41141,342,0,0,6,1,5,1,2700107,1000000
2024MU0006228,1,1841.43,36,2,2,1,9,38831,323,5000,1,3,1,1,1,2700118,1000000
2024MU0006229,1,1841.43,19,1,1,1,10,7805,65,7000,1,1,1,5,1,2700101,1000000
2024MU0006230,1,1841.43,22,1,4,1,18,178331,501,4000,1,1,2,5,1,2700120,1000000
2024MU0006231,1,1841.43,69,1,2,1,12,30542,254,3000,1,2,1,1,1,2700107,1000000
2024MU0006232,1,1841.43,37,1,1,1,12,41816,348,5000,3,1,1,1,1,2700113,1000000
2024MU0006233,1,1841.43,39,1,2,1,14,147848,501,5000,1,3,1,1,1,2700101,1000000
2024MU0006234,1,1841.43,51,2,8,1,6,29254,243,6000,1,1,1,1,1,2700120,1000000
2024MU0006235,1,1841.43,31,1,1,1,9,24797,206,5000,1,2,2,1,1,2700117,1000000
2024MU0006236,1,1841.43,23,2,6,1,14,5970,49,6000,1,1,1,5,1,2700115,1000000
2024MU0006237,1,1841.43,25,1,2,1,18,84201,501,3000,3,1,5,1,1,2700107,1000000
2024MU0006238,1,1841.43,22,1,1,1,15,181127,501,6000,3,1,1,5,2,2700117,1000000
2024MU0006239,1,1841.43,28,1,6,1,5,17420,145,6000,3,1,1,1,1,2700106,1000000
2024MU0006240,1,1841.43,11,1,9,1,4,14117,117,0,0,6,1,5,1,2700109,1000000
2024MU0006241,1,1841.43,11,1,1,1,1,2483,20,0,0,6,1,5,1,2700118,1000000
2024MU0006242,1,1841.43,17,2,1,1,13,10036,83,0,0,6,1,5,2,2700109,1000000
2024MU0006243,1,1841.43,27,2,2,1,10,27222,226,6000,1,1,1,5,1,2700115,1000000
2024MU0006244,1,1841.43,40,1,5,1,8,19444,162,6000,3,1,2,1,1,2700120,1000000
2024MU0006245,1,1841.43,4,1,1,1,1,7405,61,0,0,6,1,5,1,2700112,1000000
2024MU0006246,1,1841.43,16,1,1,1,12,34155,284,0,0,6,1,5,1,2700104,1000000
2024MU0006247,1,1841.43,89,2,3,1,8,29173,243,0,0,6,1,1,1,2700119,1000000
2024MU0006248,1,1841.43,33,2,2,1,13,139933,501,9800,3,1,2,1,1,2700121,1000000
2024MU0006249,1,1841.43,21,1,1,1,14,17402,145,7000,1,1,1,5,2,2700116,1000000
2024MU0006250,1,1841.43,33,1,7,1,13,34295,285,8000,6,1,1,1,1,2700110,1000000
2024MU0006251,1,1841.43,18,2,8,1,12,12761,106,9000,6,1,1,1,2,2700123,1000000
2024MU0006252,1,1841.43,2,1,9,1,2,6769,56,0,0,6,1,5,1,2700100,1000000
2024MU0006253,1,1841.43,16,1,1,1,18,32114,267,0,0,6,1,5,1,2700112,1000000
2024MU0006254,1,1841.43,29,1,8,1,9,15324,127,6000,6,1,1,1,1,2700100,1000000
2024MU0006255,1,1841.43,24,2,3,1,14,21019,175,9800,1,1,1,5,1,2700106,1000000
2024MU0006256,1,1841.43,17,2,1,1,20,92046,501,0,0,6,1,5,1,2700105,1000000
2024MU0006257,1,1841.43,27,2,3,1,10,24448,203,5000,4,1,1,1,1,2700112,1000000
2024MU0006258,1,1841.43,28,2,1,1,5,10896,90,7000,1,1,1,1,1,2700121,1000000
2024MU0006259,1,1841.43,17,1,3,1,19,57343,477,0,0,6,1,5,1,2700113,1000000
2024MU0006260,1,1841.43,48,1,3,1,5,7852,65,5000,4,1,1,1,1,2700107,1000000
2024MU0006261,1,1841.43,40,1,4,1,11,38655,322,9000,6,1,1,1,1,2700102,1000000
2024MU0006262,1,1841.43,29,2,1,1,9,21086,175,5000,1,2,1,1,1,2700104,1000000
2024MU0006263,1,1841.43,49,2,3,1,9,26850,223,7000,1,1,1,3,1,2700115,1000000
2024MU0006264,1,1841.43,22,1,1,1,15,41851,348,2000,1,1,1,5,1,2700111,1000000
2024MU0006265,1,1841.43,57,1,9,1,9,33846,282,7000,4,1,1,1,1,2700107,1000000
2024MU0006266,1,1841.43,28,1,3,1,14,44782,373,6000,3,1,1,5,1,2700119,1000000
2024MU0006267,1,1841.43,69,2,1,1,12,39785,331,9800,3,1,1,1,1,2700122,1000000
2024MU0006268,1,1841.43,28,1,1,1,6,3503,29,5000,4,1,1,1,1,2700103,1000000
2024MU0006269,1,1841.43,8,1,3,1,7,14489,120,0,0,6,1,5,1,2700116,1000000
2024MU0006270,1,1841.43,37,1,2,1,7,20265,168,9000,4,2,1,1,1,2700122,1000000
2024MU0006271,1,1841.43,1,1,3,1,1,1626,13,0,0,6,1,5,1,2700104,1000000
2024MU0006272,1,1841.43,19,2,1,1,20,48736,406,3000,3,1,1,5,1,2700109,1000000
2024MU0006273,1,1841.43,36,2,3,1,11,11709,97,9800,1,2,1,5,2,2700103,1000000
2024MU0006274,1,1841.43,10,2,1,1,2,1095,9,0,0,6,1,5,1,2700106,1000000
2024MU0006275,1,1841.43,57,2,2,1,10,121175,501,9800,1,1,1,1,1,2700101,1000000
2024MU0006276,1,1841.43,16,2,9,1,13,6677,55,0,0,6,1,5,1,2700108,1000000
2024MU0006277,1,1841.43,37,2,3,1,11,63458,501,9800,6,2,1,1,1,2700120,1000000
2024MU0006278,1,1841.43,9,1,1,1,5,3666,30,0,0,6,1,5,1,2700118,1000000
2024MU0006279,1,1841.43,22,2,9,1,18,79821,501,3000,1,5,1,5,1,2700106,1000000
2024MU0006280,1,1841.43,5,1,1,1,1,5380,44,0,0,6,1,5,1,2700101,1000000
2024MU0006281,1,1841.43,3,2,3,1,3,756,6,0,0,6,1,5,1,2700100,1000000
2024MU0006282,1,1841.43,2,1,2,1,1,11508,95,0,0,6,1,5,1,2700109,1000000
2024MU0006283,1,1841.43,58,1,1,1,5,12345,102,6000,1,1,1,1,1,2700120,1000000
2024MU0006284,1,1841.43,47,2,1,1,16,87531,501,4000,3,1,1,1,2,2700120,1000000
2024MU0006285,1,1841.43,36,2,1,1,17,156862,501,4000,2,1,1,1,1,2700122,1000000
2024MU0006286,1,1841.43,23,1,6,1,17,51235,426,4000,1,1,2,5,1,2700117,1000000
2024MU0006287,1,1841.43,28,1,7,1,12,33610,280,9000,1,1,1,1,1,2700105,1000000
2024MU0006288,1,1841.43,35,2,2,1,15,107267,501,1000,3,1,1,1,1,2700116,1000000
2024MU0006289,1,1841.43,11,2,1,1,1,7078,58,0,0,6,1,5,1,2700113,1000000
2024MU0006290,1,1841.43,19,1,8,1,12,9379,78,3000,1,1,1,5,2,2700116,1000000
2024MU0006291,1,1841.43,24,2,2,1,14,14126,117,9000,1,1,1,1,1,2700114,1000000
2024MU0006292,1,1841.43,28,1,2,1,15,98150,501,6000,6,1,1,1,1,2700107,1000000
2024MU0006293,1,1841.43,27,1,2,1,11,24038,200,9000,1,1,1,1,1,2700116,1000000
2024MU0006294,1,1841.43,71,2,2,1,8,1556,12,5000,3,2,1,2,1,2700120,1000000
2024MU0006295,1,1841.43,18,1,2,1,13,12511,104,9800,3,3,1,1,1,2700118,1000000
2024MU0006296,1,1841.43,24,1,3,1,16,57204,476,4000,1,1,1,5,1,2700104,1000000
2024MU0006297,1,1841.43,33,1,2,1,16,145768,501,5000,3,1,2,1,1,2700118,1000000
2024MU0006298,1,1841.43,78,1,8,1,6,3370,28,0,0,6,1,2,1,2700105,1000000
2024MU0006299,1,1841.43,0,1,1,1,5,1526,12,0,0,6,1,5,1,2700100,1000000
2024MU0006300,1,1841.43,8,1,3,1,3,10302,85,0,0,6,5,5,1,2700107,1000000
2024MU0006301,1,1841.43,38,1,1,1,14,78631,501,5000,4,1,1,1,2,2700100,1000000
2024MU0006302,1,1841.43,8,1,4,1,4,3986,33,0,0,6,1,5,2,2700106,1000000
2024MU0006303,1,1841.43,100,1,1,1,6,9481,79,0,0,6,1,3,1,2700102,1000000
2024MU0006304,1,1841.43,40,1,1,1,9,76850,501,7000,1,1,1,2,1,2700107,1000000
2024MU0006305,1,1841.43,6,2,5,1,1,3975,33,0,0,6,1,5,1,2700106,1000000
2024MU0006306,1,1841.43,4,2,1,1,7,1524,12,0,0,6,1,5,1,2700112,1000000
2024MU0006307,1,1841.43,94,1,3,1,12,22392,186,0,0,6,1,1,1,2700120,1000000
2024MU0006308,1,1841.43,15,2,9,1,15,54033,450,0,0,6,1,5,1,2700116,1000000
2024MU0006309,1,1841.43,23,2,2,1,13,44006,366,6000,3,1,1,5,1,2700102,1000000
2024MU0006310,1,1841.43,7,2,1,1,6,4202,35,0,0,6,1,5,1,2700115,1000000
2024MU0006311,1,1841.43,59,1,1,1,9,53944,449,9800,1,1,1,1,1,2700122,1000000
2024MU0006312,1,1841.43,28,2,5,1,8,8939,74,7000,3,1,1,5,1,2700110,1000000
2024MU0006313,1,1841.43,95,1,2,1,5,15401,128,0,0,6,1,1,1,2700120,1000000
2024MU0006314,1,1841.43,26,1,3,1,16,177223,501,5000,4,1,1,1,1,2700101,1000000
2024MU0006315,1,1841.43,3,1,4,1,6,1420,11,0,0,6,1,5,1,2700122,1000000
2024MU0006316,1,1841.43,87,1,2,1,10,39656,330,0,0,6,1,5,1,2700112,1000000
2024MU0006317,1,1841.43,8,1,4,1,4,24001,200,0,0,6,1,5,1,2700109,1000000
2024MU0006318,1,1841.43,10,2,1,1,6,6102,50,0,0,6,1,5,2,2700113,1000000
2024MU0006319,1,1841.43,0,2,2,1,5,8804,73,0,0,6,1,5,1,2700122,1000000
2024MU0006320,1,1841.43,8,1,3,1,4,2388,19,0,0,6,1,5,1,2700108,1000000
2024MU0006321,1,1841.43,31,1,1,1,15,87561,501,4000,1,2,1,1,2,2700118,1000000
2024MU0006322,1,1841.43,8,1,1,1,9,9408,78,0,0,6,1,5,1,2700102,1000000
2024MU0006323,1,1841.43,20,1,3,1,19,48766,406,1000,3,5,1,5,1,2700121,1000000
2024MU0006324,1,1841.43,56,2,3,1,12,14497,120,7000,1,4,1,2,1,2700122,1000000
2024MU0006325,1,1841.43,44,2,2,1,11,38617,321,7000,1,1,1,5,1,2700118,1000000
2024MU0006326,1,1841.43,0,2,4,1,6,7825,65,0,0,6,1,5,1,2700111,1000000
2024MU0006327,1,1841.43,58,2,2,1,13,14632,121,9000,1,1,1,5,1,2700122,1000000
2024MU0006328,1,1841.43,73,1,8,1,7,7709,64,6000,4,1,1,1,1,2700113,1000000
2024MU0006329,1,1841.43,23,1,3,1,12,32233,268,9800,1,1,1,5,1,2700103,1000000
2024MU0006330,1,1841.43,51,1,1,1,12,29409,245,8000,3,1,1,1,1,2700115,1000000
2024MU0006331,1,1841.43,27,1,2,1,16,106379,501,1000,1,4,1,1,1,2700109,1000000
2024MU0006332,1,1841.43,95,2,3,1,6,9218,76,0,0,6,1,1,1,2700102,1000000
2024MU0006333,1,1841.43,31,1,8,1,14,33577,279,9000,6,1,1,1,1,2700109,1000000
2024MU0006334,1,1841.43,25,1,1,1,9,61051,501,9800,4,1,1,1,2,2700121,1000000
2024MU0006335,1,1841.43,19,2,2,1,19,78931,501,3000,1,3,1,1,1,2700103,1000000
2024MU0006336,1,1841.43,41,2,1,1,11,131105,501,6000,3,4,1,1,1,2700114,1000000
2024MU0006337,1,1841.43,9,1,1,1,5,3800,31,0,0,6,1,5,1,2700119,1000000
2024MU0006338,1,1841.43,18,2,3,1,17,24415,203,4000,2,1,1,5,1,2700102,1000000
2024MU0006339,1,1841.43,42,1,1,1,12,37661,313,5000,6,1,1,1,1,2700116,1000000
2024MU0006340,1,1841.43,43,1,3,1,14,99423,501,8000,4,1,1,5,1,2700111,1000000
2024MU0006341,1,1841.43,29,1,8,1,16,72231,501,4000,1,1,1,1,1,2700104,1000000
2024MU0006342,1,1841.43,18,1,9,1,11,10246,85,3000,3,1,1,1,1,2700116,1000000
2024MU0006343,1,1841.43,54,2,1,1,6,64137,501,6000,1,1,1,1,1,2700107,1000000
2024MU0006344,1,1841.43,30,1,3,1,15,52872,440,3000,1,1,1,5,1,2700113,1000000
2024MU0006345,1,1841.43,37,2,8,1,17,146739,501,4000,2,1,1,1,1,2700114,1000000
2024MU0006346,1,1841.43,11,2,1,1,3,3815,31,0,0,6,1,5,1,2700107,1000000
2024MU0006347,1,1841.43,9,1,2,1,1,3279,27,0,0,6,1,5,1,2700122,1000000
2024MU0006348,1,1841.43,48,2,8,1,8,7477,62,6000,1,1,1,1,1,2700116,1000000
2024MU0006349,1,1841.43,0,1,1,1,4,2356,19,0,0,6,1,5,1,2700119,1000000
2024MU0006350,1,1841.43,53,1,9,1,12,27291,227,9800,6,1,1,1,1,2700112,1000000
2024MU0006351,1,1841.43,32,2,2,1,5,23835,198,9000,1,1,1,5,1,2700105,1000000
2024MU0006352,1,1841.43,58,2,1,1,7,26422,220,9800,1,1,1,1,1,2700100,1000000
2024MU0006353,1,1841.43,19,1,2,1,18,10185,84,4000,1,1,1,5,1,2700113,1000000
2024MU0006354,1,1841.43,41,2,1,1,6,6130,51,5000,4,3,1,1,1,2700109,1000000
2024MU0006355,1,1841.43,15,1,1,1,17,41141,342,0,0,6,1,5,1,2700117,1000000
2024MU0006356,1,1841.43,6,2,2,1,4,6646,55,0,0,6,1,5,1,2700117,1000000
2024MU0006357,1,1841.43,31,1,2,1,13,15642,130,5000,1,2,1,1,1,2700105,1000000
2024MU0006358,1,1841.43,8,1,2,1,1,8066,67,0,0,6,1,5,1,2700116,1000000
2024MU0006359,1,1841.43,71,1,1,1,6,6605,55,9800,1,1,1,1,1,2700103,1000000
2024MU0006360,1,1841.43,44,1,5,1,9,73516,501,8000,1,2,1,1,1,2700116,1000000
2024MU0006361,1,1841.43,80,2,2,1,11,10002,83,0,0,6,1,5,1,2700101,1000000
2024MU0006362,1,1841.43,7,2,5,1,5,1318,10,0,0,6,1,5,1,2700103,1000000
2024MU0006363,1,1841.43,21,1,5,1,10,8777,73,7000,1,1,1,5,1,2700116,1000000
2024MU0006364,1,1841.43,4,1,1,1,7,3244,27,0,0,6,1,5,1,2700123,1000000
2024MU0006365,1,1841.43,23,1,1,1,11,23219,193,6000,3,2,1,5,1,2700114,1000000
2024MU0006366,1,1841.43,39,1,8,1,17,93732,501,1000,1,2,1,5,1,2700103,1000000
2024MU0006367,1,1841.43,38,2,4,1,8,62108,501,9800,1,1,1,1,1,2700100,1000000
2024MU0006368,1,1841.43,34,2,1,1,11,13259,110,3000,1,1,1,1,1,2700119,1000000
2024MU0006369,1,1841.43,12,2,3,1,1,2038,16,0,0,6,1,5,1,2700120,1000000
2024MU0006370,1,1841.43,25,1,1,1,12,21673,180,4000,2,1,1,1,1,2700107,1000000
2024MU0006371,1,1841.43,16,1,1,1,15,30043,250,0,0,6,1,5,1,2700108,1000000
2024MU0006372,1,1841.43,35,2,2,1,10,71684,501,6000,1,1,2,1,1,2700109,1000000
2024MU0006373,1,1841.43,1,2,1,1,1,8008,66,0,0,6,1,5,1,2700111,1000000
2024MU0006374,1,1841.43,21,2,9,1,18,56496,470,4000,1,1,1,5,1,2700106,1000000
2024MU0006375,1,1841.43,9,1,8,1,7,5891,49,0,0,6,1,5,1,2700104,1000000
2024MU0006376,1,1841.43,37,1,3,1,12,12981,108,9800,1,1,1,1,1,2700121,1000000
2024MU0006377,1,1841.43,30,2,1,1,12,13592,113,4000,3,5,1,5,2,2700107,1000000
2024MU0006378,1,1841.43,50,2,1,1,11,81072,501,7000,1,1,1,1,1,2700117,1000000
2024MU0006379,1,1841.43,19,2,2,1,12,23245,193,8000,4,2,1,5,1,2700112,1000000
2024MU0006380,1,1841.43,2,1,2,1,8,6666,55,0,0,6,1,5,1,2700108,1000000
2024MU0006381,1,1841.43,39,2,1,1,9,24541,204,9800,4,5,1,1,1,2700104,1000000
2024MU0006382,1,1841.43,21,1,3,1,16,24404,203,5000,6,5,1,5,1,2700109,1000000
2024MU0006383,1,1841.43,6,2,2,1,5,2912,24,0,0,6,1,5,1,2700106,1000000
2024MU0006384,1,1841.43,11,2,9,1,5,1765,14,0,0,6,1,5,1,2700115,1000000
2024MU0006385,1,1841.43,1,2,9,1,7,4930,41,0,0,6,1,5,1,2700101,1000000
2024MU0006386,1,1841.43,46,2,3,1,7,89921,501,9800,4,1,1,1,1,2700109,1000000
2024MU0006387,1,1841.43,42,1,3,1,11,30803,256,7000,1,1,1,3,1,2700123,1000000
2024MU0006388,1,1841.43,38,1,1,1,12,108019,501,6000,1,1,1,1,1,2700109,1000000
2024MU0006389,1,1841.43,8,1,1,1,1,1973,16,0,0,6,1,5,1,2700112,1000000
2024MU0006390,1,1841.43,3,1,8,1,4,1172,9,0,0,6,1,5,1,2700101,1000000
2024MU0006391,1,1841.43,28,2,3,1,15,142821,501,4000,1,3,1,5,1,2700104,1000000
2024MU0006392,1,1841.43,4,1,1,1,3,3364,28,0,0,6,1,5,1,2700103,1000000
2024MU0006393,1,1841.43,50,2,3,1,9,88421,501,9800,4,1,1,1,1,2700121,1000000
2024MU0006394,1,1841.43,75,1,9,1,7,21667,180,8000,1,1,1,2,1,2700110,1000000
2024MU0006395,1,1841.43,37,2,1,1,12,35862,298,8000,4,1,1,1,1,2700113,1000000
2024MU0006396,1,1841.43,5,2,1,1,7,11736,97,0,0,6,1,5,1,2700122,1000000
2024MU0006397,1,1841.43,43,1,9,1,6,7954,66,6000,1,1,1,5,1,2700119,1000000
2024MU0006398,1,1841.43,16,1,2,1,15,17343,144,0,0,6,1,5,1,2700123,1000000
2024MU0006399,1,1841.43,26,1,2,1,10,61540,501,7000,4,1,1,1,1,2700114,1000000
2024MU0006400,1,1841.43,10,2,1,1,3,1161,9,0,0,6,1,5,1,2700104,1000000
2024MU0006401,1,1841.43,57,2,8,1,15,98623,501,4000,2,1,1,2,1,2700111,1000000
2024MU0006402,1,1841.43,52,1,6,1,5,36305,302,9800,1,1,1,1,1,2700122,1000000
2024MU0006403,1,1841.43,23,2,2,1,12,73028,501,7000,4,1,1,5,1,2700123,1000000
2024MU0006404,1,1841.43,32,1,1,1,13,32191,268,5000,1,2,1,1,1,2700120,1000000
2024MU0006405,1,1841.43,31,2,2,1,9,88325,501,7000,4,1,1,1,1,2700116,1000000
2024MU0006406,1,1841.43,100,1,1,1,9,8273,68,0,0,6,1,2,1,2700101,1000000
2024MU0006407,1,1841.43,33,2,1,1,15,79371,501,3000,3,1,1,1,1,2700123,1000000
2024MU0006408,1,1841.43,45,2,2,1,7,19276,160,5000,6,1,1,1,1,2700101,1000000
2024MU0006409,1,1841.43,77,2,1,1,5,9036,75,0,0,6,2,1,1,2700121,1000000
2024MU0006410,1,1841.43,14,1,9,1,2,1733,14,0,0,6,1,5,1,2700116,1000000
2024MU0006411,1,1841.43,24,1,1,1,12,106985,501,9800,1,1,2,5,1,2700120,1000000
2024MU0006412,1,1841.43,27,2,2,1,9,7805,65,4000,1,1,1,1,1,2700100,1000000
2024MU0006413,1,1841.43,12,1,1,1,7,4185,34,0,0,6,1,5,2,2700104,1000000
2024MU0006414,1,1841.43,41,1,3,1,12,49983,416,8000,4,4,1,1,1,2700112,1000000
2024MU0006415,1,1841.43,7,2,1,1,1,990,8,0,0,6,1,5,1,2700116,1000000
2024MU0006416,1,1841.43,57,1,2,1,13,91756,501,9800,4,1,1,1,1,2700110,1000000
2024MU0006417,1,1841.43,29,1,4,1,6,5910,49,5000,1,2,1,1,1,2700119,1000000
2024MU0006418,1,1841.43,18,2,9,1,16,31416,261,3000,2,1,1,5,1,2700119,1000000
2024MU0006419,1,1841.43,26,1,3,1,7,13895,115,9800,1,1,1,1,1,2700111,1000000
2024MU0006420,1,1841.43,23,1,1,1,11,10497,87,4000,2,2,1,5,2,2700119,1000000
2024MU0006421,1,1841.43,24,2,1,1,17,41505,345,6000,4,1,1,5,1,2700106,1000000
2024MU0006422,1,1841.43,39,2,3,1,11,130149,501,3000,2,1,1,1,1,2700123,1000000
2024MU0006423,1,1841.43,26,1,1,1,12,27743,231,9800,1,1,1,1,1,2700104,1000000
2024MU0006424,1,1841.43,25,2,2,1,10,4398,36,4000,3,1,1,1,1,2700110,1000000
2024MU0006425,1,1841.43,42,2,9,1,5,12591,104,9920,1,2,1,5,1,2700108,1000000
2024MU0006426,1,1841.43,53,1,5,1,11,35488,295,9800,1,2,5,1,1,2700110,1000000
2024MU0006427,1,1841.43,12,1,6,1,7,4776,39,0,0,6,1,5,1,2700105,1000000
2024MU0006428,1,1841.43,55,1,6,1,5,2699,22,8000,1,1,1,1,1,2700120,1000000
2024MU0006429,1,1841.43,16,2,3,1,14,10673,88,0,0,6,1,5,1,2700117,1000000
2024MU0006430,1,1841.43,11,2,3,1,5,2058,17,0,0,6,1,5,1,2700114,1000000
2024MU0006431,1,1841.43,42,1,2,1,10,50870,423,9000,1,4,1,1,1,2700116,1000000
2024MU0006432,1,1841.43,31,2,9,1,12,62115,501,4000,1,1,1,1,1,2700123,1000000
2024MU0006433,1,1841.43,34,2,1,1,13,57659,480,5000,4,2,1,1,1,2700111,1000000
2024MU0006434,1,1841.43,24,1,3,1,20,320886,501,3000,2,1,1,5,1,2700118,1000000
2024MU0006435,1,1841.43,61,2,1,1,7,77068,501,8000,3,1,1,1,1,2700104,1000000
2024MU0006436,1,1841.43,100,1,1,1,8,2697,22,0,0,6,1,1,2,2700104,1000000
2024MU0006437,1,1841.43,18,2,3,1,17,23549,196,6000,4,2,1,5,1,2700106,1000000
2024MU0006438,1,1841.43,16,2,2,1,16,46252,385,0,0,6,1,5,1,2700103,1000000
2024MU0006439,1,1841.43,59,2,3,1,8,12071,100,8000,6,1,1,5,1,2700100,1000000
2024MU0006440,1,1841.43,32,2,3,1,12,6479,53,8000,1,1,1,1,1,2700116,1000000
2024MU0006441,1,1841.43,18,2,2,1,16,26383,219,5000,1,1,1,1,1,2700110,1000000
2024MU0006442,1,1841.43,35,2,1,1,12,103385,501,9800,4,1,1,5,1,2700103,1000000
2024MU0006443,1,1841.43,47,2,2,1,7,5252,43,9800,3,1,1,1,1,2700117,1000000
2024MU0006444,1,1841.43,32,2,5,1,11,50851,423,9800,1,1,1,1,1,2700110,1000000
2024MU0006445,1,1841.43,28,2,1,1,16,25145,209,1000,2,1,1,1,1,2700117,1000000
2024MU0006446,1,1841.43,43,1,2,1,13,80124,501,5000,4,5,1,1,1,2700117,1000000
2024MU0006447,1,1841.43,2,2,2,1,6,4862,40,0,0,6,1,5,1,2700103,1000000
2024MU0006448,1,1841.43,24,2,6,1,17,56162,468,6000,6,1,1,5,1,2700100,1000000
2024MU0006449,1,1841.43,20,2,3,1,12,8131,67,9000,3,1,1,5,1,2700104,1000000
2024MU0006450,1,1841.43,0,2,1,1,4,1208,10,0,0,6,1,5,1,2700123,1000000
2024MU0006451,1,1841.43,8,1,6,1,2,8974,74,0,0,6,1,5,1,2700117,1000000
2024MU0006452,1,1841.43,96,1,5,1,10,10376,86,0,0,6,1,1,1,2700116,1000000
2024MU0006453,1,1841.43,21,1,4,1,13,15463,128,6000,3,1,1,5,1,2700120,1000000
2024MU0006454,1,1841.43,18,2,2,1,17,16628,138,6000,4,1,1,1,1,2700101,1000000
2024MU0006455,1,1841.43,13,2,4,1,7,23266,193,0,0,6,1,5,1,2700103,1000000
2024MU0006456,1,1841.43,32,2,2,1,16,301981,501,6000,1,1,1,1,1,2700119,1000000
2024MU0006457,1,1841.43,53,1,3,1,12,155068,501,4000,2,1,1,3,1,2700118,1000000
2024MU0006458,1,1841.43,78,2,8,1,8,38533,321,0,0,6,1,1,1,2700121,1000000
2024MU0006459,1,1841.43,38,2,8,1,12,27949,232,9800,3,1,1,5,1,2700117,1000000
2024MU0006460,1,1841.43,48,2,2,1,8,7903,65,9800,1,1,1,1,1,2700110,1000000
2024MU0006461,1,1841.43,43,1,6,1,6,81083,501,6000,3,1,1,1,2,2700112,1000000
2024MU0006462,1,1841.43,25,2,1,1,7,9547,79,9000,1,1,1,1,1,2700114,1000000
2024MU0006463,1,1841.43,37,2,1,1,8,31222,260,9920,3,5,1,1,1,2700110,1000000
2024MU0006464,1,1841.43,5,2,2,1,8,2439,20,0,0,6,1,5,1,2700100,1000000
2024MU0006465,1,1841.43,28,2,3,1,7,6591,54,9000,1,1,1,1,1,2700116,1000000
2024MU0006466,1,1841.43,24,2,1,1,17,129940,501,6000,1,2,1,1,1,2700122,1000000
2024MU0006467,1,1841.43,36,1,2,1,8,3315,27,5000,1,1,1,1,1,2700110,1000000
2024MU0006468,1,1841.43,52,1,1,1,18,157929,501,5000,1,1,1,1,1,2700109,1000000
2024MU0006469,1,1841.43,10,2,3,1,4,6097,50,0,0,6,1,5,1,2700111,1000000
2024MU0006470,1,1841.43,8,1,6,1,4,2622,21,0,0,6,1,5,1,2700120,1000000
2024MU0006471,1,1841.43,26,1,3,1,10,29548,246,5000,1,1,1,1,1,2700120,1000000
2024MU0006472,1,1841.43,35,1,2,1,14,49460,412,4000,1,1,1,1,1,2700114,1000000
2024MU0006473,1,1841.43,27,2,9,1,8,12919,107,8000,1,2,1,1,1,2700122,1000000
2024MU0006474,1,1841.43,61,2,3,1,10,58870,490,9000,4,1,2,2,1,2700104,1000000
2024MU0006475,1,1841.43,45,1,5,1,11,24632,205,7000,6,1,1,1,1,2700108,1000000
2024MU0006476,1,1841.43,78,2,3,1,6,57816,481,0,0,6,1,2,1,2700112,1000000
2024MU0006477,1,1841.43,45,2,9,1,5,13600,113,9920,3,1,1,5,1,2700105,1000000
2024MU0006478,1,1841.43,42,1,5,1,12,39768,331,8000,1,2,1,1,1,2700100,1000000
2024MU0006479,1,1841.43,12,1,2,1,3,18992,158,0,0,6,1,5,1,2700107,1000000
2024MU0006480,1,1841.43,60,2,2,1,11,10093,84,5000,3,1,1,1,1,2700123,1000000
2024MU0006481,1,1841.43,9,2,3,1,2,18834,156,0,0,6,1,5,1,2700122,1000000
2024MU0006482,1,1841.43,40,1,3,1,10,46524,387,9800,1,1,2,1,1,2700114,1000000
2024MU0006483,1,1841.43,37,1,3,1,13,30067,250,5000,6,2,1,1,1,2700104,1000000
2024MU0006484,1,1841.43,21,1,1,1,16,15126,126,5000,4,1,1,1,1,2700121,1000000
2024MU0006485,1,1841.43,33,1,2,1,9,17924,149,5000,1,1,1,1,1,2700104,1000000
2024MU0006486,1,1841.43,57,1,3,1,13,28587,238,9800,1,1,1,1,1,2700116,1000000
2024MU0006487,1,1841.43,19,2,5,1,17,34989,291,3000,2,3,1,5,1,2700117,1000000
2024MU0006488,1,1841.43,18,2,4,1,15,43024,358,4000,1,2,1,5,1,2700112,1000000
2024MU0006489,1,1841.43,16,2,1,1,16,34739,289,0,0,6,2,5,1,2700121,1000000
2024MU0006490,1,1841.43,28,1,1,1,12,20327,169,7000,1,2,1,5,1,2700106,1000000
2024MU0006491,1,1841.43,31,2,1,1,17,264614,501,2000,2,1,1,1,1,2700100,1000000
2024MU0006492,1,1841.43,49,1,1,1,14,283221,501,7000,1,1,1,1,1,2700123,1000000
2024MU0006493,1,1841.43,26,1,1,1,8,35332,294,5000,4,1,1,5,1,2700121,1000000
2024MU0006494,1,1841.43,1,2,4,1,3,3006,25,0,0,6,1,5,1,2700115,1000000
2024MU0006495,1,1841.43,14,2,8,1,9,15482,129,0,0,6,1,5,1,2700104,1000000
2024MU0006496,1,1841.43,20,1,2,1,13,16193,134,9800,6,1,1,5,1,2700115,1000000
2024MU0006497,1,1841.43,48,2,3,1,16,310061,501,6000,1,1,1,1,1,2700102,1000000
2024MU0006498,1,1841.43,29,2,3,1,12,22928,191,9800,1,1,1,5,1,2700120,1000000
2024MU0006499,1,1841.43,57,2,9,1,5,6173,51,7000,6,1,1,5,1,2700120,1000000
2024MU0006500,1,1841.43,50,2,8,1,8,33093,275,5000,1,1,1,1,1,2700110,1000000
2024MU0006501,1,1841.43,3,2,1,1,4,5547,46,0,0,6,1,5,1,2700108,1000000
2024MU0006502,1,1841.43,98,2,1,1,10,8355,69,0,0,6,1,2,2,2700123,1000000
2024MU0006503,1,1841.43,10,2,1,1,3,7047,58,0,0,6,1,5,2,2700111,1000000
2024MU0006504,1,1841.43,44,1,3,1,8,69767,501,5000,1,1,1,1,1,2700114,1000000
2024MU0006505,1,1841.43,75,1,3,1,12,11172,93,7000,4,1,1,1,1,2700122,1000000
2024MU0006506,1,1841.43,44,2,1,1,5,7859,65,9000,1,5,1,1,1,2700110,1000000
2024MU0006507,1,1841.43,44,2,6,1,10,44505,370,9800,1,1,1,1,1,2700112,1000000
2024MU0006508,1,1841.43,13,1,2,1,5,6906,57,0,0,6,1,5,1,2700122,1000000
2024MU0006509,1,1841.43,0,2,9,1,1,3774,31,0,0,6,1,5,1,2700105,1000000
2024MU0006510,1,1841.43,17,1,1,1,11,24103,200,0,0,6,1,5,1,2700113,1000000
2024MU0006511,1,1841.43,7,2,1,1,4,4937,41,0,0,6,1,5,1,2700104,1000000
2024MU0006512,1,1841.43,26,1,1,1,7,24008,200,8000,1,1,1,5,1,2700118,1000000
2024MU0006513,1,1841.43,25,1,1,1,11,17540,146,9800,6,1,5,1,1,2700115,1000000
2024MU0006514,1,1841.43,45,2,4,1,10,18451,153,7000,4,1,1,1,1,2700112,1000000
2024MU0006515,1,1841.43,29,1,1,1,13,22898,190,8000,3,1,1,1,1,2700113,1000000
2024MU0006516,1,1841.43,30,1,3,1,11,16980,141,5000,1,1,1,5,1,2700103,1000000
2024MU0006517,1,1841.43,16,1,1,1,14,14509,120,0,0,6,1,5,1,2700105,1000000
2024MU0006518,1,1841.43,93,1,1,1,5,1330,11,0,0,6,1,1,1,2700106,1000000
2024MU0006519,1,1841.43,21,2,6,1,13,7935,66,6000,1,1,1,5,2,2700117,1000000
2024MU0006520,1,1841.43,20,2,9,1,14,8918,74,8000,6,1,1,5,2,2700118,1000000
2024MU0006521,1,1841.43,29,1,2,1,17,42145,351,4000,2,1,1,1,1,2700106,1000000
2024MU0006522,1,1841.43,23,2,9,1,12,23444,195,6000,1,1,1,5,1,2700109,1000000
2024MU0006523,1,1841.43,31,2,3,1,10,43709,364,5000,6,4,1,1,1,2700122,1000000
2024MU0006524,1,1841.43,0,2,2,1,6,11063,92,0,0,6,1,5,1,2700123,1000000
2024MU0006525,1,1841.43,43,2,5,1,11,21032,175,6000,6,1,1,1,1,2700116,1000000
2024MU0006526,1,1841.43,40,2,1,1,17,146784,501,1000,2,1,1,1,1,2700100,1000000
2024MU0006527,1,1841.43,31,1,1,1,8,25007,208,8000,6,1,1,1,1,2700105,1000000
2024MU0006528,1,1841.43,1,1,3,1,1,3940,32,0,0,6,1,5,1,2700111,1000000
2024MU0006529,1,1841.43,40,1,2,1,8,10763,89,6000,1,1,5,3,1,2700116,1000000
2024MU0006530,1,1841.43,7,2,1,1,2,1611,13,0,0,6,1,5,1,2700116,1000000
2024MU0006531,1,1841.43,1,2,1,1,5,18304,152,0,0,6,1,5,1,2700104,1000000
2024MU0006532,1,1841.43,6,2,4,1,7,4247,35,0,0,6,1,5,1,2700116,1000000
2024MU0006533,1,1841.43,40,2,3,1,11,34941,291,6000,4,1,1,1,1,2700113,1000000
2024MU0006534,1,1841.43,12,1,2,1,2,21878,182,0,0,6,1,5,1,2700120,1000000
2024MU0006535,1,1841.43,1,2,8,1,2,4787,39,0,0,6,1,5,1,2700103,1000000
2024MU0006536,1,1841.43,50,1,2,1,15,454111,501,4000,1,1,1,1,1,2700121,1000000
2024MU0006537,1,1841.43,36,1,3,1,11,16169,134,7000,3,1,1,1,1,2700123,1000000
2024MU0006538,1,1841.43,7,1,8,1,8,3315,27,0,0,6,1,5,1,2700104,1000000
2024MU0006539,1,1841.43,33,2,6,1,13,16702,139,7000,6,1,1,1,1,2700107,1000000
2024MU0006540,1,1841.43,11,1,2,1,9,10002,83,0,0,6,1,5,2,2700105,1000000
2024MU0006541,1,1841.43,13,2,3,1,7,3620,30,0,0,6,1,5,1,2700107,1000000
2024MU0006542,1,1841.43,58,1,2,1,9,26354,219,7000,3,3,1,1,1,2700104,1000000
2024MU0006543,1,1841.43,37,1,3,1,14,45253,377,7000,4,1,1,1,1,2700123,1000000
2024MU0006544,1,1841.43,27,2,1,1,11,21814,181,9800,1,4,1,1,1,2700121,1000000
2024MU0006545,1,1841.43,21,2,2,1,13,10084,84,7000,3,1,1,5,1,2700113,1000000
2024MU0006546,1,1841.43,57,1,1,1,7,7298,60,8000,1,1,1,5,1,2700119,1000000
2024MU0006547,1,1841.43,43,1,1,1,8,50847,423,9920,1,2,1,1,1,2700100,1000000
2024MU0006548,1,1841.43,46,2,3,1,6,6603,55,5000,3,1,1,1,1,2700116,1000000
2024MU0006549,1,1841.43,23,1,6,1,12,33708,280,9000,3,3,1,5,1,2700102,1000000
2024MU0006550,1,1841.43,49,2,1,1,9,18910,157,7000,1,1,2,1,1,2700104,1000000
2024MU0006551,1,1841.43,59,1,1,1,16,59816,498,6000,3,1,1,4,1,2700119,1000000
2024MU0006552,1,1841.43,18,1,2,1,15,19131,159,4000,2,2,1,5,1,2700107,1000000
2024MU0006553,1,1841.43,26,1,3,1,10,26492,220,6000,3,1,1,1,1,2700107,1000000
2024MU0006554,1,1841.43,26,2,1,1,8,12298,102,6000,1,1,1,1,1,2700117,1000000
2024MU0006555,1,1841.43,17,2,1,1,12,5020,41,0,0,6,1,5,1,2700120,1000000
2024MU0006556,1,1841.43,53,1,2,1,11,27188,226,9800,3,1,1,1,1,2700105,1000000
2024MU0006557,1,1841.43,27,2,5,1,15,43571,363,5000,3,1,1,1,1,2700108,1000000
2024MU0006558,1,1841.43,41,2,1,1,8,7002,58,5000,3,4,1,1,1,2700111,1000000
2024MU0006559,1,1841.43,20,2,1,1,15,58463,487,5000,4,1,1,5,1,2700117,1000000
2024MU0006560,1,1841.43,59,1,3,1,11,13706,114,3000,1,1,1,5,1,2700119,1000000
2024MU0006561,1,1841.43,44,1,1,1,5,17018,141,5000,6,1,1,2,1,2700122,1000000
2024MU0006562,1,1841.43,22,2,1,1,14,95368,501,7000,6,1,1,5,1,2700109,1000000
2024MU0006563,1,1841.43,16,1,2,1,17,61066,501,0,0,6,1,5,1,2700123,1000000
2024MU0006564,1,1841.43,8,1,9,1,6,5632,46,0,0,6,1,5,1,2700112,1000000
2024MU0006565,1,1841.43,20,2,1,1,11,10771,89,7000,4,1,1,5,1,2700108,1000000
2024MU0006566,1,1841.43,17,1,2,1,13,18245,152,0,0,6,1,5,1,2700101,1000000
2024MU0006567,1,1841.43,1,1,2,1,6,5385,44,0,0,6,1,5,1,2700122,1000000
2024MU0006568,1,1841.43,40,1,8,1,7,50032,416,9800,1,1,1,1,1,2700104,1000000
2024MU0006569,1,1841.43,37,2,1,1,14,39684,330,8000,1,1,1,1,1,2700100,1000000
2024MU0006570,1,1841.43,21,1,3,1,10,21956,182,9800,4,1,1,1,1,2700100,1000000
2024MU0006571,1,1841.43,30,2,6,1,8,12354,102,9920,1,1,1,5,1,2700123,1000000
2024MU0006572,1,1841.43,22,2,9,1,13,109349,501,6000,1,1,1,1,1,2700104,1000000
2024MU0006573,1,1841.43,17,1,3,1,19,55000,458,0,0,6,1,5,1,2700111,1000000
2024MU0006574,1,1841.43,48,1,2,1,12,14031,116,9800,6,1,1,1,1,2700108,1000000
2024MU0006575,1,1841.43,8,1,2,1,7,4264,35,0,0,6,1,5,1,2700117,1000000
2024MU0006576,1,1841.43,1,2,2,1,4,7388,61,0,0,6,1,5,1,2700103,1000000
2024MU0006577,1,1841.43,0,1,3,1,7,14749,122,0,0,6,1,5,1,2700109,1000000
2024MU0006578,1,1841.43,7,2,3,1,7,1806,15,0,0,6,1,5,1,2700121,1000000
2024MU0006579,1,1841.43,4,1,5,1,4,992,8,0,0,6,1,5,1,2700121,1000000
2024MU0006580,1,1841.43,49,1,2,1,20,305797,501,4000,1,1,2,1,1,2700105,1000000
2024MU0006581,1,1841.43,86,1,3,1,11,25157,209,0,0,6,1,1,1,2700120,1000000
2024MU0006582,1,1841.43,2,2,8,1,9,4057,33,0,0,6,1,5,1,2700106,1000000
2024MU0006583,1,1841.43,40,1,8,1,13,34599,288,9800,1,1,1,1,1,2700106,1000000
2024MU0006584,1,1841.43,3,1,3,1,6,3191,26,0,0,6,1,5,1,2700104,1000000
2024MU0006585,1,1841.43,49,2,3,1,16,194112,501,1000,3,1,1,1,1,2700102,1000000
2024MU0006586,1,1841.43,67,2,2,1,7,4797,39,9920,4,1,1,4,1,2700114,1000000
2024MU0006587,1,1841.43,51,2,1,1,12,26772,223,4000,1,1,1,2,1,2700108,1000000
2024MU0006588,1,1841.43,42,2,1,1,7,17571,146,8000,1,1,1,1,1,2700115,1000000
2024MU0006589,1,1841.43,36,2,2,1,13,16608,138,6000,3,1,1,1,1,2700122,1000000
2024MU0006590,1,1841.43,59,1,1,1,12,137385,501,9800,4,1,1,1,1,2700117,1000000
2024MU0006591,1,1841.43,1,1,3,1,6,8461,70,0,0,6,1,5,1,2700118,1000000
2024MU0006592,1,1841.43,58,2,3,1,13,22219,185,6000,4,3,1,5,1,2700111,1000000
2024MU0006593,1,1841.43,50,1,2,1,9,16608,138,7000,1,1,1,1,1,2700113,1000000
2024MU0006594,1,1841.43,18,2,1,1,15,15865,132,5000,3,1,1,1,1,2700112,1000000
2024MU0006595,1,1841.43,31,1,1,1,5,25635,213,5000,3,1,1,5,1,2700103,1000000
2024MU0006596,1,1841.43,24,1,1,1,12,14322,119,7000,4,1,1,5,1,2700120,1000000
2024MU0006597,1,1841.43,37,1,1,1,12,36599,304,7000,3,1,1,1,1,2700116,1000000
2024MU0006598,1,1841.43,52,1,9,1,10,11119,92,7000,1,1,1,1,1,2700119,1000000
2024MU0006599,1,1841.43,12,2,1,1,2,6179,51,0,0,6,1,5,1,2700108,1000000
2024MU0006600,1,1841.43,15,1,1,1,13,16336,136,0,0,6,1,5,1,2700108,1000000
2024MU0006601,1,1841.43,57,1,1,1,8,11525,96,5000,1,4,1,2,1,2700101,1000000
2024MU0006602,1,1841.43,18,2,3,1,17,33261,277,1000,2,2,1,5,1,2700111,1000000
2024MU0006603,1,1841.43,19,1,3,1,16,47737,397,3000,2,1,1,5,1,2700117,1000000
2024MU0006604,1,1841.43,44,2,1,1,5,18318,152,9920,1,1,1,1,1,2700117,1000000
2024MU0006605,1,1841.43,20,2,8,1,17,47312,394,4000,1,3,1,5,1,2700121,1000000
2024MU0006606,1,1841.43,78,2,5,1,6,2624,21,0,0,6,1,1,1,2700104,1000000
2024MU0006607,1,1841.43,22,2,1,1,16,99118,501,4000,1,1,1,5,1,2700114,1000000
2024MU0006608,1,1841.43,55,1,2,1,6,15595,129,7000,1,1,5,1,1,2700110,1000000
2024MU0006609,1,1841.43,24,2,2,1,20,290061,501,4000,1,1,1,5,1,2700114,1000000
2024MU0006610,1,1841.43,11,2,1,1,1,4106,34,0,0,6,1,5,1,2700117,1000000
2024MU0006611,1,1841.43,17,2,5,1,17,27934,232,0,0,6,1,5,1,2700122,1000000
2024MU0006612,1,1841.43,29,1,1,1,11,19670,163,6000,4,1,1,1,1,2700112,1000000
2024MU0006613,1,1841.43,9,2,2,1,1,13213,110,0,0,6,1,5,1,2700114,1000000
2024MU0006614,1,1841.43,57,2,2,1,5,2028,16,5000,3,1,1,1,1,2700101,1000000
2024MU0006615,1,1841.43,46,2,2,1,8,24131,201,7000,6,1,1,1,1,2700101,1000000
2024MU0006616,1,1841.43,30,1,6,1,14,42961,358,9000,4,1,1,1,1,2700120,1000000
2024MU0006617,1,1841.43,56,1,1,1,5,11534,96,9920,3,1,1,1,1,2700122,1000000
2024MU0006618,1,1841.43,26,2,1,1,13,23070,192,4000,1,1,1,1,1,2700116,1000000
2024MU0006619,1,1841.43,36,1,3,1,12,41907,349,9800,4,1,1,2,1,2700103,1000000
2024MU0006620,1,1841.43,35,1,1,1,9,60919,501,4000,1,1,1,1,1,2700108,1000000
2024MU0006621,1,1841.43,6,2,1,1,1,2121,17,0,0,6,1,5,1,2700115,1000000
2024MU0006622,1,1841.43,3,1,2,1,8,4465,37,0,0,6,1,5,1,2700100,1000000
2024MU0006623,1,1841.43,15,1,1,1,13,13926,116,0,0,6,1,5,1,2700106,1000000
2024MU0006624,1,1841.43,40,1,2,1,6,7475,62,6000,1,3,1,1,1,2700120,1000000
2024MU0006625,1,1841.43,47,1,1,1,11,62008,501,3000,1,1,1,1,1,2700102,1000000
2024MU0006626,1,1841.43,96,1,1,1,6,8901,74,0,0,6,1,3,1,2700120,1000000
2024MU0006627,1,1841.43,24,1,3,1,15,48897,407,6000,1,1,1,1,1,2700111,1000000
2024MU0006628,1,1841.43,28,1,1,1,6,4131,34,9800,1,1,1,1,1,2700104,1000000
2024MU0006629,1,1841.43,24,2,9,1,20,105958,501,3000,1,1,1,5,1,2700102,1000000
2024MU0006630,1,1841.43,39,2,1,1,10,47910,399,6000,1,1,1,3,1,2700111,1000000
2024MU0006631,1,1841.43,10,1,3,1,9,10330,86,0,0,6,1,5,1,2700109,1000000
2024MU0006632,1,1841.43,10,1,5,1,4,12224,101,0,0,6,1,5,1,2700113,1000000
2024MU0006633,1,1841.43,39,1,1,1,9,33702,280,8000,3,1,1,1,1,2700117,1000000
2024MU0006634,1,1841.43,35,2,3,1,16,69484,501,1000,2,1,1,1,1,2700116,1000000
2024MU0006635,1,1841.43,24,2,5,1,14,46017,383,5000,3,1,1,5,1,2700123,1000000
2024MU0006636,1,1841.43,76,1,1,1,7,3049,25,0,0,6,1,1,1,2700111,1000000
2024MU0006637,1,1841.43,38,1,9,1,6,8515,70,9800,1,1,1,1,1,2700110,1000000
2024MU0006638,1,1841.43,8,2,1,1,9,6320,52,0,0,6,1,5,1,2700118,1000000
2024MU0006639,1,1841.43,35,2,1,1,6,1457,12,6000,1,2,1,1,1,2700117,1000000
2024MU0006640,1,1841.43,13,1,4,1,6,6307,52,0,0,6,1,5,1,2700116,1000000
2024MU0006641,1,1841.43,36,2,1,1,11,84145,501,9000,1,1,1,1,1,2700122,1000000
2024MU0006642,1,1841.43,20,2,3,1,11,20696,172,5000,3,1,1,1,1,2700106,1000000
2024MU0006643,1,1841.43,59,2,6,1,5,60375,501,5000,4,3,1,5,1,2700119,1000000
2024MU0006644,1,1841.43,31,1,9,1,17,292593,501,6000,1,2,1,5,1,2700120,1000000
2024MU0006645,1,1841.43,51,2,2,1,11,28745,239,9800,1,2,1,1,1,2700113,1000000
2024MU0006646,1,1841.43,56,1,9,1,11,78941,501,8000,1,1,1,1,1,2700111,1000000
2024MU0006647,1,1841.43,5,2,2,1,4,3706,30,0,0,6,1,5,1,2700115,1000000
2024MU0006648,1,1841.43,55,2,1,1,7,9501,79,7000,1,1,1,1,1,2700111,1000000
2024MU0006649,1,1841.43,47,1,2,1,11,25678,213,7000,1,1,1,1,1,2700100,1000000
2024MU0006650,1,1841.43,24,2,3,1,16,67257,501,4000,1,1,1,5,2,2700113,1000000
2024MU0006651,1,1841.43,28,1,2,1,13,36575,304,9000,1,1,1,1,1,2700113,1000000
2024MU0006652,1,1841.43,2,1,3,1,4,14199,118,0,0,6,1,5,1,2700113,1000000
2024MU0006653,1,1841.43,14,1,2,1,9,18143,151,0,0,6,1,5,1,2700118,1000000
2024MU0006654,1,1841.43,41,1,2,1,5,8649,72,9800,6,1,1,1,1,2700100,1000000
2024MU0006655,1,1841.43,68,1,9,1,5,2897,24,9800,4,2,1,1,1,2700109,1000000
2024MU0006656,1,1841.43,45,2,2,1,15,166616,501,4000,2,4,1,1,1,2700116,1000000
2024MU0006657,1,1841.43,22,1,1,1,16,135710,501,6000,4,1,1,1,1,2700112,1000000
2024MU0006658,1,1841.43,31,1,4,1,9,102904,501,5000,1,1,1,1,1,2700122,1000000
2024MU0006659,1,1841.43,34,1,1,1,14,36105,300,3000,1,1,1,1,1,2700112,1000000
2024MU0006660,1,1841.43,36,1,5,1,10,60534,501,8000,1,2,1,1,1,2700120,1000000
2024MU0006661,1,1841.43,19,1,1,1,10,19833,165,5000,3,1,1,5,1,2700103,1000000
2024MU0006662,1,1841.43,28,1,1,1,12,11283,94,7000,4,1,1,1,1,2700119,1000000
2024MU0006663,1,1841.43,20,1,1,1,13,13232,110,9000,1,1,1,1,1,2700103,1000000
2024MU0006664,1,1841.43,6,1,1,1,2,8262,68,0,0,6,1,5,1,2700108,1000000
2024MU0006665,1,1841.43,0,2,3,1,3,6029,50,0,0,6,1,5,1,2700105,1000000
2024MU0006666,1,1841.43,14,2,2,1,4,3757,31,0,0,6,1,5,2,2700115,1000000
2024MU0006667,1,1841.43,31,1,7,1,5,129350,501,7000,1,1,1,1,1,2700109,1000000
2024MU0006668,1,1841.43,39,1,2,1,16,377238,501,1000,3,1,1,1,1,2700121,1000000
2024MU0006669,1,1841.43,28,2,1,1,11,29244,243,9800,1,1,2,1,1,2700116,1000000
2024MU0006670,1,1841.43,44,1,3,1,7,13774,114,5000,3,1,2,1,1,2700106,1000000
2024MU0006671,1,1841.43,8,2,3,1,6,7018,58,0,0,6,1,5,1,2700107,1000000
2024MU0006672,1,1841.43,20,1,4,1,18,28609,238,6000,3,4,1,1,1,2700101,1000000
2024MU0006673,1,1841.43,51,1,3,1,10,88440,501,4000,1,1,1,4,1,2700103,1000000
2024MU0006674,1,1841.43,50,2,1,1,7,4847,40,9800,4,3,1,1,1,2700120,1000000
2024MU0006675,1,1841.43,38,2,3,1,7,13223,110,9920,1,5,1,1,1,2700122,1000000
2024MU0006676,1,1841.43,9,1,2,1,7,6934,57,0,0,6,1,5,1,2700118,1000000
2024MU0006677,1,1841.43,45,1,2,1,7,35786,298,9920,1,1,1,1,1,2700115,1000000
2024MU0006678,1,1841.43,22,1,8,1,10,10303,85,9800,6,1,1,5,1,2700123,1000000
2024MU0006679,1,1841.43,7,2,2,1,5,1868,15,0,0,6,1,5,1,2700101,1000000
2024MU0006680,1,1841.43,16,2,3,1,12,3369,28,0,0,6,1,5,1,2700110,1000000
2024MU0006681,1,1841.43,30,1,2,1,20,154157,501,4000,1,1,1,1,1,2700104,1000000
2024MU0006682,1,1841.43,40,1,1,1,13,17823,148,7000,1,1,1,1,1,2700119,1000000
2024MU0006683,1,1841.43,38,1,2,1,12,63558,501,7000,1,1,1,1,1,2700113,1000000
2024MU0006684,1,1841.43,17,1,3,1,18,33976,283,0,0,6,1,5,1,2700120,1000000
2024MU0006685,1,1841.43,35,1,2,1,11,39129,326,8000,1,1,1,1,1,2700111,1000000
2024MU0006686,1,1841.43,20,2,2,1,17,30082,250,6000,1,1,1,5,1,2700119,1000000
2024MU0006687,1,1841.43,6,1,5,1,5,10419,86,0,0,6,1,5,1,2700105,1000000
2024MU0006688,1,1841.43,52,1,1,1,5,5803,48,9800,1,1,1,1,1,2700114,1000000
2024MU0006689,1,1841.43,2,2,1,1,8,855,7,0,0,6,1,5,1,2700109,1000000
2024MU0006690,1,1841.43,45,1,5,1,13,71659,501,9000,3,1,1,1,1,2700120,1000000
2024MU0006691,1,1841.43,24,1,8,1,20,130793,501,3000,1,1,1,5,1,2700115,1000000
2024MU0006692,1,1841.43,58,1,2,1,11,17802,148,8000,4,1,1,1,1,2700110,1000000
2024MU0006693,1,1841.43,26,1,8,1,10,42815,356,9800,1,1,1,1,1,2700115,1000000
2024MU0006694,1,1841.43,14,2,1,1,3,830,6,0,0,6,1,5,1,2700119,1000000
2024MU0006695,1,1841.43,53,2,1,1,6,6727,56,5000,4,1,1,2,1,2700113,1000000
2024MU0006696,1,1841.43,11,1,6,1,2,592,4,0,0,6,1,5,1,2700120,1000000
2024MU0006697,1,1841.43,94,1,8,1,6,8218,68,0,0,6,1,1,1,2700115,1000000
2024MU0006698,1,1841.43,12,1,1,1,5,14114,117,0,0,6,1,5,1,2700101,1000000
2024MU0006699,1,1841.43,2,2,1,1,6,2533,21,0,0,6,1,5,2,2700109,1000000
2024MU0006700,1,1841.43,30,1,1,1,9,25040,208,5000,1,1,1,1,1,2700101,1000000
2024MU0006701,1,1841.43,54,1,1,1,9,126650,501,9800,1,1,1,3,1,2700104,1000000
2024MU0006702,1,1841.43,23,1,4,1,14,45074,375,7000,1,1,1,5,1,2700107,1000000
2024MU0006703,1,1841.43,29,1,2,1,13,153762,501,7000,4,1,1,5,1,2700108,1000000
2024MU0006704,1,1841.43,13,2,2,1,9,12192,101,0,0,6,1,5,1,2700116,1000000
2024MU0006705,1,1841.43,4,2,3,1,6,4804,40,0,0,6,1,5,1,2700118,1000000
2024MU0006706,1,1841.43,51,2,8,1,5,42440,353,9920,1,1,1,1,1,2700115,1000000
2024MU0006707,1,1841.43,53,1,1,1,9,32727,272,9800,1,1,1,1,1,2700109,1000000
2024MU0006708,1,1841.43,49,2,3,1,12,51811,431,5000,1,3,1,1,1,2700123,1000000
2024MU0006709,1,1841.43,33,2,8,1,11,8001,66,5000,3,1,1,5,1,2700101,1000000
2024MU0006710,1,1841.43,47,2,1,1,16,336026,501,5000,6,1,1,1,1,2700109,1000000
2024MU0006711,1,1841.43,22,1,5,1,11,38195,318,9000,1,1,1,5,1,2700107,1000000
2024MU0006712,1,1841.43,22,2,3,1,13,26948,224,5000,3,2,1,5,1,2700110,1000000
2024MU0006713,1,1841.43,15,1,1,1,13,20561,171,0,0,6,1,5,1,2700100,1000000
2024MU0006714,1,1841.43,93,2,1,1,10,7941,66,0,0,6,2,3,1,2700121,1000000
2024MU0006715,1,1841.43,16,1,3,1,15,21273,177,0,0,6,1,5,1,2700121,1000000
2024MU0006716,1,1841.43,20,2,2,1,12,16048,133,9800,1,1,1,5,1,2700108,1000000
2024MU0006717,1,1841.43,7,2,2,1,3,4151,34,0,0,6,1,5,1,2700120,1000000
2024MU0006718,1,1841.43,14,1,1,1,5,5729,47,0,0,6,1,5,1,2700107,1000000
2024MU0006719,1,1841.43,42,1,3,1,20,270215,501,3000,3,1,1,1,1,2700111,1000000
2024MU0006720,1,1841.43,3,1,1,1,4,6637,55,0,0,6,1,5,1,2700115,1000000
2024MU0006721,1,1841.43,18,1,2,1,12,4321,36,7000,4,1,2,5,1,2700110,1000000
2024MU0006722,1,1841.43,46,1,2,1,9,106619,501,9800,1,1,1,1,1,2700122,1000000
2024MU0006723,1,1841.43,21,1,3,1,13,7764,64,7000,1,1,1,5,1,2700122,1000000
2024MU0006724,1,1841.43,25,2,1,1,12,30250,252,5000,1,2,1,1,1,2700100,1000000
2024MU0006725,1,1841.43,36,1,1,1,11,28617,238,6000,3,1,1,1,1,2700123,1000000
2024MU0006726,1,1841.43,18,2,1,1,17,24923,207,3000,1,1,1,5,1,2700105,1000000
2024MU0006727,1,1841.43,34,2,1,1,16,135914,501,6000,3,1,1,1,1,2700113,1000000
2024MU0006728,1,1841.43,50,2,1,1,7,24055,200,6000,3,4,1,2,1,2700101,1000000
2024MU0006729,1,1841.43,25,2,3,1,15,135617,501,4000,1,4,1,1,1,2700118,1000000
2024MU0006730,1,1841.43,46,1,3,1,16,153557,501,5000,3,1,1,1,1,2700122,1000000
2024MU0006731,1,1841.43,18,2,3,1,14,7179,59,6000,6,1,1,1,1,2700120,1000000
2024MU0006732,1,1841.43,12,1,2,1,2,5386,44,0,0,6,1,5,1,2700115,1000000
2024MU0006733,1,1841.43,73,2,1,1,10,21483,179,9000,1,1,1,1,1,2700101,1000000
2024MU0006734,1,1841.43,16,2,9,1,17,30683,255,0,0,6,1,5,1,2700100,1000000
2024MU0006735,1,1841.43,37,2,1,1,8,24580,204,6000,4,1,1,2,1,2700117,1000000
2024MU0006736,1,1841.43,21,1,3,1,14,4460,37,5000,1,1,1,5,1,2700111,1000000
2024MU0006737,1,1841.43,18,2,8,1,15,8776,73,6000,1,1,1,5,1,2700121,1000000
2024MU0006738,1,1841.43,24,2,3,1,12,66826,501,6000,6,4,1,1,1,2700108,1000000
2024MU0006739,1,1841.43,35,2,1,1,13,39749,331,9000,3,1,1,1,1,2700101,1000000
2024MU0006740,1,1841.43,67,1,1,1,9,24294,202,9800,3,1,1,1,1,2700122,1000000
2024MU0006741,1,1841.43,21,2,1,1,18,17597,146,3000,1,4,1,5,1,2700104,1000000
2024MU0006742,1,1841.43,22,1,3,1,15,168415,501,4000,1,1,1,5,1,2700117,1000000
2024MU0006743,1,1841.43,74,2,3,1,8,8838,73,9800,1,1,1,1,1,2700121,1000000
2024MU0006744,1,1841.43,77,2,3,1,8,5786,48,0,0,6,1,2,1,2700119,1000000
2024MU0006745,1,1841.43,32,1,1,1,9,53229,443,8000,3,4,1,1,1,2700103,1000000
2024MU0006746,1,1841.43,53,1,5,1,12,10730,89,6000,3,1,1,1,1,2700104,1000000
2024MU0006747,1,1841.43,24,2,3,1,16,98788,501,5000,1,1,1,5,1,2700116,1000000
2024MU0006748,1,1841.43,27,1,1,1,15,192712,501,6000,1,1,1,1,1,2700104,1000000
2024MU0006749,1,1841.43,5,1,1,1,6,5157,42,0,0,6,1,5,2,2700117,1000000
2024MU0006750,1,1841.43,8,2,3,1,5,4651,38,0,0,6,1,5,1,2700107,1000000
2024MU0006751,1,1841.43,19,2,2,1,12,8726,72,5000,3,3,1,5,1,2700121,1000000
2024MU0006752,1,1841.43,23,2,1,1,19,273275,501,1000,3,1,1,1,1,2700109,1000000
2024MU0006753,1,1841.43,7,1,1,1,4,10730,89,0,0,6,1,5,1,2700122,1000000
2024MU0006754,1,1841.43,6,1,4,1,9,8051,67,0,0,6,1,5,1,2700114,1000000
2024MU0006755,1,1841.43,99,2,1,1,7,8899,74,0,0,6,1,1,1,2700114,1000000
2024MU0006756,1,1841.43,21,2,1,1,12,12817,106,6000,3,1,1,1,1,2700110,1000000
2024MU0006757,1,1841.43,13,2,5,1,7,5527,46,0,0,6,1,5,1,2700118,1000000
2024MU0006758,1,1841.43,44,2,3,1,12,25372,211,8000,3,1,2,1,1,2700122,1000000
2024MU0006759,1,1841.43,53,1,3,1,12,80817,501,9800,4,1,1,1,1,2700106,1000000
2024MU0006760,1,1841.43,2,1,2,1,1,6299,52,0,0,6,1,5,1,2700113,1000000
2024MU0006761,1,1841.43,24,2,3,1,18,162478,501,6000,1,1,1,5,1,2700112,1000000
2024MU0006762,1,1841.43,26,2,3,1,12,13307,110,5000,1,1,1,1,1,2700111,1000000
2024MU0006763,1,1841.43,18,2,9,1,14,5200,43,9800,3,5,1,5,1,2700102,1000000
2024MU0006764,1,1841.43,30,2,1,1,16,407566,501,6000,4,1,1,1,1,2700115,1000000
2024MU0006765,1,1841.43,42,2,1,1,11,97276,501,9000,3,1,1,1,1,2700111,1000000
2024MU0006766,1,1841.43,19,2,1,1,12,6157,51,8000,1,1,1,1,1,2700113,1000000
2024MU0006767,1,1841.43,10,1,3,1,5,8026,66,0,0,6,5,5,1,2700111,1000000
2024MU0006768,1,1841.43,7,2,2,1,5,2761,23,0,0,6,1,5,2,2700103,1000000
2024MU0006769,1,1841.43,72,2,1,1,11,5528,46,9800,1,1,1,5,1,2700120,1000000
2024MU0006770,1,1841.43,24,1,2,1,13,6678,55,9800,3,1,1,5,1,2700106,1000000
2024MU0006771,1,1841.43,0,2,1,1,6,3938,32,0,0,6,1,5,1,2700104,1000000
2024MU0006772,1,1841.43,4,1,1,1,6,13970,116,0,0,6,1,5,1,2700114,1000000
2024MU0006773,1,1841.43,40,2,9,1,6,54145,451,9800,3,1,1,3,1,2700107,1000000
2024MU0006774,1,1841.43,1,1,3,1,1,10983,91,0,0,6,1,5,1,2700109,1000000
2024MU0006775,1,1841.43,37,2,1,1,12,77911,501,5000,1,3,1,1,1,2700101,1000000
2024MU0006776,1,1841.43,43,2,1,1,12,54419,453,9000,3,1,1,1,1,2700120,1000000
2024MU0006777,1,1841.43,2,2,1,1,5,10072,83,0,0,6,1,5,1,2700106,1000000
2024MU0006778,1,1841.43,8,2,3,1,7,802,6,0,0,6,1,5,1,2700101,1000000
2024MU0006779,1,1841.43,26,2,2,1,12,58087,484,9800,3,1,1,1,1,2700114,1000000
2024MU0006780,1,1841.43,34,1,9,1,12,19882,165,5000,1,1,1,5,1,2700123,1000000
2024MU0006781,1,1841.43,21,1,3,1,10,5750,47,5000,1,1,5,5,1,2700109,1000000
2024MU0006782,1,1841.43,44,2,2,1,5,27973,233,9800,4,1,1,1,1,2700116,1000000
2024MU0006783,1,1841.43,21,1,5,1,17,51702,430,3000,2,1,1,5,1,2700121,1000000
2024MU0006784,1,1841.43,45,1,3,1,12,28439,236,6000,1,2,1,1,1,2700114,1000000
2024MU0006785,1,1841.43,23,1,1,1,15,116374,501,4000,3,2,2,5,1,2700115,1000000
2024MU0006786,1,1841.43,45,1,2,1,10,64626,501,5000,1,1,1,1,1,2700100,1000000
2024MU0006787,1,1841.43,22,2,3,1,16,65543,501,6000,1,3,1,1,1,2700105,1000000
2024MU0006788,1,1841.43,35,2,2,1,7,18131,151,9800,1,1,1,1,1,2700117,1000000
2024MU0006789,1,1841.43,39,1,1,1,13,187014,501,6000,4,1,1,1,1,2700102,1000000
2024MU0006790,1,1841.43,74,2,1,1,7,5332,44,5000,4,1,1,1,1,2700118,1000000
2024MU0006791,1,1841.43,35,1,1,1,12,36656,305,6000,3,1,1,1,1,2700111,1000000
2024MU0006792,1,1841.43,4,2,1,1,5,4518,37,0,0,6,1,5,1,2700109,1000000
2024MU0006793,1,1841.43,16,1,8,1,17,26535,221,0,0,6,1,5,1,2700121,1000000
2024MU0006794,1,1841.43,58,2,3,1,8,25144,209,7000,1,1,1,2,1,2700103,1000000
2024MU0006795,1,1841.43,4,1,3,1,4,12983,108,0,0,6,1,5,1,2700123,1000000
2024MU0006796,1,1841.43,50,1,3,1,8,10967,91,5000,4,1,1,1,1,2700105,1000000
2024MU0006797,1,1841.43,35,2,3,1,14,23922,199,9800,1,5,1,1,1,2700103,1000000
2024MU0006798,1,1841.43,46,1,9,1,9,173643,501,9800,4,1,1,1,1,2700100,1000000
2024MU0006799,1,1841.43,5,2,2,1,2,4411,36,0,0,6,1,5,1,2700109,1000000
2024MU0006800,1,1841.43,15,2,3,1,20,25431,211,0,0,6,1,5,1,2700105,1000000
2024MU0006801,1,1841.43,1,1,2,1,4,17780,148,0,0,6,2,5,1,2700115,1000000
2024MU0006802,1,1841.43,34,2,6,1,7,39469,328,9920,1,3,1,1,1,2700123,1000000
2024MU0006803,1,1841.43,56,1,6,1,11,111406,501,9800,1,4,1,1,1,2700108,1000000
2024MU0006804,1,1841.43,33,1,8,1,13,118930,501,9000,6,1,1,1,1,2700123,1000000
2024MU0006805,1,1841.43,8,2,1,1,5,33256,277,0,0,6,1,5,1,2700108,1000000
2024MU0006806,1,1841.43,47,1,1,1,10,21088,175,8000,3,1,1,1,2,2700111,1000000
2024MU0006807,1,1841.43,34,2,1,1,7,8482,70,9920,1,1,1,5,1,2700122,1000000
2024MU0006808,1,1841.43,50,1,2,1,8,9010,75,9800,1,2,5,5,1,2700121,1000000
2024MU0006809,1,1841.43,6,2,2,1,2,2642,22,0,0,6,1,5,1,2700102,1000000
2024MU0006810,1,1841.43,18,1,1,1,14,11873,98,8000,4,1,1,5,1,2700109,1000000
2024MU0006811,1,1841.43,21,1,3,1,15,22072,183,5000,1,1,1,5,1,2700114,1000000
2024MU0006812,1,1841.43,36,2,1,1,10,18951,157,5000,1,1,1,5,1,2700102,1000000
2024MU0006813,1,1841.43,6,1,6,1,5,1991,16,0,0,6,1,5,1,2700121,1000000
2024MU0006814,1,1841.43,1,2,1,1,5,3168,26,0,0,6,1,5,1,2700113,1000000
2024MU0006815,1,1841.43,14,2,2,1,3,10011,83,0,0,6,1,5,1,2700121,1000000
2024MU0006816,1,1841.43,79,2,3,1,5,4215,35,0,0,6,1,1,1,2700114,1000000
2024MU0006817,1,1841.43,14,2,3,1,3,7661,63,0,0,6,1,5,1,2700113,1000000
2024MU0006818,1,1841.43,5,1,1,1,3,1392,11,0,0,6,1,5,1,2700107,1000000
2024MU0006819,1,1841.43,23,1,6,1,17,11585,96,6000,1,3,1,5,1,2700107,1000000
2024MU0006820,1,1841.43,38,2,3,1,14,39699,330,3000,1,1,1,1,1,2700104,1000000
2024MU0006821,1,1841.43,42,2,6,1,11,28433,236,8000,6,1,1,3,1,2700104,1000000
2024MU0006822,1,1841.43,46,1,6,1,10,23508,195,4000,3,1,1,1,1,2700102,1000000
2024MU0006823,1,1841.43,25,1,2,1,9,14438,120,9800,6,1,1,5,1,2700100,1000000
2024MU0006824,1,1841.43,22,2,8,1,17,51655,430,6000,1,3,1,5,1,2700111,1000000
2024MU0006825,1,1841.43,7,2,6,1,5,1819,15,0,0,6,1,5,1,2700120,1000000
2024MU0006826,1,1841.43,52,2,9,1,5,6519,54,7000,4,1,1,4,1,2700110,1000000
2024MU0006827,1,1841.43,41,2,6,1,14,16833,140,9800,3,1,1,2,1,2700109,1000000
2024MU0006828,1,1841.43,3,1,5,1,1,729,6,0,0,6,1,5,1,2700111,1000000
2024MU0006829,1,1841.43,11,2,2,1,5,684,5,0,0,6,2,5,1,2700108,1000000
2024MU0006830,1,1841.43,68,2,1,1,8,47845,398,6000,3,1,1,1,1,2700109,1000000
2024MU0006831,1,1841.43,3,1,8,1,7,3810,31,0,0,6,1,5,1,2700112,1000000
2024MU0006832,1,1841.43,24,1,3,1,19,340826,501,1000,3,5,1,5,1,2700108,1000000
2024MU0006833,1,1841.43,4,1,1,1,8,3477,28,0,0,6,1,5,1,2700100,1000000
2024MU0006834,1,1841.43,56,2,1,1,10,32826,273,6000,4,1,1,1,1,2700123,1000000
2024MU0006835,1,1841.43,58,1,3,1,11,45011,375,6000,1,2,1,1,1,2700111,1000000
2024MU0006836,1,1841.43,32,1,2,1,6,26752,222,9000,6,1,1,1,2,2700123,1000000
2024MU0006837,1,1841.43,39,1,1,1,11,18208,151,9000,4,1,1,1,1,2700122,1000000
2024MU0006838,1,1841.43,20,1,1,1,19,49322,411,2000,2,1,5,5,1,2700100,1000000
2024MU0006839,1,1841.43,5,1,3,1,4,5114,42,0,0,6,1,5,1,2700117,1000000
2024MU0006840,1,1841.43,33,2,1,1,6,3413,28,5000,4,1,1,1,1,2700108,1000000
2024MU0006841,1,1841.43,39,1,2,1,8,45260,377,6000,3,1,1,1,1,2700111,1000000
2024MU0006842,1,1841.43,27,2,4,1,10,61131,501,6000,4,1,1,1,1,2700111,1000000
2024MU0006843,1,1841.43,8,2,4,1,3,745,6,0,0,6,1,5,1,2700123,1000000
2024MU0006844,1,1841.43,42,2,1,1,8,7935,66,6000,3,4,1,1,1,2700103,1000000
2024MU0006845,1,1841.43,16,2,1,1,14,11724,97,0,0,6,1,5,1,2700103,1000000
2024MU0006846,1,1841.43,29,1,3,1,9,52372,436,5000,3,4,1,1,1,2700112,1000000
2024MU0006847,1,1841.43,59,1,3,1,5,45292,377,7000,1,1,1,1,1,2700121,1000000
2024MU0006848,1,1841.43,21,1,1,1,18,20203,168,6000,4,1,1,5,2,2700113,1000000
2024MU0006849,1,1841.43,44,2,2,1,11,223919,501,5000,4,2,1,5,1,2700104,1000000
2024MU0006850,1,1841.43,23,1,7,1,16,76695,501,6000,6,1,1,5,1,2700123,1000000
2024MU0006851,1,1841.43,25,2,9,1,12,24833,206,7000,1,1,1,1,1,2700106,1000000
2024MU0006852,1,1841.43,53,2,2,1,8,20939,174,9000,1,1,1,1,1,2700123,1000000
2024MU0006853,1,1841.43,48,2,1,1,12,54169,451,9800,3,1,1,1,1,2700101,1000000
2024MU0006854,1,1841.43,46,2,1,1,15,138033,501,3000,3,1,1,5,1,2700105,1000000
2024MU0006855,1,1841.43,3,2,1,1,1,19790,164,0,0,6,1,5,1,2700122,1000000
2024MU0006856,1,1841.43,9,1,1,1,1,4884,40,0,0,6,1,5,1,2700116,1000000
2024MU0006857,1,1841.43,33,2,2,1,13,21880,182,9800,4,1,1,5,1,2700112,1000000
2024MU0006858,1,1841.43,76,1,3,1,6,3411,28,0,0,6,1,1,1,2700112,1000000
2024MU0006859,1,1841.43,50,2,1,1,15,238846,501,1000,1,1,1,1,1,2700117,1000000
2024MU0006860,1,1841.43,11,2,8,1,6,6926,57,0,0,6,1,5,1,2700106,1000000
2024MU0006861,1,1841.43,28,1,3,1,10,9773,81,7000,4,1,1,5,1,2700121,1000000
2024MU0006862,1,1841.43,44,2,3,1,9,14163,118,6000,1,1,1,1,1,2700119,1000000
2024MU0006863,1,1841.43,4,1,9,1,6,4089,34,0,0,6,1,5,1,2700103,1000000
2024MU0006864,1,1841.43,33,2,3,1,7,26252,218,7000,3,1,1,1,2,2700102,1000000
2024MU0006865,1,1841.43,100,2,8,1,11,11296,94,0,0,6,1,5,1,2700104,1000000
2024MU0006866,1,1841.43,90,2,1,1,5,1741,14,0,0,6,1,3,1,2700120,1000000
2024MU0006867,1,1841.43,44,1,1,1,18,60307,501,4000,1,1,1,1,1,2700108,1000000
2024MU0006868,1,1841.43,1,1,2,1,2,14952,124,0,0,6,1,5,1,2700109,1000000
2024MU0006869,1,1841.43,52,2,2,1,11,51424,428,9800,1,1,1,5,1,2700122,1000000
2024MU0006870,1,1841.43,24,2,1,1,10,58507,487,6000,4,1,1,5,1,2700107,1000000
2024MU0006871,1,1841.43,1,1,3,1,4,10178,84,0,0,6,1,5,1,2700100,1000000
2024MU0006872,1,1841.43,41,1,1,1,10,28116,234,8000,1,1,1,1,1,2700107,1000000
2024MU0006873,1,1841.43,46,1,3,1,5,11895,99,9920,1,1,2,1,1,2700110,1000000
2024MU0006874,1,1841.43,93,2,2,1,7,5839,48,0,0,6,1,1,1,2700104,1000000
2024MU0006875,1,1841.43,24,1,3,1,13,38891,324,7000,1,4,1,5,1,2700108,1000000
2024MU0006876,1,1841.43,51,1,2,1,9,77858,501,6000,1,1,1,1,1,2700116,1000000
2024MU0006877,1,1841.43,29,2,9,1,11,107556,501,9800,1,3,1,5,1,2700100,1000000
2024MU0006878,1,1841.43,74,1,1,1,10,32108,267,9800,1,5,1,4,2,2700116,1000000
2024MU0006879,1,1841.43,39,2,9,1,7,30933,257,9920,1,3,1,1,1,2700105,1000000
2024MU0006880,1,1841.43,43,1,1,1,5,74878,501,7000,1,5,1,1,1,2700113,1000000
2024MU0006881,1,1841.43,24,1,3,1,14,25167,209,8000,1,2,1,5,1,2700113,1000000
2024MU0006882,1,1841.43,43,1,2,1,14,100169,501,5000,1,3,1,1,1,2700104,1000000
2024MU0006883,1,1841.43,27,1,5,1,15,111728,501,6000,3,1,1,1,1,2700116,1000000
2024MU0006884,1,1841.43,21,1,4,1,15,42830,356,6000,1,1,1,5,1,2700103,1000000
2024MU0006885,1,1841.43,7,1,5,1,7,3375,28,0,0,6,1,5,1,2700108,1000000
2024MU0006886,1,1841.43,5,1,1,1,7,1313,10,0,0,6,1,5,1,2700106,1000000
2024MU0006887,1,1841.43,8,2,5,1,3,5281,44,0,0,6,1,5,1,2700104,1000000
2024MU0006888,1,1841.43,12,1,1,1,2,5299,44,0,0,6,1,5,1,2700113,1000000
2024MU0006889,1,1841.43,6,2,1,1,3,2529,21,0,0,6,5,5,1,2700119,1000000
2024MU0006890,1,1841.43,6,2,1,1,3,3709,30,0,0,6,1,5,1,2700112,1000000
2024MU0006891,1,1841.43,29,1,2,1,12,15670,130,6000,4,5,1,1,1,2700116,1000000
2024MU0006892,1,1841.43,36,1,3,1,12,23645,197,5000,4,1,1,1,1,2700122,1000000
2024MU0006893,1,1841.43,65,1,1,1,8,4546,37,6000,4,5,1,3,1,2700101,1000000
2024MU0006894,1,1841.43,25,1,1,1,8,3692,30,9000,1,1,1,1,1,2700101,1000000
2024MU0006895,1,1841.43,22,1,3,1,18,55646,463,3000,1,1,2,5,1,2700105,1000000
2024MU0006896,1,1841.43,30,1,9,1,10,71821,501,8000,1,2,1,5,1,2700106,1000000
2024MU0006897,1,1841.43,1,2,3,1,4,12847,107,0,0,6,5,5,1,2700115,1000000
2024MU0006898,1,1841.43,15,2,3,1,20,168340,501,0,0,6,1,5,1,2700102,1000000
2024MU0006899,1,1841.43,52,1,3,1,7,9700,80,7000,3,1,2,5,1,2700119,1000000
2024MU0006900,1,1841.43,5,1,4,1,4,10468,87,0,0,6,1,5,1,2700113,1000000
2024MU0006901,1,1841.43,1,2,9,1,6,5244,43,0,0,6,1,5,1,2700111,1000000
2024MU0006902,1,1841.43,73,1,2,1,11,15378,128,9800,3,2,1,1,1,2700121,1000000
2024MU0006903,1,1841.43,49,2,2,1,6,22116,184,7000,3,1,5,1,2,2700122,1000000
2024MU0006904,1,1841.43,56,2,6,1,11,78549,501,7000,3,5,1,1,1,2700117,1000000
2024MU0006905,1,1841.43,6,2,9,1,8,2690,22,0,0,6,1,5,1,2700119,1000000
2024MU0006906,1,1841.43,38,1,1,1,10,30254,252,6000,6,1,5,1,1,2700117,1000000
2024MU0006907,1,1841.43,3,2,3,1,3,2887,24,0,0,6,1,5,1,2700113,1000000
2024MU0006908,1,1841.43,15,2,4,1,16,20332,169,0,0,6,1,5,1,2700101,1000000
2024MU0006909,1,1841.43,28,2,2,1,8,27888,232,5000,6,1,1,1,1,2700109,1000000
2024MU0006910,1,1841.43,4,1,2,1,4,2175,18,0,0,6,1,5,1,2700118,1000000
2024MU0006911,1,1841.43,58,1,3,1,14,24068,200,7000,4,1,1,1,1,2700106,1000000
2024MU0006912,1,1841.43,30,2,1,1,12,54185,451,9000,1,1,1,1,1,2700110,1000000
2024MU0006913,1,1841.43,1,2,1,1,1,4818,40,0,0,6,1,5,1,2700107,1000000
2024MU0006914,1,1841.43,40,1,9,1,8,11550,96,9920,6,5,1,1,1,2700107,1000000
2024MU0006915,1,1841.43,31,1,3,1,12,141613,501,4000,2,1,1,5,1,2700103,1000000
2024MU0006916,1,1841.43,39,1,7,1,11,28025,233,9000,3,1,1,1,1,2700122,1000000
2024MU0006917,1,1841.43,13,2,5,1,6,3495,29,0,0,6,1,5,1,2700122,1000000
2024MU0006918,1,1841.43,18,2,3,1,17,9320,77,3000,1,4,1,1,1,2700111,1000000
2024MU0006919,1,1841.43,44,1,6,1,9,35200,293,9800,1,5,1,1,1,2700105,1000000
2024MU0006920,1,1841.43,13,1,1,1,9,4315,35,0,0,6,1,5,1,2700111,1000000
2024MU0006921,1,1841.43,24,1,3,1,19,100581,501,3000,2,2,1,5,1,2700116,1000000
2024MU0006922,1,1841.43,24,1,3,1,11,7389,61,5000,1,1,1,1,1,2700112,1000000
2024MU0006923,1,1841.43,22,1,3,1,13,15554,129,8000,1,1,1,5,1,2700120,1000000
2024MU0006924,1,1841.43,26,1,1,1,9,27565,229,9800,3,1,1,5,2,2700105,1000000
2024MU0006925,1,1841.43,30,1,1,1,8,13186,109,5000,1,4,1,1,1,2700101,1000000
2024MU0006926,1,1841.43,3,2,1,1,3,2876,23,0,0,6,5,5,1,2700105,1000000
2024MU0006927,1,1841.43,34,2,3,1,10,34713,289,3000,1,1,1,1,1,2700102,1000000
2024MU0006928,1,1841.43,36,2,9,1,6,10703,89,9920,3,1,1,5,1,2700108,1000000
2024MU0006929,1,1841.43,38,1,9,1,7,15593,129,9000,1,1,1,1,1,2700119,1000000
2024MU0006930,1,1841.43,57,2,1,1,5,12232,101,9800,1,1,1,1,1,2700122,1000000
2024MU0006931,1,1841.43,40,2,1,1,5,19976,166,5000,1,3,1,1,1,2700119,1000000
2024MU0006932,1,1841.43,0,1,1,1,4,3412,28,0,0,6,1,5,1,2700100,1000000
2024MU0006933,1,1841.43,13,1,2,1,3,2833,23,0,0,6,1,5,1,2700114,1000000
2024MU0006934,1,1841.43,30,2,5,1,17,188953,501,6000,6,1,1,1,1,2700100,1000000
2024MU0006935,1,1841.43,7,2,8,1,2,6492,54,0,0,6,1,5,1,2700112,1000000
2024MU0006936,1,1841.43,7,1,1,1,8,3905,32,0,0,6,1,5,1,2700102,1000000
2024MU0006937,1,1841.43,41,1,1,1,5,41706,347,7000,1,1,1,1,1,2700100,1000000
2024MU0006938,1,1841.43,53,2,1,1,10,38478,320,9800,3,1,1,1,1,2700119,1000000
2024MU0006939,1,1841.43,20,2,2,1,13,9732,81,4000,1,3,1,5,1,2700107,1000000
2024MU0006940,1,1841.43,39,2,5,1,15,113682,501,6000,1,1,1,5,1,2700111,1000000
2024MU0006941,1,1841.43,42,1,3,1,5,18295,152,9000,1,1,1,5,1,2700105,1000000
2024MU0006942,1,1841.43,15,1,4,1,20,37700,314,0,0,6,1,5,2,2700121,1000000
2024MU0006943,1,1841.43,34,1,3,1,5,3581,29,8000,6,1,1,1,1,2700117,1000000
2024MU0006944,1,1841.43,17,2,1,1,13,13267,110,0,0,6,1,5,1,2700108,1000000
2024MU0006945,1,1841.43,15,2,1,1,14,19532,162,0,0,6,1,5,1,2700123,1000000
2024MU0006946,1,1841.43,4,2,1,1,6,1799,14,0,0,6,1,5,1,2700122,1000000
2024MU0006947,1,1841.43,22,1,4,1,20,271955,501,1000,1,1,1,5,1,2700103,1000000
2024MU0006948,1,1841.43,30,2,6,1,10,13763,114,8000,3,1,1,1,1,2700119,1000000
2024MU0006949,1,1841.43,51,2,4,1,12,24559,204,7000,3,1,1,1,1,2700109,1000000
2024MU0006950,1,1841.43,34,2,1,1,13,143850,501,9000,4,1,1,1,1,2700109,1000000
2024MU0006951,1,1841.43,24,2,4,1,15,97774,501,5000,3,1,1,5,1,2700119,1000000
2024MU0006952,1,1841.43,8,2,1,1,6,3146,26,0,0,6,1,5,1,2700112,1000000
2024MU0006953,1,1841.43,19,2,1,1,10,12998,108,6000,1,2,1,5,1,2700114,1000000
2024MU0006954,1,1841.43,26,1,2,1,10,67123,501,5000,3,1,1,5,1,2700108,1000000
2024MU0006955,1,1841.43,50,2,2,1,12,13205,110,9800,6,1,1,1,1,2700108,1000000
2024MU0006956,1,1841.43,42,1,5,1,9,109625,501,9800,4,1,1,1,1,2700120,1000000
2024MU0006957,1,1841.43,42,2,3,1,13,30924,257,5000,1,5,1,1,1,2700108,1000000
2024MU0006958,1,1841.43,28,2,1,1,15,120799,501,4000,1,2,1,5,1,2700116,1000000
2024MU0006959,1,1841.43,88,1,1,1,11,11812,98,0,0,6,1,1,1,2700123,1000000
2024MU0006960,1,1841.43,55,2,1,1,6,51378,428,6000,1,1,1,2,1,2700103,1000000
2024MU0006961,1,1841.43,20,2,1,1,13,10659,88,9800,3,1,1,1,1,2700104,1000000
2024MU0006962,1,1841.43,13,2,1,1,1,1384,11,0,0,6,1,5,1,2700112,1000000
2024MU0006963,1,1841.43,10,2,3,1,9,15139,126,0,0,6,1,5,1,2700123,1000000
2024MU0006964,1,1841.43,35,2,1,1,8,45401,378,5000,1,1,1,2,1,2700113,1000000
2024MU0006965,1,1841.43,23,2,5,1,14,66745,501,9800,1,1,1,5,1,2700107,1000000
2024MU0006966,1,1841.43,19,1,2,1,13,11631,96,8000,1,1,1,5,1,2700116,1000000
2024MU0006967,1,1841.43,30,1,1,1,5,30698,255,5000,1,1,1,1,1,2700109,1000000
2024MU0006968,1,1841.43,0,1,2,1,3,2860,23,0,0,6,1,5,1,2700120,1000000
2024MU0006969,1,1841.43,35,2,3,1,6,25723,214,9920,1,1,1,1,1,2700117,1000000
2024MU0006970,1,1841.43,28,1,2,1,10,37452,312,8000,1,1,1,1,1,2700113,1000000
2024MU0006971,1,1841.43,35,2,1,1,18,20851,173,5000,6,1,1,3,1,2700107,1000000
2024MU0006972,1,1841.43,20,1,8,1,17,16247,135,3000,3,5,1,5,1,2700107,1000000
2024MU0006973,1,1841.43,25,2,1,1,13,33602,280,6000,3,2,5,1,1,2700117,1000000
2024MU0006974,1,1841.43,98,1,9,1,7,7622,63,0,0,6,1,5,1,2700112,1000000
2024MU0006975,1,1841.43,44,2,1,1,12,42700,355,9800,1,4,1,2,1,2700115,1000000
2024MU0006976,1,1841.43,26,2,4,1,16,83323,501,4000,1,1,1,1,1,2700119,1000000
2024MU0006977,1,1841.43,17,2,2,1,20,109082,501,0,0,6,1,5,1,2700117,1000000
2024MU0006978,1,1841.43,34,2,2,1,6,21282,177,5000,3,1,1,5,2,2700103,1000000
2024MU0006979,1,1841.43,23,2,1,1,18,19482,162,3000,1,1,1,1,1,2700103,1000000
2024MU0006980,1,1841.43,5,2,1,1,3,19038,158,0,0,6,1,5,1,2700123,1000000
2024MU0006981,1,1841.43,21,2,4,1,14,2868,23,7000,6,1,1,5,1,2700123,1000000
2024MU0006982,1,1841.43,32,1,8,1,9,85222,501,5000,3,2,1,1,1,2700102,1000000
2024MU0006983,1,1841.43,4,2,2,1,6,1146,9,0,0,6,1,5,1,2700112,1000000
2024MU0006984,1,1841.43,3,2,2,1,5,12516,104,0,0,6,1,5,1,2700118,1000000
2024MU0006985,1,1841.43,33,1,1,1,7,12834,106,5000,6,1,1,5,1,2700106,1000000
2024MU0006986,1,1841.43,3,2,3,1,6,5450,45,0,0,6,1,5,1,2700116,1000000
2024MU0006987,1,1841.43,8,2,1,1,4,818,6,0,0,6,1,5,1,2700108,1000000
2024MU0006988,1,1841.43,35,2,1,1,5,28737,239,5000,1,5,1,1,1,2700121,1000000
2024MU0006989,1,1841.43,23,2,3,1,14,38881,324,8000,3,1,1,5,1,2700121,1000000
2024MU0006990,1,1841.43,53,1,2,1,9,55945,466,6000,1,1,1,1,1,2700122,1000000
2024MU0006991,1,1841.43,2,1,1,1,1,8567,71,0,0,6,1,5,1,2700115,1000000
2024MU0006992,1,1841.43,4,1,1,1,2,4623,38,0,0,6,1,5,2,2700123,1000000
2024MU0006993,1,1841.43,4,1,3,1,9,9400,78,0,0,6,1,5,1,2700107,1000000
2024MU0006994,1,1841.43,28,2,1,1,16,48548,404,4000,1,4,1,1,1,2700116,1000000
2024MU0006995,1,1841.43,53,1,6,1,6,9372,78,5000,4,1,1,1,1,2700115,1000000
2024MU0006996,1,1841.43,43,2,1,1,10,101403,501,9000,1,1,1,1,1,2700104,1000000
2024MU0006997,1,1841.43,29,2,1,1,10,16161,134,9000,1,1,1,1,1,2700102,1000000
2024MU0006998,1,1841.43,16,2,4,1,15,9800,81,0,0,6,1,5,1,2700102,1000000
2024MU0006999,1,1841.43,24,1,2,1,14,14553,121,9800,1,5,1,5,1,2700113,1000000
2024MU0007000,1,1841.43,19,1,1,1,10,16651,138,8000,1,1,1,5,1,2700119,1000000
2024MU0007001,1,1841.43,3,1,2,1,3,3145,26,0,0,6,1,5,1,2700110,1000000
2024MU0007002,1,1841.43,6,1,1,1,2,6500,54,0,0,6,1,5,1,2700108,1000000
2024MU0007003,1,1841.43,46,2,3,1,9,10742,89,9000,4,5,1,1,1,2700121,1000000
2024MU0007004,1,1841.43,90,2,2,1,12,2250,18,0,0,6,5,2,1,2700121,1000000
2024MU0007005,1,1841.43,23,1,3,1,20,181481,501,3000,2,1,1,5,1,2700119,1000000
2024MU0007006,1,1841.43,55,2,3,1,16,180379,501,4000,3,3,1,1,1,2700110,1000000
2024MU0007007,1,1841.43,57,1,3,1,19,84499,501,2000,3,1,1,1,1,2700119,1000000
2024MU0007008,1,1841.43,30,2,4,1,5,24419,203,5000,1,4,1,1,1,2700113,1000000
2024MU0007009,1,1841.43,33,1,3,1,13,100258,501,6000,1,1,1,1,1,2700101,1000000
2024MU0007010,1,1841.43,50,2,2,1,7,13312,110,9000,1,2,1,2,1,2700118,1000000
2024MU0007011,1,1841.43,76,1,2,1,11,34119,284,0,0,6,1,1,1,2700109,1000000
2024MU0007012,1,1841.43,7,1,1,1,7,4667,38,0,0,6,1,5,1,2700112,1000000
2024MU0007013,1,1841.43,26,1,4,1,10,24168,201,9800,1,1,1,1,1,2700118,1000000
2024MU0007014,1,1841.43,46,1,4,1,9,77422,501,6000,4,1,1,1,1,2700119,1000000
2024MU0007015,1,1841.43,12,2,1,1,3,18513,154,0,0,6,1,5,1,2700107,1000000
2024MU0007016,1,1841.43,37,1,6,1,9,29490,245,8000,3,2,1,5,1,2700120,1000000
2024MU0007017,1,1841.43,24,2,3,1,20,152206,501,3000,1,1,1,5,1,2700121,1000000
2024MU0007018,1,1841.43,44,2,2,1,14,21782,181,8000,4,1,1,5,1,2700121,1000000
2024MU0007019,1,1841.43,41,2,1,1,6,18151,151,5000,3,1,1,5,2,2700115,1000000
2024MU0007020,1,1841.43,34,2,2,1,9,39059,325,5000,1,1,1,1,1,2700116,1000000
2024MU0007021,1,1841.43,17,1,3,1,12,24512,204,0,0,6,1,5,1,2700107,1000000
2024MU0007022,1,1841.43,47,2,1,1,19,485141,501,2000,1,1,1,1,1,2700109,1000000
2024MU0007023,1,1841.43,3,2,2,1,8,7528,62,0,0,6,5,5,1,2700116,1000000
2024MU0007024,1,1841.43,1,2,9,1,5,9259,77,0,0,6,1,5,1,2700107,1000000
2024MU0007025,1,1841.43,3,2,3,1,6,2280,19,0,0,6,1,5,1,2700118,1000000
2024MU0007026,1,1841.43,18,2,2,1,17,16698,139,6000,4,1,1,5,1,2700116,1000000
2024MU0007027,1,1841.43,26,1,2,1,8,15158,126,5000,1,1,1,1,1,2700121,1000000
2024MU0007028,1,1841.43,37,2,1,1,17,119890,501,4000,3,1,1,1,1,2700105,1000000
2024MU0007029,1,1841.43,16,2,9,1,15,98276,501,0,0,6,1,5,1,2700117,1000000
2024MU0007030,1,1841.43,39,1,8,1,6,3446,28,9920,3,1,1,1,1,2700104,1000000
2024MU0007031,1,1841.43,58,2,3,1,8,21931,182,9000,1,1,1,5,1,2700114,1000000
2024MU0007032,1,1841.43,32,1,1,1,12,66466,501,7000,3,1,1,5,1,2700120,1000000
2024MU0007033,1,1841.43,26,1,1,1,9,17042,142,6000,1,1,1,5,1,2700123,1000000
2024MU0007034,1,1841.43,0,2,1,1,6,1848,15,0,0,6,1,5,1,2700106,1000000
2024MU0007035,1,1841.43,16,2,2,1,18,24160,201,0,0,6,2,5,1,2700118,1000000
2024MU0007036,1,1841.43,8,2,1,1,6,1077,8,0,0,6,1,5,1,2700103,1000000
2024MU0007037,1,1841.43,59,2,3,1,10,100723,501,8000,4,1,1,2,1,2700115,1000000
2024MU0007038,1,1841.43,36,1,2,1,11,288610,501,7000,3,1,1,1,1,2700121,1000000
2024MU0007039,1,1841.43,48,2,1,1,7,12201,101,9800,6,1,1,1,1,2700122,1000000
2024MU0007040,1,1841.43,34,1,3,1,10,27856,232,8000,3,1,1,5,1,2700104,1000000
2024MU0007041,1,1841.43,6,1,1,1,3,1404,11,0,0,6,1,5,1,2700105,1000000
2024MU0007042,1,1841.43,19,1,5,1,19,34473,287,3000,1,2,1,1,1,2700107,1000000
2024MU0007043,1,1841.43,6,2,2,1,8,2501,20,0,0,6,1,5,1,2700113,1000000
2024MU0007044,1,1841.43,13,1,1,1,2,10541,87,0,0,6,1,5,1,2700116,1000000
2024MU0007045,1,1841.43,53,2,1,1,12,339457,501,9800,1,1,1,1,1,2700100,1000000
2024MU0007046,1,1841.43,46,2,9,1,11,26274,218,9800,3,1,1,1,1,2700111,1000000
2024MU0007047,1,1841.43,41,1,3,1,18,68946,501,4000,3,1,1,1,1,2700101,1000000
2024MU0007048,1,1841.43,6,2,2,1,4,1574,13,0,0,6,2,5,1,2700109,1000000
2024MU0007049,1,1841.43,11,1,1,1,6,5748,47,0,0,6,1,5,1,2700112,1000000
2024MU0007050,1,1841.43,16,1,3,1,15,36408,303,0,0,6,1,5,2,2700105,1000000
2024MU0007051,1,1841.43,31,2,1,1,6,17379,144,8000,1,1,1,5,1,2700113,1000000
2024MU0007052,1,1841.43,12,2,9,1,1,2809,23,0,0,6,1,5,1,2700116,1000000
2024MU0007053,1,1841.43,16,2,9,1,12,28211,235,0,0,6,1,5,1,2700103,1000000
2024MU0007054,1,1841.43,54,2,3,1,7,24622,205,9800,3,1,1,1,1,2700122,1000000
2024MU0007055,1,1841.43,47,2,9,1,7,28538,237,9800,1,1,1,1,1,2700117,1000000
2024MU0007056,1,1841.43,57,2,1,1,11,47059,392,6000,1,1,1,1,1,2700120,1000000
2024MU0007057,1,1841.43,2,1,1,1,6,3444,28,0,0,6,1,5,1,2700104,1000000
2024MU0007058,1,1841.43,10,1,1,1,9,6603,55,0,0,6,2,5,1,2700119,1000000
2024MU0007059,1,1841.43,27,1,1,1,9,41805,348,8000,3,1,1,5,1,2700108,1000000
2024MU0007060,1,1841.43,4,1,9,1,8,5622,46,0,0,6,1,5,1,2700121,1000000
2024MU0007061,1,1841.43,39,1,1,1,12,64819,501,5000,3,1,1,1,1,2700107,1000000
2024MU0007062,1,1841.43,27,2,6,1,11,9718,80,6000,1,1,1,5,1,2700122,1000000
2024MU0007063,1,1841.43,43,2,4,1,11,55260,460,9800,1,1,1,3,1,2700100,1000000
2024MU0007064,1,1841.43,21,2,2,1,17,24608,205,3000,1,1,1,5,1,2700112,1000000
2024MU0007065,1,1841.43,15,1,1,1,12,5889,49,0,0,6,1,5,1,2700123,1000000
2024MU0007066,1,1841.43,70,1,1,1,10,30234,251,5000,3,1,1,1,1,2700110,1000000
2024MU0007067,1,1841.43,2,1,1,1,6,4618,38,0,0,6,1,5,1,2700103,1000000
2024MU0007068,1,1841.43,55,2,2,1,20,645036,501,1000,1,5,1,2,1,2700122,1000000
2024MU0007069,1,1841.43,87,1,2,1,12,25488,212,0,0,6,1,1,1,2700116,1000000
2024MU0007070,1,1841.43,23,1,3,1,17,66073,501,4000,1,1,1,5,1,2700103,1000000
2024MU0007071,1,1841.43,8,2,4,1,6,3675,30,0,0,6,1,5,1,2700107,1000000
2024MU0007072,1,1841.43,56,2,2,1,16,48867,407,3000,1,1,1,1,1,2700101,1000000
2024MU0007073,1,1841.43,49,1,1,1,17,247912,501,4000,1,1,1,1,1,2700119,1000000
2024MU0007074,1,1841.43,43,2,5,1,12,54328,452,9000,1,1,1,5,1,2700116,1000000
2024MU0007075,1,1841.43,46,2,1,1,12,54984,458,9800,6,4,1,1,1,2700123,1000000
2024MU0007076,1,1841.43,17,2,1,1,12,5172,43,0,0,6,1,5,1,2700115,1000000
2024MU0007077,1,1841.43,31,1,4,1,15,189041,501,2000,1,1,1,1,1,2700105,1000000
2024MU0007078,1,1841.43,28,1,9,1,8,5057,42,9800,3,2,1,1,1,2700106,1000000
2024MU0007079,1,1841.43,24,1,8,1,15,56642,472,2000,3,5,1,5,1,2700119,1000000
2024MU0007080,1,1841.43,50,2,1,1,9,39648,330,6000,1,1,1,4,1,2700121,1000000
2024MU0007081,1,1841.43,39,1,2,1,9,29017,241,9800,3,1,1,1,1,2700121,1000000
2024MU0007082,1,1841.43,0,2,1,1,3,2126,17,0,0,6,1,5,1,2700114,1000000
2024MU0007083,1,1841.43,78,1,9,1,11,17531,146,0,0,6,1,3,1,2700123,1000000
2024MU0007084,1,1841.43,3,1,1,1,6,8991,74,0,0,6,1,5,2,2700112,1000000
2024MU0007085,1,1841.43,37,1,1,1,11,81542,501,4000,3,1,1,5,1,2700105,1000000
2024MU0007086,1,1841.43,55,1,8,1,11,59586,496,3000,1,2,1,5,1,2700121,1000000
2024MU0007087,1,1841.43,41,2,9,1,19,304200,501,3000,1,4,1,5,1,2700116,1000000
2024MU0007088,1,1841.43,33,2,3,1,10,31239,260,9800,1,1,1,1,1,2700100,1000000
2024MU0007089,1,1841.43,38,2,1,1,11,95504,501,3000,1,1,1,1,1,2700111,1000000
2024MU0007090,1,1841.43,41,2,2,1,9,12928,107,5000,3,1,1,1,1,2700100,1000000
2024MU0007091,1,1841.43,28,2,5,1,17,102449,501,4000,1,2,1,5,1,2700102,1000000
2024MU0007092,1,1841.43,37,2,3,1,9,78529,501,5000,1,2,1,5,1,2700112,1000000
2024MU0007093,1,1841.43,10,1,1,1,9,10227,85,0,0,6,1,5,1,2700110,1000000
2024MU0007094,1,1841.43,38,2,1,1,9,26284,219,4000,1,1,1,1,1,2700111,1000000
2024MU0007095,1,1841.43,34,2,6,1,7,15563,129,5000,4,1,1,5,1,2700117,1000000
2024MU0007096,1,1841.43,7,2,2,1,2,2186,18,0,0,6,1,5,1,2700107,1000000
2024MU0007097,1,1841.43,48,2,3,1,9,62461,501,7000,3,5,1,1,1,2700115,1000000
2024MU0007098,1,1841.43,36,2,2,1,12,84485,501,7000,6,2,1,1,1,2700100,1000000
2024MU0007099,1,1841.43,29,2,2,1,11,39717,330,9000,1,1,1,1,1,2700108,1000000
2024MU0007100,1,1841.43,34,1,9,1,10,57143,476,5000,3,1,1,1,1,2700103,1000000
2024MU0007101,1,1841.43,20,1,1,1,15,46733,389,4000,1,1,1,5,1,2700123,1000000
2024MU0007102,1,1841.43,38,2,3,1,15,200356,501,4000,1,1,1,1,1,2700103,1000000
2024MU0007103,1,1841.43,9,2,1,1,7,2150,17,0,0,6,1,5,1,2700114,1000000
2024MU0007104,1,1841.43,29,1,1,1,13,9899,82,5000,4,1,1,5,1,2700113,1000000
2024MU0007105,1,1841.43,14,1,4,1,9,13234,110,0,0,6,1,5,1,2700121,1000000
2024MU0007106,1,1841.43,6,1,6,1,5,8396,69,0,0,6,1,5,1,2700111,1000000
2024MU0007107,1,1841.43,47,2,3,1,5,4526,37,8000,3,1,1,5,1,2700106,1000000
2024MU0007108,1,1841.43,79,1,1,1,6,7058,58,0,0,6,1,1,1,2700108,1000000
2024MU0007109,1,1841.43,5,2,1,1,3,9884,82,0,0,6,1,5,1,2700104,1000000
2024MU0007110,1,1841.43,74,1,8,1,8,6085,50,9800,6,1,1,1,1,2700118,1000000
2024MU0007111,1,1841.43,19,1,1,1,19,127592,501,4000,2,2,1,5,1,2700105,1000000
2024MU0007112,1,1841.43,48,2,5,1,13,110858,501,7000,1,1,1,1,1,2700103,1000000
2024MU0007113,1,1841.43,9,1,1,1,3,3462,28,0,0,6,1,5,1,2700121,1000000
2024MU0007114,1,1841.43,6,1,9,1,5,2986,24,0,0,6,2,5,1,2700121,1000000
2024MU0007115,1,1841.43,44,1,8,1,11,34125,284,9800,4,1,1,1,1,2700105,1000000
2024MU0007116,1,1841.43,30,1,1,1,19,255186,501,4000,1,2,1,1,1,2700110,1000000
2024MU0007117,1,1841.43,19,2,4,1,10,4791,39,9800,1,1,1,5,1,2700102,1000000
2024MU0007118,1,1841.43,3,1,1,1,4,1351,11,0,0,6,1,5,1,2700113,1000000
2024MU0007119,1,1841.43,8,2,1,1,9,2221,18,0,0,6,1,5,1,2700104,1000000
2024MU0007120,1,1841.43,6,1,2,1,9,10734,89,0,0,6,1,5,1,2700117,1000000
2024MU0007121,1,1841.43,14,2,3,1,3,20478,170,0,0,6,2,5,1,2700103,1000000
2024MU0007122,1,1841.43,2,2,1,1,1,815,6,0,0,6,1,5,1,2700105,1000000
2024MU0007123,1,1841.43,26,2,3,1,12,25538,212,9000,1,2,1,1,1,2700122,1000000
2024MU0007124,1,1841.43,12,2,1,1,7,3376,28,0,0,6,1,5,1,2700117,1000000
2024MU0007125,1,1841.43,81,1,1,1,6,5914,49,0,0,6,1,1,1,2700101,1000000
2024MU0007126,1,1841.43,41,1,3,1,15,251802,501,3000,3,1,1,1,1,2700120,1000000
2024MU0007127,1,1841.43,55,2,2,1,8,6563,54,6000,1,1,1,5,1,2700107,1000000
2024MU0007128,1,1841.43,100,1,3,1,8,1407,11,0,0,6,1,1,1,2700106,1000000
2024MU0007129,1,1841.43,23,1,3,1,17,57313,477,5000,3,5,1,5,1,2700101,1000000
2024MU0007130,1,1841.43,19,1,8,1,14,6826,56,7000,1,2,1,5,1,2700121,1000000
2024MU0007131,1,1841.43,29,1,2,1,9,6094,50,6000,4,1,1,1,1,2700100,1000000
2024MU0007132,1,1841.43,0,2,1,1,4,4877,40,0,0,6,1,5,1,2700110,1000000
2024MU0007133,1,1841.43,12,1,3,1,7,1551,12,0,0,6,5,5,1,2700101,1000000
2024MU0007134,1,1841.43,34,1,3,1,7,15000,125,9000,4,4,1,1,1,2700101,1000000
2024MU0007135,1,1841.43,59,2,2,1,10,28169,234,9800,1,5,1,1,1,2700111,1000000
2024MU0007136,1,1841.43,43,1,3,1,11,20547,171,6000,3,1,1,1,2,2700111,1000000
2024MU0007137,1,1841.43,36,2,1,1,11,81288,501,7000,3,3,1,1,1,2700121,1000000
2024MU0007138,1,1841.43,16,1,1,1,19,51807,431,0,0,6,1,5,1,2700121,1000000
2024MU0007139,1,1841.43,44,2,3,1,10,45266,377,7000,3,1,1,1,1,2700121,1000000
2024MU0007140,1,1841.43,26,1,1,1,12,43797,364,5000,4,1,1,5,1,2700110,1000000
2024MU0007141,1,1841.43,50,1,2,1,10,44442,370,4000,3,1,1,4,1,2700100,1000000
2024MU0007142,1,1841.43,14,1,2,1,6,4500,37,0,0,6,5,5,1,2700121,1000000
2024MU0007143,1,1841.43,8,1,2,1,2,2072,17,0,0,6,1,5,1,2700115,1000000
2024MU0007144,1,1841.43,6,2,3,1,7,1646,13,0,0,6,1,5,1,2700107,1000000
2024MU0007145,1,1841.43,25,2,1,1,5,12126,101,9920,1,1,1,1,1,2700115,1000000
2024MU0007146,1,1841.43,34,1,9,1,12,22225,185,9800,1,1,1,1,1,2700113,1000000
2024MU0007147,1,1841.43,47,1,3,1,10,75995,501,9800,1,1,1,1,1,2700103,1000000
2024MU0007148,1,1841.43,93,1,2,1,6,6022,50,0,0,6,1,3,1,2700123,1000000
2024MU0007149,1,1841.43,18,1,1,1,10,17155,142,6000,4,4,1,5,1,2700118,1000000
2024MU0007150,1,1841.43,2,1,1,1,2,1821,15,0,0,6,1,5,1,2700121,1000000
2024MU0007151,1,1841.43,28,2,3,1,9,13069,108,6000,4,1,1,1,1,2700114,1000000
2024MU0007152,1,1841.43,14,1,1,1,7,15353,127,0,0,6,1,5,1,2700115,1000000
2024MU0007153,1,1841.43,72,2,1,1,11,16353,136,9800,1,1,1,1,1,2700116,1000000
2024MU0007154,1,1841.43,22,2,2,1,11,55056,458,9800,1,1,1,1,1,2700103,1000000
2024MU0007155,1,1841.43,36,2,3,1,9,16219,135,9800,3,1,1,1,1,2700101,1000000
2024MU0007156,1,1841.43,19,1,3,1,18,24989,208,3000,1,1,1,5,1,2700112,1000000
2024MU0007157,1,1841.43,46,2,3,1,7,45442,378,9000,1,1,1,1,1,2700109,1000000
2024MU0007158,1,1841.43,6,2,6,1,9,3643,30,0,0,6,1,5,1,2700107,1000000
2024MU0007159,1,1841.43,42,1,1,1,7,98970,501,9800,1,1,1,5,1,2700104,1000000
2024MU0007160,1,1841.43,41,1,3,1,11,50216,418,7000,4,4,1,1,1,2700104,1000000
2024MU0007161,1,1841.43,13,2,1,1,4,2081,17,0,0,6,1,5,1,2700113,1000000
2024MU0007162,1,1841.43,14,2,2,1,2,5311,44,0,0,6,1,5,1,2700103,1000000
2024MU0007163,1,1841.43,18,1,3,1,13,23680,197,8000,1,3,1,5,1,2700105,1000000
2024MU0007164,1,1841.43,34,2,1,1,13,24451,203,9000,3,1,1,1,1,2700107,1000000
2024MU0007165,1,1841.43,44,1,2,1,8,9290,77,9800,6,1,1,1,1,2700115,1000000
2024MU0007166,1,1841.43,75,1,5,1,8,8153,67,6000,1,5,1,1,1,2700109,1000000
2024MU0007167,1,1841.43,50,1,1,1,7,19349,161,7000,3,1,1,1,1,2700102,1000000
2024MU0007168,1,1841.43,29,1,2,1,10,25284,210,9000,6,2,1,1,1,2700120,1000000
2024MU0007169,1,1841.43,44,2,9,1,9,57754,481,6000,1,1,1,2,1,2700109,1000000
2024MU0007170,1,1841.43,25,2,2,1,10,52803,440,9800,6,3,1,1,2,2700113,1000000
2024MU0007171,1,1841.43,39,2,3,1,8,18415,153,9800,1,1,1,1,1,2700115,1000000
2024MU0007172,1,1841.43,55,1,5,1,9,22380,186,9800,1,1,1,1,1,2700111,1000000
2024MU0007173,1,1841.43,3,2,1,1,6,3941,32,0,0,6,1,5,1,2700114,1000000
2024MU0007174,1,1841.43,71,1,1,1,12,62082,501,6000,4,1,1,2,1,2700113,1000000
2024MU0007175,1,1841.43,42,1,4,1,12,55021,458,5000,1,1,1,1,1,2700105,1000000
2024MU0007176,1,1841.43,53,2,4,1,6,36032,300,5000,3,1,1,1,1,2700103,1000000
2024MU0007177,1,1841.43,27,1,1,1,9,20268,168,7000,1,1,1,1,1,2700102,1000000
2024MU0007178,1,1841.43,18,1,1,1,11,13093,109,6000,3,1,1,5,1,2700112,1000000
2024MU0007179,1,1841.43,71,1,2,1,5,12610,105,6000,1,1,1,1,2,2700116,1000000
2024MU0007180,1,1841.43,26,1,5,1,8,35421,295,6000,1,1,1,1,1,2700119,1000000
2024MU0007181,1,1841.43,10,2,2,1,2,10701,89,0,0,6,1,5,1,2700115,1000000
2024MU0007182,1,1841.43,35,2,8,1,8,6547,54,8000,3,1,1,1,1,2700102,1000000
2024MU0007183,1,1841.43,41,2,9,1,7,40287,335,8000,1,2,1,5,1,2700104,1000000
2024MU0007184,1,1841.43,20,2,4,1,13,35462,295,6000,4,1,1,5,1,2700117,1000000
2024MU0007185,1,1841.43,16,2,3,1,12,7285,60,0,0,6,1,5,1,2700119,1000000
2024MU0007186,1,1841.43,17,2,2,1,13,5824,48,0,0,6,1,5,1,2700111,1000000
2024MU0007187,1,1841.43,65,1,1,1,9,17849,148,5000,6,2,1,1,1,2700116,1000000
2024MU0007188,1,1841.43,33,2,3,1,8,18507,154,9920,1,1,1,5,1,2700101,1000000
2024MU0007189,1,1841.43,24,1,2,1,12,22738,189,6000,4,5,1,5,1,2700123,1000000
2024MU0007190,1,1841.43,52,2,2,1,5,5169,43,5000,1,1,1,1,1,2700107,1000000
2024MU0007191,1,1841.43,21,1,3,1,15,71644,501,1000,3,1,2,5,1,2700111,1000000
2024MU0007192,1,1841.43,36,2,2,1,15,70710,501,3000,3,2,1,1,1,2700102,1000000
2024MU0007193,1,1841.43,13,2,4,1,1,2671,22,0,0,6,1,5,1,2700102,1000000
2024MU0007194,1,1841.43,34,2,2,1,11,47037,391,6000,3,1,1,5,1,2700114,1000000
2024MU0007195,1,1841.43,30,2,1,1,12,15546,129,8000,1,1,1,5,1,2700113,1000000
2024MU0007196,1,1841.43,26,1,2,1,12,9824,81,9800,4,1,1,1,1,2700112,1000000
2024MU0007197,1,1841.43,14,2,9,1,7,2837,23,0,0,6,1,5,1,2700114,1000000
2024MU0007198,1,1841.43,49,1,5,1,13,77672,501,6000,6,2,1,1,1,2700106,1000000
2024MU0007199,1,1841.43,10,1,1,1,1,4658,38,0,0,6,1,5,1,2700102,1000000
2024MU0007200,1,1841.43,16,1,2,1,14,2577,21,0,0,6,1,5,1,2700123,1000000
2024MU0007201,1,1841.43,14,1,8,1,6,12180,101,0,0,6,1,5,1,2700101,1000000
2024MU0007202,1,1841.43,14,2,1,1,9,19038,158,0,0,6,1,5,1,2700104,1000000
2024MU0007203,1,1841.43,12,2,1,1,7,4669,38,0,0,6,1,5,1,2700103,1000000
2024MU0007204,1,1841.43,95,2,1,1,5,7617,63,0,0,6,1,1,1,2700103,1000000
2024MU0007205,1,1841.43,29,1,3,1,9,46548,387,9000,1,1,1,5,1,2700101,1000000
2024MU0007206,1,1841.43,47,1,2,1,12,222069,501,9800,1,1,1,1,1,2700110,1000000
2024MU0007207,1,1841.43,37,1,1,1,11,80715,501,6000,1,1,1,1,1,2700116,1000000
2024MU0007208,1,1841.43,28,1,3,1,11,35745,297,6000,4,1,1,5,1,2700111,1000000
2024MU0007209,1,1841.43,4,1,1,1,5,1501,12,0,0,6,1,5,1,2700120,1000000
2024MU0007210,1,1841.43,14,1,3,1,2,4571,38,0,0,6,1,5,1,2700118,1000000
2024MU0007211,1,1841.43,14,2,2,1,7,7440,62,0,0,6,1,5,1,2700112,1000000
2024MU0007212,1,1841.43,36,2,2,1,15,110548,501,4000,1,1,1,5,1,2700118,1000000
2024MU0007213,1,1841.43,69,2,1,1,7,4396,36,9920,3,4,1,1,1,2700119,1000000
2024MU0007214,1,1841.43,39,1,3,1,12,64207,501,3000,1,1,1,1,1,2700120,1000000
2024MU0007215,1,1841.43,44,2,2,1,11,21822,181,7000,4,1,5,1,1,2700123,1000000
2024MU0007216,1,1841.43,27,2,2,1,8,21401,178,9800,1,1,1,1,1,2700104,1000000
2024MU0007217,1,1841.43,13,1,3,1,2,2828,23,0,0,6,1,5,1,2700107,1000000
2024MU0007218,1,1841.43,38,1,3,1,5,2934,24,9000,6,1,1,1,1,2700101,1000000
2024MU0007219,1,1841.43,36,1,1,1,16,90171,501,4000,1,1,1,1,1,2700110,1000000
2024MU0007220,1,1841.43,37,1,1,1,9,41870,348,7000,1,1,1,1,1,2700119,1000000
2024MU0007221,1,1841.43,17,1,1,1,11,16038,133,0,0,6,1,5,1,2700123,1000000
2024MU0007222,1,1841.43,13,1,3,1,4,5685,47,0,0,6,1,5,1,2700115,1000000
2024MU0007223,1,1841.43,51,1,3,1,5,4758,39,9000,1,1,1,1,1,2700101,1000000
2024MU0007224,1,1841.43,39,1,4,1,6,17676,147,9000,1,1,1,1,2,2700116,1000000
2024MU0007225,1,1841.43,59,2,3,1,9,24989,208,6000,4,1,1,5,1,2700122,1000000
2024MU0007226,1,1841.43,4,1,6,1,5,3004,25,0,0,6,1,5,1,2700116,1000000
2024MU0007227,1,1841.43,41,2,2,1,10,21667,180,7000,4,1,5,1,1,2700110,1000000
2024MU0007228,1,1841.43,18,1,1,1,16,28723,239,3000,2,2,1,5,1,2700123,1000000
2024MU0007229,1,1841.43,34,1,5,1,13,390438,501,9800,6,2,1,1,1,2700122,1000000
2024MU0007230,1,1841.43,29,2,1,1,10,106549,501,5000,1,1,1,1,1,2700109,1000000
2024MU0007231,1,1841.43,26,2,2,1,12,14440,120,5000,6,1,1,1,1,2700119,1000000
2024MU0007232,1,1841.43,28,1,1,1,9,30424,253,6000,1,1,1,5,1,2700114,1000000
2024MU0007233,1,1841.43,31,2,8,1,10,34979,291,9800,4,3,1,5,1,2700112,1000000
2024MU0007234,1,1841.43,59,2,2,1,8,14967,124,9000,1,1,1,5,1,2700119,1000000
2024MU0007235,1,1841.43,22,1,1,1,14,55175,459,7000,3,1,1,5,1,2700107,1000000
2024MU0007236,1,1841.43,14,1,3,1,3,3613,30,0,0,6,1,5,1,2700110,1000000
2024MU0007237,1,1841.43,50,2,1,1,5,7556,62,9920,1,3,1,1,1,2700119,1000000
2024MU0007238,1,1841.43,3,1,9,1,5,10109,84,0,0,6,1,5,1,2700113,1000000
2024MU0007239,1,1841.43,6,1,2,1,5,1493,12,0,0,6,1,5,1,2700110,1000000
2024MU0007240,1,1841.43,6,1,3,1,3,4663,38,0,0,6,1,5,1,2700110,1000000
2024MU0007241,1,1841.43,15,2,1,1,20,28366,236,0,0,6,1,5,1,2700108,1000000
2024MU0007242,1,1841.43,19,2,5,1,15,16000,133,6000,4,1,1,5,1,2700103,1000000
2024MU0007243,1,1841.43,28,2,8,1,16,123467,501,4000,2,1,1,1,1,2700105,1000000
2024MU0007244,1,1841.43,15,2,4,1,15,19700,164,0,0,6,1,5,1,2700112,1000000
2024MU0007245,1,1841.43,24,2,6,1,12,7810,65,7000,1,2,1,5,1,2700112,1000000
2024MU0007246,1,1841.43,35,2,1,1,18,76780,501,6000,4,5,1,1,1,2700122,1000000
2024MU0007247,1,1841.43,36,2,8,1,16,72002,501,3000,3,1,1,1,1,2700114,1000000
2024MU0007248,1,1841.43,27,2,3,1,11,12006,100,6000,1,1,1,1,1,2700110,1000000
2024MU0007249,1,1841.43,50,1,6,1,7,20745,172,9800,4,1,1,1,2,2700122,1000000
2024MU0007250,1,1841.43,29,2,3,1,8,3100,25,9000,3,1,1,1,1,2700120,1000000
2024MU0007251,1,1841.43,25,2,1,1,14,19250,160,3000,3,1,1,5,1,2700106,1000000
2024MU0007252,1,1841.43,36,2,3,1,6,17837,148,5000,1,1,1,1,1,2700123,1000000
2024MU0007253,1,1841.43,57,2,1,1,10,28568,238,9800,1,1,1,3,1,2700110,1000000
2024MU0007254,1,1841.43,14,2,3,1,5,2900,24,0,0,6,1,5,1,2700112,1000000
2024MU0007255,1,1841.43,25,2,2,1,8,5995,49,5000,4,1,1,1,1,2700115,1000000
2024MU0007256,1,1841.43,32,1,1,1,13,18567,154,9800,1,1,1,1,2,2700109,1000000
2024MU0007257,1,1841.43,13,1,9,1,6,2408,20,0,0,6,1,5,1,2700119,1000000
2024MU0007258,1,1841.43,56,1,8,1,8,22607,188,6000,3,1,1,1,1,2700103,1000000
2024MU0007259,1,1841.43,26,2,8,1,11,21440,178,7000,3,1,1,1,1,2700117,1000000
2024MU0007260,1,1841.43,12,1,4,1,7,4580,38,0,0,6,1,5,1,2700117,1000000
2024MU0007261,1,1841.43,19,1,3,1,15,57889,482,4000,2,1,1,5,1,2700113,1000000
2024MU0007262,1,1841.43,28,1,3,1,12,44210,368,6000,3,1,1,1,1,2700111,1000000
2024MU0007263,1,1841.43,20,2,1,1,14,4458,37,3000,2,1,1,5,1,2700107,1000000
2024MU0007264,1,1841.43,44,1,8,1,6,22941,191,5000,1,1,1,5,1,2700110,1000000
2024MU0007265,1,1841.43,76,2,8,1,12,37805,315,0,0,6,1,1,1,2700108,1000000
2024MU0007266,1,1841.43,51,2,3,1,9,24160,201,8000,1,5,1,2,1,2700118,1000000
2024MU0007267,1,1841.43,49,1,8,1,8,4508,37,7000,4,1,1,1,1,2700115,1000000
2024MU0007268,1,1841.43,10,1,3,1,6,2817,23,0,0,6,1,5,2,2700116,1000000
2024MU0007269,1,1841.43,49,2,2,1,10,49709,414,6000,4,1,1,1,1,2700109,1000000
2024MU0007270,1,1841.43,7,2,9,1,3,6437,53,0,0,6,1,5,1,2700101,1000000
2024MU0007271,1,1841.43,26,1,2,1,16,57780,481,1000,1,1,1,1,1,2700123,1000000
2024MU0007272,1,1841.43,28,1,3,1,6,2097,17,6000,4,5,1,1,1,2700118,1000000
2024MU0007273,1,1841.43,36,1,2,1,12,17833,148,7000,1,1,1,1,1,2700112,1000000
2024MU0007274,1,1841.43,12,1,3,1,4,5345,44,0,0,6,1,5,1,2700117,1000000
2024MU0007275,1,1841.43,5,1,3,1,3,19703,164,0,0,6,1,5,1,2700103,1000000
2024MU0007276,1,1841.43,51,1,3,1,12,35761,298,4000,1,1,1,3,1,2700104,1000000
2024MU0007277,1,1841.43,9,2,2,1,6,11456,95,0,0,6,1,5,2,2700117,1000000
2024MU0007278,1,1841.43,36,2,1,1,14,20794,173,4000,1,1,1,1,1,2700115,1000000
2024MU0007279,1,1841.43,6,2,3,1,4,2387,19,0,0,6,1,5,1,2700102,1000000
2024MU0007280,1,1841.43,57,2,8,1,16,24241,202,4000,2,1,1,2,1,2700105,1000000
2024MU0007281,1,1841.43,29,2,1,1,9,37631,313,7000,1,1,1,1,1,2700100,1000000
2024MU0007282,1,1841.43,6,2,1,1,5,1960,16,0,0,6,1,5,2,2700115,1000000
2024MU0007283,1,1841.43,43,1,1,1,15,169699,501,3000,3,1,1,1,1,2700111,1000000
2024MU0007284,1,1841.43,13,1,8,1,1,2681,22,0,0,6,1,5,1,2700101,1000000
2024MU0007285,1,1841.43,97,2,3,1,5,33668,280,0,0,6,5,1,1,2700122,1000000
2024MU0007286,1,1841.43,39,2,9,1,20,584739,501,3000,3,1,1,1,1,2700101,1000000
2024MU0007287,1,1841.43,3,1,3,1,9,2172,18,0,0,6,1,5,1,2700104,1000000
2024MU0007288,1,1841.43,29,1,2,1,14,43945,366,9000,6,2,1,1,1,2700119,1000000
2024MU0007289,1,1841.43,32,2,4,1,11,25900,215,9800,1,3,1,1,1,2700100,1000000
2024MU0007290,1,1841.43,34,1,1,1,11,68537,501,6000,6,1,1,1,1,2700104,1000000
2024MU0007291,1,1841.43,19,1,2,1,13,4253,35,6000,3,1,1,5,1,2700103,1000000
2024MU0007292,1,1841.43,36,2,2,1,10,119513,501,9800,4,2,1,1,1,2700123,1000000
2024MU0007293,1,1841.43,29,1,1,1,10,59774,498,9800,6,1,1,1,1,2700101,1000000
2024MU0007294,1,1841.43,15,2,2,1,10,4049,33,0,0,6,1,5,1,2700114,1000000
2024MU0007295,1,1841.43,20,2,1,1,14,9596,79,6000,3,4,1,5,1,2700104,1000000
2024MU0007296,1,1841.43,3,2,1,1,4,4563,38,0,0,6,1,5,1,2700113,1000000
2024MU0007297,1,1841.43,3,1,1,1,6,7125,59,0,0,6,1,5,1,2700108,1000000
2024MU0007298,1,1841.43,31,1,4,1,11,43215,360,9000,1,4,1,1,1,2700108,1000000
2024MU0007299,1,1841.43,43,1,1,1,13,75567,501,7000,3,1,1,5,1,2700110,1000000
2024MU0007300,1,1841.43,9,2,1,1,4,3787,31,0,0,6,1,5,1,2700118,1000000
2024MU0007301,1,1841.43,87,1,1,1,7,10897,90,0,0,6,1,1,1,2700109,1000000
2024MU0007302,1,1841.43,34,1,3,1,12,16727,139,6000,3,1,1,1,1,2700119,1000000
2024MU0007303,1,1841.43,52,1,3,1,7,13084,109,9000,6,1,1,2,1,2700109,1000000
2024MU0007304,1,1841.43,22,1,6,1,14,64986,501,7000,4,1,1,5,1,2700116,1000000
2024MU0007305,1,1841.43,99,1,5,1,9,48757,406,0,0,6,1,1,1,2700117,1000000
2024MU0007306,1,1841.43,47,2,1,1,9,49190,409,6000,3,2,1,1,1,2700121,1000000
2024MU0007307,1,1841.43,44,1,1,1,14,40657,338,5000,1,1,1,5,1,2700114,1000000
2024MU0007308,1,1841.43,10,1,1,1,5,11973,99,0,0,6,1,5,1,2700114,1000000
2024MU0007309,1,1841.43,61,1,9,1,5,12323,102,9920,1,1,1,1,1,2700105,1000000
2024MU0007310,1,1841.43,59,2,3,1,9,80916,501,9800,1,1,1,1,1,2700114,1000000
2024MU0007311,1,1841.43,4,1,1,1,6,3680,30,0,0,6,1,5,1,2700112,1000000
2024MU0007312,1,1841.43,1,2,1,1,5,4138,34,0,0,6,1,5,1,2700100,1000000
2024MU0007313,1,1841.43,21,2,2,1,18,15263,127,1000,1,1,1,5,1,2700104,1000000
2024MU0007314,1,1841.43,0,2,1,1,6,1475,12,0,0,6,1,5,1,2700114,1000000
2024MU0007315,1,1841.43,58,1,5,1,5,29216,243,9000,4,1,1,3,1,2700103,1000000
2024MU0007316,1,1841.43,45,2,3,1,6,63613,501,5000,4,1,1,1,1,2700105,1000000
2024MU0007317,1,1841.43,12,2,3,1,5,4361,36,0,0,6,1,5,1,2700111,1000000
2024MU0007318,1,1841.43,45,2,2,1,7,14035,116,9000,1,1,1,1,1,2700113,1000000
2024MU0007319,1,1841.43,1,1,1,1,5,9082,75,0,0,6,1,5,1,2700119,1000000
2024MU0007320,1,1841.43,16,2,3,1,18,36259,302,0,0,6,1,5,1,2700115,1000000
2024MU0007321,1,1841.43,14,2,3,1,5,588,4,0,0,6,1,5,1,2700107,1000000
2024MU0007322,1,1841.43,39,1,2,1,10,87368,501,9800,4,1,2,1,1,2700123,1000000
2024MU0007323,1,1841.43,56,1,2,1,10,14245,118,6000,4,1,1,1,1,2700110,1000000
2024MU0007324,1,1841.43,26,2,5,1,7,10588,88,6000,1,1,1,5,1,2700122,1000000
2024MU0007325,1,1841.43,47,1,1,1,11,31993,266,9000,3,1,1,5,1,2700101,1000000
2024MU0007326,1,1841.43,62,2,2,1,9,23191,193,9000,4,4,1,4,1,2700123,1000000
2024MU0007327,1,1841.43,23,1,1,1,15,81228,501,4000,1,1,1,5,1,2700117,1000000
2024MU0007328,1,1841.43,5,1,3,1,3,8192,68,0,0,6,1,5,1,2700100,1000000
2024MU0007329,1,1841.43,39,2,1,1,14,44544,371,9800,1,1,1,1,1,2700113,1000000
2024MU0007330,1,1841.43,14,1,3,1,5,12381,103,0,0,6,1,5,1,2700120,1000000
2024MU0007331,1,1841.43,37,2,1,1,6,54694,455,9920,1,1,1,5,1,2700121,1000000
2024MU0007332,1,1841.43,6,2,1,1,8,13574,113,0,0,6,1,5,1,2700100,1000000
2024MU0007333,1,1841.43,14,2,3,1,6,3832,31,0,0,6,1,5,1,2700100,1000000
2024MU0007334,1,1841.43,67,2,3,1,8,4556,37,7000,1,1,1,5,1,2700107,1000000
2024MU0007335,1,1841.43,36,2,8,1,10,42562,354,3000,3,2,5,1,1,2700113,1000000
2024MU0007336,1,1841.43,18,1,2,1,20,104682,501,3000,1,1,1,5,1,2700112,1000000
2024MU0007337,1,1841.43,35,2,2,1,14,91865,501,9000,3,1,1,1,1,2700109,1000000
2024MU0007338,1,1841.43,32,1,3,1,11,7084,59,5000,6,5,2,1,1,2700104,1000000
2024MU0007339,1,1841.43,30,1,1,1,12,53982,449,4000,3,3,1,5,1,2700117,1000000
2024MU0007340,1,1841.43,30,2,1,1,9,8305,69,6000,1,1,1,1,1,2700106,1000000
2024MU0007341,1,1841.43,24,2,1,1,12,28667,238,3000,3,1,1,5,1,2700116,1000000
2024MU0007342,1,1841.43,5,1,1,1,3,2624,21,0,0,6,1,5,1,2700110,1000000
2024MU0007343,1,1841.43,4,1,1,1,3,2051,17,0,0,6,2,5,1,2700103,1000000
2024MU0007344,1,1841.43,26,2,9,1,13,52645,438,9000,4,2,1,1,1,2700100,1000000
2024MU0007345,1,1841.43,28,1,5,1,7,6367,53,5000,1,5,1,5,1,2700115,1000000
2024MU0007346,1,1841.43,42,2,9,1,12,43289,360,9000,3,1,1,1,1,2700123,1000000
2024MU0007347,1,1841.43,31,2,9,1,11,22689,189,5000,4,1,2,1,1,2700114,1000000
2024MU0007348,1,1841.43,1,1,2,1,4,4251,35,0,0,6,1,5,1,2700120,1000000
2024MU0007349,1,1841.43,24,1,1,1,13,56878,473,9800,1,1,5,5,1,2700117,1000000
2024MU0007350,1,1841.43,32,2,3,1,11,23571,196,7000,4,1,1,1,1,2700114,1000000
2024MU0007351,1,1841.43,30,1,8,1,9,68205,501,3000,1,1,1,1,1,2700119,1000000
2024MU0007352,1,1841.43,18,1,2,1,14,11334,94,9000,3,1,2,5,1,2700117,1000000
2024MU0007353,1,1841.43,43,1,2,1,11,45046,375,6000,1,1,1,1,1,2700107,1000000
2024MU0007354,1,1841.43,61,1,1,1,8,10093,84,9000,4,1,1,1,1,2700121,1000000
2024MU0007355,1,1841.43,11,1,2,1,6,7440,62,0,0,6,1,5,1,2700108,1000000
2024MU0007356,1,1841.43,27,2,2,1,13,46467,387,9800,1,1,1,5,1,2700113,1000000
2024MU0007357,1,1841.43,35,2,2,1,14,39692,330,7000,1,1,1,1,1,2700111,1000000
2024MU0007358,1,1841.43,36,2,8,1,8,18853,157,9800,1,1,1,1,1,2700105,1000000
2024MU0007359,1,1841.43,32,2,1,1,20,345867,501,3000,3,1,1,1,1,2700101,1000000
2024MU0007360,1,1841.43,27,1,9,1,11,42443,353,9000,1,3,1,1,1,2700102,1000000
2024MU0007361,1,1841.43,38,1,1,1,13,35160,293,4000,2,2,1,2,1,2700117,1000000
2024MU0007362,1,1841.43,67,2,9,1,9,41062,342,9800,4,1,1,1,1,2700118,1000000
2024MU0007363,1,1841.43,50,2,2,1,10,66495,501,5000,1,1,1,2,1,2700118,1000000
2024MU0007364,1,1841.43,14,2,3,1,9,47757,397,0,0,6,1,5,1,2700108,1000000
2024MU0007365,1,1841.43,34,2,1,1,8,4567,38,6000,3,1,1,1,1,2700112,1000000
2024MU0007366,1,1841.43,23,2,3,1,14,47488,395,9800,1,2,1,5,1,2700107,1000000
2024MU0007367,1,1841.43,18,1,8,1,12,24403,203,5000,3,1,1,1,1,2700104,1000000
2024MU0007368,1,1841.43,24,2,1,1,12,58716,489,6000,6,1,1,5,1,2700114,1000000
2024MU0007369,1,1841.43,22,2,1,1,17,67861,501,4000,1,1,1,5,1,2700106,1000000
2024MU0007370,1,1841.43,45,2,1,1,5,5387,44,9920,4,1,1,1,1,2700103,1000000
2024MU0007371,1,1841.43,22,2,1,1,18,198918,501,5000,4,1,2,1,1,2700123,1000000
2024MU0007372,1,1841.43,38,2,1,1,12,31104,259,5000,1,2,1,1,1,2700104,1000000
2024MU0007373,1,1841.43,24,1,3,1,14,23624,196,9000,3,1,1,5,1,2700111,1000000
2024MU0007374,1,1841.43,17,2,1,1,14,46286,385,0,0,6,1,5,1,2700113,1000000
2024MU0007375,1,1841.43,39,2,3,1,7,5789,48,7000,4,1,1,1,1,2700111,1000000
2024MU0007376,1,1841.43,25,2,6,1,17,129080,501,6000,3,2,1,5,1,2700110,1000000
2024MU0007377,1,1841.43,31,2,3,1,13,25710,214,8000,3,1,1,1,1,2700109,1000000
2024MU0007378,1,1841.43,7,1,1,1,3,2154,17,0,0,6,1,5,1,2700113,1000000
2024MU0007379,1,1841.43,3,2,3,1,1,4583,38,0,0,6,1,5,1,2700109,1000000
2024MU0007380,1,1841.43,42,2,2,1,8,27540,229,8000,1,1,1,1,1,2700102,1000000
2024MU0007381,1,1841.43,26,2,1,1,8,22857,190,8000,3,1,1,1,1,2700116,1000000
2024MU0007382,1,1841.43,23,1,1,1,17,151106,501,4000,1,4,1,5,1,2700118,1000000
2024MU0007383,1,1841.43,77,2,8,1,9,11072,92,0,0,6,1,1,1,2700118,1000000
2024MU0007384,1,1841.43,60,1,3,1,7,5351,44,9800,1,1,1,1,1,2700104,1000000
2024MU0007385,1,1841.43,29,2,1,1,16,64297,501,1000,3,1,1,1,1,2700104,1000000
2024MU0007386,1,1841.43,18,1,2,1,12,13894,115,5000,1,1,1,5,1,2700122,1000000
2024MU0007387,1,1841.43,55,2,1,1,9,31446,262,6000,3,1,1,2,1,2700102,1000000
2024MU0007388,1,1841.43,4,1,9,1,6,219,1,0,0,6,1,5,2,2700107,1000000
2024MU0007389,1,1841.43,2,1,9,1,1,929,7,0,0,6,1,5,1,2700117,1000000
2024MU0007390,1,1841.43,37,2,1,1,10,36827,306,7000,1,1,1,1,1,2700112,1000000
2024MU0007391,1,1841.43,57,1,2,1,10,66081,501,6000,1,1,1,5,1,2700115,1000000
2024MU0007392,1,1841.43,22,2,3,1,14,15422,128,5000,3,2,1,5,1,2700117,1000000
2024MU0007393,1,1841.43,12,2,2,1,4,7204,60,0,0,6,1,5,1,2700121,1000000
2024MU0007394,1,1841.43,54,2,1,1,10,12742,106,9800,1,1,1,1,1,2700115,1000000
2024MU0007395,1,1841.43,36,1,3,1,10,52115,434,3000,1,2,1,1,1,2700107,1000000
2024MU0007396,1,1841.43,18,2,1,1,12,13095,109,9800,1,1,1,5,1,2700117,1000000
2024MU0007397,1,1841.43,63,1,3,1,5,19438,161,9920,3,1,1,1,1,2700100,1000000
2024MU0007398,1,1841.43,26,2,2,1,11,14343,119,8000,1,1,1,1,1,2700112,1000000
2024MU0007399,1,1841.43,16,2,3,1,12,3687,30,0,0,6,1,5,1,2700113,1000000
2024MU0007400,1,1841.43,30,1,3,1,16,183130,501,1000,1,2,1,1,1,2700112,1000000
2024MU0007401,1,1841.43,11,1,2,1,7,1182,9,0,0,6,1,5,1,2700105,1000000
2024MU0007402,1,1841.43,23,1,3,1,14,16936,141,5000,3,1,1,5,1,2700120,1000000
2024MU0007403,1,1841.43,29,2,2,1,15,182018,501,6000,1,1,1,1,1,2700109,1000000
2024MU0007404,1,1841.43,6,1,1,1,5,4591,38,0,0,6,2,5,1,2700112,1000000
2024MU0007405,1,1841.43,24,2,1,1,12,37608,313,9800,1,1,2,5,1,2700112,1000000
2024MU0007406,1,1841.43,10,2,1,1,5,6606,55,0,0,6,1,5,1,2700103,1000000
2024MU0007407,1,1841.43,2,2,1,1,6,6420,53,0,0,6,1,5,1,2700107,1000000
2024MU0007408,1,1841.43,8,2,3,1,1,3940,32,0,0,6,1,5,1,2700109,1000000
2024MU0007409,1,1841.43,27,1,2,1,9,15457,128,9800,4,1,2,1,1,2700105,1000000
2024MU0007410,1,1841.43,7,2,1,1,1,34312,285,0,0,6,1,5,1,2700113,1000000
2024MU0007411,1,1841.43,36,2,5,1,9,35506,295,9800,1,1,1,1,1,2700104,1000000
2024MU0007412,1,1841.43,57,2,3,1,8,17410,145,5000,1,1,1,1,1,2700114,1000000
2024MU0007413,1,1841.43,59,1,2,1,10,49419,411,7000,3,1,1,5,1,2700120,1000000
2024MU0007414,1,1841.43,29,1,1,1,8,6977,58,9800,1,2,1,1,1,2700106,1000000
2024MU0007415,1,1841.43,40,1,1,1,5,11404,95,6000,1,4,1,2,1,2700123,1000000
2024MU0007416,1,1841.43,33,1,2,1,9,123510,501,6000,3,1,1,1,1,2700101,1000000
2024MU0007417,1,1841.43,18,1,8,1,18,19008,158,3000,1,2,1,5,1,2700107,1000000
2024MU0007418,1,1841.43,13,1,1,1,4,5574,46,0,0,6,1,5,1,2700119,1000000
2024MU0007419,1,1841.43,42,2,3,1,9,81586,501,3000,1,1,1,1,1,2700106,1000000
2024MU0007420,1,1841.43,42,1,9,1,9,37512,312,4000,1,4,5,1,1,2700116,1000000
2024MU0007421,1,1841.43,16,2,3,1,17,27992,233,0,0,6,1,5,1,2700120,1000000
2024MU0007422,1,1841.43,55,1,2,1,9,70957,501,3000,1,1,1,1,1,2700100,1000000
2024MU0007423,1,1841.43,41,2,3,1,5,14363,119,8000,6,1,1,1,1,2700105,1000000
2024MU0007424,1,1841.43,92,2,5,1,6,1267,10,0,0,6,1,5,1,2700107,1000000
2024MU0007425,1,1841.43,5,2,3,1,2,13348,111,0,0,6,1,5,1,2700120,1000000
2024MU0007426,1,1841.43,60,2,7,1,8,6121,51,9000,1,3,1,1,1,2700103,1000000
2024MU0007427,1,1841.43,74,1,2,1,5,7936,66,6000,3,2,1,1,1,2700118,1000000
2024MU0007428,1,1841.43,20,2,5,1,13,4331,36,9800,1,1,1,5,1,2700104,1000000
2024MU0007429,1,1841.43,24,1,9,1,16,58123,484,6000,3,2,1,5,1,2700119,1000000
2024MU0007430,1,1841.43,45,1,2,1,8,11306,94,5000,1,1,1,3,1,2700112,1000000
2024MU0007431,1,1841.43,25,1,3,1,13,32819,273,4000,2,2,1,1,1,2700111,1000000
2024MU0007432,1,1841.43,25,2,3,1,10,15722,131,6000,4,1,1,1,1,2700120,1000000
2024MU0007433,1,1841.43,1,1,4,1,9,43652,363,0,0,6,1,5,1,2700112,1000000
2024MU0007434,1,1841.43,47,2,5,1,17,120215,501,5000,1,1,1,1,1,2700121,1000000
2024MU0007435,1,1841.43,28,1,1,1,14,53829,448,7000,1,2,1,1,1,2700118,1000000
2024MU0007436,1,1841.43,36,2,3,1,18,117831,501,4000,3,1,1,1,1,2700101,1000000
2024MU0007437,1,1841.43,57,2,4,1,7,29667,247,5000,4,1,1,1,1,2700112,1000000
2024MU0007438,1,1841.43,30,1,3,1,14,10015,83,6000,1,1,1,1,1,2700107,1000000
2024MU0007439,1,1841.43,21,1,3,1,14,6652,55,9800,4,3,1,5,2,2700115,1000000
2024MU0007440,1,1841.43,14,2,1,1,6,2640,22,0,0,6,1,5,1,2700113,1000000
2024MU0007441,1,1841.43,0,1,2,1,4,2623,21,0,0,6,1,5,1,2700120,1000000
2024MU0007442,1,1841.43,28,1,5,1,9,41769,348,6000,3,1,1,5,1,2700100,1000000
2024MU0007443,1,1841.43,7,2,9,1,9,16432,136,0,0,6,1,5,1,2700103,1000000
2024MU0007444,1,1841.43,30,1,1,1,8,15109,125,8000,1,1,1,1,1,2700120,1000000
2024MU0007445,1,1841.43,9,1,3,1,6,3852,32,0,0,6,1,5,1,2700105,1000000
2024MU0007446,1,1841.43,7,1,5,1,6,28238,235,0,0,6,1,5,1,2700104,1000000
2024MU0007447,1,1841.43,57,1,4,1,8,17320,144,5000,4,2,1,1,2,2700115,1000000
2024MU0007448,1,1841.43,20,1,3,1,14,2294,19,4000,2,1,1,5,1,2700104,1000000
2024MU0007449,1,1841.43,26,1,1,1,7,19790,164,7000,4,1,1,1,1,2700108,1000000
2024MU0007450,1,1841.43,18,1,3,1,19,78886,501,3000,1,4,1,1,1,2700111,1000000
2024MU0007451,1,1841.43,36,1,4,1,18,237501,501,4000,2,1,1,1,1,2700108,1000000
2024MU0007452,1,1841.43,48,2,3,1,11,66250,501,5000,1,3,1,1,2,2700110,1000000
2024MU0007453,1,1841.43,9,2,4,1,7,1943,16,0,0,6,1,5,1,2700105,1000000
2024MU0007454,1,1841.43,15,2,2,1,11,20313,169,0,0,6,1,5,1,2700119,1000000
2024MU0007455,1,1841.43,23,1,9,1,14,31143,259,9000,4,1,1,5,1,2700108,1000000
2024MU0007456,1,1841.43,17,1,4,1,14,22659,188,0,0,6,1,5,1,2700107,1000000
2024MU0007457,1,1841.43,9,2,3,1,5,13826,115,0,0,6,1,5,1,2700115,1000000
2024MU0007458,1,1841.43,98,2,9,1,5,6059,50,0,0,6,1,3,1,2700106,1000000
2024MU0007459,1,1841.43,48,1,8,1,10,80449,501,5000,1,1,1,1,1,2700120,1000000
2024MU0007460,1,1841.43,36,1,5,1,12,89848,501,8000,1,1,1,1,1,2700117,1000000
2024MU0007461,1,1841.43,19,1,3,1,12,12175,101,9800,4,1,1,5,1,2700114,1000000
2024MU0007462,1,1841.43,49,2,2,1,6,76787,501,7000,1,1,1,5,1,2700101,1000000
2024MU0007463,1,1841.43,29,1,1,1,5,24668,205,6000,6,1,1,5,1,2700100,1000000
2024MU0007464,1,1841.43,23,2,1,1,17,55582,463,6000,3,1,1,1,1,2700117,1000000
2024MU0007465,1,1841.43,24,2,2,1,14,34853,290,7000,3,1,1,5,1,2700110,1000000
2024MU0007466,1,1841.43,5,2,3,1,3,7975,66,0,0,6,1,5,2,2700120,1000000
2024MU0007467,1,1841.43,57,2,1,1,12,139255,501,9800,1,1,1,1,1,2700122,1000000
2024MU0007468,1,1841.43,15,1,8,1,12,16825,140,0,0,6,1,5,1,2700105,1000000
2024MU0007469,1,1841.43,29,2,3,1,10,35577,296,9000,3,2,1,1,1,2700112,1000000
2024MU0007470,1,1841.43,58,2,2,1,11,87962,501,6000,4,1,1,1,1,2700111,1000000
2024MU0007471,1,1841.43,21,2,2,1,15,25961,216,4000,3,1,1,5,1,2700116,1000000
2024MU0007472,1,1841.43,32,2,1,1,11,21792,181,5000,4,2,1,1,1,2700108,1000000
2024MU0007473,1,1841.43,17,2,8,1,12,17830,148,0,0,6,1,5,1,2700104,1000000
2024MU0007474,1,1841.43,54,1,1,1,6,9872,82,7000,1,1,1,1,1,2700113,1000000
2024MU0007475,1,1841.43,31,1,3,1,12,291664,501,7000,3,4,1,1,1,2700120,1000000
2024MU0007476,1,1841.43,35,2,3,1,5,19627,163,8000,4,2,1,5,1,2700112,1000000
2024MU0007477,1,1841.43,56,1,3,1,13,59689,497,7000,4,1,1,2,1,2700119,1000000
2024MU0007478,1,1841.43,24,1,2,1,14,18714,155,9000,4,1,1,1,1,2700111,1000000
2024MU0007479,1,1841.43,59,1,1,1,9,88011,501,5000,4,1,1,1,1,2700114,1000000
2024MU0007480,1,1841.43,31,2,1,1,8,15689,130,5000,4,2,1,5,1,2700104,1000000
2024MU0007481,1,1841.43,33,1,2,1,16,109930,501,2000,2,1,1,1,1,2700108,1000000
2024MU0007482,1,1841.43,27,2,4,1,12,27078,225,9000,4,2,2,1,1,2700121,1000000
2024MU0007483,1,1841.43,52,1,2,1,9,14706,122,4000,3,1,1,1,1,2700114,1000000
2024MU0007484,1,1841.43,19,1,1,1,16,25481,212,3000,1,2,1,5,1,2700114,1000000
2024MU0007485,1,1841.43,52,1,1,1,8,20680,172,6000,4,1,5,1,1,2700101,1000000
2024MU0007486,1,1841.43,19,1,3,1,14,3693,30,8000,6,1,1,1,1,2700113,1000000
2024MU0007487,1,1841.43,48,2,2,1,8,36303,302,7000,1,1,1,1,1,2700101,1000000
2024MU0007488,1,1841.43,24,2,1,1,14,24077,200,5000,1,2,1,1,1,2700113,1000000
2024MU0007489,1,1841.43,14,2,3,1,3,4874,40,0,0,6,1,5,1,2700105,1000000
2024MU0007490,1,1841.43,19,1,1,1,11,2280,19,6000,1,1,1,5,1,2700114,1000000
2024MU0007491,1,1841.43,22,1,2,1,10,34007,283,8000,1,1,1,1,1,2700118,1000000
2024MU0007492,1,1841.43,25,1,1,1,7,4639,38,9800,6,1,1,1,1,2700115,1000000
2024MU0007493,1,1841.43,57,1,9,1,7,10085,84,5000,1,2,1,2,1,2700108,1000000
2024MU0007494,1,1841.43,53,1,1,1,14,12121,101,9000,4,1,1,2,1,2700111,1000000
2024MU0007495,1,1841.43,20,2,2,1,16,17446,145,1000,3,2,1,5,1,2700118,1000000
2024MU0007496,1,1841.43,13,1,9,1,9,9716,80,0,0,6,1,5,1,2700115,1000000
2024MU0007497,1,1841.43,20,1,1,1,14,9007,75,9000,4,5,1,5,1,2700111,1000000
2024MU0007498,1,1841.43,54,2,3,1,9,67451,501,8000,1,1,1,1,1,2700121,1000000
2024MU0007499,1,1841.43,8,1,1,1,6,899,7,0,0,6,1,5,1,2700118,1000000
2024MU0007500,1,1841.43,20,2,1,1,15,28715,239,4000,1,1,1,5,1,2700123,1000000
2024MU0007501,1,1841.43,50,2,3,1,9,33882,282,5000,1,3,1,1,1,2700107,1000000
2024MU0007502,1,1841.43,1,1,8,1,5,2778,23,0,0,6,1,5,1,2700111,1000000
2024MU0007503,1,1841.43,36,1,2,1,12,22996,191,9000,1,1,1,1,1,2700112,1000000
2024MU0007504,1,1841.43,44,2,3,1,12,94263,501,4000,1,1,1,3,1,2700120,1000000
2024MU0007505,1,1841.43,7,1,3,1,6,20623,171,0,0,6,1,5,1,2700102,1000000
2024MU0007506,1,1841.43,6,1,2,1,9,3281,27,0,0,6,1,5,1,2700114,1000000
2024MU0007507,1,1841.43,39,2,3,1,17,68037,501,6000,1,1,1,5,1,2700101,1000000
2024MU0007508,1,1841.43,30,1,1,1,10,21574,179,9000,1,1,1,1,1,2700121,1000000
2024MU0007509,1,1841.43,16,1,2,1,10,8946,74,0,0,6,1,5,1,2700116,1000000
2024MU0007510,1,1841.43,21,2,2,1,10,26242,218,9000,1,3,1,5,1,2700115,1000000
2024MU0007511,1,1841.43,5,2,6,1,2,6112,50,0,0,6,1,5,1,2700114,1000000
2024MU0007512,1,1841.43,27,1,1,1,6,9450,78,9800,1,1,1,1,1,2700111,1000000
2024MU0007513,1,1841.43,53,1,3,1,8,13535,112,5000,4,1,1,1,1,2700113,1000000
2024MU0007514,1,1841.43,42,1,1,1,5,12420,103,9920,3,1,1,1,1,2700116,1000000
2024MU0007515,1,1841.43,45,1,1,1,10,73084,501,9800,3,1,1,3,1,2700108,1000000
2024MU0007516,1,1841.43,99,2,3,1,5,13294,110,0,0,6,1,1,1,2700104,1000000
2024MU0007517,1,1841.43,25,2,4,1,11,43948,366,7000,4,1,1,5,1,2700122,1000000
2024MU0007518,1,1841.43,54,2,2,1,6,2304,19,9800,1,1,1,1,1,2700120,1000000
2024MU0007519,1,1841.43,6,1,1,1,7,4050,33,0,0,6,1,5,1,2700115,1000000
2024MU0007520,1,1841.43,23,1,8,1,17,70610,501,5000,4,1,1,5,1,2700115,1000000
2024MU0007521,1,1841.43,10,1,1,1,4,8857,73,0,0,6,1,5,1,2700123,1000000
2024MU0007522,1,1841.43,17,1,3,1,19,67210,501,0,0,6,1,5,1,2700108,1000000
2024MU0007523,1,1841.43,44,1,3,1,6,25027,208,9800,1,1,1,1,1,2700104,1000000
2024MU0007524,1,1841.43,88,1,3,1,10,12837,106,0,0,6,1,1,1,2700115,1000000
2024MU0007525,1,1841.43,46,1,9,1,9,84111,501,6000,1,1,1,1,1,2700108,1000000
2024MU0007526,1,1841.43,0,2,3,1,3,10754,89,0,0,6,1,5,1,2700120,1000000
2024MU0007527,1,1841.43,100,2,1,1,5,1817,15,0,0,6,1,5,2,2700123,1000000
2024MU0007528,1,1841.43,26,2,2,1,7,3789,31,7000,1,5,1,5,1,2700107,1000000
2024MU0007529,1,1841.43,41,1,2,1,13,74312,501,9000,1,2,1,1,1,2700123,1000000
2024MU0007530,1,1841.43,38,2,1,1,12,38624,321,9000,1,1,1,1,2,2700115,1000000
2024MU0007531,1,1841.43,11,2,8,1,3,9127,76,0,0,6,1,5,1,2700119,1000000
2024MU0007532,1,1841.43,17,1,1,1,15,34238,285,0,0,6,1,5,1,2700104,1000000
2024MU0007533,1,1841.43,30,2,3,1,7,27906,232,8000,6,1,1,1,1,2700117,1000000
2024MU0007534,1,1841.43,42,2,3,1,5,8817,73,7000,3,1,5,1,1,2700112,1000000
2024MU0007535,1,1841.43,12,1,6,1,8,5259,43,0,0,6,1,5,1,2700101,1000000
2024MU0007536,1,1841.43,0,1,3,1,4,5271,43,0,0,6,1,5,1,2700102,1000000
2024MU0007537,1,1841.43,93,1,3,1,7,3849,32,0,0,6,2,1,1,2700102,1000000
2024MU0007538,1,1841.43,6,1,1,1,8,8931,74,0,0,6,1,5,1,2700114,1000000
2024MU0007539,1,1841.43,2,1,3,1,4,879,7,0,0,6,1,5,1,2700101,1000000
2024MU0007540,1,1841.43,38,2,1,1,9,50398,419,9800,1,2,1,1,1,2700105,1000000
2024MU0007541,1,1841.43,1,2,8,1,3,1423,11,0,0,6,1,5,1,2700103,1000000
2024MU0007542,1,1841.43,8,1,1,1,5,1769,14,0,0,6,1,5,1,2700121,1000000
2024MU0007543,1,1841.43,34,2,1,1,11,86899,501,6000,4,1,1,5,1,2700105,1000000
2024MU0007544,1,1841.43,84,2,2,1,5,2770,23,0,0,6,1,2,1,2700116,1000000
2024MU0007545,1,1841.43,11,1,4,1,6,1607,13,0,0,6,1,5,1,2700117,1000000
2024MU0007546,1,1841.43,36,1,3,1,14,65417,501,9000,4,1,1,1,1,2700117,1000000
2024MU0007547,1,1841.43,24,2,1,1,16,40553,337,4000,1,2,5,5,1,2700109,1000000
2024MU0007548,1,1841.43,19,2,1,1,18,54554,454,3000,2,2,1,5,1,2700113,1000000
2024MU0007549,1,1841.43,39,1,1,1,9,68428,501,8000,6,1,1,1,1,2700110,1000000
2024MU0007550,1,1841.43,51,1,2,1,6,7171,59,9800,3,1,1,2,1,2700104,1000000
2024MU0007551,1,1841.43,29,1,2,1,13,57706,480,9800,3,3,1,5,1,2700121,1000000
2024MU0007552,1,1841.43,6,2,2,1,2,849,7,0,0,6,2,5,1,2700111,1000000
2024MU0007553,1,1841.43,58,1,3,1,5,19496,162,5000,4,1,1,1,1,2700113,1000000
2024MU0007554,1,1841.43,32,2,2,1,6,5915,49,9920,3,1,1,5,1,2700105,1000000
2024MU0007555,1,1841.43,20,1,9,1,17,21634,180,4000,3,2,1,5,1,2700110,1000000
2024MU0007556,1,1841.43,36,1,1,1,5,11107,92,5000,1,1,1,5,1,2700107,1000000
2024MU0007557,1,1841.43,1,2,3,1,3,11171,93,0,0,6,1,5,1,2700103,1000000
2024MU0007558,1,1841.43,18,1,3,1,12,7670,63,9000,4,1,1,5,1,2700104,1000000
2024MU0007559,1,1841.43,82,2,1,1,10,17185,143,0,0,6,1,2,1,2700117,1000000
2024MU0007560,1,1841.43,16,1,2,1,15,22768,189,0,0,6,1,5,2,2700107,1000000
2024MU0007561,1,1841.43,45,2,2,1,7,7304,60,6000,3,2,1,5,1,2700122,1000000
2024MU0007562,1,1841.43,31,1,1,1,14,21186,176,9800,1,1,1,1,1,2700105,1000000
2024MU0007563,1,1841.43,23,1,2,1,17,95043,501,3000,3,1,1,5,1,2700110,1000000
2024MU0007564,1,1841.43,23,2,2,1,15,77732,501,5000,6,2,1,5,1,2700111,1000000
2024MU0007565,1,1841.43,1,1,1,1,3,7376,61,0,0,6,1,5,1,2700120,1000000
2024MU0007566,1,1841.43,19,2,2,1,16,25611,213,3000,1,1,1,5,1,2700121,1000000
2024MU0007567,1,1841.43,24,1,2,1,19,143204,501,2000,3,1,1,5,1,2700117,1000000
2024MU0007568,1,1841.43,41,2,1,1,5,29582,246,5000,1,5,1,1,1,2700120,1000000
2024MU0007569,1,1841.43,24,2,1,1,13,22390,186,7000,1,1,1,5,1,2700102,1000000
2024MU0007570,1,1841.43,4,2,3,1,3,1266,10,0,0,6,1,5,1,2700112,1000000
2024MU0007571,1,1841.43,19,2,3,1,16,49244,410,4000,1,5,1,5,1,2700100,1000000
2024MU0007572,1,1841.43,55,2,9,1,11,22606,188,4000,3,1,1,2,1,2700102,1000000
2024MU0007573,1,1841.43,5,2,1,1,3,4228,35,0,0,6,1,5,1,2700106,1000000
2024MU0007574,1,1841.43,6,1,1,1,3,2427,20,0,0,6,1,5,1,2700116,1000000
2024MU0007575,1,1841.43,4,2,1,1,8,1840,15,0,0,6,1,5,1,2700117,1000000
2024MU0007576,1,1841.43,31,1,2,1,14,11535,96,5000,4,1,1,1,1,2700121,1000000
2024MU0007577,1,1841.43,18,1,3,1,19,70658,501,3000,1,1,1,5,1,2700115,1000000
2024MU0007578,1,1841.43,18,1,2,1,18,3864,32,6000,3,4,1,1,1,2700106,1000000
2024MU0007579,1,1841.43,37,2,4,1,10,108137,501,9800,1,2,1,1,1,2700115,1000000
2024MU0007580,1,1841.43,59,1,3,1,6,30503,254,8000,4,1,5,1,1,2700123,1000000
2024MU0007581,1,1841.43,17,2,9,1,16,17159,142,0,0,6,1,5,1,2700123,1000000
2024MU0007582,1,1841.43,35,1,1,1,9,132468,501,6000,1,1,1,1,1,2700107,1000000
2024MU0007583,1,1841.43,60,1,1,1,7,69469,501,9920,1,1,1,1,1,2700111,1000000
2024MU0007584,1,1841.43,4,2,1,1,4,3220,26,0,0,6,1,5,1,2700120,1000000
2024MU0007585,1,1841.43,1,1,1,1,8,5568,46,0,0,6,1,5,1,2700112,1000000
2024MU0007586,1,1841.43,6,1,9,1,1,4469,37,0,0,6,1,5,1,2700122,1000000
2024MU0007587,1,1841.43,3,1,1,1,2,13452,112,0,0,6,1,5,1,2700120,1000000
2024MU0007588,1,1841.43,3,2,3,1,5,1315,10,0,0,6,1,5,1,2700104,1000000
2024MU0007589,1,1841.43,30,1,1,1,16,103352,501,6000,4,1,1,1,1,2700112,1000000
2024MU0007590,1,1841.43,15,1,1,1,19,94440,501,0,0,6,1,5,1,2700105,1000000
2024MU0007591,1,1841.43,50,2,1,1,10,64181,501,5000,3,1,1,5,1,2700101,1000000
2024MU0007592,1,1841.43,50,1,1,1,5,12909,107,8000,4,4,1,2,1,2700114,1000000
2024MU0007593,1,1841.43,63,2,3,1,7,40694,339,9800,3,1,1,1,1,2700116,1000000
2024MU0007594,1,1841.43,35,1,9,1,16,136272,501,6000,1,1,1,1,1,2700123,1000000
2024MU0007595,1,1841.43,55,1,3,1,9,39323,327,8000,3,1,1,2,1,2700108,1000000
2024MU0007596,1,1841.43,6,2,2,1,6,6999,58,0,0,6,1,5,1,2700121,1000000
2024MU0007597,1,1841.43,17,2,1,1,13,10440,87,0,0,6,1,5,1,2700118,1000000
2024MU0007598,1,1841.43,26,2,6,1,5,11126,92,7000,1,1,1,1,1,2700110,1000000
2024MU0007599,1,1841.43,56,2,1,1,10,20929,174,6000,1,1,1,1,1,2700100,1000000
2024MU0007600,1,1841.43,4,1,8,1,7,41887,349,0,0,6,1,5,1,2700105,1000000
2024MU0007601,1,1841.43,54,1,2,1,20,156888,501,4000,2,2,1,3,1,2700122,1000000
2024MU0007602,1,1841.43,2,1,1,1,7,7182,59,0,0,6,1,5,1,2700117,1000000
2024MU0007603,1,1841.43,69,2,2,1,8,30755,256,6000,4,1,1,2,1,2700104,1000000
2024MU0007604,1,1841.43,3,2,9,1,5,1368,11,0,0,6,1,5,1,2700113,1000000
2024MU0007605,1,1841.43,39,2,1,1,15,170932,501,4000,3,1,1,1,1,2700102,1000000
2024MU0007606,1,1841.43,21,1,1,1,10,11072,92,7000,3,5,1,5,1,2700121,1000000
2024MU0007607,1,1841.43,23,1,1,1,20,390124,501,4000,3,3,1,5,1,2700102,1000000
2024MU0007608,1,1841.43,87,2,3,1,8,3227,26,0,0,6,1,1,1,2700110,1000000
2024MU0007609,1,1841.43,34,2,1,1,18,75430,501,4000,1,2,1,1,1,2700123,1000000
2024MU0007610,1,1841.43,45,2,4,1,12,42082,350,7000,3,1,1,1,1,2700101,1000000
2024MU0007611,1,1841.43,43,2,8,1,6,10802,90,6000,1,1,1,1,1,2700114,1000000
2024MU0007612,1,1841.43,42,1,9,1,6,11102,92,9800,4,1,1,1,1,2700110,1000000
2024MU0007613,1,1841.43,48,1,1,1,8,81232,501,9800,3,1,1,1,1,2700119,1000000
2024MU0007614,1,1841.43,66,1,3,1,6,7394,61,9800,1,1,1,2,1,2700123,1000000
2024MU0007615,1,1841.43,30,1,1,1,10,25160,209,4000,1,1,1,5,1,2700109,1000000
2024MU0007616,1,1841.43,59,1,3,1,10,27639,230,7000,1,3,1,2,1,2700106,1000000
2024MU0007617,1,1841.43,1,1,5,1,4,5541,46,0,0,6,1,5,1,2700102,1000000
2024MU0007618,1,1841.43,3,1,2,1,1,5249,43,0,0,6,1,5,1,2700109,1000000
2024MU0007619,1,1841.43,56,2,7,1,18,69817,501,2000,1,4,1,1,1,2700104,1000000
2024MU0007620,1,1841.43,21,2,5,1,14,3485,29,8000,1,1,1,5,1,2700111,1000000
2024MU0007621,1,1841.43,42,2,1,1,13,42063,350,6000,1,3,1,5,1,2700101,1000000
2024MU0007622,1,1841.43,88,1,3,1,5,6277,52,0,0,6,1,2,1,2700110,1000000
2024MU0007623,1,1841.43,42,1,1,1,12,27723,231,9000,4,2,1,1,1,2700123,1000000
2024MU0007624,1,1841.43,32,1,2,1,7,44629,371,5000,4,1,5,1,1,2700110,1000000
2024MU0007625,1,1841.43,10,2,1,1,6,6346,52,0,0,6,5,5,1,2700115,1000000
2024MU0007626,1,1841.43,28,2,9,1,13,31927,266,7000,4,1,1,1,1,2700114,1000000
2024MU0007627,1,1841.43,3,1,2,1,8,3003,25,0,0,6,1,5,1,2700112,1000000
2024MU0007628,1,1841.43,1,2,3,1,3,16033,133,0,0,6,1,5,1,2700100,1000000
2024MU0007629,1,1841.43,8,1,3,1,2,1591,13,0,0,6,1,5,1,2700104,1000000
2024MU0007630,1,1841.43,3,2,4,1,7,2693,22,0,0,6,1,5,1,2700117,1000000
2024MU0007631,1,1841.43,42,1,3,1,8,11163,93,5000,3,1,1,1,1,2700117,1000000
2024MU0007632,1,1841.43,50,1,1,1,7,16969,141,8000,3,1,1,1,1,2700116,1000000
2024MU0007633,1,1841.43,36,1,3,1,11,69212,501,8000,4,1,1,1,1,2700108,1000000
2024MU0007634,1,1841.43,12,2,2,1,2,1375,11,0,0,6,1,5,1,2700104,1000000
2024MU0007635,1,1841.43,24,2,3,1,13,17991,149,7000,1,1,1,5,2,2700102,1000000
2024MU0007636,1,1841.43,13,2,1,1,4,5733,47,0,0,6,1,5,1,2700106,1000000
2024MU0007637,1,1841.43,6,1,1,1,3,2354,19,0,0,6,1,5,1,2700122,1000000
2024MU0007638,1,1841.43,13,1,9,1,4,2906,24,0,0,6,1,5,1,2700107,1000000
2024MU0007639,1,1841.43,54,2,1,1,8,15338,127,6000,1,2,1,1,1,2700100,1000000
2024MU0007640,1,1841.43,69,2,2,1,10,9144,76,3000,1,1,1,3,1,2700106,1000000
2024MU0007641,1,1841.43,39,2,1,1,16,139928,501,5000,3,3,1,1,1,2700102,1000000
2024MU0007642,1,1841.43,49,1,1,1,6,26170,218,9920,3,1,1,3,1,2700108,1000000
2024MU0007643,1,1841.43,31,1,1,1,15,121218,501,5000,1,3,1,1,1,2700101,1000000
2024MU0007644,1,1841.43,22,1,3,1,19,324340,501,4000,2,3,1,5,1,2700119,1000000
2024MU0007645,1,1841.43,0,2,8,1,6,7160,59,0,0,6,1,5,1,2700113,1000000
2024MU0007646,1,1841.43,59,2,1,1,20,194763,501,4000,2,1,1,1,1,2700101,1000000
2024MU0007647,1,1841.43,29,1,1,1,9,23198,193,6000,1,1,1,5,1,2700119,1000000
2024MU0007648,1,1841.43,3,1,3,1,7,16314,135,0,0,6,5,5,1,2700120,1000000
2024MU0007649,1,1841.43,5,1,2,1,6,2361,19,0,0,6,1,5,1,2700118,1000000
2024MU0007650,1,1841.43,29,1,8,1,9,24012,200,8000,3,1,1,1,1,2700113,1000000
2024MU0007651,1,1841.43,91,2,2,1,9,13629,113,0,0,6,1,3,1,2700123,1000000
2024MU0007652,1,1841.43,74,1,2,1,8,9182,76,7000,4,2,1,5,1,2700114,1000000
2024MU0007653,1,1841.43,52,2,2,1,6,81155,501,9920,1,1,1,1,1,2700103,1000000
2024MU0007654,1,1841.43,41,2,4,1,6,19529,162,8000,1,1,1,1,2,2700113,1000000
2024MU0007655,1,1841.43,58,2,3,1,11,28985,241,9000,1,1,1,2,1,2700102,1000000
2024MU0007656,1,1841.43,42,2,1,1,11,49731,414,3000,3,1,1,1,1,2700108,1000000
2024MU0007657,1,1841.43,46,2,1,1,9,17384,144,7000,4,1,1,5,1,2700119,1000000
2024MU0007658,1,1841.43,57,2,9,1,9,31842,265,9000,1,1,1,3,2,2700101,1000000
2024MU0007659,1,1841.43,37,1,5,1,8,62666,501,6000,1,2,1,1,1,2700104,1000000
2024MU0007660,1,1841.43,3,2,1,1,4,6806,56,0,0,6,1,5,1,2700108,1000000
2024MU0007661,1,1841.43,57,2,5,1,13,85963,501,3000,1,1,1,5,1,2700111,1000000
2024MU0007662,1,1841.43,43,1,3,1,13,88580,501,9000,1,1,1,5,1,2700109,1000000
2024MU0007663,1,1841.43,32,2,2,1,13,26533,221,6000,3,3,1,5,1,2700101,1000000
2024MU0007664,1,1841.43,24,2,1,1,20,413681,501,3000,1,1,1,5,1,2700116,1000000
2024MU0007665,1,1841.43,38,2,4,1,16,40810,340,4000,1,1,1,1,1,2700122,1000000
2024MU0007666,1,1841.43,10,1,1,1,2,5229,43,0,0,6,1,5,1,2700114,1000000
2024MU0007667,1,1841.43,59,2,3,1,8,2571,21,5000,1,1,1,1,1,2700114,1000000
2024MU0007668,1,1841.43,16,1,1,1,12,3283,27,0,0,6,1,5,1,2700101,1000000
2024MU0007669,1,1841.43,54,2,4,1,9,69905,501,5000,1,1,1,1,2,2700105,1000000
2024MU0007670,1,1841.43,33,1,1,1,14,26859,223,9800,4,2,1,5,1,2700109,1000000
2024MU0007671,1,1841.43,6,2,1,1,2,10850,90,0,0,6,1,5,1,2700102,1000000
2024MU0007672,1,1841.43,8,1,1,1,7,703,5,0,0,6,1,5,1,2700112,1000000
2024MU0007673,1,1841.43,0,1,1,1,5,3733,31,0,0,6,1,5,1,2700119,1000000
2024MU0007674,1,1841.43,60,1,2,1,9,15503,129,6000,1,1,1,1,1,2700119,1000000
2024MU0007675,1,1841.43,31,1,1,1,5,12326,102,6000,1,2,1,1,1,2700118,1000000
2024MU0007676,1,1841.43,37,2,9,1,6,55326,461,5000,6,2,1,1,2,2700110,1000000
2024MU0007677,1,1841.43,8,2,3,1,5,16805,140,0,0,6,1,5,1,2700122,1000000
2024MU0007678,1,1841.43,15,1,3,1,18,40287,335,0,0,6,1,5,1,2700111,1000000
2024MU0007679,1,1841.43,12,1,1,1,7,1119,9,0,0,6,5,5,1,2700114,1000000
2024MU0007680,1,1841.43,3,1,2,1,6,1526,12,0,0,6,1,5,1,2700121,1000000
2024MU0007681,1,1841.43,36,2,1,1,8,18221,151,5000,1,1,1,1,1,2700123,1000000
2024MU0007682,1,1841.43,7,1,4,1,2,2103,17,0,0,6,1,5,1,2700120,1000000
2024MU0007683,1,1841.43,34,1,1,1,16,175800,501,4000,1,1,1,5,1,2700100,1000000
2024MU0007684,1,1841.43,41,1,4,1,6,61270,501,6000,1,3,1,2,1,2700120,1000000
2024MU0007685,1,1841.43,17,1,2,1,17,16422,136,0,0,6,1,5,2,2700122,1000000
2024MU0007686,1,1841.43,41,1,9,1,9,23289,194,6000,1,1,1,1,1,2700121,1000000
2024MU0007687,1,1841.43,44,1,1,1,9,19072,158,9000,3,1,1,5,1,2700117,1000000
2024MU0007688,1,1841.43,28,2,1,1,10,24315,202,8000,1,1,1,1,1,2700117,1000000
2024MU0007689,1,1841.43,27,2,3,1,17,81486,501,4000,1,1,1,5,1,2700106,1000000
2024MU0007690,1,1841.43,41,1,9,1,13,44241,368,9800,6,1,1,2,1,2700114,1000000
2024MU0007691,1,1841.43,58,2,3,1,13,68075,501,9800,1,1,1,1,2,2700100,1000000
2024MU0007692,1,1841.43,56,1,1,1,9,47814,398,7000,3,1,1,2,1,2700100,1000000
2024MU0007693,1,1841.43,4,2,2,1,2,3824,31,0,0,6,1,5,1,2700117,1000000
2024MU0007694,1,1841.43,71,1,8,1,12,18685,155,5000,4,2,1,2,1,2700117,1000000
2024MU0007695,1,1841.43,13,2,1,1,2,4291,35,0,0,6,1,5,1,2700108,1000000
2024MU0007696,1,1841.43,51,2,1,1,9,34875,290,6000,6,1,1,1,1,2700116,1000000
2024MU0007697,1,1841.43,28,1,5,1,9,18085,150,8000,1,1,1,1,1,2700110,1000000
2024MU0007698,1,1841.43,89,2,8,1,8,2551,21,0,0,6,1,1,1,2700114,1000000
2024MU0007699,1,1841.43,44,1,3,1,8,17964,149,5000,6,1,1,1,1,2700111,1000000
2024MU0007700,1,1841.43,7,2,9,1,7,2688,22,0,0,6,1,5,1,2700120,1000000
2024MU0007701,1,1841.43,51,1,1,1,17,135274,501,1000,2,1,1,2,1,2700104,1000000
2024MU0007702,1,1841.43,2,1,2,1,4,4245,35,0,0,6,1,5,1,2700105,1000000
2024MU0007703,1,1841.43,37,2,3,1,6,16224,135,9920,3,1,1,5,2,2700119,1000000
2024MU0007704,1,1841.43,42,1,3,1,11,86807,501,9000,3,1,1,1,1,2700111,1000000
2024MU0007705,1,1841.43,19,1,4,1,14,4075,33,5000,1,4,1,5,1,2700102,1000000
2024MU0007706,1,1841.43,54,1,8,1,19,481482,501,3000,1,5,1,1,1,2700108,1000000
2024MU0007707,1,1841.43,39,2,2,1,6,2791,23,5000,3,1,2,1,1,2700108,1000000
2024MU0007708,1,1841.43,20,1,1,1,12,30079,250,3000,1,1,1,5,1,2700107,1000000
2024MU0007709,1,1841.43,25,1,2,1,13,33437,278,6000,4,1,1,5,1,2700110,1000000
2024MU0007710,1,1841.43,4,2,3,1,6,2635,21,0,0,6,1,5,1,2700100,1000000
2024MU0007711,1,1841.43,33,1,1,1,11,15555,129,8000,1,4,1,1,1,2700110,1000000
2024MU0007712,1,1841.43,52,1,5,1,7,8270,68,9920,4,1,1,1,1,2700101,1000000
2024MU0007713,1,1841.43,13,1,1,1,3,3516,29,0,0,6,1,5,1,2700102,1000000
2024MU0007714,1,1841.43,34,1,1,1,9,49949,416,9000,1,1,1,1,1,2700101,1000000
2024MU0007715,1,1841.43,12,1,2,1,3,12740,106,0,0,6,1,5,1,2700109,1000000
2024MU0007716,1,1841.43,13,2,3,1,7,4250,35,0,0,6,1,5,1,2700115,1000000
2024MU0007717,1,1841.43,31,1,1,1,6,20703,172,6000,1,1,1,5,2,2700109,1000000
2024MU0007718,1,1841.43,50,1,3,1,9,46401,386,6000,4,1,1,1,1,2700107,1000000
2024MU0007719,1,1841.43,33,1,2,1,14,34649,288,7000,1,1,1,1,1,2700105,1000000
2024MU0007720,1,1841.43,44,1,1,1,5,13746,114,5000,4,3,1,5,1,2700107,1000000
2024MU0007721,1,1841.43,55,2,1,1,13,33695,280,9800,4,1,1,1,1,2700103,1000000
2024MU0007722,1,1841.43,10,1,3,1,6,6615,55,0,0,6,1,5,1,2700122,1000000
2024MU0007723,1,1841.43,18,1,2,1,11,5750,47,5000,1,1,1,5,1,2700113,1000000
2024MU0007724,1,1841.43,49,1,8,1,14,30568,254,6000,1,1,1,1,1,2700103,1000000
2024MU0007725,1,1841.43,29,2,2,1,11,37283,310,7000,1,5,1,1,1,2700101,1000000
2024MU0007726,1,1841.43,22,1,1,1,16,41397,344,2000,2,2,1,1,1,2700105,1000000
2024MU0007727,1,1841.43,24,1,1,1,18,84545,501,4000,3,1,1,5,1,2700111,1000000
2024MU0007728,1,1841.43,1,2,1,1,7,2590,21,0,0,6,1,5,1,2700119,1000000
2024MU0007729,1,1841.43,29,1,3,1,10,41380,344,9800,1,1,1,5,1,2700120,1000000
2024MU0007730,1,1841.43,17,2,3,1,13,28501,237,0,0,6,1,5,1,2700112,1000000
2024MU0007731,1,1841.43,11,2,4,1,3,2592,21,0,0,6,1,5,1,2700114,1000000
2024MU0007732,1,1841.43,23,1,1,1,17,124427,501,5000,1,1,1,1,1,2700112,1000000
2024MU0007733,1,1841.43,57,1,1,1,15,111342,501,6000,1,1,1,1,1,2700116,1000000
2024MU0007734,1,1841.43,56,2,1,1,5,9827,81,7000,1,1,1,5,1,2700117,1000000
2024MU0007735,1,1841.43,7,2,1,1,1,4029,33,0,0,6,1,5,1,2700123,1000000
2024MU0007736,1,1841.43,10,2,2,1,7,11320,94,0,0,6,1,5,1,2700122,1000000
2024MU0007737,1,1841.43,4,1,9,1,4,3493,29,0,0,6,1,5,1,2700111,1000000
2024MU0007738,1,1841.43,21,1,3,1,13,27238,226,6000,6,1,1,5,1,2700120,1000000
2024MU0007739,1,1841.43,19,2,4,1,12,10017,83,6000,1,1,1,5,1,2700100,1000000
2024MU0007740,1,1841.43,26,1,1,1,9,10809,90,8000,1,5,1,1,1,2700109,1000000
2024MU0007741,1,1841.43,64,2,1,1,12,32770,273,7000,4,3,1,1,1,2700101,1000000
2024MU0007742,1,1841.43,44,1,1,1,18,48442,403,4000,2,1,1,1,1,2700120,1000000
2024MU0007743,1,1841.43,72,2,1,1,6,5180,43,5000,3,1,1,1,2,2700110,1000000
2024MU0007744,1,1841.43,21,1,3,1,20,49909,415,3000,1,1,1,5,1,2700123,1000000
2024MU0007745,1,1841.43,7,1,1,1,3,17145,142,0,0,6,1,5,1,2700114,1000000
2024MU0007746,1,1841.43,89,2,6,1,11,56016,466,0,0,6,2,2,1,2700116,1000000
2024MU0007747,1,1841.43,11,1,9,1,3,4291,35,0,0,6,1,5,1,2700101,1000000
2024MU0007748,1,1841.43,36,1,1,1,15,245029,501,5000,4,1,1,1,1,2700122,1000000
2024MU0007749,1,1841.43,30,1,3,1,9,32988,274,5000,3,1,1,1,1,2700110,1000000
2024MU0007750,1,1841.43,32,2,3,1,8,5118,42,9800,1,1,1,1,1,2700103,1000000
2024MU0007751,1,1841.43,8,2,1,1,8,6113,50,0,0,6,1,5,1,2700102,1000000
2024MU0007752,1,1841.43,16,1,8,1,13,14030,116,0,0,6,1,5,1,2700113,1000000
2024MU0007753,1,1841.43,29,1,1,1,20,99517,501,4000,1,1,1,1,1,2700119,1000000
2024MU0007754,1,1841.43,60,1,3,1,5,6537,54,5000,4,1,1,1,1,2700120,1000000
2024MU0007755,1,1841.43,29,2,1,1,5,22663,188,7000,1,3,1,1,1,2700116,1000000
2024MU0007756,1,1841.43,8,1,2,1,7,1042,8,0,0,6,1,5,1,2700105,1000000
2024MU0007757,1,1841.43,23,1,2,1,16,110388,501,6000,3,1,1,1,1,2700112,1000000
2024MU0007758,1,1841.43,10,1,6,1,4,3116,25,0,0,6,1,5,1,2700120,1000000
2024MU0007759,1,1841.43,46,2,1,1,5,25083,209,7000,3,2,1,1,1,2700117,1000000
2024MU0007760,1,1841.43,7,2,1,1,5,8836,73,0,0,6,1,5,1,2700115,1000000
2024MU0007761,1,1841.43,44,1,2,1,8,7965,66,9800,3,2,1,1,1,2700104,1000000
2024MU0007762,1,1841.43,56,1,1,1,9,16348,136,5000,3,1,1,1,1,2700100,1000000
2024MU0007763,1,1841.43,17,2,3,1,16,71381,501,0,0,6,1,5,1,2700109,1000000
2024MU0007764,1,1841.43,31,2,4,1,12,41868,348,4000,2,1,1,5,1,2700104,1000000
2024MU0007765,1,1841.43,40,1,6,1,17,144201,501,1000,3,1,1,5,2,2700106,1000000
2024MU0007766,1,1841.43,31,1,3,1,12,82442,501,9800,1,1,1,1,1,2700109,1000000
2024MU0007767,1,1841.43,28,1,8,1,9,14823,123,5000,3,1,1,1,1,2700101,1000000
2024MU0007768,1,1841.43,11,2,3,1,3,8246,68,0,0,6,1,5,1,2700121,1000000
2024MU0007769,1,1841.43,40,2,9,1,9,68215,501,9800,3,2,1,1,1,2700121,1000000
2024MU0007770,1,1841.43,10,2,1,1,3,12991,108,0,0,6,1,5,1,2700100,1000000
2024MU0007771,1,1841.43,2,1,2,1,4,12811,106,0,0,6,1,5,1,2700106,1000000
2024MU0007772,1,1841.43,36,1,9,1,15,123054,501,3000,1,1,1,1,1,2700101,1000000
2024MU0007773,1,1841.43,1,2,3,1,7,7320,61,0,0,6,1,5,1,2700109,1000000
2024MU0007774,1,1841.43,36,1,7,1,12,44959,374,3000,3,1,1,1,1,2700123,1000000
2024MU0007775,1,1841.43,55,2,1,1,10,40201,335,5000,3,4,1,1,1,2700113,1000000
2024MU0007776,1,1841.43,13,2,7,1,4,1624,13,0,0,6,1,5,1,2700103,1000000
2024MU0007777,1,1841.43,3,1,3,1,5,3349,27,0,0,6,1,5,1,2700101,1000000
2024MU0007778,1,1841.43,62,1,1,1,10,10338,86,7000,1,4,1,1,1,2700118,1000000
2024MU0007779,1,1841.43,49,2,1,1,11,39580,329,5000,4,1,1,1,1,2700121,1000000
2024MU0007780,1,1841.43,7,1,1,1,1,11522,96,0,0,6,1,5,1,2700101,1000000
2024MU0007781,1,1841.43,21,2,8,1,17,47230,393,6000,1,1,5,5,1,2700102,1000000
2024MU0007782,1,1841.43,48,1,3,1,11,47140,392,9800,3,1,1,1,1,2700115,1000000
2024MU0007783,1,1841.43,36,2,8,1,6,13638,113,5000,3,1,1,1,1,2700110,1000000
2024MU0007784,1,1841.43,26,2,2,1,7,6936,57,9800,1,1,1,1,1,2700120,1000000
2024MU0007785,1,1841.43,24,2,9,1,17,45512,379,4000,2,1,2,5,1,2700110,1000000
2024MU0007786,1,1841.43,5,1,2,1,5,7715,64,0,0,6,1,5,1,2700119,1000000
2024MU0007787,1,1841.43,64,2,1,1,10,12400,103,9800,1,1,1,2,1,2700105,1000000
2024MU0007788,1,1841.43,2,1,1,1,2,1152,9,0,0,6,1,5,1,2700103,1000000
2024MU0007789,1,1841.43,32,1,9,1,5,33051,275,5000,4,1,1,1,1,2700114,1000000
2024MU0007790,1,1841.43,10,1,1,1,2,4732,39,0,0,6,1,5,1,2700109,1000000
2024MU0007791,1,1841.43,16,1,1,1,14,11241,93,0,0,6,5,5,1,2700116,1000000
2024MU0007792,1,1841.43,36,1,1,1,11,50375,419,7000,4,1,1,5,1,2700120,1000000
2024MU0007793,1,1841.43,16,1,1,1,18,98921,501,0,0,6,1,5,1,2700104,1000000
2024MU0007794,1,1841.43,5,2,8,1,6,4191,34,0,0,6,1,5,1,2700121,1000000
2024MU0007795,1,1841.43,2,2,2,1,9,13377,111,0,0,6,1,5,1,2700120,1000000
2024MU0007796,1,1841.43,21,1,3,1,11,46012,383,6000,1,4,2,5,1,2700100,1000000
2024MU0007797,1,1841.43,52,2,8,1,6,12697,105,9800,1,1,1,1,1,2700121,1000000
2024MU0007798,1,1841.43,37,1,2,1,6,63791,501,5000,1,4,1,1,1,2700109,1000000
2024MU0007799,1,1841.43,7,1,5,1,5,742,6,0,0,6,5,5,1,2700112,1000000
2024MU0007800,1,1841.43,0,2,1,1,3,1582,13,0,0,6,1,5,1,2700114,1000000
2024MU0007801,1,1841.43,36,1,9,1,13,27302,227,8000,4,1,1,5,1,2700100,1000000
2024MU0007802,1,1841.43,22,2,1,1,12,43723,364,9800,1,1,1,5,1,2700110,1000000
2024MU0007803,1,1841.43,12,1,3,1,2,16567,138,0,0,6,2,5,1,2700111,1000000
2024MU0007804,1,1841.43,0,1,3,1,4,2498,20,0,0,6,1,5,1,2700116,1000000
2024MU0007805,1,1841.43,39,1,1,1,10,86430,501,7000,1,1,1,1,1,2700102,1000000
2024MU0007806,1,1841.43,27,2,2,1,15,302304,501,4000,1,1,1,1,1,2700112,1000000
2024MU0007807,1,1841.43,20,2,1,1,18,75726,501,4000,3,1,1,5,1,2700118,1000000
2024MU0007808,1,1841.43,39,2,1,1,7,11605,96,7000,1,1,1,1,2,2700115,1000000
2024MU0007809,1,1841.43,46,2,3,1,12,80042,501,6000,3,1,1,1,1,2700111,1000000
2024MU0007810,1,1841.43,49,1,9,1,10,55265,460,7000,1,1,1,1,1,2700108,1000000
2024MU0007811,1,1841.43,9,2,3,1,5,2364,19,0,0,6,1,5,1,2700119,1000000
2024MU0007812,1,1841.43,54,1,2,1,5,18804,156,9920,1,1,1,1,1,2700117,1000000
2024MU0007813,1,1841.43,34,1,1,1,13,31277,260,5000,1,5,1,5,1,2700119,1000000
2024MU0007814,1,1841.43,1,2,1,1,1,4427,36,0,0,6,1,5,1,2700105,1000000
2024MU0007815,1,1841.43,67,1,2,1,6,2217,18,6000,3,1,1,1,2,2700104,1000000
2024MU0007816,1,1841.43,29,1,9,1,6,2608,21,6000,6,1,1,1,1,2700105,1000000
2024MU0007817,1,1841.43,48,2,7,1,9,35658,297,7000,1,4,1,1,1,2700114,1000000
2024MU0007818,1,1841.43,47,2,1,1,10,54449,453,3000,2,1,1,1,1,2700111,1000000
2024MU0007819,1,1841.43,15,2,2,1,18,15052,125,0,0,6,1,5,2,2700122,1000000
2024MU0007820,1,1841.43,95,1,3,1,9,26245,218,0,0,6,1,2,1,2700101,1000000
2024MU0007821,1,1841.43,21,1,3,1,20,60925,501,4000,1,1,1,5,1,2700102,1000000
2024MU0007822,1,1841.43,46,2,3,1,12,68699,501,7000,3,1,1,1,1,2700118,1000000
2024MU0007823,1,1841.43,7,2,4,1,3,8540,71,0,0,6,1,5,1,2700105,1000000
2024MU0007824,1,1841.43,39,1,1,1,11,111616,501,9800,3,1,2,1,1,2700117,1000000
2024MU0007825,1,1841.43,55,2,9,1,9,55397,461,6000,1,1,1,1,1,2700106,1000000
2024MU0007826,1,1841.43,55,2,1,1,10,29534,246,5000,1,1,1,1,1,2700108,1000000
2024MU0007827,1,1841.43,28,1,2,1,12,33158,276,5000,4,2,1,5,1,2700102,1000000
2024MU0007828,1,1841.43,6,2,8,1,6,25832,215,0,0,6,1,5,1,2700108,1000000
2024MU0007829,1,1841.43,17,2,2,1,11,21717,180,0,0,6,1,5,1,2700111,1000000
2024MU0007830,1,1841.43,10,1,1,1,6,4243,35,0,0,6,1,5,1,2700105,1000000
2024MU0007831,1,1841.43,83,1,1,1,5,5921,49,0,0,6,1,4,1,2700102,1000000
2024MU0007832,1,1841.43,16,2,3,1,10,7167,59,0,0,6,1,5,1,2700103,1000000
2024MU0007833,1,1841.43,38,2,1,1,11,18982,158,7000,1,1,1,1,1,2700112,1000000
2024MU0007834,1,1841.43,22,2,2,1,16,220075,501,1000,3,1,1,1,1,2700109,1000000
2024MU0007835,1,1841.43,50,2,1,1,5,19590,163,9800,1,2,2,1,1,2700105,1000000
2024MU0007836,1,1841.43,28,1,5,1,11,11952,99,9000,1,2,1,1,1,2700106,1000000
2024MU0007837,1,1841.43,12,1,1,1,5,3625,30,0,0,6,1,5,1,2700107,1000000
2024MU0007838,1,1841.43,2,1,3,1,1,11074,92,0,0,6,1,5,1,2700122,1000000
2024MU0007839,1,1841.43,9,1,2,1,6,2803,23,0,0,6,1,5,1,2700120,1000000
2024MU0007840,1,1841.43,77,2,3,1,6,3481,29,0,0,6,1,2,1,2700105,1000000
2024MU0007841,1,1841.43,34,1,1,1,14,55941,466,9000,1,1,1,1,1,2700115,1000000
2024MU0007842,1,1841.43,19,2,3,1,13,17270,143,9800,4,1,1,5,1,2700100,1000000
2024MU0007843,1,1841.43,0,1,3,1,4,2805,23,0,0,6,1,5,1,2700115,1000000
2024MU0007844,1,1841.43,38,1,1,1,16,82668,501,4000,1,2,1,1,2,2700102,1000000
2024MU0007845,1,1841.43,15,1,5,1,18,39041,325,0,0,6,1,5,1,2700123,1000000
2024MU0007846,1,1841.43,21,2,6,1,17,15079,125,4000,2,1,1,5,1,2700102,1000000
2024MU0007847,1,1841.43,6,1,1,1,2,2605,21,0,0,6,1,5,1,2700102,1000000
2024MU0007848,1,1841.43,52,1,3,1,5,12133,101,8000,1,1,1,1,1,2700122,1000000
2024MU0007849,1,1841.43,29,2,3,1,12,48736,406,5000,1,1,1,1,1,2700111,1000000
2024MU0007850,1,1841.43,29,2,1,1,10,21536,179,7000,6,1,1,1,1,2700123,1000000
2024MU0007851,1,1841.43,16,2,1,1,19,79036,501,0,0,6,1,5,1,2700104,1000000
2024MU0007852,1,1841.43,31,1,9,1,9,98572,501,7000,6,1,1,1,1,2700122,1000000
2024MU0007853,1,1841.43,32,1,3,1,10,30571,254,9000,4,1,1,1,1,2700112,1000000
2024MU0007854,1,1841.43,13,2,9,1,5,52805,440,0,0,6,1,5,1,2700114,1000000
2024MU0007855,1,1841.43,27,2,3,1,14,78477,501,6000,4,1,1,5,1,2700106,1000000
2024MU0007856,1,1841.43,20,2,1,1,13,13183,109,4000,2,1,1,5,1,2700123,1000000
2024MU0007857,1,1841.43,38,1,1,1,17,106218,501,4000,1,1,1,1,1,2700117,1000000
2024MU0007858,1,1841.43,16,1,3,1,15,21222,176,0,0,6,1,5,1,2700111,1000000
2024MU0007859,1,1841.43,22,1,3,1,18,213975,501,5000,3,1,1,5,1,2700112,1000000
2024MU0007860,1,1841.43,22,2,1,1,15,89604,501,6000,6,1,1,5,1,2700120,1000000
2024MU0007861,1,1841.43,85,1,3,1,10,6632,55,0,0,6,1,1,1,2700118,1000000
2024MU0007862,1,1841.43,11,2,5,1,1,1018,8,0,0,6,1,5,1,2700102,1000000
2024MU0007863,1,1841.43,14,1,4,1,6,4385,36,0,0,6,1,5,1,2700104,1000000
2024MU0007864,1,1841.43,15,2,1,1,15,32102,267,0,0,6,5,5,1,2700117,1000000
2024MU0007865,1,1841.43,3,1,1,1,4,1924,16,0,0,6,1,5,1,2700104,1000000
2024MU0007866,1,1841.43,50,2,9,1,6,3977,33,5000,4,1,1,1,1,2700110,1000000
2024MU0007867,1,1841.43,39,1,8,1,14,11027,91,9000,3,1,1,1,1,2700119,1000000
2024MU0007868,1,1841.43,17,2,1,1,12,6402,53,0,0,6,1,5,1,2700109,1000000
2024MU0007869,1,1841.43,42,2,5,1,6,11993,99,8000,1,1,1,1,1,2700115,1000000
2024MU0007870,1,1841.43,36,1,1,1,7,27882,232,5000,6,1,1,1,1,2700123,1000000
2024MU0007871,1,1841.43,21,2,1,1,10,9944,82,9000,3,3,1,5,2,2700116,1000000
2024MU0007872,1,1841.43,53,2,1,1,11,76480,501,3000,3,1,1,2,1,2700119,1000000
2024MU0007873,1,1841.43,0,2,1,1,3,6503,54,0,0,6,1,5,1,2700115,1000000
2024MU0007874,1,1841.43,12,2,6,1,2,6042,50,0,0,6,1,5,1,2700111,1000000
2024MU0007875,1,1841.43,28,2,3,1,9,57660,480,9000,4,1,1,5,1,2700115,1000000
2024MU0007876,1,1841.43,49,1,1,1,9,16508,137,9000,1,1,1,1,1,2700106,1000000
2024MU0007877,1,1841.43,12,1,6,1,5,2609,21,0,0,6,1,5,1,2700101,1000000
2024MU0007878,1,1841.43,37,2,5,1,10,234055,501,8000,3,1,1,1,1,2700101,1000000
2024MU0007879,1,1841.43,27,1,1,1,11,7650,63,5000,4,4,1,1,1,2700114,1000000
2024MU0007880,1,1841.43,11,1,3,1,4,3158,26,0,0,6,1,5,1,2700104,1000000
2024MU0007881,1,1841.43,76,2,3,1,10,25340,211,0,0,6,1,5,1,2700109,1000000
2024MU0007882,1,1841.43,12,1,3,1,1,892,7,0,0,6,1,5,1,2700109,1000000
2024MU0007883,1,1841.43,91,2,3,1,11,10721,89,0,0,6,1,2,1,2700111,1000000
2024MU0007884,1,1841.43,30,2,1,1,8,79151,501,9920,1,1,1,5,1,2700107,1000000
2024MU0007885,1,1841.43,43,2,1,1,11,49100,409,9800,4,1,1,1,1,2700120,1000000
2024MU0007886,1,1841.43,32,1,6,1,10,29149,242,9800,3,1,1,1,2,2700112,1000000
2024MU0007887,1,1841.43,68,1,8,1,6,7904,65,7000,1,1,1,1,2,2700106,1000000
2024MU0007888,1,1841.43,28,1,1,1,12,19407,161,7000,1,1,1,1,1,2700107,1000000
2024MU0007889,1,1841.43,29,1,1,1,14,96338,501,5000,1,5,1,1,1,2700118,1000000
2024MU0007890,1,1841.43,43,1,6,1,9,21776,181,4000,1,1,1,5,1,2700108,1000000
2024MU0007891,1,1841.43,28,1,2,1,11,20148,167,4000,3,1,1,5,1,2700122,1000000
2024MU0007892,1,1841.43,5,1,1,1,1,1214,10,0,0,6,1,5,1,2700110,1000000
2024MU0007893,1,1841.43,13,1,1,1,8,3164,26,0,0,6,1,5,1,2700119,1000000
2024MU0007894,1,1841.43,15,2,2,1,18,26669,222,0,0,6,1,5,1,2700116,1000000
2024MU0007895,1,1841.43,22,1,2,1,14,67090,501,7000,4,1,1,1,1,2700106,1000000
2024MU0007896,1,1841.43,22,1,3,1,17,42908,357,3000,1,1,1,1,1,2700121,1000000
2024MU0007897,1,1841.43,43,2,1,1,8,23605,196,8000,1,1,2,1,1,2700106,1000000
2024MU0007898,1,1841.43,27,2,9,1,13,30870,257,7000,1,1,1,5,1,2700112,1000000
2024MU0007899,1,1841.43,95,1,9,1,8,1469,12,0,0,6,1,1,1,2700122,1000000
2024MU0007900,1,1841.43,23,2,9,1,14,17485,145,9800,6,1,1,5,1,2700105,1000000
2024MU0007901,1,1841.43,26,1,7,1,6,5795,48,9920,3,1,1,1,1,2700116,1000000
2024MU0007902,1,1841.43,43,1,3,1,17,325183,501,5000,1,2,1,1,1,2700123,1000000
2024MU0007903,1,1841.43,45,2,1,1,13,63852,501,9800,3,1,1,1,1,2700101,1000000
2024MU0007904,1,1841.43,33,2,1,1,14,48222,401,3000,3,1,1,5,1,2700104,1000000
2024MU0007905,1,1841.43,3,2,1,1,3,128,1,0,0,6,2,5,1,2700107,1000000
2024MU0007906,1,1841.43,8,2,1,1,3,870,7,0,0,6,1,5,1,2700106,1000000
2024MU0007907,1,1841.43,12,2,2,1,5,7174,59,0,0,6,1,5,2,2700115,1000000
2024MU0007908,1,1841.43,5,2,9,1,7,7492,62,0,0,6,1,5,1,2700101,1000000
2024MU0007909,1,1841.43,6,1,2,1,8,2213,18,0,0,6,1,5,2,2700121,1000000
2024MU0007910,1,1841.43,7,2,2,1,3,4097,34,0,0,6,1,5,1,2700110,1000000
2024MU0007911,1,1841.43,32,1,3,1,12,42279,352,3000,2,1,1,5,1,2700116,1000000
2024MU0007912,1,1841.43,36,1,1,1,13,49066,408,7000,1,4,1,1,1,2700106,1000000
2024MU0007913,1,1841.43,28,1,9,1,8,7936,66,9000,4,1,1,1,1,2700101,1000000
2024MU0007914,1,1841.43,50,2,2,1,9,64264,501,9000,4,1,1,1,1,2700121,1000000
2024MU0007915,1,1841.43,28,2,1,1,8,25893,215,7000,1,2,1,1,1,2700106,1000000
2024MU0007916,1,1841.43,84,2,9,1,9,9275,77,0,0,6,1,1,1,2700111,1000000
2024MU0007917,1,1841.43,74,1,3,1,11,7869,65,9800,6,3,1,1,1,2700108,1000000
2024MU0007918,1,1841.43,36,1,2,1,16,73471,501,6000,4,1,1,1,1,2700102,1000000
2024MU0007919,1,1841.43,42,1,3,1,11,45090,375,5000,3,1,1,5,1,2700101,1000000
2024MU0007920,1,1841.43,15,1,3,1,14,13974,116,0,0,6,1,5,1,2700119,1000000
2024MU0007921,1,1841.43,14,2,1,1,6,7531,62,0,0,6,1,5,1,2700119,1000000
2024MU0007922,1,1841.43,37,1,6,1,15,212176,501,4000,1,1,1,1,1,2700120,1000000
2024MU0007923,1,1841.43,39,2,9,1,12,56164,468,9800,1,2,1,1,1,2700122,1000000
2024MU0007924,1,1841.43,4,1,3,1,4,4816,40,0,0,6,1,5,2,2700118,1000000
2024MU0007925,1,1841.43,65,1,3,1,12,57588,479,6000,4,1,1,1,1,2700104,1000000
2024MU0007926,1,1841.43,15,2,6,1,18,29703,247,0,0,6,1,5,1,2700112,1000000
2024MU0007927,1,1841.43,53,1,2,1,14,54887,457,6000,1,1,1,1,1,2700104,1000000
2024MU0007928,1,1841.43,36,1,9,1,16,143555,501,3000,1,5,1,1,1,2700112,1000000
2024MU0007929,1,1841.43,31,1,3,1,10,38603,321,7000,1,4,1,1,1,2700122,1000000
2024MU0007930,1,1841.43,95,2,2,1,11,16159,134,0,0,6,1,1,1,2700114,1000000
2024MU0007931,1,1841.43,41,2,3,1,10,109940,501,9000,1,1,1,2,1,2700122,1000000
2024MU0007932,1,1841.43,18,2,2,1,10,10227,85,3000,3,1,1,5,1,2700102,1000000
2024MU0007933,1,1841.43,35,2,1,1,12,34045,283,9800,1,1,1,5,2,2700118,1000000
2024MU0007934,1,1841.43,20,2,4,1,14,6503,54,9800,4,1,1,1,1,2700113,1000000
2024MU0007935,1,1841.43,15,2,3,1,13,14644,122,0,0,6,1,5,1,2700114,1000000
2024MU0007936,1,1841.43,24,2,4,1,20,123104,501,4000,3,1,1,1,2,2700102,1000000
2024MU0007937,1,1841.43,39,1,1,1,6,20905,174,9920,6,1,1,2,1,2700113,1000000
2024MU0007938,1,1841.43,7,1,2,1,8,4620,38,0,0,6,1,5,1,2700111,1000000
2024MU0007939,1,1841.43,45,2,4,1,6,11389,94,5000,6,1,1,1,1,2700116,1000000
2024MU0007940,1,1841.43,17,1,9,1,14,4101,34,0,0,6,1,5,1,2700105,1000000
2024MU0007941,1,1841.43,7,1,8,1,4,1759,14,0,0,6,1,5,1,2700119,1000000
2024MU0007942,1,1841.43,10,2,6,1,6,1995,16,0,0,6,1,5,1,2700115,1000000
2024MU0007943,1,1841.43,44,1,1,1,7,7180,59,7000,1,1,1,1,1,2700109,1000000
2024MU0007944,1,1841.43,20,2,5,1,20,74881,501,1000,3,1,2,5,1,2700113,1000000
2024MU0007945,1,1841.43,46,2,1,1,11,193444,501,9800,1,4,1,1,1,2700103,1000000
2024MU0007946,1,1841.43,53,1,1,1,12,25394,211,9800,3,1,1,1,1,2700118,1000000
2024MU0007947,1,1841.43,19,2,1,1,12,8325,69,6000,4,1,1,5,1,2700119,1000000
2024MU0007948,1,1841.43,37,2,6,1,11,28943,241,7000,6,3,1,1,2,2700115,1000000
2024MU0007949,1,1841.43,51,1,1,1,16,165149,501,3000,1,1,1,1,1,2700115,1000000
2024MU0007950,1,1841.43,28,2,1,1,9,39155,326,6000,1,1,1,5,1,2700118,1000000
2024MU0007951,1,1841.43,29,2,1,1,7,10546,87,7000,4,1,1,1,1,2700112,1000000
2024MU0007952,1,1841.43,6,1,3,1,4,1518,12,0,0,6,1,5,1,2700101,1000000
2024MU0007953,1,1841.43,4,1,8,1,8,1847,15,0,0,6,1,5,1,2700107,1000000
2024MU0007954,1,1841.43,46,1,2,1,9,49267,410,9000,1,4,1,1,1,2700114,1000000
2024MU0007955,1,1841.43,29,1,2,1,10,33967,283,5000,3,1,1,5,1,2700123,1000000
2024MU0007956,1,1841.43,50,1,1,1,11,35908,299,5000,4,5,1,5,1,2700109,1000000
2024MU0007957,1,1841.43,37,2,1,1,17,176535,501,3000,3,1,1,1,1,2700103,1000000
2024MU0007958,1,1841.43,58,1,1,1,5,5023,41,5000,1,1,1,1,1,2700101,1000000
2024MU0007959,1,1841.43,36,2,2,1,7,20438,170,9000,3,2,1,1,1,2700113,1000000
2024MU0007960,1,1841.43,49,1,3,1,6,19549,162,5000,1,2,1,1,1,2700114,1000000
2024MU0007961,1,1841.43,0,1,1,1,1,1862,15,0,0,6,1,5,2,2700121,1000000
2024MU0007962,1,1841.43,77,2,6,1,6,4117,34,0,0,6,1,1,1,2700120,1000000
2024MU0007963,1,1841.43,0,2,9,1,3,6978,58,0,0,6,1,5,1,2700121,1000000
2024MU0007964,1,1841.43,26,1,1,1,11,13093,109,6000,4,1,5,1,1,2700113,1000000
2024MU0007965,1,1841.43,52,1,1,1,8,95895,501,9000,1,1,1,2,1,2700119,1000000
2024MU0007966,1,1841.43,21,2,4,1,14,16075,133,6000,4,4,1,5,1,2700101,1000000
2024MU0007967,1,1841.43,12,1,1,1,8,3828,31,0,0,6,1,5,1,2700119,1000000
2024MU0007968,1,1841.43,34,1,2,1,7,13103,109,9920,1,1,1,1,1,2700100,1000000
2024MU0007969,1,1841.43,45,1,2,1,8,30118,250,9800,1,1,1,1,1,2700108,1000000
2024MU0007970,1,1841.43,40,2,8,1,7,11536,96,6000,4,1,1,1,1,2700113,1000000
2024MU0007971,1,1841.43,0,1,3,1,5,2980,24,0,0,6,1,5,1,2700109,1000000
2024MU0007972,1,1841.43,11,2,1,1,6,12811,106,0,0,6,1,5,1,2700105,1000000
2024MU0007973,1,1841.43,11,2,1,1,7,2748,22,0,0,6,1,5,1,2700112,1000000
2024MU0007974,1,1841.43,6,2,1,1,5,4468,37,0,0,6,1,5,1,2700112,1000000
2024MU0007975,1,1841.43,47,1,1,1,13,25595,213,5000,1,1,1,1,1,2700122,1000000
2024MU0007976,1,1841.43,24,1,2,1,17,92252,501,6000,1,4,1,5,1,2700107,1000000
2024MU0007977,1,1841.43,90,1,5,1,5,10629,88,0,0,6,1,1,1,2700122,1000000
2024MU0007978,1,1841.43,2,1,1,1,3,15403,128,0,0,6,1,5,1,2700104,1000000
2024MU0007979,1,1841.43,24,2,2,1,16,45001,375,4000,1,1,1,5,1,2700100,1000000
2024MU0007980,1,1841.43,7,2,1,1,9,3954,32,0,0,6,1,5,1,2700116,1000000
2024MU0007981,1,1841.43,55,2,1,1,8,10792,89,7000,1,1,1,1,1,2700117,1000000
2024MU0007982,1,1841.43,26,2,9,1,8,6523,54,9800,1,1,1,1,1,2700113,1000000
2024MU0007983,1,1841.43,23,2,1,1,18,78244,501,1000,1,1,1,1,1,2700100,1000000
2024MU0007984,1,1841.43,44,1,1,1,6,24340,202,7000,1,1,1,1,1,2700106,1000000
2024MU0007985,1,1841.43,0,2,1,1,6,24539,204,0,0,6,1,5,1,2700105,1000000
2024MU0007986,1,1841.43,27,1,2,1,5,7447,62,9800,4,1,1,1,1,2700119,1000000
2024MU0007987,1,1841.43,40,2,9,1,5,2735,22,9800,1,1,1,1,2,2700103,1000000
2024MU0007988,1,1841.43,12,1,1,1,4,3313,27,0,0,6,1,5,1,2700107,1000000
2024MU0007989,1,1841.43,63,2,2,1,9,46414,386,9800,1,1,1,2,1,2700108,1000000
2024MU0007990,1,1841.43,23,1,1,1,12,14736,122,7000,3,1,1,1,1,2700101,1000000
2024MU0007991,1,1841.43,43,2,4,1,12,51323,427,9800,6,1,1,1,1,2700123,1000000
2024MU0007992,1,1841.43,50,2,3,1,6,14912,124,5000,1,5,1,1,1,2700104,1000000
2024MU0007993,1,1841.43,29,2,3,1,11,34848,290,6000,6,1,1,5,2,2700100,1000000
2024MU0007994,1,1841.43,24,2,2,1,13,50553,421,3000,1,2,1,5,1,2700117,1000000
2024MU0007995,1,1841.43,14,1,8,1,6,3751,31,0,0,6,1,5,1,2700122,1000000
2024MU0007996,1,1841.43,22,1,2,1,18,109686,501,3000,3,1,1,5,1,2700102,1000000
2024MU0007997,1,1841.43,26,2,2,1,6,2534,21,9800,1,5,1,1,1,2700106,1000000
2024MU0007998,1,1841.43,41,2,3,1,6,7423,61,5000,6,1,1,1,1,2700103,1000000
2024MU0007999,1,1841.43,52,2,2,1,14,28593,238,7000,4,1,1,1,1,2700105,1000000
2024MU0008000,1,1841.43,32,1,1,1,10,21562,179,6000,1,1,1,5,1,2700117,1000000
2024MU0008001,1,1841.43,84,1,1,1,7,6715,55,0,0,6,1,1,2,2700120,1000000
2024MU0008002,1,1841.43,38,1,1,1,7,12177,101,5000,1,1,1,1,1,2700108,1000000
2024MU0008003,1,1841.43,57,1,2,1,20,158329,501,3000,1,1,1,1,1,2700100,1000000
2024MU0008004,1,1841.43,37,1,3,1,17,201310,501,5000,3,3,1,1,1,2700110,1000000
2024MU0008005,1,1841.43,14,1,1,1,1,4285,35,0,0,6,1,5,1,2700119,1000000
2024MU0008006,1,1841.43,27,1,3,1,11,13605,113,9000,3,1,1,1,1,2700118,1000000
2024MU0008007,1,1841.43,36,2,8,1,16,82481,501,5000,1,1,2,1,1,2700110,1000000
2024MU0008008,1,1841.43,16,1,1,1,14,18458,153,0,0,6,1,5,1,2700112,1000000
2024MU0008009,1,1841.43,44,2,1,1,9,50117,417,6000,4,1,1,5,1,2700118,1000000
2024MU0008010,1,1841.43,2,2,8,1,4,10433,86,0,0,6,1,5,1,2700109,1000000
2024MU0008011,1,1841.43,32,1,3,1,5,31557,262,9920,1,1,1,5,1,2700101,1000000
2024MU0008012,1,1841.43,64,2,1,1,10,27657,230,4000,1,1,1,1,2,2700104,1000000
2024MU0008013,1,1841.43,2,2,2,1,4,12637,105,0,0,6,2,5,1,2700106,1000000
2024MU0008014,1,1841.43,48,1,3,1,9,126095,501,8000,1,1,1,1,1,2700100,1000000
2024MU0008015,1,1841.43,26,1,3,1,8,2561,21,9920,1,1,1,1,1,2700106,1000000
2024MU0008016,1,1841.43,2,1,3,1,6,4111,34,0,0,6,1,5,1,2700101,1000000
2024MU0008017,1,1841.43,1,2,3,1,6,2581,21,0,0,6,1,5,1,2700114,1000000
2024MU0008018,1,1841.43,30,1,4,1,11,36315,302,5000,1,4,1,5,1,2700113,1000000
2024MU0008019,1,1841.43,42,1,1,1,14,24612,205,6000,3,2,1,1,1,2700120,1000000
2024MU0008020,1,1841.43,64,2,3,1,5,6290,52,8000,4,1,1,2,2,2700117,1000000
2024MU0008021,1,1841.43,12,1,9,1,6,8241,68,0,0,6,1,5,1,2700117,1000000
2024MU0008022,1,1841.43,20,2,2,1,15,14693,122,5000,1,1,1,5,1,2700113,1000000
2024MU0008023,1,1841.43,49,1,4,1,7,17274,143,6000,1,1,1,1,1,2700110,1000000
2024MU0008024,1,1841.43,36,2,1,1,7,5448,45,9800,1,1,1,3,1,2700120,1000000
2024MU0008025,1,1841.43,25,1,1,1,9,70646,501,5000,6,1,1,1,1,2700112,1000000
2024MU0008026,1,1841.43,36,1,9,1,15,120612,501,6000,3,1,1,5,1,2700118,1000000
2024MU0008027,1,1841.43,3,1,1,1,6,7275,60,0,0,6,1,5,1,2700120,1000000
2024MU0008028,1,1841.43,23,2,1,1,16,88780,501,3000,2,1,1,5,1,2700118,1000000
2024MU0008029,1,1841.43,29,1,2,1,6,8727,72,9000,3,2,1,5,1,2700102,1000000
2024MU0008030,1,1841.43,22,2,2,1,20,164561,501,3000,1,1,1,1,1,2700118,1000000
2024MU0008031,1,1841.43,65,2,3,1,6,22308,185,6000,1,1,1,1,1,2700122,1000000
2024MU0008032,1,1841.43,26,2,1,1,12,15500,129,6000,3,1,1,1,1,2700111,1000000
2024MU0008033,1,1841.43,36,1,1,1,14,7315,60,7000,6,1,1,1,1,2700117,1000000
2024MU0008034,1,1841.43,14,2,2,1,2,2135,17,0,0,6,1,5,1,2700106,1000000
2024MU0008035,1,1841.43,9,2,2,1,6,1523,12,0,0,6,1,5,1,2700117,1000000
2024MU0008036,1,1841.43,44,1,3,1,5,34777,289,9800,1,4,1,2,1,2700111,1000000
2024MU0008037,1,1841.43,79,2,3,1,5,5803,48,0,0,6,1,1,2,2700121,1000000
2024MU0008038,1,1841.43,59,2,2,1,11,64810,501,9000,3,3,1,2,1,2700109,1000000
2024MU0008039,1,1841.43,26,2,1,1,7,10963,91,7000,3,2,1,5,1,2700105,1000000
2024MU0008040,1,1841.43,55,1,4,1,9,36536,304,6000,3,5,1,1,1,2700102,1000000
2024MU0008041,1,1841.43,13,2,1,1,3,4569,38,0,0,6,1,5,2,2700113,1000000
2024MU0008042,1,1841.43,13,1,1,1,4,13095,109,0,0,6,1,5,1,2700115,1000000
2024MU0008043,1,1841.43,17,1,3,1,11,12414,103,0,0,6,1,5,1,2700108,1000000
2024MU0008044,1,1841.43,86,1,1,1,10,39469,328,0,0,6,1,1,1,2700106,1000000
2024MU0008045,1,1841.43,37,1,2,1,6,36991,308,9920,3,1,1,1,1,2700113,1000000
2024MU0008046,1,1841.43,32,2,1,1,15,107403,501,6000,1,1,1,1,1,2700112,1000000
2024MU0008047,1,1841.43,20,1,2,1,16,28329,236,4000,2,1,1,1,1,2700115,1000000
2024MU0008048,1,1841.43,30,1,1,1,10,33451,278,8000,1,1,1,1,1,2700117,1000000
2024MU0008049,1,1841.43,3,1,9,1,7,11187,93,0,0,6,1,5,1,2700111,1000000
2024MU0008050,1,1841.43,36,1,2,1,8,7551,62,7000,3,1,1,5,1,2700120,1000000
2024MU0008051,1,1841.43,40,2,3,1,7,8990,74,5000,1,1,1,1,1,2700114,1000000
2024MU0008052,1,1841.43,14,2,8,1,2,3213,26,0,0,6,1,5,1,2700106,1000000
2024MU0008053,1,1841.43,17,1,3,1,14,4877,40,0,0,6,1,5,1,2700117,1000000
2024MU0008054,1,1841.43,30,2,3,1,19,177490,501,3000,1,1,1,5,1,2700113,1000000
2024MU0008055,1,1841.43,14,1,3,1,2,9945,82,0,0,6,1,5,1,2700117,1000000
2024MU0008056,1,1841.43,7,2,2,1,7,6749,56,0,0,6,1,5,1,2700120,1000000
2024MU0008057,1,1841.43,1,2,5,1,6,2862,23,0,0,6,1,5,1,2700114,1000000
2024MU0008058,1,1841.43,16,1,1,1,10,19110,159,0,0,6,1,5,1,2700122,1000000
2024MU0008059,1,1841.43,3,2,8,1,8,21195,176,0,0,6,1,5,1,2700105,1000000
2024MU0008060,1,1841.43,17,1,3,1,20,69743,501,0,0,6,1,5,1,2700110,1000000
2024MU0008061,1,1841.43,6,1,6,1,8,12485,104,0,0,6,1,5,1,2700117,1000000
2024MU0008062,1,1841.43,24,2,1,1,15,131637,501,5000,1,1,1,5,1,2700122,1000000
2024MU0008063,1,1841.43,4,2,6,1,3,3166,26,0,0,6,1,5,1,2700102,1000000
2024MU0008064,1,1841.43,22,1,1,1,14,33355,277,9000,4,1,1,5,2,2700122,1000000
2024MU0008065,1,1841.43,1,2,3,1,5,6106,50,0,0,6,1,5,1,2700102,1000000
2024MU0008066,1,1841.43,7,2,2,1,4,2208,18,0,0,6,1,5,1,2700101,1000000
2024MU0008067,1,1841.43,1,1,3,1,6,497,4,0,0,6,1,5,1,2700123,1000000
2024MU0008068,1,1841.43,23,1,3,1,18,47877,398,6000,1,1,1,1,1,2700122,1000000
2024MU0008069,1,1841.43,41,2,1,1,7,2852,23,5000,1,5,2,2,1,2700111,1000000
2024MU0008070,1,1841.43,25,1,2,1,10,17168,143,7000,1,3,1,1,1,2700121,1000000
2024MU0008071,1,1841.43,51,1,1,1,16,35437,295,3000,1,3,1,5,1,2700115,1000000
2024MU0008072,1,1841.43,19,2,3,1,13,20173,168,8000,3,2,1,1,1,2700109,1000000
2024MU0008073,1,1841.43,35,2,3,1,9,19043,158,5000,4,1,1,1,1,2700111,1000000
2024MU0008074,1,1841.43,89,1,1,1,5,10323,86,0,0,6,1,1,2,2700103,1000000
2024MU0008075,1,1841.43,42,2,2,1,8,29602,246,8000,6,1,1,3,1,2700121,1000000
2024MU0008076,1,1841.43,28,1,3,1,10,47472,395,9000,6,1,1,5,1,2700118,1000000
2024MU0008077,1,1841.43,52,1,1,1,5,2996,24,9800,1,1,1,2,2,2700115,1000000
2024MU0008078,1,1841.43,19,2,9,1,10,23905,199,6000,1,1,1,5,1,2700123,1000000
2024MU0008079,1,1841.43,4,2,2,1,5,5609,46,0,0,6,1,5,1,2700101,1000000
2024MU0008080,1,1841.43,25,1,1,1,9,51013,425,4000,1,1,1,1,1,2700104,1000000
2024MU0008081,1,1841.43,19,1,1,1,10,39219,326,5000,4,1,1,5,1,2700117,1000000
2024MU0008082,1,1841.43,4,2,2,1,7,7566,63,0,0,6,1,5,1,2700118,1000000
2024MU0008083,1,1841.43,18,1,2,1,16,14565,121,4000,1,1,1,5,1,2700108,1000000
2024MU0008084,1,1841.43,57,1,1,1,6,22530,187,5000,3,1,1,1,1,2700117,1000000
2024MU0008085,1,1841.43,47,1,1,1,13,15211,126,5000,3,1,1,1,1,2700112,1000000
2024MU0008086,1,1841.43,48,2,3,1,7,15244,127,9920,1,4,1,1,1,2700104,1000000
2024MU0008087,1,1841.43,1,1,3,1,3,2679,22,0,0,6,1,5,1,2700109,1000000
2024MU0008088,1,1841.43,51,1,1,1,14,36574,304,6000,3,2,1,1,1,2700105,1000000
2024MU0008089,1,1841.43,14,1,3,1,2,1197,9,0,0,6,1,5,1,2700121,1000000
2024MU0008090,1,1841.43,8,1,9,1,7,1313,10,0,0,6,1,5,1,2700116,1000000
2024MU0008091,1,1841.43,8,2,9,1,7,2797,23,0,0,6,1,5,1,2700107,1000000
2024MU0008092,1,1841.43,25,1,8,1,9,24861,207,7000,1,1,1,1,2,2700115,1000000
2024MU0008093,1,1841.43,27,1,5,1,5,7602,63,5000,1,5,1,5,1,2700122,1000000
2024MU0008094,1,1841.43,27,2,1,1,6,34105,284,8000,1,1,1,1,1,2700109,1000000
2024MU0008095,1,1841.43,44,1,1,1,6,22499,187,6000,1,1,1,1,1,2700110,1000000
2024MU0008096,1,1841.43,48,1,2,1,14,57506,479,7000,1,5,1,1,1,2700104,1000000
2024MU0008097,1,1841.43,6,2,3,1,4,2951,24,0,0,6,1,5,1,2700107,1000000
2024MU0008098,1,1841.43,35,2,6,1,5,5265,43,8000,4,2,1,1,1,2700114,1000000
2024MU0008099,1,1841.43,91,2,1,1,8,6657,55,0,0,6,1,1,2,2700109,1000000
2024MU0008100,1,1841.43,24,1,2,1,12,102944,501,9800,4,2,1,5,1,2700105,1000000
2024MU0008101,1,1841.43,12,1,3,1,3,4795,39,0,0,6,1,5,1,2700101,1000000
2024MU0008102,1,1841.43,27,2,2,1,7,26040,217,6000,4,1,1,5,1,2700116,1000000
2024MU0008103,1,1841.43,33,2,2,1,14,103766,501,7000,1,1,1,1,1,2700120,1000000
2024MU0008104,1,1841.43,41,1,1,1,5,25083,209,7000,1,1,5,1,1,2700117,1000000
2024MU0008105,1,1841.43,2,1,9,1,4,4780,39,0,0,6,1,5,1,2700122,1000000
2024MU0008106,1,1841.43,3,2,2,1,1,1818,15,0,0,6,1,5,1,2700105,1000000
2024MU0008107,1,1841.43,35,1,2,1,11,37662,313,6000,1,2,1,1,1,2700109,1000000
2024MU0008108,1,1841.43,34,1,1,1,9,33850,282,4000,2,1,1,5,1,2700115,1000000
2024MU0008109,1,1841.43,40,1,2,1,5,20875,173,9000,1,1,1,1,1,2700117,1000000
2024MU0008110,1,1841.43,17,2,1,1,14,4048,33,0,0,6,1,5,1,2700105,1000000
2024MU0008111,1,1841.43,42,2,1,1,10,29918,249,5000,1,1,1,1,1,2700100,1000000
2024MU0008112,1,1841.43,15,2,1,1,13,14455,120,0,0,6,1,5,1,2700116,1000000
2024MU0008113,1,1841.43,56,1,1,1,12,22214,185,7000,1,1,1,5,1,2700116,1000000
2024MU0008114,1,1841.43,43,1,3,1,8,7706,64,7000,3,1,1,1,1,2700100,1000000
2024MU0008115,1,1841.43,34,1,2,1,14,25042,208,7000,1,4,1,1,1,2700113,1000000
2024MU0008116,1,1841.43,50,2,8,1,10,30010,250,6000,6,1,1,2,1,2700103,1000000
2024MU0008117,1,1841.43,8,2,1,1,7,596,4,0,0,6,1,5,1,2700116,1000000
2024MU0008118,1,1841.43,37,2,1,1,11,25848,215,5000,4,2,5,1,1,2700118,1000000
2024MU0008119,1,1841.43,2,1,8,1,2,8588,71,0,0,6,1,5,1,2700113,1000000
2024MU0008120,1,1841.43,27,2,1,1,15,95911,501,4000,1,1,1,1,1,2700105,1000000
2024MU0008121,1,1841.43,27,1,1,1,14,38983,324,3000,1,1,1,1,1,2700110,1000000
2024MU0008122,1,1841.43,7,1,1,1,9,3030,25,0,0,6,1,5,1,2700108,1000000
2024MU0008123,1,1841.43,19,1,5,1,11,8152,67,5000,1,1,1,5,1,2700107,1000000
2024MU0008124,1,1841.43,8,2,5,1,5,3653,30,0,0,6,1,5,1,2700111,1000000
2024MU0008125,1,1841.43,18,2,1,1,15,39129,326,5000,1,1,2,5,1,2700105,1000000
2024MU0008126,1,1841.43,47,1,3,1,11,94837,501,9800,1,1,1,1,1,2700115,1000000
2024MU0008127,1,1841.43,22,2,2,1,20,256329,501,4000,2,1,1,1,1,2700119,1000000
2024MU0008128,1,1841.43,32,2,8,1,11,28927,241,8000,4,1,1,1,1,2700109,1000000
2024MU0008129,1,1841.43,88,1,1,1,9,12247,102,0,0,6,1,1,1,2700120,1000000
2024MU0008130,1,1841.43,54,1,5,1,8,41341,344,9800,1,1,1,1,1,2700102,1000000
2024MU0008131,1,1841.43,29,1,1,1,9,22579,188,5000,3,1,1,1,1,2700106,1000000
2024MU0008132,1,1841.43,24,1,2,1,14,13616,113,7000,6,3,1,1,1,2700109,1000000
2024MU0008133,1,1841.43,21,1,1,1,10,9424,78,5000,3,1,1,1,1,2700120,1000000
2024MU0008134,1,1841.43,36,1,3,1,9,112069,501,9000,6,1,1,1,1,2700111,1000000
2024MU0008135,1,1841.43,45,2,3,1,6,7773,64,8000,1,1,1,2,1,2700105,1000000
2024MU0008136,1,1841.43,17,2,2,1,14,8069,67,0,0,6,1,5,1,2700101,1000000
2024MU0008137,1,1841.43,18,2,3,1,14,5952,49,9800,1,1,1,5,1,2700111,1000000
2024MU0008138,1,1841.43,8,1,3,1,6,8613,71,0,0,6,1,5,1,2700109,1000000
2024MU0008139,1,1841.43,15,1,4,1,15,35197,293,0,0,6,1,5,1,2700110,1000000
2024MU0008140,1,1841.43,33,1,1,1,11,83319,501,9000,1,1,1,5,1,2700122,1000000
2024MU0008141,1,1841.43,48,2,2,1,7,56068,467,7000,6,1,1,1,1,2700103,1000000
2024MU0008142,1,1841.43,2,1,1,1,7,1195,9,0,0,6,1,5,1,2700122,1000000
2024MU0008143,1,1841.43,7,1,2,1,1,2183,18,0,0,6,1,5,1,2700100,1000000
2024MU0008144,1,1841.43,41,2,3,1,19,192059,501,3000,1,1,1,1,1,2700100,1000000
2024MU0008145,1,1841.43,57,1,3,1,9,38108,317,3000,3,1,1,4,1,2700113,1000000
2024MU0008146,1,1841.43,15,2,3,1,12,15524,129,0,0,6,1,5,1,2700101,1000000
2024MU0008147,1,1841.43,6,1,1,1,4,2705,22,0,0,6,1,5,1,2700102,1000000
2024MU0008148,1,1841.43,56,1,3,1,5,7680,64,8000,3,1,1,3,1,2700119,1000000
2024MU0008149,1,1841.43,39,2,2,1,7,34463,287,9000,1,4,1,1,1,2700111,1000000
2024MU0008150,1,1841.43,37,1,9,1,9,63869,501,5000,1,1,1,1,1,2700117,1000000
2024MU0008151,1,1841.43,9,1,1,1,5,5160,43,0,0,6,1,5,1,2700102,1000000
2024MU0008152,1,1841.43,14,1,3,1,2,720,6,0,0,6,1,5,1,2700120,1000000
2024MU0008153,1,1841.43,15,2,4,1,16,61085,501,0,0,6,1,5,1,2700103,1000000
2024MU0008154,1,1841.43,34,2,8,1,15,132283,501,6000,1,1,1,1,1,2700107,1000000
2024MU0008155,1,1841.43,37,2,2,1,12,38907,324,9800,1,5,1,1,1,2700106,1000000
2024MU0008156,1,1841.43,27,2,2,1,9,16371,136,6000,3,4,1,1,1,2700104,1000000
2024MU0008157,1,1841.43,25,1,2,1,7,6441,53,9800,3,1,1,1,1,2700111,1000000
2024MU0008158,1,1841.43,43,1,1,1,5,7860,65,5000,4,1,1,1,1,2700110,1000000
2024MU0008159,1,1841.43,8,1,3,1,6,810,6,0,0,6,1,5,1,2700117,1000000
2024MU0008160,1,1841.43,51,2,9,1,10,20490,170,8000,4,1,1,1,1,2700116,1000000
2024MU0008161,1,1841.43,38,1,1,1,11,14228,118,8000,6,1,1,1,1,2700104,1000000
2024MU0008162,1,1841.43,16,2,3,1,11,10443,87,0,0,6,1,5,1,2700113,1000000
2024MU0008163,1,1841.43,27,2,8,1,8,4256,35,9800,1,1,1,5,1,2700117,1000000
2024MU0008164,1,1841.43,12,2,1,1,7,7186,59,0,0,6,1,5,1,2700112,1000000
2024MU0008165,1,1841.43,22,1,2,1,15,29093,242,3000,1,5,1,1,1,2700119,1000000
2024MU0008166,1,1841.43,12,1,6,1,9,25143,209,0,0,6,1,5,1,2700102,1000000
2024MU0008167,1,1841.43,37,1,8,1,20,362445,501,4000,1,1,1,3,1,2700117,1000000
2024MU0008168,1,1841.43,41,1,2,1,12,20660,172,9800,1,1,1,1,1,2700113,1000000
2024MU0008169,1,1841.43,7,2,1,1,3,3716,30,0,0,6,5,5,1,2700112,1000000
2024MU0008170,1,1841.43,3,1,1,1,3,2023,16,0,0,6,1,5,1,2700121,1000000
2024MU0008171,1,1841.43,17,2,3,1,13,16334,136,0,0,6,1,5,1,2700112,1000000
2024MU0008172,1,1841.43,53,2,1,1,19,488907,501,3000,1,1,1,1,1,2700121,1000000
2024MU0008173,1,1841.43,9,2,1,1,3,10310,85,0,0,6,1,5,1,2700104,1000000
2024MU0008174,1,1841.43,1,1,4,1,6,2311,19,0,0,6,5,5,1,2700113,1000000
2024MU0008175,1,1841.43,28,1,4,1,18,84595,501,4000,2,1,1,5,1,2700120,1000000
2024MU0008176,1,1841.43,57,1,6,1,12,105406,501,8000,4,2,1,1,1,2700114,1000000
2024MU0008177,1,1841.43,42,1,1,1,10,62900,501,9000,4,1,1,1,1,2700111,1000000
2024MU0008178,1,1841.43,65,1,1,1,5,14987,124,9920,6,2,1,1,1,2700122,1000000
2024MU0008179,1,1841.43,45,1,5,1,6,26992,224,5000,1,3,1,3,1,2700114,1000000
2024MU0008180,1,1841.43,7,2,3,1,4,4260,35,0,0,6,1,5,1,2700114,1000000
2024MU0008181,1,1841.43,4,1,5,1,9,10377,86,0,0,6,1,5,1,2700121,1000000
2024MU0008182,1,1841.43,44,1,9,1,14,18670,155,6000,6,1,1,5,1,2700103,1000000
2024MU0008183,1,1841.43,34,2,6,1,7,8687,72,9800,1,1,1,5,1,2700120,1000000
2024MU0008184,1,1841.43,46,2,2,1,7,7792,64,7000,4,1,1,1,1,2700116,1000000
2024MU0008185,1,1841.43,35,2,1,1,12,34077,283,8000,1,1,1,1,1,2700112,1000000
2024MU0008186,1,1841.43,7,1,3,1,4,4340,36,0,0,6,1,5,1,2700115,1000000
2024MU0008187,1,1841.43,39,2,3,1,7,14705,122,5000,6,5,1,1,1,2700115,1000000
2024MU0008188,1,1841.43,2,2,1,1,4,4763,39,0,0,6,1,5,1,2700117,1000000
2024MU0008189,1,1841.43,36,2,4,1,18,176462,501,5000,1,1,1,5,1,2700113,1000000
2024MU0008190,1,1841.43,50,1,1,1,16,76929,501,5000,4,1,1,1,1,2700102,1000000
2024MU0008191,1,1841.43,18,2,4,1,15,46111,384,4000,1,1,1,5,1,2700115,1000000
2024MU0008192,1,1841.43,55,1,1,1,10,80556,501,9000,1,1,1,5,1,2700116,1000000
2024MU0008193,1,1841.43,13,2,2,1,3,5586,46,0,0,6,1,5,1,2700101,1000000
2024MU0008194,1,1841.43,11,1,6,1,6,2592,21,0,0,6,1,5,1,2700107,1000000
2024MU0008195,1,1841.43,41,2,1,1,5,34189,284,9920,1,1,1,1,1,2700115,1000000
2024MU0008196,1,1841.43,68,2,2,1,6,9827,81,9800,4,1,1,2,1,2700104,1000000
2024MU0008197,1,1841.43,38,1,1,1,5,26301,219,5000,1,1,1,1,1,2700104,1000000
2024MU0008198,1,1841.43,27,2,8,1,10,85090,501,9000,1,2,1,1,1,2700109,1000000
2024MU0008199,1,1841.43,54,1,5,1,13,59671,497,6000,1,1,1,1,1,2700108,1000000
2024MU0008200,1,1841.43,17,1,9,1,20,131027,501,0,0,6,2,5,1,2700113,1000000
2024MU0008201,1,1841.43,25,1,7,1,13,26184,218,6000,3,1,1,5,1,2700119,1000000
2024MU0008202,1,1841.43,30,2,3,1,14,32219,268,9800,1,1,1,1,1,2700104,1000000
2024MU0008203,1,1841.43,31,1,1,1,9,97399,501,7000,3,1,2,1,2,2700122,1000000
2024MU0008204,1,1841.43,55,2,1,1,9,18214,151,7000,6,1,1,1,1,2700109,1000000
2024MU0008205,1,1841.43,7,2,2,1,6,18155,151,0,0,6,1,5,1,2700105,1000000
2024MU0008206,1,1841.43,11,2,3,1,4,11356,94,0,0,6,1,5,1,2700109,1000000
2024MU0008207,1,1841.43,20,2,4,1,11,11583,96,9000,6,1,1,5,1,2700119,1000000
2024MU0008208,1,1841.43,21,1,1,1,17,60887,501,4000,1,1,1,5,1,2700106,1000000
2024MU0008209,1,1841.43,44,1,1,1,7,27233,226,9920,1,1,1,5,1,2700117,1000000
2024MU0008210,1,1841.43,5,1,2,1,1,1427,11,0,0,6,1,5,1,2700118,1000000
2024MU0008211,1,1841.43,2,2,1,1,4,2085,17,0,0,6,1,5,1,2700101,1000000
2024MU0008212,1,1841.43,11,1,3,1,1,5037,41,0,0,6,1,5,1,2700111,1000000
2024MU0008213,1,1841.43,39,1,3,1,12,48727,406,5000,1,1,1,1,1,2700123,1000000
2024MU0008214,1,1841.43,57,2,3,1,10,90734,501,9000,4,5,1,1,1,2700119,1000000
2024MU0008215,1,1841.43,3,1,1,1,3,5103,42,0,0,6,1,5,1,2700102,1000000
2024MU0008216,1,1841.43,8,2,9,1,9,4482,37,0,0,6,1,5,1,2700122,1000000
2024MU0008217,1,1841.43,32,1,1,1,15,85402,501,3000,1,1,5,5,1,2700105,1000000
2024MU0008218,1,1841.43,39,1,1,1,7,29049,242,6000,1,1,1,1,1,2700113,1000000
2024MU0008219,1,1841.43,56,1,3,1,11,10139,84,5000,1,1,1,1,1,2700120,1000000
2024MU0008220,1,1841.43,22,1,1,1,14,10817,90,5000,4,3,1,5,1,2700117,1000000
2024MU0008221,1,1841.43,2,2,1,1,6,2974,24,0,0,6,1,5,1,2700100,1000000
2024MU0008222,1,1841.43,36,1,1,1,14,83368,501,9000,6,1,1,1,1,2700113,1000000
2024MU0008223,1,1841.43,2,1,3,1,2,3369,28,0,0,6,1,5,1,2700115,1000000
2024MU0008224,1,1841.43,61,2,8,1,9,50143,417,8000,4,1,1,2,1,2700118,1000000
2024MU0008225,1,1841.43,34,2,3,1,15,118801,501,3000,3,1,1,1,1,2700120,1000000
2024MU0008226,1,1841.43,55,2,3,1,8,11936,99,6000,3,1,1,1,1,2700104,1000000
2024MU0008227,1,1841.43,6,2,1,1,1,2375,19,0,0,6,1,5,2,2700101,1000000
2024MU0008228,1,1841.43,42,2,1,1,5,31388,261,5000,3,2,1,1,1,2700118,1000000
2024MU0008229,1,1841.43,30,1,1,1,7,5877,48,7000,4,1,1,1,2,2700112,1000000
2024MU0008230,1,1841.43,54,2,8,1,5,11081,92,7000,1,1,1,1,1,2700101,1000000
2024MU0008231,1,1841.43,22,1,1,1,14,64805,501,5000,1,5,1,1,1,2700106,1000000
2024MU0008232,1,1841.43,35,1,9,1,9,25523,212,9800,3,1,1,1,1,2700102,1000000
2024MU0008233,1,1841.43,14,1,1,1,2,1153,9,0,0,6,5,5,1,2700115,1000000
2024MU0008234,1,1841.43,14,1,3,1,6,736,6,0,0,6,1,5,1,2700120,1000000
2024MU0008235,1,1841.43,47,1,9,1,20,332853,501,4000,1,3,1,1,2,2700100,1000000
2024MU0008236,1,1841.43,4,1,2,1,8,7207,60,0,0,6,1,5,1,2700111,1000000
2024MU0008237,1,1841.43,49,1,3,1,7,12172,101,5000,1,1,1,1,1,2700119,1000000
2024MU0008238,1,1841.43,24,2,2,1,17,36836,306,3000,2,1,1,5,1,2700105,1000000
2024MU0008239,1,1841.43,31,2,1,1,17,108517,501,5000,3,1,1,1,1,2700110,1000000
2024MU0008240,1,1841.43,27,2,1,1,16,160125,501,6000,4,1,1,1,1,2700109,1000000
2024MU0008241,1,1841.43,34,2,5,1,16,55311,460,1000,1,1,1,1,1,2700103,1000000
2024MU0008242,1,1841.43,19,1,1,1,17,55878,465,6000,1,5,1,5,1,2700110,1000000
2024MU0008243,1,1841.43,18,2,1,1,13,3325,27,4000,1,1,1,1,1,2700106,1000000
2024MU0008244,1,1841.43,41,1,9,1,5,6455,53,9000,1,1,1,2,1,2700115,1000000
2024MU0008245,1,1841.43,21,1,1,1,15,31621,263,1000,1,1,1,5,1,2700105,1000000
2024MU0008246,1,1841.43,16,1,2,1,11,21149,176,0,0,6,1,5,1,2700120,1000000
2024MU0008247,1,1841.43,45,1,9,1,20,497894,501,4000,1,5,1,1,1,2700105,1000000
2024MU0008248,1,1841.43,42,1,2,1,8,35444,295,7000,1,1,1,1,1,2700102,1000000
2024MU0008249,1,1841.43,50,1,2,1,16,250536,501,4000,1,2,1,1,1,2700117,1000000
2024MU0008250,1,1841.43,16,1,5,1,17,33033,275,0,0,6,1,5,1,2700108,1000000
2024MU0008251,1,1841.43,9,1,1,1,4,2437,20,0,0,6,1,5,2,2700109,1000000
2024MU0008252,1,1841.43,51,1,1,1,6,34450,287,5000,1,1,1,1,1,2700116,1000000
2024MU0008253,1,1841.43,7,2,2,1,3,11930,99,0,0,6,1,5,1,2700102,1000000
2024MU0008254,1,1841.43,44,1,3,1,11,83608,501,6000,3,2,1,1,1,2700122,1000000
2024MU0008255,1,1841.43,36,1,1,1,15,171075,501,5000,4,1,1,1,1,2700109,1000000
2024MU0008256,1,1841.43,19,2,2,1,20,119612,501,4000,1,1,1,5,1,2700104,1000000
2024MU0008257,1,1841.43,15,2,1,1,12,13841,115,0,0,6,1,5,1,2700101,1000000
2024MU0008258,1,1841.43,13,1,1,1,2,3942,32,0,0,6,1,5,1,2700122,1000000
2024MU0008259,1,1841.43,16,2,3,1,10,18104,150,0,0,6,1,5,1,2700102,1000000
2024MU0008260,1,1841.43,20,1,1,1,13,15219,126,9800,4,1,1,5,1,2700120,1000000
2024MU0008261,1,1841.43,65,1,3,1,10,33743,281,9800,1,1,1,1,1,2700116,1000000
2024MU0008262,1,1841.43,49,1,2,1,6,14425,120,9800,6,1,1,3,1,2700108,1000000
2024MU0008263,1,1841.43,27,2,1,1,11,54903,457,9800,1,5,1,1,1,2700100,1000000
2024MU0008264,1,1841.43,60,1,1,1,7,26531,221,5000,4,1,1,1,1,2700104,1000000
2024MU0008265,1,1841.43,25,2,1,1,9,33731,281,5000,1,4,1,5,1,2700108,1000000
2024MU0008266,1,1841.43,32,1,1,1,12,25773,214,4000,3,1,1,1,1,2700122,1000000
2024MU0008267,1,1841.43,0,2,3,1,5,10813,90,0,0,6,1,5,1,2700108,1000000
2024MU0008268,1,1841.43,12,1,3,1,3,1522,12,0,0,6,1,5,1,2700105,1000000
2024MU0008269,1,1841.43,39,1,1,1,13,22290,185,7000,4,1,1,1,2,2700105,1000000
2024MU0008270,1,1841.43,51,2,3,1,7,15281,127,9920,1,1,1,1,1,2700115,1000000
2024MU0008271,1,1841.43,42,2,9,1,10,7531,62,7000,1,1,1,1,1,2700108,1000000
2024MU0008272,1,1841.43,20,1,1,1,20,128992,501,3000,1,2,1,5,1,2700116,1000000
2024MU0008273,1,1841.43,19,2,2,1,17,29876,248,6000,1,1,1,5,1,2700112,1000000
2024MU0008274,1,1841.43,16,2,3,1,14,32005,266,0,0,6,1,5,1,2700102,1000000
2024MU0008275,1,1841.43,3,1,1,1,6,16970,141,0,0,6,1,5,2,2700108,1000000
2024MU0008276,1,1841.43,4,2,4,1,7,3540,29,0,0,6,1,5,1,2700113,1000000
2024MU0008277,1,1841.43,64,2,9,1,6,39300,327,9920,1,1,1,1,1,2700102,1000000
2024MU0008278,1,1841.43,65,1,1,1,9,8645,72,8000,1,1,1,1,1,2700103,1000000
2024MU0008279,1,1841.43,20,1,5,1,14,14754,122,9800,1,1,1,5,1,2700119,1000000
2024MU0008280,1,1841.43,30,1,2,1,14,31286,260,5000,1,2,1,1,1,2700113,1000000
2024MU0008281,1,1841.43,26,1,1,1,9,47306,394,7000,3,1,1,1,1,2700117,1000000
2024MU0008282,1,1841.43,81,1,2,1,12,33679,280,0,0,6,1,2,1,2700100,1000000
2024MU0008283,1,1841.43,5,1,1,1,5,3526,29,0,0,6,1,5,1,2700119,1000000
2024MU0008284,1,1841.43,39,2,2,1,9,63811,501,6000,1,1,1,3,1,2700123,1000000
2024MU0008285,1,1841.43,27,1,1,1,10,56283,469,6000,1,1,1,1,1,2700118,1000000
2024MU0008286,1,1841.43,12,2,3,1,3,4657,38,0,0,6,1,5,1,2700104,1000000
2024MU0008287,1,1841.43,26,1,2,1,7,81478,501,6000,3,1,1,1,1,2700123,1000000
2024MU0008288,1,1841.43,41,1,2,1,5,14365,119,9920,1,1,1,1,1,2700107,1000000
2024MU0008289,1,1841.43,46,2,1,1,8,60295,501,7000,1,1,1,1,1,2700106,1000000
2024MU0008290,1,1841.43,69,2,2,1,7,16700,139,8000,3,1,1,1,1,2700120,1000000
2024MU0008291,1,1841.43,2,1,1,1,4,905,7,0,0,6,1,5,1,2700115,1000000
2024MU0008292,1,1841.43,29,1,3,1,5,35285,294,6000,1,1,1,1,1,2700110,1000000
2024MU0008293,1,1841.43,52,1,1,1,10,77015,501,9800,1,1,1,1,1,2700107,1000000
2024MU0008294,1,1841.43,15,2,3,1,12,11800,98,0,0,6,1,5,1,2700105,1000000
2024MU0008295,1,1841.43,14,1,1,1,3,5383,44,0,0,6,2,5,1,2700112,1000000
2024MU0008296,1,1841.43,13,2,3,1,2,5944,49,0,0,6,1,5,1,2700110,1000000
2024MU0008297,1,1841.43,14,2,2,1,5,12043,100,0,0,6,1,5,1,2700114,1000000
2024MU0008298,1,1841.43,30,1,2,1,6,11520,96,9000,4,1,1,1,1,2700100,1000000
2024MU0008299,1,1841.43,29,1,3,1,8,38012,316,5000,6,1,1,1,1,2700103,1000000
2024MU0008300,1,1841.43,20,1,2,1,14,5100,42,6000,4,3,2,1,1,2700119,1000000
2024MU0008301,1,1841.43,55,1,5,1,6,3267,27,9920,1,1,1,1,1,2700116,1000000
2024MU0008302,1,1841.43,0,1,3,1,4,6443,53,0,0,6,1,5,1,2700107,1000000
2024MU0008303,1,1841.43,5,1,2,1,3,10973,91,0,0,6,1,5,1,2700123,1000000
2024MU0008304,1,1841.43,85,2,7,1,11,16012,133,0,0,6,1,5,1,2700106,1000000
2024MU0008305,1,1841.43,22,1,5,1,18,20298,169,6000,1,1,1,5,1,2700117,1000000
2024MU0008306,1,1841.43,52,2,2,1,20,94327,501,3000,2,2,1,1,1,2700122,1000000
2024MU0008307,1,1841.43,25,1,1,1,11,39428,328,7000,6,2,1,1,1,2700102,1000000
2024MU0008308,1,1841.43,44,1,3,1,10,43272,360,9800,1,1,1,1,1,2700115,1000000
2024MU0008309,1,1841.43,43,2,2,1,16,255989,501,5000,4,1,1,1,1,2700111,1000000
2024MU0008310,1,1841.43,8,2,2,1,4,4248,35,0,0,6,1,5,1,2700110,1000000
2024MU0008311,1,1841.43,24,1,3,1,15,50640,422,6000,4,1,1,5,1,2700105,1000000
2024MU0008312,1,1841.43,90,2,3,1,7,8553,71,0,0,6,1,1,1,2700104,1000000
2024MU0008313,1,1841.43,33,2,3,1,11,88720,501,7000,6,2,1,1,1,2700109,1000000
2024MU0008314,1,1841.43,44,2,3,1,5,47254,393,9920,1,1,1,1,1,2700100,1000000
2024MU0008315,1,1841.43,18,1,1,1,17,27706,230,4000,1,1,1,5,1,2700120,1000000
2024MU0008316,1,1841.43,28,2,1,1,19,164483,501,3000,1,1,1,1,1,2700114,1000000
2024MU0008317,1,1841.43,41,2,3,1,5,29903,249,5000,3,1,1,1,1,2700110,1000000
2024MU0008318,1,1841.43,76,2,2,1,10,10751,89,0,0,6,1,1,1,2700100,1000000
2024MU0008319,1,1841.43,9,2,4,1,3,7226,60,0,0,6,1,5,1,2700113,1000000
2024MU0008320,1,1841.43,1,2,1,1,2,3328,27,0,0,6,1,5,1,2700110,1000000
2024MU0008321,1,1841.43,78,1,1,1,9,17222,143,0,0,6,5,1,1,2700106,1000000
2024MU0008322,1,1841.43,0,1,3,1,1,4016,33,0,0,6,1,5,1,2700103,1000000
2024MU0008323,1,1841.43,21,1,2,1,14,11929,99,8000,3,2,1,5,1,2700113,1000000
2024MU0008324,1,1841.43,41,1,1,1,5,74113,501,9800,6,1,1,1,1,2700107,1000000
2024MU0008325,1,1841.43,18,1,2,1,15,22351,186,4000,3,1,1,5,1,2700122,1000000
2024MU0008326,1,1841.43,26,2,1,1,11,21690,180,7000,1,1,1,5,1,2700107,1000000
2024MU0008327,1,1841.43,18,1,1,1,19,122933,501,3000,1,1,1,5,1,2700121,1000000
2024MU0008328,1,1841.43,4,2,1,1,6,5720,47,0,0,6,1,5,1,2700117,1000000
2024MU0008329,1,1841.43,13,2,3,1,2,7406,61,0,0,6,1,5,1,2700109,1000000
2024MU0008330,1,1841.43,7,1,6,1,4,1757,14,0,0,6,1,5,1,2700103,1000000
2024MU0008331,1,1841.43,51,2,1,1,15,114446,501,6000,1,1,5,5,1,2700106,1000000
2024MU0008332,1,1841.43,37,1,1,1,13,76847,501,7000,6,1,1,1,1,2700115,1000000
2024MU0008333,1,1841.43,54,2,3,1,10,22650,188,5000,1,1,1,1,1,2700106,1000000
2024MU0008334,1,1841.43,50,2,6,1,10,56384,469,3000,2,1,1,5,1,2700112,1000000
2024MU0008335,1,1841.43,26,1,1,1,10,25179,209,9000,1,1,1,1,2,2700102,1000000
2024MU0008336,1,1841.43,24,1,2,1,16,53616,446,4000,2,1,1,5,1,2700123,1000000
2024MU0008337,1,1841.43,39,1,1,1,14,88570,501,3000,1,1,1,1,1,2700117,1000000
2024MU0008338,1,1841.43,26,2,1,1,7,26560,221,7000,3,1,1,1,1,2700108,1000000
2024MU0008339,1,1841.43,25,2,3,1,18,85313,501,6000,4,1,1,5,1,2700118,1000000
2024MU0008340,1,1841.43,14,1,9,1,3,5747,47,0,0,6,1,5,1,2700103,1000000
2024MU0008341,1,1841.43,42,2,3,1,9,110142,501,9800,1,1,1,1,1,2700107,1000000
2024MU0008342,1,1841.43,13,1,9,1,1,2920,24,0,0,6,1,5,1,2700116,1000000
2024MU0008343,1,1841.43,58,1,2,1,10,46351,386,4000,1,1,1,1,1,2700114,1000000
2024MU0008344,1,1841.43,18,2,8,1,14,8313,69,5000,6,1,1,1,1,2700102,1000000
2024MU0008345,1,1841.43,22,1,1,1,13,14241,118,3000,1,1,1,5,1,2700105,1000000
2024MU0008346,1,1841.43,25,2,1,1,19,130552,501,4000,1,4,1,1,1,2700121,1000000
2024MU0008347,1,1841.43,15,2,3,1,14,4957,41,0,0,6,1,5,1,2700122,1000000
2024MU0008348,1,1841.43,21,2,2,1,14,14675,122,4000,1,2,1,5,1,2700101,1000000
2024MU0008349,1,1841.43,31,1,1,1,11,25381,211,5000,4,3,1,1,1,2700116,1000000
2024MU0008350,1,1841.43,11,1,3,1,2,1310,10,0,0,6,1,5,1,2700113,1000000
2024MU0008351,1,1841.43,40,1,1,1,8,29041,242,6000,3,2,1,1,1,2700112,1000000
2024MU0008352,1,1841.43,41,2,3,1,8,27569,229,9920,3,1,1,1,1,2700123,1000000
2024MU0008353,1,1841.43,12,2,1,1,4,3077,25,0,0,6,1,5,1,2700113,1000000
2024MU0008354,1,1841.43,53,1,4,1,13,59411,495,8000,1,1,1,1,1,2700107,1000000
2024MU0008355,1,1841.43,38,2,1,1,8,8412,70,9000,6,1,1,1,1,2700109,1000000
2024MU0008356,1,1841.43,41,1,2,1,10,33580,279,9000,1,1,1,2,1,2700100,1000000
2024MU0008357,1,1841.43,23,1,1,1,10,38637,321,8000,1,1,1,5,1,2700101,1000000
2024MU0008358,1,1841.43,46,1,4,1,8,36657,305,9800,1,1,1,5,1,2700103,1000000
2024MU0008359,1,1841.43,12,1,3,1,4,2951,24,0,0,6,1,5,1,2700115,1000000
2024MU0008360,1,1841.43,12,1,1,1,1,2488,20,0,0,6,1,5,1,2700122,1000000
2024MU0008361,1,1841.43,20,1,1,1,15,53398,444,1000,1,1,1,5,2,2700110,1000000
2024MU0008362,1,1841.43,11,2,1,1,3,6543,54,0,0,6,1,5,1,2700123,1000000
2024MU0008363,1,1841.43,25,2,3,1,20,171307,501,3000,1,1,1,1,1,2700120,1000000
2024MU0008364,1,1841.43,14,1,2,1,5,10310,85,0,0,6,1,5,1,2700114,1000000
2024MU0008365,1,1841.43,82,2,1,1,6,31712,264,0,0,6,1,3,1,2700121,1000000
2024MU0008366,1,1841.43,23,2,3,1,11,37533,312,9000,3,1,1,5,1,2700122,1000000
2024MU0008367,1,1841.43,19,1,8,1,10,7209,60,7000,4,1,1,5,1,2700100,1000000
2024MU0008368,1,1841.43,4,2,1,1,1,5966,49,0,0,6,1,5,1,2700121,1000000
2024MU0008369,1,1841.43,13,2,2,1,6,2079,17,0,0,6,1,5,1,2700119,1000000
2024MU0008370,1,1841.43,6,2,3,1,7,10826,90,0,0,6,1,5,1,2700109,1000000
2024MU0008371,1,1841.43,17,2,3,1,12,6666,55,0,0,6,1,5,1,2700112,1000000
2024MU0008372,1,1841.43,98,2,1,1,7,5723,47,0,0,6,1,1,1,2700120,1000000
2024MU0008373,1,1841.43,0,1,1,1,4,2050,17,0,0,6,1,5,1,2700115,1000000
2024MU0008374,1,1841.43,12,2,1,1,5,4636,38,0,0,6,1,5,1,2700114,1000000
2024MU0008375,1,1841.43,56,1,3,1,6,15898,132,5000,1,2,1,1,1,2700104,1000000
2024MU0008376,1,1841.43,35,2,3,1,18,184962,501,3000,1,1,1,1,1,2700123,1000000
2024MU0008377,1,1841.43,4,1,1,1,6,4410,36,0,0,6,1,5,1,2700116,1000000
2024MU0008378,1,1841.43,2,1,1,1,9,11253,93,0,0,6,1,5,1,2700118,1000000
2024MU0008379,1,1841.43,29,2,1,1,9,19441,162,9800,1,1,1,1,1,2700112,1000000
2024MU0008380,1,1841.43,3,1,5,1,5,3187,26,0,0,6,1,5,2,2700101,1000000
2024MU0008381,1,1841.43,10,2,1,1,6,1315,10,0,0,6,1,5,1,2700107,1000000
2024MU0008382,1,1841.43,53,1,2,1,11,96335,501,9000,1,1,1,1,1,2700100,1000000
2024MU0008383,1,1841.43,6,2,4,1,1,3716,30,0,0,6,1,5,1,2700101,1000000
2024MU0008384,1,1841.43,74,1,5,1,12,57259,477,8000,4,1,1,2,1,2700108,1000000
2024MU0008385,1,1841.43,17,1,3,1,19,56134,467,0,0,6,1,5,1,2700111,1000000
2024MU0008386,1,1841.43,55,1,1,1,6,2916,24,9000,1,1,1,2,1,2700108,1000000
2024MU0008387,1,1841.43,58,2,5,1,9,26495,220,5000,1,1,1,1,2,2700100,1000000
2024MU0008388,1,1841.43,3,2,3,1,3,3999,33,0,0,6,1,5,2,2700107,1000000
2024MU0008389,1,1841.43,78,2,3,1,11,19007,158,0,0,6,1,5,1,2700106,1000000
2024MU0008390,1,1841.43,33,2,1,1,13,69989,501,3000,1,1,1,1,1,2700119,1000000
2024MU0008391,1,1841.43,91,2,1,1,6,7676,63,0,0,6,1,1,1,2700122,1000000
2024MU0008392,1,1841.43,31,2,3,1,5,12243,102,7000,1,2,1,5,1,2700109,1000000
2024MU0008393,1,1841.43,48,1,9,1,7,7710,64,7000,1,3,1,1,1,2700100,1000000
2024MU0008394,1,1841.43,24,1,4,1,10,21859,182,9800,1,2,1,5,1,2700114,1000000
2024MU0008395,1,1841.43,5,1,5,1,2,6500,54,0,0,6,1,5,1,2700102,1000000
2024MU0008396,1,1841.43,70,1,2,1,8,13274,110,5000,3,1,1,2,1,2700117,1000000
2024MU0008397,1,1841.43,37,1,1,1,14,27190,226,6000,1,1,1,1,1,2700123,1000000
2024MU0008398,1,1841.43,34,1,3,1,11,88187,501,4000,3,1,1,1,1,2700120,1000000
2024MU0008399,1,1841.43,58,2,3,1,10,54086,450,6000,1,1,1,1,1,2700104,1000000
2024MU0008400,1,1841.43,4,2,3,1,2,1971,16,0,0,6,1,5,1,2700120,1000000
2024MU0008401,1,1841.43,28,2,9,1,9,34528,287,6000,3,5,1,1,1,2700116,1000000
2024MU0008402,1,1841.43,50,2,2,1,11,47043,392,6000,1,1,1,4,1,2700100,1000000
2024MU0008403,1,1841.43,19,1,1,1,14,5171,43,6000,1,3,1,1,1,2700123,1000000
2024MU0008404,1,1841.43,39,1,8,1,9,16836,140,5000,1,5,1,1,1,2700123,1000000
2024MU0008405,1,1841.43,36,1,1,1,8,23420,195,6000,1,5,1,1,1,2700117,1000000
2024MU0008406,1,1841.43,31,1,3,1,12,31708,264,7000,1,2,1,1,1,2700102,1000000
2024MU0008407,1,1841.43,10,2,7,1,7,13436,111,0,0,6,1,5,1,2700101,1000000
2024MU0008408,1,1841.43,9,2,1,1,4,15881,132,0,0,6,1,5,1,2700123,1000000
2024MU0008409,1,1841.43,0,1,5,1,2,5846,48,0,0,6,1,5,1,2700111,1000000
2024MU0008410,1,1841.43,34,2,1,1,15,209685,501,4000,1,1,1,5,1,2700108,1000000
2024MU0008411,1,1841.43,20,2,4,1,11,5320,44,4000,1,1,1,1,1,2700108,1000000
2024MU0008412,1,1841.43,23,1,1,1,14,11436,95,6000,4,1,1,5,1,2700121,1000000
2024MU0008413,1,1841.43,0,1,3,1,3,3579,29,0,0,6,1,5,1,2700110,1000000
2024MU0008414,1,1841.43,34,2,3,1,17,54741,456,6000,1,1,1,1,2,2700105,1000000
2024MU0008415,1,1841.43,29,1,2,1,13,36033,300,5000,1,1,1,5,1,2700108,1000000
2024MU0008416,1,1841.43,51,1,3,1,10,20982,174,9800,1,1,1,1,1,2700104,1000000
2024MU0008417,1,1841.43,38,1,8,1,13,49793,414,6000,3,1,1,1,1,2700119,1000000
2024MU0008418,1,1841.43,67,1,3,1,8,5816,48,5000,6,1,1,1,1,2700120,1000000
2024MU0008419,1,1841.43,11,1,9,1,2,6673,55,0,0,6,1,5,1,2700112,1000000
2024MU0008420,1,1841.43,44,2,2,1,11,54762,456,6000,1,3,1,1,1,2700123,1000000
2024MU0008421,1,1841.43,50,1,2,1,9,27371,228,4000,1,1,1,1,1,2700113,1000000
2024MU0008422,1,1841.43,85,1,1,1,8,2235,18,0,0,6,1,1,1,2700115,1000000
2024MU0008423,1,1841.43,52,1,9,1,5,15214,126,8000,1,2,1,5,1,2700117,1000000
2024MU0008424,1,1841.43,81,2,1,1,5,1657,13,0,0,6,5,5,1,2700107,1000000
2024MU0008425,1,1841.43,11,1,2,1,5,10860,90,0,0,6,1,5,1,2700101,1000000
2024MU0008426,1,1841.43,41,1,1,1,9,63106,501,6000,4,1,1,1,1,2700116,1000000
2024MU0008427,1,1841.43,3,2,2,1,3,7865,65,0,0,6,1,5,1,2700110,1000000
2024MU0008428,1,1841.43,35,1,8,1,8,7381,61,9800,1,1,1,1,1,2700105,1000000
2024MU0008429,1,1841.43,59,1,2,1,10,46595,388,9000,4,1,5,1,1,2700120,1000000
2024MU0008430,1,1841.43,7,1,8,1,1,2351,19,0,0,6,5,5,1,2700108,1000000
2024MU0008431,1,1841.43,85,2,2,1,7,7525,62,0,0,6,1,1,1,2700100,1000000
2024MU0008432,1,1841.43,14,2,6,1,5,1803,15,0,0,6,1,5,2,2700110,1000000
2024MU0008433,1,1841.43,40,1,2,1,8,14996,124,7000,6,2,1,1,1,2700111,1000000
2024MU0008434,1,1841.43,22,1,1,1,18,34535,287,4000,2,1,1,5,1,2700105,1000000
2024MU0008435,1,1841.43,30,1,2,1,6,14105,117,9000,3,5,1,1,1,2700122,1000000
2024MU0008436,1,1841.43,15,2,2,1,18,11041,92,0,0,6,1,5,1,2700114,1000000
2024MU0008437,1,1841.43,11,2,1,1,6,16215,135,0,0,6,1,5,1,2700105,1000000
2024MU0008438,1,1841.43,12,2,1,1,4,4556,37,0,0,6,1,5,1,2700117,1000000
2024MU0008439,1,1841.43,31,2,1,1,17,118863,501,3000,2,3,1,1,1,2700106,1000000
2024MU0008440,1,1841.43,17,2,1,1,17,44429,370,0,0,6,1,5,1,2700107,1000000
2024MU0008441,1,1841.43,48,2,3,1,15,54324,452,2000,1,1,1,5,1,2700104,1000000
2024MU0008442,1,1841.43,24,2,2,1,14,16820,140,6000,1,1,1,1,1,2700107,1000000
2024MU0008443,1,1841.43,11,1,3,1,4,6129,51,0,0,6,1,5,1,2700105,1000000
2024MU0008444,1,1841.43,58,1,9,1,9,40660,338,4000,2,1,1,2,1,2700118,1000000
2024MU0008445,1,1841.43,10,1,2,1,1,2253,18,0,0,6,5,5,1,2700121,1000000
2024MU0008446,1,1841.43,16,1,2,1,19,82458,501,0,0,6,1,5,1,2700110,1000000
2024MU0008447,1,1841.43,65,2,1,1,9,22443,187,6000,1,1,1,2,1,2700111,1000000
2024MU0008448,1,1841.43,26,1,2,1,12,41388,344,7000,3,1,1,5,2,2700116,1000000
2024MU0008449,1,1841.43,18,2,3,1,19,72467,501,3000,1,1,1,1,1,2700123,1000000
2024MU0008450,1,1841.43,11,1,1,1,9,6761,56,0,0,6,1,5,1,2700110,1000000
2024MU0008451,1,1841.43,57,2,1,1,6,12573,104,5000,1,1,1,1,1,2700111,1000000
2024MU0008452,1,1841.43,100,1,2,1,9,4948,41,0,0,6,1,1,1,2700106,1000000
2024MU0008453,1,1841.43,7,1,5,1,5,2663,22,0,0,6,1,5,1,2700107,1000000
2024MU0008454,1,1841.43,12,1,3,1,4,3293,27,0,0,6,2,5,1,2700107,1000000
2024MU0008455,1,1841.43,1,2,9,1,9,16894,140,0,0,6,1,5,1,2700103,1000000
2024MU0008456,1,1841.43,49,1,8,1,13,62369,501,3000,3,2,1,1,1,2700120,1000000
2024MU0008457,1,1841.43,42,1,1,1,11,25741,214,4000,1,1,1,1,1,2700117,1000000
2024MU0008458,1,1841.43,44,1,1,1,8,8629,71,5000,4,1,1,1,1,2700116,1000000
2024MU0008459,1,1841.43,2,2,2,1,6,11402,95,0,0,6,1,5,1,2700123,1000000
2024MU0008460,1,1841.43,72,1,2,1,8,5280,44,7000,6,3,1,1,1,2700115,1000000
2024MU0008461,1,1841.43,13,2,2,1,3,4391,36,0,0,6,1,5,1,2700122,1000000
2024MU0008462,1,1841.43,17,1,1,1,14,18877,157,0,0,6,1,5,1,2700114,1000000
2024MU0008463,1,1841.43,0,1,1,1,3,3760,31,0,0,6,1,5,1,2700107,1000000
2024MU0008464,1,1841.43,42,2,1,1,9,39189,326,6000,4,1,1,5,1,2700112,1000000
2024MU0008465,1,1841.43,43,1,6,1,11,34947,291,5000,1,1,1,1,1,2700107,1000000
2024MU0008466,1,1841.43,37,2,9,1,5,10668,88,6000,4,3,1,1,1,2700104,1000000
2024MU0008467,1,1841.43,36,1,1,1,14,48163,401,6000,3,1,1,1,1,2700106,1000000
2024MU0008468,1,1841.43,39,2,1,1,5,3730,31,5000,1,1,1,1,1,2700104,1000000
2024MU0008469,1,1841.43,44,2,1,1,9,33844,282,5000,1,1,1,3,1,2700113,1000000
2024MU0008470,1,1841.43,30,2,7,1,12,63608,501,6000,1,1,1,1,1,2700100,1000000
2024MU0008471,1,1841.43,18,1,9,1,17,38186,318,1000,1,1,2,5,1,2700102,1000000
2024MU0008472,1,1841.43,1,1,1,1,6,12392,103,0,0,6,1,5,1,2700116,1000000
2024MU0008473,1,1841.43,26,2,1,1,10,52211,435,9800,1,1,1,5,1,2700111,1000000
2024MU0008474,1,1841.43,13,2,2,1,1,5555,46,0,0,6,1,5,1,2700119,1000000
2024MU0008475,1,1841.43,22,1,2,1,17,80342,501,5000,6,1,1,5,1,2700112,1000000
2024MU0008476,1,1841.43,31,1,3,1,11,31658,263,6000,4,1,1,1,1,2700100,1000000
2024MU0008477,1,1841.43,15,1,2,1,14,15495,129,0,0,6,1,5,1,2700116,1000000
2024MU0008478,1,1841.43,65,2,9,1,6,8652,72,5000,4,5,1,1,1,2700116,1000000
2024MU0008479,1,1841.43,17,1,1,1,12,8383,69,0,0,6,1,5,1,2700122,1000000
2024MU0008480,1,1841.43,57,1,4,1,7,6676,55,5000,1,1,1,4,1,2700108,1000000
2024MU0008481,1,1841.43,27,1,1,1,10,27992,233,5000,1,1,1,5,1,2700104,1000000
2024MU0008482,1,1841.43,21,1,2,1,15,59256,493,3000,1,1,1,1,1,2700105,1000000
2024MU0008483,1,1841.43,86,1,3,1,8,7295,60,0,0,6,1,1,1,2700118,1000000
2024MU0008484,1,1841.43,13,2,8,1,4,4100,34,0,0,6,1,5,1,2700100,1000000
2024MU0008485,1,1841.43,24,1,3,1,19,196504,501,3000,2,5,1,5,1,2700109,1000000
2024MU0008486,1,1841.43,36,2,4,1,11,61037,501,5000,6,1,1,1,1,2700120,1000000
2024MU0008487,1,1841.43,37,1,4,1,10,51873,432,9800,4,1,1,1,1,2700123,1000000
2024MU0008488,1,1841.43,18,1,1,1,10,10578,88,9800,4,1,2,5,1,2700102,1000000
2024MU0008489,1,1841.43,15,1,4,1,16,21831,181,0,0,6,1,5,1,2700113,1000000
2024MU0008490,1,1841.43,24,2,4,1,16,144317,501,5000,1,3,1,5,1,2700121,1000000
2024MU0008491,1,1841.43,10,2,2,1,5,2848,23,0,0,6,1,5,1,2700111,1000000
2024MU0008492,1,1841.43,7,1,2,1,7,14099,117,0,0,6,1,5,1,2700120,1000000
2024MU0008493,1,1841.43,29,1,4,1,14,32367,269,9800,1,1,1,1,1,2700118,1000000
2024MU0008494,1,1841.43,5,2,5,1,7,4180,34,0,0,6,1,5,1,2700115,1000000
2024MU0008495,1,1841.43,36,2,1,1,6,29445,245,6000,1,5,1,1,1,2700112,1000000
2024MU0008496,1,1841.43,0,1,5,1,3,2376,19,0,0,6,1,5,1,2700112,1000000
2024MU0008497,1,1841.43,27,2,5,1,9,43415,361,8000,1,1,1,1,1,2700114,1000000
2024MU0008498,1,1841.43,39,1,1,1,12,47240,393,4000,2,1,1,1,1,2700118,1000000
2024MU0008499,1,1841.43,11,1,3,1,4,5567,46,0,0,6,2,5,1,2700113,1000000
2024MU0008500,1,1841.43,31,1,1,1,14,27005,225,9800,6,1,1,1,1,2700118,1000000
2024MU0008501,1,1841.43,40,1,1,1,8,9209,76,9000,1,1,1,1,1,2700108,1000000
2024MU0008502,1,1841.43,57,2,3,1,7,3084,25,6000,4,1,1,5,1,2700119,1000000
2024MU0008503,1,1841.43,58,1,8,1,7,9266,77,9800,1,1,5,1,1,2700105,1000000
2024MU0008504,1,1841.43,20,2,1,1,12,7625,63,3000,2,4,1,5,1,2700112,1000000
2024MU0008505,1,1841.43,32,2,5,1,8,9399,78,7000,3,1,1,1,1,2700101,1000000
2024MU0008506,1,1841.43,34,1,2,1,8,14617,121,9920,1,3,1,1,1,2700106,1000000
2024MU0008507,1,1841.43,20,1,6,1,10,11395,94,6000,4,2,1,1,1,2700116,1000000
2024MU0008508,1,1841.43,23,2,6,1,17,106585,501,5000,1,3,1,5,1,2700111,1000000
2024MU0008509,1,1841.43,9,1,7,1,4,6302,52,0,0,6,1,5,1,2700106,1000000
2024MU0008510,1,1841.43,49,1,4,1,5,26976,224,7000,1,1,1,1,1,2700120,1000000
2024MU0008511,1,1841.43,50,1,6,1,8,23244,193,7000,4,1,1,1,1,2700109,1000000
2024MU0008512,1,1841.43,26,1,1,1,16,93157,501,5000,1,1,1,1,1,2700121,1000000
2024MU0008513,1,1841.43,73,2,1,1,8,6981,58,9920,4,2,1,1,1,2700102,1000000
2024MU0008514,1,1841.43,53,2,1,1,19,316333,501,1000,3,1,1,1,1,2700106,1000000
2024MU0008515,1,1841.43,29,1,3,1,11,47200,393,6000,1,1,1,1,1,2700114,1000000
2024MU0008516,1,1841.43,35,1,1,1,18,48685,405,4000,1,1,1,1,1,2700103,1000000
2024MU0008517,1,1841.43,3,2,1,1,3,3490,29,0,0,6,1,5,1,2700116,1000000
2024MU0008518,1,1841.43,76,1,7,1,6,1578,13,0,0,6,1,2,1,2700112,1000000
2024MU0008519,1,1841.43,19,1,3,1,17,9919,82,4000,1,1,1,5,1,2700121,1000000
2024MU0008520,1,1841.43,27,2,7,1,19,123305,501,3000,1,1,1,1,1,2700119,1000000
2024MU0008521,1,1841.43,20,2,1,1,18,27425,228,6000,3,1,1,5,1,2700100,1000000
2024MU0008522,1,1841.43,21,1,2,1,15,22960,191,5000,1,1,2,5,1,2700120,1000000
2024MU0008523,1,1841.43,21,1,1,1,11,3142,26,6000,4,2,1,5,1,2700111,1000000
2024MU0008524,1,1841.43,35,1,1,1,10,74973,501,3000,1,2,1,1,1,2700112,1000000
2024MU0008525,1,1841.43,51,1,1,1,5,7588,63,5000,1,2,1,1,1,2700100,1000000
2024MU0008526,1,1841.43,48,2,2,1,8,23714,197,7000,3,1,1,1,1,2700100,1000000
2024MU0008527,1,1841.43,38,1,1,1,8,9309,77,9920,3,1,1,1,1,2700110,1000000
2024MU0008528,1,1841.43,56,1,3,1,8,8972,74,8000,6,1,1,4,1,2700120,1000000
2024MU0008529,1,1841.43,1,1,2,1,7,5670,47,0,0,6,1,5,1,2700119,1000000
2024MU0008530,1,1841.43,18,2,1,1,12,8532,71,7000,4,1,1,5,1,2700109,1000000
2024MU0008531,1,1841.43,5,1,3,1,3,4593,38,0,0,6,1,5,1,2700121,1000000
2024MU0008532,1,1841.43,45,1,3,1,7,20013,166,9800,1,3,1,1,1,2700115,1000000
2024MU0008533,1,1841.43,34,2,5,1,9,16047,133,5000,6,1,1,1,1,2700102,1000000
2024MU0008534,1,1841.43,69,1,2,1,7,9789,81,5000,1,2,1,1,1,2700119,1000000
2024MU0008535,1,1841.43,53,1,9,1,7,6310,52,6000,4,1,1,1,1,2700112,1000000
2024MU0008536,1,1841.43,17,1,8,1,19,34217,285,0,0,6,1,5,1,2700118,1000000
2024MU0008537,1,1841.43,22,1,3,1,14,17469,145,9800,1,1,1,1,1,2700117,1000000
2024MU0008538,1,1841.43,41,1,2,1,6,30758,256,9920,1,1,1,1,1,2700119,1000000
2024MU0008539,1,1841.43,18,1,1,1,14,3553,29,8000,4,1,1,5,1,2700117,1000000
2024MU0008540,1,1841.43,1,1,3,1,2,6746,56,0,0,6,1,5,1,2700112,1000000
2024MU0008541,1,1841.43,13,1,3,1,3,5258,43,0,0,6,1,5,1,2700113,1000000
2024MU0008542,1,1841.43,9,1,9,1,3,4253,35,0,0,6,1,5,1,2700100,1000000
2024MU0008543,1,1841.43,22,1,3,1,12,34528,287,6000,1,2,1,1,1,2700115,1000000
2024MU0008544,1,1841.43,12,1,9,1,6,3177,26,0,0,6,1,5,1,2700120,1000000
2024MU0008545,1,1841.43,26,1,6,1,14,46838,390,7000,1,1,1,1,1,2700121,1000000
2024MU0008546,1,1841.43,68,2,9,1,7,4748,39,6000,4,1,1,2,1,2700114,1000000
2024MU0008547,1,1841.43,28,2,1,1,13,9315,77,8000,1,1,1,1,1,2700120,1000000
2024MU0008548,1,1841.43,0,1,1,1,4,3767,31,0,0,6,1,5,1,2700110,1000000
2024MU0008549,1,1841.43,19,2,4,1,12,19091,159,6000,1,1,1,5,1,2700109,1000000
2024MU0008550,1,1841.43,35,1,4,1,10,61497,501,5000,1,1,5,1,1,2700114,1000000
2024MU0008551,1,1841.43,30,2,1,1,11,155189,501,5000,4,1,1,1,1,2700119,1000000
2024MU0008552,1,1841.43,21,2,4,1,10,9125,76,8000,1,1,2,5,1,2700105,1000000
2024MU0008553,1,1841.43,37,2,3,1,12,38940,324,8000,3,1,1,1,1,2700100,1000000
2024MU0008554,1,1841.43,77,2,1,1,9,15421,128,0,0,6,1,1,1,2700117,1000000
2024MU0008555,1,1841.43,11,1,2,1,7,2153,17,0,0,6,1,5,1,2700106,1000000
2024MU0008556,1,1841.43,51,2,9,1,6,9149,76,5000,1,5,1,2,1,2700105,1000000
2024MU0008557,1,1841.43,22,1,2,1,10,14039,116,9800,1,1,1,5,1,2700113,1000000
2024MU0008558,1,1841.43,8,1,4,1,1,639,5,0,0,6,1,5,1,2700112,1000000
2024MU0008559,1,1841.43,32,2,1,1,17,83632,501,6000,1,1,1,1,1,2700101,1000000
2024MU0008560,1,1841.43,1,1,3,1,6,4083,34,0,0,6,1,5,1,2700109,1000000
2024MU0008561,1,1841.43,44,2,9,1,13,67766,501,9000,3,1,1,1,1,2700111,1000000
2024MU0008562,1,1841.43,2,1,2,1,5,2528,21,0,0,6,1,5,1,2700120,1000000
2024MU0008563,1,1841.43,12,1,1,1,5,2552,21,0,0,6,1,5,1,2700105,1000000
2024MU0008564,1,1841.43,43,1,3,1,7,36563,304,9000,1,1,1,2,1,2700122,1000000
2024MU0008565,1,1841.43,56,2,8,1,13,14302,119,5000,1,1,1,1,1,2700107,1000000
2024MU0008566,1,1841.43,38,1,1,1,15,107404,501,6000,1,1,1,1,1,2700120,1000000
2024MU0008567,1,1841.43,14,1,2,1,4,8619,71,0,0,6,1,5,1,2700117,1000000
2024MU0008568,1,1841.43,36,1,1,1,9,26540,221,6000,4,1,1,5,1,2700100,1000000
2024MU0008569,1,1841.43,95,2,2,1,9,6206,51,0,0,6,1,1,1,2700121,1000000
2024MU0008570,1,1841.43,13,1,2,1,1,15701,130,0,0,6,1,5,1,2700105,1000000
2024MU0008571,1,1841.43,55,2,9,1,13,63545,501,5000,4,1,1,1,1,2700109,1000000
2024MU0008572,1,1841.43,23,1,2,1,14,51954,432,8000,1,1,1,5,1,2700106,1000000
2024MU0008573,1,1841.43,34,1,3,1,10,40937,341,6000,1,1,1,1,1,2700116,1000000
2024MU0008574,1,1841.43,57,1,8,1,11,56865,473,9800,3,1,1,1,1,2700106,1000000
2024MU0008575,1,1841.43,72,2,1,1,8,910,7,7000,4,3,1,1,1,2700119,1000000
2024MU0008576,1,1841.43,17,1,3,1,13,8021,66,0,0,6,1,5,1,2700101,1000000
2024MU0008577,1,1841.43,31,1,4,1,17,209161,501,3000,1,1,1,1,1,2700109,1000000
2024MU0008578,1,1841.43,37,2,1,1,19,118701,501,4000,2,1,1,1,1,2700114,1000000
2024MU0008579,1,1841.43,51,1,1,1,9,28755,239,7000,4,1,1,1,1,2700108,1000000
2024MU0008580,1,1841.43,9,2,2,1,5,5175,43,0,0,6,1,5,1,2700107,1000000
2024MU0008581,1,1841.43,37,1,2,1,11,25167,209,7000,1,1,1,1,1,2700109,1000000
2024MU0008582,1,1841.43,75,1,1,1,7,6719,55,7000,1,3,1,1,1,2700111,1000000
2024MU0008583,1,1841.43,24,1,9,1,19,192855,501,4000,1,5,1,5,1,2700102,1000000
2024MU0008584,1,1841.43,22,1,2,1,13,35890,299,6000,6,1,1,5,1,2700100,1000000
2024MU0008585,1,1841.43,30,2,6,1,7,11634,96,5000,3,1,1,5,1,2700120,1000000
2024MU0008586,1,1841.43,59,2,1,1,15,60028,500,4000,1,4,1,1,1,2700107,1000000
2024MU0008587,1,1841.43,18,1,9,1,13,14376,119,9800,1,1,1,1,1,2700117,1000000
2024MU0008588,1,1841.43,31,2,4,1,14,55255,460,6000,3,1,1,5,1,2700111,1000000
2024MU0008589,1,1841.43,28,1,5,1,8,13478,112,6000,1,1,1,1,1,2700123,1000000
2024MU0008590,1,1841.43,27,1,2,1,18,84588,501,5000,1,1,1,1,1,2700108,1000000
2024MU0008591,1,1841.43,34,2,2,1,14,55294,460,9000,3,1,1,1,1,2700105,1000000
2024MU0008592,1,1841.43,3,2,3,1,8,8083,67,0,0,6,1,5,1,2700107,1000000
2024MU0008593,1,1841.43,9,1,4,1,9,13534,112,0,0,6,1,5,1,2700123,1000000
2024MU0008594,1,1841.43,1,2,6,1,1,4333,36,0,0,6,1,5,1,2700109,1000000
2024MU0008595,1,1841.43,8,1,1,1,4,2629,21,0,0,6,1,5,1,2700104,1000000
2024MU0008596,1,1841.43,53,2,8,1,10,95809,501,6000,1,1,1,1,1,2700107,1000000
2024MU0008597,1,1841.43,25,2,9,1,14,13236,110,9800,1,2,1,5,1,2700109,1000000
2024MU0008598,1,1841.43,42,2,3,1,7,13630,113,5000,4,1,5,1,1,2700102,1000000
2024MU0008599,1,1841.43,24,1,1,1,19,123293,501,3000,2,5,1,5,1,2700122,1000000
2024MU0008600,1,1841.43,2,2,5,1,3,929,7,0,0,6,1,5,1,2700117,1000000
2024MU0008601,1,1841.43,2,2,2,1,7,5319,44,0,0,6,1,5,1,2700121,1000000
2024MU0008602,1,1841.43,20,1,5,1,15,26214,218,4000,2,1,1,5,1,2700106,1000000
2024MU0008603,1,1841.43,27,1,5,1,11,29707,247,6000,4,2,1,1,1,2700108,1000000
2024MU0008604,1,1841.43,22,2,1,1,14,25634,213,5000,1,1,1,5,1,2700106,1000000
2024MU0008605,1,1841.43,0,1,3,1,2,7322,61,0,0,6,1,5,1,2700121,1000000
2024MU0008606,1,1841.43,24,1,2,1,14,53845,448,6000,1,1,1,5,1,2700121,1000000
2024MU0008607,1,1841.43,88,1,9,1,7,2767,23,0,0,6,1,5,1,2700107,1000000
2024MU0008608,1,1841.43,50,2,1,1,9,124958,501,3000,1,1,1,2,1,2700115,1000000
2024MU0008609,1,1841.43,25,2,1,1,13,24556,204,9000,1,1,1,1,1,2700110,1000000
2024MU0008610,1,1841.43,22,2,8,1,14,43833,365,8000,4,2,1,5,1,2700121,1000000
2024MU0008611,1,1841.43,22,1,1,1,14,32960,274,7000,1,1,1,5,1,2700114,1000000
2024MU0008612,1,1841.43,99,2,3,1,12,19552,162,0,0,6,1,1,1,2700113,1000000
2024MU0008613,1,1841.43,17,2,1,1,17,41362,344,0,0,6,1,5,1,2700116,1000000
2024MU0008614,1,1841.43,15,2,3,1,10,27415,228,0,0,6,1,5,1,2700114,1000000
2024MU0008615,1,1841.43,16,1,3,1,18,47205,393,0,0,6,1,5,1,2700103,1000000
2024MU0008616,1,1841.43,31,2,2,1,19,211218,501,3000,1,2,1,5,1,2700112,1000000
2024MU0008617,1,1841.43,25,1,9,1,17,75079,501,4000,1,1,1,1,1,2700123,1000000
2024MU0008618,1,1841.43,45,1,1,1,13,29374,244,9800,1,1,1,1,1,2700103,1000000
2024MU0008619,1,1841.43,8,1,2,1,5,7102,59,0,0,6,1,5,1,2700120,1000000
2024MU0008620,1,1841.43,34,2,2,1,9,65857,501,8000,1,1,1,5,1,2700118,1000000
2024MU0008621,1,1841.43,70,1,3,1,9,14290,119,9000,1,1,1,1,1,2700117,1000000
2024MU0008622,1,1841.43,25,2,2,1,13,73527,501,5000,1,1,1,1,1,2700118,1000000
2024MU0008623,1,1841.43,27,1,1,1,9,61606,501,4000,1,1,1,5,1,2700110,1000000
2024MU0008624,1,1841.43,16,2,9,1,13,39045,325,0,0,6,1,5,1,2700105,1000000
2024MU0008625,1,1841.43,12,1,2,1,4,2130,17,0,0,6,1,5,2,2700109,1000000
2024MU0008626,1,1841.43,35,1,1,1,12,40627,338,4000,1,1,1,1,1,2700107,1000000
2024MU0008627,1,1841.43,12,2,2,1,3,3424,28,0,0,6,1,5,1,2700119,1000000
2024MU0008628,1,1841.43,39,2,1,1,11,269660,501,7000,4,1,5,2,1,2700103,1000000
2024MU0008629,1,1841.43,14,2,1,1,7,4039,33,0,0,6,1,5,1,2700119,1000000
2024MU0008630,1,1841.43,30,2,1,1,9,105655,501,9000,1,1,1,1,1,2700103,1000000
2024MU0008631,1,1841.43,29,2,1,1,18,146930,501,5000,4,1,1,1,1,2700110,1000000
2024MU0008632,1,1841.43,51,2,1,1,9,34243,285,9000,1,1,1,1,1,2700107,1000000
2024MU0008633,1,1841.43,88,1,2,1,5,6983,58,0,0,6,1,5,1,2700118,1000000
2024MU0008634,1,1841.43,93,1,3,1,5,10148,84,0,0,6,5,1,1,2700100,1000000
2024MU0008635,1,1841.43,9,1,3,1,3,10963,91,0,0,6,5,5,1,2700120,1000000
2024MU0008636,1,1841.43,10,1,1,1,3,3492,29,0,0,6,1,5,1,2700116,1000000
2024MU0008637,1,1841.43,25,2,8,1,15,58203,485,6000,1,3,1,1,1,2700121,1000000
2024MU0008638,1,1841.43,56,1,5,1,11,69744,501,4000,1,1,1,1,1,2700120,1000000
2024MU0008639,1,1841.43,10,1,9,1,7,1601,13,0,0,6,1,5,1,2700105,1000000
2024MU0008640,1,1841.43,31,1,2,1,12,52012,433,9800,6,1,1,5,1,2700120,1000000
2024MU0008641,1,1841.43,6,2,3,1,4,9359,77,0,0,6,1,5,1,2700118,1000000
2024MU0008642,1,1841.43,15,1,1,1,13,14723,122,0,0,6,1,5,1,2700115,1000000
2024MU0008643,1,1841.43,71,1,5,1,8,4244,35,9000,1,1,1,1,1,2700110,1000000
2024MU0008644,1,1841.43,9,2,1,1,5,1799,14,0,0,6,1,5,1,2700115,1000000
2024MU0008645,1,1841.43,37,2,1,1,10,100034,501,5000,3,1,1,5,1,2700111,1000000
2024MU0008646,1,1841.43,9,1,2,1,8,3482,29,0,0,6,1,5,1,2700100,1000000
2024MU0008647,1,1841.43,29,2,3,1,12,15457,128,8000,3,1,1,5,1,2700111,1000000
2024MU0008648,1,1841.43,33,1,3,1,15,234599,501,4000,1,1,2,1,1,2700122,1000000
2024MU0008649,1,1841.43,30,2,1,1,12,76345,501,6000,1,1,1,5,1,2700102,1000000
2024MU0008650,1,1841.43,23,1,2,1,14,13913,115,5000,3,1,1,5,1,2700117,1000000
2024MU0008651,1,1841.43,30,2,8,1,13,253301,501,7000,1,1,1,5,1,2700111,1000000
2024MU0008652,1,1841.43,56,2,7,1,7,8669,72,6000,1,1,2,2,1,2700110,1000000
2024MU0008653,1,1841.43,26,2,3,1,12,50296,419,4000,2,4,1,5,1,2700105,1000000
2024MU0008654,1,1841.43,13,1,3,1,4,19639,163,0,0,6,1,5,1,2700118,1000000
2024MU0008655,1,1841.43,45,2,1,1,6,32627,271,9800,4,1,1,1,1,2700107,1000000
2024MU0008656,1,1841.43,5,1,1,1,4,4931,41,0,0,6,1,5,1,2700111,1000000
2024MU0008657,1,1841.43,8,2,1,1,3,1274,10,0,0,6,1,5,1,2700122,1000000
2024MU0008658,1,1841.43,10,2,2,1,2,20513,170,0,0,6,1,5,1,2700107,1000000
2024MU0008659,1,1841.43,38,2,3,1,15,199068,501,4000,3,5,1,1,1,2700103,1000000
2024MU0008660,1,1841.43,44,2,2,1,9,16186,134,6000,1,1,1,5,1,2700105,1000000
2024MU0008661,1,1841.43,19,1,1,1,14,32121,267,6000,1,2,1,5,1,2700105,1000000
2024MU0008662,1,1841.43,48,1,2,1,9,45484,379,9800,1,1,1,1,1,2700123,1000000
2024MU0008663,1,1841.43,31,1,1,1,14,35880,299,6000,1,1,1,1,1,2700121,1000000
2024MU0008664,1,1841.43,57,1,4,1,5,8453,70,7000,1,1,1,1,1,2700120,1000000
2024MU0008665,1,1841.43,9,2,1,1,5,4596,38,0,0,6,1,5,1,2700108,1000000
2024MU0008666,1,1841.43,23,2,2,1,15,128236,501,5000,3,1,1,5,1,2700103,1000000
2024MU0008667,1,1841.43,37,2,3,1,16,88036,501,3000,1,4,1,1,1,2700111,1000000
2024MU0008668,1,1841.43,72,2,1,1,8,7397,61,9000,4,1,1,5,1,2700114,1000000
2024MU0008669,1,1841.43,19,2,1,1,12,116129,501,6000,1,1,1,5,1,2700100,1000000
2024MU0008670,1,1841.43,15,1,3,1,14,15199,126,0,0,6,1,5,1,2700108,1000000
2024MU0008671,1,1841.43,22,1,1,1,16,140983,501,4000,1,1,1,5,1,2700113,1000000
2024MU0008672,1,1841.43,43,2,3,1,5,7448,62,9800,4,1,1,1,1,2700104,1000000
2024MU0008673,1,1841.43,42,1,4,1,14,16850,140,9800,1,1,2,1,1,2700122,1000000
2024MU0008674,1,1841.43,24,1,1,1,11,80985,501,9800,1,1,1,5,1,2700105,1000000
2024MU0008675,1,1841.43,8,1,2,1,1,10293,85,0,0,6,1,5,1,2700102,1000000
2024MU0008676,1,1841.43,37,2,8,1,5,63158,501,5000,3,1,1,1,1,2700106,1000000
2024MU0008677,1,1841.43,49,1,2,1,11,41216,343,5000,4,1,1,1,1,2700106,1000000
2024MU0008678,1,1841.43,59,2,9,1,9,87379,501,6000,1,1,1,5,1,2700114,1000000
2024MU0008679,1,1841.43,49,2,1,1,6,2077,17,9800,1,1,1,1,1,2700122,1000000
2024MU0008680,1,1841.43,36,2,3,1,15,163906,501,4000,3,1,1,1,1,2700110,1000000
2024MU0008681,1,1841.43,36,2,3,1,8,36634,305,9920,4,1,1,2,1,2700118,1000000
2024MU0008682,1,1841.43,27,2,7,1,9,17944,149,3000,2,4,1,1,1,2700118,1000000
2024MU0008683,1,1841.43,21,1,1,1,12,22813,190,6000,1,4,1,5,1,2700117,1000000
2024MU0008684,1,1841.43,40,1,1,1,15,106345,501,3000,1,1,1,1,1,2700120,1000000
2024MU0008685,1,1841.43,3,2,1,1,6,3760,31,0,0,6,1,5,1,2700113,1000000
2024MU0008686,1,1841.43,22,1,9,1,17,67622,501,5000,6,1,1,1,1,2700104,1000000
2024MU0008687,1,1841.43,64,2,2,1,5,47337,394,7000,3,5,1,1,1,2700119,1000000
2024MU0008688,1,1841.43,14,1,8,1,5,2786,23,0,0,6,1,5,1,2700108,1000000
2024MU0008689,1,1841.43,44,1,1,1,10,29104,242,3000,1,1,1,1,1,2700117,1000000
2024MU0008690,1,1841.43,16,2,1,1,14,5978,49,0,0,6,1,5,1,2700110,1000000
2024MU0008691,1,1841.43,18,2,1,1,14,8417,70,9000,6,5,1,5,1,2700100,1000000
2024MU0008692,1,1841.43,11,1,3,1,7,4684,39,0,0,6,1,5,2,2700112,1000000
2024MU0008693,1,1841.43,25,2,6,1,5,17813,148,7000,3,1,1,1,1,2700110,1000000
2024MU0008694,1,1841.43,41,2,2,1,10,25719,214,6000,1,3,1,1,1,2700108,1000000
2024MU0008695,1,1841.43,24,1,8,1,14,37717,314,5000,3,1,1,1,1,2700103,1000000
2024MU0008696,1,1841.43,27,2,1,1,13,44588,371,9800,1,1,1,1,1,2700103,1000000
2024MU0008697,1,1841.43,11,1,3,1,2,1900,15,0,0,6,1,5,1,2700109,1000000
2024MU0008698,1,1841.43,35,2,3,1,8,16862,140,9920,3,1,5,1,1,2700114,1000000
2024MU0008699,1,1841.43,13,1,1,1,5,3744,31,0,0,6,1,5,1,2700123,1000000
2024MU0008700,1,1841.43,32,2,1,1,18,123825,501,1000,3,1,1,1,1,2700122,1000000
2024MU0008701,1,1841.43,43,2,2,1,18,86191,501,3000,1,2,1,1,1,2700110,1000000
2024MU0008702,1,1841.43,30,2,1,1,8,14384,119,9000,1,1,1,1,1,2700100,1000000
2024MU0008703,1,1841.43,78,2,8,1,5,6847,57,0,0,6,1,1,1,2700118,1000000
2024MU0008704,1,1841.43,2,1,9,1,5,17805,148,0,0,6,1,5,1,2700121,1000000
2024MU0008705,1,1841.43,96,2,3,1,7,6923,57,0,0,6,1,3,1,2700115,1000000
2024MU0008706,1,1841.43,38,2,3,1,14,111213,501,8000,4,1,1,1,1,2700121,1000000
2024MU0008707,1,1841.43,23,2,1,1,15,184484,501,4000,3,3,1,1,1,2700105,1000000
2024MU0008708,1,1841.43,0,1,1,1,5,1395,11,0,0,6,1,5,1,2700121,1000000
2024MU0008709,1,1841.43,46,2,5,1,10,35542,296,7000,1,1,1,1,1,2700123,1000000
2024MU0008710,1,1841.43,59,2,3,1,6,41478,345,9800,1,1,1,1,1,2700122,1000000
2024MU0008711,1,1841.43,31,2,3,1,13,49468,412,9800,6,1,1,1,1,2700102,1000000
2024MU0008712,1,1841.43,8,2,4,1,4,3651,30,0,0,6,1,5,1,2700103,1000000
2024MU0008713,1,1841.43,3,1,2,1,7,7303,60,0,0,6,1,5,1,2700102,1000000
2024MU0008714,1,1841.43,43,2,1,1,6,37659,313,9800,1,1,1,1,1,2700108,1000000
2024MU0008715,1,1841.43,46,1,4,1,8,15659,130,5000,1,1,1,1,1,2700120,1000000
2024MU0008716,1,1841.43,98,1,2,1,12,14944,124,0,0,6,1,1,1,2700122,1000000
2024MU0008717,1,1841.43,31,2,5,1,11,8331,69,9000,1,1,1,1,1,2700115,1000000
2024MU0008718,1,1841.43,55,2,2,1,15,101542,501,1000,1,1,1,2,1,2700116,1000000
2024MU0008719,1,1841.43,34,1,1,1,13,33373,278,7000,1,1,1,5,1,2700117,1000000
2024MU0008720,1,1841.43,8,1,1,1,8,1791,14,0,0,6,1,5,1,2700112,1000000
2024MU0008721,1,1841.43,31,1,3,1,9,37744,314,7000,3,1,1,1,2,2700109,1000000
2024MU0008722,1,1841.43,100,1,3,1,5,4783,39,0,0,6,1,1,1,2700117,1000000
2024MU0008723,1,1841.43,18,1,2,1,18,32778,273,5000,1,1,1,5,1,2700103,1000000
2024MU0008724,1,1841.43,17,1,2,1,18,25049,208,0,0,6,1,5,1,2700105,1000000
2024MU0008725,1,1841.43,69,1,2,1,8,9551,79,5000,3,1,1,1,1,2700105,1000000
2024MU0008726,1,1841.43,36,2,1,1,12,49220,410,9800,1,1,1,1,1,2700115,1000000
2024MU0008727,1,1841.43,54,2,2,1,15,211955,501,5000,1,1,1,1,1,2700119,1000000
2024MU0008728,1,1841.43,56,1,1,1,6,8712,72,5000,4,3,1,4,1,2700120,1000000
2024MU0008729,1,1841.43,28,2,2,1,12,100987,501,5000,3,3,1,1,1,2700113,1000000
2024MU0008730,1,1841.43,48,2,2,1,5,37650,313,5000,4,1,1,2,1,2700102,1000000
2024MU0008731,1,1841.43,14,1,1,1,2,13166,109,0,0,6,2,5,1,2700110,1000000
2024MU0008732,1,1841.43,21,1,2,1,14,13003,108,9000,1,1,1,5,1,2700120,1000000
2024MU0008733,1,1841.43,0,1,2,1,7,3200,26,0,0,6,1,5,1,2700122,1000000
2024MU0008734,1,1841.43,29,1,1,1,13,19936,166,5000,1,1,1,5,1,2700112,1000000
2024MU0008735,1,1841.43,21,1,9,1,20,143232,501,1000,1,1,1,5,1,2700101,1000000
2024MU0008736,1,1841.43,23,1,1,1,10,62599,501,5000,4,1,1,5,1,2700117,1000000
2024MU0008737,1,1841.43,16,1,3,1,14,5379,44,0,0,6,1,5,1,2700100,1000000
2024MU0008738,1,1841.43,53,2,1,1,6,29204,243,8000,1,1,1,1,1,2700114,1000000
2024MU0008739,1,1841.43,10,1,5,1,1,2070,17,0,0,6,1,5,1,2700112,1000000
2024MU0008740,1,1841.43,36,2,8,1,9,54683,455,7000,6,1,1,1,1,2700114,1000000
2024MU0008741,1,1841.43,62,2,2,1,6,25867,215,6000,4,1,1,1,1,2700101,1000000
2024MU0008742,1,1841.43,19,2,5,1,14,30230,251,9800,1,1,1,1,1,2700120,1000000
2024MU0008743,1,1841.43,31,1,1,1,7,19386,161,9920,4,4,1,1,1,2700104,1000000
2024MU0008744,1,1841.43,35,2,1,1,11,39676,330,6000,1,1,1,1,1,2700117,1000000
2024MU0008745,1,1841.43,51,2,1,1,15,101364,501,4000,1,2,5,1,1,2700121,1000000
2024MU0008746,1,1841.43,11,2,1,1,6,9409,78,0,0,6,1,5,2,2700116,1000000
2024MU0008747,1,1841.43,41,2,2,1,13,75673,501,7000,3,5,1,1,1,2700116,1000000
2024MU0008748,1,1841.43,9,1,2,1,7,3955,32,0,0,6,1,5,1,2700118,1000000
2024MU0008749,1,1841.43,4,2,2,1,4,902,7,0,0,6,1,5,1,2700104,1000000
2024MU0008750,1,1841.43,34,1,3,1,13,7928,66,9000,1,2,1,1,1,2700122,1000000
2024MU0008751,1,1841.43,40,2,1,1,12,51024,425,6000,1,4,1,1,1,2700115,1000000
2024MU0008752,1,1841.43,45,1,1,1,7,6231,51,8000,1,2,1,5,2,2700115,1000000
2024MU0008753,1,1841.43,7,1,2,1,7,2625,21,0,0,6,1,5,1,2700122,1000000
2024MU0008754,1,1841.43,20,2,2,1,14,9294,77,6000,3,1,1,1,1,2700114,1000000
2024MU0008755,1,1841.43,54,2,1,1,5,70346,501,9800,1,1,1,1,1,2700116,1000000
2024MU0008756,1,1841.43,36,1,1,1,12,47476,395,7000,3,1,1,1,1,2700117,1000000
2024MU0008757,1,1841.43,70,2,2,1,9,30056,250,9800,1,1,2,5,1,2700100,1000000
2024MU0008758,1,1841.43,41,2,1,1,10,62038,501,4000,2,1,5,1,1,2700116,1000000
2024MU0008759,1,1841.43,55,1,7,1,7,1924,16,9920,1,2,1,1,1,2700103,1000000
2024MU0008760,1,1841.43,1,1,1,1,4,2911,24,0,0,6,1,5,1,2700114,1000000
2024MU0008761,1,1841.43,83,2,1,1,7,2517,20,0,0,6,1,2,1,2700116,1000000
2024MU0008762,1,1841.43,58,1,2,1,18,278262,501,6000,4,1,1,5,1,2700103,1000000
2024MU0008763,1,1841.43,1,1,9,1,7,935,7,0,0,6,1,5,1,2700110,1000000
2024MU0008764,1,1841.43,61,1,3,1,10,27049,225,9800,6,1,1,1,1,2700102,1000000
2024MU0008765,1,1841.43,1,1,2,1,2,3253,27,0,0,6,1,5,1,2700122,1000000
2024MU0008766,1,1841.43,55,2,1,1,8,6071,50,5000,6,4,1,1,1,2700108,1000000
2024MU0008767,1,1841.43,5,1,2,1,4,4346,36,0,0,6,1,5,1,2700110,1000000
2024MU0008768,1,1841.43,13,1,1,1,4,3874,32,0,0,6,1,5,1,2700109,1000000
2024MU0008769,1,1841.43,90,1,3,1,5,7610,63,0,0,6,1,3,2,2700105,1000000
2024MU0008770,1,1841.43,53,1,3,1,10,51624,430,6000,1,1,1,1,1,2700104,1000000
2024MU0008771,1,1841.43,5,1,1,1,4,4843,40,0,0,6,1,5,1,2700120,1000000
2024MU0008772,1,1841.43,33,2,1,1,12,56877,473,9800,1,1,1,1,1,2700112,1000000
2024MU0008773,1,1841.43,24,2,4,1,10,63285,501,9800,1,3,1,5,1,2700111,1000000
2024MU0008774,1,1841.43,97,1,3,1,6,1784,14,0,0,6,2,2,1,2700123,1000000
2024MU0008775,1,1841.43,37,1,6,1,14,71132,501,5000,4,1,1,1,2,2700117,1000000
2024MU0008776,1,1841.43,15,1,1,1,15,15813,131,0,0,6,1,5,1,2700116,1000000
2024MU0008777,1,1841.43,0,1,3,1,6,2397,19,0,0,6,1,5,1,2700119,1000000
2024MU0008778,1,1841.43,14,2,1,1,6,4415,36,0,0,6,1,5,1,2700108,1000000
2024MU0008779,1,1841.43,43,1,1,1,13,58118,484,6000,1,1,1,3,1,2700120,1000000
2024MU0008780,1,1841.43,8,1,3,1,1,6119,50,0,0,6,1,5,1,2700113,1000000
2024MU0008781,1,1841.43,52,2,5,1,7,6272,52,5000,3,1,1,3,1,2700110,1000000
2024MU0008782,1,1841.43,55,1,1,1,9,113758,501,6000,3,1,1,1,1,2700114,1000000
2024MU0008783,1,1841.43,71,2,4,1,12,13552,112,5000,1,2,1,1,1,2700112,1000000
2024MU0008784,1,1841.43,26,1,3,1,13,17558,146,4000,1,1,1,1,2,2700103,1000000
2024MU0008785,1,1841.43,52,1,1,1,9,14907,124,7000,1,1,1,5,1,2700123,1000000
2024MU0008786,1,1841.43,26,2,7,1,7,3570,29,6000,1,1,1,1,1,2700109,1000000
2024MU0008787,1,1841.43,21,2,2,1,15,12786,106,6000,1,1,1,5,1,2700115,1000000
2024MU0008788,1,1841.43,25,1,3,1,10,36203,301,7000,1,1,1,5,1,2700114,1000000
2024MU0008789,1,1841.43,48,2,2,1,12,66519,501,6000,1,1,1,2,1,2700105,1000000
2024MU0008790,1,1841.43,36,2,2,1,10,23798,198,9800,3,1,1,1,1,2700103,1000000
2024MU0008791,1,1841.43,58,2,6,1,8,5358,44,9000,6,1,1,1,1,2700122,1000000
2024MU0008792,1,1841.43,22,2,1,1,11,25051,208,5000,3,2,1,5,1,2700111,1000000
2024MU0008793,1,1841.43,11,2,1,1,1,4332,36,0,0,6,1,5,1,2700115,1000000
2024MU0008794,1,1841.43,68,1,7,1,7,8243,68,7000,1,2,1,1,1,2700120,1000000
2024MU0008795,1,1841.43,4,1,5,1,3,1853,15,0,0,6,2,5,1,2700114,1000000
2024MU0008796,1,1841.43,83,1,2,1,8,5843,48,0,0,6,5,1,1,2700116,1000000
2024MU0008797,1,1841.43,42,1,1,1,11,130528,501,6000,1,4,1,1,1,2700106,1000000
2024MU0008798,1,1841.43,39,1,3,1,5,6164,51,9800,3,1,1,1,1,2700121,1000000
2024MU0008799,1,1841.43,27,2,1,1,11,28466,237,8000,4,1,1,1,1,2700113,1000000
2024MU0008800,1,1841.43,42,1,2,1,13,61840,501,6000,1,1,1,1,1,2700112,1000000
2024MU0008801,1,1841.43,5,2,1,1,4,1847,15,0,0,6,1,5,1,2700100,1000000
2024MU0008802,1,1841.43,40,1,3,1,9,66852,501,7000,1,1,1,1,1,2700105,1000000
2024MU0008803,1,1841.43,26,1,1,1,11,11377,94,7000,1,1,1,1,1,2700110,1000000
2024MU0008804,1,1841.43,31,1,3,1,10,67947,501,6000,6,2,1,5,1,2700105,1000000
2024MU0008805,1,1841.43,17,1,3,1,12,11230,93,0,0,6,1,5,1,2700109,1000000
2024MU0008806,1,1841.43,28,1,2,1,7,3433,28,5000,3,4,1,1,1,2700109,1000000
2024MU0008807,1,1841.43,91,2,1,1,5,11579,96,0,0,6,1,1,1,2700115,1000000
2024MU0008808,1,1841.43,45,1,1,1,12,23276,193,9800,4,1,1,5,1,2700106,1000000
2024MU0008809,1,1841.43,38,1,1,1,9,39144,326,8000,1,1,2,1,1,2700100,1000000
2024MU0008810,1,1841.43,37,2,2,1,17,172891,501,4000,1,1,1,1,1,2700103,1000000
2024MU0008811,1,1841.43,27,2,3,1,14,14790,123,7000,3,4,1,1,1,2700104,1000000
2024MU0008812,1,1841.43,21,1,1,1,17,21569,179,3000,2,1,1,5,1,2700118,1000000
2024MU0008813,1,1841.43,10,1,3,1,6,9867,82,0,0,6,1,5,1,2700110,1000000
2024MU0008814,1,1841.43,5,1,3,1,1,765,6,0,0,6,1,5,1,2700123,1000000
2024MU0008815,1,1841.43,43,2,2,1,10,117640,501,7000,4,2,1,5,1,2700120,1000000
2024MU0008816,1,1841.43,9,2,1,1,8,1242,10,0,0,6,1,5,1,2700103,1000000
2024MU0008817,1,1841.43,46,2,6,1,5,9162,76,9800,3,4,1,1,1,2700101,1000000
2024MU0008818,1,1841.43,23,1,4,1,13,35402,295,7000,1,1,1,5,1,2700110,1000000
2024MU0008819,1,1841.43,52,2,9,1,5,21644,180,7000,3,1,1,1,1,2700106,1000000
2024MU0008820,1,1841.43,36,1,2,1,12,53686,447,7000,4,1,1,1,1,2700122,1000000
2024MU0008821,1,1841.43,2,1,8,1,2,4162,34,0,0,6,1,5,1,2700114,1000000
2024MU0008822,1,1841.43,46,1,1,1,9,32115,267,9000,4,1,1,3,1,2700104,1000000
2024MU0008823,1,1841.43,85,2,2,1,9,54163,451,0,0,6,1,1,1,2700106,1000000
2024MU0008824,1,1841.43,27,2,2,1,7,19835,165,9800,6,1,1,1,1,2700110,1000000
2024MU0008825,1,1841.43,2,2,2,1,6,10265,85,0,0,6,1,5,1,2700120,1000000
2024MU0008826,1,1841.43,25,2,3,1,6,7629,63,9800,1,1,1,1,1,2700118,1000000
2024MU0008827,1,1841.43,31,1,1,1,7,2489,20,6000,3,1,1,1,1,2700112,1000000
2024MU0008828,1,1841.43,46,1,6,1,7,36255,302,9000,1,1,1,1,1,2700122,1000000
2024MU0008829,1,1841.43,16,2,3,1,18,36676,305,0,0,6,1,5,1,2700121,1000000
2024MU0008830,1,1841.43,7,2,8,1,7,4639,38,0,0,6,1,5,1,2700107,1000000
2024MU0008831,1,1841.43,14,2,1,1,3,2545,21,0,0,6,1,5,1,2700114,1000000
2024MU0008832,1,1841.43,29,1,3,1,6,8089,67,9800,1,1,1,1,1,2700117,1000000
2024MU0008833,1,1841.43,26,2,2,1,15,55128,459,4000,1,1,1,1,1,2700102,1000000
2024MU0008834,1,1841.43,29,1,2,1,12,29985,249,9000,4,1,1,5,2,2700117,1000000
2024MU0008835,1,1841.43,9,2,3,1,2,1615,13,0,0,6,1,5,1,2700112,1000000
2024MU0008836,1,1841.43,29,1,1,1,11,49547,412,9800,6,1,1,1,1,2700106,1000000
2024MU0008837,1,1841.43,64,2,1,1,11,151091,501,5000,1,1,1,1,1,2700102,1000000
2024MU0008838,1,1841.43,14,1,3,1,1,2484,20,0,0,6,1,5,1,2700102,1000000
2024MU0008839,1,1841.43,40,2,2,1,5,4483,37,6000,4,3,1,1,1,2700107,1000000
2024MU0008840,1,1841.43,30,2,1,1,9,40575,338,8000,1,1,1,1,1,2700105,1000000
2024MU0008841,1,1841.43,20,1,2,1,16,35780,298,3000,1,1,1,1,1,2700114,1000000
2024MU0008842,1,1841.43,29,1,2,1,7,15359,127,9920,4,1,1,1,1,2700101,1000000
2024MU0008843,1,1841.43,29,2,3,1,14,89197,501,5000,3,1,1,5,1,2700105,1000000
2024MU0008844,1,1841.43,8,1,1,1,6,7697,64,0,0,6,1,5,2,2700114,1000000
2024MU0008845,1,1841.43,28,1,3,1,12,8174,68,6000,1,1,1,1,1,2700112,1000000
2024MU0008846,1,1841.43,28,2,3,1,7,3976,33,9920,6,1,1,1,1,2700114,1000000
2024MU0008847,1,1841.43,58,2,3,1,19,243488,501,1000,1,1,1,1,1,2700115,1000000
2024MU0008848,1,1841.43,0,1,8,1,4,2786,23,0,0,6,1,5,1,2700122,1000000
2024MU0008849,1,1841.43,7,2,2,1,4,13468,112,0,0,6,1,5,1,2700115,1000000
2024MU0008850,1,1841.43,3,1,1,1,9,5653,47,0,0,6,1,5,1,2700106,1000000
2024MU0008851,1,1841.43,16,2,1,1,18,52704,439,0,0,6,1,5,1,2700106,1000000
2024MU0008852,1,1841.43,0,2,1,1,4,2384,19,0,0,6,1,5,1,2700121,1000000
2024MU0008853,1,1841.43,42,2,1,1,9,52357,436,6000,6,1,1,1,1,2700112,1000000
2024MU0008854,1,1841.43,3,1,5,1,1,2066,17,0,0,6,1,5,1,2700121,1000000
2024MU0008855,1,1841.43,29,2,5,1,17,110433,501,3000,3,1,1,1,1,2700117,1000000
2024MU0008856,1,1841.43,13,1,2,1,7,9454,78,0,0,6,1,5,1,2700103,1000000
2024MU0008857,1,1841.43,13,1,1,1,3,4907,40,0,0,6,1,5,1,2700103,1000000
2024MU0008858,1,1841.43,8,2,1,1,6,18459,153,0,0,6,1,5,1,2700119,1000000
2024MU0008859,1,1841.43,17,1,6,1,17,19221,160,0,0,6,1,5,1,2700113,1000000
2024MU0008860,1,1841.43,15,2,7,1,13,11667,97,0,0,6,1,5,1,2700119,1000000
2024MU0008861,1,1841.43,42,2,1,1,10,78780,501,9800,4,1,1,1,1,2700110,1000000
2024MU0008862,1,1841.43,25,1,3,1,8,4999,41,6000,1,1,2,1,1,2700100,1000000
2024MU0008863,1,1841.43,58,1,1,1,12,37933,316,5000,6,5,1,5,1,2700105,1000000
2024MU0008864,1,1841.43,10,2,1,1,2,6817,56,0,0,6,1,5,1,2700115,1000000
2024MU0008865,1,1841.43,27,2,1,1,13,55675,463,9800,4,1,1,1,1,2700113,1000000
2024MU0008866,1,1841.43,42,2,3,1,8,39966,333,6000,1,1,1,1,2,2700122,1000000
2024MU0008867,1,1841.43,36,2,1,1,5,7998,66,9800,4,1,1,1,1,2700120,1000000
2024MU0008868,1,1841.43,18,1,1,1,12,13330,111,6000,4,1,1,5,2,2700103,1000000
2024MU0008869,1,1841.43,27,1,1,1,12,11572,96,5000,4,1,1,1,1,2700123,1000000
2024MU0008870,1,1841.43,40,2,1,1,7,8980,74,9800,1,3,1,1,1,2700110,1000000
2024MU0008871,1,1841.43,1,1,3,1,5,3486,29,0,0,6,1,5,1,2700101,1000000
2024MU0008872,1,1841.43,0,2,1,1,4,10009,83,0,0,6,1,5,1,2700123,1000000
2024MU0008873,1,1841.43,24,1,8,1,17,108402,501,1000,1,1,1,1,2,2700119,1000000
2024MU0008874,1,1841.43,43,1,1,1,9,44818,373,6000,3,1,1,1,1,2700103,1000000
2024MU0008875,1,1841.43,2,2,1,1,3,5738,47,0,0,6,1,5,1,2700101,1000000
2024MU0008876,1,1841.43,6,2,1,1,2,6081,50,0,0,6,1,5,1,2700107,1000000
2024MU0008877,1,1841.43,45,2,1,1,8,21537,179,9800,1,5,1,1,1,2700108,1000000
2024MU0008878,1,1841.43,23,2,1,1,16,55927,466,4000,1,1,1,5,1,2700116,1000000
2024MU0008879,1,1841.43,8,2,1,1,6,1864,15,0,0,6,1,5,1,2700107,1000000
2024MU0008880,1,1841.43,50,2,6,1,6,11174,93,9000,1,1,1,2,1,2700118,1000000
2024MU0008881,1,1841.43,52,2,3,1,11,20833,173,4000,3,1,1,1,1,2700106,1000000
2024MU0008882,1,1841.43,34,2,7,1,7,26353,219,9800,1,1,1,1,1,2700117,1000000
2024MU0008883,1,1841.43,42,2,1,1,7,54474,453,5000,3,4,1,1,1,2700108,1000000
2024MU0008884,1,1841.43,33,1,2,1,11,64658,501,9800,4,1,1,1,1,2700111,1000000
2024MU0008885,1,1841.43,47,1,1,1,7,3767,31,8000,1,1,1,1,1,2700116,1000000
2024MU0008886,1,1841.43,55,1,3,1,11,23312,194,9000,1,2,2,1,1,2700120,1000000
2024MU0008887,1,1841.43,27,1,9,1,18,79837,501,3000,1,1,1,1,1,2700107,1000000
2024MU0008888,1,1841.43,18,1,5,1,12,3990,33,6000,6,1,1,1,1,2700118,1000000
2024MU0008889,1,1841.43,46,1,1,1,10,44540,371,9800,1,2,1,1,1,2700104,1000000
2024MU0008890,1,1841.43,50,2,1,1,15,130821,501,6000,3,1,1,2,1,2700106,1000000
2024MU0008891,1,1841.43,5,2,1,1,2,12371,103,0,0,6,1,5,1,2700111,1000000
2024MU0008892,1,1841.43,28,1,1,1,10,103771,501,5000,4,1,1,1,1,2700114,1000000
2024MU0008893,1,1841.43,15,1,1,1,12,4731,39,0,0,6,1,5,1,2700110,1000000
2024MU0008894,1,1841.43,53,2,1,1,10,33469,278,9000,1,1,1,5,1,2700120,1000000
2024MU0008895,1,1841.43,0,2,1,1,6,3688,30,0,0,6,1,5,1,2700107,1000000
2024MU0008896,1,1841.43,30,2,2,1,13,26455,220,5000,4,1,1,1,1,2700122,1000000
2024MU0008897,1,1841.43,26,2,2,1,11,31129,259,6000,1,3,1,1,2,2700117,1000000
2024MU0008898,1,1841.43,61,2,4,1,9,34336,286,9800,1,2,1,1,1,2700113,1000000
2024MU0008899,1,1841.43,14,1,1,1,1,6549,54,0,0,6,1,5,1,2700112,1000000
2024MU0008900,1,1841.43,46,1,1,1,16,267343,501,6000,1,1,1,1,2,2700108,1000000
2024MU0008901,1,1841.43,20,2,3,1,13,11952,99,6000,1,1,1,5,1,2700120,1000000
2024MU0008902,1,1841.43,46,1,3,1,6,10832,90,5000,1,3,1,5,1,2700119,1000000
2024MU0008903,1,1841.43,34,2,1,1,17,64023,501,2000,1,1,1,1,1,2700108,1000000
2024MU0008904,1,1841.43,5,1,6,1,7,20537,171,0,0,6,1,5,1,2700101,1000000
2024MU0008905,1,1841.43,11,2,1,1,6,8279,68,0,0,6,1,5,1,2700106,1000000
2024MU0008906,1,1841.43,54,1,2,1,6,18393,153,7000,4,3,1,1,1,2700101,1000000
2024MU0008907,1,1841.43,57,1,2,1,12,32332,269,4000,1,1,1,5,1,2700113,1000000
2024MU0008908,1,1841.43,25,2,1,1,12,89784,501,6000,3,1,1,5,1,2700113,1000000
2024MU0008909,1,1841.43,26,2,3,1,13,25980,216,3000,1,4,1,1,1,2700107,1000000
2024MU0008910,1,1841.43,47,1,2,1,18,42406,353,3000,1,1,1,1,1,2700116,1000000
2024MU0008911,1,1841.43,17,2,1,1,12,13115,109,0,0,6,1,5,1,2700109,1000000
2024MU0008912,1,1841.43,14,2,8,1,5,1500,12,0,0,6,1,5,1,2700101,1000000
2024MU0008913,1,1841.43,26,2,1,1,14,35066,292,9800,4,5,1,5,1,2700118,1000000
2024MU0008914,1,1841.43,2,2,3,1,4,11746,97,0,0,6,1,5,1,2700115,1000000
2024MU0008915,1,1841.43,44,2,1,1,5,4206,35,7000,3,1,1,1,1,2700100,1000000
2024MU0008916,1,1841.43,48,1,2,1,6,7805,65,5000,1,1,1,1,1,2700105,1000000
2024MU0008917,1,1841.43,12,1,1,1,5,8004,66,0,0,6,1,5,1,2700116,1000000
2024MU0008918,1,1841.43,80,2,4,1,6,4479,37,0,0,6,1,4,1,2700112,1000000
2024MU0008919,1,1841.43,37,2,3,1,7,22347,186,9000,3,2,1,1,1,2700111,1000000
2024MU0008920,1,1841.43,40,1,1,1,8,22385,186,9920,1,1,1,1,1,2700118,1000000
2024MU0008921,1,1841.43,5,2,1,1,3,8165,68,0,0,6,1,5,1,2700100,1000000
2024MU0008922,1,1841.43,48,1,8,1,5,9557,79,7000,1,1,1,1,1,2700118,1000000
2024MU0008923,1,1841.43,15,1,8,1,12,1825,15,0,0,6,1,5,1,2700123,1000000
2024MU0008924,1,1841.43,23,1,2,1,18,100205,501,4000,2,1,1,1,1,2700120,1000000
2024MU0008925,1,1841.43,60,1,2,1,5,3807,31,9920,1,1,1,1,1,2700106,1000000
2024MU0008926,1,1841.43,40,1,5,1,12,83863,501,6000,1,2,1,1,1,2700106,1000000
2024MU0008927,1,1841.43,47,1,1,1,12,42308,352,8000,3,1,1,1,1,2700122,1000000
2024MU0008928,1,1841.43,2,2,3,1,5,3162,26,0,0,6,1,5,1,2700105,1000000
2024MU0008929,1,1841.43,2,1,2,1,3,6963,58,0,0,6,1,5,2,2700107,1000000
2024MU0008930,1,1841.43,91,1,3,1,11,5364,44,0,0,6,1,4,1,2700108,1000000
2024MU0008931,1,1841.43,6,1,1,1,4,3414,28,0,0,6,2,5,1,2700105,1000000
2024MU0008932,1,1841.43,9,1,3,1,2,5734,47,0,0,6,1,5,1,2700108,1000000
2024MU0008933,1,1841.43,2,1,3,1,4,4906,40,0,0,6,1,5,1,2700122,1000000
2024MU0008934,1,1841.43,6,1,6,1,2,2710,22,0,0,6,1,5,1,2700110,1000000
2024MU0008935,1,1841.43,55,1,3,1,8,9108,75,7000,1,1,1,1,1,2700100,1000000
2024MU0008936,1,1841.43,80,2,8,1,7,22958,191,0,0,6,1,2,1,2700100,1000000
2024MU0008937,1,1841.43,38,1,8,1,9,82552,501,9800,3,4,1,1,1,2700112,1000000
2024MU0008938,1,1841.43,45,1,2,1,11,27375,228,7000,1,2,1,1,1,2700110,1000000
2024MU0008939,1,1841.43,16,1,1,1,19,117038,501,0,0,6,1,5,1,2700104,1000000
2024MU0008940,1,1841.43,25,1,3,1,9,49286,410,9800,4,3,1,1,2,2700115,1000000
2024MU0008941,1,1841.43,49,2,7,1,8,23695,197,8000,1,1,1,1,1,2700115,1000000
2024MU0008942,1,1841.43,22,1,1,1,17,108316,501,5000,1,1,1,5,1,2700114,1000000
2024MU0008943,1,1841.43,55,1,3,1,9,16280,135,6000,4,5,1,1,1,2700102,1000000
2024MU0008944,1,1841.43,42,1,1,1,9,124992,501,9800,1,1,1,1,1,2700106,1000000
2024MU0008945,1,1841.43,24,2,1,1,18,139771,501,4000,3,2,1,5,1,2700110,1000000
2024MU0008946,1,1841.43,26,1,3,1,16,91485,501,1000,2,1,1,1,1,2700116,1000000
2024MU0008947,1,1841.43,12,2,3,1,5,4870,40,0,0,6,2,5,1,2700121,1000000
2024MU0008948,1,1841.43,59,1,3,1,6,12416,103,5000,1,1,1,1,1,2700118,1000000
2024MU0008949,1,1841.43,20,1,6,1,14,7316,60,8000,1,1,1,5,1,2700104,1000000
2024MU0008950,1,1841.43,55,2,1,1,9,52795,439,5000,1,1,1,3,1,2700103,1000000
2024MU0008951,1,1841.43,3,2,1,1,4,2121,17,0,0,6,1,5,1,2700117,1000000
2024MU0008952,1,1841.43,24,2,6,1,13,32284,269,9000,4,1,1,5,1,2700123,1000000
2024MU0008953,1,1841.43,22,1,2,1,14,31101,259,6000,1,1,1,5,1,2700107,1000000
2024MU0008954,1,1841.43,65,1,1,1,7,9090,75,8000,1,1,1,2,1,2700105,1000000
2024MU0008955,1,1841.43,36,1,3,1,8,34041,283,5000,1,1,1,5,1,2700112,1000000
2024MU0008956,1,1841.43,54,2,8,1,14,48162,401,5000,1,1,1,5,1,2700120,1000000
2024MU0008957,1,1841.43,56,2,3,1,14,59012,491,6000,1,1,1,1,1,2700101,1000000
2024MU0008958,1,1841.43,23,1,4,1,17,24658,205,5000,4,4,1,5,1,2700114,1000000
2024MU0008959,1,1841.43,13,2,1,1,4,5792,48,0,0,6,1,5,1,2700110,1000000
2024MU0008960,1,1841.43,27,2,1,1,10,30619,255,5000,4,1,1,1,1,2700105,1000000
2024MU0008961,1,1841.43,55,1,6,1,11,47108,392,6000,4,2,1,1,1,2700109,1000000
2024MU0008962,1,1841.43,33,2,3,1,12,30090,250,5000,4,1,1,1,1,2700120,1000000
2024MU0008963,1,1841.43,30,2,1,1,12,97535,501,9800,1,1,1,5,1,2700117,1000000
2024MU0008964,1,1841.43,10,1,2,1,2,4896,40,0,0,6,1,5,1,2700103,1000000
2024MU0008965,1,1841.43,1,2,3,1,5,2208,18,0,0,6,1,5,1,2700105,1000000
2024MU0008966,1,1841.43,11,1,1,1,8,2543,21,0,0,6,1,5,1,2700112,1000000
2024MU0008967,1,1841.43,1,2,3,1,1,8252,68,0,0,6,1,5,1,2700115,1000000
2024MU0008968,1,1841.43,42,2,1,1,8,14974,124,9000,6,1,2,1,1,2700118,1000000
2024MU0008969,1,1841.43,39,1,1,1,11,43434,361,7000,1,4,1,1,1,2700116,1000000
2024MU0008970,1,1841.43,16,1,3,1,17,26301,219,0,0,6,1,5,1,2700116,1000000
2024MU0008971,1,1841.43,17,2,1,1,11,22110,184,0,0,6,1,5,1,2700111,1000000
2024MU0008972,1,1841.43,47,1,1,1,13,61080,501,9800,1,2,1,1,1,2700119,1000000
2024MU0008973,1,1841.43,40,1,7,1,5,6201,51,9800,1,1,1,1,1,2700123,1000000
2024MU0008974,1,1841.43,6,1,3,1,7,1836,15,0,0,6,1,5,1,2700108,1000000
2024MU0008975,1,1841.43,0,2,2,1,1,4022,33,0,0,6,1,5,1,2700123,1000000
2024MU0008976,1,1841.43,19,2,1,1,12,6945,57,9800,3,1,1,5,1,2700113,1000000
2024MU0008977,1,1841.43,30,1,1,1,14,9604,80,7000,1,1,1,5,1,2700121,1000000
2024MU0008978,1,1841.43,34,2,3,1,15,75758,501,2000,2,1,1,1,1,2700117,1000000
2024MU0008979,1,1841.43,90,1,1,1,12,14941,124,0,0,6,1,1,2,2700106,1000000
2024MU0008980,1,1841.43,10,2,2,1,2,2910,24,0,0,6,1,5,1,2700114,1000000
2024MU0008981,1,1841.43,29,2,2,1,11,48116,400,8000,1,4,1,1,1,2700100,1000000
2024MU0008982,1,1841.43,9,1,2,1,1,670,5,0,0,6,1,5,1,2700114,1000000
2024MU0008983,1,1841.43,19,1,1,1,12,6344,52,5000,3,2,2,5,1,2700117,1000000
2024MU0008984,1,1841.43,4,1,1,1,2,7574,63,0,0,6,1,5,1,2700120,1000000
2024MU0008985,1,1841.43,14,1,9,1,1,2349,19,0,0,6,1,5,1,2700114,1000000
2024MU0008986,1,1841.43,39,2,9,1,16,57267,477,3000,2,3,1,1,1,2700100,1000000
2024MU0008987,1,1841.43,38,1,2,1,7,9299,77,8000,6,1,1,5,1,2700110,1000000
2024MU0008988,1,1841.43,5,2,4,1,5,5727,47,0,0,6,1,5,1,2700112,1000000
2024MU0008989,1,1841.43,16,2,3,1,16,25437,211,0,0,6,1,5,1,2700115,1000000
2024MU0008990,1,1841.43,10,2,1,1,2,2244,18,0,0,6,1,5,2,2700101,1000000
2024MU0008991,1,1841.43,33,1,1,1,20,303522,501,1000,3,1,1,1,1,2700115,1000000
2024MU0008992,1,1841.43,16,2,1,1,14,14163,118,0,0,6,1,5,1,2700110,1000000
2024MU0008993,1,1841.43,49,2,3,1,14,17995,149,3000,1,4,1,1,1,2700108,1000000
2024MU0008994,1,1841.43,25,2,3,1,17,83594,501,3000,3,1,1,1,1,2700111,1000000
2024MU0008995,1,1841.43,28,2,8,1,17,36212,301,6000,3,1,1,1,1,2700103,1000000
2024MU0008996,1,1841.43,13,1,4,1,6,10219,85,0,0,6,1,5,1,2700101,1000000
2024MU0008997,1,1841.43,6,1,6,1,3,10731,89,0,0,6,1,5,1,2700121,1000000
2024MU0008998,1,1841.43,21,2,8,1,12,8907,74,3000,1,1,1,5,1,2700105,1000000
2024MU0008999,1,1841.43,10,2,5,1,5,9395,78,0,0,6,1,5,2,2700111,1000000
2024MU0009000,1,1841.43,40,2,1,1,8,8754,72,5000,1,1,1,5,1,2700104,1000000
2024MU0009001,1,1841.43,88,1,1,1,10,16464,137,0,0,6,1,1,1,2700123,1000000
2024MU0009002,1,1841.43,13,2,3,1,6,2510,20,0,0,6,1,5,1,2700117,1000000
2024MU0009003,1,1841.43,4,1,3,1,3,3929,32,0,0,6,1,5,1,2700100,1000000
2024MU0009004,1,1841.43,23,1,2,1,10,30431,253,9800,1,3,1,1,1,2700123,1000000
2024MU0009005,1,1841.43,21,1,6,1,13,10874,90,6000,1,5,1,5,1,2700101,1000000
2024MU0009006,1,1841.43,18,1,9,1,15,28054,233,6000,3,1,1,5,1,2700122,1000000
2024MU0009007,1,1841.43,99,1,3,1,5,7395,61,0,0,6,1,1,1,2700111,1000000
2024MU0009008,1,1841.43,30,2,2,1,12,104934,501,6000,1,1,5,1,1,2700109,1000000
2024MU0009009,1,1841.43,14,2,6,1,6,802,6,0,0,6,1,5,1,2700100,1000000
2024MU0009010,1,1841.43,86,2,1,1,5,31057,258,0,0,6,1,1,1,2700123,1000000
2024MU0009011,1,1841.43,31,2,1,1,12,34090,284,9000,1,1,1,5,1,2700104,1000000
2024MU0009012,1,1841.43,10,1,6,1,5,3765,31,0,0,6,1,5,1,2700109,1000000
2024MU0009013,1,1841.43,29,2,3,1,11,73671,501,6000,1,1,1,5,1,2700115,1000000
2024MU0009014,1,1841.43,53,2,2,1,16,142061,501,1000,1,1,1,1,1,2700113,1000000
2024MU0009015,1,1841.43,39,2,8,1,7,24595,204,9920,1,1,1,5,1,2700119,1000000
2024MU0009016,1,1841.43,30,2,2,1,10,104220,501,9800,3,1,1,1,1,2700104,1000000
2024MU0009017,1,1841.43,13,1,3,1,7,3512,29,0,0,6,1,5,1,2700121,1000000
2024MU0009018,1,1841.43,9,1,3,1,4,8360,69,0,0,6,1,5,1,2700121,1000000
2024MU0009019,1,1841.43,19,1,1,1,14,4508,37,9000,1,1,1,5,1,2700118,1000000
2024MU0009020,1,1841.43,29,2,1,1,13,38914,324,9000,1,1,1,1,1,2700108,1000000
2024MU0009021,1,1841.43,84,1,8,1,9,26906,224,0,0,6,1,1,1,2700102,1000000
2024MU0009022,1,1841.43,36,2,1,1,5,40101,334,5000,1,5,1,5,1,2700121,1000000
2024MU0009023,1,1841.43,28,1,1,1,10,47683,397,9000,1,1,1,1,1,2700111,1000000
2024MU0009024,1,1841.43,42,2,2,1,8,18880,157,7000,1,1,1,3,1,2700106,1000000
2024MU0009025,1,1841.43,11,1,1,1,5,3108,25,0,0,6,1,5,1,2700108,1000000
2024MU0009026,1,1841.43,14,1,8,1,5,3081,25,0,0,6,1,5,1,2700113,1000000
2024MU0009027,1,1841.43,29,1,1,1,12,23217,193,7000,1,1,1,5,1,2700100,1000000
2024MU0009028,1,1841.43,18,2,3,1,16,13592,113,4000,1,1,1,5,1,2700109,1000000
2024MU0009029,1,1841.43,54,1,1,1,7,53892,449,6000,1,1,1,1,2,2700115,1000000
2024MU0009030,1,1841.43,7,2,5,1,3,8910,74,0,0,6,1,5,1,2700106,1000000
2024MU0009031,1,1841.43,35,1,3,1,10,52076,433,8000,1,1,1,1,1,2700116,1000000
2024MU0009032,1,1841.43,17,2,2,1,13,19273,160,0,0,6,5,5,1,2700116,1000000
2024MU0009033,1,1841.43,36,1,9,1,13,73825,501,6000,3,1,1,1,1,2700104,1000000
2024MU0009034,1,1841.43,0,2,1,1,5,1811,15,0,0,6,1,5,1,2700103,1000000
2024MU0009035,1,1841.43,50,1,3,1,7,22234,185,8000,1,1,1,1,1,2700108,1000000
2024MU0009036,1,1841.43,72,2,9,1,11,44164,368,5000,3,1,1,1,1,2700103,1000000
2024MU0009037,1,1841.43,17,1,3,1,14,6778,56,0,0,6,1,5,2,2700114,1000000
2024MU0009038,1,1841.43,60,2,3,1,5,3916,32,9000,3,1,1,1,1,2700103,1000000
2024MU0009039,1,1841.43,38,2,1,1,8,6327,52,5000,1,1,1,5,1,2700119,1000000
2024MU0009040,1,1841.43,23,1,1,1,15,74536,501,3000,1,1,1,5,1,2700119,1000000
2024MU0009041,1,1841.43,40,1,1,1,8,6042,50,5000,3,1,1,1,1,2700108,1000000
2024MU0009042,1,1841.43,7,2,9,1,7,3492,29,0,0,6,1,5,1,2700101,1000000
2024MU0009043,1,1841.43,16,2,9,1,15,19994,166,0,0,6,1,5,1,2700111,1000000
2024MU0009044,1,1841.43,49,1,1,1,15,118402,501,2000,1,1,1,3,1,2700107,1000000
2024MU0009045,1,1841.43,2,1,1,1,2,2665,22,0,0,6,5,5,2,2700103,1000000
2024MU0009046,1,1841.43,11,1,1,1,6,3894,32,0,0,6,1,5,1,2700104,1000000
2024MU0009047,1,1841.43,24,1,1,1,18,113364,501,3000,1,1,1,1,1,2700113,1000000
2024MU0009048,1,1841.43,30,1,2,1,9,22285,185,5000,3,1,1,1,1,2700100,1000000
2024MU0009049,1,1841.43,26,2,3,1,7,13385,111,6000,3,1,1,5,1,2700100,1000000
2024MU0009050,1,1841.43,2,1,6,1,4,2026,16,0,0,6,1,5,1,2700117,1000000
2024MU0009051,1,1841.43,17,2,3,1,20,59465,495,0,0,6,1,5,1,2700105,1000000
2024MU0009052,1,1841.43,54,2,3,1,10,34293,285,4000,1,5,1,2,1,2700101,1000000
2024MU0009053,1,1841.43,15,1,4,1,16,36657,305,0,0,6,5,5,1,2700123,1000000
2024MU0009054,1,1841.43,41,2,3,1,11,49590,413,9800,4,1,1,1,1,2700123,1000000
2024MU0009055,1,1841.43,58,2,2,1,5,35993,299,5000,3,1,1,3,1,2700115,1000000
2024MU0009056,1,1841.43,19,1,1,1,14,10697,89,9000,1,1,1,1,1,2700119,1000000
2024MU0009057,1,1841.43,24,1,1,1,11,18724,156,7000,4,1,1,5,1,2700118,1000000
2024MU0009058,1,1841.43,8,2,3,1,3,8432,70,0,0,6,1,5,1,2700104,1000000
2024MU0009059,1,1841.43,53,2,9,1,12,45783,381,7000,6,1,1,1,1,2700105,1000000
2024MU0009060,1,1841.43,14,1,3,1,6,8130,67,0,0,6,1,5,1,2700108,1000000
2024MU0009061,1,1841.43,97,1,8,1,12,16695,139,0,0,6,1,3,1,2700114,1000000
2024MU0009062,1,1841.43,6,1,1,1,2,1406,11,0,0,6,1,5,1,2700113,1000000
2024MU0009063,1,1841.43,44,1,4,1,8,96514,501,5000,4,4,1,1,1,2700109,1000000
2024MU0009064,1,1841.43,34,1,6,1,14,28580,238,5000,6,1,1,5,1,2700122,1000000
2024MU0009065,1,1841.43,15,2,3,1,13,4833,40,0,0,6,1,5,1,2700102,1000000
2024MU0009066,1,1841.43,44,2,9,1,6,28450,237,9800,1,1,1,5,1,2700108,1000000
2024MU0009067,1,1841.43,13,1,3,1,4,1881,15,0,0,6,1,5,1,2700105,1000000
2024MU0009068,1,1841.43,28,2,1,1,10,22074,183,7000,1,3,1,1,1,2700110,1000000
2024MU0009069,1,1841.43,37,1,1,1,19,253877,501,3000,1,2,1,1,1,2700117,1000000
2024MU0009070,1,1841.43,78,1,3,1,7,5956,49,0,0,6,1,1,1,2700101,1000000
2024MU0009071,1,1841.43,22,1,8,1,18,63500,501,4000,2,1,1,5,1,2700104,1000000
2024MU0009072,1,1841.43,46,1,1,1,14,132601,501,6000,1,3,1,2,1,2700117,1000000
2024MU0009073,1,1841.43,100,1,3,1,5,6109,50,0,0,6,1,1,1,2700100,1000000
2024MU0009074,1,1841.43,15,2,4,1,17,17263,143,0,0,6,1,5,2,2700107,1000000
2024MU0009075,1,1841.43,7,1,1,1,3,8756,72,0,0,6,1,5,2,2700105,1000000
2024MU0009076,1,1841.43,29,2,1,1,6,5995,49,9800,1,1,1,5,1,2700117,1000000
2024MU0009077,1,1841.43,19,1,2,1,18,27738,231,5000,1,1,1,5,1,2700109,1000000
2024MU0009078,1,1841.43,0,1,1,1,3,1943,16,0,0,6,1,5,1,2700108,1000000
2024MU0009079,1,1841.43,33,2,1,1,9,50530,421,6000,4,1,1,1,1,2700110,1000000
2024MU0009080,1,1841.43,18,2,1,1,14,11202,93,9800,4,1,1,5,1,2700111,1000000
2024MU0009081,1,1841.43,18,1,1,1,12,10675,88,7000,1,1,1,5,1,2700115,1000000
2024MU0009082,1,1841.43,15,2,3,1,14,12100,100,0,0,6,1,5,1,2700123,1000000
2024MU0009083,1,1841.43,59,2,3,1,9,64373,501,8000,1,1,1,1,1,2700106,1000000
2024MU0009084,1,1841.43,85,2,3,1,7,11723,97,0,0,6,1,1,1,2700116,1000000
2024MU0009085,1,1841.43,11,1,2,1,8,1744,14,0,0,6,1,5,1,2700118,1000000
2024MU0009086,1,1841.43,42,2,9,1,8,9345,77,9920,1,1,1,1,1,2700112,1000000
2024MU0009087,1,1841.43,15,1,8,1,10,20807,173,0,0,6,1,5,1,2700118,1000000
2024MU0009088,1,1841.43,4,2,9,1,2,2142,17,0,0,6,1,5,1,2700110,1000000
2024MU0009089,1,1841.43,83,1,2,1,9,25621,213,0,0,6,1,1,1,2700117,1000000
2024MU0009090,1,1841.43,36,1,7,1,12,78429,501,7000,1,1,1,2,1,2700121,1000000
2024MU0009091,1,1841.43,70,2,4,1,12,5754,47,9000,3,2,1,1,1,2700123,1000000
2024MU0009092,1,1841.43,37,1,1,1,13,32790,273,8000,4,1,2,1,1,2700102,1000000
2024MU0009093,1,1841.43,41,1,1,1,6,30771,256,7000,4,1,1,1,2,2700103,1000000
2024MU0009094,1,1841.43,27,2,3,1,7,9502,79,9800,1,2,1,5,2,2700112,1000000
2024MU0009095,1,1841.43,33,2,1,1,11,32839,273,5000,1,2,1,5,1,2700107,1000000
2024MU0009096,1,1841.43,9,1,1,1,6,7792,64,0,0,6,1,5,1,2700118,1000000
2024MU0009097,1,1841.43,50,1,2,1,6,32309,269,8000,1,1,1,2,1,2700103,1000000
2024MU0009098,1,1841.43,1,1,3,1,5,2329,19,0,0,6,1,5,1,2700108,1000000
2024MU0009099,1,1841.43,10,1,8,1,7,16477,137,0,0,6,1,5,1,2700108,1000000
2024MU0009100,1,1841.43,4,2,3,1,6,961,8,0,0,6,1,5,2,2700113,1000000
2024MU0009101,1,1841.43,56,2,3,1,11,12645,105,3000,1,1,1,1,1,2700113,1000000
2024MU0009102,1,1841.43,22,1,1,1,17,60127,501,3000,1,1,1,5,1,2700110,1000000
2024MU0009103,1,1841.43,30,1,3,1,7,12267,102,8000,1,1,1,1,1,2700114,1000000
2024MU0009104,1,1841.43,12,2,2,1,3,3181,26,0,0,6,5,5,1,2700109,1000000
2024MU0009105,1,1841.43,27,2,6,1,5,6969,58,6000,1,1,1,1,1,2700122,1000000
2024MU0009106,1,1841.43,20,2,2,1,12,6555,54,6000,3,1,1,5,1,2700110,1000000
2024MU0009107,1,1841.43,10,1,2,1,8,3360,28,0,0,6,1,5,1,2700117,1000000
2024MU0009108,1,1841.43,2,1,2,1,3,2500,20,0,0,6,1,5,1,2700120,1000000
2024MU0009109,1,1841.43,44,1,5,1,11,70239,501,9800,4,1,1,5,1,2700122,1000000
2024MU0009110,1,1841.43,3,1,9,1,6,4107,34,0,0,6,1,5,1,2700103,1000000
2024MU0009111,1,1841.43,39,1,1,1,12,37328,311,6000,1,1,1,1,1,2700115,1000000
2024MU0009112,1,1841.43,29,2,2,1,11,27622,230,7000,4,1,1,1,1,2700108,1000000
2024MU0009113,1,1841.43,33,1,3,1,11,95057,501,7000,1,1,1,1,1,2700110,1000000
2024MU0009114,1,1841.43,35,2,8,1,10,31068,258,4000,1,1,1,1,1,2700123,1000000
2024MU0009115,1,1841.43,28,1,2,1,16,36784,306,5000,3,2,1,1,1,2700107,1000000
2024MU0009116,1,1841.43,1,1,1,1,1,1833,15,0,0,6,1,5,1,2700108,1000000
2024MU0009117,1,1841.43,43,1,2,1,5,13305,110,8000,1,1,1,1,1,2700101,1000000
2024MU0009118,1,1841.43,28,1,3,1,11,40696,339,6000,3,1,1,1,1,2700120,1000000
2024MU0009119,1,1841.43,5,2,2,1,3,8102,67,0,0,6,1,5,1,2700100,1000000
2024MU0009120,1,1841.43,2,1,1,1,4,14986,124,0,0,6,1,5,1,2700104,1000000
2024MU0009121,1,1841.43,16,1,1,1,20,86301,501,0,0,6,1,5,1,2700107,1000000
2024MU0009122,1,1841.43,34,2,3,1,14,23488,195,4000,3,1,1,5,1,2700106,1000000
2024MU0009123,1,1841.43,25,1,9,1,16,69906,501,3000,1,1,1,1,1,2700107,1000000
2024MU0009124,1,1841.43,17,1,8,1,14,2395,19,0,0,6,1,5,1,2700114,1000000
2024MU0009125,1,1841.43,14,1,3,1,3,3123,26,0,0,6,1,5,1,2700107,1000000
2024MU0009126,1,1841.43,8,1,6,1,6,2469,20,0,0,6,1,5,1,2700120,1000000
2024MU0009127,1,1841.43,47,1,1,1,12,8631,71,9800,3,1,1,1,1,2700121,1000000
2024MU0009128,1,1841.43,52,1,3,1,9,158780,501,5000,1,1,1,1,1,2700110,1000000
2024MU0009129,1,1841.43,6,2,1,1,7,2962,24,0,0,6,1,5,1,2700101,1000000
2024MU0009130,1,1841.43,44,2,3,1,17,33456,278,3000,1,1,1,1,1,2700103,1000000
2024MU0009131,1,1841.43,59,1,9,1,9,29974,249,5000,1,2,1,1,1,2700118,1000000
2024MU0009132,1,1841.43,39,1,6,1,8,60050,500,9920,3,1,1,1,1,2700109,1000000
2024MU0009133,1,1841.43,30,1,2,1,11,165593,501,8000,1,1,1,1,1,2700104,1000000
2024MU0009134,1,1841.43,7,2,4,1,9,11349,94,0,0,6,1,5,2,2700120,1000000
2024MU0009135,1,1841.43,17,1,9,1,13,11655,97,0,0,6,1,5,1,2700111,1000000
2024MU0009136,1,1841.43,0,2,1,1,5,10683,89,0,0,6,1,5,1,2700108,1000000
2024MU0009137,1,1841.43,15,2,4,1,17,27057,225,0,0,6,1,5,1,2700114,1000000
2024MU0009138,1,1841.43,24,1,1,1,13,40096,334,9800,1,1,1,1,1,2700106,1000000
2024MU0009139,1,1841.43,22,2,7,1,16,130693,501,6000,1,1,1,5,1,2700116,1000000
2024MU0009140,1,1841.43,21,1,1,1,13,5130,42,9800,1,1,1,5,1,2700111,1000000
2024MU0009141,1,1841.43,59,1,1,1,13,106482,501,7000,1,2,1,1,1,2700106,1000000
2024MU0009142,1,1841.43,32,1,3,1,13,23541,196,7000,3,1,1,5,1,2700116,1000000
2024MU0009143,1,1841.43,85,1,1,1,10,11651,97,0,0,6,1,1,1,2700113,1000000
2024MU0009144,1,1841.43,57,2,1,1,6,14470,120,9800,6,1,1,1,1,2700111,1000000
2024MU0009145,1,1841.43,19,2,3,1,10,21030,175,6000,1,3,1,1,1,2700106,1000000
2024MU0009146,1,1841.43,8,1,5,1,7,6890,57,0,0,6,1,5,1,2700107,1000000
2024MU0009147,1,1841.43,63,2,1,1,7,12842,107,5000,3,1,1,1,1,2700108,1000000
2024MU0009148,1,1841.43,20,1,6,1,12,13292,110,6000,4,1,1,1,2,2700117,1000000
2024MU0009149,1,1841.43,24,1,5,1,11,61584,501,9000,1,2,1,1,1,2700103,1000000
2024MU0009150,1,1841.43,36,1,3,1,11,43835,365,5000,1,1,1,5,1,2700113,1000000
2024MU0009151,1,1841.43,52,2,3,1,6,6976,58,9800,6,1,1,1,1,2700110,1000000
2024MU0009152,1,1841.43,79,2,1,1,8,4123,34,0,0,6,1,1,1,2700111,1000000
2024MU0009153,1,1841.43,40,2,2,1,11,82356,501,9800,6,4,1,1,1,2700106,1000000
2024MU0009154,1,1841.43,9,2,1,1,5,2094,17,0,0,6,1,5,1,2700108,1000000
2024MU0009155,1,1841.43,25,1,1,1,16,30827,256,2000,1,1,1,1,1,2700106,1000000
2024MU0009156,1,1841.43,40,1,2,1,6,12568,104,5000,4,1,1,1,1,2700114,1000000
2024MU0009157,1,1841.43,0,1,2,1,4,3773,31,0,0,6,1,5,1,2700101,1000000
2024MU0009158,1,1841.43,30,2,3,1,7,31911,265,5000,3,1,1,5,1,2700109,1000000
2024MU0009159,1,1841.43,42,1,3,1,13,15707,130,6000,3,1,1,1,1,2700101,1000000
2024MU0009160,1,1841.43,14,2,8,1,8,5288,44,0,0,6,1,5,1,2700110,1000000
2024MU0009161,1,1841.43,58,1,1,1,8,33557,279,8000,4,4,1,1,1,2700108,1000000
2024MU0009162,1,1841.43,85,1,1,1,6,3473,28,0,0,6,1,1,1,2700105,1000000
2024MU0009163,1,1841.43,16,1,2,1,13,11535,96,0,0,6,1,5,1,2700121,1000000
2024MU0009164,1,1841.43,28,2,1,1,15,21731,181,4000,2,4,1,1,1,2700113,1000000
2024MU0009165,1,1841.43,27,1,4,1,13,53533,446,9800,3,1,1,5,1,2700115,1000000
2024MU0009166,1,1841.43,6,1,2,1,7,7574,63,0,0,6,1,5,1,2700118,1000000
2024MU0009167,1,1841.43,87,1,2,1,5,6573,54,0,0,6,1,2,1,2700105,1000000
2024MU0009168,1,1841.43,26,2,2,1,11,11473,95,5000,4,1,1,5,1,2700112,1000000
2024MU0009169,1,1841.43,59,2,2,1,11,57920,482,8000,1,1,1,1,1,2700109,1000000
2024MU0009170,1,1841.43,13,2,2,1,7,3294,27,0,0,6,5,5,1,2700102,1000000
2024MU0009171,1,1841.43,33,1,1,1,10,6223,51,7000,3,1,1,1,1,2700119,1000000
2024MU0009172,1,1841.43,12,2,1,1,3,7469,62,0,0,6,1,5,1,2700120,1000000
2024MU0009173,1,1841.43,42,2,2,1,15,238110,501,5000,4,1,1,1,2,2700100,1000000
2024MU0009174,1,1841.43,94,1,1,1,5,19502,162,0,0,6,1,2,1,2700102,1000000
2024MU0009175,1,1841.43,36,1,4,1,11,17826,148,6000,4,1,1,1,1,2700118,1000000
2024MU0009176,1,1841.43,32,1,1,1,10,11390,94,7000,6,1,1,1,1,2700101,1000000
2024MU0009177,1,1841.43,30,1,1,1,7,11545,96,5000,3,1,1,1,1,2700120,1000000
2024MU0009178,1,1841.43,5,2,1,1,4,6065,50,0,0,6,1,5,1,2700114,1000000
2024MU0009179,1,1841.43,19,2,2,1,17,16820,140,2000,1,1,1,5,1,2700112,1000000
2024MU0009180,1,1841.43,40,2,1,1,8,4489,37,7000,3,5,1,1,1,2700112,1000000
2024MU0009181,1,1841.43,20,1,1,1,13,18092,150,7000,3,1,1,5,1,2700122,1000000
2024MU0009182,1,1841.43,47,2,1,1,12,34223,285,4000,2,1,2,1,1,2700114,1000000
2024MU0009183,1,1841.43,33,1,1,1,19,325662,501,4000,1,1,1,1,2,2700111,1000000
2024MU0009184,1,1841.43,22,1,5,1,17,79724,501,6000,1,4,1,5,1,2700101,1000000
2024MU0009185,1,1841.43,51,2,6,1,13,32329,269,7000,1,1,1,3,1,2700100,1000000
2024MU0009186,1,1841.43,59,1,1,1,15,94989,501,1000,1,4,1,1,1,2700101,1000000
2024MU0009187,1,1841.43,65,2,1,1,10,14128,117,9000,3,3,1,1,2,2700120,1000000
2024MU0009188,1,1841.43,17,2,3,1,20,47417,395,0,0,6,1,5,1,2700111,1000000
2024MU0009189,1,1841.43,3,2,5,1,6,1660,13,0,0,6,1,5,1,2700113,1000000
2024MU0009190,1,1841.43,2,1,9,1,6,5899,49,0,0,6,1,5,1,2700114,1000000
2024MU0009191,1,1841.43,9,2,1,1,6,10873,90,0,0,6,1,5,1,2700105,1000000
2024MU0009192,1,1841.43,94,2,2,1,12,12791,106,0,0,6,1,1,1,2700109,1000000
2024MU0009193,1,1841.43,53,2,3,1,11,134090,501,5000,4,1,1,1,1,2700107,1000000
2024MU0009194,1,1841.43,41,2,5,1,12,56722,472,9000,6,1,1,1,1,2700113,1000000
2024MU0009195,1,1841.43,52,2,1,1,7,16424,136,7000,3,1,1,4,1,2700104,1000000
2024MU0009196,1,1841.43,20,1,3,1,19,82746,501,1000,2,1,1,5,1,2700119,1000000
2024MU0009197,1,1841.43,61,2,1,1,7,29146,242,6000,4,1,1,1,1,2700117,1000000
2024MU0009198,1,1841.43,53,2,1,1,6,9286,77,7000,1,1,1,1,1,2700112,1000000
2024MU0009199,1,1841.43,21,2,2,1,18,41312,344,5000,1,2,1,5,1,2700110,1000000
2024MU0009200,1,1841.43,54,2,1,1,8,30862,257,5000,4,1,1,1,1,2700113,1000000
2024MU0009201,1,1841.43,47,1,3,1,6,11835,98,6000,1,1,1,1,1,2700102,1000000
2024MU0009202,1,1841.43,10,1,3,1,3,4023,33,0,0,6,1,5,1,2700100,1000000
2024MU0009203,1,1841.43,57,2,6,1,5,7231,60,5000,3,1,1,5,1,2700108,1000000
2024MU0009204,1,1841.43,54,1,2,1,5,9005,75,9000,3,1,1,1,1,2700117,1000000
2024MU0009205,1,1841.43,20,1,1,1,16,24009,200,4000,3,1,1,5,2,2700107,1000000
2024MU0009206,1,1841.43,41,1,1,1,13,23141,192,9800,3,1,1,1,1,2700119,1000000
2024MU0009207,1,1841.43,15,1,2,1,14,10425,86,0,0,6,5,5,1,2700123,1000000
2024MU0009208,1,1841.43,43,2,3,1,10,54934,457,9000,4,1,1,1,1,2700108,1000000
2024MU0009209,1,1841.43,10,2,2,1,7,5644,47,0,0,6,1,5,1,2700118,1000000
2024MU0009210,1,1841.43,53,1,2,1,8,6996,58,9800,4,2,1,2,1,2700120,1000000
2024MU0009211,1,1841.43,3,1,2,1,6,2467,20,0,0,6,1,5,1,2700107,1000000
2024MU0009212,1,1841.43,30,1,1,1,9,79060,501,5000,6,1,1,1,1,2700123,1000000
2024MU0009213,1,1841.43,7,1,3,1,5,2462,20,0,0,6,2,5,1,2700103,1000000
2024MU0009214,1,1841.43,22,1,2,1,13,51729,431,6000,4,1,1,5,1,2700117,1000000
2024MU0009215,1,1841.43,44,2,5,1,18,76331,501,4000,1,1,1,1,1,2700105,1000000
2024MU0009216,1,1841.43,51,1,3,1,5,18062,150,5000,6,1,1,2,1,2700121,1000000
2024MU0009217,1,1841.43,44,2,1,1,9,73789,501,9800,1,1,1,1,1,2700122,1000000
2024MU0009218,1,1841.43,35,2,2,1,9,6819,56,9000,3,1,1,1,1,2700104,1000000
2024MU0009219,1,1841.43,6,2,3,1,5,8028,66,0,0,6,1,5,2,2700116,1000000
2024MU0009220,1,1841.43,13,1,1,1,4,11376,94,0,0,6,1,5,1,2700100,1000000
2024MU0009221,1,1841.43,9,1,4,1,3,3130,26,0,0,6,1,5,1,2700115,1000000
2024MU0009222,1,1841.43,32,1,1,1,8,21139,176,5000,6,1,1,1,1,2700116,1000000
2024MU0009223,1,1841.43,24,1,2,1,12,16146,134,9800,1,1,1,1,1,2700119,1000000
2024MU0009224,1,1841.43,2,1,9,1,6,5360,44,0,0,6,1,5,1,2700122,1000000
2024MU0009225,1,1841.43,35,2,3,1,8,114824,501,5000,4,1,1,1,1,2700113,1000000
2024MU0009226,1,1841.43,16,1,2,1,17,7926,66,0,0,6,1,5,1,2700107,1000000
2024MU0009227,1,1841.43,27,1,1,1,11,20462,170,5000,6,1,1,1,1,2700100,1000000
2024MU0009228,1,1841.43,55,1,1,1,5,25270,210,5000,4,1,1,1,1,2700120,1000000
2024MU0009229,1,1841.43,9,2,3,1,2,10996,91,0,0,6,1,5,1,2700104,1000000
2024MU0009230,1,1841.43,59,2,2,1,14,13798,114,7000,4,4,1,1,1,2700106,1000000
2024MU0009231,1,1841.43,4,1,2,1,5,2405,20,0,0,6,1,5,1,2700100,1000000
2024MU0009232,1,1841.43,31,1,8,1,8,10077,83,9800,1,1,1,1,1,2700107,1000000
2024MU0009233,1,1841.43,22,1,1,1,17,53372,444,3000,1,1,1,5,1,2700103,1000000
2024MU0009234,1,1841.43,13,2,2,1,7,3652,30,0,0,6,1,5,1,2700113,1000000
2024MU0009235,1,1841.43,3,2,3,1,3,1278,10,0,0,6,1,5,1,2700110,1000000
2024MU0009236,1,1841.43,39,2,2,1,11,36466,303,9000,4,3,2,1,1,2700123,1000000
2024MU0009237,1,1841.43,12,1,2,1,3,1895,15,0,0,6,1,5,1,2700123,1000000
2024MU0009238,1,1841.43,49,2,1,1,5,15172,126,5000,1,1,1,1,1,2700112,1000000
2024MU0009239,1,1841.43,33,2,8,1,10,26601,221,9800,4,1,1,5,1,2700117,1000000
2024MU0009240,1,1841.43,58,2,2,1,12,32262,268,9800,1,1,1,1,1,2700103,1000000
2024MU0009241,1,1841.43,57,2,2,1,9,17579,146,9000,3,1,2,1,1,2700118,1000000
2024MU0009242,1,1841.43,20,1,3,1,14,21224,176,7000,1,1,1,5,1,2700117,1000000
2024MU0009243,1,1841.43,39,1,1,1,10,34696,289,5000,1,1,1,1,1,2700112,1000000
2024MU0009244,1,1841.43,4,1,4,1,4,4052,33,0,0,6,1,5,1,2700103,1000000
2024MU0009245,1,1841.43,44,2,2,1,8,14266,118,5000,3,4,1,1,1,2700113,1000000
2024MU0009246,1,1841.43,14,2,3,1,5,4031,33,0,0,6,1,5,1,2700103,1000000
2024MU0009247,1,1841.43,58,1,4,1,5,13383,111,7000,3,1,1,1,1,2700114,1000000
2024MU0009248,1,1841.43,30,1,7,1,14,76566,501,6000,1,1,1,5,1,2700111,1000000
2024MU0009249,1,1841.43,7,1,2,1,2,3188,26,0,0,6,1,5,1,2700120,1000000
2024MU0009250,1,1841.43,28,2,5,1,12,17553,146,8000,1,1,1,5,1,2700119,1000000
2024MU0009251,1,1841.43,6,1,1,1,4,4143,34,0,0,6,1,5,1,2700106,1000000
2024MU0009252,1,1841.43,2,1,3,1,6,2454,20,0,0,6,1,5,1,2700100,1000000
2024MU0009253,1,1841.43,33,1,1,1,15,113252,501,3000,1,1,1,1,1,2700116,1000000
2024MU0009254,1,1841.43,3,1,1,1,3,1727,14,0,0,6,1,5,1,2700113,1000000
2024MU0009255,1,1841.43,33,2,1,1,13,90868,501,7000,4,3,1,5,1,2700102,1000000
2024MU0009256,1,1841.43,3,2,1,1,2,2146,17,0,0,6,1,5,1,2700105,1000000
2024MU0009257,1,1841.43,31,1,1,1,7,41849,348,9000,1,1,1,5,1,2700105,1000000
2024MU0009258,1,1841.43,20,2,3,1,19,57841,482,2000,2,1,1,1,1,2700120,1000000
2024MU0009259,1,1841.43,2,1,1,1,2,7950,66,0,0,6,1,5,1,2700105,1000000
2024MU0009260,1,1841.43,0,2,3,1,3,2169,18,0,0,6,1,5,1,2700121,1000000
2024MU0009261,1,1841.43,16,1,1,1,12,2749,22,0,0,6,5,5,1,2700113,1000000
2024MU0009262,1,1841.43,19,1,1,1,14,3435,28,9000,1,1,1,5,1,2700112,1000000
2024MU0009263,1,1841.43,2,1,2,1,8,29683,247,0,0,6,1,5,1,2700100,1000000
2024MU0009264,1,1841.43,95,1,2,1,6,4140,34,0,0,6,1,1,1,2700107,1000000
2024MU0009265,1,1841.43,91,1,1,1,8,16055,133,0,0,6,1,5,1,2700105,1000000
2024MU0009266,1,1841.43,44,2,9,1,9,17569,146,6000,6,5,1,1,1,2700121,1000000
2024MU0009267,1,1841.43,91,2,1,1,6,7707,64,0,0,6,1,1,1,2700112,1000000
2024MU0009268,1,1841.43,55,1,3,1,10,46345,386,5000,1,1,1,2,1,2700105,1000000
2024MU0009269,1,1841.43,36,2,1,1,11,317365,501,5000,1,5,1,1,1,2700122,1000000
2024MU0009270,1,1841.43,54,1,7,1,8,10360,86,6000,1,1,1,2,1,2700106,1000000
2024MU0009271,1,1841.43,46,2,2,1,13,26487,220,5000,4,2,1,3,2,2700120,1000000
2024MU0009272,1,1841.43,55,2,8,1,5,17689,147,8000,6,1,1,1,1,2700122,1000000
2024MU0009273,1,1841.43,23,2,1,1,11,15207,126,9800,4,1,1,5,1,2700110,1000000
2024MU0009274,1,1841.43,2,1,1,1,9,14511,120,0,0,6,1,5,1,2700117,1000000
2024MU0009275,1,1841.43,36,1,2,1,14,41977,349,9800,4,3,5,5,1,2700102,1000000
2024MU0009276,1,1841.43,9,1,2,1,7,2192,18,0,0,6,1,5,1,2700117,1000000
2024MU0009277,1,1841.43,53,1,1,1,10,51331,427,6000,1,1,1,2,1,2700116,1000000
2024MU0009278,1,1841.43,53,2,1,1,9,39176,326,9800,1,1,1,1,1,2700104,1000000
2024MU0009279,1,1841.43,38,1,4,1,12,74201,501,9800,6,2,1,1,1,2700112,1000000
2024MU0009280,1,1841.43,37,1,1,1,6,60131,501,6000,3,2,1,5,1,2700120,1000000
2024MU0009281,1,1841.43,6,1,2,1,6,2683,22,0,0,6,1,5,1,2700100,1000000
2024MU0009282,1,1841.43,3,1,2,1,5,2883,24,0,0,6,1,5,1,2700100,1000000
2024MU0009283,1,1841.43,17,2,3,1,20,30430,253,0,0,6,1,5,1,2700105,1000000
2024MU0009284,1,1841.43,7,1,1,1,5,6080,50,0,0,6,1,5,1,2700112,1000000
2024MU0009285,1,1841.43,6,2,3,1,2,2392,19,0,0,6,1,5,1,2700102,1000000
2024MU0009286,1,1841.43,11,1,1,1,4,5284,44,0,0,6,2,5,1,2700123,1000000
2024MU0009287,1,1841.43,28,2,1,1,6,27152,226,9920,1,1,1,1,1,2700116,1000000
2024MU0009288,1,1841.43,5,2,2,1,6,2318,19,0,0,6,1,5,1,2700113,1000000
2024MU0009289,1,1841.43,10,2,8,1,5,2742,22,0,0,6,1,5,1,2700118,1000000
2024MU0009290,1,1841.43,1,2,1,1,4,9023,75,0,0,6,1,5,1,2700108,1000000
2024MU0009291,1,1841.43,6,1,1,1,9,17876,148,0,0,6,1,5,1,2700113,1000000
2024MU0009292,1,1841.43,59,2,3,1,16,141618,501,6000,3,1,1,1,1,2700107,1000000
2024MU0009293,1,1841.43,41,2,2,1,16,93665,501,5000,1,1,2,1,1,2700100,1000000
2024MU0009294,1,1841.43,12,2,3,1,3,1270,10,0,0,6,1,5,1,2700116,1000000
2024MU0009295,1,1841.43,4,2,9,1,6,2267,18,0,0,6,1,5,1,2700106,1000000
2024MU0009296,1,1841.43,38,2,9,1,17,64642,501,4000,3,1,1,5,1,2700119,1000000
2024MU0009297,1,1841.43,4,2,2,1,5,6382,53,0,0,6,1,5,1,2700116,1000000
2024MU0009298,1,1841.43,69,1,2,1,6,8387,69,9000,3,3,1,1,1,2700112,1000000
2024MU0009299,1,1841.43,38,1,8,1,14,28660,238,6000,1,1,1,1,1,2700118,1000000
2024MU0009300,1,1841.43,42,2,1,1,13,32299,269,9800,1,1,1,5,1,2700112,1000000
2024MU0009301,1,1841.43,24,1,2,1,17,105055,501,1000,3,1,1,5,1,2700114,1000000
2024MU0009302,1,1841.43,27,2,2,1,9,23232,193,9800,1,1,1,1,1,2700115,1000000
2024MU0009303,1,1841.43,12,1,1,1,2,2517,20,0,0,6,1,5,1,2700112,1000000
2024MU0009304,1,1841.43,11,1,9,1,5,19514,162,0,0,6,1,5,1,2700122,1000000
2024MU0009305,1,1841.43,7,2,3,1,4,2582,21,0,0,6,1,5,1,2700122,1000000
2024MU0009306,1,1841.43,98,2,2,1,9,28995,241,0,0,6,1,1,1,2700103,1000000
2024MU0009307,1,1841.43,2,2,5,1,2,5486,45,0,0,6,1,5,1,2700115,1000000
2024MU0009308,1,1841.43,38,1,2,1,7,4739,39,5000,1,1,1,5,1,2700113,1000000
2024MU0009309,1,1841.43,17,1,7,1,14,6773,56,0,0,6,1,5,2,2700117,1000000
2024MU0009310,1,1841.43,16,1,1,1,13,19329,161,0,0,6,1,5,1,2700119,1000000
2024MU0009311,1,1841.43,18,1,1,1,16,27368,228,1000,1,1,1,5,1,2700107,1000000
2024MU0009312,1,1841.43,27,1,1,1,10,10419,86,9800,1,2,1,1,1,2700121,1000000
2024MU0009313,1,1841.43,13,2,2,1,6,5495,45,0,0,6,1,5,1,2700104,1000000
2024MU0009314,1,1841.43,20,1,1,1,17,20882,174,6000,3,1,1,5,1,2700101,1000000
2024MU0009315,1,1841.43,24,2,1,1,12,39418,328,6000,3,1,1,5,1,2700108,1000000
2024MU0009316,1,1841.43,21,1,9,1,19,228642,501,4000,3,3,1,5,1,2700110,1000000
2024MU0009317,1,1841.43,14,1,8,1,6,5442,45,0,0,6,1,5,1,2700117,1000000
2024MU0009318,1,1841.43,49,1,3,1,10,66892,501,9800,4,1,1,1,1,2700107,1000000
2024MU0009319,1,1841.43,40,2,8,1,14,36480,304,9800,3,1,1,1,1,2700114,1000000
2024MU0009320,1,1841.43,90,1,9,1,6,2727,22,0,0,6,1,1,1,2700120,1000000
2024MU0009321,1,1841.43,33,1,3,1,10,89238,501,7000,4,1,1,5,2,2700102,1000000
2024MU0009322,1,1841.43,8,2,2,1,1,2468,20,0,0,6,1,5,1,2700121,1000000
2024MU0009323,1,1841.43,31,2,8,1,10,37119,309,9800,4,1,5,5,1,2700111,1000000
2024MU0009324,1,1841.43,35,2,3,1,11,152932,501,9800,4,1,1,5,1,2700102,1000000
2024MU0009325,1,1841.43,23,2,1,1,16,64487,501,6000,1,1,1,5,1,2700104,1000000
2024MU0009326,1,1841.43,12,1,2,1,1,10596,88,0,0,6,1,5,1,2700118,1000000
2024MU0009327,1,1841.43,75,2,2,1,5,9107,75,6000,1,1,1,1,1,2700106,1000000
2024MU0009328,1,1841.43,21,2,9,1,14,7397,61,7000,1,1,2,5,2,2700110,1000000
2024MU0009329,1,1841.43,34,2,3,1,8,21066,175,9920,6,2,1,5,1,2700119,1000000
2024MU0009330,1,1841.43,35,2,7,1,14,26392,219,7000,1,1,1,1,1,2700107,1000000
2024MU0009331,1,1841.43,32,1,4,1,13,82094,501,9800,4,3,1,1,1,2700123,1000000
2024MU0009332,1,1841.43,65,1,1,1,6,18115,150,9920,4,1,1,2,1,2700110,1000000
2024MU0009333,1,1841.43,17,2,3,1,10,11274,93,0,0,6,1,5,1,2700116,1000000
2024MU0009334,1,1841.43,16,2,1,1,12,27882,232,0,0,6,1,5,1,2700118,1000000
2024MU0009335,1,1841.43,49,1,2,1,11,48745,406,9800,3,1,1,5,1,2700116,1000000
2024MU0009336,1,1841.43,19,1,5,1,20,94210,501,3000,1,1,1,5,1,2700105,1000000
2024MU0009337,1,1841.43,1,2,3,1,3,42488,354,0,0,6,1,5,1,2700123,1000000
2024MU0009338,1,1841.43,29,1,5,1,14,164298,501,5000,1,1,1,1,1,2700106,1000000
2024MU0009339,1,1841.43,17,1,1,1,18,26542,221,0,0,6,1,5,1,2700100,1000000
2024MU0009340,1,1841.43,100,1,3,1,5,8447,70,0,0,6,1,5,1,2700101,1000000
2024MU0009341,1,1841.43,0,2,1,1,8,1724,14,0,0,6,1,5,1,2700115,1000000
2024MU0009342,1,1841.43,4,2,2,1,4,7592,63,0,0,6,1,5,1,2700109,1000000
2024MU0009343,1,1841.43,28,1,2,1,18,99746,501,3000,3,1,1,1,1,2700119,1000000
2024MU0009344,1,1841.43,20,2,3,1,15,18613,155,5000,4,1,1,5,2,2700123,1000000
2024MU0009345,1,1841.43,2,1,1,1,3,10357,86,0,0,6,1,5,1,2700102,1000000
2024MU0009346,1,1841.43,34,1,2,1,18,101008,501,1000,1,1,1,5,1,2700116,1000000
2024MU0009347,1,1841.43,24,2,3,1,13,20175,168,5000,1,1,1,5,1,2700106,1000000
2024MU0009348,1,1841.43,95,1,3,1,11,24016,200,0,0,6,1,1,1,2700120,1000000
2024MU0009349,1,1841.43,21,1,2,1,12,7867,65,6000,1,1,1,5,1,2700115,1000000
2024MU0009350,1,1841.43,19,2,2,1,16,29057,242,6000,1,3,1,5,1,2700118,1000000
2024MU0009351,1,1841.43,2,1,9,1,4,16204,135,0,0,6,1,5,1,2700116,1000000
2024MU0009352,1,1841.43,19,1,9,1,20,43856,365,1000,1,1,1,5,1,2700111,1000000
2024MU0009353,1,1841.43,28,2,2,1,8,18346,152,5000,3,1,1,5,1,2700107,1000000
2024MU0009354,1,1841.43,67,2,2,1,7,4188,34,8000,6,1,1,1,1,2700114,1000000
2024MU0009355,1,1841.43,70,1,3,1,8,3066,25,5000,6,1,1,1,1,2700110,1000000
2024MU0009356,1,1841.43,15,1,1,1,20,57253,477,0,0,6,1,5,1,2700102,1000000
2024MU0009357,1,1841.43,38,2,1,1,9,285335,501,5000,3,1,1,1,1,2700105,1000000
2024MU0009358,1,1841.43,3,2,1,1,4,7490,62,0,0,6,1,5,1,2700123,1000000
2024MU0009359,1,1841.43,16,1,1,1,14,15054,125,0,0,6,1,5,1,2700117,1000000
2024MU0009360,1,1841.43,10,2,3,1,3,2634,21,0,0,6,1,5,1,2700122,1000000
2024MU0009361,1,1841.43,19,2,2,1,18,23512,195,3000,3,1,1,5,1,2700106,1000000
2024MU0009362,1,1841.43,80,2,1,1,5,2038,16,0,0,6,1,1,1,2700122,1000000
2024MU0009363,1,1841.43,49,1,8,1,11,153100,501,7000,4,1,1,1,1,2700106,1000000
2024MU0009364,1,1841.43,26,1,7,1,11,35069,292,4000,2,1,1,1,1,2700102,1000000
2024MU0009365,1,1841.43,4,1,6,1,3,4635,38,0,0,6,1,5,1,2700116,1000000
2024MU0009366,1,1841.43,18,1,2,1,15,33467,278,6000,1,1,1,5,1,2700121,1000000
2024MU0009367,1,1841.43,27,2,1,1,15,276771,501,2000,1,1,1,1,1,2700113,1000000
2024MU0009368,1,1841.43,25,1,1,1,10,35828,298,9800,1,1,1,5,2,2700107,1000000
2024MU0009369,1,1841.43,18,2,1,1,12,9520,79,9000,6,1,1,5,1,2700119,1000000
2024MU0009370,1,1841.43,15,1,1,1,10,38384,319,0,0,6,1,5,1,2700109,1000000
2024MU0009371,1,1841.43,14,2,7,1,6,3613,30,0,0,6,1,5,1,2700120,1000000
2024MU0009372,1,1841.43,40,1,9,1,8,4142,34,9800,4,1,1,1,1,2700102,1000000
2024MU0009373,1,1841.43,1,1,5,1,8,1181,9,0,0,6,1,5,1,2700101,1000000
2024MU0009374,1,1841.43,4,1,3,1,5,3438,28,0,0,6,1,5,1,2700121,1000000
2024MU0009375,1,1841.43,27,2,3,1,10,35632,296,5000,1,1,1,1,1,2700105,1000000
2024MU0009376,1,1841.43,28,1,4,1,12,51648,430,8000,1,2,1,5,1,2700118,1000000
2024MU0009377,1,1841.43,28,1,9,1,10,15276,127,9800,3,2,1,5,1,2700102,1000000
2024MU0009378,1,1841.43,20,1,3,1,19,53284,444,3000,1,1,1,1,1,2700105,1000000
2024MU0009379,1,1841.43,17,2,1,1,14,6181,51,0,0,6,1,5,1,2700113,1000000
2024MU0009380,1,1841.43,28,2,1,1,7,26051,217,8000,1,1,1,5,1,2700118,1000000
2024MU0009381,1,1841.43,37,2,3,1,12,106939,501,5000,4,1,1,1,1,2700121,1000000
2024MU0009382,1,1841.43,33,2,1,1,12,171631,501,6000,1,1,1,1,1,2700118,1000000
2024MU0009383,1,1841.43,46,1,8,1,12,55736,464,5000,1,1,1,1,1,2700120,1000000
2024MU0009384,1,1841.43,44,2,3,1,15,362760,501,6000,6,1,1,1,1,2700119,1000000
2024MU0009385,1,1841.43,69,1,3,1,7,3837,31,9000,4,1,2,1,1,2700120,1000000
2024MU0009386,1,1841.43,20,1,1,1,14,12672,105,3000,1,2,2,1,1,2700115,1000000
2024MU0009387,1,1841.43,36,2,2,1,11,20738,172,7000,6,3,1,1,1,2700122,1000000
2024MU0009388,1,1841.43,38,2,2,1,16,167095,501,4000,3,2,1,1,1,2700100,1000000
2024MU0009389,1,1841.43,22,1,3,1,20,183363,501,1000,1,1,1,5,1,2700110,1000000
2024MU0009390,1,1841.43,14,1,2,1,9,1955,16,0,0,6,1,5,1,2700109,1000000
2024MU0009391,1,1841.43,43,2,9,1,7,38948,324,9000,1,4,1,1,1,2700120,1000000
2024MU0009392,1,1841.43,1,2,3,1,4,7945,66,0,0,6,1,5,1,2700116,1000000
2024MU0009393,1,1841.43,66,1,3,1,6,4282,35,5000,1,1,1,1,2,2700109,1000000
2024MU0009394,1,1841.43,23,1,8,1,14,35373,294,6000,6,1,1,5,1,2700105,1000000
2024MU0009395,1,1841.43,28,2,9,1,5,3235,26,9000,4,1,1,1,1,2700109,1000000
2024MU0009396,1,1841.43,33,2,1,1,7,8657,72,7000,1,4,1,5,1,2700113,1000000
2024MU0009397,1,1841.43,44,2,5,1,8,60936,501,7000,3,1,1,1,1,2700106,1000000
2024MU0009398,1,1841.43,20,1,1,1,14,4856,40,9800,4,1,1,5,1,2700110,1000000
2024MU0009399,1,1841.43,14,1,2,1,3,4038,33,0,0,6,1,5,1,2700110,1000000
2024MU0009400,1,1841.43,27,1,1,1,8,3497,29,6000,1,1,1,5,2,2700110,1000000
2024MU0009401,1,1841.43,1,2,3,1,6,5252,43,0,0,6,1,5,1,2700105,1000000
2024MU0009402,1,1841.43,28,1,2,1,9,43078,358,8000,4,1,1,1,1,2700107,1000000
2024MU0009403,1,1841.43,6,1,3,1,6,7153,59,0,0,6,1,5,1,2700122,1000000
2024MU0009404,1,1841.43,20,1,3,1,14,15117,125,9800,1,1,1,5,1,2700113,1000000
2024MU0009405,1,1841.43,47,2,3,1,12,118315,501,5000,1,4,1,1,1,2700117,1000000
2024MU0009406,1,1841.43,88,1,1,1,5,4288,35,0,0,6,5,1,1,2700102,1000000
2024MU0009407,1,1841.43,8,2,5,1,2,1718,14,0,0,6,1,5,2,2700108,1000000
2024MU0009408,1,1841.43,42,2,3,1,11,28891,240,3000,1,1,1,1,1,2700103,1000000
2024MU0009409,1,1841.43,87,2,2,1,12,7076,58,0,0,6,1,1,1,2700117,1000000
2024MU0009410,1,1841.43,44,1,9,1,6,17074,142,9800,6,1,1,1,1,2700113,1000000
2024MU0009411,1,1841.43,46,2,1,1,5,14337,119,8000,6,1,5,1,1,2700104,1000000
2024MU0009412,1,1841.43,0,1,2,1,8,5872,48,0,0,6,1,5,1,2700112,1000000
2024MU0009413,1,1841.43,28,1,3,1,7,2933,24,9800,6,1,1,1,1,2700108,1000000
2024MU0009414,1,1841.43,0,2,1,1,3,3966,33,0,0,6,1,5,1,2700114,1000000
2024MU0009415,1,1841.43,23,1,2,1,19,291879,501,2000,3,1,1,5,1,2700109,1000000
2024MU0009416,1,1841.43,25,2,5,1,14,43365,361,9800,1,1,1,1,1,2700117,1000000
2024MU0009417,1,1841.43,21,1,1,1,14,2890,24,4000,3,1,1,1,1,2700120,1000000
2024MU0009418,1,1841.43,36,1,2,1,18,117629,501,6000,1,2,1,1,1,2700119,1000000
2024MU0009419,1,1841.43,37,2,3,1,12,26091,217,9800,4,1,1,1,1,2700110,1000000
2024MU0009420,1,1841.43,10,1,3,1,1,4049,33,0,0,6,1,5,1,2700103,1000000
2024MU0009421,1,1841.43,41,2,3,1,11,33385,278,7000,3,1,1,1,1,2700111,1000000
2024MU0009422,1,1841.43,3,2,6,1,5,16114,134,0,0,6,1,5,1,2700103,1000000
2024MU0009423,1,1841.43,55,1,2,1,10,38561,321,8000,1,1,1,2,1,2700121,1000000
2024MU0009424,1,1841.43,72,1,3,1,12,22665,188,6000,1,1,1,1,2,2700112,1000000
2024MU0009425,1,1841.43,43,1,3,1,6,15476,128,6000,1,1,2,1,1,2700108,1000000
2024MU0009426,1,1841.43,17,2,1,1,16,39367,328,0,0,6,1,5,2,2700111,1000000
2024MU0009427,1,1841.43,29,2,9,1,10,24960,208,7000,4,2,1,1,1,2700123,1000000
2024MU0009428,1,1841.43,2,2,6,1,3,7441,62,0,0,6,1,5,1,2700106,1000000
2024MU0009429,1,1841.43,15,1,1,1,17,23408,195,0,0,6,1,5,1,2700115,1000000
2024MU0009430,1,1841.43,8,1,3,1,6,12054,100,0,0,6,1,5,1,2700107,1000000
2024MU0009431,1,1841.43,22,1,3,1,18,106374,501,5000,3,5,1,5,1,2700114,1000000
2024MU0009432,1,1841.43,38,1,2,1,16,108097,501,6000,4,5,1,1,1,2700116,1000000
2024MU0009433,1,1841.43,56,1,6,1,10,65477,501,9800,1,1,1,1,1,2700118,1000000
2024MU0009434,1,1841.43,37,2,3,1,9,61539,501,6000,4,1,2,1,1,2700108,1000000
2024MU0009435,1,1841.43,35,1,3,1,11,77764,501,9000,4,2,1,1,2,2700101,1000000
2024MU0009436,1,1841.43,27,2,1,1,9,30849,257,5000,1,1,1,1,1,2700105,1000000
2024MU0009437,1,1841.43,16,1,2,1,13,9202,76,0,0,6,1,5,1,2700107,1000000
2024MU0009438,1,1841.43,26,2,2,1,11,31937,266,6000,1,3,1,1,1,2700102,1000000
2024MU0009439,1,1841.43,37,1,3,1,12,30701,255,6000,4,1,1,1,1,2700101,1000000
2024MU0009440,1,1841.43,14,2,3,1,5,8773,73,0,0,6,1,5,1,2700117,1000000
2024MU0009441,1,1841.43,35,1,1,1,18,286024,501,6000,4,1,1,1,1,2700113,1000000
2024MU0009442,1,1841.43,52,2,1,1,7,21231,176,7000,1,1,1,1,1,2700105,1000000
2024MU0009443,1,1841.43,36,1,2,1,10,117598,501,4000,1,1,1,1,1,2700111,1000000
2024MU0009444,1,1841.43,43,1,3,1,11,95906,501,4000,1,1,1,1,1,2700107,1000000
2024MU0009445,1,1841.43,44,1,3,1,10,36117,300,8000,1,1,1,3,1,2700113,1000000
2024MU0009446,1,1841.43,6,1,2,1,1,7821,65,0,0,6,1,5,1,2700121,1000000
2024MU0009447,1,1841.43,57,2,1,1,8,4786,39,6000,1,1,1,4,1,2700108,1000000
2024MU0009448,1,1841.43,55,2,1,1,7,15504,129,9920,1,1,1,1,1,2700105,1000000
2024MU0009449,1,1841.43,41,2,1,1,13,19047,158,7000,1,3,1,1,1,2700111,1000000
2024MU0009450,1,1841.43,26,2,4,1,15,73943,501,3000,1,4,1,5,1,2700115,1000000
2024MU0009451,1,1841.43,45,1,1,1,7,5067,42,9800,4,1,1,1,1,2700105,1000000
2024MU0009452,1,1841.43,79,2,2,1,5,16031,133,0,0,6,1,1,1,2700113,1000000
2024MU0009453,1,1841.43,35,1,3,1,8,11689,97,7000,1,1,1,1,1,2700112,1000000
2024MU0009454,1,1841.43,25,2,9,1,7,22068,183,9800,3,1,1,1,1,2700107,1000000
2024MU0009455,1,1841.43,3,1,9,1,3,3772,31,0,0,6,1,5,1,2700103,1000000
2024MU0009456,1,1841.43,44,2,9,1,7,3666,30,9800,1,1,1,1,1,2700107,1000000
2024MU0009457,1,1841.43,9,1,3,1,4,2720,22,0,0,6,1,5,1,2700123,1000000
2024MU0009458,1,1841.43,48,1,3,1,8,10485,87,9800,1,4,1,1,1,2700117,1000000
2024MU0009459,1,1841.43,44,1,4,1,10,43130,359,9800,1,1,1,1,1,2700120,1000000
2024MU0009460,1,1841.43,12,1,6,1,3,13392,111,0,0,6,1,5,1,2700118,1000000
2024MU0009461,1,1841.43,1,1,9,1,7,15289,127,0,0,6,1,5,1,2700110,1000000
2024MU0009462,1,1841.43,30,1,2,1,18,103113,501,6000,1,2,1,1,1,2700118,1000000
2024MU0009463,1,1841.43,54,2,2,1,9,15030,125,8000,6,1,1,2,1,2700105,1000000
2024MU0009464,1,1841.43,9,1,2,1,1,2209,18,0,0,6,1,5,1,2700118,1000000
2024MU0009465,1,1841.43,37,2,3,1,8,23529,196,9920,1,1,1,5,1,2700107,1000000
2024MU0009466,1,1841.43,43,1,4,1,6,14701,122,5000,1,1,1,1,1,2700120,1000000
2024MU0009467,1,1841.43,10,1,7,1,3,1136,9,0,0,6,1,5,1,2700117,1000000
2024MU0009468,1,1841.43,3,2,2,1,5,2678,22,0,0,6,1,5,1,2700104,1000000
2024MU0009469,1,1841.43,61,1,2,1,8,38149,317,9920,1,1,1,1,1,2700122,1000000
2024MU0009470,1,1841.43,78,1,9,1,6,8439,70,0,0,6,1,1,1,2700114,1000000
2024MU0009471,1,1841.43,26,2,1,1,14,30030,250,5000,1,1,1,1,1,2700116,1000000
2024MU0009472,1,1841.43,44,1,1,1,6,11746,97,6000,3,1,1,1,1,2700110,1000000
2024MU0009473,1,1841.43,43,2,3,1,7,11096,92,9800,1,4,1,2,1,2700105,1000000
2024MU0009474,1,1841.43,6,1,1,1,6,6193,51,0,0,6,1,5,1,2700102,1000000
2024MU0009475,1,1841.43,13,1,2,1,2,4490,37,0,0,6,1,5,1,2700102,1000000
2024MU0009476,1,1841.43,39,2,1,1,13,74759,501,6000,1,3,1,1,1,2700108,1000000
2024MU0009477,1,1841.43,44,2,1,1,18,164441,501,4000,1,1,1,1,1,2700114,1000000
2024MU0009478,1,1841.43,35,1,3,1,15,119868,501,3000,1,1,1,3,1,2700111,1000000
2024MU0009479,1,1841.43,15,2,2,1,12,14256,118,0,0,6,1,5,1,2700108,1000000
2024MU0009480,1,1841.43,28,2,2,1,11,19188,159,5000,4,1,1,1,1,2700114,1000000
2024MU0009481,1,1841.43,25,1,1,1,10,28089,234,5000,1,2,1,1,1,2700120,1000000
2024MU0009482,1,1841.43,17,1,4,1,20,116599,501,0,0,6,1,5,1,2700107,1000000
2024MU0009483,1,1841.43,70,2,1,1,12,18294,152,5000,3,4,1,2,1,2700106,1000000
2024MU0009484,1,1841.43,39,1,1,1,7,13474,112,8000,1,2,1,1,1,2700116,1000000
2024MU0009485,1,1841.43,43,1,1,1,14,50496,420,9000,1,1,1,1,1,2700103,1000000
2024MU0009486,1,1841.43,15,1,2,1,12,4818,40,0,0,6,5,5,1,2700119,1000000
2024MU0009487,1,1841.43,46,2,2,1,8,19129,159,9800,6,2,1,1,1,2700120,1000000
2024MU0009488,1,1841.43,49,2,2,1,8,62265,501,7000,1,1,1,5,1,2700109,1000000
2024MU0009489,1,1841.43,39,2,9,1,9,24742,206,9800,3,1,1,1,1,2700102,1000000
2024MU0009490,1,1841.43,23,2,8,1,18,92696,501,3000,1,5,1,1,1,2700121,1000000
2024MU0009491,1,1841.43,57,1,3,1,8,13110,109,5000,1,1,1,2,1,2700105,1000000
2024MU0009492,1,1841.43,38,1,1,1,14,42106,350,9800,3,1,1,1,1,2700114,1000000
2024MU0009493,1,1841.43,16,2,3,1,20,57668,480,0,0,6,1,5,1,2700117,1000000
2024MU0009494,1,1841.43,31,2,1,1,15,181844,501,4000,2,1,1,1,1,2700110,1000000
2024MU0009495,1,1841.43,91,1,3,1,6,2774,23,0,0,6,1,5,1,2700109,1000000
2024MU0009496,1,1841.43,68,1,2,1,9,29405,245,9800,4,1,1,1,1,2700106,1000000
2024MU0009497,1,1841.43,36,1,5,1,11,45739,381,6000,3,1,1,1,1,2700119,1000000
2024MU0009498,1,1841.43,19,1,9,1,17,10284,85,5000,3,1,1,5,1,2700103,1000000
2024MU0009499,1,1841.43,6,1,2,1,2,5431,45,0,0,6,2,5,1,2700113,1000000
2024MU0009500,1,1841.43,5,1,2,1,5,4390,36,0,0,6,1,5,1,2700111,1000000
2024MU0009501,1,1841.43,15,2,3,1,17,17552,146,0,0,6,1,5,1,2700116,1000000
2024MU0009502,1,1841.43,19,1,1,1,17,32609,271,2000,2,4,1,5,1,2700105,1000000
2024MU0009503,1,1841.43,48,2,8,1,17,53774,448,6000,3,2,1,5,1,2700120,1000000
2024MU0009504,1,1841.43,7,1,2,1,1,2317,19,0,0,6,1,5,1,2700115,1000000
2024MU0009505,1,1841.43,58,1,1,1,8,13760,114,5000,6,1,1,1,1,2700118,1000000
2024MU0009506,1,1841.43,44,2,4,1,9,13391,111,4000,1,1,1,5,1,2700103,1000000
2024MU0009507,1,1841.43,52,2,1,1,8,5318,44,5000,1,2,1,1,1,2700104,1000000
2024MU0009508,1,1841.43,13,1,1,1,3,1798,14,0,0,6,1,5,1,2700122,1000000
2024MU0009509,1,1841.43,22,2,3,1,12,30707,255,7000,1,1,1,5,1,2700121,1000000
2024MU0009510,1,1841.43,44,2,3,1,12,59353,494,6000,1,4,1,3,1,2700122,1000000
2024MU0009511,1,1841.43,13,1,3,1,8,1962,16,0,0,6,1,5,1,2700121,1000000
2024MU0009512,1,1841.43,54,1,3,1,5,6253,52,9920,1,4,1,1,1,2700119,1000000
2024MU0009513,1,1841.43,36,2,1,1,7,17904,149,9920,1,1,2,1,1,2700112,1000000
2024MU0009514,1,1841.43,15,1,2,1,13,11776,98,0,0,6,1,5,1,2700119,1000000
2024MU0009515,1,1841.43,50,1,2,1,9,22244,185,9800,1,3,1,1,1,2700112,1000000
2024MU0009516,1,1841.43,35,1,9,1,14,156752,501,9800,4,1,1,5,1,2700120,1000000
2024MU0009517,1,1841.43,51,1,1,1,5,15483,129,9920,1,1,1,1,1,2700113,1000000
2024MU0009518,1,1841.43,28,2,1,1,12,25789,214,9800,1,2,1,5,1,2700100,1000000
2024MU0009519,1,1841.43,61,1,9,1,5,9809,81,9920,4,2,1,5,1,2700113,1000000
2024MU0009520,1,1841.43,6,1,9,1,9,22075,183,0,0,6,1,5,1,2700122,1000000
2024MU0009521,1,1841.43,38,1,5,1,16,164283,501,6000,1,1,1,1,1,2700103,1000000
2024MU0009522,1,1841.43,21,2,1,1,20,25014,208,2000,3,2,1,5,1,2700100,1000000
2024MU0009523,1,1841.43,38,2,3,1,7,9188,76,6000,4,5,1,1,1,2700107,1000000
2024MU0009524,1,1841.43,41,2,2,1,9,31874,265,8000,3,3,1,1,1,2700112,1000000
2024MU0009525,1,1841.43,30,2,5,1,7,15879,132,5000,1,1,1,1,1,2700108,1000000
2024MU0009526,1,1841.43,18,2,1,1,16,43144,359,3000,1,3,1,1,1,2700123,1000000
2024MU0009527,1,1841.43,62,1,1,1,6,5675,47,9800,1,2,1,5,1,2700103,1000000
2024MU0009528,1,1841.43,92,1,2,1,10,17175,143,0,0,6,1,2,1,2700122,1000000
2024MU0009529,1,1841.43,22,2,1,1,16,218910,501,4000,2,4,2,1,1,2700113,1000000
2024MU0009530,1,1841.43,15,2,3,1,15,30135,251,0,0,6,1,5,1,2700100,1000000
2024MU0009531,1,1841.43,72,2,5,1,10,11168,93,8000,6,1,1,1,1,2700104,1000000
2024MU0009532,1,1841.43,43,2,3,1,9,17126,142,9800,4,3,1,1,1,2700109,1000000
2024MU0009533,1,1841.43,38,1,2,1,9,30992,258,8000,3,1,1,1,1,2700108,1000000
2024MU0009534,1,1841.43,27,1,7,1,12,13653,113,6000,6,5,1,1,1,2700107,1000000
2024MU0009535,1,1841.43,33,1,1,1,18,93485,501,3000,3,1,1,1,1,2700112,1000000
2024MU0009536,1,1841.43,40,1,1,1,10,63694,501,6000,3,3,1,1,1,2700112,1000000
2024MU0009537,1,1841.43,34,1,2,1,12,44720,372,6000,1,4,2,5,1,2700115,1000000
2024MU0009538,1,1841.43,21,1,1,1,19,46911,390,1000,1,1,1,5,1,2700101,1000000
2024MU0009539,1,1841.43,24,1,1,1,15,26969,224,3000,1,4,1,5,1,2700121,1000000
2024MU0009540,1,1841.43,38,2,2,1,20,361609,501,4000,1,2,1,1,1,2700101,1000000
2024MU0009541,1,1841.43,2,1,9,1,2,3023,25,0,0,6,1,5,2,2700121,1000000
2024MU0009542,1,1841.43,87,2,8,1,8,7282,60,0,0,6,1,1,1,2700119,1000000
2024MU0009543,1,1841.43,12,1,2,1,3,1932,16,0,0,6,1,5,1,2700104,1000000
2024MU0009544,1,1841.43,6,1,1,1,4,2889,24,0,0,6,1,5,2,2700104,1000000
2024MU0009545,1,1841.43,57,2,1,1,6,8400,70,9800,1,4,1,1,2,2700111,1000000
2024MU0009546,1,1841.43,22,1,2,1,13,11419,95,8000,6,1,1,5,1,2700122,1000000
2024MU0009547,1,1841.43,28,2,1,1,8,5169,43,9920,4,2,1,1,1,2700104,1000000
2024MU0009548,1,1841.43,6,1,1,1,3,3961,33,0,0,6,1,5,1,2700109,1000000
2024MU0009549,1,1841.43,7,1,3,1,2,5089,42,0,0,6,1,5,1,2700113,1000000
2024MU0009550,1,1841.43,26,1,3,1,14,17999,149,6000,3,1,1,1,1,2700100,1000000
2024MU0009551,1,1841.43,16,1,1,1,13,4694,39,0,0,6,1,5,1,2700121,1000000
2024MU0009552,1,1841.43,11,1,4,1,4,3013,25,0,0,6,1,5,1,2700110,1000000
2024MU0009553,1,1841.43,23,2,4,1,10,50141,417,7000,1,1,1,1,1,2700122,1000000
2024MU0009554,1,1841.43,4,1,2,1,2,1890,15,0,0,6,1,5,1,2700104,1000000
2024MU0009555,1,1841.43,18,2,1,1,19,60022,500,1000,1,2,1,5,1,2700122,1000000
2024MU0009556,1,1841.43,9,1,8,1,7,2362,19,0,0,6,1,5,1,2700103,1000000
2024MU0009557,1,1841.43,24,1,3,1,18,155431,501,6000,1,1,1,5,1,2700110,1000000
2024MU0009558,1,1841.43,53,2,1,1,9,25473,212,6000,1,3,1,1,1,2700106,1000000
2024MU0009559,1,1841.43,45,2,3,1,6,27225,226,5000,1,1,1,1,1,2700122,1000000
2024MU0009560,1,1841.43,19,1,2,1,12,22171,184,5000,1,1,1,5,1,2700112,1000000
2024MU0009561,1,1841.43,59,1,3,1,10,106834,501,9800,1,1,1,1,1,2700122,1000000
2024MU0009562,1,1841.43,18,1,2,1,18,13148,109,2000,1,1,1,1,1,2700113,1000000
2024MU0009563,1,1841.43,25,2,2,1,16,34131,284,6000,1,1,1,5,1,2700100,1000000
2024MU0009564,1,1841.43,62,1,3,1,6,33934,282,7000,1,1,1,3,1,2700119,1000000
2024MU0009565,1,1841.43,2,2,3,1,3,8930,74,0,0,6,1,5,1,2700116,1000000
2024MU0009566,1,1841.43,0,1,1,1,2,2446,20,0,0,6,1,5,1,2700114,1000000
2024MU0009567,1,1841.43,36,2,1,1,14,4520,37,6000,4,3,5,1,1,2700106,1000000
2024MU0009568,1,1841.43,31,1,1,1,9,46117,384,6000,3,1,1,1,2,2700105,1000000
2024MU0009569,1,1841.43,42,1,2,1,9,15064,125,6000,3,2,2,2,1,2700116,1000000
2024MU0009570,1,1841.43,19,2,1,1,19,39425,328,3000,1,1,1,5,1,2700116,1000000
2024MU0009571,1,1841.43,10,2,3,1,6,4633,38,0,0,6,1,5,1,2700121,1000000
2024MU0009572,1,1841.43,25,2,1,1,6,13757,114,8000,4,1,1,5,1,2700102,1000000
2024MU0009573,1,1841.43,31,2,3,1,5,56804,473,7000,4,1,1,1,1,2700100,1000000
2024MU0009574,1,1841.43,22,2,4,1,17,63146,501,4000,3,1,1,1,1,2700102,1000000
2024MU0009575,1,1841.43,20,2,1,1,15,16485,137,3000,1,1,1,5,1,2700103,1000000
2024MU0009576,1,1841.43,34,2,3,1,13,82820,501,6000,4,1,1,1,1,2700113,1000000
2024MU0009577,1,1841.43,38,2,9,1,7,21676,180,7000,6,1,1,1,1,2700102,1000000
2024MU0009578,1,1841.43,45,1,1,1,13,33797,281,7000,1,1,1,1,1,2700121,1000000
2024MU0009579,1,1841.43,20,2,8,1,17,30184,251,2000,1,5,1,5,1,2700121,1000000
2024MU0009580,1,1841.43,19,1,3,1,18,23604,196,5000,1,1,1,5,1,2700104,1000000
2024MU0009581,1,1841.43,31,2,3,1,9,70738,501,8000,4,2,1,1,1,2700120,1000000
2024MU0009582,1,1841.43,1,2,1,1,3,15465,128,0,0,6,1,5,1,2700104,1000000
2024MU0009583,1,1841.43,43,1,3,1,6,8972,74,6000,1,1,1,1,2,2700116,1000000
2024MU0009584,1,1841.43,11,1,2,1,8,5612,46,0,0,6,1,5,1,2700104,1000000
2024MU0009585,1,1841.43,0,1,3,1,2,1178,9,0,0,6,1,5,1,2700122,1000000
2024MU0009586,1,1841.43,23,1,5,1,12,13712,114,7000,3,1,1,5,1,2700102,1000000
2024MU0009587,1,1841.43,6,1,2,1,2,6285,52,0,0,6,1,5,2,2700102,1000000
2024MU0009588,1,1841.43,32,2,1,1,14,41483,345,9800,4,1,1,5,1,2700108,1000000
2024MU0009589,1,1841.43,48,2,1,1,14,20048,167,3000,1,1,2,1,1,2700108,1000000
2024MU0009590,1,1841.43,71,2,1,1,10,18269,152,9800,1,3,1,1,1,2700110,1000000
2024MU0009591,1,1841.43,7,1,6,1,5,8096,67,0,0,6,1,5,1,2700108,1000000
2024MU0009592,1,1841.43,19,2,1,1,20,28927,241,3000,3,3,1,1,2,2700122,1000000
2024MU0009593,1,1841.43,38,2,2,1,6,64831,501,9000,4,2,1,2,1,2700118,1000000
2024MU0009594,1,1841.43,85,1,1,1,11,27118,225,0,0,6,1,1,1,2700121,1000000
2024MU0009595,1,1841.43,56,2,6,1,9,54999,458,8000,3,2,1,1,1,2700122,1000000
2024MU0009596,1,1841.43,56,2,2,1,9,36281,302,7000,1,3,1,1,1,2700106,1000000
2024MU0009597,1,1841.43,91,1,9,1,5,27026,225,0,0,6,2,2,1,2700113,1000000
2024MU0009598,1,1841.43,42,2,3,1,5,34619,288,5000,4,2,1,1,1,2700116,1000000
2024MU0009599,1,1841.43,11,2,6,1,3,2986,24,0,0,6,1,5,1,2700106,1000000
2024MU0009600,1,1841.43,47,1,1,1,6,29384,244,9920,6,1,1,1,1,2700111,1000000
2024MU0009601,1,1841.43,11,2,1,1,4,2229,18,0,0,6,1,5,1,2700108,1000000
2024MU0009602,1,1841.43,31,1,1,1,7,12811,106,9800,4,1,1,1,2,2700116,1000000
2024MU0009603,1,1841.43,37,1,2,1,7,51825,431,8000,1,2,1,2,1,2700112,1000000
2024MU0009604,1,1841.43,26,2,3,1,16,99648,501,4000,1,1,1,5,1,2700102,1000000
2024MU0009605,1,1841.43,5,1,1,1,8,6803,56,0,0,6,1,5,1,2700115,1000000
2024MU0009606,1,1841.43,10,2,1,1,9,24705,205,0,0,6,1,5,1,2700121,1000000
2024MU0009607,1,1841.43,31,1,3,1,13,63964,501,7000,1,1,1,1,1,2700100,1000000
2024MU0009608,1,1841.43,15,1,1,1,17,18202,151,0,0,6,1,5,1,2700104,1000000
2024MU0009609,1,1841.43,28,1,2,1,15,213977,501,6000,1,1,1,1,1,2700122,1000000
2024MU0009610,1,1841.43,43,1,1,1,11,62543,501,3000,2,1,1,5,1,2700106,1000000
2024MU0009611,1,1841.43,29,1,3,1,9,43809,365,9800,1,1,1,1,1,2700102,1000000
2024MU0009612,1,1841.43,16,2,2,1,12,11329,94,0,0,6,1,5,1,2700114,1000000
2024MU0009613,1,1841.43,31,2,3,1,8,38984,324,5000,1,1,1,1,1,2700104,1000000
2024MU0009614,1,1841.43,45,2,1,1,13,166506,501,8000,3,1,1,1,1,2700115,1000000
2024MU0009615,1,1841.43,48,1,1,1,11,33509,279,6000,1,2,1,1,1,2700115,1000000
2024MU0009616,1,1841.43,42,2,5,1,9,91868,501,8000,1,1,1,1,1,2700104,1000000
2024MU0009617,1,1841.43,35,2,3,1,5,16478,137,5000,1,2,1,1,1,2700107,1000000
2024MU0009618,1,1841.43,49,1,3,1,7,3241,27,8000,3,1,1,1,1,2700115,1000000
2024MU0009619,1,1841.43,6,1,3,1,6,1303,10,0,0,6,1,5,1,2700116,1000000
2024MU0009620,1,1841.43,19,1,1,1,15,38200,318,6000,1,5,1,5,1,2700103,1000000
2024MU0009621,1,1841.43,9,1,6,1,4,8993,74,0,0,6,1,5,1,2700108,1000000
2024MU0009622,1,1841.43,28,2,4,1,9,44498,370,7000,1,1,1,1,1,2700112,1000000
2024MU0009623,1,1841.43,10,2,3,1,5,7415,61,0,0,6,1,5,1,2700122,1000000
2024MU0009624,1,1841.43,8,2,8,1,9,66752,501,0,0,6,1,5,1,2700103,1000000
2024MU0009625,1,1841.43,58,1,1,1,14,52568,438,4000,1,1,1,1,1,2700118,1000000
2024MU0009626,1,1841.43,27,1,3,1,5,8646,72,5000,1,4,1,1,1,2700123,1000000
2024MU0009627,1,1841.43,31,1,9,1,11,39881,332,8000,4,1,1,1,1,2700114,1000000
2024MU0009628,1,1841.43,34,2,1,1,9,136874,501,4000,1,1,1,5,2,2700117,1000000
2024MU0009629,1,1841.43,41,1,1,1,9,17923,149,4000,2,1,5,5,1,2700110,1000000
2024MU0009630,1,1841.43,6,2,3,1,5,10790,89,0,0,6,1,5,1,2700101,1000000
2024MU0009631,1,1841.43,0,1,1,1,3,4060,33,0,0,6,1,5,1,2700119,1000000
2024MU0009632,1,1841.43,75,2,7,1,10,10145,84,6000,3,1,1,1,1,2700112,1000000
2024MU0009633,1,1841.43,0,2,1,1,4,1256,10,0,0,6,1,5,1,2700123,1000000
2024MU0009634,1,1841.43,13,2,3,1,9,30713,255,0,0,6,1,5,1,2700110,1000000
2024MU0009635,1,1841.43,36,1,2,1,5,8074,67,6000,1,2,1,1,1,2700114,1000000
2024MU0009636,1,1841.43,18,1,1,1,12,11380,94,5000,1,2,2,5,1,2700111,1000000
2024MU0009637,1,1841.43,3,1,8,1,6,1837,15,0,0,6,1,5,1,2700113,1000000
2024MU0009638,1,1841.43,59,2,3,1,11,143788,501,7000,4,1,1,1,1,2700123,1000000
2024MU0009639,1,1841.43,20,1,1,1,16,31411,261,3000,1,5,1,5,1,2700109,1000000
2024MU0009640,1,1841.43,34,1,1,1,18,52812,440,3000,1,2,1,1,1,2700102,1000000
2024MU0009641,1,1841.43,5,1,3,1,4,2844,23,0,0,6,1,5,1,2700106,1000000
2024MU0009642,1,1841.43,43,1,5,1,9,115556,501,7000,4,1,1,1,1,2700117,1000000
2024MU0009643,1,1841.43,11,2,3,1,8,1834,15,0,0,6,1,5,1,2700114,1000000
2024MU0009644,1,1841.43,44,2,3,1,9,33837,281,6000,1,1,1,1,1,2700102,1000000
2024MU0009645,1,1841.43,99,1,1,1,7,17267,143,0,0,6,1,1,1,2700118,1000000
2024MU0009646,1,1841.43,19,2,6,1,17,36366,303,1000,2,1,1,1,1,2700121,1000000
2024MU0009647,1,1841.43,17,2,3,1,16,14247,118,0,0,6,1,5,1,2700123,1000000
2024MU0009648,1,1841.43,25,1,2,1,9,33968,283,8000,1,1,1,5,1,2700105,1000000
2024MU0009649,1,1841.43,48,2,2,1,7,14187,118,8000,3,1,1,1,1,2700110,1000000
2024MU0009650,1,1841.43,76,2,3,1,7,6965,58,0,0,6,1,2,1,2700105,1000000
2024MU0009651,1,1841.43,13,1,5,1,1,8546,71,0,0,6,1,5,1,2700109,1000000
2024MU0009652,1,1841.43,1,2,3,1,8,4858,40,0,0,6,1,5,1,2700114,1000000
2024MU0009653,1,1841.43,41,1,6,1,6,14884,124,6000,4,1,1,1,1,2700103,1000000
2024MU0009654,1,1841.43,5,1,2,1,2,3577,29,0,0,6,1,5,1,2700119,1000000
2024MU0009655,1,1841.43,13,2,3,1,5,9485,79,0,0,6,1,5,1,2700103,1000000
2024MU0009656,1,1841.43,19,2,6,1,17,19222,160,4000,1,1,1,5,1,2700108,1000000
2024MU0009657,1,1841.43,43,2,1,1,11,9554,79,9800,1,1,1,1,2,2700114,1000000
2024MU0009658,1,1841.43,15,1,2,1,14,9305,77,0,0,6,1,5,1,2700104,1000000
2024MU0009659,1,1841.43,53,2,3,1,13,47324,394,9800,4,1,1,5,1,2700108,1000000
2024MU0009660,1,1841.43,49,1,8,1,9,32560,271,7000,4,1,1,1,1,2700123,1000000
2024MU0009661,1,1841.43,52,1,1,1,9,25141,209,4000,1,1,1,5,1,2700120,1000000
2024MU0009662,1,1841.43,45,1,1,1,12,33770,281,7000,1,4,1,1,1,2700121,1000000
2024MU0009663,1,1841.43,26,1,1,1,8,10479,87,5000,1,1,1,1,1,2700109,1000000
2024MU0009664,1,1841.43,13,1,1,1,7,1418,11,0,0,6,1,5,1,2700119,1000000
2024MU0009665,1,1841.43,34,2,1,1,11,69236,501,6000,3,1,1,5,1,2700101,1000000
2024MU0009666,1,1841.43,32,2,3,1,16,23978,199,6000,4,4,1,1,1,2700105,1000000
2024MU0009667,1,1841.43,9,2,8,1,3,6173,51,0,0,6,1,5,1,2700109,1000000
2024MU0009668,1,1841.43,37,2,3,1,17,142957,501,4000,2,1,1,1,1,2700114,1000000
2024MU0009669,1,1841.43,5,1,1,1,6,5964,49,0,0,6,1,5,1,2700116,1000000
2024MU0009670,1,1841.43,42,2,6,1,10,11298,94,7000,4,1,1,1,1,2700115,1000000
2024MU0009671,1,1841.43,58,2,3,1,9,44577,371,5000,4,1,1,1,1,2700116,1000000
2024MU0009672,1,1841.43,13,1,1,1,9,7452,62,0,0,6,1,5,1,2700120,1000000
2024MU0009673,1,1841.43,40,2,2,1,9,133767,501,3000,1,2,1,1,1,2700117,1000000
2024MU0009674,1,1841.43,38,1,4,1,11,56135,467,9800,1,1,1,2,1,2700101,1000000
2024MU0009675,1,1841.43,92,1,3,1,10,7967,66,0,0,6,1,1,1,2700113,1000000
2024MU0009676,1,1841.43,33,1,3,1,9,13345,111,6000,1,1,1,1,1,2700121,1000000
2024MU0009677,1,1841.43,74,2,1,1,6,4084,34,6000,3,1,1,1,1,2700103,1000000
2024MU0009678,1,1841.43,45,2,5,1,12,76911,501,7000,1,1,1,1,1,2700115,1000000
2024MU0009679,1,1841.43,30,1,1,1,7,40307,335,9800,3,1,1,1,2,2700105,1000000
2024MU0009680,1,1841.43,36,2,4,1,15,132079,501,3000,1,1,1,3,1,2700116,1000000
2024MU0009681,1,1841.43,58,2,3,1,10,38408,320,7000,4,5,1,2,1,2700105,1000000
2024MU0009682,1,1841.43,27,2,1,1,11,23027,191,6000,6,1,1,1,1,2700114,1000000
2024MU0009683,1,1841.43,1,1,1,1,3,3940,32,0,0,6,1,5,1,2700100,1000000
2024MU0009684,1,1841.43,35,1,1,1,14,102061,501,7000,1,1,1,5,1,2700101,1000000
2024MU0009685,1,1841.43,30,2,1,1,14,34189,284,5000,3,1,1,5,1,2700108,1000000
2024MU0009686,1,1841.43,28,1,1,1,11,46074,383,7000,4,2,2,5,1,2700103,1000000
2024MU0009687,1,1841.43,39,1,3,1,10,30104,250,3000,1,5,1,1,1,2700123,1000000
2024MU0009688,1,1841.43,23,1,3,1,13,59050,492,9800,1,1,1,5,1,2700114,1000000
2024MU0009689,1,1841.43,25,2,3,1,14,43562,363,8000,4,1,1,1,1,2700119,1000000
2024MU0009690,1,1841.43,3,2,3,1,5,8723,72,0,0,6,1,5,1,2700100,1000000
2024MU0009691,1,1841.43,30,1,5,1,8,72259,501,9920,3,1,1,1,1,2700119,1000000
2024MU0009692,1,1841.43,52,1,8,1,12,5958,49,7000,3,1,1,1,1,2700114,1000000
2024MU0009693,1,1841.43,6,2,1,1,7,7324,61,0,0,6,1,5,1,2700107,1000000
2024MU0009694,1,1841.43,55,1,3,1,5,19444,162,5000,6,1,1,1,2,2700119,1000000
2024MU0009695,1,1841.43,70,1,1,1,10,24837,206,7000,6,4,1,1,1,2700119,1000000
2024MU0009696,1,1841.43,39,1,1,1,15,136854,501,5000,4,1,1,1,1,2700114,1000000
2024MU0009697,1,1841.43,35,1,3,1,20,268945,501,3000,1,1,1,5,1,2700120,1000000
2024MU0009698,1,1841.43,38,1,2,1,8,20981,174,8000,1,1,1,1,1,2700119,1000000
2024MU0009699,1,1841.43,0,2,4,1,4,8273,68,0,0,6,1,5,1,2700114,1000000
2024MU0009700,1,1841.43,40,2,2,1,17,194482,501,3000,3,1,1,1,1,2700105,1000000
2024MU0009701,1,1841.43,21,1,1,1,11,10705,89,9000,3,1,1,5,1,2700115,1000000
2024MU0009702,1,1841.43,41,1,7,1,9,38218,318,9800,1,1,1,1,1,2700118,1000000
2024MU0009703,1,1841.43,13,1,1,1,5,4073,33,0,0,6,1,5,1,2700100,1000000
2024MU0009704,1,1841.43,37,2,1,1,12,32640,272,6000,1,1,1,1,1,2700115,1000000
2024MU0009705,1,1841.43,40,1,1,1,8,66603,501,9800,4,1,1,1,1,2700123,1000000
2024MU0009706,1,1841.43,21,1,9,1,19,31591,263,1000,1,1,1,5,1,2700103,1000000
2024MU0009707,1,1841.43,0,2,2,1,3,7301,60,0,0,6,1,5,1,2700108,1000000
2024MU0009708,1,1841.43,5,2,2,1,5,7267,60,0,0,6,1,5,2,2700120,1000000
2024MU0009709,1,1841.43,7,1,4,1,4,2622,21,0,0,6,1,5,1,2700116,1000000
2024MU0009710,1,1841.43,41,1,3,1,7,20315,169,6000,6,1,1,1,1,2700105,1000000
2024MU0009711,1,1841.43,9,2,6,1,2,11008,91,0,0,6,1,5,1,2700111,1000000
2024MU0009712,1,1841.43,30,2,2,1,18,97178,501,4000,2,2,1,1,1,2700123,1000000
2024MU0009713,1,1841.43,30,1,9,1,12,109171,501,6000,4,2,1,1,1,2700107,1000000
2024MU0009714,1,1841.43,21,2,4,1,16,57928,482,4000,1,1,1,5,1,2700109,1000000
2024MU0009715,1,1841.43,82,2,2,1,10,11047,92,0,0,6,1,1,1,2700108,1000000
2024MU0009716,1,1841.43,11,2,2,1,1,1651,13,0,0,6,1,5,1,2700123,1000000
2024MU0009717,1,1841.43,6,1,8,1,6,4575,38,0,0,6,2,5,1,2700107,1000000
2024MU0009718,1,1841.43,6,2,3,1,2,1485,12,0,0,6,1,5,1,2700116,1000000
2024MU0009719,1,1841.43,7,2,3,1,6,392,3,0,0,6,1,5,1,2700117,1000000
2024MU0009720,1,1841.43,53,1,4,1,6,9031,75,8000,3,1,1,5,1,2700120,1000000
2024MU0009721,1,1841.43,29,2,3,1,15,291095,501,1000,2,5,1,1,1,2700107,1000000
2024MU0009722,1,1841.43,37,1,1,1,13,31866,265,5000,1,1,1,5,1,2700116,1000000
2024MU0009723,1,1841.43,28,1,1,1,10,37892,315,4000,1,2,1,1,1,2700109,1000000
2024MU0009724,1,1841.43,1,1,3,1,4,7016,58,0,0,6,5,5,1,2700122,1000000
2024MU0009725,1,1841.43,33,2,1,1,7,15512,129,9920,3,1,1,1,1,2700115,1000000
2024MU0009726,1,1841.43,1,1,2,1,8,3069,25,0,0,6,1,5,1,2700106,1000000
2024MU0009727,1,1841.43,31,2,4,1,7,42842,357,9000,1,2,1,5,1,2700113,1000000
2024MU0009728,1,1841.43,2,2,1,1,4,4137,34,0,0,6,1,5,1,2700100,1000000
2024MU0009729,1,1841.43,9,1,1,1,3,3725,31,0,0,6,1,5,1,2700106,1000000
2024MU0009730,1,1841.43,27,1,5,1,20,236949,501,4000,3,1,1,5,1,2700121,1000000
2024MU0009731,1,1841.43,10,2,3,1,5,1758,14,0,0,6,1,5,1,2700103,1000000
2024MU0009732,1,1841.43,19,2,1,1,12,4500,37,7000,4,1,1,5,1,2700119,1000000
2024MU0009733,1,1841.43,35,1,5,1,13,13973,116,5000,1,5,1,1,1,2700101,1000000
2024MU0009734,1,1841.43,21,1,3,1,20,79223,501,3000,3,4,1,5,1,2700103,1000000
2024MU0009735,1,1841.43,17,1,1,1,16,26844,223,0,0,6,1,5,1,2700103,1000000
2024MU0009736,1,1841.43,42,1,2,1,9,77712,501,7000,4,1,1,1,1,2700108,1000000
2024MU0009737,1,1841.43,12,1,1,1,3,4174,34,0,0,6,1,5,1,2700106,1000000
2024MU0009738,1,1841.43,11,2,5,1,1,1338,11,0,0,6,1,5,1,2700104,1000000
2024MU0009739,1,1841.43,15,1,2,1,13,8493,70,0,0,6,1,5,1,2700122,1000000
2024MU0009740,1,1841.43,5,1,3,1,5,8212,68,0,0,6,1,5,1,2700111,1000000
2024MU0009741,1,1841.43,0,2,8,1,6,3249,27,0,0,6,1,5,1,2700119,1000000
2024MU0009742,1,1841.43,58,2,1,1,13,83347,501,6000,1,1,1,1,1,2700121,1000000
2024MU0009743,1,1841.43,27,1,1,1,14,21149,176,6000,1,1,1,1,1,2700113,1000000
2024MU0009744,1,1841.43,57,2,1,1,6,23753,197,9000,1,1,1,1,1,2700116,1000000
2024MU0009745,1,1841.43,54,1,1,1,12,10427,86,8000,3,1,1,1,1,2700103,1000000
2024MU0009746,1,1841.43,13,2,3,1,5,3343,27,0,0,6,1,5,1,2700121,1000000
2024MU0009747,1,1841.43,9,2,3,1,4,2940,24,0,0,6,1,5,1,2700103,1000000
2024MU0009748,1,1841.43,3,2,1,1,5,1309,10,0,0,6,1,5,1,2700105,1000000
2024MU0009749,1,1841.43,28,1,1,1,5,26014,216,5000,1,5,1,5,1,2700104,1000000
2024MU0009750,1,1841.43,0,2,1,1,1,2401,20,0,0,6,1,5,1,2700119,1000000
2024MU0009751,1,1841.43,39,1,9,1,11,25900,215,9800,1,1,1,1,1,2700103,1000000
2024MU0009752,1,1841.43,21,1,3,1,12,27090,225,8000,1,5,1,5,1,2700119,1000000
2024MU0009753,1,1841.43,36,1,3,1,11,48792,406,7000,4,1,1,5,1,2700115,1000000
2024MU0009754,1,1841.43,28,2,1,1,9,50147,417,9000,3,1,1,5,1,2700108,1000000
2024MU0009755,1,1841.43,52,2,2,1,14,11027,91,5000,6,1,1,1,1,2700110,1000000
2024MU0009756,1,1841.43,21,1,1,1,20,40004,333,4000,1,1,1,1,1,2700111,1000000
2024MU0009757,1,1841.43,4,2,9,1,9,46934,391,0,0,6,2,5,1,2700109,1000000
2024MU0009758,1,1841.43,25,1,4,1,16,131832,501,3000,1,1,1,1,1,2700116,1000000
2024MU0009759,1,1841.43,25,1,3,1,19,92984,501,2000,1,1,1,1,1,2700123,1000000
2024MU0009760,1,1841.43,57,2,3,1,11,42511,354,9800,1,3,1,1,1,2700119,1000000
2024MU0009761,1,1841.43,76,1,2,1,12,9044,75,0,0,6,1,5,1,2700103,1000000
2024MU0009762,1,1841.43,55,1,1,1,10,96344,501,6000,3,2,1,3,1,2700116,1000000
2024MU0009763,1,1841.43,30,1,1,1,14,8897,74,9800,1,1,1,1,1,2700100,1000000
2024MU0009764,1,1841.43,35,2,2,1,7,19981,166,6000,1,1,1,1,1,2700108,1000000
2024MU0009765,1,1841.43,9,1,1,1,6,4935,41,0,0,6,1,5,1,2700120,1000000
2024MU0009766,1,1841.43,5,2,1,1,8,1645,13,0,0,6,1,5,1,2700116,1000000
2024MU0009767,1,1841.43,39,1,3,1,11,35994,299,7000,3,1,1,1,1,2700111,1000000
2024MU0009768,1,1841.43,85,2,8,1,5,9020,75,0,0,6,1,1,1,2700102,1000000
2024MU0009769,1,1841.43,38,1,8,1,11,12551,104,5000,1,1,1,1,1,2700118,1000000
2024MU0009770,1,1841.43,30,1,1,1,13,17794,148,9000,1,5,1,1,1,2700100,1000000
2024MU0009771,1,1841.43,21,2,1,1,17,26983,224,3000,2,1,1,1,1,2700114,1000000
2024MU0009772,1,1841.43,20,1,3,1,15,17965,149,6000,4,1,1,5,1,2700111,1000000
2024MU0009773,1,1841.43,43,1,6,1,7,11068,92,7000,1,5,1,1,1,2700111,1000000
2024MU0009774,1,1841.43,27,1,9,1,17,78027,501,4000,3,1,1,1,1,2700111,1000000
2024MU0009775,1,1841.43,27,1,6,1,14,15360,128,3000,1,1,1,5,1,2700112,1000000
2024MU0009776,1,1841.43,27,1,3,1,9,28516,237,9800,1,1,1,1,1,2700102,1000000
2024MU0009777,1,1841.43,32,2,1,1,14,53686,447,9800,1,5,1,1,1,2700114,1000000
2024MU0009778,1,1841.43,1,2,1,1,3,7473,62,0,0,6,1,5,1,2700105,1000000
2024MU0009779,1,1841.43,17,1,1,1,13,4554,37,0,0,6,1,5,1,2700102,1000000
2024MU0009780,1,1841.43,3,1,3,1,7,2424,20,0,0,6,1,5,1,2700107,1000000
2024MU0009781,1,1841.43,21,1,1,1,18,42156,351,4000,2,1,1,5,1,2700117,1000000
2024MU0009782,1,1841.43,21,1,3,1,14,3860,32,9800,1,1,1,5,1,2700108,1000000
2024MU0009783,1,1841.43,54,2,3,1,5,14544,121,9920,3,1,1,5,1,2700104,1000000
2024MU0009784,1,1841.43,19,2,1,1,12,11111,92,7000,6,1,1,5,1,2700122,1000000
2024MU0009785,1,1841.43,18,1,8,1,19,16360,136,2000,2,5,1,5,1,2700117,1000000
2024MU0009786,1,1841.43,38,1,2,1,16,88054,501,4000,3,1,1,5,1,2700117,1000000
2024MU0009787,1,1841.43,2,2,8,1,4,5222,43,0,0,6,1,5,1,2700118,1000000
2024MU0009788,1,1841.43,24,1,8,1,13,25048,208,6000,1,1,1,5,1,2700115,1000000
2024MU0009789,1,1841.43,1,1,1,1,3,2742,22,0,0,6,1,5,1,2700107,1000000
2024MU0009790,1,1841.43,14,2,2,1,7,4541,37,0,0,6,1,5,1,2700122,1000000
2024MU0009791,1,1841.43,21,2,1,1,14,21769,181,6000,1,1,1,5,1,2700106,1000000
2024MU0009792,1,1841.43,32,1,4,1,11,63489,501,9800,1,1,1,5,1,2700110,1000000
2024MU0009793,1,1841.43,89,2,2,1,9,10697,89,0,0,6,1,2,1,2700107,1000000
2024MU0009794,1,1841.43,29,1,8,1,8,3326,27,6000,1,1,1,1,1,2700104,1000000
2024MU0009795,1,1841.43,8,2,1,1,3,6072,50,0,0,6,1,5,1,2700114,1000000
2024MU0009796,1,1841.43,52,1,3,1,8,5207,43,9800,3,1,1,5,1,2700112,1000000
2024MU0009797,1,1841.43,48,2,9,1,11,30112,250,9800,3,2,1,1,1,2700109,1000000
2024MU0009798,1,1841.43,37,2,3,1,14,50160,418,9800,1,1,1,1,2,2700118,1000000
2024MU0009799,1,1841.43,33,1,1,1,11,97235,501,7000,3,1,5,5,1,2700100,1000000
2024MU0009800,1,1841.43,10,2,3,1,2,11211,93,0,0,6,1,5,1,2700107,1000000
2024MU0009801,1,1841.43,10,2,1,1,4,4207,35,0,0,6,1,5,1,2700116,1000000
2024MU0009802,1,1841.43,8,1,1,1,2,2666,22,0,0,6,1,5,1,2700104,1000000
2024MU0009803,1,1841.43,49,2,1,1,5,6135,51,8000,1,1,1,1,1,2700111,1000000
2024MU0009804,1,1841.43,8,2,1,1,5,19205,160,0,0,6,1,5,1,2700108,1000000
2024MU0009805,1,1841.43,12,2,4,1,9,8893,74,0,0,6,1,5,1,2700107,1000000
2024MU0009806,1,1841.43,70,1,2,1,10,29182,243,9800,1,1,1,4,1,2700104,1000000
2024MU0009807,1,1841.43,54,1,3,1,12,41678,347,3000,1,1,1,1,1,2700117,1000000
2024MU0009808,1,1841.43,22,1,1,1,17,58658,488,5000,3,1,1,5,1,2700118,1000000
2024MU0009809,1,1841.43,29,1,1,1,16,57187,476,4000,3,1,1,1,1,2700113,1000000
2024MU0009810,1,1841.43,9,1,1,1,6,1325,11,0,0,6,1,5,1,2700105,1000000
2024MU0009811,1,1841.43,56,1,1,1,10,79673,501,6000,1,1,1,5,1,2700108,1000000
2024MU0009812,1,1841.43,74,1,2,1,7,6065,50,9800,3,1,1,5,1,2700106,1000000
2024MU0009813,1,1841.43,85,1,3,1,5,20962,174,0,0,6,1,1,1,2700106,1000000
2024MU0009814,1,1841.43,11,1,9,1,4,2798,23,0,0,6,1,5,1,2700113,1000000
2024MU0009815,1,1841.43,13,2,2,1,8,3157,26,0,0,6,1,5,2,2700117,1000000
2024MU0009816,1,1841.43,27,2,1,1,12,13142,109,6000,4,1,1,5,1,2700101,1000000
2024MU0009817,1,1841.43,36,1,1,1,8,12496,104,9920,1,2,1,1,1,2700122,1000000
2024MU0009818,1,1841.43,6,1,8,1,5,1486,12,0,0,6,1,5,1,2700102,1000000
2024MU0009819,1,1841.43,47,1,3,1,9,57767,481,8000,6,1,1,1,1,2700108,1000000
2024MU0009820,1,1841.43,67,1,4,1,12,19581,163,8000,1,1,1,1,1,2700118,1000000
2024MU0009821,1,1841.43,24,1,1,1,12,81574,501,7000,6,2,1,5,1,2700103,1000000
2024MU0009822,1,1841.43,65,2,1,1,9,6544,54,5000,1,1,1,1,1,2700101,1000000
2024MU0009823,1,1841.43,19,1,1,1,16,61428,501,4000,2,1,1,5,1,2700111,1000000
2024MU0009824,1,1841.43,47,2,6,1,19,146253,501,4000,2,1,1,1,1,2700101,1000000
2024MU0009825,1,1841.43,40,1,1,1,10,55452,462,3000,1,1,1,1,1,2700107,1000000
2024MU0009826,1,1841.43,59,1,3,1,13,16288,135,6000,1,1,1,1,1,2700114,1000000
2024MU0009827,1,1841.43,14,2,2,1,1,4713,39,0,0,6,1,5,1,2700100,1000000
2024MU0009828,1,1841.43,8,2,2,1,2,537,4,0,0,6,1,5,1,2700103,1000000
2024MU0009829,1,1841.43,15,2,1,1,14,6813,56,0,0,6,1,5,1,2700115,1000000
2024MU0009830,1,1841.43,18,2,3,1,16,31561,263,6000,1,1,1,5,1,2700122,1000000
2024MU0009831,1,1841.43,5,1,1,1,4,16323,136,0,0,6,1,5,1,2700105,1000000
2024MU0009832,1,1841.43,42,2,9,1,7,2921,24,9000,1,4,1,1,1,2700111,1000000
2024MU0009833,1,1841.43,34,1,1,1,12,43509,362,8000,3,1,1,1,1,2700108,1000000
2024MU0009834,1,1841.43,93,2,1,1,8,4411,36,0,0,6,1,2,1,2700114,1000000
2024MU0009835,1,1841.43,55,1,1,1,9,9497,79,5000,4,1,1,3,1,2700123,1000000
2024MU0009836,1,1841.43,85,1,5,1,5,2716,22,0,0,6,1,1,1,2700101,1000000
2024MU0009837,1,1841.43,44,2,1,1,15,89290,501,4000,1,1,1,1,1,2700109,1000000
2024MU0009838,1,1841.43,18,1,2,1,16,39193,326,5000,1,3,1,5,1,2700109,1000000
2024MU0009839,1,1841.43,39,1,1,1,9,46344,386,6000,1,1,1,1,1,2700121,1000000
2024MU0009840,1,1841.43,84,1,1,1,9,7245,60,0,0,6,1,1,1,2700116,1000000
2024MU0009841,1,1841.43,28,2,3,1,9,8046,67,5000,1,1,1,1,1,2700113,1000000
2024MU0009842,1,1841.43,10,2,1,1,5,5597,46,0,0,6,1,5,1,2700118,1000000
2024MU0009843,1,1841.43,2,2,3,1,3,3428,28,0,0,6,1,5,1,2700114,1000000
2024MU0009844,1,1841.43,18,2,4,1,18,77876,501,1000,3,1,1,5,1,2700114,1000000
2024MU0009845,1,1841.43,44,2,6,1,20,199994,501,3000,1,1,1,1,1,2700114,1000000
2024MU0009846,1,1841.43,46,1,1,1,6,40010,333,9000,1,1,1,1,1,2700107,1000000
2024MU0009847,1,1841.43,20,1,2,1,10,15942,132,5000,1,1,1,5,1,2700113,1000000
2024MU0009848,1,1841.43,31,2,9,1,8,30933,257,7000,1,2,1,5,1,2700100,1000000
2024MU0009849,1,1841.43,36,1,4,1,12,58983,491,7000,1,3,1,1,1,2700100,1000000
2024MU0009850,1,1841.43,4,1,1,1,2,5764,48,0,0,6,1,5,1,2700116,1000000
2024MU0009851,1,1841.43,90,1,2,1,10,3650,30,0,0,6,1,1,1,2700104,1000000
2024MU0009852,1,1841.43,25,2,8,1,10,24612,205,5000,1,1,1,1,1,2700112,1000000
2024MU0009853,1,1841.43,24,1,2,1,16,53033,441,3000,1,1,2,1,1,2700122,1000000
2024MU0009854,1,1841.43,13,2,5,1,4,11076,92,0,0,6,1,5,1,2700113,1000000
2024MU0009855,1,1841.43,43,2,2,1,14,21615,180,8000,4,1,1,3,1,2700119,1000000
2024MU0009856,1,1841.43,23,2,1,1,10,23876,198,9000,1,1,1,5,1,2700115,1000000
2024MU0009857,1,1841.43,60,2,1,1,9,63615,501,8000,3,1,1,2,2,2700114,1000000
2024MU0009858,1,1841.43,35,1,1,1,12,53798,448,9000,1,1,1,1,1,2700108,1000000
2024MU0009859,1,1841.43,32,2,1,1,12,48993,408,7000,1,1,1,1,1,2700121,1000000
2024MU0009860,1,1841.43,59,2,8,1,9,78939,501,9800,1,1,1,1,1,2700120,1000000
2024MU0009861,1,1841.43,57,2,3,1,5,16449,137,9800,1,1,1,2,2,2700120,1000000
2024MU0009862,1,1841.43,4,2,3,1,6,2591,21,0,0,6,1,5,1,2700105,1000000
2024MU0009863,1,1841.43,44,1,3,1,12,17587,146,9000,1,1,1,1,1,2700117,1000000
2024MU0009864,1,1841.43,48,2,2,1,5,23663,197,8000,4,1,1,1,1,2700102,1000000
2024MU0009865,1,1841.43,0,1,1,1,4,2164,18,0,0,6,1,5,1,2700118,1000000
2024MU0009866,1,1841.43,48,2,8,1,6,13219,110,9920,1,1,1,1,2,2700113,1000000
2024MU0009867,1,1841.43,12,2,2,1,5,9496,79,0,0,6,1,5,1,2700119,1000000
2024MU0009868,1,1841.43,24,2,2,1,17,69154,501,1000,1,1,1,5,1,2700113,1000000
2024MU0009869,1,1841.43,46,2,9,1,11,31931,266,5000,3,1,1,1,1,2700114,1000000
2024MU0009870,1,1841.43,15,1,2,1,14,8957,74,0,0,6,1,5,1,2700121,1000000
2024MU0009871,1,1841.43,44,1,6,1,6,13098,109,9800,3,1,1,1,1,2700112,1000000
2024MU0009872,1,1841.43,39,2,6,1,14,21774,181,9800,3,1,1,1,1,2700100,1000000
2024MU0009873,1,1841.43,0,1,1,1,3,15335,127,0,0,6,1,5,1,2700122,1000000
2024MU0009874,1,1841.43,38,1,1,1,5,10330,86,9800,1,1,1,2,1,2700105,1000000
2024MU0009875,1,1841.43,7,2,9,1,5,7506,62,0,0,6,1,5,1,2700122,1000000
2024MU0009876,1,1841.43,26,1,2,1,8,4731,39,9920,3,5,1,5,1,2700118,1000000
2024MU0009877,1,1841.43,48,2,1,1,13,64022,501,6000,4,5,1,1,1,2700116,1000000
2024MU0009878,1,1841.43,18,1,2,1,12,12265,102,9800,1,1,1,5,1,2700120,1000000
2024MU0009879,1,1841.43,46,2,3,1,9,44348,369,5000,6,1,1,1,1,2700121,1000000
2024MU0009880,1,1841.43,87,2,4,1,6,7683,64,0,0,6,1,1,1,2700103,1000000
2024MU0009881,1,1841.43,38,1,9,1,13,58307,485,9800,3,1,1,1,1,2700107,1000000
2024MU0009882,1,1841.43,16,1,8,1,15,25845,215,0,0,6,1,5,1,2700110,1000000
2024MU0009883,1,1841.43,16,1,9,1,18,26630,221,0,0,6,1,5,1,2700118,1000000
2024MU0009884,1,1841.43,34,2,1,1,10,65285,501,7000,3,3,1,1,1,2700107,1000000
2024MU0009885,1,1841.43,38,1,3,1,5,6430,53,5000,1,1,1,1,1,2700114,1000000
2024MU0009886,1,1841.43,16,1,1,1,13,4396,36,0,0,6,1,5,1,2700120,1000000
2024MU0009887,1,1841.43,47,2,1,1,20,260874,501,4000,3,1,1,1,1,2700108,1000000
2024MU0009888,1,1841.43,7,1,5,1,4,802,6,0,0,6,1,5,1,2700104,1000000
2024MU0009889,1,1841.43,26,2,2,1,12,8945,74,6000,1,1,1,1,1,2700110,1000000
2024MU0009890,1,1841.43,24,2,8,1,19,392181,501,2000,3,2,2,5,1,2700103,1000000
2024MU0009891,1,1841.43,21,1,1,1,10,32228,268,5000,1,3,1,5,1,2700112,1000000
2024MU0009892,1,1841.43,9,2,5,1,6,2538,21,0,0,6,1,5,1,2700119,1000000
2024MU0009893,1,1841.43,37,1,1,1,9,87706,501,3000,3,1,1,1,1,2700116,1000000
2024MU0009894,1,1841.43,6,2,1,1,3,9164,76,0,0,6,1,5,1,2700122,1000000
2024MU0009895,1,1841.43,32,2,2,1,8,23369,194,9800,3,1,1,1,1,2700103,1000000
2024MU0009896,1,1841.43,44,1,2,1,12,41236,343,7000,4,1,1,1,1,2700121,1000000
2024MU0009897,1,1841.43,5,1,2,1,4,6615,55,0,0,6,1,5,1,2700106,1000000
2024MU0009898,1,1841.43,39,2,9,1,6,30354,252,9920,1,1,1,1,1,2700121,1000000
2024MU0009899,1,1841.43,58,1,3,1,5,22330,186,7000,1,1,1,1,1,2700110,1000000
2024MU0009900,1,1841.43,30,2,1,1,7,4641,38,9800,4,1,1,1,1,2700101,1000000
2024MU0009901,1,1841.43,6,1,1,1,7,20383,169,0,0,6,1,5,1,2700115,1000000
2024MU0009902,1,1841.43,28,1,2,1,10,156245,501,9800,1,5,1,1,1,2700104,1000000
2024MU0009903,1,1841.43,36,2,2,1,16,37676,313,1000,2,2,1,1,2,2700111,1000000
2024MU0009904,1,1841.43,8,1,3,1,7,6031,50,0,0,6,5,5,1,2700112,1000000
2024MU0009905,1,1841.43,30,2,1,1,15,404236,501,2000,3,1,1,1,1,2700101,1000000
2024MU0009906,1,1841.43,58,1,4,1,7,29786,248,6000,1,5,1,5,1,2700100,1000000
2024MU0009907,1,1841.43,29,1,1,1,9,59036,491,9800,1,1,1,1,1,2700110,1000000
2024MU0009908,1,1841.43,28,2,3,1,12,10613,88,9800,1,1,1,1,1,2700119,1000000
2024MU0009909,1,1841.43,52,2,3,1,9,63181,501,6000,1,1,1,1,1,2700103,1000000
2024MU0009910,1,1841.43,1,2,1,1,5,4853,40,0,0,6,1,5,1,2700117,1000000
2024MU0009911,1,1841.43,58,2,5,1,5,24931,207,5000,3,2,1,1,1,2700116,1000000
2024MU0009912,1,1841.43,29,2,3,1,18,42427,353,6000,1,1,1,1,1,2700107,1000000
2024MU0009913,1,1841.43,30,2,3,1,6,6803,56,8000,1,1,1,5,1,2700110,1000000
2024MU0009914,1,1841.43,49,1,2,1,6,14303,119,5000,6,4,1,1,1,2700119,1000000
2024MU0009915,1,1841.43,48,2,8,1,11,33419,278,9800,1,1,1,5,1,2700101,1000000
2024MU0009916,1,1841.43,8,1,3,1,2,3533,29,0,0,6,1,5,1,2700123,1000000
2024MU0009917,1,1841.43,38,1,2,1,7,10923,91,9920,4,1,1,1,2,2700112,1000000
2024MU0009918,1,1841.43,38,1,1,1,7,13650,113,5000,1,1,1,5,1,2700112,1000000
2024MU0009919,1,1841.43,86,1,1,1,5,3920,32,0,0,6,1,1,1,2700115,1000000
2024MU0009920,1,1841.43,35,2,1,1,8,15424,128,6000,1,2,1,1,1,2700123,1000000
2024MU0009921,1,1841.43,19,1,9,1,13,4021,33,9800,1,1,1,5,2,2700100,1000000
2024MU0009922,1,1841.43,30,1,2,1,11,62454,501,7000,1,1,1,1,1,2700119,1000000
2024MU0009923,1,1841.43,49,1,8,1,9,52297,435,9800,3,1,1,1,1,2700109,1000000
2024MU0009924,1,1841.43,1,1,1,1,4,1460,12,0,0,6,1,5,1,2700112,1000000
2024MU0009925,1,1841.43,57,2,2,1,10,91899,501,9800,3,4,1,5,1,2700120,1000000
2024MU0009926,1,1841.43,9,1,9,1,3,2068,17,0,0,6,1,5,1,2700100,1000000
2024MU0009927,1,1841.43,57,1,1,1,6,34584,288,5000,3,1,2,5,1,2700114,1000000
2024MU0009928,1,1841.43,25,1,3,1,16,96231,501,5000,1,2,1,5,1,2700121,1000000
2024MU0009929,1,1841.43,30,1,8,1,12,87791,501,8000,3,1,1,5,1,2700116,1000000
2024MU0009930,1,1841.43,28,2,9,1,6,12305,102,5000,1,2,1,1,1,2700117,1000000
2024MU0009931,1,1841.43,6,1,6,1,9,16200,135,0,0,6,1,5,1,2700107,1000000
2024MU0009932,1,1841.43,9,1,6,1,6,8845,73,0,0,6,1,5,1,2700110,1000000
2024MU0009933,1,1841.43,39,1,3,1,7,73723,501,5000,3,1,1,1,1,2700119,1000000
2024MU0009934,1,1841.43,5,1,1,1,9,23115,192,0,0,6,1,5,1,2700115,1000000
2024MU0009935,1,1841.43,21,2,3,1,14,14909,124,7000,1,1,1,5,1,2700110,1000000
2024MU0009936,1,1841.43,9,1,9,1,9,4238,35,0,0,6,5,5,1,2700115,1000000
2024MU0009937,1,1841.43,58,2,2,1,6,1933,16,7000,1,1,1,5,1,2700118,1000000
2024MU0009938,1,1841.43,7,2,1,1,2,3610,30,0,0,6,1,5,1,2700100,1000000
2024MU0009939,1,1841.43,36,1,3,1,12,26428,220,7000,3,1,1,5,1,2700120,1000000
2024MU0009940,1,1841.43,5,2,3,1,1,2330,19,0,0,6,1,5,1,2700123,1000000
2024MU0009941,1,1841.43,16,2,1,1,10,10283,85,0,0,6,1,5,1,2700121,1000000
2024MU0009942,1,1841.43,20,2,3,1,18,44077,367,3000,3,1,1,1,2,2700113,1000000
2024MU0009943,1,1841.43,31,1,3,1,7,9755,81,8000,4,1,1,1,1,2700119,1000000
2024MU0009944,1,1841.43,21,2,3,1,19,93304,501,3000,1,1,1,5,1,2700109,1000000
2024MU0009945,1,1841.43,93,1,1,1,7,6861,57,0,0,6,1,4,1,2700116,1000000
2024MU0009946,1,1841.43,11,1,1,1,7,4130,34,0,0,6,1,5,2,2700113,1000000
2024MU0009947,1,1841.43,3,2,3,1,4,17962,149,0,0,6,2,5,1,2700100,1000000
2024MU0009948,1,1841.43,58,2,3,1,9,41137,342,9800,4,1,1,1,1,2700121,1000000
2024MU0009949,1,1841.43,32,1,1,1,9,41957,349,6000,3,1,1,1,1,2700120,1000000
2024MU0009950,1,1841.43,57,2,1,1,11,52403,436,9800,3,3,1,1,1,2700120,1000000
2024MU0009951,1,1841.43,38,2,1,1,9,153326,501,6000,4,1,1,1,1,2700106,1000000
2024MU0009952,1,1841.43,25,1,2,1,8,10295,85,8000,4,5,1,1,1,2700104,1000000
2024MU0009953,1,1841.43,7,1,9,1,1,5697,47,0,0,6,1,5,1,2700103,1000000
2024MU0009954,1,1841.43,58,1,4,1,5,12251,102,6000,3,1,1,1,1,2700115,1000000
2024MU0009955,1,1841.43,58,2,6,1,8,12302,102,9800,6,1,1,1,1,2700119,1000000
2024MU0009956,1,1841.43,35,2,2,1,13,30923,257,9800,1,1,1,1,1,2700116,1000000
2024MU0009957,1,1841.43,44,1,2,1,7,10242,85,9800,6,1,1,1,1,2700101,1000000
2024MU0009958,1,1841.43,20,2,1,1,13,35712,297,8000,1,2,1,5,1,2700107,1000000
2024MU0009959,1,1841.43,62,2,3,1,12,24644,205,6000,3,1,1,1,1,2700106,1000000
2024MU0009960,1,1841.43,16,2,2,1,16,11750,97,0,0,6,1,5,1,2700119,1000000
2024MU0009961,1,1841.43,7,1,3,1,8,4430,36,0,0,6,1,5,1,2700100,1000000
2024MU0009962,1,1841.43,0,1,2,1,8,9047,75,0,0,6,1,5,1,2700103,1000000
2024MU0009963,1,1841.43,30,2,1,1,6,43318,360,9000,4,1,1,1,1,2700111,1000000
2024MU0009964,1,1841.43,14,1,1,1,9,4721,39,0,0,6,1,5,1,2700114,1000000
2024MU0009965,1,1841.43,7,1,5,1,1,9761,81,0,0,6,1,5,1,2700114,1000000
2024MU0009966,1,1841.43,9,2,1,1,8,20809,173,0,0,6,1,5,1,2700119,1000000
2024MU0009967,1,1841.43,48,1,1,1,9,26995,224,9800,4,1,1,1,1,2700116,1000000
2024MU0009968,1,1841.43,0,2,8,1,5,3486,29,0,0,6,1,5,1,2700109,1000000
2024MU0009969,1,1841.43,26,1,3,1,13,12268,102,8000,1,5,1,1,1,2700113,1000000
2024MU0009970,1,1841.43,29,1,1,1,16,240163,501,6000,6,3,1,1,1,2700123,1000000
2024MU0009971,1,1841.43,39,1,1,1,12,15331,127,6000,1,1,1,1,1,2700108,1000000
2024MU0009972,1,1841.43,46,1,1,1,9,32940,274,9800,1,1,1,1,1,2700114,1000000
2024MU0009973,1,1841.43,36,1,3,1,7,30033,250,9800,4,1,1,1,1,2700111,1000000
2024MU0009974,1,1841.43,49,2,4,1,12,26997,224,9800,4,1,1,2,1,2700118,1000000
2024MU0009975,1,1841.43,35,1,1,1,7,7266,60,9800,4,1,2,3,1,2700112,1000000
2024MU0009976,1,1841.43,39,2,7,1,13,42013,350,7000,4,1,1,1,1,2700117,1000000
2024MU0009977,1,1841.43,16,1,1,1,15,124258,501,0,0,6,1,5,1,2700120,1000000
2024MU0009978,1,1841.43,50,1,1,1,8,10885,90,9000,1,1,1,2,1,2700100,1000000
2024MU0009979,1,1841.43,40,1,9,1,10,37698,314,9800,1,1,1,1,1,2700119,1000000
2024MU0009980,1,1841.43,41,2,1,1,12,19958,166,6000,6,1,1,5,1,2700121,1000000
2024MU0009981,1,1841.43,38,1,8,1,17,149250,501,6000,3,1,1,5,1,2700106,1000000
2024MU0009982,1,1841.43,21,1,3,1,13,20224,168,3000,3,1,1,1,1,2700111,1000000
2024MU0009983,1,1841.43,31,2,1,1,17,82333,501,1000,3,1,1,5,1,2700117,1000000
2024MU0009984,1,1841.43,14,1,2,1,9,15851,132,0,0,6,1,5,2,2700109,1000000
2024MU0009985,1,1841.43,52,1,2,1,12,23885,199,7000,3,1,1,1,1,2700113,1000000
2024MU0009986,1,1841.43,37,1,9,1,16,38028,316,6000,3,1,1,1,1,2700115,1000000
2024MU0009987,1,1841.43,38,2,2,1,13,60022,500,5000,1,1,1,1,1,2700111,1000000
2024MU0009988,1,1841.43,44,1,2,1,5,84273,501,9000,1,1,1,1,1,2700101,1000000
2024MU0009989,1,1841.43,41,2,1,1,10,18867,157,7000,3,1,1,2,1,2700120,1000000
2024MU0009990,1,1841.43,42,2,3,1,11,49408,411,6000,4,2,1,1,1,2700106,1000000
2024MU0009991,1,1841.43,59,2,1,1,16,216609,501,3000,1,1,1,1,1,2700115,1000000
2024MU0009992,1,1841.43,27,1,1,1,12,27050,225,4000,1,1,1,5,1,2700114,1000000
2024MU0009993,1,1841.43,14,2,9,1,6,1279,10,0,0,6,1,5,1,2700106,1000000
2024MU0009994,1,1841.43,59,1,1,1,11,37476,312,7000,1,1,1,1,1,2700121,1000000
2024MU0009995,1,1841.43,32,2,1,1,9,123694,501,7000,1,1,1,5,1,2700121,1000000
2024MU0009996,1,1841.43,43,1,3,1,6,10690,89,6000,3,1,1,1,1,2700115,1000000
2024MU0009997,1,1841.43,42,2,5,1,12,51271,427,9800,3,2,1,2,1,2700104,1000000
2024MU0009998,1,1841.43,41,1,1,1,7,6901,57,9800,1,2,1,1,1,2700108,1000000
2024MU0009999,1,1841.43,28,1,1,1,8,9870,82,8000,3,1,1,1,1,2700109,1000000
2024MU0010000,1,1841.43,50,2,1,1,10,47604,396,7000,1,1,1,5,1,2700119,1000000
